{"type":"Topology","bbox":[-180,-55.80007200000001,180,83.699928],"transform":{"scale":[0.036003600360036005,0.01395139513951395],"translate":[-180,-55.80007200000001]},"objects":{"anthromes":{"type":"GeometryCollection","geometries":[{"type":"Polygon","arcs":[[0,1]],"properties":{"anthrome":63}},{"type":"Polygon","arcs":[[2]],"properties":{"anthrome":63}},{"type":"Polygon","arcs":[[3]],"properties":{"anthrome":63}},{"type":"Polygon","arcs":[[4,5]],"properties":{"anthrome":63}},{"type":"Polygon","arcs":[[6]],"properties":{"anthrome":63}},{"type":"Polygon","arcs":[[7]],"properties":{"anthrome":62}},{"type":"Polygon","arcs":[[8]],"properties":{"anthrome":54}},{"type":"Polygon","arcs":[[9]],"properties":{"anthrome":63}},{"type":"Polygon","arcs":[[10]],"properties":{"anthrome":62}},{"type":"Polygon","arcs":[[11,12]],"properties":{"anthrome":62}},{"type":"Polygon","arcs":[[13,14]],"properties":{"anthrome":62}},{"type":"Polygon","arcs":[[15,16]],"properties":{"anthrome":63}},{"type":"Polygon","arcs":[[17,18]],"properties":{"anthrome":63}},{"type":"Polygon","arcs":[[19,20]],"properties":{"anthrome":62}},{"type":"Polygon","arcs":[[21]],"properties":{"anthrome":63}},{"type":"Polygon","arcs":[[22,23,24,25,26],[-1,27],[-4]],"properties":{"anthrome":62}},{"type":"Polygon","arcs":[[28,-19,29,-16,30,-5],[-10]],"properties":{"anthrome":54}},{"type":"Polygon","arcs":[[31,32]],"properties":{"anthrome":63}},{"type":"Polygon","arcs":[[33,34]],"properties":{"anthrome":63}},{"type":"Polygon","arcs":[[35,36,37]],"properties":{"anthrome":62}},{"type":"Polygon","arcs":[[38]],"properties":{"anthrome":62}},{"type":"Polygon","arcs":[[39,40]],"properties":{"anthrome":62}},{"type":"Polygon","arcs":[[41]],"properties":{"anthrome":63}},{"type":"Polygon","arcs":[[42]],"properties":{"anthrome":63}},{"type":"Polygon","arcs":[[-34,43]],"properties":{"anthrome":62}},{"type":"Polygon","arcs":[[44,45]],"properties":{"anthrome":62}},{"type":"Polygon","arcs":[[46]],"properties":{"anthrome":62}},{"type":"Polygon","arcs":[[47,48]],"properties":{"anthrome":63}},{"type":"Polygon","arcs":[[49,50]],"properties":{"anthrome":63}},{"type":"Polygon","arcs":[[51]],"properties":{"anthrome":62}},{"type":"Polygon","arcs":[[52,53,54]],"properties":{"anthrome":63}},{"type":"Polygon","arcs":[[55,56]],"properties":{"anthrome":63}},{"type":"Polygon","arcs":[[57]],"properties":{"anthrome":63}},{"type":"Polygon","arcs":[[58,59]],"properties":{"anthrome":63}},{"type":"Polygon","arcs":[[60,61]],"properties":{"anthrome":62}},{"type":"Polygon","arcs":[[62]],"properties":{"anthrome":63}},{"type":"Polygon","arcs":[[63,64]],"properties":{"anthrome":62}},{"type":"Polygon","arcs":[[65]],"properties":{"anthrome":54}},{"type":"Polygon","arcs":[[66]],"properties":{"anthrome":63}},{"type":"Polygon","arcs":[[67,-55,68,69]],"properties":{"anthrome":62}},{"type":"Polygon","arcs":[[70,71]],"properties":{"anthrome":63}},{"type":"Polygon","arcs":[[72,73]],"properties":{"anthrome":63}},{"type":"Polygon","arcs":[[74,75]],"properties":{"anthrome":62}},{"type":"Polygon","arcs":[[76]],"properties":{"anthrome":62}},{"type":"Polygon","arcs":[[77,78]],"properties":{"anthrome":54}},{"type":"Polygon","arcs":[[79,80]],"properties":{"anthrome":63}},{"type":"Polygon","arcs":[[81]],"properties":{"anthrome":63}},{"type":"Polygon","arcs":[[82,83,84,85,-71]],"properties":{"anthrome":62}},{"type":"Polygon","arcs":[[86,87]],"properties":{"anthrome":63}},{"type":"Polygon","arcs":[[88]],"properties":{"anthrome":62}},{"type":"Polygon","arcs":[[89]],"properties":{"anthrome":63}},{"type":"Polygon","arcs":[[90,91]],"properties":{"anthrome":62}},{"type":"Polygon","arcs":[[92,-59,93,-57,94,95,96,97,98,-87,99,-73,100]],"properties":{"anthrome":62}},{"type":"Polygon","arcs":[[-20,101,-70,102,103,104,105,-85,106,-83,107],[-52],[-61,-62]],"properties":{"anthrome":63}},{"type":"Polygon","arcs":[[108,109,110]],"properties":{"anthrome":63}},{"type":"Polygon","arcs":[[111,112]],"properties":{"anthrome":62}},{"type":"Polygon","arcs":[[113,-91,114,115]],"properties":{"anthrome":63}},{"type":"Polygon","arcs":[[116,117,118]],"properties":{"anthrome":62}},{"type":"Polygon","arcs":[[-110,119]],"properties":{"anthrome":62}},{"type":"Polygon","arcs":[[-118,120]],"properties":{"anthrome":63}},{"type":"Polygon","arcs":[[-98,121]],"properties":{"anthrome":63}},{"type":"Polygon","arcs":[[122,123]],"properties":{"anthrome":62}},{"type":"Polygon","arcs":[[124,125]],"properties":{"anthrome":62}},{"type":"Polygon","arcs":[[126]],"properties":{"anthrome":62}},{"type":"Polygon","arcs":[[127,-113,128,129]],"properties":{"anthrome":63}},{"type":"Polygon","arcs":[[130,131,132,133,134,135]],"properties":{"anthrome":62}},{"type":"Polygon","arcs":[[136]],"properties":{"anthrome":62}},{"type":"Polygon","arcs":[[137,-116,138,-104]],"properties":{"anthrome":62}},{"type":"Polygon","arcs":[[139]],"properties":{"anthrome":63}},{"type":"Polygon","arcs":[[140,-134]],"properties":{"anthrome":63}},{"type":"Polygon","arcs":[[141,142]],"properties":{"anthrome":62}},{"type":"Polygon","arcs":[[143,144]],"properties":{"anthrome":54}},{"type":"Polygon","arcs":[[145,146]],"properties":{"anthrome":62}},{"type":"Polygon","arcs":[[147,-146]],"properties":{"anthrome":63}},{"type":"Polygon","arcs":[[148,-130,149,-109]],"properties":{"anthrome":62}},{"type":"Polygon","arcs":[[150,151]],"properties":{"anthrome":62}},{"type":"Polygon","arcs":[[152,153]],"properties":{"anthrome":62}},{"type":"Polygon","arcs":[[154,155]],"properties":{"anthrome":62}},{"type":"Polygon","arcs":[[156]],"properties":{"anthrome":63}},{"type":"Polygon","arcs":[[157,158]],"properties":{"anthrome":63}},{"type":"Polygon","arcs":[[159,160]],"properties":{"anthrome":63}},{"type":"Polygon","arcs":[[161,162]],"properties":{"anthrome":63}},{"type":"Polygon","arcs":[[163,164]],"properties":{"anthrome":62}},{"type":"Polygon","arcs":[[165,166,167]],"properties":{"anthrome":54}},{"type":"Polygon","arcs":[[168,169]],"properties":{"anthrome":62}},{"type":"Polygon","arcs":[[170,171]],"properties":{"anthrome":61}},{"type":"Polygon","arcs":[[172,173]],"properties":{"anthrome":63}},{"type":"Polygon","arcs":[[174]],"properties":{"anthrome":54}},{"type":"Polygon","arcs":[[175,176]],"properties":{"anthrome":63}},{"type":"Polygon","arcs":[[177]],"properties":{"anthrome":63}},{"type":"Polygon","arcs":[[178]],"properties":{"anthrome":63}},{"type":"Polygon","arcs":[[179,180,181]],"properties":{"anthrome":63}},{"type":"Polygon","arcs":[[182,183]],"properties":{"anthrome":62}},{"type":"Polygon","arcs":[[184,185]],"properties":{"anthrome":54}},{"type":"Polygon","arcs":[[186]],"properties":{"anthrome":54}},{"type":"Polygon","arcs":[[187]],"properties":{"anthrome":63}},{"type":"Polygon","arcs":[[188]],"properties":{"anthrome":63}},{"type":"Polygon","arcs":[[189]],"properties":{"anthrome":63}},{"type":"Polygon","arcs":[[190]],"properties":{"anthrome":54}},{"type":"Polygon","arcs":[[191,192]],"properties":{"anthrome":63}},{"type":"Polygon","arcs":[[193,194]],"properties":{"anthrome":63}},{"type":"Polygon","arcs":[[195]],"properties":{"anthrome":54}},{"type":"Polygon","arcs":[[-172,196,197,198,199]],"properties":{"anthrome":62}},{"type":"Polygon","arcs":[[200,201]],"properties":{"anthrome":54}},{"type":"Polygon","arcs":[[-145,202,-156,-165,-184,203,204,-154,205,206]],"properties":{"anthrome":63}},{"type":"Polygon","arcs":[[207]],"properties":{"anthrome":54}},{"type":"Polygon","arcs":[[208]],"properties":{"anthrome":62}},{"type":"Polygon","arcs":[[209,210,211]],"properties":{"anthrome":53}},{"type":"Polygon","arcs":[[212]],"properties":{"anthrome":63}},{"type":"Polygon","arcs":[[213]],"properties":{"anthrome":62}},{"type":"Polygon","arcs":[[214,215]],"properties":{"anthrome":62}},{"type":"Polygon","arcs":[[216,217]],"properties":{"anthrome":61}},{"type":"Polygon","arcs":[[218]],"properties":{"anthrome":61}},{"type":"Polygon","arcs":[[219,220]],"properties":{"anthrome":54}},{"type":"Polygon","arcs":[[221,222]],"properties":{"anthrome":54}},{"type":"Polygon","arcs":[[223,224]],"properties":{"anthrome":54}},{"type":"Polygon","arcs":[[225]],"properties":{"anthrome":54}},{"type":"Polygon","arcs":[[226,227]],"properties":{"anthrome":61}},{"type":"Polygon","arcs":[[228,229]],"properties":{"anthrome":61}},{"type":"Polygon","arcs":[[230]],"properties":{"anthrome":62}},{"type":"Polygon","arcs":[[231]],"properties":{"anthrome":62}},{"type":"Polygon","arcs":[[232]],"properties":{"anthrome":62}},{"type":"Polygon","arcs":[[233,234,-229,235]],"properties":{"anthrome":62}},{"type":"Polygon","arcs":[[236,-234]],"properties":{"anthrome":63}},{"type":"Polygon","arcs":[[237,238]],"properties":{"anthrome":54}},{"type":"Polygon","arcs":[[239,240]],"properties":{"anthrome":63}},{"type":"Polygon","arcs":[[241]],"properties":{"anthrome":63}},{"type":"Polygon","arcs":[[242,243,244,245]],"properties":{"anthrome":53}},{"type":"Polygon","arcs":[[246,247,248,249]],"properties":{"anthrome":62}},{"type":"Polygon","arcs":[[250,-248]],"properties":{"anthrome":63}},{"type":"Polygon","arcs":[[251]],"properties":{"anthrome":54}},{"type":"Polygon","arcs":[[252,253]],"properties":{"anthrome":62}},{"type":"Polygon","arcs":[[254,255]],"properties":{"anthrome":61}},{"type":"Polygon","arcs":[[-204,256,257,258]],"properties":{"anthrome":62}},{"type":"Polygon","arcs":[[259,260,-244,261,-217]],"properties":{"anthrome":62}},{"type":"Polygon","arcs":[[262]],"properties":{"anthrome":62}},{"type":"Polygon","arcs":[[263]],"properties":{"anthrome":62}},{"type":"Polygon","arcs":[[264,265,266,267]],"properties":{"anthrome":63}},{"type":"Polygon","arcs":[[268,-266]],"properties":{"anthrome":62}},{"type":"Polygon","arcs":[[269]],"properties":{"anthrome":62}},{"type":"Polygon","arcs":[[-245,270,271]],"properties":{"anthrome":62}},{"type":"Polygon","arcs":[[272,273,274]],"properties":{"anthrome":53}},{"type":"Polygon","arcs":[[275,276,277]],"properties":{"anthrome":54}},{"type":"Polygon","arcs":[[-258,278]],"properties":{"anthrome":54}},{"type":"Polygon","arcs":[[279]],"properties":{"anthrome":62}},{"type":"Polygon","arcs":[[280]],"properties":{"anthrome":61}},{"type":"Polygon","arcs":[[281]],"properties":{"anthrome":62}},{"type":"Polygon","arcs":[[282]],"properties":{"anthrome":62}},{"type":"Polygon","arcs":[[283,284,285,286]],"properties":{"anthrome":54}},{"type":"Polygon","arcs":[[287,288,289,-285]],"properties":{"anthrome":53}},{"type":"Polygon","arcs":[[-255,290,291,292]],"properties":{"anthrome":54}},{"type":"Polygon","arcs":[[293]],"properties":{"anthrome":53}},{"type":"Polygon","arcs":[[294,295]],"properties":{"anthrome":62}},{"type":"Polygon","arcs":[[296,297,298,299]],"properties":{"anthrome":54}},{"type":"Polygon","arcs":[[300,301]],"properties":{"anthrome":63}},{"type":"Polygon","arcs":[[302,303,304,305,306]],"properties":{"anthrome":61}},{"type":"Polygon","arcs":[[307,308]],"properties":{"anthrome":62}},{"type":"Polygon","arcs":[[309]],"properties":{"anthrome":62}},{"type":"Polygon","arcs":[[310,311]],"properties":{"anthrome":54}},{"type":"Polygon","arcs":[[312,313,314,315]],"properties":{"anthrome":53}},{"type":"Polygon","arcs":[[316,317,318,-298]],"properties":{"anthrome":62}},{"type":"Polygon","arcs":[[319]],"properties":{"anthrome":63}},{"type":"Polygon","arcs":[[320]],"properties":{"anthrome":63}},{"type":"Polygon","arcs":[[321]],"properties":{"anthrome":63}},{"type":"Polygon","arcs":[[322,323,324,325,326]],"properties":{"anthrome":61}},{"type":"Polygon","arcs":[[327,328,329]],"properties":{"anthrome":53}},{"type":"Polygon","arcs":[[330,331,332]],"properties":{"anthrome":62}},{"type":"Polygon","arcs":[[333,334,335]],"properties":{"anthrome":52}},{"type":"Polygon","arcs":[[336,337]],"properties":{"anthrome":62}},{"type":"Polygon","arcs":[[338,339]],"properties":{"anthrome":54}},{"type":"Polygon","arcs":[[340,341]],"properties":{"anthrome":61}},{"type":"Polygon","arcs":[[342,343,344]],"properties":{"anthrome":53}},{"type":"Polygon","arcs":[[345]],"properties":{"anthrome":62}},{"type":"Polygon","arcs":[[346]],"properties":{"anthrome":53}},{"type":"Polygon","arcs":[[347,348]],"properties":{"anthrome":54}},{"type":"Polygon","arcs":[[349,350]],"properties":{"anthrome":62}},{"type":"Polygon","arcs":[[351,352,353,354]],"properties":{"anthrome":62}},{"type":"Polygon","arcs":[[355,356]],"properties":{"anthrome":53}},{"type":"Polygon","arcs":[[357,358]],"properties":{"anthrome":62}},{"type":"Polygon","arcs":[[359,360,361]],"properties":{"anthrome":53}},{"type":"Polygon","arcs":[[362,363,364,365]],"properties":{"anthrome":54}},{"type":"Polygon","arcs":[[-355,366,367,368]],"properties":{"anthrome":53}},{"type":"Polygon","arcs":[[369,370]],"properties":{"anthrome":53}},{"type":"Polygon","arcs":[[-300,371,-314,372,373,374,-311,375,-238,376]],"properties":{"anthrome":62}},{"type":"Polygon","arcs":[[377,378,379]],"properties":{"anthrome":61}},{"type":"Polygon","arcs":[[380,-379]],"properties":{"anthrome":62}},{"type":"Polygon","arcs":[[381,382,383]],"properties":{"anthrome":53}},{"type":"Polygon","arcs":[[384]],"properties":{"anthrome":62}},{"type":"Polygon","arcs":[[385,386,387,388]],"properties":{"anthrome":52}},{"type":"Polygon","arcs":[[-332,389,390,-387]],"properties":{"anthrome":54}},{"type":"Polygon","arcs":[[391,392,-335]],"properties":{"anthrome":54}},{"type":"Polygon","arcs":[[393,394]],"properties":{"anthrome":54}},{"type":"Polygon","arcs":[[395,396]],"properties":{"anthrome":54}},{"type":"Polygon","arcs":[[397,398]],"properties":{"anthrome":62}},{"type":"Polygon","arcs":[[399,400,-337]],"properties":{"anthrome":54}},{"type":"Polygon","arcs":[[401]],"properties":{"anthrome":54}},{"type":"Polygon","arcs":[[402,403,404]],"properties":{"anthrome":54}},{"type":"Polygon","arcs":[[405]],"properties":{"anthrome":53}},{"type":"Polygon","arcs":[[406]],"properties":{"anthrome":53}},{"type":"Polygon","arcs":[[407,408,409]],"properties":{"anthrome":53}},{"type":"Polygon","arcs":[[410,411,412,-364]],"properties":{"anthrome":53}},{"type":"Polygon","arcs":[[413]],"properties":{"anthrome":53}},{"type":"Polygon","arcs":[[414]],"properties":{"anthrome":53}},{"type":"Polygon","arcs":[[415,416,417,418]],"properties":{"anthrome":54}},{"type":"Polygon","arcs":[[419,420]],"properties":{"anthrome":53}},{"type":"Polygon","arcs":[[421,422]],"properties":{"anthrome":62}},{"type":"Polygon","arcs":[[423]],"properties":{"anthrome":62}},{"type":"Polygon","arcs":[[424,425]],"properties":{"anthrome":53}},{"type":"Polygon","arcs":[[426]],"properties":{"anthrome":53}},{"type":"Polygon","arcs":[[427,428,429,430]],"properties":{"anthrome":54}},{"type":"Polygon","arcs":[[431,432]],"properties":{"anthrome":62}},{"type":"Polygon","arcs":[[433]],"properties":{"anthrome":63}},{"type":"Polygon","arcs":[[434,435]],"properties":{"anthrome":62}},{"type":"Polygon","arcs":[[436,437]],"properties":{"anthrome":43}},{"type":"Polygon","arcs":[[438,439]],"properties":{"anthrome":53}},{"type":"Polygon","arcs":[[440,441]],"properties":{"anthrome":61}},{"type":"Polygon","arcs":[[-324,442,443,444,445,446]],"properties":{"anthrome":53}},{"type":"Polygon","arcs":[[447,448,-330,449,-304,450,451,452,-444,453]],"properties":{"anthrome":62}},{"type":"Polygon","arcs":[[454,-452]],"properties":{"anthrome":61}},{"type":"Polygon","arcs":[[455,456]],"properties":{"anthrome":54}},{"type":"Polygon","arcs":[[457,458]],"properties":{"anthrome":62}},{"type":"Polygon","arcs":[[459]],"properties":{"anthrome":54}},{"type":"Polygon","arcs":[[460]],"properties":{"anthrome":54}},{"type":"Polygon","arcs":[[461,462,463,-256,464,465,-287,466,467,-429,468,469,470,-228,471,472]],"properties":{"anthrome":62}},{"type":"Polygon","arcs":[[473]],"properties":{"anthrome":53}},{"type":"Polygon","arcs":[[474,475,476,477]],"properties":{"anthrome":54}},{"type":"Polygon","arcs":[[478,479]],"properties":{"anthrome":62}},{"type":"Polygon","arcs":[[480,481,482,-396]],"properties":{"anthrome":61}},{"type":"Polygon","arcs":[[483,-342,484,485,486]],"properties":{"anthrome":62}},{"type":"Polygon","arcs":[[487,488]],"properties":{"anthrome":62}},{"type":"Polygon","arcs":[[489,490]],"properties":{"anthrome":62}},{"type":"Polygon","arcs":[[491]],"properties":{"anthrome":62}},{"type":"Polygon","arcs":[[492]],"properties":{"anthrome":63}},{"type":"Polygon","arcs":[[493,494,495]],"properties":{"anthrome":61}},{"type":"Polygon","arcs":[[496,497,498,-494]],"properties":{"anthrome":43}},{"type":"Polygon","arcs":[[499,500,501]],"properties":{"anthrome":43}},{"type":"Polygon","arcs":[[502]],"properties":{"anthrome":53}},{"type":"Polygon","arcs":[[503]],"properties":{"anthrome":52}},{"type":"Polygon","arcs":[[504,505]],"properties":{"anthrome":52}},{"type":"Polygon","arcs":[[506]],"properties":{"anthrome":53}},{"type":"Polygon","arcs":[[507,508,-482,509]],"properties":{"anthrome":62}},{"type":"Polygon","arcs":[[510,511]],"properties":{"anthrome":53}},{"type":"Polygon","arcs":[[512,513]],"properties":{"anthrome":61}},{"type":"Polygon","arcs":[[514,515]],"properties":{"anthrome":54}},{"type":"Polygon","arcs":[[516]],"properties":{"anthrome":63}},{"type":"Polygon","arcs":[[517,518,519]],"properties":{"anthrome":62}},{"type":"Polygon","arcs":[[520]],"properties":{"anthrome":61}},{"type":"Polygon","arcs":[[521]],"properties":{"anthrome":62}},{"type":"Polygon","arcs":[[522,523]],"properties":{"anthrome":53}},{"type":"Polygon","arcs":[[524,525,526,527,528]],"properties":{"anthrome":62}},{"type":"Polygon","arcs":[[-326,529,-446,530,531,532,533,534,535,536,537,-437,538,-439,539,-442,540,-382]],"properties":{"anthrome":52}},{"type":"Polygon","arcs":[[541]],"properties":{"anthrome":53}},{"type":"Polygon","arcs":[[542]],"properties":{"anthrome":62}},{"type":"Polygon","arcs":[[543,-528]],"properties":{"anthrome":54}},{"type":"Polygon","arcs":[[544]],"properties":{"anthrome":62}},{"type":"Polygon","arcs":[[545]],"properties":{"anthrome":63}},{"type":"Polygon","arcs":[[546]],"properties":{"anthrome":63}},{"type":"Polygon","arcs":[[547,548]],"properties":{"anthrome":62}},{"type":"Polygon","arcs":[[549,550,551]],"properties":{"anthrome":61}},{"type":"Polygon","arcs":[[552,553,554]],"properties":{"anthrome":42}},{"type":"Polygon","arcs":[[555,556,557,-536]],"properties":{"anthrome":42}},{"type":"Polygon","arcs":[[558,-534,559,-557]],"properties":{"anthrome":53}},{"type":"Polygon","arcs":[[560]],"properties":{"anthrome":53}},{"type":"Polygon","arcs":[[561]],"properties":{"anthrome":53}},{"type":"Polygon","arcs":[[562,563]],"properties":{"anthrome":61}},{"type":"Polygon","arcs":[[564,565,566,567]],"properties":{"anthrome":52}},{"type":"Polygon","arcs":[[568,-566]],"properties":{"anthrome":62}},{"type":"Polygon","arcs":[[569,570]],"properties":{"anthrome":54}},{"type":"Polygon","arcs":[[571,572,573,574]],"properties":{"anthrome":54}},{"type":"Polygon","arcs":[[575]],"properties":{"anthrome":61}},{"type":"Polygon","arcs":[[576]],"properties":{"anthrome":61}},{"type":"Polygon","arcs":[[577]],"properties":{"anthrome":62}},{"type":"Polygon","arcs":[[578]],"properties":{"anthrome":62}},{"type":"Polygon","arcs":[[579]],"properties":{"anthrome":62}},{"type":"Polygon","arcs":[[580,581,582,583]],"properties":{"anthrome":53}},{"type":"Polygon","arcs":[[584,585,586,-582]],"properties":{"anthrome":54}},{"type":"Polygon","arcs":[[587,588,-586]],"properties":{"anthrome":62}},{"type":"Polygon","arcs":[[589,590,591,592]],"properties":{"anthrome":54}},{"type":"Polygon","arcs":[[593,594,595,596]],"properties":{"anthrome":53}},{"type":"Polygon","arcs":[[597,598,599,600]],"properties":{"anthrome":63}},{"type":"Polygon","arcs":[[601,602]],"properties":{"anthrome":62}},{"type":"Polygon","arcs":[[603,-459,604,-506,605,606,607,608,609,610,611]],"properties":{"anthrome":54}},{"type":"Polygon","arcs":[[612,-380,613,614,615]],"properties":{"anthrome":62}},{"type":"Polygon","arcs":[[616]],"properties":{"anthrome":63}},{"type":"Polygon","arcs":[[617,618,619]],"properties":{"anthrome":53}},{"type":"Polygon","arcs":[[620,621,622]],"properties":{"anthrome":43}},{"type":"Polygon","arcs":[[623,624,-419,625,626,627,628,629,630,631,-591,632,633,634,-476,635,636],[-521]],"properties":{"anthrome":62}},{"type":"Polygon","arcs":[[637,638,639]],"properties":{"anthrome":53}},{"type":"Polygon","arcs":[[640,641]],"properties":{"anthrome":53}},{"type":"Polygon","arcs":[[642,643]],"properties":{"anthrome":53}},{"type":"Polygon","arcs":[[644,645]],"properties":{"anthrome":61}},{"type":"Polygon","arcs":[[-551,646,647]],"properties":{"anthrome":62}},{"type":"Polygon","arcs":[[648,649,650,651]],"properties":{"anthrome":53}},{"type":"Polygon","arcs":[[652,653,654,-650]],"properties":{"anthrome":61}},{"type":"Polygon","arcs":[[655]],"properties":{"anthrome":43}},{"type":"Polygon","arcs":[[656,657,658]],"properties":{"anthrome":52}},{"type":"Polygon","arcs":[[659,660,661]],"properties":{"anthrome":54}},{"type":"Polygon","arcs":[[-563,662,663,-660]],"properties":{"anthrome":53}},{"type":"Polygon","arcs":[[664,665]],"properties":{"anthrome":53}},{"type":"Polygon","arcs":[[666,667,668]],"properties":{"anthrome":53}},{"type":"Polygon","arcs":[[669,670,671,672]],"properties":{"anthrome":54}},{"type":"Polygon","arcs":[[673]],"properties":{"anthrome":61}},{"type":"Polygon","arcs":[[674]],"properties":{"anthrome":62}},{"type":"Polygon","arcs":[[675]],"properties":{"anthrome":53}},{"type":"Polygon","arcs":[[676]],"properties":{"anthrome":53}},{"type":"Polygon","arcs":[[677,678,679,680]],"properties":{"anthrome":62}},{"type":"Polygon","arcs":[[681,682,-679]],"properties":{"anthrome":54}},{"type":"Polygon","arcs":[[683]],"properties":{"anthrome":53}},{"type":"Polygon","arcs":[[-592,684,685]],"properties":{"anthrome":53}},{"type":"Polygon","arcs":[[686,-631]],"properties":{"anthrome":61}},{"type":"Polygon","arcs":[[687,688,689]],"properties":{"anthrome":54}},{"type":"Polygon","arcs":[[690]],"properties":{"anthrome":62}},{"type":"Polygon","arcs":[[-186,691,692,-223,693,694,-340,695,-516,696,697,698,699,700,-671,701,702,-513,703,704,-400,705,-220,706,707]],"properties":{"anthrome":62}},{"type":"Polygon","arcs":[[708,709,710]],"properties":{"anthrome":61}},{"type":"Polygon","arcs":[[711]],"properties":{"anthrome":62}},{"type":"Polygon","arcs":[[712]],"properties":{"anthrome":61}},{"type":"Polygon","arcs":[[713]],"properties":{"anthrome":53}},{"type":"Polygon","arcs":[[714,715,716,-609]],"properties":{"anthrome":52}},{"type":"Polygon","arcs":[[717,718]],"properties":{"anthrome":61}},{"type":"Polygon","arcs":[[719,720,721]],"properties":{"anthrome":53}},{"type":"Polygon","arcs":[[722,723,724,-720]],"properties":{"anthrome":52}},{"type":"Polygon","arcs":[[725]],"properties":{"anthrome":53}},{"type":"Polygon","arcs":[[726]],"properties":{"anthrome":53}},{"type":"Polygon","arcs":[[727]],"properties":{"anthrome":53}},{"type":"Polygon","arcs":[[728,729,730,731]],"properties":{"anthrome":53}},{"type":"Polygon","arcs":[[732]],"properties":{"anthrome":52}},{"type":"Polygon","arcs":[[733]],"properties":{"anthrome":61}},{"type":"Polygon","arcs":[[734]],"properties":{"anthrome":61}},{"type":"Polygon","arcs":[[735,736,737,738]],"properties":{"anthrome":53}},{"type":"Polygon","arcs":[[739,740,741,-698]],"properties":{"anthrome":61}},{"type":"Polygon","arcs":[[742,743,-741]],"properties":{"anthrome":53}},{"type":"Polygon","arcs":[[744,745,746,747]],"properties":{"anthrome":54}},{"type":"Polygon","arcs":[[-680,748,749]],"properties":{"anthrome":53}},{"type":"Polygon","arcs":[[750,-690,751,752,-687]],"properties":{"anthrome":53}},{"type":"Polygon","arcs":[[753,754]],"properties":{"anthrome":62}},{"type":"Polygon","arcs":[[755,-601,756,757,758,759,760]],"properties":{"anthrome":62}},{"type":"Polygon","arcs":[[-646,761]],"properties":{"anthrome":62}},{"type":"Polygon","arcs":[[762,763]],"properties":{"anthrome":54}},{"type":"Polygon","arcs":[[764,-731,765,766,767,768]],"properties":{"anthrome":52}},{"type":"Polygon","arcs":[[769,770,771]],"properties":{"anthrome":52}},{"type":"Polygon","arcs":[[772]],"properties":{"anthrome":61}},{"type":"Polygon","arcs":[[773,774]],"properties":{"anthrome":61}},{"type":"Polygon","arcs":[[775,776,777]],"properties":{"anthrome":61}},{"type":"Polygon","arcs":[[778,779,780,-776]],"properties":{"anthrome":54}},{"type":"Polygon","arcs":[[781]],"properties":{"anthrome":53}},{"type":"Polygon","arcs":[[782,783]],"properties":{"anthrome":61}},{"type":"Polygon","arcs":[[784]],"properties":{"anthrome":53}},{"type":"Polygon","arcs":[[785,786,787,788,789]],"properties":{"anthrome":53}},{"type":"Polygon","arcs":[[790,791,792,793,794,-787,795]],"properties":{"anthrome":62}},{"type":"Polygon","arcs":[[796]],"properties":{"anthrome":53}},{"type":"Polygon","arcs":[[797,798,799]],"properties":{"anthrome":54}},{"type":"Polygon","arcs":[[800,801]],"properties":{"anthrome":53}},{"type":"Polygon","arcs":[[802,803,804,805]],"properties":{"anthrome":53}},{"type":"Polygon","arcs":[[806]],"properties":{"anthrome":62}},{"type":"Polygon","arcs":[[807]],"properties":{"anthrome":62}},{"type":"Polygon","arcs":[[808]],"properties":{"anthrome":62}},{"type":"Polygon","arcs":[[809]],"properties":{"anthrome":53}},{"type":"Polygon","arcs":[[810,811,812,813],[-517]],"properties":{"anthrome":62}},{"type":"Polygon","arcs":[[814,-393,-395,815,-457,816,-612,817,818,-564,-662,819,820,821,822,823,824,-784,825,826,827,828,829,-390]],"properties":{"anthrome":52}},{"type":"Polygon","arcs":[[830]],"properties":{"anthrome":53}},{"type":"Polygon","arcs":[[831,832]],"properties":{"anthrome":62}},{"type":"Polygon","arcs":[[833,834]],"properties":{"anthrome":53}},{"type":"Polygon","arcs":[[835,836]],"properties":{"anthrome":53}},{"type":"Polygon","arcs":[[837,838]],"properties":{"anthrome":62}},{"type":"Polygon","arcs":[[839,840,841,842]],"properties":{"anthrome":62}},{"type":"Polygon","arcs":[[843,844]],"properties":{"anthrome":54}},{"type":"Polygon","arcs":[[845,846,847,848]],"properties":{"anthrome":61}},{"type":"Polygon","arcs":[[849,850,851,852]],"properties":{"anthrome":54}},{"type":"Polygon","arcs":[[853,854,855,-851]],"properties":{"anthrome":52}},{"type":"Polygon","arcs":[[856,857,-855]],"properties":{"anthrome":61}},{"type":"Polygon","arcs":[[858,859,860,861]],"properties":{"anthrome":62}},{"type":"Polygon","arcs":[[862,-860]],"properties":{"anthrome":52}},{"type":"Polygon","arcs":[[863,864,865,866]],"properties":{"anthrome":43}},{"type":"Polygon","arcs":[[-825,867,868]],"properties":{"anthrome":61}},{"type":"Polygon","arcs":[[869,870,-823]],"properties":{"anthrome":61}},{"type":"Polygon","arcs":[[871,872,-870]],"properties":{"anthrome":52}},{"type":"Polygon","arcs":[[873,874]],"properties":{"anthrome":52}},{"type":"Polygon","arcs":[[875,876,877]],"properties":{"anthrome":53}},{"type":"Polygon","arcs":[[878]],"properties":{"anthrome":61}},{"type":"Polygon","arcs":[[879]],"properties":{"anthrome":53}},{"type":"Polygon","arcs":[[-834,880]],"properties":{"anthrome":61}},{"type":"Polygon","arcs":[[881]],"properties":{"anthrome":62}},{"type":"Polygon","arcs":[[882,-568,883,-875,884,885,886,887,888,-872,-822,889,-819,890,891,-716,892,-607],[-733]],"properties":{"anthrome":61}},{"type":"Polygon","arcs":[[893,894]],"properties":{"anthrome":61}},{"type":"Polygon","arcs":[[895,896,897,898,-847]],"properties":{"anthrome":52}},{"type":"Polygon","arcs":[[899,-862,900,901,902,903]],"properties":{"anthrome":53}},{"type":"Polygon","arcs":[[904,905]],"properties":{"anthrome":53}},{"type":"Polygon","arcs":[[906,907,908,909]],"properties":{"anthrome":54}},{"type":"Polygon","arcs":[[910,911]],"properties":{"anthrome":62}},{"type":"Polygon","arcs":[[912]],"properties":{"anthrome":53}},{"type":"Polygon","arcs":[[913]],"properties":{"anthrome":62}},{"type":"Polygon","arcs":[[914,915,916,917]],"properties":{"anthrome":52}},{"type":"Polygon","arcs":[[918,919,-916,920,-841]],"properties":{"anthrome":63}},{"type":"Polygon","arcs":[[921,922,923]],"properties":{"anthrome":62}},{"type":"Polygon","arcs":[[924,-922,925]],"properties":{"anthrome":61}},{"type":"Polygon","arcs":[[-899,926,927]],"properties":{"anthrome":54}},{"type":"Polygon","arcs":[[928,929,930]],"properties":{"anthrome":61}},{"type":"Polygon","arcs":[[931,932,933,934,935,936,-867,937,938,939,940,-863,-780,941,942,943,-532],[-656]],"properties":{"anthrome":62}},{"type":"Polygon","arcs":[[944,945]],"properties":{"anthrome":53}},{"type":"Polygon","arcs":[[946]],"properties":{"anthrome":61}},{"type":"Polygon","arcs":[[947]],"properties":{"anthrome":61}},{"type":"Polygon","arcs":[[-888,948]],"properties":{"anthrome":52}},{"type":"Polygon","arcs":[[949,950,-886]],"properties":{"anthrome":52}},{"type":"Polygon","arcs":[[-885,951,952]],"properties":{"anthrome":53}},{"type":"Polygon","arcs":[[953]],"properties":{"anthrome":53}},{"type":"Polygon","arcs":[[954,955,956,957]],"properties":{"anthrome":62}},{"type":"Polygon","arcs":[[958,959,-956]],"properties":{"anthrome":61}},{"type":"Polygon","arcs":[[960]],"properties":{"anthrome":53}},{"type":"Polygon","arcs":[[961]],"properties":{"anthrome":53}},{"type":"Polygon","arcs":[[962]],"properties":{"anthrome":62}},{"type":"Polygon","arcs":[[963]],"properties":{"anthrome":62}},{"type":"Polygon","arcs":[[964]],"properties":{"anthrome":62}},{"type":"Polygon","arcs":[[965,966,967,968,-908,969,970]],"properties":{"anthrome":62}},{"type":"Polygon","arcs":[[971,972,973,974,-844]],"properties":{"anthrome":62}},{"type":"Polygon","arcs":[[-848,975,976,977]],"properties":{"anthrome":52}},{"type":"Polygon","arcs":[[-858,978,979,980]],"properties":{"anthrome":52}},{"type":"Polygon","arcs":[[981,982,-979]],"properties":{"anthrome":53}},{"type":"Polygon","arcs":[[983,984]],"properties":{"anthrome":43}},{"type":"Polygon","arcs":[[985,-941,986,987,988,989,990,-902]],"properties":{"anthrome":52}},{"type":"Polygon","arcs":[[991]],"properties":{"anthrome":53}},{"type":"Polygon","arcs":[[992]],"properties":{"anthrome":62}},{"type":"Polygon","arcs":[[993,-968,994]],"properties":{"anthrome":61}},{"type":"Polygon","arcs":[[995,996,997,998]],"properties":{"anthrome":63}},{"type":"Polygon","arcs":[[999,1000]],"properties":{"anthrome":62}},{"type":"Polygon","arcs":[[1001,1002,1003,-1000]],"properties":{"anthrome":54}},{"type":"Polygon","arcs":[[1004,1005,1006,-1003]],"properties":{"anthrome":62}},{"type":"Polygon","arcs":[[1007]],"properties":{"anthrome":53}},{"type":"Polygon","arcs":[[-843,1008,1009,1010]],"properties":{"anthrome":54}},{"type":"Polygon","arcs":[[-923,1011]],"properties":{"anthrome":52}},{"type":"Polygon","arcs":[[1012,1013]],"properties":{"anthrome":62}},{"type":"Polygon","arcs":[[-945,1014,1015]],"properties":{"anthrome":52}},{"type":"Polygon","arcs":[[1016,1017,1018,1019]],"properties":{"anthrome":62}},{"type":"Polygon","arcs":[[1020,1021,1022]],"properties":{"anthrome":62}},{"type":"Polygon","arcs":[[1023,1024,1025]],"properties":{"anthrome":53}},{"type":"Polygon","arcs":[[1026,1027]],"properties":{"anthrome":54}},{"type":"Polygon","arcs":[[1028]],"properties":{"anthrome":53}},{"type":"Polygon","arcs":[[1029]],"properties":{"anthrome":62}},{"type":"Polygon","arcs":[[1030]],"properties":{"anthrome":54}},{"type":"Polygon","arcs":[[1031]],"properties":{"anthrome":62}},{"type":"Polygon","arcs":[[-881,1032,1033,1034,1035,1036]],"properties":{"anthrome":53}},{"type":"Polygon","arcs":[[1037,1038,1039,1040]],"properties":{"anthrome":54}},{"type":"Polygon","arcs":[[1041,1042,1043]],"properties":{"anthrome":62}},{"type":"Polygon","arcs":[[1044,1045,1046]],"properties":{"anthrome":62}},{"type":"Polygon","arcs":[[1047]],"properties":{"anthrome":62}},{"type":"Polygon","arcs":[[1048]],"properties":{"anthrome":53}},{"type":"Polygon","arcs":[[-490,1049,-642,1050,-764,1051,-837,1052,1053,1054,1055,1056,1057,1058,-971,1059,-910,1060,1061],[-543]],"properties":{"anthrome":61}},{"type":"Polygon","arcs":[[1062,-1057,1063,-997]],"properties":{"anthrome":62}},{"type":"Polygon","arcs":[[-1054,1064,1065,1066,1067,1068]],"properties":{"anthrome":54}},{"type":"Polygon","arcs":[[1069,-216,1070,-296,1071,-436,1072,-549,1073,1074,1075],[-214],[-270]],"properties":{"anthrome":63}},{"type":"Polygon","arcs":[[1076,-990,1077,1078,1079]],"properties":{"anthrome":62}},{"type":"Polygon","arcs":[[1080,1081,1082,1083]],"properties":{"anthrome":43}},{"type":"Polygon","arcs":[[1084]],"properties":{"anthrome":53}},{"type":"Polygon","arcs":[[1085,1086]],"properties":{"anthrome":53}},{"type":"Polygon","arcs":[[1087,1088,1089]],"properties":{"anthrome":62}},{"type":"Polygon","arcs":[[1090]],"properties":{"anthrome":53}},{"type":"Polygon","arcs":[[1091]],"properties":{"anthrome":53}},{"type":"Polygon","arcs":[[1092]],"properties":{"anthrome":62}},{"type":"Polygon","arcs":[[1093]],"properties":{"anthrome":62}},{"type":"Polygon","arcs":[[1094,1095]],"properties":{"anthrome":63}},{"type":"Polygon","arcs":[[1096,1097,1098,1099]],"properties":{"anthrome":43}},{"type":"Polygon","arcs":[[1100,1101,-1098]],"properties":{"anthrome":63}},{"type":"Polygon","arcs":[[1102,1103,1104]],"properties":{"anthrome":61}},{"type":"Polygon","arcs":[[1105,1106,1107,1108]],"properties":{"anthrome":61}},{"type":"Polygon","arcs":[[1109,1110,-1078]],"properties":{"anthrome":52}},{"type":"Polygon","arcs":[[-989,1111,1112,-1110]],"properties":{"anthrome":62}},{"type":"Polygon","arcs":[[1113]],"properties":{"anthrome":52}},{"type":"Polygon","arcs":[[1114]],"properties":{"anthrome":61}},{"type":"Polygon","arcs":[[1115,1116,1117]],"properties":{"anthrome":61}},{"type":"Polygon","arcs":[[1118,-1116]],"properties":{"anthrome":53}},{"type":"Polygon","arcs":[[1119]],"properties":{"anthrome":54}},{"type":"Polygon","arcs":[[1120,1121]],"properties":{"anthrome":62}},{"type":"Polygon","arcs":[[1122,1123]],"properties":{"anthrome":53}},{"type":"Polygon","arcs":[[1124]],"properties":{"anthrome":62}},{"type":"Polygon","arcs":[[1125]],"properties":{"anthrome":62}},{"type":"Polygon","arcs":[[1126]],"properties":{"anthrome":53}},{"type":"Polygon","arcs":[[1127]],"properties":{"anthrome":53}},{"type":"Polygon","arcs":[[1128]],"properties":{"anthrome":62}},{"type":"Polygon","arcs":[[1129,1130,1131,1132]],"properties":{"anthrome":62}},{"type":"Polygon","arcs":[[1133,1134,1135,-1131]],"properties":{"anthrome":63}},{"type":"Polygon","arcs":[[1136,1137]],"properties":{"anthrome":62}},{"type":"Polygon","arcs":[[1138,1139,1140,1141]],"properties":{"anthrome":53}},{"type":"Polygon","arcs":[[1142,1143,1144]],"properties":{"anthrome":53}},{"type":"Polygon","arcs":[[1145,-931,1146,1147,1148,1149,1150,1151,1152,1153,1154]],"properties":{"anthrome":62}},{"type":"Polygon","arcs":[[1155]],"properties":{"anthrome":61}},{"type":"Polygon","arcs":[[1156,1157,-952,1158,-877]],"properties":{"anthrome":61}},{"type":"Polygon","arcs":[[1159,-1044,1160,1161,1162,1163]],"properties":{"anthrome":53}},{"type":"Polygon","arcs":[[-1068,1164,1165,1166]],"properties":{"anthrome":53}},{"type":"Polygon","arcs":[[1167]],"properties":{"anthrome":53}},{"type":"Polygon","arcs":[[1168,1169]],"properties":{"anthrome":61}},{"type":"Polygon","arcs":[[1170]],"properties":{"anthrome":61}},{"type":"Polygon","arcs":[[1171,1172]],"properties":{"anthrome":61}},{"type":"Polygon","arcs":[[1173]],"properties":{"anthrome":53}},{"type":"Polygon","arcs":[[1174]],"properties":{"anthrome":53}},{"type":"Polygon","arcs":[[1175]],"properties":{"anthrome":53}},{"type":"Polygon","arcs":[[1176]],"properties":{"anthrome":62}},{"type":"Polygon","arcs":[[1177]],"properties":{"anthrome":61}},{"type":"Polygon","arcs":[[1178,1179]],"properties":{"anthrome":62}},{"type":"Polygon","arcs":[[1180,1181]],"properties":{"anthrome":54}},{"type":"Polygon","arcs":[[1182,1183,1184,-1181]],"properties":{"anthrome":53}},{"type":"Polygon","arcs":[[-1066,1185,1186]],"properties":{"anthrome":61}},{"type":"Polygon","arcs":[[1187,1188]],"properties":{"anthrome":53}},{"type":"Polygon","arcs":[[1189,1190]],"properties":{"anthrome":53}},{"type":"Polygon","arcs":[[1191]],"properties":{"anthrome":61}},{"type":"Polygon","arcs":[[1192,1193]],"properties":{"anthrome":43}},{"type":"Polygon","arcs":[[-1099,1194,1195,1196]],"properties":{"anthrome":63}},{"type":"Polygon","arcs":[[1197,1198,1199,-1151]],"properties":{"anthrome":54}},{"type":"Polygon","arcs":[[-1013,1200,-1199,1201,-1149]],"properties":{"anthrome":53}},{"type":"Polygon","arcs":[[1202,1203,1204]],"properties":{"anthrome":61}},{"type":"Polygon","arcs":[[-1104,1205,1206,-1203]],"properties":{"anthrome":53}},{"type":"Polygon","arcs":[[1207,1208,1209]],"properties":{"anthrome":61}},{"type":"Polygon","arcs":[[-1108,1210,-1208]],"properties":{"anthrome":52}},{"type":"Polygon","arcs":[[1211,1212]],"properties":{"anthrome":52}},{"type":"Polygon","arcs":[[1213]],"properties":{"anthrome":61}},{"type":"Polygon","arcs":[[1214,1215,1216]],"properties":{"anthrome":61}},{"type":"Polygon","arcs":[[1217,1218,1219]],"properties":{"anthrome":62}},{"type":"Polygon","arcs":[[1220,1221,1222]],"properties":{"anthrome":62}},{"type":"Polygon","arcs":[[1223]],"properties":{"anthrome":53}},{"type":"Polygon","arcs":[[1224]],"properties":{"anthrome":61}},{"type":"Polygon","arcs":[[1225,1226]],"properties":{"anthrome":61}},{"type":"Polygon","arcs":[[1227,1228]],"properties":{"anthrome":53}},{"type":"Polygon","arcs":[[1229,1230,-1162]],"properties":{"anthrome":62}},{"type":"Polygon","arcs":[[1231]],"properties":{"anthrome":53}},{"type":"Polygon","arcs":[[-32,1232,-51,1233,1234,1235,-166,1236,1237,1238,1239,-404,1240,1241,1242,1243,1244,1245,-804,1246,-746,1247,1248,1249,1250,-572,1251,1252,1253,1254,1255,1256,-224,1257,-201,1258,-81,1259,-49,1260],[-58],[-82],[-196],[-252],[-281],[-402],[-461],[-576],[-577],[-674],[-879]],"properties":{"anthrome":62}},{"type":"Polygon","arcs":[[-703,1261,-673,1262,-700,1263,1264,-955,-789,1265,-794,1266,-737,-667],[-797]],"properties":{"anthrome":61}},{"type":"Polygon","arcs":[[1267,1268,1269,1270,1271,1272]],"properties":{"anthrome":62}},{"type":"Polygon","arcs":[[-1268,1273,1274,1275]],"properties":{"anthrome":61}},{"type":"Polygon","arcs":[[1276,-1138,1277,-1142,1278,1279,1280,1281,1282,1283]],"properties":{"anthrome":61}},{"type":"Polygon","arcs":[[1284,1285,1286,1287,1288,-1184]],"properties":{"anthrome":62}},{"type":"Polygon","arcs":[[1289,1290,-1288]],"properties":{"anthrome":61}},{"type":"Polygon","arcs":[[1291,1292]],"properties":{"anthrome":53}},{"type":"Polygon","arcs":[[1293,1294,1295]],"properties":{"anthrome":53}},{"type":"Polygon","arcs":[[1296,1297]],"properties":{"anthrome":53}},{"type":"Polygon","arcs":[[1298]],"properties":{"anthrome":61}},{"type":"Polygon","arcs":[[1299,1300,1301]],"properties":{"anthrome":51}},{"type":"Polygon","arcs":[[-1196,1302,1303,1304]],"properties":{"anthrome":52}},{"type":"Polygon","arcs":[[-1152,1305,1306,1307]],"properties":{"anthrome":54}},{"type":"Polygon","arcs":[[-1200,1308,-1306]],"properties":{"anthrome":53}},{"type":"Polygon","arcs":[[1309,1310]],"properties":{"anthrome":43}},{"type":"Polygon","arcs":[[1311,1312]],"properties":{"anthrome":42}},{"type":"Polygon","arcs":[[1313]],"properties":{"anthrome":61}},{"type":"Polygon","arcs":[[1314]],"properties":{"anthrome":61}},{"type":"Polygon","arcs":[[1315]],"properties":{"anthrome":61}},{"type":"Polygon","arcs":[[1316]],"properties":{"anthrome":53}},{"type":"Polygon","arcs":[[1317,1318,-1270]],"properties":{"anthrome":54}},{"type":"Polygon","arcs":[[1319]],"properties":{"anthrome":61}},{"type":"Polygon","arcs":[[1320]],"properties":{"anthrome":61}},{"type":"Polygon","arcs":[[1321]],"properties":{"anthrome":62}},{"type":"Polygon","arcs":[[1322]],"properties":{"anthrome":62}},{"type":"Polygon","arcs":[[1323]],"properties":{"anthrome":62}},{"type":"Polygon","arcs":[[1324]],"properties":{"anthrome":61}},{"type":"Polygon","arcs":[[1325,1326]],"properties":{"anthrome":61}},{"type":"Polygon","arcs":[[1327,-1282,1328,1329]],"properties":{"anthrome":53}},{"type":"Polygon","arcs":[[1330,1331,-1280]],"properties":{"anthrome":62}},{"type":"Polygon","arcs":[[1332,1333,1334]],"properties":{"anthrome":53}},{"type":"Polygon","arcs":[[1335,1336,1337,1338]],"properties":{"anthrome":62}},{"type":"Polygon","arcs":[[1339,-975,1340,1341,1342,1343,1344,1345,-1194,1346,-1169,1347,1348,1349,-1012,-925]],"properties":{"anthrome":53}},{"type":"Polygon","arcs":[[1350,1351,1352,1353,1354,1355,1356,1357,1358,1359]],"properties":{"anthrome":63}},{"type":"Polygon","arcs":[[1360,-1302,1361,1362]],"properties":{"anthrome":54}},{"type":"Polygon","arcs":[[1363]],"properties":{"anthrome":53}},{"type":"Polygon","arcs":[[1364]],"properties":{"anthrome":53}},{"type":"Polygon","arcs":[[1365,1366,1367,1368]],"properties":{"anthrome":54}},{"type":"Polygon","arcs":[[1369,1370,1371]],"properties":{"anthrome":53}},{"type":"Polygon","arcs":[[1372]],"properties":{"anthrome":53}},{"type":"Polygon","arcs":[[1373,1374]],"properties":{"anthrome":53}},{"type":"Polygon","arcs":[[1375,1376,1377,1378]],"properties":{"anthrome":63}},{"type":"Polygon","arcs":[[1379,1380,-1343]],"properties":{"anthrome":52}},{"type":"Polygon","arcs":[[1381,1382,-1380]],"properties":{"anthrome":53}},{"type":"Polygon","arcs":[[1383,-1356,1384,1385]],"properties":{"anthrome":53}},{"type":"Polygon","arcs":[[1386,-1354]],"properties":{"anthrome":54}},{"type":"Polygon","arcs":[[1387,1388]],"properties":{"anthrome":53}},{"type":"Polygon","arcs":[[1389]],"properties":{"anthrome":42}},{"type":"Polygon","arcs":[[1390]],"properties":{"anthrome":53}},{"type":"Polygon","arcs":[[1391,1392]],"properties":{"anthrome":52}},{"type":"Polygon","arcs":[[1393]],"properties":{"anthrome":61}},{"type":"Polygon","arcs":[[1394]],"properties":{"anthrome":53}},{"type":"Polygon","arcs":[[1395]],"properties":{"anthrome":53}},{"type":"Polygon","arcs":[[1396]],"properties":{"anthrome":62}},{"type":"Polygon","arcs":[[1397]],"properties":{"anthrome":62}},{"type":"Polygon","arcs":[[1398]],"properties":{"anthrome":53}},{"type":"Polygon","arcs":[[1399,1400]],"properties":{"anthrome":53}},{"type":"Polygon","arcs":[[1401,-1358,1402,-1386,1403,1404,1405,1406,1407,-1102]],"properties":{"anthrome":62}},{"type":"Polygon","arcs":[[1408,1409]],"properties":{"anthrome":62}},{"type":"Polygon","arcs":[[1410]],"properties":{"anthrome":62}},{"type":"Polygon","arcs":[[1411,1412,1413,1414,1415]],"properties":{"anthrome":62}},{"type":"Polygon","arcs":[[1416]],"properties":{"anthrome":61}},{"type":"Polygon","arcs":[[-1415,1417,1418]],"properties":{"anthrome":63}},{"type":"Polygon","arcs":[[1419]],"properties":{"anthrome":53}},{"type":"Polygon","arcs":[[1420]],"properties":{"anthrome":63}},{"type":"Polygon","arcs":[[1421,1422,1423,-1405]],"properties":{"anthrome":52}},{"type":"Polygon","arcs":[[1424,1425,1426,-1423]],"properties":{"anthrome":63}},{"type":"Polygon","arcs":[[1427,-1426]],"properties":{"anthrome":62}},{"type":"Polygon","arcs":[[1428,1429]],"properties":{"anthrome":33}},{"type":"Polygon","arcs":[[1430,1431]],"properties":{"anthrome":61}},{"type":"Polygon","arcs":[[1432,1433,1434]],"properties":{"anthrome":52}},{"type":"Polygon","arcs":[[1435,1436]],"properties":{"anthrome":61}},{"type":"Polygon","arcs":[[1437]],"properties":{"anthrome":61}},{"type":"Polygon","arcs":[[1438]],"properties":{"anthrome":61}},{"type":"Polygon","arcs":[[1439]],"properties":{"anthrome":53}},{"type":"Polygon","arcs":[[1440,1441,1442]],"properties":{"anthrome":53}},{"type":"Polygon","arcs":[[1443]],"properties":{"anthrome":53}},{"type":"Polygon","arcs":[[1444]],"properties":{"anthrome":61}},{"type":"Polygon","arcs":[[1445]],"properties":{"anthrome":61}},{"type":"Polygon","arcs":[[1446,1447]],"properties":{"anthrome":61}},{"type":"Polygon","arcs":[[1448]],"properties":{"anthrome":54}},{"type":"Polygon","arcs":[[1449]],"properties":{"anthrome":53}},{"type":"Polygon","arcs":[[1450,1451,1452,1453,1454,1455,1456]],"properties":{"anthrome":53}},{"type":"Polygon","arcs":[[-1338,1457,1458,1459]],"properties":{"anthrome":61}},{"type":"Polygon","arcs":[[1460,1461,1462,1463]],"properties":{"anthrome":61}},{"type":"Polygon","arcs":[[1464,1465,1466,-1462]],"properties":{"anthrome":62}},{"type":"Polygon","arcs":[[1467,1468,1469,1470]],"properties":{"anthrome":43}},{"type":"Polygon","arcs":[[1471]],"properties":{"anthrome":61}},{"type":"Polygon","arcs":[[1472]],"properties":{"anthrome":53}},{"type":"Polygon","arcs":[[1473]],"properties":{"anthrome":61}},{"type":"Polygon","arcs":[[1474]],"properties":{"anthrome":53}},{"type":"Polygon","arcs":[[1475,1476,1477,1478]],"properties":{"anthrome":53}},{"type":"Polygon","arcs":[[1479,1480,1481,1482,1483,-1477]],"properties":{"anthrome":54}},{"type":"Polygon","arcs":[[1484,1485]],"properties":{"anthrome":53}},{"type":"Polygon","arcs":[[1486,1487,1488,1489,1490,1491,1492]],"properties":{"anthrome":63}},{"type":"Polygon","arcs":[[1493,1494,-1489]],"properties":{"anthrome":61}},{"type":"Polygon","arcs":[[1495,1496,1497]],"properties":{"anthrome":61}},{"type":"Polygon","arcs":[[1498,1499]],"properties":{"anthrome":42}},{"type":"Polygon","arcs":[[1500,1501]],"properties":{"anthrome":61}},{"type":"Polygon","arcs":[[1502]],"properties":{"anthrome":61}},{"type":"Polygon","arcs":[[1503]],"properties":{"anthrome":53}},{"type":"Polygon","arcs":[[1504,1505]],"properties":{"anthrome":53}},{"type":"Polygon","arcs":[[1506]],"properties":{"anthrome":53}},{"type":"Polygon","arcs":[[1507]],"properties":{"anthrome":61}},{"type":"Polygon","arcs":[[1508]],"properties":{"anthrome":61}},{"type":"Polygon","arcs":[[1509]],"properties":{"anthrome":61}},{"type":"Polygon","arcs":[[1510,1511,1512,-1483]],"properties":{"anthrome":61}},{"type":"Polygon","arcs":[[1513,1514,1515,-1512]],"properties":{"anthrome":53}},{"type":"Polygon","arcs":[[1516,1517,1518,-1515]],"properties":{"anthrome":61}},{"type":"Polygon","arcs":[[-1447,1519,-1518]],"properties":{"anthrome":53}},{"type":"Polygon","arcs":[[1520]],"properties":{"anthrome":53}},{"type":"Polygon","arcs":[[1521,1522,1523]],"properties":{"anthrome":62}},{"type":"Polygon","arcs":[[1524,1525,1526,1527]],"properties":{"anthrome":61}},{"type":"Polygon","arcs":[[-1454,1528,1529,1530]],"properties":{"anthrome":54}},{"type":"Polygon","arcs":[[1531]],"properties":{"anthrome":63}},{"type":"Polygon","arcs":[[1532,1533,1534,1535]],"properties":{"anthrome":61}},{"type":"Polygon","arcs":[[1536,1537,-1527]],"properties":{"anthrome":52}},{"type":"Polygon","arcs":[[1538]],"properties":{"anthrome":52}},{"type":"Polygon","arcs":[[1539,1540]],"properties":{"anthrome":53}},{"type":"Polygon","arcs":[[1541,1542,-1122,1543,1544,-1219,-1123,1545,-1443,-1506,1546,1547,1548,1549,1550,1551],[-1395]],"properties":{"anthrome":54}},{"type":"Polygon","arcs":[[-1442,1552,1553,1554]],"properties":{"anthrome":62}},{"type":"Polygon","arcs":[[1555,1556,1557,1558]],"properties":{"anthrome":61}},{"type":"Polygon","arcs":[[1559,1560]],"properties":{"anthrome":62}},{"type":"Polygon","arcs":[[1561,1562]],"properties":{"anthrome":62}},{"type":"Polygon","arcs":[[1563,1564,1565,1566,1567]],"properties":{"anthrome":53}},{"type":"Polygon","arcs":[[1568]],"properties":{"anthrome":53}},{"type":"Polygon","arcs":[[1569,1570,1571]],"properties":{"anthrome":63}},{"type":"Polygon","arcs":[[1572,1573]],"properties":{"anthrome":62}},{"type":"Polygon","arcs":[[-1016,1574,-1437,1575,-1502,1576,1577,1578,-1433,1579,1580],[-1214],[-1314]],"properties":{"anthrome":53}},{"type":"Polygon","arcs":[[1581]],"properties":{"anthrome":61}},{"type":"Polygon","arcs":[[1582]],"properties":{"anthrome":54}},{"type":"Polygon","arcs":[[1583,-1549]],"properties":{"anthrome":53}},{"type":"Polygon","arcs":[[1584]],"properties":{"anthrome":61}},{"type":"Polygon","arcs":[[1585,1586,1587,1588]],"properties":{"anthrome":54}},{"type":"Polygon","arcs":[[1589,1590]],"properties":{"anthrome":53}},{"type":"Polygon","arcs":[[1591]],"properties":{"anthrome":62}},{"type":"Polygon","arcs":[[1592,1593,1594,1595]],"properties":{"anthrome":53}},{"type":"Polygon","arcs":[[1596,1597,1598,-1594]],"properties":{"anthrome":54}},{"type":"Polygon","arcs":[[1599,1600,1601,1602,1603]],"properties":{"anthrome":61}},{"type":"Polygon","arcs":[[1604,-1375,1605,-1379,1606,1607,1608,1609,1610,1611,1612,-1496,1613]],"properties":{"anthrome":62}},{"type":"Polygon","arcs":[[1614]],"properties":{"anthrome":54}},{"type":"Polygon","arcs":[[1615,1616,1617,1618]],"properties":{"anthrome":62}},{"type":"Polygon","arcs":[[1619,1620,1621,1622]],"properties":{"anthrome":53}},{"type":"Polygon","arcs":[[1623,1624,1625]],"properties":{"anthrome":62}},{"type":"Polygon","arcs":[[1626]],"properties":{"anthrome":61}},{"type":"Polygon","arcs":[[1627,-1610,1628,1629]],"properties":{"anthrome":63}},{"type":"Polygon","arcs":[[-1571,1630,1631,1632]],"properties":{"anthrome":62}},{"type":"Polygon","arcs":[[1633,1634,1635,-1631]],"properties":{"anthrome":63}},{"type":"Polygon","arcs":[[1636,1637,-1635]],"properties":{"anthrome":62}},{"type":"Polygon","arcs":[[1638]],"properties":{"anthrome":62}},{"type":"Polygon","arcs":[[1639,1640]],"properties":{"anthrome":61}},{"type":"Polygon","arcs":[[1641,1642]],"properties":{"anthrome":61}},{"type":"Polygon","arcs":[[1643]],"properties":{"anthrome":61}},{"type":"Polygon","arcs":[[1644,1645]],"properties":{"anthrome":54}},{"type":"Polygon","arcs":[[-1584,1646,1647,1648]],"properties":{"anthrome":54}},{"type":"Polygon","arcs":[[1649]],"properties":{"anthrome":54}},{"type":"Polygon","arcs":[[1650]],"properties":{"anthrome":61}},{"type":"Polygon","arcs":[[1651,1652]],"properties":{"anthrome":63}},{"type":"Polygon","arcs":[[1653,1654,1655,1656]],"properties":{"anthrome":54}},{"type":"Polygon","arcs":[[-1588,1657,1658]],"properties":{"anthrome":61}},{"type":"Polygon","arcs":[[1659,1660,1661,1662]],"properties":{"anthrome":61}},{"type":"Polygon","arcs":[[1663,-1602,1664,1665]],"properties":{"anthrome":53}},{"type":"Polygon","arcs":[[1666]],"properties":{"anthrome":62}},{"type":"Polygon","arcs":[[1667]],"properties":{"anthrome":61}},{"type":"Polygon","arcs":[[1668]],"properties":{"anthrome":62}},{"type":"Polygon","arcs":[[1669,1670,1671,1672]],"properties":{"anthrome":63}},{"type":"Polygon","arcs":[[1673]],"properties":{"anthrome":54}},{"type":"Polygon","arcs":[[1674,1675]],"properties":{"anthrome":62}},{"type":"Polygon","arcs":[[1676,-1486,-1566,1677,-1626,1678,1679,-1675,-1562,1680]],"properties":{"anthrome":54}},{"type":"Polygon","arcs":[[1681,1682,1683]],"properties":{"anthrome":63}},{"type":"Polygon","arcs":[[-1540,1684,1685]],"properties":{"anthrome":61}},{"type":"Polygon","arcs":[[1686]],"properties":{"anthrome":53}},{"type":"Polygon","arcs":[[1687,1688,1689,1690]],"properties":{"anthrome":61}},{"type":"Polygon","arcs":[[1691,1692]],"properties":{"anthrome":61}},{"type":"Polygon","arcs":[[1693,1694,1695,1696]],"properties":{"anthrome":62}},{"type":"Polygon","arcs":[[1697]],"properties":{"anthrome":62}},{"type":"Polygon","arcs":[[1698,1699]],"properties":{"anthrome":62}},{"type":"Polygon","arcs":[[1700]],"properties":{"anthrome":62}},{"type":"Polygon","arcs":[[-1672,1701]],"properties":{"anthrome":62}},{"type":"Polygon","arcs":[[-1640,1702,1703,1704]],"properties":{"anthrome":33}},{"type":"Polygon","arcs":[[1705,1706,1707]],"properties":{"anthrome":61}},{"type":"Polygon","arcs":[[1708,1709,1710,1711]],"properties":{"anthrome":61}},{"type":"Polygon","arcs":[[1712]],"properties":{"anthrome":52}},{"type":"Polygon","arcs":[[1713,1714]],"properties":{"anthrome":61}},{"type":"Polygon","arcs":[[1715,1716,1717,1718]],"properties":{"anthrome":61}},{"type":"Polygon","arcs":[[1719,1720]],"properties":{"anthrome":61}},{"type":"Polygon","arcs":[[1721]],"properties":{"anthrome":61}},{"type":"Polygon","arcs":[[1722]],"properties":{"anthrome":61}},{"type":"Polygon","arcs":[[1723]],"properties":{"anthrome":61}},{"type":"Polygon","arcs":[[1724]],"properties":{"anthrome":61}},{"type":"Polygon","arcs":[[1725,1726,-1685]],"properties":{"anthrome":53}},{"type":"Polygon","arcs":[[-1648,1727,1728,1729]],"properties":{"anthrome":62}},{"type":"Polygon","arcs":[[1730]],"properties":{"anthrome":53}},{"type":"Polygon","arcs":[[1731,1732,1733,1734]],"properties":{"anthrome":53}},{"type":"Polygon","arcs":[[1735,1736,1737]],"properties":{"anthrome":61}},{"type":"Polygon","arcs":[[1738,1739,1740]],"properties":{"anthrome":53}},{"type":"Polygon","arcs":[[1741]],"properties":{"anthrome":54}},{"type":"Polygon","arcs":[[-1656,1742,1743,1744]],"properties":{"anthrome":61}},{"type":"Polygon","arcs":[[1745,1746,1747]],"properties":{"anthrome":54}},{"type":"Polygon","arcs":[[1748,1749,-1747]],"properties":{"anthrome":53}},{"type":"Polygon","arcs":[[-1601,1750,1751,1752]],"properties":{"anthrome":53}},{"type":"Polygon","arcs":[[-1622,1753,1754,-1751]],"properties":{"anthrome":61}},{"type":"Polygon","arcs":[[1755]],"properties":{"anthrome":53}},{"type":"Polygon","arcs":[[-1519,1756,1757,1758]],"properties":{"anthrome":53}},{"type":"Polygon","arcs":[[1759,-1534,1760,1761,1762,1763,1764]],"properties":{"anthrome":62}},{"type":"Polygon","arcs":[[-1609,1765,1766,1767,1768,1769]],"properties":{"anthrome":63}},{"type":"Polygon","arcs":[[1770,1771,1772,1773]],"properties":{"anthrome":61}},{"type":"Polygon","arcs":[[1774]],"properties":{"anthrome":53}},{"type":"Polygon","arcs":[[1775,1776,1777]],"properties":{"anthrome":62}},{"type":"Polygon","arcs":[[1778,1779,1780,1781]],"properties":{"anthrome":54}},{"type":"Polygon","arcs":[[1782,1783,1784,-1780]],"properties":{"anthrome":53}},{"type":"Polygon","arcs":[[1785,1786]],"properties":{"anthrome":63}},{"type":"Polygon","arcs":[[-1683,1787,1788,-1786]],"properties":{"anthrome":53}},{"type":"Polygon","arcs":[[-1629,-1770,1789,1790,1791,1792]],"properties":{"anthrome":54}},{"type":"Polygon","arcs":[[1793,-1768]],"properties":{"anthrome":62}},{"type":"Polygon","arcs":[[1794,1795,1796]],"properties":{"anthrome":62}},{"type":"Polygon","arcs":[[1797]],"properties":{"anthrome":62}},{"type":"Polygon","arcs":[[1798]],"properties":{"anthrome":53}},{"type":"Polygon","arcs":[[1799,1800]],"properties":{"anthrome":63}},{"type":"Polygon","arcs":[[1801]],"properties":{"anthrome":54}},{"type":"Polygon","arcs":[[1802,1803]],"properties":{"anthrome":42}},{"type":"Polygon","arcs":[[1804,1805]],"properties":{"anthrome":61}},{"type":"Polygon","arcs":[[1806,1807]],"properties":{"anthrome":52}},{"type":"Polygon","arcs":[[1808,1809]],"properties":{"anthrome":61}},{"type":"Polygon","arcs":[[1810,1811]],"properties":{"anthrome":61}},{"type":"Polygon","arcs":[[1812]],"properties":{"anthrome":61}},{"type":"Polygon","arcs":[[1813,1814,1815,1816]],"properties":{"anthrome":52}},{"type":"Polygon","arcs":[[1817]],"properties":{"anthrome":61}},{"type":"Polygon","arcs":[[1818]],"properties":{"anthrome":53}},{"type":"Polygon","arcs":[[1819]],"properties":{"anthrome":53}},{"type":"Polygon","arcs":[[1820]],"properties":{"anthrome":53}},{"type":"Polygon","arcs":[[1821,1822,1823]],"properties":{"anthrome":53}},{"type":"Polygon","arcs":[[1824,1825,1826,1827]],"properties":{"anthrome":61}},{"type":"Polygon","arcs":[[1828,1829,1830,-1826]],"properties":{"anthrome":53}},{"type":"Polygon","arcs":[[-1737,1831,1832,1833]],"properties":{"anthrome":54}},{"type":"Polygon","arcs":[[1834,1835]],"properties":{"anthrome":62}},{"type":"Polygon","arcs":[[1836]],"properties":{"anthrome":61}},{"type":"Polygon","arcs":[[1837]],"properties":{"anthrome":54}},{"type":"Polygon","arcs":[[-1752,1838,1839]],"properties":{"anthrome":61}},{"type":"Polygon","arcs":[[1840,1841,1842,1843]],"properties":{"anthrome":54}},{"type":"Polygon","arcs":[[1844,1845,1846,1847]],"properties":{"anthrome":53}},{"type":"Polygon","arcs":[[-1690,1848,1849,1850]],"properties":{"anthrome":53}},{"type":"Polygon","arcs":[[1851,1852,-274,1853,-278,-333,-386,1854,-362,1855,-829,1856,1857,-659,1858,1859,-769,1860,1861,1862,1863,-946,-1581,1864,1865,-1578,1866,1867,1868,1869,-1469,-1468,1870,-1211,1871,-1213,1872,-1082,1873,-939,1874,-865,1875,-936,1876,-622,1877,-933,1878,-502,-501,-451,-271,-261],[-385],[-427],[-503],[-504],[-561],[-562],[-714],[-727],[-726],[-728],[-782],[-1391],[-1713]],"properties":{"anthrome":61}},{"type":"Polygon","arcs":[[1879,1880,-1653,1881,1882,-1736,1883,1884,-1830,1885,1886,1887,1888,1889,1890,1891,1892,-1732,1893,1894],[-1650],[-1651]],"properties":{"anthrome":62}},{"type":"Polygon","arcs":[[1895,1896,1897,1898,-1757,-1520]],"properties":{"anthrome":61}},{"type":"Polygon","arcs":[[1899]],"properties":{"anthrome":61}},{"type":"Polygon","arcs":[[1900,-1693,1901,1902,1903,1904,1905,1906,-1766]],"properties":{"anthrome":62}},{"type":"Polygon","arcs":[[1907,-1905]],"properties":{"anthrome":63}},{"type":"Polygon","arcs":[[1908,1909,1910,1911,1912]],"properties":{"anthrome":61}},{"type":"Polygon","arcs":[[1913,1914,1915,1916,1917,1918,1919]],"properties":{"anthrome":61}},{"type":"Polygon","arcs":[[1920]],"properties":{"anthrome":53}},{"type":"Polygon","arcs":[[1921,-1889]],"properties":{"anthrome":53}},{"type":"Polygon","arcs":[[-1844,1922,1923,1924]],"properties":{"anthrome":62}},{"type":"Polygon","arcs":[[1925]],"properties":{"anthrome":62}},{"type":"Polygon","arcs":[[1926,1927,1928,1929]],"properties":{"anthrome":62}},{"type":"Polygon","arcs":[[1930,1931]],"properties":{"anthrome":53}},{"type":"Polygon","arcs":[[1932,1933]],"properties":{"anthrome":33}},{"type":"Polygon","arcs":[[1934]],"properties":{"anthrome":42}},{"type":"Polygon","arcs":[[1935,1936]],"properties":{"anthrome":61}},{"type":"Polygon","arcs":[[1937]],"properties":{"anthrome":53}},{"type":"Polygon","arcs":[[1938,1939,1940,1941]],"properties":{"anthrome":61}},{"type":"Polygon","arcs":[[1942]],"properties":{"anthrome":52}},{"type":"Polygon","arcs":[[1943,1944,1945]],"properties":{"anthrome":61}},{"type":"Polygon","arcs":[[-1816,1946,1947,1948]],"properties":{"anthrome":53}},{"type":"Polygon","arcs":[[1949,1950,1951,1952]],"properties":{"anthrome":54}},{"type":"Polygon","arcs":[[1953]],"properties":{"anthrome":54}},{"type":"Polygon","arcs":[[1954]],"properties":{"anthrome":61}},{"type":"Polygon","arcs":[[1955,1956]],"properties":{"anthrome":53}},{"type":"Polygon","arcs":[[1957]],"properties":{"anthrome":53}},{"type":"Polygon","arcs":[[1958,1959]],"properties":{"anthrome":53}},{"type":"Polygon","arcs":[[1960]],"properties":{"anthrome":53}},{"type":"Polygon","arcs":[[-1827,1961,1962,1963]],"properties":{"anthrome":53}},{"type":"Polygon","arcs":[[1964,-1898,1965,1966]],"properties":{"anthrome":62}},{"type":"Polygon","arcs":[[1967,1968]],"properties":{"anthrome":54}},{"type":"Polygon","arcs":[[1969,1970]],"properties":{"anthrome":61}},{"type":"Polygon","arcs":[[1971,-1839,-1755,1972,-1620,1973,-1604,1974,1975,-1660,-1458,1976]],"properties":{"anthrome":62}},{"type":"Polygon","arcs":[[1977,1978,1979]],"properties":{"anthrome":61}},{"type":"Polygon","arcs":[[1980,1981]],"properties":{"anthrome":53}},{"type":"Polygon","arcs":[[1982,1983,1984,1985]],"properties":{"anthrome":53}},{"type":"Polygon","arcs":[[1986,1987,-1984]],"properties":{"anthrome":61}},{"type":"Polygon","arcs":[[1988,1989,-1684,-1787,1990,1991,1992,1993,1994]],"properties":{"anthrome":62}},{"type":"Polygon","arcs":[[1995,1996,-1035,1997,-1284,1998,-1330,1999,2000,2001,2002,2003,-1559,2004,-1586,2005,-1658,-1557,-1459,-1663,2006,-1748,2007,-1971,2008,-1969,2009,2010,2011,2012,-1896,-1448,2013,-1481,2014,2015,2016,-1086,2017,2018],[-1226,-1227],[-1325],[-1327,-1326],[-1400,-1401],[-1449],[2019,-1744,2020,-1654],[-1742],[-1837],[-1838]],"properties":{"anthrome":62}},{"type":"Polygon","arcs":[[2021,2022]],"properties":{"anthrome":53}},{"type":"Polygon","arcs":[[2023,-1848,2024,2025,2026,2027,2028,2029,-1980,2030]],"properties":{"anthrome":62}},{"type":"Polygon","arcs":[[2031,2032,2033]],"properties":{"anthrome":54}},{"type":"Polygon","arcs":[[2034,2035,2036,2037]],"properties":{"anthrome":53}},{"type":"Polygon","arcs":[[2038,2039,2040,2041]],"properties":{"anthrome":63}},{"type":"Polygon","arcs":[[-1769,2042,-2040]],"properties":{"anthrome":62}},{"type":"Polygon","arcs":[[2043]],"properties":{"anthrome":62}},{"type":"Polygon","arcs":[[2044,2045,-79,2046,-125,2047,-143,2048,2049,2050,2051,-132,2052,-65,2053,-136,2054,2055,-151,2056,-123,2057,2058,2059,-38,2060,-45,2061,-41,2062,-15,2063,-13,2064],[2065],[-27,-26,-25,-24,2066],[-8],[-11],[-47],[-66],[2067],[-75,2068],[-77],[-89],[2069],[2070],[2071],[2072],[-1802]],"properties":{"anthrome":63}},{"type":"Polygon","arcs":[[-1804,2073,2074,2075]],"properties":{"anthrome":33}},{"type":"Polygon","arcs":[[-1937,2076]],"properties":{"anthrome":52}},{"type":"Polygon","arcs":[[2077,2078,2079]],"properties":{"anthrome":61}},{"type":"Polygon","arcs":[[2080]],"properties":{"anthrome":61}},{"type":"Polygon","arcs":[[2081]],"properties":{"anthrome":53}},{"type":"Polygon","arcs":[[-1890,2082,2083]],"properties":{"anthrome":53}},{"type":"Polygon","arcs":[[2084]],"properties":{"anthrome":61}},{"type":"Polygon","arcs":[[2085]],"properties":{"anthrome":54}},{"type":"Polygon","arcs":[[2086]],"properties":{"anthrome":62}},{"type":"Polygon","arcs":[[2087,2088,2089,-1993]],"properties":{"anthrome":63}},{"type":"Polygon","arcs":[[-1490,2090,2091,2092,-2089,2093,-1991,-1789,2094]],"properties":{"anthrome":61}},{"type":"Polygon","arcs":[[-1929,2095,2096,2097]],"properties":{"anthrome":54}},{"type":"Polygon","arcs":[[2098,2099,2100]],"properties":{"anthrome":61}},{"type":"Polygon","arcs":[[2101,2102,2103,2104]],"properties":{"anthrome":61}},{"type":"Polygon","arcs":[[2105,2106,2107,-2103]],"properties":{"anthrome":62}},{"type":"Polygon","arcs":[[2108,2109]],"properties":{"anthrome":61}},{"type":"Polygon","arcs":[[2110,2111]],"properties":{"anthrome":54}},{"type":"Polygon","arcs":[[2112]],"properties":{"anthrome":61}},{"type":"Polygon","arcs":[[2113,2114]],"properties":{"anthrome":61}},{"type":"Polygon","arcs":[[2115,2116]],"properties":{"anthrome":61}},{"type":"Polygon","arcs":[[2117]],"properties":{"anthrome":53}},{"type":"Polygon","arcs":[[2118,2119,2120,2121]],"properties":{"anthrome":53}},{"type":"Polygon","arcs":[[-1945,2122,2123]],"properties":{"anthrome":53}},{"type":"Polygon","arcs":[[2124,2125,-2123,2126]],"properties":{"anthrome":61}},{"type":"Polygon","arcs":[[2127]],"properties":{"anthrome":54}},{"type":"Polygon","arcs":[[2128]],"properties":{"anthrome":53}},{"type":"Polygon","arcs":[[2129]],"properties":{"anthrome":61}},{"type":"Polygon","arcs":[[2130]],"properties":{"anthrome":53}},{"type":"Polygon","arcs":[[2131]],"properties":{"anthrome":53}},{"type":"Polygon","arcs":[[2132]],"properties":{"anthrome":53}},{"type":"Polygon","arcs":[[2133]],"properties":{"anthrome":62}},{"type":"Polygon","arcs":[[-2009,2134,2135]],"properties":{"anthrome":53}},{"type":"Polygon","arcs":[[-1979,2136,2137]],"properties":{"anthrome":53}},{"type":"Polygon","arcs":[[2138,-2028]],"properties":{"anthrome":54}},{"type":"Polygon","arcs":[[2139,-1988,2140,2141,2142],[2143,-1850,2144,-1688],[-1756]],"properties":{"anthrome":62}},{"type":"Polygon","arcs":[[2145,-1782,-2035,2146,2147,2148],[-2086]],"properties":{"anthrome":62}},{"type":"Polygon","arcs":[[2149,2150,2151,2152,2153,2154]],"properties":{"anthrome":42}},{"type":"Polygon","arcs":[[-2034,2155,2156,2157]],"properties":{"anthrome":53}},{"type":"Polygon","arcs":[[2158,2159]],"properties":{"anthrome":61}},{"type":"Polygon","arcs":[[2160,-1697,2161,-1797,2162,2163,2164,2165,2166,-2107,2167,-2105,2168,-2100,2169,-1903]],"properties":{"anthrome":63}},{"type":"Polygon","arcs":[[2170,2171,-1686,2172,2173,-1920,2174,2175,-2127,-1944,-1946,2176,2177,2178,2179,-1810,2180,-1909,2181,2182,2183,2184,2185,2186,2187,2188,2189,-1940,-1939,2190,2191,-1805,2192,-1771,2193,2194,2195,-1719,2196,2197,2198,2199,2200,-2114,2201,-1538,2202,-1525,2203,-1392,2204,-1863,-1862,2205,-767,2206,2207,-827,2208,-869,2209,2210,-1117,2211,-1172,-1217,-1216,2212,2213,-1158,2214,-710,2215,2216],[-947],[-948],[-1114],[-1115],[-1171],[-1315],[-1316],[-1394],[-1438],[-1439],[-1472],[-1539],[-1503],[-1582],[-1644],[-1721,-1720],[-1722],[-1723],[-1724],[-1725],[-1807,-1808],[-1811,-1812],[-1813],[-1943]],"properties":{"anthrome":53}},{"type":"Polygon","arcs":[[2217,2218]],"properties":{"anthrome":61}},{"type":"Polygon","arcs":[[2219]],"properties":{"anthrome":51}},{"type":"Polygon","arcs":[[-2124,2220,2221,-2177]],"properties":{"anthrome":61}},{"type":"Polygon","arcs":[[2222,2223,2224,2225,2226,2227,-1947]],"properties":{"anthrome":61}},{"type":"Polygon","arcs":[[2228]],"properties":{"anthrome":53}},{"type":"Polygon","arcs":[[2229]],"properties":{"anthrome":53}},{"type":"Polygon","arcs":[[2230]],"properties":{"anthrome":53}},{"type":"Polygon","arcs":[[2231,2232]],"properties":{"anthrome":53}},{"type":"Polygon","arcs":[[2233]],"properties":{"anthrome":53}},{"type":"Polygon","arcs":[[2234,-2157]],"properties":{"anthrome":61}},{"type":"Polygon","arcs":[[-2037,2235,2236]],"properties":{"anthrome":54}},{"type":"Polygon","arcs":[[2237,2238]],"properties":{"anthrome":53}},{"type":"Polygon","arcs":[[2239,-2098,2240,2241,2242,2243,2244]],"properties":{"anthrome":63}},{"type":"Polygon","arcs":[[2245,2246,-2242]],"properties":{"anthrome":62}},{"type":"Polygon","arcs":[[-2166,2247]],"properties":{"anthrome":61}},{"type":"Polygon","arcs":[[2248]],"properties":{"anthrome":63}},{"type":"Polygon","arcs":[[2249]],"properties":{"anthrome":61}},{"type":"Polygon","arcs":[[-2075,2250]],"properties":{"anthrome":61}},{"type":"Polygon","arcs":[[2251,2252,2253]],"properties":{"anthrome":33}},{"type":"Polygon","arcs":[[2254]],"properties":{"anthrome":54}},{"type":"Polygon","arcs":[[2255]],"properties":{"anthrome":61}},{"type":"Polygon","arcs":[[2256,2257,2258,2259]],"properties":{"anthrome":61}},{"type":"Polygon","arcs":[[2260,2261,2262,-2258]],"properties":{"anthrome":53}},{"type":"Polygon","arcs":[[2263,2264]],"properties":{"anthrome":61}},{"type":"Polygon","arcs":[[2265,2266,-2226]],"properties":{"anthrome":53}},{"type":"Polygon","arcs":[[2267,-2266]],"properties":{"anthrome":61}},{"type":"Polygon","arcs":[[2268]],"properties":{"anthrome":53}},{"type":"Polygon","arcs":[[2269]],"properties":{"anthrome":53}},{"type":"Polygon","arcs":[[2270,-2012,2271,2272,2273]],"properties":{"anthrome":53}},{"type":"Polygon","arcs":[[2274,2275,2276]],"properties":{"anthrome":54}},{"type":"Polygon","arcs":[[2277,2278,-2275]],"properties":{"anthrome":53}},{"type":"Polygon","arcs":[[2279,2280]],"properties":{"anthrome":53}},{"type":"Polygon","arcs":[[2281,2282]],"properties":{"anthrome":53}},{"type":"Polygon","arcs":[[2283]],"properties":{"anthrome":61}},{"type":"Polygon","arcs":[[2284,2285,2286]],"properties":{"anthrome":62}},{"type":"Polygon","arcs":[[2287,-1498,2288,-1612,2289,2290,-1792,2291,-2240,2292,2293,2294,2295,-2092,-2091,-1495],[-1627]],"properties":{"anthrome":53}},{"type":"Polygon","arcs":[[2296,2297,-2164]],"properties":{"anthrome":61}},{"type":"Polygon","arcs":[[2298]],"properties":{"anthrome":53}},{"type":"Polygon","arcs":[[2299,2300,-177,2301,-192,-158,2302,2303,-241,2304,-268,2305,2306,-194,2307,-161,2308,-173,-2056,2309,-302,2310,2311,-2051,-2050,2312,-163,2313,-1076,2314,-1673,2315,2316,2317,-1800,2318,-894,2319,-774,2320,-718,2321,2322,-1096,2323,2324,2325,2326,2327,2328,2329,-645,2330,2331],[-181,-180,-182],[-188],[-189],[-190],[-242],[-321],[-322],[2332],[2333],[-434],[-493],[2334],[2335],[-546],[-547],[-617],[-713],[-773],[-1156],[2336],[-1192],[2337,2338],[-1299],[2339],[-1421],[-1532]],"properties":{"anthrome":62}},{"type":"Polygon","arcs":[[-2254,2340,2341]],"properties":{"anthrome":61}},{"type":"Polygon","arcs":[[2342,-399,2343,2344,-668,-736,2345,-791,2346,-790,-958,2347,-1020,2348,2349,2350,2351,2352,2353,2354,2355,-1726,-1541,-2172,-2171,2356,-666,-570,2357,-511,2358,-308],[-1085],[-785],[-954],[-992],[-1174],[-1175],[-1176],[-1177],[-1317],[-1473],[-1364],[-1440],[-1504]],"properties":{"anthrome":61}},{"type":"Polygon","arcs":[[2359]],"properties":{"anthrome":61}},{"type":"Polygon","arcs":[[2360,2361,2362,2363]],"properties":{"anthrome":53}},{"type":"Polygon","arcs":[[2364]],"properties":{"anthrome":53}},{"type":"Polygon","arcs":[[2365,-2244,2366,-2294]],"properties":{"anthrome":61}},{"type":"Polygon","arcs":[[2367,2368,2369,-2297]],"properties":{"anthrome":63}},{"type":"Polygon","arcs":[[2370,2371,2372]],"properties":{"anthrome":62}},{"type":"Polygon","arcs":[[2373,2374]],"properties":{"anthrome":62}},{"type":"Polygon","arcs":[[2375]],"properties":{"anthrome":62}},{"type":"Polygon","arcs":[[2376,2377,2378,2379]],"properties":{"anthrome":41}},{"type":"Polygon","arcs":[[2380]],"properties":{"anthrome":61}},{"type":"Polygon","arcs":[[2381,2382,2383]],"properties":{"anthrome":51}},{"type":"Polygon","arcs":[[2384,2385,2386,2387]],"properties":{"anthrome":53}},{"type":"Polygon","arcs":[[2388,2389,2390,-2386]],"properties":{"anthrome":54}},{"type":"Polygon","arcs":[[-2185,2391,2392,2393]],"properties":{"anthrome":61}},{"type":"Polygon","arcs":[[2394]],"properties":{"anthrome":61}},{"type":"Polygon","arcs":[[2395]],"properties":{"anthrome":61}},{"type":"Polygon","arcs":[[2396,2397,2398,2399]],"properties":{"anthrome":52}},{"type":"Polygon","arcs":[[2400,2401,2402]],"properties":{"anthrome":52}},{"type":"Polygon","arcs":[[2403]],"properties":{"anthrome":53}},{"type":"Polygon","arcs":[[2404]],"properties":{"anthrome":61}},{"type":"Polygon","arcs":[[2405,2406]],"properties":{"anthrome":53}},{"type":"Polygon","arcs":[[2407,2408,2409,-2362]],"properties":{"anthrome":54}},{"type":"Polygon","arcs":[[2410,2411,2412,-2409]],"properties":{"anthrome":53}},{"type":"Polygon","arcs":[[2413,2414]],"properties":{"anthrome":62}},{"type":"Polygon","arcs":[[2415,2416,2417,-2414]],"properties":{"anthrome":54}},{"type":"Polygon","arcs":[[-2279,2418,2419]],"properties":{"anthrome":61}},{"type":"Polygon","arcs":[[2420,2421,2422]],"properties":{"anthrome":53}},{"type":"Polygon","arcs":[[2423,2424,2425,2426,2427,2428,2429,2430,-2163]],"properties":{"anthrome":62}},{"type":"Polygon","arcs":[[-1917,2431,2432,2433]],"properties":{"anthrome":53}},{"type":"Polygon","arcs":[[2434,2435,2436,2437,2438,2439],[-1446],[-1510]],"properties":{"anthrome":53}},{"type":"Polygon","arcs":[[2440]],"properties":{"anthrome":53}},{"type":"Polygon","arcs":[[2441,2442,2443]],"properties":{"anthrome":61}},{"type":"Polygon","arcs":[[2444,-2373,2445,2446,-2428]],"properties":{"anthrome":63}},{"type":"Polygon","arcs":[[2447]],"properties":{"anthrome":53}},{"type":"Polygon","arcs":[[2448,2449,2450,2451]],"properties":{"anthrome":42}},{"type":"Polygon","arcs":[[2452]],"properties":{"anthrome":61}},{"type":"Polygon","arcs":[[2453,-2136,2454,2455,2456,2457]],"properties":{"anthrome":61}},{"type":"Polygon","arcs":[[2458,2459,2460]],"properties":{"anthrome":61}},{"type":"Polygon","arcs":[[2461,2462,2463]],"properties":{"anthrome":53}},{"type":"Polygon","arcs":[[2464]],"properties":{"anthrome":53}},{"type":"Polygon","arcs":[[2465,2466,2467]],"properties":{"anthrome":62}},{"type":"Polygon","arcs":[[2468,2469]],"properties":{"anthrome":62}},{"type":"Polygon","arcs":[[2470,2471]],"properties":{"anthrome":62}},{"type":"Polygon","arcs":[[2472,2473,2474]],"properties":{"anthrome":61}},{"type":"Polygon","arcs":[[2475,2476,2477]],"properties":{"anthrome":33}},{"type":"Polygon","arcs":[[2478,2479]],"properties":{"anthrome":43}},{"type":"Polygon","arcs":[[2480]],"properties":{"anthrome":61}},{"type":"Polygon","arcs":[[2481,2482]],"properties":{"anthrome":41}},{"type":"Polygon","arcs":[[2483,2484,2485,2486]],"properties":{"anthrome":53}},{"type":"Polygon","arcs":[[2487,2488,2489,-2485]],"properties":{"anthrome":61}},{"type":"Polygon","arcs":[[2490,2491,2492]],"properties":{"anthrome":61}},{"type":"Polygon","arcs":[[2493]],"properties":{"anthrome":61}},{"type":"Polygon","arcs":[[2494]],"properties":{"anthrome":61}},{"type":"Polygon","arcs":[[2495,2496]],"properties":{"anthrome":53}},{"type":"Polygon","arcs":[[2497,-2456]],"properties":{"anthrome":62}},{"type":"Polygon","arcs":[[-2276,2498,2499,-2417]],"properties":{"anthrome":53}},{"type":"Polygon","arcs":[[-2422,2500,2501,2502]],"properties":{"anthrome":54}},{"type":"Polygon","arcs":[[2503,-2400,2504,2505]],"properties":{"anthrome":61}},{"type":"Polygon","arcs":[[2506,-2430,2507,2508,2509,-2467,2510,-2369]],"properties":{"anthrome":54}},{"type":"Polygon","arcs":[[2511,2512,2513]],"properties":{"anthrome":33}},{"type":"Polygon","arcs":[[2514,2515]],"properties":{"anthrome":53}},{"type":"Polygon","arcs":[[2516,2517,2518,2519]],"properties":{"anthrome":53}},{"type":"Polygon","arcs":[[2520]],"properties":{"anthrome":63}},{"type":"Polygon","arcs":[[2521]],"properties":{"anthrome":61}},{"type":"Polygon","arcs":[[-2510,2522]],"properties":{"anthrome":62}},{"type":"Polygon","arcs":[[2523,-2508]],"properties":{"anthrome":53}},{"type":"Polygon","arcs":[[2524,2525,2526,2527]],"properties":{"anthrome":53}},{"type":"Polygon","arcs":[[2528,2529,2530,-2526]],"properties":{"anthrome":54}},{"type":"Polygon","arcs":[[2531]],"properties":{"anthrome":53}},{"type":"Polygon","arcs":[[2532,2533]],"properties":{"anthrome":61}},{"type":"Polygon","arcs":[[-2474,2534,2535,2536]],"properties":{"anthrome":33}},{"type":"Polygon","arcs":[[2537,2538,2539,2540]],"properties":{"anthrome":61}},{"type":"Polygon","arcs":[[2541,2542,-2539]],"properties":{"anthrome":33}},{"type":"Polygon","arcs":[[-2451,2543,2544]],"properties":{"anthrome":43}},{"type":"Polygon","arcs":[[2545,2546,2547]],"properties":{"anthrome":61}},{"type":"Polygon","arcs":[[2548]],"properties":{"anthrome":53}},{"type":"Polygon","arcs":[[2549]],"properties":{"anthrome":54}},{"type":"Polygon","arcs":[[2550,2551,2552]],"properties":{"anthrome":54}},{"type":"Polygon","arcs":[[2553]],"properties":{"anthrome":62}},{"type":"Polygon","arcs":[[2554,2555,2556]],"properties":{"anthrome":54}},{"type":"Polygon","arcs":[[2557,2558]],"properties":{"anthrome":54}},{"type":"Polygon","arcs":[[2559,2560]],"properties":{"anthrome":54}},{"type":"Polygon","arcs":[[2561,2562,2563,2564]],"properties":{"anthrome":53}},{"type":"Polygon","arcs":[[2565,2566,2567,-2563]],"properties":{"anthrome":62}},{"type":"Polygon","arcs":[[2568]],"properties":{"anthrome":54}},{"type":"Polygon","arcs":[[2569,2570,-2109,2571]],"properties":{"anthrome":62}},{"type":"Polygon","arcs":[[2572,-1109,-1210,-1209,-1871,-1432,2573,2574,-1869,-1643,-1709,2575,-2154,2576,2577,2578,2579,2580,2581,2582,2583,-2449,2584,-1933,2585,-1704,2586,-1499,2587,-1429,2588,-1389,2589,-1310,2590,2591],[-1312,-1313],[-1390],[2592,-1765,-1764,2593,-1706,2594,2595,-1536],[2596,-2112,2597,-2286,-2285],[-2113]],"properties":{"anthrome":52}},{"type":"Polygon","arcs":[[2598]],"properties":{"anthrome":62}},{"type":"Polygon","arcs":[[2599,-2503,2600,2601,2602]],"properties":{"anthrome":53}},{"type":"Polygon","arcs":[[2603,2604,2605,2606,-2530,2607,-2446]],"properties":{"anthrome":62}},{"type":"Polygon","arcs":[[2608,2609,2610,2611]],"properties":{"anthrome":61}},{"type":"Polygon","arcs":[[2612,2613,2614]],"properties":{"anthrome":53}},{"type":"Polygon","arcs":[[2615,2616,2617]],"properties":{"anthrome":62}},{"type":"Polygon","arcs":[[2618,2619]],"properties":{"anthrome":62}},{"type":"Polygon","arcs":[[2620,2621,-2605]],"properties":{"anthrome":63}},{"type":"Polygon","arcs":[[2622]],"properties":{"anthrome":62}},{"type":"Polygon","arcs":[[2623]],"properties":{"anthrome":62}},{"type":"Polygon","arcs":[[2624,2625]],"properties":{"anthrome":62}},{"type":"Polygon","arcs":[[2626,2627,2628]],"properties":{"anthrome":52}},{"type":"Polygon","arcs":[[2629,2630,2631]],"properties":{"anthrome":33}},{"type":"Polygon","arcs":[[-2582,2632]],"properties":{"anthrome":61}},{"type":"Polygon","arcs":[[2633,2634,-2580]],"properties":{"anthrome":61}},{"type":"Polygon","arcs":[[2635,2636,2637]],"properties":{"anthrome":61}},{"type":"Polygon","arcs":[[2638]],"properties":{"anthrome":53}},{"type":"Polygon","arcs":[[2639,2640]],"properties":{"anthrome":52}},{"type":"Polygon","arcs":[[2641]],"properties":{"anthrome":61}},{"type":"Polygon","arcs":[[2642]],"properties":{"anthrome":61}},{"type":"Polygon","arcs":[[2643,2644,2645]],"properties":{"anthrome":54}},{"type":"Polygon","arcs":[[2646,2647,2648,2649]],"properties":{"anthrome":62}},{"type":"Polygon","arcs":[[2650,2651,-2648]],"properties":{"anthrome":54}},{"type":"Polygon","arcs":[[2652,2653]],"properties":{"anthrome":54}},{"type":"Polygon","arcs":[[2654,2655,2656]],"properties":{"anthrome":62}},{"type":"Polygon","arcs":[[2657,2658,2659,-2655,-2560,2660]],"properties":{"anthrome":53}},{"type":"Polygon","arcs":[[2661,2662,-2659]],"properties":{"anthrome":61}},{"type":"Polygon","arcs":[[2663,2664,2665,2666]],"properties":{"anthrome":54}},{"type":"Polygon","arcs":[[2667,2668,2669,2670]],"properties":{"anthrome":53}},{"type":"Polygon","arcs":[[2671,2672,2673]],"properties":{"anthrome":53}},{"type":"Polygon","arcs":[[2674]],"properties":{"anthrome":61}},{"type":"Polygon","arcs":[[2675,2676,2677]],"properties":{"anthrome":52}},{"type":"Polygon","arcs":[[2678,2679,2680,2681]],"properties":{"anthrome":54}},{"type":"Polygon","arcs":[[2682,2683,2684,2685,2686,2687,2688,2689,2690,-2567]],"properties":{"anthrome":54}},{"type":"Polygon","arcs":[[2691,2692,2693,2694]],"properties":{"anthrome":62}},{"type":"Polygon","arcs":[[2695,2696]],"properties":{"anthrome":62}},{"type":"Polygon","arcs":[[2697]],"properties":{"anthrome":34}},{"type":"Polygon","arcs":[[2698,2699,2700]],"properties":{"anthrome":61}},{"type":"Polygon","arcs":[[2701]],"properties":{"anthrome":61}},{"type":"Polygon","arcs":[[2702,-2676]],"properties":{"anthrome":43}},{"type":"Polygon","arcs":[[-2341,2703,2704,2705,2706]],"properties":{"anthrome":53}},{"type":"Polygon","arcs":[[2707]],"properties":{"anthrome":61}},{"type":"Polygon","arcs":[[2708]],"properties":{"anthrome":54}},{"type":"Polygon","arcs":[[2709,-800,2710,2711,2712,2713,-1551,-1550,2714,2715,2716,2717,2718,2719,2720,-2401,2721,-2444,-2553,2722,2723,2724,2725,-2398,-2268,2726,-1950,-1953,2727,-2223,2728,-2351,-2350,2729,-1018,2730,-959,-1265],[-1178],[-1120],[-1668],[-1615],[-1583],[-1646,-1645],[-1818],[-1954],[-2081],[-1955],[-2128],[-2550]],"properties":{"anthrome":53}},{"type":"Polygon","arcs":[[2731,2732,2733]],"properties":{"anthrome":52}},{"type":"Polygon","arcs":[[2734,2735]],"properties":{"anthrome":53}},{"type":"Polygon","arcs":[[2736]],"properties":{"anthrome":53}},{"type":"Polygon","arcs":[[2737]],"properties":{"anthrome":61}},{"type":"Polygon","arcs":[[2738]],"properties":{"anthrome":61}},{"type":"Polygon","arcs":[[2739]],"properties":{"anthrome":61}},{"type":"Polygon","arcs":[[-2649,2740,2741,2742]],"properties":{"anthrome":54}},{"type":"Polygon","arcs":[[2743,2744]],"properties":{"anthrome":54}},{"type":"Polygon","arcs":[[2745,2746,2747,2748]],"properties":{"anthrome":53}},{"type":"Polygon","arcs":[[2749,2750,2751,-2747]],"properties":{"anthrome":54}},{"type":"Polygon","arcs":[[2752,2753,2754]],"properties":{"anthrome":62}},{"type":"Polygon","arcs":[[2755,2756,-2668,2757,2758,2759]],"properties":{"anthrome":61}},{"type":"Polygon","arcs":[[-2629,2760,2761]],"properties":{"anthrome":33}},{"type":"Polygon","arcs":[[2762,2763,2764,2765]],"properties":{"anthrome":54}},{"type":"Polygon","arcs":[[2766,2767,2768]],"properties":{"anthrome":54}},{"type":"Polygon","arcs":[[2769,2770,2771]],"properties":{"anthrome":53}},{"type":"Polygon","arcs":[[2772,-2423,-2600,2773,2774,2775,2776,2777,-2670,2778,2779,2780,-2419,2781]],"properties":{"anthrome":62}},{"type":"Polygon","arcs":[[2782,2783,2784]],"properties":{"anthrome":54}},{"type":"Polygon","arcs":[[-2694,2785,2786,2787]],"properties":{"anthrome":53}},{"type":"Polygon","arcs":[[2788,2789,2790,2791]],"properties":{"anthrome":63}},{"type":"Polygon","arcs":[[2792]],"properties":{"anthrome":63}},{"type":"Polygon","arcs":[[2793]],"properties":{"anthrome":62}},{"type":"Polygon","arcs":[[2794]],"properties":{"anthrome":53}},{"type":"Polygon","arcs":[[2795,2796]],"properties":{"anthrome":63}},{"type":"Polygon","arcs":[[2797,2798,2799]],"properties":{"anthrome":43}},{"type":"Polygon","arcs":[[2800,2801,2802,2803]],"properties":{"anthrome":42}},{"type":"Polygon","arcs":[[2804,2805,2806]],"properties":{"anthrome":33}},{"type":"Polygon","arcs":[[-2677,2807]],"properties":{"anthrome":33}},{"type":"Polygon","arcs":[[2808,2809]],"properties":{"anthrome":61}},{"type":"Polygon","arcs":[[2810]],"properties":{"anthrome":54}},{"type":"Polygon","arcs":[[2811,2812,2813,2814]],"properties":{"anthrome":62}},{"type":"Polygon","arcs":[[2815]],"properties":{"anthrome":61}},{"type":"Polygon","arcs":[[2816,2817,2818]],"properties":{"anthrome":54}},{"type":"Polygon","arcs":[[2819,2820,2821,2822]],"properties":{"anthrome":61}},{"type":"Polygon","arcs":[[2823,2824,2825,2826]],"properties":{"anthrome":54}},{"type":"Polygon","arcs":[[2827,2828,2829,-2825]],"properties":{"anthrome":62}},{"type":"Polygon","arcs":[[2830,-2557,2831,2832]],"properties":{"anthrome":53}},{"type":"Polygon","arcs":[[2833,-2776]],"properties":{"anthrome":61}},{"type":"Polygon","arcs":[[2834,2835,2836]],"properties":{"anthrome":62}},{"type":"Polygon","arcs":[[2837,-1817,-2219,2838,2839,2840,2841,2842,2843,2844,2845,2846,2847,-2354]],"properties":{"anthrome":53}},{"type":"Polygon","arcs":[[2848,2849,2850,2851,2852]],"properties":{"anthrome":53}},{"type":"Polygon","arcs":[[2853,2854,-2785,2855,2856]],"properties":{"anthrome":62}},{"type":"Polygon","arcs":[[2857,2858,2859,2860,2861,2862]],"properties":{"anthrome":52}},{"type":"Polygon","arcs":[[2863,2864,2865,2866,2867,2868,2869]],"properties":{"anthrome":61}},{"type":"Polygon","arcs":[[2870]],"properties":{"anthrome":61}},{"type":"Polygon","arcs":[[2871,-2667,2872,-2749,2873,2874,2875,-2662]],"properties":{"anthrome":62}},{"type":"Polygon","arcs":[[2876,2877,2878,2879,-2519,2880,2881]],"properties":{"anthrome":62}},{"type":"Polygon","arcs":[[2882,2883]],"properties":{"anthrome":61}},{"type":"Polygon","arcs":[[-2791,2884,2885,2886]],"properties":{"anthrome":53}},{"type":"Polygon","arcs":[[-2799,2887,2888,2889]],"properties":{"anthrome":61}},{"type":"Polygon","arcs":[[2890,2891,2892,2893]],"properties":{"anthrome":43}},{"type":"Polygon","arcs":[[2894,2895,2896]],"properties":{"anthrome":42}},{"type":"Polygon","arcs":[[2897]],"properties":{"anthrome":53}},{"type":"Polygon","arcs":[[2898,2899,2900]],"properties":{"anthrome":54}},{"type":"Polygon","arcs":[[2901,2902,2903]],"properties":{"anthrome":53}},{"type":"Polygon","arcs":[[-2814,2904,2905,2906]],"properties":{"anthrome":53}},{"type":"Polygon","arcs":[[2907]],"properties":{"anthrome":53}},{"type":"Polygon","arcs":[[2908,2909,2910,2911]],"properties":{"anthrome":54}},{"type":"Polygon","arcs":[[2912,-2868,2913,2914]],"properties":{"anthrome":54}},{"type":"Polygon","arcs":[[2915,2916,2917,-2866]],"properties":{"anthrome":53}},{"type":"Polygon","arcs":[[2918]],"properties":{"anthrome":61}},{"type":"Polygon","arcs":[[2919]],"properties":{"anthrome":54}},{"type":"Polygon","arcs":[[2920,2921,2922]],"properties":{"anthrome":62}},{"type":"Polygon","arcs":[[2923,2924,2925,2926]],"properties":{"anthrome":62}},{"type":"Polygon","arcs":[[2927]],"properties":{"anthrome":62}},{"type":"Polygon","arcs":[[-2777,2928,2929,2930]],"properties":{"anthrome":61}},{"type":"Polygon","arcs":[[2931,-2734,2932,2933,2934,2935,2936,2937]],"properties":{"anthrome":53}},{"type":"Polygon","arcs":[[2938,-2227,-2506,2939,-2725,-2724,2940,-2551,-2443,2941,2942,2943,-2901,2944,2945,2946,2947,2948,-2840,2949],[-2639]],"properties":{"anthrome":52}},{"type":"Polygon","arcs":[[-2641,2950,2951,-2862,2952,2953,2954,2955,2956,2957,2958,2959,-2943]],"properties":{"anthrome":53}},{"type":"Polygon","arcs":[[2960,2961,2962,2963,2964,-2933]],"properties":{"anthrome":52}},{"type":"Polygon","arcs":[[2965,2966,2967,2968,-2962]],"properties":{"anthrome":53}},{"type":"Polygon","arcs":[[2969,2970,2971,2972,2973]],"properties":{"anthrome":54}},{"type":"Polygon","arcs":[[-2819,2974,-2923,2975,2976,2977,-2970]],"properties":{"anthrome":53}},{"type":"Polygon","arcs":[[2978,-2688,2979,2980,2981,-2751]],"properties":{"anthrome":62}},{"type":"Polygon","arcs":[[-2796,2982,2983]],"properties":{"anthrome":62}},{"type":"Polygon","arcs":[[2984,2985,2986,-2983]],"properties":{"anthrome":61}},{"type":"Polygon","arcs":[[2987,-2986]],"properties":{"anthrome":62}},{"type":"Polygon","arcs":[[2988,2989,-2958]],"properties":{"anthrome":52}},{"type":"Polygon","arcs":[[2990,2991,2992]],"properties":{"anthrome":61}},{"type":"Polygon","arcs":[[2993,2994,2995,-2929,-2834]],"properties":{"anthrome":53}},{"type":"Polygon","arcs":[[2996,2997,2998,-2836]],"properties":{"anthrome":53}},{"type":"Polygon","arcs":[[2999,-2528,3000,-2606,3001,3002,-2887,3003,3004,3005,3006,-2854,-2619,-2524]],"properties":{"anthrome":61}},{"type":"Polygon","arcs":[[3007,3008]],"properties":{"anthrome":63}},{"type":"Polygon","arcs":[[3009]],"properties":{"anthrome":53}},{"type":"Polygon","arcs":[[3010,3011,3012]],"properties":{"anthrome":51}},{"type":"Polygon","arcs":[[3013]],"properties":{"anthrome":51}},{"type":"Polygon","arcs":[[3014,3015,3016]],"properties":{"anthrome":41}},{"type":"Polygon","arcs":[[-2893,3017,3018,-3016]],"properties":{"anthrome":51}},{"type":"Polygon","arcs":[[3019,3020]],"properties":{"anthrome":43}},{"type":"Polygon","arcs":[[3021,3022,3023]],"properties":{"anthrome":51}},{"type":"Polygon","arcs":[[3024,3025,3026,3027]],"properties":{"anthrome":51}},{"type":"Polygon","arcs":[[3028,-2948,3029,-3026]],"properties":{"anthrome":53}},{"type":"Polygon","arcs":[[3030,3031]],"properties":{"anthrome":53}},{"type":"Polygon","arcs":[[3032,3033,3034,3035]],"properties":{"anthrome":53}},{"type":"Polygon","arcs":[[3036,3037,3038,-3034,3039,3040,3041,3042],[-2737],[-2908]],"properties":{"anthrome":61}},{"type":"Polygon","arcs":[[-2911,3043,3044]],"properties":{"anthrome":62}},{"type":"Polygon","arcs":[[3045,3046,3047]],"properties":{"anthrome":62}},{"type":"Polygon","arcs":[[3048,3049]],"properties":{"anthrome":62}},{"type":"Polygon","arcs":[[3050,3051,3052]],"properties":{"anthrome":62}},{"type":"Polygon","arcs":[[-1868,3053,-2382,3054,3055,-2807,3056,3057,3058,3059,3060,3061,3062,3063,-2891,3064,3065,-2546,3066,-2378,3067,-2152,-2151,3068,-1710,-1642],[-1935],[-2441],[-2381],[-2481]],"properties":{"anthrome":52}},{"type":"Polygon","arcs":[[3069,3070,-3009,3071,3072,3073,3074,3075,-2789,3076],[-2793]],"properties":{"anthrome":62}},{"type":"Polygon","arcs":[[3077,-2478,3078,-2541,-2630,3079,3080,3081,3082,3083,-2611,3084,-2536,3085]],"properties":{"anthrome":52}},{"type":"Polygon","arcs":[[3086,3087]],"properties":{"anthrome":53}},{"type":"Polygon","arcs":[[3088]],"properties":{"anthrome":62}},{"type":"Polygon","arcs":[[3089,-3074,3090]],"properties":{"anthrome":61}},{"type":"Polygon","arcs":[[3091,-3082,3092,3093]],"properties":{"anthrome":33}},{"type":"Polygon","arcs":[[-2803,3094,-3013,3095,3096,3097,3098,3099]],"properties":{"anthrome":52}},{"type":"Polygon","arcs":[[3100,3101]],"properties":{"anthrome":61}},{"type":"Polygon","arcs":[[3102,3103,3104,-2946]],"properties":{"anthrome":53}},{"type":"Polygon","arcs":[[-2900,3105,3106]],"properties":{"anthrome":52}},{"type":"Polygon","arcs":[[3107,3108,3109,3110]],"properties":{"anthrome":52}},{"type":"Polygon","arcs":[[3111,3112]],"properties":{"anthrome":61}},{"type":"Polygon","arcs":[[3113,3114,3115,3116]],"properties":{"anthrome":53}},{"type":"Polygon","arcs":[[3117,3118]],"properties":{"anthrome":61}},{"type":"Polygon","arcs":[[3119,3120,3121]],"properties":{"anthrome":54}},{"type":"Polygon","arcs":[[3122,3123,3124]],"properties":{"anthrome":61}},{"type":"Polygon","arcs":[[3125,-3096]],"properties":{"anthrome":51}},{"type":"Polygon","arcs":[[-3019,3126,3127,3128]],"properties":{"anthrome":24}},{"type":"Polygon","arcs":[[3129,-3060]],"properties":{"anthrome":43}},{"type":"Polygon","arcs":[[3130]],"properties":{"anthrome":53}},{"type":"Polygon","arcs":[[3131,3132]],"properties":{"anthrome":53}},{"type":"Polygon","arcs":[[3133,3134,3135]],"properties":{"anthrome":51}},{"type":"Polygon","arcs":[[3136,3137]],"properties":{"anthrome":52}},{"type":"Polygon","arcs":[[3138,3139,3140]],"properties":{"anthrome":53}},{"type":"Polygon","arcs":[[-3047,3141]],"properties":{"anthrome":54}},{"type":"Polygon","arcs":[[3142]],"properties":{"anthrome":62}},{"type":"Polygon","arcs":[[3143]],"properties":{"anthrome":62}},{"type":"Polygon","arcs":[[-2759,-2931,3144,3145,3146,3147,3148,3149,3150,-2850,3151]],"properties":{"anthrome":62}},{"type":"Polygon","arcs":[[3152,3153]],"properties":{"anthrome":61}},{"type":"Polygon","arcs":[[3154,-2972,3155,3156,3157,3158]],"properties":{"anthrome":62}},{"type":"Polygon","arcs":[[3159,-3120,3160,3161]],"properties":{"anthrome":53}},{"type":"Polygon","arcs":[[3162,3163]],"properties":{"anthrome":54}},{"type":"Polygon","arcs":[[3164,3165,3166,3167,3168]],"properties":{"anthrome":53}},{"type":"Polygon","arcs":[[-2996,3169,3170,3171,3172]],"properties":{"anthrome":62}},{"type":"Polygon","arcs":[[3173,3174]],"properties":{"anthrome":62}},{"type":"Polygon","arcs":[[3175]],"properties":{"anthrome":53}},{"type":"Polygon","arcs":[[3176,3177,3178,3179]],"properties":{"anthrome":63}},{"type":"Polygon","arcs":[[3180,3181,3182,-3178]],"properties":{"anthrome":62}},{"type":"Polygon","arcs":[[-3091,3183,-3118,-3004]],"properties":{"anthrome":53}},{"type":"Polygon","arcs":[[3184]],"properties":{"anthrome":62}},{"type":"Polygon","arcs":[[3185,3186]],"properties":{"anthrome":42}},{"type":"Polygon","arcs":[[3187,3188,3189,3190]],"properties":{"anthrome":41}},{"type":"Polygon","arcs":[[3191,3192,3193,-3189]],"properties":{"anthrome":61}},{"type":"Polygon","arcs":[[3194]],"properties":{"anthrome":33}},{"type":"Polygon","arcs":[[3195]],"properties":{"anthrome":32}},{"type":"Polygon","arcs":[[-3097,3196,3197,3198]],"properties":{"anthrome":42}},{"type":"Polygon","arcs":[[-3128,3199,3200,3201]],"properties":{"anthrome":51}},{"type":"Polygon","arcs":[[-3061,3202,3203,3204]],"properties":{"anthrome":33}},{"type":"Polygon","arcs":[[3205,-3203]],"properties":{"anthrome":51}},{"type":"Polygon","arcs":[[3206]],"properties":{"anthrome":54}},{"type":"Polygon","arcs":[[3207]],"properties":{"anthrome":54}},{"type":"Polygon","arcs":[[3208,3209]],"properties":{"anthrome":61}},{"type":"Polygon","arcs":[[3210]],"properties":{"anthrome":52}},{"type":"Polygon","arcs":[[3211]],"properties":{"anthrome":61}},{"type":"Polygon","arcs":[[3212,3213,3214]],"properties":{"anthrome":61}},{"type":"Polygon","arcs":[[3215,-3213]],"properties":{"anthrome":53}},{"type":"Polygon","arcs":[[3216,3217,3218,-3112,-2883,3219]],"properties":{"anthrome":53}},{"type":"Polygon","arcs":[[3220,3221,-3153]],"properties":{"anthrome":53}},{"type":"Polygon","arcs":[[3222]],"properties":{"anthrome":51}},{"type":"Polygon","arcs":[[3223,-2602,3224,-3051,3225,3226,3227,3228,-3171,3229,-2994,-2775]],"properties":{"anthrome":61}},{"type":"Polygon","arcs":[[3230,3231,3232,3233]],"properties":{"anthrome":61}},{"type":"Polygon","arcs":[[3234,3235,3236]],"properties":{"anthrome":61}},{"type":"Polygon","arcs":[[3237]],"properties":{"anthrome":53}},{"type":"Polygon","arcs":[[3238,3239,3240]],"properties":{"anthrome":63}},{"type":"Polygon","arcs":[[3241,-3232,3242,-3240]],"properties":{"anthrome":62}},{"type":"Polygon","arcs":[[3243,3244,3245]],"properties":{"anthrome":62}},{"type":"Polygon","arcs":[[3246]],"properties":{"anthrome":41}},{"type":"Polygon","arcs":[[3247,3248,3249,3250]],"properties":{"anthrome":51}},{"type":"Polygon","arcs":[[3251,3252,3253,-3249]],"properties":{"anthrome":41}},{"type":"Polygon","arcs":[[-3201,3254,3255,-3253]],"properties":{"anthrome":61}},{"type":"Polygon","arcs":[[3256,3257]],"properties":{"anthrome":52}},{"type":"Polygon","arcs":[[3258]],"properties":{"anthrome":61}},{"type":"Polygon","arcs":[[3259]],"properties":{"anthrome":33}},{"type":"Polygon","arcs":[[3260,3261]],"properties":{"anthrome":54}},{"type":"Polygon","arcs":[[3262]],"properties":{"anthrome":51}},{"type":"Polygon","arcs":[[3263]],"properties":{"anthrome":52}},{"type":"Polygon","arcs":[[3264,3265,3266]],"properties":{"anthrome":52}},{"type":"Polygon","arcs":[[-2976,3267,-3142,3268,3269,3270,-3235,3271,3272,3273,3274,3275]],"properties":{"anthrome":62}},{"type":"Polygon","arcs":[[3276,3277,-3273]],"properties":{"anthrome":53}},{"type":"Polygon","arcs":[[3278,3279]],"properties":{"anthrome":61}},{"type":"Polygon","arcs":[[-3214,3280,-3279]],"properties":{"anthrome":53}},{"type":"Polygon","arcs":[[3281,3282]],"properties":{"anthrome":53}},{"type":"Polygon","arcs":[[3283,3284,3285,3286]],"properties":{"anthrome":54}},{"type":"Polygon","arcs":[[3287,3288,3289]],"properties":{"anthrome":61}},{"type":"Polygon","arcs":[[-3229,3290,-3289]],"properties":{"anthrome":62}},{"type":"Polygon","arcs":[[3291]],"properties":{"anthrome":61}},{"type":"Polygon","arcs":[[3292,3293,-3210,3294,3295]],"properties":{"anthrome":52}},{"type":"Polygon","arcs":[[3296,3297,3298,3299,3300,3301]],"properties":{"anthrome":52}},{"type":"Polygon","arcs":[[3302,3303,3304,3305,3306,3307,-3262,3308,3309,3310]],"properties":{"anthrome":33}},{"type":"Polygon","arcs":[[3311,3312,3313,-3305]],"properties":{"anthrome":52}},{"type":"Polygon","arcs":[[3314,3315,3316]],"properties":{"anthrome":61}},{"type":"Polygon","arcs":[[3317]],"properties":{"anthrome":62}},{"type":"Polygon","arcs":[[3318,3319,3320,3321,3322,-3186,3323]],"properties":{"anthrome":52}},{"type":"Polygon","arcs":[[3324,3325,3326,3327,3328]],"properties":{"anthrome":41}},{"type":"Polygon","arcs":[[3329,3330,-3295,-3168,3331]],"properties":{"anthrome":61}},{"type":"Polygon","arcs":[[3332,3333,3334]],"properties":{"anthrome":53}},{"type":"Polygon","arcs":[[3335,3336,3337]],"properties":{"anthrome":53}},{"type":"Polygon","arcs":[[-3245,3338,3339]],"properties":{"anthrome":53}},{"type":"Polygon","arcs":[[3340,3341,-3321]],"properties":{"anthrome":51}},{"type":"Polygon","arcs":[[3342,3343,3344]],"properties":{"anthrome":42}},{"type":"Polygon","arcs":[[3345,3346]],"properties":{"anthrome":42}},{"type":"Polygon","arcs":[[3347,3348,3349,-3346]],"properties":{"anthrome":61}},{"type":"Polygon","arcs":[[3350]],"properties":{"anthrome":52}},{"type":"Polygon","arcs":[[3351]],"properties":{"anthrome":32}},{"type":"Polygon","arcs":[[3352,3353]],"properties":{"anthrome":52}},{"type":"Polygon","arcs":[[3354]],"properties":{"anthrome":52}},{"type":"Polygon","arcs":[[3355,3356,3357]],"properties":{"anthrome":53}},{"type":"Polygon","arcs":[[3358,3359,3360]],"properties":{"anthrome":54}},{"type":"Polygon","arcs":[[3361,3362,3363,-3360]],"properties":{"anthrome":53}},{"type":"Polygon","arcs":[[3364,3365,3366]],"properties":{"anthrome":54}},{"type":"Polygon","arcs":[[3367]],"properties":{"anthrome":53}},{"type":"Polygon","arcs":[[3368]],"properties":{"anthrome":53}},{"type":"Polygon","arcs":[[3369,3370]],"properties":{"anthrome":61}},{"type":"Polygon","arcs":[[3371,3372]],"properties":{"anthrome":61}},{"type":"Polygon","arcs":[[3373,-3296,3374,3375,3376,-3356,3377,-3298,3378,3379]],"properties":{"anthrome":54}},{"type":"Polygon","arcs":[[3380,-3244,3381]],"properties":{"anthrome":53}},{"type":"Polygon","arcs":[[3382,3383,3384,3385]],"properties":{"anthrome":53}},{"type":"Polygon","arcs":[[3386]],"properties":{"anthrome":53}},{"type":"Polygon","arcs":[[3387,3388,3389,3390,3391]],"properties":{"anthrome":32}},{"type":"Polygon","arcs":[[3392]],"properties":{"anthrome":62}},{"type":"Polygon","arcs":[[3393]],"properties":{"anthrome":53}},{"type":"Polygon","arcs":[[3394]],"properties":{"anthrome":62}},{"type":"Polygon","arcs":[[3395,3396,3397]],"properties":{"anthrome":61}},{"type":"Polygon","arcs":[[3398,3399]],"properties":{"anthrome":54}},{"type":"Polygon","arcs":[[3400]],"properties":{"anthrome":54}},{"type":"Polygon","arcs":[[3401,3402,3403,3404]],"properties":{"anthrome":53}},{"type":"Polygon","arcs":[[3405,3406,3407,-3403]],"properties":{"anthrome":52}},{"type":"Polygon","arcs":[[3408,3409,3410,-3407]],"properties":{"anthrome":53}},{"type":"Polygon","arcs":[[3411,3412]],"properties":{"anthrome":53}},{"type":"Polygon","arcs":[[3413,3414,3415]],"properties":{"anthrome":52}},{"type":"Polygon","arcs":[[-3377,3416,-3415]],"properties":{"anthrome":61}},{"type":"Polygon","arcs":[[3417]],"properties":{"anthrome":61}},{"type":"Polygon","arcs":[[3418,3419,3420,3421]],"properties":{"anthrome":62}},{"type":"Polygon","arcs":[[3422,3423,3424]],"properties":{"anthrome":54}},{"type":"Polygon","arcs":[[3425,3426,3427,3428]],"properties":{"anthrome":53}},{"type":"Polygon","arcs":[[3429,3430,3431,-3427]],"properties":{"anthrome":54}},{"type":"Polygon","arcs":[[3432]],"properties":{"anthrome":53}},{"type":"Polygon","arcs":[[3433]],"properties":{"anthrome":53}},{"type":"Polygon","arcs":[[3434,3435]],"properties":{"anthrome":61}},{"type":"Polygon","arcs":[[3436]],"properties":{"anthrome":62}},{"type":"Polygon","arcs":[[3437,3438,3439]],"properties":{"anthrome":53}},{"type":"Polygon","arcs":[[3440,3441,-3329,3442,3443,3444,3445,3446,-3320,3447,-3124,-3191,3448,-3193,-3081,3449,-2631,3450,-2542,3451],[-3195]],"properties":{"anthrome":32}},{"type":"Polygon","arcs":[[3452,3453,3454]],"properties":{"anthrome":41}},{"type":"Polygon","arcs":[[3455,3456,-3391,3457,3458,3459,3460,3461,3462,3463],[-3351]],"properties":{"anthrome":51}},{"type":"Polygon","arcs":[[3464,3465]],"properties":{"anthrome":53}},{"type":"Polygon","arcs":[[3466,3467,3468]],"properties":{"anthrome":51}},{"type":"Polygon","arcs":[[3469,3470,3471]],"properties":{"anthrome":33}},{"type":"Polygon","arcs":[[3472,3473]],"properties":{"anthrome":53}},{"type":"Polygon","arcs":[[3474,3475,3476,3477]],"properties":{"anthrome":53}},{"type":"Polygon","arcs":[[3478]],"properties":{"anthrome":33}},{"type":"Polygon","arcs":[[3479,3480]],"properties":{"anthrome":34}},{"type":"Polygon","arcs":[[3481,3482,3483]],"properties":{"anthrome":34}},{"type":"Polygon","arcs":[[3484,3485,3486,3487,3488,-3366]],"properties":{"anthrome":62}},{"type":"Polygon","arcs":[[3489,3490,3491,3492]],"properties":{"anthrome":61}},{"type":"Polygon","arcs":[[3493]],"properties":{"anthrome":53}},{"type":"Polygon","arcs":[[3494]],"properties":{"anthrome":61}},{"type":"Polygon","arcs":[[3495,3496,3497,-3468]],"properties":{"anthrome":52}},{"type":"Polygon","arcs":[[3498,3499,3500,-3497]],"properties":{"anthrome":32}},{"type":"Polygon","arcs":[[3501]],"properties":{"anthrome":32}},{"type":"Polygon","arcs":[[3502,3503]],"properties":{"anthrome":43}},{"type":"Polygon","arcs":[[3504,-3460,3505]],"properties":{"anthrome":32}},{"type":"Polygon","arcs":[[3506]],"properties":{"anthrome":42}},{"type":"Polygon","arcs":[[-3399,3507]],"properties":{"anthrome":52}},{"type":"Polygon","arcs":[[3508]],"properties":{"anthrome":52}},{"type":"Polygon","arcs":[[3509,3510]],"properties":{"anthrome":52}},{"type":"Polygon","arcs":[[-3417,3511,3512]],"properties":{"anthrome":53}},{"type":"Polygon","arcs":[[3513,3514,3515]],"properties":{"anthrome":61}},{"type":"Polygon","arcs":[[3516,3517,3518,3519,-3267,3520,3521,3522,3523,3524,3525,3526,-3166,3527,-2917],[-3211]],"properties":{"anthrome":54}},{"type":"Polygon","arcs":[[3528,3529,3530,3531]],"properties":{"anthrome":53}},{"type":"Polygon","arcs":[[3532,3533,3534]],"properties":{"anthrome":62}},{"type":"Polygon","arcs":[[3535,3536,3537,3538]],"properties":{"anthrome":52}},{"type":"Polygon","arcs":[[3539,3540]],"properties":{"anthrome":53}},{"type":"Polygon","arcs":[[3541]],"properties":{"anthrome":61}},{"type":"Polygon","arcs":[[3542,3543]],"properties":{"anthrome":62}},{"type":"Polygon","arcs":[[-3439,3544,3545,3546]],"properties":{"anthrome":61}},{"type":"Polygon","arcs":[[3547,3548,3549,3550,3551,3552,-3326,3553,-3441]],"properties":{"anthrome":51}},{"type":"Polygon","arcs":[[-3364,3554,3555,3556,3557]],"properties":{"anthrome":54}},{"type":"Polygon","arcs":[[3558]],"properties":{"anthrome":62}},{"type":"Polygon","arcs":[[3559,3560,3561,3562,3563,3564,-3420]],"properties":{"anthrome":54}},{"type":"Polygon","arcs":[[3565,3566]],"properties":{"anthrome":52}},{"type":"Polygon","arcs":[[3567,3568,3569,-3491,3570]],"properties":{"anthrome":53}},{"type":"Polygon","arcs":[[-3370,3571,3572,3573,3574,3575,3576,3577],[-3542]],"properties":{"anthrome":53}},{"type":"Polygon","arcs":[[3578,-3544,3579,-3547,3580,3581,3582,3583]],"properties":{"anthrome":53}},{"type":"Polygon","arcs":[[3584,3585]],"properties":{"anthrome":53}},{"type":"Polygon","arcs":[[3586,3587]],"properties":{"anthrome":32}},{"type":"Polygon","arcs":[[3588]],"properties":{"anthrome":51}},{"type":"Polygon","arcs":[[3589,3590,3591,-3550,3592]],"properties":{"anthrome":32}},{"type":"Polygon","arcs":[[3593,3594,3595]],"properties":{"anthrome":42}},{"type":"Polygon","arcs":[[-3454,3596,3597,-3594]],"properties":{"anthrome":52}},{"type":"Polygon","arcs":[[3598,3599,3600,-3597]],"properties":{"anthrome":42}},{"type":"Polygon","arcs":[[3601,3602]],"properties":{"anthrome":51}},{"type":"Polygon","arcs":[[3603]],"properties":{"anthrome":52}},{"type":"Polygon","arcs":[[3604,3605,3606]],"properties":{"anthrome":52}},{"type":"Polygon","arcs":[[3607,3608]],"properties":{"anthrome":33}},{"type":"Polygon","arcs":[[3609,3610,3611]],"properties":{"anthrome":43}},{"type":"Polygon","arcs":[[3612]],"properties":{"anthrome":53}},{"type":"Polygon","arcs":[[3613,3614,-3562]],"properties":{"anthrome":53}},{"type":"Polygon","arcs":[[3615,3616,3617]],"properties":{"anthrome":53}},{"type":"Polygon","arcs":[[3618,3619,3620]],"properties":{"anthrome":53}},{"type":"Polygon","arcs":[[3621,3622,3623,3624]],"properties":{"anthrome":61}},{"type":"Polygon","arcs":[[3625,3626,3627,-3623]],"properties":{"anthrome":62}},{"type":"Polygon","arcs":[[-3488,3628,3629,-3627]],"properties":{"anthrome":53}},{"type":"Polygon","arcs":[[3630,3631,3632]],"properties":{"anthrome":62}},{"type":"Polygon","arcs":[[3633,3634]],"properties":{"anthrome":62}},{"type":"Polygon","arcs":[[3635,3636]],"properties":{"anthrome":53}},{"type":"Polygon","arcs":[[3637,3638,3639,3640]],"properties":{"anthrome":53}},{"type":"Polygon","arcs":[[3641]],"properties":{"anthrome":53}},{"type":"Polygon","arcs":[[3642]],"properties":{"anthrome":62}},{"type":"Polygon","arcs":[[-3477,3643]],"properties":{"anthrome":54}},{"type":"Polygon","arcs":[[3644,3645,-3581]],"properties":{"anthrome":61}},{"type":"Polygon","arcs":[[-3546,3646,-3645]],"properties":{"anthrome":53}},{"type":"Polygon","arcs":[[3647,3648,3649,3650,3651,3652,3653,3654,3655,3656,3657]],"properties":{"anthrome":34}},{"type":"Polygon","arcs":[[3658,-3484,3659,3660,-3611,3661,3662]],"properties":{"anthrome":33}},{"type":"Polygon","arcs":[[3663,3664,-3140,-2978,3665,-3275,3666,-3367,-3425,3667,-3532,3668,-3621,3669,3670,3671,-3618,3672,3673,3674,-3422,3675,3676,3677,-3363,3678,3679,3680],[-3393]],"properties":{"anthrome":61}},{"type":"Polygon","arcs":[[3681,3682,3683,3684]],"properties":{"anthrome":53}},{"type":"Polygon","arcs":[[3685,-3506,3686,3687]],"properties":{"anthrome":52}},{"type":"Polygon","arcs":[[3688,3689,3690]],"properties":{"anthrome":42}},{"type":"Polygon","arcs":[[3691,3692,3693,-3600]],"properties":{"anthrome":41}},{"type":"Polygon","arcs":[[3694,3695,3696,3697]],"properties":{"anthrome":34}},{"type":"Polygon","arcs":[[3698,-1028,3699,3700,3701,3702,-2646,3703,3704,3705,-2827,3706,3707,3708,3709,-3269,-3046,-3048,-3268,-2922,3710,-2817,-2974,3711,-3159,3712,-3681,-3680,3713,-3361,-3558,3714,3715,3716,3717,3718,-3523,3719,-3317,3720,3721,-3519,3722,-2870,3723,-2915,3724,-3380,3725,3726,3727,-2993,3728,3729,-3043,3730,3731,3732,3733,3734,3735,3736,3737,3738,3739],[-1225],[-1320],[-1321],[-1417],[-1445],[-1474],[-1509],[-1508],[-1585],[-1900],[-2130],[-2360],[-2453],[-2405],[-2494],[-2495],[-2675],[-2642],[-2643],[-2738],[-2739],[-2740],[3740,-2927,-2926,3741,-2820,3742,-2769],[-2919],[-2871],[-2816],[-2920],[-3212]],"properties":{"anthrome":53}},{"type":"Polygon","arcs":[[3743,3744,3745,3746]],"properties":{"anthrome":53}},{"type":"Polygon","arcs":[[-3570,3747,3748]],"properties":{"anthrome":52}},{"type":"Polygon","arcs":[[3749,3750,3751]],"properties":{"anthrome":53}},{"type":"Polygon","arcs":[[3752]],"properties":{"anthrome":53}},{"type":"Polygon","arcs":[[3753,3754,3755]],"properties":{"anthrome":51}},{"type":"Polygon","arcs":[[3756,3757]],"properties":{"anthrome":51}},{"type":"Polygon","arcs":[[3758,3759]],"properties":{"anthrome":51}},{"type":"Polygon","arcs":[[3760,3761,-3590,3762]],"properties":{"anthrome":52}},{"type":"Polygon","arcs":[[3763]],"properties":{"anthrome":43}},{"type":"Polygon","arcs":[[3764,3765,3766,3767]],"properties":{"anthrome":32}},{"type":"Polygon","arcs":[[3768]],"properties":{"anthrome":53}},{"type":"Polygon","arcs":[[3769]],"properties":{"anthrome":33}},{"type":"Polygon","arcs":[[3770]],"properties":{"anthrome":33}},{"type":"Polygon","arcs":[[3771,3772,3773,3774]],"properties":{"anthrome":33}},{"type":"Polygon","arcs":[[3775]],"properties":{"anthrome":62}},{"type":"Polygon","arcs":[[-3376,3776,3777,3778,3779,3780,3781,3782]],"properties":{"anthrome":52}},{"type":"Polygon","arcs":[[3783,3784,3785]],"properties":{"anthrome":61}},{"type":"Polygon","arcs":[[3786]],"properties":{"anthrome":53}},{"type":"Polygon","arcs":[[3787,3788,3789]],"properties":{"anthrome":53}},{"type":"Polygon","arcs":[[3790]],"properties":{"anthrome":54}},{"type":"Polygon","arcs":[[3791,3792,3793,3794]],"properties":{"anthrome":62}},{"type":"Polygon","arcs":[[3795,3796,-3670]],"properties":{"anthrome":53}},{"type":"Polygon","arcs":[[-3632,3797,3798,3799]],"properties":{"anthrome":61}},{"type":"Polygon","arcs":[[3800,3801,-3745]],"properties":{"anthrome":61}},{"type":"Polygon","arcs":[[3802,3803,3804]],"properties":{"anthrome":52}},{"type":"Polygon","arcs":[[-3637,-3540,3805,3806,3807,-3568]],"properties":{"anthrome":61}},{"type":"Polygon","arcs":[[-3640,3808,3809,3810]],"properties":{"anthrome":62}},{"type":"Polygon","arcs":[[3811]],"properties":{"anthrome":53}},{"type":"Polygon","arcs":[[3812,3813,3814,3815]],"properties":{"anthrome":54}},{"type":"Polygon","arcs":[[3816,3817,3818,3819]],"properties":{"anthrome":62}},{"type":"Polygon","arcs":[[3820,3821,-3818]],"properties":{"anthrome":61}},{"type":"Polygon","arcs":[[3822]],"properties":{"anthrome":61}},{"type":"Polygon","arcs":[[3823,-3525,3824,3825,3826,3827,3828,3829,3830,-3516,3831,3832,-3331],[-3418]],"properties":{"anthrome":53}},{"type":"Polygon","arcs":[[3833,3834,3835,-3605,-3510,3836]],"properties":{"anthrome":53}},{"type":"Polygon","arcs":[[3837,-3718,3838,3839,3840,3841,-3826]],"properties":{"anthrome":61}},{"type":"Polygon","arcs":[[3842,3843]],"properties":{"anthrome":53}},{"type":"Polygon","arcs":[[-3573,3844,3845,3846]],"properties":{"anthrome":54}},{"type":"Polygon","arcs":[[3847]],"properties":{"anthrome":63}},{"type":"Polygon","arcs":[[3848]],"properties":{"anthrome":61}},{"type":"Polygon","arcs":[[3849,-3761,3850,3851,-3592]],"properties":{"anthrome":51}},{"type":"Polygon","arcs":[[3852]],"properties":{"anthrome":32}},{"type":"Polygon","arcs":[[-3678,3853,3854,3855,3856,-3555]],"properties":{"anthrome":53}},{"type":"Polygon","arcs":[[3857,3858,3859,3860]],"properties":{"anthrome":53}},{"type":"Polygon","arcs":[[3861,3862,3863,3864]],"properties":{"anthrome":62}},{"type":"Polygon","arcs":[[3865]],"properties":{"anthrome":62}},{"type":"Polygon","arcs":[[3866,3867,3868]],"properties":{"anthrome":32}},{"type":"Polygon","arcs":[[3869,3870,3871,3872]],"properties":{"anthrome":23}},{"type":"Polygon","arcs":[[3873,3874,3875,3876]],"properties":{"anthrome":52}},{"type":"Polygon","arcs":[[3877]],"properties":{"anthrome":54}},{"type":"Polygon","arcs":[[3878,3879,3880,3881,-3653]],"properties":{"anthrome":54}},{"type":"Polygon","arcs":[[3882,3883]],"properties":{"anthrome":33}},{"type":"Polygon","arcs":[[3884,3885,3886]],"properties":{"anthrome":62}},{"type":"Polygon","arcs":[[3887]],"properties":{"anthrome":62}},{"type":"Polygon","arcs":[[3888,3889]],"properties":{"anthrome":52}},{"type":"Polygon","arcs":[[3890,-3841,3891,3892]],"properties":{"anthrome":62}},{"type":"Polygon","arcs":[[3893,-3839,3894]],"properties":{"anthrome":53}},{"type":"Polygon","arcs":[[3895,3896,3897]],"properties":{"anthrome":62}},{"type":"Polygon","arcs":[[3898,3899,3900,3901]],"properties":{"anthrome":54}},{"type":"Polygon","arcs":[[3902,3903,-3900]],"properties":{"anthrome":61}},{"type":"Polygon","arcs":[[-3799,3904,3905,3906]],"properties":{"anthrome":53}},{"type":"Polygon","arcs":[[3907,3908]],"properties":{"anthrome":52}},{"type":"Polygon","arcs":[[3909,3910,3911]],"properties":{"anthrome":52}},{"type":"Polygon","arcs":[[3912]],"properties":{"anthrome":62}},{"type":"Polygon","arcs":[[3913,3914]],"properties":{"anthrome":54}},{"type":"Polygon","arcs":[[3915,3916,3917,3918]],"properties":{"anthrome":54}},{"type":"Polygon","arcs":[[3919,-3576,3920,-3865,3921,3922,3923]],"properties":{"anthrome":61}},{"type":"Polygon","arcs":[[3924,-3345,3925,-3445,3926,-3758,3927,-3869,3928,3929,3930,3931,3932,-3500,3933,3934,3935,-3341],[-3502],[-3588,-3587]],"properties":{"anthrome":41}},{"type":"Polygon","arcs":[[3936,3937,3938,3939]],"properties":{"anthrome":62}},{"type":"Polygon","arcs":[[-3464,3940,-3768,3941,3942,3943,-3602,3944,3945]],"properties":{"anthrome":52}},{"type":"Polygon","arcs":[[3946,3947,3948,3949,3950]],"properties":{"anthrome":43}},{"type":"Polygon","arcs":[[3951]],"properties":{"anthrome":63}},{"type":"Polygon","arcs":[[3952]],"properties":{"anthrome":63}},{"type":"Polygon","arcs":[[3953,3954,3955]],"properties":{"anthrome":62}},{"type":"Polygon","arcs":[[3956,3957,3958,3959]],"properties":{"anthrome":52}},{"type":"Polygon","arcs":[[3960,3961,-3875,-3687]],"properties":{"anthrome":32}},{"type":"Polygon","arcs":[[3962,3963,3964,3965,-3830]],"properties":{"anthrome":61}},{"type":"Polygon","arcs":[[3966,3967,3968,3969]],"properties":{"anthrome":61}},{"type":"Polygon","arcs":[[3970,3971,3972,3973]],"properties":{"anthrome":53}},{"type":"Polygon","arcs":[[3974,-3436,-3924,3975,3976,3977,-3915,3978,3979]],"properties":{"anthrome":53}},{"type":"Polygon","arcs":[[-2852,3980,-3150,3981,-3335,3982,-3147,3983,-3116,3984,-3440,3985,-3584,3986,3987,3988,3989,3990,3991,-3750,-3476,3992,-3285,3993,-3217,3994],[-3437]],"properties":{"anthrome":61}},{"type":"Polygon","arcs":[[3995,3996,-3989]],"properties":{"anthrome":53}},{"type":"Polygon","arcs":[[3997,3998,3999,4000]],"properties":{"anthrome":53}},{"type":"Polygon","arcs":[[4001,4002,-3959]],"properties":{"anthrome":51}},{"type":"Polygon","arcs":[[4003,4004]],"properties":{"anthrome":32}},{"type":"Polygon","arcs":[[4005,4006,4007]],"properties":{"anthrome":23}},{"type":"Polygon","arcs":[[4008,4009,4010]],"properties":{"anthrome":32}},{"type":"Polygon","arcs":[[4011,4012,4013,4014]],"properties":{"anthrome":51}},{"type":"Polygon","arcs":[[4015,4016]],"properties":{"anthrome":32}},{"type":"Polygon","arcs":[[4017,4018,4019]],"properties":{"anthrome":52}},{"type":"Polygon","arcs":[[4020]],"properties":{"anthrome":61}},{"type":"Polygon","arcs":[[4021]],"properties":{"anthrome":33}},{"type":"Polygon","arcs":[[4022]],"properties":{"anthrome":33}},{"type":"Polygon","arcs":[[4023]],"properties":{"anthrome":33}},{"type":"Polygon","arcs":[[4024,4025,4026]],"properties":{"anthrome":33}},{"type":"Polygon","arcs":[[4027,4028]],"properties":{"anthrome":33}},{"type":"Polygon","arcs":[[4029,4030]],"properties":{"anthrome":62}},{"type":"Polygon","arcs":[[4031,4032]],"properties":{"anthrome":62}},{"type":"Polygon","arcs":[[4033,4034,4035,4036]],"properties":{"anthrome":54}},{"type":"Polygon","arcs":[[4037,4038,4039]],"properties":{"anthrome":53}},{"type":"Polygon","arcs":[[-3969,4040,-4038]],"properties":{"anthrome":54}},{"type":"Polygon","arcs":[[4041,4042,4043,4044]],"properties":{"anthrome":61}},{"type":"Polygon","arcs":[[-3918,4045,4046,4047]],"properties":{"anthrome":53}},{"type":"Polygon","arcs":[[4048,4049,4050,4051,4052,4053,4054,4055,4056,4057,4058,4059],[-3791]],"properties":{"anthrome":62}},{"type":"Polygon","arcs":[[-2438,-2023,-2516,-2682,-2744,-2653,-2559,4060,-2556,4061,-2833,4062,4063,4064,4065,-3536,4066,4067,4068,4069,4070,-3909,4071,4072,4073,4074,4075,4076,4077,4078,-3858,-3744,4079,4080,-3635,4081,-3631,-3533,4082,4083,4084,-3486,-3271,4085,-3709,4086,4087,-3705,4088,4089,-3702],[-1959,-1960],[-2230],[-2132],[-2554],[4090,4091,-3429,4092,4093,-3473],[-3394],[-3433],[-3434]],"properties":{"anthrome":61}},{"type":"Polygon","arcs":[[4094,4095,4096,4097,4098]],"properties":{"anthrome":54}},{"type":"Polygon","arcs":[[-3655,4099,4100,4101,4102,4103,4104,4105]],"properties":{"anthrome":33}},{"type":"Polygon","arcs":[[-3939,4106,4107,4108]],"properties":{"anthrome":53}},{"type":"Polygon","arcs":[[4109,4110,4111,4112,4113,-3911]],"properties":{"anthrome":53}},{"type":"Polygon","arcs":[[4114,4115,4116,4117]],"properties":{"anthrome":62}},{"type":"Polygon","arcs":[[4118,4119,-4025,4120,4121,4122,4123,4124,4125,4126],[-4024]],"properties":{"anthrome":34}},{"type":"Polygon","arcs":[[4127,4128,4129,4130]],"properties":{"anthrome":43}},{"type":"Polygon","arcs":[[4131,4132]],"properties":{"anthrome":61}},{"type":"Polygon","arcs":[[4133,4134,4135,4136,4137,4138]],"properties":{"anthrome":62}},{"type":"Polygon","arcs":[[-4000,4139,4140,4141]],"properties":{"anthrome":61}},{"type":"Polygon","arcs":[[4142,4143]],"properties":{"anthrome":61}},{"type":"Polygon","arcs":[[4144,4145,4146]],"properties":{"anthrome":53}},{"type":"Polygon","arcs":[[4147,4148,4149,4150]],"properties":{"anthrome":53}},{"type":"Polygon","arcs":[[4151,4152]],"properties":{"anthrome":41}},{"type":"Polygon","arcs":[[4153,4154,4155,4156]],"properties":{"anthrome":41}},{"type":"Polygon","arcs":[[4157,4158,4159,4160]],"properties":{"anthrome":51}},{"type":"Polygon","arcs":[[-4014,4161,4162,4163]],"properties":{"anthrome":32}},{"type":"Polygon","arcs":[[4164,4165,-4162]],"properties":{"anthrome":41}},{"type":"Polygon","arcs":[[4166,4167]],"properties":{"anthrome":52}},{"type":"Polygon","arcs":[[4168,4169,4170,4171]],"properties":{"anthrome":33}},{"type":"Polygon","arcs":[[4172,4173,-4104]],"properties":{"anthrome":54}},{"type":"Polygon","arcs":[[4174,4175,4176,4177]],"properties":{"anthrome":54}},{"type":"Polygon","arcs":[[-4026,4178,4179,4180]],"properties":{"anthrome":54}},{"type":"Polygon","arcs":[[4181,4182,4183,4184]],"properties":{"anthrome":34}},{"type":"Polygon","arcs":[[4185]],"properties":{"anthrome":33}},{"type":"Polygon","arcs":[[4186,4187,4188,4189]],"properties":{"anthrome":52}},{"type":"Polygon","arcs":[[4190,4191,4192,-4188]],"properties":{"anthrome":43}},{"type":"Polygon","arcs":[[4193]],"properties":{"anthrome":54}},{"type":"Polygon","arcs":[[4194,4195,4196,4197]],"properties":{"anthrome":53}},{"type":"Polygon","arcs":[[4198,4199,4200,-4196]],"properties":{"anthrome":61}},{"type":"Polygon","arcs":[[4201,4202,4203]],"properties":{"anthrome":61}},{"type":"Polygon","arcs":[[-4036,4204,4205,4206]],"properties":{"anthrome":42}},{"type":"Polygon","arcs":[[-4052,4207,4208]],"properties":{"anthrome":43}},{"type":"Polygon","arcs":[[-3968,4209]],"properties":{"anthrome":54}},{"type":"Polygon","arcs":[[4210,4211,4212]],"properties":{"anthrome":53}},{"type":"Polygon","arcs":[[4213]],"properties":{"anthrome":54}},{"type":"Polygon","arcs":[[-4136,4214,4215]],"properties":{"anthrome":53}},{"type":"Polygon","arcs":[[4216,4217]],"properties":{"anthrome":62}},{"type":"Polygon","arcs":[[4218]],"properties":{"anthrome":62}},{"type":"Polygon","arcs":[[-4047,4219,4220]],"properties":{"anthrome":61}},{"type":"Polygon","arcs":[[-3990,4221,-4220]],"properties":{"anthrome":53}},{"type":"Polygon","arcs":[[-3716,4222,4223,-3856,4224,4225,-3901,4226,4227,4228,-4049]],"properties":{"anthrome":61}},{"type":"Polygon","arcs":[[4229,4230,-4144,4231,4232,4233]],"properties":{"anthrome":53}},{"type":"Polygon","arcs":[[-2954,4234,-2860,4235,-2935,4236,-2964,4237,-2968,4238,-2904,-3032,4239,-3036,4240,-3038,-3045,-3728,4241,-3301,4242,-3413,4243,-3416,-3513,4244,-3782,4245,4246,4247,4248,4249,-4192,4250,-4030,-3886,4251,-3695,-3483,4252,-3663,4253,-3612,4254,-3481,4255,-3951,4256,-4127,4257,4258,-3650,4259],[-3264],[-3355],[-3405,4260,-3410,4261],[-3613],[-3776],[-3888]],"properties":{"anthrome":54}},{"type":"Polygon","arcs":[[4262,-4008,4263,4264]],"properties":{"anthrome":32}},{"type":"Polygon","arcs":[[-3872,4265,4266,-4159,4267,4268,4269,4270,4271,4272,4273,4274]],"properties":{"anthrome":41}},{"type":"Polygon","arcs":[[4275,4276,4277,4278]],"properties":{"anthrome":32}},{"type":"Polygon","arcs":[[4279,4280,4281,4282]],"properties":{"anthrome":62}},{"type":"Polygon","arcs":[[4283,4284,4285]],"properties":{"anthrome":51}},{"type":"Polygon","arcs":[[4286,4287,4288,-4264]],"properties":{"anthrome":23}},{"type":"Polygon","arcs":[[4289,4290,4291,4292,-4155]],"properties":{"anthrome":51}},{"type":"Polygon","arcs":[[4293,4294,4295]],"properties":{"anthrome":32}},{"type":"Polygon","arcs":[[4296,-4185,4297,4298,4299,4300,4301,-4179]],"properties":{"anthrome":33}},{"type":"Polygon","arcs":[[4302,4303,4304]],"properties":{"anthrome":62}},{"type":"Polygon","arcs":[[4305,4306,4307]],"properties":{"anthrome":53}},{"type":"Polygon","arcs":[[4308,4309]],"properties":{"anthrome":61}},{"type":"Polygon","arcs":[[4310,4311,-4309]],"properties":{"anthrome":53}},{"type":"Polygon","arcs":[[4312]],"properties":{"anthrome":62}},{"type":"Polygon","arcs":[[4313,4314,4315,-4232]],"properties":{"anthrome":61}},{"type":"Polygon","arcs":[[4316,4317]],"properties":{"anthrome":61}},{"type":"Polygon","arcs":[[4318]],"properties":{"anthrome":53}},{"type":"Polygon","arcs":[[4319,4320,4321]],"properties":{"anthrome":53}},{"type":"Polygon","arcs":[[4322,4323,4324]],"properties":{"anthrome":63}},{"type":"Polygon","arcs":[[4325,4326,4327]],"properties":{"anthrome":41}},{"type":"Polygon","arcs":[[4328,4329,4330,-4326]],"properties":{"anthrome":51}},{"type":"Polygon","arcs":[[-4293,4331,4332]],"properties":{"anthrome":41}},{"type":"Polygon","arcs":[[4333,4334,4335,-4273]],"properties":{"anthrome":51}},{"type":"Polygon","arcs":[[4336,4337,-4335]],"properties":{"anthrome":41}},{"type":"Polygon","arcs":[[4338]],"properties":{"anthrome":41}},{"type":"Polygon","arcs":[[4339,4340,4341]],"properties":{"anthrome":32}},{"type":"Polygon","arcs":[[4342]],"properties":{"anthrome":52}},{"type":"Polygon","arcs":[[4343,4344]],"properties":{"anthrome":34}},{"type":"Polygon","arcs":[[4345,4346]],"properties":{"anthrome":54}},{"type":"Polygon","arcs":[[4347,4348]],"properties":{"anthrome":54}},{"type":"Polygon","arcs":[[4349]],"properties":{"anthrome":62}},{"type":"Polygon","arcs":[[4350,-4249,4351]],"properties":{"anthrome":62}},{"type":"Polygon","arcs":[[4352,4353]],"properties":{"anthrome":54}},{"type":"Polygon","arcs":[[-4060,4354,-3790,4355,-3898,-4033,4356,4357,4358,4359,-3895,-3717],[-3787]],"properties":{"anthrome":61}},{"type":"Polygon","arcs":[[4360,4361,4362]],"properties":{"anthrome":54}},{"type":"Polygon","arcs":[[4363,4364,4365,-4361]],"properties":{"anthrome":53}},{"type":"Polygon","arcs":[[4366]],"properties":{"anthrome":53}},{"type":"Polygon","arcs":[[4367,4368,4369]],"properties":{"anthrome":53}},{"type":"Polygon","arcs":[[4370,4371,4372]],"properties":{"anthrome":23}},{"type":"Polygon","arcs":[[4373,4374,4375,4376,-4170]],"properties":{"anthrome":52}},{"type":"Polygon","arcs":[[4377,4378]],"properties":{"anthrome":42}},{"type":"Polygon","arcs":[[4379,-3625,4380,4381,-3534,4382,-3970,-4040,4383,4384,4385,4386,4387,4388,4389,-4227,-3904,4390,-3796,-3620]],"properties":{"anthrome":54}},{"type":"Polygon","arcs":[[-2558,-2654,-2745,-2681,4391,4392,-3215,-3280,4393,-3490,4394,-3567,4395,-3492,-3749,-3912,4396,4397,-4133,-4363,4398,4399,4400,4401,-4073,4402,4403,-3805,4404,-4068,4405,-3538,4406,-4065,4407,-2741,-2652],[-4214]],"properties":{"anthrome":53}},{"type":"Polygon","arcs":[[4408]],"properties":{"anthrome":53}},{"type":"Polygon","arcs":[[4409,4410]],"properties":{"anthrome":53}},{"type":"Polygon","arcs":[[4411]],"properties":{"anthrome":53}},{"type":"Polygon","arcs":[[4412,4413]],"properties":{"anthrome":53}},{"type":"Polygon","arcs":[[-4156,4414,4415,4416,-4289,4417]],"properties":{"anthrome":32}},{"type":"Polygon","arcs":[[-4332,4418,4419,4420]],"properties":{"anthrome":51}},{"type":"Polygon","arcs":[[4421,4422,4423]],"properties":{"anthrome":51}},{"type":"Polygon","arcs":[[4424,4425]],"properties":{"anthrome":41}},{"type":"Polygon","arcs":[[4426]],"properties":{"anthrome":32}},{"type":"Polygon","arcs":[[4427,4428,4429,4430]],"properties":{"anthrome":34}},{"type":"Polygon","arcs":[[4431,4432,-4429]],"properties":{"anthrome":43}},{"type":"Polygon","arcs":[[-4248,4433,4434]],"properties":{"anthrome":33}},{"type":"Polygon","arcs":[[4435,4436,4437,4438]],"properties":{"anthrome":54}},{"type":"Polygon","arcs":[[4439,4440,4441,4442]],"properties":{"anthrome":62}},{"type":"Polygon","arcs":[[4443,4444,4445,-4441]],"properties":{"anthrome":54}},{"type":"Polygon","arcs":[[4446,4447,4448,4449]],"properties":{"anthrome":62}},{"type":"Polygon","arcs":[[4450,4451,-4387]],"properties":{"anthrome":53}},{"type":"Polygon","arcs":[[4452,4453]],"properties":{"anthrome":62}},{"type":"Polygon","arcs":[[-4362,4454,4455]],"properties":{"anthrome":53}},{"type":"Polygon","arcs":[[-4369,4456,4457]],"properties":{"anthrome":54}},{"type":"Polygon","arcs":[[4458,4459,4460,4461,4462]],"properties":{"anthrome":53}},{"type":"Polygon","arcs":[[4463,4464,-4217,4465,4466,4467,4468,4469,4470,4471]],"properties":{"anthrome":61}},{"type":"Polygon","arcs":[[-3828,4472,-3893,4473,-4359,4474,-4443,4475,4476,4477,-4202,4478,4479,4480,-4200,4481,-4198,4482,4483,4484,4485,4486,4487,-3964,4488]],"properties":{"anthrome":54}},{"type":"Polygon","arcs":[[-4054,4489,4490,4491,4492,-4450,4493,4494,-4130,4495]],"properties":{"anthrome":54}},{"type":"Polygon","arcs":[[4496,4497,-4215,4498,4499,4500,4501,4502,-4112,4503]],"properties":{"anthrome":54}},{"type":"Polygon","arcs":[[4504,4505]],"properties":{"anthrome":61}},{"type":"Polygon","arcs":[[-4471,4506,4507,-4505]],"properties":{"anthrome":53}},{"type":"Polygon","arcs":[[4508,4509,4510]],"properties":{"anthrome":51}},{"type":"Polygon","arcs":[[4511,-4389,4512,4513]],"properties":{"anthrome":42}},{"type":"Polygon","arcs":[[-4456,4514,4515,4516,-4399]],"properties":{"anthrome":61}},{"type":"Polygon","arcs":[[4517,4518,4519,-4501]],"properties":{"anthrome":53}},{"type":"Polygon","arcs":[[4520]],"properties":{"anthrome":61}},{"type":"Polygon","arcs":[[4521]],"properties":{"anthrome":53}},{"type":"Polygon","arcs":[[4522]],"properties":{"anthrome":61}},{"type":"Polygon","arcs":[[4523,4524]],"properties":{"anthrome":43}},{"type":"Polygon","arcs":[[4525]],"properties":{"anthrome":41}},{"type":"Polygon","arcs":[[4526,4527,4528]],"properties":{"anthrome":51}},{"type":"Polygon","arcs":[[4529,-4342,4530,4531,4532]],"properties":{"anthrome":41}},{"type":"Polygon","arcs":[[4533,4534,4535,4536]],"properties":{"anthrome":32}},{"type":"Polygon","arcs":[[4537,4538,4539,-4535]],"properties":{"anthrome":54}},{"type":"Polygon","arcs":[[4540,4541]],"properties":{"anthrome":52}},{"type":"Polygon","arcs":[[4542]],"properties":{"anthrome":42}},{"type":"Polygon","arcs":[[4543]],"properties":{"anthrome":43}},{"type":"Polygon","arcs":[[4544]],"properties":{"anthrome":43}},{"type":"Polygon","arcs":[[4545,4546,4547,4548]],"properties":{"anthrome":53}},{"type":"Polygon","arcs":[[4549,4550,4551,-4547]],"properties":{"anthrome":54}},{"type":"Polygon","arcs":[[4552,4553,4554]],"properties":{"anthrome":62}},{"type":"Polygon","arcs":[[4555,4556,4557,4558]],"properties":{"anthrome":53}},{"type":"Polygon","arcs":[[4559]],"properties":{"anthrome":53}},{"type":"Polygon","arcs":[[4560,4561,-4467]],"properties":{"anthrome":53}},{"type":"Polygon","arcs":[[4562,4563]],"properties":{"anthrome":61}},{"type":"Polygon","arcs":[[-3814,4564,4565,4566,4567,4568,4569,4570,4571,4572]],"properties":{"anthrome":53}},{"type":"Polygon","arcs":[[4573,-3786,-3966,4574,-4487,4575,4576,-4439,4577,4578,4579,4580,4581,4582,4583,4584,-4247,4585,-3890,-3781],[-4194],[-4353,-4354]],"properties":{"anthrome":53}},{"type":"Polygon","arcs":[[4586,-4424,-4529,4587,4588,4589,4590]],"properties":{"anthrome":32}},{"type":"Polygon","arcs":[[4591,4592]],"properties":{"anthrome":53}},{"type":"Polygon","arcs":[[4593,4594,4595]],"properties":{"anthrome":53}},{"type":"Polygon","arcs":[[4596]],"properties":{"anthrome":54}},{"type":"Polygon","arcs":[[4597,4598,-4485,4599,4600,4601,-4579,4602,-4437]],"properties":{"anthrome":62}},{"type":"Polygon","arcs":[[4603,-4210,4604,4605,-4550,-4454,4606,-4549,4607,4608,4609,4610,4611,4612,4613,4614,4615,-4452,4616,-4385]],"properties":{"anthrome":61}},{"type":"Polygon","arcs":[[4617,-4610]],"properties":{"anthrome":62}},{"type":"Polygon","arcs":[[4618,4619,4620,4621]],"properties":{"anthrome":54}},{"type":"Polygon","arcs":[[4622,4623,-4568]],"properties":{"anthrome":61}},{"type":"Polygon","arcs":[[4624]],"properties":{"anthrome":62}},{"type":"Polygon","arcs":[[4625]],"properties":{"anthrome":62}},{"type":"Polygon","arcs":[[4626]],"properties":{"anthrome":53}},{"type":"Polygon","arcs":[[4627]],"properties":{"anthrome":63}},{"type":"Polygon","arcs":[[4628]],"properties":{"anthrome":41}},{"type":"Polygon","arcs":[[4629,4630,4631,4632]],"properties":{"anthrome":51}},{"type":"Polygon","arcs":[[4633]],"properties":{"anthrome":41}},{"type":"Polygon","arcs":[[4634]],"properties":{"anthrome":41}},{"type":"Polygon","arcs":[[4635]],"properties":{"anthrome":41}},{"type":"Polygon","arcs":[[4636,-4537,4637,4638]],"properties":{"anthrome":54}},{"type":"Polygon","arcs":[[4639,4640,4641,4642]],"properties":{"anthrome":42}},{"type":"Polygon","arcs":[[-4585,4643,4644,4645]],"properties":{"anthrome":54}},{"type":"Polygon","arcs":[[4646,-4583]],"properties":{"anthrome":54}},{"type":"Polygon","arcs":[[-4602,4647,4648]],"properties":{"anthrome":61}},{"type":"Polygon","arcs":[[4649,4650,4651]],"properties":{"anthrome":53}},{"type":"Polygon","arcs":[[4652,4653,4654,-4614]],"properties":{"anthrome":53}},{"type":"Polygon","arcs":[[4655,-4608]],"properties":{"anthrome":54}},{"type":"Polygon","arcs":[[-4520,4656,4657,4658]],"properties":{"anthrome":54}},{"type":"Polygon","arcs":[[4659,4660,-4657]],"properties":{"anthrome":53}},{"type":"Polygon","arcs":[[4661,4662,4663,4664]],"properties":{"anthrome":53}},{"type":"Polygon","arcs":[[4665,4666,4667]],"properties":{"anthrome":61}},{"type":"Polygon","arcs":[[-4469,4668,4669,4670,4671,-4508,4672]],"properties":{"anthrome":54}},{"type":"Polygon","arcs":[[-4563,4673,4674]],"properties":{"anthrome":53}},{"type":"Polygon","arcs":[[4675,-170,4676,-199,4677,4678,-813,-812,4679,-254,-470,4680,-431,4681,-467,-487,4682,4683,-465,-293,4684,-345,4685,-464,-463,-462,4686,-489,4687,-423,4688,-348,4689,-351,4690,-524,4691,-368,4692,-353,4693,-371,4694,-357,4695,-426,4696,-603,4697,-1180,4698,-1561,4699,4700,-1524,4701,-1596,4702,-2143,4703,4704,-1982,4705,-2026,4706,-1846,4707,-2031,4708,-2282,4709,4710,-2782,4711,-1977,-1337,4712,-1229,-1335,4713,-2001,-1332,-1089,4714,-1041,4715,-1033,-835,-1037,4716,-1996,-2019,4717,4718,-1133,4719,4720,-2016,4721,-1479,4722,-1619,-1618,4723,-1966,-2274,4724,-2412,4725,-2364,4726,-2497,4727,4728,-2882,4729,-2517,4730,-2879,-2878,4731,-3980,4732,-3977,4733,4734,4735,-4370,4736,4737,-4566,4738,-3816,4739,-4572,-4571,4740,-4619,4741,-4662,4742,4743,4744,4745,-4660,-4519,4746,-4499,-4135,4747,-3844,4748,-4139,4749,4750,-3810,4751,-3638,-3541,-3636,-3571,-4394,-3281,-3216,-4393,4752,-2679,-2515,-2022,-2437,-2436,4753,-2565,4754,-2690,4755,-2613,4756,4757,-2658,4758,-2657,4759,-2875,-2874,-2981,4760,4761,-2616,4762,-2684,4763,-2440,-2439,-3701,4764,-3740,-3739,-3738,-3737,-3736,-3735,-3734,-3733,4765,-3031,-2903,4766,-2966,-2736,4767,-2733,4768,-2938,4769,4770,4771,-2942,4772,-2720,-2719,-2718,-2717,4773,4774,4775,4776,-1530,4777,-1452,4778,-1221,-1273,-1124,-1218,4779,-1023,4780,-1542,4781,-2713,-2712,4782,4783,-1253,4784,-574,4785,4786,-906,4787,-1249,4788,-748,4789,-806,4790,-1245,-1244,-1243,-1242,4791,4792,-1239,-1238,4793,4794,-1235],[-231],[-209],[-226],[-232],[-310],[-263],[-280],[-282],[-283],[4795,-478,4796,-634,4797,4798,-685,-632,-753,4799,4800,-630,4801,-639,4802,-627,4803,-421,4804,-417,4805,-624,-637],[-294],[4806,-410,4807,-412,4808],[-346],[-347],[-406],[-407],[-414],[-415],[-424],[-474],[4809,4810,-588,-518],[-522],[-542],[4811,-597,4812,-755,4813,4814,-758,4815,-599,4816,-761],[-578],[-712],[-579],[-580],[-675],[-676],[-677],[4817,-749,-683,4818],[-684],[-691],[-832,-833],[-807],[-808],[-809],[-810],[-880],[-882],[-961],[-962],[-963],[-993],[-964],[-965],[-1026,-1025,-1024],[-1029],[-1030],[-1031],[-1032],[-1164,4819,4820,4821],[-1409,-1410],[4822,-1144,4823,-1045],[-1048],[-1049],[-1125],[-1126],[-1127],[-1128],[-1129],[-1224],[-1232],[-1365],[-1322],[-1323],[-1324],[-1396],[-1397],[-1398],[-1399],[-1444],[-1475],[-1450],[-1507],[-1521],[4824,-1734,4825,-1892,4826,-2083,4827,-1962,4828,-1832,-1883,4829,-1880,-1895],[4830,-1924,4831,-1842,4832,-1591],[-1592],[-1687],[-1821],[-1775],[-1731],[4833,-1824,4834,-1776],[4835,-1836,4836,-1739,-1741],[-1819],[-1820],[-1921],[-1961],[-1957,-1956],[-1958],[-2082],[-2229],[-2129],[-2131],[-2133],[-2231],[-2232,-2233],[-2134],[-2234],[-2269],[-2270],[-2404],[-2406,-2407],[-2755,4837,-2771,4838],[-2928],[-3049,-3050],[-3143],[-3144],[-3238],[-3282,-3283],[-3368],[-3369],[-3643],[-3642],[-3812],[-3913],[-4409],[-4367],[-4560]],"properties":{"anthrome":61}},{"type":"Polygon","arcs":[[4839,4840]],"properties":{"anthrome":61}},{"type":"Polygon","arcs":[[4841,4842,4843,4844,4845,4846,-4641,4847,4848,-4433,4849],[-4544],[-4545]],"properties":{"anthrome":54}},{"type":"Polygon","arcs":[[4850]],"properties":{"anthrome":61}},{"type":"Polygon","arcs":[[4851]],"properties":{"anthrome":61}},{"type":"Polygon","arcs":[[4852]],"properties":{"anthrome":62}},{"type":"Polygon","arcs":[[4853]],"properties":{"anthrome":62}},{"type":"Polygon","arcs":[[4854]],"properties":{"anthrome":62}},{"type":"Polygon","arcs":[[4855]],"properties":{"anthrome":41}},{"type":"Polygon","arcs":[[4856]],"properties":{"anthrome":42}},{"type":"Polygon","arcs":[[4857,4858]],"properties":{"anthrome":42}},{"type":"Polygon","arcs":[[-4642,4859,-4858]],"properties":{"anthrome":54}},{"type":"Polygon","arcs":[[4860,-4845]],"properties":{"anthrome":43}},{"type":"Polygon","arcs":[[4861,4862,4863]],"properties":{"anthrome":54}},{"type":"Polygon","arcs":[[4864,4865,4866,-4863]],"properties":{"anthrome":62}},{"type":"Polygon","arcs":[[4867]],"properties":{"anthrome":42}},{"type":"Polygon","arcs":[[4868,4869]],"properties":{"anthrome":54}},{"type":"Polygon","arcs":[[4870]],"properties":{"anthrome":54}},{"type":"Polygon","arcs":[[4871,4872,4873]],"properties":{"anthrome":52}},{"type":"Polygon","arcs":[[-4664,4874,4875,4876]],"properties":{"anthrome":54}},{"type":"Polygon","arcs":[[-4621,4877,4878,-4875]],"properties":{"anthrome":53}},{"type":"Polygon","arcs":[[4879]],"properties":{"anthrome":62}},{"type":"Polygon","arcs":[[4880]],"properties":{"anthrome":53}},{"type":"Polygon","arcs":[[-3504,4881,4882,4883,-3691,-3873,-4011,-4287,-4007,4884,-4265,-4417,4885,4886,-4630,4887,4888,4889,4890,4891,4892,-4509,4893,4894,-4371,4895,4896,4897,-4004,4898],[-3764]],"properties":{"anthrome":41}},{"type":"Polygon","arcs":[[4899]],"properties":{"anthrome":42}},{"type":"Polygon","arcs":[[4900,4901,4902,4903]],"properties":{"anthrome":41}},{"type":"Polygon","arcs":[[4904,4905,4906,4907]],"properties":{"anthrome":41}},{"type":"Polygon","arcs":[[-4114,4908,-4502,-4659,4909,4910,4911,4912,4913,4914,4915,-4557,4916,-4365,4917,-4397]],"properties":{"anthrome":52}},{"type":"Polygon","arcs":[[4918,4919,-4595]],"properties":{"anthrome":61}},{"type":"Polygon","arcs":[[-4632,4920,4921,4922]],"properties":{"anthrome":32}},{"type":"Polygon","arcs":[[-4590,4923,4924,-4921]],"properties":{"anthrome":51}},{"type":"Polygon","arcs":[[4925,4926]],"properties":{"anthrome":41}},{"type":"Polygon","arcs":[[4927,4928,4929,4930,4931,4932,4933,4934,4935,4936,4937,4938,4939,-4906,4940,4941,-4341,4942,4943,-3943,4944,-3877,4945,-4017,-3962,4946,4947],[-3853],[4948,-4168,4949,-4278,4950,-4019,4951],[-4343],[-4427],[-4636]],"properties":{"anthrome":51}},{"type":"Polygon","arcs":[[4952,-4612,4953,4954,4955,4956,4957,4958,-4654]],"properties":{"anthrome":54}},{"type":"Polygon","arcs":[[-4737,-4458,4959,-4666,4960,4961,4962,4963,-4624,4964]],"properties":{"anthrome":62}},{"type":"Polygon","arcs":[[4965]],"properties":{"anthrome":53}},{"type":"Polygon","arcs":[[4966]],"properties":{"anthrome":41}},{"type":"Polygon","arcs":[[4967,4968,4969,-4939]],"properties":{"anthrome":32}},{"type":"Polygon","arcs":[[4970,4971,4972,-4969]],"properties":{"anthrome":41}},{"type":"Polygon","arcs":[[4973,-4937,4974,-4972]],"properties":{"anthrome":32}},{"type":"Polygon","arcs":[[4975,4976]],"properties":{"anthrome":54}},{"type":"Polygon","arcs":[[4977,4978,4979,4980]],"properties":{"anthrome":33}},{"type":"Polygon","arcs":[[4981]],"properties":{"anthrome":42}},{"type":"Polygon","arcs":[[4982]],"properties":{"anthrome":33}},{"type":"Polygon","arcs":[[4983]],"properties":{"anthrome":53}},{"type":"Polygon","arcs":[[-4957,4984,4985]],"properties":{"anthrome":62}},{"type":"Polygon","arcs":[[4986,4987,4988,4989]],"properties":{"anthrome":54}},{"type":"Polygon","arcs":[[4990,4991,-4988]],"properties":{"anthrome":33}},{"type":"Polygon","arcs":[[4992]],"properties":{"anthrome":61}},{"type":"Polygon","arcs":[[-4744,4993,4994]],"properties":{"anthrome":54}},{"type":"Polygon","arcs":[[4995,4996,4997]],"properties":{"anthrome":54}},{"type":"Polygon","arcs":[[4998,4999,-4963]],"properties":{"anthrome":54}},{"type":"Polygon","arcs":[[5000,5001]],"properties":{"anthrome":54}},{"type":"Polygon","arcs":[[5002,5003,5004]],"properties":{"anthrome":61}},{"type":"Polygon","arcs":[[5005,5006,5007,-5004]],"properties":{"anthrome":53}},{"type":"Polygon","arcs":[[5008,5009,5010,5011]],"properties":{"anthrome":61}},{"type":"Polygon","arcs":[[5012,5013,5014,5015,-4935]],"properties":{"anthrome":41}},{"type":"Polygon","arcs":[[-4847,5016,5017,5018,5019,-4860]],"properties":{"anthrome":42}},{"type":"Polygon","arcs":[[5020]],"properties":{"anthrome":42}},{"type":"Polygon","arcs":[[5021,5022,5023]],"properties":{"anthrome":62}},{"type":"Polygon","arcs":[[5024,5025,5026,-4912]],"properties":{"anthrome":53}},{"type":"Polygon","arcs":[[5027]],"properties":{"anthrome":61}},{"type":"Polygon","arcs":[[5028]],"properties":{"anthrome":62}},{"type":"Polygon","arcs":[[5029]],"properties":{"anthrome":61}},{"type":"Polygon","arcs":[[5030,5031,5032,5033]],"properties":{"anthrome":51}},{"type":"Polygon","arcs":[[-4889,5034,5035,5036]],"properties":{"anthrome":32}},{"type":"Polygon","arcs":[[-4922,5037,5038,-5035]],"properties":{"anthrome":51}},{"type":"Polygon","arcs":[[5039,5040,5041,-3017,5042,5043,-3251,5044,5045,-3063,5046,5047,5048,-4532,5049,5050,5051,5052,-5038,5053,-4902,5054,-4527,-4423,5055,-4337,-4165,-4013,5056,-4269,5057,-4161,5058,5059,-3870,-3690,5060,-4883,5061,-2700,5062],[5063,-3099,5064,-3198,-3197,-3126,-3012,5065,-2801],[-3014],[-3455,-3596,5066,-3693,5067,-3453],[-3247],[-4339],[-4425,-4426],[-4634]],"properties":{"anthrome":32}},{"type":"Polygon","arcs":[[-4975,5068,5069,5070]],"properties":{"anthrome":41}},{"type":"Polygon","arcs":[[5071]],"properties":{"anthrome":51}},{"type":"Polygon","arcs":[[5072,5073,5074,5075]],"properties":{"anthrome":51}},{"type":"Polygon","arcs":[[5076,5077,5078,-5074]],"properties":{"anthrome":32}},{"type":"Polygon","arcs":[[5079,5080,5081,-5078]],"properties":{"anthrome":42}},{"type":"Polygon","arcs":[[5082,5083,5084,-5081]],"properties":{"anthrome":32}},{"type":"Polygon","arcs":[[5085,5086,-5084]],"properties":{"anthrome":54}},{"type":"Polygon","arcs":[[5087]],"properties":{"anthrome":33}},{"type":"Polygon","arcs":[[5088]],"properties":{"anthrome":42}},{"type":"Polygon","arcs":[[5089]],"properties":{"anthrome":42}},{"type":"Polygon","arcs":[[5090,5091,5092,5093]],"properties":{"anthrome":52}},{"type":"Polygon","arcs":[[5094,5095,5096,-5092]],"properties":{"anthrome":33}},{"type":"Polygon","arcs":[[-4462,5097,5098,5099,5100,5101,-5006,5102]],"properties":{"anthrome":61}},{"type":"Polygon","arcs":[[-4933,5103,5104,5105,5106]],"properties":{"anthrome":32}},{"type":"Polygon","arcs":[[5107]],"properties":{"anthrome":53}},{"type":"Polygon","arcs":[[-4942,5108,-4908,5109,5110,5111,5112,5113,5114,5115,5116,5117,-4927,5118,-4531],[-4635]],"properties":{"anthrome":32}},{"type":"Polygon","arcs":[[5119,5120]],"properties":{"anthrome":53}},{"type":"Polygon","arcs":[[5121,-4325,5122,5123,5124,5125,5126,-5121,5127,-4413,-4321,-4149]],"properties":{"anthrome":61}},{"type":"Polygon","arcs":[[5128,-5126]],"properties":{"anthrome":53}},{"type":"Polygon","arcs":[[5129,-5071,5130,5131,5132,5133]],"properties":{"anthrome":51}},{"type":"Polygon","arcs":[[5134]],"properties":{"anthrome":54}},{"type":"Polygon","arcs":[[5135]],"properties":{"anthrome":42}},{"type":"Polygon","arcs":[[5136,-5025]],"properties":{"anthrome":52}},{"type":"Polygon","arcs":[[-4876,-4998,5137,5138,5139,-4994]],"properties":{"anthrome":53}},{"type":"Polygon","arcs":[[5140,5141,5142]],"properties":{"anthrome":53}},{"type":"Polygon","arcs":[[-5008,5143,5144,5145]],"properties":{"anthrome":54}},{"type":"Polygon","arcs":[[5146]],"properties":{"anthrome":54}},{"type":"Polygon","arcs":[[5147]],"properties":{"anthrome":54}},{"type":"Polygon","arcs":[[5148]],"properties":{"anthrome":61}},{"type":"Polygon","arcs":[[5149]],"properties":{"anthrome":41}},{"type":"Polygon","arcs":[[5150,5151,5152,-5113]],"properties":{"anthrome":42}},{"type":"Polygon","arcs":[[5153,5154,5155,5156]],"properties":{"anthrome":54}},{"type":"Polygon","arcs":[[-5014,5157,5158,5159]],"properties":{"anthrome":42}},{"type":"Polygon","arcs":[[-5075,5160,5161]],"properties":{"anthrome":52}},{"type":"Polygon","arcs":[[-5079,5162,5163,-5161]],"properties":{"anthrome":54}},{"type":"Polygon","arcs":[[-5082,5164,5165,-5163]],"properties":{"anthrome":32}},{"type":"Polygon","arcs":[[5166,5167,5168,-5165]],"properties":{"anthrome":41}},{"type":"Polygon","arcs":[[5169,5170,5171,-5168]],"properties":{"anthrome":42}},{"type":"Polygon","arcs":[[5172,5173]],"properties":{"anthrome":32}},{"type":"Polygon","arcs":[[5174,5175]],"properties":{"anthrome":33}},{"type":"Polygon","arcs":[[-4735,5176,5177,5178,-5000,5179,5180,-4667]],"properties":{"anthrome":53}},{"type":"Polygon","arcs":[[-5162,5181]],"properties":{"anthrome":51}},{"type":"Polygon","arcs":[[5182,5183,5184,5185]],"properties":{"anthrome":62}},{"type":"Polygon","arcs":[[5186]],"properties":{"anthrome":54}},{"type":"Polygon","arcs":[[5187,5188,5189,5190]],"properties":{"anthrome":62}},{"type":"Polygon","arcs":[[-5178,5191,5192]],"properties":{"anthrome":61}},{"type":"Polygon","arcs":[[5193,5194,5195,5196]],"properties":{"anthrome":61}},{"type":"Polygon","arcs":[[5197,5198,5199,-5195]],"properties":{"anthrome":53}},{"type":"Polygon","arcs":[[5200]],"properties":{"anthrome":54}},{"type":"Polygon","arcs":[[5201,5202]],"properties":{"anthrome":61}},{"type":"Polygon","arcs":[[5203,5204,5205,5206]],"properties":{"anthrome":54}},{"type":"Polygon","arcs":[[5207]],"properties":{"anthrome":41}},{"type":"Polygon","arcs":[[5208,5209]],"properties":{"anthrome":42}},{"type":"Polygon","arcs":[[5210,5211]],"properties":{"anthrome":52}},{"type":"Polygon","arcs":[[5212]],"properties":{"anthrome":51}},{"type":"Polygon","arcs":[[-5172,5213,5214,5215]],"properties":{"anthrome":41}},{"type":"Polygon","arcs":[[5216]],"properties":{"anthrome":54}},{"type":"Polygon","arcs":[[5217]],"properties":{"anthrome":33}},{"type":"Polygon","arcs":[[5218]],"properties":{"anthrome":54}},{"type":"Polygon","arcs":[[5219,5220,-5189]],"properties":{"anthrome":53}},{"type":"Polygon","arcs":[[5221]],"properties":{"anthrome":61}},{"type":"Polygon","arcs":[[5222,5223,-4592,5224,-4312]],"properties":{"anthrome":61}},{"type":"Polygon","arcs":[[-5087,5225,5226,5227,5228,5229]],"properties":{"anthrome":32}},{"type":"Polygon","arcs":[[-4746,5230,5231,5232,5233,5234,5235,5236,-5137,-4911],[-4993]],"properties":{"anthrome":53}},{"type":"Polygon","arcs":[[5237]],"properties":{"anthrome":62}},{"type":"Polygon","arcs":[[5238,5239,-4840,5240,5241,5242,-5205,5243,-5124]],"properties":{"anthrome":53}},{"type":"Polygon","arcs":[[5244,5245,5246,5247]],"properties":{"anthrome":54}},{"type":"Polygon","arcs":[[5248]],"properties":{"anthrome":54}},{"type":"Polygon","arcs":[[5249,5250,-4874,5251,-4990,5252,5253,5254,5255,5256,5257,5258,-4515]],"properties":{"anthrome":53}},{"type":"Polygon","arcs":[[5259,5260]],"properties":{"anthrome":54}},{"type":"Polygon","arcs":[[5261]],"properties":{"anthrome":62}},{"type":"Polygon","arcs":[[5262]],"properties":{"anthrome":53}},{"type":"Polygon","arcs":[[-5206,5263,5264]],"properties":{"anthrome":62}},{"type":"Polygon","arcs":[[5265,-5264]],"properties":{"anthrome":54}},{"type":"Polygon","arcs":[[5266,-5242]],"properties":{"anthrome":61}},{"type":"Polygon","arcs":[[5267,5268,5269]],"properties":{"anthrome":51}},{"type":"Polygon","arcs":[[5270,5271,5272]],"properties":{"anthrome":42}},{"type":"Polygon","arcs":[[5273,5274,5275,5276]],"properties":{"anthrome":54}},{"type":"Polygon","arcs":[[-5209,5277]],"properties":{"anthrome":41}},{"type":"Polygon","arcs":[[5278,5279,5280,5281]],"properties":{"anthrome":52}},{"type":"Polygon","arcs":[[5282]],"properties":{"anthrome":51}},{"type":"Polygon","arcs":[[5283]],"properties":{"anthrome":42}},{"type":"Polygon","arcs":[[5284]],"properties":{"anthrome":53}},{"type":"Polygon","arcs":[[-5192,5285,5286]],"properties":{"anthrome":53}},{"type":"Polygon","arcs":[[5287]],"properties":{"anthrome":61}},{"type":"Polygon","arcs":[[-3922,-4472,-4506,-4672,5288,-5001,5289,5290,5291]],"properties":{"anthrome":53}},{"type":"Polygon","arcs":[[5292,5293,-5261,5294]],"properties":{"anthrome":53}},{"type":"Polygon","arcs":[[5295,5296,5297]],"properties":{"anthrome":61}},{"type":"Polygon","arcs":[[5298,5299],[-5147],[-5201]],"properties":{"anthrome":62}},{"type":"Polygon","arcs":[[5300,5301,5302]],"properties":{"anthrome":54}},{"type":"Polygon","arcs":[[5303,5304,5305,5306,5307,5308]],"properties":{"anthrome":61}},{"type":"Polygon","arcs":[[5309,-5248,5310,5311,5312,5313,5314,5315,5316]],"properties":{"anthrome":32}},{"type":"Polygon","arcs":[[5317,5318,5319]],"properties":{"anthrome":62}},{"type":"Polygon","arcs":[[5320,5321]],"properties":{"anthrome":53}},{"type":"Polygon","arcs":[[5322,5323,5324,-5260]],"properties":{"anthrome":53}},{"type":"Polygon","arcs":[[5325]],"properties":{"anthrome":61}},{"type":"Polygon","arcs":[[5326,5327]],"properties":{"anthrome":42}},{"type":"Polygon","arcs":[[5328,-5115,-5212,5329,5330,5331,5332,5333,-5281,5334,5335]],"properties":{"anthrome":41}},{"type":"Polygon","arcs":[[5336,5337]],"properties":{"anthrome":33}},{"type":"Polygon","arcs":[[5338,5339]],"properties":{"anthrome":62}},{"type":"Polygon","arcs":[[5340,5341]],"properties":{"anthrome":62}},{"type":"Polygon","arcs":[[5342,5343]],"properties":{"anthrome":62}},{"type":"Polygon","arcs":[[5344,5345,5346,5347]],"properties":{"anthrome":32}},{"type":"Polygon","arcs":[[5348,5349]],"properties":{"anthrome":54}},{"type":"Polygon","arcs":[[5350]],"properties":{"anthrome":61}},{"type":"Polygon","arcs":[[5351]],"properties":{"anthrome":54}},{"type":"Polygon","arcs":[[-5169,5352,5353,5354]],"properties":{"anthrome":32}},{"type":"Polygon","arcs":[[5355,-5228,5356,5357,5358,5359]],"properties":{"anthrome":42}},{"type":"Polygon","arcs":[[5360,5361,5362,-5257]],"properties":{"anthrome":52}},{"type":"Polygon","arcs":[[5363,5364,5365]],"properties":{"anthrome":53}},{"type":"Polygon","arcs":[[5366]],"properties":{"anthrome":62}},{"type":"Polygon","arcs":[[5367]],"properties":{"anthrome":61}},{"type":"Polygon","arcs":[[-5050,-5119,5368,-5210,5369,5370,-5273,-5328,5371,5372,5373,5374,5375,-5268,5376,5377,5378,-5052,-5051]],"properties":{"anthrome":41}},{"type":"Polygon","arcs":[[5379,5380,5381,5382,5383,-5331,5384,5385,-5152]],"properties":{"anthrome":51}},{"type":"Polygon","arcs":[[-5311,5386,5387,5388]],"properties":{"anthrome":52}},{"type":"Polygon","arcs":[[-5247,5389,5390,-5387]],"properties":{"anthrome":51}},{"type":"Polygon","arcs":[[5391,-5338,5392,-5358]],"properties":{"anthrome":54}},{"type":"Polygon","arcs":[[5393]],"properties":{"anthrome":62}},{"type":"Polygon","arcs":[[-5363,5394,5395]],"properties":{"anthrome":53}},{"type":"Polygon","arcs":[[5396]],"properties":{"anthrome":54}},{"type":"Polygon","arcs":[[5397]],"properties":{"anthrome":61}},{"type":"Polygon","arcs":[[5398,5399,5400]],"properties":{"anthrome":62}},{"type":"Polygon","arcs":[[5401,5402,5403]],"properties":{"anthrome":63}},{"type":"Polygon","arcs":[[5404,-316,5405,-318,5406,-616,5407,-644,5408,-614,5409,-479,5410,-358,5411,-2331,-762,-2330,5412,-2328,-2327,5413,-2470,5414,-2374,-2317,5415,5416,-2472,5417,-2570,5418,-2626,-2697,5419,-3586,5420,-4151,5421,-4147,5422,5423,5424,5425,-4596,5426,5427,-5404,5428,5429,5430,5431,5432,5433,-4231,5434,-3685,5435,-3383,5436,5437,-4463,5438,5439,5440,-4281,5441,5442,5443,5444,-3956,5445,5446,-4311,5447,-3465,5448,5449,-3073,5450,-3070,-2604,-2372,5451,-2426,5452,-1932,5453,-2424,-1796,5454,-1695,5455,-1637,-1574,5456,-1570,5457,-1901,-1608,5458,-1377,5459,-1294,-1296,5460,5461,-1493,5462,-1995,5463,5464,5465,5466,-2673,5467,-3182,5468,5469,5470,5471,-2462,-2464,5472,-2238,5473,-2036,5474,-1784,5475,5476,5477,-1564,5478,5479,-1371,5480,-1292,5481,-1188,5482,5483,-1006,5484,5485,-839,5486,-526,-525,-374],[-432,-433],[-492],[-545],[-831],[-913],[-914],[-1008],[-1667],[-1092],[-1168],[-1093],[-1094],[-1190,-1191],[5487,5488,5489,-1413,5490,-1298],[-1373],[-1420],[-1569],[-1639],[5491],[-1698],[-1700,-1699],[-1701],[-1798],[-1799],[-2087],[-2299],[-2365],[-2448],[-2465],[-2599],[-3088,-3087],[-2521],[-2532],[-2623],[-2624],[-2794],[-2795],[-3089],[5492,5493,-3162],[-3010],[5494,-3339,-3381],[-3185],[-3387],[-3395],[5495],[5496],[5497,-4108,5498,-3937],[-3753],[-4319],[-4412],[-4627],[-5108],[-4966]],"properties":{"anthrome":61}},{"type":"Polygon","arcs":[[5499,5500,5501,-5373]],"properties":{"anthrome":51}},{"type":"Polygon","arcs":[[5502,5503,5504,-5501]],"properties":{"anthrome":42}},{"type":"Polygon","arcs":[[5505,5506,5507,5508]],"properties":{"anthrome":23}},{"type":"Polygon","arcs":[[5509,5510,5511,5512]],"properties":{"anthrome":41}},{"type":"Polygon","arcs":[[5513]],"properties":{"anthrome":61}},{"type":"Polygon","arcs":[[5514,5515,5516]],"properties":{"anthrome":33}},{"type":"Polygon","arcs":[[5517,5518,5519,-5515]],"properties":{"anthrome":62}},{"type":"Polygon","arcs":[[5520,5521]],"properties":{"anthrome":33}},{"type":"Polygon","arcs":[[5522,5523]],"properties":{"anthrome":62}},{"type":"Polygon","arcs":[[5524]],"properties":{"anthrome":62}},{"type":"Polygon","arcs":[[5525,5526]],"properties":{"anthrome":62}},{"type":"Polygon","arcs":[[5527]],"properties":{"anthrome":54}},{"type":"Polygon","arcs":[[5528]],"properties":{"anthrome":42}},{"type":"Polygon","arcs":[[5529]],"properties":{"anthrome":42}},{"type":"Polygon","arcs":[[5530,5531,5532,5533]],"properties":{"anthrome":53}},{"type":"Polygon","arcs":[[5534]],"properties":{"anthrome":42}},{"type":"Polygon","arcs":[[5535,5536,5537]],"properties":{"anthrome":61}},{"type":"Polygon","arcs":[[5538,-4559,5539,-4915,5540,5541,5542,5543,5544,-5255,5545,-5093,-5174,5546,-5096,-4992,-4873,5547,-5250,-4455],[-5218]],"properties":{"anthrome":54}},{"type":"Polygon","arcs":[[-4569,-4964,-5179,-5191,5548,-5287,5549,5550,5551,-5139,5552,5553,-4878]],"properties":{"anthrome":61}},{"type":"Polygon","arcs":[[5554,5555,5556,5557,5558]],"properties":{"anthrome":41}},{"type":"Polygon","arcs":[[-5558,5559,5560]],"properties":{"anthrome":51}},{"type":"Polygon","arcs":[[5561,5562,5563,5564]],"properties":{"anthrome":54}},{"type":"Polygon","arcs":[[5565,5566,5567]],"properties":{"anthrome":54}},{"type":"Polygon","arcs":[[5568,5569,5570]],"properties":{"anthrome":61}},{"type":"Polygon","arcs":[[5571,-5551]],"properties":{"anthrome":53}},{"type":"Polygon","arcs":[[5572,5573,5574]],"properties":{"anthrome":53}},{"type":"Polygon","arcs":[[5575,5576,5577]],"properties":{"anthrome":53}},{"type":"Polygon","arcs":[[5578]],"properties":{"anthrome":62}},{"type":"Polygon","arcs":[[5579]],"properties":{"anthrome":62}},{"type":"Polygon","arcs":[[5580]],"properties":{"anthrome":41}},{"type":"Polygon","arcs":[[5581,5582,5583]],"properties":{"anthrome":41}},{"type":"Polygon","arcs":[[-5374,5584,5585,-5582]],"properties":{"anthrome":52}},{"type":"Polygon","arcs":[[-5502,5586,5587,-5585]],"properties":{"anthrome":42}},{"type":"Polygon","arcs":[[5588,5589,5590]],"properties":{"anthrome":23}},{"type":"Polygon","arcs":[[5591,5592]],"properties":{"anthrome":43}},{"type":"Polygon","arcs":[[-5512,5593,5594,-5592]],"properties":{"anthrome":51}},{"type":"Polygon","arcs":[[5595,5596,5597,5598]],"properties":{"anthrome":54}},{"type":"Polygon","arcs":[[5599,5600,5601,5602]],"properties":{"anthrome":42}},{"type":"Polygon","arcs":[[5603,-5601]],"properties":{"anthrome":62}},{"type":"Polygon","arcs":[[5604,5605,5606]],"properties":{"anthrome":52}},{"type":"Polygon","arcs":[[5607,5608]],"properties":{"anthrome":62}},{"type":"Polygon","arcs":[[5609]],"properties":{"anthrome":42}},{"type":"Polygon","arcs":[[5610,5611,5612,5613]],"properties":{"anthrome":54}},{"type":"Polygon","arcs":[[5614,5615,-5612]],"properties":{"anthrome":42}},{"type":"Polygon","arcs":[[5616,5617,5618,5619]],"properties":{"anthrome":54}},{"type":"Polygon","arcs":[[5620]],"properties":{"anthrome":53}},{"type":"Polygon","arcs":[[5621]],"properties":{"anthrome":33}},{"type":"Polygon","arcs":[[5622]],"properties":{"anthrome":53}},{"type":"Polygon","arcs":[[5623,5624,5625]],"properties":{"anthrome":54}},{"type":"Polygon","arcs":[[5626,5627]],"properties":{"anthrome":52}},{"type":"Polygon","arcs":[[5628,5629,5630]],"properties":{"anthrome":51}},{"type":"Polygon","arcs":[[5631,5632,-5629]],"properties":{"anthrome":61}},{"type":"Polygon","arcs":[[5633,5634,-5345,5635,5636,5637,5638,5639,5640,-5303,5641,-5542],[-5219]],"properties":{"anthrome":33}},{"type":"Polygon","arcs":[[5642]],"properties":{"anthrome":42}},{"type":"Polygon","arcs":[[5643]],"properties":{"anthrome":62}},{"type":"Polygon","arcs":[[5644,5645,5646]],"properties":{"anthrome":61}},{"type":"Polygon","arcs":[[5647]],"properties":{"anthrome":61}},{"type":"Polygon","arcs":[[-5505,5648,5649,5650]],"properties":{"anthrome":41}},{"type":"Polygon","arcs":[[5651,5652]],"properties":{"anthrome":62}},{"type":"Polygon","arcs":[[5653]],"properties":{"anthrome":62}},{"type":"Polygon","arcs":[[5654]],"properties":{"anthrome":54}},{"type":"Polygon","arcs":[[5655,5656,5657,5658]],"properties":{"anthrome":53}},{"type":"Polygon","arcs":[[5659,5660,5661]],"properties":{"anthrome":53}},{"type":"Polygon","arcs":[[5662,5663,5664,5665]],"properties":{"anthrome":53}},{"type":"Polygon","arcs":[[5666]],"properties":{"anthrome":53}},{"type":"Polygon","arcs":[[5667,5668]],"properties":{"anthrome":61}},{"type":"Polygon","arcs":[[5669,5670]],"properties":{"anthrome":61}},{"type":"Polygon","arcs":[[-5557,5671,5672,5673]],"properties":{"anthrome":51}},{"type":"Polygon","arcs":[[-5595,5674,5675]],"properties":{"anthrome":41}},{"type":"Polygon","arcs":[[5676,-5675,5677]],"properties":{"anthrome":42}},{"type":"Polygon","arcs":[[5678,5679,5680]],"properties":{"anthrome":51}},{"type":"Polygon","arcs":[[-5602,5681,5682]],"properties":{"anthrome":43}},{"type":"Polygon","arcs":[[5683,5684,5685]],"properties":{"anthrome":52}},{"type":"Polygon","arcs":[[5686,5687,5688,-5684]],"properties":{"anthrome":53}},{"type":"Polygon","arcs":[[5689,5690,5691,5692]],"properties":{"anthrome":52}},{"type":"Polygon","arcs":[[5693]],"properties":{"anthrome":54}},{"type":"Polygon","arcs":[[5694]],"properties":{"anthrome":54}},{"type":"Polygon","arcs":[[5695,5696,5697]],"properties":{"anthrome":61}},{"type":"Polygon","arcs":[[5698,5699,5700,5701]],"properties":{"anthrome":61}},{"type":"Polygon","arcs":[[-5570,5702,5703,-5700]],"properties":{"anthrome":52}},{"type":"Polygon","arcs":[[5704,5705]],"properties":{"anthrome":61}},{"type":"Polygon","arcs":[[5706]],"properties":{"anthrome":53}},{"type":"Polygon","arcs":[[5707,-5315,5708,5709,5710,5711,-5681,5712,-5678,5713,-5510,5714,5715,5716,5717,5718,-5383]],"properties":{"anthrome":52}},{"type":"Polygon","arcs":[[5719,-5313,5720,5721,5722,5723,-5710]],"properties":{"anthrome":51}},{"type":"Polygon","arcs":[[5724]],"properties":{"anthrome":62}},{"type":"Polygon","arcs":[[5725,5726]],"properties":{"anthrome":52}},{"type":"Polygon","arcs":[[5727,5728,5729,5730]],"properties":{"anthrome":51}},{"type":"Polygon","arcs":[[5731,5732,5733,5734]],"properties":{"anthrome":51}},{"type":"Polygon","arcs":[[5735,5736,5737,5738]],"properties":{"anthrome":54}},{"type":"Polygon","arcs":[[5739,5740,5741,5742]],"properties":{"anthrome":61}},{"type":"Polygon","arcs":[[5743,5744,5745,5746,5747]],"properties":{"anthrome":51}},{"type":"Polygon","arcs":[[5748,5749,5750,-5565,5751,5752,5753,5754,5755,5756,5757,5758,-5245,-5132,5759,-5069]],"properties":{"anthrome":32}},{"type":"Polygon","arcs":[[5760,-1715,5761,-2198,5762,-1717,5763,-2195,5764,-1773,5765,-2192,5766,5767,-2189,5768,-2388,5769,-2390,5770,-2187,5771,-2393,5772,-2183,5773,5774,-2122,5775,-2265,5776,-2120,5777,-1911,5778,-2080,5779,5780,-2221,-2126,5781,5782,5783,-2433,5784,-1915,5785,-2173,5786,5787,-2847,5788,-2493,5789,-2844,5790,-2638,5791,-3023,5792,-3028,-3134,5793,5794,5795,-3837,5796,5797,-3311,5798,5799,5800,-3400,5801,5802,5803,-4978,5804,5805,-5086,-4977,5806,-5076,-5182,5807,5808,5809,5810,-5731,5811,5812,5813,-5753,5814,-5563,5815,-5105,5816,-4931,5817,-4295,5818,-4928,-4948,5819,5820,-3389,5821,5822,-3101,5823,-2809,-2706,5824,5825,-2704,-2253,5826,-2200],[-1938],[-2116,5827],[-2118],[-2255],[-2256],[-2260,5828,-2262,5829],[-2395],[-2396],[-2487,5830,-2489,5831],[-2549],[-2709],[-2811],[-3223],[-2898],[5832,-3133,5833,-3163],[-3131],[-3176],[-3207],[-3208],[-3260],[-3352],[-3401],[-3507],[-3769],[-3878],[-4021],[-4639,5834,-4539,5835],[-4597],[-5072],[-5213],[-5283],[-5514]],"properties":{"anthrome":52}},{"type":"Polygon","arcs":[[5836]],"properties":{"anthrome":42}},{"type":"Polygon","arcs":[[5837,5838,5839]],"properties":{"anthrome":53}},{"type":"Polygon","arcs":[[5840]],"properties":{"anthrome":53}},{"type":"Polygon","arcs":[[5841]],"properties":{"anthrome":62}},{"type":"Polygon","arcs":[[5842,5843,5844,5845]],"properties":{"anthrome":53}},{"type":"Polygon","arcs":[[5846,5847,5848]],"properties":{"anthrome":61}},{"type":"Polygon","arcs":[[5849,5850,5851,5852]],"properties":{"anthrome":42}},{"type":"Polygon","arcs":[[5853,5854]],"properties":{"anthrome":12}},{"type":"Polygon","arcs":[[5855]],"properties":{"anthrome":43}},{"type":"Polygon","arcs":[[5856,5857,5858]],"properties":{"anthrome":52}},{"type":"Polygon","arcs":[[5859]],"properties":{"anthrome":42}},{"type":"Polygon","arcs":[[-5685,5860,5861]],"properties":{"anthrome":53}},{"type":"Polygon","arcs":[[5862,-5861]],"properties":{"anthrome":52}},{"type":"Polygon","arcs":[[5863,5864]],"properties":{"anthrome":63}},{"type":"Polygon","arcs":[[5865,5866]],"properties":{"anthrome":42}},{"type":"Polygon","arcs":[[5867]],"properties":{"anthrome":42}},{"type":"Polygon","arcs":[[5868]],"properties":{"anthrome":54}},{"type":"Polygon","arcs":[[5869,5870,5871]],"properties":{"anthrome":61}},{"type":"Polygon","arcs":[[5872,5873,5874]],"properties":{"anthrome":52}},{"type":"Polygon","arcs":[[5875,5876,-5873]],"properties":{"anthrome":53}},{"type":"Polygon","arcs":[[5877,-5295,-5325,5878,5879,5880,-5575,-5666,5881,5882,-5736,5883,5884,5885,5886,5887,5888,5889,5890,5891,-5321,5892]],"properties":{"anthrome":61}},{"type":"Polygon","arcs":[[-5810,5893,5894,5895,5896,5897,5898,-5729,5899]],"properties":{"anthrome":54}},{"type":"Polygon","arcs":[[5900,-5613,5901,5902,5903]],"properties":{"anthrome":42}},{"type":"Polygon","arcs":[[5904,5905,5906,5907,5908],[-5841]],"properties":{"anthrome":61}},{"type":"Polygon","arcs":[[5909]],"properties":{"anthrome":53}},{"type":"Polygon","arcs":[[5910,5911,5912,5913]],"properties":{"anthrome":51}},{"type":"Polygon","arcs":[[5914,-5117,5915,-5336,5916,-5279,5917,5918,-5717,5919,5920,5921,-5509,5922,5923,5924,5925,5926,-5650,5927,-5327,5928,-5275,5929,-5278,-5369]],"properties":{"anthrome":51}},{"type":"Polygon","arcs":[[5930,5931,5932,5933]],"properties":{"anthrome":42}},{"type":"Polygon","arcs":[[5934]],"properties":{"anthrome":54}},{"type":"Polygon","arcs":[[5935,5936,5937,5938,5939,-5618]],"properties":{"anthrome":62}},{"type":"Polygon","arcs":[[5940,5941]],"properties":{"anthrome":61}},{"type":"Polygon","arcs":[[-5886,5942,5943]],"properties":{"anthrome":53}},{"type":"Polygon","arcs":[[5944,5945,5946,5947]],"properties":{"anthrome":53}},{"type":"Polygon","arcs":[[-5845,5948]],"properties":{"anthrome":54}},{"type":"Polygon","arcs":[[5949]],"properties":{"anthrome":61}},{"type":"Polygon","arcs":[[5950]],"properties":{"anthrome":61}},{"type":"Polygon","arcs":[[5951,5952]],"properties":{"anthrome":62}},{"type":"Polygon","arcs":[[5953,5954]],"properties":{"anthrome":61}},{"type":"Polygon","arcs":[[5955,-5954]],"properties":{"anthrome":32}},{"type":"Polygon","arcs":[[5956,5957,5958,5959]],"properties":{"anthrome":41}},{"type":"Polygon","arcs":[[5960,5961]],"properties":{"anthrome":61}},{"type":"Polygon","arcs":[[5962,5963,5964,5965]],"properties":{"anthrome":51}},{"type":"Polygon","arcs":[[5966,5967,5968,5969]],"properties":{"anthrome":42}},{"type":"Polygon","arcs":[[5970,5971,5972]],"properties":{"anthrome":54}},{"type":"Polygon","arcs":[[5973,5974,5975,-5972]],"properties":{"anthrome":32}},{"type":"Polygon","arcs":[[5976,5977]],"properties":{"anthrome":52}},{"type":"Polygon","arcs":[[5978,5979,5980,5981]],"properties":{"anthrome":52}},{"type":"Polygon","arcs":[[-5864,5982,5983,5984]],"properties":{"anthrome":53}},{"type":"Polygon","arcs":[[5985,-5983]],"properties":{"anthrome":62}},{"type":"Polygon","arcs":[[5986,5987,5988]],"properties":{"anthrome":42}},{"type":"Polygon","arcs":[[5989]],"properties":{"anthrome":62}},{"type":"Polygon","arcs":[[5990,5991,5992,5993]],"properties":{"anthrome":62}},{"type":"Polygon","arcs":[[5994,5995,5996,-5992]],"properties":{"anthrome":54}},{"type":"Polygon","arcs":[[5997,5998,5999,6000]],"properties":{"anthrome":54}},{"type":"Polygon","arcs":[[6001,6002]],"properties":{"anthrome":53}},{"type":"Polygon","arcs":[[6003,6004,6005]],"properties":{"anthrome":51}},{"type":"Polygon","arcs":[[6006]],"properties":{"anthrome":61}},{"type":"Polygon","arcs":[[6007,6008,6009]],"properties":{"anthrome":61}},{"type":"Polygon","arcs":[[6010,-5693,6011,6012,6013,6014,6015,-5977,6016,6017]],"properties":{"anthrome":53}},{"type":"Polygon","arcs":[[6018,6019,6020,6021,6022,6023,-5745]],"properties":{"anthrome":32}},{"type":"Polygon","arcs":[[6024,6025]],"properties":{"anthrome":61}},{"type":"Polygon","arcs":[[6026,6027,6028,6029,6030,-5952]],"properties":{"anthrome":51}},{"type":"Polygon","arcs":[[6031,6032,6033]],"properties":{"anthrome":32}},{"type":"Polygon","arcs":[[6034,6035,6036,-6032]],"properties":{"anthrome":41}},{"type":"Polygon","arcs":[[-5747,6037,6038,6039]],"properties":{"anthrome":41}},{"type":"Polygon","arcs":[[6040,-5966,6041,6042,6043,6044]],"properties":{"anthrome":41}},{"type":"Polygon","arcs":[[6045,-5973,6046,6047,6048,6049,6050,-5968]],"properties":{"anthrome":32}},{"type":"Polygon","arcs":[[6051,-5898,6052,6053,6054,6055]],"properties":{"anthrome":52}},{"type":"Polygon","arcs":[[6056,6057,6058,6059]],"properties":{"anthrome":42}},{"type":"Polygon","arcs":[[6060]],"properties":{"anthrome":53}},{"type":"Polygon","arcs":[[6061,-6001,6062,6063]],"properties":{"anthrome":62}},{"type":"Polygon","arcs":[[6064,6065,6066]],"properties":{"anthrome":54}},{"type":"Polygon","arcs":[[6067,6068]],"properties":{"anthrome":62}},{"type":"Polygon","arcs":[[6069,6070,6071,6072]],"properties":{"anthrome":62}},{"type":"Polygon","arcs":[[6073,6074]],"properties":{"anthrome":61}},{"type":"Polygon","arcs":[[6075]],"properties":{"anthrome":61}},{"type":"Polygon","arcs":[[6076]],"properties":{"anthrome":61}},{"type":"Polygon","arcs":[[6077,6078]],"properties":{"anthrome":52}},{"type":"Polygon","arcs":[[6079,6080]],"properties":{"anthrome":51}},{"type":"Polygon","arcs":[[6081,6082,6083]],"properties":{"anthrome":54}},{"type":"Polygon","arcs":[[6084,-6022,6085]],"properties":{"anthrome":51}},{"type":"Polygon","arcs":[[-6051,6086,6087]],"properties":{"anthrome":42}},{"type":"Polygon","arcs":[[6088,-6049]],"properties":{"anthrome":41}},{"type":"Polygon","arcs":[[6089,6090,6091,-6047]],"properties":{"anthrome":41}},{"type":"Polygon","arcs":[[6092,6093,6094,-6091]],"properties":{"anthrome":51}},{"type":"Polygon","arcs":[[6095,6096,6097,-6054]],"properties":{"anthrome":32}},{"type":"Polygon","arcs":[[6098,6099,6100,-6097]],"properties":{"anthrome":51}},{"type":"Polygon","arcs":[[-5897,6101,-6100]],"properties":{"anthrome":33}},{"type":"Polygon","arcs":[[6102,6103,6104]],"properties":{"anthrome":61}},{"type":"Polygon","arcs":[[-5981,6105,6106,6107]],"properties":{"anthrome":53}},{"type":"Polygon","arcs":[[6108,6109]],"properties":{"anthrome":62}},{"type":"Polygon","arcs":[[6110,6111,6112]],"properties":{"anthrome":54}},{"type":"Polygon","arcs":[[6113,6114,6115]],"properties":{"anthrome":42}},{"type":"Polygon","arcs":[[6116,6117,6118,-6115]],"properties":{"anthrome":54}},{"type":"Polygon","arcs":[[-6059,6119,-6118]],"properties":{"anthrome":43}},{"type":"Polygon","arcs":[[6120,6121]],"properties":{"anthrome":42}},{"type":"Polygon","arcs":[[6122,6123,6124,6125]],"properties":{"anthrome":42}},{"type":"Polygon","arcs":[[6126]],"properties":{"anthrome":42}},{"type":"Polygon","arcs":[[6127]],"properties":{"anthrome":43}},{"type":"Polygon","arcs":[[6128]],"properties":{"anthrome":62}},{"type":"Polygon","arcs":[[6129,6130,6131,6132]],"properties":{"anthrome":52}},{"type":"Polygon","arcs":[[6133]],"properties":{"anthrome":33}},{"type":"Polygon","arcs":[[6134]],"properties":{"anthrome":61}},{"type":"Polygon","arcs":[[6135,6136]],"properties":{"anthrome":61}},{"type":"Polygon","arcs":[[6137]],"properties":{"anthrome":61}},{"type":"Polygon","arcs":[[6138,6139,6140,6141,-5399,6142,-5889,-5656,6143,-5909,-5908,6144,6145,6146,6147,6148,6149,-5142,6150,-5305],[-5238]],"properties":{"anthrome":54}},{"type":"Polygon","arcs":[[6151,6152,6153,6154,-5738,6155]],"properties":{"anthrome":62}},{"type":"Polygon","arcs":[[6156,-5552,6157,6158,6159,6160,6161,-5702,6162,6163],[-6007]],"properties":{"anthrome":53}},{"type":"Polygon","arcs":[[6164,6165,-5706,6166,6167,6168,6169,6170,6171,-5870,6172]],"properties":{"anthrome":52}},{"type":"Polygon","arcs":[[-5947,6173,6174,6175]],"properties":{"anthrome":61}},{"type":"Polygon","arcs":[[6176,-6174]],"properties":{"anthrome":53}},{"type":"Polygon","arcs":[[6177,-6086,6178,6179,6180]],"properties":{"anthrome":54}},{"type":"Polygon","arcs":[[6181,-6015,6182,6183,6184,6185,6186,-6104]],"properties":{"anthrome":52}},{"type":"Polygon","arcs":[[6187,6188]],"properties":{"anthrome":62}},{"type":"Polygon","arcs":[[6189,6190,6191,6192]],"properties":{"anthrome":61}},{"type":"Polygon","arcs":[[6193,6194,6195,-6191]],"properties":{"anthrome":54}},{"type":"Polygon","arcs":[[6196,6197,6198]],"properties":{"anthrome":32}},{"type":"Polygon","arcs":[[6199,6200]],"properties":{"anthrome":52}},{"type":"Polygon","arcs":[[6201,6202,6203,6204]],"properties":{"anthrome":32}},{"type":"Polygon","arcs":[[6205,6206,6207,-6203]],"properties":{"anthrome":51}},{"type":"Polygon","arcs":[[-6039,6208,6209]],"properties":{"anthrome":62}},{"type":"Polygon","arcs":[[6210,-6179]],"properties":{"anthrome":51}},{"type":"Polygon","arcs":[[6211,6212,6213]],"properties":{"anthrome":54}},{"type":"Polygon","arcs":[[6214,6215,6216,-6213]],"properties":{"anthrome":43}},{"type":"Polygon","arcs":[[6217,6218,6219,-6216]],"properties":{"anthrome":51}},{"type":"Polygon","arcs":[[6220,6221,-6219]],"properties":{"anthrome":41}},{"type":"Polygon","arcs":[[-6092,6222,6223,6224]],"properties":{"anthrome":52}},{"type":"Polygon","arcs":[[6225,6226,6227]],"properties":{"anthrome":32}},{"type":"Polygon","arcs":[[-6186,6228]],"properties":{"anthrome":32}},{"type":"Polygon","arcs":[[6229,6230,6231,-6184]],"properties":{"anthrome":42}},{"type":"Polygon","arcs":[[6232,-3107,6233,6234,6235,6236,-3111,6237,-3658,6238,-3472,6239,6240,6241,6242,-5186,6243,6244,-5524,-5609,6245,6246,6247,6248,6249,6250,-6231,6251,-6013,6252,-5691,6253,-6018,6254,6255,-5607,6256,-5339,6257,-5337,-5226,-5806,6258,-4980,6259,-5803,-5802,-3508,-5801,-5800,6260,-3309,-3354,6261,-3307,6262,-3313,6263,6264,-5797,-3511,-3607,6265,-3835,6266,-5795,6267,-3135,6268,-3138,6269,-3104],[-3263],[-3479],[-3509],[-3604],[-3608,-3609],[-3770],[-3771],[-4023],[-4022],[-4172,6270,-4376,-4375,6271],[-4542,-4541],[-5088],[-5517,6272,-5519,6273,-5522,6274],[6275,-6107,6276,-5979]],"properties":{"anthrome":54}},{"type":"Polygon","arcs":[[6277,6278,6279,-6250]],"properties":{"anthrome":52}},{"type":"Polygon","arcs":[[6280,6281,6282,-6279]],"properties":{"anthrome":53}},{"type":"Polygon","arcs":[[6283,6284,6285]],"properties":{"anthrome":54}},{"type":"Polygon","arcs":[[6286]],"properties":{"anthrome":54}},{"type":"Polygon","arcs":[[6287,6288]],"properties":{"anthrome":54}},{"type":"Polygon","arcs":[[6289,6290,6291]],"properties":{"anthrome":53}},{"type":"Polygon","arcs":[[6292,6293]],"properties":{"anthrome":61}},{"type":"Polygon","arcs":[[-6170,6294,6295]],"properties":{"anthrome":51}},{"type":"Polygon","arcs":[[6296,-6147,6297,6298,6299,6300]],"properties":{"anthrome":61}},{"type":"Polygon","arcs":[[-6193,6301,6302,6303]],"properties":{"anthrome":54}},{"type":"Polygon","arcs":[[6304,6305,6306,6307]],"properties":{"anthrome":61}},{"type":"Polygon","arcs":[[6308,6309,6310,6311]],"properties":{"anthrome":61}},{"type":"Polygon","arcs":[[6312,6313,6314,6315]],"properties":{"anthrome":52}},{"type":"Polygon","arcs":[[6316,6317,6318]],"properties":{"anthrome":41}},{"type":"Polygon","arcs":[[6319,6320,-6317]],"properties":{"anthrome":61}},{"type":"Polygon","arcs":[[6321,6322,6323,6324,6325,6326,6327,-6248]],"properties":{"anthrome":52}},{"type":"Polygon","arcs":[[6328,6329,6330]],"properties":{"anthrome":53}},{"type":"Polygon","arcs":[[-6119,6331,6332,6333]],"properties":{"anthrome":33}},{"type":"Polygon","arcs":[[6334]],"properties":{"anthrome":54}},{"type":"Polygon","arcs":[[6335,-6010,6336,6337,-6168]],"properties":{"anthrome":51}},{"type":"Polygon","arcs":[[6338]],"properties":{"anthrome":61}},{"type":"Polygon","arcs":[[6339,-6300]],"properties":{"anthrome":53}},{"type":"Polygon","arcs":[[6340,-5578,6341,6342,6343,6344,-6073,-6304,6345,6346,-6177,-5946,6347,6348,-5664,6349,6350],[-5667]],"properties":{"anthrome":61}},{"type":"Polygon","arcs":[[6351]],"properties":{"anthrome":61}},{"type":"Polygon","arcs":[[6352,6353,6354,6355]],"properties":{"anthrome":32}},{"type":"Polygon","arcs":[[6356,6357,6358,6359]],"properties":{"anthrome":32}},{"type":"Polygon","arcs":[[-6204,6360,6361,6362]],"properties":{"anthrome":54}},{"type":"Polygon","arcs":[[6363,6364,6365,-6361]],"properties":{"anthrome":52}},{"type":"Polygon","arcs":[[6366,6367]],"properties":{"anthrome":41}},{"type":"Polygon","arcs":[[6368,6369]],"properties":{"anthrome":41}},{"type":"Polygon","arcs":[[6370,6371,6372,6373]],"properties":{"anthrome":41}},{"type":"Polygon","arcs":[[6374]],"properties":{"anthrome":51}},{"type":"Polygon","arcs":[[6375,6376,6377,6378]],"properties":{"anthrome":51}},{"type":"Polygon","arcs":[[-6224,6379,6380,6381]],"properties":{"anthrome":41}},{"type":"Polygon","arcs":[[6382,-6380]],"properties":{"anthrome":32}},{"type":"Polygon","arcs":[[6383,6384,6385]],"properties":{"anthrome":32}},{"type":"Polygon","arcs":[[-6227,6386,6387,-6384]],"properties":{"anthrome":62}},{"type":"Polygon","arcs":[[6388,6389,-6325]],"properties":{"anthrome":54}},{"type":"Polygon","arcs":[[6390,6391,6392]],"properties":{"anthrome":62}},{"type":"Polygon","arcs":[[6393,6394,6395]],"properties":{"anthrome":52}},{"type":"Polygon","arcs":[[6396,6397,6398,6399]],"properties":{"anthrome":54}},{"type":"Polygon","arcs":[[6400,6401,6402,-6398]],"properties":{"anthrome":62}},{"type":"Polygon","arcs":[[6403,6404,6405,6406]],"properties":{"anthrome":62}},{"type":"Polygon","arcs":[[6407,6408,6409,6410]],"properties":{"anthrome":52}},{"type":"Polygon","arcs":[[6411]],"properties":{"anthrome":61}},{"type":"Polygon","arcs":[[-6295,6412,6413,6414]],"properties":{"anthrome":54}},{"type":"Polygon","arcs":[[-6338,6415,6416]],"properties":{"anthrome":61}},{"type":"Polygon","arcs":[[6417]],"properties":{"anthrome":53}},{"type":"Polygon","arcs":[[6418,-6357,6419,6420,6421,-6353,6422]],"properties":{"anthrome":51}},{"type":"Polygon","arcs":[[6423,6424,6425,-6320,6426]],"properties":{"anthrome":32}},{"type":"Polygon","arcs":[[6427,6428,6429,6430,-6369,-6221,-6043]],"properties":{"anthrome":42}},{"type":"Polygon","arcs":[[-4058,6431,-4206,-4495,6432,-4448,6433,-4514,6434,6435,-4652,6436,6437,6438,-4955,6439,-4870,-4656,6440,-4551,6441,6442,6443,6444,6445,-5024,6446,6447,6448,6449,6450,6451,-6407,6452,-6402,6453,-6400,6454,6455,6456,6457,6458,6459,6460,6461,6462,6463,-5620,6464,6465,-4484,6466,-4480,6467,6468,-4477,6469,6470,-3897],[-4868],[-4871],[-5135],[-5090],[-5136],[-5217],[-5249],[-5535],[-6064,6471,-5999,6472]],"properties":{"anthrome":43}},{"type":"Polygon","arcs":[[6473,6474,6475,6476,6477]],"properties":{"anthrome":54}},{"type":"Polygon","arcs":[[6478]],"properties":{"anthrome":43}},{"type":"Polygon","arcs":[[6479,6480,6481,6482]],"properties":{"anthrome":32}},{"type":"Polygon","arcs":[[6483,6484,-6480]],"properties":{"anthrome":52}},{"type":"Polygon","arcs":[[-5544,6485,-5568,-5567,-5302,6486,-5640,6487,6488,6489,6490,6491,6492,6493,6494,-6409,6495,6496,6497,6498],[-5695]],"properties":{"anthrome":32}},{"type":"Polygon","arcs":[[6499,6500,6501]],"properties":{"anthrome":51}},{"type":"Polygon","arcs":[[-6415,6502]],"properties":{"anthrome":51}},{"type":"Polygon","arcs":[[-6169,6503,6504,-6413]],"properties":{"anthrome":51}},{"type":"Polygon","arcs":[[6505,6506,6507,6508]],"properties":{"anthrome":54}},{"type":"Polygon","arcs":[[6509,6510]],"properties":{"anthrome":54}},{"type":"Polygon","arcs":[[6511]],"properties":{"anthrome":62}},{"type":"Polygon","arcs":[[6512]],"properties":{"anthrome":61}},{"type":"Polygon","arcs":[[6513,6514]],"properties":{"anthrome":61}},{"type":"Polygon","arcs":[[-6477,6515]],"properties":{"anthrome":32}},{"type":"Polygon","arcs":[[6516,6517,6518,6519,-6365]],"properties":{"anthrome":51}},{"type":"Polygon","arcs":[[6520,6521]],"properties":{"anthrome":32}},{"type":"Polygon","arcs":[[6522,6523,-6425]],"properties":{"anthrome":23}},{"type":"Polygon","arcs":[[6524,6525,-6523]],"properties":{"anthrome":12}},{"type":"Polygon","arcs":[[6526,6527,6528]],"properties":{"anthrome":42}},{"type":"Polygon","arcs":[[6529,-5755,6530,6531,6532,6533,6534,6535,-6372,6536,6537,-5858]],"properties":{"anthrome":51}},{"type":"Polygon","arcs":[[6538,6539]],"properties":{"anthrome":51}},{"type":"Polygon","arcs":[[6540,6541,6542,-6539]],"properties":{"anthrome":32}},{"type":"Polygon","arcs":[[6543,6544]],"properties":{"anthrome":32}},{"type":"Polygon","arcs":[[-6482,6545,6546]],"properties":{"anthrome":42}},{"type":"Polygon","arcs":[[6547,6548,6549]],"properties":{"anthrome":52}},{"type":"Polygon","arcs":[[-6390,6550,6551]],"properties":{"anthrome":53}},{"type":"Polygon","arcs":[[6552,6553,6554,6555]],"properties":{"anthrome":53}},{"type":"Polygon","arcs":[[-6395,6556,6557,6558]],"properties":{"anthrome":63}},{"type":"Polygon","arcs":[[6559,6560,6561,-6557]],"properties":{"anthrome":62}},{"type":"Polygon","arcs":[[6562,6563,6564,-6561]],"properties":{"anthrome":63}},{"type":"Polygon","arcs":[[6565]],"properties":{"anthrome":54}},{"type":"Polygon","arcs":[[6566,6567,6568,-6456]],"properties":{"anthrome":62}},{"type":"Polygon","arcs":[[6569,6570,6571]],"properties":{"anthrome":53}},{"type":"Polygon","arcs":[[6572,6573]],"properties":{"anthrome":32}},{"type":"Polygon","arcs":[[6574]],"properties":{"anthrome":51}},{"type":"Polygon","arcs":[[6575,6576]],"properties":{"anthrome":52}},{"type":"Polygon","arcs":[[6577,-5662,6578,6579,-6069,6580,-6153,-6349,6581,6582,-6189,6583,6584,6585,6586]],"properties":{"anthrome":54}},{"type":"Polygon","arcs":[[6587,-3551,-3852,6588,-4897,6589,6590,6591,6592,-4892,6593,-5034,6594,-5378,6595,6596,-5375,-5584,6597,6598,6599,-6082,-6084,6600,-6368,6601,6602,6603,6604,-6035,-5726,6605,6606,-4524,6607,6608,-4286,6609,-3759,6610],[-3589],[-4328,6611,-4330,6612,-4153],[-4526],[-4629],[-4856],[-4967],[-5150],[-5208],[6613,-5560,-5674,-5673,6614,-5555],[-5581],[-5853,6615,-5960,6616,-6081,6617,-5912,6618]],"properties":{"anthrome":32}},{"type":"Polygon","arcs":[[6619,6620,6621,6622]],"properties":{"anthrome":54}},{"type":"Polygon","arcs":[[6623,6624]],"properties":{"anthrome":61}},{"type":"Polygon","arcs":[[6625,6626,6627,6628,6629]],"properties":{"anthrome":54}},{"type":"Polygon","arcs":[[6630,6631,6632,6633,6634]],"properties":{"anthrome":42}},{"type":"Polygon","arcs":[[6635,6636]],"properties":{"anthrome":61}},{"type":"Polygon","arcs":[[6637]],"properties":{"anthrome":61}},{"type":"Polygon","arcs":[[6638,6639,6640,6641,6642,-6507]],"properties":{"anthrome":62}},{"type":"Polygon","arcs":[[6643]],"properties":{"anthrome":61}},{"type":"Polygon","arcs":[[6644,6645,6646,6647]],"properties":{"anthrome":32}},{"type":"Polygon","arcs":[[6648,6649,6650,6651]],"properties":{"anthrome":33}},{"type":"Polygon","arcs":[[-6622,6652,6653]],"properties":{"anthrome":51}},{"type":"Polygon","arcs":[[6654,6655]],"properties":{"anthrome":24}},{"type":"Polygon","arcs":[[-6524,6656,-6655]],"properties":{"anthrome":11}},{"type":"Polygon","arcs":[[6657]],"properties":{"anthrome":61}},{"type":"Polygon","arcs":[[6658]],"properties":{"anthrome":32}},{"type":"Polygon","arcs":[[6659,6660,6661]],"properties":{"anthrome":32}},{"type":"Polygon","arcs":[[6662,6663]],"properties":{"anthrome":43}},{"type":"Polygon","arcs":[[6664,6665]],"properties":{"anthrome":32}},{"type":"Polygon","arcs":[[6666,6667,6668,-6665]],"properties":{"anthrome":51}},{"type":"Polygon","arcs":[[6669,6670,6671,-6668]],"properties":{"anthrome":52}},{"type":"Polygon","arcs":[[6672,6673]],"properties":{"anthrome":52}},{"type":"Polygon","arcs":[[6674,6675,6676]],"properties":{"anthrome":61}},{"type":"Polygon","arcs":[[6677]],"properties":{"anthrome":62}},{"type":"Polygon","arcs":[[6678]],"properties":{"anthrome":62}},{"type":"Polygon","arcs":[[6679]],"properties":{"anthrome":54}},{"type":"Polygon","arcs":[[6680,6681,6682,6683]],"properties":{"anthrome":53}},{"type":"Polygon","arcs":[[6684,6685,6686,-6682,-6571]],"properties":{"anthrome":52}},{"type":"Polygon","arcs":[[6687,-6311,-6515,6688,6689]],"properties":{"anthrome":52}},{"type":"Polygon","arcs":[[6690,6691,6692,-6525,-6424,6693,6694,6695]],"properties":{"anthrome":51}},{"type":"Polygon","arcs":[[6696,-6652,6697,6698,6699,6700,6701,6702]],"properties":{"anthrome":32}},{"type":"Polygon","arcs":[[6703,-6556,6704,6705,6706,-6673,-6551,-6330]],"properties":{"anthrome":54}},{"type":"Polygon","arcs":[[-6554,6707,6708,6709]],"properties":{"anthrome":52}},{"type":"Polygon","arcs":[[6710,6711,6712,6713]],"properties":{"anthrome":61}},{"type":"Polygon","arcs":[[6714,-6648,6715,6716,6717]],"properties":{"anthrome":52}},{"type":"Polygon","arcs":[[6718,6719,6720,-6476,6721]],"properties":{"anthrome":32}},{"type":"Polygon","arcs":[[6722,-6692,6723]],"properties":{"anthrome":32}},{"type":"Polygon","arcs":[[6724,6725,6726]],"properties":{"anthrome":51}},{"type":"Polygon","arcs":[[6727,6728,6729]],"properties":{"anthrome":32}},{"type":"Polygon","arcs":[[6730,6731,6732,6733]],"properties":{"anthrome":54}},{"type":"Polygon","arcs":[[6734,6735,6736,6737,6738,6739]],"properties":{"anthrome":32}},{"type":"Polygon","arcs":[[-6326,-6552,-6674,6740,6741,6742,6743,6744,6745,-6548]],"properties":{"anthrome":32}},{"type":"Polygon","arcs":[[6746,6747,6748]],"properties":{"anthrome":41}},{"type":"Polygon","arcs":[[-4255,-3661,6749,-3697,6750,-3887,-4031,-4305,6751,-4189,-4352,-4435,6752,-4645,6753,-4864,6754,6755,-5532,6756,6757,6758,6759,6760,-5904,-5987,-5989,6761,6762,-6124,6763,6764,6765,-6122,6766,-6057,-6060,6767,-6116,-6334,6768,-6633,6769,6770,-6288,-6112,6771,6772,6773,6774,6775,-5344,-5527,6776,6777,6778,6779,-6630,-6629,6780,6781,6782,-6392,6783,-6286,6784,-6109,6785,-5652,6786,6787,6788,6789,-5184,6790,-6242,6791,-4379,6792,-4345,-4174,6793,-4178,6794,-4347,6795,-4349,6796,6797,-4430,-4849,6798,-4643,-4859,-5020,-5019,6799,-4842,-4850,6800,-4096],[-3884,-3883],[-4029,-4028],[-4186],[-4350],[-4543],[-4900],[-4857],[-4982],[-5021],[-4983],[-5089],[-5187],[-5284],[-5528],[-5643],[-5529],[-5530],[-5655],[-5610],[-5694],[-5837],[-5935],[-5866,-5867],[-5868],[-6287]],"properties":{"anthrome":43}},{"type":"Polygon","arcs":[[-6462,6801,-5993,6802,-5938,6803]],"properties":{"anthrome":54}},{"type":"Polygon","arcs":[[6804]],"properties":{"anthrome":54}},{"type":"Polygon","arcs":[[-6493,6805,6806,6807]],"properties":{"anthrome":51}},{"type":"Polygon","arcs":[[6808]],"properties":{"anthrome":54}},{"type":"Polygon","arcs":[[6809]],"properties":{"anthrome":54}},{"type":"Polygon","arcs":[[6810,6811,6812]],"properties":{"anthrome":54}},{"type":"Polygon","arcs":[[6813,6814,6815,6816]],"properties":{"anthrome":61}},{"type":"Polygon","arcs":[[6817,6818]],"properties":{"anthrome":32}},{"type":"Polygon","arcs":[[6819,6820]],"properties":{"anthrome":51}},{"type":"Polygon","arcs":[[6821,6822,6823,6824]],"properties":{"anthrome":54}},{"type":"Polygon","arcs":[[6825,6826,-6823]],"properties":{"anthrome":32}},{"type":"Polygon","arcs":[[6827,6828,6829,6830,6831]],"properties":{"anthrome":54}},{"type":"Polygon","arcs":[[6832,6833,6834]],"properties":{"anthrome":51}},{"type":"Polygon","arcs":[[6835,6836,-6833]],"properties":{"anthrome":12}},{"type":"Polygon","arcs":[[6837,6838]],"properties":{"anthrome":32}},{"type":"Polygon","arcs":[[6839,6840,6841,6842]],"properties":{"anthrome":32}},{"type":"Polygon","arcs":[[6843,6844,6845,-6841]],"properties":{"anthrome":43}},{"type":"Polygon","arcs":[[6846,6847]],"properties":{"anthrome":32}},{"type":"Polygon","arcs":[[6848,-6743,6849,6850]],"properties":{"anthrome":41}},{"type":"Polygon","arcs":[[-6707,6851,-6741]],"properties":{"anthrome":42}},{"type":"Polygon","arcs":[[-6676,6852,6853]],"properties":{"anthrome":43}},{"type":"Polygon","arcs":[[6854]],"properties":{"anthrome":63}},{"type":"Polygon","arcs":[[6855]],"properties":{"anthrome":62}},{"type":"Polygon","arcs":[[6856]],"properties":{"anthrome":54}},{"type":"Polygon","arcs":[[6857]],"properties":{"anthrome":32}},{"type":"Polygon","arcs":[[6858,6859,6860,6861,6862]],"properties":{"anthrome":52}},{"type":"Polygon","arcs":[[6863,6864,-6550,6865,-6745,6866,-6851,6867,6868,6869,6870,6871,6872,-6671,-6485]],"properties":{"anthrome":42}},{"type":"Polygon","arcs":[[6873,6874,6875,6876,6877,6878,-6699]],"properties":{"anthrome":52}},{"type":"Polygon","arcs":[[6879,-6519,6880,6881,6882,-6720]],"properties":{"anthrome":54}},{"type":"Polygon","arcs":[[6883,-6545,-6740,6884,6885,6886,6887,6888,-6661,6889,6890]],"properties":{"anthrome":51}},{"type":"Polygon","arcs":[[6891]],"properties":{"anthrome":54}},{"type":"Polygon","arcs":[[6892,6893,6894,6895]],"properties":{"anthrome":54}},{"type":"Polygon","arcs":[[6896,6897,6898,-6894]],"properties":{"anthrome":61}},{"type":"Polygon","arcs":[[6899,-6825,6900,-6717]],"properties":{"anthrome":51}},{"type":"Polygon","arcs":[[-6824,6901]],"properties":{"anthrome":32}},{"type":"Polygon","arcs":[[6902,-6878,6903,6904]],"properties":{"anthrome":51}},{"type":"Polygon","arcs":[[6905,6906,-6876]],"properties":{"anthrome":32}},{"type":"Polygon","arcs":[[6907,6908,6909]],"properties":{"anthrome":32}},{"type":"Polygon","arcs":[[6910,6911,6912,-6909]],"properties":{"anthrome":33}},{"type":"Polygon","arcs":[[6913,6914]],"properties":{"anthrome":51}},{"type":"Polygon","arcs":[[6915,6916,6917,6918]],"properties":{"anthrome":41}},{"type":"Polygon","arcs":[[-6691,6919,6920]],"properties":{"anthrome":23}},{"type":"Polygon","arcs":[[6921,6922,-6920]],"properties":{"anthrome":51}},{"type":"Polygon","arcs":[[6923,6924,6925]],"properties":{"anthrome":33}},{"type":"Polygon","arcs":[[6926,6927,6928,6929]],"properties":{"anthrome":41}},{"type":"Polygon","arcs":[[6930,6931,-6928]],"properties":{"anthrome":33}},{"type":"Polygon","arcs":[[6932,6933,6934]],"properties":{"anthrome":62}},{"type":"Polygon","arcs":[[-6834,6935,6936,-6933]],"properties":{"anthrome":12}},{"type":"Polygon","arcs":[[-6862,6937]],"properties":{"anthrome":42}},{"type":"Polygon","arcs":[[-6871,6938,6939]],"properties":{"anthrome":32}},{"type":"Polygon","arcs":[[6940,6941,6942,-6869]],"properties":{"anthrome":52}},{"type":"Polygon","arcs":[[-6742,6943,6944,-6942]],"properties":{"anthrome":42}},{"type":"Polygon","arcs":[[-6852,6945,6946,-6944]],"properties":{"anthrome":41}},{"type":"Polygon","arcs":[[6947]],"properties":{"anthrome":32}},{"type":"Polygon","arcs":[[6948]],"properties":{"anthrome":52}},{"type":"Polygon","arcs":[[6949,6950,6951]],"properties":{"anthrome":52}},{"type":"Polygon","arcs":[[6952,6953,6954]],"properties":{"anthrome":51}},{"type":"Polygon","arcs":[[-6359,-6516,-6721,6955,6956,6957,6958,6959,6960,-6910,6961,6962,6963]],"properties":{"anthrome":54}},{"type":"Polygon","arcs":[[6964,6965,6966,6967,-6829]],"properties":{"anthrome":52}},{"type":"Polygon","arcs":[[6968,6969,6970,6971,6972,-6641,6973]],"properties":{"anthrome":54}},{"type":"Polygon","arcs":[[-6737,6974,6975,-6843,6976,-6845,6977,-6848,6978,6979,6980,6981,6982,6983]],"properties":{"anthrome":51}},{"type":"Polygon","arcs":[[-6972,6984,6985,6986]],"properties":{"anthrome":61}},{"type":"Polygon","arcs":[[6987,6988,6989,6990]],"properties":{"anthrome":61}},{"type":"Polygon","arcs":[[6991,6992,6993,6994]],"properties":{"anthrome":42}},{"type":"Polygon","arcs":[[6995,6996,6997,6998,6999]],"properties":{"anthrome":51}},{"type":"Polygon","arcs":[[-6968,7000,7001]],"properties":{"anthrome":42}},{"type":"Polygon","arcs":[[7002,7003,7004,7005,7006]],"properties":{"anthrome":51}},{"type":"Polygon","arcs":[[-6888,7007,7008,7009]],"properties":{"anthrome":32}},{"type":"Polygon","arcs":[[7010,7011,7012,7013,-6946]],"properties":{"anthrome":42}},{"type":"Polygon","arcs":[[7014,7015]],"properties":{"anthrome":62}},{"type":"Polygon","arcs":[[7016,7017]],"properties":{"anthrome":52}},{"type":"Polygon","arcs":[[7018,7019]],"properties":{"anthrome":51}},{"type":"Polygon","arcs":[[-6137,-6296,-6503,7020,7021,7022,-6636,7023,-6293,7024]],"properties":{"anthrome":52}},{"type":"Polygon","arcs":[[7025,7026,-6989]],"properties":{"anthrome":54}},{"type":"Polygon","arcs":[[-6907,7027,7028]],"properties":{"anthrome":52}},{"type":"Polygon","arcs":[[-6913,7029,7030,-6962]],"properties":{"anthrome":52}},{"type":"Polygon","arcs":[[7031,7032,-6958]],"properties":{"anthrome":51}},{"type":"Polygon","arcs":[[7033,7034]],"properties":{"anthrome":41}},{"type":"Polygon","arcs":[[-6918,7035,7036,7037]],"properties":{"anthrome":33}},{"type":"Polygon","arcs":[[-6925,7038,7039]],"properties":{"anthrome":42}},{"type":"Polygon","arcs":[[7040,7041]],"properties":{"anthrome":42}},{"type":"Polygon","arcs":[[-6999,7042,-7041]],"properties":{"anthrome":52}},{"type":"Polygon","arcs":[[-5724,-6538,7043,7044,-6528,7045,-6535,-6534,7046,-6088,7047,-6379,-6540,-6832,7048,7049,-6997,7050,-6725,-6430,7051],[-6375]],"properties":{"anthrome":52}},{"type":"Polygon","arcs":[[-6929,7052,7053,7054]],"properties":{"anthrome":53}},{"type":"Polygon","arcs":[[7055,7056,-7005]],"properties":{"anthrome":52}},{"type":"Polygon","arcs":[[7057]],"properties":{"anthrome":32}},{"type":"Polygon","arcs":[[7058,7059]],"properties":{"anthrome":52}},{"type":"Polygon","arcs":[[7060,7061,7062,7063]],"properties":{"anthrome":52}},{"type":"Polygon","arcs":[[7064,-6938,7065,7066,7067]],"properties":{"anthrome":52}},{"type":"Polygon","arcs":[[7068,7069,7070,7071,7072,-6886]],"properties":{"anthrome":52}},{"type":"Polygon","arcs":[[7073,7074,-7071]],"properties":{"anthrome":32}},{"type":"Polygon","arcs":[[7075,7076]],"properties":{"anthrome":32}},{"type":"Polygon","arcs":[[7077,7078]],"properties":{"anthrome":52}},{"type":"Polygon","arcs":[[7079,7080,7081,7082]],"properties":{"anthrome":42}},{"type":"Polygon","arcs":[[-6870,7083,7084,-7081]],"properties":{"anthrome":32}},{"type":"Polygon","arcs":[[7085,7086,7087,7088]],"properties":{"anthrome":54}},{"type":"Polygon","arcs":[[-7014,7089]],"properties":{"anthrome":41}},{"type":"Polygon","arcs":[[7090]],"properties":{"anthrome":62}},{"type":"Polygon","arcs":[[7091]],"properties":{"anthrome":54}},{"type":"Polygon","arcs":[[7092]],"properties":{"anthrome":54}},{"type":"Polygon","arcs":[[7093]],"properties":{"anthrome":62}},{"type":"Polygon","arcs":[[7094,7095,7096]],"properties":{"anthrome":52}},{"type":"Polygon","arcs":[[-6951,7097,7098,-7095]],"properties":{"anthrome":32}},{"type":"Polygon","arcs":[[7099,7100,7101]],"properties":{"anthrome":51}},{"type":"Polygon","arcs":[[-6175,7102,7103,7104,7105,-6584]],"properties":{"anthrome":53}},{"type":"Polygon","arcs":[[7106,-6113,-6289,7107,7108,-6773]],"properties":{"anthrome":62}},{"type":"Polygon","arcs":[[7109]],"properties":{"anthrome":54}},{"type":"Polygon","arcs":[[7110,7111,7112,7113,7114]],"properties":{"anthrome":32}},{"type":"Polygon","arcs":[[-6945,7115,7116,7117,-7087]],"properties":{"anthrome":52}},{"type":"Polygon","arcs":[[-6947,-7090,7118,7119,-7116]],"properties":{"anthrome":42}},{"type":"Polygon","arcs":[[7120]],"properties":{"anthrome":54}},{"type":"Polygon","arcs":[[7121,7122]],"properties":{"anthrome":61}},{"type":"Polygon","arcs":[[7123,7124,7125,7126]],"properties":{"anthrome":61}},{"type":"Polygon","arcs":[[7127,7128,7129,-7125]],"properties":{"anthrome":54}},{"type":"Polygon","arcs":[[7130]],"properties":{"anthrome":32}},{"type":"Polygon","arcs":[[7131]],"properties":{"anthrome":32}},{"type":"Polygon","arcs":[[-6963,7132,7133,7134]],"properties":{"anthrome":52}},{"type":"Polygon","arcs":[[-7037,7135,7136,7137]],"properties":{"anthrome":42}},{"type":"Polygon","arcs":[[7138,7139,7140]],"properties":{"anthrome":43}},{"type":"Polygon","arcs":[[7141,7142,-7140]],"properties":{"anthrome":32}},{"type":"Polygon","arcs":[[7143,7144,7145]],"properties":{"anthrome":51}},{"type":"Polygon","arcs":[[7146,7147,7148]],"properties":{"anthrome":52}},{"type":"Polygon","arcs":[[-7043,7149,7150,7151]],"properties":{"anthrome":42}},{"type":"Polygon","arcs":[[-6998,7152,7153,-7150]],"properties":{"anthrome":52}},{"type":"Polygon","arcs":[[7154,-7153]],"properties":{"anthrome":42}},{"type":"Polygon","arcs":[[7155,7156,7157]],"properties":{"anthrome":43}},{"type":"Polygon","arcs":[[7158,7159,7160,-7157]],"properties":{"anthrome":33}},{"type":"Polygon","arcs":[[7161,7162,7163,-7119]],"properties":{"anthrome":41}},{"type":"Polygon","arcs":[[7164]],"properties":{"anthrome":62}},{"type":"Polygon","arcs":[[7165,7166]],"properties":{"anthrome":54}},{"type":"Polygon","arcs":[[7167]],"properties":{"anthrome":62}},{"type":"Polygon","arcs":[[7168]],"properties":{"anthrome":62}},{"type":"Polygon","arcs":[[-7017,7169]],"properties":{"anthrome":51}},{"type":"Polygon","arcs":[[7170,7171,7172]],"properties":{"anthrome":51}},{"type":"Polygon","arcs":[[-7101,7173,7174,-7172]],"properties":{"anthrome":32}},{"type":"Polygon","arcs":[[7175,7176]],"properties":{"anthrome":51}},{"type":"Polygon","arcs":[[7177,7178,7179]],"properties":{"anthrome":32}},{"type":"Polygon","arcs":[[7180,-7000,-7042,-7152,7181,7182,7183,7184,-7149,7185,-7144,7186]],"properties":{"anthrome":54}},{"type":"Polygon","arcs":[[-6877,-7029,7187,7188,7189]],"properties":{"anthrome":32}},{"type":"Polygon","arcs":[[7190,-7089,7191,-7117,7192,7193,7194,7195,-7084]],"properties":{"anthrome":42}},{"type":"Polygon","arcs":[[7196,7197,7198,7199,7200,-7133]],"properties":{"anthrome":51}},{"type":"Polygon","arcs":[[-6883,7201,-7198,-7033,7202,-6956]],"properties":{"anthrome":32}},{"type":"Polygon","arcs":[[7203]],"properties":{"anthrome":54}},{"type":"Polygon","arcs":[[-6994,7204,7205,7206]],"properties":{"anthrome":41}},{"type":"Polygon","arcs":[[7207,7208,7209]],"properties":{"anthrome":32}},{"type":"Polygon","arcs":[[7210,-7180,7211,7212]],"properties":{"anthrome":51}},{"type":"Polygon","arcs":[[7213,7214,7215]],"properties":{"anthrome":61}},{"type":"Polygon","arcs":[[7216,7217,7218,7219]],"properties":{"anthrome":33}},{"type":"Polygon","arcs":[[7220]],"properties":{"anthrome":23}},{"type":"Polygon","arcs":[[-7145,7221,7222]],"properties":{"anthrome":61}},{"type":"Polygon","arcs":[[7223,7224,7225,-7222]],"properties":{"anthrome":42}},{"type":"Polygon","arcs":[[-7154,7226,7227,7228]],"properties":{"anthrome":41}},{"type":"Polygon","arcs":[[7229,7230,-7227]],"properties":{"anthrome":51}},{"type":"Polygon","arcs":[[7231,7232,7233]],"properties":{"anthrome":42}},{"type":"Polygon","arcs":[[7234,-6839,7235,-6729,7236,7237,-7068,7238,-7064,7239,-7060,7240,7241,7242,7243,7244,-7113,7245,-6837],[-7058]],"properties":{"anthrome":51}},{"type":"Polygon","arcs":[[-7241,7246,7247,-7242]],"properties":{"anthrome":32}},{"type":"Polygon","arcs":[[7248,7249,7250,-7193]],"properties":{"anthrome":52}},{"type":"Polygon","arcs":[[7251,-7016,7252,7253,7254,7255,-7163,7256,-7012]],"properties":{"anthrome":54}},{"type":"Polygon","arcs":[[7257,7258,-7166]],"properties":{"anthrome":62}},{"type":"Polygon","arcs":[[7259,7260]],"properties":{"anthrome":32}},{"type":"Polygon","arcs":[[7261,-7212]],"properties":{"anthrome":61}},{"type":"Polygon","arcs":[[7262,7263,7264,-5962,7265,-6625,7266,7267,7268,7269,-7139,7270,-6922,-6696,7271,7272,-5590,7273,-5507,7274,-5921],[7275]],"properties":{"anthrome":32}},{"type":"Polygon","arcs":[[7276,-6970,7277,7278,7279,-6986]],"properties":{"anthrome":53}},{"type":"Polygon","arcs":[[7280,7281,7282,-7137,7283,7284,7285,7286,-7034,-6914,7287]],"properties":{"anthrome":32}},{"type":"Polygon","arcs":[[-6808,-6953,7288,7289,7290,7291,7292,7293,7294]],"properties":{"anthrome":32}},{"type":"Polygon","arcs":[[7295,7296,7297]],"properties":{"anthrome":54}},{"type":"Polygon","arcs":[[7298,-7229,7299,7300,7301,7302]],"properties":{"anthrome":52}},{"type":"Polygon","arcs":[[7303,-7255,7304,7305,7306,7307]],"properties":{"anthrome":42}},{"type":"Polygon","arcs":[[7308,7309]],"properties":{"anthrome":32}},{"type":"Polygon","arcs":[[7310,7311,7312,7313]],"properties":{"anthrome":61}},{"type":"Polygon","arcs":[[7314,7315]],"properties":{"anthrome":51}},{"type":"Polygon","arcs":[[7316,7317]],"properties":{"anthrome":52}},{"type":"Polygon","arcs":[[7318,7319,-7279]],"properties":{"anthrome":61}},{"type":"Polygon","arcs":[[7320,7321,7322,-7319]],"properties":{"anthrome":53}},{"type":"Polygon","arcs":[[7323,7324,7325]],"properties":{"anthrome":61}},{"type":"Polygon","arcs":[[7326]],"properties":{"anthrome":53}},{"type":"Polygon","arcs":[[7327,7328]],"properties":{"anthrome":32}},{"type":"Polygon","arcs":[[7329]],"properties":{"anthrome":32}},{"type":"Polygon","arcs":[[7330]],"properties":{"anthrome":32}},{"type":"Polygon","arcs":[[7331,7332,7333]],"properties":{"anthrome":54}},{"type":"Polygon","arcs":[[7334,7335,-7286]],"properties":{"anthrome":43}},{"type":"Polygon","arcs":[[7336,7337,7338]],"properties":{"anthrome":41}},{"type":"Polygon","arcs":[[7339,7340]],"properties":{"anthrome":54}},{"type":"Polygon","arcs":[[7341,7342,7343,7344]],"properties":{"anthrome":42}},{"type":"Polygon","arcs":[[7345,7346,7347]],"properties":{"anthrome":32}},{"type":"Polygon","arcs":[[7348,7349,7350,7351]],"properties":{"anthrome":52}},{"type":"Polygon","arcs":[[7352]],"properties":{"anthrome":32}},{"type":"Polygon","arcs":[[7353]],"properties":{"anthrome":32}},{"type":"Polygon","arcs":[[7354]],"properties":{"anthrome":32}},{"type":"Polygon","arcs":[[7355]],"properties":{"anthrome":52}},{"type":"Polygon","arcs":[[7356]],"properties":{"anthrome":33}},{"type":"Polygon","arcs":[[7357,7358,-7306]],"properties":{"anthrome":62}},{"type":"Polygon","arcs":[[7359]],"properties":{"anthrome":63}},{"type":"Polygon","arcs":[[7360]],"properties":{"anthrome":63}},{"type":"Polygon","arcs":[[7361]],"properties":{"anthrome":54}},{"type":"Polygon","arcs":[[7362]],"properties":{"anthrome":62}},{"type":"Polygon","arcs":[[7363,7364]],"properties":{"anthrome":62}},{"type":"Polygon","arcs":[[7365,7366]],"properties":{"anthrome":23}},{"type":"Polygon","arcs":[[-5103,-5003,-5005,-5146,-5878,7367,-6140,7368,-5309,7369,7370,-6301,7371,-6713,-6987,7372,7373,-7123,-7216,7374,7375,-5941,7376,-5223,-5447,7377,-4142,7378,7379,7380,-4283,7381,-5440,-5439],[-4521],[-4851],[-4852],[-5028],[-6339],[-6638]],"properties":{"anthrome":53}},{"type":"Polygon","arcs":[[7382,7383,7384,-7337,7385,-7142,-7270]],"properties":{"anthrome":51}},{"type":"Polygon","arcs":[[7386,7387,7388,7389,-7321,-7278]],"properties":{"anthrome":54}},{"type":"Polygon","arcs":[[7390,7391]],"properties":{"anthrome":52}},{"type":"Polygon","arcs":[[-7176,7392,7393,7394,7395,-7312]],"properties":{"anthrome":32}},{"type":"Polygon","arcs":[[7396,7397,7398]],"properties":{"anthrome":52}},{"type":"Polygon","arcs":[[-7300,7399,7400]],"properties":{"anthrome":54}},{"type":"Polygon","arcs":[[7401,7402,7403,7404,-7231]],"properties":{"anthrome":54}},{"type":"Polygon","arcs":[[7405]],"properties":{"anthrome":62}},{"type":"Polygon","arcs":[[7406,7407]],"properties":{"anthrome":51}},{"type":"Polygon","arcs":[[-7320,7408,7409]],"properties":{"anthrome":53}},{"type":"Polygon","arcs":[[-7323,7410,7411,-7409]],"properties":{"anthrome":61}},{"type":"Polygon","arcs":[[7412]],"properties":{"anthrome":61}},{"type":"Polygon","arcs":[[-7297,7413,7414,7415]],"properties":{"anthrome":61}},{"type":"Polygon","arcs":[[7416,7417,7418]],"properties":{"anthrome":54}},{"type":"Polygon","arcs":[[7419]],"properties":{"anthrome":62}},{"type":"Polygon","arcs":[[-7328,7420,7421]],"properties":{"anthrome":62}},{"type":"Polygon","arcs":[[7422,7423,-7421]],"properties":{"anthrome":32}},{"type":"Polygon","arcs":[[7424,7425,7426]],"properties":{"anthrome":52}},{"type":"Polygon","arcs":[[-7333,7427]],"properties":{"anthrome":32}},{"type":"Polygon","arcs":[[7428]],"properties":{"anthrome":23}},{"type":"Polygon","arcs":[[7429,7430,7431]],"properties":{"anthrome":43}},{"type":"Polygon","arcs":[[7432,7433,7434,-7430]],"properties":{"anthrome":32}},{"type":"Polygon","arcs":[[-7184,7435,7436,7437,-7340]],"properties":{"anthrome":42}},{"type":"Polygon","arcs":[[-7302,7438,7439,7440]],"properties":{"anthrome":32}},{"type":"Polygon","arcs":[[-7351,7441,7442,7443]],"properties":{"anthrome":51}},{"type":"Polygon","arcs":[[7444]],"properties":{"anthrome":32}},{"type":"Polygon","arcs":[[7445,7446,7447]],"properties":{"anthrome":52}},{"type":"Polygon","arcs":[[7448]],"properties":{"anthrome":62}},{"type":"Polygon","arcs":[[7449]],"properties":{"anthrome":54}},{"type":"Polygon","arcs":[[7450,7451,7452]],"properties":{"anthrome":32}},{"type":"Polygon","arcs":[[7453,7454]],"properties":{"anthrome":51}},{"type":"Polygon","arcs":[[-7313,7455,7456]],"properties":{"anthrome":32}},{"type":"Polygon","arcs":[[7457,7458,7459,7460,7461,-6782,7462,-6627,7463,-6779],[-7121]],"properties":{"anthrome":62}},{"type":"Polygon","arcs":[[7464,7465,7466,7467,7468,7469]],"properties":{"anthrome":32}},{"type":"Polygon","arcs":[[7470,-7365,7471,7472,7473,7474]],"properties":{"anthrome":54}},{"type":"Polygon","arcs":[[-7344,7475,7476,7477]],"properties":{"anthrome":41}},{"type":"Polygon","arcs":[[7478]],"properties":{"anthrome":32}},{"type":"Polygon","arcs":[[7479]],"properties":{"anthrome":54}},{"type":"Polygon","arcs":[[7480,7481,7482,7483]],"properties":{"anthrome":62}},{"type":"Polygon","arcs":[[7484,7485,7486,7487]],"properties":{"anthrome":54}},{"type":"Polygon","arcs":[[7488]],"properties":{"anthrome":61}},{"type":"Polygon","arcs":[[7489,7490,7491]],"properties":{"anthrome":32}},{"type":"Polygon","arcs":[[7492]],"properties":{"anthrome":32}},{"type":"Polygon","arcs":[[7493,7494,7495,7496]],"properties":{"anthrome":41}},{"type":"Polygon","arcs":[[7497,7498,7499,-7495]],"properties":{"anthrome":51}},{"type":"Polygon","arcs":[[-7384,7500,-7499]],"properties":{"anthrome":32}},{"type":"Polygon","arcs":[[7501,7502,7503,7504]],"properties":{"anthrome":24}},{"type":"Polygon","arcs":[[7505,7506,7507,7508]],"properties":{"anthrome":32}},{"type":"Polygon","arcs":[[-7443,7509,7510]],"properties":{"anthrome":41}},{"type":"Polygon","arcs":[[7511]],"properties":{"anthrome":33}},{"type":"Polygon","arcs":[[7512]],"properties":{"anthrome":32}},{"type":"Polygon","arcs":[[7513]],"properties":{"anthrome":62}},{"type":"Polygon","arcs":[[7514,7515,7516]],"properties":{"anthrome":51}},{"type":"Polygon","arcs":[[7517,7518]],"properties":{"anthrome":51}},{"type":"Polygon","arcs":[[7519,7520,7521,7522]],"properties":{"anthrome":23}},{"type":"Polygon","arcs":[[-7394,7523,7524,7525]],"properties":{"anthrome":52}},{"type":"Polygon","arcs":[[7526,7527]],"properties":{"anthrome":32}},{"type":"Polygon","arcs":[[7528,7529]],"properties":{"anthrome":23}},{"type":"Polygon","arcs":[[7530,7531,-7488,7532,7533]],"properties":{"anthrome":61}},{"type":"Polygon","arcs":[[7534]],"properties":{"anthrome":62}},{"type":"Polygon","arcs":[[7535,-7104,7536,-6990,7537,7538,7539,7540,7541,7542,7543],[-7413]],"properties":{"anthrome":54}},{"type":"Polygon","arcs":[[-7412,7544,7545]],"properties":{"anthrome":53}},{"type":"Polygon","arcs":[[-7437,7546,7547]],"properties":{"anthrome":41}},{"type":"Polygon","arcs":[[-7440,7548,7549,-7547]],"properties":{"anthrome":54}},{"type":"Polygon","arcs":[[7550]],"properties":{"anthrome":32}},{"type":"Polygon","arcs":[[-7396,7551,7552,7553,7554,-7456]],"properties":{"anthrome":51}},{"type":"Polygon","arcs":[[7555,7556,7557]],"properties":{"anthrome":51}},{"type":"Polygon","arcs":[[7558,7559,7560]],"properties":{"anthrome":62}},{"type":"Polygon","arcs":[[7561,7562,7563]],"properties":{"anthrome":54}},{"type":"Polygon","arcs":[[7564]],"properties":{"anthrome":54}},{"type":"Polygon","arcs":[[-7542,7565]],"properties":{"anthrome":53}},{"type":"Polygon","arcs":[[7566]],"properties":{"anthrome":62}},{"type":"Polygon","arcs":[[7567,7568]],"properties":{"anthrome":32}},{"type":"Polygon","arcs":[[7569,7570,7571]],"properties":{"anthrome":32}},{"type":"Polygon","arcs":[[7572,7573,7574]],"properties":{"anthrome":23}},{"type":"Polygon","arcs":[[7575,7576,7577,-7574]],"properties":{"anthrome":54}},{"type":"Polygon","arcs":[[7578,7579,7580]],"properties":{"anthrome":43}},{"type":"Polygon","arcs":[[7581,7582,7583,-7579]],"properties":{"anthrome":42}},{"type":"Polygon","arcs":[[7584]],"properties":{"anthrome":32}},{"type":"Polygon","arcs":[[7585]],"properties":{"anthrome":32}},{"type":"Polygon","arcs":[[7586]],"properties":{"anthrome":54}},{"type":"Polygon","arcs":[[7587,7588,7589]],"properties":{"anthrome":52}},{"type":"Polygon","arcs":[[7590,7591,-7588]],"properties":{"anthrome":32}},{"type":"Polygon","arcs":[[7592,7593]],"properties":{"anthrome":23}},{"type":"Polygon","arcs":[[-7554,7594]],"properties":{"anthrome":61}},{"type":"Polygon","arcs":[[-7525,7595,7596,7597]],"properties":{"anthrome":61}},{"type":"Polygon","arcs":[[7598,7599]],"properties":{"anthrome":32}},{"type":"Polygon","arcs":[[-7389,7600,7601,7602,7603,7604,-7545]],"properties":{"anthrome":61}},{"type":"Polygon","arcs":[[7605,7606,7607,7608,-7486]],"properties":{"anthrome":53}},{"type":"Polygon","arcs":[[-7566,7609]],"properties":{"anthrome":54}},{"type":"Polygon","arcs":[[7610,7611,7612,7613,-7503]],"properties":{"anthrome":41}},{"type":"Polygon","arcs":[[7614,7615,7616,7617]],"properties":{"anthrome":52}},{"type":"Polygon","arcs":[[7618,7619,7620,7621]],"properties":{"anthrome":32}},{"type":"Polygon","arcs":[[7622,7623,7624]],"properties":{"anthrome":54}},{"type":"Polygon","arcs":[[-7560,7625,7626]],"properties":{"anthrome":54}},{"type":"Polygon","arcs":[[7627,7628,7629,-7626]],"properties":{"anthrome":53}},{"type":"Polygon","arcs":[[-7605,7630,7631]],"properties":{"anthrome":53}},{"type":"Polygon","arcs":[[7632,7633,7634]],"properties":{"anthrome":61}},{"type":"Polygon","arcs":[[7635,-7607]],"properties":{"anthrome":54}},{"type":"Polygon","arcs":[[7636]],"properties":{"anthrome":61}},{"type":"Polygon","arcs":[[7637]],"properties":{"anthrome":43}},{"type":"Polygon","arcs":[[7638,7639,7640,7641]],"properties":{"anthrome":52}},{"type":"Polygon","arcs":[[-7571,7642,7643,7644]],"properties":{"anthrome":41}},{"type":"Polygon","arcs":[[7645,-7643,7646]],"properties":{"anthrome":32}},{"type":"Polygon","arcs":[[7647,7648]],"properties":{"anthrome":62}},{"type":"Polygon","arcs":[[7649,7650]],"properties":{"anthrome":32}},{"type":"Polygon","arcs":[[7651,7652,7653]],"properties":{"anthrome":32}},{"type":"Polygon","arcs":[[7654,7655,-7653]],"properties":{"anthrome":62}},{"type":"Polygon","arcs":[[-7578,7656]],"properties":{"anthrome":43}},{"type":"Polygon","arcs":[[-7550,7657]],"properties":{"anthrome":32}},{"type":"Polygon","arcs":[[7658,7659]],"properties":{"anthrome":33}},{"type":"Polygon","arcs":[[7660]],"properties":{"anthrome":54}},{"type":"Polygon","arcs":[[7661,7662,7663]],"properties":{"anthrome":54}},{"type":"Polygon","arcs":[[7664,7665,7666,7667]],"properties":{"anthrome":33}},{"type":"Polygon","arcs":[[7668,7669]],"properties":{"anthrome":33}},{"type":"Polygon","arcs":[[7670,7671,-7619]],"properties":{"anthrome":51}},{"type":"Polygon","arcs":[[7672,-7671]],"properties":{"anthrome":61}},{"type":"Polygon","arcs":[[7673,7674]],"properties":{"anthrome":62}},{"type":"Polygon","arcs":[[7675,7676,7677,7678,7679,7680,7681]],"properties":{"anthrome":63}},{"type":"Polygon","arcs":[[7682,-7678]],"properties":{"anthrome":62}},{"type":"Polygon","arcs":[[7683]],"properties":{"anthrome":52}},{"type":"Polygon","arcs":[[7684,-7580,7685,7686,7687,7688,7689,-7611,-7403]],"properties":{"anthrome":42}},{"type":"Polygon","arcs":[[7690,7691,7692,-7417,7693,-7534,7694,7695,7696,-7635,7697,7698,7699,7700,7701,7702,7703,7704,7705,-6898],[-7127,7706,-7129,7707]],"properties":{"anthrome":53}},{"type":"Polygon","arcs":[[-7497,7708,-7575,7709]],"properties":{"anthrome":32}},{"type":"Polygon","arcs":[[-7228,-7405,7710,-7505,7711,7712,7713,7714,-7549,-7400]],"properties":{"anthrome":42}},{"type":"Polygon","arcs":[[-7715,7715]],"properties":{"anthrome":41}},{"type":"Polygon","arcs":[[7716,-6228,-6386,7717,7718,-6835,-6935,7719,-7115,7720,7721,-7510,-7469,7722,7723,7724,7725,7726,7727,7728,-7506,7729,-7342,7730,-7160,7731,7732,-7003,7733,-6383,-6223],[-6659],[7734,-7347,7735,-7232],[-7585]],"properties":{"anthrome":54}},{"type":"Polygon","arcs":[[7736,-7664,7737,7738]],"properties":{"anthrome":32}},{"type":"Polygon","arcs":[[-7589,7739]],"properties":{"anthrome":32}},{"type":"Polygon","arcs":[[7740,-7700,7741,7742]],"properties":{"anthrome":62}},{"type":"Polygon","arcs":[[7743,7744,7745]],"properties":{"anthrome":61}},{"type":"Polygon","arcs":[[7746,7747,7748]],"properties":{"anthrome":41}},{"type":"Polygon","arcs":[[-7644,7749,7750,-7747]],"properties":{"anthrome":32}},{"type":"Polygon","arcs":[[7751,-7750]],"properties":{"anthrome":41}},{"type":"Polygon","arcs":[[7752]],"properties":{"anthrome":41}},{"type":"Polygon","arcs":[[7753,7754]],"properties":{"anthrome":62}},{"type":"Polygon","arcs":[[7755,-7688]],"properties":{"anthrome":33}},{"type":"Polygon","arcs":[[-7728,7756,7757,7758]],"properties":{"anthrome":43}},{"type":"Polygon","arcs":[[7759,7760,7761,7762]],"properties":{"anthrome":41}},{"type":"Polygon","arcs":[[7763,7764,7765,-7761]],"properties":{"anthrome":43}},{"type":"Polygon","arcs":[[7766,-7725,7767,-7765]],"properties":{"anthrome":32}},{"type":"Polygon","arcs":[[7768,7769,7770]],"properties":{"anthrome":32}},{"type":"Polygon","arcs":[[7771]],"properties":{"anthrome":33}},{"type":"Polygon","arcs":[[7772,7773,7774,7775]],"properties":{"anthrome":52}},{"type":"Polygon","arcs":[[7776,7777,7778,-7774]],"properties":{"anthrome":33}},{"type":"Polygon","arcs":[[7779]],"properties":{"anthrome":51}},{"type":"Polygon","arcs":[[7780]],"properties":{"anthrome":62}},{"type":"Polygon","arcs":[[7781]],"properties":{"anthrome":62}},{"type":"Polygon","arcs":[[7782]],"properties":{"anthrome":54}},{"type":"Polygon","arcs":[[7783,7784]],"properties":{"anthrome":23}},{"type":"Polygon","arcs":[[7785,7786,7787,7788]],"properties":{"anthrome":23}},{"type":"Polygon","arcs":[[7789,7790,-7787]],"properties":{"anthrome":61}},{"type":"Polygon","arcs":[[-7522,-7594,7791,7792,-7789,7793,7794,7795]],"properties":{"anthrome":51}},{"type":"Polygon","arcs":[[-7630,7796]],"properties":{"anthrome":62}},{"type":"Polygon","arcs":[[7797,7798,7799]],"properties":{"anthrome":54}},{"type":"Polygon","arcs":[[7800,7801,7802,7803]],"properties":{"anthrome":54}},{"type":"Polygon","arcs":[[7804,7805,-7802]],"properties":{"anthrome":32}},{"type":"Polygon","arcs":[[7806,7807,7808]],"properties":{"anthrome":52}},{"type":"Polygon","arcs":[[7809,7810,7811]],"properties":{"anthrome":61}},{"type":"Polygon","arcs":[[7812]],"properties":{"anthrome":54}},{"type":"Polygon","arcs":[[7813,7814]],"properties":{"anthrome":43}},{"type":"Polygon","arcs":[[7815,7816,7817]],"properties":{"anthrome":32}},{"type":"Polygon","arcs":[[7818,-7817]],"properties":{"anthrome":62}},{"type":"Polygon","arcs":[[7819,7820]],"properties":{"anthrome":43}},{"type":"Polygon","arcs":[[7821,7822,7823]],"properties":{"anthrome":43}},{"type":"Polygon","arcs":[[7824,7825,7826,-7823]],"properties":{"anthrome":61}},{"type":"Polygon","arcs":[[7827,7828,7829,-7826]],"properties":{"anthrome":24}},{"type":"Polygon","arcs":[[-7687,7830]],"properties":{"anthrome":43}},{"type":"Polygon","arcs":[[7831,7832,7833,7834]],"properties":{"anthrome":54}},{"type":"Polygon","arcs":[[-7663,7835,7836,-7798,-7800,7837,7838,7839,7840],[-7661]],"properties":{"anthrome":52}},{"type":"Polygon","arcs":[[-7667,7841,7842,7843,7844,7845]],"properties":{"anthrome":52}},{"type":"Polygon","arcs":[[7846,7847,7848,-7844]],"properties":{"anthrome":32}},{"type":"Polygon","arcs":[[7849,7850,7851,-7848]],"properties":{"anthrome":43}},{"type":"Polygon","arcs":[[7852]],"properties":{"anthrome":52}},{"type":"Polygon","arcs":[[7853]],"properties":{"anthrome":33}},{"type":"Polygon","arcs":[[7854,7855,7856]],"properties":{"anthrome":54}},{"type":"Polygon","arcs":[[7857]],"properties":{"anthrome":33}},{"type":"Polygon","arcs":[[7858]],"properties":{"anthrome":63}},{"type":"Polygon","arcs":[[7859,7860,7861,7862]],"properties":{"anthrome":63}},{"type":"Polygon","arcs":[[7863,7864]],"properties":{"anthrome":23}},{"type":"Polygon","arcs":[[7865]],"properties":{"anthrome":52}},{"type":"Polygon","arcs":[[7866,7867,7868,7869]],"properties":{"anthrome":54}},{"type":"Polygon","arcs":[[7870,7871,7872,-7868]],"properties":{"anthrome":32}},{"type":"Polygon","arcs":[[7873,7874,7875,-7557]],"properties":{"anthrome":32}},{"type":"Polygon","arcs":[[-7746,7876,7877]],"properties":{"anthrome":53}},{"type":"Polygon","arcs":[[7878,-7636,7879]],"properties":{"anthrome":62}},{"type":"Polygon","arcs":[[-7641,7880,7881,7882,-7814,7883]],"properties":{"anthrome":32}},{"type":"Polygon","arcs":[[7884,7885,7886,7887,7888]],"properties":{"anthrome":32}},{"type":"Polygon","arcs":[[7889,7890]],"properties":{"anthrome":53}},{"type":"Polygon","arcs":[[7891]],"properties":{"anthrome":23}},{"type":"Polygon","arcs":[[7892,7893,7894,-7801,7895,7896,7897,7898]],"properties":{"anthrome":32}},{"type":"Polygon","arcs":[[7899,-7857,7900,7901,7902]],"properties":{"anthrome":41}},{"type":"Polygon","arcs":[[7903,7904]],"properties":{"anthrome":32}},{"type":"Polygon","arcs":[[7905,7906,7907]],"properties":{"anthrome":62}},{"type":"Polygon","arcs":[[-7834,7908]],"properties":{"anthrome":41}},{"type":"Polygon","arcs":[[7909,7910,7911,7912]],"properties":{"anthrome":41}},{"type":"Polygon","arcs":[[-7803,7913,7914]],"properties":{"anthrome":41}},{"type":"Polygon","arcs":[[7915,7916]],"properties":{"anthrome":33}},{"type":"Polygon","arcs":[[7917]],"properties":{"anthrome":63}},{"type":"Polygon","arcs":[[7918]],"properties":{"anthrome":62}},{"type":"Polygon","arcs":[[7919,7920,7921,7922]],"properties":{"anthrome":63}},{"type":"Polygon","arcs":[[7923]],"properties":{"anthrome":54}},{"type":"Polygon","arcs":[[7924,7925,-7887]],"properties":{"anthrome":52}},{"type":"Polygon","arcs":[[7926,7927]],"properties":{"anthrome":23}},{"type":"Polygon","arcs":[[7928]],"properties":{"anthrome":61}},{"type":"Polygon","arcs":[[7929,7930]],"properties":{"anthrome":62}},{"type":"Polygon","arcs":[[7931,7932,7933,7934,7935,7936,7937,7938,-7740,-7592,7939,-7515,-7452,7940,-7209]],"properties":{"anthrome":52}},{"type":"Polygon","arcs":[[-5234,7941,-5176,7942,-5232,-5140,-6157,7943,-5571,7944,-5698,7945,-6160,7946,7947,-6500,7948,-7020,7949,-7213,-7408,-7528,-7600,7950,7951,-7556,7952,-7315,-7177,7953,7954,-7102,7955,-7290,7956,-6954,-6807,7957,-6491,-6490,7958,-6006,7959,-5638,-5637,7960,-5347,7961,-5026,-5237,7962,-5349,7963,-5235],[-5285],[-5397],[-5622],[-5623],[7964,-5840,7965,-5626],[-5869],[-6335]],"properties":{"anthrome":52}},{"type":"Polygon","arcs":[[7966,-7870,7967,-7931,7968,7969,7970,7971]],"properties":{"anthrome":23}},{"type":"Polygon","arcs":[[7972]],"properties":{"anthrome":62}},{"type":"Polygon","arcs":[[7973,7974,7975]],"properties":{"anthrome":42}},{"type":"Polygon","arcs":[[7976,-7863,7977,7978]],"properties":{"anthrome":62}},{"type":"Polygon","arcs":[[7979]],"properties":{"anthrome":62}},{"type":"Polygon","arcs":[[-6458,7980,7981,-7167,7982,7983,7984,-7923,7985,7986,7987,7988,-7682,7989,7990,7991,-6803,-5997,7992],[-6566],[-6680],[-6805],[-6857],[-7092],[-7093],[-7362],[-7450],[-7587],[-7783]],"properties":{"anthrome":62}},{"type":"Polygon","arcs":[[7993,7994]],"properties":{"anthrome":62}},{"type":"Polygon","arcs":[[7995,7996,7997]],"properties":{"anthrome":53}},{"type":"Polygon","arcs":[[-7907,7998,7999]],"properties":{"anthrome":54}},{"type":"Polygon","arcs":[[8000]],"properties":{"anthrome":32}},{"type":"Polygon","arcs":[[8001,8002,8003,8004]],"properties":{"anthrome":32}},{"type":"Polygon","arcs":[[8005,8006,8007,-8003]],"properties":{"anthrome":54}},{"type":"Polygon","arcs":[[8008]],"properties":{"anthrome":54}},{"type":"Polygon","arcs":[[8009,8010,8011]],"properties":{"anthrome":43}},{"type":"Polygon","arcs":[[8012,8013]],"properties":{"anthrome":43}},{"type":"Polygon","arcs":[[8014,8015,8016]],"properties":{"anthrome":62}},{"type":"Polygon","arcs":[[8017,8018,8019,-8016]],"properties":{"anthrome":63}},{"type":"Polygon","arcs":[[8020,8021,8022,8023]],"properties":{"anthrome":63}},{"type":"Polygon","arcs":[[8024,8025,-7937]],"properties":{"anthrome":32}},{"type":"Polygon","arcs":[[8026,8027,8028,8029,8030,-6494,-7295,8031,8032,-7018,-7261,-7471,8033,-7310,8034,8035,8036,8037,8038,8039,8040,-7933,8041,8042],[-7097,8043,8044,-6952]],"properties":{"anthrome":51}},{"type":"Polygon","arcs":[[8045,8046,8047]],"properties":{"anthrome":23}},{"type":"Polygon","arcs":[[8048,8049,8050]],"properties":{"anthrome":23}},{"type":"Polygon","arcs":[[-7875,8051,8052,8053]],"properties":{"anthrome":52}},{"type":"Polygon","arcs":[[8054,8055,8056]],"properties":{"anthrome":12}},{"type":"Polygon","arcs":[[8057,8058]],"properties":{"anthrome":53}},{"type":"Polygon","arcs":[[-7928,8059,-8051,8060,8061,8062,8063,-8046,8064,8065,8066]],"properties":{"anthrome":51}},{"type":"Polygon","arcs":[[8067,-7905,8068,8069,8070,8071,8072,8073]],"properties":{"anthrome":42}},{"type":"Polygon","arcs":[[8074,8075,8076]],"properties":{"anthrome":62}},{"type":"Polygon","arcs":[[8077]],"properties":{"anthrome":62}},{"type":"Polygon","arcs":[[8078]],"properties":{"anthrome":62}},{"type":"Polygon","arcs":[[8079,8080,8081]],"properties":{"anthrome":62}},{"type":"Polygon","arcs":[[8082]],"properties":{"anthrome":62}},{"type":"Polygon","arcs":[[-8076,8083]],"properties":{"anthrome":54}},{"type":"Polygon","arcs":[[8084,-8073]],"properties":{"anthrome":41}},{"type":"Polygon","arcs":[[8085,-8071]],"properties":{"anthrome":41}},{"type":"Polygon","arcs":[[8086,8087,8088,8089]],"properties":{"anthrome":52}},{"type":"Polygon","arcs":[[8090,-8089]],"properties":{"anthrome":32}},{"type":"Polygon","arcs":[[8091,8092]],"properties":{"anthrome":54}},{"type":"Polygon","arcs":[[8093]],"properties":{"anthrome":43}},{"type":"Polygon","arcs":[[8094,8095,8096]],"properties":{"anthrome":33}},{"type":"Polygon","arcs":[[8097,8098]],"properties":{"anthrome":62}},{"type":"Polygon","arcs":[[-8023,8099,8100,8101]],"properties":{"anthrome":62}},{"type":"Polygon","arcs":[[8102]],"properties":{"anthrome":32}},{"type":"Polygon","arcs":[[8103,8104]],"properties":{"anthrome":32}},{"type":"Polygon","arcs":[[-8064,8105,8106]],"properties":{"anthrome":23}},{"type":"Polygon","arcs":[[8107,8108,8109,8110]],"properties":{"anthrome":23}},{"type":"Polygon","arcs":[[-8050,8111,-8109]],"properties":{"anthrome":12}},{"type":"Polygon","arcs":[[8112,8113,8114]],"properties":{"anthrome":32}},{"type":"Polygon","arcs":[[8115]],"properties":{"anthrome":52}},{"type":"Polygon","arcs":[[8116,8117,8118]],"properties":{"anthrome":61}},{"type":"Polygon","arcs":[[8119]],"properties":{"anthrome":23}},{"type":"Polygon","arcs":[[8120]],"properties":{"anthrome":62}},{"type":"Polygon","arcs":[[8121,8122,8123]],"properties":{"anthrome":32}},{"type":"Polygon","arcs":[[8124,8125,8126,8127]],"properties":{"anthrome":62}},{"type":"Polygon","arcs":[[8128,8129,8130,8131,8132]],"properties":{"anthrome":41}},{"type":"Polygon","arcs":[[8133,-8105,8134,8135,8136,8137],[-7924],[-8103]],"properties":{"anthrome":51}},{"type":"Polygon","arcs":[[8138,8139,8140]],"properties":{"anthrome":12}},{"type":"Polygon","arcs":[[8141,8142]],"properties":{"anthrome":53}},{"type":"Polygon","arcs":[[8143,8144,8145,8146]],"properties":{"anthrome":53}},{"type":"Polygon","arcs":[[8147]],"properties":{"anthrome":62}},{"type":"Polygon","arcs":[[8148]],"properties":{"anthrome":51}},{"type":"Polygon","arcs":[[8149,8150,8151]],"properties":{"anthrome":52}},{"type":"Polygon","arcs":[[8152,-7821,8153,8154,8155,-7656]],"properties":{"anthrome":32}},{"type":"Polygon","arcs":[[8156]],"properties":{"anthrome":51}},{"type":"Polygon","arcs":[[8157,8158,8159]],"properties":{"anthrome":62}},{"type":"Polygon","arcs":[[8160,8161,8162,8163]],"properties":{"anthrome":54}},{"type":"Polygon","arcs":[[8164]],"properties":{"anthrome":41}},{"type":"Polygon","arcs":[[8165]],"properties":{"anthrome":51}},{"type":"Polygon","arcs":[[8166,8167]],"properties":{"anthrome":62}},{"type":"Polygon","arcs":[[8168]],"properties":{"anthrome":62}},{"type":"Polygon","arcs":[[8169,8170,8171]],"properties":{"anthrome":61}},{"type":"Polygon","arcs":[[-7952,8172,-8119,8173,-8171,8174,8175,-8053,8176],[-8116]],"properties":{"anthrome":51}},{"type":"Polygon","arcs":[[8177,8178]],"properties":{"anthrome":61}},{"type":"Polygon","arcs":[[8179,8180,8181]],"properties":{"anthrome":23}},{"type":"Polygon","arcs":[[8182,8183,8184,8185]],"properties":{"anthrome":61}},{"type":"Polygon","arcs":[[8186,8187,8188,-8184]],"properties":{"anthrome":62}},{"type":"Polygon","arcs":[[8189,-8188]],"properties":{"anthrome":61}},{"type":"Polygon","arcs":[[-7617,8190,-7898,-7897,8191,8192,8193,8194,-7910,8195,8196],[-8001]],"properties":{"anthrome":54}},{"type":"Polygon","arcs":[[-7912,8197,8198,8199]],"properties":{"anthrome":32}},{"type":"Polygon","arcs":[[8200,-7483,8201,-7702,8202,-7743,8203,8204,8205,-7696,-7609,-7878,8206,8207,-7879,-8077,8208,8209,8210,8211,8212,-8145,8213,-8080,8214,8215],[-8083]],"properties":{"anthrome":54}},{"type":"Polygon","arcs":[[8216,-8126,8217,8218,8219]],"properties":{"anthrome":54}},{"type":"Polygon","arcs":[[8220,8221]],"properties":{"anthrome":62}},{"type":"Polygon","arcs":[[8222,8223,8224,8225]],"properties":{"anthrome":61}},{"type":"Polygon","arcs":[[8226,8227,8228,-8224]],"properties":{"anthrome":53}},{"type":"Polygon","arcs":[[-8155,8229,8230]],"properties":{"anthrome":54}},{"type":"Polygon","arcs":[[8231,8232]],"properties":{"anthrome":23}},{"type":"Polygon","arcs":[[8233,-8218]],"properties":{"anthrome":62}},{"type":"Polygon","arcs":[[8234]],"properties":{"anthrome":51}},{"type":"Polygon","arcs":[[8235]],"properties":{"anthrome":62}},{"type":"Polygon","arcs":[[8236,8237,8238]],"properties":{"anthrome":62}},{"type":"Polygon","arcs":[[8239,8240,8241,-8237]],"properties":{"anthrome":12}},{"type":"Polygon","arcs":[[-8231,8242,8243,8244,8245,8246]],"properties":{"anthrome":42}},{"type":"Polygon","arcs":[[8247]],"properties":{"anthrome":62}},{"type":"Polygon","arcs":[[8248]],"properties":{"anthrome":54}},{"type":"Polygon","arcs":[[8249,8250,8251,8252]],"properties":{"anthrome":61}},{"type":"Polygon","arcs":[[8253]],"properties":{"anthrome":54}},{"type":"Polygon","arcs":[[8254,8255,8256]],"properties":{"anthrome":43}},{"type":"Polygon","arcs":[[8257,8258]],"properties":{"anthrome":54}},{"type":"Polygon","arcs":[[-7474,8259,-7625,8260,8261,-7795,-8067,8262,-7785,-7865,8263,-8047,-8107,8264,8265,8266,-8036,8267]],"properties":{"anthrome":32}},{"type":"Polygon","arcs":[[8268]],"properties":{"anthrome":53}},{"type":"Polygon","arcs":[[8269,8270,8271,8272]],"properties":{"anthrome":53}},{"type":"Polygon","arcs":[[8273,8274,8275,-8271]],"properties":{"anthrome":61}},{"type":"Polygon","arcs":[[8276,8277,8278,8279]],"properties":{"anthrome":23}},{"type":"Polygon","arcs":[[8280,8281,8282]],"properties":{"anthrome":43}},{"type":"Polygon","arcs":[[8283,8284]],"properties":{"anthrome":62}},{"type":"Polygon","arcs":[[8285,-8243]],"properties":{"anthrome":62}},{"type":"Polygon","arcs":[[-8232,8286,8287]],"properties":{"anthrome":32}},{"type":"Polygon","arcs":[[-8199,8288,-8287]],"properties":{"anthrome":54}},{"type":"Polygon","arcs":[[8289]],"properties":{"anthrome":52}},{"type":"Polygon","arcs":[[8290,8291,8292,8293]],"properties":{"anthrome":62}},{"type":"Polygon","arcs":[[8294,8295,8296]],"properties":{"anthrome":41}},{"type":"Polygon","arcs":[[8297]],"properties":{"anthrome":32}},{"type":"Polygon","arcs":[[8298]],"properties":{"anthrome":62}},{"type":"Polygon","arcs":[[8299]],"properties":{"anthrome":62}},{"type":"Polygon","arcs":[[8300]],"properties":{"anthrome":61}},{"type":"Polygon","arcs":[[8301]],"properties":{"anthrome":62}},{"type":"Polygon","arcs":[[8302,8303,-8265]],"properties":{"anthrome":51}},{"type":"Polygon","arcs":[[8304,8305,8306]],"properties":{"anthrome":32}},{"type":"Polygon","arcs":[[8307,8308]],"properties":{"anthrome":52}},{"type":"Polygon","arcs":[[8309]],"properties":{"anthrome":32}},{"type":"Polygon","arcs":[[8310,8311,8312]],"properties":{"anthrome":54}},{"type":"Polygon","arcs":[[8313,8314,-8312]],"properties":{"anthrome":61}},{"type":"Polygon","arcs":[[8315,8316,8317]],"properties":{"anthrome":54}},{"type":"Polygon","arcs":[[8318,8319,8320,-8316]],"properties":{"anthrome":53}},{"type":"Polygon","arcs":[[8321,8322]],"properties":{"anthrome":61}},{"type":"Polygon","arcs":[[8323,8324]],"properties":{"anthrome":62}},{"type":"Polygon","arcs":[[8325,8326]],"properties":{"anthrome":62}},{"type":"Polygon","arcs":[[8327]],"properties":{"anthrome":54}},{"type":"Polygon","arcs":[[8328,8329,8330,8331]],"properties":{"anthrome":33}},{"type":"Polygon","arcs":[[8332,8333,-8330]],"properties":{"anthrome":62}},{"type":"Polygon","arcs":[[8334,8335]],"properties":{"anthrome":33}},{"type":"Polygon","arcs":[[8336]],"properties":{"anthrome":54}},{"type":"Polygon","arcs":[[-8293,8337,8338,8339]],"properties":{"anthrome":43}},{"type":"Polygon","arcs":[[8340,8341,8342,8343]],"properties":{"anthrome":23}},{"type":"Polygon","arcs":[[8344,8345,8346,-8342]],"properties":{"anthrome":51}},{"type":"Polygon","arcs":[[8347,8348]],"properties":{"anthrome":61}},{"type":"Polygon","arcs":[[8349]],"properties":{"anthrome":61}},{"type":"Polygon","arcs":[[-7806,-7917,8350,8351,8352,8353,8354,-8159,8355,-8093,8356,8357,8358,-8192,-7914]],"properties":{"anthrome":42}},{"type":"Polygon","arcs":[[8359,-8133,-8132,8360,8361,8362,8363,-8259,8364,8365,8366,8367,8368,8369,8370,8371,-8256,8372,-8162,8373,8374,8375,-8014,8376,8377],[-8165]],"properties":{"anthrome":42}},{"type":"Polygon","arcs":[[8378,8379,-8252,-8313,8380,8381]],"properties":{"anthrome":62}},{"type":"Polygon","arcs":[[-8194,8382,8383,-8289]],"properties":{"anthrome":32}},{"type":"Polygon","arcs":[[-8304,8384]],"properties":{"anthrome":32}},{"type":"Polygon","arcs":[[8385]],"properties":{"anthrome":62}},{"type":"Polygon","arcs":[[8386,-8324]],"properties":{"anthrome":12}},{"type":"Polygon","arcs":[[8387,8388,8389,8390,8391,8392]],"properties":{"anthrome":42}},{"type":"Polygon","arcs":[[8393,8394]],"properties":{"anthrome":42}},{"type":"Polygon","arcs":[[-8331,8395,8396,-8394]],"properties":{"anthrome":54}},{"type":"Polygon","arcs":[[8397,8398,8399,-8396]],"properties":{"anthrome":33}},{"type":"Polygon","arcs":[[8400,8401,8402,-8399]],"properties":{"anthrome":32}},{"type":"Polygon","arcs":[[8403,8404]],"properties":{"anthrome":32}},{"type":"Polygon","arcs":[[8405,8406]],"properties":{"anthrome":62}},{"type":"Polygon","arcs":[[8407,8408]],"properties":{"anthrome":42}},{"type":"Polygon","arcs":[[8409,8410]],"properties":{"anthrome":32}},{"type":"Polygon","arcs":[[8411,8412,8413,-8366]],"properties":{"anthrome":43}},{"type":"Polygon","arcs":[[8414,8415,8416,8417]],"properties":{"anthrome":41}},{"type":"Polygon","arcs":[[8418]],"properties":{"anthrome":54}},{"type":"Polygon","arcs":[[8419]],"properties":{"anthrome":62}},{"type":"Polygon","arcs":[[8420]],"properties":{"anthrome":54}},{"type":"Polygon","arcs":[[8421]],"properties":{"anthrome":53}},{"type":"Polygon","arcs":[[8422,8423]],"properties":{"anthrome":62}},{"type":"Polygon","arcs":[[8424]],"properties":{"anthrome":62}},{"type":"Polygon","arcs":[[8425,8426]],"properties":{"anthrome":32}},{"type":"Polygon","arcs":[[8427,8428]],"properties":{"anthrome":42}},{"type":"Polygon","arcs":[[-8397,8429,8430]],"properties":{"anthrome":42}},{"type":"Polygon","arcs":[[8431]],"properties":{"anthrome":42}},{"type":"Polygon","arcs":[[8432,8433,8434]],"properties":{"anthrome":42}},{"type":"Polygon","arcs":[[8435,8436,8437,8438]],"properties":{"anthrome":42}},{"type":"Polygon","arcs":[[8439,8440,8441,-8437]],"properties":{"anthrome":43}},{"type":"Polygon","arcs":[[8442,8443]],"properties":{"anthrome":62}},{"type":"Polygon","arcs":[[8444,8445]],"properties":{"anthrome":42}},{"type":"Polygon","arcs":[[-8417,8446,8447,8448]],"properties":{"anthrome":42}},{"type":"Polygon","arcs":[[8449,8450,8451]],"properties":{"anthrome":52}},{"type":"Polygon","arcs":[[8452,8453,8454,8455]],"properties":{"anthrome":32}},{"type":"Polygon","arcs":[[8456]],"properties":{"anthrome":32}},{"type":"Polygon","arcs":[[-8347,8457,8458,8459]],"properties":{"anthrome":23}},{"type":"Polygon","arcs":[[8460]],"properties":{"anthrome":61}},{"type":"Polygon","arcs":[[8461,8462,8463,8464]],"properties":{"anthrome":43}},{"type":"Polygon","arcs":[[8465,-8332,-8395,-8431,8466,8467,-8463]],"properties":{"anthrome":54}},{"type":"Polygon","arcs":[[8468,8469,8470,8471]],"properties":{"anthrome":43}},{"type":"Polygon","arcs":[[8472,8473]],"properties":{"anthrome":62}},{"type":"Polygon","arcs":[[8474]],"properties":{"anthrome":62}},{"type":"Polygon","arcs":[[8475]],"properties":{"anthrome":62}},{"type":"Polygon","arcs":[[8476]],"properties":{"anthrome":42}},{"type":"Polygon","arcs":[[-8285,8477,8478,8479,8480,8481,-8428,-8388]],"properties":{"anthrome":43}},{"type":"Polygon","arcs":[[8482]],"properties":{"anthrome":54}},{"type":"Polygon","arcs":[[8483,8484]],"properties":{"anthrome":62}},{"type":"Polygon","arcs":[[8485,8486,8487,8488]],"properties":{"anthrome":54}},{"type":"Polygon","arcs":[[8489,8490]],"properties":{"anthrome":62}},{"type":"Polygon","arcs":[[8491]],"properties":{"anthrome":54}},{"type":"Polygon","arcs":[[8492]],"properties":{"anthrome":62}},{"type":"Polygon","arcs":[[8493,8494,8495]],"properties":{"anthrome":54}},{"type":"Polygon","arcs":[[8496,8497,8498]],"properties":{"anthrome":32}},{"type":"Polygon","arcs":[[8499,-8136,-8135,8500,8501,-8456,8502,8503,8504,8505,8506,-8494,8507,8508,8509,8510]],"properties":{"anthrome":52}},{"type":"Polygon","arcs":[[-5658,8511,-6586,8512,8513,-7544,-7543,-7610,-7541,8514,-7325,8515,-7538,-7027,8516,-6811,8517,8518,-6511,-6303,8519,-6195,8520,8521,-5949,8522,8523,-6817,8524,8525,-7298,-8216,8526,8527,8528,8529,8530,8531,-7810,8532,-7563,8533,8534,-7387,-6969,-6146,8535,8536,-6067,8537],[-6809],[-6892],[-6810],[-7480],[-7565],[-7813],[-8249]],"properties":{"anthrome":62}},{"type":"Polygon","arcs":[[8538,-8409,8539,-8472,8540,8541,8542,-8406,8543,-8335]],"properties":{"anthrome":54}},{"type":"Polygon","arcs":[[8544,-8479]],"properties":{"anthrome":54}},{"type":"Polygon","arcs":[[8545,8546]],"properties":{"anthrome":62}},{"type":"Polygon","arcs":[[8547,8548]],"properties":{"anthrome":54}},{"type":"Polygon","arcs":[[-8480,8549,8550,8551]],"properties":{"anthrome":54}},{"type":"Polygon","arcs":[[8552]],"properties":{"anthrome":62}},{"type":"Polygon","arcs":[[8553,8554]],"properties":{"anthrome":54}},{"type":"Polygon","arcs":[[8555,8556,-8541]],"properties":{"anthrome":42}},{"type":"Polygon","arcs":[[8557,8558]],"properties":{"anthrome":54}},{"type":"Polygon","arcs":[[8559,8560]],"properties":{"anthrome":22}},{"type":"Polygon","arcs":[[8561,8562,8563]],"properties":{"anthrome":32}},{"type":"Polygon","arcs":[[-8498,8564,8565,-8562]],"properties":{"anthrome":31}},{"type":"Polygon","arcs":[[8566,8567]],"properties":{"anthrome":52}},{"type":"Polygon","arcs":[[-8160,8568,-8473,-8357]],"properties":{"anthrome":54}},{"type":"Polygon","arcs":[[8569,-8111,8570,8571,8572,8573,8574,8575,8576,-8344,8577,-8303,8578,-8062]],"properties":{"anthrome":32}},{"type":"Polygon","arcs":[[8579]],"properties":{"anthrome":62}},{"type":"Polygon","arcs":[[-8572,8580,8581,8582,8583]],"properties":{"anthrome":23}},{"type":"Polygon","arcs":[[8584]],"properties":{"anthrome":53}},{"type":"Polygon","arcs":[[8585]],"properties":{"anthrome":62}},{"type":"Polygon","arcs":[[8586]],"properties":{"anthrome":62}},{"type":"Polygon","arcs":[[8587,8588,8589]],"properties":{"anthrome":32}},{"type":"Polygon","arcs":[[8590,8591,8592]],"properties":{"anthrome":31}},{"type":"Polygon","arcs":[[8593,8594]],"properties":{"anthrome":62}},{"type":"Polygon","arcs":[[8595,-8444,8596,8597,8598,-8441]],"properties":{"anthrome":54}},{"type":"Polygon","arcs":[[8599]],"properties":{"anthrome":32}},{"type":"Polygon","arcs":[[8600]],"properties":{"anthrome":54}},{"type":"Polygon","arcs":[[8601]],"properties":{"anthrome":12}},{"type":"Polygon","arcs":[[8602]],"properties":{"anthrome":54}},{"type":"Polygon","arcs":[[8603]],"properties":{"anthrome":33}},{"type":"Polygon","arcs":[[8604,8605,8606]],"properties":{"anthrome":52}},{"type":"Polygon","arcs":[[-7317,8607,8608,8609,-8057,8610,-7970,8611,8612,-8186,8613,-8349,8614,-8567,8615,8616,-8118,8617,8618,8619,8620,8621,-7529,8622,-7366,8623,-7022,8624],[-7684],[-7866],[-7929],[8625,-8182,8626,-8139],[-8120],[-8301]],"properties":{"anthrome":51}},{"type":"Polygon","arcs":[[8627,-6198,8628,-6201,8629,-6028,8630,8631,-6355,8632,8633,-6703,-6702,8634,-6904,-7190,8635,-7218,8636,-7200,8637,-7647,-7570,8638,-7749,8639,-7818,8640,-7649,8641,-7651,8642,-7654,-8156,-8247,8643,8644,8645,8646,-8326,-8284,-8393,8647,-8152,8648,-8283,8649,-8389,-8429,8650,8651,8652,8653,8654,8655,-8426,8656,-8306,8657,-8279,8658,-8308,8659,-8122,8660,-7882,8661,8662,-7569,8663,-7642,8664,8665,-7423,8666,-6818,8667],[8668,-6821,-6901,-6902,-6827,-6826,-6646,8669],[-7131],[-7132],[-7330],[-7331],[8670,-7492,8671,-7427],[-7493],[-8149],[-8477]],"properties":{"anthrome":54}},{"type":"Polygon","arcs":[[-8434,8672,-8555,8673,8674,8675,8676,8677,8678,8679]],"properties":{"anthrome":43}},{"type":"Polygon","arcs":[[-8482,8680,8681,8682,8683,8684,8685,8686,-8651]],"properties":{"anthrome":42}},{"type":"Polygon","arcs":[[8687,8688,-8654]],"properties":{"anthrome":42}},{"type":"Polygon","arcs":[[8689,-8405,8690,-8679,8691,8692,8693,-8430,8694,-8402],[-8432],[-8484,-8485],[-8553]],"properties":{"anthrome":54}},{"type":"Polygon","arcs":[[8695,8696,8697]],"properties":{"anthrome":32}},{"type":"Polygon","arcs":[[8698]],"properties":{"anthrome":62}},{"type":"Polygon","arcs":[[8699,8700,8701]],"properties":{"anthrome":61}},{"type":"Polygon","arcs":[[-8685,8702,8703,8704]],"properties":{"anthrome":54}},{"type":"Polygon","arcs":[[8705,8706,8707]],"properties":{"anthrome":62}},{"type":"Polygon","arcs":[[8708,8709,8710,8711]],"properties":{"anthrome":32}},{"type":"Polygon","arcs":[[8712,8713,8714]],"properties":{"anthrome":42}},{"type":"Polygon","arcs":[[8715]],"properties":{"anthrome":32}},{"type":"Polygon","arcs":[[8716]],"properties":{"anthrome":61}},{"type":"Polygon","arcs":[[8717,8718,8719,8720,8721]],"properties":{"anthrome":54}},{"type":"Polygon","arcs":[[-8594,8722,8723,8724]],"properties":{"anthrome":54}},{"type":"Polygon","arcs":[[-8655,8725,8726,-8723]],"properties":{"anthrome":42}},{"type":"Polygon","arcs":[[8727]],"properties":{"anthrome":54}},{"type":"Polygon","arcs":[[8728,8729]],"properties":{"anthrome":62}},{"type":"Polygon","arcs":[[8730,8731,8732]],"properties":{"anthrome":54}},{"type":"Polygon","arcs":[[8733,8734]],"properties":{"anthrome":62}},{"type":"Polygon","arcs":[[8735,8736,8737]],"properties":{"anthrome":62}},{"type":"Polygon","arcs":[[8738,8739,8740,-8720]],"properties":{"anthrome":62}},{"type":"Polygon","arcs":[[8741,8742,8743,-8740]],"properties":{"anthrome":61}},{"type":"Polygon","arcs":[[8744,8745,8746,8747]],"properties":{"anthrome":54}},{"type":"Polygon","arcs":[[8748,8749]],"properties":{"anthrome":62}},{"type":"Polygon","arcs":[[8750]],"properties":{"anthrome":42}},{"type":"Polygon","arcs":[[8751,8752,8753]],"properties":{"anthrome":54}},{"type":"Polygon","arcs":[[8754,8755,8756]],"properties":{"anthrome":43}},{"type":"Polygon","arcs":[[8757]],"properties":{"anthrome":62}},{"type":"Polygon","arcs":[[8758,8759,8760,8761]],"properties":{"anthrome":52}},{"type":"Polygon","arcs":[[8762]],"properties":{"anthrome":32}},{"type":"Polygon","arcs":[[8763,8764,-8007,8765],[-8009],[-8094],[-8254]],"properties":{"anthrome":62}},{"type":"Polygon","arcs":[[-8084,8766,-8318,8767,-8320,8768,8769,8770,8771,8772,-8209],[-8548,-8549],[-8601]],"properties":{"anthrome":62}},{"type":"Polygon","arcs":[[8773,8774,8775,8776]],"properties":{"anthrome":32}},{"type":"Polygon","arcs":[[8777,8778]],"properties":{"anthrome":61}},{"type":"Polygon","arcs":[[8779]],"properties":{"anthrome":53}},{"type":"Polygon","arcs":[[8780]],"properties":{"anthrome":54}},{"type":"Polygon","arcs":[[8781,-8746]],"properties":{"anthrome":63}},{"type":"Polygon","arcs":[[8782,8783]],"properties":{"anthrome":62}},{"type":"Polygon","arcs":[[8784,8785,8786]],"properties":{"anthrome":43}},{"type":"Polygon","arcs":[[8787]],"properties":{"anthrome":43}},{"type":"Polygon","arcs":[[-8756,8788,8789,8790]],"properties":{"anthrome":41}},{"type":"Polygon","arcs":[[8791,8792,8793]],"properties":{"anthrome":52}},{"type":"Polygon","arcs":[[8794,8795,8796,8797]],"properties":{"anthrome":43}},{"type":"Polygon","arcs":[[8798,8799]],"properties":{"anthrome":53}},{"type":"Polygon","arcs":[[8800,8801]],"properties":{"anthrome":32}},{"type":"Polygon","arcs":[[8802,8803,8804,8805]],"properties":{"anthrome":31}},{"type":"Polygon","arcs":[[8806,8807,8808,-8804]],"properties":{"anthrome":32}},{"type":"Polygon","arcs":[[8809,8810]],"properties":{"anthrome":53}},{"type":"Polygon","arcs":[[8811,8812,8813,8814]],"properties":{"anthrome":54}},{"type":"Polygon","arcs":[[-8711,8815,8816,8817]],"properties":{"anthrome":12}},{"type":"Polygon","arcs":[[8818,8819,8820,8821]],"properties":{"anthrome":54}},{"type":"Polygon","arcs":[[8822,8823]],"properties":{"anthrome":54}},{"type":"Polygon","arcs":[[8824]],"properties":{"anthrome":62}},{"type":"Polygon","arcs":[[8825,-8798,8826,8827,8828,8829]],"properties":{"anthrome":52}},{"type":"Polygon","arcs":[[8830,-8811,8831,8832,8833,8834]],"properties":{"anthrome":32}},{"type":"Polygon","arcs":[[8835]],"properties":{"anthrome":53}},{"type":"Polygon","arcs":[[8836,8837]],"properties":{"anthrome":61}},{"type":"Polygon","arcs":[[8838,8839,8840,-8783]],"properties":{"anthrome":54}},{"type":"Polygon","arcs":[[8841]],"properties":{"anthrome":54}},{"type":"Polygon","arcs":[[8842,8843]],"properties":{"anthrome":62}},{"type":"Polygon","arcs":[[-8776,8844,8845,8846]],"properties":{"anthrome":12}},{"type":"Polygon","arcs":[[8847,8848,8849]],"properties":{"anthrome":31}},{"type":"Polygon","arcs":[[8850,8851,8852,8853,8854,-8823,8855]],"properties":{"anthrome":62}},{"type":"Polygon","arcs":[[8856,8857,8858,8859]],"properties":{"anthrome":33}},{"type":"Polygon","arcs":[[8860,8861,-8704,-8754,8862,8863,8864,8865,8866,8867,8868,8869,-8726,-8689,8870]],"properties":{"anthrome":43}},{"type":"Polygon","arcs":[[8871,8872,8873]],"properties":{"anthrome":54}},{"type":"Polygon","arcs":[[-8749,8874,8875,8876]],"properties":{"anthrome":41}},{"type":"Polygon","arcs":[[8877,8878,8879,8880]],"properties":{"anthrome":53}},{"type":"Polygon","arcs":[[-8799,8881,8882,-8879]],"properties":{"anthrome":52}},{"type":"Polygon","arcs":[[8883,8884]],"properties":{"anthrome":62}},{"type":"Polygon","arcs":[[-8840,8885,8886,8887]],"properties":{"anthrome":62}},{"type":"Polygon","arcs":[[8888,-8873,8889,-8886]],"properties":{"anthrome":41}},{"type":"Polygon","arcs":[[8890,8891]],"properties":{"anthrome":54}},{"type":"Polygon","arcs":[[8892]],"properties":{"anthrome":43}},{"type":"Polygon","arcs":[[-8855,8893]],"properties":{"anthrome":54}},{"type":"Polygon","arcs":[[8894,-8853]],"properties":{"anthrome":54}},{"type":"Polygon","arcs":[[8895]],"properties":{"anthrome":62}},{"type":"Polygon","arcs":[[8896]],"properties":{"anthrome":54}},{"type":"Polygon","arcs":[[-8814,8897,8898,8899]],"properties":{"anthrome":32}},{"type":"Polygon","arcs":[[8900]],"properties":{"anthrome":12}},{"type":"Polygon","arcs":[[8901,8902,8903]],"properties":{"anthrome":54}},{"type":"Polygon","arcs":[[8904,8905,8906,-8903]],"properties":{"anthrome":32}},{"type":"Polygon","arcs":[[8907,8908,8909,-8906]],"properties":{"anthrome":31}},{"type":"Polygon","arcs":[[8910,-8582,8911,8912,-8592]],"properties":{"anthrome":32}},{"type":"Polygon","arcs":[[-8384,8913,-8358,-8474,8914,-8856,8915,8916,-8560,8917,-8490,8918,-8410,8919],[-8602],[-8586]],"properties":{"anthrome":54}},{"type":"Polygon","arcs":[[8920]],"properties":{"anthrome":54}},{"type":"Polygon","arcs":[[8921,-8891,8922]],"properties":{"anthrome":41}},{"type":"Polygon","arcs":[[-8869,8923,8924,8925]],"properties":{"anthrome":54}},{"type":"Polygon","arcs":[[8926,8927,8928,-8851]],"properties":{"anthrome":54}},{"type":"Polygon","arcs":[[8929,8930,8931,8932,8933]],"properties":{"anthrome":52}},{"type":"Polygon","arcs":[[8934,8935,8936,8937]],"properties":{"anthrome":32}},{"type":"Polygon","arcs":[[8938]],"properties":{"anthrome":62}},{"type":"Polygon","arcs":[[8939]],"properties":{"anthrome":62}},{"type":"Polygon","arcs":[[8940,8941]],"properties":{"anthrome":62}},{"type":"Polygon","arcs":[[8942,8943,8944]],"properties":{"anthrome":41}},{"type":"Polygon","arcs":[[8945,8946,-8944]],"properties":{"anthrome":54}},{"type":"Polygon","arcs":[[-8852,8947,8948,8949]],"properties":{"anthrome":54}},{"type":"Polygon","arcs":[[-8929,8950,-8948]],"properties":{"anthrome":62}},{"type":"Polygon","arcs":[[8951]],"properties":{"anthrome":54}},{"type":"Polygon","arcs":[[8952,8953]],"properties":{"anthrome":54}},{"type":"Polygon","arcs":[[8954]],"properties":{"anthrome":31}},{"type":"Polygon","arcs":[[-8899,8955,8956,8957]],"properties":{"anthrome":12}},{"type":"Polygon","arcs":[[8958]],"properties":{"anthrome":12}},{"type":"Polygon","arcs":[[8959]],"properties":{"anthrome":32}},{"type":"Polygon","arcs":[[8960,8961]],"properties":{"anthrome":51}},{"type":"Polygon","arcs":[[8962,8963,8964,8965]],"properties":{"anthrome":54}},{"type":"Polygon","arcs":[[8966,8967]],"properties":{"anthrome":32}},{"type":"Polygon","arcs":[[8968]],"properties":{"anthrome":54}},{"type":"Polygon","arcs":[[8969,8970,8971,8972,8973,-8882]],"properties":{"anthrome":53}},{"type":"Polygon","arcs":[[8974,8975,8976,-8866]],"properties":{"anthrome":54}},{"type":"Polygon","arcs":[[-8854,8977,8978]],"properties":{"anthrome":54}},{"type":"Polygon","arcs":[[8979,8980,8981]],"properties":{"anthrome":53}},{"type":"Polygon","arcs":[[8982,8983]],"properties":{"anthrome":54}},{"type":"Polygon","arcs":[[-8949,8984]],"properties":{"anthrome":62}},{"type":"Polygon","arcs":[[8985,8986,8987]],"properties":{"anthrome":52}},{"type":"Polygon","arcs":[[8988,8989]],"properties":{"anthrome":23}},{"type":"Polygon","arcs":[[8990,8991]],"properties":{"anthrome":23}},{"type":"Polygon","arcs":[[8992,8993,8994,8995]],"properties":{"anthrome":52}},{"type":"Polygon","arcs":[[8996,-8934,8997,8998,-8994,8999,9000]],"properties":{"anthrome":53}},{"type":"Polygon","arcs":[[9001,9002,9003]],"properties":{"anthrome":53}},{"type":"Polygon","arcs":[[9004]],"properties":{"anthrome":23}},{"type":"Polygon","arcs":[[9005,9006,9007,9008]],"properties":{"anthrome":51}},{"type":"Polygon","arcs":[[9009,9010]],"properties":{"anthrome":62}},{"type":"Polygon","arcs":[[-8951,9011,9012]],"properties":{"anthrome":54}},{"type":"Polygon","arcs":[[9013]],"properties":{"anthrome":52}},{"type":"Polygon","arcs":[[9014,9015,9016,9017]],"properties":{"anthrome":32}},{"type":"Polygon","arcs":[[9018,9019]],"properties":{"anthrome":62}},{"type":"Polygon","arcs":[[9020,9021,9022]],"properties":{"anthrome":62}},{"type":"Polygon","arcs":[[9023]],"properties":{"anthrome":43}},{"type":"Polygon","arcs":[[9024,9025,9026]],"properties":{"anthrome":62}},{"type":"Polygon","arcs":[[9027,9028,9029]],"properties":{"anthrome":23}},{"type":"Polygon","arcs":[[9030,9031,9032]],"properties":{"anthrome":52}},{"type":"Polygon","arcs":[[9033,9034,9035]],"properties":{"anthrome":32}},{"type":"Polygon","arcs":[[9036,9037,9038]],"properties":{"anthrome":54}},{"type":"Polygon","arcs":[[-8957,-8990,-9030,9039,9040,9041,9042]],"properties":{"anthrome":32}},{"type":"Polygon","arcs":[[9043,9044,9045,9046,9047,9048,9049,9050]],"properties":{"anthrome":52}},{"type":"Polygon","arcs":[[9051,9052,9053,9054,9055,9056]],"properties":{"anthrome":12}},{"type":"Polygon","arcs":[[9057]],"properties":{"anthrome":53}},{"type":"Polygon","arcs":[[9058,9059]],"properties":{"anthrome":62}},{"type":"Polygon","arcs":[[9060,9061]],"properties":{"anthrome":62}},{"type":"Polygon","arcs":[[9062]],"properties":{"anthrome":54}},{"type":"Polygon","arcs":[[9063,9064,9065,9066]],"properties":{"anthrome":54}},{"type":"Polygon","arcs":[[9067,9068]],"properties":{"anthrome":54}},{"type":"Polygon","arcs":[[9069,9070,9071]],"properties":{"anthrome":54}},{"type":"Polygon","arcs":[[9072,9073,9074]],"properties":{"anthrome":62}},{"type":"Polygon","arcs":[[9075,9076]],"properties":{"anthrome":33}},{"type":"Polygon","arcs":[[9077,9078,9079]],"properties":{"anthrome":62}},{"type":"Polygon","arcs":[[9080,9081,9082,9083]],"properties":{"anthrome":52}},{"type":"Polygon","arcs":[[9084,-9055,9085,9086]],"properties":{"anthrome":23}},{"type":"Polygon","arcs":[[9087,9088,9089]],"properties":{"anthrome":53}},{"type":"Polygon","arcs":[[9090,9091,9092,-9046]],"properties":{"anthrome":32}},{"type":"Polygon","arcs":[[9093,9094,9095]],"properties":{"anthrome":32}},{"type":"Polygon","arcs":[[-8937,9096,9097,-9034]],"properties":{"anthrome":51}},{"type":"Polygon","arcs":[[9098]],"properties":{"anthrome":52}},{"type":"Polygon","arcs":[[9099,9100]],"properties":{"anthrome":61}},{"type":"Polygon","arcs":[[9101,-5203,9102,-5432,9103,-5430,9104,-6074,9105,-5668,9106,9107,-5427,-4920,9108,9109,9110,-5671,9111,9112,-6079,-6309,9113,-6690,9114,-7397,-7399,9115,-8323,9116,9117,9118,9119,-8702,9120,-8748,9121,-8778,9122,9123,-8722,9124,9125,9126,-6305,9127,-5848,9128,-5647,9129,-6026,9130,9131,-5010,9132,9133,9134,-4318,9135,9136,9137,-4143,-5434],[-5030],[-5368],[9138],[-5326],[-5648],[9139],[-5950],[-5951],[-6076],[-6077],[-6352],[-6513],[-6644],[-7110],[-7391,-7392],[-7489],[-7637]],"properties":{"anthrome":53}},{"type":"Polygon","arcs":[[9140,9141,9142]],"properties":{"anthrome":54}},{"type":"Polygon","arcs":[[9143]],"properties":{"anthrome":53}},{"type":"Polygon","arcs":[[9144]],"properties":{"anthrome":54}},{"type":"Polygon","arcs":[[9145,-9067,9146,9147,9148,9149]],"properties":{"anthrome":43}},{"type":"Polygon","arcs":[[9150,9151,9152]],"properties":{"anthrome":41}},{"type":"Polygon","arcs":[[9153,9154,9155]],"properties":{"anthrome":42}},{"type":"Polygon","arcs":[[9156,9157,9158,9159]],"properties":{"anthrome":23}},{"type":"Polygon","arcs":[[9160,9161,9162]],"properties":{"anthrome":23}},{"type":"Polygon","arcs":[[9163]],"properties":{"anthrome":51}},{"type":"Polygon","arcs":[[9164,9165]],"properties":{"anthrome":61}},{"type":"Polygon","arcs":[[9166]],"properties":{"anthrome":54}},{"type":"Polygon","arcs":[[9167]],"properties":{"anthrome":54}},{"type":"Polygon","arcs":[[9168]],"properties":{"anthrome":43}},{"type":"Polygon","arcs":[[9169]],"properties":{"anthrome":54}},{"type":"Polygon","arcs":[[9170,9171]],"properties":{"anthrome":54}},{"type":"Polygon","arcs":[[-9071,9172]],"properties":{"anthrome":62}},{"type":"Polygon","arcs":[[9173]],"properties":{"anthrome":53}},{"type":"Polygon","arcs":[[9174,9175,9176,9177]],"properties":{"anthrome":33}},{"type":"Polygon","arcs":[[9178,9179,9180]],"properties":{"anthrome":61}},{"type":"Polygon","arcs":[[9181,9182,9183,9184,9185,9186]],"properties":{"anthrome":23}},{"type":"Polygon","arcs":[[9187,9188,9189,9190,-9162]],"properties":{"anthrome":12}},{"type":"Polygon","arcs":[[9191,9192,9193]],"properties":{"anthrome":52}},{"type":"Polygon","arcs":[[9194]],"properties":{"anthrome":52}},{"type":"Polygon","arcs":[[9195,9196,9197,9198]],"properties":{"anthrome":32}},{"type":"Polygon","arcs":[[9199,9200,9201,9202]],"properties":{"anthrome":54}},{"type":"Polygon","arcs":[[9203]],"properties":{"anthrome":54}},{"type":"Polygon","arcs":[[9204,9205]],"properties":{"anthrome":54}},{"type":"Polygon","arcs":[[9206]],"properties":{"anthrome":32}},{"type":"Polygon","arcs":[[9207,9208,9209,-9184]],"properties":{"anthrome":12}},{"type":"Polygon","arcs":[[-9191,9210,9211]],"properties":{"anthrome":23}},{"type":"Polygon","arcs":[[9212,9213]],"properties":{"anthrome":51}},{"type":"Polygon","arcs":[[9214,9215]],"properties":{"anthrome":33}},{"type":"Polygon","arcs":[[-9177,9216,9217,9218]],"properties":{"anthrome":54}},{"type":"Polygon","arcs":[[9219,-9217]],"properties":{"anthrome":52}},{"type":"Polygon","arcs":[[-8837,9220,-8982,9221,-9023,9222,9223,9224,-9118,9225]],"properties":{"anthrome":54}},{"type":"Polygon","arcs":[[-9224,9226,9227,9228]],"properties":{"anthrome":62}},{"type":"Polygon","arcs":[[9229,9230]],"properties":{"anthrome":54}},{"type":"Polygon","arcs":[[9231,9232]],"properties":{"anthrome":33}},{"type":"Polygon","arcs":[[9233,9234,9235,9236,9237,-9094,9238,-9097,-8961,9239]],"properties":{"anthrome":54}},{"type":"Polygon","arcs":[[9240]],"properties":{"anthrome":53}},{"type":"Polygon","arcs":[[-9228,9241]],"properties":{"anthrome":61}},{"type":"Polygon","arcs":[[9242,9243,-9152,9244,-9074]],"properties":{"anthrome":54}},{"type":"Polygon","arcs":[[9245]],"properties":{"anthrome":62}},{"type":"Polygon","arcs":[[9246]],"properties":{"anthrome":51}},{"type":"Polygon","arcs":[[-9202,9247,9248,9249]],"properties":{"anthrome":43}},{"type":"Polygon","arcs":[[9250,9251]],"properties":{"anthrome":54}},{"type":"Polygon","arcs":[[9252,9253]],"properties":{"anthrome":62}},{"type":"Polygon","arcs":[[9254,9255,9256,9257]],"properties":{"anthrome":33}},{"type":"Polygon","arcs":[[9258]],"properties":{"anthrome":54}},{"type":"Polygon","arcs":[[9259]],"properties":{"anthrome":52}},{"type":"Polygon","arcs":[[9260]],"properties":{"anthrome":51}},{"type":"Polygon","arcs":[[9261]],"properties":{"anthrome":61}},{"type":"Polygon","arcs":[[-8355,9262,-8219,9263,9264,-9206,-9252,9265,-9070,-9012,-8928,-8927,-8915,-8569],[-8337],[-8603],[-8728],[-8842],[-8952],[-9204]],"properties":{"anthrome":62}},{"type":"Polygon","arcs":[[9266,9267,9268,-9084,9269,9270,9271,9272]],"properties":{"anthrome":32}},{"type":"Polygon","arcs":[[9273,-9163,-9212,9274,9275,9276,-9158,9277,9278]],"properties":{"anthrome":12}},{"type":"Polygon","arcs":[[9279]],"properties":{"anthrome":61}},{"type":"Polygon","arcs":[[9280,9281]],"properties":{"anthrome":52}},{"type":"Polygon","arcs":[[-9190,9282,9283,9284]],"properties":{"anthrome":23}},{"type":"Polygon","arcs":[[9285,-9087,9286,9287,9288,-9283,-9213,9289]],"properties":{"anthrome":32}},{"type":"Polygon","arcs":[[9290,9291,9292,9293,9294]],"properties":{"anthrome":32}},{"type":"Polygon","arcs":[[9295]],"properties":{"anthrome":51}},{"type":"Polygon","arcs":[[9296,9297]],"properties":{"anthrome":62}},{"type":"Polygon","arcs":[[-9249,9298,9299,9300]],"properties":{"anthrome":54}},{"type":"Polygon","arcs":[[9301]],"properties":{"anthrome":54}},{"type":"Polygon","arcs":[[9302]],"properties":{"anthrome":62}},{"type":"Polygon","arcs":[[9303,9304,9305,9306]],"properties":{"anthrome":42}},{"type":"Polygon","arcs":[[9307,9308,-9305]],"properties":{"anthrome":62}},{"type":"Polygon","arcs":[[9309,9310,-8859,9311,9312],[-8419],[-8492],[-8955]],"properties":{"anthrome":32}},{"type":"Polygon","arcs":[[9313,9314,9315]],"properties":{"anthrome":52}},{"type":"Polygon","arcs":[[9316]],"properties":{"anthrome":52}},{"type":"Polygon","arcs":[[9317]],"properties":{"anthrome":54}},{"type":"Polygon","arcs":[[9318,9319,9320,9321,9322]],"properties":{"anthrome":53}},{"type":"Polygon","arcs":[[9323]],"properties":{"anthrome":54}},{"type":"Polygon","arcs":[[9324]],"properties":{"anthrome":54}},{"type":"Polygon","arcs":[[9325]],"properties":{"anthrome":54}},{"type":"Polygon","arcs":[[9326]],"properties":{"anthrome":32}},{"type":"Polygon","arcs":[[9327]],"properties":{"anthrome":52}},{"type":"Polygon","arcs":[[9328,9329,9330]],"properties":{"anthrome":32}},{"type":"Polygon","arcs":[[9331]],"properties":{"anthrome":51}},{"type":"Polygon","arcs":[[9332,9333]],"properties":{"anthrome":54}},{"type":"Polygon","arcs":[[-9322,9334]],"properties":{"anthrome":61}},{"type":"Polygon","arcs":[[9335]],"properties":{"anthrome":53}},{"type":"Polygon","arcs":[[9336,9337]],"properties":{"anthrome":54}},{"type":"Polygon","arcs":[[9338]],"properties":{"anthrome":54}},{"type":"Polygon","arcs":[[9339]],"properties":{"anthrome":62}},{"type":"Polygon","arcs":[[9340,9341,9342]],"properties":{"anthrome":54}},{"type":"Polygon","arcs":[[-9306,9343,9344]],"properties":{"anthrome":43}},{"type":"Polygon","arcs":[[9345,9346]],"properties":{"anthrome":32}},{"type":"Polygon","arcs":[[9347]],"properties":{"anthrome":62}},{"type":"Polygon","arcs":[[9348,9349,9350,9351]],"properties":{"anthrome":12}},{"type":"Polygon","arcs":[[9352]],"properties":{"anthrome":54}},{"type":"Polygon","arcs":[[9353]],"properties":{"anthrome":32}},{"type":"Polygon","arcs":[[9354]],"properties":{"anthrome":32}},{"type":"Polygon","arcs":[[-9321,9355]],"properties":{"anthrome":61}},{"type":"Polygon","arcs":[[9356]],"properties":{"anthrome":61}},{"type":"Polygon","arcs":[[9357,9358,9359]],"properties":{"anthrome":61}},{"type":"Polygon","arcs":[[9360]],"properties":{"anthrome":54}},{"type":"Polygon","arcs":[[9361]],"properties":{"anthrome":62}},{"type":"Polygon","arcs":[[9362]],"properties":{"anthrome":54}},{"type":"Polygon","arcs":[[9363,9364]],"properties":{"anthrome":32}},{"type":"Polygon","arcs":[[9365]],"properties":{"anthrome":54}},{"type":"Polygon","arcs":[[9366,9367,9368,9369]],"properties":{"anthrome":32}},{"type":"Polygon","arcs":[[9370,9371,9372]],"properties":{"anthrome":33}},{"type":"Polygon","arcs":[[9373,9374,9375]],"properties":{"anthrome":32}},{"type":"Polygon","arcs":[[9376,9377]],"properties":{"anthrome":32}},{"type":"Polygon","arcs":[[9378]],"properties":{"anthrome":53}},{"type":"Polygon","arcs":[[-8730,9379,9380,9381,-9265],[-8896]],"properties":{"anthrome":54}},{"type":"Polygon","arcs":[[9382]],"properties":{"anthrome":53}},{"type":"Polygon","arcs":[[9383]],"properties":{"anthrome":54}},{"type":"Polygon","arcs":[[9384,9385]],"properties":{"anthrome":53}},{"type":"Polygon","arcs":[[9386]],"properties":{"anthrome":54}},{"type":"Polygon","arcs":[[9387]],"properties":{"anthrome":43}},{"type":"Polygon","arcs":[[9388,9389]],"properties":{"anthrome":32}},{"type":"Polygon","arcs":[[9390,9391,9392,9393,9394,9395]],"properties":{"anthrome":32}},{"type":"Polygon","arcs":[[9396]],"properties":{"anthrome":54}},{"type":"Polygon","arcs":[[9397]],"properties":{"anthrome":32}},{"type":"Polygon","arcs":[[9398]],"properties":{"anthrome":32}},{"type":"Polygon","arcs":[[9399,9400,9401]],"properties":{"anthrome":32}},{"type":"Polygon","arcs":[[9402,-9400]],"properties":{"anthrome":61}},{"type":"Polygon","arcs":[[9403,9404,-9294,9405,9406,9407,9408,9409,-9367,-9350,-9289,9410]],"properties":{"anthrome":23}},{"type":"Polygon","arcs":[[-9351,-9370,9411,9412,9413,9414,9415]],"properties":{"anthrome":23}},{"type":"Polygon","arcs":[[9416,9417,9418,9419,9420]],"properties":{"anthrome":52}},{"type":"Polygon","arcs":[[9421,9422,9423,9424,9425,9426,9427,-9417]],"properties":{"anthrome":54}},{"type":"Polygon","arcs":[[9428,-9394,9429,9430,9431,9432]],"properties":{"anthrome":54}},{"type":"Polygon","arcs":[[9433,9434,9435]],"properties":{"anthrome":12}},{"type":"Polygon","arcs":[[9436]],"properties":{"anthrome":32}},{"type":"Polygon","arcs":[[-7373,-7280,-7410,-7546,-7632,9437,9438,9439,-8531,9440,9441,9442,9443,-9019,9444,9445,-9297,9446,-9059,9447,-8884,9448,-8734,9449,-8546,9450,9451,-8221,9452,-8143,9453,-7994,-7890,9454,-7628,-7559,9455,9456,-7214,9457],[-8269],[-8422],[-8585],[-9383]],"properties":{"anthrome":54}},{"type":"Polygon","arcs":[[9458,9459]],"properties":{"anthrome":53}},{"type":"Polygon","arcs":[[9460,-9425]],"properties":{"anthrome":52}},{"type":"Polygon","arcs":[[9461,9462]],"properties":{"anthrome":61}},{"type":"Polygon","arcs":[[9463,9464,-9414]],"properties":{"anthrome":32}},{"type":"Polygon","arcs":[[9465,9466,-9464]],"properties":{"anthrome":23}},{"type":"Polygon","arcs":[[9467,9468,9469,-9408]],"properties":{"anthrome":12}},{"type":"Polygon","arcs":[[9470,9471,9472]],"properties":{"anthrome":32}},{"type":"Polygon","arcs":[[9473,9474]],"properties":{"anthrome":32}},{"type":"Polygon","arcs":[[9475,9476]],"properties":{"anthrome":51}},{"type":"Polygon","arcs":[[9477,-9359,9478,-9281]],"properties":{"anthrome":53}},{"type":"Polygon","arcs":[[9479,9480,-9004,9481,9482,9483,9484,9485,-9292,9486,-9192,9487,-9404,9488,-9032,9489,9490,-8932,9491]],"properties":{"anthrome":51}},{"type":"Polygon","arcs":[[9492,9493,9494,9495]],"properties":{"anthrome":32}},{"type":"Polygon","arcs":[[9496]],"properties":{"anthrome":53}},{"type":"Polygon","arcs":[[9497,9498]],"properties":{"anthrome":54}},{"type":"Polygon","arcs":[[9499,9500,9501]],"properties":{"anthrome":53}},{"type":"Polygon","arcs":[[9502]],"properties":{"anthrome":54}},{"type":"Polygon","arcs":[[-9420,9503,9504,9505]],"properties":{"anthrome":54}},{"type":"Polygon","arcs":[[9506,9507,-9504]],"properties":{"anthrome":52}},{"type":"Polygon","arcs":[[9508,9509,9510]],"properties":{"anthrome":54}},{"type":"Polygon","arcs":[[9511,9512]],"properties":{"anthrome":61}},{"type":"Polygon","arcs":[[9513,9514]],"properties":{"anthrome":54}},{"type":"Polygon","arcs":[[9515,9516]],"properties":{"anthrome":62}},{"type":"Polygon","arcs":[[9517,9518,9519]],"properties":{"anthrome":52}},{"type":"Polygon","arcs":[[9520,9521,9522,9523]],"properties":{"anthrome":54}},{"type":"Polygon","arcs":[[9524,9525,9526,9527]],"properties":{"anthrome":32}},{"type":"Polygon","arcs":[[9528,9529,9530,-9526]],"properties":{"anthrome":54}},{"type":"Polygon","arcs":[[9531]],"properties":{"anthrome":54}},{"type":"Polygon","arcs":[[9532]],"properties":{"anthrome":12}},{"type":"Polygon","arcs":[[9533,9534]],"properties":{"anthrome":23}},{"type":"Polygon","arcs":[[9535]],"properties":{"anthrome":54}},{"type":"Polygon","arcs":[[9536,-9315,-9272,-9396,9537,9538,-9496,-9365,-9390,9539,9540,9541]],"properties":{"anthrome":51}},{"type":"Polygon","arcs":[[-9386,9542,9543,9544,-9476,9545,9546]],"properties":{"anthrome":52}},{"type":"Polygon","arcs":[[9547]],"properties":{"anthrome":54}},{"type":"Polygon","arcs":[[9548]],"properties":{"anthrome":53}},{"type":"Polygon","arcs":[[9549]],"properties":{"anthrome":54}},{"type":"Polygon","arcs":[[-9541,9550]],"properties":{"anthrome":54}},{"type":"Polygon","arcs":[[9551,9552,9553]],"properties":{"anthrome":61}},{"type":"Polygon","arcs":[[9554,-9544]],"properties":{"anthrome":54}},{"type":"Polygon","arcs":[[-9502,9555,9556,9557]],"properties":{"anthrome":52}},{"type":"Polygon","arcs":[[9558,9559,-9557]],"properties":{"anthrome":61}},{"type":"Polygon","arcs":[[9560,9561]],"properties":{"anthrome":52}},{"type":"Polygon","arcs":[[9562,9563]],"properties":{"anthrome":61}},{"type":"Polygon","arcs":[[9564]],"properties":{"anthrome":61}},{"type":"Polygon","arcs":[[9565]],"properties":{"anthrome":61}},{"type":"Polygon","arcs":[[9566,9567]],"properties":{"anthrome":53}},{"type":"Polygon","arcs":[[9568,-9567]],"properties":{"anthrome":54}},{"type":"Polygon","arcs":[[-9508,9569,9570]],"properties":{"anthrome":54}},{"type":"Polygon","arcs":[[9571,9572]],"properties":{"anthrome":61}},{"type":"Polygon","arcs":[[9573,9574,9575,-9572]],"properties":{"anthrome":54}},{"type":"Polygon","arcs":[[9576]],"properties":{"anthrome":61}},{"type":"Polygon","arcs":[[9577]],"properties":{"anthrome":54}},{"type":"Polygon","arcs":[[9578]],"properties":{"anthrome":54}},{"type":"Polygon","arcs":[[9579]],"properties":{"anthrome":54}},{"type":"Polygon","arcs":[[-9523,9580,9581,9582]],"properties":{"anthrome":32}},{"type":"Polygon","arcs":[[9583,9584,9585,9586]],"properties":{"anthrome":54}},{"type":"Polygon","arcs":[[-9531,9587,9588,-9585]],"properties":{"anthrome":52}},{"type":"Polygon","arcs":[[9589,9590,9591,-9588]],"properties":{"anthrome":54}},{"type":"Polygon","arcs":[[-9498,9592,-9591]],"properties":{"anthrome":51}},{"type":"Polygon","arcs":[[9593]],"properties":{"anthrome":52}},{"type":"Polygon","arcs":[[9594,9595]],"properties":{"anthrome":51}},{"type":"Polygon","arcs":[[9596,-9155,9597,-9304,9598,-9344,-9309,-9347,9599,9600,9601],[-9388]],"properties":{"anthrome":54}},{"type":"Polygon","arcs":[[9602,9603,9604,9605,-3860,9606,-4078,9607,-3971,9608,-4042,9609,-4212,9610,-4075,9611,-4401,9612,9613,-5258,-5396,9614,-6497,9615,9616,-8029,9617,-6686,9618,-6572,-6681,9619,-8043,9620,9621,-7453,-7517,-7590,-7939,9622,-8138,9623,-8511,9624,9625,9626,-8452,9627,9628,9629,-9050,-9196,9630,-9216,-9258,9631,9632,9633,9634,9635,9636,9637,9638,9639,-8970,-8800,-8878,9640,9641,-9001,9642,9643,9644,-8828,9645,-8796,9646,-8760,9647,-8713,9648,-8792,9649,9650,9651,-8589,9652,9653,-8846,-8900,-9006,9654,-8988,9655,-9273,-9314,9656,-9542,9657,9658,9659,9660,-9232,9661,-9254,9662,-9027,9663,-9080,9664,-9076,9665,-8843,9666,-8706,9667,9668,9669,-8729,-9264,-8234,-8125,9670,9671,-7805,-7895,-7894,9672,9673,-7771,9674,9675,-7665,9676,9677,-7738,-7841,9678,-7466,-7248,-7247,9679,-7062,9680,-7066,-6861,9681,9682,-6982,9683,-7077,9684,-7079,9685,-6980,9686,9687,9688,-7083,9689,-7195,9690,-7250,9691,-7308,9692,-7448,9693,-7621,9694,9695,9696,9697,-8766,-7901,-7808,9698,9699,-7460,-7459,9700,-6775,9701,-7108,-6771,9702,-6631,9703,9704,-6765,9705,-6126,9706,9707,-5903,-5902,-5616,9708,-6759,-6758,9709,-5534,9710,-6755,-4867,9711,-4580,-4649,9712,-4600,-6466,9713,-5939,-7992,-7991,9714,-7680,9715,9716,-7988,-7987,9717,-7921,9718,-7984,-7983,-7259,-7258,-7982,9719,-6568,9720,-6405,9721,-6451,9722,-5319,9723,-6448,9724,9725,-6445,9726,-4554,9727,-6442,9728,-4307,9729,9730,-3906,9731],[-4984],[-5725],[-5394],[-5621],[9732,9733,-6291,9734,-6131,9735,-6003],[-6127],[-6061],[-5990],[-6128],[-6129],[-6134],[9736,9737,-6564,9738,-6394],[-6678],[-6679],[-6858],[-6855],[-6856],[-6948],[-6949],[-7091],[-7094],[-7165],[-7168],[-7169],[-7354],[-7535],[-7353],[-7355],[-7356],[-7357],[-7361],[-7406],[-7363],[-7445],[-7449],[-7479],[-7512],[-7551],[-7513],[9739,-8012,9740,9741,-8095,-8097,9742,-8370,9743,-8291,9744,9745,-8367,-8446,9746,-8413,-8364,9747,-8297,9748,9749,-8130,9750,-8378],[-7514],[-7586],[-7670,-7669],[-7772],[-7780],[-7858],[-7781],[-7782],[-7853],[-7854],[-7859],[-7979,9751,-7861,9752],[-7918],[-8078],[-7919],[-7980],[-8017,-8099,9753,-8019,9754],[9755,-8101,9756,-8021],[-8079],[-8121],[9757,-8857,9758,-9310,-9313],[-8166],[-8302],[-8168,-8167],[-8169],[-8248],[-8235],[-8236],[-8290],[-8298],[-8299],[-8300],[9759,-8448,9760,-8415],[-8420],[-8475],[-8493],[-8580],[-8587],[-8604],[-8758],[-8825],[-9014],[-9195],[-9348]],"properties":{"anthrome":54}},{"type":"Polygon","arcs":[[9761]],"properties":{"anthrome":54}},{"type":"Polygon","arcs":[[9762,-8266,-8385,9763,-8460,9764,-8574,-8913,-8968,9765,-9101,-9181,9766,-9331,-9378,-9402,-9475,9767,9768,9769,9770,9771,-9472,9772,9773,-9375,9774,9775,9776,-9256,-9220,-9176,9777,-9048,9778,-9092,9779,-9044,9780,-9629,9781,9782,-9626,9783,-8509,9784,9785,9786,-8698,9787,-8504,9788,-8454,9789,-8501,-8104],[-8457],[-8564,9790,9791,-8499],[-8600],[-8801,-8802],[9792,-8607,9793,-8733],[-8716],[-8763],[-8806,9794,-8850,9795,9796],[-8835,9797,-8904,-8966,-8965,9798,9799,-8833,9800],[-8938,-9036,-9096,9801,-9237,9802,9803,-9037,9804,-9015,9805,-9235,9806],[-8960],[-9099],[-9259],[-9260],[-9328],[-9317],[-9354],[-9399],[-9437]],"properties":{"anthrome":51}},{"type":"Polygon","arcs":[[9807]],"properties":{"anthrome":52}},{"type":"Polygon","arcs":[[9808]],"properties":{"anthrome":53}},{"type":"Polygon","arcs":[[9809,9810]],"properties":{"anthrome":61}},{"type":"Polygon","arcs":[[9811,9812]],"properties":{"anthrome":54}},{"type":"Polygon","arcs":[[9813,9814,-9570]],"properties":{"anthrome":53}},{"type":"Polygon","arcs":[[9815,9816]],"properties":{"anthrome":61}},{"type":"Polygon","arcs":[[9817]],"properties":{"anthrome":54}},{"type":"Polygon","arcs":[[9818,9819]],"properties":{"anthrome":32}},{"type":"Polygon","arcs":[[9820]],"properties":{"anthrome":62}},{"type":"Polygon","arcs":[[9821,9822,9823,9824]],"properties":{"anthrome":51}},{"type":"Polygon","arcs":[[9825,9826,-9823,-9593]],"properties":{"anthrome":32}},{"type":"Polygon","arcs":[[9827,9828,9829]],"properties":{"anthrome":23}},{"type":"Polygon","arcs":[[9830,9831,9832,9833]],"properties":{"anthrome":32}},{"type":"Polygon","arcs":[[9834,9835,-9832,9836,9837]],"properties":{"anthrome":54}},{"type":"Polygon","arcs":[[9838]],"properties":{"anthrome":53}},{"type":"Polygon","arcs":[[9839]],"properties":{"anthrome":61}},{"type":"Polygon","arcs":[[9840]],"properties":{"anthrome":54}},{"type":"Polygon","arcs":[[9841,9842,9843,-9540]],"properties":{"anthrome":32}},{"type":"Polygon","arcs":[[9844]],"properties":{"anthrome":32}},{"type":"Polygon","arcs":[[9845,9846]],"properties":{"anthrome":52}},{"type":"Polygon","arcs":[[9847,9848]],"properties":{"anthrome":62}},{"type":"Polygon","arcs":[[9849]],"properties":{"anthrome":52}},{"type":"Polygon","arcs":[[9850,9851,9852]],"properties":{"anthrome":54}},{"type":"Polygon","arcs":[[9853,9854,-9816]],"properties":{"anthrome":53}},{"type":"Polygon","arcs":[[9855]],"properties":{"anthrome":62}},{"type":"Polygon","arcs":[[9856,9857,9858]],"properties":{"anthrome":54}},{"type":"Polygon","arcs":[[9859]],"properties":{"anthrome":54}},{"type":"Polygon","arcs":[[9860,-9551,9861,9862,9863,9864,9865,-9660,9866,-9519]],"properties":{"anthrome":51}},{"type":"Polygon","arcs":[[9867,-9865]],"properties":{"anthrome":52}},{"type":"Polygon","arcs":[[9868,9869,-9863]],"properties":{"anthrome":61}},{"type":"Polygon","arcs":[[9870]],"properties":{"anthrome":32}},{"type":"Polygon","arcs":[[9871]],"properties":{"anthrome":52}},{"type":"Polygon","arcs":[[9872,9873,9874,9875]],"properties":{"anthrome":32}},{"type":"Polygon","arcs":[[9876,9877,9878]],"properties":{"anthrome":32}},{"type":"Polygon","arcs":[[-9564,9879,9880,9881,9882,9883]],"properties":{"anthrome":53}},{"type":"Polygon","arcs":[[9884,9885,9886,9887]],"properties":{"anthrome":32}},{"type":"Polygon","arcs":[[9888,9889,-9878,9890,-9886]],"properties":{"anthrome":54}},{"type":"Polygon","arcs":[[9891,9892,-9810]],"properties":{"anthrome":53}},{"type":"Polygon","arcs":[[9893,9894,9895]],"properties":{"anthrome":54}},{"type":"Polygon","arcs":[[9896]],"properties":{"anthrome":61}},{"type":"Polygon","arcs":[[9897,9898,-9848]],"properties":{"anthrome":54}},{"type":"Polygon","arcs":[[9899,9900,9901]],"properties":{"anthrome":63}},{"type":"Polygon","arcs":[[9902,9903]],"properties":{"anthrome":54}},{"type":"Polygon","arcs":[[9904]],"properties":{"anthrome":62}},{"type":"Polygon","arcs":[[9905]],"properties":{"anthrome":62}},{"type":"Polygon","arcs":[[9906]],"properties":{"anthrome":54}},{"type":"Polygon","arcs":[[-9868,9907]],"properties":{"anthrome":61}},{"type":"Polygon","arcs":[[9908,9909,9910,9911]],"properties":{"anthrome":52}},{"type":"Polygon","arcs":[[9912]],"properties":{"anthrome":54}},{"type":"Polygon","arcs":[[9913,9914]],"properties":{"anthrome":61}},{"type":"Polygon","arcs":[[9915]],"properties":{"anthrome":54}},{"type":"Polygon","arcs":[[9916,9917,9918,9919]],"properties":{"anthrome":32}},{"type":"Polygon","arcs":[[9920,9921,-9914,9922]],"properties":{"anthrome":51}},{"type":"Polygon","arcs":[[9923,9924,9925]],"properties":{"anthrome":52}},{"type":"Polygon","arcs":[[9926,-9427,9927,-9423,9928,-9463,9929,9930,9931,9932,9933,9934,9935,-9901,9936,-9851,9937,-9575,9938,-9509,9939,-9419]],"properties":{"anthrome":53}},{"type":"Polygon","arcs":[[9940]],"properties":{"anthrome":54}},{"type":"Polygon","arcs":[[9941]],"properties":{"anthrome":54}},{"type":"Polygon","arcs":[[9942]],"properties":{"anthrome":43}},{"type":"Polygon","arcs":[[9943,-9934]],"properties":{"anthrome":52}},{"type":"Polygon","arcs":[[9944,9945,-9932]],"properties":{"anthrome":61}},{"type":"Polygon","arcs":[[9946,9947,9948,-9945]],"properties":{"anthrome":53}},{"type":"Polygon","arcs":[[9949,9950,9951]],"properties":{"anthrome":32}},{"type":"Polygon","arcs":[[-9911,9952,9953,9954]],"properties":{"anthrome":54}},{"type":"Polygon","arcs":[[9955,9956,9957,-9812,9958,9959,-9333,9960]],"properties":{"anthrome":53}},{"type":"Polygon","arcs":[[9961,9962,9963,9964]],"properties":{"anthrome":54}},{"type":"Polygon","arcs":[[9965,-9876,9966,9967,9968,9969,9970,9971]],"properties":{"anthrome":54}},{"type":"Polygon","arcs":[[9972,9973,9974,9975,9976]],"properties":{"anthrome":54}},{"type":"Polygon","arcs":[[9977,9978,9979]],"properties":{"anthrome":32}},{"type":"Polygon","arcs":[[9980,9981,9982,-9882]],"properties":{"anthrome":52}},{"type":"Polygon","arcs":[[9983,9984,9985,9986]],"properties":{"anthrome":54}},{"type":"Polygon","arcs":[[9987,9988]],"properties":{"anthrome":62}},{"type":"Polygon","arcs":[[9989,9990,9991,9992]],"properties":{"anthrome":52}},{"type":"Polygon","arcs":[[9993,9994]],"properties":{"anthrome":61}},{"type":"Polygon","arcs":[[9995]],"properties":{"anthrome":61}},{"type":"Polygon","arcs":[[9996]],"properties":{"anthrome":53}},{"type":"Polygon","arcs":[[9997]],"properties":{"anthrome":61}},{"type":"Polygon","arcs":[[9998,9999,10000]],"properties":{"anthrome":54}},{"type":"Polygon","arcs":[[10001]],"properties":{"anthrome":61}},{"type":"Polygon","arcs":[[10002]],"properties":{"anthrome":54}},{"type":"Polygon","arcs":[[10003,10004,10005]],"properties":{"anthrome":54}},{"type":"Polygon","arcs":[[10006,-10004]],"properties":{"anthrome":62}},{"type":"Polygon","arcs":[[10007,-9970,10008,10009]],"properties":{"anthrome":52}},{"type":"Polygon","arcs":[[10010]],"properties":{"anthrome":54}},{"type":"Polygon","arcs":[[10011]],"properties":{"anthrome":54}},{"type":"Polygon","arcs":[[10012]],"properties":{"anthrome":54}},{"type":"Polygon","arcs":[[10013,-9993,10014,10015,10016,10017,10018]],"properties":{"anthrome":54}},{"type":"Polygon","arcs":[[10019,-9995,10020,10021]],"properties":{"anthrome":53}},{"type":"Polygon","arcs":[[10022,10023]],"properties":{"anthrome":54}},{"type":"Polygon","arcs":[[10024,10025,10026]],"properties":{"anthrome":32}},{"type":"Polygon","arcs":[[10027,-10010,10028,10029]],"properties":{"anthrome":51}},{"type":"Polygon","arcs":[[10030,10031,10032]],"properties":{"anthrome":61}},{"type":"Polygon","arcs":[[10033,10034,-10031]],"properties":{"anthrome":53}},{"type":"Polygon","arcs":[[10035,10036,10037,10038]],"properties":{"anthrome":54}},{"type":"Polygon","arcs":[[10039,10040]],"properties":{"anthrome":54}},{"type":"Polygon","arcs":[[10041,10042]],"properties":{"anthrome":54}},{"type":"Polygon","arcs":[[10043,10044]],"properties":{"anthrome":54}},{"type":"Polygon","arcs":[[-10005,10045,10046,-10044]],"properties":{"anthrome":62}},{"type":"Polygon","arcs":[[10047,10048]],"properties":{"anthrome":54}},{"type":"Polygon","arcs":[[-9976,10049,10050,10051]],"properties":{"anthrome":32}},{"type":"Polygon","arcs":[[10052]],"properties":{"anthrome":54}},{"type":"Polygon","arcs":[[10053,10054,10055,10056]],"properties":{"anthrome":51}},{"type":"Polygon","arcs":[[10057,10058,10059,-10055]],"properties":{"anthrome":32}},{"type":"Polygon","arcs":[[10060,10061,10062]],"properties":{"anthrome":51}},{"type":"Polygon","arcs":[[10063,10064,10065]],"properties":{"anthrome":52}},{"type":"Polygon","arcs":[[10066,10067]],"properties":{"anthrome":32}},{"type":"Polygon","arcs":[[10068,10069,10070]],"properties":{"anthrome":43}},{"type":"Polygon","arcs":[[10071,10072,10073,-10037,10074,10075,10076,-9957,10077],[-9997]],"properties":{"anthrome":52}},{"type":"Polygon","arcs":[[10078,10079,10080]],"properties":{"anthrome":52}},{"type":"Polygon","arcs":[[10081,10082,10083,10084,10085]],"properties":{"anthrome":54}},{"type":"Polygon","arcs":[[10086,10087,10088]],"properties":{"anthrome":54}},{"type":"Polygon","arcs":[[10089]],"properties":{"anthrome":53}},{"type":"Polygon","arcs":[[10090,10091]],"properties":{"anthrome":61}},{"type":"Polygon","arcs":[[10092,10093]],"properties":{"anthrome":54}},{"type":"Polygon","arcs":[[10094,10095]],"properties":{"anthrome":61}},{"type":"Polygon","arcs":[[10096,10097]],"properties":{"anthrome":52}},{"type":"Polygon","arcs":[[10098]],"properties":{"anthrome":62}},{"type":"Polygon","arcs":[[10099]],"properties":{"anthrome":62}},{"type":"Polygon","arcs":[[10100,10101]],"properties":{"anthrome":54}},{"type":"Polygon","arcs":[[10102,10103,10104,10105]],"properties":{"anthrome":32}},{"type":"Polygon","arcs":[[10106]],"properties":{"anthrome":32}},{"type":"Polygon","arcs":[[10107,10108]],"properties":{"anthrome":54}},{"type":"Polygon","arcs":[[10109,10110,10111,10112]],"properties":{"anthrome":54}},{"type":"Polygon","arcs":[[10113,10114]],"properties":{"anthrome":61}},{"type":"Polygon","arcs":[[-10035,10115,10116,10117]],"properties":{"anthrome":61}},{"type":"Polygon","arcs":[[10118,-10001,-10041,10119,10120,10121,10122]],"properties":{"anthrome":52}},{"type":"Polygon","arcs":[[-9949,10123,10124,10125]],"properties":{"anthrome":54}},{"type":"Polygon","arcs":[[10126,-10066,10127,10128,10129,-10110,10130]],"properties":{"anthrome":51}},{"type":"Polygon","arcs":[[10131,10132,10133]],"properties":{"anthrome":52}},{"type":"Polygon","arcs":[[10134,-10094,10135,10136,10137]],"properties":{"anthrome":52}},{"type":"Polygon","arcs":[[10138,10139,10140]],"properties":{"anthrome":53}},{"type":"Polygon","arcs":[[10141]],"properties":{"anthrome":52}},{"type":"Polygon","arcs":[[10142]],"properties":{"anthrome":61}},{"type":"Polygon","arcs":[[-10133,10143]],"properties":{"anthrome":53}},{"type":"Polygon","arcs":[[10144,10145,10146,-10136]],"properties":{"anthrome":51}},{"type":"Polygon","arcs":[[10147,-10146,-10080]],"properties":{"anthrome":53}},{"type":"Polygon","arcs":[[10148,-10098,10149,10150,-10095]],"properties":{"anthrome":53}},{"type":"Polygon","arcs":[[10151]],"properties":{"anthrome":54}},{"type":"Polygon","arcs":[[10152]],"properties":{"anthrome":54}},{"type":"Polygon","arcs":[[10153,10154,10155,10156]],"properties":{"anthrome":62}},{"type":"Polygon","arcs":[[10157,10158,10159]],"properties":{"anthrome":54}},{"type":"Polygon","arcs":[[10160,10161]],"properties":{"anthrome":32}},{"type":"Polygon","arcs":[[-10112,10162,10163]],"properties":{"anthrome":32}},{"type":"Polygon","arcs":[[-9951,-10027,10164,10165,10166,10167,10168,-10161,-10104,10169,10170,10171]],"properties":{"anthrome":54}},{"type":"Polygon","arcs":[[10172]],"properties":{"anthrome":53}},{"type":"Polygon","arcs":[[10173,10174,10175]],"properties":{"anthrome":51}},{"type":"Polygon","arcs":[[10176]],"properties":{"anthrome":61}},{"type":"Polygon","arcs":[[10177,-10081,-10145,-10093,-10043,10178,10179,10180,-10121,10181,-10000]],"properties":{"anthrome":53}},{"type":"Polygon","arcs":[[10182,10183,10184,10185,10186,-10114]],"properties":{"anthrome":51}},{"type":"Polygon","arcs":[[10187,10188]],"properties":{"anthrome":52}},{"type":"Polygon","arcs":[[10189]],"properties":{"anthrome":53}},{"type":"Polygon","arcs":[[-10174,10190]],"properties":{"anthrome":54}},{"type":"Polygon","arcs":[[10191,10192]],"properties":{"anthrome":61}},{"type":"Polygon","arcs":[[10193,10194]],"properties":{"anthrome":54}},{"type":"Polygon","arcs":[[10195,-10194]],"properties":{"anthrome":52}},{"type":"Polygon","arcs":[[10196]],"properties":{"anthrome":51}},{"type":"Polygon","arcs":[[10197]],"properties":{"anthrome":62}},{"type":"Polygon","arcs":[[10198,10199]],"properties":{"anthrome":62}},{"type":"Polygon","arcs":[[10200,10201,10202]],"properties":{"anthrome":54}},{"type":"Polygon","arcs":[[-10159,10203,-10201]],"properties":{"anthrome":62}},{"type":"Polygon","arcs":[[-10169,10204]],"properties":{"anthrome":32}},{"type":"Polygon","arcs":[[-9919,-10030,10205,-10057,10206,10207,10208,10209]],"properties":{"anthrome":54}},{"type":"Polygon","arcs":[[10210,10211]],"properties":{"anthrome":43}},{"type":"Polygon","arcs":[[10212,10213]],"properties":{"anthrome":42}},{"type":"Polygon","arcs":[[10214]],"properties":{"anthrome":54}},{"type":"Polygon","arcs":[[10215,10216,10217]],"properties":{"anthrome":52}},{"type":"Polygon","arcs":[[10218]],"properties":{"anthrome":51}},{"type":"Polygon","arcs":[[10219,10220]],"properties":{"anthrome":62}},{"type":"Polygon","arcs":[[10221]],"properties":{"anthrome":62}},{"type":"Polygon","arcs":[[-10168,10222,10223,10224]],"properties":{"anthrome":32}},{"type":"Polygon","arcs":[[10225]],"properties":{"anthrome":53}},{"type":"Polygon","arcs":[[10226]],"properties":{"anthrome":61}},{"type":"Polygon","arcs":[[10227,10228,10229]],"properties":{"anthrome":52}},{"type":"Polygon","arcs":[[-10032,10230,10231,10232,-10184]],"properties":{"anthrome":53}},{"type":"Polygon","arcs":[[10233,10234]],"properties":{"anthrome":61}},{"type":"Polygon","arcs":[[10235,10236]],"properties":{"anthrome":62}},{"type":"Polygon","arcs":[[10237,10238,10239]],"properties":{"anthrome":42}},{"type":"Polygon","arcs":[[10240]],"properties":{"anthrome":53}},{"type":"Polygon","arcs":[[10241,10242]],"properties":{"anthrome":52}},{"type":"Polygon","arcs":[[10243,10244]],"properties":{"anthrome":54}},{"type":"Polygon","arcs":[[10245,10246,10247]],"properties":{"anthrome":32}},{"type":"Polygon","arcs":[[-10211,10248,-10247]],"properties":{"anthrome":41}},{"type":"Polygon","arcs":[[10249]],"properties":{"anthrome":62}},{"type":"Polygon","arcs":[[10250,10251]],"properties":{"anthrome":43}},{"type":"Polygon","arcs":[[10252]],"properties":{"anthrome":54}},{"type":"Polygon","arcs":[[10253,10254,10255]],"properties":{"anthrome":32}},{"type":"Polygon","arcs":[[10256]],"properties":{"anthrome":54}},{"type":"Polygon","arcs":[[-9266,10257,10258,10259,10260,10261,-10240,10262,10263,10264,10265,-9819,10266,10267],[-9340],[-9821],[-9906]],"properties":{"anthrome":54}},{"type":"Polygon","arcs":[[10268,10269,-3385,10270,-3683,10271,-4234,10272,-4315,10273,-9137,10274,-9134,10275,-5012,10276,-9131,10277,10278,-6307,10279,-9126,10280,-8942,-9011,-9062,10281,-9460,10282,-9884,10283,-9847,10284,-9982,10285,10286,10287,10288,-10218,10289,10290,10291,10292,10293,10294,10295,-10073,-10072,10296,-9561,10297,-9961,10298,10299,10300,10301,-8736,10302,-8529,10303,-7998,10304,10305,-8226,10306,-8382,-8381,-8315,10307,-8771,-8770,10308,-8767,-8075,-7880,-7606,-7692,10309,-6815,10310,-8523,-5844,-5843,10311,-5740,-5743,10312,-8521,-6071,10313,-6344,-6343,10314,10315,10316,-5297,10317,-5197,10318,10319,-5366,10320,-6351,10321,-5574,10322,-5880,10323,-5323,10324,-5099,10325,-4460],[-3494],[-4313],[-4522],[-4625],[-4626],[-4853],[-4854],[-5300,-5299],[-4855],[-5029],[-5262],[-5263],[-5367],[-5579],[-5644],[-5580],[-5842],[-5910],[-6418],[-7327],[-7420],[-7567],[-7973],[-8424,-8423],[-8425],[-8476],[-8699],[-8780],[-8836],[-9241],[-9379],[-9549],[-10090],[-10142],[-10190]],"properties":{"anthrome":54}},{"type":"Polygon","arcs":[[-10105,-10162,-10205,-10225,10326,10327,10328,10329,-10254,10330,10331,10332,10333]],"properties":{"anthrome":54}},{"type":"Polygon","arcs":[[10334]],"properties":{"anthrome":54}},{"type":"Polygon","arcs":[[-10332,10335,-10255,10336,10337],[-10253]],"properties":{"anthrome":51}},{"type":"Polygon","arcs":[[10338]],"properties":{"anthrome":42}},{"type":"Polygon","arcs":[[10339,10340]],"properties":{"anthrome":43}},{"type":"Polygon","arcs":[[-10265,10341]],"properties":{"anthrome":62}},{"type":"Polygon","arcs":[[10342]],"properties":{"anthrome":54}},{"type":"Polygon","arcs":[[10343,10344,10345]],"properties":{"anthrome":32}},{"type":"Polygon","arcs":[[10346]],"properties":{"anthrome":62}},{"type":"Polygon","arcs":[[10347,10348,10349]],"properties":{"anthrome":54}},{"type":"Polygon","arcs":[[-10330,10350,-10337]],"properties":{"anthrome":32}},{"type":"Polygon","arcs":[[10351,10352,10353]],"properties":{"anthrome":32}},{"type":"Polygon","arcs":[[-10242,10354]],"properties":{"anthrome":61}},{"type":"Polygon","arcs":[[10355,-10039,10356,-10295,10357,10358,10359,-10244,10360,-10188,10361,-10076]],"properties":{"anthrome":53}},{"type":"Polygon","arcs":[[10362,10363,10364,-10047,-10046,-10007,10365],[-10100]],"properties":{"anthrome":54}},{"type":"Polygon","arcs":[[10366,10367,10368,10369]],"properties":{"anthrome":43}},{"type":"Polygon","arcs":[[10370,10371,10372]],"properties":{"anthrome":51}},{"type":"Polygon","arcs":[[10373,10374,10375,10376]],"properties":{"anthrome":42}},{"type":"Polygon","arcs":[[-10292,10377,10378]],"properties":{"anthrome":53}},{"type":"Polygon","arcs":[[10379,10380]],"properties":{"anthrome":54}},{"type":"Polygon","arcs":[[10381,10382]],"properties":{"anthrome":54}},{"type":"Polygon","arcs":[[10383,10384]],"properties":{"anthrome":34}},{"type":"Polygon","arcs":[[-10345,10385,10386]],"properties":{"anthrome":61}},{"type":"Polygon","arcs":[[10387,10388,10389]],"properties":{"anthrome":54}},{"type":"Polygon","arcs":[[10390,10391]],"properties":{"anthrome":32}},{"type":"Polygon","arcs":[[10392,10393,10394]],"properties":{"anthrome":32}},{"type":"Polygon","arcs":[[10395,10396]],"properties":{"anthrome":52}},{"type":"Polygon","arcs":[[10397,10398,-9230,-9244,10399,-9343,-9342,10400,-9601,10401,-9896,-10049,10402,-10160,-10203,10403,10404,10405,10406,-10350,10407,10408,10409,10410,-10367,-10260,-10259,-10258,-9251,-9205,-9382,-9381,-9380,-9670],[-8897],[-8954,-8953],[-9363],[-9550],[-9907],[-9942]],"properties":{"anthrome":62}},{"type":"Polygon","arcs":[[10411,10412,-10378,10413,10414,-10359]],"properties":{"anthrome":52}},{"type":"Polygon","arcs":[[10415,10416,10417,-10229]],"properties":{"anthrome":53}},{"type":"Polygon","arcs":[[10418,-10408]],"properties":{"anthrome":54}},{"type":"Polygon","arcs":[[10419,10420,10421]],"properties":{"anthrome":54}},{"type":"Polygon","arcs":[[10422,10423,10424]],"properties":{"anthrome":61}},{"type":"Polygon","arcs":[[10425]],"properties":{"anthrome":54}},{"type":"Polygon","arcs":[[10426,10427,10428,10429]],"properties":{"anthrome":41}},{"type":"Polygon","arcs":[[10430]],"properties":{"anthrome":54}},{"type":"Polygon","arcs":[[-10394,10431,10432]],"properties":{"anthrome":61}},{"type":"Polygon","arcs":[[10433]],"properties":{"anthrome":61}},{"type":"Polygon","arcs":[[10434,10435]],"properties":{"anthrome":61}},{"type":"Polygon","arcs":[[10436,10437,10438,10439,10440,10441,10442,10443,10444],[-10198],[-10199,-10200],[-10220,-10221],[-10250],[-10347]],"properties":{"anthrome":54}},{"type":"Polygon","arcs":[[10445,-9834,10446,10447,10448,10449,-10396,10450,10451,10452,-10016,10453,-9991,10454,10455]],"properties":{"anthrome":51}},{"type":"Polygon","arcs":[[10456,-10252,10457,10458,10459,10460,10461,-10405]],"properties":{"anthrome":54}},{"type":"Polygon","arcs":[[10462,-8245,10463,-8465,10464,-8467,-8694,-8693,10465,-8677,10466,10467,-8487,10468,-8598,10469,-8559,10470,-8917,-8916,-8824,-8894,-8979,10471,-9068,-9172,10472,10473,10474,10475,10476,10477,-10439,-10438,-10437,-10445,-10444,10478,10479,10480,10481,10482,10483,10484,10485,-10366,-10006,-10045,-10365,10486,10487,10488,10489,10490,-9987,10491,10492,-9859,10493,-9962,10494,-9514,10495,-9337,10496,-8983,10497,10498,-8925,10499,10500,-8976,10501,-8864,10502,-8752,10503,-8683,10504,-8550,-8545,-8646,-8645],[-8328],[-8421],[-8483],[-8969],[-8921],[-8822,-8821,10505,-8786,10506],[-8788],[10507,10508,-9065,10509,-9150,10510,10511,-9300,10512,-9141,-9143],[-9024],[-9145],[-9063],[-9167],[-9168],[-9169],[-9170],[-9324],[-9325],[-9326],[-9302],[-9339],[-9361],[-9548],[-9387],[-9762],[-9841],[-9578],[-9579],[-9580],[-9818],[-9860],[-9941],[-9903,-9904],[-10013],[-10003],[-10101,-10102],[-10153]],"properties":{"anthrome":62}},{"type":"Polygon","arcs":[[10513,10514]],"properties":{"anthrome":42}},{"type":"Polygon","arcs":[[10515,10516,10517,-10388,10518],[-10426]],"properties":{"anthrome":43}},{"type":"Polygon","arcs":[[10519,-10459]],"properties":{"anthrome":43}},{"type":"Polygon","arcs":[[10520,10521,10522]],"properties":{"anthrome":52}},{"type":"Polygon","arcs":[[10523]],"properties":{"anthrome":54}},{"type":"Polygon","arcs":[[-10364,10524,10525,10526,10527,10528]],"properties":{"anthrome":43}},{"type":"Polygon","arcs":[[10529,10530,10531]],"properties":{"anthrome":61}},{"type":"Polygon","arcs":[[10532,10533]],"properties":{"anthrome":62}},{"type":"Polygon","arcs":[[10534,10535]],"properties":{"anthrome":42}},{"type":"Polygon","arcs":[[10536,10537,-10527]],"properties":{"anthrome":42}},{"type":"Polygon","arcs":[[10538,-10483,10539,10540]],"properties":{"anthrome":54}},{"type":"Polygon","arcs":[[10541,-10481]],"properties":{"anthrome":54}},{"type":"Polygon","arcs":[[10542,10543,-10479]],"properties":{"anthrome":54}},{"type":"Polygon","arcs":[[10544,10545,10546,10547]],"properties":{"anthrome":33}},{"type":"Polygon","arcs":[[10548,10549,10550]],"properties":{"anthrome":54}},{"type":"Polygon","arcs":[[10551]],"properties":{"anthrome":32}},{"type":"Polygon","arcs":[[10552,10553,10554]],"properties":{"anthrome":32}},{"type":"Polygon","arcs":[[-10024,10555,-10234,10556,10557,10558,10559,10560,10561,-10414,-10291,10562,10563,-10288,10564,-10092,10565,-9898,10566],[-9850],[-10177],[-10343],[-10381,-10380]],"properties":{"anthrome":53}},{"type":"Polygon","arcs":[[10567,10568,10569,10570,-10376]],"properties":{"anthrome":54}},{"type":"Polygon","arcs":[[10571]],"properties":{"anthrome":53}},{"type":"Polygon","arcs":[[10572,10573,10574]],"properties":{"anthrome":51}},{"type":"Polygon","arcs":[[10575,10576,10577]],"properties":{"anthrome":62}},{"type":"Polygon","arcs":[[10578]],"properties":{"anthrome":32}},{"type":"Polygon","arcs":[[-10574,10579,10580]],"properties":{"anthrome":32}},{"type":"Polygon","arcs":[[10581,10582,10583]],"properties":{"anthrome":51}},{"type":"Polygon","arcs":[[10584,-10578,10585,-10533]],"properties":{"anthrome":54}},{"type":"Polygon","arcs":[[-10535,10586,10587]],"properties":{"anthrome":23}},{"type":"Polygon","arcs":[[10588,10589,10590]],"properties":{"anthrome":42}},{"type":"Polygon","arcs":[[10591,10592,10593]],"properties":{"anthrome":42}},{"type":"Polygon","arcs":[[10594,10595,10596,10597]],"properties":{"anthrome":54}},{"type":"Polygon","arcs":[[10598,10599,10600]],"properties":{"anthrome":33}},{"type":"Polygon","arcs":[[10601,10602,10603]],"properties":{"anthrome":43}},{"type":"Polygon","arcs":[[10604]],"properties":{"anthrome":32}},{"type":"Polygon","arcs":[[10605,10606,10607]],"properties":{"anthrome":32}},{"type":"Polygon","arcs":[[10608,10609,10610,10611]],"properties":{"anthrome":32}},{"type":"Polygon","arcs":[[-10554,10612,10613,-10610]],"properties":{"anthrome":31}},{"type":"Polygon","arcs":[[10614]],"properties":{"anthrome":54}},{"type":"Polygon","arcs":[[-10435,10615,10616,10617,10618,10619]],"properties":{"anthrome":54}},{"type":"Polygon","arcs":[[10620,10621]],"properties":{"anthrome":61}},{"type":"Polygon","arcs":[[10622]],"properties":{"anthrome":61}},{"type":"Polygon","arcs":[[10623,-10485,10624,-10541,10625,10626,10627,10628,-10526]],"properties":{"anthrome":42}},{"type":"Polygon","arcs":[[-10441,10629,10630,10631,10632,10633]],"properties":{"anthrome":42}},{"type":"Polygon","arcs":[[10634,-10584,10635,10636,10637]],"properties":{"anthrome":54}},{"type":"Polygon","arcs":[[-10531,10638]],"properties":{"anthrome":62}},{"type":"Polygon","arcs":[[10639]],"properties":{"anthrome":33}},{"type":"Polygon","arcs":[[-10580,10640,10641]],"properties":{"anthrome":33}},{"type":"Polygon","arcs":[[10642,10643,10644,10645]],"properties":{"anthrome":54}},{"type":"Polygon","arcs":[[10646,10647,10648,10649,-10596]],"properties":{"anthrome":33}},{"type":"Polygon","arcs":[[10650,10651,10652]],"properties":{"anthrome":54}},{"type":"Polygon","arcs":[[10653]],"properties":{"anthrome":43}},{"type":"Polygon","arcs":[[10654,10655]],"properties":{"anthrome":43}},{"type":"Polygon","arcs":[[10656,10657]],"properties":{"anthrome":53}},{"type":"Polygon","arcs":[[10658,10659,10660]],"properties":{"anthrome":51}},{"type":"Polygon","arcs":[[10661]],"properties":{"anthrome":51}},{"type":"Polygon","arcs":[[-10570,10662,10663,10664,-10643,-10587]],"properties":{"anthrome":42}},{"type":"Polygon","arcs":[[10665,10666,10667,-9985,10668,-10490,10669,10670,-10390,10671,10672,10673,-10592,-10591,10674,10675,-10569,10676,-10374,10677,-10213,10678,-9964],[-10339],[-10514,-10515]],"properties":{"anthrome":43}},{"type":"Polygon","arcs":[[10679,10680]],"properties":{"anthrome":51}},{"type":"Polygon","arcs":[[10681,10682]],"properties":{"anthrome":61}},{"type":"Polygon","arcs":[[10683,10684,10685]],"properties":{"anthrome":51}},{"type":"Polygon","arcs":[[10686,10687,10688]],"properties":{"anthrome":54}},{"type":"Polygon","arcs":[[10689,10690,10691,10692]],"properties":{"anthrome":42}},{"type":"Polygon","arcs":[[10693,10694,10695,10696]],"properties":{"anthrome":42}},{"type":"Polygon","arcs":[[10697,10698,10699]],"properties":{"anthrome":12}},{"type":"Polygon","arcs":[[10700,10701,10702]],"properties":{"anthrome":51}},{"type":"Polygon","arcs":[[10703]],"properties":{"anthrome":52}},{"type":"Polygon","arcs":[[10704,-10700,10705,10706]],"properties":{"anthrome":62}},{"type":"Polygon","arcs":[[10707,10708,10709]],"properties":{"anthrome":52}},{"type":"Polygon","arcs":[[10710]],"properties":{"anthrome":42}},{"type":"Polygon","arcs":[[-10688,10711,10712,10713]],"properties":{"anthrome":32}},{"type":"Polygon","arcs":[[10714,10715,-10712]],"properties":{"anthrome":54}},{"type":"Polygon","arcs":[[-10522,10716]],"properties":{"anthrome":51}},{"type":"Polygon","arcs":[[10717,10718]],"properties":{"anthrome":51}},{"type":"Polygon","arcs":[[10719,10720,10721,10722]],"properties":{"anthrome":43}},{"type":"Polygon","arcs":[[10723]],"properties":{"anthrome":54}},{"type":"Polygon","arcs":[[10724,10725,10726,10727]],"properties":{"anthrome":62}},{"type":"Polygon","arcs":[[10728,10729]],"properties":{"anthrome":61}},{"type":"Polygon","arcs":[[-10369,10730,-10410,10731,-10604,10732,-10550,-10419,-10349,10733,10734,-10461,10735,-10656,10736,10737,10738],[-10654]],"properties":{"anthrome":42}},{"type":"Polygon","arcs":[[-10645,10739,10740,10741,10742,10743,10744]],"properties":{"anthrome":52}},{"type":"Polygon","arcs":[[10745,-10612,10746,10747,10748,10749,10750,10751,10752,10753,10754,10755]],"properties":{"anthrome":54}},{"type":"Polygon","arcs":[[10756,10757,10758]],"properties":{"anthrome":42}},{"type":"Polygon","arcs":[[10759]],"properties":{"anthrome":42}},{"type":"Polygon","arcs":[[10760,10761,10762]],"properties":{"anthrome":33}},{"type":"Polygon","arcs":[[-10753,10763,10764]],"properties":{"anthrome":32}},{"type":"Polygon","arcs":[[-10749,10765,10766,10767]],"properties":{"anthrome":51}},{"type":"Polygon","arcs":[[10768]],"properties":{"anthrome":51}},{"type":"Polygon","arcs":[[10769,10770]],"properties":{"anthrome":61}},{"type":"Polygon","arcs":[[10771,-10383,10772,-10558,10773,10774,10775,10776,10777,-10715,-10687,10778,10779,10780,10781,-10682,-10641,-10573,10782,-10560]],"properties":{"anthrome":52}},{"type":"Polygon","arcs":[[-10718,10783]],"properties":{"anthrome":32}},{"type":"Polygon","arcs":[[10784,10785,-10743]],"properties":{"anthrome":42}},{"type":"Polygon","arcs":[[10786,10787,10788,10789]],"properties":{"anthrome":41}},{"type":"Polygon","arcs":[[10790,10791]],"properties":{"anthrome":42}},{"type":"Polygon","arcs":[[10792,10793,10794]],"properties":{"anthrome":41}},{"type":"Polygon","arcs":[[10795]],"properties":{"anthrome":32}},{"type":"Polygon","arcs":[[10796,10797,10798]],"properties":{"anthrome":33}},{"type":"Polygon","arcs":[[10799,10800,-10751]],"properties":{"anthrome":23}},{"type":"Polygon","arcs":[[10801,10802]],"properties":{"anthrome":61}},{"type":"Polygon","arcs":[[-10727,10803,10804]],"properties":{"anthrome":61}},{"type":"Polygon","arcs":[[10805,10806,10807]],"properties":{"anthrome":61}},{"type":"Polygon","arcs":[[-10261,10808,-10738,10809,10810,10811,10812,10813,10814,-10264,10815,10816]],"properties":{"anthrome":41}},{"type":"Polygon","arcs":[[10817,10818,10819,10820,10821,-10599,10822,10823,10824,10825,10826]],"properties":{"anthrome":42}},{"type":"Polygon","arcs":[[10827,10828,10829,-10806,10830]],"properties":{"anthrome":53}},{"type":"Polygon","arcs":[[10831,10832,10833,10834]],"properties":{"anthrome":42}},{"type":"Polygon","arcs":[[-10696,10835,10836,10837,-10758,10838,10839,10840,10841,10842,10843,10844]],"properties":{"anthrome":54}},{"type":"Polygon","arcs":[[10845,10846,10847,10848,-10797]],"properties":{"anthrome":41}},{"type":"Polygon","arcs":[[10849,10850,10851]],"properties":{"anthrome":52}},{"type":"Polygon","arcs":[[10852,10853]],"properties":{"anthrome":32}},{"type":"Polygon","arcs":[[-10744,10854,10855]],"properties":{"anthrome":54}},{"type":"Polygon","arcs":[[10856,10857,-10855]],"properties":{"anthrome":52}},{"type":"Polygon","arcs":[[10858]],"properties":{"anthrome":42}},{"type":"Polygon","arcs":[[10859,10860,10861]],"properties":{"anthrome":33}},{"type":"Polygon","arcs":[[10862]],"properties":{"anthrome":42}},{"type":"Polygon","arcs":[[10863]],"properties":{"anthrome":54}},{"type":"Polygon","arcs":[[10864,10865,10866]],"properties":{"anthrome":62}},{"type":"Polygon","arcs":[[10867,-10811]],"properties":{"anthrome":43}},{"type":"Polygon","arcs":[[10868,-10848,10869]],"properties":{"anthrome":42}},{"type":"Polygon","arcs":[[10870]],"properties":{"anthrome":32}},{"type":"Polygon","arcs":[[10871,10872,10873]],"properties":{"anthrome":12}},{"type":"Polygon","arcs":[[10874]],"properties":{"anthrome":32}},{"type":"Polygon","arcs":[[10875,10876,10877,10878]],"properties":{"anthrome":12}},{"type":"Polygon","arcs":[[10879,10880,10881,-10877]],"properties":{"anthrome":23}},{"type":"Polygon","arcs":[[-10752,10882,10883,-10881]],"properties":{"anthrome":51}},{"type":"Polygon","arcs":[[-10767,10884,10885]],"properties":{"anthrome":23}},{"type":"Polygon","arcs":[[10886,10887]],"properties":{"anthrome":32}},{"type":"Polygon","arcs":[[10888,-10517,10889,-10598,10890,-10649,10891,10892,10893,10894,-10788,10895,10896,10897,-10721,10898,10899,10900,-10673]],"properties":{"anthrome":42}},{"type":"Polygon","arcs":[[10901]],"properties":{"anthrome":42}},{"type":"Polygon","arcs":[[10902,10903]],"properties":{"anthrome":61}},{"type":"Polygon","arcs":[[10904,-10852,10905,10906]],"properties":{"anthrome":62}},{"type":"Polygon","arcs":[[10907,10908,10909]],"properties":{"anthrome":63}},{"type":"Polygon","arcs":[[10910,10911,10912,10913]],"properties":{"anthrome":52}},{"type":"Polygon","arcs":[[-10853,10914,10915]],"properties":{"anthrome":51}},{"type":"Polygon","arcs":[[10916,10917]],"properties":{"anthrome":42}},{"type":"Polygon","arcs":[[10918]],"properties":{"anthrome":54}},{"type":"Polygon","arcs":[[10919,10920]],"properties":{"anthrome":33}},{"type":"Polygon","arcs":[[10921,10922,10923]],"properties":{"anthrome":54}},{"type":"Polygon","arcs":[[-10873,10924]],"properties":{"anthrome":61}},{"type":"Polygon","arcs":[[-10884,10925,10926]],"properties":{"anthrome":23}},{"type":"Polygon","arcs":[[10927,10928,10929,10930]],"properties":{"anthrome":12}},{"type":"Polygon","arcs":[[10931,10932,10933]],"properties":{"anthrome":54}},{"type":"Polygon","arcs":[[-10547,-10601,10934,-10762,10935,-10820,-10921,10936,10937,10938,10939,10940]],"properties":{"anthrome":54}},{"type":"Polygon","arcs":[[10941,10942,10943]],"properties":{"anthrome":52}},{"type":"Polygon","arcs":[[10944,-10834,10945,10946,10947,10948,10949,10950]],"properties":{"anthrome":32}},{"type":"Polygon","arcs":[[10951,10952,10953]],"properties":{"anthrome":32}},{"type":"Polygon","arcs":[[-10801,-10886,-10928,10954,10955,10956]],"properties":{"anthrome":54}},{"type":"Polygon","arcs":[[10957,10958,10959,10960,10961,10962]],"properties":{"anthrome":32}},{"type":"Polygon","arcs":[[10963,10964]],"properties":{"anthrome":42}},{"type":"Polygon","arcs":[[10965,10966]],"properties":{"anthrome":62}},{"type":"Polygon","arcs":[[10967,10968,10969]],"properties":{"anthrome":61}},{"type":"Polygon","arcs":[[10970,10971,10972]],"properties":{"anthrome":61}},{"type":"Polygon","arcs":[[10973,10974,10975,-10971]],"properties":{"anthrome":52}},{"type":"Polygon","arcs":[[10976,10977,-10942]],"properties":{"anthrome":61}},{"type":"Polygon","arcs":[[10978]],"properties":{"anthrome":52}},{"type":"Polygon","arcs":[[10979,10980]],"properties":{"anthrome":42}},{"type":"Polygon","arcs":[[10981]],"properties":{"anthrome":41}},{"type":"Polygon","arcs":[[-10948,10982,10983]],"properties":{"anthrome":54}},{"type":"Polygon","arcs":[[10984]],"properties":{"anthrome":32}},{"type":"Polygon","arcs":[[10985,10986]],"properties":{"anthrome":43}},{"type":"Polygon","arcs":[[10987,-10937]],"properties":{"anthrome":42}},{"type":"Polygon","arcs":[[10988,10989]],"properties":{"anthrome":62}},{"type":"Polygon","arcs":[[-10923,10990,10991]],"properties":{"anthrome":62}},{"type":"Polygon","arcs":[[10992]],"properties":{"anthrome":23}},{"type":"Polygon","arcs":[[-10909,10993,10994]],"properties":{"anthrome":33}},{"type":"Polygon","arcs":[[10995,10996]],"properties":{"anthrome":53}},{"type":"Polygon","arcs":[[10997,10998,-10996]],"properties":{"anthrome":52}},{"type":"Polygon","arcs":[[10999,11000,11001]],"properties":{"anthrome":52}},{"type":"Polygon","arcs":[[11002]],"properties":{"anthrome":61}},{"type":"Polygon","arcs":[[11003,11004,-10914,11005,11006,11007,11008,-10966,11009,-10777]],"properties":{"anthrome":54}},{"type":"Polygon","arcs":[[11010,-10842,11011,11012,11013,11014,11015,11016]],"properties":{"anthrome":42}},{"type":"Polygon","arcs":[[-10943,11017,11018]],"properties":{"anthrome":53}},{"type":"Polygon","arcs":[[11019,11020]],"properties":{"anthrome":52}},{"type":"Polygon","arcs":[[11021,11022,11023]],"properties":{"anthrome":42}},{"type":"Polygon","arcs":[[11024]],"properties":{"anthrome":42}},{"type":"Polygon","arcs":[[11025,11026,11027]],"properties":{"anthrome":43}},{"type":"Polygon","arcs":[[11028,11029,11030]],"properties":{"anthrome":52}},{"type":"Polygon","arcs":[[11031,11032,11033,-11029]],"properties":{"anthrome":61}},{"type":"Polygon","arcs":[[11034,11035,11036,-11033]],"properties":{"anthrome":54}},{"type":"Polygon","arcs":[[11037,11038]],"properties":{"anthrome":61}},{"type":"Polygon","arcs":[[11039,11040,11041,11042]],"properties":{"anthrome":51}},{"type":"Polygon","arcs":[[11043,11044,11045]],"properties":{"anthrome":32}},{"type":"Polygon","arcs":[[11046]],"properties":{"anthrome":32}},{"type":"Polygon","arcs":[[-10983,11047,11048,11049]],"properties":{"anthrome":32}},{"type":"Polygon","arcs":[[11050,11051,11052,11053]],"properties":{"anthrome":32}},{"type":"Polygon","arcs":[[11054,11055,11056]],"properties":{"anthrome":32}},{"type":"Polygon","arcs":[[11057]],"properties":{"anthrome":43}},{"type":"Polygon","arcs":[[11058]],"properties":{"anthrome":54}},{"type":"Polygon","arcs":[[11059,11060]],"properties":{"anthrome":62}},{"type":"Polygon","arcs":[[11061,11062]],"properties":{"anthrome":61}},{"type":"Polygon","arcs":[[11063]],"properties":{"anthrome":52}},{"type":"Polygon","arcs":[[11064,11065,11066,11067]],"properties":{"anthrome":51}},{"type":"Polygon","arcs":[[11068,11069,11070,11071]],"properties":{"anthrome":54}},{"type":"Polygon","arcs":[[11072,11073,11074,11075]],"properties":{"anthrome":41}},{"type":"Polygon","arcs":[[11076,11077,11078,11079,11080,11081,11082,11083]],"properties":{"anthrome":32}},{"type":"Polygon","arcs":[[-10930,11084,11085,11086,11087,11088,11089]],"properties":{"anthrome":23}},{"type":"Polygon","arcs":[[11090,11091,11092,11093,11094,11095,11096,-11001]],"properties":{"anthrome":54}},{"type":"Polygon","arcs":[[11097,11098,11099,11100,-11036]],"properties":{"anthrome":52}},{"type":"Polygon","arcs":[[11101,11102]],"properties":{"anthrome":52}},{"type":"Polygon","arcs":[[11103,11104]],"properties":{"anthrome":62}},{"type":"Polygon","arcs":[[11105,11106,11107,-11104]],"properties":{"anthrome":52}},{"type":"Polygon","arcs":[[11108,11109,11110,11111]],"properties":{"anthrome":53}},{"type":"Polygon","arcs":[[11112,11113,11114]],"properties":{"anthrome":52}},{"type":"Polygon","arcs":[[11115,11116]],"properties":{"anthrome":41}},{"type":"Polygon","arcs":[[11117,-11082]],"properties":{"anthrome":42}},{"type":"Polygon","arcs":[[11118,11119,11120]],"properties":{"anthrome":32}},{"type":"Polygon","arcs":[[11121,11122]],"properties":{"anthrome":43}},{"type":"Polygon","arcs":[[11123]],"properties":{"anthrome":43}},{"type":"Polygon","arcs":[[11124]],"properties":{"anthrome":61}},{"type":"Polygon","arcs":[[11125,-11095,11126,11127]],"properties":{"anthrome":52}},{"type":"Polygon","arcs":[[11128,-11043,11129,11130,11131]],"properties":{"anthrome":52}},{"type":"Polygon","arcs":[[11132,11133,11134]],"properties":{"anthrome":54}},{"type":"Polygon","arcs":[[11135,11136,11137,11138,11139,11140,-11014,-11013,11141,-10840,11142,11143,-10837,11144,-10633],[-10760],[-10917,-10918],[-11025]],"properties":{"anthrome":43}},{"type":"Polygon","arcs":[[11145,11146,11147,11148]],"properties":{"anthrome":42}},{"type":"Polygon","arcs":[[-10907,11149,11150,11151,11152,11153,11154,11155,11156,11157,11158,11159]],"properties":{"anthrome":54}},{"type":"Polygon","arcs":[[11160,11161,11162,11163]],"properties":{"anthrome":52}},{"type":"Polygon","arcs":[[11164]],"properties":{"anthrome":62}},{"type":"Polygon","arcs":[[-11000,11165,11166,-11128,11167,11168,11169,11170,-10999,11171,11172,11173]],"properties":{"anthrome":51}},{"type":"Polygon","arcs":[[11174,11175]],"properties":{"anthrome":62}},{"type":"Polygon","arcs":[[11176,11177,11178]],"properties":{"anthrome":54}},{"type":"Polygon","arcs":[[11179,11180,-11157]],"properties":{"anthrome":53}},{"type":"Polygon","arcs":[[11181,11182,11183]],"properties":{"anthrome":53}},{"type":"Polygon","arcs":[[-11108,11184,11185]],"properties":{"anthrome":54}},{"type":"Polygon","arcs":[[11186,11187,-11185]],"properties":{"anthrome":52}},{"type":"Polygon","arcs":[[11188]],"properties":{"anthrome":53}},{"type":"Polygon","arcs":[[11189,11190,11191]],"properties":{"anthrome":54}},{"type":"Polygon","arcs":[[11192,-11054,11193,11194,11195,11196,11197,11198]],"properties":{"anthrome":42}},{"type":"Polygon","arcs":[[11199,11200,-11196]],"properties":{"anthrome":32}},{"type":"Polygon","arcs":[[-11083,11201,11202,-11200]],"properties":{"anthrome":41}},{"type":"Polygon","arcs":[[11203,11204,11205,-11202]],"properties":{"anthrome":54}},{"type":"Polygon","arcs":[[-11016,11206,11207]],"properties":{"anthrome":54}},{"type":"Polygon","arcs":[[11208,11209]],"properties":{"anthrome":43}},{"type":"Polygon","arcs":[[-10487,-10529,11210,-10537,-10629,11211,11212,11213,11214,11215,11216,-11055,-10954,11217,11218,11219,11220,-10965,11221,11222,11223,-11052,11224,-11199,11225,11226,-11116,-11048,-10947,11227,-10794,11228,11229,-10951,11230,11231,11232,11233,-10959,11234,-10860,11235,-10962,11236,11237,11238,11239,-11115,11240,11241,11242,11243,11244,-10980,-10893,11245,-10647,-10519,-10671,11246,-10488],[-10099],[-10640],[-10711],[-10791,-10792],[-10796],[-10985]],"properties":{"anthrome":54}},{"type":"Polygon","arcs":[[-10978,11247,11248,11249,11250,-11152,11251,-11018]],"properties":{"anthrome":52}},{"type":"Polygon","arcs":[[-11219,11252,11253,11254,11255,11256,11257,-11079,11258]],"properties":{"anthrome":42}},{"type":"Polygon","arcs":[[11259,-11208,11260,11261,11262,11263,11264]],"properties":{"anthrome":62}},{"type":"Polygon","arcs":[[11265,11266,11267,11268,-11227]],"properties":{"anthrome":41}},{"type":"Polygon","arcs":[[11269,-11086,11270,11271,11272]],"properties":{"anthrome":54}},{"type":"Polygon","arcs":[[11273,11274]],"properties":{"anthrome":53}},{"type":"Polygon","arcs":[[-11134,11275,11276]],"properties":{"anthrome":53}},{"type":"Polygon","arcs":[[11277,11278,11279,11280]],"properties":{"anthrome":61}},{"type":"Polygon","arcs":[[11281,11282,11283,-11279]],"properties":{"anthrome":62}},{"type":"Polygon","arcs":[[11284,11285,11286]],"properties":{"anthrome":61}},{"type":"Polygon","arcs":[[11287,11288,11289,11290]],"properties":{"anthrome":32}},{"type":"Polygon","arcs":[[-11201,11291,11292,-11289]],"properties":{"anthrome":41}},{"type":"Polygon","arcs":[[-11257,11293,11294]],"properties":{"anthrome":32}},{"type":"Polygon","arcs":[[11295,11296,-11255]],"properties":{"anthrome":41}},{"type":"Polygon","arcs":[[11297]],"properties":{"anthrome":43}},{"type":"Polygon","arcs":[[11298,11299,11300]],"properties":{"anthrome":43}},{"type":"Polygon","arcs":[[11301,11302,11303,11304]],"properties":{"anthrome":43}},{"type":"Polygon","arcs":[[11305,11306,11307]],"properties":{"anthrome":32}},{"type":"Polygon","arcs":[[11308,11309,-11306]],"properties":{"anthrome":51}},{"type":"Polygon","arcs":[[11310,11311]],"properties":{"anthrome":61}},{"type":"Polygon","arcs":[[11312]],"properties":{"anthrome":61}},{"type":"Polygon","arcs":[[11313]],"properties":{"anthrome":61}},{"type":"Polygon","arcs":[[11314]],"properties":{"anthrome":61}},{"type":"Polygon","arcs":[[11315,-10694,11316,-10844,11317,-11017,-11260,11318,11319,11320,11321,11322,11323,-11216,11324,-10653,11325,-10693,11326,-11213,11327,-10627,11328,-10543,-10443],[-10902],[-10863],[-11059]],"properties":{"anthrome":43}},{"type":"Polygon","arcs":[[11329,-11192,11330,11331,11332,11333]],"properties":{"anthrome":52}},{"type":"Polygon","arcs":[[11334,11335,11336,11337,11338,11339,-11093]],"properties":{"anthrome":51}},{"type":"Polygon","arcs":[[11340,11341,11342,11343,-11181]],"properties":{"anthrome":52}},{"type":"Polygon","arcs":[[-11154,11344,11345,11346,11347]],"properties":{"anthrome":53}},{"type":"Polygon","arcs":[[11348,11349,11350]],"properties":{"anthrome":52}},{"type":"Polygon","arcs":[[11351,11352]],"properties":{"anthrome":53}},{"type":"Polygon","arcs":[[11353]],"properties":{"anthrome":53}},{"type":"Polygon","arcs":[[11354]],"properties":{"anthrome":52}},{"type":"Polygon","arcs":[[11355,11356]],"properties":{"anthrome":53}},{"type":"Polygon","arcs":[[-11256,11357,11358]],"properties":{"anthrome":32}},{"type":"Polygon","arcs":[[11359]],"properties":{"anthrome":54}},{"type":"Polygon","arcs":[[-11304,11360,11361]],"properties":{"anthrome":62}},{"type":"Polygon","arcs":[[11362,11363,11364]],"properties":{"anthrome":61}},{"type":"Polygon","arcs":[[11365]],"properties":{"anthrome":61}},{"type":"Polygon","arcs":[[11366,-11337]],"properties":{"anthrome":32}},{"type":"Polygon","arcs":[[11367,11368]],"properties":{"anthrome":61}},{"type":"Polygon","arcs":[[-11168,-11339,11369,11370,11371,11372]],"properties":{"anthrome":52}},{"type":"Polygon","arcs":[[11373,11374,11375,11376]],"properties":{"anthrome":54}},{"type":"Polygon","arcs":[[11377,-11149,11378,11379,11380,11381,11382,11383]],"properties":{"anthrome":43}},{"type":"Polygon","arcs":[[-11294,-11359,11384,11385,11386]],"properties":{"anthrome":41}},{"type":"Polygon","arcs":[[11387,11388]],"properties":{"anthrome":43}},{"type":"Polygon","arcs":[[11389,11390,11391]],"properties":{"anthrome":54}},{"type":"Polygon","arcs":[[11392,11393,-11391]],"properties":{"anthrome":53}},{"type":"Polygon","arcs":[[11394,11395]],"properties":{"anthrome":53}},{"type":"Polygon","arcs":[[11396,-11395]],"properties":{"anthrome":54}},{"type":"Polygon","arcs":[[11397,11398,11399]],"properties":{"anthrome":42}},{"type":"Polygon","arcs":[[11400]],"properties":{"anthrome":32}},{"type":"Polygon","arcs":[[11401,11402,11403,11404]],"properties":{"anthrome":41}},{"type":"Polygon","arcs":[[11405,11406,11407,-11403]],"properties":{"anthrome":54}},{"type":"Polygon","arcs":[[11408,11409,11410,-11407]],"properties":{"anthrome":33}},{"type":"Polygon","arcs":[[11411,11412,11413]],"properties":{"anthrome":54}},{"type":"Polygon","arcs":[[11414]],"properties":{"anthrome":54}},{"type":"Polygon","arcs":[[11415,11416,11417]],"properties":{"anthrome":54}},{"type":"Polygon","arcs":[[11418,11419,11420]],"properties":{"anthrome":52}},{"type":"Polygon","arcs":[[-11381,11421]],"properties":{"anthrome":42}},{"type":"Polygon","arcs":[[11422,11423]],"properties":{"anthrome":43}},{"type":"Polygon","arcs":[[11424,11425]],"properties":{"anthrome":61}},{"type":"Polygon","arcs":[[11426,11427]],"properties":{"anthrome":12}},{"type":"Polygon","arcs":[[11428,11429,11430,-11301,-11389,11431,11432,11433,11434]],"properties":{"anthrome":42}},{"type":"Polygon","arcs":[[11435,11436,-10424,11437,11438,11439,11440,11441,-11008,11442,-10969,11443,-10912,11444,11445,-10775]],"properties":{"anthrome":53}},{"type":"Polygon","arcs":[[-10990,11446,-11027,11447,-11302,11448,-11424,11449,11450,11451,-11388,-11300,11452,-11430,11453,-11060,11454],[-11124]],"properties":{"anthrome":54}},{"type":"Polygon","arcs":[[-11232,11455,11456,-11049,-11117,-11269,11457,11458,11459,11460,11461,11462,11463,11464,-11332,11465,-11190,11466,11467,-11233],[-10982],[-11047],[-11401]],"properties":{"anthrome":42}},{"type":"Polygon","arcs":[[-11322,11468,11469,11470,11471,-11414,11472,11473,-11119,11474,-11323],[-10986,-10987],[-11058],[-11360]],"properties":{"anthrome":42}},{"type":"Polygon","arcs":[[-11441,11475]],"properties":{"anthrome":61}},{"type":"Polygon","arcs":[[11476,11477,11478]],"properties":{"anthrome":54}},{"type":"Polygon","arcs":[[11479,11480,11481]],"properties":{"anthrome":53}},{"type":"Polygon","arcs":[[-11465,11482,11483]],"properties":{"anthrome":51}},{"type":"Polygon","arcs":[[-11370,11484,11485]],"properties":{"anthrome":51}},{"type":"Polygon","arcs":[[11486,11487,11488,11489,11490,11491]],"properties":{"anthrome":53}},{"type":"Polygon","arcs":[[11492,11493]],"properties":{"anthrome":52}},{"type":"Polygon","arcs":[[11494]],"properties":{"anthrome":53}},{"type":"Polygon","arcs":[[11495,11496,11497]],"properties":{"anthrome":52}},{"type":"Polygon","arcs":[[11498,11499,11500]],"properties":{"anthrome":41}},{"type":"Polygon","arcs":[[11501,11502,11503,11504,-11410,11505,11506,11507,-11292]],"properties":{"anthrome":42}},{"type":"Polygon","arcs":[[-11413,11508,11509,11510]],"properties":{"anthrome":43}},{"type":"Polygon","arcs":[[11511]],"properties":{"anthrome":62}},{"type":"Polygon","arcs":[[-11452,11512,-11432]],"properties":{"anthrome":43}},{"type":"Polygon","arcs":[[11513,11514,-11450]],"properties":{"anthrome":43}},{"type":"Polygon","arcs":[[11515,11516]],"properties":{"anthrome":32}},{"type":"Polygon","arcs":[[-11372,11517,11518]],"properties":{"anthrome":32}},{"type":"Polygon","arcs":[[-9651,11519,-8793,-8761,-8830,11520,-9644,11521,-8996,11522,-9057,11523,-9279,11524,-9160,11525,-9276,11526,-9285,11527,11528,-9436,11529,-9466,-9413,11530,11531,-9409,11532,-9829,11533,-9980,11534,11535,-10208,11536,-10059,11537,-9968,11538,-9874,-9827,-9826,-9499,-9590,-9530,11539,-9528,11540,-9587,11541,11542,-9909,11543,-9954,-10210,11544,-10354,11545,-10393,11546,-10555,11547,-10608,11548,-10755,11549,11550,-10927,11551,11552,-11088,11553,-11273,-11365,11554,11555,-11427,-10872,11556,-10421,-10420,11557,-10392,11558,-10328,11559,11560,-10166,11561,-10025,-9950,11562,-10171,11563,11564,11565,-10051,11566,-9974,11567,-9842,-9389,-9364,-9495,11568,-9431,11569,-9392,-9391,-9271,11570,-9041,11571,-9028,-8989,11572,-8817,11573,11574,11575,11576,11577],[-8901],[-9005],[-8959],[-8992,-8991],[-9187,-9186,11578,-9209,11579,-9182],[-9207],[-9327],[-9355],[-9366],[-9384],[11580,-9582,11581,-9521],[-9532],[-9533],[-9594],[-9845],[-9871],[-9872],[-9913],[-10011],[-10053],[-10431],[-10579],[-10552],[-10605],[-10875],[-10993]],"properties":{"anthrome":51}},{"type":"Polygon","arcs":[[11582,11583,11584,11585,11586,11587]],"properties":{"anthrome":53}},{"type":"Polygon","arcs":[[11588,11589,11590,11591,11592]],"properties":{"anthrome":43}},{"type":"Polygon","arcs":[[11593,11594,11595,11596,11597,-11376]],"properties":{"anthrome":42}},{"type":"Polygon","arcs":[[11598,11599,11600,11601]],"properties":{"anthrome":54}},{"type":"Polygon","arcs":[[11602,11603]],"properties":{"anthrome":33}},{"type":"Polygon","arcs":[[-11587,11604,11605,11606,11607,11608,11609,11610]],"properties":{"anthrome":54}},{"type":"Polygon","arcs":[[-11478,11611,11612,11613]],"properties":{"anthrome":52}},{"type":"Polygon","arcs":[[11614,11615,11616,-11612]],"properties":{"anthrome":54}},{"type":"Polygon","arcs":[[11617]],"properties":{"anthrome":54}},{"type":"Polygon","arcs":[[-11515,11618,11619]],"properties":{"anthrome":42}},{"type":"Polygon","arcs":[[-11556,11620]],"properties":{"anthrome":32}},{"type":"Polygon","arcs":[[11621,11622]],"properties":{"anthrome":51}},{"type":"Polygon","arcs":[[11623,-11239,11624,11625,11626,11627,11628]],"properties":{"anthrome":51}},{"type":"Polygon","arcs":[[-11275,11629,11630,11631,11632,-11603,11633,-11439,11634,-11353,11635]],"properties":{"anthrome":52}},{"type":"Polygon","arcs":[[-10594,11636,-10900,11637,-10723,11638,-10897,11639,-10790,11640,-10894,-10981,-11046,11641,11642,-11073,11643,11644,11645,-11357,11646,11647,11648,-11024,11649,-11112,11650,11651,11652,-11498,11653,11654,-11350,-11349,-11187,-11107,11655,-11020,11656,-10858,11657,11658,11659,-10663,-10676,11660,-10589],[-10859],[-11131,11661,-11041,11662,-11132],[-10979],[-11355]],"properties":{"anthrome":54}},{"type":"Polygon","arcs":[[11663,11664,-11654]],"properties":{"anthrome":52}},{"type":"Polygon","arcs":[[11665,11666,-11627]],"properties":{"anthrome":32}},{"type":"Polygon","arcs":[[11667,11668,11669,11670]],"properties":{"anthrome":61}},{"type":"Polygon","arcs":[[11671]],"properties":{"anthrome":54}},{"type":"Polygon","arcs":[[-11595,11672,11673,11674]],"properties":{"anthrome":41}},{"type":"Polygon","arcs":[[11675,11676,11677]],"properties":{"anthrome":52}},{"type":"Polygon","arcs":[[11678,11679,11680]],"properties":{"anthrome":61}},{"type":"Polygon","arcs":[[11681,-11632,11682,-11680]],"properties":{"anthrome":53}},{"type":"Polygon","arcs":[[11683]],"properties":{"anthrome":53}},{"type":"Polygon","arcs":[[11684,11685]],"properties":{"anthrome":53}},{"type":"Polygon","arcs":[[11686,11687]],"properties":{"anthrome":53}},{"type":"Polygon","arcs":[[-11613,11688,11689,11690]],"properties":{"anthrome":51}},{"type":"Polygon","arcs":[[11691,11692,11693,-11689]],"properties":{"anthrome":52}},{"type":"Polygon","arcs":[[11694,11695,11696]],"properties":{"anthrome":53}},{"type":"Polygon","arcs":[[11697]],"properties":{"anthrome":62}},{"type":"Polygon","arcs":[[11698]],"properties":{"anthrome":54}},{"type":"Polygon","arcs":[[11699,11700,11701]],"properties":{"anthrome":43}},{"type":"Polygon","arcs":[[11702,11703,11704,-11701]],"properties":{"anthrome":53}},{"type":"Polygon","arcs":[[11705,11706]],"properties":{"anthrome":61}},{"type":"Polygon","arcs":[[-11670,11707,11708]],"properties":{"anthrome":62}},{"type":"Polygon","arcs":[[11709,11710,11711,-11608,11712,11713,11714,11715,11716,11717,-11497]],"properties":{"anthrome":53}},{"type":"Polygon","arcs":[[11718,11719]],"properties":{"anthrome":54}},{"type":"Polygon","arcs":[[-11242,11720,11721,11722,-11481,-11480,11723],[-11618]],"properties":{"anthrome":52}},{"type":"Polygon","arcs":[[11724,11725]],"properties":{"anthrome":52}},{"type":"Polygon","arcs":[[11726,11727,11728,11729]],"properties":{"anthrome":42}},{"type":"Polygon","arcs":[[11730,11731]],"properties":{"anthrome":52}},{"type":"Polygon","arcs":[[11732]],"properties":{"anthrome":61}},{"type":"Polygon","arcs":[[11733]],"properties":{"anthrome":54}},{"type":"Polygon","arcs":[[11734,11735]],"properties":{"anthrome":53}},{"type":"Polygon","arcs":[[11736,11737]],"properties":{"anthrome":32}},{"type":"Polygon","arcs":[[-11628,11738,11739]],"properties":{"anthrome":41}},{"type":"Polygon","arcs":[[11740]],"properties":{"anthrome":52}},{"type":"Polygon","arcs":[[11741]],"properties":{"anthrome":62}},{"type":"Polygon","arcs":[[-11705,11742,11743,11744]],"properties":{"anthrome":54}},{"type":"Polygon","arcs":[[-11706,11745]],"properties":{"anthrome":32}},{"type":"Polygon","arcs":[[-11725,11746]],"properties":{"anthrome":61}},{"type":"Polygon","arcs":[[11747]],"properties":{"anthrome":61}},{"type":"Polygon","arcs":[[11748,11749]],"properties":{"anthrome":51}},{"type":"Polygon","arcs":[[11750,11751]],"properties":{"anthrome":61}},{"type":"Polygon","arcs":[[11752,-11159,11753,-11281,11754,11755,11756,-11392,11757,11758,11759,11760,-11177,-11070,11761,-10975]],"properties":{"anthrome":53}},{"type":"Polygon","arcs":[[11762,11763,-11516,11764,11765,11766]],"properties":{"anthrome":52}},{"type":"Polygon","arcs":[[11767,-11494,11768,-11731,11769,11770]],"properties":{"anthrome":53}},{"type":"Polygon","arcs":[[11771,-11484,11772,-11463,11773,11774,11775,11776,11777,11778,-11399]],"properties":{"anthrome":41}},{"type":"Polygon","arcs":[[11779,11780,11781]],"properties":{"anthrome":42}},{"type":"Polygon","arcs":[[-11451,-11620,11782,11783,11784,11785,11786]],"properties":{"anthrome":43}},{"type":"Polygon","arcs":[[11787,11788,11789]],"properties":{"anthrome":53}},{"type":"Polygon","arcs":[[11790,11791,11792,11793]],"properties":{"anthrome":54}},{"type":"Polygon","arcs":[[11794,11795]],"properties":{"anthrome":33}},{"type":"Polygon","arcs":[[11796,11797,11798,11799]],"properties":{"anthrome":54}},{"type":"Polygon","arcs":[[11800,11801,11802]],"properties":{"anthrome":53}},{"type":"Polygon","arcs":[[11803,11804,11805,11806]],"properties":{"anthrome":42}},{"type":"Polygon","arcs":[[11807,11808,11809,-11805]],"properties":{"anthrome":51}},{"type":"Polygon","arcs":[[-11667,11810,11811,-11809,-11739]],"properties":{"anthrome":23}},{"type":"Polygon","arcs":[[11812,11813,-11777]],"properties":{"anthrome":12}},{"type":"Polygon","arcs":[[11814,11815,11816]],"properties":{"anthrome":52}},{"type":"Polygon","arcs":[[11817]],"properties":{"anthrome":52}},{"type":"Polygon","arcs":[[11818,11819,11820]],"properties":{"anthrome":53}},{"type":"Polygon","arcs":[[11821]],"properties":{"anthrome":33}},{"type":"Polygon","arcs":[[11822,-11422,-11782,11823,11824,11825]],"properties":{"anthrome":43}},{"type":"Polygon","arcs":[[11826]],"properties":{"anthrome":52}},{"type":"Polygon","arcs":[[-11766,11827]],"properties":{"anthrome":51}},{"type":"Polygon","arcs":[[11828,11829,11830,11831,11832,11833,-11775,11834]],"properties":{"anthrome":51}},{"type":"Polygon","arcs":[[11835,11836,11837,11838]],"properties":{"anthrome":43}},{"type":"Polygon","arcs":[[11839,-11738,11840,11841]],"properties":{"anthrome":52}},{"type":"Polygon","arcs":[[-11715,-11794,11842,11843,11844,11845,11846]],"properties":{"anthrome":52}},{"type":"Polygon","arcs":[[11847,11848,11849]],"properties":{"anthrome":51}},{"type":"Polygon","arcs":[[11850,11851,11852]],"properties":{"anthrome":52}},{"type":"Polygon","arcs":[[11853,-11785,11854,11855]],"properties":{"anthrome":42}},{"type":"Polygon","arcs":[[11856,11857]],"properties":{"anthrome":61}},{"type":"Polygon","arcs":[[11858]],"properties":{"anthrome":53}},{"type":"Polygon","arcs":[[11859,11860,11861]],"properties":{"anthrome":53}},{"type":"Polygon","arcs":[[11862,11863,11864]],"properties":{"anthrome":53}},{"type":"Polygon","arcs":[[11865,11866]],"properties":{"anthrome":52}},{"type":"Polygon","arcs":[[11867,11868]],"properties":{"anthrome":62}},{"type":"Polygon","arcs":[[11869,11870,11871,11872]],"properties":{"anthrome":54}},{"type":"Polygon","arcs":[[11873,-11871]],"properties":{"anthrome":32}},{"type":"Polygon","arcs":[[-11833,11874]],"properties":{"anthrome":32}},{"type":"Polygon","arcs":[[11875,11876,-11831,11877]],"properties":{"anthrome":41}},{"type":"Polygon","arcs":[[11878,11879,11880]],"properties":{"anthrome":42}},{"type":"Polygon","arcs":[[11881]],"properties":{"anthrome":61}},{"type":"Polygon","arcs":[[11882,11883]],"properties":{"anthrome":53}},{"type":"Polygon","arcs":[[11884,11885,11886,11887,11888,11889,11890]],"properties":{"anthrome":41}},{"type":"Polygon","arcs":[[-10186,11891,-10232,-10418,11892,11893,-10771,11894,-11771,11895,-11884,11896,-11796,11897,11898,11899,-11488,-11487,11900,-10621,11901],[-10662],[11902],[-11003],[-11315],[-11425,-11368,11903]],"properties":{"anthrome":52}},{"type":"Polygon","arcs":[[11904,-11717,11905,-11846,11906,-11868,11907,-11665]],"properties":{"anthrome":54}},{"type":"Polygon","arcs":[[-11799,11908,11909]],"properties":{"anthrome":53}},{"type":"Polygon","arcs":[[11910,11911,11912,11913]],"properties":{"anthrome":53}},{"type":"Polygon","arcs":[[11914,11915,11916,11917]],"properties":{"anthrome":32}},{"type":"Polygon","arcs":[[11918,11919,11920,11921]],"properties":{"anthrome":53}},{"type":"Polygon","arcs":[[-11861,11922,11923,-11920]],"properties":{"anthrome":54}},{"type":"Polygon","arcs":[[11924]],"properties":{"anthrome":62}},{"type":"Polygon","arcs":[[11925]],"properties":{"anthrome":53}},{"type":"Polygon","arcs":[[11926,11927,11928,11929]],"properties":{"anthrome":32}},{"type":"Polygon","arcs":[[11930,11931,11932,11933]],"properties":{"anthrome":32}},{"type":"Polygon","arcs":[[11934,11935,-11932]],"properties":{"anthrome":54}},{"type":"Polygon","arcs":[[11936,11937,11938]],"properties":{"anthrome":42}},{"type":"Polygon","arcs":[[11939,11940,11941]],"properties":{"anthrome":42}},{"type":"Polygon","arcs":[[11942,11943]],"properties":{"anthrome":33}},{"type":"Polygon","arcs":[[11944,-11891,11945,11946,11947,11948,-11876,11949,11950,-11460,-11459]],"properties":{"anthrome":54}},{"type":"Polygon","arcs":[[11951,11952,-11729,-11807,11953,-11873,11954,-11934,11955,11956,11957,11958]],"properties":{"anthrome":41}},{"type":"Polygon","arcs":[[11959]],"properties":{"anthrome":52}},{"type":"Polygon","arcs":[[11960,-11948,11961]],"properties":{"anthrome":51}},{"type":"Polygon","arcs":[[11962,11963,11964,11965]],"properties":{"anthrome":53}},{"type":"Polygon","arcs":[[11966]],"properties":{"anthrome":51}},{"type":"Polygon","arcs":[[-11921,11967,11968,11969]],"properties":{"anthrome":51}},{"type":"Polygon","arcs":[[11970,11971]],"properties":{"anthrome":53}},{"type":"Polygon","arcs":[[11972]],"properties":{"anthrome":61}},{"type":"Polygon","arcs":[[11973,11974,11975]],"properties":{"anthrome":54}},{"type":"Polygon","arcs":[[-11917,11976,11977,11978]],"properties":{"anthrome":51}},{"type":"Polygon","arcs":[[-11929,11979,11980,11981]],"properties":{"anthrome":53}},{"type":"Polygon","arcs":[[11982,-11956]],"properties":{"anthrome":43}},{"type":"Polygon","arcs":[[11983,11984,11985,11986]],"properties":{"anthrome":54}},{"type":"Polygon","arcs":[[11987,11988,11989]],"properties":{"anthrome":54}},{"type":"Polygon","arcs":[[11990,11991,-11988]],"properties":{"anthrome":51}},{"type":"Polygon","arcs":[[11992,-11966,11993,11994]],"properties":{"anthrome":52}},{"type":"Polygon","arcs":[[11995,11996]],"properties":{"anthrome":32}},{"type":"Polygon","arcs":[[11997,11998]],"properties":{"anthrome":61}},{"type":"Polygon","arcs":[[11999,12000,-11943,12001,12002,12003]],"properties":{"anthrome":52}},{"type":"Polygon","arcs":[[12004,12005,12006,12007]],"properties":{"anthrome":54}},{"type":"Polygon","arcs":[[12008,-11075,12009,12010,12011,-11244,12012,-11501,12013,-11477,12014,12015,-11959,12016,12017,12018,12019,12020,-11645]],"properties":{"anthrome":42}},{"type":"Polygon","arcs":[[12021,12022,12023,12024,-11844]],"properties":{"anthrome":53}},{"type":"Polygon","arcs":[[12025,12026]],"properties":{"anthrome":61}},{"type":"Polygon","arcs":[[12027,12028,12029,12030,-11968]],"properties":{"anthrome":53}},{"type":"Polygon","arcs":[[12031]],"properties":{"anthrome":61}},{"type":"Polygon","arcs":[[12032]],"properties":{"anthrome":52}},{"type":"Polygon","arcs":[[12033]],"properties":{"anthrome":42}},{"type":"Polygon","arcs":[[12034,12035,12036]],"properties":{"anthrome":51}},{"type":"Polygon","arcs":[[12037,12038]],"properties":{"anthrome":53}},{"type":"Polygon","arcs":[[12039]],"properties":{"anthrome":53}},{"type":"Polygon","arcs":[[12040,12041,12042]],"properties":{"anthrome":53}},{"type":"Polygon","arcs":[[12043,12044]],"properties":{"anthrome":61}},{"type":"Polygon","arcs":[[12045,12046]],"properties":{"anthrome":61}},{"type":"Polygon","arcs":[[12047,12048]],"properties":{"anthrome":51}},{"type":"Polygon","arcs":[[12049,-11984,12050,12051,12052,-11947,12053,-11889,12054,12055]],"properties":{"anthrome":51}},{"type":"Polygon","arcs":[[12056]],"properties":{"anthrome":42}},{"type":"Polygon","arcs":[[12057]],"properties":{"anthrome":61}},{"type":"Polygon","arcs":[[12058,12059,12060]],"properties":{"anthrome":33}},{"type":"Polygon","arcs":[[12061,12062,-12059]],"properties":{"anthrome":61}},{"type":"Polygon","arcs":[[12063,-11962,-12053,12064,12065,12066]],"properties":{"anthrome":54}},{"type":"Polygon","arcs":[[12067,12068,-11648,12069,-12020,-12019,12070,12071,-11927,12072,12073,12074,-11915,12075,12076,12077,-11974,12078,-11791,-11714,12079,-11606,12080,-11585,12081,-11719,12082,-11583,12083,-11610,12084,-11711,12085,-11652,12086,-11110],[-11189],[-11672]],"properties":{"anthrome":52}},{"type":"Polygon","arcs":[[12087,12088,12089,12090]],"properties":{"anthrome":53}},{"type":"Polygon","arcs":[[12091,12092,12093,12094]],"properties":{"anthrome":43}},{"type":"Polygon","arcs":[[12095,12096,12097]],"properties":{"anthrome":43}},{"type":"Polygon","arcs":[[12098,12099,12100,12101,12102,12103,12104,-12026,12105,-11857,12106,-11630]],"properties":{"anthrome":53}},{"type":"Polygon","arcs":[[12107,12108,12109,12110]],"properties":{"anthrome":53}},{"type":"Polygon","arcs":[[12111,12112,12113,-12066]],"properties":{"anthrome":53}},{"type":"Polygon","arcs":[[12114,12115,12116,-12113]],"properties":{"anthrome":54}},{"type":"Polygon","arcs":[[12117,12118,12119,-12116]],"properties":{"anthrome":61}},{"type":"Polygon","arcs":[[12120,12121,12122,12123]],"properties":{"anthrome":54}},{"type":"Polygon","arcs":[[12124,12125,12126,-12122]],"properties":{"anthrome":51}},{"type":"Polygon","arcs":[[12127,12128,12129,12130]],"properties":{"anthrome":52}},{"type":"Polygon","arcs":[[12131,12132,12133]],"properties":{"anthrome":61}},{"type":"Polygon","arcs":[[-11881,-11942,12134,12135,12136,12137,12138,12139,-11937,-11855],[-12057]],"properties":{"anthrome":43}},{"type":"Polygon","arcs":[[12140,12141,-11990,12142,12143,12144,-12124,12145,12146,12147,12148,-11986,12149]],"properties":{"anthrome":52}},{"type":"Polygon","arcs":[[12150]],"properties":{"anthrome":61}},{"type":"Polygon","arcs":[[12151,12152]],"properties":{"anthrome":61}},{"type":"Polygon","arcs":[[12153,-12136,12154,-11940,-11880,12155,-11783]],"properties":{"anthrome":54}},{"type":"Polygon","arcs":[[12156,12157,12158,12159]],"properties":{"anthrome":52}},{"type":"Polygon","arcs":[[12160,12161,12162,12163]],"properties":{"anthrome":61}},{"type":"Polygon","arcs":[[12164,12165,12166,-12162]],"properties":{"anthrome":52}},{"type":"Polygon","arcs":[[-12148,12167]],"properties":{"anthrome":32}},{"type":"Polygon","arcs":[[12168,12169,12170,12171]],"properties":{"anthrome":52}},{"type":"Polygon","arcs":[[12172,12173]],"properties":{"anthrome":33}},{"type":"Polygon","arcs":[[-12133,12174,12175,12176]],"properties":{"anthrome":52}},{"type":"Polygon","arcs":[[12177]],"properties":{"anthrome":61}},{"type":"Polygon","arcs":[[12178,-12159]],"properties":{"anthrome":33}},{"type":"Polygon","arcs":[[12179,12180,12181]],"properties":{"anthrome":52}},{"type":"Polygon","arcs":[[12182,12183,12184,12185]],"properties":{"anthrome":53}},{"type":"Polygon","arcs":[[-11071,-11179,12186,-11760,12187,-11797,12188,12189,12190,-11862,-11919,12191,12192,-12030,12193,-12184,-12183,-12035,12194,-12005,12195,-12100,12196,-11175,-11277,12197,-11067,12198],[-11734],[-11859],[-11967],[-12038,-12039]],"properties":{"anthrome":52}},{"type":"Polygon","arcs":[[12199,12200,12201]],"properties":{"anthrome":53}},{"type":"Polygon","arcs":[[12202,12203,12204]],"properties":{"anthrome":32}},{"type":"Polygon","arcs":[[12205]],"properties":{"anthrome":42}},{"type":"Polygon","arcs":[[12206]],"properties":{"anthrome":61}},{"type":"Polygon","arcs":[[12207]],"properties":{"anthrome":54}},{"type":"Polygon","arcs":[[-11164,12208,-11182,12209,12210,12211,12212,-11396,12213,12214,12215,-11863,-11735,-11688,12216,-11686,12217,12218,12219,12220,12221,12222,12223,12224,-12111,12225,12226,12227,12228,-12029,-11909,-11758,-11394,-11347,12229,-11249,12230],[-11354],[-11495],[-11684],[-11925]],"properties":{"anthrome":54}},{"type":"Polygon","arcs":[[12231]],"properties":{"anthrome":61}},{"type":"Polygon","arcs":[[12232]],"properties":{"anthrome":54}},{"type":"Polygon","arcs":[[12233,12234]],"properties":{"anthrome":52}},{"type":"Polygon","arcs":[[-12176,12235,12236]],"properties":{"anthrome":61}},{"type":"Polygon","arcs":[[12237,12238,12239,12240]],"properties":{"anthrome":61}},{"type":"Polygon","arcs":[[-10952,-11057,-11121,12241,-11473,-11511,12242,-11470,12243,-11320,12244,12245,12246,12247,12248,12249,12250,-12235,12251,12252,-12091,12253,12254,12255,12256,-12172,12257,12258,12259,-12131,12260,12261,12262,12263,12264,12265,12266,-11991,-12142,-12141,12267,-12056,12268,-11887,12269,12270,-11674,12271,-11404,-11504,12272,-11386,12273,-11297,12274,12275],[-11512],[12276,-11697,12277,-11676],[-11698],[-11741],[-11742],[-11817,12278,-11849,12279],[-11818],[-11995,12280,-11964,12281],[-12033],[-12034]],"properties":{"anthrome":54}},{"type":"Polygon","arcs":[[12282,12283]],"properties":{"anthrome":63}},{"type":"Polygon","arcs":[[12284]],"properties":{"anthrome":61}},{"type":"Polygon","arcs":[[-12185,12285,12286,12287]],"properties":{"anthrome":52}},{"type":"Polygon","arcs":[[12288]],"properties":{"anthrome":61}},{"type":"Polygon","arcs":[[-12234,12289]],"properties":{"anthrome":54}},{"type":"Polygon","arcs":[[12290,12291]],"properties":{"anthrome":43}},{"type":"Polygon","arcs":[[12292,12293,12294]],"properties":{"anthrome":43}},{"type":"Polygon","arcs":[[-12283,12295]],"properties":{"anthrome":52}},{"type":"Polygon","arcs":[[12296]],"properties":{"anthrome":61}},{"type":"Polygon","arcs":[[12297,12298]],"properties":{"anthrome":53}},{"type":"Polygon","arcs":[[-11913,12299,12300,12301,12302,12303,12304,12305,12306,12307,-12041,12308]],"properties":{"anthrome":54}},{"type":"Polygon","arcs":[[-12102,-12182,12309,12310,12311,12312,12313,12314,-12167,12315]],"properties":{"anthrome":54}},{"type":"Polygon","arcs":[[12316,-12047,-12153,12317,12318]],"properties":{"anthrome":53}},{"type":"Polygon","arcs":[[12319]],"properties":{"anthrome":52}},{"type":"Polygon","arcs":[[12320,12321]],"properties":{"anthrome":62}},{"type":"Polygon","arcs":[[12322]],"properties":{"anthrome":61}},{"type":"Polygon","arcs":[[12323]],"properties":{"anthrome":54}},{"type":"Polygon","arcs":[[12324]],"properties":{"anthrome":42}},{"type":"Polygon","arcs":[[12325,12326]],"properties":{"anthrome":43}},{"type":"Polygon","arcs":[[12327,12328]],"properties":{"anthrome":33}},{"type":"Polygon","arcs":[[12329,12330,12331]],"properties":{"anthrome":61}},{"type":"Polygon","arcs":[[12332,12333,12334]],"properties":{"anthrome":53}},{"type":"Polygon","arcs":[[12335,-12334]],"properties":{"anthrome":61}},{"type":"Polygon","arcs":[[12336,12337,12338,-12227,12339,-12109]],"properties":{"anthrome":61}},{"type":"Polygon","arcs":[[-12314,12340,12341,12342]],"properties":{"anthrome":52}},{"type":"Polygon","arcs":[[12343]],"properties":{"anthrome":53}},{"type":"Polygon","arcs":[[12344,12345,12346,12347]],"properties":{"anthrome":33}},{"type":"Polygon","arcs":[[12348]],"properties":{"anthrome":54}},{"type":"Polygon","arcs":[[12349,12350,12351]],"properties":{"anthrome":43}},{"type":"Polygon","arcs":[[12352,12353]],"properties":{"anthrome":61}},{"type":"Polygon","arcs":[[12354,12355]],"properties":{"anthrome":61}},{"type":"Polygon","arcs":[[12356]],"properties":{"anthrome":61}},{"type":"Polygon","arcs":[[12357,-11842,12358,-11867,12359,12360,12361,12362,-12302,12363,12364,12365,-12214,-11397,12366,-11287,12367,-12211,12368,-11099,-11038,-11103,12369],[-12032],[-11973],[-12045,-12044],[-12151]],"properties":{"anthrome":53}},{"type":"Polygon","arcs":[[-12163,-12315,12370,12371,12372,12373,12374,-12321,12375,12376]],"properties":{"anthrome":52}},{"type":"Polygon","arcs":[[12377,12378,-12371]],"properties":{"anthrome":54}},{"type":"Polygon","arcs":[[12379]],"properties":{"anthrome":61}},{"type":"Polygon","arcs":[[12380]],"properties":{"anthrome":61}},{"type":"Polygon","arcs":[[12381]],"properties":{"anthrome":54}},{"type":"Polygon","arcs":[[12382]],"properties":{"anthrome":61}},{"type":"Polygon","arcs":[[12383]],"properties":{"anthrome":53}},{"type":"Polygon","arcs":[[12384]],"properties":{"anthrome":42}},{"type":"Polygon","arcs":[[12385,12386]],"properties":{"anthrome":43}},{"type":"Polygon","arcs":[[12387]],"properties":{"anthrome":52}},{"type":"Polygon","arcs":[[12388,12389]],"properties":{"anthrome":42}},{"type":"Polygon","arcs":[[12390,12391]],"properties":{"anthrome":33}},{"type":"Polygon","arcs":[[12392,12393]],"properties":{"anthrome":52}},{"type":"Polygon","arcs":[[12394]],"properties":{"anthrome":61}},{"type":"Polygon","arcs":[[12395,12396]],"properties":{"anthrome":61}},{"type":"Polygon","arcs":[[12397,12398,-12138,12399,12400,12401,-12295,-12327,-12350,12402,12403,12404,12405,12406,12407,-12097]],"properties":{"anthrome":42}},{"type":"Polygon","arcs":[[12408,12409]],"properties":{"anthrome":42}},{"type":"Polygon","arcs":[[12410,12411,-12390,12412,12413,12414,-12351,-12326,-12294,12415,-12401]],"properties":{"anthrome":54}},{"type":"Polygon","arcs":[[12416]],"properties":{"anthrome":53}},{"type":"Polygon","arcs":[[-12386,12417,12418,12419]],"properties":{"anthrome":61}},{"type":"Polygon","arcs":[[12420,12421]],"properties":{"anthrome":52}},{"type":"Polygon","arcs":[[12422,-12413]],"properties":{"anthrome":42}},{"type":"Polygon","arcs":[[12423,12424,12425,12426]],"properties":{"anthrome":61}},{"type":"Polygon","arcs":[[12427,12428,12429]],"properties":{"anthrome":61}},{"type":"Polygon","arcs":[[12430,12431,12432]],"properties":{"anthrome":53}},{"type":"Polygon","arcs":[[12433,12434]],"properties":{"anthrome":33}},{"type":"Polygon","arcs":[[-12335,12435,12436,12437]],"properties":{"anthrome":52}},{"type":"Polygon","arcs":[[-12379,12438,12439,12440]],"properties":{"anthrome":52}},{"type":"Polygon","arcs":[[12441,12442,12443,12444,12445,12446,12447]],"properties":{"anthrome":41}},{"type":"Polygon","arcs":[[12448,12449]],"properties":{"anthrome":61}},{"type":"Polygon","arcs":[[12450]],"properties":{"anthrome":61}},{"type":"Polygon","arcs":[[-12419,12451,12452,12453]],"properties":{"anthrome":52}},{"type":"Polygon","arcs":[[12454,12455,12456,-12452]],"properties":{"anthrome":53}},{"type":"Polygon","arcs":[[12457]],"properties":{"anthrome":52}},{"type":"Polygon","arcs":[[12458,12459,-12444]],"properties":{"anthrome":32}},{"type":"Polygon","arcs":[[-12426,12460,12461,12462]],"properties":{"anthrome":52}},{"type":"Polygon","arcs":[[12463,12464,-12461]],"properties":{"anthrome":61}},{"type":"Polygon","arcs":[[-12429,12465,12466,12467]],"properties":{"anthrome":52}},{"type":"Polygon","arcs":[[12468]],"properties":{"anthrome":52}},{"type":"Polygon","arcs":[[12469,12470]],"properties":{"anthrome":52}},{"type":"Polygon","arcs":[[12471,12472]],"properties":{"anthrome":61}},{"type":"Polygon","arcs":[[12473,12474,12475,-12348,12476,12477,12478,12479,-12455,12480,-12204,12481,-12264]],"properties":{"anthrome":52}},{"type":"Polygon","arcs":[[-12374,12482,12483,12484,12485,12486]],"properties":{"anthrome":53}},{"type":"Polygon","arcs":[[-12433,12487,12488,12489,12490]],"properties":{"anthrome":52}},{"type":"Polygon","arcs":[[12491,-12434,12492,12493,-12432,12494,-12396]],"properties":{"anthrome":52}},{"type":"Polygon","arcs":[[12495,12496]],"properties":{"anthrome":61}},{"type":"Polygon","arcs":[[12497]],"properties":{"anthrome":61}},{"type":"Polygon","arcs":[[-12447,12498,12499,12500]],"properties":{"anthrome":32}},{"type":"Polygon","arcs":[[-12494,12501,-12488]],"properties":{"anthrome":61}},{"type":"Polygon","arcs":[[12502,12503,12504,12505]],"properties":{"anthrome":54}},{"type":"Polygon","arcs":[[12506]],"properties":{"anthrome":53}},{"type":"Polygon","arcs":[[12507,12508]],"properties":{"anthrome":61}},{"type":"Polygon","arcs":[[12509,12510]],"properties":{"anthrome":54}},{"type":"Polygon","arcs":[[12511,-12510]],"properties":{"anthrome":33}},{"type":"Polygon","arcs":[[-12445,12512,12513,12514]],"properties":{"anthrome":62}},{"type":"Polygon","arcs":[[12515]],"properties":{"anthrome":52}},{"type":"Polygon","arcs":[[12516,12517]],"properties":{"anthrome":33}},{"type":"Polygon","arcs":[[-12467,12518,12519]],"properties":{"anthrome":61}},{"type":"Polygon","arcs":[[-12449,12520,12521]],"properties":{"anthrome":52}},{"type":"Polygon","arcs":[[12522,12523]],"properties":{"anthrome":52}},{"type":"Polygon","arcs":[[12524]],"properties":{"anthrome":61}},{"type":"Polygon","arcs":[[12525,12526,12527,12528,12529,12530]],"properties":{"anthrome":54}},{"type":"Polygon","arcs":[[12531,12532,12533,12534]],"properties":{"anthrome":51}},{"type":"Polygon","arcs":[[-12490,12535,12536,12537,12538,-12470]],"properties":{"anthrome":53}},{"type":"Polygon","arcs":[[12539]],"properties":{"anthrome":52}},{"type":"Polygon","arcs":[[-12465,12540,12541,12542]],"properties":{"anthrome":52}},{"type":"Polygon","arcs":[[12543,12544]],"properties":{"anthrome":33}},{"type":"Polygon","arcs":[[12545,12546]],"properties":{"anthrome":52}},{"type":"Polygon","arcs":[[12547]],"properties":{"anthrome":52}},{"type":"Polygon","arcs":[[-12332,12548,-12354,12549,12550,12551,12552,-12462,-12543,12553,12554,12555,12556]],"properties":{"anthrome":53}},{"type":"Polygon","arcs":[[12557]],"properties":{"anthrome":61}},{"type":"Polygon","arcs":[[12558,12559,12560,12561]],"properties":{"anthrome":42}},{"type":"Polygon","arcs":[[12562,-12518,12563,12564,12565]],"properties":{"anthrome":52}},{"type":"Polygon","arcs":[[12566,12567]],"properties":{"anthrome":54}},{"type":"Polygon","arcs":[[12568]],"properties":{"anthrome":61}},{"type":"Polygon","arcs":[[12569,12570,12571,12572,12573]],"properties":{"anthrome":41}},{"type":"Polygon","arcs":[[12574,-12571]],"properties":{"anthrome":62}},{"type":"Polygon","arcs":[[12575,12576]],"properties":{"anthrome":62}},{"type":"Polygon","arcs":[[12577]],"properties":{"anthrome":52}},{"type":"Polygon","arcs":[[12578]],"properties":{"anthrome":52}},{"type":"Polygon","arcs":[[12579]],"properties":{"anthrome":61}},{"type":"Polygon","arcs":[[12580,12581,12582,12583,12584,12585]],"properties":{"anthrome":54}},{"type":"Polygon","arcs":[[-12534,12586,12587,12588]],"properties":{"anthrome":54}},{"type":"Polygon","arcs":[[12589,12590,12591,12592]],"properties":{"anthrome":51}},{"type":"Polygon","arcs":[[12593,12594,12595,-12591]],"properties":{"anthrome":52}},{"type":"Polygon","arcs":[[12596]],"properties":{"anthrome":42}},{"type":"Polygon","arcs":[[12597,-12565]],"properties":{"anthrome":33}},{"type":"Polygon","arcs":[[12598,12599]],"properties":{"anthrome":33}},{"type":"Polygon","arcs":[[12600,12601,12602,-12555]],"properties":{"anthrome":54}},{"type":"Polygon","arcs":[[12603,-8973,-8972,12604,-9639,12605,-9089,12606,-9636,-9635,12607,-9371,12608,12609,-9776,12610,12611,12612,12613,-9771,12614,-9888,12615,-10086,12616,-10141,12617,-10083,12618,12619,-10619,-10618,12620,-10661,12621,12622,-11091,-11174,12623,-10934,-10997,-11171,12624,-10887,12625,-10703,12626,12627,12628,-11750,12629,-12299,12630,12631,-12602,-12544,12632,-12464,-12425,12633,-12551,12634,-12330,12635,-11996,12636,12637,-11622,12638,-11311,12639,-11062,12640,-10802,12641,-10680,12642,-10449,-10448,12643,12644,-9595,12645,-9838,12646,12647,-10018,12648,-10452,12649,12650,-10061,12651,-9921,12652,-9483,12653,12654],[-9058],[-9174],[-9353],[-9397],[-9398],[-9536],[-9809],[-9839],[-9916],[-10012],[-10173],[-10215],[-10241],[-10226],[-10572],[-10657,-10658],[-10615],[12655,-10730,-10808,12656,-10829,-10828],[-10769]],"properties":{"anthrome":52}},{"type":"Polygon","arcs":[[12657,12658,12659,12660]],"properties":{"anthrome":52}},{"type":"Polygon","arcs":[[-12537,12661,12662]],"properties":{"anthrome":52}},{"type":"Polygon","arcs":[[12663,12664,12665]],"properties":{"anthrome":52}},{"type":"Polygon","arcs":[[12666,12667,12668,-10940,12669,-11383,-11382,-11823,12670,12671,-11419,12672,-11593,12673,-11418,12674,-11590,-11702,-11745,12675,-11824,-11838,12676,12677,12678,-12092,12679,12680,12681,12682,-12442,12683,-12574,12684,12685,12686,-12528,12687,12688,12689,-12249,-12248,-12247,12690,-11263,12691,-11139,12692,12693],[-10724],[-10864],[-10919],[-11209,-11210],[-11298],[-11415],[-11699],[-12349],[-12324]],"properties":{"anthrome":42}},{"type":"Polygon","arcs":[[12694,12695,-11911,12696,-11972,-12043,12697,-12307,12698,12699,12700,12701,12702,-12503,12703,12704,12705,12706,-12222,12707,-11802,12708,12709,-11789,12710,-11736,-11865,12711,12712,-12365],[-11926],[-12040],[-12344],[-12417]],"properties":{"anthrome":61}},{"type":"Polygon","arcs":[[12713,-12405,12714,12715,-12559,12716,-12409,12717,12718]],"properties":{"anthrome":43}},{"type":"Polygon","arcs":[[12719,-12319,12720,12721,12722,12723,12724,-12362,-12361],[-12384],[-12507]],"properties":{"anthrome":61}},{"type":"Polygon","arcs":[[12725,12726]],"properties":{"anthrome":53}},{"type":"Polygon","arcs":[[-12702,12727]],"properties":{"anthrome":53}},{"type":"Polygon","arcs":[[12728,12729,12730,12731]],"properties":{"anthrome":52}},{"type":"Polygon","arcs":[[12732,12733,12734,12735]],"properties":{"anthrome":51}},{"type":"Polygon","arcs":[[12736]],"properties":{"anthrome":54}},{"type":"Polygon","arcs":[[12737,12738]],"properties":{"anthrome":61}},{"type":"Polygon","arcs":[[12739,12740,12741]],"properties":{"anthrome":61}},{"type":"Polygon","arcs":[[12742,12743]],"properties":{"anthrome":61}},{"type":"Polygon","arcs":[[12744,12745,12746]],"properties":{"anthrome":33}},{"type":"Polygon","arcs":[[12747,12748]],"properties":{"anthrome":52}},{"type":"Polygon","arcs":[[-12665,12749,12750,12751]],"properties":{"anthrome":61}},{"type":"Polygon","arcs":[[12752,-12750]],"properties":{"anthrome":52}},{"type":"Polygon","arcs":[[12753]],"properties":{"anthrome":54}},{"type":"Polygon","arcs":[[12754,12755]],"properties":{"anthrome":61}},{"type":"Polygon","arcs":[[12756]],"properties":{"anthrome":61}},{"type":"Polygon","arcs":[[12757]],"properties":{"anthrome":54}},{"type":"Polygon","arcs":[[-12572,12758,12759]],"properties":{"anthrome":54}},{"type":"Polygon","arcs":[[12760,12761,12762]],"properties":{"anthrome":52}},{"type":"Polygon","arcs":[[12763,12764,12765,12766]],"properties":{"anthrome":52}},{"type":"Polygon","arcs":[[12767]],"properties":{"anthrome":52}},{"type":"Polygon","arcs":[[12768,12769]],"properties":{"anthrome":53}},{"type":"Polygon","arcs":[[-12726,12770,-12769]],"properties":{"anthrome":61}},{"type":"Polygon","arcs":[[12771,12772]],"properties":{"anthrome":61}},{"type":"Polygon","arcs":[[12773]],"properties":{"anthrome":61}},{"type":"Polygon","arcs":[[12774,12775]],"properties":{"anthrome":61}},{"type":"Polygon","arcs":[[12776,12777]],"properties":{"anthrome":61}},{"type":"Polygon","arcs":[[12778,12779,12780]],"properties":{"anthrome":61}},{"type":"Polygon","arcs":[[12781,12782]],"properties":{"anthrome":42}},{"type":"Polygon","arcs":[[-12734,12783,12784,12785]],"properties":{"anthrome":42}},{"type":"Polygon","arcs":[[12786]],"properties":{"anthrome":52}},{"type":"Polygon","arcs":[[12787]],"properties":{"anthrome":61}},{"type":"Polygon","arcs":[[12788,12789,12790]],"properties":{"anthrome":52}},{"type":"Polygon","arcs":[[-12766,12791,-12790]],"properties":{"anthrome":42}},{"type":"Polygon","arcs":[[-12751,12792,12793]],"properties":{"anthrome":52}},{"type":"Polygon","arcs":[[12794,-12473,12795,-12793,-12753,-12664,12796,-12521,-12437]],"properties":{"anthrome":53}},{"type":"Polygon","arcs":[[12797]],"properties":{"anthrome":61}},{"type":"Polygon","arcs":[[-12486,12798,12799,12800,-12496,12801]],"properties":{"anthrome":52}},{"type":"Polygon","arcs":[[-12530,12802,12803,12804,-12587]],"properties":{"anthrome":41}},{"type":"Polygon","arcs":[[12805,12806,12807,12808,12809]],"properties":{"anthrome":53}},{"type":"Polygon","arcs":[[-12686,12810,12811,12812]],"properties":{"anthrome":52}},{"type":"Polygon","arcs":[[12813,12814,12815]],"properties":{"anthrome":62}},{"type":"Polygon","arcs":[[12816,12817]],"properties":{"anthrome":61}},{"type":"Polygon","arcs":[[12818]],"properties":{"anthrome":54}},{"type":"Polygon","arcs":[[12819,12820]],"properties":{"anthrome":54}},{"type":"Polygon","arcs":[[12821]],"properties":{"anthrome":54}},{"type":"Polygon","arcs":[[12822]],"properties":{"anthrome":42}},{"type":"Polygon","arcs":[[12823,12824,12825]],"properties":{"anthrome":61}},{"type":"Polygon","arcs":[[12826,12827,12828,-12825]],"properties":{"anthrome":33}},{"type":"Polygon","arcs":[[12829,12830,-12828]],"properties":{"anthrome":52}},{"type":"Polygon","arcs":[[12831,12832,12833]],"properties":{"anthrome":61}},{"type":"Polygon","arcs":[[12834,12835,-12808]],"properties":{"anthrome":54}},{"type":"Polygon","arcs":[[12836,12837]],"properties":{"anthrome":63}},{"type":"Polygon","arcs":[[-12765,12838,12839,-12837]],"properties":{"anthrome":61}},{"type":"Polygon","arcs":[[12840,12841,-12839]],"properties":{"anthrome":43}},{"type":"Polygon","arcs":[[12842]],"properties":{"anthrome":61}},{"type":"Polygon","arcs":[[12843,12844]],"properties":{"anthrome":52}},{"type":"Polygon","arcs":[[12845,12846]],"properties":{"anthrome":61}},{"type":"Polygon","arcs":[[12847,12848]],"properties":{"anthrome":52}},{"type":"Polygon","arcs":[[12849,12850,-12848]],"properties":{"anthrome":34}},{"type":"Polygon","arcs":[[12851,12852]],"properties":{"anthrome":54}},{"type":"Polygon","arcs":[[12853,12854,12855]],"properties":{"anthrome":53}},{"type":"Polygon","arcs":[[12856,12857,-12727,-12770,12858]],"properties":{"anthrome":61}},{"type":"Polygon","arcs":[[12859,12860,12861,12862,12863,12864]],"properties":{"anthrome":62}},{"type":"Polygon","arcs":[[12865,12866]],"properties":{"anthrome":52}},{"type":"Polygon","arcs":[[-12815,12867,12868]],"properties":{"anthrome":33}},{"type":"Polygon","arcs":[[12869]],"properties":{"anthrome":61}},{"type":"Polygon","arcs":[[12870]],"properties":{"anthrome":61}},{"type":"Polygon","arcs":[[12871,12872]],"properties":{"anthrome":62}},{"type":"Polygon","arcs":[[12873]],"properties":{"anthrome":32}},{"type":"Polygon","arcs":[[12874,12875]],"properties":{"anthrome":62}},{"type":"Polygon","arcs":[[-12831,12876]],"properties":{"anthrome":33}},{"type":"Polygon","arcs":[[12877,12878]],"properties":{"anthrome":54}},{"type":"Polygon","arcs":[[12879,12880]],"properties":{"anthrome":61}},{"type":"Polygon","arcs":[[12881]],"properties":{"anthrome":52}},{"type":"Polygon","arcs":[[-12854,12882,12883]],"properties":{"anthrome":52}},{"type":"Polygon","arcs":[[-12851,12884]],"properties":{"anthrome":53}},{"type":"Polygon","arcs":[[12885,12886,12887]],"properties":{"anthrome":52}},{"type":"Polygon","arcs":[[12888,-12886]],"properties":{"anthrome":61}},{"type":"Polygon","arcs":[[12889]],"properties":{"anthrome":61}},{"type":"Polygon","arcs":[[-12728,12890,12891]],"properties":{"anthrome":61}},{"type":"Polygon","arcs":[[12892,12893]],"properties":{"anthrome":53}},{"type":"Polygon","arcs":[[12894,12895]],"properties":{"anthrome":54}},{"type":"Polygon","arcs":[[12896,12897]],"properties":{"anthrome":53}},{"type":"Polygon","arcs":[[12898]],"properties":{"anthrome":54}},{"type":"Polygon","arcs":[[12899]],"properties":{"anthrome":54}},{"type":"Polygon","arcs":[[12900,12901]],"properties":{"anthrome":54}},{"type":"Polygon","arcs":[[12902,-12901]],"properties":{"anthrome":42}},{"type":"Polygon","arcs":[[12903,12904]],"properties":{"anthrome":33}},{"type":"Polygon","arcs":[[-12883,12905,12906,12907]],"properties":{"anthrome":62}},{"type":"Polygon","arcs":[[12908,12909,12910,-12906]],"properties":{"anthrome":52}},{"type":"Polygon","arcs":[[12911,12912,12913,-12910]],"properties":{"anthrome":54}},{"type":"Polygon","arcs":[[12914,12915,12916,-12913]],"properties":{"anthrome":61}},{"type":"Polygon","arcs":[[-12887,12917,12918]],"properties":{"anthrome":61}},{"type":"Polygon","arcs":[[12919,12920,12921]],"properties":{"anthrome":23}},{"type":"Polygon","arcs":[[12922,12923]],"properties":{"anthrome":42}},{"type":"Polygon","arcs":[[12924,12925]],"properties":{"anthrome":52}},{"type":"Polygon","arcs":[[12926]],"properties":{"anthrome":52}},{"type":"Polygon","arcs":[[12927]],"properties":{"anthrome":42}},{"type":"Polygon","arcs":[[12928,12929]],"properties":{"anthrome":53}},{"type":"Polygon","arcs":[[12930,-11752,12931,-12003,12932,12933,12934,12935,-12744,12936,12937,12938,-12866,12939,-12738,12940,-12546,12941,-12393,12942,-12356,12943,12944,-11998,12945],[-12357],[-12469],[-12660,-12659,12946,-12742,-12741,12947,-12661],[-12548],[-12788]],"properties":{"anthrome":53}},{"type":"Polygon","arcs":[[12948,12949,12950,12951]],"properties":{"anthrome":53}},{"type":"Polygon","arcs":[[12952,12953,12954,-12950]],"properties":{"anthrome":52}},{"type":"Polygon","arcs":[[12955]],"properties":{"anthrome":61}},{"type":"Polygon","arcs":[[12956]],"properties":{"anthrome":33}},{"type":"Polygon","arcs":[[12957,12958,12959]],"properties":{"anthrome":61}},{"type":"Polygon","arcs":[[12960,12961,12962,-12959]],"properties":{"anthrome":33}},{"type":"Polygon","arcs":[[-12904,12963,12964,-12962]],"properties":{"anthrome":61}},{"type":"Polygon","arcs":[[12965,12966]],"properties":{"anthrome":61}},{"type":"Polygon","arcs":[[12967,-12767,-12789,12968,12969,12970,12971,-12745,-12662,12972,-12748,12973]],"properties":{"anthrome":53}},{"type":"Polygon","arcs":[[12974,12975,-12954]],"properties":{"anthrome":53}},{"type":"Polygon","arcs":[[12976]],"properties":{"anthrome":54}},{"type":"Polygon","arcs":[[12977,12978,12979]],"properties":{"anthrome":12}},{"type":"Polygon","arcs":[[12980,-12262,12981,-12129,12982,-12259,12983,-12170,12984,12985,12986,12987,12988,12989,12990,12991,12992,12993,12994,12995,-12895,12996,12997,-12781,12998,12999,-12584,13000,-12478,13001,-12346,13002,-12475],[-12289],[-12381],[-12388],[-12422,-12421],[-12458],[-12569]],"properties":{"anthrome":53}},{"type":"Polygon","arcs":[[13003,13004,13005,13006,13007,13008,13009,-12992,13010,-12820,13011,-12990]],"properties":{"anthrome":43}},{"type":"Polygon","arcs":[[-12861,13012,-12902,13013,13014,13015,13016,13017]],"properties":{"anthrome":42}},{"type":"Polygon","arcs":[[-12805,13018,13019,-12863,13020,13021,13022,13023,13024,13025,13026,13027],[-12874]],"properties":{"anthrome":54}},{"type":"Polygon","arcs":[[13028]],"properties":{"anthrome":53}},{"type":"Polygon","arcs":[[13029,13030,13031,13032]],"properties":{"anthrome":54}},{"type":"Polygon","arcs":[[13033,13034,13035]],"properties":{"anthrome":53}},{"type":"Polygon","arcs":[[13036,-12952,13037,-13035,13038,-12916]],"properties":{"anthrome":52}},{"type":"Polygon","arcs":[[13039]],"properties":{"anthrome":61}},{"type":"Polygon","arcs":[[13040]],"properties":{"anthrome":54}},{"type":"Polygon","arcs":[[13041]],"properties":{"anthrome":62}},{"type":"Polygon","arcs":[[13042,13043,-13008]],"properties":{"anthrome":42}},{"type":"Polygon","arcs":[[13044]],"properties":{"anthrome":53}},{"type":"Polygon","arcs":[[13045]],"properties":{"anthrome":54}},{"type":"Polygon","arcs":[[13046]],"properties":{"anthrome":33}},{"type":"Polygon","arcs":[[-12976,13047]],"properties":{"anthrome":52}},{"type":"Polygon","arcs":[[13048]],"properties":{"anthrome":52}},{"type":"Polygon","arcs":[[13049,13050]],"properties":{"anthrome":61}},{"type":"Polygon","arcs":[[13051,13052,13053,13054,13055,13056,-12996]],"properties":{"anthrome":54}},{"type":"Polygon","arcs":[[13057,13058,-12938]],"properties":{"anthrome":52}},{"type":"Polygon","arcs":[[13059,13060,13061,13062]],"properties":{"anthrome":52}},{"type":"Polygon","arcs":[[13063]],"properties":{"anthrome":54}},{"type":"Polygon","arcs":[[13064]],"properties":{"anthrome":42}},{"type":"Polygon","arcs":[[13065,13066]],"properties":{"anthrome":54}},{"type":"Polygon","arcs":[[-13056,13067]],"properties":{"anthrome":62}},{"type":"Polygon","arcs":[[13068,13069,13070,13071]],"properties":{"anthrome":54}},{"type":"Polygon","arcs":[[13072,13073,13074]],"properties":{"anthrome":54}},{"type":"Polygon","arcs":[[13075,13076,13077,13078,-13024]],"properties":{"anthrome":41}},{"type":"Polygon","arcs":[[13079]],"properties":{"anthrome":61}},{"type":"Polygon","arcs":[[13080,13081]],"properties":{"anthrome":54}},{"type":"Polygon","arcs":[[13082,-12922,13083,-12980,13084,-13081,13085,13086,13087,-12918]],"properties":{"anthrome":53}},{"type":"Polygon","arcs":[[13088,-12994,13089,-13009,-13072,13090,13091,13092,13093,13094,13095,13096,-13053]],"properties":{"anthrome":42}},{"type":"Polygon","arcs":[[13097,13098]],"properties":{"anthrome":42}},{"type":"Polygon","arcs":[[-13054,13099,13100,13101]],"properties":{"anthrome":42}},{"type":"Polygon","arcs":[[13102,13103,13104]],"properties":{"anthrome":43}},{"type":"Polygon","arcs":[[13105,13106]],"properties":{"anthrome":54}},{"type":"Polygon","arcs":[[13107,13108,13109,13110]],"properties":{"anthrome":53}},{"type":"Polygon","arcs":[[13111,13112]],"properties":{"anthrome":53}},{"type":"Polygon","arcs":[[13113]],"properties":{"anthrome":61}},{"type":"Polygon","arcs":[[13114,13115]],"properties":{"anthrome":61}},{"type":"Polygon","arcs":[[13116]],"properties":{"anthrome":53}},{"type":"Polygon","arcs":[[13117]],"properties":{"anthrome":54}},{"type":"Polygon","arcs":[[13118,13119]],"properties":{"anthrome":62}},{"type":"Polygon","arcs":[[13120,13121,-13096]],"properties":{"anthrome":52}},{"type":"Polygon","arcs":[[13122]],"properties":{"anthrome":54}},{"type":"Polygon","arcs":[[13123]],"properties":{"anthrome":54}},{"type":"Polygon","arcs":[[13124,13125,13126,13127]],"properties":{"anthrome":54}},{"type":"Polygon","arcs":[[13128,13129,13130,13131]],"properties":{"anthrome":54}},{"type":"Polygon","arcs":[[13132]],"properties":{"anthrome":42}},{"type":"Polygon","arcs":[[13133]],"properties":{"anthrome":42}},{"type":"Polygon","arcs":[[13134,13135,13136]],"properties":{"anthrome":53}},{"type":"Polygon","arcs":[[13137,13138]],"properties":{"anthrome":61}},{"type":"Polygon","arcs":[[13139,13140,13141,13142]],"properties":{"anthrome":54}},{"type":"Polygon","arcs":[[-13110,13143,13144,13145]],"properties":{"anthrome":52}},{"type":"Polygon","arcs":[[-13101,13146]],"properties":{"anthrome":52}},{"type":"Polygon","arcs":[[13147,13148,13149,13150,-13122]],"properties":{"anthrome":41}},{"type":"Polygon","arcs":[[-13093,13151,13152,13153]],"properties":{"anthrome":52}},{"type":"Polygon","arcs":[[13154,13155,-13152]],"properties":{"anthrome":51}},{"type":"Polygon","arcs":[[13156]],"properties":{"anthrome":52}},{"type":"Polygon","arcs":[[13157,13158]],"properties":{"anthrome":43}},{"type":"Polygon","arcs":[[13159,13160]],"properties":{"anthrome":33}},{"type":"Polygon","arcs":[[13161]],"properties":{"anthrome":61}},{"type":"Polygon","arcs":[[13162,13163]],"properties":{"anthrome":61}},{"type":"Polygon","arcs":[[13164]],"properties":{"anthrome":61}},{"type":"Polygon","arcs":[[13165,13166,13167]],"properties":{"anthrome":54}},{"type":"Polygon","arcs":[[13168,13169]],"properties":{"anthrome":61}},{"type":"Polygon","arcs":[[13170,13171]],"properties":{"anthrome":51}},{"type":"Polygon","arcs":[[-13097,-13151,13172,13173,13174,13175,13176,-13100]],"properties":{"anthrome":52}},{"type":"Polygon","arcs":[[13177,13178,13179,13180,13181,-13155,-13092,13182,-13070]],"properties":{"anthrome":52}},{"type":"Polygon","arcs":[[-13074,13183,13184]],"properties":{"anthrome":53}},{"type":"Polygon","arcs":[[13185,13186,13187]],"properties":{"anthrome":12}},{"type":"Polygon","arcs":[[13188,13189,13190,13191]],"properties":{"anthrome":52}},{"type":"Polygon","arcs":[[13192,13193,-13015,-13105,13194,13195,13196,13197,-13131,13198]],"properties":{"anthrome":53}},{"type":"Polygon","arcs":[[13199]],"properties":{"anthrome":61}},{"type":"Polygon","arcs":[[13200,13201,13202]],"properties":{"anthrome":54}},{"type":"Polygon","arcs":[[13203,13204]],"properties":{"anthrome":61}},{"type":"Polygon","arcs":[[13205,13206]],"properties":{"anthrome":62}},{"type":"Polygon","arcs":[[13207,13208,13209,-13174]],"properties":{"anthrome":51}},{"type":"Polygon","arcs":[[13210,13211,13212,-13209]],"properties":{"anthrome":42}},{"type":"Polygon","arcs":[[13213,13214,13215,13216]],"properties":{"anthrome":62}},{"type":"Polygon","arcs":[[13217,13218,-13160]],"properties":{"anthrome":52}},{"type":"Polygon","arcs":[[13219,13220,13221]],"properties":{"anthrome":53}},{"type":"Polygon","arcs":[[13222,13223,13224]],"properties":{"anthrome":52}},{"type":"Polygon","arcs":[[13225,13226]],"properties":{"anthrome":54}},{"type":"Polygon","arcs":[[13227,-12174,13228,-12556,-12810,13229,-12835,13230,13231,13232,-12930,13233,-13032,13234,13235,13236,13237,13238,-12897,-12832,13239,-12599,13240,-12517,13241,13242,-12391,13243,-12328,13244],[-12737],[-12853,-12852],[-12879,-12878],[-12957]],"properties":{"anthrome":52}},{"type":"Polygon","arcs":[[-13115,13245,13246]],"properties":{"anthrome":53}},{"type":"Polygon","arcs":[[-13177,13247,13248,13249]],"properties":{"anthrome":54}},{"type":"Polygon","arcs":[[13250]],"properties":{"anthrome":61}},{"type":"Polygon","arcs":[[-13145,13251,13252,13253]],"properties":{"anthrome":42}},{"type":"Polygon","arcs":[[-13142,13254,13255,-13252]],"properties":{"anthrome":53}},{"type":"Polygon","arcs":[[13256]],"properties":{"anthrome":61}},{"type":"Polygon","arcs":[[13257]],"properties":{"anthrome":53}},{"type":"Polygon","arcs":[[13258,-13217,13259,13260,13261]],"properties":{"anthrome":53}},{"type":"Polygon","arcs":[[13262]],"properties":{"anthrome":61}},{"type":"Polygon","arcs":[[13263]],"properties":{"anthrome":52}},{"type":"Polygon","arcs":[[13264,13265,13266,-13191,13267]],"properties":{"anthrome":54}},{"type":"Polygon","arcs":[[13268]],"properties":{"anthrome":42}},{"type":"Polygon","arcs":[[13269,13270,13271,-13261]],"properties":{"anthrome":54}},{"type":"Polygon","arcs":[[13272]],"properties":{"anthrome":61}},{"type":"Polygon","arcs":[[13273,13274]],"properties":{"anthrome":32}},{"type":"Polygon","arcs":[[13275,13276,13277,13278]],"properties":{"anthrome":52}},{"type":"Polygon","arcs":[[13279,13280,13281,13282]],"properties":{"anthrome":53}},{"type":"Polygon","arcs":[[13283]],"properties":{"anthrome":54}},{"type":"Polygon","arcs":[[13284,13285]],"properties":{"anthrome":61}},{"type":"Polygon","arcs":[[13286,-12971,13287,13288,13289,-13171,13290,-12966,13291,-12880,13292]],"properties":{"anthrome":52}},{"type":"Polygon","arcs":[[13293]],"properties":{"anthrome":53}},{"type":"Polygon","arcs":[[13294,-13181,13295,13296,13297,-13212]],"properties":{"anthrome":54}},{"type":"Polygon","arcs":[[-13180,13298,13299]],"properties":{"anthrome":53}},{"type":"Polygon","arcs":[[-13216,13300,13301,13302]],"properties":{"anthrome":12}},{"type":"Polygon","arcs":[[13303,13304,13305,13306,13307,-13277,-13224]],"properties":{"anthrome":53}},{"type":"Polygon","arcs":[[13308,13309,13310]],"properties":{"anthrome":51}},{"type":"Polygon","arcs":[[13311]],"properties":{"anthrome":53}},{"type":"Polygon","arcs":[[13312]],"properties":{"anthrome":42}},{"type":"Polygon","arcs":[[13313,13314]],"properties":{"anthrome":61}},{"type":"Polygon","arcs":[[13315,13316]],"properties":{"anthrome":32}},{"type":"Polygon","arcs":[[13317,13318]],"properties":{"anthrome":61}},{"type":"Polygon","arcs":[[13319,13320]],"properties":{"anthrome":33}},{"type":"Polygon","arcs":[[-13285,13321,13322,13323]],"properties":{"anthrome":52}},{"type":"Polygon","arcs":[[13324]],"properties":{"anthrome":61}},{"type":"Polygon","arcs":[[13325,-13303,13326,13327,13328]],"properties":{"anthrome":52}},{"type":"Polygon","arcs":[[13329]],"properties":{"anthrome":61}},{"type":"Polygon","arcs":[[-13272,13330,13331,13332]],"properties":{"anthrome":53}},{"type":"Polygon","arcs":[[13333,13334,13335]],"properties":{"anthrome":61}},{"type":"Polygon","arcs":[[-13278,13336,13337]],"properties":{"anthrome":54}},{"type":"Polygon","arcs":[[-13308,13338,13339,-13337]],"properties":{"anthrome":52}},{"type":"Polygon","arcs":[[13340,13341,13342]],"properties":{"anthrome":42}},{"type":"Polygon","arcs":[[13343]],"properties":{"anthrome":42}},{"type":"Polygon","arcs":[[13344]],"properties":{"anthrome":61}},{"type":"Polygon","arcs":[[13345,13346]],"properties":{"anthrome":61}},{"type":"Polygon","arcs":[[13347,13348]],"properties":{"anthrome":61}},{"type":"Polygon","arcs":[[-13306,13349,13350]],"properties":{"anthrome":61}},{"type":"Polygon","arcs":[[13351,13352,13353]],"properties":{"anthrome":52}},{"type":"Polygon","arcs":[[13354,13355,13356]],"properties":{"anthrome":54}},{"type":"Polygon","arcs":[[13357,-13299,-13184]],"properties":{"anthrome":52}},{"type":"Polygon","arcs":[[13358,13359]],"properties":{"anthrome":53}},{"type":"Polygon","arcs":[[13360,13361,13362,13363,13364]],"properties":{"anthrome":32}},{"type":"Polygon","arcs":[[-13347,13365,13366,13367]],"properties":{"anthrome":52}},{"type":"Polygon","arcs":[[13368,13369,13370,13371]],"properties":{"anthrome":32}},{"type":"Polygon","arcs":[[13372,-13363,13373,-13370]],"properties":{"anthrome":61}},{"type":"Polygon","arcs":[[13374]],"properties":{"anthrome":33}},{"type":"Polygon","arcs":[[13375,13376,13377,13378,-13348]],"properties":{"anthrome":53}},{"type":"Polygon","arcs":[[13379,-13377]],"properties":{"anthrome":52}},{"type":"Polygon","arcs":[[-13353,13380,13381,13382]],"properties":{"anthrome":61}},{"type":"Polygon","arcs":[[13383,13384,13385,-13381]],"properties":{"anthrome":52}},{"type":"Polygon","arcs":[[-13323,13386]],"properties":{"anthrome":53}},{"type":"Polygon","arcs":[[13387,13388]],"properties":{"anthrome":61}},{"type":"Polygon","arcs":[[13389,13390,13391]],"properties":{"anthrome":52}},{"type":"Polygon","arcs":[[-13302,13392,13393,13394]],"properties":{"anthrome":53}},{"type":"Polygon","arcs":[[-12523,13395,13396,13397,-12847,13398,13399,13400,13401,13402,13403,-13166,-13168,13404,13405,13406,-13382,13407,13408,-13318,13409,-13067,13410,-12845,13411],[-12754],[-12977],[-13107,-13106],[-13049],[-13165]],"properties":{"anthrome":53}},{"type":"Polygon","arcs":[[13412,13413,13414]],"properties":{"anthrome":61}},{"type":"Polygon","arcs":[[13415]],"properties":{"anthrome":54}},{"type":"Polygon","arcs":[[13416]],"properties":{"anthrome":53}},{"type":"Polygon","arcs":[[13417,13418,13419]],"properties":{"anthrome":52}},{"type":"Polygon","arcs":[[-13394,13420,13421]],"properties":{"anthrome":52}},{"type":"Polygon","arcs":[[13422,13423]],"properties":{"anthrome":32}},{"type":"Polygon","arcs":[[13424]],"properties":{"anthrome":61}},{"type":"Polygon","arcs":[[13425,13426]],"properties":{"anthrome":61}},{"type":"Polygon","arcs":[[13427]],"properties":{"anthrome":61}},{"type":"Polygon","arcs":[[13428,13429,13430]],"properties":{"anthrome":51}},{"type":"Polygon","arcs":[[13431,13432]],"properties":{"anthrome":52}},{"type":"Polygon","arcs":[[13433,13434,13435]],"properties":{"anthrome":53}},{"type":"Polygon","arcs":[[13436,13437,13438]],"properties":{"anthrome":53}},{"type":"Polygon","arcs":[[13439]],"properties":{"anthrome":54}},{"type":"Polygon","arcs":[[13440,-13297,-13341,13441,13442,13443,13444,-13249,13445]],"properties":{"anthrome":43}},{"type":"Polygon","arcs":[[13446]],"properties":{"anthrome":61}},{"type":"Polygon","arcs":[[13447,13448,13449],[-13113,-13112],[-13294],[-13312]],"properties":{"anthrome":61}},{"type":"Polygon","arcs":[[13450]],"properties":{"anthrome":53}},{"type":"Polygon","arcs":[[13451,13452,13453,13454]],"properties":{"anthrome":53}},{"type":"Polygon","arcs":[[13455,13456,13457]],"properties":{"anthrome":53}},{"type":"Polygon","arcs":[[13458]],"properties":{"anthrome":53}},{"type":"Polygon","arcs":[[13459,13460]],"properties":{"anthrome":52}},{"type":"Polygon","arcs":[[13461,-13460]],"properties":{"anthrome":53}},{"type":"Polygon","arcs":[[13462]],"properties":{"anthrome":54}},{"type":"Polygon","arcs":[[13463,13464,13465,13466]],"properties":{"anthrome":42}},{"type":"Polygon","arcs":[[13467]],"properties":{"anthrome":53}},{"type":"Polygon","arcs":[[13468,13469]],"properties":{"anthrome":61}},{"type":"Polygon","arcs":[[13470,13471,13472]],"properties":{"anthrome":61}},{"type":"Polygon","arcs":[[-13430,13473,-13472]],"properties":{"anthrome":32}},{"type":"Polygon","arcs":[[13474]],"properties":{"anthrome":54}},{"type":"Polygon","arcs":[[-13378,13475,-13414,13476]],"properties":{"anthrome":52}},{"type":"Polygon","arcs":[[13477,13478]],"properties":{"anthrome":53}},{"type":"Polygon","arcs":[[-13435,13479,13480,-13478]],"properties":{"anthrome":54}},{"type":"Polygon","arcs":[[13481,13482,-13480]],"properties":{"anthrome":53}},{"type":"Polygon","arcs":[[13483,13484,13485,13486]],"properties":{"anthrome":52}},{"type":"Polygon","arcs":[[13487,13488]],"properties":{"anthrome":61}},{"type":"Polygon","arcs":[[13489,13490,-13282,13491,13492,13493,13494,13495,13496,-13485,13497,13498,-13384,-13352,13499,-13406]],"properties":{"anthrome":61}},{"type":"Polygon","arcs":[[13500,-13275,13501,-13315,13502,-13317,13503,-13365,13504,-13372,13505,-13424,13506,13507,13508,13509,13510,13511,13512,13513,13514,-13335,-13236]],"properties":{"anthrome":51}},{"type":"Polygon","arcs":[[13515,13516,13517,13518]],"properties":{"anthrome":53}},{"type":"Polygon","arcs":[[13519,13520,-13488,13521,-13388,13522,-13322]],"properties":{"anthrome":53}},{"type":"Polygon","arcs":[[13523]],"properties":{"anthrome":33}},{"type":"Polygon","arcs":[[13524,13525]],"properties":{"anthrome":52}},{"type":"Polygon","arcs":[[13526]],"properties":{"anthrome":61}},{"type":"Polygon","arcs":[[13527]],"properties":{"anthrome":62}},{"type":"Polygon","arcs":[[13528,13529,13530]],"properties":{"anthrome":53}},{"type":"Polygon","arcs":[[13531]],"properties":{"anthrome":42}},{"type":"Polygon","arcs":[[13532,13533,13534]],"properties":{"anthrome":52}},{"type":"Polygon","arcs":[[13535,13536,-13533]],"properties":{"anthrome":62}},{"type":"Polygon","arcs":[[-13514,13537]],"properties":{"anthrome":52}},{"type":"Polygon","arcs":[[13538,13539,13540,-13512]],"properties":{"anthrome":52}},{"type":"Polygon","arcs":[[13541,13542,13543,-13540]],"properties":{"anthrome":32}},{"type":"Polygon","arcs":[[13544,-13510,13545,-13543]],"properties":{"anthrome":52}},{"type":"Polygon","arcs":[[13546,13547]],"properties":{"anthrome":61}},{"type":"Polygon","arcs":[[13548]],"properties":{"anthrome":51}},{"type":"Polygon","arcs":[[13549,13550]],"properties":{"anthrome":61}},{"type":"Polygon","arcs":[[13551,13552]],"properties":{"anthrome":61}},{"type":"Polygon","arcs":[[-13408,-13386,13553,13554,-13487,13555,-13496,13556,13557,13558,13559,-13482,-13434,13560]],"properties":{"anthrome":54}},{"type":"Polygon","arcs":[[13561]],"properties":{"anthrome":53}},{"type":"Polygon","arcs":[[13562,13563,13564]],"properties":{"anthrome":41}},{"type":"Polygon","arcs":[[13565,13566,13567]],"properties":{"anthrome":42}},{"type":"Polygon","arcs":[[13568,13569]],"properties":{"anthrome":32}},{"type":"Polygon","arcs":[[-13525,13570,13571]],"properties":{"anthrome":53}},{"type":"Polygon","arcs":[[13572,13573,-13571]],"properties":{"anthrome":52}},{"type":"Polygon","arcs":[[13574]],"properties":{"anthrome":61}},{"type":"Polygon","arcs":[[13575]],"properties":{"anthrome":61}},{"type":"Polygon","arcs":[[13576]],"properties":{"anthrome":61}},{"type":"Polygon","arcs":[[13577]],"properties":{"anthrome":53}},{"type":"Polygon","arcs":[[-13517,13578,13579,13580]],"properties":{"anthrome":43}},{"type":"Polygon","arcs":[[13581]],"properties":{"anthrome":53}},{"type":"Polygon","arcs":[[13582,13583,13584]],"properties":{"anthrome":53}},{"type":"Polygon","arcs":[[13585,13586]],"properties":{"anthrome":33}},{"type":"Polygon","arcs":[[-13559,13587]],"properties":{"anthrome":53}},{"type":"Polygon","arcs":[[13588,-13557]],"properties":{"anthrome":62}},{"type":"Polygon","arcs":[[13589,13590,13591]],"properties":{"anthrome":61}},{"type":"Polygon","arcs":[[-13569,13592]],"properties":{"anthrome":61}},{"type":"Polygon","arcs":[[13593,13594,13595,-13246,13596],[-13117]],"properties":{"anthrome":61}},{"type":"Polygon","arcs":[[-13574,13597,13598]],"properties":{"anthrome":53}},{"type":"Polygon","arcs":[[-13598,13599]],"properties":{"anthrome":52}},{"type":"Polygon","arcs":[[13600]],"properties":{"anthrome":61}},{"type":"Polygon","arcs":[[13601]],"properties":{"anthrome":61}},{"type":"Polygon","arcs":[[13602,13603]],"properties":{"anthrome":42}},{"type":"Polygon","arcs":[[13604,13605]],"properties":{"anthrome":62}},{"type":"Polygon","arcs":[[13606,13607]],"properties":{"anthrome":54}},{"type":"Polygon","arcs":[[13608,13609,13610,13611]],"properties":{"anthrome":53}},{"type":"Polygon","arcs":[[13612,13613,-13605,-13591,13614,13615]],"properties":{"anthrome":54}},{"type":"Polygon","arcs":[[-13247,13616,13617,13618],[-13258],[-13359,-13360],[-13459]],"properties":{"anthrome":61}},{"type":"Polygon","arcs":[[13619]],"properties":{"anthrome":53}},{"type":"Polygon","arcs":[[13620]],"properties":{"anthrome":52}},{"type":"Polygon","arcs":[[13621]],"properties":{"anthrome":61}},{"type":"Polygon","arcs":[[13622]],"properties":{"anthrome":61}},{"type":"Polygon","arcs":[[13623,13624]],"properties":{"anthrome":62}},{"type":"Polygon","arcs":[[13625]],"properties":{"anthrome":53}},{"type":"Polygon","arcs":[[13626]],"properties":{"anthrome":52}},{"type":"Polygon","arcs":[[13627,13628]],"properties":{"anthrome":53}},{"type":"Polygon","arcs":[[13629]],"properties":{"anthrome":33}},{"type":"Polygon","arcs":[[13630,-13051,13631,-13226,13632,-13169,13633,-13138,13634,-13087,-13205,13635,-13321,13636,-13552,13637,-13607,13638,13639,13640,13641,-13613,-13616,13642,-13550,13643,-13438,13644,-13493,13645,-13280,13646,-13402,-13401,-13400],[13647,-13203,13648,-13137],[13649,-13356,13650,-13309],[-13284],[-13440]],"properties":{"anthrome":52}},{"type":"Polygon","arcs":[[13651,-13456,-13612,13652,13653,13654,13655]],"properties":{"anthrome":54}},{"type":"Polygon","arcs":[[13656,13657,13658]],"properties":{"anthrome":53}},{"type":"Polygon","arcs":[[13659,13660,13661,13662,13663,-13611,13664]],"properties":{"anthrome":54}},{"type":"Polygon","arcs":[[13665]],"properties":{"anthrome":61}},{"type":"Polygon","arcs":[[13666]],"properties":{"anthrome":53}},{"type":"Polygon","arcs":[[13667]],"properties":{"anthrome":53}},{"type":"Polygon","arcs":[[13668,-13641]],"properties":{"anthrome":54}},{"type":"Polygon","arcs":[[13669]],"properties":{"anthrome":54}},{"type":"Polygon","arcs":[[13670],[13671]],"properties":{"anthrome":53}},{"type":"Polygon","arcs":[[13672,13673]],"properties":{"anthrome":54}},{"type":"Polygon","arcs":[[13674]],"properties":{"anthrome":53}},{"type":"Polygon","arcs":[[-13471,13675,-13587,13676,13677,-13584,13678,-13548,13679,-13629,13680,-13508,13681,-13470,13682,-13427,13683],[-13549]],"properties":{"anthrome":52}},{"type":"Polygon","arcs":[[13684]],"properties":{"anthrome":53}},{"type":"Polygon","arcs":[[13685]],"properties":{"anthrome":61}},{"type":"Polygon","arcs":[[13686,13687,13688]],"properties":{"anthrome":61}},{"type":"Polygon","arcs":[[13689,13690,-13687]],"properties":{"anthrome":62}},{"type":"Polygon","arcs":[[13691]],"properties":{"anthrome":62}},{"type":"Polygon","arcs":[[13692]],"properties":{"anthrome":53}},{"type":"Polygon","arcs":[[-13664,13693,13694,13695,-13653]],"properties":{"anthrome":53}},{"type":"Polygon","arcs":[[13696,13697,13698]],"properties":{"anthrome":53}},{"type":"Polygon","arcs":[[13699]],"properties":{"anthrome":52}},{"type":"Polygon","arcs":[[13700,13701]],"properties":{"anthrome":54}},{"type":"Polygon","arcs":[[13702,13703]],"properties":{"anthrome":61}},{"type":"Polygon","arcs":[[13704]],"properties":{"anthrome":61}},{"type":"Polygon","arcs":[[13705]],"properties":{"anthrome":61}},{"type":"Polygon","arcs":[[13706]],"properties":{"anthrome":54}},{"type":"Polygon","arcs":[[13707]],"properties":{"anthrome":53}},{"type":"Polygon","arcs":[[13708,13709,13710,13711]],"properties":{"anthrome":52}},{"type":"Polygon","arcs":[[13712,13713]],"properties":{"anthrome":61}},{"type":"Polygon","arcs":[[13714,13715]],"properties":{"anthrome":54}},{"type":"Polygon","arcs":[[13716]],"properties":{"anthrome":63}},{"type":"Polygon","arcs":[[13717]],"properties":{"anthrome":52}},{"type":"Polygon","arcs":[[13718]],"properties":{"anthrome":61}},{"type":"Polygon","arcs":[[13719,13720]],"properties":{"anthrome":32}},{"type":"Polygon","arcs":[[13721,-13720]],"properties":{"anthrome":41}},{"type":"Polygon","arcs":[[13722]],"properties":{"anthrome":53}},{"type":"Polygon","arcs":[[13723]],"properties":{"anthrome":53}},{"type":"Polygon","arcs":[[13724]],"properties":{"anthrome":53}},{"type":"Polygon","arcs":[[13725]],"properties":{"anthrome":52}},{"type":"Polygon","arcs":[[13726,13727,13728,13729]],"properties":{"anthrome":43}},{"type":"Polygon","arcs":[[13730,13731,13732,13733]],"properties":{"anthrome":61}},{"type":"Polygon","arcs":[[13734,13735]],"properties":{"anthrome":43}},{"type":"Polygon","arcs":[[13736]],"properties":{"anthrome":61}},{"type":"Polygon","arcs":[[13737,13738,13739,13740,-13730,13741,13742,13743,13744,13745]],"properties":{"anthrome":54}},{"type":"Polygon","arcs":[[13746,13747,13748,13749]],"properties":{"anthrome":61}},{"type":"Polygon","arcs":[[13750,13751,13752,13753]],"properties":{"anthrome":53}},{"type":"Polygon","arcs":[[13754]],"properties":{"anthrome":53}},{"type":"Polygon","arcs":[[13755,13756]],"properties":{"anthrome":54}},{"type":"Polygon","arcs":[[13757]],"properties":{"anthrome":61}},{"type":"Polygon","arcs":[[13758]],"properties":{"anthrome":61}},{"type":"Polygon","arcs":[[13759]],"properties":{"anthrome":62}},{"type":"Polygon","arcs":[[13760,13761]],"properties":{"anthrome":54}},{"type":"Polygon","arcs":[[13762]],"properties":{"anthrome":53}},{"type":"Polygon","arcs":[[13763]],"properties":{"anthrome":53}},{"type":"Polygon","arcs":[[13764,13765,13766]],"properties":{"anthrome":43}},{"type":"Polygon","arcs":[[-13735,13767,13768,-13766]],"properties":{"anthrome":41}},{"type":"Polygon","arcs":[[13769,13770,13771,-13768]],"properties":{"anthrome":32}},{"type":"Polygon","arcs":[[13772,13773,-13771]],"properties":{"anthrome":61}},{"type":"Polygon","arcs":[[13774,13775]],"properties":{"anthrome":53}},{"type":"Polygon","arcs":[[13776]],"properties":{"anthrome":54}},{"type":"Polygon","arcs":[[13777]],"properties":{"anthrome":62}},{"type":"Polygon","arcs":[[13778,13779,13780,13781,13782],[-13725]],"properties":{"anthrome":52}},{"type":"Polygon","arcs":[[13783,13784]],"properties":{"anthrome":54}},{"type":"Polygon","arcs":[[13785,13786,13787]],"properties":{"anthrome":52}},{"type":"Polygon","arcs":[[13788,13789]],"properties":{"anthrome":52}},{"type":"Polygon","arcs":[[-13733,13790,13791,13792]],"properties":{"anthrome":62}},{"type":"Polygon","arcs":[[-13749,13793,13794,13795]],"properties":{"anthrome":54}},{"type":"Polygon","arcs":[[13796]],"properties":{"anthrome":53}},{"type":"Polygon","arcs":[[13797,13798,13799]],"properties":{"anthrome":54}},{"type":"Polygon","arcs":[[-13753,13800,13801,13802]],"properties":{"anthrome":52}},{"type":"Polygon","arcs":[[13803,13804]],"properties":{"anthrome":53}},{"type":"Polygon","arcs":[[-13772,13805,13806]],"properties":{"anthrome":61}},{"type":"Polygon","arcs":[[-13774,13807,-13806]],"properties":{"anthrome":53}},{"type":"Polygon","arcs":[[13808,13809]],"properties":{"anthrome":61}},{"type":"Polygon","arcs":[[13810,13811,13812,13813]],"properties":{"anthrome":61}},{"type":"Polygon","arcs":[[13814,13815,13816]],"properties":{"anthrome":54}},{"type":"Polygon","arcs":[[13817,13818]],"properties":{"anthrome":61}},{"type":"Polygon","arcs":[[13819,13820,13821,13822]],"properties":{"anthrome":61}},{"type":"Polygon","arcs":[[13823,13824]],"properties":{"anthrome":53}},{"type":"Polygon","arcs":[[13825]],"properties":{"anthrome":54}},{"type":"Polygon","arcs":[[13826,13827,-13820]],"properties":{"anthrome":53}},{"type":"Polygon","arcs":[[13828,13829,13830,-13827]],"properties":{"anthrome":61}},{"type":"Polygon","arcs":[[13831,13832,13833,13834,13835,13836]],"properties":{"anthrome":42}},{"type":"Polygon","arcs":[[13837]],"properties":{"anthrome":54}},{"type":"Polygon","arcs":[[13838,13839]],"properties":{"anthrome":61}},{"type":"Polygon","arcs":[[13840,13841,13842],[-13778]],"properties":{"anthrome":54}},{"type":"Polygon","arcs":[[-13744,13843,13844,13845,13846,13847,-13798,13848]],"properties":{"anthrome":43}},{"type":"Polygon","arcs":[[13849,13850,13851]],"properties":{"anthrome":61}},{"type":"Polygon","arcs":[[13852,13853,13854,13855,13856]],"properties":{"anthrome":61}},{"type":"Polygon","arcs":[[13857]],"properties":{"anthrome":54}},{"type":"Polygon","arcs":[[13858]],"properties":{"anthrome":53}},{"type":"Polygon","arcs":[[-12290,-12251,13859,-12689,13860,-12526,13861,-12532,13862,-12588,-13028,-13027,-13026,13863,13864,-13128,-13127,13865,13866,-13022,13867,-13017,13868,-13193,13869,-13129,13870,13871,13872,13873,13874,13875,13876,13877,13878,13879,-13660,13880,-13609,-13458,13881,-13656,-13655,13882,-13695,13883,-13662,13884,13885,13886,13887,13888,13889,-13761,13890,13891,13892,13893,13894,-13462,13895,13896,13897,-12988,-12987,13898,-12240,13899,-12255,13900,-12089,13901,-12252],[-12323],[-12822],[-13029],[-13045],[-13046],[-13123],[-13124],[-13251],[-13313],[-13416],[-13463],[-13620],[-13838]],"properties":{"anthrome":52}},{"type":"Polygon","arcs":[[13902,-13853]],"properties":{"anthrome":53}},{"type":"Polygon","arcs":[[13903,13904]],"properties":{"anthrome":61}},{"type":"Polygon","arcs":[[13905,13906,13907,-13887]],"properties":{"anthrome":53}},{"type":"Polygon","arcs":[[13908]],"properties":{"anthrome":53}},{"type":"Polygon","arcs":[[13909]],"properties":{"anthrome":54}},{"type":"Polygon","arcs":[[13910,-13795,13911,13912,13913,-13851,13914,13915]],"properties":{"anthrome":52}},{"type":"Polygon","arcs":[[13916,13917]],"properties":{"anthrome":54}},{"type":"Polygon","arcs":[[13918]],"properties":{"anthrome":53}},{"type":"Polygon","arcs":[[-13300,13919,13920,-13567,13921,13922,13923,13924,13925,13926,13927,13928,-13603,13929,-13452,13930,-13342,-13296],[-13626],[-13693]],"properties":{"anthrome":52}},{"type":"Polygon","arcs":[[-13914,13931]],"properties":{"anthrome":61}},{"type":"Polygon","arcs":[[13932]],"properties":{"anthrome":54}},{"type":"Polygon","arcs":[[13933,13934,13935]],"properties":{"anthrome":52}},{"type":"Polygon","arcs":[[13936]],"properties":{"anthrome":54}},{"type":"Polygon","arcs":[[13937,-13855,13938,13939,13940]],"properties":{"anthrome":54}},{"type":"Polygon","arcs":[[13941,13942,13943,-13812]],"properties":{"anthrome":54}},{"type":"Polygon","arcs":[[13944,13945]],"properties":{"anthrome":53}},{"type":"Polygon","arcs":[[-13925,13946,13947,13948]],"properties":{"anthrome":61}},{"type":"Polygon","arcs":[[13949,13950]],"properties":{"anthrome":62}},{"type":"Polygon","arcs":[[-13913,13951,13952,13953]],"properties":{"anthrome":61}},{"type":"Polygon","arcs":[[13954]],"properties":{"anthrome":53}},{"type":"Polygon","arcs":[[13955]],"properties":{"anthrome":53}},{"type":"Polygon","arcs":[[13956]],"properties":{"anthrome":52}},{"type":"Polygon","arcs":[[13957]],"properties":{"anthrome":54}},{"type":"Polygon","arcs":[[13958]],"properties":{"anthrome":54}},{"type":"Polygon","arcs":[[13959]],"properties":{"anthrome":54}},{"type":"Polygon","arcs":[[13960,-13903]],"properties":{"anthrome":61}},{"type":"Polygon","arcs":[[13961,13962,13963,13964]],"properties":{"anthrome":53}},{"type":"Polygon","arcs":[[13965]],"properties":{"anthrome":54}},{"type":"Polygon","arcs":[[13966,13967]],"properties":{"anthrome":54}},{"type":"Polygon","arcs":[[13968]],"properties":{"anthrome":61}},{"type":"Polygon","arcs":[[13969]],"properties":{"anthrome":42}},{"type":"Polygon","arcs":[[13970]],"properties":{"anthrome":53}},{"type":"Polygon","arcs":[[13971]],"properties":{"anthrome":53}},{"type":"Polygon","arcs":[[13972]],"properties":{"anthrome":54}},{"type":"Polygon","arcs":[[13973]],"properties":{"anthrome":54}},{"type":"Polygon","arcs":[[-13006,13974,-13896,-13461,-13895,13975,-13746,13976,13977,-13847,13978,13979,13980,13981,-13923,13982,13983,-13920,-13358,-13073,13984],[-13157],[-13707]],"properties":{"anthrome":53}},{"type":"Polygon","arcs":[[13985]],"properties":{"anthrome":52}},{"type":"Polygon","arcs":[[13986,13987]],"properties":{"anthrome":54}},{"type":"Polygon","arcs":[[13988,13989]],"properties":{"anthrome":54}},{"type":"Polygon","arcs":[[13990,13991]],"properties":{"anthrome":52}},{"type":"Polygon","arcs":[[13992,13993]],"properties":{"anthrome":62}},{"type":"Polygon","arcs":[[13994,13995,13996,13997]],"properties":{"anthrome":61}},{"type":"Polygon","arcs":[[13998]],"properties":{"anthrome":62}},{"type":"Polygon","arcs":[[13999,14000]],"properties":{"anthrome":54}},{"type":"Polygon","arcs":[[14001]],"properties":{"anthrome":54}},{"type":"Polygon","arcs":[[14002]],"properties":{"anthrome":43}},{"type":"Polygon","arcs":[[14003,14004]],"properties":{"anthrome":53}},{"type":"Polygon","arcs":[[14005,14006,14007]],"properties":{"anthrome":54}},{"type":"Polygon","arcs":[[14008,14009,14010]],"properties":{"anthrome":43}},{"type":"Polygon","arcs":[[14011]],"properties":{"anthrome":54}},{"type":"Polygon","arcs":[[14012,14013,14014]],"properties":{"anthrome":61}},{"type":"Polygon","arcs":[[14015,14016,14017,-14013]],"properties":{"anthrome":53}},{"type":"Polygon","arcs":[[14018]],"properties":{"anthrome":53}},{"type":"Polygon","arcs":[[14019,14020]],"properties":{"anthrome":33}},{"type":"Polygon","arcs":[[-13443,14021,-13454,14022,-13928,-13927,14023,-13948,14024,14025,14026,-14009,14027,14028,14029,14030,14031,14032,-13834,14033,-13790,14034,-13832,14035,-13564,14036],[-13726],[-13970]],"properties":{"anthrome":54}},{"type":"Polygon","arcs":[[14037,14038,14039]],"properties":{"anthrome":53}},{"type":"Polygon","arcs":[[14040]],"properties":{"anthrome":54}},{"type":"Polygon","arcs":[[14041,14042,-14039]],"properties":{"anthrome":52}},{"type":"Polygon","arcs":[[14043,14044,14045,14046]],"properties":{"anthrome":42}},{"type":"Polygon","arcs":[[14047,14048,-14045]],"properties":{"anthrome":43}},{"type":"Polygon","arcs":[[14049,-13892,14050,-13889,14051,14052,14053,14054,14055,-13728,14056,-13740]],"properties":{"anthrome":53}},{"type":"Polygon","arcs":[[14057,14058]],"properties":{"anthrome":53}},{"type":"Polygon","arcs":[[14059,14060]],"properties":{"anthrome":61}},{"type":"Polygon","arcs":[[14061,14062]],"properties":{"anthrome":61}},{"type":"Polygon","arcs":[[14063,14064]],"properties":{"anthrome":62}},{"type":"Polygon","arcs":[[14065]],"properties":{"anthrome":54}},{"type":"Polygon","arcs":[[14066,14067,14068,14069]],"properties":{"anthrome":62}},{"type":"Polygon","arcs":[[14070,14071,-14068]],"properties":{"anthrome":54}},{"type":"Polygon","arcs":[[14072,14073,14074]],"properties":{"anthrome":53}},{"type":"Polygon","arcs":[[14075,14076,14077]],"properties":{"anthrome":54}},{"type":"Polygon","arcs":[[14078,14079]],"properties":{"anthrome":62}},{"type":"Polygon","arcs":[[14080,14081,14082,14083]],"properties":{"anthrome":53}},{"type":"Polygon","arcs":[[14084]],"properties":{"anthrome":62}},{"type":"Polygon","arcs":[[14085,14086]],"properties":{"anthrome":61}},{"type":"Polygon","arcs":[[-14076,-14078,14087,14088],[-14012]],"properties":{"anthrome":52}},{"type":"Polygon","arcs":[[14089,14090]],"properties":{"anthrome":54}},{"type":"Polygon","arcs":[[-14062,14091]],"properties":{"anthrome":70}},{"type":"Polygon","arcs":[[-14069,14092,14093,14094]],"properties":{"anthrome":54}},{"type":"Polygon","arcs":[[14095,14096]],"properties":{"anthrome":62}},{"type":"Polygon","arcs":[[14097]],"properties":{"anthrome":54}},{"type":"Polygon","arcs":[[14098,14099,-14088]],"properties":{"anthrome":54}},{"type":"Polygon","arcs":[[14100,14101,-14099,-14077]],"properties":{"anthrome":52}},{"type":"Polygon","arcs":[[14102,14103]],"properties":{"anthrome":62}},{"type":"Polygon","arcs":[[14104,14105]],"properties":{"anthrome":62}},{"type":"Polygon","arcs":[[14106]],"properties":{"anthrome":61}},{"type":"Polygon","arcs":[[-14043,14107,14108]],"properties":{"anthrome":53}},{"type":"Polygon","arcs":[[-13836,14109,-14032,14110,-14046,14111,14112,14113,14114,14115,14116]],"properties":{"anthrome":43}},{"type":"Polygon","arcs":[[-14072,-14097,14117,14118,14119]],"properties":{"anthrome":61}},{"type":"Polygon","arcs":[[14120,14121,14122,14123,14124,14125]],"properties":{"anthrome":62}},{"type":"Polygon","arcs":[[14126,-14029,14127,-14010,14128,14129,14130,14131,-14112,-14049]],"properties":{"anthrome":42}},{"type":"Polygon","arcs":[[14132]],"properties":{"anthrome":61}},{"type":"Polygon","arcs":[[14133,14134]],"properties":{"anthrome":42}},{"type":"Polygon","arcs":[[14135,14136,-14134]],"properties":{"anthrome":54}},{"type":"Polygon","arcs":[[-14094,14137,14138,14139]],"properties":{"anthrome":53}},{"type":"Polygon","arcs":[[14140,14141,-14123]],"properties":{"anthrome":61}},{"type":"Polygon","arcs":[[14142,14143]],"properties":{"anthrome":62}},{"type":"Polygon","arcs":[[14144,-14131]],"properties":{"anthrome":43}},{"type":"Polygon","arcs":[[14145,14146,14147,14148]],"properties":{"anthrome":53}},{"type":"Polygon","arcs":[[14149,14150,14151,-14147]],"properties":{"anthrome":52}},{"type":"Polygon","arcs":[[14152,14153,14154,-14151]],"properties":{"anthrome":53}},{"type":"Polygon","arcs":[[14155,-14154]],"properties":{"anthrome":54}},{"type":"Polygon","arcs":[[14156,14157]],"properties":{"anthrome":61}},{"type":"Polygon","arcs":[[14158]],"properties":{"anthrome":54}},{"type":"Polygon","arcs":[[14159]],"properties":{"anthrome":54}},{"type":"Polygon","arcs":[[-13953,14160,14161,-13998,14162,14163,14164,14165,14166,14167,-14136,14168,14169,-14004,14170]],"properties":{"anthrome":52}},{"type":"Polygon","arcs":[[14171,14172,14173,-14129,-14027,14174,-13980]],"properties":{"anthrome":43}},{"type":"Polygon","arcs":[[14175]],"properties":{"anthrome":42}},{"type":"Polygon","arcs":[[14176]],"properties":{"anthrome":54}},{"type":"Polygon","arcs":[[-14060,14177,-14108]],"properties":{"anthrome":52}},{"type":"Polygon","arcs":[[14178,14179,14180,14181]],"properties":{"anthrome":53}},{"type":"Polygon","arcs":[[14182,14183]],"properties":{"anthrome":61}},{"type":"Polygon","arcs":[[14184]],"properties":{"anthrome":61}},{"type":"Polygon","arcs":[[14185,14186]],"properties":{"anthrome":54}},{"type":"Polygon","arcs":[[14187,14188]],"properties":{"anthrome":54}},{"type":"Polygon","arcs":[[14189]],"properties":{"anthrome":54}},{"type":"Polygon","arcs":[[14190]],"properties":{"anthrome":53}},{"type":"Polygon","arcs":[[14191,14192,14193,14194,14195]],"properties":{"anthrome":42}},{"type":"Polygon","arcs":[[14196,-14086,14197]],"properties":{"anthrome":52}},{"type":"Polygon","arcs":[[14198]],"properties":{"anthrome":61}},{"type":"Polygon","arcs":[[-14166,14199,14200,14201]],"properties":{"anthrome":54}},{"type":"Polygon","arcs":[[14202]],"properties":{"anthrome":53}},{"type":"Polygon","arcs":[[14203,14204,14205,14206]],"properties":{"anthrome":62}},{"type":"Polygon","arcs":[[14207,14208,-14205]],"properties":{"anthrome":53}},{"type":"Polygon","arcs":[[14209]],"properties":{"anthrome":54}},{"type":"Polygon","arcs":[[14210]],"properties":{"anthrome":52}},{"type":"Polygon","arcs":[[14211]],"properties":{"anthrome":53}},{"type":"Polygon","arcs":[[14212]],"properties":{"anthrome":54}},{"type":"Polygon","arcs":[[14213,14214]],"properties":{"anthrome":61}},{"type":"Polygon","arcs":[[14215,14216]],"properties":{"anthrome":54}},{"type":"Polygon","arcs":[[14217,-14214,14218,14219,14220,14221]],"properties":{"anthrome":53}},{"type":"Polygon","arcs":[[-14195,14222,14223,14224,14225]],"properties":{"anthrome":43}},{"type":"Polygon","arcs":[[14226]],"properties":{"anthrome":54}},{"type":"Polygon","arcs":[[-14220,14227,14228]],"properties":{"anthrome":62}},{"type":"Polygon","arcs":[[14229]],"properties":{"anthrome":54}},{"type":"Polygon","arcs":[[14230,14231,14232,-14224]],"properties":{"anthrome":52}},{"type":"Polygon","arcs":[[14233]],"properties":{"anthrome":53}},{"type":"Polygon","arcs":[[14234]],"properties":{"anthrome":62}},{"type":"Polygon","arcs":[[14235,14236]],"properties":{"anthrome":53}},{"type":"Polygon","arcs":[[14237]],"properties":{"anthrome":54}},{"type":"Polygon","arcs":[[14238]],"properties":{"anthrome":53}},{"type":"Polygon","arcs":[[14239]],"properties":{"anthrome":61}},{"type":"Polygon","arcs":[[14240,14241,14242,14243]],"properties":{"anthrome":53}},{"type":"Polygon","arcs":[[14244]],"properties":{"anthrome":54}},{"type":"Polygon","arcs":[[14245,14246]],"properties":{"anthrome":54}},{"type":"Polygon","arcs":[[14247,14248]],"properties":{"anthrome":62}},{"type":"Polygon","arcs":[[14249]],"properties":{"anthrome":53}},{"type":"Polygon","arcs":[[14250]],"properties":{"anthrome":52}},{"type":"Polygon","arcs":[[14251,14252,14253]],"properties":{"anthrome":52}},{"type":"Polygon","arcs":[[14254]],"properties":{"anthrome":54}},{"type":"Polygon","arcs":[[14255]],"properties":{"anthrome":62}},{"type":"Polygon","arcs":[[14256,14257,14258]],"properties":{"anthrome":61}},{"type":"Polygon","arcs":[[14259,14260,14261,-14258]],"properties":{"anthrome":52}},{"type":"Polygon","arcs":[[-14201,14262,14263,14264,14265,14266,14267,-14232]],"properties":{"anthrome":42}},{"type":"Polygon","arcs":[[14268]],"properties":{"anthrome":54}},{"type":"Polygon","arcs":[[14269,14270,14271]],"properties":{"anthrome":54}},{"type":"Polygon","arcs":[[14272]],"properties":{"anthrome":54}},{"type":"Polygon","arcs":[[14273]],"properties":{"anthrome":52}},{"type":"Polygon","arcs":[[14274,14275]],"properties":{"anthrome":62}},{"type":"Polygon","arcs":[[14276,14277]],"properties":{"anthrome":61}},{"type":"Polygon","arcs":[[14278]],"properties":{"anthrome":52}},{"type":"Polygon","arcs":[[14279]],"properties":{"anthrome":54}},{"type":"Polygon","arcs":[[14280]],"properties":{"anthrome":61}},{"type":"Polygon","arcs":[[-14264,14281,14282,14283]],"properties":{"anthrome":52}},{"type":"Polygon","arcs":[[14284]],"properties":{"anthrome":54}},{"type":"Polygon","arcs":[[14285]],"properties":{"anthrome":54}},{"type":"Polygon","arcs":[[14286]],"properties":{"anthrome":54}},{"type":"Polygon","arcs":[[14287,14288,14289,14290]],"properties":{"anthrome":53}},{"type":"Polygon","arcs":[[14291,14292,14293,14294]],"properties":{"anthrome":62}},{"type":"Polygon","arcs":[[14295,14296,14297]],"properties":{"anthrome":54}},{"type":"Polygon","arcs":[[14298]],"properties":{"anthrome":52}},{"type":"Polygon","arcs":[[14299]],"properties":{"anthrome":62}},{"type":"Polygon","arcs":[[14300]],"properties":{"anthrome":54}},{"type":"Polygon","arcs":[[14301,14302]],"properties":{"anthrome":42}},{"type":"Polygon","arcs":[[14303,14304]],"properties":{"anthrome":52}},{"type":"Polygon","arcs":[[14305,14306]],"properties":{"anthrome":53}},{"type":"Polygon","arcs":[[-14289,14307,-14306]],"properties":{"anthrome":54}},{"type":"Polygon","arcs":[[14308]],"properties":{"anthrome":53}},{"type":"Polygon","arcs":[[14309]],"properties":{"anthrome":54}},{"type":"Polygon","arcs":[[14310,14311]],"properties":{"anthrome":62}},{"type":"Polygon","arcs":[[14312]],"properties":{"anthrome":54}},{"type":"Polygon","arcs":[[14313]],"properties":{"anthrome":54}},{"type":"Polygon","arcs":[[14314,-14278,14315,14316]],"properties":{"anthrome":53}},{"type":"Polygon","arcs":[[14317,14318,14319,14320,14321,14322]],"properties":{"anthrome":52}},{"type":"Polygon","arcs":[[14323,14324,14325]],"properties":{"anthrome":53}},{"type":"Polygon","arcs":[[14326,14327]],"properties":{"anthrome":32}},{"type":"Polygon","arcs":[[14328,-14327]],"properties":{"anthrome":62}},{"type":"Polygon","arcs":[[-14283,14329,14330,14331]],"properties":{"anthrome":54}},{"type":"Polygon","arcs":[[14332]],"properties":{"anthrome":53}},{"type":"Polygon","arcs":[[14333,14334,14335]],"properties":{"anthrome":43}},{"type":"Polygon","arcs":[[14336,14337,-14322]],"properties":{"anthrome":53}},{"type":"Polygon","arcs":[[14338]],"properties":{"anthrome":62}},{"type":"Polygon","arcs":[[14339]],"properties":{"anthrome":54}},{"type":"Polygon","arcs":[[14340,14341]],"properties":{"anthrome":62}},{"type":"Polygon","arcs":[[14342,14343,-14324]],"properties":{"anthrome":52}},{"type":"Polygon","arcs":[[14344]],"properties":{"anthrome":62}},{"type":"Polygon","arcs":[[-14308,14345]],"properties":{"anthrome":53}},{"type":"Polygon","arcs":[[14346]],"properties":{"anthrome":62}},{"type":"Polygon","arcs":[[14347]],"properties":{"anthrome":54}},{"type":"Polygon","arcs":[[14348,14349,14350,14351]],"properties":{"anthrome":52}},{"type":"Polygon","arcs":[[14352,14353,14354]],"properties":{"anthrome":53}},{"type":"Polygon","arcs":[[14355]],"properties":{"anthrome":54}},{"type":"Polygon","arcs":[[14356,14357,14358,14359]],"properties":{"anthrome":54}},{"type":"Polygon","arcs":[[14360,14361,14362,14363,-14358,14364,14365]],"properties":{"anthrome":52}},{"type":"Polygon","arcs":[[14366,14367]],"properties":{"anthrome":62}},{"type":"Polygon","arcs":[[-14341,14368]],"properties":{"anthrome":53}},{"type":"Polygon","arcs":[[14369,14370]],"properties":{"anthrome":53}},{"type":"Polygon","arcs":[[-14116,14371,14372,14373,14374]],"properties":{"anthrome":62}},{"type":"Polygon","arcs":[[14375,14376]],"properties":{"anthrome":52}},{"type":"Polygon","arcs":[[-14374,14377]],"properties":{"anthrome":54}},{"type":"Polygon","arcs":[[14378,-14376,14379]],"properties":{"anthrome":53}},{"type":"Polygon","arcs":[[14380,14381,-14335,14382,14383,14384]],"properties":{"anthrome":42}},{"type":"Polygon","arcs":[[14385,-14266,14386,-14303,14387,14388,-14385,14389,14390]],"properties":{"anthrome":43}},{"type":"Polygon","arcs":[[14391,14392,-14294,14393,-14355,14394,14395,14396,14397,14398,-14350,14399,14400,14401,14402]],"properties":{"anthrome":61}},{"type":"Polygon","arcs":[[14403,14404,14405]],"properties":{"anthrome":54}},{"type":"Polygon","arcs":[[14406,-14398,14407]],"properties":{"anthrome":53}},{"type":"Polygon","arcs":[[14408,14409]],"properties":{"anthrome":62}},{"type":"Polygon","arcs":[[14410,14411]],"properties":{"anthrome":54}},{"type":"Polygon","arcs":[[14412,14413]],"properties":{"anthrome":62}},{"type":"Polygon","arcs":[[14414,14415]],"properties":{"anthrome":61}},{"type":"Polygon","arcs":[[14416,14417,14418]],"properties":{"anthrome":62}},{"type":"Polygon","arcs":[[14419,14420]],"properties":{"anthrome":43}},{"type":"Polygon","arcs":[[14421,14422,14423,14424]],"properties":{"anthrome":52}},{"type":"Polygon","arcs":[[14425,-14423]],"properties":{"anthrome":61}},{"type":"Polygon","arcs":[[14426]],"properties":{"anthrome":54}},{"type":"Polygon","arcs":[[14427]],"properties":{"anthrome":54}},{"type":"Polygon","arcs":[[14428,14429,14430,14431,14432]],"properties":{"anthrome":53}},{"type":"Polygon","arcs":[[14433,14434,-14367,14435,14436]],"properties":{"anthrome":54}},{"type":"Polygon","arcs":[[-14397,14437,14438,14439,14440,14441]],"properties":{"anthrome":62}},{"type":"Polygon","arcs":[[14442]],"properties":{"anthrome":54}},{"type":"Polygon","arcs":[[14443,-14433,14444,14445,14446,14447]],"properties":{"anthrome":52}},{"type":"Polygon","arcs":[[-14424,14448,14449]],"properties":{"anthrome":61}},{"type":"Polygon","arcs":[[14450,14451,14452,-14275]],"properties":{"anthrome":54}},{"type":"Polygon","arcs":[[-14418,14453,14454]],"properties":{"anthrome":53}},{"type":"Polygon","arcs":[[14455]],"properties":{"anthrome":62}},{"type":"Polygon","arcs":[[14456]],"properties":{"anthrome":54}},{"type":"Polygon","arcs":[[14457]],"properties":{"anthrome":54}},{"type":"Polygon","arcs":[[14458]],"properties":{"anthrome":62}},{"type":"Polygon","arcs":[[14459]],"properties":{"anthrome":54}},{"type":"Polygon","arcs":[[14460,14461,14462]],"properties":{"anthrome":54}},{"type":"Polygon","arcs":[[14463,14464,14465]],"properties":{"anthrome":54}},{"type":"Polygon","arcs":[[14466,-14465]],"properties":{"anthrome":61}},{"type":"Polygon","arcs":[[14467]],"properties":{"anthrome":62}},{"type":"Polygon","arcs":[[14468,14469]],"properties":{"anthrome":62}},{"type":"Polygon","arcs":[[14470]],"properties":{"anthrome":54}},{"type":"Polygon","arcs":[[14471,14472,14473]],"properties":{"anthrome":54}},{"type":"Polygon","arcs":[[14474,14475]],"properties":{"anthrome":62}},{"type":"Polygon","arcs":[[14476]],"properties":{"anthrome":54}},{"type":"Polygon","arcs":[[-14462,14477,14478,-14472]],"properties":{"anthrome":62}},{"type":"Polygon","arcs":[[14479]],"properties":{"anthrome":62}},{"type":"Polygon","arcs":[[14480]],"properties":{"anthrome":62}},{"type":"Polygon","arcs":[[14481]],"properties":{"anthrome":62}},{"type":"Polygon","arcs":[[14482]],"properties":{"anthrome":62}},{"type":"Polygon","arcs":[[14483,14484]],"properties":{"anthrome":61}},{"type":"Polygon","arcs":[[14485,-14440,14486,14487]],"properties":{"anthrome":53}},{"type":"Polygon","arcs":[[14488,14489]],"properties":{"anthrome":54}},{"type":"Polygon","arcs":[[14490]],"properties":{"anthrome":54}},{"type":"Polygon","arcs":[[-13776,-13810,14491,-13968,14492,-14021,14493,-14157,14494,-14409,14495,14496,14497,-14083,14498,-13962,14499,-13839,14500]],"properties":{"anthrome":52}},{"type":"Polygon","arcs":[[14501]],"properties":{"anthrome":54}},{"type":"Polygon","arcs":[[14502,14503]],"properties":{"anthrome":53}},{"type":"Polygon","arcs":[[14504]],"properties":{"anthrome":53}},{"type":"Polygon","arcs":[[14505]],"properties":{"anthrome":62}},{"type":"Polygon","arcs":[[-14489,14506]],"properties":{"anthrome":53}},{"type":"Polygon","arcs":[[14507]],"properties":{"anthrome":54}},{"type":"Polygon","arcs":[[14508]],"properties":{"anthrome":54}},{"type":"Polygon","arcs":[[-13964,14509,-14081,14510,-14497,14511,-14475,14512,14513,-14252,14514,-14241,14515,-14105,14516,14517,-14017,-13993,14518],[-14019]],"properties":{"anthrome":54}},{"type":"Polygon","arcs":[[14519,-12706,-12705,14520,-12505,14521,-12892,-12891,-12701,-12700,14522,-12305,14523,-12723,-12722,14524,-12509,14525,-12568,14526,-12776,14527,14528,14529,14530,14531,14532,-13689,14533,14534,14535,-13823,14536,14537,-13905,14538,14539,14540,14541,-14096,-14071,-14006,-14008,14542,14543,14544,14545,14546,-14402,14547,-14320,14548,-14272,14549,-14323,14550,14551,14552,-14331,14553,-14304,14554,-14164,14555,-13996,14556,14557,-13787,-13786,14558,-13747,14559,-13916,14560,-13852,-13932,14561,14562,14563,-13780,-13779,14564,-13600,-13573,-13526,14565,14566,14567,-13265,14568,-13189,14569,14570,14571,14572,-12440,14573,-12342,14574,-12312,14575,-12286,-12194,-12229,14576,-12338,14577,-12224],[-12232],[-12558],[-12380],[-12382],[-12383],[-12451],[-12525],[-12498],[-12771,-12858,-12857,-12859],[-12579],[-12580],[-12773,-12772],[-12774],[-12870],[-12818,-12817],[-12819],[-12871],[-12899],[-12900],[-12956],[-13449,-13448,-13450],[-13040],[-13064],[-13041],[-13257],[-13618,-13617,-13596,-13595,-13594,-13597,-13116,-13619],[-13325],[-13114],[-13118],[-13330],[-13447],[-13576],[-13527],[-13575],[-13577],[-13601],[-13602],[-13622],[-13623],[-13666],[-13719],[-13686],[-13705],[14578,-13943,14579,-13814],[-13706],[-13758],[-13940,14580,-13961,-13857,14581,-13941],[-13759],[-13826],[-13969],[-13990,-13989],[-14066]],"properties":{"anthrome":53}},{"type":"Polygon","arcs":[[14582]],"properties":{"anthrome":54}},{"type":"Polygon","arcs":[[14583,14584]],"properties":{"anthrome":62}},{"type":"Polygon","arcs":[[14585]],"properties":{"anthrome":42}},{"type":"Polygon","arcs":[[14586]],"properties":{"anthrome":54}},{"type":"Polygon","arcs":[[14587]],"properties":{"anthrome":53}},{"type":"Polygon","arcs":[[14588]],"properties":{"anthrome":54}},{"type":"Polygon","arcs":[[14589]],"properties":{"anthrome":54}},{"type":"Polygon","arcs":[[14590]],"properties":{"anthrome":54}},{"type":"Polygon","arcs":[[14591,14592,14593,14594,14595]],"properties":{"anthrome":62}},{"type":"Polygon","arcs":[[14596,14597],[-14583]],"properties":{"anthrome":62}},{"type":"Polygon","arcs":[[-14594,14598,14599]],"properties":{"anthrome":63}},{"type":"Polygon","arcs":[[14600]],"properties":{"anthrome":53}},{"type":"Polygon","arcs":[[14601]],"properties":{"anthrome":54}},{"type":"Polygon","arcs":[[14602,14603]],"properties":{"anthrome":42}},{"type":"Polygon","arcs":[[-14484,14604,14605,14606]],"properties":{"anthrome":53}},{"type":"Polygon","arcs":[[14607]],"properties":{"anthrome":54}},{"type":"Polygon","arcs":[[14608,14609]],"properties":{"anthrome":61}},{"type":"Polygon","arcs":[[14610]],"properties":{"anthrome":53}},{"type":"Polygon","arcs":[[14611,14612,14613]],"properties":{"anthrome":63}},{"type":"Polygon","arcs":[[14614,14615]],"properties":{"anthrome":62}},{"type":"Polygon","arcs":[[14616]],"properties":{"anthrome":53}},{"type":"Polygon","arcs":[[14617,14618,14619]],"properties":{"anthrome":63}},{"type":"Polygon","arcs":[[14620]],"properties":{"anthrome":53}},{"type":"Polygon","arcs":[[14621,14622]],"properties":{"anthrome":54}},{"type":"Polygon","arcs":[[14623,14624,14625]],"properties":{"anthrome":62}},{"type":"Polygon","arcs":[[-14622,14626,14627]],"properties":{"anthrome":62}},{"type":"Polygon","arcs":[[14628,14629,-14362,14630,-14296,14631,14632,-14360,-14444,14633,-14406,14634,-14446,-14464,14635,14636,-14463,-14474,14637,14638,14639,14640,-14490,14641,14642,14643,14644],[-13858],[-13933],[-13966],[-14041],[-14098],[-14210],[-14238],[-14269],[-14273],[-14310],[-14356],[-14457],[-14443],[-14460],[-14477],[-14491],[-14587],[-14602]],"properties":{"anthrome":53}},{"type":"Polygon","arcs":[[-14613,14645,14646,14647]],"properties":{"anthrome":62}},{"type":"Polygon","arcs":[[14648]],"properties":{"anthrome":54}},{"type":"Polygon","arcs":[[14649]],"properties":{"anthrome":63}},{"type":"Polygon","arcs":[[14650]],"properties":{"anthrome":54}},{"type":"Polygon","arcs":[[14651,14652,14653]],"properties":{"anthrome":53}},{"type":"Polygon","arcs":[[14654,14655,14656]],"properties":{"anthrome":61}},{"type":"Polygon","arcs":[[14657]],"properties":{"anthrome":62}},{"type":"Polygon","arcs":[[14658,14659,14660,14661,14662,14663]],"properties":{"anthrome":53}},{"type":"Polygon","arcs":[[14664]],"properties":{"anthrome":53}},{"type":"Polygon","arcs":[[14665]],"properties":{"anthrome":53}},{"type":"Polygon","arcs":[[-14660,14666,14667,14668]],"properties":{"anthrome":54}},{"type":"Polygon","arcs":[[14669]],"properties":{"anthrome":62}},{"type":"Polygon","arcs":[[14670,14671,14672,14673,14674]],"properties":{"anthrome":52}},{"type":"Polygon","arcs":[[14675]],"properties":{"anthrome":53}},{"type":"Polygon","arcs":[[-14662,14676,14677,14678]],"properties":{"anthrome":62}},{"type":"Polygon","arcs":[[14679]],"properties":{"anthrome":54}},{"type":"Polygon","arcs":[[14680,14681,14682,14683]],"properties":{"anthrome":53}},{"type":"Polygon","arcs":[[14684,14685,-14682]],"properties":{"anthrome":62}},{"type":"Polygon","arcs":[[14686,14687]],"properties":{"anthrome":62}},{"type":"Polygon","arcs":[[14688]],"properties":{"anthrome":54}},{"type":"Polygon","arcs":[[14689]],"properties":{"anthrome":62}},{"type":"Polygon","arcs":[[14690]],"properties":{"anthrome":63}},{"type":"Polygon","arcs":[[14691]],"properties":{"anthrome":62}},{"type":"Polygon","arcs":[[14692]],"properties":{"anthrome":62}},{"type":"Polygon","arcs":[[14693,14694,14695,14696]],"properties":{"anthrome":53}},{"type":"Polygon","arcs":[[14697,14698,14699]],"properties":{"anthrome":52}},{"type":"Polygon","arcs":[[14700,14701,14702,14703]],"properties":{"anthrome":61}},{"type":"Polygon","arcs":[[-14699,14704,14705]],"properties":{"anthrome":62}},{"type":"Polygon","arcs":[[-14696,14706,14707,14708]],"properties":{"anthrome":62}},{"type":"Polygon","arcs":[[14709]],"properties":{"anthrome":54}},{"type":"Polygon","arcs":[[14710,14711]],"properties":{"anthrome":54}},{"type":"Polygon","arcs":[[14712,14713,-14701,14714,14715,14716,-14655,14717,14718]],"properties":{"anthrome":53}},{"type":"Polygon","arcs":[[14719,-14673,14720,14721,14722,14723,14724]],"properties":{"anthrome":53}},{"type":"Polygon","arcs":[[-14705,14725,14726]],"properties":{"anthrome":61}},{"type":"Polygon","arcs":[[14727]],"properties":{"anthrome":62}},{"type":"Polygon","arcs":[[14728,14729,14730,14731]],"properties":{"anthrome":52}},{"type":"Polygon","arcs":[[14732,-14722]],"properties":{"anthrome":61}},{"type":"Polygon","arcs":[[14733,14734,14735,14736]],"properties":{"anthrome":61}},{"type":"Polygon","arcs":[[14737,14738]],"properties":{"anthrome":62}},{"type":"Polygon","arcs":[[-14731,14739]],"properties":{"anthrome":53}},{"type":"Polygon","arcs":[[14740,14741]],"properties":{"anthrome":62}},{"type":"Polygon","arcs":[[14742,14743,14744,14745]],"properties":{"anthrome":53}},{"type":"Polygon","arcs":[[14746,-14744]],"properties":{"anthrome":54}},{"type":"Polygon","arcs":[[14747,14748]],"properties":{"anthrome":62}},{"type":"Polygon","arcs":[[14749]],"properties":{"anthrome":62}},{"type":"Polygon","arcs":[[14750]],"properties":{"anthrome":62}},{"type":"Polygon","arcs":[[14751,14752]],"properties":{"anthrome":62}},{"type":"Polygon","arcs":[[14753,14754]],"properties":{"anthrome":62}},{"type":"Polygon","arcs":[[14755]],"properties":{"anthrome":53}},{"type":"Polygon","arcs":[[14756,14757]],"properties":{"anthrome":62}},{"type":"Polygon","arcs":[[14758,14759,14760]],"properties":{"anthrome":53}},{"type":"Polygon","arcs":[[14761,14762]],"properties":{"anthrome":53}},{"type":"Polygon","arcs":[[-13702,-13716,14763,-13785,14764,-13841,14765,14766,-13987,14767,-13917,14768,-13756,14769,-13673,14770,-13819,14771,14772,14773,14774,14775,14776,14777,14778,14779,14780,14781,14782,14783,-14434,14784,-14452,14785,-14246,14786,-14186,14787,-14216,14788,-14000,14789],[14790,-13817,-13816,14791,-13713],[-13777],[-13910],[-13958],[-13959],[-13960],[-13973],[-13974],[-14002],[-14177],[-14159],[-14160],[-14189,-14188],[-14245],[-14190],[-14227],[-14213],[-14287],[-14280],[-14255],[-14301],[-14285],[-14286],[-14313],[-14314],[-14348],[-14340],[-14412,-14411],[-14427],[-14428],[-14471],[-14458],[-14508],[-14509],[-14589],[-14590],[-14591],[-14649],[-14651],[-14680],[-14689],[-14710],[-14712,-14711]],"properties":{"anthrome":62}},{"type":"Polygon","arcs":[[14792]],"properties":{"anthrome":53}},{"type":"Polygon","arcs":[[14793,14794,14795,14796]],"properties":{"anthrome":53}},{"type":"Polygon","arcs":[[-14745,14797,-14762,14798,14799]],"properties":{"anthrome":54}},{"type":"Polygon","arcs":[[14800,14801,14802]],"properties":{"anthrome":62}},{"type":"Polygon","arcs":[[14803,-9517,14804,-10237,14805,-10707,14806,-10813,14807,14808,-11123,14809,-11434,14810,-11787,14811,-11856,-11939,14812,14813,14814,14815,-12407,14816,-12719,14817,-12561,14818,-12876,14819,-13186,14820,14821,-13159,14822,-13262,-13333,14823,-13327,14824,-13421,14825,-13535,14826,14827,14828,-13805,14829,-13935,14830,-13991,14831,-14080,-14104,14832,-14101,-14089,-14149,14833,14834,-14311,14835,-14470,14836,-14504,14837,-14585,14838,-14604,14839,-14626,14840,14841,-14675,14842,-14725,14843,-14729,14844,-14755,14845,14846,14847,-14628,14848,-14373,14849,-14114,14850,-14173,14851,14852,-14053,14853,-13907,14854,-13885,-13658,14855,-13878,-13877,14856,-13531,14857,-13874,-13873,14858,-13196,14859,-13103,-13014,-12903,14860,-12782,14861,-12576,-12513,-12460,14862,-12682,-12681,14863,-12094,14864,-12678,14865,-11836,14866,14867,14868,-11147,-10988,-10920,14869,-10865,14870,-10827,14871,-10341,14872,-10825,14873,14874,-12694,14875,-11137,14876,14877,-10476,-10475,-10474],[-9905],[-9989,-9988],[14878,-10154,-10157,14879,-10071],[-10222],[-11827],[-11853,14880,-11820,14881],[-12206],[-12292,-12291],[-12325],[-12516],[-12540],[-12593,14882,-12595,14883],[14884,-12785,14885,-12736],[-12597],[-12823],[-12923,-12924],[-12928],[-13065],[-13133],[-13134],[-13269],[-13344],[14886,-13580,14887,-13519],[-13417],[-13467,-13466,14888,-13419,14889],[-13468],[-13532],[-13582],[-13621],[-13675],[-13627],[-13668],[-13699,14890,14891,14892,14893,-13824,14894,14895,-13710,14896,-13697],[-13700],[-13708],[-13755],[-13859],[-13763],[-13764],[-13909],[-13957],[-13971],[-13972],[-13986],[-14191],[-14211],[-14212],[-14235],[-14239],[-14250],[-14251],[-14274],[-14300],[-14347],[-14468],[-14597,-14598],[-14482],[-14483],[-14586],[-14505],[-14601],[-14728]],"properties":{"anthrome":54}},{"type":"Polygon","arcs":[[-14782,14897,-14761,14898,-14758,14899,14900,14901,14902,14903,-14801,14904,-14795,-14794,14905,-14741,14906,-14687,14907],[14908,-14708,14909,-14694],[-14756]],"properties":{"anthrome":54}},{"type":"Polygon","arcs":[[14910]],"properties":{"anthrome":53}},{"type":"Polygon","arcs":[[-14847,14911]],"properties":{"anthrome":62}},{"type":"Polygon","arcs":[[14912,-14903]],"properties":{"anthrome":53}},{"type":"Polygon","arcs":[[14913,-14901]],"properties":{"anthrome":62}},{"type":"Polygon","arcs":[[14914]],"properties":{"anthrome":62}},{"type":"Polygon","arcs":[[14915]],"properties":{"anthrome":62}},{"type":"Polygon","arcs":[[14916,14917]],"properties":{"anthrome":62}},{"type":"Polygon","arcs":[[14918,14919]],"properties":{"anthrome":52}},{"type":"Polygon","arcs":[[14920]],"properties":{"anthrome":62}},{"type":"Polygon","arcs":[[14921,14922,14923]],"properties":{"anthrome":62}},{"type":"Polygon","arcs":[[14924,14925]],"properties":{"anthrome":54}},{"type":"Polygon","arcs":[[14926,14927,14928,14929]],"properties":{"anthrome":53}},{"type":"Polygon","arcs":[[14930,14931,14932,14933]],"properties":{"anthrome":61}},{"type":"Polygon","arcs":[[14934]],"properties":{"anthrome":62}},{"type":"Polygon","arcs":[[14935]],"properties":{"anthrome":62}},{"type":"Polygon","arcs":[[14936,14937,14938]],"properties":{"anthrome":52}},{"type":"Polygon","arcs":[[14939,14940]],"properties":{"anthrome":52}},{"type":"Polygon","arcs":[[14941,14942]],"properties":{"anthrome":52}},{"type":"Polygon","arcs":[[14943,14944]],"properties":{"anthrome":62}},{"type":"Polygon","arcs":[[14945]],"properties":{"anthrome":62}},{"type":"Polygon","arcs":[[14946,14947,14948,14949]],"properties":{"anthrome":53}},{"type":"Polygon","arcs":[[14950]],"properties":{"anthrome":61}},{"type":"Polygon","arcs":[[14951]],"properties":{"anthrome":61}},{"type":"Polygon","arcs":[[14952,14953]],"properties":{"anthrome":62}},{"type":"Polygon","arcs":[[14954,14955]],"properties":{"anthrome":52}},{"type":"Polygon","arcs":[[14956,14957,14958]],"properties":{"anthrome":52}},{"type":"Polygon","arcs":[[14959]],"properties":{"anthrome":62}},{"type":"Polygon","arcs":[[14960]],"properties":{"anthrome":62}},{"type":"Polygon","arcs":[[14961]],"properties":{"anthrome":62}},{"type":"Polygon","arcs":[[14962,14963]],"properties":{"anthrome":53}},{"type":"Polygon","arcs":[[14964,14965]],"properties":{"anthrome":61}},{"type":"Polygon","arcs":[[14966,14967,14968]],"properties":{"anthrome":52}},{"type":"Polygon","arcs":[[-14058,-14222,14969,14970,14971,-14317,-14369,14972,14973,14974,-14607,14975,14976,-14719,14977,14978,-14716,14979,-14703,14980,-14743,14981,-14734,14982,14983,14984,-14932,14985,14986,14987,14988,14989,14990,-14964,14991,-14953,14992,-14928,14993,-14924,14994,14995,14996,14997,-14779,-14778,-14777,-14776,-14775,-14774,-14773,14998],[-14480],[-14506],[-14690],[-14750],[-14751],[-14911],[-14915],[-14916],[-14936]],"properties":{"anthrome":54}},{"type":"Polygon","arcs":[[14999,15000,15001,15002]],"properties":{"anthrome":52}},{"type":"Polygon","arcs":[[15003,15004,15005,-14955]],"properties":{"anthrome":53}},{"type":"Polygon","arcs":[[15006,15007,15008]],"properties":{"anthrome":61}},{"type":"Polygon","arcs":[[15009,15010,15011,15012]],"properties":{"anthrome":62}},{"type":"Polygon","arcs":[[15013,15014]],"properties":{"anthrome":54}},{"type":"Polygon","arcs":[[-15006,15015,15016,15017]],"properties":{"anthrome":52}},{"type":"Polygon","arcs":[[15018,15019,15020,15021,15022,-14990]],"properties":{"anthrome":53}},{"type":"Polygon","arcs":[[15023,15024,15025]],"properties":{"anthrome":53}},{"type":"Polygon","arcs":[[-15022,15026]],"properties":{"anthrome":61}},{"type":"Polygon","arcs":[[15027,15028]],"properties":{"anthrome":61}},{"type":"Polygon","arcs":[[15029,15030]],"properties":{"anthrome":62}},{"type":"Polygon","arcs":[[-14736,-14800,15031,-14925,15032,-14966,15033,-15015,-15030,15034,-15028,15035,-15011,15036,-14987,15037,-14934,15038,-14984,15039],[-14952]],"properties":{"anthrome":53}},{"type":"Polygon","arcs":[[-14968,-15016,15040,15041]],"properties":{"anthrome":53}},{"type":"Polygon","arcs":[[15042,15043,15044]],"properties":{"anthrome":62}},{"type":"Polygon","arcs":[[15045,15046,15047]],"properties":{"anthrome":62}},{"type":"Polygon","arcs":[[15048,15049]],"properties":{"anthrome":62}},{"type":"Polygon","arcs":[[15050,15051,15052,15053,15054]],"properties":{"anthrome":61}},{"type":"Polygon","arcs":[[15055,15056,15057]],"properties":{"anthrome":54}},{"type":"Polygon","arcs":[[15058,15059,15060]],"properties":{"anthrome":54}},{"type":"Polygon","arcs":[[15061,15062,-15059]],"properties":{"anthrome":53}},{"type":"Polygon","arcs":[[15063]],"properties":{"anthrome":54}},{"type":"Polygon","arcs":[[15064,15065]],"properties":{"anthrome":61}},{"type":"Polygon","arcs":[[-15057,15066,15067]],"properties":{"anthrome":61}},{"type":"Polygon","arcs":[[15068,15069]],"properties":{"anthrome":61}},{"type":"Polygon","arcs":[[-15054,15070,15071,15072,15073,15074]],"properties":{"anthrome":53}},{"type":"Polygon","arcs":[[-15060,15075,15076,15077]],"properties":{"anthrome":53}},{"type":"Polygon","arcs":[[-15063,15078,15079,-15076]],"properties":{"anthrome":54}},{"type":"Polygon","arcs":[[15080,15081]],"properties":{"anthrome":53}},{"type":"Polygon","arcs":[[15082,15083]],"properties":{"anthrome":62}},{"type":"Polygon","arcs":[[15084,15085,-15083]],"properties":{"anthrome":54}},{"type":"Polygon","arcs":[[15086]],"properties":{"anthrome":61}},{"type":"Polygon","arcs":[[15087]],"properties":{"anthrome":52}},{"type":"Polygon","arcs":[[15088,15089]],"properties":{"anthrome":62}},{"type":"Polygon","arcs":[[15090,15091,15092,-15089]],"properties":{"anthrome":61}},{"type":"Polygon","arcs":[[15093,15094,15095,-15092]],"properties":{"anthrome":62}},{"type":"Polygon","arcs":[[15096,15097,-15095]],"properties":{"anthrome":53}},{"type":"Polygon","arcs":[[15098,15099]],"properties":{"anthrome":62}},{"type":"Polygon","arcs":[[-14918,15100,15101,-14950,15102,-15017,-14967,15103,-15041,-15005,15104,-15050,15105]],"properties":{"anthrome":54}},{"type":"Polygon","arcs":[[-15047,15106,15107,15108]],"properties":{"anthrome":53}},{"type":"Polygon","arcs":[[15109,15110,15111,15112]],"properties":{"anthrome":61}},{"type":"Polygon","arcs":[[15113,15114]],"properties":{"anthrome":54}},{"type":"Polygon","arcs":[[-15082,15115,15116,15117,15118,15119,15120,15121,15122,15123,15124]],"properties":{"anthrome":52}},{"type":"Polygon","arcs":[[15125,15126]],"properties":{"anthrome":53}},{"type":"Polygon","arcs":[[15127,-15120,15128,15129]],"properties":{"anthrome":62}},{"type":"Polygon","arcs":[[15130,15131,-15118]],"properties":{"anthrome":54}},{"type":"Polygon","arcs":[[15132,15133]],"properties":{"anthrome":62}},{"type":"Polygon","arcs":[[-15124,15134]],"properties":{"anthrome":53}},{"type":"Polygon","arcs":[[15135,15136]],"properties":{"anthrome":61}},{"type":"Polygon","arcs":[[15137]],"properties":{"anthrome":61}},{"type":"Polygon","arcs":[[15138,15139]],"properties":{"anthrome":62}},{"type":"Polygon","arcs":[[15140]],"properties":{"anthrome":62}},{"type":"Polygon","arcs":[[-15129,15141,15142]],"properties":{"anthrome":52}},{"type":"Polygon","arcs":[[15143,15144,15145]],"properties":{"anthrome":53}},{"type":"Polygon","arcs":[[15146,15147,-15145]],"properties":{"anthrome":61}},{"type":"Polygon","arcs":[[15148,15149,15150,15151]],"properties":{"anthrome":61}},{"type":"Polygon","arcs":[[15152,15153,15154,15155,-15139,15156]],"properties":{"anthrome":54}},{"type":"Polygon","arcs":[[15157,15158,-15149,15159,15160]],"properties":{"anthrome":52}},{"type":"Polygon","arcs":[[-15070,15161,15162,15163,-15114,15164,15165]],"properties":{"anthrome":53}},{"type":"Polygon","arcs":[[15166,15167]],"properties":{"anthrome":62}},{"type":"Polygon","arcs":[[15168,15169,-15142,-15119,-15146,15170,15171,15172,-15167,15173,-15122]],"properties":{"anthrome":54}},{"type":"Polygon","arcs":[[-15172,15174]],"properties":{"anthrome":62}},{"type":"Polygon","arcs":[[15175,15176,15177]],"properties":{"anthrome":53}},{"type":"Polygon","arcs":[[-12372,15178,-14572,-14571,15179,-13063,15180,-13099,15181,-13253,-13392,15182,-14566,-13572,-13599,15183,-13782,15184,-14563,15185,-14169,-14135,15186,15187,15188,-14391,15189,15190,15191,15192,-14421,-14389,15193,-14552,15194,15195,-14408,-14442,15196,-14488,15197,15198,15199,15200,-14292,15201,-14392,15202,-14546,-14545,-14140,15203,-14182,15204,-14207,15205,-14208,-14180,15206,-14118,-14542,15207,-14073,15208,-14125,15209,-14184,-14142,15210,15211,-14540,15212,15213,15214,-13830,15215,-14535,15216,-13690,15217,-13624,15218,-14532,-14531,-14530,-14529,15219,-12894,15220,-12873,15221,15222,-13120,15223,-14645,-14644,-14643,-14642,-14507,-14641,-14640,15224,-14664,15225,15226,15227,15228,-14739,-14748,15229,15230,-15100,15231,-15097,-15072,15232,-15052,15233,-15026,15234,-15074,-15090,15235,-15133,15236,15237,15238,15239,-14945,15240,-14939,-14957,15241,15242,-15000,15243,-14942,15244,-14919,15245,-14752,15246,-14726,-14698,15247,-14615,15248,-14414,15249,-14248,15250,-14064,15251,-13950,15252,-13206,15253,15254,-12800,15255,-12484,15256],[-12578],[-13451],[-13562],[-13528],[-13578],[-13667],[-13692],[-13760],[-13797],[-13919],[-13955],[-13956],[-13999],[-14003],[15257,-14144,15258,-14290,-14307,-14346,-14288],[-14176],[-14203],[-14234],[-14309],[-14345],[-14459],[-14596,15259,15260,-14592],[-14481],[-14588],[-14620,-14619,15261,-14647,15262,-14614],[-14611],[-14617],[-14621],[-14650],[-14658],[-14676],[-14665],[-14666],[-14670],[-14691],[-14692],[-14793],[-14693],[-14960],[-14961],[-14962],[-15009,-15008,-15007],[-15141]],"properties":{"anthrome":54}},{"type":"Polygon","arcs":[[15263]],"properties":{"anthrome":63}},{"type":"Polygon","arcs":[[15264,15265,15266,15267]],"properties":{"anthrome":61}},{"type":"Polygon","arcs":[[15268]],"properties":{"anthrome":62}},{"type":"Polygon","arcs":[[-15178,15269,15270,15271]],"properties":{"anthrome":61}},{"type":"Polygon","arcs":[[-15238,15272]],"properties":{"anthrome":62}},{"type":"Polygon","arcs":[[15273,15274,-15266,15275,15276,-15154,15277,-15111,-15239]],"properties":{"anthrome":62}},{"type":"Polygon","arcs":[[15278,15279,15280,15281]],"properties":{"anthrome":61}},{"type":"Polygon","arcs":[[15282,15283,15284,15285]],"properties":{"anthrome":61}},{"type":"Polygon","arcs":[[15286,15287]],"properties":{"anthrome":62}},{"type":"Polygon","arcs":[[15288,15289,15290,-15285]],"properties":{"anthrome":53}},{"type":"Polygon","arcs":[[-15126,15291,15292,-15290,15293,-15283,-15271,15294,15295,-15163,15296]],"properties":{"anthrome":54}},{"type":"Polygon","arcs":[[15297,15298,15299,15300]],"properties":{"anthrome":54}},{"type":"Polygon","arcs":[[15301]],"properties":{"anthrome":54}},{"type":"Polygon","arcs":[[-15293,15302]],"properties":{"anthrome":61}},{"type":"Polygon","arcs":[[15303]],"properties":{"anthrome":62}},{"type":"Polygon","arcs":[[15304]],"properties":{"anthrome":54}},{"type":"Polygon","arcs":[[15305]],"properties":{"anthrome":62}},{"type":"Polygon","arcs":[[15306]],"properties":{"anthrome":54}},{"type":"Polygon","arcs":[[15307]],"properties":{"anthrome":62}},{"type":"Polygon","arcs":[[15308,15309]],"properties":{"anthrome":54}},{"type":"Polygon","arcs":[[-14938,-15240,-15110,15310,15311,15312,-15268,15313,-15279,15314,-15298,15315,15316,15317,15318,15319,-15136,15320,-15065,15321,-15044,-15043,15322,-15002,15323,15324,-14958],[-15064],[-15088],[15325,-15151,15326,-15158,-15161],[-15138],[-15302]],"properties":{"anthrome":53}},{"type":"Polygon","arcs":[[15327,-15318]],"properties":{"anthrome":54}},{"type":"Polygon","arcs":[[-15309,15328,15329]],"properties":{"anthrome":61}},{"type":"Polygon","arcs":[[-15319,15330,15331,15332]],"properties":{"anthrome":54}},{"type":"Polygon","arcs":[[15333,15334,15335,15336,15337,15338,15339,-15317,15340,-15300,15341],[-15305],[-15307]],"properties":{"anthrome":62}},{"type":"Polygon","arcs":[[15342,15343]],"properties":{"anthrome":62}},{"type":"Polygon","arcs":[[15344,15345,15346,15347]],"properties":{"anthrome":61}},{"type":"Polygon","arcs":[[15348,15349,15350]],"properties":{"anthrome":54}},{"type":"Polygon","arcs":[[15351,15352]],"properties":{"anthrome":62}},{"type":"Polygon","arcs":[[15353,15354]],"properties":{"anthrome":62}},{"type":"Polygon","arcs":[[-15328,-15340,15355,-15348,15356,15357,15358,-15349,-15331]],"properties":{"anthrome":63}},{"type":"Polygon","arcs":[[15359,15360,-15357]],"properties":{"anthrome":54}},{"type":"Polygon","arcs":[[-15337,15361,15362,-15360,-15347,15363]],"properties":{"anthrome":53}},{"type":"Polygon","arcs":[[15364,15365]],"properties":{"anthrome":62}},{"type":"Polygon","arcs":[[15366,15367]],"properties":{"anthrome":54}},{"type":"Polygon","arcs":[[15368]],"properties":{"anthrome":62}},{"type":"Polygon","arcs":[[15369,15370,15371,15372]],"properties":{"anthrome":62}},{"type":"Polygon","arcs":[[-15358,15373,15374]],"properties":{"anthrome":54}},{"type":"Polygon","arcs":[[15375,15376]],"properties":{"anthrome":62}},{"type":"Polygon","arcs":[[-15332,-15351,15377,15378,15379,15380,15381]],"properties":{"anthrome":53}},{"type":"Polygon","arcs":[[15382,15383]],"properties":{"anthrome":54}},{"type":"Polygon","arcs":[[-15372,15384]],"properties":{"anthrome":53}},{"type":"Polygon","arcs":[[15385]],"properties":{"anthrome":62}},{"type":"Polygon","arcs":[[15386,-15368,-15384,15387,15388]],"properties":{"anthrome":62}},{"type":"Polygon","arcs":[[-15381,15389,15390,15391,-15370,15392]],"properties":{"anthrome":54}},{"type":"Polygon","arcs":[[-15389,15393]],"properties":{"anthrome":54}},{"type":"Polygon","arcs":[[15394,15395]],"properties":{"anthrome":62}},{"type":"Polygon","arcs":[[15396,15397]],"properties":{"anthrome":54}},{"type":"Polygon","arcs":[[15398,-15397]],"properties":{"anthrome":62}},{"type":"Polygon","arcs":[[15399,15400,15401]],"properties":{"anthrome":62}},{"type":"Polygon","arcs":[[-15361,15402,15403,15404,15405,-15401,15406,15407,-15379,15408,-15374]],"properties":{"anthrome":61}},{"type":"Polygon","arcs":[[15409,15410]],"properties":{"anthrome":61}},{"type":"Polygon","arcs":[[15411,15412]],"properties":{"anthrome":62}},{"type":"Polygon","arcs":[[15413,15414,15415,-15412]],"properties":{"anthrome":54}},{"type":"Polygon","arcs":[[15416,15417]],"properties":{"anthrome":63}},{"type":"Polygon","arcs":[[15418]],"properties":{"anthrome":54}},{"type":"Polygon","arcs":[[15419,-15288,15420,15421,-15344,-15355,-15366,-15377,15422,-15395,15423,15424,15425,15426,15427,15428,-15403,-15363,15429,-15352,-15336,-15335,15430,15431,-15274],[-15306],[-15308],[-15386]],"properties":{"anthrome":54}},{"type":"Polygon","arcs":[[15432,-15428,15433,15434,-15418,15435,15436,15437,-15410,-15405]],"properties":{"anthrome":62}},{"type":"Polygon","arcs":[[-15438,15438,15439,15440]],"properties":{"anthrome":53}},{"type":"Polygon","arcs":[[15441,15442]],"properties":{"anthrome":62}},{"type":"Polygon","arcs":[[-15416,15443,15444]],"properties":{"anthrome":61}},{"type":"Polygon","arcs":[[15445,-15426]],"properties":{"anthrome":62}},{"type":"Polygon","arcs":[[15446,-15434,15447,15448,15449,15450]],"properties":{"anthrome":54}},{"type":"Polygon","arcs":[[-15449,15451]],"properties":{"anthrome":63}}]}},"arcs":[[[2600,9773],[0,-64],[-13,0]],[[2587,9709],[0,64],[13,0]],[[2237,9773],[13,0],[0,-32],[12,0],[0,-32],[-37,0],[0,32],[12,0],[0,32]],[[2712,9676],[-25,0],[0,65],[13,0],[0,-32],[12,0],[0,-33]],[[5537,9644],[-13,0],[0,32],[-25,0],[0,-32],[-25,0],[0,32],[-87,0],[0,-32]],[[5387,9644],[-88,0],[0,97],[238,0],[0,-97]],[[5574,9676],[0,65],[150,0],[0,-65],[-62,0],[0,-32],[-13,0],[0,32],[-75,0]],[[2562,9676],[13,0],[0,-32],[-13,0],[0,32]],[[5574,9676],[25,0],[0,-32],[13,0],[0,-64],[-38,0],[0,96]],[[5424,9644],[13,0],[0,-32],[12,0],[0,-32],[-25,0],[0,64]],[[2300,9580],[0,32],[25,0],[0,-32],[-25,0]],[[2450,9580],[-13,0]],[[2437,9580],[0,32],[13,0],[0,-32]],[[2525,9580],[-13,0]],[[2512,9580],[0,32],[13,0],[0,-32]],[[5349,9612],[13,0],[0,-32]],[[5362,9580],[-13,0],[0,32]],[[5412,9612],[0,-32],[-13,0]],[[5399,9580],[0,32],[13,0]],[[1825,9547],[0,65]],[[1825,9612],[25,0],[0,32],[62,0],[0,32],[38,0],[0,-32],[25,0],[0,-32],[-13,0],[0,-32],[-12,0],[0,-33],[-125,0]],[[2387,9580],[25,0],[0,-33],[-25,0],[0,33]],[[2450,9838],[12,0],[0,-33],[50,0]],[[2512,9805],[0,-32],[50,0],[0,32],[50,0],[0,-32],[88,0],[0,32],[12,0],[0,-32],[25,0],[0,-32],[-12,0],[0,-32],[37,0],[0,-33],[-50,0]],[[2712,9676],[0,-32],[13,0],[0,-32],[-13,0],[0,-32],[-12,0],[0,-33],[-38,0]],[[2662,9547],[0,33],[13,0],[0,32],[12,0],[0,32],[-37,0],[0,65],[-13,0],[0,-65],[-37,0],[0,32],[-13,0],[0,33]],[[2587,9709],[-75,0],[0,32],[-50,0],[0,32],[-12,0],[0,65]],[[2600,9773],[-25,0],[0,-32],[12,0],[0,-32]],[[5537,9644],[0,-64],[-38,0],[0,-65],[-87,0],[0,97]],[[5399,9580],[-37,0]],[[5349,9612],[0,32],[38,0]],[[7874,9547],[0,-32],[-12,0],[0,65]],[[7862,9580],[-100,0],[0,32],[12,0],[0,32],[-150,0],[0,32],[-12,0],[0,33],[175,0],[0,-33],[50,0],[0,33],[12,0],[0,-33],[63,0],[0,-32],[12,0],[0,-32],[-12,0],[0,-32],[12,0],[0,-33],[-50,0]],[[2087,9515],[0,32]],[[2087,9547],[-37,0],[0,33],[37,0],[0,32],[-12,0],[0,32],[-13,0],[0,65],[88,0],[0,-33],[75,0],[0,-32],[12,0],[0,-32],[13,0],[0,-65],[-100,0],[0,33],[-50,0],[0,-33],[12,0],[0,-32],[-25,0]],[[2375,9612],[0,-32],[12,0]],[[2387,9580],[0,-65],[-12,0]],[[2375,9515],[0,32],[-38,0],[0,33],[25,0],[0,32],[13,0]],[[2512,9580],[0,-65],[-50,0],[0,65],[50,0]],[[2550,9515],[0,65],[25,0]],[[2575,9580],[0,32],[25,0],[0,-32],[25,0],[0,-33],[-63,0],[0,-32],[-12,0]],[[1837,9515],[0,32],[13,0],[0,-32],[-13,0]],[[1862,9547],[50,0],[0,-32],[-50,0],[0,32]],[[2087,9515],[-25,0],[0,32],[25,0]],[[2537,9547],[0,-32]],[[2537,9515],[-12,0],[0,32],[12,0]],[[2662,9547],[0,-32],[-25,0],[0,32],[25,0]],[[7837,9547],[12,0],[0,-32]],[[7849,9515],[-12,0],[0,32]],[[7937,9547],[12,0],[0,-32],[-12,0]],[[7937,9515],[0,32]],[[1737,9483],[0,32],[13,0],[0,-32],[-13,0]],[[1825,9515],[12,0]],[[1837,9515],[0,-32],[-12,0]],[[1825,9483],[0,32]],[[2262,9515],[25,0],[0,-32]],[[2287,9483],[-25,0],[0,32]],[[7937,9515],[0,-32],[-13,0],[0,32],[13,0]],[[2237,9515],[0,-32],[-12,0],[0,-32],[-13,0],[0,32],[-25,0],[0,-32],[-25,0]],[[2162,9451],[0,64],[75,0]],[[1737,9483],[0,-32],[-12,0]],[[1725,9451],[0,32],[12,0]],[[2025,9483],[25,0],[0,-32],[-25,0],[0,32]],[[2587,9451],[-12,0]],[[2575,9451],[0,32],[12,0],[0,-32]],[[2700,9483],[12,0],[0,-32],[-12,0],[0,32]],[[9237,9483],[12,0],[0,-32],[-12,0],[0,32]],[[1787,9515],[38,0]],[[1825,9483],[50,0],[0,-32],[-25,0]],[[1850,9451],[0,-33],[-13,0],[0,33],[-50,0],[0,64]],[[1650,9515],[0,-32],[-13,0],[0,-32],[50,0],[0,-33]],[[1687,9418],[-100,0],[0,33],[-12,0],[0,32],[37,0],[0,32],[38,0]],[[2125,9451],[0,-33]],[[2125,9418],[-13,0],[0,33],[13,0]],[[2437,9451],[0,-33],[-12,0]],[[2425,9418],[0,33],[12,0]],[[2637,9451],[13,0],[0,-33],[-13,0],[0,33]],[[3187,9451],[13,0],[0,-33],[-13,0]],[[3187,9418],[0,33]],[[7699,9451],[25,0],[0,-33]],[[7724,9418],[-25,0],[0,33]],[[7974,9451],[25,0],[0,-33],[-25,0],[0,33]],[[1650,9515],[12,0],[0,-32]],[[1662,9483],[38,0],[0,-32],[25,0]],[[1725,9451],[0,-65]],[[1725,9386],[-50,0],[0,32],[12,0]],[[2150,9418],[0,-32]],[[2150,9386],[-13,0],[0,32],[13,0]],[[2325,9386],[0,32],[25,0],[0,-32],[-25,0]],[[8762,9418],[25,0],[0,-32],[-25,0],[0,32]],[[1975,9354],[0,64]],[[1975,9418],[-38,0],[0,33],[-12,0],[0,64],[62,0],[0,-32],[25,0],[0,-32],[63,0],[0,-65],[-13,0],[0,-32],[-87,0]],[[2087,9515],[50,0],[0,-32],[25,0],[0,-32]],[[2237,9515],[25,0]],[[2287,9483],[0,-32],[13,0]],[[2300,9451],[0,-97]],[[2300,9354],[-88,0]],[[2212,9354],[0,32]],[[2212,9386],[-62,0]],[[2150,9418],[-25,0]],[[2125,9451],[-38,0],[0,64]],[[1825,9547],[-25,0],[0,-32],[-13,0]],[[1850,9451],[37,0]],[[1887,9451],[0,-65],[-87,0],[0,-32]],[[1800,9354],[-50,0]],[[1750,9354],[0,32],[-25,0]],[[1725,9451],[-13,0],[0,32],[-50,0]],[[1650,9515],[0,32],[62,0],[0,33],[88,0],[0,32],[25,0]],[[8874,9451],[0,-33],[-25,0],[0,-32],[13,0],[0,-32],[-25,0]],[[8837,9354],[0,32],[-25,0]],[[8812,9386],[0,65],[37,0],[0,32],[13,0],[0,-32],[12,0]],[[8949,9451],[63,0],[0,-33],[25,0],[0,-32],[-13,0],[0,-32],[-37,0]],[[8987,9354],[0,32],[-25,0],[0,32],[-13,0],[0,33]],[[1925,9418],[50,0]],[[1975,9354],[-38,0],[0,32]],[[1937,9386],[-12,0],[0,32]],[[2125,9418],[0,-64],[-13,0]],[[2112,9354],[0,32],[-25,0]],[[2087,9386],[0,32],[38,0]],[[8837,9354],[-38,0],[0,64],[13,0],[0,-32]],[[2112,9354],[-25,0],[0,32]],[[2212,9354],[-12,0],[0,32],[12,0]],[[2325,9386],[0,-32]],[[2325,9354],[-13,0],[0,32],[13,0]],[[2775,9386],[12,0],[0,-32]],[[2787,9354],[-12,0],[0,32]],[[6574,9354],[-25,0],[0,32],[25,0],[0,-32]],[[8899,9451],[50,0]],[[8987,9354],[-100,0],[0,32]],[[8887,9386],[12,0],[0,65]],[[2537,9418],[63,0]],[[2600,9418],[0,-32],[12,0],[0,-32],[-50,0],[0,-32]],[[2562,9322],[-25,0]],[[2537,9322],[0,32],[-25,0],[0,-32]],[[2512,9322],[-25,0]],[[2487,9322],[0,129],[38,0],[0,-65],[12,0],[0,32]],[[9049,9418],[113,0],[0,-32],[25,0],[0,-32],[-38,0],[0,-32],[-25,0],[0,32],[-62,0],[0,32],[-13,0],[0,32]],[[1887,9451],[25,0],[0,-33],[13,0]],[[1937,9386],[0,-64],[-125,0],[0,32],[-12,0]],[[2300,9354],[0,-32],[-25,0],[0,32],[25,0]],[[2537,9322],[-25,0]],[[2712,9322],[-37,0]],[[2675,9322],[0,32],[37,0],[0,-32]],[[6662,9322],[-13,0]],[[6649,9322],[0,32],[13,0],[0,-32]],[[7387,9354],[0,-32]],[[7387,9322],[-13,0],[0,32],[13,0]],[[7387,9354],[12,0],[0,-32],[-12,0]],[[8874,9451],[25,0]],[[8887,9386],[0,-64],[-50,0],[0,32]],[[2375,9322],[0,-33]],[[2375,9289],[-25,0],[0,33],[25,0]],[[6524,9322],[13,0],[0,-33]],[[6537,9289],[-13,0],[0,33]],[[6612,9322],[25,0],[0,-33],[-25,0]],[[6612,9289],[0,33]],[[1787,9257],[0,32],[13,0],[0,-32],[-13,0]],[[2050,9289],[0,-32],[-25,0]],[[2025,9257],[0,32],[25,0]],[[2312,9289],[0,-32],[-12,0]],[[2300,9257],[0,32],[12,0]],[[2675,9289],[37,0]],[[2712,9289],[0,-32],[-37,0],[0,32]],[[6612,9289],[0,-32],[-13,0]],[[6599,9257],[0,32],[13,0]],[[8049,9289],[13,0],[0,-32]],[[8062,9257],[-13,0]],[[8049,9257],[0,32]],[[8274,9289],[25,0],[0,-32],[-25,0]],[[8274,9257],[0,32]],[[8462,9289],[12,0]],[[8474,9289],[0,-32],[-12,0],[0,32]],[[2375,9289],[0,-32],[-13,0],[0,-32],[-25,0]],[[2337,9225],[0,64],[38,0]],[[8874,9289],[13,0],[0,-64],[-13,0],[0,64]],[[1825,9257],[12,0],[0,-32],[-12,0]],[[1825,9225],[0,32]],[[1850,9257],[50,0],[0,-32],[-50,0],[0,32]],[[2062,9225],[0,32],[13,0],[0,-32],[-13,0]],[[2612,9257],[0,-32]],[[2612,9225],[-12,0]],[[2600,9225],[0,32],[12,0]],[[6599,9257],[0,-32],[-37,0]],[[6562,9225],[0,32],[37,0]],[[6987,9257],[12,0],[0,-32],[-12,0]],[[6987,9225],[0,32]],[[7062,9257],[12,0],[0,-64],[-12,0],[0,64]],[[2037,9225],[13,0],[0,-32],[-13,0],[0,32]],[[2600,9225],[0,-32],[-13,0],[0,32],[13,0]],[[2612,9225],[25,0],[0,-32],[-25,0],[0,32]],[[8912,9193],[-13,0],[0,32],[13,0],[0,-32]],[[2025,9257],[0,-32],[-13,0],[0,-65],[-12,0],[0,33],[-88,0]],[[1912,9193],[0,64],[50,0],[0,-32],[25,0],[0,32],[38,0]],[[2250,9322],[0,-33],[-50,0],[0,-32],[25,0],[0,-32],[-13,0],[0,-32],[-25,0],[0,-33]],[[2187,9160],[-25,0],[0,33],[-25,0],[0,64],[38,0],[0,32],[12,0],[0,33],[63,0]],[[7662,9225],[12,0],[0,-65],[-12,0],[0,65]],[[8474,9289],[13,0],[0,-32],[25,0],[0,32],[25,0],[0,-32],[50,0],[0,-32],[12,0],[0,-65]],[[8599,9160],[-50,0]],[[8549,9160],[0,33],[-75,0],[0,32],[-37,0],[0,-65],[-13,0],[0,33],[-25,0],[0,32]],[[8399,9225],[13,0],[0,32],[12,0],[0,32],[38,0]],[[7162,9193],[0,-33]],[[7162,9160],[-25,0],[0,33],[25,0]],[[6649,9322],[-37,0]],[[6562,9225],[-25,0],[0,-32],[-25,0],[0,-33],[-13,0],[0,-32],[-25,0],[0,65],[25,0],[0,32],[13,0]],[[6512,9225],[0,97],[12,0]],[[6537,9289],[0,65],[37,0]],[[6574,9354],[0,64],[75,0],[0,33],[113,0],[0,32],[62,0],[0,32],[88,0],[0,-64],[-50,0],[0,-33],[-88,0],[0,-32],[-75,0],[0,-32],[-12,0],[0,-32],[-25,0]],[[6899,9128],[-12,0],[0,32],[12,0],[0,-32]],[[8549,9160],[0,-32],[13,0],[0,-32],[-25,0],[0,64],[12,0]],[[8587,9160],[12,0]],[[8599,9160],[0,-32],[13,0],[0,-32],[-25,0]],[[8587,9096],[0,64]],[[2237,9128],[50,0],[0,-32],[-50,0],[0,32]],[[2900,9128],[12,0],[0,-32],[-12,0],[0,32]],[[3012,9128],[13,0],[0,-32],[-13,0]],[[3012,9096],[0,32]],[[5712,9128],[0,-32]],[[5712,9096],[-13,0],[0,32],[13,0]],[[5774,9096],[0,32],[13,0],[0,-32],[-13,0]],[[6862,9128],[0,-32],[-13,0]],[[6849,9096],[0,32],[13,0]],[[6999,9128],[13,0],[0,-32],[-13,0]],[[6999,9096],[0,32]],[[7112,9128],[25,0],[0,-32]],[[7137,9096],[-25,0],[0,32]],[[8174,9128],[13,0],[0,-32],[-13,0],[0,32]],[[8724,9128],[13,0]],[[8737,9128],[0,-32],[-13,0],[0,32]],[[25,9096],[-13,0],[0,-32]],[[12,9064],[-12,0],[0,96],[25,0],[0,-64]],[[8487,9160],[25,0],[0,-32],[12,0],[0,-32],[-12,0],[0,-32],[-13,0],[0,64],[-12,0],[0,32]],[[8412,9128],[37,0],[0,-32],[-12,0],[0,-32],[-25,0],[0,64]],[[9962,9128],[37,0],[0,-64],[-37,0],[0,64]],[[75,9096],[-13,0],[0,-32]],[[62,9064],[-50,0]],[[25,9096],[0,32],[50,0],[0,-32]],[[75,9096],[0,-32],[-13,0]],[[562,9096],[0,-32]],[[562,9064],[-12,0],[0,32],[12,0]],[[2137,9096],[13,0],[0,-32],[-13,0]],[[2137,9064],[0,32]],[[2387,9096],[13,0],[0,-32],[-13,0],[0,32]],[[5637,9096],[12,0]],[[5649,9096],[0,-32]],[[5649,9064],[-12,0]],[[5637,9064],[0,32]],[[5774,9096],[50,0]],[[5824,9096],[0,-32]],[[5824,9064],[-50,0]],[[5774,9064],[0,32]],[[5824,9096],[25,0],[0,-32],[-25,0]],[[7637,9064],[-13,0],[0,32],[13,0],[0,-32]],[[8649,9096],[13,0]],[[8662,9096],[0,-32],[-13,0],[0,32]],[[8924,9064],[-37,0]],[[8887,9064],[0,32],[37,0],[0,-32]],[[6562,9225],[0,-32],[-13,0],[0,-65],[13,0],[0,-32],[37,0],[0,-65],[-75,0]],[[6524,9031],[0,33]],[[6524,9064],[-50,0],[0,32],[-50,0],[0,64],[25,0],[0,33],[13,0],[0,32],[12,0],[0,32],[25,0],[0,32],[13,0],[0,-64]],[[5712,9128],[12,0],[0,-32],[25,0]],[[5749,9096],[0,-32],[-12,0],[0,-33],[-13,0],[0,33],[-75,0]],[[5649,9096],[63,0]],[[8137,9096],[25,0],[0,-65],[-25,0],[0,65]],[[1475,9031],[-38,0],[0,33],[38,0],[0,-33]],[[2187,9064],[25,0]],[[2212,9064],[0,-33]],[[2212,9031],[-25,0]],[[2187,9031],[0,33]],[[2212,9064],[13,0],[0,-33],[-13,0]],[[2912,9064],[13,0],[0,-33],[-13,0],[0,33]],[[5649,9064],[0,-33],[-12,0]],[[5637,9031],[0,33]],[[5774,9064],[13,0]],[[5787,9064],[0,-33],[-13,0]],[[5774,9031],[0,33]],[[5862,9064],[12,0],[0,-33]],[[5874,9031],[-12,0]],[[5862,9031],[0,33]],[[6524,9031],[-12,0],[0,33],[12,0]],[[7762,9064],[12,0],[0,-33],[-12,0],[0,33]],[[8074,9064],[13,0],[0,-33],[-13,0],[0,33]],[[8337,9064],[12,0],[0,-33],[-12,0],[0,33]],[[8387,9031],[-25,0],[0,33],[25,0],[0,-33]],[[8749,9064],[38,0]],[[8787,9064],[0,-33]],[[8787,9031],[-38,0]],[[8749,9031],[0,33]],[[8787,9064],[25,0]],[[8812,9064],[0,-33]],[[8812,9031],[-25,0]],[[8924,9064],[0,-33]],[[8924,9031],[-37,0]],[[8887,9031],[0,33]],[[9362,9031],[0,33],[12,0],[0,-33],[-12,0]],[[3075,9096],[25,0],[0,-32],[25,0],[0,-65],[-25,0]],[[3100,8999],[0,32],[-25,0],[0,65]],[[812,9064],[50,0]],[[862,9064],[0,-33],[-12,0],[0,-32]],[[850,8999],[-25,0]],[[825,8999],[0,32],[-13,0],[0,33]],[[2450,9064],[12,0],[0,-65],[-12,0]],[[2450,8999],[0,65]],[[5637,9096],[0,-65]],[[5637,9031],[-38,0],[0,-32]],[[5599,8999],[-12,0]],[[5587,8999],[0,65]],[[5587,9064],[12,0],[0,32],[38,0]],[[6662,9031],[0,-32]],[[6662,8999],[-38,0],[0,65],[25,0],[0,-33],[13,0]],[[7812,9096],[25,0],[0,-65],[-13,0],[0,-32],[-37,0],[0,65],[25,0],[0,32]],[[475,9031],[0,-32],[-13,0]],[[462,8999],[0,32],[13,0]],[[650,9031],[12,0]],[[662,9031],[0,-32]],[[662,8999],[-12,0]],[[650,8999],[0,32]],[[862,9064],[50,0],[0,-33],[25,0]],[[937,9031],[0,-32]],[[937,8999],[-87,0]],[[1262,9031],[13,0],[0,-32],[-13,0],[0,32]],[[2675,9031],[12,0],[0,-32],[-12,0],[0,32]],[[2700,9031],[12,0],[0,-32],[-12,0],[0,32]],[[5562,9064],[0,-33]],[[5562,9031],[-25,0]],[[5537,9031],[0,-32]],[[5537,8999],[-38,0]],[[5499,8999],[0,32],[25,0],[0,33],[38,0]],[[5587,9031],[0,-32]],[[5587,8999],[-13,0]],[[5574,8999],[0,32],[13,0]],[[5862,9031],[0,-32]],[[5862,8999],[-25,0]],[[5837,8999],[0,32],[25,0]],[[5874,9031],[13,0]],[[5887,9031],[0,-32],[-13,0]],[[5874,8999],[0,32]],[[6862,9031],[0,-32],[-13,0]],[[6849,8999],[0,32],[13,0]],[[7024,9031],[0,-32]],[[7024,8999],[-12,0],[0,32],[12,0]],[[8762,9031],[12,0]],[[8774,9031],[0,-32],[-12,0],[0,32]],[[8912,9031],[12,0]],[[8924,9031],[0,-32]],[[8924,8999],[-12,0],[0,32]],[[8999,9031],[0,-32],[-25,0],[0,32],[25,0]],[[9362,9031],[0,-32],[-13,0],[0,32],[13,0]],[[9662,9031],[0,-32]],[[9662,8999],[-13,0],[0,32],[13,0]],[[9699,9031],[13,0],[0,-32]],[[9712,8999],[-13,0],[0,32]],[[9737,9031],[37,0]],[[9774,9031],[0,-32]],[[9774,8999],[-37,0]],[[9737,8999],[0,32]],[[9899,9031],[13,0],[0,-32],[-13,0]],[[9899,8999],[0,32]],[[1412,8999],[-62,0],[0,-32],[-25,0],[0,64]],[[1325,9031],[62,0],[0,33],[25,0],[0,-65]],[[5824,9031],[0,-64]],[[5824,8967],[-12,0]],[[5812,8967],[0,64],[12,0]],[[8387,9031],[25,0]],[[8412,9031],[0,-32],[-13,0],[0,-32]],[[8399,8967],[-12,0]],[[8387,8967],[0,64]],[[9737,8999],[12,0]],[[9749,8999],[0,-32]],[[9749,8967],[-25,0],[0,64],[13,0]],[[9812,9031],[12,0]],[[9824,9031],[0,-64],[-12,0],[0,64]],[[825,8999],[-163,0]],[[662,9031],[-137,0]],[[525,9031],[0,-32],[-38,0],[0,-32],[-25,0]],[[462,8967],[0,32]],[[475,9031],[12,0],[0,33],[75,0]],[[562,9096],[63,0],[0,32],[75,0],[0,-32],[75,0],[0,-32],[37,0]],[[1100,8999],[25,0]],[[1125,8999],[0,-32]],[[1125,8967],[-25,0],[0,32]],[[1125,8999],[25,0],[0,-32],[-25,0]],[[5499,8999],[0,-32]],[[5499,8967],[-37,0]],[[5462,8967],[0,32],[37,0]],[[5674,8999],[13,0],[0,-32],[-13,0],[0,32]],[[5824,8999],[13,0]],[[5837,8999],[0,-32]],[[5837,8967],[-13,0]],[[5824,8967],[0,32]],[[5862,8999],[0,-32]],[[5862,8967],[-25,0]],[[5887,9031],[37,0],[0,-32]],[[5924,8999],[-25,0],[0,-32],[-25,0],[0,32]],[[5924,8999],[13,0],[0,-32],[-13,0]],[[5924,8967],[0,32]],[[6349,8999],[0,-32],[-12,0]],[[6337,8967],[0,32],[12,0]],[[6724,8999],[13,0]],[[6737,8999],[0,-32],[-13,0],[0,32]],[[6862,9031],[12,0],[0,-64]],[[6874,8967],[-25,0],[0,32]],[[7337,8999],[12,0],[0,-32],[-12,0],[0,32]],[[7637,8999],[12,0]],[[7649,8999],[0,-32],[-12,0]],[[7637,8967],[0,32]],[[7862,8999],[25,0],[0,-32],[-25,0],[0,32]],[[8224,8999],[13,0],[0,-32],[-13,0],[0,32]],[[8387,8999],[0,-32]],[[8387,8967],[-13,0]],[[8374,8967],[0,32],[13,0]],[[8412,9031],[12,0]],[[8424,9031],[0,-32],[25,0],[0,-32]],[[8449,8967],[-50,0]],[[8474,8999],[25,0],[0,-32],[-25,0],[0,32]],[[9012,8999],[12,0],[0,-32],[-12,0],[0,32]],[[9262,8999],[12,0]],[[9274,8999],[0,-32]],[[9274,8967],[-12,0]],[[9262,8967],[0,32]],[[9312,8967],[-25,0]],[[9287,8967],[0,32],[25,0],[0,-32]],[[9474,8999],[13,0]],[[9487,8999],[0,-32],[-13,0],[0,32]],[[9774,8999],[13,0],[0,-32],[-13,0],[0,32]],[[9974,8999],[13,0],[0,-32],[-13,0]],[[9974,8967],[0,32]],[[5749,8999],[50,0],[0,-32],[-37,0],[0,-32],[-13,0],[0,64]],[[8674,9031],[25,0]],[[8699,9031],[0,-32],[-12,0],[0,-32],[-13,0],[0,-32]],[[8674,8935],[-12,0]],[[8662,8935],[0,32],[-13,0],[0,32],[25,0],[0,32]],[[525,8935],[-13,0]],[[512,8935],[0,32],[13,0],[0,-32]],[[2500,8967],[0,-32],[-13,0],[0,32],[13,0]],[[3137,8999],[13,0],[0,-64]],[[3150,8935],[-38,0],[0,32],[25,0],[0,32]],[[5412,8967],[0,-32],[-13,0]],[[5399,8935],[0,32],[13,0]],[[5449,8935],[-25,0],[0,32]],[[5424,8967],[13,0],[0,32],[12,0],[0,-64]],[[5462,8967],[12,0]],[[5474,8967],[0,-32],[-12,0],[0,32]],[[5562,9031],[0,-64]],[[5562,8967],[-13,0],[0,-32]],[[5549,8935],[-25,0]],[[5524,8935],[0,32],[13,0]],[[5537,8967],[0,64]],[[5562,9064],[25,0]],[[5587,9064],[0,-33]],[[5574,8999],[25,0]],[[5637,9031],[0,-32],[12,0],[0,-32],[-25,0],[0,-32],[-25,0]],[[5599,8935],[0,32],[-12,0],[0,-32]],[[5587,8935],[-38,0]],[[5562,8967],[0,97]],[[5599,8935],[-12,0]],[[5949,8967],[13,0]],[[5962,8967],[0,-32],[-13,0],[0,32]],[[6024,8967],[13,0],[0,-32],[-13,0]],[[6024,8935],[0,32]],[[6387,8967],[12,0],[0,-32],[-12,0],[0,32]],[[7087,8967],[25,0],[0,-32],[-25,0],[0,32]],[[9287,9096],[0,-32],[-25,0],[0,-33],[-50,0],[0,33],[-100,0]],[[9112,9064],[0,32],[-25,0],[0,32],[-50,0],[0,-32],[12,0],[0,-32],[-37,0],[0,-33],[-13,0]],[[8999,9031],[0,33],[-75,0]],[[8887,9064],[-13,0],[0,32],[-25,0],[0,-32]],[[8849,9064],[-100,0]],[[8749,9031],[-12,0],[0,-32],[-25,0],[0,-32],[-13,0],[0,-32]],[[8699,8935],[-25,0]],[[8699,9031],[-12,0]],[[8687,9031],[0,65],[-25,0]],[[8662,9096],[0,32],[12,0],[0,32],[25,0],[0,-32],[25,0]],[[8737,9128],[137,0],[0,32],[-12,0],[0,33],[50,0]],[[8912,9193],[0,64],[-13,0],[0,32],[88,0],[0,-64],[37,0],[0,-32],[138,0],[0,-33],[12,0],[0,-32],[50,0],[0,-32],[63,0]],[[8887,8967],[12,0],[0,-32],[-12,0],[0,32]],[[9099,8967],[50,0]],[[9149,8967],[0,-32]],[[9149,8935],[-50,0]],[[9099,8935],[0,32]],[[1287,8999],[0,-32],[-37,0],[0,-32],[25,0],[0,-33],[-38,0],[0,33],[-25,0],[0,32]],[[1212,8967],[13,0],[0,32],[62,0]],[[6349,8999],[25,0],[0,-64]],[[6374,8935],[-12,0],[0,-33]],[[6362,8902],[-25,0],[0,65]],[[8749,9031],[13,0]],[[8774,9031],[38,0]],[[8812,9031],[0,-32]],[[8812,8999],[-13,0],[0,-64],[-50,0],[0,-33],[-12,0],[0,33],[-13,0],[0,32],[25,0],[0,64]],[[9399,9096],[38,0],[0,-32],[12,0],[0,-65],[13,0]],[[9462,8999],[0,-64],[12,0],[0,-33],[-50,0],[0,33],[-12,0],[0,-33],[-13,0],[0,65],[25,0],[0,64],[-12,0],[0,33],[-13,0],[0,32]],[[37,8935],[0,-33],[-12,0]],[[25,8902],[0,33],[12,0]],[[525,8935],[25,0],[0,-33],[-25,0],[0,33]],[[2637,8902],[-12,0],[0,33],[12,0],[0,-33]],[[5387,8935],[0,-33]],[[5387,8902],[-13,0]],[[5374,8902],[0,33],[13,0]],[[5387,8935],[12,0]],[[5399,8935],[0,-33]],[[5399,8902],[-12,0]],[[5562,8935],[37,0]],[[5599,8935],[0,-33]],[[5599,8902],[-37,0],[0,33]],[[5699,8935],[13,0],[0,-33],[-13,0],[0,33]],[[5799,8935],[13,0],[0,-33],[-13,0],[0,33]],[[6062,8935],[12,0],[0,-33],[-12,0]],[[6062,8902],[0,33]],[[6212,8935],[0,-33],[-13,0],[0,33],[13,0]],[[6387,8967],[0,-65]],[[6387,8902],[-25,0]],[[6374,8935],[0,32],[13,0]],[[6537,8935],[0,-33]],[[6537,8902],[-13,0],[0,33],[13,0]],[[6912,8935],[0,-33]],[[6912,8902],[-13,0],[0,33],[13,0]],[[7037,8935],[12,0],[0,-33]],[[7049,8902],[-12,0],[0,33]],[[8562,8902],[0,33],[12,0],[0,-33],[-12,0]],[[9037,8935],[50,0],[0,-33]],[[9087,8902],[-50,0]],[[9037,8902],[0,33]],[[9174,8902],[0,33],[25,0],[0,-33],[-25,0]],[[9374,8935],[13,0],[0,-33],[-13,0],[0,33]],[[9724,8935],[13,0],[0,-33]],[[9737,8902],[-13,0],[0,33]],[[462,8967],[0,-32],[50,0]],[[512,8935],[0,-33],[-75,0],[0,33],[-12,0],[0,-33],[-25,0]],[[400,8902],[0,-32],[-13,0]],[[387,8870],[0,32],[-12,0],[0,-32]],[[375,8870],[-13,0],[0,65],[13,0],[0,32],[87,0]],[[5537,8999],[0,-32]],[[5524,8935],[-25,0]],[[5499,8935],[0,-33],[-37,0],[0,-32]],[[5462,8870],[-13,0]],[[5449,8870],[0,32]],[[5449,8902],[-37,0]],[[5412,8902],[0,-32]],[[5412,8870],[-13,0]],[[5399,8870],[0,65]],[[5412,8967],[12,0]],[[5449,8935],[0,32],[13,0]],[[5474,8967],[25,0]],[[9487,8935],[12,0],[0,-65],[-12,0],[0,65]],[[25,8902],[0,-32],[-13,0],[0,32],[13,0]],[[387,8870],[-12,0]],[[612,8902],[13,0],[0,-32],[-13,0],[0,32]],[[2325,8902],[12,0],[0,-32],[-12,0],[0,32]],[[2637,8902],[13,0],[0,-32],[-13,0],[0,32]],[[3187,8902],[13,0]],[[3200,8902],[0,-32],[-13,0],[0,32]],[[5362,8902],[0,-32]],[[5362,8870],[-13,0]],[[5349,8870],[0,32],[13,0]],[[5374,8902],[25,0]],[[5399,8902],[0,-32]],[[5399,8870],[-25,0],[0,32]],[[5412,8902],[12,0]],[[5424,8902],[0,-32]],[[5424,8870],[-12,0]],[[5424,8902],[25,0]],[[5449,8870],[-25,0]],[[5599,8902],[13,0],[0,-32],[-13,0],[0,32]],[[5749,8870],[0,32],[13,0],[0,-32],[-13,0]],[[5962,8870],[-13,0]],[[5949,8870],[0,32],[13,0],[0,-32]],[[6099,8902],[13,0]],[[6112,8902],[0,-32]],[[6112,8870],[-13,0]],[[6099,8870],[0,32]],[[6112,8902],[12,0],[0,-32],[-12,0]],[[6387,8902],[0,-32],[-13,0]],[[6374,8870],[0,32],[13,0]],[[7099,8902],[13,0]],[[7112,8902],[0,-32]],[[7112,8870],[-13,0]],[[7099,8870],[0,32]],[[7149,8870],[0,32],[13,0],[0,-32],[-13,0]],[[7212,8902],[25,0],[0,-32],[-25,0],[0,32]],[[8224,8902],[25,0],[0,-32],[-25,0],[0,32]],[[8912,8902],[12,0],[0,-32],[-12,0],[0,32]],[[8937,8902],[25,0],[0,-32],[-25,0],[0,32]],[[9037,8902],[12,0]],[[9049,8902],[0,-32]],[[9049,8870],[-12,0]],[[9037,8870],[0,32]],[[9049,8902],[38,0]],[[9087,8902],[0,-32]],[[9087,8870],[-38,0]],[[9087,8902],[12,0],[0,-32]],[[9099,8870],[-12,0]],[[9162,8902],[12,0]],[[9174,8902],[0,-32]],[[9174,8870],[-12,0]],[[9162,8870],[0,32]],[[9737,8902],[50,0]],[[9787,8902],[0,-32]],[[9787,8870],[-50,0]],[[9737,8870],[0,32]],[[9937,8902],[12,0]],[[9949,8902],[0,-32]],[[9949,8870],[-12,0]],[[9937,8870],[0,32]],[[9999,8902],[0,-32]],[[9999,8870],[-12,0],[0,32],[12,0]],[[5999,8967],[25,0]],[[6024,8935],[38,0]],[[6062,8902],[25,0]],[[6087,8902],[0,-64]],[[6087,8838],[-38,0]],[[6049,8838],[0,32],[-25,0],[0,-32]],[[6024,8838],[-12,0]],[[6012,8838],[0,64]],[[6012,8902],[-13,0],[0,65]],[[1000,9031],[75,0],[0,-32],[25,0]],[[1125,8967],[0,-32],[-75,0],[0,-33],[-113,0],[0,-32],[-62,0],[0,-32],[-13,0],[0,32]],[[862,8870],[-137,0]],[[725,8870],[0,-32],[-50,0],[0,64],[200,0],[0,33],[12,0],[0,32],[63,0],[0,32],[12,0],[0,-32],[75,0],[0,32],[-37,0],[0,32]],[[3025,8902],[12,0],[0,-64],[-12,0],[0,64]],[[5362,8902],[12,0]],[[5374,8902],[0,-64],[-12,0]],[[5362,8838],[0,64]],[[5524,8902],[25,0]],[[5549,8902],[0,-64],[-25,0]],[[5524,8838],[0,64]],[[9112,9064],[0,-33],[-13,0],[0,-32],[25,0],[0,32],[25,0],[0,-32]],[[9149,8999],[113,0]],[[9262,8967],[75,0]],[[9337,8967],[0,-32],[-25,0],[0,-33]],[[9312,8902],[-25,0]],[[9287,8902],[0,33]],[[9287,8935],[-25,0],[0,-33],[-13,0],[0,-32]],[[9249,8870],[-12,0],[0,-32]],[[9237,8838],[-50,0],[0,32],[-13,0]],[[9174,8902],[-37,0]],[[9137,8902],[0,33]],[[9137,8935],[12,0]],[[9149,8967],[-62,0]],[[9087,8967],[0,32],[-25,0],[0,32],[25,0],[0,33],[25,0]],[[9287,8902],[12,0]],[[9299,8902],[0,-64],[-12,0]],[[9287,8838],[0,64]],[[137,8870],[13,0],[0,-32],[-13,0]],[[137,8838],[0,32]],[[800,8870],[37,0]],[[837,8870],[0,-32],[-37,0],[0,32]],[[1487,8870],[13,0],[0,-32]],[[1500,8838],[-13,0],[0,32]],[[5362,8870],[0,-32]],[[5362,8838],[-13,0],[0,32]],[[5399,8870],[25,0]],[[5424,8870],[0,-32]],[[5424,8838],[-25,0]],[[5399,8838],[0,32]],[[5424,8870],[13,0]],[[5437,8870],[0,-32]],[[5437,8838],[-13,0]],[[5474,8870],[13,0],[0,-32],[-13,0],[0,32]],[[5874,8870],[0,-32]],[[5874,8838],[-12,0]],[[5862,8838],[0,32],[12,0]],[[5949,8870],[0,-32]],[[5949,8838],[-12,0]],[[5937,8838],[0,32],[12,0]],[[5962,8870],[0,-32]],[[5962,8838],[-13,0]],[[6362,8870],[12,0]],[[6374,8870],[0,-32],[-12,0],[0,32]],[[6912,8902],[0,-64],[-50,0]],[[6862,8838],[0,32],[25,0]],[[6887,8870],[0,32],[25,0]],[[6924,8870],[25,0]],[[6949,8870],[0,-32]],[[6949,8838],[-25,0]],[[6924,8838],[0,32]],[[7149,8870],[0,-32],[-25,0],[0,32],[25,0]],[[7374,8870],[25,0],[0,-32],[-25,0],[0,32]],[[7824,8870],[13,0],[0,-32],[-13,0],[0,32]],[[8699,8870],[13,0],[0,-32],[-13,0],[0,32]],[[8724,8870],[13,0]],[[8737,8870],[0,-32]],[[8737,8838],[-13,0]],[[8724,8838],[0,32]],[[8737,8870],[12,0]],[[8749,8870],[0,-32],[-12,0]],[[9012,8870],[12,0],[0,-32],[-12,0],[0,32]],[[9174,8870],[0,-32],[-12,0]],[[9162,8838],[0,32]],[[9249,8870],[0,-32],[-12,0]],[[9262,8870],[12,0]],[[9274,8870],[0,-32]],[[9274,8838],[-12,0],[0,32]],[[9687,8870],[12,0],[0,-32],[-12,0],[0,32]],[[6987,9225],[37,0],[0,-97]],[[7024,9128],[-25,0]],[[6999,9096],[25,0]],[[7024,9096],[0,-65]],[[7024,8999],[0,-64],[13,0]],[[7049,8902],[0,-32],[-50,0]],[[6999,8870],[0,-32],[-12,0],[0,-32]],[[6987,8806],[-25,0]],[[6962,8806],[0,32]],[[6962,8838],[-13,0]],[[6949,8870],[-12,0]],[[6937,8870],[0,32],[-25,0]],[[6912,8935],[-25,0]],[[6887,8935],[0,32],[-13,0]],[[6862,9031],[0,33],[-13,0],[0,32]],[[6862,9128],[37,0]],[[6899,9128],[0,65],[13,0],[0,32],[25,0],[0,32],[50,0]],[[6212,8935],[75,0],[0,-33],[12,0],[0,-64],[-50,0]],[[6249,8838],[0,-32]],[[6249,8806],[-37,0],[0,129]],[[8862,8806],[-13,0],[0,96],[13,0],[0,-96]],[[1975,8870],[12,0],[0,-32],[13,0],[0,-32],[-25,0],[0,64]],[[5674,8870],[25,0],[0,-64],[-12,0],[0,32],[-13,0],[0,32]],[[6049,8838],[25,0]],[[6074,8838],[0,-32],[-37,0],[0,32]],[[6037,8838],[-13,0]],[[2987,8838],[0,-32]],[[2987,8806],[-12,0],[0,32],[12,0]],[[5399,8838],[0,-32]],[[5399,8806],[-12,0]],[[5387,8806],[0,32],[12,0]],[[5399,8838],[38,0]],[[5437,8838],[0,-32]],[[5437,8806],[-38,0]],[[5587,8806],[-13,0],[0,32],[13,0],[0,-32]],[[5749,8870],[0,-64],[-37,0],[0,32],[12,0],[0,32],[25,0]],[[5774,8838],[13,0],[0,-32],[-13,0],[0,32]],[[5849,8838],[25,0]],[[5874,8838],[0,-32]],[[5874,8806],[-25,0]],[[5849,8806],[0,32]],[[6099,8838],[13,0],[0,-32],[-13,0],[0,32]],[[6149,8838],[13,0],[0,-32],[-13,0],[0,32]],[[6324,8806],[-12,0],[0,32],[12,0],[0,-32]],[[6849,8838],[13,0]],[[6862,8838],[0,-32]],[[6862,8806],[-13,0]],[[6849,8806],[0,32]],[[6999,8870],[38,0],[0,-32],[-25,0]],[[7012,8838],[0,-32]],[[7012,8806],[-25,0]],[[7012,8838],[12,0],[0,-32]],[[7024,8806],[-12,0]],[[7199,8838],[13,0]],[[7212,8838],[0,-32]],[[7212,8806],[-13,0]],[[7199,8806],[0,32]],[[8737,8838],[0,-32],[-13,0]],[[8724,8806],[0,32]],[[9249,8870],[13,0]],[[9274,8838],[0,-32]],[[9274,8806],[-37,0],[0,32]],[[9724,8870],[25,0]],[[9749,8870],[0,-32],[13,0],[0,-32],[-50,0],[0,32],[12,0],[0,32]],[[9899,8902],[38,0]],[[9937,8870],[25,0]],[[9962,8870],[0,-64],[-75,0],[0,-33],[-13,0],[0,33],[-25,0],[0,32],[-25,0],[0,32],[-12,0],[0,-32],[-25,0]],[[9787,8838],[0,64]],[[9787,8902],[50,0]],[[9837,8902],[0,33],[50,0],[0,-65],[12,0],[0,32]],[[1500,8838],[0,-65],[-13,0],[0,33],[-12,0],[0,64],[12,0]],[[162,8838],[25,0]],[[187,8838],[0,-65],[-25,0],[0,65]],[[5849,8870],[0,-64]],[[5874,8806],[0,-33]],[[5874,8773],[-50,0]],[[5824,8773],[0,65]],[[5824,8838],[13,0],[0,32],[12,0]],[[6149,8838],[0,-65]],[[6149,8773],[-12,0]],[[6137,8773],[0,65],[12,0]],[[1725,8773],[-50,0],[0,33],[50,0],[0,-33]],[[2962,8806],[0,-33]],[[2962,8773],[-12,0],[0,33],[12,0]],[[5362,8806],[0,-33]],[[5362,8773],[-13,0]],[[5349,8773],[0,33],[13,0]],[[5362,8806],[25,0]],[[5387,8806],[0,-33]],[[5387,8773],[-25,0]],[[5587,8806],[12,0],[0,-33],[-12,0],[0,33]],[[5949,8773],[-37,0]],[[5912,8773],[0,33],[37,0],[0,-33]],[[6574,8806],[13,0],[0,-33],[-13,0],[0,33]],[[6824,8870],[0,-32]],[[6824,8838],[-25,0],[0,-32]],[[6799,8806],[-50,0]],[[6749,8806],[0,-33]],[[6749,8773],[-25,0],[0,33],[13,0],[0,32],[12,0],[0,32],[75,0]],[[6824,8902],[25,0]],[[6849,8902],[0,-96]],[[6849,8806],[-37,0]],[[6812,8806],[0,-33],[-25,0],[0,33]],[[6787,8806],[12,0]],[[6824,8838],[0,64]],[[6887,8806],[12,0],[0,-33],[-12,0],[0,33]],[[6999,8806],[13,0]],[[7012,8806],[0,-33],[-13,0]],[[6999,8773],[0,33]],[[7024,8806],[25,0],[0,-33]],[[7049,8773],[-25,0],[0,33]],[[7224,8806],[25,0]],[[7249,8806],[0,-33]],[[7249,8773],[-25,0]],[[7224,8773],[0,33]],[[8974,8773],[-12,0],[0,33],[12,0],[0,-33]],[[9037,8773],[-38,0],[0,33],[38,0],[0,-33]],[[9412,8806],[50,0],[0,-33],[-50,0],[0,33]],[[9487,8806],[12,0],[0,-33],[-12,0],[0,33]],[[8587,9096],[12,0]],[[8599,9096],[0,-65],[13,0],[0,-32],[-13,0],[0,-32],[-12,0],[0,-97],[-13,0],[0,-64],[-12,0],[0,-65],[-25,0],[0,32],[-13,0],[0,97],[13,0],[0,-32],[25,0],[0,64]],[[8562,8902],[-13,0],[0,33],[-25,0],[0,32],[25,0],[0,32],[13,0],[0,32],[12,0],[0,33],[13,0]],[[8587,9064],[0,32]],[[5862,8999],[12,0]],[[5924,8967],[25,0]],[[5962,8967],[37,0]],[[6012,8902],[0,-32]],[[6012,8870],[-13,0],[0,-32],[-12,0],[0,32],[-25,0]],[[5937,8838],[25,0]],[[5962,8838],[0,-32]],[[5962,8806],[37,0],[0,-33]],[[5999,8773],[-25,0],[0,-32]],[[5974,8741],[-12,0]],[[5962,8741],[0,32],[-13,0]],[[5912,8773],[-13,0]],[[5899,8773],[0,-32]],[[5899,8741],[-12,0]],[[5887,8741],[0,97],[12,0],[0,64],[-37,0],[0,33],[-13,0],[0,32]],[[5849,8967],[13,0]],[[575,8806],[12,0],[0,-65],[-12,0],[0,65]],[[8887,8741],[-13,0],[0,32],[-12,0],[0,33]],[[8862,8806],[12,0],[0,32],[13,0],[0,-32],[12,0],[0,-33],[-12,0],[0,-32]],[[9199,8741],[0,32],[-12,0]],[[9187,8773],[0,33],[25,0],[0,-65],[-13,0]],[[275,8773],[12,0]],[[287,8773],[0,-32],[-12,0],[0,32]],[[375,8773],[37,0]],[[412,8773],[0,-32],[-37,0],[0,32]],[[4350,8773],[37,0]],[[4387,8773],[0,-32]],[[4387,8741],[-37,0]],[[4350,8741],[0,32]],[[4475,8773],[0,-32],[-13,0]],[[4462,8741],[0,32],[13,0]],[[4512,8773],[13,0]],[[4525,8773],[0,-32]],[[4525,8741],[-13,0]],[[4512,8741],[0,32]],[[4550,8773],[12,0]],[[4562,8773],[0,-32]],[[4562,8741],[-12,0]],[[4550,8741],[0,32]],[[4562,8773],[25,0]],[[4587,8773],[0,-32]],[[4587,8741],[-25,0]],[[4587,8773],[13,0],[0,-32]],[[4600,8741],[-13,0]],[[5374,8773],[13,0]],[[5387,8773],[0,-32]],[[5387,8741],[-13,0]],[[5374,8741],[0,32]],[[5387,8773],[12,0],[0,-32],[-12,0]],[[5449,8806],[38,0]],[[5487,8806],[0,-33],[-25,0],[0,-32]],[[5462,8741],[-25,0]],[[5437,8741],[0,32],[12,0],[0,33]],[[5962,8741],[-13,0]],[[5949,8741],[0,32]],[[5999,8773],[0,-32]],[[5999,8741],[-25,0]],[[5999,8773],[25,0],[0,-32]],[[6024,8741],[-25,0]],[[6137,8773],[0,-32],[-13,0]],[[6124,8741],[0,32],[13,0]],[[6149,8773],[13,0]],[[6162,8773],[0,-32]],[[6162,8741],[-13,0],[0,32]],[[7524,8741],[0,32],[13,0],[0,-32],[-13,0]],[[8974,8773],[13,0],[0,-32],[-13,0],[0,32]],[[9199,8741],[-12,0],[0,32]],[[9949,8773],[13,0],[0,-32],[-13,0],[0,32]],[[6087,8902],[12,0]],[[6099,8870],[38,0],[0,-97]],[[6124,8741],[-12,0]],[[6112,8741],[0,32],[-25,0],[0,-32],[-13,0],[0,-32]],[[6074,8709],[-12,0]],[[6062,8709],[0,32]],[[6062,8741],[-38,0]],[[5962,8806],[0,64]],[[6012,8870],[0,-32]],[[6012,8838],[25,0]],[[6074,8838],[13,0]],[[2937,8773],[0,-64]],[[2937,8709],[-12,0],[0,64],[12,0]],[[4525,8773],[25,0]],[[4550,8773],[0,-64]],[[4550,8709],[-13,0]],[[4537,8709],[0,32],[-12,0]],[[5349,8773],[25,0]],[[5374,8741],[-12,0]],[[5362,8741],[0,-32]],[[5362,8709],[-13,0]],[[5349,8709],[0,64]],[[7124,8773],[13,0]],[[7137,8773],[0,-64],[-13,0],[0,64]],[[37,8741],[13,0]],[[50,8741],[0,-32]],[[50,8709],[-13,0]],[[37,8709],[0,32]],[[362,8709],[-25,0]],[[337,8709],[0,32],[25,0],[0,-32]],[[687,8741],[25,0],[0,-32],[-25,0],[0,32]],[[1112,8741],[25,0],[0,-32],[-25,0],[0,32]],[[4362,8741],[13,0]],[[4375,8741],[0,-32]],[[4375,8709],[-13,0]],[[4362,8709],[0,32]],[[4387,8773],[13,0],[0,-64]],[[4400,8709],[-25,0]],[[4375,8741],[12,0]],[[4412,8741],[0,-32]],[[4412,8709],[-12,0]],[[4400,8709],[0,32],[12,0]],[[4437,8741],[0,-32],[-25,0]],[[4412,8741],[13,0],[0,32],[25,0],[0,-32],[-13,0]],[[4537,8709],[-12,0]],[[4525,8709],[0,32]],[[4575,8741],[12,0]],[[4587,8741],[0,-32]],[[4587,8709],[-12,0],[0,32]],[[5499,8935],[38,0]],[[5537,8935],[0,-33]],[[5537,8902],[-13,0]],[[5524,8902],[0,-32]],[[5524,8870],[-12,0],[0,-32],[-13,0],[0,-32]],[[5499,8806],[-50,0]],[[5437,8741],[-13,0]],[[5424,8741],[0,-32]],[[5424,8709],[-37,0]],[[5387,8709],[0,32]],[[5387,8806],[50,0]],[[5437,8806],[0,64]],[[5437,8870],[25,0]],[[5624,8709],[-12,0]],[[5612,8709],[0,32],[12,0],[0,-32]],[[5699,8741],[25,0],[0,-32],[-25,0],[0,32]],[[5924,8741],[13,0],[0,-32],[-13,0],[0,32]],[[6062,8709],[-25,0],[0,32],[25,0]],[[6112,8741],[-13,0],[0,-32]],[[6099,8709],[-25,0]],[[6124,8741],[0,-32],[-12,0]],[[6112,8709],[0,32]],[[6649,8773],[13,0],[0,-64],[-25,0],[0,32],[12,0],[0,32]],[[6749,8773],[25,0],[0,-32]],[[6774,8741],[-12,0],[0,-32]],[[6762,8709],[-25,0]],[[6737,8709],[0,32],[12,0],[0,32]],[[6774,8741],[0,-32]],[[6774,8709],[-12,0]],[[7062,8741],[12,0],[0,-32],[-12,0],[0,32]],[[8049,8709],[-12,0],[0,32],[12,0],[0,-32]],[[8587,8709],[0,32],[12,0],[0,-32],[-12,0]],[[9524,8709],[0,32],[13,0],[0,-32],[-13,0]],[[9849,8741],[13,0],[0,-32],[-13,0],[0,32]],[[87,8741],[0,-64]],[[87,8677],[-12,0]],[[75,8677],[0,32]],[[75,8709],[-25,0]],[[50,8741],[-25,0]],[[25,8741],[0,32],[25,0],[0,33],[12,0],[0,-65],[25,0]],[[4475,8773],[37,0]],[[4512,8773],[0,-96]],[[4512,8677],[-50,0]],[[4462,8677],[0,64]],[[4525,8741],[0,-64]],[[4525,8677],[-13,0]],[[4512,8677],[0,64]],[[4600,8741],[0,-64]],[[4600,8677],[-13,0]],[[4587,8677],[0,64]],[[4600,8741],[12,0],[0,-64]],[[4612,8677],[-12,0]],[[5349,8773],[0,-96]],[[5349,8677],[-25,0],[0,64],[13,0],[0,32],[12,0]],[[5362,8741],[25,0]],[[5387,8709],[12,0]],[[5399,8709],[0,-32]],[[5399,8677],[-25,0]],[[5374,8677],[0,32]],[[5374,8709],[-12,0]],[[6599,8677],[0,64],[13,0],[0,-64],[-13,0]],[[8887,8741],[25,0],[0,-64],[-13,0],[0,32],[-12,0],[0,32]],[[37,8709],[38,0]],[[75,8677],[-38,0],[0,32]],[[87,8709],[13,0]],[[100,8709],[0,-32]],[[100,8677],[-13,0]],[[87,8677],[0,32]],[[337,8709],[0,-32]],[[337,8677],[-12,0],[0,32],[12,0]],[[337,8709],[38,0]],[[375,8709],[0,-32]],[[375,8677],[-38,0]],[[375,8709],[12,0]],[[387,8709],[0,-32]],[[387,8677],[-12,0]],[[787,8709],[13,0],[0,-32],[-13,0],[0,32]],[[4350,8741],[12,0]],[[4362,8741],[0,-64]],[[4362,8677],[-50,0],[0,32],[13,0],[0,32],[12,0],[0,32],[13,0]],[[4412,8709],[0,-32],[-12,0],[0,32]],[[4625,8677],[-13,0]],[[4612,8677],[0,32],[13,0],[0,-32]],[[5624,8709],[0,-32],[-12,0]],[[5612,8677],[0,32]],[[6699,8709],[25,0]],[[6724,8709],[0,-32]],[[6724,8677],[-25,0]],[[6699,8677],[0,32]],[[7099,8709],[0,-32]],[[7099,8677],[-12,0]],[[7087,8677],[0,32],[12,0]],[[8049,8709],[13,0]],[[8062,8709],[0,-32],[-13,0]],[[8049,8677],[0,32]],[[8387,8709],[25,0]],[[8412,8709],[0,-32],[-25,0],[0,32]],[[8462,8709],[12,0],[0,-32],[-12,0],[0,32]],[[8587,8709],[0,-32],[-13,0],[0,32],[13,0]],[[8774,8677],[-25,0],[0,32],[25,0],[0,-32]],[[8924,8709],[25,0],[0,-32],[-25,0],[0,32]],[[9199,8741],[0,-32],[13,0],[0,-32]],[[9212,8677],[-50,0]],[[9162,8677],[0,32]],[[9162,8709],[12,0]],[[9174,8709],[0,64],[13,0]],[[9237,8709],[12,0]],[[9249,8709],[0,-32]],[[9249,8677],[-12,0]],[[9237,8677],[0,32]],[[9474,8709],[13,0]],[[9487,8709],[0,-32]],[[9487,8677],[-13,0],[0,32]],[[9599,8709],[13,0],[0,-32]],[[9612,8677],[-13,0]],[[9599,8677],[0,32]],[[9624,8677],[0,32],[13,0],[0,-32],[-13,0]],[[9662,8709],[25,0],[0,-32],[-25,0],[0,32]],[[37,8935],[25,0],[0,-33],[38,0],[0,-32],[37,0]],[[137,8838],[25,0]],[[187,8838],[13,0],[0,-32],[50,0],[0,-33],[25,0]],[[287,8773],[13,0],[0,-64],[-25,0],[0,-32],[-38,0]],[[237,8677],[0,32],[-37,0]],[[200,8709],[0,-65]],[[200,8644],[-38,0]],[[162,8644],[0,33],[-37,0],[0,32]],[[125,8709],[-38,0]],[[87,8709],[0,32]],[[25,8741],[12,0]],[[37,8709],[-12,0],[0,-32],[-25,0]],[[0,8677],[0,290],[25,0],[0,-65]],[[100,8709],[25,0]],[[162,8644],[-50,0],[0,33],[-12,0]],[[237,8677],[-12,0],[0,-33]],[[225,8644],[-13,0]],[[212,8644],[0,33]],[[212,8677],[-12,0]],[[200,8677],[0,32]],[[2750,9289],[112,0],[0,-32],[25,0],[0,-32],[25,0],[0,-32],[38,0],[0,-33],[50,0],[0,-32],[12,0]],[[3012,9096],[63,0]],[[3100,8999],[37,0]],[[3150,8935],[0,-33],[37,0]],[[3200,8902],[12,0],[0,-32],[25,0],[0,-32],[50,0],[0,-32],[13,0],[0,-65],[-13,0],[0,-32],[-12,0],[0,-32],[-25,0],[0,-33],[-50,0]],[[3200,8644],[0,65]],[[3200,8709],[12,0],[0,32],[-37,0],[0,32],[-13,0],[0,33],[-37,0],[0,32],[-38,0],[0,-32],[-12,0],[0,32],[-25,0],[0,161],[-150,0],[0,32],[-13,0],[0,33],[-12,0],[0,32],[-13,0],[0,-32],[-12,0],[0,96],[-13,0],[0,33],[13,0],[0,32],[-63,0],[0,32],[-37,0],[0,32]],[[5349,8709],[25,0]],[[5374,8677],[-12,0],[0,-33]],[[5362,8644],[-13,0]],[[5349,8644],[0,65]],[[5399,8709],[38,0]],[[5437,8709],[0,-32],[-13,0],[0,-33]],[[5424,8644],[-25,0]],[[5399,8644],[0,65]],[[6424,8806],[75,0],[0,-65],[25,0],[0,32],[13,0],[0,33],[25,0],[0,-33],[-13,0],[0,-32],[-12,0],[0,-64],[-25,0],[0,-33],[-25,0],[0,33],[-13,0],[0,32],[13,0],[0,32],[-25,0],[0,-64],[-25,0],[0,32],[-13,0],[0,32],[-12,0],[0,32],[12,0],[0,33]],[[9062,8709],[25,0],[0,-65],[-13,0],[0,33],[-12,0]],[[9062,8677],[0,32]],[[9249,8709],[13,0]],[[9262,8709],[0,-65],[-13,0]],[[9249,8644],[0,65]],[[0,8677],[12,0],[0,-33],[-12,0],[0,33]],[[487,8644],[-12,0],[0,33],[12,0],[0,-33]],[[1850,8677],[12,0],[0,-33],[-12,0],[0,33]],[[1887,8677],[25,0],[0,-33],[-25,0],[0,33]],[[2675,8677],[37,0],[0,-33],[-37,0]],[[2675,8644],[0,33]],[[4425,8677],[12,0]],[[4437,8677],[0,-33]],[[4437,8644],[-12,0]],[[4425,8644],[0,33]],[[4437,8677],[13,0]],[[4450,8677],[0,-33],[-13,0]],[[5299,8677],[0,-33]],[[5299,8644],[-12,0]],[[5287,8644],[0,33],[12,0]],[[5337,8677],[12,0]],[[5349,8677],[0,-33]],[[5349,8644],[-12,0]],[[5337,8644],[0,33]],[[5374,8677],[0,-33]],[[5374,8644],[-12,0]],[[5399,8677],[0,-33]],[[5399,8644],[-25,0]],[[5699,8677],[13,0],[0,-33],[-13,0],[0,33]],[[5749,8677],[13,0],[0,-33],[-13,0],[0,33]],[[5987,8677],[0,-33]],[[5987,8644],[-13,0]],[[5974,8644],[0,33],[13,0]],[[5987,8677],[12,0],[0,-33],[-12,0]],[[6962,8677],[0,-33],[-13,0],[0,33],[13,0]],[[7062,8677],[12,0]],[[7074,8677],[0,-33],[-12,0],[0,33]],[[7137,8644],[-25,0]],[[7112,8644],[0,33],[25,0],[0,-33]],[[7224,8677],[13,0],[0,-33],[-13,0],[0,33]],[[7499,8677],[0,-33],[-12,0],[0,33],[12,0]],[[7937,8677],[12,0],[0,-33],[-12,0],[0,33]],[[8049,8677],[0,-33],[-12,0],[0,33],[12,0]],[[8774,8677],[13,0],[0,-33],[-13,0],[0,33]],[[9037,8677],[12,0]],[[9049,8677],[0,-33]],[[9049,8644],[-12,0]],[[9037,8644],[0,33]],[[9049,8677],[13,0]],[[9062,8677],[0,-33]],[[9062,8644],[-13,0]],[[9187,8677],[12,0]],[[9199,8677],[0,-33],[-12,0],[0,33]],[[9212,8677],[37,0]],[[9249,8677],[0,-33]],[[9249,8644],[-37,0]],[[9212,8644],[0,33]],[[9599,8677],[25,0]],[[9624,8677],[0,-33],[-25,0]],[[9599,8644],[0,33]],[[4550,8741],[25,0]],[[4587,8709],[0,-32]],[[4587,8677],[25,0]],[[4612,8677],[0,-33]],[[4612,8644],[-25,0]],[[4587,8644],[0,-32]],[[4587,8612],[-25,0]],[[4562,8612],[0,97]],[[4562,8709],[-12,0]],[[4550,8709],[0,32]],[[2062,8612],[-12,0],[0,97],[12,0],[0,-32],[25,0],[0,-33],[-25,0],[0,-32]],[[6162,8773],[50,0]],[[6212,8773],[0,-96],[-13,0],[0,-65],[-12,0],[0,32],[-38,0],[0,33],[-37,0],[0,32]],[[6124,8741],[38,0]],[[9449,8709],[25,0]],[[9487,8677],[0,-33]],[[9487,8644],[-25,0],[0,-32]],[[9462,8612],[-13,0]],[[9449,8612],[0,97]],[[212,8677],[0,-65]],[[212,8612],[-12,0]],[[200,8612],[0,65]],[[875,8644],[0,33],[50,0],[0,-65],[-13,0],[0,32],[-37,0]],[[4337,8677],[0,-65]],[[4337,8612],[-12,0],[0,65],[12,0]],[[5849,8677],[38,0],[0,-65],[-25,0],[0,32],[-13,0],[0,33]],[[6062,8644],[-13,0],[0,-32],[-25,0],[0,32],[-12,0]],[[6012,8644],[0,33],[50,0],[0,-33]],[[6374,8677],[25,0],[0,-33],[13,0],[0,-32],[-38,0],[0,65]],[[6549,8612],[0,65],[13,0],[0,-65],[-13,0]],[[6599,8677],[0,-65],[-12,0],[0,32],[-13,0],[0,33],[25,0]],[[6687,8644],[-25,0],[0,-32],[-13,0],[0,65],[38,0],[0,-33]],[[6749,8677],[13,0],[0,-33],[12,0],[0,-32],[-25,0],[0,65]],[[9999,8677],[0,-65],[-12,0]],[[9987,8612],[0,65],[12,0]],[[150,8644],[0,-32]],[[150,8612],[-25,0],[0,32],[25,0]],[[150,8644],[25,0]],[[175,8644],[0,-32]],[[175,8612],[-25,0]],[[225,8644],[0,-32],[-13,0]],[[212,8612],[0,32]],[[487,8644],[13,0],[0,-32]],[[500,8612],[-13,0],[0,32]],[[875,8644],[0,-32],[-13,0]],[[862,8612],[0,32],[13,0]],[[2175,8644],[12,0],[0,-32],[-12,0],[0,32]],[[4362,8612],[-12,0]],[[4350,8612],[0,32],[12,0],[0,-32]],[[4437,8644],[0,-32]],[[4437,8612],[-12,0]],[[4425,8612],[0,32]],[[4587,8644],[13,0]],[[4600,8644],[0,-32]],[[4600,8612],[-13,0]],[[4625,8677],[0,-65],[-25,0]],[[4600,8644],[12,0]],[[5287,8644],[0,-32]],[[5287,8612],[-13,0]],[[5274,8612],[0,32],[13,0]],[[5299,8644],[0,-32]],[[5299,8612],[-12,0]],[[5337,8644],[0,-32]],[[5337,8612],[-13,0]],[[5324,8612],[0,32],[13,0]],[[5349,8644],[0,-32],[-12,0]],[[5374,8644],[13,0]],[[5387,8644],[0,-32],[-13,0],[0,32]],[[5524,8644],[38,0],[0,-32],[-38,0],[0,32]],[[6062,8644],[25,0]],[[6087,8644],[0,-32]],[[6087,8612],[-25,0],[0,32]],[[7099,8644],[13,0]],[[7112,8644],[0,-32],[-13,0]],[[7099,8612],[0,32]],[[7187,8644],[12,0],[0,-32]],[[7199,8612],[-12,0]],[[7187,8612],[0,32]],[[7962,8644],[12,0],[0,-32],[-12,0],[0,32]],[[8324,8644],[13,0],[0,-32],[-13,0],[0,32]],[[9137,8612],[-25,0]],[[9112,8612],[0,32],[25,0],[0,-32]],[[9387,8612],[-25,0]],[[9362,8612],[0,32],[25,0],[0,-32]],[[9487,8644],[0,-32]],[[9487,8612],[-25,0]],[[9937,8644],[12,0],[0,-32],[-12,0],[0,32]],[[7874,9547],[63,0]],[[7937,9515],[37,0],[0,-32],[13,0],[0,32],[112,0],[0,-32],[50,0],[0,-32],[13,0],[0,-65],[-13,0],[0,-97],[-75,0]],[[8074,9289],[0,-32]],[[8074,9257],[-12,0]],[[8049,9289],[0,-64]],[[8049,9225],[-12,0],[0,32],[-38,0],[0,-32],[-12,0],[0,-32],[-88,0],[0,-33],[150,0],[0,-32],[13,0],[0,-64],[12,0]],[[8074,9064],[0,32],[25,0],[0,-32],[13,0],[0,-97],[-75,0],[0,-32],[-13,0],[0,32],[-12,0],[0,-65],[-25,0],[0,33],[-13,0],[0,32],[-12,0],[0,-32],[-25,0],[0,32],[-25,0],[0,32],[12,0],[0,65],[-12,0],[0,-33],[-25,0],[0,33],[-38,0],[0,32],[25,0],[0,32],[-12,0],[0,32],[-25,0],[0,-32],[-13,0],[0,32],[-50,0],[0,-32],[-12,0],[0,32],[-25,0],[0,-32],[-25,0],[0,-32],[-38,0],[0,-32],[-12,0],[0,-33],[-13,0],[0,33],[-12,0]],[[7637,9064],[0,-97]],[[7649,8999],[13,0]],[[7662,8999],[0,-32],[12,0],[0,32],[13,0],[0,-32],[25,0],[0,-32],[12,0],[0,32],[13,0],[0,-32],[12,0],[0,-33],[25,0],[0,-32],[13,0],[0,-32],[-38,0],[0,-32],[13,0],[0,-33],[25,0],[0,33],[37,0],[0,-65],[-12,0],[0,-32],[-13,0],[0,-32],[-12,0],[0,-33],[-25,0],[0,-32],[-38,0],[0,-32],[-37,0],[0,32],[-25,0],[0,32],[-25,0],[0,-32],[-13,0],[0,32],[-100,0],[0,-32],[-12,0],[0,65],[-13,0]],[[7499,8677],[0,32],[25,0],[0,32]],[[7524,8741],[-37,0],[0,32],[-13,0],[0,33],[-25,0],[0,32],[13,0],[0,32],[12,0],[0,32],[-25,0],[0,-32],[-12,0],[0,32],[-13,0],[0,33],[-25,0],[0,-33],[-25,0],[0,-32]],[[7374,8870],[-75,0],[0,-32],[-25,0],[0,32],[-12,0],[0,-64],[12,0],[0,-33]],[[7274,8773],[-25,0]],[[7249,8806],[-37,0]],[[7212,8838],[-25,0]],[[7187,8838],[0,-65],[-13,0],[0,-32],[-12,0],[0,32]],[[7162,8773],[-50,0]],[[7112,8773],[0,129]],[[7099,8902],[0,-64]],[[7099,8838],[-12,0],[0,32],[-25,0]],[[7062,8870],[0,65],[-25,0]],[[7037,8935],[0,96],[12,0],[0,33],[-12,0],[0,32],[-13,0]],[[7024,9096],[0,32]],[[7024,9128],[13,0],[0,32],[37,0],[0,65],[25,0],[0,-129],[38,0]],[[7112,9128],[0,32],[50,0]],[[7162,9193],[25,0],[0,32],[25,0],[0,-32],[25,0],[0,32],[-13,0],[0,32],[13,0],[0,32],[162,0],[0,97],[50,0],[0,32],[125,0],[0,33],[125,0]],[[7724,9418],[0,65],[75,0],[0,32],[13,0],[0,32],[25,0]],[[7849,9515],[0,65],[13,0]],[[6937,8870],[-13,0]],[[6924,8838],[38,0]],[[6962,8806],[-38,0]],[[6924,8806],[0,-33],[-12,0],[0,-32],[-38,0],[0,32],[-12,0],[0,-32],[-13,0],[0,32],[-12,0],[0,-64],[-13,0],[0,-32],[13,0],[0,-33],[50,0],[0,-32],[-13,0],[0,-32],[-12,0],[0,32],[-75,0],[0,32],[12,0],[0,97],[-25,0]],[[6749,8806],[38,0]],[[6812,8806],[50,0]],[[7187,8644],[-13,0]],[[7174,8644],[0,-32]],[[7174,8612],[-25,0],[0,-32]],[[7149,8580],[-12,0]],[[7137,8580],[0,64]],[[7137,8644],[25,0],[0,33],[25,0],[0,-33]],[[7187,8644],[0,-64]],[[7187,8580],[-13,0]],[[7174,8580],[0,64]],[[9174,8677],[13,0]],[[9199,8677],[13,0]],[[9212,8644],[25,0]],[[9237,8644],[0,-32],[-25,0],[0,-32]],[[9212,8580],[-13,0]],[[9199,8580],[0,32]],[[9199,8612],[-37,0]],[[9162,8612],[0,32],[12,0],[0,33]],[[175,8644],[25,0]],[[200,8644],[0,-32]],[[200,8612],[-13,0]],[[187,8612],[0,-32]],[[187,8580],[-25,0],[0,32],[13,0]],[[187,8612],[25,0]],[[212,8612],[0,-32],[-25,0]],[[525,8612],[0,-32]],[[525,8580],[-13,0],[0,32],[13,0]],[[862,8612],[0,-32]],[[862,8580],[-12,0]],[[850,8580],[0,32],[12,0]],[[975,8580],[-38,0]],[[937,8580],[0,32],[38,0],[0,-32]],[[2062,8612],[13,0],[0,-32],[-13,0],[0,32]],[[4387,8612],[13,0]],[[4400,8612],[0,-32]],[[4400,8580],[-13,0],[0,32]],[[4437,8612],[0,-32]],[[4437,8580],[-12,0]],[[4425,8580],[0,32]],[[4587,8612],[0,-32]],[[4587,8580],[-25,0]],[[4562,8580],[0,32]],[[4600,8612],[0,-32],[-13,0]],[[5274,8612],[0,-32]],[[5274,8580],[-12,0],[0,32],[12,0]],[[5324,8612],[0,-32],[-12,0]],[[5312,8580],[0,32],[12,0]],[[5474,8612],[38,0],[0,-32],[-38,0],[0,32]],[[6087,8612],[12,0],[0,-32],[-12,0],[0,32]],[[6112,8612],[12,0],[0,-32],[-12,0],[0,32]],[[6299,8612],[13,0],[0,-32],[-13,0],[0,32]],[[7174,8612],[0,-32]],[[7174,8580],[-25,0]],[[8087,8612],[12,0],[0,-32],[-12,0],[0,32]],[[8262,8612],[37,0],[0,-32],[-37,0],[0,32]],[[8787,8612],[12,0],[0,-32],[-12,0],[0,32]],[[8937,8612],[12,0],[0,-32],[-12,0],[0,32]],[[8999,8580],[-12,0],[0,32],[12,0],[0,-32]],[[9112,8612],[0,-32],[-13,0],[0,32],[13,0]],[[9137,8612],[25,0]],[[9162,8612],[0,-32],[-25,0],[0,32]],[[9187,8612],[12,0]],[[9199,8580],[-12,0]],[[9187,8580],[0,32]],[[9237,8644],[12,0]],[[9249,8644],[0,-64],[-37,0]],[[9362,8612],[0,-32]],[[9362,8580],[-13,0]],[[9349,8580],[0,32],[13,0]],[[9374,8612],[25,0]],[[9399,8612],[0,-32]],[[9399,8580],[-25,0]],[[9374,8580],[0,32]],[[4437,8741],[25,0]],[[4462,8677],[-37,0]],[[4425,8677],[0,-97]],[[4425,8580],[-13,0],[0,-32]],[[4412,8548],[-12,0]],[[4400,8548],[0,64]],[[4400,8612],[-38,0]],[[4350,8612],[-13,0]],[[4337,8677],[25,0]],[[4362,8677],[0,32]],[[4362,8709],[38,0]],[[4525,8709],[37,0]],[[4562,8709],[0,-129]],[[4562,8580],[-25,0]],[[4537,8580],[0,-32]],[[4537,8548],[-25,0]],[[4512,8548],[0,32]],[[4512,8580],[-37,0]],[[4475,8580],[0,32],[-13,0],[0,65]],[[4462,8677],[63,0]],[[4525,8677],[0,32]],[[4362,8612],[25,0]],[[4400,8580],[0,-32]],[[4400,8548],[-38,0],[0,64]],[[6549,8612],[0,-32],[-12,0],[0,-32],[-13,0],[0,64],[25,0]],[[8562,8548],[-25,0],[0,64],[12,0],[0,-32],[13,0],[0,-32]],[[9362,8612],[12,0]],[[9374,8612],[0,-64]],[[9374,8548],[-12,0]],[[9362,8548],[0,64]],[[487,8580],[13,0]],[[500,8580],[0,-32]],[[500,8548],[-13,0],[0,32]],[[537,8580],[13,0],[0,-32],[-13,0],[0,32]],[[862,8580],[13,0]],[[875,8580],[0,-32],[-13,0],[0,32]],[[900,8580],[25,0]],[[925,8580],[0,-32]],[[925,8548],[-25,0]],[[900,8548],[0,32]],[[4425,8580],[0,-32]],[[4425,8548],[-13,0]],[[4425,8580],[25,0]],[[4450,8580],[0,-32],[-25,0]],[[4487,8580],[25,0]],[[4512,8548],[-25,0]],[[4487,8548],[0,32]],[[4537,8580],[13,0],[0,-32],[-13,0]],[[5224,8580],[25,0]],[[5249,8580],[0,-32],[-25,0],[0,32]],[[5312,8580],[0,-32],[-13,0],[0,32],[13,0]],[[5349,8548],[0,32],[13,0],[0,-32],[-13,0]],[[5649,8612],[0,-64]],[[5649,8548],[-37,0],[0,32],[12,0],[0,32],[25,0]],[[5962,8580],[12,0],[0,-32],[-12,0],[0,32]],[[7099,8580],[13,0],[0,-32],[-13,0],[0,32]],[[7949,8580],[13,0],[0,-32],[-13,0],[0,32]],[[8812,8548],[0,32],[12,0],[0,-32],[-12,0]],[[8999,8580],[13,0],[0,-32],[-13,0],[0,32]],[[9049,8580],[13,0],[0,-32],[-13,0],[0,32]],[[9337,8580],[0,-32],[-13,0]],[[9324,8548],[0,32],[13,0]],[[4450,8677],[12,0]],[[4475,8580],[12,0]],[[4487,8548],[-25,0]],[[4462,8548],[0,-33]],[[4462,8515],[-12,0],[0,65]],[[4450,8580],[-13,0]],[[4437,8580],[0,64]],[[9524,8709],[0,-32],[13,0],[0,-33],[12,0],[0,-96],[-25,0],[0,-33],[-37,0],[0,97]],[[9487,8612],[12,0],[0,97],[25,0]],[[225,8580],[62,0],[0,-32],[38,0],[0,-33],[-100,0],[0,65]],[[962,8580],[25,0]],[[987,8580],[0,-32],[13,0],[0,-33]],[[1000,8515],[-25,0]],[[975,8515],[0,33],[-13,0]],[[962,8548],[0,32]],[[8312,8580],[12,0],[0,-65],[-12,0],[0,65]],[[975,8515],[-13,0]],[[962,8515],[0,33]],[[1025,8548],[12,0],[0,-33],[-12,0],[0,33]],[[3112,8515],[-25,0],[0,33],[25,0],[0,-33]],[[4462,8548],[13,0]],[[4475,8548],[0,-33]],[[4475,8515],[-13,0]],[[4475,8548],[12,0]],[[4487,8548],[0,-33]],[[4487,8515],[-12,0]],[[4487,8548],[13,0],[0,-33],[-13,0]],[[5199,8548],[0,-33]],[[5199,8515],[-12,0],[0,33],[12,0]],[[5337,8548],[0,-33]],[[5337,8515],[-13,0],[0,33],[13,0]],[[5374,8548],[50,0],[0,-33]],[[5424,8515],[-50,0]],[[5374,8515],[0,33]],[[5537,8548],[12,0],[0,-33],[-12,0]],[[5537,8515],[0,33]],[[5899,8548],[13,0],[0,-33],[-13,0],[0,33]],[[6037,8548],[37,0],[0,-33],[-37,0],[0,33]],[[6499,8548],[13,0],[0,-33],[-13,0],[0,33]],[[7137,8548],[0,-33]],[[7137,8515],[-13,0]],[[7124,8515],[0,33],[13,0]],[[7849,8548],[13,0],[0,-33],[-13,0],[0,33]],[[8112,8515],[-13,0],[0,33],[13,0],[0,-33]],[[8674,8515],[-37,0],[0,33],[37,0],[0,-33]],[[9187,8515],[-13,0]],[[9174,8515],[0,33],[13,0],[0,-33]],[[9324,8548],[0,-33],[-12,0],[0,33],[12,0]],[[9649,8548],[25,0],[0,-33],[-25,0],[0,33]],[[7187,8612],[37,0]],[[7224,8612],[0,-64],[-12,0],[0,-33],[-25,0],[0,-32]],[[7187,8483],[-13,0]],[[7174,8483],[0,32],[-12,0],[0,33],[-25,0]],[[7137,8548],[0,32]],[[7137,8580],[50,0]],[[7187,8580],[0,32]],[[9399,8580],[0,-97]],[[9399,8483],[-12,0],[0,65],[-13,0]],[[9374,8548],[0,32]],[[437,8548],[13,0]],[[450,8548],[0,-65]],[[450,8483],[-13,0]],[[437,8483],[0,65]],[[450,8548],[12,0]],[[462,8548],[0,-65]],[[462,8483],[-12,0]],[[5337,8548],[12,0]],[[5349,8548],[0,-33],[13,0],[0,-32]],[[5362,8483],[-25,0]],[[5337,8483],[0,65]],[[6262,8548],[0,-33],[12,0],[0,-32],[-37,0],[0,32],[-25,0],[0,33],[50,0]],[[6499,8548],[-12,0],[0,-33],[-38,0],[0,-32],[-25,0],[0,32],[-12,0],[0,33],[12,0],[0,32],[50,0],[0,32],[38,0],[0,-32],[-13,0],[0,-32]],[[8199,8548],[25,0],[0,-65],[-12,0],[0,32],[-13,0],[0,33]],[[8812,8548],[0,-65],[-13,0],[0,32],[-25,0],[0,33],[38,0]],[[9074,8548],[25,0]],[[9099,8548],[0,-65]],[[9099,8483],[-25,0]],[[9074,8483],[0,65]],[[9099,8548],[13,0]],[[9112,8548],[0,-33]],[[9112,8515],[12,0]],[[9124,8515],[0,-32]],[[9124,8483],[-25,0]],[[437,8515],[0,-32]],[[437,8483],[-12,0],[0,32],[12,0]],[[837,8548],[0,-33]],[[837,8515],[-25,0]],[[812,8515],[0,-32]],[[812,8483],[-37,0]],[[775,8483],[0,32]],[[775,8515],[25,0]],[[800,8515],[0,33],[37,0]],[[812,8515],[13,0]],[[825,8515],[0,-32],[-13,0]],[[837,8515],[25,0],[0,-32]],[[862,8483],[-25,0]],[[837,8483],[0,32]],[[5174,8515],[0,-32]],[[5174,8483],[-12,0],[0,32],[12,0]],[[5512,8515],[12,0],[0,-32],[-12,0]],[[5512,8483],[0,32]],[[5762,8515],[12,0],[0,-32],[-12,0],[0,32]],[[6712,8515],[12,0],[0,-32],[-12,0],[0,32]],[[7124,8515],[0,-32]],[[7124,8483],[-12,0],[0,32],[12,0]],[[7449,8515],[25,0],[0,-32],[-25,0],[0,32]],[[8112,8515],[12,0],[0,-32],[-12,0],[0,32]],[[8249,8548],[13,0],[0,-65],[-25,0],[0,32],[12,0],[0,33]],[[8674,8515],[13,0],[0,-32],[-13,0],[0,32]],[[9124,8515],[13,0]],[[9137,8515],[0,-32]],[[9137,8483],[-13,0]],[[9137,8515],[12,0]],[[9149,8515],[0,-32]],[[9149,8483],[-12,0]],[[9149,8515],[25,0]],[[9174,8515],[0,-32]],[[9174,8483],[-25,0]],[[9187,8515],[0,-32],[-13,0]],[[9624,8515],[13,0],[0,-32],[-13,0],[0,32]],[[9924,8515],[0,-32]],[[9924,8483],[-37,0]],[[9887,8483],[0,32],[37,0]],[[5599,8548],[0,-33]],[[5599,8515],[-12,0]],[[5587,8515],[0,-64]],[[5587,8451],[-13,0],[0,97],[25,0]],[[7174,8483],[-12,0]],[[7162,8483],[0,-32],[-13,0],[0,32],[-12,0]],[[7137,8483],[0,65]],[[3112,8515],[50,0],[0,-64],[-25,0],[0,32],[-25,0],[0,32]],[[5287,8451],[-25,0]],[[5262,8451],[0,32]],[[5262,8483],[-13,0]],[[5249,8483],[0,32],[25,0],[0,-32],[13,0],[0,-32]],[[5587,8515],[25,0]],[[5612,8515],[0,-32],[-13,0],[0,-32],[-12,0]],[[5712,8515],[12,0],[0,-64],[-12,0],[0,64]],[[6574,8451],[-25,0]],[[6549,8451],[0,32],[-12,0],[0,32],[12,0],[0,33],[13,0],[0,-33],[37,0],[0,-32],[-25,0],[0,-32]],[[7024,8709],[13,0],[0,-32]],[[7037,8677],[25,0]],[[7074,8677],[25,0]],[[7099,8677],[0,-65]],[[7137,8644],[0,-96]],[[7124,8483],[0,-32]],[[7124,8451],[-37,0]],[[7087,8451],[0,32],[-13,0],[0,-32]],[[7074,8451],[-12,0]],[[7062,8451],[0,64],[25,0],[0,33],[-88,0],[0,32],[13,0],[0,32],[-25,0],[0,32],[12,0],[0,33],[25,0]],[[7024,8677],[0,32]],[[7137,8515],[0,-64]],[[7137,8451],[-13,0]],[[7124,8451],[0,64]],[[9349,8548],[25,0]],[[9374,8548],[0,-33],[-12,0],[0,-64],[-25,0]],[[9337,8451],[0,64]],[[9337,8515],[12,0],[0,33]],[[9974,8515],[25,0],[0,-32],[-12,0],[0,-32],[-50,0]],[[9937,8451],[0,64],[25,0],[0,-32],[12,0],[0,32]],[[412,8451],[-25,0]],[[387,8451],[0,32],[25,0],[0,-32]],[[462,8515],[13,0],[0,-64]],[[475,8451],[-38,0]],[[437,8451],[0,32]],[[437,8483],[25,0]],[[462,8483],[0,32]],[[550,8483],[12,0],[0,-32],[-12,0],[0,32]],[[987,8483],[13,0],[0,-32]],[[1000,8451],[-13,0]],[[987,8451],[0,32]],[[1050,8451],[-38,0]],[[1012,8451],[0,32],[38,0],[0,-32]],[[5612,8677],[-13,0],[0,-97],[-12,0],[0,-32],[-50,0]],[[5537,8515],[-25,0]],[[5512,8483],[-13,0],[0,-32],[-37,0]],[[5462,8451],[0,32],[25,0],[0,65],[-13,0],[0,-33],[-12,0],[0,33],[-13,0],[0,32],[-12,0],[0,-97],[-38,0],[0,-32],[-12,0],[0,64]],[[5387,8515],[37,0]],[[5374,8548],[0,32]],[[5374,8580],[50,0],[0,32],[25,0],[0,32],[63,0],[0,33],[-25,0],[0,64],[12,0],[0,-32],[50,0],[0,-32],[38,0],[0,32],[25,0]],[[5812,8451],[0,32],[12,0],[0,-32],[-12,0]],[[7037,8451],[-13,0],[0,32],[13,0],[0,-32]],[[7087,8451],[-13,0]],[[8087,8483],[12,0],[0,-32],[-12,0],[0,32]],[[9324,8483],[13,0]],[[9337,8483],[0,-32]],[[9337,8451],[-13,0]],[[9324,8451],[0,32]],[[9549,8483],[0,-32],[-25,0]],[[9524,8451],[0,32],[25,0]],[[9562,8483],[12,0],[0,-32],[-12,0],[0,32]],[[9899,8483],[13,0]],[[9912,8483],[0,-32]],[[9912,8451],[-13,0]],[[9899,8451],[0,32]],[[9912,8483],[12,0]],[[9924,8483],[0,-32]],[[9924,8451],[-12,0]],[[9449,8515],[0,-96]],[[9449,8419],[-12,0]],[[9437,8419],[0,32]],[[9437,8451],[-13,0]],[[9424,8451],[0,64],[25,0]],[[837,8580],[25,0]],[[875,8580],[25,0]],[[900,8548],[50,0]],[[950,8548],[0,-33],[-50,0],[0,-64],[37,0],[0,-32]],[[937,8419],[-62,0]],[[875,8419],[0,32]],[[875,8451],[-25,0]],[[850,8451],[0,32]],[[850,8483],[12,0]],[[837,8515],[0,65]],[[6974,8451],[0,32],[38,0],[0,-64],[-25,0],[0,32],[-13,0]],[[9112,8483],[37,0]],[[9149,8483],[0,-64]],[[9149,8419],[-12,0]],[[9137,8419],[0,32],[-25,0],[0,32]],[[9449,8483],[13,0]],[[9462,8483],[0,-64]],[[9462,8419],[-13,0]],[[9449,8419],[0,64]],[[450,8451],[12,0]],[[462,8451],[0,-32]],[[462,8419],[-12,0],[0,32]],[[812,8451],[13,0],[0,-32],[-13,0],[0,32]],[[862,8451],[13,0]],[[875,8419],[-13,0]],[[862,8419],[0,32]],[[1000,8451],[0,-32]],[[1000,8419],[-13,0]],[[987,8419],[0,32]],[[1000,8451],[50,0]],[[1050,8451],[0,-32]],[[1050,8419],[-50,0]],[[1050,8451],[25,0],[0,-32]],[[1075,8419],[-25,0]],[[1300,8419],[-13,0],[0,32],[13,0],[0,-32]],[[5137,8419],[-13,0]],[[5124,8419],[0,32],[13,0],[0,-32]],[[5324,8451],[0,-32],[-12,0]],[[5312,8419],[0,32],[12,0]],[[5999,8419],[-37,0],[0,32],[37,0],[0,-32]],[[7037,8451],[25,0]],[[7062,8451],[0,-32],[-25,0],[0,32]],[[7087,8451],[0,-32]],[[7087,8419],[-13,0]],[[7074,8419],[0,32]],[[8899,8451],[13,0],[0,-32],[-13,0],[0,32]],[[8937,8451],[0,-32],[-13,0],[0,32],[13,0]],[[8962,8451],[12,0]],[[8974,8451],[0,-32],[-12,0],[0,32]],[[9274,8451],[13,0]],[[9287,8451],[0,-32]],[[9287,8419],[-13,0]],[[9274,8419],[0,32]],[[9337,8451],[0,-32],[-13,0]],[[9324,8419],[0,32]],[[9399,8483],[13,0]],[[9412,8483],[0,-64]],[[9412,8419],[-38,0]],[[9374,8419],[0,32],[25,0],[0,32]],[[9412,8451],[25,0]],[[9437,8419],[-25,0]],[[9412,8419],[0,32]],[[1537,8419],[-62,0],[0,-33],[-63,0],[0,33],[-12,0],[0,64],[-13,0],[0,32],[-12,0],[0,33],[-25,0],[0,32],[-38,0],[0,32],[-150,0],[0,32],[-12,0],[0,33],[25,0],[0,32],[12,0],[0,-32],[113,0],[0,32],[25,0],[0,-32],[125,0],[0,-33],[12,0],[0,-32],[13,0],[0,-64],[37,0],[0,-33],[13,0],[0,-32],[12,0],[0,-64]],[[6974,8451],[0,-65],[-75,0],[0,33],[-25,0],[0,32],[-12,0],[0,-32],[-13,0],[0,64],[-25,0],[0,32],[25,0],[0,33],[38,0],[0,-33],[37,0],[0,-32],[13,0],[0,-32],[37,0]],[[2762,8483],[38,0],[0,-64],[-13,0],[0,-33],[-12,0],[0,33],[-13,0],[0,64]],[[3162,8677],[25,0],[0,-33],[13,0]],[[3200,8644],[0,-32],[12,0],[0,-32],[13,0],[0,-65],[-13,0],[0,-129],[-25,0]],[[3187,8386],[0,33],[-12,0]],[[3175,8419],[0,64],[12,0],[0,32],[-12,0],[0,33],[-13,0],[0,32],[-12,0],[0,32],[12,0],[0,65]],[[4787,8483],[38,0],[0,-97],[-25,0],[0,33],[-13,0],[0,64]],[[387,8451],[0,-65]],[[387,8386],[-12,0],[0,65],[12,0]],[[437,8548],[0,-33]],[[437,8451],[13,0]],[[462,8419],[0,-33]],[[462,8386],[-75,0]],[[412,8451],[0,97],[25,0]],[[775,8451],[0,-65]],[[775,8386],[-13,0]],[[762,8386],[0,65],[13,0]],[[6574,8451],[0,-32],[-12,0],[0,-33]],[[6562,8386],[-13,0],[0,65]],[[7899,8419],[0,32],[25,0],[0,-65],[-12,0],[0,33],[-13,0]],[[9724,8451],[13,0]],[[9737,8451],[0,-65]],[[9737,8386],[-13,0]],[[9724,8386],[0,65]],[[987,8419],[50,0]],[[1037,8419],[0,-33],[-50,0],[0,33]],[[1100,8419],[12,0]],[[1112,8419],[0,-33]],[[1112,8386],[-12,0]],[[1100,8386],[0,33]],[[1162,8386],[0,33],[13,0],[0,-33],[-13,0]],[[1300,8419],[12,0],[0,-33],[-12,0]],[[1300,8386],[0,33]],[[1537,8419],[13,0],[0,-33],[-13,0],[0,33]],[[3187,8386],[-12,0],[0,33]],[[5137,8419],[0,-33]],[[5137,8386],[-13,0]],[[5124,8386],[0,33]],[[5237,8419],[25,0],[0,-33]],[[5262,8386],[-25,0]],[[5237,8386],[0,33]],[[5287,8419],[25,0]],[[5312,8419],[0,-33]],[[5312,8386],[-25,0]],[[5287,8386],[0,33]],[[5362,8419],[12,0],[0,-33],[-12,0],[0,33]],[[5699,8419],[13,0]],[[5712,8419],[0,-33],[-13,0],[0,33]],[[5812,8451],[0,-32]],[[5812,8419],[-13,0],[0,-33]],[[5799,8386],[-37,0]],[[5762,8386],[0,33],[25,0],[0,64],[12,0],[0,-32],[13,0]],[[5999,8419],[13,0],[0,-33],[-13,0]],[[5999,8386],[0,33]],[[6049,8419],[13,0],[0,-33],[-13,0],[0,33]],[[6124,8419],[25,0],[0,-33],[-25,0],[0,33]],[[6199,8419],[13,0],[0,-33],[-13,0],[0,33]],[[6362,8386],[0,33],[25,0],[0,-33],[-25,0]],[[6574,8451],[13,0],[0,-32],[12,0],[0,-33]],[[6599,8386],[-37,0]],[[7087,8419],[0,-33]],[[7087,8386],[-13,0]],[[7074,8386],[0,33]],[[7899,8419],[0,-33],[-12,0],[0,33],[12,0]],[[8837,8419],[25,0]],[[8862,8419],[0,-33]],[[8862,8386],[-25,0]],[[8837,8386],[0,33]],[[8987,8419],[12,0],[0,-33]],[[8999,8386],[-12,0]],[[8987,8386],[0,33]],[[9137,8419],[0,-33]],[[9137,8386],[-38,0]],[[9099,8386],[0,33],[38,0]],[[9249,8386],[-12,0],[0,33],[12,0],[0,-33]],[[9287,8419],[0,-33]],[[9287,8386],[-13,0]],[[9274,8386],[0,33]],[[9349,8419],[13,0]],[[9362,8419],[0,-33]],[[9362,8386],[-13,0],[0,33]],[[9362,8419],[12,0]],[[9374,8419],[0,-33],[-12,0]],[[9449,8419],[0,-33]],[[9449,8386],[-12,0]],[[9437,8386],[0,33]],[[9462,8419],[0,-33]],[[9462,8386],[-13,0]],[[9749,8419],[13,0],[0,-33],[-13,0],[0,33]],[[9174,8483],[0,-32],[-12,0],[0,-97]],[[9162,8354],[-13,0]],[[9149,8354],[0,129]],[[5212,8483],[50,0]],[[5262,8451],[-25,0]],[[5237,8451],[0,-65]],[[5237,8386],[-13,0]],[[5224,8386],[0,-32],[-12,0]],[[5212,8354],[0,65],[-13,0],[0,32],[13,0],[0,32]],[[937,8419],[0,-33],[-12,0],[0,-32]],[[925,8354],[-13,0]],[[912,8354],[0,32],[-25,0],[0,-32]],[[887,8354],[-12,0]],[[875,8354],[0,65]],[[5849,8419],[25,0],[0,-33]],[[5874,8386],[-12,0],[0,-32]],[[5862,8354],[-13,0]],[[5849,8354],[0,65]],[[7774,8419],[13,0],[0,-65],[-13,0],[0,65]],[[8799,8419],[13,0],[0,-33],[12,0],[0,-32]],[[8824,8354],[-25,0]],[[8799,8354],[0,65]],[[487,8386],[13,0]],[[500,8386],[0,-32]],[[500,8354],[-13,0]],[[487,8354],[0,32]],[[500,8386],[12,0]],[[512,8386],[0,-32]],[[512,8354],[-12,0]],[[762,8386],[0,-32]],[[762,8354],[-25,0],[0,32],[25,0]],[[775,8386],[0,-32]],[[775,8354],[-13,0]],[[875,8354],[-25,0]],[[850,8354],[0,32]],[[850,8386],[12,0]],[[862,8386],[0,33]],[[912,8354],[-25,0]],[[1137,8386],[25,0]],[[1162,8386],[0,-32]],[[1162,8354],[-25,0],[0,32]],[[1300,8386],[0,-32],[-13,0],[0,32],[13,0]],[[1800,8386],[0,-32],[-13,0],[0,32],[13,0]],[[2825,8386],[0,-32]],[[2825,8354],[-13,0],[0,32],[13,0]],[[3712,8354],[0,32],[25,0],[0,-32],[-25,0]],[[4975,8386],[12,0],[0,-32]],[[4987,8354],[-12,0],[0,32]],[[5899,8386],[0,-32]],[[5899,8354],[-12,0],[0,32],[12,0]],[[5999,8386],[0,-32],[-12,0]],[[5987,8354],[0,32],[12,0]],[[6324,8354],[-12,0]],[[6312,8354],[0,32],[12,0],[0,-32]],[[6362,8386],[0,-32],[-13,0]],[[6349,8354],[0,32],[13,0]],[[6424,8354],[-12,0],[0,32],[12,0],[0,-32]],[[6699,8386],[25,0]],[[6724,8386],[0,-32]],[[6724,8354],[-25,0]],[[6699,8354],[0,32]],[[6824,8354],[0,32],[38,0],[0,-32],[-38,0]],[[7149,8354],[-25,0],[0,32],[25,0],[0,-32]],[[7612,8386],[25,0],[0,-32],[-25,0],[0,32]],[[7749,8419],[13,0],[0,-65],[-25,0],[0,32],[12,0],[0,33]],[[8799,8386],[0,-32]],[[8799,8354],[-12,0]],[[8787,8354],[0,32],[12,0]],[[8949,8386],[13,0]],[[8962,8386],[0,-32]],[[8962,8354],[-13,0]],[[8949,8354],[0,32]],[[8962,8386],[12,0]],[[8974,8386],[0,-32]],[[8974,8354],[-12,0]],[[8999,8386],[0,-32]],[[8999,8354],[-12,0]],[[8987,8354],[0,32]],[[9087,8386],[37,0]],[[9124,8386],[0,-32],[-37,0],[0,32]],[[9199,8386],[13,0],[0,-32],[-13,0],[0,32]],[[9249,8386],[13,0],[0,-32],[-13,0],[0,32]],[[9449,8386],[0,-32],[-12,0]],[[9437,8354],[0,32]],[[9562,8386],[12,0]],[[9574,8386],[0,-32]],[[9574,8354],[-12,0]],[[9562,8354],[0,32]],[[9637,8386],[12,0]],[[9649,8386],[0,-32]],[[9649,8354],[-12,0]],[[9637,8354],[0,32]],[[9737,8386],[0,-32]],[[9737,8354],[-13,0]],[[9724,8354],[0,32]],[[5749,9096],[25,0]],[[5774,9096],[0,-65]],[[5787,9064],[75,0]],[[5824,8999],[0,32]],[[5812,8967],[37,0]],[[5887,8741],[-13,0]],[[5874,8741],[0,129]],[[5862,8838],[-13,0]],[[5849,8838],[0,32]],[[5824,8838],[0,-32]],[[5824,8806],[-25,0],[0,-33],[-25,0],[0,-64],[-12,0],[0,32],[-25,0],[0,32],[-38,0],[0,-32]],[[5699,8741],[-12,0],[0,32],[-25,0]],[[5662,8773],[0,-96],[-25,0],[0,32],[-13,0]],[[5374,8580],[0,-65]],[[5374,8515],[13,0]],[[5462,8451],[-25,0]],[[5437,8451],[0,-97],[-13,0],[0,32],[-12,0],[0,-64],[-38,0],[0,32],[-25,0],[0,65],[-12,0],[0,32],[-13,0]],[[5324,8451],[0,32]],[[5324,8483],[38,0]],[[5337,8548],[0,64]],[[5349,8644],[25,0]],[[5387,8644],[37,0]],[[5437,8709],[-13,0]],[[5424,8741],[38,0]],[[5487,8806],[12,0]],[[5524,8870],[0,-32]],[[5549,8902],[-12,0]],[[5537,8935],[25,0]],[[8899,8451],[0,32],[38,0],[0,-32]],[[8937,8451],[25,0]],[[8974,8451],[50,0]],[[9024,8451],[0,-32],[13,0],[0,-33],[-38,0]],[[8987,8419],[0,-65]],[[8987,8354],[-13,0]],[[8974,8386],[-25,0]],[[8949,8386],[0,-64]],[[8949,8322],[-25,0]],[[8924,8322],[0,64],[-25,0],[0,-64]],[[8899,8322],[-12,0],[0,32],[-13,0]],[[8874,8354],[0,-32]],[[8874,8322],[-12,0]],[[8862,8322],[0,97]],[[8837,8419],[0,32]],[[8837,8451],[12,0],[0,32],[13,0],[0,-32],[37,0]],[[9187,8515],[12,0],[0,-64],[-12,0],[0,-129]],[[9187,8322],[-13,0]],[[9174,8322],[0,32]],[[9174,8354],[-12,0]],[[8212,8451],[50,0],[0,-65],[12,0],[0,-32],[-25,0],[0,32],[-12,0],[0,-32],[-25,0],[0,-32],[-25,0],[0,97],[25,0],[0,32]],[[937,8419],[50,0]],[[1037,8419],[13,0]],[[1050,8419],[0,-33],[12,0],[0,-32],[-75,0],[0,-32]],[[987,8322],[-12,0]],[[975,8322],[0,64],[-13,0],[0,-64]],[[962,8322],[-25,0],[0,32]],[[937,8354],[-12,0]],[[975,8322],[-13,0]],[[6249,8386],[25,0],[0,-32]],[[6274,8354],[-12,0]],[[6262,8354],[0,-32]],[[6262,8322],[-13,0]],[[6249,8322],[0,64]],[[6537,8354],[-13,0]],[[6524,8354],[0,-32]],[[6524,8322],[-12,0]],[[6512,8322],[0,32],[-25,0]],[[6487,8354],[0,-32]],[[6487,8322],[-13,0]],[[6474,8322],[0,64],[63,0],[0,-32]],[[7937,8386],[12,0],[0,-32],[13,0],[0,-32],[-25,0],[0,64]],[[8924,8322],[-25,0]],[[9562,8354],[-13,0]],[[9549,8354],[0,-32],[-12,0]],[[9537,8322],[0,64],[25,0]],[[187,8354],[25,0],[0,-32],[-25,0],[0,32]],[[850,8354],[12,0]],[[862,8354],[0,-32]],[[862,8322],[-12,0]],[[850,8322],[0,32]],[[1275,8322],[-38,0]],[[1237,8322],[0,32],[38,0],[0,-32]],[[5124,8354],[13,0]],[[5137,8354],[0,-32],[-13,0],[0,32]],[[5324,8322],[0,32],[13,0],[0,-32],[-13,0]],[[5562,8354],[12,0],[0,-32]],[[5574,8322],[-12,0],[0,32]],[[5949,8354],[13,0],[0,-32],[-13,0],[0,32]],[[5974,8354],[13,0]],[[5987,8354],[0,-32]],[[5987,8322],[-13,0]],[[5974,8322],[0,32]],[[6149,8354],[13,0],[0,-32],[-13,0],[0,32]],[[6424,8354],[13,0],[0,-32]],[[6437,8322],[-13,0]],[[6424,8322],[0,32]],[[6724,8354],[0,-32]],[[6724,8322],[-25,0]],[[6699,8322],[0,32]],[[6824,8354],[0,-32],[-50,0]],[[6774,8322],[0,32]],[[6774,8354],[13,0]],[[6787,8354],[0,32],[12,0],[0,-32],[25,0]],[[6887,8354],[50,0],[0,-32],[-50,0],[0,32]],[[6999,8322],[-12,0],[0,32],[12,0],[0,-32]],[[7149,8354],[25,0],[0,-32]],[[7174,8322],[-25,0],[0,32]],[[7662,8354],[12,0],[0,-32],[-12,0],[0,32]],[[8374,8322],[-37,0]],[[8337,8322],[0,32],[37,0],[0,-32]],[[8737,8386],[25,0],[0,-32],[12,0],[0,-32],[-50,0],[0,32],[13,0],[0,32]],[[8962,8354],[0,-32]],[[8962,8322],[-13,0]],[[8949,8322],[0,32]],[[9149,8354],[25,0]],[[9174,8322],[-25,0]],[[9149,8322],[0,32]],[[9287,8322],[-13,0]],[[9274,8322],[0,32],[13,0],[0,-32]],[[9312,8354],[25,0],[0,-32],[-25,0]],[[9312,8322],[0,32]],[[9499,8419],[0,-65],[-37,0],[0,-32],[-25,0],[0,32]],[[9462,8386],[0,97]],[[9449,8483],[0,32]],[[9424,8451],[-12,0]],[[9412,8451],[0,32]],[[9399,8580],[13,0],[0,32],[25,0],[0,-32],[-13,0],[0,-32],[38,0],[0,32],[12,0],[0,-129],[38,0],[0,-32],[-13,0]],[[9612,8354],[0,-32]],[[9612,8322],[-13,0]],[[9599,8322],[0,32],[13,0]],[[9687,8322],[-13,0]],[[9674,8322],[0,32],[13,0],[0,-32]],[[9699,8354],[13,0]],[[9712,8354],[0,-32]],[[9712,8322],[-13,0]],[[9699,8322],[0,32]],[[9712,8354],[12,0]],[[9724,8354],[0,-32],[-12,0]],[[762,8515],[13,0]],[[775,8515],[0,-64]],[[762,8354],[0,-32]],[[762,8322],[-25,0]],[[737,8322],[0,-33]],[[737,8289],[-12,0]],[[725,8289],[0,97],[-13,0],[0,65],[13,0],[0,32],[37,0],[0,32]],[[9037,8773],[37,0],[0,-32],[38,0],[0,-32]],[[9112,8709],[50,0]],[[9162,8677],[12,0]],[[9162,8612],[25,0]],[[9187,8580],[25,0]],[[9212,8580],[0,-32],[12,0],[0,-33],[25,0],[0,33],[50,0],[0,64],[13,0],[0,32],[25,0],[0,-64]],[[9337,8580],[25,0]],[[9362,8580],[0,-32]],[[9362,8548],[-13,0]],[[9337,8515],[0,-32]],[[9324,8483],[0,-64]],[[9374,8419],[-25,0]],[[9362,8386],[0,-32],[-50,0]],[[9312,8322],[-25,0]],[[9274,8322],[-62,0]],[[9212,8322],[0,-33]],[[9212,8289],[-13,0],[0,33]],[[9199,8322],[-12,0]],[[9174,8515],[-62,0]],[[9112,8548],[-25,0]],[[9087,8548],[0,64],[-25,0]],[[9062,8612],[0,65]],[[9062,8709],[0,32]],[[9062,8741],[-25,0],[0,32]],[[9274,8451],[0,-65]],[[9287,8386],[0,65]],[[8487,8386],[0,-64],[25,0],[0,-33],[-38,0]],[[8474,8289],[0,65],[-12,0],[0,32],[25,0]],[[9587,8386],[50,0]],[[9637,8354],[25,0]],[[9662,8354],[0,-32]],[[9662,8322],[-25,0]],[[9637,8322],[0,-33]],[[9637,8289],[-25,0]],[[9612,8289],[0,65]],[[9599,8322],[-12,0],[0,64]],[[412,8354],[13,0]],[[425,8354],[0,-65],[-13,0]],[[412,8289],[0,65]],[[462,8354],[25,0]],[[487,8354],[0,-32],[-12,0],[0,-33]],[[475,8289],[-13,0]],[[462,8289],[0,65]],[[862,8354],[13,0]],[[875,8354],[0,-65]],[[875,8289],[-13,0]],[[862,8289],[0,65]],[[887,8354],[0,-65],[-12,0]],[[3087,8354],[38,0],[0,-32],[-13,0],[0,-33],[-25,0],[0,65]],[[3712,8354],[-62,0],[0,32],[-13,0],[0,33],[-25,0],[0,32],[-12,0],[0,64],[-25,0],[0,65],[-25,0],[0,64],[-13,0],[0,33],[-12,0],[0,32],[-25,0],[0,161],[12,0],[0,32],[13,0],[0,33]],[[3525,8935],[-25,0],[0,32],[-13,0],[0,129],[-25,0],[0,64],[-25,0],[0,194],[-50,0],[0,64],[-87,0],[0,33],[-113,0]],[[3187,9418],[-12,0],[0,33],[-13,0],[0,-33],[-50,0],[0,33],[-50,0],[0,32],[-37,0],[0,32],[-38,0],[0,65],[-12,0],[0,64],[62,0],[0,32],[138,0],[0,33],[-50,0],[0,64],[-38,0],[0,-32],[-37,0],[0,-32],[-75,0],[0,-33],[-38,0],[0,-64],[-25,0],[0,-32],[-62,0],[0,-33],[-13,0],[0,-32],[13,0],[0,-32],[-38,0],[0,-65],[-12,0],[0,-64],[-13,0]],[[2775,9386],[0,-64],[-63,0]],[[2675,9322],[-25,0],[0,-65]],[[2650,9257],[-38,0]],[[2612,9257],[0,32],[-25,0],[0,33]],[[2587,9322],[-25,0]],[[2600,9418],[25,0],[0,33],[-38,0]],[[2575,9451],[-25,0],[0,-33],[-13,0]],[[2487,9322],[13,0],[0,-65],[-25,0],[0,-32],[-38,0]],[[2437,9225],[0,32],[-37,0],[0,32],[-25,0]],[[2375,9322],[-38,0],[0,32],[-12,0]],[[2325,9386],[-25,0],[0,65]],[[2300,9451],[25,0],[0,32],[-25,0],[0,32],[12,0],[0,32],[-12,0],[0,33]],[[2300,9580],[-25,0],[0,32],[-13,0],[0,64],[50,0],[0,-32],[63,0],[0,-32]],[[2375,9515],[162,0]],[[2537,9547],[13,0],[0,-32]],[[2575,9580],[-50,0]],[[2512,9580],[-62,0]],[[2437,9580],[-12,0],[0,32],[-38,0],[0,64],[-37,0],[0,33],[-13,0],[0,32],[-12,0],[0,64],[25,0],[0,33],[87,0],[0,32],[38,0],[0,32],[137,0],[0,32],[50,0],[0,-32],[38,0],[0,32],[25,0],[0,33],[525,0],[0,-33],[62,0],[0,-32],[263,0],[0,32],[87,0],[0,33],[113,0],[0,32],[450,0],[0,-32],[137,0],[0,-65],[38,0],[0,-64],[37,0],[0,32],[13,0],[0,32],[37,0],[0,-32],[13,0],[0,32],[12,0],[0,-32],[138,0],[0,-65],[-113,0],[0,-64],[-12,0],[0,-32],[-50,0],[0,-65],[-50,0],[0,-32],[25,0],[0,-161],[12,0],[0,-33],[13,0],[0,-32],[-25,0],[0,-97],[-25,0],[0,-32],[-13,0],[0,-32],[-12,0],[0,-65],[-13,0],[0,-32],[13,0],[0,-97],[-13,0],[0,-32],[-50,0],[0,-32],[-12,0],[0,-32],[-100,0],[0,-33],[-13,0],[0,-32],[-125,0],[0,-32],[-12,0],[0,-32],[-13,0],[0,-65],[-50,0],[0,-32],[-112,0],[0,-65],[-38,0],[0,-129],[-25,0],[0,-96],[-12,0],[0,-65],[-13,0],[0,-65],[-75,0],[0,33],[-25,0],[0,32]],[[3250,9870],[0,-32],[37,0],[0,32],[-37,0]],[[2512,9805],[-37,0],[0,33],[-25,0]],[[2725,9483],[0,-32],[12,0],[0,32],[-12,0]],[[2437,9451],[-50,0],[0,-33],[25,0],[0,-96],[38,0],[0,32],[-13,0],[0,32],[-12,0],[0,32]],[[3500,9160],[0,-64],[25,0],[0,64],[-25,0]],[[4312,9064],[0,32],[-12,0],[0,-32],[12,0]],[[4312,9064],[0,-33],[13,0],[0,33],[-13,0]],[[3525,8935],[50,0],[0,64],[-13,0],[0,-32],[-37,0],[0,-32]],[[4987,8354],[0,-32],[-12,0],[0,-33]],[[4975,8289],[-25,0]],[[4950,8289],[0,65],[12,0],[0,32],[13,0]],[[5574,8322],[0,-33],[-37,0],[0,65],[25,0]],[[6337,8354],[12,0]],[[6349,8354],[0,-65]],[[6349,8289],[-12,0],[0,65]],[[6974,8289],[-25,0],[0,65],[25,0],[0,-65]],[[8562,8354],[0,-32],[-25,0],[0,-33],[-13,0],[0,65],[38,0]],[[8899,8322],[0,-33],[-25,0]],[[8874,8289],[0,65]],[[350,8322],[12,0],[0,-33],[-12,0],[0,33]],[[437,8322],[13,0],[0,-33],[-13,0],[0,33]],[[550,8289],[0,33],[12,0],[0,32],[38,0],[0,-32],[-25,0],[0,-33],[-25,0]],[[737,8322],[13,0]],[[750,8322],[0,-33]],[[750,8289],[-13,0]],[[812,8483],[0,-32]],[[812,8451],[-12,0],[0,-32],[-13,0],[0,-33],[13,0],[0,-32],[-13,0],[0,-32],[-12,0]],[[775,8322],[0,-33],[-25,0]],[[750,8322],[12,0]],[[775,8354],[0,129]],[[862,8322],[0,-33]],[[862,8289],[-12,0]],[[850,8289],[0,33]],[[975,8322],[37,0]],[[1012,8322],[0,-33]],[[1012,8289],[-37,0],[0,33]],[[1025,8322],[12,0]],[[1037,8322],[0,-33]],[[1037,8289],[-12,0]],[[1025,8289],[0,33]],[[1037,8322],[13,0]],[[1050,8322],[0,-33]],[[1050,8289],[-13,0]],[[3200,8322],[0,-33],[-25,0]],[[3175,8289],[0,33],[25,0]],[[5187,8322],[0,-33]],[[5187,8289],[-13,0],[0,33],[13,0]],[[5224,8322],[13,0],[0,-33],[-13,0],[0,33]],[[5587,8322],[12,0],[0,-33]],[[5599,8289],[-12,0],[0,33]],[[5799,8322],[0,-33]],[[5799,8289],[-12,0],[0,33],[12,0]],[[5912,8289],[0,33],[12,0],[0,-33],[-12,0]],[[6224,8322],[75,0]],[[6299,8322],[0,-33]],[[6299,8289],[-75,0]],[[6224,8289],[0,33]],[[6437,8322],[0,-33]],[[6437,8289],[-13,0],[0,33]],[[6462,8354],[0,-65]],[[6462,8289],[-25,0]],[[6437,8322],[12,0],[0,32],[13,0]],[[6837,8322],[12,0],[0,-33],[-12,0],[0,33]],[[7324,8322],[13,0],[0,-33],[-13,0],[0,33]],[[7424,8322],[0,-33],[-12,0],[0,33],[12,0]],[[8074,8322],[0,-33],[-12,0],[0,33],[12,0]],[[8374,8322],[13,0],[0,-33],[-13,0],[0,33]],[[8699,8289],[0,33],[13,0],[0,-33],[-13,0]],[[8999,8322],[13,0],[0,-33],[-13,0],[0,33]],[[9312,8322],[0,-33]],[[9312,8289],[-25,0],[0,33]],[[9612,8322],[0,-33]],[[9612,8289],[-13,0],[0,33]],[[9637,8322],[12,0],[0,-33],[-12,0]],[[9849,8451],[25,0],[0,-32],[-37,0],[0,-33],[-25,0],[0,-32],[-38,0],[0,-32],[-25,0],[0,-33],[-37,0],[0,33]],[[9724,8354],[-25,0]],[[9699,8354],[0,65]],[[9699,8419],[-12,0],[0,-33],[-13,0],[0,65],[13,0],[0,32],[75,0],[0,-32],[75,0],[0,32],[12,0],[0,-32]],[[9724,8451],[0,-97]],[[9737,8354],[0,97]],[[387,8386],[100,0]],[[462,8354],[0,-97]],[[462,8257],[-37,0],[0,97]],[[425,8354],[-38,0],[0,32]],[[5287,8386],[12,0]],[[5299,8386],[0,-32],[13,0],[0,-32],[12,0]],[[5324,8322],[0,-65]],[[5324,8257],[-25,0]],[[5299,8257],[0,65],[-12,0]],[[5287,8322],[0,64]],[[412,8289],[-25,0]],[[387,8289],[0,-32]],[[387,8257],[-25,0],[0,97],[50,0]],[[887,8354],[50,0]],[[937,8354],[0,-65],[-25,0],[0,-32],[-25,0],[0,97]],[[1050,8419],[50,0]],[[1100,8386],[37,0]],[[1162,8354],[0,-97]],[[1162,8257],[-25,0],[0,32],[-25,0],[0,-32]],[[1112,8257],[-25,0]],[[1087,8257],[0,32]],[[1087,8289],[-37,0]],[[1050,8322],[-25,0]],[[1025,8289],[-13,0]],[[1012,8322],[-25,0]],[[6349,8870],[0,-32],[-12,0],[0,-65],[-100,0],[0,-129],[12,0],[0,-64],[13,0],[0,-32]],[[6262,8548],[37,0],[0,-129],[38,0],[0,32],[12,0],[0,32],[13,0],[0,-32],[12,0],[0,64],[-50,0],[0,65],[50,0],[0,-32],[13,0],[0,-65],[25,0],[0,-32],[75,0],[0,32],[37,0],[0,-32],[25,0]],[[6562,8386],[0,-32]],[[6562,8354],[-25,0]],[[6474,8322],[-12,0]],[[6462,8322],[0,32]],[[6424,8322],[-37,0],[0,-65]],[[6387,8257],[-38,0]],[[6349,8257],[0,97]],[[6349,8354],[-25,0]],[[6312,8354],[-38,0]],[[6249,8386],[0,-32]],[[6249,8354],[-50,0],[0,-32],[-25,0],[0,-33],[-12,0]],[[6162,8289],[0,-32]],[[6162,8257],[-13,0]],[[6149,8257],[0,32]],[[6149,8289],[-37,0],[0,33],[-25,0],[0,-65],[-13,0],[0,65],[-25,0],[0,-33],[13,0],[0,-32]],[[6062,8257],[-50,0]],[[6012,8257],[0,32],[-13,0],[0,33]],[[5999,8322],[-12,0]],[[5974,8354],[0,32]],[[5974,8386],[-50,0],[0,-32],[-25,0]],[[5899,8386],[-25,0]],[[5849,8419],[0,-33]],[[5849,8386],[-37,0]],[[5812,8386],[0,65]],[[5762,8386],[-25,0]],[[5737,8386],[0,33]],[[5737,8419],[-138,0]],[[5599,8419],[0,-65],[13,0],[0,-65]],[[5612,8289],[-13,0]],[[5587,8322],[0,129]],[[5612,8515],[-13,0]],[[5599,8548],[50,0]],[[5649,8612],[13,0],[0,32],[12,0],[0,65],[-12,0],[0,64]],[[5824,8806],[0,-33]],[[5874,8773],[0,-32]],[[5874,8741],[25,0]],[[5899,8773],[50,0]],[[5949,8741],[25,0]],[[5974,8741],[0,-97]],[[5987,8644],[0,-32],[25,0],[0,32]],[[6087,8644],[12,0],[0,65]],[[6099,8709],[13,0]],[[6212,8773],[12,0],[0,33],[25,0]],[[6249,8838],[25,0],[0,-32],[50,0]],[[6324,8806],[0,64],[25,0]],[[6699,8354],[0,-97]],[[6699,8257],[-12,0],[0,97],[12,0]],[[5524,8257],[0,65],[13,0],[0,-65],[-13,0]],[[6437,8289],[0,-32],[-25,0],[0,32],[-13,0],[0,-32]],[[6399,8257],[-12,0]],[[6724,8354],[13,0],[0,-32],[25,0],[0,32]],[[6762,8354],[12,0]],[[6774,8354],[0,-65]],[[6774,8289],[-37,0],[0,-32]],[[6737,8257],[-25,0],[0,65]],[[6712,8322],[12,0]],[[7262,8257],[0,65],[37,0],[0,-33],[-12,0],[0,-32],[-25,0]],[[8337,8322],[0,-33],[-13,0],[0,-32],[-12,0],[0,32],[-13,0],[0,33],[38,0]],[[8812,8322],[12,0],[0,-65],[-12,0],[0,65]],[[8862,8322],[0,-65],[-13,0]],[[8849,8257],[0,65],[13,0]],[[9099,8322],[13,0],[0,-65],[-13,0],[0,65]],[[387,8289],[13,0],[0,-32],[-13,0]],[[475,8289],[0,-32],[-13,0]],[[462,8257],[0,32]],[[500,8289],[0,-32],[-13,0]],[[487,8257],[0,32],[13,0]],[[825,8322],[25,0]],[[850,8289],[-13,0]],[[837,8289],[0,-32]],[[837,8257],[-25,0]],[[812,8257],[0,32],[13,0]],[[825,8289],[0,33]],[[837,8289],[25,0]],[[862,8289],[0,-32],[-25,0]],[[1087,8257],[-25,0],[0,32],[25,0]],[[2775,8322],[12,0],[0,-65],[-25,0],[0,32],[13,0],[0,33]],[[4912,8289],[13,0],[0,-32],[-13,0],[0,32]],[[4975,8289],[0,-32],[-25,0],[0,32]],[[5662,8289],[12,0]],[[5674,8289],[0,-32],[-12,0]],[[5662,8257],[0,32]],[[5912,8289],[0,-32],[-13,0],[0,32],[13,0]],[[5987,8257],[-13,0],[0,32],[13,0],[0,-32]],[[6187,8289],[12,0]],[[6199,8289],[0,-32]],[[6199,8257],[-12,0]],[[6187,8257],[0,32]],[[6199,8289],[13,0]],[[6212,8289],[0,-32]],[[6212,8257],[-13,0]],[[6274,8289],[38,0]],[[6312,8289],[0,-32],[-38,0],[0,32]],[[6774,8289],[0,-32]],[[6774,8257],[-37,0]],[[6774,8289],[13,0],[0,-32],[-13,0]],[[6999,8289],[25,0],[0,-32],[-25,0],[0,32]],[[8699,8289],[0,-32],[-25,0],[0,32],[25,0]],[[9174,8322],[25,0]],[[9212,8289],[0,-32]],[[9212,8257],[-88,0]],[[9124,8257],[0,32],[50,0],[0,33]],[[9462,8289],[0,-32]],[[9462,8257],[-13,0]],[[9449,8257],[0,32],[13,0]],[[9462,8289],[12,0],[0,-32]],[[9474,8257],[-12,0]],[[9537,8289],[12,0],[0,-32],[-12,0]],[[9537,8257],[0,32]],[[9587,8289],[0,-32]],[[9587,8257],[-13,0],[0,32],[13,0]],[[9612,8289],[12,0],[0,-32],[-12,0],[0,32]],[[5187,8354],[25,0]],[[5212,8354],[0,-65],[-13,0],[0,-64],[-12,0]],[[5187,8225],[0,129]],[[825,8515],[12,0]],[[837,8483],[13,0]],[[850,8451],[12,0]],[[862,8451],[0,-65]],[[850,8386],[0,-64]],[[825,8322],[0,32]],[[825,8354],[12,0],[0,32],[-25,0],[0,-64],[-12,0],[0,-65],[-13,0],[0,-32]],[[787,8225],[-12,0]],[[775,8225],[0,97]],[[1162,8257],[0,-32]],[[1162,8225],[-37,0],[0,32],[-13,0]],[[1912,8225],[-12,0],[0,64],[12,0],[0,-64]],[[1750,9354],[0,-32],[37,0],[0,-65]],[[1787,9257],[38,0]],[[1825,9225],[87,0],[0,-32]],[[2050,9289],[12,0],[0,-64]],[[2062,9225],[25,0],[0,-32],[13,0],[0,-97],[37,0]],[[2137,9064],[50,0]],[[2187,9031],[13,0],[0,-64]],[[2200,8967],[50,0],[0,32],[12,0],[0,32],[38,0],[0,-32],[12,0],[0,129],[-100,0],[0,32],[-25,0]],[[2250,9322],[62,0],[0,-33]],[[2300,9257],[25,0],[0,-97],[25,0],[0,33],[-13,0],[0,32]],[[2437,9225],[13,0],[0,-32],[-38,0],[0,-65],[13,0],[0,-32],[12,0],[0,-32],[13,0]],[[2450,8999],[50,0],[0,-32]],[[2500,8967],[62,0],[0,-97],[25,0],[0,32],[25,0],[0,97],[-37,0],[0,32],[-38,0],[0,33],[-25,0],[0,32],[-25,0],[0,97],[13,0],[0,32],[12,0],[0,32],[13,0],[0,32],[50,0],[0,33],[12,0]],[[2650,9257],[0,32],[25,0]],[[2712,9289],[38,0]],[[3200,8709],[0,-32],[-25,0],[0,32],[-13,0],[0,32],[-25,0],[0,-32],[13,0],[0,-32],[12,0]],[[3175,8419],[-50,0],[0,32],[-63,0],[0,32],[-12,0],[0,-32],[-13,0],[0,32],[-12,0],[0,32],[-25,0],[0,33],[-25,0],[0,32],[-38,0],[0,32],[-37,0],[0,-32],[-25,0],[0,-65],[-13,0],[0,-32],[63,0],[0,32],[25,0],[0,-32],[37,0],[0,-32],[25,0],[0,-32],[13,0],[0,-33],[50,0],[0,-97]],[[3075,8289],[-25,0],[0,-32],[-38,0],[0,-32],[-25,0],[0,64],[-12,0],[0,-32],[-38,0],[0,-32],[-75,0],[0,32],[-37,0]],[[2825,8257],[0,32],[12,0],[0,65],[-12,0]],[[2825,8386],[12,0],[0,33],[-12,0],[0,64],[12,0],[0,32],[-25,0],[0,65],[13,0],[0,97],[12,0],[0,32],[100,0]],[[2937,8773],[25,0]],[[2962,8806],[25,0]],[[2987,8838],[-75,0],[0,-32],[-62,0],[0,96],[12,0],[0,33],[-12,0],[0,64],[-13,0],[0,-32],[-12,0],[0,-65],[-13,0],[0,-32],[-12,0],[0,32],[-13,0],[0,65],[-37,0]],[[2750,8967],[0,-65],[-25,0],[0,-32],[25,0],[0,-64],[-13,0],[0,-33],[-25,0],[0,-32],[-25,0],[0,-64],[-12,0]],[[2675,8644],[62,0],[0,-32],[38,0],[0,-64],[-13,0],[0,-33],[-25,0],[0,-32],[-12,0],[0,-32],[-63,0],[0,64]],[[2662,8515],[-50,0],[0,33],[-37,0],[0,64]],[[2575,8612],[-13,0],[0,-32],[-62,0],[0,-32],[-13,0],[0,-65],[-37,0],[0,-32],[-25,0],[0,-32],[-25,0],[0,-65],[-13,0],[0,65]],[[2387,8419],[-12,0],[0,64],[-13,0],[0,97],[-75,0],[0,32],[-62,0],[0,-32],[12,0],[0,-32],[13,0],[0,-33],[-100,0],[0,-32],[12,0],[0,-32],[25,0],[0,-32],[38,0],[0,-33],[25,0],[0,-32],[12,0],[0,-65],[-12,0],[0,33],[-13,0],[0,-33],[-25,0],[0,33],[-50,0],[0,32],[-12,0],[0,32],[-38,0],[0,33],[-50,0],[0,32],[-25,0],[0,32],[-25,0],[0,65],[13,0],[0,32],[-25,0],[0,64],[12,0],[0,33],[-25,0],[0,-33],[-12,0],[0,33],[-25,0],[0,-33],[-25,0],[0,65],[-63,0],[0,32],[-25,0],[0,32],[-37,0],[0,33],[-63,0],[0,-33],[-12,0]],[[1725,8773],[0,-32],[-25,0],[0,-32],[-13,0],[0,32]],[[1687,8741],[-37,0],[0,32],[-63,0]],[[1587,8773],[0,65],[-12,0],[0,-32],[-13,0],[0,64],[-37,0],[0,-32],[-25,0]],[[1487,8870],[0,32],[-25,0],[0,-32],[-12,0],[0,65],[37,0],[0,32],[-12,0],[0,64]],[[1475,9031],[12,0],[0,-32],[25,0],[0,32],[50,0],[0,-32],[13,0],[0,32],[62,0],[0,-32],[63,0],[0,-32],[37,0],[0,64],[-12,0],[0,33],[-25,0],[0,32],[12,0],[0,32],[-25,0],[0,32],[-25,0],[0,-64],[-62,0],[0,-32],[-25,0],[0,32],[-25,0],[0,32],[-25,0],[0,32],[-13,0],[0,65],[25,0],[0,129],[213,0]],[[2750,8967],[0,32],[-25,0],[0,-32],[25,0]],[[2200,8967],[-13,0],[0,-65],[-50,0],[0,-32],[100,0],[0,65],[-12,0],[0,-33],[-25,0],[0,65]],[[1837,8902],[0,-32],[88,0],[0,32],[-88,0]],[[1950,8902],[0,-32],[12,0],[0,32],[-12,0]],[[2587,8644],[13,0],[0,33],[-13,0],[0,-33]],[[2575,8612],[12,0],[0,32]],[[2587,8644],[-12,0],[0,-32]],[[2662,8515],[50,0],[0,33],[-12,0],[0,32],[-13,0],[0,-32],[-25,0],[0,-33]],[[5662,8257],[-13,0],[0,-32],[-12,0],[0,32]],[[5637,8257],[-13,0],[0,32],[38,0]],[[6662,9031],[25,0],[0,-32],[37,0]],[[6737,8999],[62,0],[0,-32],[38,0],[0,-32],[50,0]],[[6887,8935],[0,-65]],[[6849,8838],[0,64]],[[6824,8902],[0,-32]],[[6737,8709],[-38,0]],[[6699,8677],[13,0]],[[6712,8677],[0,-33],[-25,0]],[[6687,8644],[0,-32],[-13,0],[0,-32],[-12,0],[0,-32],[25,0],[0,32],[12,0],[0,-32],[63,0],[0,32],[37,0],[0,-32],[-12,0],[0,-65],[25,0],[0,-32],[-113,0],[0,-32],[25,0]],[[6724,8419],[0,-33]],[[6724,8386],[-50,0]],[[6674,8386],[0,33],[-12,0],[0,-97],[-13,0],[0,-97],[-12,0],[0,32],[-13,0],[0,32],[13,0],[0,33],[-13,0],[0,32],[-12,0]],[[6612,8354],[0,32]],[[6612,8386],[-13,0]],[[6349,8870],[13,0]],[[6387,8902],[37,0],[0,33],[13,0],[0,-33],[12,0],[0,33],[50,0],[0,-33],[38,0]],[[6537,8935],[112,0],[0,-33],[13,0],[0,33],[12,0],[0,32],[-25,0],[0,32],[13,0]],[[7437,8289],[50,0],[0,-32],[-13,0],[0,-32],[-12,0],[0,32],[-25,0],[0,32]],[[8974,8257],[13,0]],[[8987,8257],[0,-32]],[[8987,8225],[-25,0]],[[8962,8225],[0,64],[12,0],[0,-32]],[[587,8257],[13,0],[0,-32],[-13,0],[0,32]],[[825,8354],[0,-65]],[[812,8257],[13,0],[0,-32],[-38,0]],[[1162,8257],[38,0]],[[1200,8257],[0,-32]],[[1200,8225],[-38,0]],[[1275,8257],[12,0]],[[1287,8257],[0,-32]],[[1287,8225],[-12,0],[0,32]],[[2825,8257],[0,-32],[-13,0]],[[2812,8225],[0,32],[13,0]],[[3075,8225],[0,32],[12,0],[0,-32],[-12,0]],[[5274,8257],[38,0]],[[5312,8257],[0,-32]],[[5312,8225],[-38,0]],[[5274,8225],[0,32]],[[5374,8257],[13,0],[0,-32],[-13,0],[0,32]],[[5487,8257],[37,0]],[[5524,8257],[0,-32],[-37,0]],[[5487,8225],[0,32]],[[5987,8257],[12,0]],[[5999,8257],[0,-32]],[[5999,8225],[-12,0]],[[5987,8225],[0,32]],[[5999,8257],[38,0]],[[6037,8257],[0,-32]],[[6037,8225],[-38,0]],[[6162,8257],[0,-32]],[[6162,8225],[-13,0]],[[6149,8225],[0,32]],[[6224,8257],[38,0],[0,-32],[-38,0],[0,32]],[[6562,8257],[12,0],[0,-32],[-12,0],[0,32]],[[6749,8257],[25,0]],[[6774,8257],[0,-32]],[[6774,8225],[-25,0]],[[6749,8225],[0,32]],[[6912,8257],[12,0],[0,-32]],[[6924,8225],[-12,0]],[[6912,8225],[0,32]],[[7099,8257],[13,0],[0,-32],[-13,0],[0,32]],[[7624,8257],[13,0],[0,-32],[-13,0],[0,32]],[[8849,8257],[0,-32]],[[8849,8225],[-12,0],[0,32],[12,0]],[[8987,8257],[12,0]],[[8999,8257],[0,-32]],[[8999,8225],[-12,0]],[[8999,8257],[38,0]],[[9037,8257],[0,-32]],[[9037,8225],[-38,0]],[[9437,8257],[0,-32]],[[9437,8225],[-13,0],[0,32],[13,0]],[[9437,8257],[12,0]],[[9449,8257],[0,-32]],[[9449,8225],[-12,0]],[[9474,8257],[0,-32],[-12,0]],[[9462,8225],[0,32]],[[9537,8257],[0,-32]],[[9537,8225],[-13,0]],[[9524,8225],[0,32],[13,0]],[[1162,8354],[25,0],[0,-65],[13,0],[0,33]],[[1200,8322],[50,0]],[[1250,8322],[0,-33],[12,0],[0,-32]],[[1262,8257],[-12,0]],[[1250,8257],[0,-32],[12,0],[0,-32]],[[1262,8193],[-25,0]],[[1237,8193],[0,64]],[[1237,8257],[-75,0]],[[6512,8322],[25,0]],[[6537,8322],[0,-65],[12,0],[0,-32],[-25,0],[0,-32],[-25,0],[0,32],[-12,0]],[[6487,8225],[0,129]],[[8637,8193],[-13,0]],[[8624,8193],[0,64],[-25,0],[0,65],[13,0],[0,64],[-25,0],[0,-32],[-25,0]],[[8562,8354],[0,32],[-75,0]],[[8487,8386],[0,33],[12,0],[0,64],[25,0],[0,32]],[[8524,8515],[13,0],[0,-32],[25,0],[0,65]],[[8562,8548],[37,0],[0,32],[138,0],[0,-32],[25,0],[0,-65],[-38,0],[0,-64],[-25,0],[0,-33],[-12,0],[0,33],[-25,0],[0,-65],[-13,0],[0,32],[-25,0],[0,-32],[13,0],[0,-32],[12,0],[0,-65],[13,0],[0,-32],[-25,0],[0,-32]],[[5399,8289],[25,0],[0,-32],[-12,0],[0,-64],[-13,0],[0,96]],[[6912,8289],[0,-64]],[[6912,8225],[-13,0],[0,-32],[-12,0]],[[6887,8193],[0,96],[25,0]],[[1250,8257],[25,0]],[[1287,8225],[0,-32]],[[1287,8193],[-25,0]],[[1687,8257],[13,0],[0,-64],[-13,0],[0,64]],[[5137,8257],[25,0]],[[5162,8257],[0,-64]],[[5162,8193],[-13,0]],[[5149,8193],[0,32],[-12,0],[0,32]],[[7187,8257],[12,0],[0,-64],[-12,0],[0,64]],[[9212,8322],[75,0]],[[9312,8289],[0,-64],[-75,0]],[[9237,8225],[0,-32]],[[9237,8193],[-38,0],[0,32],[-12,0],[0,32],[25,0]],[[9212,8257],[0,65]],[[9537,8257],[50,0]],[[9587,8257],[0,-64],[-50,0]],[[9537,8193],[0,64]],[[550,8289],[0,-32],[-13,0],[0,-32],[-12,0],[0,-32]],[[525,8193],[-25,0],[0,32],[12,0]],[[512,8225],[0,64],[38,0]],[[612,8193],[0,32],[13,0],[0,-32],[-13,0]],[[1162,8225],[13,0]],[[1175,8225],[0,-32]],[[1175,8193],[-13,0],[0,32]],[[2412,8225],[13,0],[0,-32]],[[2425,8193],[-13,0],[0,32]],[[3100,8225],[12,0]],[[3112,8225],[0,-32],[-12,0],[0,32]],[[4862,8225],[0,-32]],[[4862,8193],[-12,0]],[[4850,8193],[0,32],[12,0]],[[4875,8225],[25,0],[0,-32]],[[4900,8193],[-25,0]],[[4875,8193],[0,32]],[[5274,8225],[13,0],[0,-32],[-13,0]],[[5274,8193],[0,32]],[[5349,8225],[13,0],[0,-32],[-13,0],[0,32]],[[5487,8225],[12,0],[0,-32],[-12,0]],[[5487,8193],[0,32]],[[6037,8225],[12,0]],[[6049,8225],[0,-32]],[[6049,8193],[-12,0]],[[6037,8193],[0,32]],[[6049,8225],[13,0]],[[6062,8225],[0,-32]],[[6062,8193],[-13,0]],[[6599,8225],[0,-32]],[[6599,8193],[-12,0]],[[6587,8193],[0,32],[12,0]],[[7162,8225],[12,0],[0,-32],[-12,0],[0,32]],[[8099,8225],[13,0],[0,-32],[-13,0],[0,32]],[[8937,8225],[12,0],[0,-32],[-12,0]],[[8937,8193],[0,32]],[[9237,8225],[12,0],[0,-32],[-12,0]],[[9462,8257],[0,-64]],[[9462,8193],[-50,0],[0,32],[37,0]],[[9537,8225],[0,-32]],[[9537,8193],[-13,0]],[[9524,8193],[0,32]],[[6737,8257],[12,0]],[[6749,8225],[38,0]],[[6787,8225],[0,-65],[-13,0],[0,33],[-37,0],[0,64]],[[1200,8257],[37,0]],[[1237,8193],[-25,0],[0,-33]],[[1212,8160],[-25,0]],[[1187,8160],[0,33],[-12,0]],[[1175,8225],[25,0]],[[4825,8193],[0,-33]],[[4825,8160],[-13,0]],[[4812,8160],[0,65],[25,0],[0,-32],[-12,0]],[[8474,8289],[0,-32],[-12,0],[0,-32],[-13,0],[0,-32],[-25,0],[0,-33],[-12,0]],[[8412,8160],[0,65],[12,0],[0,32],[13,0],[0,32],[37,0]],[[8849,8225],[13,0]],[[8862,8225],[0,-65]],[[8862,8160],[-13,0]],[[8849,8160],[0,65]],[[687,8193],[25,0],[0,-33],[-25,0],[0,33]],[[775,8193],[12,0],[0,-33],[-12,0],[0,33]],[[1187,8160],[-12,0],[0,33]],[[1237,8193],[0,-33],[-25,0]],[[1250,8193],[12,0]],[[1262,8193],[0,-33]],[[1262,8160],[-12,0]],[[1250,8160],[0,33]],[[1262,8193],[13,0]],[[1275,8193],[0,-33]],[[1275,8160],[-13,0]],[[1762,8193],[25,0],[0,-33],[-25,0],[0,33]],[[4812,8160],[-12,0]],[[4800,8160],[0,33],[12,0],[0,-33]],[[4862,8193],[0,-33]],[[4862,8160],[-12,0]],[[4850,8160],[0,33]],[[4887,8193],[13,0]],[[4900,8193],[0,-33]],[[4900,8160],[-13,0]],[[4887,8160],[0,33]],[[4900,8193],[12,0],[0,-33]],[[4912,8160],[-12,0]],[[5162,8193],[0,-33]],[[5162,8160],[-13,0],[0,33]],[[5299,8193],[13,0]],[[5312,8193],[0,-33],[-13,0]],[[5299,8160],[0,33]],[[6137,8193],[12,0],[0,-33],[-12,0],[0,33]],[[6837,8193],[12,0],[0,-33],[-12,0],[0,33]],[[6887,8193],[0,-33]],[[6887,8160],[-13,0]],[[6874,8160],[0,33],[13,0]],[[8237,8193],[12,0],[0,-33],[-12,0],[0,33]],[[8299,8193],[13,0]],[[8312,8193],[0,-33]],[[8312,8160],[-13,0],[0,33]],[[8362,8160],[-13,0]],[[8349,8160],[0,33],[13,0],[0,-33]],[[8474,8193],[13,0],[0,-33],[-13,0]],[[8474,8160],[0,33]],[[8587,8193],[12,0]],[[8599,8193],[0,-33]],[[8599,8160],[-12,0]],[[8587,8160],[0,33]],[[8599,8193],[25,0]],[[8624,8193],[0,-33]],[[8624,8160],[-25,0]],[[8912,8193],[12,0],[0,-33],[-12,0],[0,33]],[[3250,8193],[0,-65],[-38,0],[0,32],[-12,0],[0,33],[-13,0],[0,64]],[[3187,8257],[-12,0],[0,32]],[[3200,8322],[-13,0],[0,32],[25,0],[0,-32],[13,0],[0,-33],[12,0],[0,-32],[13,0],[0,-32],[12,0],[0,-32],[-12,0]],[[5299,8677],[38,0]],[[5337,8515],[0,-32]],[[5337,8483],[-13,0]],[[5287,8419],[0,-97]],[[5299,8257],[-25,0]],[[5274,8257],[0,-64]],[[5274,8193],[-25,0],[0,-33],[-37,0]],[[5212,8160],[0,-32]],[[5212,8128],[-13,0]],[[5199,8128],[0,32]],[[5199,8160],[-37,0]],[[5162,8160],[0,97]],[[5137,8257],[0,97]],[[5124,8354],[0,32]],[[5137,8386],[0,97],[37,0]],[[5174,8515],[25,0]],[[5199,8548],[13,0],[0,32],[12,0]],[[5249,8580],[25,0]],[[5274,8612],[25,0]],[[5299,8612],[0,65]],[[5249,8483],[-37,0]],[[5224,8386],[38,0]],[[5237,8419],[0,32]],[[5237,8451],[50,0]],[[5187,8354],[0,-32]],[[5187,8289],[0,-64]],[[1512,8225],[13,0],[0,-32],[12,0],[0,-33],[13,0],[0,-32],[-25,0],[0,32],[-13,0],[0,65]],[[9499,8225],[25,0]],[[9524,8193],[-12,0],[0,-65]],[[9512,8128],[-13,0]],[[9499,8128],[0,97]],[[1287,8225],[13,0],[0,-32],[25,0],[0,-33]],[[1325,8160],[-25,0],[0,-32]],[[1300,8128],[-13,0],[0,32]],[[1287,8160],[-12,0]],[[1275,8193],[12,0]],[[4825,8193],[25,0]],[[4850,8193],[0,-65]],[[4850,8128],[-25,0]],[[4825,8128],[0,65]],[[8549,8193],[25,0],[0,-33],[-12,0],[0,-32]],[[8562,8128],[-13,0]],[[8549,8128],[0,65]],[[8662,8193],[12,0],[0,-33],[13,0],[0,-32]],[[8687,8128],[-25,0]],[[8662,8128],[0,65]],[[1212,8160],[0,-32]],[[1212,8128],[-12,0],[0,32],[12,0]],[[1325,8160],[0,-32]],[[1325,8128],[-25,0]],[[1462,8160],[13,0],[0,-32],[-13,0],[0,32]],[[2912,8160],[13,0],[0,-32],[-13,0],[0,32]],[[3262,8160],[25,0],[0,-32]],[[3287,8128],[-25,0],[0,32]],[[4800,8160],[25,0]],[[4825,8160],[0,-32]],[[4825,8128],[-25,0],[0,32]],[[4875,8160],[12,0]],[[4887,8160],[0,-32],[-12,0]],[[4875,8128],[0,32]],[[5199,8128],[-25,0],[0,32],[25,0]],[[5212,8160],[12,0],[0,-32]],[[5224,8128],[-12,0]],[[6637,8160],[12,0]],[[6649,8160],[0,-32]],[[6649,8128],[-12,0],[0,32]],[[6812,8128],[-13,0],[0,32],[13,0],[0,-32]],[[6912,8160],[25,0]],[[6937,8160],[0,-32],[-25,0],[0,32]],[[7624,8160],[13,0],[0,-32],[-13,0],[0,32]],[[8187,8160],[12,0],[0,-32],[-12,0],[0,32]],[[8224,8160],[0,-32]],[[8224,8128],[-12,0]],[[8212,8128],[0,32],[12,0]],[[8312,8160],[25,0]],[[8337,8160],[0,-32]],[[8337,8128],[-25,0]],[[8312,8128],[0,32]],[[8337,8160],[12,0]],[[8349,8160],[0,-32],[-12,0]],[[8362,8160],[12,0],[0,-32]],[[8374,8128],[-12,0],[0,32]],[[8474,8160],[0,-32]],[[8474,8128],[-25,0]],[[8449,8128],[0,32],[25,0]],[[8474,8225],[38,0],[0,-32],[12,0],[0,-33]],[[8524,8160],[-12,0],[0,-32]],[[8512,8128],[-38,0]],[[8474,8193],[0,32]],[[8524,8160],[0,-32]],[[8524,8128],[-12,0]],[[8537,8160],[12,0]],[[8549,8160],[0,-32]],[[8549,8128],[-12,0]],[[8537,8128],[0,32]],[[9437,8160],[12,0]],[[9449,8160],[0,-32]],[[9449,8128],[-12,0]],[[9437,8128],[0,32]],[[775,8193],[0,-97],[-13,0]],[[762,8096],[0,64]],[[762,8160],[-25,0],[0,33],[38,0]],[[7649,8193],[13,0],[0,-33],[12,0],[0,-64],[-12,0],[0,32],[-13,0],[0,65]],[[5537,8128],[-13,0],[0,-32]],[[5524,8096],[-25,0]],[[5499,8096],[0,64],[38,0],[0,-32]],[[8412,8160],[0,-64],[-13,0]],[[8399,8096],[0,32]],[[8399,8128],[-12,0]],[[8387,8128],[0,32],[25,0]],[[8624,8193],[25,0]],[[8649,8193],[0,-33],[13,0]],[[8662,8160],[0,-32]],[[8662,8128],[-13,0]],[[8649,8128],[0,-32]],[[8649,8096],[-12,0],[0,32]],[[8637,8128],[-25,0]],[[8612,8128],[0,32]],[[8612,8160],[12,0]],[[1300,8128],[12,0]],[[1312,8128],[0,-32]],[[1312,8096],[-12,0]],[[1300,8096],[0,32]],[[3287,8128],[13,0],[0,-32]],[[3300,8096],[-13,0],[0,32]],[[4950,8128],[12,0],[0,-32],[-12,0],[0,32]],[[5224,8128],[13,0]],[[5237,8128],[0,-32],[-13,0]],[[5224,8096],[0,32]],[[5474,8096],[0,32],[13,0],[0,-32],[-13,0]],[[5537,8128],[0,-32],[-13,0]],[[5662,8257],[0,-32],[50,0],[0,32],[12,0],[0,-32],[25,0],[0,-32],[-25,0],[0,-33],[38,0],[0,-32],[-50,0],[0,32],[-25,0],[0,33],[-38,0],[0,-33]],[[5649,8160],[-25,0]],[[5624,8160],[0,-32],[-12,0],[0,-32],[-25,0]],[[5587,8096],[0,32],[12,0],[0,97],[13,0],[0,32],[25,0]],[[5674,8096],[-12,0],[0,32],[12,0],[0,-32]],[[5849,8128],[13,0],[0,-32],[-13,0],[0,32]],[[6924,8806],[75,0]],[[6999,8773],[-25,0]],[[6974,8773],[0,-32],[-12,0],[0,32],[-13,0],[0,-32],[-12,0],[0,-32],[25,0],[0,-32]],[[6962,8677],[12,0],[0,32],[13,0],[0,32],[37,0]],[[7024,8741],[0,-64]],[[7074,8451],[0,-65]],[[7074,8386],[-12,0]],[[7062,8386],[0,-64],[-13,0],[0,32],[-25,0],[0,-32],[-25,0]],[[6999,8322],[0,-33]],[[6999,8289],[-25,0]],[[6974,8289],[0,-32],[-25,0],[0,-32]],[[6949,8225],[-25,0]],[[6912,8257],[0,32]],[[6874,8160],[-12,0]],[[6862,8160],[0,-32],[-13,0],[0,-32],[-37,0],[0,32]],[[6812,8128],[12,0],[0,65],[-25,0],[0,32]],[[6799,8225],[-25,0]],[[6774,8289],[0,33]],[[6787,8354],[-25,0]],[[6724,8354],[0,65]],[[6712,8677],[12,0]],[[6724,8709],[50,0]],[[7024,8128],[25,0]],[[7049,8128],[0,-32]],[[7049,8096],[-25,0],[0,32]],[[7074,8096],[-12,0]],[[7062,8096],[0,32],[12,0],[0,-32]],[[7212,8128],[12,0],[0,-32],[-12,0],[0,32]],[[7349,8128],[25,0],[0,-32],[-25,0],[0,32]],[[7724,8128],[13,0],[0,-32],[-13,0],[0,32]],[[7762,8096],[0,32],[12,0],[0,-32],[-12,0]],[[8337,8128],[0,-32]],[[8337,8096],[-25,0]],[[8312,8096],[0,32]],[[8374,8128],[13,0]],[[8387,8128],[0,-32],[-13,0],[0,32]],[[8562,8128],[25,0]],[[8587,8128],[0,-32]],[[8587,8096],[-25,0]],[[8562,8096],[0,32]],[[8587,8128],[12,0]],[[8599,8128],[0,-32]],[[8599,8096],[-12,0]],[[8687,8128],[12,0]],[[8699,8128],[0,-32]],[[8699,8096],[-12,0],[0,32]],[[9399,8193],[50,0]],[[9449,8193],[0,-33]],[[9437,8160],[0,-96]],[[9437,8064],[-38,0]],[[9399,8064],[0,129]],[[4825,8128],[0,-32]],[[4825,8096],[-25,0],[0,-32],[-13,0],[0,96],[13,0]],[[1312,8128],[13,0]],[[1325,8128],[0,-64]],[[1325,8064],[-13,0]],[[1312,8064],[0,64]],[[8149,8128],[0,-64]],[[8149,8064],[-25,0]],[[8124,8064],[0,32],[-12,0],[0,32],[37,0]],[[8699,8128],[25,0]],[[8724,8128],[0,-64],[-25,0]],[[8699,8064],[0,64]],[[9537,8322],[0,-65]],[[9499,8225],[0,-32]],[[9499,8193],[-12,0],[0,-33],[-13,0],[0,-32],[-12,0],[0,-32]],[[9462,8096],[-13,0],[0,-32]],[[9449,8064],[-12,0]],[[9437,8064],[0,64]],[[9449,8128],[0,65]],[[9449,8193],[13,0]],[[9462,8193],[0,32]],[[9474,8257],[13,0],[0,32],[37,0],[0,33],[13,0]],[[1250,8096],[12,0]],[[1262,8096],[0,-32]],[[1262,8064],[-12,0],[0,32]],[[1312,8096],[0,-32]],[[1312,8064],[-12,0]],[[1300,8064],[0,32]],[[1325,8096],[12,0]],[[1337,8096],[0,-32]],[[1337,8064],[-12,0]],[[1325,8064],[0,32]],[[1350,8096],[12,0],[0,-32],[-12,0],[0,32]],[[1450,8096],[12,0],[0,-32],[-12,0],[0,32]],[[1725,8096],[12,0],[0,-32],[-12,0],[0,32]],[[2800,8064],[-25,0]],[[2775,8064],[0,32],[25,0],[0,-32]],[[4825,8096],[0,-32]],[[4825,8064],[-13,0]],[[4812,8064],[0,32],[13,0]],[[5249,8096],[25,0]],[[5274,8096],[0,-32]],[[5274,8064],[-25,0]],[[5249,8064],[0,32]],[[5474,8096],[0,-32]],[[5474,8064],[-12,0]],[[5462,8064],[0,32],[12,0]],[[5524,8096],[0,-32],[-25,0],[0,32]],[[5587,8096],[0,-32],[-13,0]],[[5574,8064],[0,32],[13,0]],[[6574,8128],[13,0],[0,-64],[-25,0],[0,32],[12,0],[0,32]],[[7162,8096],[25,0]],[[7187,8096],[0,-32]],[[7187,8064],[-25,0]],[[7162,8064],[0,32]],[[7762,8096],[0,-32],[-13,0],[0,32],[13,0]],[[8062,8096],[25,0],[0,-32]],[[8087,8064],[-25,0]],[[8062,8064],[0,32]],[[8149,8096],[13,0]],[[8162,8096],[0,-32]],[[8162,8064],[-13,0]],[[8149,8064],[0,32]],[[8199,8096],[13,0]],[[8212,8096],[0,-32]],[[8212,8064],[-13,0]],[[8199,8064],[0,32]],[[8212,8096],[50,0]],[[8262,8096],[0,-32]],[[8262,8064],[-50,0]],[[8274,8193],[25,0]],[[8312,8160],[0,-96]],[[8312,8064],[-38,0],[0,32],[25,0],[0,32],[-37,0],[0,32],[12,0],[0,33]],[[9462,8096],[0,-32],[-13,0]],[[9499,8096],[13,0]],[[9512,8096],[0,-32],[-13,0]],[[9499,8064],[0,32]],[[6674,8386],[25,0]],[[6699,8257],[0,-32]],[[6699,8225],[-12,0],[0,-65],[12,0],[0,-32],[-12,0],[0,-32],[-13,0],[0,-32],[13,0],[0,-33]],[[6687,8031],[-38,0]],[[6649,8031],[0,129]],[[6649,8160],[-37,0]],[[6612,8160],[0,33]],[[6612,8193],[-13,0]],[[6599,8193],[0,64]],[[6599,8257],[13,0]],[[6612,8257],[0,97]],[[9399,8193],[0,-162]],[[9399,8031],[-12,0]],[[9387,8031],[0,97]],[[9387,8128],[-13,0],[0,32]],[[9374,8160],[13,0],[0,33],[12,0]],[[1212,8128],[25,0],[0,-32]],[[1237,8096],[13,0]],[[1262,8064],[0,-33]],[[1262,8031],[-25,0],[0,33],[-12,0],[0,32],[-13,0],[0,32]],[[6962,8128],[12,0]],[[6974,8128],[0,-97]],[[6974,8031],[-25,0]],[[6949,8031],[0,65]],[[6949,8096],[13,0]],[[6962,8096],[0,32]],[[7499,8128],[0,-64]],[[7499,8064],[-25,0]],[[7474,8064],[0,-33]],[[7474,8031],[-37,0]],[[7437,8031],[0,33]],[[7437,8064],[-13,0]],[[7424,8064],[0,32],[13,0],[0,32],[-25,0],[0,32],[-25,0],[0,33],[37,0],[0,32],[13,0],[0,-32],[75,0],[0,32],[12,0],[0,-32],[13,0],[0,-65],[-38,0]],[[7599,8096],[13,0],[0,-32],[12,0],[0,-33],[-25,0],[0,65]],[[8524,8160],[13,0]],[[8537,8128],[25,0]],[[8562,8096],[-25,0],[0,-32],[12,0],[0,-33],[-25,0],[0,33],[-50,0]],[[8474,8064],[0,32],[25,0],[0,32]],[[8499,8128],[25,0]],[[8912,8225],[0,-97],[-25,0],[0,-32],[-25,0],[0,-32],[-13,0],[0,-33],[-12,0],[0,33]],[[8837,8064],[-13,0],[0,-33],[-25,0]],[[8799,8031],[0,65],[25,0],[0,32],[25,0]],[[8849,8128],[0,32]],[[8862,8160],[0,33]],[[8862,8193],[25,0],[0,32],[25,0]],[[9337,8096],[0,-65],[-13,0]],[[9324,8031],[0,65],[13,0]],[[1337,8064],[0,-33]],[[1337,8031],[-12,0]],[[1325,8031],[0,33]],[[4825,8064],[0,-33]],[[4825,8031],[-13,0]],[[4812,8031],[0,33]],[[5337,8064],[12,0]],[[5349,8064],[0,-33]],[[5349,8031],[-12,0]],[[5337,8031],[0,33]],[[5449,8064],[25,0]],[[5474,8064],[0,-33],[-25,0]],[[5449,8031],[0,33]],[[6287,8064],[12,0],[0,-33],[-12,0],[0,33]],[[6862,8064],[0,-33]],[[6862,8031],[-13,0]],[[6849,8031],[0,33],[13,0]],[[7137,8064],[12,0]],[[7149,8064],[0,-33]],[[7149,8031],[-12,0],[0,33]],[[7187,8064],[0,-33]],[[7187,8031],[-25,0]],[[7162,8031],[0,33]],[[7212,8031],[0,33],[12,0],[0,-33],[-12,0]],[[7262,8064],[12,0]],[[7274,8064],[0,-33]],[[7274,8031],[-12,0]],[[7262,8031],[0,33]],[[7412,8064],[25,0]],[[7437,8031],[-25,0]],[[7412,8031],[0,33]],[[7474,8064],[13,0]],[[7487,8064],[0,-33]],[[7487,8031],[-13,0]],[[7549,8096],[25,0],[0,-32],[-12,0],[0,-33],[-25,0],[0,33],[12,0],[0,32]],[[7649,8064],[13,0],[0,-33],[-13,0],[0,33]],[[8074,8064],[25,0]],[[8099,8064],[0,-33],[-25,0]],[[8074,8031],[0,33]],[[8137,8064],[25,0]],[[8162,8064],[0,-33]],[[8162,8031],[-25,0]],[[8137,8031],[0,33]],[[8474,8064],[0,-33],[-12,0],[0,33],[12,0]],[[9449,8064],[0,-33]],[[9449,8031],[-12,0]],[[9437,8031],[0,33]],[[7037,8128],[-13,0]],[[7049,8096],[0,-65],[13,0],[0,-32]],[[7062,7999],[-38,0]],[[7024,7999],[0,32],[-12,0],[0,33],[-13,0],[0,-33],[-12,0],[0,-32],[-13,0]],[[6974,7999],[0,129]],[[6974,8128],[38,0]],[[7012,8128],[0,65],[12,0],[0,-33],[13,0],[0,-32]],[[6699,8322],[13,0]],[[6787,8225],[12,0]],[[6862,8160],[25,0]],[[6912,8225],[0,-65]],[[6912,8160],[-13,0],[0,-32],[-25,0],[0,-32],[-12,0]],[[6862,8096],[0,-32]],[[6849,8031],[-62,0]],[[6787,8031],[0,-32]],[[6787,7999],[-25,0]],[[6762,7999],[0,32]],[[6762,8031],[-75,0]],[[6699,8225],[0,97]],[[6937,8160],[25,0]],[[6962,8160],[0,-64]],[[6949,8096],[0,-32]],[[6949,8064],[-12,0]],[[6937,8064],[0,-33]],[[6937,8031],[-38,0]],[[6899,8031],[0,33]],[[6899,8064],[-12,0],[0,-65]],[[6887,7999],[-25,0]],[[6862,7999],[0,97]],[[7049,8096],[25,0]],[[7074,8096],[0,-32],[13,0]],[[7087,8064],[0,-33]],[[7087,8031],[-13,0],[0,-32]],[[7074,7999],[-12,0]],[[7074,8096],[25,0],[0,-32]],[[7099,8064],[25,0]],[[7124,8064],[0,-33],[-12,0],[0,-32],[-25,0]],[[7087,7999],[0,65]],[[8062,8096],[-13,0],[0,-97]],[[8049,7999],[-12,0]],[[8037,7999],[0,32],[-13,0]],[[8024,8031],[0,65]],[[8024,8096],[13,0],[0,32],[25,0],[0,-32]],[[8062,8064],[12,0]],[[8074,8031],[-12,0]],[[8062,8031],[0,-32]],[[8062,7999],[-13,0]],[[8599,8128],[38,0]],[[8649,8096],[0,-32]],[[8649,8064],[-50,0],[0,-65],[-12,0],[0,32],[-13,0],[0,33],[-12,0],[0,32]],[[8562,8096],[37,0]],[[2800,8064],[0,-65]],[[2800,7999],[-25,0],[0,65]],[[2800,8064],[12,0]],[[2812,8064],[0,-65]],[[2812,7999],[-12,0]],[[2812,8064],[13,0],[0,-65],[-13,0]],[[6899,8064],[0,-65]],[[6899,7999],[-12,0]],[[7274,7999],[0,65]],[[7274,8064],[13,0]],[[7287,8064],[0,64],[25,0],[0,-97],[-25,0],[0,-32],[-13,0]],[[9462,8096],[25,0],[0,-65],[-13,0]],[[9474,8031],[0,-32]],[[9474,7999],[-12,0],[0,32],[-13,0]],[[9512,8096],[12,0]],[[9524,8096],[0,-97]],[[9524,7999],[-25,0],[0,65]],[[1237,8193],[13,0]],[[1250,8160],[37,0]],[[1300,8128],[0,-64]],[[1300,8064],[25,0]],[[1325,8031],[-38,0],[0,-32]],[[1287,7999],[-37,0],[0,32],[12,0]],[[1262,8031],[0,65]],[[1262,8096],[-25,0]],[[1400,8031],[0,-32]],[[1400,7999],[-13,0],[0,32],[13,0]],[[1900,8031],[0,-32],[-13,0],[0,32],[13,0]],[[5274,8031],[0,-32]],[[5274,7999],[-12,0]],[[5262,7999],[0,32],[12,0]],[[5312,8031],[0,-32],[-13,0],[0,32],[13,0]],[[5324,8031],[13,0]],[[5337,8031],[0,-32]],[[5337,7999],[-13,0],[0,32]],[[5349,8031],[0,-32]],[[5349,7999],[-12,0]],[[5449,8031],[13,0],[0,-32],[-13,0]],[[5449,7999],[0,32]],[[6649,8031],[13,0]],[[6662,8031],[0,-32],[-13,0]],[[6649,7999],[0,32]],[[6687,8031],[37,0]],[[6724,8031],[0,-32]],[[6724,7999],[-37,0]],[[6687,7999],[0,32]],[[6724,8031],[38,0]],[[6762,7999],[-38,0]],[[7149,8031],[13,0]],[[7162,8031],[0,-32],[-13,0],[0,32]],[[7199,8031],[13,0]],[[7212,8031],[0,-32]],[[7212,7999],[-13,0]],[[7199,7999],[0,32]],[[7262,8096],[0,-65]],[[7262,8031],[-13,0],[0,-32]],[[7249,7999],[-37,0]],[[7212,8031],[-25,0]],[[7187,8031],[0,65]],[[7187,8096],[12,0]],[[7199,8096],[0,32],[-12,0],[0,32],[25,0],[0,33],[12,0],[0,32],[13,0],[0,-97],[25,0],[0,32],[12,0],[0,-64],[-12,0]],[[7274,8031],[0,-32]],[[7274,7999],[-12,0],[0,32]],[[8137,8031],[0,-32]],[[8137,7999],[-13,0]],[[8124,7999],[0,32],[13,0]],[[8799,8031],[0,-32],[-25,0]],[[8774,7999],[0,32],[25,0]],[[9524,8031],[13,0],[0,-32]],[[9537,7999],[-13,0]],[[9524,7999],[0,32]],[[5437,8451],[50,0],[0,-97],[37,0],[0,-97]],[[5487,8257],[0,-64]],[[5487,8193],[-13,0],[0,-97]],[[5462,8064],[-13,0]],[[5449,8064],[0,-65]],[[5449,7999],[-50,0]],[[5399,7999],[0,-32]],[[5399,7967],[-37,0]],[[5362,7967],[0,32]],[[5362,7999],[-13,0]],[[5349,7999],[0,65]],[[5337,8064],[0,32],[-13,0],[0,32],[-12,0]],[[5312,8128],[0,65]],[[5299,8193],[0,32],[13,0]],[[5312,8257],[12,0]],[[5299,8386],[13,0]],[[1325,8160],[12,0],[0,-32],[38,0],[0,-64],[12,0],[0,64],[38,0],[0,-32],[-13,0],[0,-32],[-12,0]],[[1400,8064],[0,-33]],[[1400,7999],[0,-32]],[[1400,7967],[-25,0],[0,32],[-25,0]],[[1350,7999],[0,32]],[[1350,8031],[-13,0]],[[1337,8031],[0,65]],[[1325,8096],[0,64]],[[4862,8225],[13,0]],[[4875,8193],[12,0]],[[4875,8160],[0,-64]],[[4875,8096],[37,0],[0,-32],[-25,0],[0,-33],[-12,0],[0,-32],[-13,0],[0,-32],[-12,0]],[[4850,7967],[0,32],[-13,0],[0,32]],[[4837,8031],[-12,0]],[[4825,8031],[0,97]],[[4850,8128],[0,32]],[[4862,8160],[0,65]],[[1912,8225],[25,0],[0,-32],[-12,0],[0,-33],[12,0],[0,-64],[-12,0],[0,32],[-13,0],[0,-64],[13,0],[0,-97],[-13,0],[0,64],[-12,0]],[[1900,8031],[0,33],[-13,0],[0,32],[13,0],[0,64],[12,0],[0,65]],[[2925,8064],[62,0],[0,-33],[13,0],[0,-32],[-13,0],[0,-32],[-12,0],[0,32],[-13,0],[0,-32],[-12,0],[0,32],[-25,0],[0,65]],[[1325,8031],[25,0]],[[1350,7999],[-13,0],[0,-32],[-12,0],[0,64]],[[4812,8031],[25,0]],[[4850,7967],[-38,0]],[[4812,7967],[0,64]],[[5274,8064],[0,-33]],[[5262,7999],[-13,0],[0,-32]],[[5249,7967],[-12,0]],[[5237,7967],[0,64]],[[5237,8031],[12,0]],[[5249,8031],[0,33]],[[5574,8031],[13,0],[0,-64]],[[5587,7967],[-13,0],[0,64]],[[6787,8031],[25,0]],[[6812,8031],[0,-64],[-13,0],[0,32]],[[6799,7999],[-12,0]],[[6862,8031],[0,-64]],[[6862,7967],[-13,0],[0,64]],[[6912,8031],[25,0]],[[6937,8031],[0,-64]],[[6937,7967],[-13,0]],[[6924,7967],[0,32],[-12,0],[0,32]],[[9324,8031],[0,-64],[-12,0]],[[9312,7967],[0,64],[12,0]],[[9424,8031],[25,0]],[[9449,8031],[0,-64]],[[9449,7967],[-25,0]],[[9424,7967],[0,64]],[[1287,7999],[13,0],[0,-32],[-13,0]],[[1287,7967],[0,32]],[[1712,7999],[13,0],[0,-32]],[[1725,7967],[-13,0]],[[1712,7967],[0,32]],[[4800,7999],[12,0],[0,-32]],[[4812,7967],[-12,0]],[[4800,7967],[0,32]],[[5262,7999],[0,-32],[-13,0]],[[5349,7999],[0,-32]],[[5349,7967],[-12,0]],[[5337,7967],[0,32]],[[5399,7999],[13,0],[0,-32],[-13,0]],[[5612,7999],[12,0],[0,-32],[-12,0],[0,32]],[[6612,7999],[0,-32]],[[6612,7967],[-13,0],[0,32],[13,0]],[[6674,7999],[13,0]],[[6687,7999],[0,-32],[-13,0]],[[6674,7967],[0,32]],[[6749,7999],[13,0]],[[6762,7999],[0,-32],[-13,0],[0,32]],[[8024,7999],[25,0]],[[8049,7999],[0,-32],[-25,0]],[[8024,7967],[0,32]],[[8137,7999],[0,-32],[-13,0],[0,32]],[[8612,7999],[50,0],[0,-32],[-50,0],[0,32]],[[8774,7999],[0,-32],[-12,0],[0,32],[12,0]],[[9437,8031],[-13,0]],[[9424,8031],[0,-32]],[[9424,7999],[-12,0]],[[9412,7999],[0,-32]],[[9412,7967],[-38,0]],[[9374,7967],[0,32],[13,0]],[[9387,7999],[0,32]],[[9399,8031],[0,33]],[[9612,7999],[0,-32],[-13,0]],[[9599,7967],[0,32],[13,0]],[[8024,8064],[0,-33]],[[8037,7999],[-13,0]],[[8024,7999],[0,-64]],[[8024,7935],[-12,0]],[[8012,7935],[0,129],[12,0]],[[1737,7967],[-12,0]],[[1712,7999],[0,-64]],[[1712,7935],[-37,0],[0,32],[-25,0],[0,32],[-13,0],[0,32],[113,0],[0,-32],[25,0],[0,-32],[-25,0],[0,-32],[-13,0],[0,32]],[[6612,8031],[25,0],[0,-96],[-25,0]],[[6612,7935],[0,96]],[[7424,8031],[13,0]],[[7437,8031],[0,-32],[12,0]],[[7449,7999],[0,-64]],[[7449,7935],[-25,0]],[[7424,7935],[0,96]],[[9474,7999],[0,-32]],[[9474,7967],[13,0],[0,-32]],[[9487,7935],[-38,0]],[[9449,7935],[0,96]],[[500,7999],[0,-64]],[[500,7935],[-25,0],[0,64],[25,0]],[[5687,7999],[50,0],[0,-32],[-25,0],[0,-32],[-13,0],[0,32],[-12,0],[0,32]],[[500,7967],[12,0]],[[512,7967],[0,-32]],[[512,7935],[-12,0]],[[500,7935],[0,32]],[[512,7967],[13,0]],[[525,7967],[0,-32]],[[525,7935],[-13,0]],[[1350,7999],[0,-64],[-63,0],[0,32]],[[3262,7967],[13,0],[0,-32],[-13,0],[0,32]],[[4762,7967],[0,-32],[-12,0]],[[4750,7935],[0,32],[12,0]],[[4812,7967],[25,0]],[[4837,7967],[0,-32]],[[4837,7935],[-25,0]],[[4812,7935],[0,32]],[[4837,7967],[13,0]],[[4850,7967],[0,-32]],[[4850,7935],[-13,0]],[[4875,7967],[12,0],[0,-32],[-12,0],[0,32]],[[4962,7935],[0,32],[13,0],[0,-32],[-13,0]],[[5249,7967],[0,-32]],[[5249,7935],[-12,0]],[[5237,7935],[0,32]],[[5349,7967],[0,-32]],[[5349,7935],[-12,0]],[[5337,7935],[0,32]],[[5399,7967],[0,-32]],[[5399,7935],[-37,0]],[[5362,7935],[0,32]],[[5399,7967],[25,0],[0,-32],[-25,0]],[[6212,7967],[12,0],[0,-32],[-12,0],[0,32]],[[6262,7967],[12,0],[0,-32],[-12,0],[0,32]],[[7424,7967],[0,-32]],[[7424,7935],[-12,0],[0,32],[12,0]],[[7499,7967],[13,0],[0,-32],[-13,0],[0,32]],[[7824,8031],[-12,0],[0,-32],[-13,0],[0,-32],[-12,0],[0,-32],[-25,0],[0,32],[12,0],[0,32],[13,0],[0,32],[-13,0],[0,33],[50,0],[0,-33]],[[8487,7967],[0,-32]],[[8487,7935],[-13,0]],[[8474,7935],[0,32],[13,0]],[[8487,7967],[37,0],[0,-32],[-37,0]],[[9349,8128],[13,0],[0,-64],[-13,0],[0,-65],[13,0],[0,-64]],[[9362,7935],[-50,0]],[[9312,7935],[0,32]],[[9337,8096],[12,0],[0,32]],[[9612,7999],[12,0],[0,-64]],[[9624,7935],[-25,0],[0,32]],[[6024,8064],[38,0],[0,-33],[12,0],[0,-32],[13,0],[0,-32],[12,0],[0,-32],[-12,0],[0,-33],[-25,0],[0,33],[-38,0],[0,32],[-50,0],[0,64],[50,0],[0,33]],[[9499,8193],[0,-65]],[[9512,8128],[0,32],[25,0],[0,-96],[12,0],[0,-65],[-12,0]],[[9524,8031],[0,65]],[[9524,8096],[-25,0]],[[9499,8096],[0,-129],[13,0],[0,-65],[-13,0]],[[9499,7902],[0,33],[-12,0]],[[9474,7967],[0,64]],[[437,7967],[38,0],[0,-65],[-13,0]],[[462,7902],[0,33]],[[462,7935],[-25,0]],[[437,7935],[0,32]],[[8087,7967],[12,0],[0,-65]],[[8099,7902],[-12,0]],[[8087,7902],[0,65]],[[8537,7967],[12,0],[0,-65],[-12,0],[0,65]],[[437,7935],[13,0]],[[450,7935],[0,-33]],[[450,7902],[-13,0],[0,33]],[[450,7935],[12,0]],[[462,7902],[-12,0]],[[1400,7935],[12,0],[0,-33]],[[1412,7902],[-12,0]],[[1400,7902],[0,33]],[[5287,7935],[12,0],[0,-33],[-12,0],[0,33]],[[5312,7935],[12,0]],[[5324,7935],[0,-33]],[[5324,7902],[-12,0]],[[5312,7902],[0,33]],[[5324,7935],[13,0]],[[5337,7935],[0,-33]],[[5337,7902],[-13,0]],[[5349,7935],[0,-33]],[[5349,7902],[-12,0]],[[5512,7935],[12,0],[0,-33],[-12,0]],[[5512,7902],[0,33]],[[5549,7902],[-12,0],[0,33],[12,0],[0,-33]],[[5749,7935],[13,0],[0,-33],[-13,0],[0,33]],[[6374,7902],[-12,0]],[[6362,7902],[0,33],[12,0],[0,-33]],[[6712,7935],[12,0],[0,-33],[-12,0],[0,33]],[[6999,7935],[13,0],[0,-33],[-13,0],[0,33]],[[7537,7935],[0,-33]],[[7537,7902],[-13,0]],[[7524,7902],[0,33],[13,0]],[[8074,8031],[0,-32],[50,0]],[[8137,7999],[75,0],[0,-32]],[[8212,7967],[-25,0]],[[8187,7967],[0,-32],[-38,0],[0,-33],[-50,0]],[[8087,7967],[0,-32]],[[8087,7935],[-13,0],[0,-33]],[[8074,7902],[-25,0]],[[8049,7902],[0,33],[13,0]],[[8062,7935],[0,96]],[[8087,7935],[0,-33]],[[8087,7902],[-13,0]],[[8474,7935],[0,-33]],[[8474,7902],[-12,0],[0,33],[12,0]],[[8487,7935],[0,-33],[-13,0]],[[8612,7902],[-25,0]],[[8587,7902],[0,33],[25,0],[0,-33]],[[9312,7935],[25,0]],[[9337,7935],[0,-33]],[[9337,7902],[-25,0]],[[9312,7902],[0,33]],[[9474,7935],[13,0]],[[9487,7935],[0,-33]],[[9487,7902],[-13,0],[0,33]],[[9499,7902],[-12,0]],[[9624,7935],[0,32],[13,0],[0,-65],[-25,0],[0,33],[12,0]],[[7362,8031],[62,0]],[[7424,8031],[0,-64]],[[7424,7935],[0,-65]],[[7424,7870],[-12,0],[0,32],[-13,0],[0,65],[-25,0],[0,32],[-12,0],[0,32]],[[7299,7999],[25,0]],[[7324,7999],[0,-64],[38,0]],[[7362,7935],[0,-65]],[[7362,7870],[-25,0]],[[7337,7870],[0,32],[-25,0],[0,33],[-13,0]],[[7299,7935],[0,64]],[[6474,7999],[25,0]],[[6499,7999],[0,-32]],[[6499,7967],[-12,0],[0,-97]],[[6487,7870],[-13,0]],[[6474,7870],[0,32]],[[6474,7902],[-100,0]],[[6362,7902],[-25,0],[0,33],[-13,0]],[[6324,7935],[0,32]],[[6324,7967],[13,0],[0,32],[12,0],[0,32],[38,0],[0,33],[12,0],[0,-33],[25,0],[0,-32],[38,0],[0,32],[12,0],[0,-32]],[[6499,7967],[0,-65]],[[6499,7902],[13,0],[0,-32]],[[6512,7870],[-25,0]],[[7574,7870],[0,32]],[[7574,7902],[-12,0]],[[7562,7902],[0,33],[-13,0],[0,32],[13,0],[0,32],[25,0],[0,-129],[-13,0]],[[437,7967],[0,-97],[-25,0],[0,65],[13,0],[0,32],[12,0]],[[4800,7999],[0,-64]],[[4800,7935],[-13,0],[0,-33]],[[4787,7902],[-12,0],[0,-32]],[[4775,7870],[-25,0]],[[4750,7870],[0,65]],[[4762,7967],[25,0],[0,32],[13,0]],[[4912,7967],[38,0]],[[4950,7967],[0,-32],[-13,0],[0,-33],[13,0],[0,-32]],[[4950,7870],[-50,0]],[[4900,7870],[0,65]],[[4900,7935],[12,0],[0,32]],[[7449,7967],[25,0]],[[7474,7967],[0,-65],[-12,0],[0,-32],[-38,0]],[[7449,7935],[0,32]],[[9399,7967],[13,0]],[[9412,7967],[0,-65]],[[9412,7902],[-13,0],[0,-32],[-12,0],[0,65],[12,0],[0,32]],[[9449,7935],[25,0]],[[9474,7935],[0,-65],[-25,0]],[[9449,7870],[0,65]],[[1412,7902],[0,-32],[-12,0]],[[1400,7870],[0,32]],[[4787,7902],[0,-32]],[[4787,7870],[-12,0]],[[4800,7902],[12,0]],[[4812,7902],[0,-32]],[[4812,7870],[-12,0],[0,32]],[[4887,7902],[0,-32]],[[4887,7870],[-25,0],[0,32],[25,0]],[[4887,7902],[13,0]],[[4900,7902],[0,-32]],[[4900,7870],[-13,0]],[[5487,7902],[12,0],[0,-32],[-12,0],[0,32]],[[5574,7902],[25,0],[0,-32],[-25,0],[0,32]],[[6362,7902],[25,0]],[[6387,7902],[0,-32],[-25,0],[0,32]],[[7262,7902],[12,0],[0,-32],[-12,0],[0,32]],[[7362,7902],[25,0],[0,-32]],[[7387,7870],[-25,0]],[[7362,7870],[0,32]],[[7824,7902],[13,0]],[[7837,7902],[0,-32]],[[7837,7870],[-13,0],[0,32]],[[7837,7902],[37,0]],[[7874,7902],[0,-32]],[[7874,7870],[-37,0]],[[8062,7902],[12,0]],[[8074,7902],[0,-32],[-12,0]],[[8062,7870],[0,32]],[[8587,7902],[0,-32],[-13,0],[0,32],[13,0]],[[8612,7902],[12,0],[0,-32],[-12,0],[0,32]],[[8974,7870],[-25,0]],[[8949,7870],[0,32],[25,0],[0,-32]],[[9312,7902],[12,0]],[[9324,7902],[0,-32],[-12,0],[0,32]],[[7349,8031],[13,0]],[[7424,7870],[0,-32]],[[7424,7838],[-25,0]],[[7399,7838],[0,32],[-12,0]],[[7362,7902],[0,33]],[[7324,7999],[25,0]],[[7349,7999],[0,32]],[[1400,7967],[25,0],[0,-32],[12,0],[0,32],[25,0],[0,-32],[25,0],[0,-33],[25,0],[0,-64],[-12,0],[0,32],[-25,0],[0,32],[-25,0],[0,-32],[-13,0],[0,32],[-25,0]],[[1400,7935],[0,32]],[[1837,7935],[63,0],[0,-33],[25,0],[0,33],[12,0],[0,-33],[63,0],[0,-32],[-25,0],[0,-32]],[[1975,7838],[-25,0]],[[1950,7838],[0,32],[-38,0],[0,-32],[-12,0],[0,32],[-63,0]],[[1837,7870],[0,65]],[[1562,7838],[-12,0],[0,32],[-13,0],[0,32],[25,0],[0,-64]],[[5512,7902],[50,0]],[[5562,7902],[0,-32],[-13,0],[0,-32],[-25,0]],[[5524,7838],[0,32]],[[5524,7870],[-12,0]],[[5512,7870],[0,32]],[[7999,7902],[25,0],[0,-32],[-12,0],[0,-32],[-13,0],[0,64]],[[8262,7870],[-13,0],[0,-32],[-12,0],[0,64],[25,0],[0,-32]],[[3237,7902],[25,0],[0,-64],[-37,0],[0,32],[12,0],[0,32]],[[4900,7870],[12,0]],[[4912,7870],[0,-32]],[[4912,7838],[-12,0],[0,32]],[[6087,7838],[-25,0]],[[6062,7838],[0,32],[25,0],[0,-32]],[[6212,7838],[-13,0],[0,32],[13,0],[0,-32]],[[7287,7870],[25,0]],[[7312,7870],[0,-32]],[[7312,7838],[-25,0]],[[7287,7838],[0,32]],[[7312,7870],[12,0]],[[7324,7870],[0,-32]],[[7324,7838],[-12,0]],[[7324,7870],[13,0]],[[7337,7870],[0,-32]],[[7337,7838],[-13,0]],[[7349,7870],[13,0]],[[7362,7870],[0,-32],[-13,0],[0,32]],[[7374,7870],[13,0]],[[7387,7870],[0,-32]],[[7387,7838],[-13,0],[0,32]],[[7399,7838],[-12,0]],[[7474,7870],[13,0],[0,-32],[-13,0],[0,32]],[[7924,7870],[13,0]],[[7937,7870],[0,-32]],[[7937,7838],[-13,0]],[[7924,7838],[0,32]],[[8062,7870],[0,-32]],[[8062,7838],[-13,0]],[[8049,7838],[0,32],[13,0]],[[8187,7870],[12,0]],[[8199,7870],[0,-32]],[[8199,7838],[-12,0]],[[8187,7838],[0,32]],[[8199,7870],[13,0]],[[8212,7870],[0,-32]],[[8212,7838],[-13,0]],[[8262,7870],[12,0],[0,-32],[-12,0],[0,32]],[[8312,7870],[25,0],[0,-32],[-25,0],[0,32]],[[8912,7870],[12,0],[0,-32]],[[8924,7838],[-12,0],[0,32]],[[9374,7838],[-12,0],[0,32],[12,0],[0,-32]],[[9449,7870],[0,-32]],[[9449,7838],[-12,0]],[[9437,7838],[0,32],[12,0]],[[4937,7999],[0,-32]],[[4937,7967],[-25,0]],[[4900,7935],[0,-33]],[[4900,7902],[-50,0],[0,-32],[-13,0],[0,-64]],[[4837,7806],[-25,0]],[[4812,7806],[0,96]],[[4812,7902],[-25,0]],[[4800,7935],[0,32]],[[4812,7935],[38,0]],[[4875,8096],[0,32]],[[4887,8160],[25,0]],[[4900,8193],[0,64],[37,0],[0,-32],[-12,0],[0,-65],[25,0],[0,-96],[-13,0],[0,-33],[13,0],[0,-32],[-13,0]],[[5249,7935],[13,0],[0,-33],[12,0],[0,-32],[13,0],[0,-64]],[[5287,7806],[-13,0]],[[5274,7806],[0,32],[-12,0],[0,32],[-13,0],[0,65]],[[5462,7935],[50,0]],[[5512,7935],[0,-65]],[[5524,7870],[0,-64]],[[5524,7806],[-12,0]],[[5512,7806],[0,32]],[[5512,7838],[-38,0]],[[5474,7838],[0,-32]],[[5474,7806],[-12,0]],[[5462,7806],[0,129]],[[1387,7902],[0,-32],[-12,0],[0,-32],[12,0]],[[1387,7838],[0,-32],[-25,0],[0,96],[25,0]],[[4750,7838],[-25,0]],[[4725,7838],[0,-32]],[[4725,7806],[-13,0],[0,96],[38,0],[0,-64]],[[6799,7902],[38,0]],[[6837,7902],[0,-96]],[[6837,7806],[-13,0],[0,32],[-12,0],[0,32],[-13,0],[0,32]],[[8212,7902],[12,0],[0,-96],[-12,0]],[[8212,7806],[0,96]],[[9324,7902],[25,0]],[[9349,7902],[0,-64],[-12,0],[0,-32]],[[9337,7806],[-13,0]],[[9324,7806],[0,96]],[[6762,7806],[0,32],[-38,0],[0,-32],[-25,0],[0,64],[63,0],[0,32],[25,0],[0,-64],[-13,0],[0,-32],[-12,0]],[[7037,7806],[-38,0]],[[6999,7806],[0,64],[38,0],[0,-64]],[[7099,7870],[38,0]],[[7137,7870],[0,-64]],[[7137,7806],[-25,0],[0,32],[-13,0],[0,32]],[[8074,7902],[25,0]],[[8099,7902],[0,-32],[-12,0],[0,-32],[-13,0]],[[8074,7838],[0,-32]],[[8074,7806],[-12,0]],[[8062,7806],[0,64]],[[8449,7870],[13,0],[0,-32],[12,0]],[[8474,7838],[0,-32]],[[8474,7806],[-25,0]],[[8449,7806],[0,64]],[[1850,7838],[12,0],[0,-32],[-12,0],[0,32]],[[2775,7838],[12,0],[0,-32],[-12,0],[0,32]],[[4725,7838],[12,0]],[[4737,7838],[0,-32]],[[4737,7806],[-12,0]],[[4737,7838],[25,0]],[[4762,7838],[0,-32]],[[4762,7806],[-25,0]],[[4775,7806],[0,32],[12,0],[0,-32],[-12,0]],[[5137,7838],[12,0]],[[5149,7838],[0,-32],[-12,0],[0,32]],[[5499,7838],[13,0]],[[5512,7806],[-13,0],[0,32]],[[5624,7838],[13,0],[0,-32],[-13,0],[0,32]],[[6087,7838],[0,-32],[-25,0],[0,32]],[[6374,7838],[13,0],[0,-32],[-13,0],[0,32]],[[6562,7838],[0,-32]],[[6562,7806],[-13,0],[0,32],[13,0]],[[7399,7838],[0,-32]],[[7399,7806],[-12,0],[0,32]],[[7449,7838],[0,-32]],[[7449,7806],[-12,0]],[[7437,7806],[0,32],[12,0]],[[7487,8064],[12,0]],[[7499,8064],[0,-33]],[[7499,8031],[25,0],[0,-32],[13,0]],[[7537,7999],[0,-64]],[[7524,7902],[50,0]],[[7574,7902],[0,-64]],[[7574,7838],[-12,0],[0,-32]],[[7562,7806],[-63,0]],[[7499,7806],[0,32],[13,0],[0,64],[-25,0],[0,65]],[[7487,7967],[-38,0]],[[7449,7967],[0,32]],[[7437,8031],[50,0]],[[8037,7838],[25,0]],[[8062,7838],[0,-32]],[[8062,7806],[-25,0]],[[8037,7806],[0,32]],[[8099,7838],[13,0],[0,-32]],[[8112,7806],[-13,0]],[[8099,7806],[0,32]],[[8399,7838],[13,0]],[[8412,7838],[0,-32]],[[8412,7806],[-13,0]],[[8399,7806],[0,32]],[[8562,7806],[-13,0]],[[8549,7806],[0,32],[13,0],[0,-32]],[[8949,7838],[13,0],[0,-32],[-13,0],[0,32]],[[9399,7838],[13,0]],[[9412,7838],[0,-32],[-13,0],[0,32]],[[9449,7838],[0,-32]],[[9449,7806],[-12,0]],[[9437,7806],[0,32]],[[4937,7999],[25,0],[0,-64]],[[4962,7935],[25,0],[0,-65]],[[4987,7870],[-12,0],[0,-32],[-13,0],[0,-32],[-25,0],[0,-33]],[[4937,7773],[-12,0],[0,33],[-13,0]],[[4912,7806],[0,64]],[[4912,7870],[38,0]],[[4950,7967],[-13,0]],[[7874,7870],[0,-97]],[[7874,7773],[-25,0]],[[7849,7773],[0,65]],[[7849,7838],[-12,0],[0,32]],[[350,7902],[37,0],[0,-64],[-12,0],[0,-32],[-50,0],[0,-33],[-25,0],[0,65],[25,0],[0,32],[12,0],[0,-32],[13,0],[0,64]],[[7937,7870],[12,0]],[[7949,7870],[0,-64]],[[7949,7806],[-12,0],[0,-33]],[[7937,7773],[-25,0]],[[7912,7773],[0,65]],[[7912,7838],[25,0]],[[8449,7838],[0,-65]],[[8449,7773],[-12,0],[0,33],[-13,0],[0,32],[25,0]],[[8537,7806],[-13,0],[0,-33],[-25,0]],[[8499,7773],[0,33]],[[8499,7806],[-25,0]],[[8474,7838],[50,0],[0,32],[13,0],[0,-64]],[[8974,7870],[0,-32],[13,0],[0,-32]],[[8987,7806],[-13,0]],[[8974,7806],[0,-33]],[[8974,7773],[-37,0]],[[8937,7773],[0,65]],[[8937,7838],[12,0]],[[8949,7838],[0,32]],[[9374,7838],[25,0]],[[9412,7838],[25,0]],[[9437,7806],[-13,0],[0,-33]],[[9424,7773],[-37,0]],[[9387,7773],[0,33]],[[9387,7806],[-13,0],[0,32]],[[3462,7806],[0,-33]],[[3462,7773],[-12,0],[0,33],[12,0]],[[4762,7806],[13,0]],[[4775,7806],[0,-33],[-13,0],[0,33]],[[4887,7806],[13,0],[0,-33],[-13,0],[0,33]],[[5012,7773],[-12,0]],[[5000,7773],[0,65]],[[5000,7838],[-13,0],[0,-65],[-50,0]],[[4987,7870],[0,32],[13,0],[0,-32],[12,0],[0,-97]],[[5274,7806],[0,-33]],[[5274,7773],[-12,0]],[[5262,7773],[0,33],[12,0]],[[5287,7806],[0,-33]],[[5287,7773],[-13,0]],[[5287,7806],[12,0]],[[5299,7806],[0,-33]],[[5299,7773],[-12,0]],[[5412,7806],[12,0],[0,-33],[-12,0]],[[5412,7773],[0,33]],[[6099,7806],[13,0],[0,-33],[-13,0],[0,33]],[[6562,7806],[12,0]],[[6574,7806],[0,-33]],[[6574,7773],[-12,0],[0,33]],[[6762,7806],[0,-33],[-25,0]],[[6737,7773],[0,33],[25,0]],[[7074,7806],[25,0]],[[7099,7806],[0,-33]],[[7099,7773],[-25,0],[0,33]],[[7324,7806],[25,0],[0,-33],[-25,0],[0,33]],[[7949,7806],[0,-33]],[[7949,7773],[-12,0]],[[7974,7806],[0,-33]],[[7974,7773],[-12,0]],[[7962,7773],[0,33],[12,0]],[[8012,7806],[12,0]],[[8024,7806],[0,-33],[-12,0]],[[8012,7773],[0,33]],[[8037,7806],[12,0]],[[8049,7806],[0,-33]],[[8049,7773],[-12,0]],[[8037,7773],[0,33]],[[8049,7806],[13,0]],[[8062,7806],[0,-33]],[[8062,7773],[-13,0]],[[8074,7806],[0,-33]],[[8074,7773],[-12,0]],[[8112,7806],[12,0],[0,-33]],[[8124,7773],[-12,0]],[[8112,7773],[0,33]],[[8162,7773],[-13,0]],[[8149,7773],[0,33],[13,0],[0,-33]],[[8537,7806],[12,0]],[[8549,7806],[0,-33],[-12,0],[0,33]],[[8562,7806],[12,0]],[[8574,7806],[0,-33]],[[8574,7773],[-12,0]],[[8562,7773],[0,33]],[[8674,7806],[13,0],[0,-33],[-13,0],[0,33]],[[8724,7773],[0,33],[13,0],[0,32],[25,0],[0,-65],[-38,0]],[[9337,7806],[0,-33],[-13,0],[0,33]],[[9437,7806],[0,-33]],[[9437,7773],[-13,0]],[[9449,7806],[0,-33],[-12,0]],[[6899,7967],[38,0]],[[6937,7967],[0,-32]],[[6937,7935],[37,0],[0,-97],[13,0],[0,-32],[-25,0],[0,32],[-25,0],[0,-32],[12,0]],[[6949,7806],[0,-33]],[[6949,7773],[-87,0]],[[6862,7773],[0,-32],[-13,0]],[[6849,7741],[0,32]],[[6849,7773],[-12,0]],[[6837,7773],[0,129]],[[6837,7902],[12,0]],[[6849,7902],[0,33],[50,0],[0,32]],[[7087,7870],[12,0]],[[7137,7806],[0,-65]],[[7137,7741],[-13,0],[0,32],[-25,0]],[[7099,7806],[-12,0]],[[7087,7806],[0,64]],[[7962,7935],[62,0]],[[8024,7935],[0,32]],[[8062,7999],[0,-64]],[[8049,7902],[13,0]],[[8049,7838],[-12,0]],[[8037,7806],[-25,0]],[[8012,7773],[-13,0],[0,-32]],[[7999,7741],[-25,0]],[[7974,7741],[0,65]],[[7962,7773],[-13,0]],[[7949,7773],[0,97]],[[7949,7870],[-25,0]],[[7924,7838],[-12,0]],[[7912,7838],[0,-32]],[[7912,7806],[-13,0],[0,32],[-12,0],[0,32],[-13,0]],[[7874,7902],[-62,0]],[[7812,7902],[0,65],[12,0],[0,-32],[13,0],[0,64],[-13,0],[0,32]],[[7824,8031],[13,0],[0,33],[12,0],[0,-33],[63,0],[0,-32],[50,0],[0,-64]],[[2137,7741],[-25,0]],[[2112,7741],[0,65],[-75,0],[0,-33],[-25,0],[0,33],[-25,0],[0,32]],[[1987,7838],[25,0]],[[2012,7838],[0,32],[25,0],[0,-32],[13,0],[0,32],[12,0],[0,-32],[75,0],[0,-32],[-12,0],[0,-33],[12,0],[0,-32]],[[5474,7838],[25,0]],[[5512,7806],[0,-33],[-25,0],[0,-32],[-13,0]],[[5474,7741],[0,97]],[[5212,7806],[12,0]],[[5224,7806],[0,-33],[13,0],[0,-32]],[[5237,7741],[-25,0],[0,65]],[[5299,7806],[25,0]],[[5324,7806],[0,-65],[-12,0],[0,32]],[[5312,7773],[-13,0]],[[7137,7806],[37,0],[0,-33],[13,0],[0,-32]],[[7187,7741],[-25,0]],[[7162,7741],[0,32],[-25,0]],[[7137,7773],[0,33]],[[8349,8709],[38,0]],[[8412,8709],[37,0]],[[8449,8709],[0,-65],[-50,0],[0,-64],[25,0],[0,32],[13,0],[0,-32],[12,0],[0,32],[38,0],[0,32],[12,0],[0,-32],[25,0],[0,-97]],[[8524,8515],[-37,0],[0,33],[-13,0],[0,-33],[-50,0],[0,33],[-37,0],[0,-65],[-38,0],[0,-32],[75,0],[0,-32],[25,0],[0,-33],[-12,0],[0,-32],[-13,0],[0,32],[-50,0],[0,33],[-62,0],[0,32],[-38,0],[0,-32],[25,0],[0,-33],[-12,0],[0,-64],[-13,0],[0,-65],[-12,0],[0,-32],[-38,0]],[[8224,8225],[0,-65]],[[8212,8128],[25,0]],[[8237,8128],[0,-32]],[[8237,8096],[-38,0]],[[8199,8064],[63,0]],[[8262,8064],[0,-33]],[[8262,8031],[-25,0],[0,-64]],[[8237,7967],[-25,0]],[[8099,8064],[-12,0]],[[8024,8096],[0,-32]],[[8012,7935],[-50,0]],[[7812,7902],[12,0]],[[7849,7838],[0,-32]],[[7849,7806],[-37,0]],[[7812,7806],[0,64],[-38,0],[0,32],[-25,0],[0,97],[-25,0],[0,-32],[-12,0],[0,32],[-38,0],[0,-32],[-25,0],[0,-32],[-50,0],[0,-97],[-12,0],[0,-97]],[[7587,7741],[-13,0],[0,32],[-50,0],[0,33]],[[7524,7806],[38,0]],[[7574,7838],[0,32]],[[7562,7902],[-25,0]],[[7537,7902],[0,97]],[[7499,8031],[0,97]],[[7424,8064],[-12,0]],[[7412,8031],[-63,0]],[[7349,7999],[-50,0]],[[7299,7999],[0,-32]],[[7299,7967],[-25,0],[0,32]],[[7287,8064],[-25,0]],[[7262,8064],[0,32]],[[7199,8096],[-37,0]],[[7162,8096],[0,64]],[[7162,8160],[-13,0],[0,-64],[-37,0],[0,64],[12,0],[0,65],[13,0],[0,32],[37,0],[0,65]],[[7174,8322],[13,0],[0,-33],[62,0],[0,-32],[13,0]],[[7262,8257],[0,-32],[37,0],[0,32],[13,0],[0,-32],[62,0],[0,32],[13,0],[0,65],[12,0],[0,32],[25,0],[0,-32]],[[7424,8322],[13,0],[0,32],[12,0],[0,32],[13,0],[0,-64],[37,0],[0,32],[13,0],[0,-32],[12,0],[0,32],[13,0],[0,-65],[37,0],[0,33],[13,0],[0,32],[12,0],[0,-97],[25,0]],[[7624,8257],[0,32],[25,0],[0,-32],[13,0],[0,32],[12,0],[0,-32],[38,0],[0,32],[37,0],[0,-32],[13,0],[0,32],[62,0],[0,-32],[50,0],[0,-32],[25,0],[0,-32],[13,0],[0,-65],[25,0],[0,32],[37,0],[0,33],[25,0],[0,-33],[13,0],[0,33],[37,0],[0,-33],[13,0],[0,65],[12,0],[0,-32],[13,0],[0,32],[12,0]],[[8099,8225],[0,32],[38,0],[0,-32],[-13,0],[0,-32],[38,0],[0,32],[-13,0],[0,32],[13,0],[0,32],[12,0],[0,65],[-12,0],[0,32],[12,0],[0,33],[-25,0],[0,-33],[-12,0],[0,-32],[-13,0],[0,32],[-25,0],[0,-64],[-25,0]],[[8074,8322],[0,64],[-37,0],[0,33],[12,0],[0,32],[13,0],[0,32],[-25,0],[0,65],[-13,0],[0,32],[13,0],[0,32],[25,0],[0,-32],[12,0],[0,64],[25,0],[0,65],[-37,0]],[[8062,8709],[0,64],[75,0],[0,-32],[12,0],[0,-32],[-25,0],[0,-97],[13,0],[0,32],[25,0],[0,-32],[12,0],[0,-32],[-12,0],[0,-97],[12,0],[0,65],[13,0],[0,32],[12,0],[0,32],[25,0],[0,-32],[13,0],[0,97],[25,0],[0,32],[25,0],[0,-32],[25,0],[0,32],[-13,0],[0,32],[25,0],[0,32],[25,0],[0,-64]],[[8124,8064],[13,0]],[[8162,8031],[0,65]],[[8149,8096],[0,32]],[[8174,7806],[25,0],[0,-33]],[[8199,7773],[-12,0],[0,-32]],[[8187,7741],[-13,0]],[[8174,7741],[0,65]],[[8499,7806],[0,-65]],[[8499,7741],[-25,0],[0,65]],[[9337,7806],[12,0],[0,-33],[13,0],[0,-32]],[[9362,7741],[-25,0]],[[9337,7741],[0,65]],[[2187,7741],[0,32],[13,0],[0,-32],[-13,0]],[[4712,7773],[13,0],[0,-32]],[[4725,7741],[-13,0]],[[4712,7741],[0,32]],[[4825,7741],[-13,0]],[[4812,7741],[0,32],[13,0],[0,-32]],[[4862,7773],[13,0],[0,-32]],[[4875,7741],[-13,0],[0,32]],[[5037,7806],[0,-33],[-13,0],[0,-32],[-24,0]],[[5000,7741],[0,32]],[[5012,7773],[0,33],[25,0]],[[5149,7773],[13,0],[0,-32],[-13,0],[0,32]],[[5449,7806],[25,0]],[[5474,7806],[0,-65]],[[5474,7741],[-37,0]],[[5437,7741],[0,32],[12,0],[0,33]],[[5699,7741],[0,32],[13,0],[0,-32],[-13,0]],[[6149,7773],[13,0],[0,-32],[-13,0],[0,32]],[[6199,7773],[13,0],[0,-32],[-13,0],[0,32]],[[6924,7773],[25,0]],[[6949,7773],[0,-32]],[[6949,7741],[-25,0]],[[6924,7741],[0,32]],[[7249,7741],[0,32],[13,0],[0,-32],[-13,0]],[[7424,7838],[0,-32]],[[7424,7806],[25,0]],[[7449,7806],[0,-33]],[[7449,7773],[-37,0]],[[7412,7773],[0,-32],[-25,0]],[[7387,7741],[0,32],[12,0]],[[7399,7773],[0,65]],[[7437,7773],[12,0]],[[7449,7773],[0,-32]],[[7449,7741],[-12,0],[0,32]],[[7662,7773],[12,0],[0,-32],[-12,0],[0,32]],[[7737,7773],[0,-32]],[[7737,7741],[-38,0]],[[7699,7741],[0,32],[38,0]],[[7774,7741],[-12,0],[0,32],[12,0],[0,-32]],[[7949,7773],[25,0]],[[7974,7773],[0,-32]],[[7974,7741],[-25,0]],[[7949,7741],[0,32]],[[8012,7773],[0,-32]],[[8012,7741],[-13,0]],[[8124,7773],[0,-32]],[[8124,7741],[-12,0]],[[8112,7741],[0,32]],[[8199,7773],[0,-32]],[[8199,7741],[-12,0]],[[8374,7773],[13,0]],[[8387,7773],[0,-32]],[[8387,7741],[-13,0],[0,32]],[[8562,7806],[0,-65]],[[8562,7741],[-63,0]],[[8499,7741],[0,32]],[[8574,7773],[0,-32]],[[8574,7741],[-12,0]],[[8562,7741],[0,32]],[[8724,7773],[0,-32],[-25,0],[0,32],[25,0]],[[8799,7806],[0,-65]],[[8799,7741],[-25,0]],[[8774,7741],[0,32]],[[8774,7773],[13,0],[0,33],[12,0]],[[9387,7773],[12,0]],[[9399,7773],[0,-32]],[[9399,7741],[-12,0]],[[9387,7741],[0,32]],[[9399,7773],[13,0],[0,-32]],[[9412,7741],[-13,0]],[[1350,7902],[0,-129],[12,0],[0,-64],[-25,0],[0,32],[-12,0],[0,32],[-13,0],[0,33],[-12,0],[0,129],[37,0],[0,-33],[13,0]],[[7474,7967],[13,0]],[[7499,7806],[13,0]],[[7512,7806],[0,-65]],[[7512,7741],[-13,0]],[[7499,7741],[0,-32],[-12,0],[0,32],[-13,0]],[[7474,7741],[0,32]],[[7474,7773],[-12,0],[0,-32],[-13,0]],[[7449,7741],[0,97]],[[7437,7806],[-13,0]],[[7424,7806],[0,64]],[[6599,7902],[38,0]],[[6637,7902],[0,-32],[-13,0],[0,-64],[-12,0],[0,-65],[-13,0],[0,-32],[-25,0]],[[6574,7709],[0,97]],[[6562,7838],[12,0],[0,97],[25,0],[0,-33]],[[7512,7806],[12,0]],[[7587,7741],[0,-32]],[[7587,7709],[-50,0]],[[7537,7709],[0,32]],[[7537,7741],[-25,0]],[[8637,7741],[-25,0]],[[8612,7741],[0,65],[12,0],[0,-33],[25,0],[0,-64],[-12,0],[0,32]],[[8987,7806],[0,-97]],[[8987,7709],[-13,0]],[[8974,7709],[0,97]],[[150,7709],[0,64],[25,0],[0,-32],[-13,0],[0,-32],[-12,0]],[[4712,7773],[0,-64],[-12,0],[0,64],[12,0]],[[5000,7838],[0,-97]],[[5037,7806],[12,0],[0,-65]],[[5049,7741],[-12,0],[0,-32],[-62,0],[0,32],[-38,0],[0,32]],[[5599,7709],[-12,0],[0,32],[-38,0],[0,32],[50,0],[0,-64]],[[7912,7806],[0,-33]],[[7912,7773],[12,0]],[[7924,7773],[0,-32],[-37,0],[0,-32],[-13,0],[0,32],[-12,0],[0,32]],[[7862,7773],[12,0]],[[8199,7773],[13,0]],[[8212,7773],[0,-64]],[[8212,7709],[-13,0]],[[8199,7709],[0,64]],[[8962,7773],[12,0]],[[8974,7773],[0,-64]],[[8974,7709],[-12,0]],[[8962,7709],[0,64]],[[150,7709],[-13,0],[0,32],[13,0],[0,-32]],[[4800,7741],[25,0]],[[4825,7741],[0,-32],[-25,0]],[[4800,7709],[0,32]],[[5237,7741],[12,0]],[[5249,7741],[0,-32]],[[5249,7709],[-12,0]],[[5237,7709],[0,32]],[[5462,7741],[12,0]],[[5474,7741],[0,-32]],[[5474,7709],[-12,0]],[[5462,7709],[0,32]],[[5699,7741],[0,-32],[-25,0],[0,32],[25,0]],[[6862,7773],[62,0]],[[6924,7773],[0,-64]],[[6924,7709],[-75,0]],[[6849,7709],[0,32]],[[7137,7741],[12,0],[0,-32]],[[7149,7709],[-12,0],[0,32]],[[7174,7741],[25,0]],[[7199,7741],[0,-32]],[[7199,7709],[-25,0],[0,32]],[[7249,7741],[0,-32],[-12,0],[0,32],[12,0]],[[7374,7741],[13,0]],[[7387,7741],[0,-32],[-13,0],[0,32]],[[7524,7741],[13,0]],[[7537,7709],[-13,0]],[[7524,7709],[0,32]],[[7612,7709],[-25,0]],[[7587,7741],[12,0],[0,32],[13,0],[0,-64]],[[7724,7741],[13,0]],[[7737,7741],[0,-32],[-13,0]],[[7724,7709],[0,32]],[[7949,7741],[13,0]],[[7962,7741],[0,-32]],[[7962,7709],[-13,0]],[[7949,7709],[0,32]],[[7962,7741],[12,0]],[[7974,7741],[0,-32],[-12,0]],[[8124,7741],[0,-32]],[[8124,7709],[-12,0]],[[8112,7709],[0,32]],[[8362,7741],[0,-32]],[[8362,7709],[-13,0],[0,32],[13,0]],[[8499,7741],[13,0]],[[8512,7741],[0,-32]],[[8512,7709],[-13,0],[0,32]],[[8749,7709],[-12,0],[0,32],[12,0],[0,-32]],[[8874,7741],[13,0]],[[8887,7741],[0,-32],[-13,0],[0,32]],[[9337,7741],[12,0]],[[9349,7741],[0,-32]],[[9349,7709],[-12,0]],[[9337,7709],[0,32]],[[8924,7838],[13,0]],[[8937,7773],[25,0]],[[8962,7709],[-25,0]],[[8937,7709],[0,-32],[-13,0]],[[8924,7677],[0,161]],[[4787,7902],[13,0]],[[4812,7870],[0,-64]],[[4837,7806],[0,-65],[-12,0]],[[4812,7741],[-12,0]],[[4800,7709],[-25,0],[0,-32],[-38,0]],[[4737,7677],[0,64]],[[4737,7741],[-12,0]],[[4725,7741],[0,65]],[[4725,7806],[37,0]],[[4762,7838],[-12,0]],[[4750,7838],[0,32]],[[4750,7870],[37,0]],[[1712,7773],[50,0],[0,-32],[13,0],[0,-64],[-13,0]],[[1762,7677],[0,32]],[[1762,7709],[-25,0],[0,32],[-25,0]],[[1712,7741],[0,32]],[[5462,7806],[-13,0]],[[5437,7741],[-13,0]],[[5424,7741],[0,-64],[-12,0]],[[5412,7677],[0,96]],[[5412,7806],[0,96]],[[5412,7902],[37,0],[0,33],[13,0]],[[7012,7806],[12,0]],[[7024,7806],[0,-129]],[[7024,7677],[-25,0]],[[6999,7677],[0,96]],[[6999,7773],[13,0],[0,33]],[[50,7741],[12,0],[0,-64],[-12,0],[0,64]],[[75,7741],[25,0],[0,-64],[-25,0],[0,64]],[[1500,7741],[0,-64]],[[1500,7677],[-13,0]],[[1487,7677],[0,64],[13,0]],[[4712,7741],[25,0]],[[4737,7741],[0,-32]],[[4737,7709],[-12,0],[0,-32]],[[4725,7677],[-13,0],[0,64]],[[5512,7806],[25,0]],[[5537,7806],[0,-33],[-13,0],[0,-96],[-12,0],[0,32],[-38,0]],[[7474,7773],[0,-64]],[[7474,7709],[-12,0],[0,-32]],[[7462,7677],[-13,0]],[[7449,7677],[0,64]],[[8112,7741],[0,-64]],[[8112,7677],[-13,0]],[[8099,7677],[0,32],[-12,0]],[[8087,7709],[0,32],[25,0]],[[8262,7741],[12,0]],[[8274,7741],[0,-64]],[[8274,7677],[-12,0]],[[8262,7677],[0,64]],[[8862,7870],[50,0]],[[8924,7677],[-62,0]],[[8862,7677],[0,64]],[[8862,7741],[12,0]],[[8887,7741],[25,0]],[[8912,7741],[0,65],[-63,0],[0,32],[13,0],[0,32]],[[9387,8128],[0,-129]],[[9374,7967],[25,0]],[[9412,7902],[0,97]],[[9424,7999],[0,-32]],[[9449,7967],[0,-97]],[[9437,7838],[-63,0]],[[9387,7806],[0,-65]],[[9387,7741],[-13,0]],[[9374,7741],[0,-64]],[[9374,7677],[-25,0]],[[9349,7677],[0,64]],[[9349,7741],[13,0]],[[9349,7902],[-12,0]],[[9337,7935],[25,0]],[[9349,8128],[0,32],[25,0]],[[9374,7741],[38,0]],[[9412,7741],[0,-32],[-13,0],[0,-32],[-25,0]],[[1500,7709],[12,0]],[[1512,7709],[0,-32]],[[1512,7677],[-12,0]],[[1500,7677],[0,32]],[[4737,7709],[0,-32]],[[4737,7677],[-12,0]],[[5087,7709],[0,-32]],[[5087,7677],[-13,0],[0,32],[13,0]],[[5174,7709],[13,0]],[[5187,7709],[0,-32]],[[5187,7677],[-13,0],[0,32]],[[5237,7709],[0,-32]],[[5237,7677],[-38,0]],[[5199,7677],[0,32],[38,0]],[[5299,7709],[13,0]],[[5312,7709],[0,-32]],[[5312,7677],[-13,0]],[[5299,7677],[0,32]],[[5449,7709],[25,0]],[[5474,7709],[0,-32],[-25,0],[0,32]],[[5612,7709],[12,0]],[[5624,7709],[0,-32],[-12,0]],[[5612,7677],[0,32]],[[5824,7709],[25,0],[0,-32],[-25,0],[0,32]],[[6174,7709],[25,0],[0,-32],[-25,0],[0,32]],[[6737,7773],[0,-32],[-25,0],[0,-64],[-25,0],[0,32],[12,0],[0,64],[38,0]],[[6924,7709],[25,0],[0,-32],[-25,0],[0,32]],[[6962,7709],[12,0],[0,-32]],[[6974,7677],[-12,0]],[[6962,7677],[0,32]],[[7149,7709],[13,0],[0,-32]],[[7162,7677],[-13,0],[0,32]],[[7199,7709],[13,0],[0,-32]],[[7212,7677],[-13,0],[0,32]],[[7724,7709],[0,-32]],[[7724,7677],[-12,0],[0,32],[12,0]],[[7749,7709],[13,0]],[[7762,7709],[0,-32]],[[7762,7677],[-13,0]],[[7749,7677],[0,32]],[[8087,7709],[0,-32]],[[8087,7677],[-13,0]],[[8074,7677],[0,32],[13,0]],[[8099,7677],[-12,0]],[[8237,7709],[25,0]],[[8262,7709],[0,-32]],[[8262,7677],[-25,0]],[[8237,7677],[0,32]],[[9349,7709],[0,-32]],[[9349,7677],[-12,0]],[[9337,7677],[0,32]],[[7812,7806],[0,-65],[25,0],[0,-32],[12,0],[0,-32],[38,0]],[[7887,7677],[0,-33]],[[7887,7644],[-50,0]],[[7837,7644],[0,33],[-13,0]],[[7824,7677],[0,32]],[[7824,7709],[-25,0],[0,32],[-25,0]],[[7774,7741],[0,-32]],[[7774,7709],[-25,0]],[[7749,7709],[0,32]],[[7749,7741],[-12,0]],[[7737,7741],[0,65]],[[7737,7806],[-25,0],[0,32],[-25,0],[0,32],[37,0],[0,-32],[63,0],[0,-32],[25,0]],[[8349,8160],[-37,0]],[[8312,8193],[-38,0]],[[8312,8064],[0,32]],[[8312,8096],[12,0]],[[8324,8096],[0,-32],[13,0],[0,-33],[-38,0],[0,-32],[-37,0],[0,-64],[12,0],[0,32],[50,0],[0,32],[25,0],[0,32],[13,0],[0,-32],[25,0],[0,-32],[-25,0],[0,-32],[25,0],[0,-33],[12,0],[0,33],[38,0],[0,-33],[-25,0]],[[8412,7902],[0,-64]],[[8399,7838],[0,32]],[[8399,7870],[-12,0]],[[8387,7870],[0,-97]],[[8387,7773],[-25,0]],[[8362,7773],[0,-32]],[[8362,7709],[0,-32]],[[8362,7677],[-25,0],[0,-33]],[[8337,7644],[-13,0]],[[8324,7644],[0,65],[-12,0],[0,-32],[-13,0],[0,-33],[-12,0],[0,33]],[[8287,7677],[-13,0]],[[8274,7677],[0,96]],[[8274,7773],[-50,0],[0,-32],[-12,0]],[[8212,7741],[0,32]],[[8174,7806],[0,-33]],[[8174,7773],[-12,0]],[[8149,7773],[-25,0]],[[8099,7838],[0,-65]],[[8099,7773],[-25,0]],[[8074,7773],[0,65]],[[8187,7967],[50,0]],[[8262,8031],[0,65]],[[8262,8096],[-25,0]],[[8237,8128],[-13,0]],[[8224,8128],[0,97]],[[8212,7902],[0,-32]],[[8212,7870],[-25,0]],[[8187,7838],[25,0]],[[8212,7838],[0,-32]],[[7024,7806],[13,0]],[[7037,7806],[0,-65],[12,0],[0,-32],[-12,0]],[[7037,7709],[0,-65]],[[7037,7644],[-13,0]],[[7024,7644],[0,162]],[[6849,7773],[0,-64]],[[6849,7709],[50,0]],[[6899,7709],[0,-32]],[[6899,7677],[-37,0]],[[6862,7677],[0,-33]],[[6862,7644],[-25,0]],[[6837,7644],[0,129]],[[1762,7709],[0,-65]],[[1762,7644],[-25,0],[0,33],[-12,0],[0,32],[-13,0]],[[1712,7709],[0,32]],[[8512,7741],[50,0]],[[8562,7741],[0,-64]],[[8562,7677],[-13,0],[0,-33]],[[8549,7644],[-25,0]],[[8524,7644],[0,65],[-12,0]],[[1512,7709],[13,0]],[[1525,7709],[0,-65]],[[1525,7644],[-13,0]],[[1512,7644],[0,65]],[[6999,7741],[0,-64]],[[6999,7677],[-25,0]],[[6962,7709],[0,-65]],[[6962,7644],[-63,0]],[[6899,7644],[0,65]],[[6899,7709],[25,0]],[[6924,7709],[0,32]],[[6924,7741],[50,0]],[[6974,7741],[0,32],[13,0],[0,-32],[12,0]],[[7762,7709],[12,0]],[[7774,7709],[0,-32]],[[7774,7677],[13,0],[0,-33],[-25,0]],[[7762,7644],[0,65]],[[8499,7644],[-37,0]],[[8462,7644],[0,65],[25,0],[0,-32],[12,0],[0,-33]],[[8599,7741],[25,0]],[[8624,7741],[0,-64],[-12,0],[0,-33],[-13,0]],[[8599,7644],[0,33],[-12,0]],[[8587,7677],[0,32]],[[8587,7709],[12,0]],[[8599,7709],[0,32]],[[1512,7677],[0,-33]],[[1512,7644],[-12,0]],[[1500,7644],[0,33]],[[2225,7677],[0,-33]],[[2225,7644],[-13,0],[0,33],[13,0]],[[3362,7677],[38,0],[0,-33]],[[3400,7644],[-38,0]],[[3362,7644],[0,33]],[[3462,7741],[0,-64]],[[3462,7677],[-25,0],[0,-33],[-25,0]],[[3412,7644],[0,33],[13,0]],[[3425,7677],[0,32],[25,0],[0,32],[12,0]],[[4912,7644],[-25,0]],[[4887,7644],[0,33],[25,0],[0,-33]],[[5199,7677],[13,0]],[[5212,7677],[0,-33]],[[5212,7644],[-13,0]],[[5199,7644],[0,33]],[[5262,7677],[12,0]],[[5274,7677],[0,-33]],[[5274,7644],[-12,0]],[[5262,7644],[0,33]],[[5312,7677],[0,-33]],[[5312,7644],[-13,0]],[[5299,7644],[0,33]],[[5312,7677],[12,0],[0,-33]],[[5324,7644],[-12,0]],[[5599,7677],[0,-33]],[[5599,7644],[-12,0],[0,33],[12,0]],[[6024,7677],[13,0]],[[6037,7677],[0,-33]],[[6037,7644],[-13,0]],[[6024,7644],[0,33]],[[6862,7677],[12,0]],[[6874,7677],[0,-33],[-12,0]],[[6887,7677],[12,0]],[[6899,7677],[0,-33]],[[6899,7644],[-12,0]],[[6887,7644],[0,33]],[[6974,7677],[0,-33]],[[6974,7644],[-12,0]],[[6962,7644],[0,33]],[[7012,7677],[12,0]],[[7024,7677],[0,-33]],[[7024,7644],[-12,0]],[[7012,7644],[0,33]],[[7162,7677],[12,0],[0,-33],[-12,0],[0,33]],[[7224,7677],[13,0]],[[7237,7677],[0,-33]],[[7237,7644],[-13,0]],[[7224,7644],[0,33]],[[7237,7677],[12,0]],[[7249,7677],[0,-33]],[[7249,7644],[-12,0]],[[7362,7644],[0,33],[12,0],[0,-33],[-12,0]],[[7549,7677],[13,0]],[[7562,7677],[0,-33]],[[7562,7644],[-13,0]],[[7549,7644],[0,33]],[[7562,7677],[25,0]],[[7587,7677],[0,-33]],[[7587,7644],[-25,0]],[[7599,7677],[25,0],[0,-33]],[[7624,7644],[-25,0]],[[7599,7644],[0,33]],[[7762,7677],[0,-33]],[[7762,7644],[-13,0]],[[7749,7644],[0,33]],[[7837,7644],[-13,0]],[[7824,7644],[0,33]],[[8112,7677],[0,-33],[-13,0],[0,33]],[[8237,7677],[12,0]],[[8249,7677],[0,-33],[-12,0]],[[8237,7644],[0,33]],[[8374,7644],[0,33],[13,0],[0,32],[12,0],[0,-32],[13,0],[0,-33],[-38,0]],[[8599,7644],[-12,0]],[[8587,7644],[0,33]],[[8999,7644],[-12,0]],[[8987,7644],[0,33],[12,0],[0,-33]],[[9312,7644],[0,33],[12,0],[0,-33],[-12,0]],[[9349,7677],[0,-33]],[[9349,7644],[-12,0],[0,33]],[[9374,7677],[0,-33],[-25,0]],[[7849,7806],[0,-33]],[[7849,7773],[13,0]],[[7924,7773],[25,0]],[[7949,7773],[0,-64]],[[7962,7709],[0,-32],[-25,0],[0,-33],[-25,0],[0,-32]],[[7912,7612],[-25,0]],[[7887,7612],[0,65]],[[2162,7741],[25,0]],[[2187,7741],[0,-64],[13,0],[0,32],[25,0],[0,-32]],[[2225,7644],[0,-32]],[[2225,7612],[-25,0]],[[2200,7612],[0,32],[-25,0],[0,65],[-13,0],[0,32]],[[6949,8064],[0,-33]],[[6974,8031],[0,-32]],[[7024,7999],[50,0]],[[7087,8031],[0,-32]],[[7124,8064],[13,0]],[[7162,8031],[37,0]],[[7199,7999],[50,0]],[[7299,7967],[0,-32]],[[7337,7870],[12,0]],[[7362,7870],[12,0]],[[7399,7806],[0,-33]],[[7387,7741],[-38,0]],[[7349,7741],[0,-32],[-12,0],[0,32],[-13,0],[0,-32],[-12,0],[0,-32],[-25,0],[0,-65]],[[7287,7612],[-25,0]],[[7262,7612],[0,32]],[[7262,7644],[-13,0]],[[7249,7677],[-37,0]],[[7199,7741],[-12,0]],[[7137,7870],[-50,0]],[[7087,7806],[-13,0]],[[7099,7773],[0,-32],[-37,0],[0,65],[-25,0]],[[6999,7806],[13,0]],[[6999,7773],[0,-32]],[[6974,7741],[-25,0]],[[6949,7741],[0,65]],[[6937,7935],[0,129]],[[7287,7838],[50,0]],[[7337,7870],[-50,0]],[[5162,7709],[12,0]],[[5187,7677],[0,-65]],[[5187,7612],[-13,0],[0,32],[-12,0],[0,65]],[[5249,7709],[0,-65]],[[5249,7644],[25,0]],[[5274,7677],[13,0]],[[5287,7677],[0,32]],[[5287,7709],[12,0]],[[5299,7709],[0,-65]],[[5299,7644],[-12,0]],[[5287,7644],[0,-32]],[[5287,7612],[-50,0]],[[5237,7612],[0,97]],[[5599,7709],[13,0]],[[5612,7709],[0,-97]],[[5612,7612],[-13,0]],[[5599,7612],[0,97]],[[1537,7677],[25,0]],[[1562,7677],[0,-33],[13,0],[0,-32]],[[1575,7612],[-25,0]],[[1550,7612],[0,32],[-13,0],[0,33]],[[5012,7644],[12,0],[0,-32]],[[5024,7612],[-37,0]],[[4987,7612],[0,65],[25,0],[0,-33]],[[5187,7677],[12,0]],[[5199,7677],[0,-65]],[[5199,7612],[-12,0]],[[5212,7677],[25,0]],[[5237,7677],[0,-65]],[[5237,7612],[-13,0]],[[5224,7612],[0,32],[-12,0]],[[5649,7677],[13,0]],[[5662,7677],[0,-65],[-13,0]],[[5649,7612],[0,65]],[[6974,7677],[38,0]],[[7012,7644],[25,0]],[[7037,7644],[0,-32]],[[7037,7612],[-38,0]],[[6999,7612],[0,32]],[[6999,7644],[-25,0]],[[7212,7677],[12,0]],[[7224,7677],[0,-65]],[[7224,7612],[-12,0],[0,65]],[[8137,7677],[37,0]],[[8174,7677],[0,-33],[-25,0],[0,-32],[-12,0]],[[8137,7612],[0,65]],[[1437,7644],[0,-32]],[[1437,7612],[-12,0],[0,32],[12,0]],[[1437,7644],[38,0]],[[1475,7644],[0,-32],[-38,0]],[[1925,7644],[12,0],[0,-32],[-12,0],[0,32]],[[2225,7644],[12,0]],[[2237,7644],[0,-32]],[[2237,7612],[-12,0]],[[2275,7612],[-13,0]],[[2262,7612],[0,32],[13,0],[0,-32]],[[2400,7644],[12,0],[0,-32],[-12,0],[0,32]],[[3400,7644],[12,0]],[[3412,7644],[0,-32],[-12,0]],[[3400,7612],[0,32]],[[3462,7644],[0,-32]],[[3462,7612],[-12,0]],[[3450,7612],[0,32],[12,0]],[[4887,7644],[0,-32]],[[4887,7612],[-12,0]],[[4875,7612],[0,32],[12,0]],[[4887,7644],[13,0]],[[4900,7644],[0,-32]],[[4900,7612],[-13,0]],[[5224,7612],[-12,0]],[[5212,7612],[0,32]],[[5287,7644],[37,0]],[[5324,7644],[0,-32]],[[5324,7612],[-37,0]],[[5324,7644],[13,0],[0,-32]],[[5337,7612],[-13,0]],[[5362,7612],[0,32],[12,0],[0,-32],[-12,0]],[[5424,7644],[13,0]],[[5437,7644],[0,-32]],[[5437,7612],[-13,0],[0,32]],[[5624,7644],[13,0],[0,-32],[-13,0],[0,32]],[[6849,7644],[13,0]],[[6862,7644],[0,-32],[-13,0],[0,32]],[[6924,7644],[13,0]],[[6937,7644],[0,-32],[-13,0],[0,32]],[[6974,7644],[13,0]],[[6987,7644],[0,-32],[-13,0],[0,32]],[[7187,7644],[12,0],[0,-32],[-12,0],[0,32]],[[7237,7644],[25,0]],[[7262,7612],[-25,0],[0,32]],[[7362,7644],[0,-32]],[[7362,7612],[-13,0],[0,32],[13,0]],[[7737,7806],[0,-33]],[[7699,7741],[25,0]],[[7724,7677],[0,-65]],[[7724,7612],[-87,0]],[[7637,7612],[0,32],[12,0],[0,65]],[[7649,7709],[-37,0]],[[8462,7644],[0,-32]],[[8462,7612],[-13,0]],[[8449,7612],[0,32],[13,0]],[[8462,7644],[25,0]],[[8487,7644],[0,-32]],[[8487,7612],[-25,0]],[[8712,7644],[25,0],[0,-32],[-25,0],[0,32]],[[8874,7644],[0,-32]],[[8874,7612],[-25,0]],[[8849,7612],[0,32],[25,0]],[[5087,7644],[12,0],[0,-64]],[[5099,7580],[-12,0]],[[5087,7580],[0,64]],[[6037,7677],[25,0]],[[6062,7677],[0,-33],[-13,0],[0,-32],[-25,0],[0,-32],[-12,0]],[[6012,7580],[0,64]],[[6012,7644],[25,0]],[[6812,7644],[12,0]],[[6824,7644],[0,-64],[-12,0],[0,64]],[[8024,7806],[13,0]],[[8037,7773],[62,0]],[[8099,7773],[0,33]],[[8112,7806],[0,-65]],[[8074,7677],[-25,0]],[[8049,7677],[0,-33],[-50,0],[0,-32]],[[7999,7612],[-12,0]],[[7987,7612],[0,-32]],[[7987,7580],[-25,0]],[[7962,7580],[0,32]],[[7962,7612],[-50,0]],[[7974,7741],[38,0]],[[8399,8128],[0,-97]],[[8399,8031],[38,0],[0,-32],[12,0],[0,-32],[13,0],[0,32],[25,0],[0,-32]],[[8474,7902],[0,-64]],[[8449,7870],[0,-32]],[[8449,7773],[0,33]],[[8512,7709],[0,-65]],[[8512,7644],[-13,0]],[[8449,7612],[-12,0],[0,32],[-13,0],[0,-32],[-25,0]],[[8399,7612],[0,-32]],[[8399,7580],[-12,0],[0,32],[-13,0],[0,32]],[[8374,7644],[-37,0]],[[8362,7677],[0,96]],[[8362,7773],[12,0]],[[8387,7741],[0,129]],[[8399,7870],[0,-64]],[[8412,7806],[0,96]],[[8324,8096],[13,0]],[[8662,7580],[0,64],[12,0],[0,33],[25,0],[0,-33],[-12,0],[0,-32],[12,0],[0,-32],[-37,0]],[[9312,7644],[37,0]],[[9349,7644],[0,-32],[-12,0],[0,-32],[-25,0],[0,64]],[[3275,7580],[-25,0],[0,32],[25,0],[0,-32]],[[3400,7612],[0,-32]],[[3400,7580],[-13,0],[0,32],[13,0]],[[5212,7644],[0,-64]],[[5212,7580],[-25,0]],[[5187,7580],[0,32]],[[5199,7612],[0,32]],[[5224,7612],[0,-32]],[[5224,7580],[-12,0]],[[5212,7580],[0,32]],[[5262,7612],[12,0]],[[5274,7612],[0,-32],[-12,0]],[[5262,7580],[0,32]],[[5362,7612],[0,-32],[-13,0]],[[5349,7580],[0,32],[13,0]],[[5549,7612],[25,0],[0,-32],[-25,0],[0,32]],[[6999,7612],[25,0]],[[7024,7612],[0,-32]],[[7024,7580],[-25,0]],[[6999,7580],[0,32]],[[7024,7612],[13,0]],[[7037,7612],[0,-32],[-13,0]],[[7287,7612],[0,-32]],[[7287,7580],[-25,0],[0,32]],[[7362,7612],[50,0]],[[7412,7612],[0,-32]],[[7412,7580],[-50,0]],[[7362,7580],[0,32]],[[7662,7612],[37,0]],[[7699,7612],[0,-32]],[[7699,7580],[-37,0]],[[7662,7580],[0,32]],[[7699,7612],[25,0]],[[7724,7612],[0,-32]],[[7724,7580],[-25,0]],[[7899,7612],[13,0]],[[7912,7612],[0,-32]],[[7912,7580],[-13,0]],[[7899,7580],[0,32]],[[7987,7612],[25,0]],[[8012,7612],[0,-32],[-25,0]],[[8112,7580],[-25,0]],[[8087,7580],[0,32],[25,0],[0,-32]],[[8462,7612],[0,-32],[-13,0]],[[8449,7580],[0,32]],[[8874,7612],[0,-32]],[[8874,7580],[-25,0],[0,32]],[[1800,7902],[12,0]],[[1812,7902],[0,-96],[13,0],[0,-129],[12,0],[0,-65],[13,0],[0,-32],[12,0],[0,-32]],[[1862,7548],[-37,0]],[[1825,7548],[0,64],[-13,0]],[[1812,7612],[0,32],[-12,0],[0,129],[-13,0],[0,33],[-12,0],[0,32],[-13,0],[0,32],[38,0],[0,32]],[[8962,7709],[25,0]],[[8987,7709],[0,-65]],[[8999,7644],[0,-32],[13,0],[0,-32]],[[9012,7580],[-13,0],[0,-32]],[[8999,7548],[-12,0]],[[8987,7548],[0,32],[-13,0]],[[8974,7580],[0,64]],[[8974,7644],[-12,0]],[[8962,7644],[0,65]],[[7499,7741],[25,0]],[[7524,7709],[125,0]],[[7637,7612],[25,0]],[[7662,7580],[-38,0]],[[7624,7580],[0,32],[-12,0],[0,32]],[[7612,7644],[12,0]],[[7599,7677],[0,-65]],[[7599,7612],[-25,0],[0,32]],[[7574,7644],[13,0]],[[7587,7677],[-38,0]],[[7549,7644],[-12,0]],[[7537,7644],[0,-32],[-25,0],[0,-32],[-25,0],[0,-32],[-38,0]],[[7449,7548],[0,32],[-12,0]],[[7437,7580],[0,64]],[[7437,7644],[37,0],[0,33]],[[7474,7677],[-12,0]],[[7474,7709],[0,32]],[[7824,7709],[0,-65]],[[7824,7644],[63,0]],[[7887,7644],[0,-32]],[[7887,7612],[12,0]],[[7899,7580],[-12,0]],[[7887,7580],[0,-32],[-13,0],[0,32],[-50,0],[0,32],[-12,0],[0,32],[-13,0],[0,-32],[-37,0],[0,32]],[[7774,7677],[0,64]],[[8562,7709],[25,0]],[[8587,7709],[0,-65]],[[8599,7644],[0,-32]],[[8599,7612],[-12,0]],[[8587,7612],[0,-32],[12,0],[0,-32]],[[8599,7548],[-62,0],[0,96]],[[8537,7644],[12,0]],[[8562,7677],[0,32]],[[8962,7644],[0,-96]],[[8962,7548],[-13,0],[0,96],[13,0]],[[8974,7644],[0,-96]],[[8974,7548],[-12,0]],[[5149,7612],[13,0],[0,-64]],[[5162,7548],[-13,0]],[[5149,7548],[0,64]],[[7937,7612],[25,0]],[[7962,7580],[-13,0]],[[7949,7580],[0,-32],[-12,0],[0,64]],[[8449,7580],[-12,0],[0,-32]],[[8437,7548],[-38,0]],[[8399,7548],[0,64]],[[8587,7612],[25,0]],[[8612,7612],[0,-64]],[[8612,7548],[-13,0]],[[1762,7580],[13,0],[0,-32],[-13,0],[0,32]],[[2237,7580],[13,0],[0,-32],[-13,0],[0,32]],[[4850,7580],[12,0],[0,-32],[-12,0],[0,32]],[[5000,7580],[0,-32]],[[5000,7548],[-13,0],[0,32],[13,0]],[[5037,7580],[12,0],[0,-32],[-12,0],[0,32]],[[5262,7580],[0,-32]],[[5262,7548],[-13,0]],[[5249,7548],[0,32],[13,0]],[[5412,7644],[12,0]],[[5437,7612],[0,-32],[-13,0],[0,-32],[-50,0]],[[5374,7548],[0,32],[38,0]],[[5412,7580],[0,64]],[[5774,7580],[13,0]],[[5787,7580],[0,-32]],[[5787,7548],[-13,0]],[[5774,7548],[0,32]],[[5787,7580],[12,0]],[[5799,7580],[0,-32]],[[5799,7548],[-12,0]],[[5987,7580],[25,0]],[[6012,7580],[0,-32],[-25,0],[0,32]],[[6749,7580],[13,0],[0,-32],[-13,0],[0,32]],[[7062,7580],[25,0],[0,-32],[-25,0],[0,32]],[[7112,7580],[0,-32],[-13,0],[0,32],[13,0]],[[8099,7580],[13,0]],[[8112,7580],[0,-32]],[[8112,7548],[-13,0]],[[8099,7548],[0,32]],[[8112,7580],[25,0]],[[8137,7580],[0,-32]],[[8137,7548],[-25,0]],[[8237,7580],[12,0]],[[8249,7580],[0,-32],[-12,0]],[[8237,7548],[0,32]],[[8499,7612],[25,0]],[[8524,7612],[0,-64]],[[8524,7548],[-37,0]],[[8487,7548],[0,32],[12,0],[0,32]],[[8662,7580],[0,-32],[-13,0],[0,32],[13,0]],[[9012,7580],[0,-32]],[[9012,7548],[-13,0]],[[9312,7548],[-25,0]],[[9287,7548],[0,32],[12,0],[0,32],[13,0],[0,-64]],[[8799,7741],[0,-32]],[[8799,7709],[13,0],[0,-97],[12,0],[0,32],[13,0]],[[8837,7644],[0,-64]],[[8837,7580],[-25,0],[0,-65]],[[8812,7515],[-25,0]],[[8787,7515],[0,129]],[[8787,7644],[-13,0],[0,33],[-25,0],[0,32]],[[8749,7709],[25,0]],[[8774,7709],[0,32]],[[7412,7773],[25,0]],[[7449,7677],[25,0]],[[7437,7644],[0,-32]],[[7437,7612],[-75,0]],[[7362,7580],[37,0]],[[7399,7580],[0,-32]],[[7399,7548],[-12,0]],[[7387,7548],[0,-33]],[[7387,7515],[-13,0]],[[7374,7515],[0,33],[-12,0],[0,-33]],[[7362,7515],[-25,0]],[[7337,7515],[0,33],[-38,0],[0,64],[-12,0]],[[7349,7741],[25,0]],[[5224,7612],[38,0]],[[5249,7548],[-12,0]],[[5237,7548],[0,-33]],[[5237,7515],[-13,0]],[[5224,7515],[0,97]],[[1475,7580],[12,0],[0,-65]],[[1487,7515],[-12,0],[0,65]],[[3150,7612],[0,-64],[37,0]],[[3187,7548],[0,-33],[-50,0]],[[3137,7515],[0,33],[-12,0],[0,32],[12,0],[0,32],[13,0]],[[5849,7515],[-12,0],[0,33],[-13,0],[0,32],[38,0],[0,-32],[-13,0],[0,-33]],[[7412,7612],[25,0]],[[7437,7612],[0,-32]],[[7449,7548],[-25,0],[0,-33]],[[7424,7515],[-12,0]],[[7412,7515],[0,33],[-13,0]],[[7399,7580],[13,0]],[[8049,7677],[50,0]],[[8112,7677],[25,0]],[[8137,7677],[0,-97]],[[8087,7580],[12,0]],[[8099,7548],[-12,0],[0,-33]],[[8087,7515],[-25,0]],[[8062,7515],[0,65],[-25,0],[0,-65]],[[8037,7515],[-13,0]],[[8024,7515],[0,33]],[[8024,7548],[-25,0]],[[7999,7548],[0,-33]],[[7999,7515],[-12,0]],[[7987,7515],[0,65]],[[8012,7612],[-13,0]],[[8062,7515],[-25,0]],[[8762,7580],[25,0]],[[8787,7580],[0,-65]],[[8787,7515],[-25,0]],[[8762,7515],[0,65]],[[8837,7580],[0,-32]],[[8837,7548],[-13,0],[0,-33],[-12,0]],[[1937,7548],[13,0],[0,-33],[-13,0],[0,33]],[[2025,7515],[-13,0],[0,33],[13,0],[0,-33]],[[2662,7548],[13,0],[0,-33],[-13,0],[0,33]],[[4937,7515],[-12,0],[0,33],[12,0],[0,-33]],[[5124,7548],[13,0],[0,-33],[-13,0],[0,33]],[[5212,7548],[12,0]],[[5224,7548],[0,-33]],[[5224,7515],[-12,0]],[[5212,7515],[0,33]],[[5324,7548],[0,-33],[-12,0],[0,33],[12,0]],[[5449,7548],[13,0],[0,-33],[-13,0],[0,33]],[[5537,7548],[12,0],[0,-33],[-12,0],[0,33]],[[5724,7580],[50,0]],[[5774,7548],[-37,0]],[[5737,7548],[0,-33],[-25,0],[0,33],[12,0],[0,32]],[[6999,7548],[13,0]],[[7012,7548],[0,-33]],[[7012,7515],[-13,0]],[[6999,7515],[0,33]],[[7337,7515],[-63,0]],[[7274,7515],[0,33],[13,0]],[[7287,7548],[0,64]],[[7374,7515],[-12,0]],[[7412,7515],[-13,0]],[[7399,7515],[0,33]],[[7987,7548],[0,-33]],[[7987,7515],[-25,0]],[[7962,7515],[0,33],[25,0]],[[7999,7548],[13,0]],[[8012,7548],[0,-33]],[[8012,7515],[-13,0]],[[8099,7548],[0,-33],[-12,0]],[[8612,7548],[0,-33]],[[8612,7515],[-13,0]],[[8599,7515],[0,33]],[[8612,7548],[12,0],[0,-33]],[[8624,7515],[-12,0]],[[8749,7548],[13,0]],[[8762,7548],[0,-33]],[[8762,7515],[-13,0]],[[8749,7515],[0,33]],[[8862,7548],[12,0]],[[8874,7548],[0,-33],[-12,0]],[[8862,7515],[0,33]],[[8987,7548],[25,0]],[[9012,7548],[0,-33]],[[9012,7515],[-50,0]],[[8962,7515],[0,33]],[[8974,7548],[0,32]],[[9312,7548],[0,-33],[-25,0]],[[9287,7515],[0,33]],[[8074,9289],[200,0]],[[8274,9257],[63,0],[0,-32],[62,0]],[[8549,9160],[38,0]],[[8587,9160],[0,-96]],[[8599,9096],[50,0]],[[8687,9031],[-13,0]],[[8662,8935],[37,0]],[[8812,8999],[0,65]],[[8812,9064],[37,0]],[[8887,9031],[25,0]],[[8924,8999],[0,65]],[[9287,9096],[112,0]],[[9462,8999],[12,0]],[[9487,8999],[175,0]],[[9662,9031],[37,0]],[[9712,8999],[0,-64],[12,0]],[[9737,8902],[0,65],[12,0]],[[9749,8999],[25,0]],[[9774,9031],[38,0]],[[9824,9031],[75,0]],[[9899,8999],[75,0]],[[9974,8967],[25,0],[0,-65]],[[9999,8870],[0,-193]],[[9987,8612],[-13,0],[0,-64],[13,0],[0,-33],[-13,0]],[[9937,8451],[-13,0]],[[9924,8451],[0,64]],[[9887,8483],[12,0]],[[9899,8451],[-50,0]],[[9699,8419],[0,-97]],[[9699,8322],[-12,0]],[[9674,8322],[-12,0]],[[9662,8354],[-13,0]],[[9649,8386],[-62,0]],[[9599,8322],[0,-65],[-12,0]],[[9587,8289],[-50,0]],[[9537,8289],[0,33]],[[9474,8257],[0,65],[13,0],[0,32],[25,0],[0,32],[-13,0],[0,33]],[[9399,8612],[-12,0]],[[9349,8580],[-12,0]],[[9262,8709],[-25,0]],[[9237,8677],[-25,0]],[[9174,8709],[-62,0]],[[9062,8741],[0,-64]],[[9062,8677],[-25,0]],[[9037,8644],[25,0]],[[9062,8644],[0,-32]],[[9087,8548],[-13,0]],[[9074,8483],[38,0]],[[9149,8419],[0,-97]],[[9124,8257],[25,0],[0,-32],[-112,0]],[[9037,8257],[-63,0]],[[8962,8225],[-25,0]],[[8937,8193],[-25,0]],[[8912,8193],[0,32]],[[8862,8193],[0,32]],[[8849,8225],[0,-97]],[[8837,8064],[0,-65],[-25,0],[0,-32],[25,0],[0,-65],[-13,0],[0,-32],[25,0],[0,32],[50,0],[0,-32],[-37,0]],[[8912,7741],[-50,0]],[[8862,7677],[50,0],[0,-162],[-13,0],[0,33]],[[8899,7548],[-25,0]],[[8874,7548],[0,96]],[[8849,7612],[-12,0]],[[8837,7612],[0,32]],[[8799,7709],[0,97]],[[8774,7773],[0,-64]],[[8787,7644],[0,-64]],[[8762,7580],[0,-32]],[[8749,7548],[0,-65]],[[8749,7483],[-12,0]],[[8737,7483],[0,32]],[[8737,7515],[-113,0]],[[8612,7612],[-13,0]],[[8624,7741],[13,0]],[[8612,7741],[-13,0]],[[8599,7709],[-37,0]],[[8562,7709],[0,32]],[[8574,7741],[0,65]],[[8399,8031],[0,65]],[[8624,8193],[-37,0]],[[8587,8160],[25,0]],[[8612,8128],[-50,0]],[[8549,8193],[0,-33]],[[8549,8160],[-25,0]],[[8474,8225],[0,-65]],[[8449,8128],[50,0]],[[8649,8064],[0,64]],[[8649,8128],[38,0]],[[8662,8193],[0,-33]],[[8649,8193],[-12,0]],[[8449,8709],[-100,0]],[[7162,8160],[0,-129]],[[7149,8064],[-50,0]],[[7062,8096],[-13,0]],[[7049,8128],[-12,0]],[[7012,8128],[-50,0]],[[6962,8128],[0,32]],[[6962,8160],[-50,0]],[[6912,8225],[37,0]],[[7062,8386],[25,0]],[[7087,8386],[0,65]],[[7087,8451],[50,0]],[[7137,8451],[0,32]],[[7162,8483],[25,0]],[[7224,8612],[-25,0]],[[7099,8644],[0,65]],[[7087,8677],[-50,0]],[[7024,8709],[0,32]],[[6974,8773],[75,0]],[[7049,8773],[0,65],[13,0],[0,32]],[[7099,8838],[0,32]],[[7112,8870],[0,-97]],[[7112,8773],[12,0]],[[7137,8773],[25,0]],[[7187,8838],[12,0]],[[7199,8806],[25,0]],[[7224,8773],[50,0]],[[7662,8999],[-25,0]],[[7637,8999],[0,65]],[[8049,9225],[0,32]],[[8049,9257],[25,0]],[[9087,8967],[12,0]],[[9099,8935],[38,0]],[[9137,8902],[25,0]],[[9162,8902],[0,-64]],[[9274,8806],[0,64]],[[9274,8870],[-25,0]],[[9287,8935],[0,-97]],[[9299,8902],[13,0]],[[9337,8967],[-25,0]],[[9287,8967],[-13,0]],[[9274,8999],[-125,0]],[[8387,9031],[0,-32]],[[8374,8967],[75,0]],[[8424,9031],[-37,0]],[[9037,8935],[0,-65]],[[9037,8870],[62,0]],[[9837,8902],[-100,0]],[[9737,8870],[-13,0]],[[9749,8870],[38,0]],[[9787,8870],[0,-32]],[[9962,8870],[-13,0]],[[9949,8902],[-50,0]],[[8724,8870],[0,-64]],[[8749,8870],[-25,0]],[[9449,8612],[38,0]],[[9487,8612],[0,97]],[[9487,8709],[-38,0]],[[9599,8709],[0,-65]],[[9624,8677],[-12,0]],[[8837,8451],[0,-65]],[[8862,8386],[0,-64]],[[8874,8322],[0,-33]],[[8899,8322],[63,0]],[[8962,8354],[37,0]],[[9024,8451],[-87,0]],[[9524,8451],[13,0],[0,-129]],[[9549,8354],[25,0]],[[9574,8386],[-25,0],[0,97]],[[8799,8419],[0,-33]],[[8787,8354],[37,0]],[[9099,8386],[-12,0]],[[9124,8386],[13,0]],[[8699,8096],[0,-32]],[[8724,8128],[-37,0]],[[3537,7483],[-25,0]],[[3512,7483],[0,65],[13,0],[0,-33],[12,0],[0,-32]],[[7112,7580],[25,0],[0,-32],[-13,0],[0,-33],[-12,0]],[[7112,7515],[0,-32]],[[7112,7483],[-13,0]],[[7099,7483],[0,32],[-12,0],[0,-32]],[[7087,7483],[-25,0]],[[7062,7483],[0,32],[-50,0]],[[7012,7548],[12,0]],[[7024,7548],[0,32]],[[7037,7612],[12,0],[0,32],[13,0],[0,65],[12,0],[0,-32],[25,0],[0,-33],[13,0],[0,-64]],[[1737,7515],[25,0],[0,-32],[-25,0],[0,32]],[[1800,7483],[-13,0],[0,32],[13,0],[0,-32]],[[1962,7515],[13,0],[0,-32],[-13,0],[0,32]],[[1987,7515],[13,0],[0,-32],[-13,0],[0,32]],[[2137,7515],[13,0],[0,-32],[-13,0],[0,32]],[[5037,7515],[25,0],[0,-32],[-25,0],[0,32]],[[6887,7515],[12,0],[0,-32],[-12,0],[0,32]],[[6999,7515],[0,-32]],[[6999,7483],[-12,0],[0,32],[12,0]],[[7012,7515],[0,-32],[-13,0]],[[7099,7483],[-12,0]],[[7349,7515],[13,0]],[[7362,7515],[0,-32]],[[7362,7483],[-13,0],[0,32]],[[7362,7515],[25,0]],[[7387,7515],[0,-32]],[[7387,7483],[-25,0]],[[7499,7548],[25,0],[0,-65],[-37,0],[0,32],[12,0],[0,33]],[[8074,7515],[13,0]],[[8087,7515],[0,-32],[-13,0],[0,32]],[[8174,7515],[13,0],[0,-32],[-13,0],[0,32]],[[8462,7515],[0,-32]],[[8462,7483],[-13,0]],[[8449,7483],[0,32],[13,0]],[[8762,7515],[0,-32]],[[8762,7483],[-13,0]],[[8749,7483],[0,32]],[[8787,7515],[0,-32]],[[8787,7483],[-25,0]],[[9012,7515],[0,-32],[-13,0],[0,32],[13,0]],[[9287,7515],[0,-32],[-13,0],[0,32],[13,0]],[[5149,7838],[50,0]],[[5199,7838],[0,-32]],[[5199,7806],[13,0]],[[5187,7709],[-25,0]],[[5187,7580],[37,0]],[[5224,7580],[0,-32]],[[5212,7548],[0,-97]],[[5212,7451],[-13,0]],[[5199,7451],[0,32]],[[5199,7483],[-25,0]],[[5174,7483],[0,65]],[[5174,7548],[-12,0]],[[5149,7612],[0,-32]],[[5149,7580],[-50,0]],[[5087,7644],[0,-32]],[[5087,7612],[-38,0],[0,32],[13,0],[0,33]],[[5062,7677],[25,0]],[[5087,7709],[12,0],[0,32],[13,0],[0,32],[12,0],[0,65],[13,0]],[[6887,7515],[-25,0],[0,-64],[-13,0],[0,64],[-12,0],[0,65],[37,0],[0,-32],[13,0],[0,-33]],[[5237,7548],[37,0]],[[5274,7548],[0,-65],[-25,0],[0,-32]],[[5249,7451],[-12,0]],[[5237,7451],[0,97]],[[5487,7548],[37,0]],[[5524,7548],[0,-33],[-12,0],[0,-64]],[[5512,7451],[-13,0]],[[5499,7451],[0,32],[-12,0],[0,65]],[[8524,7644],[13,0]],[[8599,7515],[25,0]],[[8624,7515],[0,-32],[-12,0],[0,-32],[-25,0]],[[8587,7451],[0,32],[-13,0],[0,32],[-12,0],[0,-32],[-13,0]],[[8549,7483],[0,-32]],[[8549,7451],[-25,0]],[[8524,7451],[0,32],[-12,0],[0,32],[-13,0],[0,33]],[[8499,7548],[25,0]],[[8524,7612],[-37,0]],[[8487,7644],[25,0]],[[3187,7548],[13,0]],[[3200,7548],[0,-97],[-25,0],[0,32],[-13,0],[0,-32],[-25,0],[0,64]],[[5224,7515],[0,-64]],[[5224,7451],[-12,0]],[[5212,7451],[0,64]],[[5237,7515],[0,-64]],[[5237,7451],[-13,0]],[[5437,7451],[-25,0]],[[5412,7451],[0,64],[25,0],[0,-64]],[[5624,7709],[13,0],[0,-32]],[[5637,7677],[12,0]],[[5649,7677],[0,-129]],[[5649,7548],[-12,0],[0,-33],[-13,0],[0,-32],[-12,0]],[[5612,7483],[0,32]],[[5612,7515],[-13,0]],[[5599,7515],[0,33]],[[5599,7548],[-12,0],[0,-65],[-13,0],[0,-32]],[[5574,7451],[-12,0]],[[5562,7451],[0,32]],[[5562,7483],[-38,0]],[[5524,7483],[0,-32]],[[5524,7451],[-12,0]],[[5524,7548],[-12,0]],[[5512,7548],[0,32],[-13,0],[0,32],[-12,0],[0,-32],[-25,0],[0,32],[-25,0]],[[5437,7644],[-25,0]],[[5412,7644],[0,33]],[[5424,7741],[38,0]],[[5462,7709],[-13,0]],[[5537,7806],[50,0]],[[5587,7806],[0,32],[12,0],[0,-32],[13,0],[0,-33],[12,0],[0,-64]],[[5599,7709],[0,-32]],[[5599,7644],[0,-32]],[[5612,7612],[0,65]],[[5624,7709],[-25,0]],[[8012,7548],[12,0]],[[8024,7515],[25,0]],[[8049,7515],[0,-32],[-12,0],[0,-32],[-13,0],[0,32],[-12,0],[0,-32]],[[8012,7451],[-25,0]],[[7987,7451],[0,32],[-13,0]],[[7974,7483],[0,32]],[[7974,7515],[38,0]],[[8874,7580],[0,-32]],[[8862,7548],[0,-65]],[[8862,7483],[-25,0]],[[8837,7483],[0,-32]],[[8837,7451],[-25,0],[0,64]],[[8837,7548],[0,64]],[[2737,7483],[13,0],[0,-32],[-13,0],[0,32]],[[4887,7483],[13,0],[0,-32],[-13,0],[0,32]],[[5524,7483],[13,0]],[[5537,7483],[0,-32]],[[5537,7451],[-13,0]],[[5537,7483],[12,0]],[[5549,7483],[0,-32]],[[5549,7451],[-12,0]],[[5549,7483],[13,0]],[[5562,7451],[-13,0]],[[5799,7451],[-12,0]],[[5787,7451],[0,32],[12,0],[0,-32]],[[5837,7483],[12,0]],[[5849,7483],[0,-32]],[[5849,7451],[-12,0]],[[5837,7451],[0,32]],[[6949,7483],[13,0],[0,-32],[-13,0],[0,32]],[[7312,7483],[12,0],[0,-32],[-12,0],[0,32]],[[7437,7483],[12,0],[0,-32],[-12,0],[0,32]],[[7987,7451],[-13,0]],[[7974,7451],[0,32]],[[8424,7483],[13,0]],[[8437,7483],[0,-32]],[[8437,7451],[-13,0]],[[8424,7451],[0,32]],[[8437,7483],[12,0]],[[8449,7483],[0,-32],[-12,0]],[[8637,7451],[0,32],[25,0],[0,-32],[-25,0]],[[8749,7483],[0,-32],[-12,0]],[[8737,7451],[0,32]],[[8762,7483],[12,0]],[[8774,7483],[0,-32]],[[8774,7451],[-12,0],[0,32]],[[8837,7483],[12,0]],[[8849,7483],[0,-32],[-12,0]],[[8962,7483],[12,0]],[[8974,7483],[0,-32],[-12,0],[0,32]],[[1800,7483],[12,0]],[[1812,7483],[0,-64]],[[1812,7419],[-12,0],[0,64]],[[1812,7483],[25,0]],[[1837,7483],[0,-64]],[[1837,7419],[-25,0]],[[2350,7483],[50,0]],[[2400,7483],[0,-32],[-38,0],[0,-32]],[[2362,7419],[-12,0]],[[2350,7419],[0,64]],[[5599,7548],[0,-129]],[[5599,7419],[-12,0]],[[5587,7419],[0,32]],[[5587,7451],[-13,0]],[[7062,7483],[50,0]],[[7112,7483],[0,-64]],[[7112,7419],[-13,0],[0,32],[-25,0],[0,-32],[-25,0],[0,32],[-12,0],[0,-32],[-13,0],[0,32],[-25,0]],[[6999,7451],[0,32]],[[7124,7483],[13,0],[0,-64],[-13,0],[0,64]],[[8224,7483],[0,-32]],[[8224,7451],[13,0]],[[8237,7451],[0,-32],[-25,0],[0,64],[12,0]],[[8587,7451],[-25,0],[0,-32]],[[8562,7419],[-13,0]],[[8549,7419],[0,64]],[[1762,7451],[13,0],[0,-32],[-13,0],[0,32]],[[1975,7419],[-25,0],[0,32],[25,0],[0,-32]],[[3100,7451],[25,0],[0,-32],[-25,0],[0,32]],[[5187,7483],[12,0]],[[5199,7483],[0,-64]],[[5199,7419],[-25,0]],[[5174,7419],[0,32],[13,0],[0,32]],[[5212,7451],[0,-32]],[[5212,7419],[-13,0]],[[5199,7419],[0,32]],[[5224,7451],[0,-32]],[[5224,7419],[-12,0]],[[5299,8160],[0,-32],[13,0]],[[5312,8128],[0,-32],[-13,0],[0,-32],[13,0],[0,-33]],[[5312,8031],[12,0]],[[5337,7999],[0,-64]],[[5337,7935],[-25,0]],[[5312,7902],[37,0]],[[5349,7902],[0,97]],[[5362,7999],[0,-64]],[[5362,7935],[25,0],[0,-33],[25,0]],[[5412,7902],[0,-322]],[[5374,7548],[-25,0],[0,32]],[[5349,7580],[-25,0],[0,-32]],[[5324,7548],[13,0],[0,-33],[25,0],[0,-32],[12,0],[0,-32],[-25,0],[0,-32],[-12,0],[0,32],[-75,0],[0,-32]],[[5262,7419],[-38,0]],[[5224,7451],[25,0]],[[5274,7548],[-12,0]],[[5274,7612],[63,0]],[[5312,7709],[-25,0]],[[5287,7677],[-25,0]],[[5262,7644],[-13,0]],[[5249,7644],[0,97]],[[5224,7806],[-25,0]],[[5199,7838],[-12,0],[0,32],[50,0],[0,32],[-13,0],[0,65],[-12,0],[0,97],[12,0],[0,32]],[[5237,8128],[37,0],[0,32],[25,0]],[[5249,8096],[0,-65]],[[5237,8031],[0,-96]],[[5274,7999],[0,97]],[[5262,7773],[50,0]],[[5324,7806],[-37,0]],[[5562,7451],[0,-32]],[[5562,7419],[-13,0]],[[5549,7419],[0,32]],[[5662,7451],[12,0],[0,-32],[-12,0],[0,32]],[[5737,7451],[12,0]],[[5749,7451],[0,-32]],[[5749,7419],[-12,0]],[[5737,7419],[0,32]],[[5749,7451],[13,0]],[[5762,7451],[0,-32]],[[5762,7419],[-13,0]],[[5762,7451],[12,0]],[[5774,7451],[0,-32]],[[5774,7419],[-12,0]],[[5774,7451],[25,0]],[[5799,7451],[0,-32]],[[5799,7419],[-25,0]],[[5799,7451],[13,0],[0,-32]],[[5812,7419],[-13,0]],[[5849,7451],[13,0],[0,-32],[-13,0],[0,32]],[[6999,7451],[0,-32],[-12,0],[0,32],[12,0]],[[7762,7451],[12,0],[0,-32],[-12,0],[0,32]],[[8399,7451],[13,0]],[[8412,7451],[0,-32]],[[8412,7419],[-13,0]],[[8399,7419],[0,32]],[[8412,7451],[25,0]],[[8437,7451],[0,-32]],[[8437,7419],[-25,0]],[[1825,7548],[12,0]],[[1837,7548],[0,-33],[13,0],[0,-32],[12,0],[0,-32],[13,0]],[[1875,7451],[0,-65]],[[1875,7386],[-38,0]],[[1837,7386],[0,97]],[[1812,7483],[0,129]],[[5612,7515],[0,-64]],[[5612,7451],[12,0],[0,-65]],[[5624,7386],[-25,0]],[[5599,7386],[0,129]],[[2787,7515],[63,0],[0,-32],[37,0],[0,-64],[-12,0],[0,32],[-25,0],[0,-32],[-25,0],[0,32],[-25,0],[0,-32],[12,0],[0,-33],[-37,0],[0,33],[-13,0],[0,64],[13,0],[0,-32],[12,0],[0,64]],[[5512,7548],[-25,0]],[[5499,7451],[25,0]],[[5524,7451],[0,-32]],[[5524,7419],[-50,0]],[[5474,7419],[0,-33]],[[5474,7386],[-12,0]],[[5462,7386],[0,33]],[[5462,7419],[-13,0]],[[5449,7419],[0,32]],[[5449,7451],[-12,0]],[[5412,7451],[-25,0],[0,32],[12,0],[0,32],[-25,0],[0,33]],[[3375,7386],[-25,0],[0,33],[-13,0],[0,32],[13,0],[0,64],[37,0]],[[3387,7515],[0,33],[25,0],[0,-33],[-12,0],[0,-32],[-13,0],[0,-32],[-12,0],[0,-65]],[[3462,7677],[0,-33]],[[3450,7612],[-13,0]],[[3437,7612],[0,-32],[-12,0],[0,-32],[25,0],[0,-33],[25,0],[0,-96],[-13,0],[0,-33]],[[3462,7386],[-37,0]],[[3425,7386],[0,65],[-25,0],[0,-65]],[[3400,7386],[-25,0]],[[3387,7515],[-25,0],[0,33],[13,0],[0,32],[25,0]],[[3425,7386],[-25,0]],[[5524,7451],[25,0]],[[5549,7419],[-12,0]],[[5537,7419],[0,-33]],[[5537,7386],[-13,0]],[[5524,7386],[0,65]],[[7562,7451],[25,0],[0,-32],[-13,0],[0,-33],[-12,0],[0,65]],[[7837,7451],[62,0],[0,-32],[-12,0],[0,-33],[-50,0],[0,65]],[[8587,7451],[0,-32],[12,0],[0,-33],[-25,0],[0,33],[-12,0]],[[8774,7451],[0,-32]],[[8774,7419],[-25,0],[0,-33],[-12,0]],[[8737,7386],[0,65]],[[1637,7419],[13,0]],[[1650,7419],[0,-33],[-13,0]],[[1637,7386],[0,33]],[[1837,7419],[0,-33]],[[1837,7386],[-25,0]],[[1812,7386],[0,33]],[[2012,7386],[0,33],[25,0],[0,-33],[-25,0]],[[3275,7419],[12,0],[0,-33],[-12,0],[0,33]],[[3537,7419],[13,0],[0,-33],[-13,0],[0,33]],[[4937,7419],[13,0],[0,-33],[-13,0],[0,33]],[[5474,7419],[13,0]],[[5487,7419],[0,-33]],[[5487,7386],[-13,0]],[[5499,7419],[25,0]],[[5524,7419],[0,-33]],[[5524,7386],[-25,0]],[[5499,7386],[0,33]],[[5599,7419],[0,-33]],[[5599,7386],[-12,0]],[[5587,7386],[0,33]],[[5749,7419],[0,-33]],[[5749,7386],[-12,0],[0,33]],[[5762,7419],[0,-33]],[[5762,7386],[-13,0]],[[5774,7419],[0,-33]],[[5774,7386],[-12,0]],[[5774,7419],[13,0]],[[5787,7419],[0,-33]],[[5787,7386],[-13,0]],[[5787,7419],[12,0]],[[5799,7419],[0,-33]],[[5799,7386],[-12,0]],[[8412,7419],[12,0]],[[8424,7419],[0,-33],[-12,0],[0,33]],[[8662,7419],[12,0]],[[8674,7419],[0,-33],[-12,0],[0,33]],[[8899,7548],[0,-97],[-12,0],[0,-32],[-13,0],[0,-33],[-12,0],[0,-32],[-13,0]],[[8849,7354],[0,65],[-12,0]],[[8837,7419],[0,32]],[[8849,7483],[13,0]],[[8862,7483],[0,32]],[[5749,7386],[0,-32],[-25,0],[0,65],[13,0]],[[6337,7419],[12,0]],[[6349,7419],[0,-65]],[[6349,7354],[-12,0]],[[6337,7354],[0,65]],[[7262,7354],[0,32],[-13,0],[0,33],[25,0],[0,-65],[-12,0]],[[8837,7419],[0,-33]],[[8837,7386],[-13,0],[0,-32]],[[8824,7354],[-25,0]],[[8799,7354],[0,65],[38,0]],[[8849,7354],[-12,0]],[[8837,7354],[0,65]],[[1900,7386],[12,0]],[[1912,7386],[0,-32]],[[1912,7354],[-12,0]],[[1900,7354],[0,32]],[[1912,7386],[13,0]],[[1925,7386],[0,-32]],[[1925,7354],[-13,0]],[[2012,7386],[0,-32],[-12,0],[0,32],[12,0]],[[2487,7419],[13,0],[0,-33],[12,0]],[[2512,7386],[0,-32],[-37,0],[0,32],[12,0],[0,33]],[[3425,7386],[12,0]],[[3437,7386],[0,-32]],[[3437,7354],[-12,0]],[[3425,7354],[0,32]],[[5024,7386],[13,0],[0,-32],[-13,0],[0,32]],[[5337,7354],[-13,0]],[[5324,7354],[0,32],[13,0],[0,-32]],[[5462,7386],[0,-32]],[[5462,7354],[-13,0],[0,32],[13,0]],[[5624,7386],[13,0],[0,-32],[-13,0],[0,32]],[[5799,7386],[0,-32]],[[5799,7354],[-12,0]],[[5787,7354],[0,32]],[[7774,7386],[25,0],[0,-32],[-25,0],[0,32]],[[8437,7386],[12,0],[0,-32],[-12,0],[0,32]],[[8524,7386],[13,0],[0,-32],[-13,0],[0,32]],[[8837,7386],[0,-32]],[[8837,7354],[-13,0]],[[9212,7386],[25,0],[0,-32],[-25,0],[0,32]],[[1475,7644],[12,0],[0,-32],[25,0],[0,-32],[-12,0],[0,-32],[25,0],[0,-33],[12,0],[0,-32],[13,0],[0,-32],[25,0],[0,32],[25,0],[0,-64],[-25,0],[0,-33],[-13,0],[0,-32],[13,0],[0,-32],[-25,0]],[[1550,7322],[0,32],[-13,0],[0,65],[-12,0],[0,64],[-25,0],[0,32],[-13,0]],[[1475,7580],[0,-32],[-13,0],[0,32],[-25,0],[0,32]],[[5812,7419],[0,-33],[12,0],[0,-32],[13,0],[0,-32]],[[5837,7322],[-25,0]],[[5812,7322],[0,32]],[[5812,7354],[-13,0]],[[5799,7354],[0,65]],[[8737,7515],[0,-64]],[[8737,7451],[-50,0],[0,-32]],[[8687,7419],[-50,0]],[[8637,7419],[0,32]],[[8637,7451],[-13,0],[0,-32],[-12,0]],[[8612,7419],[0,-65]],[[8612,7354],[-25,0],[0,-32],[-25,0],[0,97]],[[1675,7386],[12,0],[0,-64],[-12,0],[0,64]],[[3437,7612],[25,0]],[[3462,7612],[0,-32],[50,0],[0,-97]],[[3537,7483],[0,-129]],[[3537,7354],[-12,0],[0,-32]],[[3525,7322],[-38,0],[0,64],[-12,0],[0,-32],[-38,0]],[[3437,7386],[25,0]],[[5537,7386],[12,0]],[[5549,7386],[0,-64]],[[5549,7322],[-12,0]],[[5537,7322],[0,64]],[[7812,7386],[12,0],[0,-32],[13,0],[0,-32],[-25,0],[0,64]],[[8449,7580],[0,-32],[13,0]],[[8462,7548],[0,-33]],[[8449,7483],[-25,0]],[[8424,7451],[-25,0]],[[8399,7451],[0,-65]],[[8399,7386],[-12,0]],[[8387,7386],[0,-32]],[[8387,7354],[-25,0],[0,-32]],[[8362,7322],[-13,0],[0,32],[-12,0],[0,32],[25,0],[0,33],[12,0],[0,96],[13,0],[0,33]],[[8387,7548],[50,0]],[[1875,7354],[0,-32],[-25,0]],[[1850,7322],[0,32],[25,0]],[[1962,7354],[13,0],[0,-32],[-13,0],[0,32]],[[2300,7354],[12,0],[0,-32],[-12,0],[0,32]],[[3437,7354],[0,-32]],[[3437,7322],[-12,0],[0,32]],[[3437,7354],[13,0],[0,-32],[-13,0]],[[3537,7354],[0,-32],[-12,0]],[[5162,7354],[12,0],[0,-32]],[[5174,7322],[-12,0]],[[5162,7322],[0,32]],[[5287,7386],[0,-64]],[[5287,7322],[-63,0]],[[5224,7322],[0,32],[50,0],[0,32],[13,0]],[[5287,7354],[12,0]],[[5299,7354],[0,-32]],[[5299,7322],[-12,0]],[[5287,7322],[0,32]],[[5337,7354],[0,-32],[-13,0],[0,32]],[[5412,7354],[12,0]],[[5424,7354],[0,-32]],[[5424,7322],[-12,0]],[[5412,7322],[0,32]],[[5649,7354],[13,0],[0,-32],[-13,0],[0,32]],[[7199,7354],[13,0],[0,-32],[-13,0],[0,32]],[[8699,7354],[13,0],[0,-32],[-13,0],[0,32]],[[8849,7354],[0,-32]],[[8849,7322],[-12,0],[0,32]],[[8924,7354],[13,0],[0,-32],[-13,0],[0,32]],[[8962,7515],[12,0],[0,-32]],[[8962,7483],[0,-64],[12,0],[0,-33],[13,0],[0,-64]],[[8987,7322],[-25,0],[0,-32],[-25,0]],[[8937,7290],[0,419]],[[1812,7386],[63,0]],[[1875,7386],[0,-32]],[[1850,7322],[-13,0],[0,-32],[-12,0],[0,64],[-13,0],[0,32]],[[1925,7386],[12,0]],[[1937,7386],[0,-96],[-12,0]],[[1925,7290],[0,96]],[[2025,7515],[12,0],[0,-64],[13,0],[0,-32],[12,0],[0,-65],[-12,0],[0,-64],[-13,0],[0,32],[-25,0],[0,-32],[-12,0],[0,32],[-13,0],[0,64],[-12,0],[0,33]],[[1975,7419],[12,0],[0,32],[38,0],[0,64]],[[8512,7354],[0,-64]],[[8512,7290],[-25,0]],[[8487,7290],[0,32],[-13,0],[0,64],[13,0],[0,-32],[25,0]],[[1650,7515],[25,0]],[[1675,7515],[0,-32],[-13,0],[0,-64]],[[1662,7419],[-25,0]],[[1637,7419],[0,-129]],[[1637,7290],[-37,0]],[[1600,7290],[0,64],[12,0],[0,32],[13,0],[0,97],[-13,0],[0,32],[25,0],[0,33],[13,0],[0,-33]],[[5499,7386],[38,0]],[[5537,7322],[-13,0]],[[5524,7322],[0,-32]],[[5524,7290],[-12,0],[0,32]],[[5512,7322],[-25,0]],[[5487,7322],[0,32]],[[5487,7354],[12,0]],[[5499,7354],[0,32]],[[8249,7354],[25,0]],[[8274,7354],[0,-32],[-12,0],[0,-32],[-13,0]],[[8249,7290],[0,64]],[[1775,7322],[12,0],[0,-32],[-12,0]],[[1775,7290],[0,32]],[[1875,7354],[12,0],[0,-64]],[[1887,7290],[-37,0]],[[1850,7290],[0,32]],[[3275,7322],[12,0],[0,-32],[-12,0],[0,32]],[[5224,7322],[0,-32],[-25,0]],[[5199,7290],[0,32],[25,0]],[[5437,7419],[25,0]],[[5462,7354],[0,-32]],[[5462,7322],[-25,0]],[[5437,7322],[0,-32]],[[5437,7290],[-25,0]],[[5412,7290],[0,32]],[[5424,7322],[0,64]],[[5424,7386],[13,0],[0,33]],[[5837,7322],[12,0],[0,-32]],[[5849,7290],[-12,0],[0,32]],[[5887,7322],[0,-32]],[[5887,7290],[-13,0],[0,32],[13,0]],[[6362,7322],[12,0],[0,-32],[-12,0]],[[6362,7290],[0,32]],[[6687,7322],[0,-32],[-13,0]],[[6674,7290],[0,32],[13,0]],[[8537,7322],[12,0]],[[8549,7322],[0,-32]],[[8549,7290],[-12,0]],[[8537,7290],[0,32]],[[8612,7386],[12,0],[0,-96],[-25,0],[0,32],[13,0]],[[8612,7322],[0,64]],[[8987,7322],[0,32],[12,0],[0,-64],[-25,0],[0,32],[13,0]],[[9174,7322],[13,0],[0,-32],[-13,0],[0,32]],[[5787,7386],[0,-129]],[[5787,7257],[-13,0]],[[5774,7257],[0,129]],[[5787,7354],[25,0]],[[5812,7322],[-13,0]],[[5799,7322],[0,-65]],[[5799,7257],[-12,0]],[[5787,7257],[0,97]],[[8387,7354],[0,-97]],[[8387,7257],[-13,0]],[[8374,7257],[0,65],[-12,0]],[[1925,7322],[0,-65]],[[1925,7257],[-13,0]],[[1912,7257],[0,65],[13,0]],[[2062,7322],[25,0],[0,-65],[-12,0],[0,33],[-13,0],[0,32]],[[3062,7386],[38,0],[0,-96],[-13,0],[0,-33],[-37,0],[0,65],[12,0],[0,64]],[[5412,7451],[0,-65],[-25,0],[0,-32],[-50,0]],[[5324,7354],[-37,0]],[[5287,7354],[0,32]],[[5199,7290],[-25,0]],[[5174,7290],[0,-33]],[[5174,7257],[-12,0]],[[5162,7257],[0,33],[-13,0],[0,32]],[[5149,7322],[25,0]],[[5162,7354],[0,32]],[[5162,7386],[25,0],[0,33]],[[5187,7419],[75,0]],[[5487,7419],[12,0]],[[5499,7419],[0,-65]],[[5499,7354],[-25,0]],[[5474,7354],[0,-64],[-25,0],[0,-33],[-12,0]],[[5437,7257],[0,65]],[[5462,7322],[0,64]],[[5462,7386],[25,0]],[[5537,7322],[0,-65]],[[5537,7257],[-13,0]],[[5524,7257],[0,65]],[[5549,7322],[0,-65]],[[5549,7257],[-12,0]],[[5799,7322],[38,0]],[[5849,7290],[0,-33],[-50,0]],[[7349,7322],[13,0],[0,-65],[-13,0],[0,65]],[[8374,7257],[-12,0]],[[8362,7257],[0,65]],[[8674,7322],[13,0],[0,-32],[12,0],[0,-33],[-25,0],[0,65]],[[9174,7322],[0,-65],[-25,0],[0,65],[25,0]],[[1737,7290],[25,0],[0,-33]],[[1762,7257],[-25,0]],[[1737,7257],[0,33]],[[2750,7290],[0,-33]],[[2750,7257],[-13,0]],[[2737,7257],[0,33],[13,0]],[[525,9031],[125,0]],[[650,8999],[287,0]],[[937,9031],[63,0]],[[725,8870],[75,0]],[[837,8870],[25,0]],[[1125,8967],[87,0]],[[1287,8999],[25,0],[0,32],[13,0]],[[1412,8999],[0,32],[63,0]],[[1587,8773],[50,0],[0,-64],[25,0],[0,32],[25,0]],[[2387,8419],[0,-97],[-12,0],[0,-97],[37,0]],[[2425,8193],[0,-33],[12,0],[0,-64],[13,0],[0,32],[50,0],[0,-32],[50,0],[0,-32],[12,0],[0,-33],[50,0],[0,-32],[25,0],[0,-32],[88,0],[0,-129],[25,0],[0,-32],[12,0],[0,-33],[-25,0],[0,-32],[25,0],[0,-32],[13,0],[0,32],[25,0],[0,129],[-13,0],[0,32],[-12,0],[0,33],[12,0],[0,32],[50,0],[0,32],[13,0],[0,32],[12,0],[0,97],[-12,0],[0,32],[-25,0],[0,33],[-13,0],[0,32]],[[3075,8289],[0,-64]],[[3075,8225],[25,0]],[[3112,8225],[13,0],[0,-32],[12,0],[0,32],[25,0],[0,32],[25,0]],[[3250,8193],[25,0],[0,-33],[-13,0]],[[3300,8096],[0,-32],[12,0],[0,-33],[25,0],[0,-64],[63,0],[0,-32],[12,0],[0,-65],[38,0],[0,-32],[12,0],[0,-32]],[[3462,7773],[0,-32]],[[3425,7677],[-63,0]],[[3362,7644],[13,0],[0,-32],[-25,0],[0,-32],[-75,0]],[[3275,7580],[0,-32],[12,0],[0,-33],[-12,0],[0,-32],[-13,0],[0,32],[-37,0]],[[3225,7515],[0,33],[-25,0]],[[3200,7548],[0,32],[-50,0],[0,32]],[[3137,7515],[-25,0],[0,33],[-12,0],[0,-33],[-25,0],[0,-32],[-13,0],[0,-32],[-12,0],[0,32],[-25,0],[0,32],[-13,0],[0,33],[-12,0],[0,-33],[-25,0],[0,-32],[12,0],[0,-32],[50,0],[0,-65],[-62,0],[0,-32],[-38,0],[0,-32],[-12,0],[0,32],[-38,0],[0,-32],[-12,0],[0,-32],[-38,0],[0,-33],[-37,0],[0,33],[12,0],[0,64],[-75,0],[0,-32],[13,0]],[[2750,7322],[0,-32]],[[2737,7257],[-75,0]],[[2662,7257],[0,65],[13,0],[0,32],[-25,0],[0,-32],[-13,0]],[[2637,7322],[0,64],[-37,0],[0,65],[-25,0],[0,32],[-13,0],[0,-32],[-12,0],[0,-32],[25,0],[0,-65],[-38,0]],[[2537,7354],[0,32]],[[2537,7386],[-12,0],[0,33],[-13,0]],[[2512,7419],[0,32],[13,0],[0,32],[-25,0],[0,-32],[-25,0],[0,-32],[-25,0],[0,32],[-38,0],[0,64],[-50,0],[0,33],[13,0],[0,32],[-25,0],[0,32],[-25,0],[0,32],[-13,0],[0,33],[-12,0],[0,32],[-25,0],[0,-32],[-50,0]],[[2187,7741],[-50,0]],[[2012,7838],[-37,0]],[[1837,7935],[0,-33]],[[1837,7902],[-37,0]],[[1812,7612],[-12,0],[0,-32],[-13,0],[0,64],[-12,0],[0,-32],[-25,0],[0,-32],[-25,0],[0,32],[-13,0],[0,65],[-12,0],[0,32],[-38,0],[0,32],[-25,0],[0,65],[-37,0],[0,64],[-25,0],[0,-32],[-13,0]],[[1562,7838],[0,-65],[38,0],[0,-96],[12,0],[0,-65],[13,0],[0,-32],[-25,0],[0,32]],[[1600,7612],[-25,0]],[[1562,7677],[-37,0]],[[1525,7677],[0,32]],[[1525,7709],[-25,0]],[[1500,7709],[0,32]],[[1487,7677],[-12,0]],[[1475,7677],[0,-33]],[[1437,7644],[0,65],[-12,0],[0,32],[-25,0],[0,32],[-13,0],[0,65]],[[1387,7902],[-37,0]],[[1350,7902],[0,97]],[[1400,7967],[0,97]],[[1287,8257],[-25,0]],[[1250,8322],[25,0]],[[1237,8322],[-37,0]],[[1162,8386],[-50,0]],[[1112,8419],[-37,0]],[[1012,8451],[-12,0]],[[987,8483],[0,-64]],[[950,8548],[-25,0]],[[925,8580],[-63,0]],[[850,8580],[-13,0]],[[837,8580],[0,-32]],[[800,8515],[-38,0]],[[725,8289],[25,0]],[[750,8289],[0,-64],[25,0]],[[775,8225],[0,-32]],[[775,8193],[-50,0],[0,-33],[37,0]],[[762,8096],[-12,0],[0,-32],[-25,0],[0,-33],[-13,0],[0,33],[-12,0],[0,64],[-25,0],[0,-32],[-13,0],[0,-32],[-25,0],[0,-33],[-25,0],[0,-32],[-37,0],[0,-32],[-38,0],[0,-32],[-12,0]],[[525,7967],[-25,0]],[[500,7967],[0,32]],[[500,7999],[-13,0],[0,32],[50,0],[0,33],[38,0],[0,32],[12,0],[0,32],[25,0],[0,65]],[[612,8193],[-12,0],[0,-33],[-25,0],[0,33],[-50,0]],[[512,8225],[-25,0],[0,32]],[[500,8289],[-25,0]],[[487,8354],[25,0]],[[512,8386],[-50,0]],[[462,8386],[0,65]],[[462,8451],[13,0]],[[462,8515],[0,33]],[[462,8548],[38,0]],[[500,8580],[25,0]],[[525,8612],[-25,0]],[[487,8644],[0,-64]],[[487,8580],[-12,0],[0,32],[-113,0],[0,65],[25,0]],[[387,8709],[-25,0]],[[362,8709],[0,64],[13,0]],[[412,8773],[38,0],[0,-32],[37,0],[0,32],[-25,0],[0,33],[-25,0],[0,32],[-37,0],[0,64]],[[937,8580],[25,0]],[[962,8580],[0,-65]],[[962,8515],[38,0]],[[987,8580],[-12,0]],[[1800,8386],[37,0],[0,65],[-12,0],[0,-32],[-25,0],[0,-33]],[[1712,7935],[0,32]],[[1712,7967],[25,0]],[[1400,7967],[0,-97]],[[2275,7806],[0,32],[-25,0],[0,-32],[25,0]],[[2275,7806],[0,-33],[12,0],[0,33],[-12,0]],[[1712,7773],[0,-64]],[[1762,7644],[0,33]],[[5174,7290],[13,0]],[[5187,7290],[0,-33]],[[5187,7257],[-13,0]],[[5187,7290],[12,0]],[[5199,7290],[0,-33]],[[5199,7257],[-12,0]],[[5237,7290],[25,0]],[[5262,7290],[0,-33]],[[5262,7257],[-25,0]],[[5237,7257],[0,33]],[[5374,7290],[13,0]],[[5387,7290],[0,-33]],[[5387,7257],[-13,0]],[[5374,7257],[0,33]],[[5687,7290],[12,0],[0,-33],[-12,0],[0,33]],[[5987,7290],[0,-33]],[[5987,7257],[-13,0]],[[5974,7257],[0,33],[13,0]],[[5987,7290],[12,0]],[[5999,7290],[0,-33]],[[5999,7257],[-12,0]],[[6024,7290],[13,0]],[[6037,7290],[0,-33],[-13,0],[0,33]],[[6362,7290],[0,-33],[-25,0]],[[6337,7257],[0,33],[25,0]],[[6462,7257],[-38,0],[0,33],[38,0],[0,-33]],[[6674,7290],[0,-33],[-12,0]],[[6662,7257],[0,33],[12,0]],[[6712,7290],[12,0],[0,-33],[-12,0],[0,33]],[[6974,7257],[0,33],[13,0],[0,-33],[-13,0]],[[7162,7257],[-13,0],[0,33],[13,0],[0,-33]],[[7249,7290],[13,0]],[[7262,7290],[0,-33]],[[7262,7257],[-13,0]],[[7249,7257],[0,33]],[[7812,7290],[62,0],[0,-33],[-62,0],[0,33]],[[8937,7290],[0,-33]],[[8937,7257],[-25,0]],[[8912,7257],[0,33],[25,0]],[[8462,7612],[37,0]],[[8487,7548],[12,0]],[[8524,7451],[-25,0]],[[8499,7451],[0,32],[-25,0],[0,-64],[-12,0],[0,-97],[-13,0],[0,-32]],[[8449,7290],[-12,0]],[[8437,7290],[0,-65],[-25,0],[0,65],[-25,0]],[[8387,7290],[0,96]],[[8399,7386],[0,33]],[[8424,7419],[13,0]],[[8462,7483],[0,65]],[[8799,7354],[38,0]],[[8849,7322],[0,-32],[-50,0]],[[8799,7290],[0,-65]],[[8799,7225],[-25,0],[0,32],[-12,0],[0,-32],[-25,0],[0,161]],[[8774,7419],[0,64]],[[8774,7483],[13,0]],[[5099,7322],[25,0],[0,-32],[13,0],[0,-33],[-13,0]],[[5124,7257],[0,-32]],[[5124,7225],[-12,0]],[[5112,7225],[0,65],[-13,0]],[[5099,7290],[0,32]],[[5112,7225],[-13,0]],[[5099,7225],[0,65]],[[5574,7386],[38,0]],[[5612,7386],[0,-161]],[[5612,7225],[-38,0]],[[5574,7225],[0,32],[-12,0],[0,33],[37,0],[0,64],[-25,0],[0,32]],[[8462,7290],[25,0]],[[8487,7290],[0,-33],[-13,0],[0,-32]],[[8474,7225],[-12,0],[0,65]],[[8724,7290],[0,-65]],[[8724,7225],[-12,0]],[[8712,7225],[0,65],[12,0]],[[8799,7290],[38,0],[0,-33],[-13,0],[0,-32],[-25,0]],[[1850,7257],[12,0]],[[1862,7257],[0,-32]],[[1862,7225],[-12,0],[0,32]],[[1950,7257],[12,0]],[[1962,7257],[0,-32]],[[1962,7225],[-12,0],[0,32]],[[2000,7225],[-13,0],[0,32],[13,0],[0,-32]],[[2112,7257],[25,0],[0,-32],[-25,0],[0,32]],[[5074,7257],[13,0],[0,-32],[-13,0],[0,32]],[[5162,7257],[0,-32]],[[5162,7225],[-13,0]],[[5149,7225],[0,32],[13,0]],[[5174,7257],[0,-32]],[[5174,7225],[-12,0]],[[5187,7257],[0,-32]],[[5187,7225],[-13,0]],[[5212,7257],[12,0]],[[5224,7257],[0,-32],[-12,0]],[[5212,7225],[0,32]],[[5374,7257],[0,-32]],[[5374,7225],[-12,0],[0,32],[12,0]],[[5387,7257],[0,-32]],[[5387,7225],[-13,0]],[[5524,7257],[25,0]],[[5549,7257],[0,-32]],[[5549,7225],[-25,0]],[[5524,7225],[0,32]],[[5799,7257],[25,0]],[[5824,7257],[0,-32]],[[5824,7225],[-25,0]],[[5799,7225],[0,32]],[[5824,7257],[13,0],[0,-32],[-13,0]],[[5974,7257],[0,-32]],[[5974,7225],[-12,0]],[[5962,7225],[0,32],[12,0]],[[6337,7257],[0,-32],[-13,0]],[[6324,7225],[0,32],[13,0]],[[6974,7257],[0,-32],[-25,0],[0,32],[25,0]],[[7162,7257],[12,0]],[[7174,7257],[0,-32]],[[7174,7225],[-12,0]],[[7162,7225],[0,32]],[[7174,7257],[13,0]],[[7187,7257],[0,-32],[-13,0]],[[7549,7257],[25,0]],[[7574,7257],[0,-32]],[[7574,7225],[-25,0]],[[7549,7225],[0,32]],[[8362,7257],[0,-32],[-13,0],[0,32],[13,0]],[[8549,7225],[0,32],[13,0],[0,-32],[-13,0]],[[8587,7257],[12,0],[0,-32],[-12,0],[0,32]],[[8662,7257],[0,-32]],[[8662,7225],[-13,0]],[[8649,7225],[0,32],[13,0]],[[8912,7257],[12,0]],[[8924,7257],[0,-32],[-12,0],[0,32]],[[8962,7257],[0,-32]],[[8962,7225],[-13,0]],[[8949,7225],[0,32],[13,0]],[[8962,7257],[12,0],[0,-32]],[[8974,7225],[-12,0]],[[8499,7451],[50,0]],[[8549,7451],[0,-129]],[[8537,7322],[0,-97]],[[8537,7225],[12,0]],[[8549,7225],[0,-32],[-25,0]],[[8524,7193],[0,64]],[[8524,7257],[-12,0]],[[8512,7257],[0,97]],[[8487,7290],[-38,0]],[[6899,7193],[0,32],[-25,0],[0,65],[50,0],[0,-33],[13,0],[0,-32],[-13,0],[0,-32],[-25,0]],[[2037,7193],[0,64],[13,0],[0,-64],[-13,0]],[[2625,7225],[-38,0],[0,-32]],[[2587,7193],[-12,0],[0,64]],[[2575,7257],[37,0],[0,33],[25,0],[0,-33],[-12,0],[0,-32]],[[2750,7257],[25,0],[0,-64],[-13,0],[0,32],[-12,0],[0,32]],[[5199,7257],[0,-64]],[[5199,7193],[-12,0]],[[5187,7193],[0,64]],[[6412,7257],[0,-64]],[[6412,7193],[-38,0],[0,64],[38,0]],[[6637,7257],[12,0],[0,-64],[-12,0],[0,64]],[[6774,7257],[25,0],[0,-64],[-12,0],[0,32],[-13,0],[0,32]],[[1712,7225],[13,0]],[[1725,7225],[0,-32]],[[1725,7193],[-13,0]],[[1712,7193],[0,32]],[[1762,7225],[13,0]],[[1775,7225],[0,-32]],[[1775,7193],[-13,0],[0,32]],[[1862,7225],[13,0]],[[1875,7225],[0,-32]],[[1875,7193],[-13,0]],[[1862,7193],[0,32]],[[1900,7225],[12,0],[0,-32],[-12,0],[0,32]],[[2725,7225],[12,0],[0,-32],[-12,0]],[[2725,7193],[0,32]],[[3275,7225],[12,0],[0,-32],[-12,0]],[[3275,7193],[0,32]],[[5124,7225],[0,-32]],[[5124,7193],[-12,0]],[[5112,7193],[0,32]],[[5387,7225],[0,-32]],[[5387,7193],[-13,0],[0,32]],[[5412,7193],[-25,0]],[[5387,7225],[12,0],[0,32],[13,0],[0,-64]],[[5462,7225],[0,-32]],[[5462,7193],[-25,0]],[[5437,7193],[0,32],[25,0]],[[5824,7225],[0,-32],[-25,0]],[[5799,7193],[0,32]],[[5949,7225],[0,-32]],[[5949,7193],[-25,0]],[[5924,7193],[0,32],[25,0]],[[5949,7225],[25,0]],[[5974,7225],[0,-32]],[[5974,7193],[-25,0]],[[6074,7225],[50,0]],[[6124,7225],[0,-32]],[[6124,7193],[-50,0]],[[6074,7193],[0,32]],[[6812,7225],[12,0],[0,-32],[-12,0],[0,32]],[[8474,7225],[25,0],[0,-32],[-25,0],[0,32]],[[8674,7225],[13,0]],[[8687,7225],[0,-32]],[[8687,7193],[-13,0],[0,32]],[[8699,7225],[13,0]],[[8712,7225],[0,-32]],[[8712,7193],[-13,0]],[[8699,7193],[0,32]],[[8724,7225],[0,-32]],[[8724,7193],[-12,0]],[[8974,7225],[13,0],[0,-32],[-13,0]],[[8974,7193],[0,32]],[[9074,7193],[0,32],[13,0],[0,32],[25,0],[0,33],[25,0],[0,-65],[-38,0],[0,-32],[-25,0]],[[5474,7354],[13,0]],[[5487,7322],[12,0]],[[5499,7322],[0,-65],[13,0],[0,-96]],[[5512,7161],[-50,0]],[[5462,7161],[0,64]],[[5437,7193],[-25,0]],[[5387,7225],[0,65]],[[5374,7290],[0,32]],[[5374,7322],[25,0]],[[5399,7322],[0,-32]],[[5399,7290],[38,0]],[[5437,7290],[0,-33]],[[5499,7322],[13,0]],[[5524,7290],[0,-65]],[[5524,7225],[13,0]],[[5537,7225],[0,-64]],[[5537,7161],[-25,0]],[[7449,7386],[13,0],[0,-32],[12,0],[0,-32],[25,0],[0,-32],[13,0],[0,-65],[-13,0],[0,-32],[-12,0],[0,-32],[-13,0],[0,32],[-50,0],[0,32],[-50,0],[0,97],[50,0],[0,-32],[13,0],[0,32],[12,0],[0,64]],[[4962,7257],[13,0],[0,-32],[12,0],[0,-32],[13,0],[0,-32]],[[5000,7161],[-38,0],[0,96]],[[5749,7257],[0,-32]],[[5749,7225],[-25,0],[0,-64]],[[5724,7161],[-12,0]],[[5712,7161],[0,96],[37,0]],[[8924,7257],[13,0]],[[8937,7257],[0,-96]],[[8937,7161],[-13,0]],[[8924,7161],[0,96]],[[1825,7225],[12,0]],[[1837,7225],[0,-64]],[[1837,7161],[-12,0]],[[1825,7161],[0,64]],[[2000,7225],[25,0]],[[2025,7225],[0,-64]],[[2025,7161],[-13,0]],[[2012,7161],[0,32],[-12,0],[0,32]],[[5137,7225],[25,0]],[[5162,7225],[0,-32],[-13,0]],[[5149,7193],[0,-32]],[[5149,7161],[-12,0]],[[5137,7161],[0,64]],[[5562,7451],[25,0]],[[5587,7451],[0,-65]],[[5587,7386],[-13,0]],[[5574,7225],[25,0]],[[5599,7225],[0,-32]],[[5599,7193],[-12,0]],[[5587,7193],[0,-32],[-13,0],[0,32]],[[5574,7193],[-37,0]],[[5537,7193],[0,32]],[[5537,7225],[12,0]],[[5549,7225],[0,161]],[[5537,7419],[25,0]],[[5599,8419],[100,0]],[[5712,8419],[25,0]],[[5737,8386],[62,0]],[[5812,8419],[0,-33]],[[5849,8386],[0,-32]],[[5862,8354],[0,-32],[37,0],[0,32]],[[5974,8386],[0,-64]],[[5974,8322],[25,0]],[[6012,8257],[-25,0]],[[5987,8225],[50,0]],[[6037,8257],[25,0]],[[6149,8289],[0,-64]],[[6162,8225],[0,64]],[[6249,8354],[0,-32]],[[6249,8322],[-25,0]],[[6224,8289],[50,0]],[[6312,8289],[-13,0]],[[6299,8322],[-37,0]],[[6262,8354],[75,0]],[[6349,8289],[0,-32]],[[6349,8257],[50,0]],[[6462,8289],[0,33]],[[6462,8322],[25,0]],[[6487,8322],[0,-97]],[[6537,8322],[-13,0]],[[6524,8354],[38,0]],[[6562,8386],[50,0]],[[6612,8386],[0,-129]],[[6599,8257],[0,-32]],[[6587,8193],[25,0]],[[6612,8160],[25,0]],[[6649,8128],[0,-129]],[[6662,8031],[25,0]],[[6674,7999],[0,-64]],[[6674,7935],[-12,0],[0,-33]],[[6662,7902],[-63,0]],[[6562,7838],[0,64],[-25,0],[0,33],[-13,0],[0,32],[-12,0],[0,32]],[[6512,7999],[-38,0]],[[6324,7967],[0,-65]],[[6324,7902],[-37,0],[0,-32],[-13,0],[0,-32],[13,0],[0,-65],[-25,0],[0,33],[-13,0],[0,32],[13,0],[0,64],[-13,0],[0,-32],[-12,0],[0,-32],[-25,0]],[[6212,7838],[0,-32],[-25,0],[0,32],[-25,0],[0,32],[-38,0],[0,-32],[-37,0]],[[6062,7838],[-13,0],[0,-32],[-50,0],[0,-33],[13,0],[0,-64],[-50,0],[0,-65],[12,0],[0,-32],[13,0],[0,-32]],[[5987,7580],[-38,0],[0,97],[-12,0],[0,-33],[-13,0],[0,-32],[-12,0],[0,-32],[-13,0],[0,32],[-12,0],[0,32],[-13,0],[0,-96],[38,0],[0,-33],[-13,0],[0,-32],[-12,0],[0,32],[-38,0]],[[5849,7515],[0,-32]],[[5837,7483],[0,-64]],[[5837,7419],[-25,0]],[[5787,7451],[-50,0]],[[5749,7386],[25,0]],[[5774,7386],[0,-96]],[[5774,7290],[-25,0]],[[5749,7290],[0,-33]],[[5712,7161],[-88,0]],[[5624,7161],[0,32]],[[5624,7193],[-25,0]],[[5599,7225],[13,0]],[[5612,7386],[12,0]],[[5612,7451],[0,32]],[[5649,7548],[0,64]],[[5662,7677],[-25,0]],[[5587,7806],[-63,0]],[[5524,7806],[0,32]],[[5562,7902],[-13,0]],[[5549,7902],[0,65],[38,0]],[[5574,8031],[0,33]],[[5624,8160],[13,0],[0,-32],[12,0],[0,-32],[25,0]],[[5674,8096],[0,64],[-25,0]],[[5674,8289],[-62,0]],[[5799,8322],[-75,0],[0,-33],[75,0]],[[6187,8257],[25,0]],[[6212,8289],[-25,0]],[[6037,8193],[25,0]],[[6062,8225],[-25,0]],[[6612,8031],[0,-32]],[[6612,7967],[0,-32]],[[5737,7548],[62,0]],[[5799,7580],[-75,0]],[[7024,7225],[38,0],[0,-32],[-13,0],[0,-32],[-25,0],[0,64]],[[8637,7225],[25,0]],[[8662,7225],[0,-32]],[[8662,7193],[-13,0],[0,-32],[-12,0],[0,64]],[[1687,7193],[13,0],[0,-32],[-13,0],[0,32]],[[1975,7161],[0,32],[12,0],[0,-32],[-12,0]],[[2025,7193],[12,0]],[[2037,7193],[0,-32]],[[2037,7161],[-12,0]],[[2025,7161],[0,32]],[[2587,7193],[13,0],[0,-32]],[[2600,7161],[-13,0]],[[2587,7161],[0,32]],[[5087,7193],[12,0]],[[5099,7193],[0,-32]],[[5099,7161],[-12,0]],[[5087,7161],[0,32]],[[5237,7193],[25,0]],[[5262,7193],[0,-32],[-25,0],[0,32]],[[5412,7193],[0,-32],[-13,0],[0,32],[13,0]],[[5537,7193],[25,0]],[[5562,7193],[0,-32],[-25,0]],[[5537,7161],[0,32]],[[5799,7193],[13,0],[0,-32],[-13,0],[0,32]],[[5949,7193],[0,-32]],[[5949,7161],[-25,0],[0,32]],[[5949,7193],[13,0],[0,-32],[-13,0]],[[6324,7161],[-12,0]],[[6312,7161],[0,32],[12,0],[0,-32]],[[6899,7193],[0,-32]],[[6899,7161],[-12,0],[0,32],[12,0]],[[7099,7161],[-25,0],[0,32],[25,0],[0,-32]],[[8587,7193],[12,0],[0,-32],[-12,0],[0,32]],[[8937,7193],[12,0],[0,-32]],[[8949,7161],[-12,0]],[[8937,7161],[0,32]],[[9049,7193],[0,-32]],[[9049,7161],[-25,0]],[[9024,7161],[0,32],[25,0]],[[9049,7193],[25,0]],[[9074,7193],[0,-32],[-25,0]],[[1775,7386],[37,0]],[[1850,7290],[25,0]],[[1875,7290],[0,-33]],[[1875,7257],[-25,0]],[[1862,7193],[-25,0]],[[1837,7193],[0,32]],[[1825,7225],[0,-97]],[[1825,7128],[-38,0]],[[1787,7128],[0,33],[-12,0]],[[1775,7161],[0,64]],[[1775,7225],[-50,0]],[[1725,7225],[0,97],[12,0]],[[1737,7322],[0,-65]],[[1737,7257],[38,0]],[[1775,7257],[0,33]],[[1775,7322],[0,64]],[[5774,7290],[0,-33]],[[5774,7257],[25,0]],[[5799,7257],[0,-129]],[[5799,7128],[-25,0]],[[5774,7128],[0,33]],[[5774,7161],[-50,0]],[[5749,7225],[0,65]],[[7162,7193],[0,32]],[[7174,7225],[0,-97]],[[7174,7128],[-37,0],[0,33],[-25,0]],[[7112,7161],[0,64],[12,0],[0,-32],[38,0]],[[1712,7257],[0,-129]],[[1712,7128],[-37,0]],[[1675,7128],[0,65]],[[1675,7193],[12,0]],[[1687,7193],[0,32],[13,0],[0,32],[12,0]],[[2100,7193],[25,0],[0,-65],[-13,0],[0,33],[-12,0],[0,32]],[[5099,7193],[13,0]],[[5112,7193],[0,-65]],[[5112,7128],[-13,0]],[[5099,7128],[0,65]],[[5412,7451],[37,0]],[[5449,7419],[-12,0]],[[5424,7386],[0,-32]],[[5412,7354],[0,-64]],[[5412,7290],[-13,0]],[[5399,7322],[-50,0]],[[5349,7322],[0,-32],[-25,0],[0,-33],[-50,0],[0,33]],[[5274,7290],[-37,0]],[[5237,7257],[-25,0]],[[5212,7257],[0,-64]],[[5212,7193],[25,0]],[[5237,7193],[0,-65],[-50,0]],[[5187,7128],[0,65]],[[5199,7193],[0,97]],[[5224,7322],[75,0]],[[5299,7354],[25,0]],[[5412,7193],[50,0]],[[5462,7193],[0,-32]],[[5462,7161],[-25,0]],[[5437,7161],[0,-33],[-25,0],[0,65]],[[6837,7193],[25,0],[0,-65],[-13,0],[0,33],[-12,0],[0,32]],[[7574,7257],[25,0]],[[7599,7257],[0,-96]],[[7599,7161],[-12,0],[0,-33],[-25,0]],[[7562,7128],[0,65],[-13,0],[0,-32],[-25,0],[0,32],[13,0],[0,32]],[[7537,7225],[37,0]],[[1550,7128],[-13,0]],[[1537,7128],[0,33],[13,0],[0,-33]],[[1787,7128],[-12,0]],[[1775,7128],[0,33]],[[1900,7161],[12,0]],[[1912,7161],[0,-33]],[[1912,7128],[-12,0]],[[1900,7128],[0,33]],[[2037,7161],[0,-33],[-12,0],[0,33]],[[2862,7128],[0,33],[13,0],[0,-33],[-13,0]],[[2912,7161],[13,0],[0,-33],[-13,0],[0,33]],[[4775,7161],[0,-33]],[[4775,7128],[-13,0],[0,33],[13,0]],[[4837,7161],[0,-33]],[[4837,7128],[-12,0],[0,33],[12,0]],[[4837,7161],[13,0],[0,-33],[-13,0]],[[5074,7161],[25,0]],[[5099,7161],[0,-33]],[[5099,7128],[-25,0]],[[5074,7128],[0,33]],[[5374,7161],[13,0],[0,-33]],[[5387,7128],[-13,0],[0,33]],[[5487,7161],[25,0]],[[5512,7161],[0,-33]],[[5512,7128],[-25,0]],[[5487,7128],[0,33]],[[5624,7161],[13,0]],[[5637,7161],[0,-33]],[[5637,7128],[-13,0]],[[5624,7128],[0,33]],[[5699,7161],[13,0]],[[5712,7161],[0,-33]],[[5712,7128],[-13,0],[0,33]],[[5712,7161],[25,0]],[[5737,7161],[0,-33]],[[5737,7128],[-25,0]],[[6087,7161],[0,-33]],[[6087,7128],[-13,0],[0,33],[13,0]],[[6199,7161],[13,0]],[[6212,7161],[0,-33]],[[6212,7128],[-13,0]],[[6199,7128],[0,33]],[[6324,7161],[0,-33]],[[6324,7128],[-12,0]],[[6312,7128],[0,33]],[[6324,7161],[13,0],[0,-33],[-13,0]],[[7099,7161],[13,0]],[[7112,7161],[0,-33]],[[7112,7128],[-13,0],[0,33]],[[7337,7128],[0,33],[25,0],[0,-33],[-25,0]],[[7624,7161],[13,0]],[[7637,7161],[0,-33]],[[7637,7128],[-13,0]],[[7624,7128],[0,33]],[[7637,7161],[25,0]],[[7662,7161],[0,-33]],[[7662,7128],[-25,0]],[[7837,7161],[37,0]],[[7874,7161],[0,-33]],[[7874,7128],[-37,0]],[[7837,7128],[0,33]],[[8312,7128],[-25,0]],[[8287,7128],[0,33],[12,0],[0,32],[13,0],[0,-65]],[[8512,7161],[12,0]],[[8524,7161],[0,-33]],[[8524,7128],[-12,0],[0,33]],[[8749,7128],[-12,0],[0,33],[12,0],[0,-33]],[[9037,7161],[12,0]],[[9049,7161],[0,-33]],[[9049,7128],[-12,0],[0,33]],[[6037,7225],[37,0]],[[6074,7193],[75,0]],[[6149,7193],[0,-32],[25,0],[0,-33],[-25,0],[0,-32]],[[6149,7096],[-12,0]],[[6137,7096],[0,32]],[[6137,7128],[-50,0]],[[6087,7161],[-38,0],[0,32],[-12,0]],[[6037,7193],[0,32]],[[5162,7225],[25,0]],[[5187,7225],[0,-97]],[[5187,7128],[12,0],[0,-32],[-25,0]],[[5174,7096],[0,32]],[[5174,7128],[-25,0]],[[5149,7128],[0,65]],[[2575,7161],[0,-65],[-13,0]],[[2562,7096],[0,65],[13,0]],[[4775,7161],[25,0],[0,-33],[37,0]],[[4837,7128],[0,-32]],[[4837,7096],[-50,0]],[[4787,7096],[0,32]],[[4787,7128],[-12,0]],[[5000,7161],[0,-65]],[[5000,7096],[-50,0]],[[4950,7096],[0,65],[50,0]],[[5000,7161],[24,0]],[[5024,7161],[0,-65]],[[5024,7096],[-24,0]],[[5149,7161],[0,-65]],[[5149,7096],[-12,0]],[[5137,7096],[0,65]],[[5437,7161],[50,0]],[[5487,7128],[-13,0]],[[5474,7128],[0,-32]],[[5474,7096],[-37,0]],[[5437,7096],[0,65]],[[5637,7161],[62,0]],[[5712,7128],[0,-32]],[[5712,7096],[-25,0]],[[5687,7096],[0,32],[-13,0],[0,-32]],[[5674,7096],[-12,0]],[[5662,7096],[0,32],[-25,0]],[[5737,7161],[37,0]],[[5774,7128],[-25,0]],[[5749,7128],[0,-32]],[[5749,7096],[-12,0]],[[5737,7096],[0,65]],[[6899,7161],[38,0],[0,-65]],[[6937,7096],[-25,0]],[[6912,7096],[0,32],[-13,0]],[[6899,7128],[0,33]],[[7337,7128],[0,-32],[-25,0],[0,65],[12,0],[0,-33],[13,0]],[[7762,7161],[75,0]],[[7837,7128],[-25,0]],[[7812,7128],[0,-32],[-13,0],[0,32],[-37,0],[0,33]],[[1687,7128],[25,0]],[[1712,7128],[0,-32]],[[1712,7096],[-25,0],[0,32]],[[1800,7128],[12,0]],[[1812,7128],[0,-32],[-12,0],[0,32]],[[1950,7128],[37,0]],[[1987,7128],[0,-32]],[[1987,7096],[-37,0]],[[1950,7096],[0,32]],[[2725,7096],[-13,0]],[[2712,7096],[0,32],[13,0],[0,-32]],[[2787,7128],[13,0],[0,-32],[-13,0],[0,32]],[[2862,7128],[0,-32],[-12,0],[0,32],[12,0]],[[3050,7128],[12,0],[0,-32],[-12,0]],[[3050,7096],[0,32]],[[5062,7128],[25,0]],[[5087,7128],[0,-32],[-25,0],[0,32]],[[5112,7128],[12,0],[0,-32]],[[5124,7096],[-12,0]],[[5112,7096],[0,32]],[[5162,7128],[12,0]],[[5174,7096],[-12,0],[0,32]],[[5662,7096],[-25,0]],[[5637,7096],[0,32]],[[5687,7096],[-13,0]],[[5712,7128],[12,0]],[[5724,7128],[0,-32]],[[5724,7096],[-12,0]],[[5724,7128],[13,0]],[[5737,7128],[0,-32]],[[5737,7096],[-13,0]],[[5749,7128],[13,0]],[[5762,7128],[0,-32]],[[5762,7096],[-13,0]],[[5762,7128],[12,0]],[[5774,7128],[0,-32]],[[5774,7096],[-12,0]],[[5799,7128],[0,-32],[-25,0]],[[6087,7128],[12,0]],[[6099,7128],[0,-32]],[[6099,7096],[-12,0],[0,32]],[[6212,7128],[0,-32]],[[6212,7096],[-13,0]],[[6199,7096],[0,32]],[[6424,7128],[0,-32],[-12,0]],[[6412,7096],[0,32],[12,0]],[[6799,7128],[13,0]],[[6812,7128],[0,-32]],[[6812,7096],[-13,0],[0,32]],[[6874,7128],[13,0]],[[6887,7128],[0,-32]],[[6887,7096],[-13,0],[0,32]],[[6887,7128],[12,0]],[[6899,7128],[0,-32]],[[6899,7096],[-12,0]],[[6912,7096],[-13,0]],[[6987,7096],[-13,0]],[[6974,7096],[0,32],[13,0],[0,-32]],[[7062,7128],[12,0]],[[7074,7128],[0,-32]],[[7074,7096],[-12,0]],[[7062,7096],[0,32]],[[7174,7128],[25,0],[0,33],[13,0],[0,-65],[-38,0],[0,32]],[[7224,7128],[13,0],[0,-32],[-13,0],[0,32]],[[7524,7128],[13,0],[0,-32],[-13,0],[0,32]],[[8274,7128],[25,0]],[[8299,7128],[0,-32]],[[8299,7096],[-25,0]],[[8274,7096],[0,32]],[[8374,7128],[13,0],[0,-32],[-13,0],[0,32]],[[8749,7128],[13,0],[0,-32],[-13,0],[0,32]],[[8912,7128],[12,0],[0,-32]],[[8924,7096],[-12,0],[0,32]],[[9049,7128],[13,0],[0,-32],[-13,0],[0,32]],[[1675,7515],[12,0]],[[1687,7515],[0,-64],[50,0],[0,-32],[13,0],[0,-65],[25,0]],[[1775,7354],[0,-97]],[[1775,7257],[-13,0]],[[1737,7290],[0,32]],[[1712,7225],[0,32]],[[1675,7193],[0,-32]],[[1675,7161],[-25,0],[0,-97]],[[1650,7064],[-13,0],[0,64],[-12,0]],[[1625,7128],[0,162]],[[1625,7290],[12,0]],[[1637,7290],[0,96]],[[1650,7419],[12,0]],[[1837,7193],[38,0]],[[1875,7193],[0,-32],[-13,0],[0,-33],[13,0],[0,-32],[-13,0],[0,-32],[-25,0],[0,64]],[[1837,7128],[-12,0]],[[1825,7128],[0,33]],[[1837,7161],[0,32]],[[8724,7386],[13,0]],[[8799,7225],[0,-32],[-12,0],[0,-32],[-13,0],[0,-33],[-25,0]],[[8749,7128],[0,-64],[-62,0]],[[8687,7064],[0,32],[-13,0],[0,65],[13,0]],[[8687,7161],[0,64]],[[8687,7225],[12,0]],[[8699,7193],[25,0]],[[8724,7193],[0,193]],[[8937,7290],[12,0],[0,-65]],[[8949,7225],[25,0]],[[8974,7193],[38,0],[0,-32],[12,0]],[[9024,7161],[0,-33],[-12,0],[0,-32],[-50,0],[0,-32]],[[8962,7064],[-25,0]],[[8937,7064],[0,32],[-13,0]],[[8924,7096],[0,65]],[[8924,7161],[25,0]],[[8937,7193],[0,97]],[[1912,7128],[0,-64]],[[1912,7064],[-12,0]],[[1900,7064],[0,64]],[[1912,7128],[13,0],[0,-64],[-13,0]],[[5149,7128],[13,0]],[[5174,7096],[0,-32]],[[5174,7064],[-25,0]],[[5149,7064],[0,64]],[[6099,7128],[38,0]],[[6137,7096],[25,0]],[[6162,7096],[0,-32]],[[6162,7064],[-38,0]],[[6124,7064],[0,32]],[[6124,7096],[-25,0]],[[1900,7096],[0,-32]],[[1900,7064],[-13,0],[0,32],[13,0]],[[1950,7096],[25,0]],[[1975,7096],[0,-32]],[[1975,7064],[-25,0]],[[1950,7064],[0,32]],[[1975,7096],[12,0]],[[1987,7096],[0,-32]],[[1987,7064],[-12,0]],[[4787,7096],[13,0]],[[4800,7096],[0,-32],[-13,0]],[[4787,7064],[0,32]],[[4812,7096],[13,0]],[[4825,7096],[0,-32],[-13,0],[0,32]],[[5000,7096],[12,0]],[[5012,7096],[0,-32]],[[5012,7064],[-12,0]],[[5000,7064],[0,32]],[[5012,7096],[12,0]],[[5024,7096],[0,-32]],[[5024,7064],[-12,0]],[[5149,7096],[0,-32]],[[5149,7064],[-12,0],[0,32]],[[5174,7096],[13,0],[0,-32],[-13,0]],[[5437,7096],[12,0]],[[5449,7096],[0,-32]],[[5449,7064],[-12,0],[0,32]],[[5449,7096],[13,0]],[[5462,7096],[0,-32]],[[5462,7064],[-13,0]],[[5462,7096],[12,0]],[[5474,7096],[0,-32]],[[5474,7064],[-12,0]],[[5474,7096],[13,0],[0,-32]],[[5487,7064],[-13,0]],[[5724,7096],[0,-32]],[[5724,7064],[-12,0]],[[5712,7064],[0,32]],[[5774,7096],[13,0],[0,-32]],[[5787,7064],[-13,0]],[[5774,7064],[0,32]],[[6124,7064],[-12,0],[0,32],[12,0]],[[6162,7096],[37,0]],[[6199,7096],[0,-32]],[[6199,7064],[-37,0]],[[6812,8031],[37,0]],[[6862,7967],[0,32]],[[6862,7999],[37,0]],[[6899,7999],[0,32]],[[6899,8031],[13,0]],[[6924,7967],[-25,0]],[[6849,7902],[-50,0]],[[6837,7806],[0,-162]],[[6837,7644],[-38,0]],[[6799,7644],[0,33],[-50,0],[0,-33],[-37,0],[0,-32],[-75,0],[0,32],[-13,0],[0,-32],[-112,0],[0,32],[-25,0],[0,33],[-63,0],[0,-33],[-12,0],[0,-32],[-13,0],[0,-32],[-75,0],[0,32],[-12,0],[0,-32],[-13,0],[0,-129],[13,0],[0,-32]],[[6312,7419],[25,0]],[[6337,7354],[25,0]],[[6362,7354],[0,-64]],[[6324,7225],[-12,0],[0,-97]],[[6312,7128],[-38,0]],[[6274,7128],[0,-32]],[[6274,7096],[-37,0]],[[6237,7096],[0,-32]],[[6237,7064],[-38,0]],[[6199,7096],[-50,0]],[[6149,7193],[-25,0]],[[6124,7225],[-87,0]],[[6037,7193],[-13,0],[0,32],[-37,0],[0,-32],[-13,0]],[[5974,7193],[0,64]],[[5962,7225],[-63,0],[0,65],[-12,0]],[[5887,7322],[-25,0],[0,-32],[-13,0]],[[5837,7419],[0,32]],[[5849,7451],[0,64]],[[6324,7902],[0,33]],[[6387,7902],[87,0]],[[6474,7870],[38,0]],[[6499,7902],[0,97]],[[6499,7999],[13,0]],[[6574,7773],[0,-64]],[[6637,7902],[25,0]],[[6674,7935],[0,32]],[[6687,7999],[62,0]],[[6762,7999],[37,0]],[[6024,7644],[-12,0]],[[6062,7677],[-38,0]],[[5974,7257],[25,0]],[[5999,7290],[25,0]],[[6037,7290],[12,0],[0,32],[-62,0],[0,-32]],[[6199,7161],[0,-65]],[[6212,7096],[0,65]],[[6237,7096],[12,0]],[[6249,7096],[0,-32]],[[6249,7064],[-12,0]],[[6249,7096],[13,0]],[[6262,7096],[0,-32]],[[6262,7064],[-13,0]],[[6462,7096],[0,-32]],[[6462,7064],[-25,0]],[[6437,7064],[0,32],[12,0],[0,32],[25,0],[0,-32],[-12,0]],[[6524,7064],[-12,0],[0,32],[12,0],[0,-32]],[[6812,7096],[12,0],[0,-32]],[[6824,7064],[-12,0],[0,32]],[[8274,7096],[13,0]],[[8287,7096],[0,-32],[-13,0]],[[8274,7064],[0,32]],[[8887,7064],[-13,0]],[[8874,7064],[0,32],[13,0],[0,-32]],[[8937,7064],[-13,0]],[[8924,7064],[0,32]],[[1625,7257],[0,-129]],[[1650,7064],[0,-32]],[[1650,7032],[-25,0]],[[1625,7032],[0,32],[-13,0],[0,-32]],[[1612,7032],[-12,0],[0,32],[-13,0],[0,64],[13,0],[0,97],[12,0],[0,32],[13,0]],[[1950,7064],[12,0]],[[1962,7064],[0,-32],[-25,0]],[[1937,7032],[0,64],[13,0]],[[2587,7096],[13,0]],[[2600,7096],[0,-64]],[[2600,7032],[-13,0]],[[2587,7032],[0,64]],[[3037,7096],[13,0]],[[3050,7096],[0,-64]],[[3050,7032],[-13,0]],[[3037,7032],[0,64]],[[4975,7096],[25,0]],[[5000,7096],[0,-64]],[[5000,7032],[-25,0]],[[4975,7032],[0,64]],[[5274,7096],[0,-64]],[[5274,7032],[-37,0]],[[5237,7032],[0,64],[37,0]],[[5274,7096],[13,0],[0,-32],[12,0],[0,-32]],[[5299,7032],[-25,0]],[[6274,7128],[50,0]],[[6324,7128],[0,-32],[-37,0]],[[6287,7096],[0,-32]],[[6287,7064],[-13,0],[0,-32]],[[6274,7032],[-12,0]],[[6262,7032],[0,64]],[[6262,7096],[12,0]],[[6287,7096],[12,0]],[[6299,7096],[0,-64],[-12,0]],[[6287,7032],[0,64]],[[6899,7096],[0,-64]],[[6899,7032],[-12,0]],[[6887,7032],[0,64]],[[8487,7096],[25,0],[0,-32],[-13,0],[0,-32],[-12,0],[0,64]],[[9024,7161],[13,0]],[[9049,7128],[0,-64],[-50,0],[0,-32],[-25,0]],[[8974,7032],[0,32],[-12,0]],[[1550,7064],[12,0],[0,-32],[-12,0],[0,32]],[[1625,7032],[-13,0]],[[1900,7257],[50,0]],[[1962,7225],[0,-64]],[[1962,7161],[13,0]],[[1975,7161],[0,-33]],[[1975,7128],[-25,0]],[[1937,7032],[-25,0]],[[1912,7032],[0,32]],[[1912,7161],[-25,0]],[[1887,7161],[0,32],[-12,0]],[[1875,7225],[25,0]],[[1900,7225],[0,32]],[[2762,7032],[0,32],[25,0],[0,-32],[-25,0]],[[4912,7064],[13,0]],[[4925,7064],[0,-32]],[[4925,7032],[-13,0]],[[4912,7032],[0,32]],[[4937,7064],[13,0]],[[4950,7064],[0,-32]],[[4950,7032],[-13,0]],[[4937,7032],[0,32]],[[5012,7064],[0,-32]],[[5012,7032],[-12,0]],[[5000,7032],[0,32]],[[5012,7064],[50,0]],[[5062,7064],[0,-32]],[[5062,7032],[-50,0]],[[5099,7064],[0,-32]],[[5099,7032],[-12,0],[0,32],[12,0]],[[5487,7064],[12,0],[0,-32]],[[5499,7032],[-12,0],[0,32]],[[5562,7064],[37,0]],[[5599,7064],[0,-32]],[[5599,7032],[-37,0]],[[5562,7032],[0,32]],[[5624,7064],[25,0],[0,-32],[-25,0],[0,32]],[[5699,7096],[13,0]],[[5712,7096],[0,-64]],[[5712,7032],[-38,0]],[[5674,7032],[0,32],[25,0],[0,32]],[[5724,7064],[0,-32]],[[5724,7032],[-12,0]],[[5712,7032],[0,32]],[[5724,7064],[13,0],[0,-32],[-13,0]],[[5774,7064],[0,-32]],[[5774,7032],[-12,0]],[[5762,7032],[0,32],[12,0]],[[5787,7064],[0,-32]],[[5787,7032],[-13,0]],[[6287,7064],[0,-32]],[[6287,7032],[-13,0]],[[6462,7064],[0,-32]],[[6462,7032],[-13,0]],[[6449,7032],[0,32],[13,0]],[[7174,7064],[13,0],[0,-32]],[[7187,7032],[-13,0]],[[7174,7032],[0,32]],[[7924,7064],[13,0]],[[7937,7064],[0,-32]],[[7937,7032],[-13,0]],[[7924,7032],[0,32]],[[7937,7064],[25,0]],[[7962,7064],[0,-32]],[[7962,7032],[-25,0]],[[7987,7064],[25,0]],[[8012,7064],[0,-32]],[[8012,7032],[-25,0]],[[7987,7032],[0,32]],[[8374,7064],[25,0]],[[8399,7064],[0,-32]],[[8399,7032],[-25,0]],[[8374,7032],[0,32]],[[8687,7064],[25,0],[0,-32],[-25,0],[0,32]],[[8937,7064],[0,-32]],[[8937,7032],[-13,0]],[[8924,7032],[0,32]],[[8974,7032],[-12,0]],[[8962,7032],[0,32]],[[2437,7161],[13,0],[0,-33],[25,0],[0,-32],[12,0],[0,-64],[13,0],[0,-33],[-25,0],[0,33],[-13,0],[0,32],[-12,0],[0,32],[-13,0],[0,65]],[[4912,7128],[38,0],[0,-64]],[[4937,7064],[0,-65]],[[4937,6999],[-12,0]],[[4925,6999],[0,65]],[[4912,7064],[0,64]],[[5324,7128],[0,-32],[25,0],[0,-64]],[[5349,7032],[-12,0],[0,-33]],[[5337,6999],[-25,0],[0,33],[-13,0]],[[5274,7096],[0,32],[50,0]],[[5474,7128],[38,0]],[[5512,7128],[0,-32]],[[5512,7096],[12,0],[0,-32],[13,0],[0,-65]],[[5537,6999],[-25,0],[0,33],[-13,0]],[[7749,7741],[0,-97]],[[7887,7580],[25,0]],[[7912,7612],[25,0]],[[7949,7580],[38,0]],[[7987,7580],[0,-32]],[[7962,7515],[12,0]],[[7974,7515],[0,-64]],[[7974,7451],[38,0]],[[8049,7515],[25,0]],[[8099,7548],[38,0]],[[8137,7580],[25,0],[0,32],[25,0],[0,-32]],[[8187,7580],[50,0]],[[8237,7580],[0,-65]],[[8237,7515],[-13,0]],[[8224,7515],[0,-32]],[[8237,7451],[12,0]],[[8249,7451],[0,-32],[25,0],[0,32],[13,0],[0,-32],[25,0],[0,-65]],[[8312,7354],[-63,0]],[[8249,7354],[0,-32]],[[8249,7322],[-25,0],[0,-65],[-50,0],[0,-32],[-75,0],[0,-97],[-12,0],[0,-32],[-13,0],[0,-32],[-25,0],[0,-32],[-12,0],[0,32]],[[8037,7064],[-50,0]],[[7987,7032],[-25,0]],[[7962,7064],[-38,0]],[[7924,7032],[-12,0]],[[7912,7032],[0,-33]],[[7912,6999],[-63,0]],[[7849,6999],[0,33],[-25,0],[0,32],[-62,0],[0,32],[-25,0],[0,32],[-13,0],[0,33],[-25,0],[0,32],[-37,0]],[[7662,7193],[0,-32]],[[7662,7161],[-38,0]],[[7624,7161],[0,32]],[[7624,7193],[-25,0]],[[7599,7193],[0,64]],[[7599,7257],[-50,0]],[[7549,7225],[-25,0]],[[7524,7225],[0,161],[-12,0],[0,33],[-25,0],[0,32],[-13,0],[0,32],[-12,0],[0,32],[-13,0],[0,33]],[[7537,7644],[37,0]],[[7599,7612],[0,32]],[[7599,7644],[13,0]],[[7624,7580],[100,0]],[[7724,7580],[0,129]],[[7812,7128],[62,0]],[[7874,7161],[-112,0]],[[4950,7096],[25,0]],[[4975,7096],[0,-97]],[[4975,6999],[-13,0]],[[4962,6999],[0,33],[-12,0]],[[4950,7032],[0,64]],[[5237,6999],[-13,0],[0,65],[13,0],[0,-65]],[[6174,7064],[0,-32],[13,0],[0,-33]],[[6187,6999],[-25,0]],[[6162,6999],[0,33],[-13,0]],[[6149,7032],[0,32],[25,0]],[[6174,7064],[38,0]],[[6212,7064],[0,-65],[-25,0]],[[8437,7290],[25,0]],[[8512,7290],[0,-33]],[[8524,7257],[0,-96]],[[8524,7161],[-25,0]],[[8499,7161],[0,-33],[-12,0],[0,-32]],[[8487,7096],[-25,0],[0,-32],[-13,0],[0,-32],[-12,0]],[[8437,7032],[0,-33]],[[8437,6999],[-25,0]],[[8412,6999],[0,33]],[[8412,7032],[-13,0]],[[8399,7064],[25,0]],[[8424,7064],[0,32],[13,0],[0,65],[-13,0],[0,32],[-25,0],[0,64]],[[8399,7257],[-12,0]],[[8387,7257],[0,33]],[[8612,7064],[12,0]],[[8624,7064],[0,-65]],[[8624,6999],[-12,0],[0,65]],[[8924,7032],[-12,0],[0,-33],[-13,0],[0,65],[25,0]],[[8962,7064],[0,-65]],[[8962,6999],[-13,0],[0,33],[-12,0]],[[1612,7032],[25,0]],[[1637,7032],[0,-33]],[[1637,6999],[-25,0]],[[1612,6999],[0,33]],[[1925,7032],[12,0]],[[1937,7032],[0,-33],[-12,0],[0,33]],[[2562,6999],[0,33],[13,0],[0,-33],[-13,0]],[[2762,7032],[0,-33],[-37,0],[0,33],[37,0]],[[3050,7032],[12,0],[0,-33]],[[3062,6999],[-12,0],[0,33]],[[4962,6999],[-12,0],[0,33]],[[5062,7064],[12,0]],[[5074,7064],[0,-65]],[[5074,6999],[-25,0],[0,33]],[[5049,7032],[13,0]],[[5262,7032],[12,0]],[[5274,7032],[0,-33],[-12,0],[0,33]],[[5349,7032],[0,-33]],[[5349,6999],[-12,0]],[[5349,7032],[13,0],[0,-33]],[[5362,6999],[-13,0]],[[5562,7032],[12,0]],[[5574,7032],[0,-33],[-12,0]],[[5562,6999],[0,33]],[[5562,7193],[12,0]],[[5587,7193],[37,0]],[[5624,7193],[0,-65]],[[5624,7128],[-12,0]],[[5612,7128],[0,-32],[12,0],[0,-32]],[[5624,7064],[-12,0],[0,-65],[-25,0],[0,33]],[[5587,7032],[12,0]],[[5599,7064],[-25,0]],[[5574,7064],[0,32],[13,0],[0,32],[-50,0],[0,33]],[[5674,7032],[0,-33]],[[5674,6999],[-12,0],[0,33],[12,0]],[[5674,7032],[50,0]],[[5724,7032],[0,-33]],[[5724,6999],[-50,0]],[[5962,7032],[25,0],[0,-33]],[[5987,6999],[-25,0],[0,33]],[[6162,6999],[-13,0]],[[6149,6999],[0,33]],[[6262,7032],[0,-33]],[[6262,6999],[-13,0]],[[6249,6999],[0,33],[13,0]],[[6287,7032],[0,-33]],[[6287,6999],[-13,0],[0,33]],[[6324,7064],[25,0],[0,-32]],[[6349,7032],[-12,0]],[[6337,7032],[0,-33]],[[6337,6999],[-25,0],[0,33],[12,0],[0,32]],[[7187,7032],[0,-33]],[[7187,6999],[-13,0]],[[7174,6999],[0,33]],[[7187,7032],[25,0]],[[7212,7032],[0,-33]],[[7212,6999],[-25,0]],[[7212,7032],[12,0]],[[7224,7032],[0,-33]],[[7224,6999],[-12,0]],[[7799,6999],[0,33],[13,0],[0,-33],[-13,0]],[[7912,7032],[25,0]],[[7937,7032],[0,-33]],[[7937,6999],[-25,0]],[[8299,7032],[13,0]],[[8312,7032],[0,-33],[-13,0]],[[8299,6999],[0,33]],[[8624,7032],[13,0],[0,-33],[-13,0]],[[8624,6999],[0,33]],[[8874,7032],[0,-33],[-12,0],[0,33],[12,0]],[[8962,7032],[25,0],[0,-33],[-25,0]],[[8962,6999],[0,33]],[[1725,7225],[37,0]],[[1775,7193],[0,-65]],[[1775,7128],[25,0]],[[1812,7128],[25,0]],[[1887,7161],[13,0]],[[1900,7161],[0,-65]],[[1900,7064],[0,-65],[-13,0]],[[1887,6999],[0,-32]],[[1887,6967],[-12,0],[0,32],[-38,0],[0,33],[-25,0],[0,32],[-37,0],[0,32],[-25,0],[0,32],[-13,0],[0,33],[-12,0]],[[1725,7161],[0,64]],[[4912,7838],[0,-32]],[[5049,7741],[0,-64],[13,0]],[[5087,7612],[0,-32]],[[5087,7580],[62,0]],[[5149,7580],[0,-32]],[[5149,7548],[25,0]],[[5174,7483],[13,0]],[[5174,7419],[13,0]],[[5162,7386],[0,-64]],[[5162,7322],[-13,0]],[[5149,7225],[-12,0]],[[5137,7225],[0,-129]],[[5137,7096],[-13,0]],[[5112,7096],[-13,0],[0,-32]],[[5099,7032],[0,-65],[-25,0]],[[5074,6967],[0,97]],[[5074,7064],[-50,0]],[[5024,7064],[0,97]],[[4962,7257],[0,33],[-12,0],[0,32],[-13,0],[0,32],[-12,0],[0,32],[-25,0],[0,33],[-38,0],[0,96],[75,0]],[[4937,7515],[0,65],[38,0],[0,-32],[25,0]],[[5000,7580],[24,0],[0,32]],[[5024,7612],[13,0],[0,32],[-25,0]],[[4987,7612],[-75,0],[0,-32],[-75,0],[0,32],[13,0],[0,32],[12,0],[0,33],[-12,0],[0,64],[25,0]],[[4862,7773],[0,65],[50,0]],[[4875,7612],[25,0]],[[4900,7644],[12,0]],[[5099,7322],[0,-97]],[[5124,7193],[0,64]],[[5087,7161],[-13,0]],[[5074,7128],[-12,0]],[[5087,7128],[25,0]],[[5112,7193],[-25,0]],[[5237,7032],[25,0]],[[5262,7032],[0,-65],[-13,0]],[[5249,6967],[0,32],[-12,0]],[[5237,6999],[0,33]],[[5437,7032],[25,0],[0,-65],[-13,0]],[[5449,6967],[0,32],[-12,0],[0,33]],[[6549,7128],[0,-161]],[[6549,6967],[-25,0],[0,32],[-12,0],[0,33]],[[6512,7032],[12,0]],[[6524,7032],[0,32]],[[6524,7064],[13,0],[0,64],[12,0]],[[6899,7064],[13,0],[0,-97],[-25,0]],[[6887,6967],[0,32]],[[6887,6999],[-13,0],[0,33]],[[6874,7032],[25,0]],[[6899,7032],[0,32]],[[8874,7032],[13,0]],[[8887,7032],[0,-65],[-13,0],[0,65]],[[1562,6999],[13,0],[0,-32],[-13,0],[0,32]],[[1637,7032],[13,0]],[[1650,7032],[0,-65]],[[1650,6967],[-25,0]],[[1625,6967],[0,32]],[[1625,6999],[12,0]],[[2700,6999],[12,0],[0,-32],[-12,0],[0,32]],[[4825,6999],[25,0]],[[4850,6999],[0,-32]],[[4850,6967],[-25,0]],[[4825,6967],[0,32]],[[4912,6999],[25,0]],[[4937,6999],[0,-32]],[[4937,6967],[-25,0]],[[4912,6967],[0,32]],[[5249,6967],[-12,0]],[[5237,6967],[0,32]],[[5337,6999],[0,-32]],[[5337,6967],[-13,0],[0,32],[13,0]],[[5349,6999],[0,-32],[-12,0]],[[5537,6999],[0,-32],[-13,0],[0,32],[13,0]],[[5737,6999],[25,0],[0,-32],[-25,0],[0,32]],[[5937,6999],[12,0]],[[5949,6999],[0,-32],[-12,0]],[[5937,6967],[0,32]],[[6024,6999],[13,0],[0,-32],[-13,0]],[[6024,6967],[0,32]],[[6149,6999],[0,-32]],[[6149,6967],[-12,0],[0,32],[12,0]],[[6149,6999],[25,0]],[[6174,6999],[0,-32]],[[6174,6967],[-25,0]],[[6174,6999],[13,0]],[[6187,6999],[0,-32]],[[6187,6967],[-13,0]],[[6287,6999],[12,0],[0,-32]],[[6299,6967],[-12,0],[0,32]],[[6362,6999],[12,0],[0,-32]],[[6374,6967],[-12,0]],[[6362,6967],[0,32]],[[7162,6967],[-13,0],[0,32],[13,0],[0,-32]],[[7362,6999],[12,0],[0,-32],[-12,0],[0,32]],[[7537,6999],[12,0],[0,-32],[-12,0],[0,32]],[[8287,6999],[12,0]],[[8299,6999],[0,-32]],[[8299,6967],[-12,0]],[[8287,6967],[0,32]],[[8312,7032],[12,0]],[[8324,7032],[0,-65]],[[8324,6967],[-25,0]],[[3037,7064],[0,-32]],[[3062,6999],[0,-64],[-62,0],[0,32]],[[3000,6967],[-13,0],[0,-32],[-25,0],[0,290],[50,0],[0,-32],[-12,0],[0,-65],[-13,0],[0,-64],[50,0]],[[5399,6935],[-12,0]],[[5387,6935],[0,64]],[[5387,6999],[-25,0]],[[5324,7128],[-62,0],[0,65]],[[5262,7193],[-13,0]],[[5249,7193],[0,32],[25,0],[0,-32],[38,0],[0,-32],[25,0],[0,-33],[25,0],[0,-32],[12,0],[0,-32],[13,0],[0,-32],[12,0],[0,-97]],[[4887,6999],[25,0]],[[4912,6967],[-12,0]],[[4900,6967],[0,-32]],[[4900,6935],[-13,0]],[[4887,6935],[0,32]],[[4887,6967],[-12,0]],[[4875,6967],[0,32],[-13,0],[0,33],[-12,0],[0,32],[37,0],[0,-65]],[[6299,7096],[38,0],[0,-32],[-13,0]],[[6337,6999],[0,-64]],[[6337,6935],[-25,0]],[[6312,6935],[0,32],[-13,0]],[[6349,7032],[0,-97]],[[6349,6935],[-12,0]],[[6337,6935],[0,97]],[[1612,6999],[13,0]],[[1625,6999],[0,-64]],[[1625,6935],[-13,0]],[[1612,6935],[0,64]],[[4800,6999],[25,0]],[[4825,6967],[-13,0]],[[4812,6967],[0,-32],[-12,0]],[[4800,6935],[0,64]],[[4975,7032],[37,0]],[[5012,7032],[0,-33],[12,0],[0,-32],[-12,0],[0,-32]],[[5012,6935],[-25,0],[0,32],[-25,0],[0,32]],[[4975,6999],[0,33]],[[5349,6999],[38,0]],[[5387,6935],[-38,0],[0,64]],[[5537,6999],[12,0],[0,-32],[13,0],[0,-32]],[[5562,6935],[-25,0]],[[5537,6935],[0,64]],[[5887,6999],[0,-32]],[[5887,6967],[-13,0],[0,-32],[-12,0]],[[5862,6935],[0,64],[25,0]],[[5912,7032],[0,-97]],[[5912,6935],[-25,0]],[[5887,6935],[0,64]],[[5887,6999],[12,0],[0,33],[13,0]],[[5987,6999],[37,0]],[[6024,6999],[0,-64]],[[6024,6935],[-12,0],[0,32],[-13,0]],[[5999,6967],[0,-32]],[[5999,6935],[-12,0]],[[5987,6935],[0,64]],[[6299,6967],[0,-32]],[[6299,6935],[-25,0]],[[6274,6935],[0,32]],[[6274,6967],[-37,0]],[[6237,6967],[0,32]],[[6237,6999],[25,0]],[[6362,6999],[0,-64]],[[6362,6935],[-13,0]],[[6349,6935],[0,64],[13,0]],[[7137,7741],[0,32]],[[7162,7741],[12,0]],[[7224,7612],[0,32]],[[7287,7580],[0,-32]],[[7274,7515],[75,0]],[[7362,7483],[0,-32],[12,0],[0,-65],[-87,0],[0,-32],[12,0],[0,-32],[-12,0],[0,-65]],[[7287,7257],[-25,0]],[[7262,7290],[12,0]],[[7274,7290],[0,32],[-12,0],[0,32]],[[7262,7354],[-13,0],[0,-32],[-12,0],[0,-32],[-38,0],[0,-33]],[[7199,7257],[-37,0]],[[7162,7257],[0,-64]],[[7112,7128],[0,-32]],[[7112,7096],[-38,0]],[[7074,7128],[-25,0]],[[7049,7128],[0,-32]],[[7049,7096],[-62,0]],[[6974,7096],[-37,0]],[[6899,7128],[-25,0]],[[6887,7032],[-13,0]],[[6887,6999],[0,-64]],[[6887,6935],[-75,0],[0,64],[25,0],[0,65],[-13,0]],[[6812,7128],[-38,0]],[[6774,7128],[0,65],[-25,0],[0,-32],[-12,0],[0,-33],[-25,0]],[[6712,7128],[0,33]],[[6712,7161],[-25,0],[0,-33],[-25,0],[0,33]],[[6662,7161],[12,0],[0,32],[13,0],[0,129]],[[6662,7257],[-25,0]],[[6637,7257],[0,-32],[-13,0],[0,32]],[[6624,7257],[-37,0],[0,-32],[-38,0]],[[6549,7225],[0,-97]],[[6524,7032],[-50,0]],[[6474,7032],[0,-33],[-25,0]],[[6449,6999],[0,33]],[[6462,7032],[0,64]],[[6437,7064],[-25,0],[0,32]],[[6424,7128],[-25,0],[0,33],[-12,0],[0,32],[25,0]],[[6412,7257],[50,0]],[[6462,7257],[0,65],[-25,0],[0,32],[-25,0],[0,-32],[-50,0]],[[6362,7322],[0,32]],[[6362,7354],[-13,0]],[[6349,7419],[-37,0]],[[6799,7644],[13,0]],[[6824,7644],[25,0]],[[6874,7677],[13,0]],[[6887,7644],[37,0]],[[6937,7644],[37,0]],[[6987,7644],[12,0]],[[6999,7644],[0,-64]],[[7024,7548],[-25,0]],[[7112,7419],[0,96]],[[7037,7612],[0,97]],[[7624,7193],[0,-65]],[[7637,7128],[0,-32],[25,0],[0,-32],[12,0],[0,-129],[-37,0],[0,32],[-13,0],[0,-32],[-12,0],[0,32],[-13,0],[0,32],[13,0],[0,33],[-25,0],[0,32],[-25,0],[0,64]],[[7599,7161],[0,32]],[[7799,6999],[0,-64],[-12,0],[0,64],[12,0]],[[8437,6999],[0,-32]],[[8437,6967],[-13,0],[0,-32],[-12,0]],[[8412,6935],[0,64]],[[1725,6967],[12,0],[0,-32],[-12,0],[0,32]],[[1825,6967],[12,0],[0,-32],[-12,0],[0,32]],[[1912,6967],[25,0],[0,-32]],[[1937,6935],[-25,0]],[[1912,6935],[0,32]],[[2037,6999],[13,0]],[[2050,6999],[0,-64]],[[2050,6935],[-25,0]],[[2025,6935],[0,32],[12,0],[0,32]],[[4750,6967],[12,0],[0,-32],[-12,0]],[[4750,6935],[0,32]],[[4800,6967],[0,-32]],[[4800,6935],[-13,0],[0,32],[13,0]],[[4837,6967],[13,0]],[[4850,6967],[0,-32]],[[4850,6935],[-13,0]],[[4837,6935],[0,32]],[[4850,6967],[25,0]],[[4875,6967],[0,-32],[-25,0]],[[5674,6999],[13,0]],[[5687,6999],[0,-32],[12,0],[0,-32]],[[5699,6935],[-37,0]],[[5662,6935],[0,32]],[[5662,6967],[12,0],[0,32]],[[5799,6967],[0,-32]],[[5799,6935],[-12,0]],[[5787,6935],[0,32],[12,0]],[[5799,6967],[13,0]],[[5812,6967],[0,-32],[-13,0]],[[5837,6967],[12,0]],[[5849,6967],[0,-32],[-12,0],[0,32]],[[6049,6967],[13,0]],[[6062,6967],[0,-32]],[[6062,6935],[-13,0]],[[6049,6935],[0,32]],[[6062,6967],[12,0]],[[6074,6967],[0,-32]],[[6074,6935],[-12,0]],[[6099,6967],[13,0]],[[6112,6967],[0,-32],[-13,0],[0,32]],[[6262,6967],[12,0]],[[6274,6935],[-12,0]],[[6262,6935],[0,32]],[[6312,6935],[-13,0]],[[6374,6967],[0,-32],[-12,0]],[[6362,6935],[0,32]],[[7162,6967],[12,0],[0,-32],[-12,0],[0,32]],[[7249,6967],[13,0],[0,-32],[-13,0],[0,32]],[[7462,6967],[25,0],[0,-32],[-25,0],[0,32]],[[8174,6999],[25,0],[0,-32],[-12,0],[0,-32],[-25,0],[0,32],[12,0],[0,32]],[[5912,6999],[25,0]],[[5937,6999],[0,-96]],[[5937,6903],[-13,0]],[[5924,6903],[0,32],[-12,0]],[[5912,6935],[0,64]],[[6212,7064],[50,0]],[[6262,7064],[0,-32]],[[6249,6999],[-12,0]],[[6237,6967],[25,0]],[[6262,6935],[-25,0]],[[6237,6935],[0,-32]],[[6237,6903],[-13,0]],[[6224,6903],[0,32],[-25,0]],[[6199,6935],[0,32]],[[6199,6967],[-12,0]],[[4900,6967],[37,0]],[[4937,6967],[0,-32]],[[4937,6935],[-12,0],[0,-32]],[[4925,6903],[-13,0]],[[4912,6903],[0,32]],[[4912,6935],[-12,0]],[[5012,7032],[37,0]],[[5074,6999],[0,-32]],[[5074,6967],[-12,0],[0,-32],[-25,0],[0,-32],[-13,0],[0,32]],[[5024,6935],[-12,0]],[[5912,7032],[50,0]],[[5987,6935],[-13,0]],[[5974,6935],[0,-32],[-25,0]],[[5949,6903],[0,32]],[[5949,6935],[-12,0]],[[5937,6935],[0,32]],[[5949,6999],[-37,0]],[[5912,6999],[0,33]],[[1787,6967],[25,0],[0,-32],[-12,0],[0,-32],[-38,0],[0,32],[25,0],[0,32]],[[2000,6935],[12,0]],[[2012,6935],[0,-32]],[[2012,6903],[-12,0]],[[2000,6903],[0,32]],[[2012,6935],[13,0]],[[2025,6935],[0,-32]],[[2025,6903],[-13,0]],[[4812,6967],[25,0]],[[4837,6935],[-12,0],[0,-32],[-25,0],[0,32]],[[4850,6935],[0,-32],[-13,0],[0,32]],[[4887,6935],[25,0]],[[4912,6903],[-25,0]],[[4887,6903],[0,32]],[[4937,6935],[0,-32]],[[4937,6903],[-12,0]],[[4950,6935],[12,0]],[[4962,6935],[0,-32]],[[4962,6903],[-12,0],[0,32]],[[4962,6935],[13,0]],[[4975,6935],[0,-32]],[[4975,6903],[-13,0]],[[5224,6935],[0,-32]],[[5224,6903],[-12,0],[0,32],[12,0]],[[5249,6935],[13,0]],[[5262,6935],[0,-32]],[[5262,6903],[-13,0]],[[5249,6903],[0,32]],[[5399,6935],[0,-32]],[[5399,6903],[-12,0],[0,32]],[[5399,6935],[13,0]],[[5412,6935],[0,-32],[-13,0]],[[5537,6935],[0,-32]],[[5537,6903],[-13,0]],[[5524,6903],[0,32],[13,0]],[[5662,6935],[25,0]],[[5687,6935],[0,-32]],[[5687,6903],[-25,0]],[[5662,6903],[0,32]],[[5687,6935],[12,0]],[[5699,6935],[0,-32],[-12,0]],[[5787,6935],[0,-32]],[[5787,6903],[-13,0]],[[5774,6903],[0,32],[13,0]],[[5799,6935],[0,-32]],[[5799,6903],[-12,0]],[[5924,6903],[-12,0],[0,32]],[[6224,6903],[-25,0]],[[6199,6903],[0,32]],[[6237,6935],[37,0]],[[6274,6935],[0,-32]],[[6274,6903],[-37,0]],[[6299,6935],[0,-32]],[[6299,6903],[-25,0]],[[6312,6935],[0,-32]],[[6312,6903],[-13,0]],[[6912,6935],[12,0],[0,-32],[-12,0],[0,32]],[[7049,6935],[13,0],[0,-32],[-13,0],[0,32]],[[8249,6935],[0,-32]],[[8249,6903],[-12,0]],[[8237,6903],[0,32],[12,0]],[[8399,6935],[13,0]],[[8412,6935],[0,-32],[-13,0]],[[8399,6903],[0,32]],[[5012,6935],[0,-32]],[[5012,6903],[-25,0]],[[4987,6903],[0,-33]],[[4987,6870],[-12,0]],[[4975,6870],[0,65]],[[4975,6935],[-25,0]],[[4962,6903],[0,-33]],[[4962,6870],[-25,0]],[[4937,6870],[0,162]],[[5687,6999],[37,0]],[[5724,6999],[0,-129]],[[5724,6870],[-12,0]],[[5712,6870],[0,65],[-13,0]],[[1650,7064],[12,0],[0,-194]],[[1662,6870],[-12,0]],[[1650,6870],[0,65]],[[1650,6935],[-25,0]],[[1625,6935],[0,32]],[[1650,6967],[0,97]],[[6024,6935],[0,32]],[[6024,6967],[25,0]],[[6049,6935],[25,0]],[[6074,6967],[25,0]],[[6112,6967],[37,0]],[[6149,6967],[0,-32],[-12,0],[0,-32]],[[6137,6903],[-100,0]],[[6037,6903],[0,-33]],[[6037,6870],[-38,0]],[[5999,6870],[0,97]],[[1650,6935],[0,-32]],[[1650,6903],[-13,0],[0,-33],[-12,0]],[[1625,6870],[0,65]],[[1912,6935],[38,0]],[[1950,6935],[0,-32],[-25,0],[0,-33]],[[1925,6870],[-13,0]],[[1912,6870],[0,65]],[[5262,6935],[12,0]],[[5274,6935],[0,-65]],[[5274,6870],[-12,0]],[[5262,6870],[0,65]],[[5612,6935],[37,0]],[[5649,6935],[0,-32],[-12,0],[0,-33]],[[5637,6870],[-13,0]],[[5624,6870],[0,33],[-12,0]],[[5612,6903],[0,32]],[[5712,6870],[-13,0]],[[5699,6870],[0,65]],[[5724,6935],[25,0]],[[5749,6935],[0,-32]],[[5749,6903],[-12,0],[0,-33]],[[5737,6870],[-13,0]],[[5724,6870],[0,65]],[[5949,6935],[0,-65]],[[5949,6870],[-12,0]],[[5937,6870],[0,65]],[[6312,6935],[50,0]],[[6362,6935],[0,-32],[-13,0],[0,-33]],[[6349,6870],[-25,0]],[[6324,6870],[0,33],[-12,0]],[[6399,6935],[13,0],[0,-65],[-13,0]],[[6399,6870],[0,65]],[[8337,6870],[-13,0]],[[8324,6870],[0,65],[25,0],[0,-32],[-12,0],[0,-33]],[[8599,6903],[-12,0],[0,-33],[-13,0]],[[8574,6870],[0,65],[25,0],[0,-32]],[[8924,7032],[0,-97]],[[8924,6935],[-12,0],[0,-32],[-25,0],[0,-33],[-13,0]],[[8874,6870],[0,65],[13,0],[0,97]],[[8874,7032],[0,32]],[[8887,7064],[0,64],[25,0]],[[1950,6935],[12,0]],[[1962,6935],[0,-32],[13,0],[0,-33],[-50,0]],[[4937,6903],[0,-33]],[[4937,6870],[-12,0],[0,33]],[[4975,6903],[0,-33]],[[4975,6870],[-13,0]],[[4987,6903],[13,0]],[[5000,6903],[0,-33],[-13,0]],[[5224,6903],[13,0],[0,-33],[-13,0]],[[5224,6870],[0,33]],[[5262,6903],[0,-33]],[[5262,6870],[-13,0]],[[5249,6870],[0,33]],[[5537,6903],[0,-33]],[[5537,6870],[-13,0],[0,33]],[[5612,6903],[0,-33]],[[5612,6870],[-13,0],[0,33],[13,0]],[[5624,6870],[-12,0]],[[5574,7064],[-12,0]],[[5562,7064],[0,-65]],[[5574,7032],[13,0]],[[5612,7128],[25,0]],[[5637,7096],[62,0]],[[5662,6967],[0,-97]],[[5662,6870],[-25,0]],[[5649,6935],[-87,0]],[[5512,7096],[0,65]],[[5687,6903],[0,-33]],[[5687,6870],[-25,0]],[[5662,6870],[0,33]],[[5749,6903],[0,-33]],[[5749,6870],[-12,0]],[[5824,6870],[-12,0],[0,33],[12,0],[0,-33]],[[5849,6870],[-12,0]],[[5837,6870],[0,33],[12,0],[0,-33]],[[5862,6903],[12,0]],[[5874,6903],[0,-33]],[[5874,6870],[-12,0]],[[5862,6870],[0,33]],[[5899,6935],[13,0]],[[5924,6903],[0,-33],[-37,0],[0,33]],[[5887,6903],[12,0]],[[5899,6903],[0,32]],[[5974,6935],[25,0]],[[5999,6935],[0,-32]],[[5999,6903],[-12,0],[0,-33]],[[5987,6870],[-38,0]],[[5949,6870],[0,33]],[[5999,6903],[0,-33]],[[5999,6870],[-12,0]],[[6062,6903],[12,0]],[[6074,6903],[0,-33],[-12,0],[0,33]],[[6099,6903],[75,0]],[[6174,6903],[0,32],[13,0],[0,-65],[-88,0],[0,33]],[[6212,6903],[12,0]],[[6224,6903],[0,-33]],[[6224,6870],[-12,0]],[[6212,6870],[0,33]],[[6237,6903],[0,-33]],[[6237,6870],[-13,0]],[[6262,6903],[12,0]],[[6274,6903],[0,-33]],[[6274,6870],[-12,0]],[[6262,6870],[0,33]],[[6324,6870],[-12,0],[0,33]],[[7174,6903],[13,0],[0,-33],[-13,0],[0,33]],[[7587,6903],[25,0],[0,-33],[-25,0],[0,33]],[[7624,6903],[13,0],[0,-33],[-13,0],[0,33]],[[7924,6870],[0,33],[13,0],[0,-33],[-13,0]],[[8237,6903],[0,-33]],[[8237,6870],[-13,0]],[[8224,6870],[0,33],[13,0]],[[8249,6903],[0,-33]],[[8249,6870],[-12,0]],[[8462,6903],[0,-33]],[[8462,6870],[-13,0]],[[8449,6870],[0,33],[13,0]],[[1912,7064],[0,-226]],[[1912,6838],[-12,0],[0,97]],[[1900,6935],[-13,0]],[[1887,6935],[0,64]],[[6774,7128],[25,0]],[[6824,7064],[0,-32],[-25,0],[0,-33],[-25,0],[0,-32],[25,0],[0,-32],[-12,0],[0,-65],[-13,0],[0,-32],[-25,0],[0,97],[13,0],[0,64],[-13,0],[0,65],[25,0],[0,32],[-37,0],[0,-32],[-13,0],[0,32],[-12,0]],[[6712,7096],[0,32]],[[2675,6935],[12,0],[0,-97],[-25,0],[0,65],[13,0],[0,32]],[[5762,6903],[37,0]],[[5799,6903],[0,-33]],[[5799,6870],[-12,0],[0,-32]],[[5787,6838],[-25,0]],[[5762,6838],[0,65]],[[6299,6903],[0,-65]],[[6299,6838],[-12,0],[0,32]],[[6287,6870],[-13,0]],[[6324,6870],[0,-32]],[[6324,6838],[-25,0]],[[6499,6903],[25,0],[0,-65],[-12,0],[0,32],[-13,0],[0,33]],[[1587,6870],[0,-32]],[[1587,6838],[-12,0],[0,32],[12,0]],[[2012,6870],[13,0]],[[2025,6870],[0,-32]],[[2025,6838],[-13,0]],[[2012,6838],[0,32]],[[2025,6870],[12,0]],[[2037,6870],[0,-32]],[[2037,6838],[-12,0]],[[4812,6870],[25,0],[0,-32],[-25,0],[0,32]],[[4875,6870],[25,0],[0,-32],[-25,0],[0,32]],[[4962,6870],[0,-32]],[[4962,6838],[-25,0]],[[4937,6838],[0,32]],[[5262,6870],[0,-32]],[[5262,6838],[-13,0]],[[5249,6838],[0,32]],[[5412,6870],[12,0]],[[5424,6870],[0,-32]],[[5424,6838],[-12,0],[0,32]],[[5424,6870],[13,0]],[[5437,6870],[0,-32],[-13,0]],[[5537,6870],[12,0],[0,-32]],[[5549,6838],[-12,0]],[[5537,6838],[0,32]],[[5574,6870],[0,-32]],[[5574,6838],[-12,0]],[[5562,6838],[0,32],[12,0]],[[5624,6870],[0,-32]],[[5624,6838],[-12,0]],[[5612,6838],[0,32]],[[5637,6870],[0,-32]],[[5637,6838],[-13,0]],[[5637,6870],[37,0],[0,-32],[-37,0]],[[5687,6870],[12,0]],[[5699,6870],[0,-32]],[[5699,6838],[-12,0],[0,32]],[[5699,6870],[25,0]],[[5724,6870],[0,-32]],[[5724,6838],[-25,0]],[[6324,6870],[38,0]],[[6362,6870],[0,-32]],[[6362,6838],[-38,0]],[[7774,6870],[0,-32],[-12,0],[0,32],[12,0]],[[7887,6870],[0,-32],[-25,0]],[[7862,6838],[0,32],[25,0]],[[7924,6870],[0,-32],[-12,0],[0,32],[12,0]],[[7949,6870],[13,0],[0,-32],[-13,0],[0,32]],[[8337,6870],[0,-32],[-13,0],[0,32]],[[8424,6870],[25,0]],[[8449,6870],[0,-32]],[[8449,6838],[-25,0],[0,32]],[[8462,6870],[0,-32]],[[8462,6838],[-13,0]],[[8499,6838],[-25,0]],[[8474,6838],[0,32],[25,0],[0,-32]],[[8562,6870],[12,0]],[[8574,6870],[0,-32],[-12,0]],[[8562,6838],[0,32]],[[5537,6935],[75,0]],[[5612,6838],[-25,0]],[[5587,6838],[0,-32]],[[5587,6806],[-13,0]],[[5574,6806],[0,64]],[[5562,6838],[-13,0]],[[5537,6870],[0,65]],[[4937,6870],[0,-64]],[[4937,6806],[-25,0]],[[4912,6806],[0,97]],[[6237,6903],[25,0]],[[6262,6870],[25,0]],[[6299,6838],[0,-32]],[[6299,6806],[-37,0]],[[6262,6806],[0,32],[-13,0],[0,32]],[[6249,6870],[-12,0]],[[4962,6870],[25,0]],[[4987,6870],[0,-64]],[[4987,6806],[-12,0]],[[4975,6806],[0,32]],[[4975,6838],[-13,0]],[[5024,6935],[0,-65],[-12,0],[0,-32],[-12,0],[0,-32],[-13,0]],[[5000,6903],[12,0]],[[5062,6870],[62,0],[0,-32],[-25,0],[0,-32],[-37,0],[0,64]],[[5274,6870],[0,-64]],[[5274,6806],[-12,0]],[[5262,6806],[0,64]],[[8137,6870],[25,0]],[[8162,6870],[0,-32],[-13,0],[0,-32],[-12,0]],[[8137,6806],[0,64]],[[8537,6870],[25,0]],[[8562,6838],[-13,0],[0,-32]],[[8549,6806],[-12,0],[0,64]],[[1587,6838],[13,0]],[[1600,6838],[0,-32]],[[1600,6806],[-13,0],[0,32]],[[4937,6838],[13,0]],[[4950,6838],[0,-32]],[[4950,6806],[-13,0]],[[4937,6806],[0,32]],[[5049,6806],[-12,0],[0,32],[12,0],[0,-32]],[[5549,6838],[0,-32]],[[5549,6806],[-12,0],[0,32]],[[5549,6838],[25,0]],[[5574,6838],[0,-32]],[[5574,6806],[-25,0]],[[5637,6838],[0,-32]],[[5637,6806],[-13,0]],[[5624,6806],[0,32]],[[5637,6838],[12,0]],[[5649,6838],[0,-32],[-12,0]],[[5737,6838],[12,0],[0,-32]],[[5749,6806],[-12,0]],[[5737,6806],[0,32]],[[5812,6967],[25,0]],[[5849,6967],[13,0],[0,-32]],[[5887,6967],[0,-32]],[[5887,6935],[12,0]],[[5899,6903],[-37,0]],[[5862,6870],[-13,0]],[[5837,6870],[-13,0]],[[5824,6870],[0,-32],[-12,0],[0,-32]],[[5812,6806],[-38,0]],[[5774,6806],[0,32]],[[5774,6838],[13,0]],[[5799,6870],[0,65]],[[5837,6870],[0,-64]],[[5837,6806],[-25,0]],[[6299,6838],[13,0]],[[6312,6838],[0,-32]],[[6312,6806],[-13,0]],[[6362,6935],[37,0]],[[6399,6870],[-25,0],[0,-64]],[[6374,6806],[-25,0]],[[6349,6806],[0,32]],[[6349,6838],[13,0]],[[6362,6870],[-13,0]],[[7887,6870],[12,0],[0,-64]],[[7899,6806],[-37,0],[0,32]],[[8324,6870],[0,-64],[-25,0]],[[8299,6806],[0,32],[13,0],[0,32],[12,0]],[[8562,6838],[0,-32],[-13,0]],[[5349,7322],[25,0]],[[5374,7322],[0,-65]],[[5374,7257],[-25,0],[0,-96],[25,0]],[[5387,7128],[0,-32],[12,0],[0,-32],[13,0],[0,-32],[25,0]],[[5449,6967],[38,0],[0,-32],[25,0],[0,-32],[12,0]],[[5524,6903],[0,-65],[-37,0]],[[5487,6838],[0,-64],[-25,0],[0,129]],[[5462,6903],[-38,0],[0,-33]],[[5412,6870],[0,65]],[[5249,7193],[-37,0]],[[5212,7193],[0,32]],[[5224,7257],[38,0]],[[5262,7290],[12,0]],[[5487,6838],[0,32],[-13,0],[0,-32],[13,0]],[[1650,6903],[0,-33]],[[1662,6870],[0,-64]],[[1662,6806],[-12,0],[0,-32]],[[1650,6774],[-13,0],[0,32],[-12,0],[0,64]],[[5237,6967],[37,0],[0,-32]],[[5274,6935],[-25,0]],[[5249,6935],[0,-97]],[[5262,6838],[0,-32]],[[5262,6806],[-13,0]],[[5249,6806],[0,-32]],[[5249,6774],[-25,0],[0,96]],[[5224,6935],[13,0],[0,32]],[[8399,6935],[0,-65]],[[8399,6870],[-12,0],[0,-32],[25,0],[0,32]],[[8412,6870],[12,0]],[[8424,6870],[0,-64],[-25,0],[0,-32],[-37,0]],[[8362,6774],[0,96]],[[8362,6870],[12,0],[0,33],[13,0]],[[8387,6903],[0,64],[12,0],[0,32],[13,0]],[[2000,6870],[0,-96]],[[2000,6774],[-25,0]],[[1975,6774],[0,64],[12,0],[0,32],[13,0]],[[5587,6838],[37,0]],[[5624,6806],[-25,0]],[[5599,6806],[0,-32]],[[5599,6774],[-12,0]],[[5587,6774],[0,64]],[[6337,6838],[12,0]],[[6349,6806],[13,0]],[[6362,6806],[0,-32]],[[6362,6774],[-25,0]],[[6337,6774],[0,64]],[[8262,6838],[0,-64]],[[8262,6774],[-13,0],[0,32],[-12,0],[0,32],[25,0]],[[8449,6838],[25,0]],[[8474,6838],[0,-64]],[[8474,6774],[-12,0]],[[8462,6774],[0,32],[-13,0],[0,32]],[[8499,6838],[13,0],[0,-64],[-13,0]],[[8499,6774],[0,64]],[[8937,6806],[-25,0],[0,32],[12,0],[0,32],[13,0]],[[8937,6870],[0,33],[12,0],[0,-129],[-12,0],[0,32]],[[1662,6806],[0,-32]],[[1662,6774],[-12,0]],[[1662,6806],[13,0]],[[1675,6806],[0,-32]],[[1675,6774],[-13,0]],[[1900,6806],[12,0]],[[1912,6806],[0,-32],[-12,0]],[[1900,6774],[0,32]],[[2075,6806],[12,0],[0,-32],[-12,0],[0,32]],[[4737,6774],[-12,0]],[[4725,6774],[0,32],[12,0],[0,-32]],[[4812,6806],[25,0],[0,-32],[-25,0],[0,32]],[[4875,6806],[25,0],[0,-32],[-25,0],[0,32]],[[5049,6806],[0,-32]],[[5049,6774],[-25,0]],[[5024,6774],[0,32],[25,0]],[[5249,6806],[25,0]],[[5274,6806],[0,-32],[-25,0]],[[5437,6806],[12,0]],[[5449,6806],[0,-32]],[[5449,6774],[-12,0],[0,32]],[[5574,6806],[0,-32],[-12,0]],[[5562,6774],[0,32],[12,0]],[[5712,6806],[12,0]],[[5724,6806],[0,-32]],[[5724,6774],[-12,0]],[[5712,6774],[0,32]],[[5737,6806],[25,0]],[[5762,6806],[0,-32],[-25,0]],[[5737,6774],[0,32]],[[5774,6806],[25,0]],[[5799,6806],[0,-32]],[[5799,6774],[-25,0]],[[5774,6774],[0,32]],[[5837,6806],[12,0],[0,-32],[-12,0],[0,32]],[[5974,6838],[13,0],[0,-32],[12,0],[0,-32],[-62,0],[0,32],[37,0],[0,32]],[[6024,6774],[-12,0],[0,32],[12,0],[0,-32]],[[6162,6806],[12,0],[0,-32],[-12,0],[0,32]],[[6199,6806],[13,0],[0,-32],[-13,0],[0,32]],[[6362,6806],[12,0]],[[6374,6806],[0,-32],[-12,0]],[[6462,6806],[12,0],[0,-32],[-12,0],[0,32]],[[6999,6806],[13,0],[0,-32],[-13,0],[0,32]],[[7299,6806],[13,0],[0,-32],[-13,0],[0,32]],[[7899,6806],[13,0],[0,-32],[-13,0],[0,32]],[[8299,6806],[13,0],[0,-32],[-13,0]],[[8299,6774],[0,32]],[[8874,6806],[13,0],[0,-32]],[[8887,6774],[-13,0],[0,32]],[[1775,7386],[0,-32]],[[1687,7515],[-37,0]],[[1600,7290],[25,0]],[[1625,7290],[0,-33]],[[1612,7032],[0,-97]],[[1625,6870],[-13,0],[0,33],[-25,0]],[[1587,6903],[0,-33]],[[1600,6806],[0,-65]],[[1600,6741],[-38,0],[0,33],[-12,0],[0,96],[-13,0],[0,65],[13,0],[0,32],[-13,0],[0,161]],[[1550,7128],[0,194]],[[1475,7677],[25,0]],[[1500,7644],[25,0]],[[1525,7644],[0,33]],[[1525,7677],[12,0]],[[1550,7612],[50,0]],[[5462,6903],[0,-162]],[[5462,6741],[-13,0]],[[5449,6741],[0,65]],[[5437,6806],[0,64]],[[1662,6870],[25,0],[0,-32],[13,0],[0,-32],[-13,0]],[[1687,6806],[0,-65]],[[1687,6741],[-12,0]],[[1675,6741],[0,65]],[[2900,6806],[-25,0],[0,-65]],[[2875,6741],[-13,0],[0,33],[-12,0],[0,32],[-13,0],[0,32],[63,0],[0,-32]],[[8499,6838],[0,-97]],[[8499,6741],[-12,0]],[[8487,6741],[0,33]],[[8487,6774],[-13,0]],[[2900,6806],[12,0],[0,-32]],[[2912,6774],[13,0],[0,-33],[-25,0]],[[2900,6741],[0,65]],[[5624,6806],[0,-32],[-12,0],[0,-33],[-13,0]],[[5599,6741],[0,65]],[[5649,6838],[13,0],[0,-32],[12,0]],[[5674,6806],[0,-32],[-12,0],[0,-33]],[[5662,6741],[-13,0]],[[5649,6741],[0,33],[-12,0],[0,32]],[[7124,6806],[13,0],[0,-65],[-13,0],[0,65]],[[8549,6806],[25,0],[0,-65]],[[8574,6741],[-12,0],[0,33],[-13,0],[0,32]],[[1662,6774],[0,-33]],[[1662,6741],[-12,0],[0,33]],[[1675,6774],[0,-33]],[[1675,6741],[-13,0]],[[1875,6774],[12,0],[0,-33],[-12,0],[0,33]],[[2000,6774],[0,-33]],[[2000,6741],[-25,0]],[[1975,6741],[0,33]],[[2025,6774],[12,0],[0,-33]],[[2037,6741],[-12,0]],[[2025,6741],[0,33]],[[2125,6774],[12,0],[0,-33],[-12,0],[0,33]],[[4737,6774],[0,-33]],[[4737,6741],[-12,0],[0,33]],[[4737,6774],[13,0]],[[4750,6774],[0,-33],[-13,0]],[[4800,6774],[0,-33]],[[4800,6741],[-13,0]],[[4787,6741],[0,33],[13,0]],[[5049,6774],[0,-33],[-25,0],[0,33]],[[5362,6774],[12,0],[0,-33],[-12,0],[0,33]],[[5412,6774],[0,-33]],[[5412,6741],[-13,0]],[[5399,6741],[0,33],[13,0]],[[5412,6774],[37,0]],[[5449,6774],[0,-33]],[[5449,6741],[-37,0]],[[5587,6806],[0,-65]],[[5587,6741],[-25,0]],[[5562,6741],[0,33]],[[5599,6774],[0,-33]],[[5599,6741],[-12,0]],[[5587,6741],[0,33]],[[5799,6774],[0,-33]],[[5799,6741],[-25,0]],[[5774,6741],[0,33]],[[6024,6774],[13,0],[0,-33],[-13,0],[0,33]],[[6349,6774],[13,0]],[[6362,6774],[0,-33]],[[6362,6741],[-13,0],[0,33]],[[6787,6741],[0,33],[12,0],[0,-33],[-12,0]],[[7374,6774],[13,0],[0,-33],[-13,0],[0,33]],[[8137,6774],[0,-33]],[[8137,6741],[-13,0]],[[8124,6741],[0,33],[13,0]],[[8362,6774],[12,0],[0,-33],[-12,0]],[[8362,6741],[0,33]],[[8474,6774],[0,-33],[-12,0]],[[8462,6741],[0,33]],[[6624,7257],[0,-290]],[[6624,6967],[13,0],[0,32],[12,0],[0,-32],[38,0],[0,-32],[37,0],[0,-65],[13,0],[0,-64],[25,0],[0,-32],[12,0],[0,-33],[13,0]],[[6787,6741],[0,-32],[-38,0],[0,32],[-37,0],[0,33],[-13,0],[0,-65],[-12,0],[0,32],[-25,0],[0,-32],[-13,0],[0,32],[-50,0],[0,33],[-25,0],[0,32],[-12,0],[0,-32],[-13,0],[0,-33],[-25,0],[0,-32],[-37,0]],[[6487,6709],[0,97],[-25,0]],[[6462,6806],[0,161],[-13,0],[0,32]],[[6474,7032],[38,0]],[[6549,6967],[0,258]],[[5799,6806],[13,0]],[[5812,6806],[0,-32],[12,0],[0,-33],[13,0],[0,-32]],[[5837,6709],[-25,0]],[[5812,6709],[0,32]],[[5812,6741],[-13,0]],[[5799,6741],[0,65]],[[8262,6806],[37,0]],[[8299,6774],[-12,0],[0,-65]],[[8287,6709],[-13,0]],[[8274,6709],[0,32],[-12,0]],[[8262,6741],[0,65]],[[5724,6774],[0,-65]],[[5724,6709],[-12,0]],[[5712,6709],[0,65]],[[8074,6774],[13,0],[0,-65],[-13,0],[0,65]],[[1712,6709],[0,32],[13,0],[0,-32],[-13,0]],[[1975,6741],[12,0]],[[1987,6741],[0,-32]],[[1987,6709],[-12,0]],[[1975,6709],[0,32]],[[2050,6741],[12,0]],[[2062,6741],[0,-32]],[[2062,6709],[-12,0]],[[2050,6709],[0,32]],[[2875,6741],[12,0],[0,-32],[-12,0],[0,32]],[[4775,6741],[25,0]],[[4800,6741],[0,-32]],[[4800,6709],[-25,0],[0,32]],[[4887,6741],[25,0],[0,-32],[-25,0],[0,32]],[[5399,6741],[38,0]],[[5437,6741],[0,-32]],[[5437,6709],[-38,0]],[[5399,6709],[0,32]],[[5437,6741],[12,0]],[[5449,6741],[0,-32]],[[5449,6709],[-12,0]],[[5462,6741],[0,-32],[-13,0]],[[5637,6741],[25,0]],[[5662,6741],[0,-32]],[[5662,6709],[-25,0]],[[5637,6709],[0,32]],[[5724,6741],[13,0]],[[5737,6741],[0,-32]],[[5737,6709],[-13,0]],[[5724,6709],[0,32]],[[5799,6741],[0,-32],[-25,0]],[[5774,6709],[0,32]],[[6112,6741],[12,0],[0,-32],[-12,0],[0,32]],[[6299,6741],[13,0],[0,-32],[-13,0],[0,32]],[[7874,6741],[13,0],[0,-32],[-13,0],[0,32]],[[8124,6741],[0,-32]],[[8124,6709],[-12,0]],[[8112,6709],[0,32],[12,0]],[[8312,6709],[-25,0]],[[8287,6709],[0,32],[25,0],[0,-32]],[[8349,6741],[13,0]],[[8362,6741],[0,-32]],[[8362,6709],[-13,0]],[[8349,6709],[0,32]],[[8499,6741],[0,-32]],[[8499,6709],[-12,0]],[[8487,6709],[0,32]],[[8574,6741],[13,0],[0,-32]],[[8587,6709],[-13,0],[0,32]],[[8862,6709],[-13,0]],[[8849,6709],[0,32],[13,0],[0,-32]],[[2025,6806],[0,-65]],[[2025,6741],[25,0]],[[2050,6709],[-25,0]],[[2025,6709],[0,-32],[-13,0],[0,129],[13,0]],[[7212,6838],[0,-129],[-13,0],[0,-32],[-12,0],[0,32],[-25,0],[0,97],[25,0],[0,32],[25,0]],[[1875,6935],[25,0]],[[1912,6838],[0,32]],[[1925,6870],[0,-64]],[[1925,6806],[-25,0]],[[1900,6806],[0,-65]],[[1900,6741],[12,0],[0,-32],[-25,0],[0,-32],[-12,0]],[[1875,6677],[0,32],[-13,0]],[[1862,6709],[0,65],[13,0]],[[1875,6774],[0,32],[-13,0],[0,32],[25,0],[0,32],[-12,0],[0,65]],[[1675,6741],[0,-64]],[[1675,6677],[-13,0],[0,64]],[[5587,6741],[0,-64]],[[5587,6677],[-25,0],[0,64]],[[5599,6741],[0,-64]],[[5599,6677],[-12,0]],[[6162,6677],[-25,0],[0,64],[25,0],[0,-64]],[[8487,6774],[0,-97]],[[8487,6677],[-13,0]],[[8474,6677],[0,32],[-12,0]],[[8462,6709],[0,32]],[[8499,6741],[25,0],[0,-32]],[[8524,6709],[-12,0],[0,-32],[-13,0]],[[8499,6677],[0,64]],[[1600,6709],[0,-32]],[[1600,6677],[-13,0]],[[1587,6677],[0,32],[13,0]],[[1700,6709],[12,0]],[[1712,6709],[0,-32],[-12,0]],[[1700,6677],[0,32]],[[1812,6709],[13,0],[0,-32],[-13,0],[0,32]],[[1875,6677],[-13,0],[0,32]],[[2137,6709],[13,0],[0,-32],[-13,0],[0,32]],[[4850,6677],[-25,0]],[[4825,6677],[0,32],[25,0],[0,-32]],[[4925,6709],[12,0],[0,-32]],[[4937,6677],[-12,0]],[[4925,6677],[0,32]],[[5412,6709],[12,0]],[[5424,6709],[0,-32]],[[5424,6677],[-12,0],[0,32]],[[5424,6709],[13,0]],[[5437,6709],[0,-32]],[[5437,6677],[-13,0]],[[5712,6709],[0,-32]],[[5712,6677],[-13,0]],[[5699,6677],[0,32],[13,0]],[[5712,6709],[25,0]],[[5737,6709],[0,-32]],[[5737,6677],[-25,0]],[[5749,6677],[0,32],[13,0],[0,-32],[-13,0]],[[6049,6677],[0,32],[25,0],[0,-32],[-25,0]],[[7312,6709],[25,0],[0,-32],[-25,0],[0,32]],[[8112,6709],[0,-32]],[[8112,6677],[-13,0]],[[8099,6677],[0,32],[13,0]],[[8112,6709],[25,0]],[[8137,6709],[0,-32],[-25,0]],[[8362,6709],[25,0]],[[8387,6709],[0,-32],[-25,0],[0,32]],[[8474,6677],[-12,0],[0,32]],[[8499,6709],[0,-32]],[[8499,6677],[-12,0]],[[8487,6677],[0,32]],[[8587,6709],[12,0],[0,-32]],[[8599,6677],[-12,0],[0,32]],[[1687,6741],[0,-32]],[[1687,6709],[13,0]],[[1700,6709],[0,-65]],[[1700,6644],[-13,0]],[[1687,6644],[0,33],[-12,0]],[[2062,6741],[25,0],[0,-64],[13,0]],[[2100,6677],[0,-33]],[[2100,6644],[-25,0]],[[2075,6644],[0,65],[-13,0]],[[1875,6677],[0,-33],[-38,0],[0,65],[25,0]],[[5662,6741],[12,0]],[[5674,6741],[0,-64],[-12,0],[0,-33]],[[5662,6644],[-13,0],[0,65]],[[5649,6709],[13,0]],[[5999,6709],[25,0]],[[6024,6709],[0,-65]],[[6024,6644],[-25,0]],[[5999,6644],[0,65]],[[6399,6677],[-12,0],[0,-33]],[[6387,6644],[-13,0]],[[6374,6644],[0,33],[-12,0]],[[6362,6677],[0,32],[37,0],[0,-32]],[[8299,6709],[13,0]],[[8312,6709],[0,-32],[12,0],[0,-33]],[[8324,6644],[-25,0],[0,65]],[[1600,6677],[0,-33]],[[1600,6644],[-13,0],[0,33]],[[1600,6677],[12,0]],[[1612,6677],[0,-33]],[[1612,6644],[-12,0]],[[1687,6644],[-12,0]],[[1675,6644],[0,33]],[[2037,6677],[13,0]],[[2050,6677],[0,-33]],[[2050,6644],[-13,0],[0,33]],[[2100,6677],[12,0],[0,-33],[-12,0]],[[2875,6677],[12,0],[0,-33],[-12,0],[0,33]],[[4750,6644],[-13,0],[0,33],[13,0],[0,-33]],[[4812,6677],[25,0]],[[4837,6677],[0,-33]],[[4837,6644],[-25,0]],[[4812,6644],[0,33]],[[4937,6677],[0,-33]],[[4937,6644],[-12,0]],[[4925,6644],[0,33]],[[4962,6741],[25,0],[0,-64],[-25,0],[0,-33],[-25,0]],[[4937,6677],[13,0],[0,32],[12,0],[0,32]],[[5137,6677],[12,0],[0,-33],[-12,0]],[[5137,6644],[0,33]],[[5212,6677],[12,0]],[[5224,6677],[0,-33],[-12,0],[0,33]],[[5274,6677],[13,0]],[[5287,6677],[0,-33]],[[5287,6644],[-13,0],[0,33]],[[5287,6677],[12,0]],[[5299,6677],[0,-33],[-12,0]],[[5437,6677],[0,-33],[-13,0],[0,33]],[[5599,6677],[0,-33],[-12,0],[0,33]],[[5712,6677],[12,0],[0,-33]],[[5724,6644],[-12,0],[0,33]],[[5837,6644],[-13,0],[0,33],[13,0],[0,-33]],[[5862,6677],[12,0]],[[5874,6677],[0,-33]],[[5874,6644],[-12,0],[0,33]],[[5912,6677],[12,0]],[[5924,6677],[0,-33]],[[5924,6644],[-12,0]],[[5912,6644],[0,33]],[[6162,6677],[12,0],[0,-33],[-12,0]],[[6162,6644],[0,33]],[[6399,6677],[0,-33]],[[6399,6644],[-12,0]],[[6399,6677],[25,0],[0,-33],[-25,0]],[[6487,6644],[-13,0]],[[6474,6644],[0,33],[13,0],[0,-33]],[[7499,6709],[0,-65]],[[7499,6644],[-25,0]],[[7474,6644],[0,33],[-12,0],[0,-33]],[[7462,6644],[-25,0]],[[7437,6644],[0,33],[-13,0],[0,-33],[-37,0],[0,33]],[[7387,6677],[12,0]],[[7399,6677],[0,32],[38,0],[0,32],[50,0],[0,-32],[12,0]],[[7474,6644],[-12,0]],[[8862,6677],[25,0],[0,-33],[-25,0],[0,33]],[[5674,6806],[13,0],[0,-65],[12,0],[0,-64]],[[5712,6677],[0,-65]],[[5712,6612],[-13,0]],[[5699,6612],[0,32],[-12,0],[0,-32]],[[5687,6612],[-13,0]],[[5674,6612],[0,129]],[[2025,6935],[50,0]],[[2075,6935],[0,-32],[-13,0],[0,-33],[13,0],[0,-32],[-13,0],[0,-32],[-12,0],[0,-32],[12,0],[0,-33]],[[2062,6741],[-25,0]],[[2025,6774],[0,32]],[[2025,6709],[37,0]],[[2062,6709],[0,-32]],[[2062,6677],[-25,0]],[[2050,6644],[0,-32]],[[2050,6612],[-25,0]],[[2025,6612],[0,32]],[[2025,6644],[-25,0]],[[2000,6644],[0,33],[-13,0]],[[1987,6677],[0,64]],[[1987,6741],[13,0]],[[2000,6741],[0,162]],[[2000,6903],[25,0]],[[2012,6838],[25,0]],[[2037,6870],[-25,0]],[[5399,6709],[13,0]],[[5424,6677],[0,-65],[-25,0],[0,32],[-37,0],[0,33],[-25,0],[0,64],[62,0]],[[5649,6741],[-12,0]],[[5637,6709],[12,0]],[[5649,6709],[0,-97]],[[5649,6612],[-37,0]],[[5612,6612],[0,65],[-13,0]],[[5612,6612],[-13,0],[0,65]],[[5724,7096],[50,0]],[[5762,7032],[25,0]],[[5787,7032],[0,-33],[12,0],[0,-32]],[[5774,6903],[-12,0]],[[5762,6838],[12,0]],[[5774,6838],[0,-129]],[[5812,6741],[0,-129]],[[5812,6612],[-25,0]],[[5787,6612],[0,32]],[[5787,6644],[-38,0]],[[5749,6644],[0,33]],[[5749,6677],[-12,0]],[[5737,6677],[0,64]],[[5724,6741],[0,65]],[[5712,6806],[0,32],[12,0]],[[5724,6870],[25,0]],[[5749,6870],[0,65]],[[5724,6935],[0,97]],[[5737,6838],[0,-64]],[[5762,6806],[-13,0]],[[5849,6677],[13,0]],[[5874,6644],[0,-32]],[[5874,6612],[-25,0],[0,65]],[[8112,6677],[0,-65],[-13,0],[0,65]],[[2012,6644],[13,0]],[[2025,6612],[-13,0]],[[2012,6612],[0,32]],[[2075,6644],[12,0]],[[2087,6644],[0,-32]],[[2087,6612],[-12,0],[0,32]],[[4925,6644],[0,-32]],[[4925,6612],[-13,0]],[[4912,6612],[0,32],[13,0]],[[4937,6644],[0,-32]],[[4937,6612],[-12,0]],[[4937,6644],[13,0],[0,-32],[-13,0]],[[5324,6644],[13,0],[0,-32],[-13,0],[0,32]],[[5662,6644],[12,0],[0,-32]],[[5674,6612],[-12,0],[0,32]],[[5699,6612],[-12,0]],[[5749,6677],[0,-65]],[[5749,6612],[-25,0],[0,32]],[[5724,6644],[13,0],[0,33]],[[5749,6644],[13,0]],[[5762,6644],[0,-32]],[[5762,6612],[-13,0]],[[5749,6612],[0,32]],[[5762,6644],[12,0]],[[5774,6644],[0,-32]],[[5774,6612],[-12,0]],[[5774,6644],[13,0]],[[5787,6612],[-13,0]],[[5999,6677],[0,-65]],[[5999,6612],[-37,0]],[[5962,6612],[0,32],[25,0],[0,33],[12,0]],[[6162,6644],[0,-32],[-13,0],[0,32],[13,0]],[[6412,6644],[37,0]],[[6449,6644],[0,-32]],[[6449,6612],[-37,0]],[[6412,6612],[0,32]],[[6449,6644],[25,0]],[[6474,6644],[0,-32]],[[6474,6612],[-25,0]],[[6512,6644],[12,0],[0,-32],[-12,0],[0,32]],[[7187,6644],[37,0],[0,-32],[-37,0],[0,32]],[[7237,6644],[25,0],[0,-32],[-25,0],[0,32]],[[7599,6644],[13,0],[0,-32],[-13,0],[0,32]],[[8249,6612],[-12,0]],[[8237,6612],[0,32],[12,0],[0,-32]],[[8374,6644],[13,0]],[[8387,6644],[0,-32]],[[8387,6612],[-13,0]],[[8374,6612],[0,32]],[[8387,6644],[25,0]],[[8412,6644],[0,-32],[-25,0]],[[8387,6709],[25,0],[0,-65]],[[8412,6644],[-38,0]],[[8374,6612],[-12,0],[0,-32],[-25,0]],[[8337,6580],[0,97],[12,0]],[[8349,6677],[0,32]],[[1612,6644],[0,-64],[-12,0],[0,64]],[[5837,6644],[12,0]],[[5849,6644],[0,-64],[-12,0]],[[5837,6580],[0,64]],[[6037,6644],[12,0]],[[6049,6644],[0,-64]],[[6049,6580],[-12,0]],[[6037,6580],[0,64]],[[6049,6644],[13,0],[0,-64]],[[6062,6580],[-13,0]],[[6474,6644],[25,0]],[[6499,6644],[0,-32],[-12,0],[0,-32],[-13,0]],[[6474,6580],[0,64]],[[1700,6612],[12,0],[0,-32]],[[1712,6580],[-12,0]],[[1700,6580],[0,32]],[[1775,6612],[37,0],[0,-32],[-37,0],[0,32]],[[4812,6612],[13,0]],[[4825,6612],[0,-32],[-13,0],[0,32]],[[4850,6612],[12,0]],[[4862,6612],[0,-32]],[[4862,6580],[-12,0],[0,32]],[[4862,6612],[13,0],[0,-32],[-13,0]],[[5312,6612],[0,-32]],[[5312,6580],[-13,0],[0,32],[13,0]],[[5612,6612],[12,0]],[[5624,6612],[0,-32]],[[5624,6580],[-12,0],[0,32]],[[5624,6612],[13,0]],[[5637,6612],[0,-32]],[[5637,6580],[-13,0]],[[5637,6612],[12,0]],[[5649,6612],[0,-32]],[[5649,6580],[-12,0]],[[5712,6612],[0,-32],[-13,0],[0,32]],[[5762,6612],[25,0]],[[5787,6612],[0,-32]],[[5787,6580],[-25,0]],[[5762,6580],[0,32]],[[5874,6677],[-25,0]],[[5849,6677],[0,-33]],[[5837,6580],[-38,0],[0,32],[13,0]],[[5812,6612],[0,97]],[[5812,6709],[62,0]],[[5874,6709],[0,65],[13,0],[0,-130],[-13,0]],[[5924,6644],[0,-32]],[[5924,6612],[13,0]],[[5937,6612],[0,-32]],[[5937,6580],[-50,0],[0,32],[25,0]],[[5912,6612],[0,32]],[[5937,6612],[12,0]],[[5949,6612],[0,-32]],[[5949,6580],[-12,0]],[[5949,6612],[13,0]],[[5962,6612],[0,-32]],[[5962,6580],[-13,0]],[[6224,6612],[25,0],[0,-32],[-25,0],[0,32]],[[6324,6612],[13,0],[0,-32],[-13,0],[0,32]],[[6424,6612],[50,0]],[[6474,6612],[0,-32]],[[6474,6580],[-50,0],[0,32]],[[6787,6580],[0,32],[12,0],[0,32],[13,0],[0,-32],[37,0],[0,-32],[-62,0]],[[7124,6580],[-37,0],[0,32],[37,0],[0,-32]],[[7424,6612],[25,0]],[[7449,6612],[0,-32]],[[7449,6580],[-25,0]],[[7424,6580],[0,32]],[[8237,6612],[0,-32]],[[8237,6580],[-13,0],[0,32],[13,0]],[[8799,6612],[13,0],[0,-32],[-13,0],[0,32]],[[8887,6612],[12,0]],[[8899,6612],[0,-32]],[[8899,6580],[-12,0]],[[8887,6580],[0,32]],[[8899,6612],[13,0]],[[8912,6612],[0,-32]],[[8912,6580],[-13,0]],[[8524,6709],[0,-161]],[[8524,6548],[-12,0]],[[8512,6548],[0,32],[-13,0],[0,97]],[[2087,6612],[0,-32]],[[2087,6580],[-12,0],[0,-32],[-13,0],[0,96],[13,0]],[[2112,6548],[0,64],[-12,0],[0,32]],[[2100,6677],[0,32],[25,0],[0,-65],[12,0],[0,-32],[-12,0],[0,-64],[-13,0]],[[4837,6644],[0,-96]],[[4837,6548],[-12,0]],[[4825,6548],[0,64]],[[4812,6612],[0,32]],[[8124,6644],[25,0]],[[8149,6644],[0,-64]],[[8149,6580],[-12,0],[0,-32]],[[8137,6548],[-13,0]],[[8124,6548],[0,96]],[[1612,6612],[13,0],[0,-64]],[[1625,6548],[-13,0],[0,64]],[[5387,6612],[25,0],[0,-64],[-25,0],[0,64]],[[6024,6709],[13,0]],[[6037,6709],[0,-32],[12,0]],[[6049,6677],[0,-33]],[[6037,6644],[0,-96]],[[6037,6548],[-13,0]],[[6024,6548],[0,32],[-12,0],[0,32],[12,0]],[[6024,6612],[0,97]],[[6412,6612],[12,0]],[[6474,6580],[0,-32]],[[6474,6548],[-62,0]],[[6412,6548],[0,64]],[[5662,6580],[12,0],[0,-32],[-12,0]],[[5662,6548],[0,32]],[[5749,6580],[0,-32]],[[5749,6548],[-12,0]],[[5737,6548],[0,32],[12,0]],[[5787,6580],[0,-32],[-25,0],[0,32]],[[5987,6580],[12,0]],[[5999,6580],[0,-32]],[[5999,6548],[-12,0]],[[5987,6548],[0,32]],[[6049,6580],[0,-32],[-12,0]],[[6037,6548],[0,32]],[[6062,6580],[12,0]],[[6074,6580],[0,-32],[-12,0],[0,32]],[[7124,6580],[13,0],[0,-32],[-13,0],[0,32]],[[7462,6580],[12,0],[0,-32],[-12,0],[0,32]],[[7574,6580],[13,0]],[[7587,6580],[0,-32]],[[7587,6548],[-13,0]],[[7574,6548],[0,32]],[[8049,6580],[13,0],[0,-32],[-13,0],[0,32]],[[8149,6580],[0,-32]],[[8149,6548],[-12,0]],[[8337,6580],[12,0],[0,-32],[-12,0]],[[8337,6548],[0,32]],[[8712,6580],[0,-32],[-13,0],[0,32],[13,0]],[[8912,6580],[12,0],[0,-32],[-12,0]],[[8912,6548],[0,32]],[[8162,6870],[12,0]],[[8174,6870],[0,-64],[-12,0],[0,-97],[12,0],[0,-32],[-12,0],[0,-33]],[[8162,6644],[-38,0]],[[8124,6644],[0,-129]],[[8124,6515],[-25,0]],[[8099,6515],[0,65],[-12,0],[0,-32],[-13,0]],[[8074,6548],[0,129]],[[8074,6677],[25,0]],[[8137,6709],[-13,0]],[[8137,6741],[0,65]],[[8637,7419],[25,0]],[[8674,7419],[13,0]],[[8724,7386],[0,-96]],[[8712,7225],[-38,0]],[[8687,7193],[0,-32]],[[8687,7064],[-38,0],[0,-32],[-25,0]],[[8624,7032],[0,32]],[[8612,7064],[0,-161],[-13,0]],[[8574,6870],[-37,0]],[[8599,6677],[0,-129]],[[8599,6548],[-25,0],[0,32],[-12,0],[0,-65],[-13,0],[0,129],[13,0],[0,33],[-13,0],[0,32],[-25,0]],[[8499,6741],[0,33]],[[8474,6838],[-12,0]],[[8462,6838],[0,65]],[[8449,6870],[-37,0]],[[8399,6870],[0,33]],[[8437,6967],[0,65]],[[8499,7161],[13,0]],[[8524,7128],[0,65]],[[8537,7225],[0,65]],[[8549,7290],[0,129]],[[8612,7354],[0,-32]],[[8612,7386],[0,33]],[[8649,7225],[-12,0]],[[8662,7193],[0,64]],[[8874,6612],[13,0]],[[8887,6580],[25,0]],[[8912,6548],[-25,0]],[[8887,6548],[0,-33]],[[8887,6515],[-13,0]],[[8874,6515],[0,97]],[[2137,6580],[13,0],[0,-65],[-13,0],[0,65]],[[5749,6580],[13,0]],[[5762,6580],[0,-65],[-13,0]],[[5749,6515],[0,65]],[[7412,6612],[12,0]],[[7424,6580],[13,0]],[[7437,6580],[0,-65],[-50,0],[0,65],[25,0],[0,32]],[[7487,6580],[12,0],[0,-65],[-12,0],[0,65]],[[7849,6999],[38,0]],[[7887,6999],[0,-129]],[[7862,6838],[-25,0],[0,-32],[-13,0],[0,32],[-37,0],[0,32],[-13,0]],[[7774,6870],[0,65],[-12,0],[0,-32],[-75,0],[0,-33],[-13,0],[0,33],[-25,0],[0,-33],[13,0],[0,-32],[12,0],[0,-32],[-62,0],[0,-32],[12,0],[0,-33],[-12,0],[0,-32],[37,0],[0,-65],[-25,0],[0,-32],[25,0],[0,-64],[-12,0],[0,32],[-25,0],[0,-32],[-13,0],[0,32]],[[7599,6580],[-25,0]],[[7574,6548],[-37,0]],[[7537,6548],[0,-33],[-13,0],[0,33],[-12,0],[0,32],[50,0],[0,64],[37,0]],[[7599,6644],[0,33],[-25,0],[0,32],[13,0],[0,32],[-25,0],[0,33],[-38,0],[0,-33],[-12,0],[0,-32],[12,0],[0,-32],[-25,0]],[[7499,6677],[0,32]],[[7399,6677],[-50,0]],[[7349,6677],[0,-33],[-12,0],[0,-32],[-50,0],[0,32],[-13,0],[0,33],[-25,0],[0,97],[13,0],[0,64],[-50,0]],[[7212,6838],[0,32],[37,0],[0,33],[38,0],[0,32],[125,0],[0,-32],[25,0],[0,32],[-13,0],[0,32],[-25,0],[0,32],[50,0],[0,33],[-12,0],[0,64],[12,0],[0,-32],[75,0],[0,-32],[13,0],[0,32],[12,0],[0,64],[13,0]],[[7662,7128],[0,65]],[[1625,6548],[12,0]],[[1637,6548],[0,-33],[-12,0],[0,33]],[[1887,6548],[13,0]],[[1900,6548],[0,-33]],[[1900,6515],[-13,0],[0,33]],[[5749,6548],[0,-33]],[[5749,6515],[-12,0],[0,33]],[[6024,6548],[0,-33],[-12,0],[0,33],[12,0]],[[6424,6548],[13,0]],[[6437,6548],[0,-33]],[[6437,6515],[-13,0]],[[6424,6515],[0,33]],[[6437,6548],[37,0]],[[6474,6548],[0,-33]],[[6474,6515],[-37,0]],[[6512,6548],[12,0],[0,-33],[-12,0],[0,33]],[[6812,6548],[12,0]],[[6824,6548],[0,-33]],[[6824,6515],[-12,0],[0,33]],[[6837,6548],[25,0]],[[6862,6548],[0,-33],[-25,0],[0,33]],[[7212,6548],[12,0]],[[7224,6548],[0,-33]],[[7224,6515],[-12,0],[0,33]],[[7224,6548],[25,0]],[[7249,6548],[0,-33]],[[7249,6515],[-25,0]],[[7274,6548],[13,0]],[[7287,6548],[0,-33]],[[7287,6515],[-13,0]],[[7274,6515],[0,33]],[[8099,6515],[-25,0]],[[8074,6515],[0,33]],[[8287,7032],[0,-65]],[[8287,6967],[50,0]],[[8337,6967],[0,32],[37,0]],[[8374,6999],[0,33]],[[8374,7032],[38,0]],[[8387,6903],[-25,0],[0,-33]],[[8362,6870],[-25,0]],[[8262,6806],[0,32]],[[8262,6774],[0,-65]],[[8262,6709],[-25,0],[0,-32],[-13,0],[0,32],[-12,0],[0,-32],[-25,0],[0,-33],[-13,0],[0,-64],[25,0],[0,-32],[-12,0],[0,-33]],[[8187,6515],[-63,0]],[[8124,6515],[0,33]],[[8124,6548],[25,0]],[[8149,6548],[0,96]],[[8149,6644],[13,0]],[[8174,6870],[38,0]],[[8212,6870],[0,97],[25,0],[0,32],[12,0],[0,33],[38,0]],[[8224,6870],[25,0]],[[8249,6870],[0,65]],[[8237,6548],[12,0],[0,-33]],[[8249,6515],[-12,0]],[[8237,6515],[0,33]],[[8312,6548],[12,0],[0,-33]],[[8324,6515],[-12,0]],[[8312,6515],[0,33]],[[8524,6548],[0,-33]],[[8524,6515],[-12,0]],[[8512,6515],[0,33]],[[8874,6548],[0,-33]],[[8874,6515],[-12,0]],[[8862,6515],[0,33],[12,0]],[[8899,6548],[13,0]],[[8912,6548],[0,-33],[-13,0],[0,33]],[[8337,6548],[-25,0]],[[8312,6515],[-38,0]],[[8274,6515],[0,-32]],[[8274,6483],[-12,0]],[[8262,6483],[0,32],[-13,0]],[[8237,6548],[0,64]],[[8237,6612],[25,0]],[[8262,6612],[0,32],[25,0],[0,-32],[12,0],[0,-32],[38,0]],[[5649,6580],[13,0]],[[5662,6548],[75,0]],[[5737,6548],[0,-65],[-13,0]],[[5724,6483],[0,32],[-12,0],[0,-32]],[[5712,6483],[-13,0]],[[5699,6483],[0,32],[-12,0],[0,-32]],[[5687,6483],[-13,0],[0,32],[-25,0],[0,65]],[[2112,6548],[0,-65],[-12,0]],[[2100,6483],[0,32],[-13,0]],[[2087,6515],[0,33],[25,0]],[[7187,6483],[-13,0],[0,65],[13,0],[0,32],[12,0],[0,-65],[-12,0],[0,-32]],[[7299,6483],[0,65],[13,0],[0,-33],[12,0],[0,-32],[-25,0]],[[1900,6515],[37,0],[0,-32]],[[1937,6483],[-37,0]],[[1900,6483],[0,32]],[[1962,6515],[13,0],[0,-32],[-13,0],[0,32]],[[2100,6483],[-13,0],[0,32]],[[5699,6483],[-12,0]],[[5724,6483],[-12,0]],[[5937,6580],[25,0]],[[5962,6580],[0,-65],[-25,0]],[[5937,6515],[0,-32]],[[5937,6483],[-50,0],[0,32],[12,0],[0,33],[38,0],[0,32]],[[5937,6515],[12,0],[0,-32],[-12,0]],[[6099,6483],[-12,0]],[[6087,6483],[0,32],[12,0],[0,-32]],[[6549,6515],[13,0],[0,-32],[-13,0],[0,32]],[[6787,6580],[0,-32],[-25,0],[0,-65]],[[6762,6483],[-38,0]],[[6724,6483],[0,32],[25,0],[0,65],[38,0]],[[7224,6515],[13,0]],[[7237,6515],[0,-32],[-13,0],[0,32]],[[7287,6515],[0,-32]],[[7287,6483],[-13,0]],[[7274,6483],[0,32]],[[8049,6483],[-12,0],[0,32],[12,0],[0,-32]],[[8074,6515],[0,-32],[-12,0]],[[8062,6483],[0,32],[12,0]],[[8262,6483],[-13,0]],[[8249,6483],[0,32]],[[8287,6515],[25,0]],[[8312,6515],[0,-32]],[[8312,6483],[-25,0]],[[8287,6483],[0,32]],[[8324,6515],[0,-32],[-12,0]],[[8512,6548],[0,-65]],[[8512,6483],[-25,0]],[[8487,6483],[0,32],[12,0],[0,33],[13,0]],[[8524,6515],[13,0],[0,-32],[-13,0],[0,32]],[[8599,6515],[0,-32]],[[8599,6483],[-12,0]],[[8587,6483],[0,32],[12,0]],[[8812,6483],[-13,0],[0,32],[13,0],[0,-32]],[[7337,6548],[25,0],[0,-33],[-13,0],[0,-64],[-12,0],[0,97]],[[4837,6515],[0,-64]],[[4837,6451],[-25,0]],[[4812,6451],[0,64],[25,0]],[[6149,6515],[38,0],[0,-64]],[[6187,6451],[-13,0],[0,32]],[[6174,6483],[-25,0]],[[6149,6483],[0,32]],[[6899,6515],[25,0]],[[6924,6515],[0,-32],[13,0],[0,-32]],[[6937,6451],[-25,0]],[[6912,6451],[0,32],[-13,0]],[[6899,6483],[0,32]],[[8074,6612],[0,-97]],[[8062,6483],[-13,0]],[[8049,6483],[0,-32],[-75,0]],[[7974,6451],[0,64]],[[7974,6515],[13,0],[0,-32],[12,0],[0,32],[25,0],[0,97],[13,0],[0,32],[12,0],[0,-32],[25,0]],[[8762,6515],[12,0],[0,-64]],[[8774,6451],[-12,0]],[[8762,6451],[0,64]],[[1687,6451],[-25,0]],[[1662,6451],[0,32],[25,0],[0,-32]],[[1900,6483],[25,0]],[[1925,6483],[0,-32]],[[1925,6451],[-25,0]],[[1900,6451],[0,32]],[[4812,6451],[-12,0],[0,32],[12,0],[0,-32]],[[4850,6483],[12,0],[0,-32],[-12,0],[0,32]],[[4875,6483],[12,0]],[[4887,6483],[0,-32]],[[4887,6451],[-12,0],[0,32]],[[5299,6677],[13,0],[0,-65]],[[5312,6580],[0,-65],[12,0],[0,-32],[-12,0],[0,-32]],[[5312,6451],[-25,0]],[[5287,6451],[0,32],[12,0],[0,65],[-12,0],[0,96]],[[5899,6483],[25,0],[0,-32],[-25,0],[0,32]],[[6087,6483],[25,0]],[[6112,6483],[0,-32]],[[6112,6451],[-25,0],[0,32]],[[6737,6483],[12,0]],[[6749,6483],[0,-32]],[[6749,6451],[-12,0]],[[6737,6451],[0,32]],[[6899,6483],[0,-32],[-12,0],[0,32],[12,0]],[[7074,6451],[-12,0],[0,32],[12,0],[0,-32]],[[7287,6483],[12,0]],[[7299,6483],[0,-32],[-12,0],[0,32]],[[7362,6483],[25,0],[0,-32],[-25,0],[0,32]],[[8487,6483],[12,0]],[[8499,6483],[0,-32]],[[8499,6451],[-12,0],[0,32]],[[8599,6548],[0,-33]],[[8587,6483],[-25,0],[0,-32],[-63,0]],[[8499,6483],[13,0]],[[8512,6483],[0,32]],[[8524,6515],[0,194]],[[8637,6483],[0,-32]],[[8637,6451],[-13,0],[0,32],[13,0]],[[8762,6483],[0,-32]],[[8762,6451],[-13,0]],[[8749,6451],[0,32],[13,0]],[[8812,6483],[25,0]],[[8837,6483],[0,-32]],[[8837,6451],[-25,0]],[[8812,6451],[0,32]],[[8837,6483],[12,0]],[[8849,6483],[0,-32]],[[8849,6451],[-12,0]],[[8849,6483],[13,0],[0,-32],[-13,0]],[[6024,6644],[0,-32]],[[6037,6548],[0,-65],[-13,0],[0,-32],[-12,0]],[[6012,6451],[0,-32]],[[6012,6419],[-13,0]],[[5999,6419],[0,161]],[[5987,6580],[0,32],[12,0]],[[5999,6612],[0,32]],[[5999,6548],[0,-129]],[[5999,6419],[-12,0]],[[5987,6419],[0,129]],[[1975,6774],[0,-65]],[[1987,6709],[0,-32]],[[2000,6644],[12,0]],[[2012,6612],[38,0]],[[2050,6612],[0,65]],[[2050,6677],[12,0]],[[2087,6580],[0,64]],[[2087,6644],[13,0]],[[2087,6515],[-25,0],[0,-32],[-12,0],[0,-32],[-13,0],[0,-32],[-12,0],[0,129],[-13,0],[0,-33],[-12,0],[0,-64],[-13,0]],[[1987,6451],[0,-32]],[[1987,6419],[-25,0]],[[1962,6419],[0,32]],[[1962,6451],[-37,0]],[[1925,6483],[12,0]],[[1900,6515],[0,129]],[[1900,6644],[37,0],[0,33],[25,0],[0,64],[-12,0],[0,33],[25,0]],[[6137,6483],[37,0]],[[6187,6451],[0,-32]],[[6187,6419],[-25,0],[0,32],[-13,0],[0,-32],[-12,0]],[[6137,6419],[0,64]],[[1675,6451],[0,-32]],[[1675,6419],[-25,0],[0,32],[25,0]],[[1912,6451],[25,0]],[[1937,6451],[0,-32]],[[1937,6419],[-25,0]],[[1912,6419],[0,32]],[[1937,6451],[13,0]],[[1950,6451],[0,-32]],[[1950,6419],[-13,0]],[[5312,6451],[0,-32]],[[5312,6419],[-25,0],[0,32]],[[5987,6419],[-13,0]],[[5974,6419],[0,32],[13,0],[0,-32]],[[6187,6451],[12,0],[0,-32],[-12,0]],[[7074,6451],[13,0],[0,-32],[-13,0],[0,32]],[[7462,6451],[12,0],[0,-32],[-12,0],[0,32]],[[8612,6451],[0,-32]],[[8612,6419],[-13,0]],[[8599,6419],[0,32],[13,0]],[[8612,6451],[25,0]],[[8637,6451],[0,-32]],[[8637,6419],[-25,0]],[[5312,6419],[0,-33]],[[5312,6386],[-75,0]],[[5237,6386],[0,33],[-13,0]],[[5224,6419],[0,96]],[[5224,6515],[13,0],[0,33],[-13,0],[0,32],[50,0],[0,-65],[-12,0],[0,-64],[25,0]],[[7424,6483],[13,0],[0,-97],[-13,0],[0,97]],[[1812,6451],[25,0],[0,-32],[-12,0],[0,-33],[-13,0],[0,65]],[[1950,6451],[12,0]],[[1962,6451],[0,-65]],[[1962,6386],[-12,0]],[[1950,6386],[0,65]],[[6512,6451],[12,0],[0,-32],[13,0],[0,-33],[-25,0],[0,65]],[[6737,6451],[25,0]],[[6762,6451],[0,-65],[-25,0]],[[6737,6386],[0,65]],[[6812,6386],[-25,0]],[[6787,6386],[0,65],[25,0],[0,-65]],[[8274,6709],[25,0]],[[8324,6644],[0,65],[13,0],[0,32],[12,0]],[[8349,6741],[0,-64]],[[8262,6612],[-13,0]],[[8237,6580],[0,-65]],[[8249,6483],[-87,0],[0,-64],[37,0],[0,-33]],[[8199,6386],[-50,0],[0,33],[-12,0],[0,32],[12,0],[0,32],[-25,0],[0,-32],[-25,0],[0,32],[13,0],[0,32]],[[8112,6515],[75,0]],[[8262,6709],[0,32]],[[1750,6419],[12,0],[0,-33],[-12,0],[0,33]],[[1962,6419],[13,0]],[[1975,6419],[0,-33]],[[1975,6386],[-13,0]],[[1962,6386],[0,33]],[[1975,6419],[12,0]],[[1987,6419],[0,-33]],[[1987,6386],[-12,0]],[[4775,6419],[12,0]],[[4787,6419],[0,-33]],[[4787,6386],[-12,0]],[[4775,6386],[0,33]],[[4887,6419],[0,-33]],[[4887,6386],[-12,0]],[[4875,6386],[0,33],[12,0]],[[4950,6419],[12,0],[0,-33]],[[4962,6386],[-12,0],[0,33]],[[5312,6419],[12,0],[0,-33],[-12,0]],[[5987,6419],[0,-33]],[[5987,6386],[-13,0],[0,33]],[[5999,6419],[0,-33],[-12,0]],[[6337,6419],[12,0],[0,-33],[-12,0],[0,33]],[[6687,6419],[12,0]],[[6699,6419],[0,-33]],[[6699,6386],[-12,0]],[[6687,6386],[0,33]],[[6912,6419],[12,0]],[[6924,6419],[0,-33]],[[6924,6386],[-12,0],[0,33]],[[6937,6419],[12,0],[0,-33],[-12,0],[0,33]],[[7312,6419],[12,0],[0,-33],[-12,0],[0,33]],[[7387,6419],[12,0],[0,-33],[-12,0],[0,33]],[[8662,6419],[12,0],[0,-33],[-12,0],[0,33]],[[7187,6483],[25,0],[0,-32],[12,0],[0,-32],[-12,0],[0,-65],[-13,0],[0,32],[-12,0],[0,97]],[[8249,6483],[0,-32],[25,0],[0,-65],[-25,0],[0,-32]],[[8249,6354],[-25,0],[0,32],[-25,0]],[[4775,6419],[0,-65]],[[4775,6354],[-13,0]],[[4762,6354],[0,65],[13,0]],[[4787,6419],[13,0],[0,-65],[-13,0]],[[4787,6354],[0,65]],[[8499,6419],[38,0],[0,-33],[-13,0],[0,-32],[-25,0],[0,65]],[[1962,6386],[25,0]],[[1987,6386],[0,-32]],[[1987,6354],[-25,0],[0,32]],[[1987,6386],[25,0]],[[2012,6386],[0,-32],[-25,0]],[[2062,6386],[0,-32]],[[2062,6354],[-12,0]],[[2050,6354],[0,32],[12,0]],[[2062,6386],[13,0]],[[2075,6386],[0,-32]],[[2075,6354],[-13,0]],[[2812,6386],[0,-32],[-12,0]],[[2800,6354],[0,32],[12,0]],[[4525,6386],[0,-32],[-13,0]],[[4512,6354],[0,32],[13,0]],[[4962,6386],[13,0],[0,-32],[-13,0]],[[4962,6354],[0,32]],[[5187,6386],[0,-32],[-13,0],[0,32],[13,0]],[[5337,6386],[12,0]],[[5349,6386],[0,-32]],[[5349,6354],[-12,0]],[[5337,6354],[0,32]],[[5349,6386],[25,0],[0,-32]],[[5374,6354],[-25,0]],[[5599,6386],[0,-32]],[[5599,6354],[-12,0],[0,32],[12,0]],[[6099,6386],[13,0],[0,-32],[-13,0],[0,32]],[[6699,6386],[0,-32]],[[6699,6354],[-12,0]],[[6687,6354],[0,32]],[[8287,6386],[25,0]],[[8312,6386],[0,-32]],[[8312,6354],[-25,0]],[[8287,6354],[0,32]],[[8312,6386],[12,0]],[[8324,6386],[0,-32]],[[8324,6354],[-12,0]],[[8712,6386],[25,0],[0,-32],[-25,0]],[[8712,6354],[0,32]],[[8874,6386],[13,0],[0,-32],[-13,0],[0,32]],[[6074,6580],[75,0]],[[6149,6580],[0,-97]],[[6149,6483],[-12,0]],[[6137,6483],[0,-32]],[[6137,6451],[-25,0]],[[6112,6483],[-13,0]],[[6087,6483],[-13,0],[0,-32],[-37,0],[0,-65],[12,0],[0,-32],[-12,0],[0,-32]],[[6037,6322],[-13,0],[0,32],[-12,0]],[[6012,6354],[0,97]],[[6974,6515],[-75,0]],[[6912,6451],[12,0]],[[6924,6451],[0,-32]],[[6924,6419],[-37,0]],[[6887,6419],[0,-65],[-25,0],[0,-32],[-25,0],[0,64],[-25,0]],[[6787,6386],[-13,0]],[[6774,6386],[0,-32],[-12,0],[0,-32]],[[6762,6322],[-13,0],[0,32]],[[6749,6354],[-50,0]],[[6699,6354],[0,97]],[[6699,6451],[13,0],[0,32]],[[6712,6483],[25,0]],[[6737,6483],[0,-97]],[[6762,6451],[-13,0]],[[6749,6483],[75,0]],[[6824,6483],[0,65]],[[6824,6548],[13,0]],[[6862,6548],[25,0]],[[6887,6548],[0,32],[12,0],[0,-32],[13,0],[0,32],[12,0],[0,32],[13,0],[0,32],[12,0],[0,65],[25,0],[0,32],[13,0],[0,-129],[-13,0],[0,-32],[13,0],[0,-32],[-13,0],[0,-33]],[[1925,6419],[25,0]],[[1950,6419],[0,-33]],[[1987,6354],[0,-32]],[[1987,6322],[-37,0],[0,32],[-25,0],[0,65]],[[6012,6419],[0,-97]],[[6012,6322],[-13,0],[0,32],[-12,0],[0,32]],[[8249,6354],[0,-32],[-37,0],[0,32],[-13,0],[0,32]],[[1700,6354],[12,0],[0,-32],[-12,0],[0,32]],[[4525,6386],[12,0],[0,-64],[-25,0],[0,32]],[[4950,6419],[-38,0],[0,-33],[-12,0],[0,-32],[-25,0],[0,-32],[-25,0]],[[4850,6322],[0,32],[12,0],[0,32]],[[4862,6386],[25,0]],[[4887,6386],[0,97]],[[4887,6483],[13,0]],[[4900,6483],[0,32],[12,0],[0,-32],[25,0],[0,-32],[13,0],[0,-32]],[[5337,6354],[0,-32]],[[5337,6322],[-13,0],[0,32],[13,0]],[[5349,6354],[0,-32]],[[5349,6322],[-12,0]],[[5349,6354],[13,0]],[[5362,6354],[0,-32]],[[5362,6322],[-13,0]],[[5362,6354],[12,0]],[[5374,6354],[0,-32]],[[5374,6322],[-12,0]],[[5412,6354],[12,0],[0,-32]],[[5424,6322],[-12,0],[0,32]],[[5562,6354],[0,-32],[-13,0]],[[5549,6322],[0,32],[13,0]],[[5637,6354],[12,0],[0,-32],[-12,0]],[[5637,6322],[0,32]],[[5962,6354],[12,0],[0,-32],[-12,0]],[[5962,6322],[0,32]],[[6774,6386],[38,0]],[[6812,6386],[0,-32],[-25,0],[0,-32]],[[6787,6322],[-25,0]],[[6912,6354],[12,0]],[[6924,6354],[0,-32]],[[6924,6322],[-12,0]],[[6912,6322],[0,32]],[[7024,6354],[13,0],[0,-32],[-13,0],[0,32]],[[7237,6354],[12,0],[0,-32],[-12,0],[0,32]],[[5199,6354],[25,0],[0,-32],[13,0],[0,-32],[-38,0],[0,64]],[[1775,6322],[12,0],[0,-32],[-12,0],[0,32]],[[1987,6322],[13,0],[0,-32],[-13,0]],[[1987,6290],[0,32]],[[2012,6322],[13,0],[0,-32],[-13,0],[0,32]],[[4737,6290],[-12,0]],[[4725,6290],[0,32],[12,0],[0,-32]],[[4850,6322],[0,-32],[-13,0]],[[4837,6290],[0,32],[13,0]],[[5349,6322],[0,-32],[-12,0]],[[5337,6290],[0,32]],[[5387,6290],[0,32],[12,0],[0,-32],[-12,0]],[[5424,6322],[13,0],[0,-32]],[[5437,6290],[-13,0]],[[5424,6290],[0,32]],[[5599,6322],[38,0]],[[5637,6322],[0,-32]],[[5637,6290],[-38,0]],[[5599,6290],[0,32]],[[5637,6322],[25,0]],[[5662,6322],[0,-32]],[[5662,6290],[-25,0]],[[5687,6322],[12,0],[0,-32],[-12,0]],[[5687,6290],[0,32]],[[6762,6322],[12,0]],[[6774,6322],[0,-32],[-12,0],[0,32]],[[6924,6322],[0,-32]],[[6924,6290],[-12,0]],[[6912,6290],[0,32]],[[7887,6322],[12,0]],[[7899,6322],[0,-32]],[[7899,6290],[-12,0],[0,32]],[[8099,6322],[25,0]],[[8124,6322],[0,-32]],[[8124,6290],[-25,0]],[[8099,6290],[0,32]],[[8162,6322],[25,0],[0,-32],[-25,0],[0,32]],[[8324,6354],[0,-64]],[[8324,6290],[-25,0]],[[8299,6290],[0,32],[13,0],[0,32]],[[8612,6322],[0,-32],[-13,0],[0,32],[13,0]],[[5274,6386],[25,0]],[[5299,6386],[0,-32],[13,0],[0,-32],[-13,0],[0,-65]],[[5299,6257],[-12,0]],[[5287,6257],[0,33],[-13,0],[0,96]],[[5299,6386],[38,0]],[[5337,6290],[-13,0],[0,-33]],[[5324,6257],[-25,0]],[[5574,6322],[25,0]],[[5599,6322],[0,-65]],[[5599,6257],[-25,0]],[[5574,6257],[0,65]],[[6037,6322],[25,0],[0,-32],[-13,0],[0,-33]],[[6049,6257],[-12,0],[0,65]],[[6462,6322],[12,0],[0,-32],[13,0],[0,-33],[-25,0],[0,65]],[[1987,6290],[0,-33],[-25,0],[0,33],[25,0]],[[4750,6290],[25,0],[0,-33],[-25,0],[0,33]],[[4962,6386],[0,-96]],[[4962,6290],[-50,0],[0,-33]],[[4912,6257],[-12,0]],[[4900,6257],[0,33]],[[4900,6290],[-38,0],[0,-33],[-25,0],[0,33]],[[5162,6290],[12,0],[0,-33],[-12,0],[0,33]],[[5387,6290],[0,-33]],[[5387,6257],[-13,0],[0,33],[13,0]],[[5599,6290],[13,0]],[[5612,6290],[0,-33]],[[5612,6257],[-13,0]],[[5599,6257],[0,33]],[[5862,6290],[0,-33]],[[5862,6257],[-25,0],[0,33],[25,0]],[[7074,6290],[13,0],[0,-33],[-13,0],[0,33]],[[7187,6290],[12,0],[0,-33],[-12,0],[0,33]],[[8012,6290],[25,0],[0,-33]],[[8037,6257],[-25,0]],[[8012,6257],[0,33]],[[8299,6290],[0,-33]],[[8299,6257],[-12,0]],[[8287,6257],[0,33],[12,0]],[[7974,6483],[0,-32]],[[8062,6483],[0,-32],[12,0],[0,-32],[13,0],[0,-33],[-38,0],[0,-32],[13,0],[0,-32]],[[8062,6322],[37,0]],[[8099,6290],[13,0]],[[8112,6290],[0,-65]],[[8112,6225],[-13,0]],[[8099,6225],[0,32]],[[8099,6257],[-62,0]],[[8012,6290],[0,32]],[[8012,6322],[-63,0],[0,32]],[[7949,6354],[-25,0]],[[7924,6354],[0,32],[-12,0],[0,33],[-13,0],[0,32],[13,0],[0,32],[37,0],[0,32],[13,0],[0,-32],[12,0]],[[1725,7193],[0,-32]],[[1887,6967],[0,-32]],[[1887,6935],[-12,0]],[[1900,6741],[0,33]],[[1912,6806],[13,0]],[[1962,6935],[-25,0]],[[1912,6967],[0,65]],[[1912,7032],[13,0]],[[1962,7064],[25,0]],[[1987,7096],[13,0],[0,65]],[[2000,7161],[25,0]],[[2037,7161],[25,0],[0,-33],[13,0],[0,33],[12,0],[0,-33],[13,0],[0,-32],[-63,0],[0,-32],[25,0],[0,-32],[13,0],[0,-33]],[[2075,6999],[-38,0]],[[2025,6935],[-25,0]],[[2000,6935],[0,-65]],[[1900,6644],[0,-96]],[[1900,6548],[-88,0]],[[1812,6548],[0,-65],[38,0],[0,32],[12,0],[0,-96],[-12,0],[0,-33],[12,0],[0,-32],[25,0],[0,-64],[-25,0],[0,-65]],[[1862,6225],[-25,0],[0,32],[-25,0],[0,65]],[[1812,6322],[13,0],[0,32],[-25,0],[0,32],[-13,0],[0,33],[-12,0],[0,32],[-13,0],[0,64],[-37,0],[0,33],[12,0],[0,32]],[[1737,6580],[-25,0]],[[1700,6612],[0,65]],[[1712,6709],[-25,0]],[[1687,6709],[0,97]],[[1675,7161],[0,-33]],[[1675,7128],[12,0]],[[1712,7096],[0,97]],[[5599,6386],[25,0],[0,-32],[13,0]],[[5637,6322],[-63,0]],[[5574,6257],[-12,0],[0,-32]],[[5562,6225],[-13,0]],[[5549,6225],[0,97]],[[5562,6354],[37,0]],[[4962,6290],[0,-33],[-25,0],[0,-32],[-12,0],[0,32],[-13,0]],[[1750,6257],[12,0]],[[1762,6257],[0,-32],[-12,0],[0,32]],[[2125,6257],[0,-32],[-13,0]],[[2112,6225],[0,32],[13,0]],[[4912,6257],[0,-32]],[[4912,6225],[-12,0]],[[4900,6225],[0,32]],[[5387,6257],[12,0],[0,-32],[-12,0],[0,32]],[[5449,6257],[38,0],[0,-32],[-38,0]],[[5449,6225],[0,32]],[[5574,6257],[0,-32]],[[5574,6225],[-12,0]],[[5774,6257],[25,0],[0,-32],[-25,0]],[[5774,6225],[0,32]],[[5824,6257],[0,-32],[-12,0]],[[5812,6225],[0,32],[12,0]],[[8287,6257],[0,-32]],[[8287,6225],[-13,0]],[[8274,6225],[0,32],[13,0]],[[8299,6257],[0,-32]],[[8299,6225],[-12,0]],[[8649,6257],[13,0]],[[8662,6257],[0,-32],[-13,0],[0,32]],[[6112,6451],[0,-32],[-25,0],[0,-97],[12,0],[0,-32],[25,0],[0,-33],[25,0],[0,-32],[13,0],[0,-32],[-38,0],[0,32],[-50,0],[0,32],[-25,0]],[[8274,6515],[13,0]],[[8287,6483],[62,0],[0,-64],[13,0],[0,-65],[12,0],[0,-32],[13,0],[0,-65]],[[8387,6257],[-50,0]],[[8337,6257],[0,-64]],[[8337,6193],[-13,0],[0,64],[-12,0],[0,33]],[[8312,6290],[12,0]],[[8324,6290],[0,96]],[[8324,6386],[-37,0]],[[8287,6354],[-38,0]],[[8249,6483],[25,0]],[[6787,6257],[37,0],[0,-32],[13,0],[0,-32],[-50,0],[0,64]],[[8387,6257],[0,-64],[-25,0]],[[8362,6193],[0,32]],[[8362,6225],[-25,0]],[[8337,6225],[0,32]],[[1787,6225],[13,0],[0,-32],[-13,0],[0,32]],[[5912,6225],[12,0],[0,-32],[-12,0],[0,32]],[[6499,6225],[13,0],[0,-32],[-13,0],[0,32]],[[7112,6225],[12,0]],[[7124,6225],[0,-32],[-12,0]],[[7112,6193],[0,32]],[[8337,6225],[12,0]],[[8349,6225],[0,-32],[-12,0]],[[8337,6193],[0,32]],[[4725,6161],[-13,0]],[[4712,6161],[0,96],[13,0],[0,-96]],[[5662,6322],[25,0]],[[5687,6290],[62,0],[0,-33],[-62,0]],[[5687,6257],[0,-96],[-13,0],[0,32],[-12,0],[0,-32],[-25,0],[0,96],[12,0],[0,33]],[[5649,6290],[13,0]],[[7937,6161],[0,96],[12,0],[0,-32],[13,0],[0,-32],[-13,0],[0,-32],[-12,0]],[[2112,6225],[0,-32],[13,0],[0,-32],[-25,0],[0,64],[12,0]],[[5874,6161],[-12,0],[0,64],[12,0],[0,-64]],[[6174,6193],[13,0],[0,-32],[-13,0],[0,32]],[[6849,6193],[13,0],[0,-32],[-13,0],[0,32]],[[8074,6193],[0,-32]],[[8074,6161],[-12,0]],[[8062,6161],[0,32],[12,0]],[[8937,6806],[0,-65],[-13,0],[0,-97],[-12,0],[0,-32]],[[8912,6612],[-38,0]],[[8874,6612],[0,-64]],[[8862,6515],[25,0]],[[8887,6548],[12,0]],[[8899,6548],[0,-65],[-87,0]],[[8812,6451],[-13,0],[0,-32],[-12,0],[0,-33],[-75,0]],[[8712,6354],[-13,0],[0,-32],[-37,0],[0,-65]],[[8649,6257],[0,-96],[-37,0],[0,32],[12,0],[0,32],[-12,0],[0,97]],[[8612,6322],[-50,0],[0,32],[12,0],[0,32],[13,0],[0,97]],[[8599,6483],[0,-64]],[[8599,6419],[38,0]],[[8637,6419],[0,64]],[[8637,6483],[12,0],[0,32],[25,0],[0,33],[13,0],[0,64],[25,0],[0,-32]],[[8712,6580],[62,0],[0,32],[13,0],[0,97],[37,0],[0,-32],[13,0],[0,97],[12,0],[0,-65]],[[8862,6709],[0,65],[25,0]],[[8874,6806],[0,64]],[[8924,6935],[0,64],[13,0],[0,-129]],[[8762,6515],[0,-32]],[[8749,6451],[25,0]],[[4787,7128],[0,-64]],[[4800,7096],[12,0]],[[4825,7096],[12,0]],[[4837,7128],[75,0]],[[4912,7128],[0,-96]],[[4925,7032],[0,-33]],[[4925,6999],[-38,0]],[[4887,6967],[0,-64]],[[4912,6806],[38,0]],[[4950,6838],[25,0]],[[4975,6806],[37,0],[0,-65],[-50,0]],[[4925,6709],[0,-65]],[[4912,6612],[-62,0]],[[4862,6580],[0,-32],[100,0],[0,32],[38,0],[0,32],[24,0],[0,32],[75,0],[0,33],[38,0]],[[5137,6644],[25,0],[0,33],[50,0]],[[5224,6677],[50,0]],[[5224,6515],[0,-64]],[[5224,6451],[-12,0],[0,-32],[-13,0],[0,-33],[-12,0]],[[5187,6386],[0,33],[-50,0],[0,-65],[-13,0],[0,-32],[-12,0],[0,-32],[-13,0],[0,-33],[-12,0],[0,97],[-75,0],[0,-32],[-25,0],[0,-32],[-25,0]],[[4962,6290],[0,64]],[[4900,6483],[-25,0]],[[4887,6451],[0,-32]],[[4875,6386],[-13,0]],[[4837,6290],[-12,0],[0,-33],[-25,0],[0,-32]],[[4800,6225],[-13,0]],[[4787,6225],[0,-32]],[[4787,6193],[-25,0],[0,32],[-12,0],[0,-97]],[[4750,6128],[-13,0],[0,33],[-12,0]],[[4725,6161],[0,129]],[[4737,6290],[0,64],[13,0],[0,32],[12,0],[0,-32]],[[4775,6354],[0,32]],[[4787,6386],[0,-32]],[[4787,6419],[0,32],[50,0]],[[4837,6515],[-12,0],[0,33]],[[4837,6548],[0,129]],[[4837,6677],[13,0]],[[4825,6677],[-13,0]],[[4812,6644],[-62,0]],[[4750,6644],[0,130]],[[4737,6774],[0,96],[13,0],[0,65]],[[4750,6967],[0,65],[-13,0],[0,96],[50,0]],[[4800,6999],[0,-32]],[[4850,6999],[-50,0]],[[4787,6741],[-12,0]],[[4800,6709],[0,65]],[[5437,6290],[0,-33],[12,0]],[[5449,6225],[63,0],[0,-32],[37,0],[0,32]],[[5549,6225],[25,0]],[[5574,6225],[0,-32]],[[5574,6193],[13,0],[0,-32],[-13,0],[0,-33],[-50,0],[0,33]],[[5524,6161],[-37,0]],[[5487,6161],[0,32],[-50,0],[0,32],[-13,0]],[[5424,6225],[0,65]],[[4900,6290],[0,-65]],[[4900,6225],[-13,0]],[[4887,6225],[0,-32],[-25,0],[0,-32],[-12,0],[0,-33]],[[4850,6128],[-25,0]],[[4825,6128],[0,65],[-13,0]],[[4812,6193],[0,32]],[[4812,6225],[-12,0]],[[4787,6193],[0,-32]],[[4787,6161],[-25,0],[0,-33],[-12,0]],[[5374,6354],[38,0]],[[5424,6322],[0,-97]],[[5487,6161],[-88,0]],[[5399,6161],[0,-33],[-12,0],[0,33],[-50,0]],[[5337,6161],[0,64],[12,0],[0,32],[-12,0],[0,33]],[[5349,6322],[25,0]],[[8099,6193],[0,32]],[[8099,6225],[38,0]],[[8137,6225],[0,-32],[12,0],[0,64],[25,0],[0,-32],[13,0],[0,-32],[12,0],[0,-32],[-25,0],[0,-33],[-25,0],[0,33],[-25,0],[0,-33],[-12,0],[0,33],[-25,0],[0,32],[12,0]],[[2187,6161],[13,0],[0,-33],[-13,0],[0,33]],[[2512,6161],[13,0],[0,-33]],[[2525,6128],[-13,0]],[[2512,6128],[0,33]],[[4825,6128],[-25,0]],[[4800,6128],[0,33],[12,0]],[[4812,6161],[0,32]],[[6337,6161],[50,0]],[[6387,6161],[0,-33],[-50,0]],[[6337,6128],[0,33]],[[7162,6161],[12,0]],[[7174,6161],[0,-33]],[[7174,6128],[-12,0]],[[7162,6128],[0,33]],[[7249,6161],[13,0],[0,-33]],[[7262,6128],[-13,0]],[[7249,6128],[0,33]],[[8212,6161],[25,0],[0,-33],[-25,0],[0,33]],[[8399,6161],[13,0],[0,-33],[-13,0],[0,33]],[[2450,6193],[0,-65]],[[2450,6128],[-25,0]],[[2425,6128],[0,-32]],[[2425,6096],[-13,0],[0,65]],[[2412,6161],[13,0],[0,32],[25,0]],[[4725,6161],[0,-65]],[[4725,6096],[-13,0]],[[4712,6096],[0,65]],[[4750,6128],[0,-32]],[[4750,6096],[-25,0]],[[6087,6161],[37,0],[0,-33],[-12,0],[0,-32],[-13,0],[0,32],[-12,0],[0,33]],[[6224,6161],[38,0],[0,-33],[-13,0],[0,-32]],[[6249,6096],[-25,0],[0,65]],[[8049,6161],[25,0]],[[8074,6161],[0,-33]],[[8074,6128],[-37,0],[0,-32],[-13,0],[0,32],[-25,0],[0,33],[13,0],[0,32],[37,0],[0,-32]],[[1775,6128],[12,0],[0,-32]],[[1787,6096],[-12,0],[0,32]],[[1862,6128],[13,0]],[[1875,6128],[0,-32],[-13,0]],[[1862,6096],[0,32]],[[2425,6128],[12,0]],[[2437,6128],[0,-32]],[[2437,6096],[-12,0]],[[2437,6128],[13,0]],[[2450,6128],[0,-32]],[[2450,6096],[-13,0]],[[2500,6128],[25,0]],[[2525,6128],[0,-32]],[[2525,6096],[-25,0]],[[2500,6096],[0,32]],[[4637,6096],[-25,0]],[[4612,6096],[0,32],[25,0],[0,-32]],[[4712,6096],[-12,0],[0,32],[12,0],[0,-32]],[[4800,6128],[0,-32]],[[4800,6096],[-13,0]],[[4787,6096],[0,32],[13,0]],[[6337,6128],[12,0],[0,-32]],[[6349,6096],[-12,0]],[[6337,6096],[0,32]],[[6712,6128],[12,0],[0,-32],[-12,0],[0,32]],[[7249,6128],[25,0]],[[7274,6128],[0,-32]],[[7274,6096],[-25,0]],[[7249,6096],[0,32]],[[7899,6096],[-12,0],[0,32],[12,0],[0,-32]],[[6424,6451],[0,64]],[[6424,6515],[50,0]],[[6474,6548],[25,0],[0,32],[63,0],[0,32],[12,0],[0,-97],[13,0],[0,-32],[-13,0],[0,-97],[13,0],[0,-32],[25,0],[0,-32],[12,0],[0,-32],[13,0],[0,-65],[37,0],[0,-161],[-12,0],[0,32],[-50,0],[0,97],[-25,0],[0,97],[-50,0],[0,-65],[-13,0],[0,65],[-12,0],[0,32],[-13,0],[0,32],[-12,0],[0,32],[-25,0],[0,33],[-13,0],[0,32],[-25,0]],[[2100,6483],[0,-32],[12,0],[0,-32],[13,0],[0,-33],[-25,0],[0,33],[-38,0],[0,-33]],[[2050,6354],[25,0]],[[2075,6386],[12,0]],[[2087,6386],[0,-64],[13,0],[0,-32],[12,0],[0,64],[13,0],[0,-32],[12,0],[0,-32],[-12,0],[0,-33]],[[2125,6257],[12,0],[0,-64],[13,0],[0,32],[12,0],[0,-64],[-12,0],[0,-33],[-13,0],[0,-64],[-12,0],[0,32],[-13,0],[0,32],[-50,0],[0,33],[25,0],[0,32],[-12,0],[0,64],[-13,0],[0,33],[-25,0],[0,64],[-12,0],[0,32]],[[2025,6386],[-38,0]],[[1987,6386],[0,65]],[[7137,6161],[12,0]],[[7149,6161],[0,-97]],[[7149,6064],[-12,0]],[[7137,6064],[0,97]],[[2462,6128],[13,0]],[[2475,6128],[0,-64],[-13,0],[0,64]],[[2300,6064],[0,32],[12,0],[0,-32],[-12,0]],[[2500,6096],[0,-32],[-13,0],[0,32],[13,0]],[[2525,6128],[12,0],[0,-64],[-25,0],[0,32],[13,0]],[[4500,6096],[0,-32],[-13,0]],[[4487,6064],[0,32],[13,0]],[[5437,6096],[12,0]],[[5449,6096],[0,-32],[-12,0]],[[5437,6064],[0,32]],[[5587,6096],[12,0],[0,-32],[-12,0],[0,32]],[[6349,6096],[0,-32]],[[6349,6064],[-12,0]],[[6337,6064],[0,32]],[[7237,6096],[12,0]],[[7249,6096],[0,-32],[-12,0]],[[7237,6064],[0,32]],[[7299,6096],[25,0]],[[7324,6096],[0,-32]],[[7324,6064],[-25,0]],[[7299,6064],[0,32]],[[7649,6064],[-12,0]],[[7637,6064],[0,32],[12,0],[0,-32]],[[7937,6161],[0,-97],[-38,0],[0,32]],[[7899,6096],[13,0],[0,65],[-13,0],[0,64],[25,0],[0,-64],[13,0]],[[8099,6096],[13,0]],[[8112,6096],[0,-32]],[[8112,6064],[-13,0]],[[8099,6064],[0,32]],[[8112,6096],[25,0]],[[8137,6096],[0,-32]],[[8137,6064],[-25,0]],[[8224,6096],[13,0]],[[8237,6096],[0,-32],[-13,0],[0,32]],[[7149,6161],[13,0]],[[7162,6161],[0,-129]],[[7162,6032],[-13,0]],[[7149,6032],[0,129]],[[7174,6128],[0,-96]],[[7174,6032],[-12,0]],[[7162,6032],[0,96]],[[5424,6096],[13,0]],[[5437,6096],[0,-64]],[[5437,6032],[-13,0]],[[5424,6032],[0,64]],[[5912,6096],[12,0],[0,-64]],[[5924,6032],[-12,0],[0,64]],[[6737,6096],[12,0],[0,-64],[-12,0],[0,64]],[[7274,6096],[25,0]],[[7299,6064],[13,0]],[[7312,6064],[0,-32]],[[7312,6032],[-25,0]],[[7287,6032],[0,32],[-13,0],[0,32]],[[8212,6096],[12,0]],[[8237,6096],[12,0]],[[8249,6096],[0,-64]],[[8249,6032],[-37,0]],[[8212,6032],[0,64]],[[2300,6064],[0,-32],[-13,0],[0,32],[13,0]],[[2775,6032],[-13,0]],[[2762,6032],[0,32],[13,0],[0,-32]],[[4500,6096],[12,0],[0,-64]],[[4512,6032],[-25,0]],[[4487,6032],[0,32]],[[6037,6032],[0,32],[12,0],[0,-32],[-12,0]],[[6399,6064],[13,0]],[[6412,6064],[0,-32],[-13,0],[0,32]],[[7149,6064],[0,-32]],[[7149,6032],[-12,0]],[[7137,6032],[0,32]],[[8124,6064],[13,0]],[[8137,6064],[0,-32]],[[8137,6032],[-13,0],[0,32]],[[5999,6096],[0,-32],[-12,0],[0,-65]],[[5987,5999],[-13,0]],[[5974,5999],[0,33],[-12,0],[0,-33]],[[5962,5999],[-25,0]],[[5937,5999],[0,33],[-13,0]],[[5912,6096],[0,32],[12,0],[0,33],[38,0],[0,-65],[37,0]],[[6874,6128],[13,0],[0,-32],[12,0],[0,-32],[13,0],[0,-32]],[[6912,6032],[-25,0]],[[6887,6032],[0,-33],[-13,0]],[[6874,5999],[0,129]],[[4787,6225],[25,0]],[[4812,6225],[0,-64]],[[4787,6096],[-12,0]],[[4775,6096],[0,-32]],[[4775,6064],[-38,0]],[[4737,6064],[0,-32],[-12,0],[0,-33]],[[4725,5999],[-25,0]],[[4700,5999],[0,33]],[[4700,6032],[-13,0]],[[4687,6032],[0,64],[63,0]],[[4787,6161],[0,64]],[[4550,6064],[0,-65],[-13,0]],[[4537,5999],[0,33]],[[4537,6032],[-12,0],[0,32],[25,0]],[[4637,6096],[0,-32],[-12,0],[0,-65]],[[4625,5999],[-25,0]],[[4600,5999],[0,65],[12,0],[0,32]],[[7624,6064],[13,0]],[[7637,6064],[0,-65]],[[7637,5999],[-13,0]],[[7624,5999],[0,65]],[[7649,6064],[0,-65]],[[7649,5999],[-12,0]],[[1812,6032],[13,0],[0,-33]],[[1825,5999],[-13,0],[0,33]],[[4512,6032],[0,-33]],[[4512,5999],[-25,0]],[[4487,5999],[0,33]],[[4512,6032],[25,0]],[[4537,5999],[-25,0]],[[4575,5999],[-13,0]],[[4562,5999],[0,33],[13,0],[0,-33]],[[4600,5999],[-13,0],[0,33],[13,0],[0,-33]],[[5937,5999],[-13,0],[0,33]],[[5974,5999],[-12,0]],[[6237,5999],[-13,0],[0,33],[13,0],[0,-33]],[[6262,5999],[0,33],[12,0],[0,-33],[-12,0]],[[7162,6032],[0,-33]],[[7162,5999],[-13,0]],[[7149,5999],[0,33]],[[7174,6032],[13,0],[0,-33],[-13,0],[0,33]],[[8187,6032],[12,0]],[[8199,6032],[0,-33]],[[8199,5999],[-12,0],[0,33]],[[8199,6032],[13,0]],[[8212,6032],[0,-33]],[[8212,5999],[-13,0]],[[8212,6032],[12,0]],[[8224,6032],[0,-33]],[[8224,5999],[-12,0]],[[8349,6225],[13,0]],[[8362,6193],[37,0],[0,-129],[-12,0],[0,-65],[-25,0]],[[8362,5999],[0,33],[12,0],[0,64],[13,0],[0,65],[-25,0],[0,-33],[-25,0],[0,65]],[[6012,6322],[0,32]],[[6049,6257],[0,-32],[-12,0],[0,-64],[12,0],[0,32],[25,0],[0,-65],[-75,0],[0,-32]],[[5912,6096],[-13,0],[0,65],[-25,0]],[[5874,6161],[0,-65],[-12,0],[0,-129],[-13,0],[0,194],[-25,0],[0,32],[-12,0],[0,32]],[[5824,6257],[38,0]],[[5862,6290],[25,0],[0,-33],[62,0],[0,33],[13,0],[0,32]],[[5962,6354],[0,32],[25,0]],[[5337,6161],[0,-65],[62,0],[0,-32],[-12,0],[0,-32],[-13,0],[0,-65],[-12,0],[0,65],[-13,0],[0,32],[-12,0],[0,-32],[-13,0],[0,32],[-12,0],[0,-32],[-13,0],[0,-33],[-25,0],[0,129],[-12,0],[0,33],[75,0]],[[4550,6064],[12,0],[0,-65]],[[4575,5999],[0,-32],[-25,0],[0,97]],[[4700,6032],[0,-65]],[[4700,5967],[-13,0],[0,32],[-12,0]],[[4675,5999],[0,65],[12,0],[0,-32]],[[5999,6096],[13,0],[0,-32],[12,0],[0,-32],[13,0]],[[6037,6032],[0,-65],[-25,0]],[[6012,5967],[0,32],[-25,0]],[[7599,6032],[25,0]],[[7624,6032],[0,-65]],[[7624,5967],[-12,0]],[[7612,5967],[0,32]],[[7612,5999],[-13,0],[0,33]],[[8137,6032],[12,0]],[[8149,6032],[0,-65]],[[8149,5967],[-12,0]],[[8137,5967],[0,65]],[[1875,5967],[0,32],[12,0],[0,-32],[-12,0]],[[1925,5999],[0,-32],[-13,0],[0,32],[13,0]],[[2300,5999],[12,0],[0,-32],[-12,0]],[[2300,5967],[0,32]],[[4487,5999],[13,0]],[[4500,5999],[0,-32]],[[4500,5967],[-13,0],[0,32]],[[4500,5999],[12,0]],[[4512,5999],[0,-32],[-12,0]],[[5987,5999],[0,-32]],[[5987,5967],[-13,0]],[[5974,5967],[0,32]],[[6012,5967],[-25,0]],[[6062,5999],[12,0],[0,-32],[-12,0],[0,32]],[[6249,5999],[13,0]],[[6262,5999],[0,-32],[-13,0],[0,32]],[[6912,5967],[-13,0],[0,32],[13,0],[0,-32]],[[7162,5999],[0,-32]],[[7162,5967],[-13,0]],[[7149,5967],[0,32]],[[7212,5967],[-13,0],[0,32],[13,0],[0,-32]],[[7962,5967],[0,32],[12,0],[0,-32],[-12,0]],[[8149,5999],[13,0],[0,-32],[-13,0]],[[8149,5967],[0,32]],[[8199,5999],[25,0]],[[8224,5999],[0,-32]],[[8224,5967],[-25,0]],[[8199,5967],[0,32]],[[8362,5999],[0,-32]],[[8362,5967],[-13,0],[0,32],[13,0]],[[5012,6225],[12,0],[0,-64],[-12,0],[0,-33],[50,0],[0,33],[37,0],[0,-33],[13,0],[0,-96],[12,0],[0,-33],[-12,0],[0,-32],[-13,0],[0,32],[-50,0],[0,-64],[-12,0],[0,32],[-50,0],[0,97],[13,0],[0,129],[12,0],[0,32]],[[7649,6064],[25,0],[0,-32],[13,0],[0,-33]],[[7687,5999],[25,0]],[[7712,5999],[0,-32],[-13,0],[0,-32]],[[7699,5935],[-12,0],[0,32],[-13,0],[0,32]],[[7674,5999],[-25,0]],[[4737,6064],[25,0]],[[4762,6064],[0,-97],[-12,0],[0,-32],[-13,0],[0,32],[-25,0],[0,32]],[[4712,5999],[13,0]],[[5962,5999],[0,-32],[-13,0],[0,-32]],[[5949,5935],[-12,0],[0,64]],[[2762,5967],[25,0],[0,-32]],[[2787,5935],[-25,0]],[[2762,5935],[0,32]],[[4637,5967],[0,-32],[-25,0]],[[4612,5935],[0,32],[25,0]],[[5987,5967],[0,-32],[-13,0],[0,32]],[[7137,5967],[0,-32]],[[7137,5935],[-25,0]],[[7112,5935],[0,32],[25,0]],[[7162,5967],[12,0],[0,-32]],[[7174,5935],[-12,0],[0,32]],[[7212,5967],[12,0],[0,-32]],[[7224,5935],[-12,0],[0,32]],[[7462,5967],[12,0]],[[7474,5967],[0,-32]],[[7474,5935],[-12,0]],[[7462,5935],[0,32]],[[7587,6032],[12,0]],[[7612,5999],[0,-64]],[[7612,5935],[-138,0]],[[7474,5967],[13,0]],[[7487,5967],[0,32],[62,0],[0,-32],[13,0],[0,32],[25,0],[0,33]],[[7662,5967],[0,-32]],[[7662,5935],[-13,0]],[[7649,5935],[0,32],[13,0]],[[7299,5903],[-37,0],[0,32],[-13,0],[0,97],[13,0],[0,-65],[12,0],[0,-32],[25,0],[0,-32]],[[7137,5999],[12,0]],[[7149,5999],[0,-96]],[[7149,5903],[-12,0]],[[7137,5903],[0,96]],[[2300,5967],[0,-64]],[[2300,5903],[-13,0],[0,64],[13,0]],[[6012,5967],[0,-32],[-13,0],[0,-32]],[[5999,5903],[-12,0],[0,64]],[[7762,5903],[0,64],[12,0],[0,-64],[-12,0]],[[8187,5967],[12,0]],[[8199,5967],[0,-64]],[[8199,5903],[-12,0]],[[8187,5903],[0,64]],[[1912,5903],[-12,0]],[[1900,5903],[0,32],[12,0],[0,-32]],[[2775,5935],[12,0]],[[2787,5935],[0,-32]],[[2787,5903],[-12,0],[0,32]],[[5599,5935],[13,0],[0,-32],[-13,0],[0,32]],[[6574,5935],[0,-32]],[[6574,5903],[-12,0]],[[6562,5903],[0,32],[12,0]],[[7174,5935],[25,0],[0,-32]],[[7199,5903],[-25,0]],[[7174,5903],[0,32]],[[7487,5935],[12,0]],[[7499,5935],[0,-32],[-12,0]],[[7487,5903],[0,32]],[[8137,5967],[0,-64]],[[8137,5903],[-25,0]],[[8112,5903],[0,32],[12,0],[0,32],[13,0]],[[8199,5935],[13,0],[0,-32]],[[8212,5903],[-13,0]],[[8199,5903],[0,32]],[[7174,5903],[-12,0]],[[7162,5903],[0,-33]],[[7162,5870],[-13,0]],[[7149,5870],[0,97]],[[7874,6032],[50,0],[0,-65]],[[7924,5967],[25,0]],[[7949,5967],[0,-64]],[[7949,5903],[-25,0]],[[7924,5903],[0,-33]],[[7924,5870],[-37,0]],[[7887,5870],[0,33],[-13,0],[0,32],[-12,0],[0,32],[12,0]],[[7874,5967],[0,65]],[[7449,5935],[38,0]],[[7487,5935],[0,-65]],[[7487,5870],[-13,0]],[[7474,5870],[0,33]],[[7474,5903],[-25,0]],[[7449,5903],[0,32]],[[7699,5935],[13,0],[0,-65],[-13,0],[0,65]],[[1862,5903],[0,-33]],[[1862,5870],[-12,0],[0,33],[12,0]],[[2300,5903],[12,0],[0,-33]],[[2312,5870],[-12,0],[0,33]],[[5124,5903],[13,0],[0,-33],[-13,0],[0,33]],[[5387,5903],[12,0]],[[5399,5903],[0,-33]],[[5399,5870],[-12,0]],[[5387,5870],[0,33]],[[5962,5870],[-13,0]],[[5949,5870],[0,33],[13,0],[0,-33]],[[5999,5903],[13,0],[0,-33]],[[6012,5870],[-13,0]],[[5999,5870],[0,33]],[[6412,5903],[12,0]],[[6424,5903],[0,-33],[-12,0]],[[6412,5870],[0,33]],[[6512,5903],[0,-33]],[[6512,5870],[-25,0],[0,33],[25,0]],[[6524,5903],[13,0],[0,-33]],[[6537,5870],[-13,0]],[[6524,5870],[0,33]],[[7124,5903],[25,0]],[[7149,5903],[0,-33]],[[7149,5870],[-25,0]],[[7124,5870],[0,33]],[[7462,5903],[12,0]],[[7474,5870],[-12,0]],[[7462,5870],[0,33]],[[7737,5903],[12,0]],[[7749,5903],[0,-33],[-12,0]],[[7737,5870],[0,33]],[[7949,5967],[13,0]],[[7962,5967],[0,-97],[-25,0],[0,33]],[[7937,5903],[12,0]],[[8112,5903],[0,-33]],[[8112,5870],[-25,0]],[[8087,5870],[0,33],[25,0]],[[8149,5967],[0,-97],[-25,0],[0,33]],[[8124,5903],[13,0]],[[8224,5903],[13,0],[0,-33],[-13,0],[0,33]],[[8349,5903],[0,-33],[-12,0]],[[8337,5870],[0,33],[12,0]],[[2512,7419],[-25,0]],[[2512,7386],[25,0]],[[2537,7354],[100,0],[0,-32]],[[2662,7257],[25,0],[0,-96],[25,0],[0,-65]],[[2725,7096],[0,97]],[[2725,7225],[0,32],[25,0]],[[2750,7257],[0,65]],[[3200,7548],[12,0],[0,-33],[13,0]],[[3225,7515],[0,-64],[-13,0],[0,-65]],[[3212,7386],[13,0],[0,-32],[75,0],[0,32],[25,0],[0,-64],[25,0],[0,-32],[-13,0],[0,-33],[-25,0],[0,-32],[-37,0]],[[3275,7193],[-38,0],[0,-32],[-25,0],[0,-33],[-25,0],[0,-32],[-25,0],[0,32],[-12,0],[0,65]],[[3150,7193],[-25,0],[0,-32],[-38,0],[0,-33],[-37,0]],[[3037,7096],[0,-32]],[[3000,6967],[0,-64],[-50,0],[0,-97],[-13,0],[0,-32],[-25,0]],[[2900,6741],[12,0],[0,-64],[-12,0],[0,-162],[-13,0],[0,-32],[-25,0],[0,-32],[-12,0],[0,-32],[-38,0],[0,-33]],[[2800,6354],[-13,0],[0,-32],[-12,0],[0,-32],[-25,0],[0,-194],[12,0],[0,-97]],[[2762,5999],[-25,0]],[[2737,5999],[0,-161]],[[2737,5838],[-12,0],[0,32],[-13,0],[0,33],[-12,0],[0,64],[-13,0],[0,65],[13,0],[0,32],[-13,0],[0,32],[-12,0],[0,32],[-25,0],[0,-32],[-25,0],[0,32],[-13,0],[0,33],[-100,0]],[[2512,6128],[-12,0]],[[2500,6096],[-25,0],[0,32]],[[2462,6128],[0,-32],[-12,0]],[[2450,6096],[0,97]],[[2412,6161],[0,-33],[-12,0],[0,-32],[-13,0]],[[2387,6096],[0,65],[-75,0],[0,-33],[-25,0],[0,33],[13,0],[0,32],[12,0],[0,97],[25,0],[0,96],[13,0],[0,33],[-25,0],[0,32],[12,0],[0,32],[13,0],[0,32],[25,0],[0,33],[-25,0],[0,64],[12,0],[0,32],[13,0],[0,65],[12,0],[0,32],[13,0],[0,33],[12,0],[0,32],[38,0],[0,-32],[25,0],[0,64],[12,0],[0,-32],[13,0],[0,-65],[12,0],[0,-32],[13,0],[0,32],[12,0],[0,-32],[13,0],[0,32],[12,0],[0,33],[25,0],[0,32],[-12,0],[0,64],[25,0],[0,97],[12,0],[0,32],[-12,0]],[[2600,6999],[0,97]],[[2587,7096],[0,65]],[[2600,7161],[0,64],[25,0]],[[2575,7257],[0,-96]],[[2562,7096],[-25,0],[0,65],[-12,0],[0,32],[-13,0],[0,-32],[-37,0],[0,64],[-25,0],[0,-32],[-25,0],[0,64],[-25,0],[0,-96],[-13,0],[0,64],[-12,0],[0,32],[-13,0],[0,65],[-25,0],[0,97]],[[2337,7419],[25,0]],[[2400,7483],[-63,0]],[[2337,7483],[0,32],[-25,0],[0,97]],[[2312,7612],[-37,0]],[[2262,7612],[-12,0]],[[2250,7612],[0,32]],[[2250,7644],[-25,0]],[[3212,7386],[-12,0],[0,-32],[12,0],[0,32]],[[3150,7193],[12,0],[0,32],[-12,0],[0,-32]],[[5424,6032],[0,-33],[13,0],[0,-32],[-13,0],[0,-32],[13,0],[0,-65],[-13,0],[0,-32],[-12,0]],[[5412,5838],[0,97]],[[5412,5935],[-25,0],[0,64],[12,0],[0,33],[25,0]],[[2850,5838],[0,65],[-25,0],[0,-33],[-25,0],[0,65],[62,0],[0,-97],[-12,0]],[[4762,5903],[13,0],[0,-65],[-13,0],[0,65]],[[5349,5903],[38,0]],[[5387,5870],[25,0]],[[5412,5870],[0,-32]],[[5412,5838],[-38,0]],[[5374,5838],[0,32],[-25,0],[0,33]],[[6412,5903],[0,-65]],[[6412,5838],[-13,0]],[[6399,5838],[0,65],[13,0]],[[6574,5903],[0,-65]],[[6574,5838],[-12,0],[0,32]],[[6562,5870],[-13,0],[0,33],[25,0]],[[7299,5903],[25,0]],[[7324,5903],[0,-33],[13,0],[0,-32]],[[7337,5838],[-25,0]],[[7312,5838],[0,32],[-13,0],[0,33]],[[7399,5903],[13,0]],[[7412,5903],[0,-65]],[[7412,5838],[-13,0],[0,65]],[[8587,6064],[25,0],[0,-65],[-25,0],[0,-64],[-13,0],[0,-32],[-12,0],[0,-65],[-25,0],[0,65],[12,0],[0,32],[13,0],[0,64],[12,0],[0,33],[13,0],[0,32]],[[2850,5838],[-13,0]],[[2837,5838],[0,32],[13,0],[0,-32]],[[4687,5838],[0,32],[38,0],[0,-32],[-38,0]],[[5574,5870],[13,0],[0,-32],[-13,0],[0,32]],[[5649,5870],[13,0],[0,-32],[-13,0],[0,32]],[[5899,5870],[13,0],[0,-32],[-13,0],[0,32]],[[5962,5870],[12,0],[0,-32]],[[5974,5838],[-12,0],[0,32]],[[6012,5870],[0,-32],[-13,0],[0,32]],[[7737,5870],[0,-32],[-13,0],[0,32],[13,0]],[[7887,5870],[12,0]],[[7899,5870],[0,-32]],[[7899,5838],[-12,0]],[[7887,5838],[0,32]],[[8337,5870],[0,-32]],[[8337,5838],[-13,0]],[[8324,5838],[0,32],[13,0]],[[7224,5935],[13,0],[0,-32],[12,0],[0,-33],[13,0],[0,-32]],[[7262,5838],[12,0]],[[7274,5838],[0,-32]],[[7274,5806],[-25,0]],[[7249,5806],[0,32],[-50,0],[0,65]],[[7199,5903],[25,0],[0,32]],[[7412,5903],[37,0]],[[7449,5903],[0,-97]],[[7449,5806],[-12,0]],[[7437,5806],[0,32],[-25,0]],[[7499,5870],[25,0],[0,-32],[13,0],[0,32],[25,0],[0,-32],[12,0],[0,-32]],[[7574,5806],[-75,0]],[[7499,5806],[0,64]],[[7774,5806],[0,64],[13,0],[0,33],[12,0],[0,-33],[13,0],[0,-32],[-25,0],[0,-32],[-13,0]],[[7874,5870],[13,0]],[[7887,5870],[0,-64]],[[7887,5806],[-13,0]],[[7874,5806],[0,64]],[[5399,5838],[13,0]],[[5412,5838],[0,-32]],[[5412,5806],[-13,0]],[[5399,5806],[0,32]],[[6062,5838],[12,0],[0,-32],[-12,0],[0,32]],[[6137,5838],[12,0],[0,-32],[-12,0]],[[6137,5806],[0,32]],[[7174,5838],[13,0],[0,-32],[-13,0],[0,32]],[[7274,5838],[13,0]],[[7287,5838],[0,-32]],[[7287,5806],[-13,0]],[[7437,5806],[-25,0]],[[7412,5806],[0,32]],[[7449,5838],[25,0],[0,-32],[-25,0]],[[7449,5806],[0,32]],[[7874,5838],[0,-32]],[[7874,5806],[-12,0],[0,32],[12,0]],[[7899,5838],[0,-32]],[[7899,5806],[-12,0]],[[7887,5806],[0,32]],[[7899,5838],[13,0],[0,-32],[-13,0]],[[2775,6032],[0,-65],[-13,0]],[[2762,5935],[13,0]],[[2787,5903],[0,-65],[-12,0],[0,-64],[-13,0]],[[2762,5774],[0,96],[-25,0]],[[2737,5870],[0,129]],[[2762,5999],[0,33]],[[2762,5774],[-12,0]],[[2750,5774],[0,64],[-13,0]],[[2737,5838],[0,32]],[[6399,5838],[-12,0],[0,-32],[-13,0],[0,-32],[-12,0],[0,96],[12,0],[0,65],[-37,0],[0,32],[-13,0],[0,-32],[-25,0],[0,64],[50,0]],[[6349,5999],[0,33],[13,0],[0,-33],[12,0],[0,-32],[13,0],[0,-32],[12,0],[0,-97]],[[6837,5870],[12,0],[0,-96]],[[6849,5774],[-12,0],[0,96]],[[8149,6032],[25,0]],[[8174,6032],[0,-97],[13,0]],[[8187,5935],[0,-65]],[[8187,5870],[-13,0],[0,-32],[-37,0],[0,-32],[-13,0],[0,-32],[-12,0],[0,64],[-13,0],[0,32]],[[8099,5870],[13,0]],[[8112,5903],[12,0]],[[8149,5999],[0,33]],[[2225,5774],[-13,0],[0,64],[13,0],[0,-64]],[[2750,5774],[-13,0],[0,64]],[[6424,5903],[13,0],[0,-129]],[[6437,5774],[-25,0],[0,32],[-13,0],[0,32]],[[6412,5838],[0,32]],[[1987,5806],[0,-32],[-12,0],[0,32],[12,0]],[[2850,5806],[12,0],[0,-32],[-12,0],[0,32]],[[5412,5806],[0,-32]],[[5412,5774],[-13,0]],[[5399,5774],[0,32]],[[6137,5806],[0,-32],[-25,0]],[[6112,5774],[0,32],[25,0]],[[6737,5806],[62,0],[0,-32],[-62,0]],[[6737,5774],[0,32]],[[7874,5806],[25,0]],[[7899,5806],[0,-32]],[[7899,5774],[-25,0]],[[7874,5774],[0,32]],[[7987,5806],[12,0],[0,-32],[-12,0],[0,32]],[[8199,5806],[25,0],[0,-32],[-25,0],[0,32]],[[8362,5774],[-13,0],[0,32],[13,0],[0,-32]],[[8387,5806],[12,0],[0,-32],[-12,0],[0,32]],[[6137,6451],[0,-32]],[[6187,6419],[0,-33],[25,0],[0,-32],[12,0],[0,-97],[13,0],[0,-64],[-13,0],[0,-32]],[[6224,6161],[-25,0],[0,-65],[13,0],[0,-64],[-13,0],[0,32],[-12,0],[0,-32],[-13,0],[0,32],[-37,0],[0,-97],[-13,0],[0,-32],[-12,0],[0,-32],[-25,0],[0,32],[-50,0],[0,-32],[12,0],[0,-33],[38,0],[0,-32],[12,0],[0,32],[25,0],[0,-32],[13,0]],[[6112,5774],[-25,0],[0,-33],[-38,0],[0,65],[-12,0],[0,32],[-13,0],[0,32],[-12,0]],[[7087,5935],[50,0]],[[7137,5935],[0,-32]],[[7137,5903],[-13,0]],[[7124,5870],[13,0]],[[7137,5870],[0,-96]],[[7137,5774],[-38,0],[0,32],[-25,0],[0,-65],[-12,0],[0,33],[-13,0]],[[7049,5774],[0,64],[13,0],[0,32],[12,0],[0,33],[13,0],[0,32]],[[7374,5903],[25,0]],[[7412,5806],[12,0]],[[7424,5806],[0,-32],[-50,0],[0,-33],[-50,0],[0,65],[-25,0],[0,32]],[[7299,5838],[38,0]],[[7324,5903],[13,0]],[[7337,5903],[0,32],[-13,0],[0,32],[25,0],[0,-32],[25,0],[0,-32]],[[2825,5741],[-13,0],[0,65],[13,0],[0,-65]],[[2887,5806],[0,-65]],[[2887,5741],[-12,0],[0,65],[12,0]],[[7449,5806],[0,-32],[13,0],[0,-33]],[[7462,5741],[-25,0]],[[7437,5741],[0,65]],[[7449,5903],[13,0]],[[7462,5870],[25,0]],[[7487,5870],[0,-129]],[[7487,5741],[-25,0]],[[7449,5838],[0,65]],[[7499,5806],[63,0]],[[7562,5806],[0,-32],[-25,0]],[[7537,5774],[0,-33]],[[7537,5741],[-38,0]],[[7499,5741],[0,65]],[[8474,5806],[13,0],[0,-65],[-13,0],[0,65]],[[1875,5774],[12,0],[0,-33]],[[1887,5741],[-12,0],[0,33]],[[5412,5774],[0,-33]],[[5412,5741],[-13,0]],[[5399,5741],[0,33]],[[5912,5774],[12,0],[0,-33],[-12,0],[0,33]],[[6449,5741],[0,33],[25,0],[0,-33],[-25,0]],[[6562,5774],[12,0]],[[6574,5774],[0,-33]],[[6574,5741],[-12,0]],[[6562,5741],[0,33]],[[6574,5774],[13,0],[0,-33]],[[6587,5741],[-13,0]],[[6912,5967],[0,-32],[-13,0],[0,-65],[25,0],[0,-32],[13,0],[0,-32],[-13,0],[0,-65],[-50,0],[0,33],[13,0],[0,32],[12,0],[0,32],[-12,0],[0,65],[-13,0]],[[6874,5903],[0,96]],[[6887,6032],[37,0]],[[6924,6032],[0,32],[25,0],[0,64],[13,0],[0,129],[-13,0],[0,65],[13,0],[0,32],[25,0],[0,-32],[-13,0],[0,-129],[13,0],[0,32],[12,0],[0,161],[13,0],[0,33],[-25,0],[0,64],[12,0],[0,-32],[25,0],[0,-32],[13,0],[0,-33],[12,0],[0,-32],[25,0],[0,-32],[25,0],[0,-129],[-12,0],[0,32],[-13,0],[0,-32],[-12,0],[0,-32],[-25,0],[0,-65],[-13,0],[0,32],[-25,0],[0,-32],[-25,0],[0,-32],[-12,0],[0,-32],[-25,0],[0,-33],[-13,0],[0,-32],[-12,0]],[[7024,5774],[25,0]],[[7049,5774],[0,-33],[-25,0]],[[7024,5741],[0,33]],[[8237,5774],[12,0],[0,-33],[-12,0],[0,33]],[[8449,5774],[13,0],[0,-33],[-13,0],[0,33]],[[2837,5838],[0,-32],[13,0]],[[2850,5806],[0,-97]],[[2850,5709],[-13,0]],[[2837,5709],[0,32],[-12,0]],[[2825,5741],[0,97],[12,0]],[[4687,5838],[0,-32],[13,0],[0,-32],[12,0],[0,-33],[-12,0],[0,-32],[-13,0],[0,32],[-37,0],[0,33],[12,0],[0,32],[13,0],[0,32],[12,0]],[[4837,5774],[38,0],[0,-33],[-25,0],[0,-32],[-13,0],[0,65]],[[5599,5774],[13,0],[0,-65],[-13,0],[0,65]],[[7162,5709],[0,65],[12,0],[0,-65],[-12,0]],[[8074,5774],[13,0],[0,-33],[25,0],[0,-32],[-38,0],[0,65]],[[8312,5838],[25,0]],[[8337,5838],[0,-32],[-13,0],[0,-32],[-12,0],[0,-33],[-25,0],[0,-32],[-13,0]],[[8274,5709],[0,65],[25,0],[0,32],[13,0],[0,32]],[[8449,5774],[0,-65],[-25,0],[0,65],[25,0]],[[2012,5741],[13,0]],[[2025,5741],[0,-32],[-13,0],[0,32]],[[2837,5709],[-12,0],[0,32]],[[2925,5709],[0,32],[12,0],[0,-32],[-12,0]],[[4562,5709],[-12,0]],[[4550,5709],[0,32],[12,0],[0,-32]],[[5637,5741],[12,0],[0,-32],[-12,0],[0,32]],[[6112,5741],[0,-32],[-13,0],[0,32],[13,0]],[[6449,5741],[38,0]],[[6487,5741],[0,-32]],[[6487,5709],[-38,0],[0,32]],[[6574,5741],[0,-32],[-12,0]],[[6562,5709],[0,32]],[[6587,5741],[12,0],[0,-32],[-12,0]],[[6587,5709],[0,32]],[[6949,5741],[13,0],[0,-32],[-13,0],[0,32]],[[7449,5741],[13,0]],[[7462,5741],[0,-32]],[[7462,5709],[-13,0]],[[7449,5709],[0,32]],[[7749,5741],[13,0],[0,-32],[-13,0],[0,32]],[[8037,5709],[0,32],[12,0],[0,-32],[-12,0]],[[7249,5741],[13,0],[0,-64],[-13,0],[0,64]],[[2850,5709],[0,-32],[-13,0],[0,32]],[[2887,5709],[13,0],[0,-32],[-13,0],[0,32]],[[2925,5709],[0,-32]],[[2925,5677],[-13,0]],[[2912,5677],[0,32],[13,0]],[[4650,5677],[0,32],[12,0],[0,-32],[-12,0]],[[6062,5709],[0,-32],[-13,0],[0,32],[13,0]],[[6487,5709],[12,0],[0,-32],[-12,0],[0,32]],[[7074,5677],[-25,0]],[[7049,5677],[0,32],[25,0],[0,-32]],[[7274,5709],[25,0],[0,-32],[-25,0],[0,32]],[[7462,5709],[37,0]],[[7499,5709],[0,-32]],[[7499,5677],[-37,0]],[[7462,5677],[0,32]],[[7887,5709],[12,0],[0,-32]],[[7899,5677],[-12,0]],[[7887,5677],[0,32]],[[8024,5709],[13,0]],[[8037,5709],[0,-32],[-13,0]],[[8024,5677],[0,32]],[[8274,5709],[0,-32],[-25,0]],[[8249,5677],[0,32],[25,0]],[[2225,5774],[12,0],[0,-33],[25,0],[0,-32],[-12,0],[0,-64],[-13,0],[0,32],[-12,0],[0,97]],[[6249,6096],[0,-97]],[[6249,5999],[-12,0]],[[6237,5999],[0,-96],[12,0],[0,32],[13,0],[0,-65],[12,0],[0,-32],[38,0],[0,-32],[-13,0],[0,-32],[13,0],[0,-33],[12,0],[0,-32],[-12,0],[0,-64],[-13,0],[0,96],[-12,0],[0,-32],[-13,0],[0,32],[-12,0],[0,-32],[-13,0],[0,32],[-12,0],[0,33],[-13,0],[0,-33],[-25,0],[0,33],[13,0],[0,32],[-38,0],[0,64],[-12,0],[0,33],[-13,0],[0,-33],[-12,0],[0,-32]],[[1937,5645],[0,64],[13,0],[0,-64],[-13,0]],[[7324,5709],[25,0],[0,-32],[-12,0],[0,-32],[-13,0],[0,64]],[[8374,5709],[0,-64]],[[8374,5645],[-12,0],[0,64],[12,0]],[[4650,5677],[0,-32],[-13,0],[0,32],[13,0]],[[6599,5677],[13,0],[0,-32],[-13,0],[0,32]],[[7049,5677],[0,-32],[-12,0]],[[7037,5645],[0,32],[12,0]],[[7137,5774],[12,0],[0,-65],[13,0]],[[7162,5709],[0,-32],[-13,0],[0,-32]],[[7149,5645],[-25,0]],[[7124,5645],[0,32]],[[7124,5677],[13,0]],[[7137,5677],[0,97]],[[7637,5677],[25,0],[0,-32],[-25,0],[0,32]],[[7999,5645],[-12,0],[0,32],[12,0],[0,-32]],[[8049,5677],[13,0],[0,-32],[-13,0],[0,32]],[[8249,5677],[0,-32]],[[8249,5645],[-12,0]],[[8237,5645],[0,32],[12,0]],[[8249,5677],[13,0],[0,-32],[-13,0]],[[7487,5838],[12,0]],[[7499,5838],[0,-97]],[[7537,5741],[0,-96]],[[7537,5645],[-13,0]],[[7524,5645],[0,-33]],[[7524,5612],[-25,0]],[[7499,5612],[0,97]],[[7487,5741],[0,97]],[[7462,5677],[12,0]],[[7474,5677],[0,-32]],[[7474,5645],[-12,0],[0,-33]],[[7462,5612],[-13,0]],[[7449,5612],[0,97]],[[2712,5677],[0,-32]],[[2712,5645],[-25,0]],[[2687,5645],[0,-33]],[[2687,5612],[-12,0]],[[2675,5612],[0,65],[37,0]],[[2712,5677],[75,0],[0,-32],[13,0]],[[2800,5645],[0,-33]],[[2800,5612],[-38,0]],[[2762,5612],[0,33],[-12,0],[0,-33]],[[2750,5612],[-13,0]],[[2737,5612],[0,33]],[[2737,5645],[-25,0]],[[7099,5677],[25,0]],[[7124,5645],[-12,0]],[[7112,5645],[0,-33]],[[7112,5612],[-13,0]],[[7099,5612],[0,65]],[[7449,5677],[0,-65]],[[7449,5612],[-12,0]],[[7437,5612],[0,33],[-13,0],[0,32],[25,0]],[[8137,5677],[12,0],[0,-32],[13,0],[0,-33],[-25,0],[0,65]],[[1675,6644],[25,0]],[[1700,6644],[0,-64]],[[1700,6580],[37,0]],[[1812,6322],[0,-97],[13,0],[0,-64],[12,0],[0,-33],[13,0],[0,-32],[12,0]],[[1862,6096],[0,-32],[13,0]],[[1875,6064],[0,-97]],[[1875,5967],[25,0],[0,-64]],[[1912,5903],[0,-65],[13,0],[0,-32],[12,0],[0,-32],[13,0],[0,-33],[12,0],[0,-129],[-25,0],[0,33]],[[1937,5645],[-12,0],[0,32],[-13,0],[0,32],[-12,0],[0,32],[-13,0]],[[1875,5774],[0,96],[-13,0]],[[1862,5903],[-37,0],[0,32],[-13,0],[0,32],[-12,0],[0,32],[25,0]],[[1812,6032],[0,32],[-12,0],[0,32],[-13,0]],[[1775,6128],[0,65],[-13,0],[0,64]],[[1750,6257],[0,33],[-13,0],[0,64],[-37,0]],[[1700,6354],[0,65],[-25,0]],[[1675,6451],[12,0]],[[1662,6451],[-25,0],[0,97]],[[1612,6612],[0,65]],[[1600,6709],[-25,0],[0,32],[25,0]],[[1600,6741],[0,97]],[[1587,6838],[0,65]],[[2287,5645],[0,-33]],[[2287,5612],[-12,0],[0,33],[12,0]],[[2762,5612],[-12,0]],[[2825,5645],[12,0],[0,-33],[-12,0]],[[2825,5612],[0,33]],[[7474,5645],[0,-33]],[[7474,5612],[-12,0]],[[7474,5645],[13,0],[0,-33]],[[7487,5612],[-13,0]],[[7524,5645],[25,0]],[[7549,5645],[0,-33]],[[7549,5612],[-25,0]],[[7999,5645],[38,0]],[[8037,5645],[0,-33],[-38,0]],[[7999,5612],[0,33]],[[8237,5645],[0,-33],[-13,0]],[[8224,5612],[0,33],[13,0]],[[8324,5645],[13,0]],[[8337,5645],[0,-33],[-13,0],[0,33]],[[2887,5806],[13,0],[0,-32],[12,0],[0,-97]],[[2925,5677],[0,-32],[25,0],[0,-65],[-25,0],[0,32],[-13,0],[0,33],[-12,0],[0,96],[-13,0]],[[7624,5999],[38,0]],[[7662,5999],[0,-32]],[[7649,5935],[-25,0]],[[7624,5935],[0,-32],[-12,0],[0,-65],[-13,0],[0,-64],[-12,0],[0,-33],[-38,0],[0,-64],[13,0],[0,-97],[-13,0]],[[7549,5580],[0,65]],[[7549,5645],[-12,0]],[[7537,5645],[0,129]],[[7562,5806],[12,0]],[[7499,5870],[0,-32]],[[7487,5838],[0,65]],[[7499,5935],[113,0]],[[7612,5935],[0,32]],[[7624,5967],[0,32]],[[7099,5741],[0,-129]],[[7099,5612],[25,0]],[[7124,5612],[0,-32],[-37,0],[0,32],[-13,0],[0,65]],[[7074,5677],[13,0],[0,64],[12,0]],[[2975,5580],[-13,0],[0,65],[13,0],[0,-65]],[[7262,5580],[-13,0]],[[7249,5580],[0,65],[63,0],[0,-33],[-50,0],[0,-32]],[[562,5612],[25,0],[0,-32]],[[587,5580],[-25,0]],[[562,5580],[0,32]],[[2062,5612],[0,-32],[-12,0],[0,32],[12,0]],[[2687,5612],[0,-32]],[[2687,5580],[-12,0]],[[2675,5580],[0,32]],[[2687,5612],[13,0],[0,-32]],[[2700,5580],[-13,0]],[[2725,5612],[0,-32]],[[2725,5580],[-13,0]],[[2712,5580],[0,32],[13,0]],[[2987,5580],[-12,0]],[[2975,5580],[0,32],[12,0],[0,-32]],[[4537,5580],[-12,0]],[[4525,5580],[0,32],[12,0],[0,-32]],[[6024,5612],[13,0],[0,-32]],[[6037,5580],[-13,0],[0,32]],[[6974,5612],[13,0]],[[6987,5612],[0,-32],[-13,0]],[[6974,5580],[0,32]],[[7162,5612],[12,0]],[[7174,5612],[0,-32]],[[7174,5580],[-12,0]],[[7162,5580],[0,32]],[[7212,5612],[12,0]],[[7224,5612],[0,-32]],[[7224,5580],[-12,0]],[[7212,5580],[0,32]],[[7224,5612],[13,0]],[[7237,5612],[0,-32]],[[7237,5580],[-13,0]],[[7362,5612],[12,0],[0,-32],[-12,0],[0,32]],[[7412,5612],[12,0],[0,-32],[-12,0],[0,32]],[[7524,5612],[13,0]],[[7537,5612],[0,-32],[-13,0],[0,32]],[[7874,5612],[13,0],[0,-32],[-13,0],[0,32]],[[7024,5806],[0,-65]],[[7137,5677],[-38,0]],[[7099,5677],[0,64]],[[7037,5645],[-13,0],[0,-97],[-12,0]],[[7012,5548],[0,64],[-13,0]],[[6999,5612],[0,162],[13,0],[0,32],[12,0]],[[8374,5645],[0,-33],[-12,0]],[[8362,5612],[0,-64]],[[8362,5548],[-13,0],[0,32],[-12,0],[0,65]],[[8324,5645],[0,64],[13,0],[0,65],[25,0]],[[8362,5774],[0,64],[25,0],[0,-161],[-13,0],[0,32]],[[4787,5709],[38,0],[0,-64],[-13,0],[0,-65],[-12,0],[0,-32],[-25,0],[0,32],[-25,0],[0,65],[25,0],[0,32],[12,0],[0,32]],[[2237,5612],[13,0],[0,-64],[-13,0],[0,64]],[[6287,5612],[12,0],[0,-64],[-12,0],[0,64]],[[7012,5548],[-13,0],[0,64]],[[7537,5612],[12,0]],[[7549,5612],[0,-64]],[[7549,5548],[-12,0],[0,64]],[[8362,5612],[25,0],[0,-64],[-25,0]],[[562,5580],[13,0]],[[575,5580],[0,-32]],[[575,5548],[-38,0],[0,32],[13,0],[0,32],[12,0]],[[575,5580],[12,0]],[[587,5580],[0,-32],[-12,0]],[[2112,5580],[13,0],[0,-32],[-13,0]],[[2112,5548],[0,32]],[[2287,5580],[13,0],[0,-32]],[[2300,5548],[-13,0],[0,32]],[[2550,5580],[12,0],[0,-32],[-12,0],[0,32]],[[2575,5580],[12,0],[0,-32],[-12,0],[0,32]],[[2675,5580],[-13,0],[0,-32]],[[2662,5548],[-25,0],[0,32],[13,0],[0,65],[25,0],[0,-65]],[[2675,5580],[0,-32],[-13,0]],[[2700,5580],[0,-32],[-13,0]],[[2687,5548],[0,32]],[[2750,5580],[0,-32]],[[2750,5548],[-13,0],[0,32],[13,0]],[[2750,5580],[12,0]],[[2762,5580],[0,-32]],[[2762,5548],[-12,0]],[[2987,5580],[25,0],[0,-32],[-25,0],[0,32]],[[5712,5580],[12,0],[0,-32],[-12,0],[0,32]],[[5737,5580],[12,0],[0,-32],[-12,0],[0,32]],[[5874,5548],[0,32],[13,0],[0,-32],[-13,0]],[[7174,5580],[0,-32]],[[7174,5548],[-12,0]],[[7162,5548],[0,32]],[[7199,5580],[25,0]],[[7224,5580],[0,-32]],[[7224,5548],[-25,0]],[[7199,5548],[0,32]],[[7237,5580],[0,-32]],[[7237,5548],[-13,0]],[[7237,5580],[12,0]],[[7249,5580],[0,-32]],[[7249,5548],[-12,0]],[[7262,5580],[0,-32],[-13,0]],[[7387,5580],[12,0],[0,-32],[-12,0],[0,32]],[[7674,5580],[13,0],[0,-32],[-13,0]],[[7674,5548],[0,32]],[[6537,5870],[25,0]],[[6574,5838],[0,-64]],[[6562,5774],[0,-65]],[[6587,5709],[50,0],[0,-32],[12,0],[0,-32],[13,0],[0,-129],[-13,0]],[[6649,5516],[0,64],[-12,0],[0,32],[-13,0],[0,-32],[-25,0],[0,-32],[-12,0],[0,32],[-13,0],[0,65],[-12,0],[0,32],[-13,0],[0,-32],[-12,0],[0,64],[-13,0],[0,32],[-12,0]],[[6512,5741],[0,65],[12,0],[0,32],[13,0],[0,32]],[[8124,7773],[50,0]],[[8174,7773],[0,-32]],[[8174,7741],[25,0]],[[8199,7741],[0,-32]],[[8212,7709],[0,32]],[[8274,7773],[0,-32]],[[8262,7741],[0,-32]],[[8237,7709],[0,-65]],[[8249,7677],[38,0]],[[8324,7644],[50,0]],[[8399,7580],[0,-32]],[[8399,7548],[-12,0]],[[8362,7257],[37,0]],[[8424,7064],[-50,0]],[[8374,7064],[0,-65]],[[8337,6967],[-13,0]],[[8324,7032],[-25,0]],[[8287,6999],[0,33]],[[8212,6870],[-75,0]],[[8137,6870],[0,-96]],[[8074,6677],[0,-65]],[[7974,6515],[0,-32]],[[7924,6354],[-12,0]],[[7912,6354],[0,-32]],[[7912,6322],[-25,0]],[[7899,6290],[0,-33]],[[7899,6257],[-12,0],[0,-32],[-13,0],[0,-32],[-12,0],[0,-32],[-13,0],[0,-33],[13,0],[0,-64],[12,0]],[[7874,6064],[0,-97]],[[7874,5870],[0,-32]],[[7874,5774],[13,0]],[[7887,5774],[0,-97]],[[7887,5677],[-25,0]],[[7862,5677],[0,32],[-13,0],[0,-32],[-12,0],[0,32],[-13,0],[0,32],[-12,0],[0,33],[-25,0],[0,-65],[-13,0],[0,97]],[[7774,5806],[-12,0],[0,-32],[-13,0],[0,64],[13,0],[0,65]],[[7762,5903],[-25,0]],[[7737,5903],[0,64]],[[7737,5967],[-13,0],[0,32]],[[7724,5999],[-37,0]],[[7624,6064],[0,-32]],[[7624,6032],[-37,0]],[[7487,5967],[-88,0]],[[7399,5967],[0,32],[-25,0],[0,33]],[[7374,6032],[-62,0]],[[7312,6064],[12,0]],[[7324,6096],[-50,0]],[[7274,6128],[-12,0]],[[7249,6161],[0,-65]],[[7237,6096],[0,32]],[[7237,6128],[-25,0],[0,33],[-25,0],[0,32],[-13,0],[0,32],[-12,0],[0,32],[-13,0],[0,33],[-37,0]],[[7112,6290],[0,-97]],[[7124,6225],[13,0]],[[7137,6225],[0,-193]],[[7137,5999],[0,-32]],[[7112,5935],[-25,0]],[[7024,5774],[0,32]],[[6999,5612],[-25,0]],[[6974,5612],[0,-64]],[[6974,5548],[-25,0],[0,-32]],[[6949,5516],[-25,0],[0,32],[-12,0],[0,97],[-13,0],[0,32],[-37,0],[0,97],[-13,0]],[[6837,5870],[0,-64],[-100,0]],[[6737,5774],[-50,0],[0,32],[-88,0],[0,32],[-12,0],[0,32],[-13,0],[0,65]],[[6562,5903],[-38,0]],[[6524,5870],[-12,0]],[[6512,5903],[-38,0],[0,32],[-25,0],[0,32],[-25,0],[0,32],[-12,0],[0,65]],[[6399,6064],[0,32],[-12,0],[0,65]],[[6337,6161],[0,-97]],[[6337,6064],[-25,0]],[[6312,6064],[0,32],[12,0],[0,65],[-12,0],[0,32],[-13,0],[0,-129],[-12,0],[0,32],[-38,0]],[[6149,6515],[0,65]],[[6149,6580],[-87,0]],[[6037,6709],[-38,0]],[[5999,6709],[0,-32]],[[5962,6612],[-38,0]],[[5924,6612],[0,65]],[[5912,6677],[0,-65]],[[5912,6612],[-38,0]],[[5874,6709],[-37,0]],[[5837,6870],[37,0]],[[5874,6903],[13,0]],[[5937,6903],[0,-33]],[[5937,6870],[100,0]],[[6037,6903],[25,0]],[[6074,6903],[25,0]],[[6174,6903],[-37,0]],[[6149,6967],[50,0]],[[6199,6967],[0,-64]],[[6199,6903],[13,0]],[[6212,6870],[37,0]],[[6262,6806],[50,0]],[[6312,6838],[25,0]],[[6337,6774],[12,0]],[[6362,6741],[0,-64]],[[6374,6644],[38,0]],[[6412,6644],[0,-96]],[[6412,6548],[12,0]],[[6424,6548],[0,-97]],[[6499,6644],[-12,0]],[[6487,6644],[0,65]],[[6624,6967],[0,194],[38,0]],[[6712,7161],[0,-65]],[[6887,6935],[0,32]],[[6899,7064],[0,32]],[[6899,7096],[150,0]],[[7049,7128],[13,0]],[[7062,7096],[50,0]],[[7112,7096],[0,65]],[[7187,7257],[12,0]],[[7274,7290],[-25,0]],[[7249,7257],[38,0]],[[7387,7483],[0,65]],[[7399,7515],[25,0]],[[7524,7225],[13,0]],[[7349,6677],[38,0]],[[7437,6644],[62,0]],[[7499,6644],[0,33]],[[7537,6548],[50,0]],[[7587,6580],[12,0]],[[7887,6999],[50,0]],[[7937,7032],[75,0]],[[8012,7064],[25,0]],[[8249,7322],[0,-32]],[[8274,7354],[38,0]],[[8249,7451],[-25,0]],[[8224,7451],[0,64]],[[8237,7515],[0,33]],[[8249,7580],[-62,0]],[[8137,7580],[0,32]],[[8174,7677],[-62,0]],[[8112,7677],[0,32]],[[8124,7709],[0,64]],[[8287,7128],[-13,0]],[[8274,7128],[0,-64]],[[8287,7096],[12,0]],[[8299,7128],[13,0]],[[7174,7064],[0,-65]],[[7174,6999],[50,0]],[[7224,7032],[-37,0]],[[6887,6548],[-75,0]],[[6824,6515],[0,-32]],[[6824,6483],[-62,0]],[[6724,6483],[-12,0]],[[6699,6451],[0,-32]],[[6687,6419],[0,-65]],[[6687,6354],[62,0]],[[6774,6322],[13,0]],[[6887,6419],[25,0]],[[6924,6386],[0,65]],[[6924,6451],[13,0]],[[6924,6515],[50,0]],[[7437,6580],[12,0]],[[7449,6612],[-37,0]],[[7237,6515],[12,0]],[[7249,6548],[-37,0]],[[7274,6548],[0,-65]],[[7287,6483],[0,65]],[[6924,6032],[-12,0]],[[6874,6128],[0,-225]],[[6912,6354],[0,-64]],[[6924,6290],[0,64]],[[5424,5677],[38,0],[0,-32],[25,0],[0,-33],[12,0],[0,-96],[-25,0],[0,32],[-12,0],[0,32],[-13,0],[0,32],[-12,0],[0,33],[-13,0],[0,32]],[[8074,6515],[38,0]],[[8249,6354],[63,0]],[[8299,6290],[13,0]],[[8362,5967],[0,-32],[-13,0],[0,-32]],[[8324,5838],[-12,0]],[[8224,5612],[-37,0],[0,-32],[-25,0],[0,-32],[-50,0],[0,-32],[-50,0]],[[8062,5516],[0,32]],[[8062,5548],[-25,0]],[[8037,5548],[0,32],[-38,0]],[[7999,5580],[0,32]],[[8037,5645],[-13,0]],[[8024,5645],[0,32]],[[8037,5709],[-63,0]],[[7974,5709],[0,32],[-50,0],[0,33]],[[7924,5774],[-25,0]],[[7899,5870],[25,0]],[[7924,5903],[13,0]],[[7962,5967],[-38,0]],[[7874,6032],[0,32]],[[7899,6257],[0,65]],[[7899,6322],[13,0]],[[7912,6354],[37,0]],[[8012,6322],[0,-65]],[[8012,6257],[87,0]],[[8099,6257],[0,-64]],[[8137,6225],[-25,0]],[[8112,6290],[12,0]],[[8124,6322],[-62,0]],[[8274,6225],[25,0]],[[8299,6225],[0,65]],[[8074,6128],[0,65]],[[8062,6161],[-13,0]],[[8099,6064],[25,0]],[[8137,6032],[0,64]],[[8137,6096],[-38,0]],[[8212,6032],[-25,0]],[[8224,5967],[0,65]],[[8224,6032],[25,0]],[[8249,6096],[-37,0]],[[8087,5870],[12,0]],[[8187,5870],[0,33]],[[8187,5903],[25,0]],[[8199,5935],[0,32]],[[8187,5967],[0,-32]],[[8174,6032],[-37,0]],[[625,5516],[-25,0],[0,64],[25,0],[0,-64]],[[7849,5580],[13,0],[0,-64],[-13,0],[0,64]],[[637,5548],[0,-32],[-12,0]],[[625,5516],[0,32],[12,0]],[[2062,5548],[13,0],[0,-32],[-13,0]],[[2062,5516],[0,32]],[[2700,5580],[12,0]],[[2712,5580],[0,-64],[-25,0],[0,32]],[[2962,5548],[0,-32],[-12,0]],[[2950,5516],[0,32],[12,0]],[[5274,5548],[25,0],[0,-32],[-25,0],[0,32]],[[6074,5548],[13,0]],[[6087,5548],[0,-32],[-13,0],[0,32]],[[6137,5548],[12,0],[0,-32],[-12,0],[0,32]],[[7224,5548],[25,0]],[[7249,5548],[0,-32]],[[7249,5516],[-25,0]],[[7224,5516],[0,32]],[[7262,5580],[62,0],[0,-32]],[[7324,5548],[-50,0],[0,-32],[-25,0]],[[7424,5548],[13,0]],[[7437,5548],[0,-32]],[[7437,5516],[-13,0],[0,32]],[[7637,5548],[12,0]],[[7649,5548],[0,-32]],[[7649,5516],[-12,0]],[[7637,5516],[0,32]],[[7674,5612],[0,-96]],[[7674,5516],[-25,0]],[[7649,5548],[13,0]],[[7662,5548],[0,64],[12,0]],[[7824,5548],[13,0],[0,-32],[-13,0],[0,32]],[[8124,5548],[13,0],[0,-32],[-13,0],[0,32]],[[4862,5612],[38,0],[0,-32],[12,0],[0,32],[13,0],[0,-64],[-50,0],[0,-32],[-13,0],[0,-33],[-12,0],[0,33],[-13,0],[0,64],[13,0],[0,-32],[12,0],[0,64]],[[7037,5645],[0,-65],[12,0],[0,-32],[38,0],[0,-32],[-63,0],[0,-33]],[[7024,5483],[-12,0]],[[7012,5483],[0,65]],[[7324,5548],[13,0],[0,-65],[-13,0],[0,65]],[[2262,5516],[0,-33]],[[2262,5483],[-25,0],[0,33],[25,0]],[[2487,5516],[0,-33],[-12,0]],[[2475,5483],[0,33],[12,0]],[[2512,5516],[13,0],[0,-33],[-13,0],[0,33]],[[2837,5516],[0,-33]],[[2837,5483],[-25,0]],[[2812,5483],[0,33],[25,0]],[[2962,5548],[13,0],[0,-65],[-25,0]],[[2950,5483],[0,33]],[[4525,5516],[0,-33],[-13,0],[0,33],[13,0]],[[4612,5516],[0,-33]],[[4612,5483],[-50,0]],[[4562,5483],[0,33],[50,0]],[[5574,5483],[0,33],[13,0],[0,-33],[-13,0]],[[6987,5612],[12,0]],[[7012,5548],[0,-32]],[[7012,5516],[-13,0],[0,-33]],[[6999,5483],[-25,0]],[[6974,5483],[0,33],[-12,0],[0,-33]],[[6962,5483],[-25,0],[0,33],[12,0]],[[6974,5548],[0,32]],[[6974,5483],[-12,0]],[[7012,5516],[0,-33]],[[7012,5483],[-13,0]],[[7099,5516],[13,0],[0,-33],[-13,0],[0,33]],[[7174,5516],[13,0],[0,-33],[-13,0],[0,33]],[[7237,5516],[12,0]],[[7249,5516],[0,-33]],[[7249,5483],[-12,0]],[[7237,5483],[0,33]],[[8062,5516],[12,0],[0,-33]],[[8074,5483],[-12,0]],[[8062,5483],[0,33]],[[2300,5548],[0,-32],[12,0],[0,-33],[13,0],[0,-32]],[[2325,5451],[-38,0]],[[2287,5451],[0,32],[-12,0],[0,-32],[-13,0]],[[2262,5451],[0,97]],[[2262,5548],[13,0],[0,32],[12,0]],[[8024,5548],[25,0]],[[8049,5548],[0,-97]],[[8049,5451],[-12,0],[0,65],[-13,0]],[[8024,5516],[0,32]],[[8049,5548],[13,0]],[[8062,5548],[0,-65]],[[8074,5483],[0,-32],[-25,0]],[[637,5548],[13,0],[0,-97]],[[650,5451],[-13,0],[0,32],[-12,0],[0,33]],[[6612,5516],[25,0],[0,-33],[-13,0]],[[6624,5483],[0,-32],[-12,0]],[[6612,5451],[0,65]],[[2050,5483],[12,0],[0,-32],[-12,0],[0,32]],[[2487,5516],[13,0],[0,-65],[-25,0]],[[2475,5451],[0,32]],[[2812,5483],[13,0]],[[2825,5483],[0,-32]],[[2825,5451],[-13,0],[0,32]],[[5574,5483],[0,-32],[-12,0]],[[5562,5451],[0,32],[12,0]],[[5974,5483],[13,0],[0,-32],[-13,0],[0,32]],[[6112,5483],[12,0],[0,-32],[-12,0],[0,32]],[[6187,5451],[0,32],[12,0],[0,-32],[-12,0]],[[6974,5483],[0,-32],[-12,0],[0,32]],[[7199,5483],[13,0]],[[7212,5483],[0,-32]],[[7212,5451],[-13,0]],[[7199,5451],[0,32]],[[7349,5483],[13,0],[0,-32],[-13,0],[0,32]],[[7549,5483],[13,0],[0,-32]],[[7562,5451],[-13,0],[0,32]],[[7687,5483],[12,0],[0,-32],[-12,0],[0,32]],[[7212,5548],[12,0]],[[7224,5548],[0,-129]],[[7224,5419],[-12,0]],[[7212,5419],[0,129]],[[7549,5548],[13,0],[0,-32],[25,0]],[[7587,5516],[0,-97],[-13,0],[0,32],[-12,0]],[[7549,5483],[0,65]],[[700,5419],[-38,0]],[[662,5419],[0,32],[-12,0]],[[650,5451],[0,65],[25,0],[0,-33],[12,0],[0,-32],[13,0],[0,-32]],[[2687,5645],[50,0]],[[2737,5612],[63,0]],[[2800,5645],[25,0]],[[2825,5612],[25,0],[0,-32],[12,0],[0,-32],[38,0],[0,-32],[25,0],[0,-33],[25,0]],[[2950,5483],[0,-32]],[[2950,5451],[-13,0],[0,-32]],[[2937,5419],[-37,0]],[[2900,5419],[0,32],[-13,0],[0,-32]],[[2887,5419],[-50,0]],[[2837,5419],[0,32],[-12,0]],[[2825,5483],[12,0]],[[2837,5516],[-50,0],[0,32],[-25,0]],[[2762,5580],[-37,0]],[[2725,5612],[-38,0]],[[4762,5483],[13,0],[0,-64],[-13,0],[0,64]],[[6237,5483],[37,0],[0,-32],[-25,0],[0,-32],[-12,0],[0,64]],[[6624,5483],[25,0],[0,-32],[-12,0],[0,-32],[-13,0],[0,64]],[[2900,5419],[-13,0]],[[2950,5451],[0,-32]],[[2950,5419],[-13,0]],[[2950,5451],[25,0]],[[2975,5451],[0,-32]],[[2975,5419],[-25,0]],[[7049,5451],[25,0],[0,-32]],[[7074,5419],[-25,0]],[[7049,5419],[0,32]],[[7212,5451],[0,-32]],[[7212,5419],[-13,0]],[[7199,5419],[0,32]],[[2112,5677],[0,-194]],[[2112,5483],[-25,0],[0,-32],[13,0],[0,-32],[12,0],[0,-32]],[[2112,5387],[-50,0],[0,129]],[[2062,5548],[0,64]],[[2062,5612],[-25,0],[0,65],[-12,0],[0,64]],[[2012,5741],[0,65],[-12,0],[0,32],[-25,0],[0,65],[-13,0],[0,64],[-12,0],[0,32],[-13,0],[0,97],[-12,0],[0,65],[50,0],[0,32],[12,0],[0,-32],[13,0],[0,-33],[12,0],[0,-64],[-12,0],[0,-32],[25,0],[0,-97],[12,0],[0,-32],[25,0],[0,-97],[13,0],[0,-32],[12,0],[0,-65],[13,0],[0,-32],[12,0]],[[4525,5516],[12,0],[0,-33]],[[4537,5483],[13,0]],[[4550,5483],[0,-96],[-13,0]],[[4537,5387],[0,64],[-12,0],[0,65]],[[7224,5516],[13,0]],[[7237,5483],[25,0]],[[7262,5483],[0,-32],[12,0],[0,32],[25,0],[0,-32],[-12,0],[0,-64]],[[7287,5387],[-25,0]],[[7262,5387],[0,32]],[[7262,5419],[-38,0]],[[7224,5419],[0,97]],[[7012,5483],[25,0]],[[7037,5483],[0,-32],[-13,0]],[[7024,5451],[0,-64]],[[7024,5387],[-12,0]],[[7012,5387],[0,96]],[[7412,5548],[12,0]],[[7424,5548],[0,-97],[-12,0],[0,-32],[-13,0],[0,-32],[-12,0]],[[7387,5387],[0,96],[12,0],[0,33],[13,0],[0,32]],[[2287,5451],[13,0]],[[2300,5451],[0,-32],[-13,0],[0,-32],[-12,0],[0,32],[-13,0]],[[2262,5419],[0,32]],[[4662,5387],[-37,0]],[[4625,5387],[0,64]],[[4625,5451],[12,0]],[[4637,5451],[0,65],[13,0],[0,-97],[12,0],[0,-32]],[[5899,5451],[13,0],[0,-64],[-13,0]],[[5899,5387],[0,64]],[[7637,5451],[25,0]],[[7662,5451],[0,-64],[-13,0]],[[7649,5387],[0,32]],[[7649,5419],[-12,0],[0,32]],[[675,5419],[12,0]],[[687,5419],[0,-32],[-12,0],[0,32]],[[700,5419],[12,0],[0,-32],[-12,0],[0,32]],[[2175,5419],[0,-32],[-13,0],[0,32],[13,0]],[[2837,5419],[13,0],[0,-32],[-13,0],[0,32]],[[3012,5419],[13,0]],[[3025,5419],[0,-32],[-13,0]],[[3012,5387],[0,32]],[[3075,5387],[0,32],[12,0],[0,-32],[-12,0]],[[4687,5387],[0,32],[13,0],[0,-32],[-13,0]],[[5187,5419],[0,-32]],[[5187,5387],[-13,0]],[[5174,5387],[0,32],[13,0]],[[5187,5419],[12,0],[0,-32],[-12,0]],[[7237,5419],[25,0]],[[7262,5387],[-25,0]],[[7237,5387],[0,32]],[[7299,5387],[0,32],[13,0],[0,-32],[-13,0]],[[7774,5451],[13,0],[0,-64],[-25,0],[0,32],[12,0],[0,32]],[[5599,5354],[0,97],[25,0],[0,-64],[-12,0],[0,-33],[-13,0]],[[7624,5451],[13,0]],[[7649,5419],[0,-65]],[[7649,5354],[-12,0]],[[7637,5354],[0,33]],[[7637,5387],[-13,0]],[[7624,5387],[0,64]],[[662,5419],[13,0]],[[687,5419],[13,0]],[[700,5419],[0,-65],[-38,0],[0,65]],[[2575,5419],[0,-65]],[[2575,5354],[-13,0],[0,65],[13,0]],[[7074,5419],[38,0],[0,-32],[50,0],[0,-33],[-63,0]],[[7099,5354],[0,33]],[[7099,5387],[-25,0],[0,32]],[[7224,5419],[13,0]],[[7237,5387],[12,0]],[[7249,5387],[0,-33],[-25,0],[0,65]],[[8374,5419],[0,-65]],[[8374,5354],[-12,0]],[[8362,5354],[0,65],[12,0]],[[8374,5419],[25,0],[0,-65]],[[8399,5354],[-25,0]],[[2137,5387],[13,0]],[[2150,5387],[0,-33]],[[2150,5354],[-13,0]],[[2137,5354],[0,33]],[[3012,5387],[0,-33]],[[3012,5354],[-12,0],[0,33],[12,0]],[[3050,5354],[-13,0]],[[3037,5354],[0,33],[13,0],[0,-33]],[[5174,5387],[0,-33]],[[5174,5354],[-12,0],[0,33],[12,0]],[[5187,5387],[0,-33]],[[5187,5354],[-13,0]],[[6612,5451],[0,-97],[-50,0]],[[6562,5354],[0,33],[25,0],[0,32],[12,0],[0,32],[13,0]],[[7024,5387],[0,-33]],[[7024,5354],[-12,0]],[[7012,5354],[0,33]],[[7187,5387],[12,0],[0,-33],[-12,0],[0,33]],[[7262,5387],[12,0]],[[7274,5387],[0,-33]],[[7274,5354],[-12,0]],[[7262,5354],[0,33]],[[7274,5387],[25,0]],[[7299,5387],[0,-33]],[[7299,5354],[-25,0]],[[7587,5387],[12,0],[0,-33]],[[7599,5354],[-12,0]],[[7587,5354],[0,33]],[[8037,5387],[12,0]],[[8049,5387],[0,-33]],[[8049,5354],[-12,0],[0,33]],[[8074,5387],[13,0]],[[8087,5387],[0,-33],[-13,0],[0,33]],[[5849,5419],[0,-97]],[[5849,5322],[-12,0]],[[5837,5322],[0,97],[12,0]],[[2112,5516],[13,0],[0,-65],[12,0],[0,32],[63,0],[0,-32],[-25,0],[0,-32]],[[2175,5419],[50,0],[0,-32],[25,0],[0,-33],[-25,0],[0,-32],[-13,0],[0,65],[-25,0],[0,-33]],[[2187,5354],[-37,0]],[[2150,5387],[-25,0]],[[2125,5387],[0,-33],[-13,0]],[[2112,5354],[0,-32],[-12,0],[0,32],[-25,0],[0,33],[37,0]],[[2112,5483],[0,33]],[[3075,5387],[25,0],[0,-33],[-13,0]],[[3087,5354],[0,-32],[-12,0]],[[3075,5322],[0,65]],[[7974,5580],[0,-129],[-12,0],[0,-32],[-13,0],[0,-65]],[[7949,5354],[-12,0],[0,-32]],[[7937,5322],[-25,0]],[[7912,5322],[0,65]],[[7912,5387],[12,0],[0,64],[-12,0],[0,97],[37,0],[0,32],[25,0]],[[8049,5387],[25,0]],[[8074,5387],[0,-65],[-25,0]],[[8049,5322],[0,65]],[[2300,5354],[12,0],[0,-32],[-12,0],[0,32]],[[2437,5354],[13,0],[0,-32]],[[2450,5322],[-13,0],[0,32]],[[3050,5354],[12,0],[0,-32]],[[3062,5322],[-12,0],[0,32]],[[3137,5354],[0,-32],[-12,0]],[[3125,5322],[0,32],[12,0]],[[3150,5354],[25,0],[0,-32],[-25,0]],[[3150,5322],[0,32]],[[5087,5354],[0,-32],[-13,0],[0,32],[13,0]],[[5187,5354],[12,0],[0,-32],[-12,0],[0,32]],[[5599,5354],[0,-32],[-12,0]],[[5587,5322],[0,32],[12,0]],[[7049,5354],[25,0]],[[7074,5354],[0,-32]],[[7074,5322],[-25,0]],[[7049,5322],[0,32]],[[7349,5354],[13,0],[0,-32],[-13,0],[0,32]],[[7587,5354],[25,0]],[[7612,5354],[0,-32],[-25,0],[0,32]],[[8012,5354],[12,0]],[[8024,5354],[0,-32]],[[8024,5322],[-12,0]],[[8012,5322],[0,32]],[[8349,5354],[0,-32],[-12,0]],[[8337,5322],[0,32],[12,0]],[[8399,5354],[0,-32]],[[8399,5322],[-25,0]],[[8374,5322],[0,32]],[[2975,5451],[75,0],[0,-32],[-38,0]],[[3012,5354],[0,-32]],[[3012,5322],[-12,0]],[[3000,5322],[0,-32],[-25,0]],[[2975,5290],[0,161]],[[2975,5419],[0,-129]],[[2975,5290],[-13,0]],[[2962,5290],[0,97],[-12,0],[0,32]],[[8087,5387],[-50,0]],[[8049,5354],[0,-32]],[[8049,5322],[13,0],[0,-32],[-38,0]],[[8024,5290],[0,64]],[[8012,5354],[0,65],[12,0],[0,32],[63,0],[0,-64]],[[2962,5290],[-25,0]],[[2937,5290],[0,32],[-12,0]],[[2925,5322],[0,32],[37,0],[0,-64]],[[3025,5354],[25,0]],[[3062,5322],[0,-32]],[[3062,5290],[-37,0]],[[3025,5290],[0,64]],[[7912,5354],[0,-32]],[[7912,5322],[12,0]],[[7924,5322],[0,-32],[-37,0],[0,32],[-13,0],[0,32],[38,0]],[[2262,5322],[13,0],[0,-32],[-13,0],[0,32]],[[2825,5290],[-13,0],[0,32],[13,0],[0,-32]],[[2937,5290],[-12,0],[0,32]],[[3062,5322],[13,0]],[[3075,5322],[0,-32]],[[3075,5290],[-13,0]],[[3087,5354],[25,0],[0,-64],[-37,0]],[[3137,5354],[13,0]],[[3150,5322],[37,0],[0,-32]],[[3187,5290],[-62,0],[0,32]],[[3237,5322],[13,0],[0,-32],[-13,0],[0,32]],[[5287,5322],[12,0],[0,-32],[-12,0],[0,32]],[[5899,5387],[0,-33],[-12,0],[0,-32],[-13,0],[0,-32],[-62,0],[0,32]],[[5812,5322],[37,0]],[[5849,5322],[0,32]],[[5849,5354],[25,0],[0,65],[13,0],[0,-32],[12,0]],[[6562,5322],[12,0],[0,-32]],[[6574,5290],[-12,0]],[[6562,5290],[0,32]],[[7074,5322],[13,0],[0,-32]],[[7087,5290],[-13,0],[0,32]],[[8024,5322],[0,-32]],[[8024,5290],[-12,0],[0,32]],[[7099,5387],[0,-65]],[[7099,5322],[13,0]],[[7112,5322],[0,-64]],[[7112,5258],[-13,0]],[[7099,5258],[0,32],[-12,0]],[[7074,5354],[-12,0]],[[7062,5354],[0,33],[-13,0]],[[7049,5387],[0,32]],[[7712,5258],[0,129],[12,0],[0,32],[13,0],[0,-65],[-13,0],[0,-96],[-12,0]],[[2850,5258],[0,32]],[[2850,5290],[-25,0]],[[2825,5290],[0,64],[37,0],[0,-32],[25,0],[0,-64],[-37,0]],[[2487,5322],[13,0],[0,-64],[-13,0],[0,64]],[[3025,5419],[37,0],[0,-32],[13,0]],[[3037,5354],[-12,0]],[[3025,5354],[0,-96]],[[3025,5258],[-25,0],[0,64]],[[3012,5322],[0,65]],[[8349,5354],[13,0]],[[8362,5354],[0,-64],[-13,0]],[[8349,5290],[0,-32]],[[8349,5258],[-12,0]],[[8337,5258],[0,64]],[[2162,5290],[0,-32]],[[2162,5258],[-12,0],[0,32],[12,0]],[[2300,5290],[12,0],[0,-32],[-12,0],[0,32]],[[2850,5258],[-13,0],[0,32],[13,0]],[[3025,5290],[12,0],[0,-32],[-12,0]],[[3025,5258],[0,32]],[[3162,5290],[0,-32]],[[3162,5258],[-12,0],[0,32],[12,0]],[[3162,5290],[13,0],[0,-32],[-13,0]],[[3187,5290],[25,0],[0,-32],[-25,0],[0,32]],[[5449,5290],[13,0],[0,-32],[-13,0],[0,32]],[[5587,5290],[0,-32],[-38,0]],[[5549,5258],[0,32],[38,0]],[[6562,5290],[0,-32]],[[6562,5258],[-13,0]],[[6549,5258],[0,32],[13,0]],[[6574,5290],[0,-32],[-12,0]],[[7099,5258],[-12,0],[0,32]],[[7249,5387],[13,0]],[[7262,5354],[25,0]],[[7287,5354],[0,-129]],[[7287,5225],[-38,0]],[[7249,5225],[0,33],[-25,0],[0,64],[-12,0],[0,97]],[[3287,5225],[-12,0]],[[3275,5225],[0,65],[12,0],[0,-65]],[[4550,5290],[12,0],[0,-32],[13,0],[0,-33],[-25,0]],[[4550,5225],[0,65]],[[7799,5290],[38,0],[0,-32],[-13,0],[0,-33],[-12,0],[0,33],[-13,0],[0,32]],[[2362,5258],[0,-33]],[[2362,5225],[-12,0]],[[2350,5225],[0,33],[12,0]],[[3262,5225],[-12,0],[0,33],[12,0],[0,-33]],[[5549,5258],[0,-33],[-12,0]],[[5537,5225],[0,33],[12,0]],[[5824,5258],[13,0],[0,-33],[-13,0],[0,33]],[[7112,5258],[0,-33]],[[7112,5225],[-13,0]],[[7099,5225],[0,33]],[[7937,5258],[12,0],[0,-33],[-12,0],[0,33]],[[7974,5225],[0,33],[13,0],[0,-33],[-13,0]],[[8374,5322],[13,0]],[[8387,5322],[0,-129],[-13,0]],[[8374,5193],[0,129]],[[8374,5354],[0,-161]],[[8374,5193],[-12,0],[0,32],[-13,0]],[[8349,5225],[0,65]],[[2550,5258],[12,0]],[[2562,5258],[0,-65],[-12,0],[0,65]],[[6087,5258],[0,-65]],[[6087,5193],[-13,0],[0,65],[13,0]],[[6224,5258],[0,-65]],[[6224,5193],[-25,0]],[[6199,5193],[0,65],[25,0]],[[7737,5258],[12,0],[0,-65],[-12,0],[0,65]],[[8412,5193],[-13,0]],[[8399,5193],[0,65],[13,0],[0,-65]],[[2212,5225],[0,-32]],[[2212,5193],[-12,0],[0,32],[12,0]],[[3262,5225],[13,0]],[[3275,5225],[0,-32]],[[3275,5193],[-13,0],[0,32]],[[3287,5225],[0,-32],[-12,0]],[[5537,5225],[0,-32],[-13,0],[0,32],[13,0]],[[6537,5225],[0,-32],[-13,0]],[[6524,5193],[0,32],[13,0]],[[7037,5225],[12,0],[0,-32],[-12,0],[0,32]],[[7062,5225],[12,0],[0,-32]],[[7074,5193],[-12,0]],[[7062,5193],[0,32]],[[7287,5225],[12,0],[0,-32],[-12,0],[0,32]],[[6112,5774],[0,-33]],[[6112,5741],[37,0],[0,-32],[-12,0],[0,-97],[12,0],[0,65],[13,0],[0,-32],[12,0],[0,-33],[-12,0],[0,-32],[12,0],[0,-32],[-12,0],[0,-65],[12,0],[0,-32],[13,0]],[[6187,5451],[0,-32],[25,0],[0,32],[12,0],[0,-64],[13,0],[0,-162]],[[6237,5225],[-13,0]],[[6224,5225],[0,33]],[[6199,5193],[-12,0]],[[6187,5193],[0,-32],[-13,0]],[[6174,5161],[0,64]],[[6174,5225],[-12,0],[0,33],[-13,0],[0,64],[-12,0],[0,32],[-13,0],[0,65],[-25,0],[0,32],[-12,0],[0,97]],[[6074,5548],[0,97],[-12,0],[0,64]],[[6062,5709],[-25,0],[0,32],[-13,0],[0,65],[-12,0],[0,64]],[[1812,7902],[25,0]],[[1837,7902],[0,-32]],[[1950,7838],[37,0]],[[2112,7741],[50,0]],[[2200,7612],[37,0]],[[2237,7644],[13,0]],[[2250,7612],[62,0]],[[2337,7483],[13,0]],[[2350,7419],[-13,0]],[[2562,7096],[0,-97]],[[2562,6999],[25,0],[0,33]],[[2600,7032],[0,-33]],[[2387,6096],[-12,0],[0,-32],[-25,0],[0,-32],[-25,0],[0,-33],[-25,0]],[[2312,5870],[0,-64],[-25,0],[0,-161]],[[2287,5612],[0,-32]],[[2262,5548],[0,-32]],[[2262,5483],[0,-64]],[[2300,5451],[25,0]],[[2325,5451],[0,-32],[12,0],[0,-65],[-12,0]],[[2325,5354],[0,-64],[12,0],[0,32],[13,0],[0,-32],[12,0]],[[2362,5290],[0,-32]],[[2350,5225],[-13,0]],[[2337,5225],[0,33],[-12,0],[0,-97]],[[2325,5161],[-13,0]],[[2312,5161],[0,32]],[[2312,5193],[-12,0]],[[2300,5193],[0,32],[-38,0],[0,33],[-37,0],[0,32],[-38,0],[0,32],[-25,0],[0,32]],[[2162,5354],[25,0]],[[2112,5516],[0,32]],[[2112,5580],[0,97]],[[2012,5741],[-25,0],[0,65]],[[1987,5806],[-25,0],[0,32],[-12,0],[0,65],[-13,0],[0,32],[-12,0],[0,64]],[[1925,5999],[-25,0],[0,33],[-13,0],[0,32],[-12,0]],[[1875,6064],[0,64]],[[1862,6128],[0,33],[-12,0],[0,64],[12,0]],[[1812,6548],[75,0]],[[1900,6515],[0,-64]],[[1900,6451],[12,0]],[[1912,6419],[13,0]],[[2012,6386],[13,0]],[[2087,6386],[-25,0]],[[2075,6935],[-25,0]],[[2050,6999],[25,0]],[[2025,7193],[0,32]],[[2012,7161],[-12,0]],[[1987,7128],[-12,0]],[[1962,7161],[0,96]],[[1962,7257],[-37,0]],[[1925,7257],[0,33]],[[1937,7386],[-37,0]],[[1900,7354],[25,0]],[[1925,7354],[0,-32]],[[1912,7257],[-12,0]],[[1900,7225],[-38,0]],[[1862,7257],[13,0]],[[1875,7290],[12,0]],[[1875,7354],[0,97]],[[1837,7548],[25,0]],[[7099,5225],[63,0]],[[7162,5225],[0,-64]],[[7162,5161],[-75,0]],[[7087,5161],[0,32],[-13,0]],[[7062,5225],[0,33]],[[7062,5258],[-38,0]],[[7024,5258],[0,32],[25,0]],[[7049,5290],[0,32]],[[4287,5258],[25,0],[0,-33],[25,0],[0,-64],[-25,0],[0,32],[-25,0],[0,65]],[[7062,5258],[0,-65]],[[7074,5193],[0,-32]],[[7074,5161],[-50,0],[0,97]],[[4637,5193],[0,32],[25,0],[0,-64],[-12,0],[0,32],[-13,0]],[[5949,5161],[-25,0]],[[5924,5161],[0,64],[13,0],[0,-32],[12,0],[0,-32]],[[6174,5161],[-12,0],[0,32],[-13,0],[0,32],[25,0]],[[2425,5161],[-25,0],[0,32],[25,0],[0,-32]],[[3300,5193],[12,0],[0,-32]],[[3312,5161],[-12,0]],[[3300,5161],[0,32]],[[5487,5193],[12,0],[0,-32],[-12,0],[0,32]],[[6324,5193],[13,0]],[[6337,5193],[0,-32],[-13,0]],[[6324,5161],[0,32]],[[7087,5161],[-13,0]],[[7274,5225],[13,0]],[[7287,5225],[0,-64],[-25,0],[0,32]],[[7262,5193],[12,0],[0,32]],[[8412,5193],[0,-32],[-13,0],[0,32]],[[2125,5387],[12,0]],[[2137,5354],[25,0]],[[2300,5193],[-25,0]],[[2275,5193],[0,-32],[12,0],[0,-32]],[[2287,5129],[-25,0],[0,32],[-25,0],[0,32],[-25,0]],[[2212,5225],[-37,0],[0,33],[-13,0]],[[2162,5290],[-50,0],[0,64]],[[5237,5129],[-25,0]],[[5212,5129],[0,64],[-38,0],[0,32],[-37,0]],[[5137,5225],[0,65],[25,0],[0,32],[12,0],[0,32]],[[5187,5419],[0,32],[12,0],[0,32],[25,0],[0,-32],[-12,0],[0,-32],[12,0],[0,-32],[38,0],[0,-97],[-13,0],[0,-32],[13,0],[0,-33],[-25,0],[0,-96]],[[6237,5225],[25,0],[0,-32],[12,0],[0,-64]],[[6274,5129],[-12,0]],[[6262,5129],[0,32],[-13,0],[0,32],[-12,0]],[[6237,5193],[0,32]],[[3275,5193],[25,0]],[[3300,5193],[0,-64]],[[3300,5129],[-25,0],[0,64]],[[4537,5193],[25,0],[0,-32]],[[4562,5161],[-12,0]],[[4550,5161],[0,-32]],[[4550,5129],[-13,0],[0,64]],[[2325,5161],[0,-32],[-13,0]],[[2312,5129],[0,32]],[[2425,5161],[12,0],[0,-32]],[[2437,5129],[-12,0],[0,32]],[[2475,5161],[12,0]],[[2487,5161],[0,-32],[-12,0],[0,32]],[[2662,5161],[13,0],[0,-32],[-13,0]],[[2662,5129],[0,32]],[[3312,5161],[0,-32],[-12,0]],[[3300,5129],[0,32]],[[4900,5161],[0,-32]],[[4900,5129],[-13,0]],[[4887,5129],[0,32],[13,0]],[[7149,5161],[25,0]],[[7174,5161],[0,-32],[-25,0],[0,32]],[[7237,5161],[12,0],[0,-32]],[[7249,5129],[-12,0]],[[7237,5129],[0,32]],[[7612,5161],[50,0],[0,-32]],[[7662,5129],[-50,0],[0,32]],[[6312,6064],[37,0]],[[6349,6064],[0,-65]],[[6437,5774],[0,-33],[12,0]],[[6487,5741],[12,0],[0,33],[13,0],[0,-33]],[[6649,5516],[-37,0]],[[6562,5354],[25,0],[0,-32],[-25,0]],[[6549,5258],[-25,0]],[[6524,5258],[0,32],[-12,0],[0,-65],[-13,0],[0,33],[-75,0],[0,32],[-25,0],[0,-32],[-25,0]],[[6374,5258],[0,-65]],[[6374,5193],[-50,0]],[[6324,5161],[-12,0],[0,-65]],[[6312,5096],[-25,0]],[[6287,5096],[0,33]],[[6287,5129],[-13,0]],[[2275,5193],[37,0]],[[2312,5193],[0,-64]],[[2325,5161],[25,0],[0,32],[12,0],[0,-64]],[[2362,5129],[-25,0],[0,-33],[-37,0],[0,33],[-13,0]],[[8387,5322],[12,0]],[[8399,5322],[0,-193],[-12,0],[0,-33],[-13,0]],[[8374,5096],[0,97]],[[6324,5161],[0,-65],[-12,0]],[[7074,5161],[0,-32]],[[7074,5129],[-12,0],[0,-33]],[[7062,5096],[-25,0],[0,65],[37,0]],[[2662,5129],[25,0],[0,-33]],[[2687,5096],[-25,0]],[[2662,5096],[0,33]],[[4962,5129],[13,0],[0,-33],[-13,0],[0,33]],[[5899,5129],[25,0]],[[5924,5129],[0,-33]],[[5924,5096],[-25,0]],[[5899,5096],[0,33]],[[7074,5129],[13,0],[0,-33],[-13,0],[0,33]],[[7249,5129],[0,-33],[-12,0]],[[7237,5096],[0,33]],[[7662,5129],[0,-33],[-38,0],[0,33],[38,0]],[[8037,5096],[-13,0]],[[8024,5096],[0,33],[13,0],[0,-33]],[[5562,5451],[0,-64],[12,0],[0,-65],[13,0]],[[5587,5322],[0,-32]],[[5587,5290],[50,0],[0,32],[-13,0],[0,32],[13,0],[0,33],[25,0],[0,-65],[-13,0],[0,-64],[13,0],[0,-97],[12,0],[0,-65],[25,0],[0,33],[13,0]],[[5712,5129],[0,-65]],[[5712,5064],[-50,0],[0,32],[-25,0]],[[5637,5096],[0,33]],[[5637,5129],[-38,0],[0,32],[-25,0],[0,-32],[-25,0],[0,-33],[-50,0]],[[5499,5096],[0,33],[-25,0],[0,32],[-25,0],[0,32],[-12,0],[0,32],[-13,0],[0,65],[25,0]],[[5449,5290],[0,32],[-12,0],[0,32],[25,0],[0,97],[-25,0],[0,32],[37,0],[0,-64],[38,0],[0,-32],[12,0],[0,-33],[-25,0],[0,-64],[13,0],[0,32],[25,0],[0,32],[12,0],[0,97],[13,0]],[[7624,5548],[13,0]],[[7637,5516],[25,0]],[[7662,5516],[0,-33],[12,0],[0,-129],[13,0],[0,-32],[12,0],[0,-64],[13,0]],[[7712,5258],[0,-65],[12,0],[0,-129],[-12,0]],[[7712,5064],[0,65],[-13,0],[0,64],[-12,0],[0,-32],[-13,0],[0,-32],[-12,0]],[[7612,5161],[0,129]],[[7612,5290],[12,0],[0,-32],[13,0]],[[7637,5258],[0,96]],[[7649,5354],[0,33]],[[7662,5451],[-38,0]],[[7624,5451],[0,97]],[[6524,5258],[13,0],[0,-33]],[[6524,5193],[-50,0]],[[6474,5193],[0,32],[-25,0],[0,-32],[-12,0],[0,-32],[-38,0]],[[6399,5161],[0,-32]],[[6399,5129],[-12,0],[0,-65],[-13,0]],[[6374,5064],[0,194]],[[5224,6451],[0,-32]],[[5237,6386],[37,0]],[[5287,6257],[37,0]],[[5399,6161],[125,0]],[[5574,6193],[0,64]],[[5574,6257],[38,0]],[[5612,6290],[37,0]],[[5687,6257],[87,0]],[[5774,6225],[38,0]],[[5949,5935],[0,-65]],[[5974,5838],[0,-32],[13,0],[0,-65],[12,0],[0,-64]],[[5999,5677],[-12,0],[0,-32],[-13,0],[0,-33],[-25,0],[0,-32],[-12,0],[0,-32],[-13,0],[0,-65],[-12,0],[0,33],[-13,0],[0,-65]],[[5899,5451],[-12,0],[0,32],[-13,0],[0,65]],[[5874,5548],[-37,0],[0,-32],[-13,0],[0,-33],[-12,0],[0,97],[-50,0],[0,-32],[12,0],[0,-65],[-25,0],[0,33],[-50,0],[0,-97],[25,0],[0,32],[38,0],[0,-64],[12,0],[0,32],[13,0],[0,32],[12,0],[0,-64],[25,0],[0,-33],[-50,0],[0,-32],[-12,0],[0,-64],[25,0],[0,-33],[-13,0],[0,-32],[88,0],[0,-32],[-13,0],[0,-32],[-50,0],[0,-33],[-50,0],[0,33],[-25,0],[0,-33]],[[5724,5096],[-12,0]],[[5712,5096],[0,33]],[[5499,5096],[-25,0],[0,-32]],[[5474,5064],[-12,0]],[[5462,5064],[0,32],[-88,0],[0,-32]],[[5374,5064],[-25,0]],[[5349,5064],[0,32]],[[5349,5096],[-75,0]],[[5274,5096],[0,33]],[[5274,5129],[-37,0]],[[5137,5225],[-13,0],[0,33],[-12,0],[0,-33],[-25,0],[0,65],[25,0],[0,64],[-25,0]],[[5087,5354],[0,65],[-13,0],[0,32],[-25,0],[0,32],[-12,0],[0,33],[-50,0],[0,64],[-25,0],[0,-64],[13,0],[0,-33],[-13,0],[0,-32],[-25,0],[0,-32],[-37,0],[0,-65],[12,0],[0,-32],[-12,0],[0,-97]],[[4900,5225],[-63,0]],[[4837,5225],[0,97],[-100,0],[0,32],[-50,0],[0,33]],[[4687,5387],[-25,0]],[[4637,5451],[-25,0]],[[4612,5451],[0,65]],[[4562,5483],[-25,0]],[[4525,5516],[0,64]],[[4537,5580],[0,97],[13,0],[0,32]],[[4562,5709],[0,65],[13,0],[0,32],[12,0],[0,97],[25,0],[0,32]],[[4637,5967],[-12,0],[0,32]],[[4625,5999],[12,0],[0,33],[38,0],[0,-33]],[[4700,5967],[0,32]],[[4700,5999],[12,0]],[[4762,6064],[13,0]],[[4775,6096],[25,0]],[[4800,6128],[50,0]],[[4887,6225],[25,0]],[[5437,6032],[0,32]],[[5449,6096],[-25,0]],[[5412,5935],[0,-65]],[[5412,5870],[-13,0]],[[5399,5903],[-50,0]],[[5374,5838],[25,0]],[[5399,5838],[0,-97]],[[5412,5741],[0,97]],[[4637,5193],[0,-64],[25,0],[0,-65]],[[4662,5064],[-25,0],[0,32],[-12,0],[0,33],[-13,0],[0,32],[13,0],[0,32],[12,0]],[[5024,5064],[-99,0]],[[4925,5064],[0,32],[-13,0],[0,33]],[[4912,5129],[-12,0]],[[4900,5161],[25,0],[0,32],[12,0],[0,-32],[50,0],[0,32],[25,0],[0,-64],[25,0],[0,-33],[-13,0],[0,-32]],[[6474,5193],[13,0],[0,-32],[-25,0],[0,-65],[-25,0],[0,-32],[-38,0],[0,97]],[[3300,5129],[0,-65]],[[3300,5064],[-13,0]],[[3287,5064],[0,65],[13,0]],[[4337,5064],[0,65],[13,0],[0,96],[25,0],[0,-96],[-13,0],[0,-65],[-25,0]],[[5212,5129],[12,0]],[[5224,5129],[0,-33]],[[5224,5096],[-37,0],[0,-32]],[[5187,5064],[-13,0]],[[5174,5064],[0,32],[-87,0],[0,33],[25,0],[0,64],[25,0],[0,32]],[[2687,5096],[13,0],[0,-32]],[[2700,5064],[-13,0]],[[2687,5064],[0,32]],[[4312,5096],[0,-32],[-12,0]],[[4300,5064],[0,32],[12,0]],[[4525,5064],[-13,0]],[[4512,5064],[0,32],[13,0],[0,-32]],[[5224,5096],[0,-32]],[[5224,5064],[-37,0]],[[5324,5096],[25,0]],[[5349,5064],[-25,0]],[[5324,5064],[0,32]],[[5462,5064],[-88,0]],[[5499,5096],[0,-32]],[[5499,5064],[-25,0]],[[5912,5096],[12,0]],[[5924,5096],[0,-32]],[[5924,5064],[-12,0]],[[5912,5064],[0,32]],[[6299,5096],[13,0]],[[6312,5096],[0,-32],[-13,0]],[[6299,5064],[0,32]],[[7149,5064],[0,32],[13,0],[0,-32],[-13,0]],[[7237,5096],[0,-32]],[[7237,5064],[-13,0]],[[7224,5064],[0,32],[13,0]],[[2575,5354],[0,-32],[-13,0],[0,-64]],[[2550,5258],[0,-97],[-13,0]],[[2537,5161],[0,-32],[-37,0],[0,32]],[[2500,5161],[-50,0]],[[2450,5161],[0,-32],[-13,0]],[[2437,5129],[0,-97]],[[2437,5032],[-12,0],[0,32],[-13,0],[0,32],[-12,0],[0,33],[-38,0]],[[2337,5225],[25,0]],[[2362,5225],[0,65]],[[2325,5354],[50,0],[0,-32],[25,0],[0,32],[37,0]],[[2450,5322],[0,65],[25,0],[0,64]],[[2487,5516],[0,32],[113,0],[0,-65],[-13,0],[0,-32],[-12,0],[0,-32]],[[4550,5161],[37,0]],[[4587,5161],[0,-65],[13,0],[0,-32],[-13,0],[0,-32]],[[4587,5032],[-25,0],[0,32],[-37,0]],[[4525,5064],[0,65],[25,0]],[[7737,5129],[12,0],[0,-97],[-12,0],[0,97]],[[2437,5096],[25,0],[0,-32],[25,0],[0,-32],[-37,0]],[[2450,5032],[0,32],[-13,0]],[[2437,5064],[0,32]],[[4325,5096],[12,0],[0,-32]],[[4337,5064],[13,0],[0,-32],[-25,0]],[[4325,5032],[0,64]],[[7099,5096],[13,0],[0,-64],[-13,0],[0,64]],[[2450,5032],[-13,0]],[[2437,5032],[0,32]],[[2512,5064],[13,0]],[[2525,5064],[0,-32]],[[2525,5032],[-13,0],[0,32]],[[4312,5096],[13,0]],[[4325,5032],[-25,0],[0,32]],[[4525,5064],[0,-32]],[[4525,5032],[-13,0],[0,32]],[[4712,5064],[-12,0],[0,-32],[-38,0]],[[4662,5032],[0,32]],[[4662,5064],[13,0],[0,32],[37,0],[0,-32]],[[4712,5064],[25,0],[0,-32]],[[4737,5032],[-25,0]],[[4712,5032],[0,32]],[[5000,5064],[24,0]],[[5024,5064],[0,-32]],[[5024,5032],[-24,0]],[[5000,5032],[0,32]],[[5924,5064],[13,0]],[[5937,5064],[0,-32]],[[5937,5032],[-13,0],[0,32]],[[6274,5096],[25,0]],[[6299,5096],[0,-64]],[[6299,5032],[-37,0],[0,32],[12,0],[0,32]],[[7149,5064],[0,-32],[-12,0],[0,32],[12,0]],[[7174,5064],[13,0]],[[7187,5064],[0,-32]],[[7187,5032],[-13,0],[0,32]],[[7212,5064],[12,0]],[[7224,5064],[0,-32]],[[7224,5032],[-12,0]],[[7212,5032],[0,32]],[[7237,5064],[0,-32]],[[7237,5032],[-13,0]],[[7762,5064],[12,0],[0,-32],[-12,0],[0,32]],[[8037,5096],[0,-64]],[[8037,5032],[-38,0]],[[7999,5032],[0,32]],[[7999,5064],[25,0]],[[8024,5064],[0,32]],[[8324,5064],[13,0]],[[8337,5064],[0,-32],[-13,0],[0,32]],[[8399,5032],[0,32],[13,0],[0,-32],[-13,0]],[[5224,5129],[50,0]],[[5274,5096],[50,0]],[[5324,5064],[13,0]],[[5337,5064],[0,-32],[-13,0],[0,-32]],[[5324,5000],[-25,0]],[[5299,5000],[0,32],[-12,0],[0,32],[-13,0],[0,-32],[-12,0],[0,32],[-13,0],[0,32],[-25,0]],[[5712,5064],[0,32]],[[5712,5096],[25,0]],[[5737,5096],[0,-64]],[[5737,5032],[-13,0],[0,-32],[-12,0],[0,32],[-63,0],[0,-32],[-12,0]],[[5637,5000],[0,96]],[[2500,5064],[12,0]],[[2525,5032],[0,-32]],[[2525,5000],[-25,0]],[[2500,5000],[0,64]],[[2700,5064],[0,-64],[-13,0],[0,64]],[[5124,5064],[13,0],[0,-64],[-13,0],[0,64]],[[2450,5032],[0,-32]],[[2450,5000],[-13,0],[0,32]],[[4525,5032],[12,0]],[[4537,5032],[0,-32]],[[4537,5000],[-12,0]],[[4525,5000],[0,32]],[[5024,5064],[13,0],[0,-64]],[[5037,5000],[-25,0]],[[5012,5000],[0,32]],[[5012,5032],[12,0]],[[5374,5032],[0,-32]],[[5374,5000],[-12,0]],[[5362,5000],[0,32],[12,0]],[[6299,5032],[13,0],[0,-32],[-13,0],[0,32]],[[6362,5064],[0,-64],[-25,0],[0,32]],[[6337,5032],[12,0],[0,32],[13,0]],[[7999,5064],[-12,0],[0,-64],[-25,0]],[[7962,5000],[0,32],[12,0],[0,97],[13,0],[0,-33],[12,0],[0,-32]],[[8024,5032],[13,0]],[[8037,5032],[0,-32]],[[8037,5000],[-13,0],[0,32]],[[8349,5000],[0,32],[13,0],[0,32],[12,0],[0,-64],[-25,0]],[[4587,5032],[0,-32],[-25,0],[0,-33]],[[4562,4967],[-25,0]],[[4537,4967],[0,65]],[[4550,5483],[62,0]],[[4612,5483],[0,-32]],[[4612,5451],[13,0]],[[4625,5387],[62,0]],[[4837,5225],[13,0]],[[4850,5225],[0,-32],[50,0],[0,-32]],[[4887,5129],[-62,0]],[[4825,5129],[0,-33],[-13,0],[0,-32],[-12,0],[0,-32]],[[4800,5032],[-63,0]],[[4662,5064],[0,-97]],[[4662,4967],[-12,0],[0,33],[-38,0],[0,-33],[-12,0],[0,65],[-13,0]],[[4587,5161],[-25,0]],[[4537,5193],[0,65],[13,0],[0,-33]],[[4550,5290],[0,64],[-13,0],[0,33]],[[7712,5032],[12,0]],[[7724,5032],[0,-65],[-12,0],[0,65]],[[2450,5000],[12,0],[0,-33]],[[2462,4967],[-12,0],[0,33]],[[2500,5000],[12,0]],[[2512,5000],[0,-33],[-12,0]],[[2500,4967],[0,33]],[[2525,5000],[12,0],[0,-33]],[[2537,4967],[-12,0]],[[2525,4967],[0,33]],[[5349,5000],[25,0]],[[5374,5000],[0,-33]],[[5374,4967],[-25,0]],[[5349,4967],[0,33]],[[5624,5000],[13,0]],[[5637,5000],[0,-33]],[[5637,4967],[-13,0]],[[5624,4967],[0,33]],[[6174,5000],[25,0]],[[6199,5000],[0,-33]],[[6199,4967],[-25,0],[0,33]],[[7799,5000],[0,-33]],[[7799,4967],[-25,0]],[[7774,4967],[0,33],[25,0]],[[8337,5000],[0,-33],[-13,0],[0,33],[13,0]],[[6124,5064],[38,0],[0,-64],[12,0]],[[6199,4967],[0,-32]],[[6199,4935],[-37,0],[0,32],[-13,0],[0,33],[-12,0],[0,32],[-13,0],[0,32]],[[2512,5000],[13,0]],[[2525,5000],[0,-65]],[[2525,4935],[-13,0],[0,65]],[[5149,4935],[0,65],[13,0],[0,-65],[-13,0]],[[2537,4967],[0,-32]],[[2537,4935],[-12,0]],[[2525,4935],[0,32]],[[2537,4967],[25,0],[0,-32]],[[2562,4935],[-25,0]],[[3300,5064],[0,32],[12,0],[0,-161],[-25,0],[0,32],[13,0],[0,65],[-13,0],[0,32]],[[3350,4935],[-13,0]],[[3337,4935],[0,32],[13,0],[0,-32]],[[4775,4967],[12,0]],[[4787,4967],[0,-32]],[[4787,4935],[-12,0]],[[4775,4935],[0,32]],[[5849,4967],[38,0],[0,-32],[-38,0],[0,32]],[[7787,4967],[12,0]],[[7799,4967],[0,-32]],[[7799,4935],[-12,0]],[[7787,4935],[0,32]],[[7949,4967],[0,-32]],[[7949,4935],[-12,0],[0,32],[12,0]],[[6262,5129],[25,0]],[[6287,5096],[-13,0]],[[6299,5032],[0,32]],[[6337,5193],[37,0]],[[6374,5193],[0,-129]],[[6399,5129],[0,-97],[-37,0],[0,32]],[[6337,5032],[0,-65],[-25,0],[0,-32],[-50,0],[0,-32],[-13,0]],[[6249,4903],[0,32],[-12,0]],[[6237,4935],[0,258]],[[4537,5000],[0,-33]],[[4537,4967],[13,0]],[[4550,4967],[0,-32]],[[4550,4935],[-13,0],[0,-32]],[[4537,4903],[-12,0]],[[4525,4903],[0,97]],[[7187,5064],[25,0]],[[7212,5032],[25,0]],[[7237,5032],[0,-65]],[[7237,4967],[-13,0]],[[7224,4967],[0,-32]],[[7224,4935],[-25,0],[0,-32]],[[7199,4903],[-12,0]],[[7187,4903],[0,32],[-13,0],[0,32],[-12,0]],[[7162,4967],[0,33]],[[7162,5000],[25,0]],[[7187,5000],[0,64]],[[5649,4967],[13,0]],[[5662,4967],[0,-64],[-13,0]],[[5649,4903],[0,64]],[[5699,4967],[13,0],[0,-32],[12,0],[0,-32],[-25,0],[0,64]],[[5937,4967],[12,0]],[[5949,4967],[0,-64],[-12,0]],[[5937,4903],[0,64]],[[7187,4903],[-25,0]],[[7162,4903],[0,64]],[[7237,4967],[0,-64]],[[7237,4903],[-13,0]],[[7224,4903],[0,64]],[[7849,4967],[25,0],[0,-64],[-25,0],[0,64]],[[8462,4967],[0,-32],[12,0]],[[8474,4935],[0,-32],[-25,0],[0,64],[13,0]],[[2450,5161],[25,0]],[[2487,5161],[13,0]],[[2537,5161],[63,0]],[[2600,5161],[0,-65],[25,0],[0,-32],[-13,0],[0,-32],[13,0],[0,-32],[-13,0],[0,-33],[-12,0]],[[2600,4967],[0,33]],[[2600,5000],[-13,0],[0,-65],[-12,0],[0,-32]],[[2575,4903],[-25,0],[0,32],[12,0]],[[2525,5000],[0,64]],[[2525,5064],[-25,0]],[[2500,5064],[0,-97]],[[2500,4967],[-38,0]],[[2437,5096],[0,33]],[[3350,4935],[0,-32],[-13,0],[0,32]],[[4550,4935],[0,-32]],[[4550,4903],[-13,0]],[[4962,4935],[13,0]],[[4975,4935],[0,-32]],[[4975,4903],[-13,0]],[[4962,4903],[0,32]],[[5149,4935],[0,-32],[-12,0]],[[5137,4903],[0,32],[12,0]],[[5199,4935],[13,0]],[[5212,4935],[0,-32],[-13,0]],[[5199,4903],[0,32]],[[5287,4935],[50,0],[0,-32],[-50,0],[0,32]],[[6487,4935],[0,-32]],[[6487,4903],[-13,0]],[[6474,4903],[0,32],[13,0]],[[7224,4935],[0,-32]],[[7224,4903],[-25,0]],[[7724,4935],[13,0],[0,-32],[-13,0]],[[7724,4903],[0,32]],[[7799,4935],[0,-32]],[[7799,4903],[-12,0],[0,32]],[[7949,4935],[13,0]],[[7962,4935],[0,-32]],[[7962,4903],[-13,0],[0,32]],[[6237,5225],[0,-290]],[[6249,4903],[-25,0]],[[6224,4903],[0,-33]],[[6224,4870],[-12,0],[0,33]],[[6212,4903],[-13,0]],[[6199,4903],[0,97]],[[6199,5000],[-12,0],[0,64],[-13,0],[0,97]],[[6187,5193],[37,0]],[[6224,5193],[0,32]],[[5974,4935],[0,-65]],[[5974,4870],[-12,0]],[[5962,4870],[0,97]],[[5962,4967],[-25,0]],[[5937,4967],[0,97]],[[5924,5064],[0,65]],[[5924,5129],[13,0]],[[5937,5129],[0,32]],[[5937,5161],[62,0]],[[5999,5161],[0,32],[13,0],[0,-32],[12,0],[0,-32],[-12,0],[0,-194],[-38,0]],[[7949,5000],[13,0]],[[7962,5000],[0,-33],[25,0],[0,-97],[-25,0]],[[7962,4870],[0,65]],[[7949,4935],[0,65]],[[5187,4935],[12,0]],[[5199,4935],[0,-65]],[[5199,4870],[-12,0]],[[5187,4870],[0,65]],[[5637,4967],[0,-32]],[[5637,4935],[12,0]],[[5649,4935],[0,-32]],[[5662,4967],[25,0]],[[5687,4967],[0,-32],[-13,0]],[[5674,4935],[0,-65]],[[5674,4870],[-37,0],[0,33]],[[5637,4903],[-25,0]],[[5612,4903],[0,32],[12,0]],[[5624,4935],[0,32]],[[6487,4935],[25,0],[0,-65]],[[6512,4870],[-13,0]],[[6499,4870],[0,33]],[[6499,4903],[-12,0]],[[3050,4903],[12,0],[0,-33]],[[3062,4870],[-12,0]],[[3050,4870],[0,33]],[[3300,4870],[-25,0]],[[3275,4870],[0,33],[25,0],[0,-33]],[[4537,4903],[0,-33]],[[4537,4870],[-12,0],[0,33]],[[4537,4903],[25,0]],[[4562,4903],[0,-33],[-25,0]],[[4775,4903],[12,0],[0,-33],[-12,0],[0,33]],[[5087,4903],[12,0],[0,-33]],[[5099,4870],[-12,0]],[[5087,4870],[0,33]],[[5512,4903],[12,0],[0,-33],[-12,0],[0,33]],[[5887,4870],[-13,0],[0,33],[13,0],[0,-33]],[[5974,4903],[13,0],[0,-33]],[[5987,4870],[-13,0]],[[5974,4870],[0,33]],[[6224,4903],[13,0],[0,-33],[-13,0]],[[6474,4903],[25,0]],[[6499,4870],[-25,0],[0,33]],[[6512,4870],[0,33],[12,0],[0,-33],[-12,0]],[[7074,4903],[13,0],[0,-33]],[[7087,4870],[-13,0]],[[7074,4870],[0,33]],[[7112,4903],[25,0],[0,-33],[-25,0],[0,33]],[[7162,4903],[12,0]],[[7174,4903],[0,-33]],[[7174,4870],[-12,0]],[[7162,4870],[0,33]],[[7174,4903],[13,0]],[[7187,4903],[0,-33]],[[7187,4870],[-13,0]],[[7199,4903],[0,-33]],[[7199,4870],[-12,0]],[[7237,4903],[0,-33],[-13,0]],[[7224,4870],[0,33]],[[7799,4903],[13,0],[0,-33]],[[7812,4870],[-13,0],[0,33]],[[4825,5129],[87,0]],[[4925,5064],[75,0]],[[5000,5032],[12,0]],[[5012,5000],[12,0]],[[5024,5000],[0,-65],[13,0],[0,-32],[12,0],[0,-65],[-12,0],[0,32],[-13,0],[0,-32],[-12,0]],[[5012,4838],[0,65]],[[5012,4903],[-37,0]],[[4975,4935],[-50,0]],[[4925,4935],[0,-32],[-13,0],[0,32],[-12,0],[0,-32],[-13,0],[0,32],[-12,0],[0,-65],[-13,0],[0,-32],[-12,0],[0,32],[-38,0],[0,33],[-12,0],[0,32]],[[4800,4935],[-13,0]],[[4787,4967],[-25,0]],[[4762,4967],[0,65]],[[4762,5032],[38,0]],[[5512,4903],[-13,0],[0,-65],[-12,0],[0,65],[-13,0],[0,-33],[-12,0],[0,65],[25,0],[0,32],[12,0],[0,-32],[13,0],[0,-32]],[[8374,4935],[13,0]],[[8387,4935],[0,-97],[-13,0],[0,97]],[[3025,4903],[25,0]],[[3050,4870],[-13,0]],[[3037,4870],[0,-32],[-12,0],[0,65]],[[7724,4903],[0,-65]],[[7724,4838],[-12,0]],[[7712,4838],[0,65],[12,0]],[[2612,4935],[25,0]],[[2637,4935],[0,-65],[13,0],[0,-32]],[[2650,4838],[-38,0]],[[2612,4838],[0,32],[13,0],[0,33],[-13,0],[0,32]],[[3300,4870],[0,-32]],[[3300,4838],[-25,0],[0,32]],[[5699,4838],[-12,0]],[[5687,4838],[0,32],[12,0],[0,-32]],[[5887,4870],[12,0],[0,-32],[-12,0],[0,32]],[[5962,4870],[0,-32]],[[5962,4838],[-13,0],[0,32],[13,0]],[[6424,4870],[13,0],[0,-32]],[[6437,4838],[-13,0]],[[6424,4838],[0,32]],[[7087,4870],[0,-32],[-13,0],[0,32]],[[7199,4870],[0,-32]],[[7199,4838],[-12,0],[0,32]],[[7212,4870],[12,0]],[[7224,4870],[0,-32]],[[7224,4838],[-12,0]],[[7212,4838],[0,32]],[[7912,4903],[0,-65]],[[7912,4838],[-25,0]],[[7887,4838],[0,32],[12,0],[0,33],[13,0]],[[5937,5032],[0,-129]],[[5949,4967],[13,0]],[[5962,4838],[0,-32]],[[5962,4806],[-50,0]],[[5912,4806],[0,194]],[[5912,5000],[-13,0],[0,32],[13,0]],[[5912,5032],[0,32]],[[3112,4838],[-12,0],[0,-32]],[[3100,4806],[-13,0],[0,32]],[[3087,4838],[-12,0],[0,65],[37,0],[0,-65]],[[5187,4903],[0,-33]],[[5199,4870],[0,-64]],[[5199,4806],[-12,0]],[[5187,4806],[0,32],[-13,0]],[[5174,4838],[0,32]],[[5174,4870],[-12,0]],[[5162,4870],[0,33],[25,0]],[[5399,4806],[-25,0]],[[5374,4806],[0,64]],[[5374,4870],[-12,0],[0,33],[37,0],[0,-97]],[[7212,4870],[0,-64]],[[7212,4806],[-13,0]],[[7199,4806],[0,97]],[[5087,4870],[25,0]],[[5112,4870],[0,-64]],[[5112,4806],[-13,0]],[[5099,4806],[0,32]],[[5099,4838],[-12,0]],[[5087,4838],[0,32]],[[5337,4806],[-38,0]],[[5299,4806],[0,64],[13,0],[0,-32],[25,0],[0,-32]],[[2587,4838],[13,0],[0,-32]],[[2600,4806],[-13,0],[0,32]],[[2625,4838],[12,0]],[[2637,4838],[0,-32],[-12,0]],[[2625,4806],[0,32]],[[2937,4838],[0,-32]],[[2937,4806],[-12,0]],[[2925,4806],[0,32],[12,0]],[[2937,4838],[13,0]],[[2950,4838],[0,-32]],[[2950,4806],[-13,0]],[[3112,4838],[0,-32]],[[3112,4806],[-12,0]],[[4725,4838],[12,0],[0,-32],[-12,0],[0,32]],[[5012,4838],[0,-32],[-12,0]],[[5000,4806],[0,32],[12,0]],[[5149,4838],[13,0],[0,-32],[-13,0],[0,32]],[[5187,4806],[-13,0]],[[5174,4806],[0,32]],[[5212,4838],[12,0],[0,-32],[-12,0],[0,32]],[[5437,4838],[0,-32]],[[5437,4806],[-13,0],[0,32],[13,0]],[[5962,4838],[12,0],[0,-32],[-12,0]],[[6349,4838],[13,0]],[[6362,4838],[0,-32],[-13,0],[0,32]],[[6437,4838],[0,-32],[-13,0]],[[6424,4806],[0,32]],[[7162,4806],[-13,0],[0,32],[13,0],[0,-32]],[[7724,4838],[0,-32]],[[7724,4806],[-12,0],[0,32]],[[7887,4838],[0,-32]],[[7887,4806],[-13,0],[0,32],[13,0]],[[7887,4838],[12,0]],[[7899,4838],[0,-32],[-12,0]],[[7937,4838],[12,0]],[[7949,4838],[0,-32],[-12,0]],[[7937,4806],[0,32]],[[8424,4838],[25,0],[0,-32],[-25,0],[0,32]],[[2600,5000],[0,-65]],[[2600,4935],[12,0]],[[2612,4838],[13,0]],[[2625,4838],[0,-64]],[[2625,4774],[-13,0]],[[2612,4774],[0,32],[-12,0]],[[2587,4838],[0,32],[-25,0],[0,33],[13,0]],[[5624,4903],[13,0]],[[5674,4870],[0,-32]],[[5674,4838],[13,0]],[[5687,4838],[0,-64],[-38,0],[0,32],[-12,0]],[[5637,4806],[0,-32]],[[5637,4774],[-13,0]],[[5624,4774],[0,32],[-12,0],[0,32],[-38,0],[0,32],[13,0],[0,33],[12,0],[0,-33],[25,0],[0,33]],[[3100,4806],[0,-32],[-38,0]],[[3062,4774],[0,64],[25,0]],[[4537,4838],[25,0],[0,-64]],[[4562,4774],[-25,0],[0,64]],[[4812,4838],[0,-64]],[[4812,4774],[-25,0]],[[4787,4774],[0,64],[25,0]],[[5699,4838],[13,0],[0,-64],[-13,0],[0,64]],[[6424,4870],[0,-64]],[[6424,4806],[-25,0],[0,-32],[-25,0],[0,64]],[[6374,4838],[25,0],[0,32],[25,0]],[[3200,4806],[0,-32]],[[3200,4774],[-25,0]],[[3175,4774],[0,32],[25,0]],[[3200,4806],[12,0]],[[3212,4806],[0,-32]],[[3212,4774],[-12,0]],[[3212,4806],[13,0]],[[3225,4806],[0,-32]],[[3225,4774],[-13,0]],[[3262,4774],[-12,0]],[[3250,4774],[0,32],[12,0],[0,-32]],[[4637,4806],[13,0]],[[4650,4806],[0,-32]],[[4650,4774],[-13,0]],[[4637,4774],[0,32]],[[5000,4806],[0,-32]],[[5000,4774],[-13,0]],[[4987,4774],[0,32],[13,0]],[[5124,4806],[13,0],[0,-32],[-13,0],[0,32]],[[5187,4806],[0,-32]],[[5187,4774],[-13,0]],[[5174,4774],[0,32]],[[5262,4806],[12,0]],[[5274,4806],[0,-32]],[[5274,4774],[-12,0]],[[5262,4774],[0,32]],[[5399,4806],[13,0]],[[5412,4806],[0,-32]],[[5412,4774],[-13,0],[0,32]],[[5437,4806],[12,0],[0,-32],[-12,0],[0,32]],[[5537,4806],[12,0],[0,-32],[-12,0],[0,32]],[[6274,4806],[0,-32]],[[6274,4774],[-12,0],[0,32],[12,0]],[[7724,4806],[13,0],[0,-32],[-13,0]],[[7724,4774],[0,32]],[[7574,5000],[13,0],[0,-194],[-13,0],[0,-65],[-12,0],[0,194],[12,0],[0,65]],[[2912,4806],[13,0]],[[2925,4806],[0,-65]],[[2925,4741],[-13,0]],[[2912,4741],[0,65]],[[2925,4806],[37,0]],[[2962,4806],[0,-32],[-12,0],[0,-33]],[[2950,4741],[-13,0],[0,33],[-12,0]],[[2925,4774],[0,32]],[[4962,4806],[13,0]],[[4975,4806],[0,-65]],[[4975,4741],[-13,0]],[[4962,4741],[0,65]],[[5287,4806],[62,0]],[[5349,4806],[0,-65]],[[5349,4741],[-12,0],[0,33],[-13,0]],[[5324,4774],[0,-33]],[[5324,4741],[-12,0]],[[5312,4741],[0,33],[-13,0],[0,-33]],[[5299,4741],[-12,0]],[[5287,4741],[0,65]],[[7224,4838],[0,-64]],[[7224,4774],[-12,0],[0,-33],[-13,0],[0,33]],[[7199,4774],[-37,0]],[[7162,4774],[0,32]],[[7162,4806],[50,0]],[[7212,4806],[0,32]],[[7949,4838],[13,0],[0,-32]],[[7962,4806],[12,0]],[[7974,4806],[0,-65]],[[7974,4741],[-25,0]],[[7949,4741],[0,33]],[[7949,4774],[-12,0]],[[7937,4774],[0,32]],[[3225,4806],[12,0],[0,-32],[13,0]],[[3250,4774],[0,-33]],[[3250,4741],[-50,0],[0,33]],[[3200,4774],[25,0]],[[3262,4774],[25,0],[0,-33]],[[3287,4741],[-25,0],[0,33]],[[4587,4774],[0,-33]],[[4587,4741],[-12,0],[0,33],[12,0]],[[4587,4774],[13,0]],[[4600,4774],[0,-33]],[[4600,4741],[-13,0]],[[4750,4774],[12,0]],[[4762,4774],[0,-33]],[[4762,4741],[-12,0]],[[4750,4741],[0,33]],[[5037,4774],[12,0]],[[5049,4774],[0,-33]],[[5049,4741],[-12,0],[0,33]],[[5187,4774],[12,0],[0,-33]],[[5199,4741],[-12,0],[0,33]],[[5312,4741],[-13,0]],[[5412,4774],[12,0]],[[5424,4774],[0,-33]],[[5424,4741],[-12,0],[0,33]],[[6199,4774],[0,-33]],[[6199,4741],[-12,0],[0,33],[12,0]],[[6299,4774],[13,0],[0,-33],[-13,0],[0,33]],[[7874,4774],[0,-33],[-12,0],[0,33],[12,0]],[[7924,4774],[25,0]],[[7949,4741],[-25,0]],[[7924,4741],[0,33]],[[4625,4806],[12,0]],[[4637,4774],[25,0]],[[4662,4774],[0,-65],[-25,0]],[[4637,4709],[0,32],[-12,0],[0,33],[-13,0],[0,64],[13,0],[0,-32]],[[2912,4806],[0,-97]],[[2912,4709],[-12,0]],[[2900,4709],[0,97],[12,0]],[[5737,5032],[0,-32]],[[5737,5000],[25,0]],[[5762,5000],[0,-65]],[[5762,4935],[-13,0],[0,-97],[-12,0],[0,-32],[25,0],[0,-97],[-13,0],[0,32],[-12,0],[0,-32],[-50,0],[0,32]],[[5687,4741],[-50,0]],[[5637,4741],[0,65]],[[5674,4838],[0,97]],[[5687,4967],[-38,0]],[[5649,4967],[0,-32]],[[5637,4935],[0,65]],[[5924,4806],[38,0]],[[5962,4806],[0,-32],[-13,0]],[[5949,4774],[0,-65]],[[5949,4709],[-12,0],[0,32],[-13,0],[0,65]],[[3037,4870],[25,0]],[[3062,4870],[0,-129]],[[3062,4741],[13,0]],[[3075,4741],[0,-32]],[[3075,4709],[-25,0]],[[3050,4709],[0,32]],[[3050,4741],[-25,0]],[[3025,4741],[0,-32]],[[3025,4709],[-38,0]],[[2987,4709],[0,65],[13,0],[0,32],[-25,0]],[[2975,4806],[0,64],[12,0],[0,33],[38,0]],[[3137,4774],[38,0]],[[3175,4774],[0,-65]],[[3175,4709],[-38,0]],[[3137,4709],[0,65]],[[6424,4709],[0,65],[13,0],[0,-65],[-13,0]],[[7937,4838],[0,-64]],[[7937,4774],[-13,0]],[[7924,4741],[-25,0]],[[7899,4741],[0,-32],[-25,0],[0,65]],[[7874,4774],[13,0]],[[7887,4774],[0,32]],[[7899,4838],[13,0]],[[7912,4838],[0,32]],[[7912,4870],[12,0],[0,33],[13,0],[0,-33],[12,0],[0,-32]],[[2900,4709],[-13,0]],[[2887,4709],[0,32],[13,0],[0,-32]],[[2950,4741],[25,0]],[[2975,4741],[0,-32]],[[2975,4709],[-25,0],[0,32]],[[3025,4741],[12,0]],[[3037,4741],[0,-32],[-12,0]],[[3187,4741],[0,-32]],[[3187,4709],[-12,0]],[[3175,4709],[0,32],[12,0]],[[4600,4741],[0,-32]],[[4600,4709],[-13,0],[0,32]],[[4600,4741],[12,0],[0,-32]],[[4612,4709],[-12,0]],[[4812,4741],[0,-32],[-12,0],[0,32],[12,0]],[[5099,4741],[25,0],[0,-32]],[[5124,4709],[-25,0]],[[5099,4709],[0,32]],[[5249,4806],[13,0]],[[5262,4774],[25,0]],[[5287,4774],[0,-33]],[[5287,4741],[-13,0],[0,-32]],[[5274,4709],[-37,0]],[[5237,4709],[0,32]],[[5237,4741],[12,0],[0,65]],[[5287,4741],[0,-32]],[[5287,4709],[-13,0]],[[5299,4741],[0,-32]],[[5299,4709],[-12,0]],[[5299,4741],[25,0]],[[5324,4741],[0,-32]],[[5324,4709],[-25,0]],[[5637,4774],[0,-65]],[[5637,4709],[-25,0],[0,32],[12,0],[0,33]],[[5887,4709],[-13,0]],[[5874,4709],[0,32],[13,0],[0,-32]],[[5174,5064],[50,0]],[[5299,5000],[13,0]],[[5312,5000],[0,-33]],[[5312,4967],[62,0]],[[5374,4967],[0,-32]],[[5374,4935],[38,0]],[[5412,4935],[0,-129]],[[5374,4870],[0,-32]],[[5374,4838],[-25,0]],[[5349,4838],[0,-32]],[[5349,4806],[-12,0]],[[5299,4806],[-12,0]],[[5287,4806],[0,-32]],[[5287,4774],[-13,0]],[[5274,4806],[-25,0]],[[5237,4741],[0,33]],[[5237,4774],[-13,0],[0,-33],[-25,0]],[[5199,4806],[0,97]],[[5212,4935],[-25,0]],[[5187,4935],[0,-32]],[[5162,4870],[-25,0]],[[5137,4870],[0,33]],[[5137,4903],[-13,0],[0,-97]],[[5124,4806],[-12,0]],[[5112,4870],[-13,0]],[[5087,4903],[0,-65]],[[5099,4838],[0,-97]],[[5099,4741],[-37,0]],[[5062,4741],[0,33]],[[5062,4774],[-25,0]],[[5049,4741],[0,-64]],[[5049,4677],[-37,0]],[[5012,4677],[0,64]],[[5012,4741],[-12,0]],[[5000,4741],[0,65]],[[5024,5000],[13,0]],[[4850,5225],[50,0]],[[3112,4806],[0,-97]],[[3112,4709],[-25,0],[0,-32]],[[3087,4677],[-12,0]],[[3075,4677],[0,64]],[[3062,4741],[0,33]],[[5374,4838],[0,-129]],[[5374,4709],[-25,0]],[[5349,4709],[0,-32]],[[5349,4677],[-12,0]],[[5337,4677],[0,32],[-13,0]],[[5324,4709],[0,65]],[[5349,4741],[0,97]],[[5599,4774],[25,0]],[[5637,4709],[0,32]],[[5637,4741],[12,0]],[[5649,4741],[0,-64]],[[5649,4677],[-50,0]],[[5599,4677],[0,97]],[[5237,4774],[0,-65]],[[5237,4709],[-13,0]],[[5224,4709],[0,-32]],[[5224,4677],[-25,0],[0,64]],[[7187,4774],[12,0]],[[7224,4774],[0,-65]],[[7224,4709],[-25,0],[0,-32]],[[7199,4677],[-25,0],[0,32],[-12,0],[0,32],[25,0],[0,33]],[[2800,4709],[25,0],[0,-32]],[[2825,4677],[-25,0],[0,32]],[[2912,4709],[0,-32]],[[2912,4677],[-12,0],[0,32]],[[3000,4709],[12,0]],[[3012,4709],[0,-32]],[[3012,4677],[-12,0]],[[3000,4677],[0,32]],[[3012,4709],[13,0]],[[3025,4709],[0,-32]],[[3025,4677],[-13,0]],[[3262,4709],[0,-32]],[[3262,4677],[-12,0]],[[3250,4677],[0,32],[12,0]],[[5262,4709],[12,0]],[[5274,4709],[0,-32]],[[5274,4677],[-12,0]],[[5262,4677],[0,32]],[[5287,4709],[0,-32]],[[5287,4677],[-13,0]],[[5337,4677],[-13,0]],[[5324,4677],[0,32]],[[5349,4709],[13,0]],[[5362,4709],[0,-32],[-13,0]],[[5874,4709],[0,-32],[-12,0],[0,32],[12,0]],[[6274,4709],[13,0]],[[6287,4709],[0,-32]],[[6287,4677],[-13,0],[0,32]],[[6412,4709],[12,0]],[[6424,4709],[0,-32]],[[6424,4677],[-12,0]],[[6412,4677],[0,32]],[[7224,4709],[0,-32]],[[7224,4677],[-12,0]],[[7212,4677],[0,32],[12,0]],[[7224,4709],[25,0],[0,-32]],[[7249,4677],[-25,0]],[[7712,4709],[12,0]],[[7724,4709],[0,-32],[-12,0],[0,32]],[[7787,4677],[-13,0],[0,32],[13,0],[0,-32]],[[8299,4709],[13,0],[0,-32],[-13,0],[0,32]],[[8462,4677],[0,32],[12,0],[0,-32],[-12,0]],[[5637,5129],[0,-129]],[[5624,5000],[0,-65]],[[5612,4903],[12,0]],[[5599,4774],[0,-65]],[[5599,4709],[-12,0],[0,-32],[-25,0],[0,-32]],[[5562,4645],[-13,0]],[[5549,4645],[0,32],[-12,0],[0,32],[-13,0],[0,32],[-37,0],[0,65],[-13,0],[0,32],[-37,0]],[[5437,4838],[0,65],[12,0],[0,32],[-25,0],[0,-32],[-12,0]],[[5412,4903],[0,32]],[[5374,4935],[0,97]],[[5362,5000],[-13,0]],[[5349,4967],[-37,0]],[[5312,5000],[12,0]],[[5337,5064],[162,0]],[[5074,4741],[25,0]],[[5099,4709],[-12,0]],[[5087,4709],[0,-32],[12,0],[0,-32]],[[5099,4645],[-25,0]],[[5074,4645],[0,96]],[[7974,4806],[13,0]],[[7987,4806],[0,-97],[-13,0],[0,-32],[-25,0]],[[7949,4677],[0,-32]],[[7949,4645],[-12,0]],[[7937,4645],[0,64],[-13,0],[0,32]],[[7924,4741],[50,0]],[[3037,4741],[13,0]],[[3050,4741],[0,-96]],[[3050,4645],[-25,0]],[[3025,4645],[0,64]],[[3075,4709],[0,-32]],[[3075,4677],[-13,0]],[[3062,4677],[0,-32],[-12,0]],[[3050,4645],[0,64]],[[4612,4709],[25,0]],[[4637,4709],[0,-32],[13,0],[0,-32]],[[4650,4645],[-38,0],[0,64]],[[2762,4677],[13,0],[0,-32]],[[2775,4645],[-13,0],[0,32]],[[3162,4677],[13,0],[0,-32],[-13,0],[0,32]],[[4700,4677],[12,0],[0,-32],[-12,0],[0,32]],[[4912,4645],[-12,0]],[[4900,4645],[0,32],[12,0],[0,-32]],[[5349,4677],[0,-32]],[[5349,4645],[-12,0],[0,32]],[[5462,4677],[12,0],[0,-32],[-12,0],[0,32]],[[6424,4677],[0,-32],[-12,0]],[[6412,4645],[0,32]],[[7199,4677],[13,0]],[[7212,4677],[0,-32],[-13,0]],[[7199,4645],[0,32]],[[7562,4677],[25,0],[0,-32],[-25,0],[0,32]],[[7949,4677],[13,0],[0,-32],[-13,0]],[[8462,4677],[0,-32],[-13,0]],[[8449,4645],[0,32],[13,0]],[[7937,4645],[-25,0]],[[7912,4645],[0,-33]],[[7912,4612],[-13,0]],[[7899,4612],[0,129]],[[5224,4709],[38,0]],[[5262,4709],[0,-64]],[[5262,4645],[-13,0],[0,-33],[-25,0]],[[5224,4612],[0,97]],[[5912,4806],[12,0]],[[5949,4709],[0,-97]],[[5949,4612],[-37,0]],[[5912,4612],[0,33],[-13,0]],[[5899,4645],[0,32],[-12,0],[0,32]],[[5887,4709],[12,0],[0,65],[13,0]],[[5912,4774],[0,32]],[[5349,4645],[0,-33]],[[5349,4612],[-25,0]],[[5324,4612],[0,65]],[[6287,4677],[12,0],[0,-65]],[[6299,4612],[-12,0],[0,65]],[[3012,4645],[25,0]],[[3037,4645],[0,-33]],[[3037,4612],[-25,0],[0,33]],[[3037,4645],[13,0]],[[3050,4645],[0,-33],[-13,0]],[[3262,4645],[0,-33]],[[3262,4612],[-12,0],[0,33],[12,0]],[[3262,4645],[13,0],[0,-33],[-13,0]],[[5074,4645],[13,0]],[[5087,4645],[0,-33],[-13,0]],[[5074,4612],[0,33]],[[5174,4612],[-12,0],[0,33],[12,0],[0,-33]],[[5262,4645],[12,0]],[[5274,4645],[0,-33]],[[5274,4612],[-12,0]],[[5262,4612],[0,33]],[[5274,4645],[13,0]],[[5287,4645],[0,-33]],[[5287,4612],[-13,0]],[[5287,4645],[12,0]],[[5299,4645],[0,-33]],[[5299,4612],[-12,0]],[[5512,4645],[0,-33]],[[5512,4612],[-13,0]],[[5499,4612],[0,33],[13,0]],[[5762,4612],[0,33],[12,0],[0,-33],[-12,0]],[[5799,4677],[25,0]],[[5824,4677],[0,-65]],[[5824,4612],[-37,0],[0,33],[12,0],[0,32]],[[5837,4645],[12,0],[0,-33]],[[5849,4612],[-12,0]],[[5837,4612],[0,33]],[[5912,4612],[-13,0],[0,33]],[[6412,4645],[0,-33],[-13,0]],[[6399,4612],[0,33],[13,0]],[[8449,4645],[0,-33],[-12,0]],[[8437,4612],[0,33],[12,0]],[[7087,4870],[12,0],[0,-32],[13,0],[0,-32],[12,0],[0,-129],[13,0],[0,-97]],[[7137,4580],[-13,0],[0,32],[-12,0],[0,129],[-13,0],[0,65],[-12,0],[0,64]],[[6199,4806],[25,0],[0,-32],[13,0]],[[6237,4774],[0,-65]],[[6237,4709],[37,0]],[[6299,4612],[0,-32]],[[6299,4580],[-25,0]],[[6274,4580],[0,32],[-37,0],[0,33],[-25,0],[0,32],[-13,0]],[[6199,4677],[0,129]],[[2600,5161],[62,0]],[[2662,5161],[0,-65]],[[2687,5096],[0,-355],[13,0],[0,-32],[25,0],[0,-32],[12,0],[0,-65]],[[2737,4612],[-12,0],[0,33],[-25,0],[0,-65]],[[2700,4580],[-25,0]],[[2675,4580],[0,65]],[[2675,4645],[-25,0],[0,32],[-38,0],[0,97]],[[2625,4774],[0,32]],[[2637,4838],[13,0]],[[2637,4935],[-37,0]],[[2600,4935],[0,32]],[[6362,4838],[12,0]],[[6424,4806],[0,-97]],[[6412,4709],[0,-64]],[[6399,4612],[-12,0],[0,-32]],[[6387,4580],[-63,0]],[[6324,4580],[0,32],[-25,0]],[[6287,4709],[-50,0]],[[6237,4774],[37,0]],[[6274,4806],[38,0],[0,32],[12,0],[0,-32],[13,0],[0,32],[12,0]],[[5137,4870],[37,0]],[[5174,4870],[0,-96]],[[5224,4677],[0,-65]],[[5224,4612],[-12,0],[0,33],[-13,0],[0,-33],[-25,0]],[[5174,4612],[0,-32]],[[5174,4580],[-50,0]],[[5124,4580],[0,32]],[[5124,4612],[-12,0]],[[5112,4612],[0,33]],[[5112,4645],[-13,0]],[[5087,4709],[37,0]],[[5099,4741],[0,65]],[[5099,4806],[25,0]],[[5549,4645],[-25,0]],[[5524,4645],[0,-65]],[[5524,4580],[-12,0]],[[5512,4580],[0,65]],[[5499,4612],[-12,0],[0,-32],[-13,0],[0,32],[-37,0],[0,-32],[-13,0],[0,65],[-25,0],[0,32],[-12,0],[0,32],[37,0]],[[5424,4709],[0,65]],[[5412,4774],[0,129]],[[2675,4580],[-13,0],[0,65],[13,0]],[[4962,4645],[13,0],[0,-33],[12,0],[0,-32]],[[4987,4580],[-25,0]],[[4962,4580],[0,65]],[[5012,4645],[12,0],[0,-65]],[[5024,4580],[-12,0]],[[5012,4580],[0,65]],[[5112,4645],[0,-65]],[[5112,4580],[-13,0],[0,65]],[[7937,4645],[0,-33],[-13,0],[0,-32],[-12,0]],[[7912,4580],[0,65]],[[8337,5000],[12,0]],[[8349,5000],[0,-33],[13,0],[0,-32]],[[8362,4935],[12,0]],[[8374,4935],[0,-65],[-25,0],[0,-32],[-12,0],[0,-32],[-13,0],[0,-32],[13,0],[0,-33],[-13,0],[0,-32],[-25,0]],[[8299,4709],[0,-64],[-12,0],[0,-33],[-13,0],[0,-32],[-25,0]],[[8249,4580],[0,65],[13,0],[0,32],[12,0],[0,32],[13,0],[0,32],[12,0],[0,65],[13,0],[0,32],[12,0],[0,65],[25,0],[0,32],[-12,0],[0,65]],[[8512,4645],[0,-33],[12,0],[0,-32]],[[8524,4580],[-25,0],[0,65],[13,0]],[[3062,4612],[13,0],[0,-32],[-13,0],[0,32]],[[4700,4612],[12,0]],[[4712,4612],[0,-32],[-12,0]],[[4700,4580],[0,32]],[[5012,4612],[0,-32]],[[5012,4580],[-12,0]],[[5000,4580],[0,32],[12,0]],[[5287,4709],[37,0]],[[5324,4709],[0,-129]],[[5324,4580],[-50,0],[0,32]],[[5274,4612],[25,0]],[[5299,4645],[-37,0]],[[5262,4645],[0,32]],[[5262,4677],[25,0]],[[5512,4612],[0,-32]],[[5512,4580],[-13,0]],[[5499,4580],[0,32]],[[5537,4612],[12,0],[0,-32],[-12,0],[0,32]],[[6324,4580],[-25,0]],[[6399,4612],[0,-32]],[[6399,4580],[-12,0]],[[7274,4580],[-12,0]],[[7262,4580],[0,32],[12,0],[0,-32]],[[7912,4612],[0,-32]],[[7912,4580],[-13,0],[0,32]],[[7237,6128],[0,-64]],[[7287,6032],[87,0]],[[7399,5967],[63,0]],[[7462,5935],[-13,0]],[[7449,5903],[-75,0]],[[7337,5903],[-38,0]],[[7312,5838],[-13,0]],[[7424,5806],[13,0]],[[7437,5741],[12,0]],[[7449,5741],[0,-64]],[[7437,5612],[50,0]],[[7474,5677],[25,0]],[[7499,5677],[0,-65]],[[7524,5612],[0,-64],[-37,0],[0,-32],[-50,0]],[[7437,5548],[-25,0]],[[7387,5387],[-13,0],[0,-33],[-25,0]],[[7349,5354],[0,-64],[-25,0],[0,-32],[-12,0],[0,-33],[-25,0]],[[7287,5354],[12,0]],[[7299,5387],[-12,0]],[[7262,5483],[-13,0]],[[7237,5612],[-25,0]],[[7212,5580],[-13,0]],[[7199,5548],[13,0]],[[7212,5548],[0,-65]],[[7199,5483],[0,-64]],[[7249,5225],[25,0]],[[7262,5193],[0,-64],[-13,0]],[[7237,5161],[0,-65]],[[7224,5064],[-50,0]],[[7187,5032],[0,-32]],[[7162,5000],[0,-130]],[[7162,4870],[25,0]],[[7199,4838],[0,-32]],[[7199,4806],[-37,0]],[[7162,4774],[25,0]],[[7199,4645],[-25,0],[0,-65],[-12,0],[0,-32],[-13,0]],[[7149,4548],[0,32],[-12,0]],[[7074,4903],[0,32],[-12,0],[0,97],[-13,0],[0,64],[13,0]],[[7074,5161],[75,0]],[[7174,5161],[-12,0]],[[7162,5225],[-50,0]],[[7112,5225],[0,97]],[[7099,5322],[0,32]],[[7049,5451],[0,-64]],[[7062,5354],[-13,0]],[[7049,5354],[0,-64]],[[7049,5290],[-37,0],[0,64]],[[7024,5354],[0,97]],[[7037,5483],[-13,0]],[[7124,5612],[-12,0]],[[7112,5645],[37,0]],[[7137,5870],[25,0]],[[7162,5903],[37,0]],[[7162,5967],[0,65]],[[7174,6032],[0,129]],[[7174,6161],[-37,0]],[[7137,6161],[0,64]],[[7137,6225],[-25,0]],[[7112,6225],[0,65]],[[7249,5806],[38,0]],[[7287,5838],[-25,0]],[[7162,5612],[0,-64]],[[7174,5548],[0,64]],[[4775,4709],[12,0],[0,-32],[13,0],[0,-32],[25,0],[0,-33],[12,0]],[[4837,4612],[0,-64]],[[4837,4548],[-25,0],[0,32],[-25,0]],[[4787,4580],[0,65]],[[4787,4645],[-12,0]],[[4775,4645],[0,64]],[[5837,4677],[0,-129]],[[5837,4548],[-13,0]],[[5824,4548],[0,129]],[[5824,4677],[-12,0]],[[5812,4677],[0,32],[12,0],[0,32],[13,0],[0,-32],[12,0],[0,-32],[-12,0]],[[5262,4645],[0,-65]],[[5262,4580],[-13,0]],[[5249,4580],[0,-32]],[[5249,4548],[-25,0]],[[5224,4548],[0,64]],[[5837,4612],[25,0]],[[5862,4612],[0,-64]],[[5862,4548],[-25,0]],[[5837,4548],[0,64]],[[2725,4580],[0,-32]],[[2725,4548],[-13,0],[0,32],[13,0]],[[4787,4645],[0,-97]],[[4787,4548],[-12,0],[0,32],[-13,0],[0,-32]],[[4762,4548],[-37,0]],[[4725,4548],[0,32]],[[4725,4580],[25,0]],[[4750,4580],[0,32],[25,0]],[[4775,4612],[0,33]],[[4987,4580],[0,-32]],[[4987,4548],[-25,0]],[[4962,4548],[0,32]],[[4987,4580],[25,0]],[[5012,4580],[0,-32]],[[5012,4548],[-25,0]],[[5024,4580],[13,0],[0,-32],[-13,0],[0,32]],[[6399,4580],[0,-32],[-12,0]],[[6387,4548],[0,32]],[[7149,4548],[-12,0],[0,32]],[[7724,4580],[13,0]],[[7737,4580],[0,-32],[-13,0],[0,32]],[[5049,4774],[13,0]],[[5062,4741],[12,0]],[[5074,4741],[0,-129]],[[5074,4612],[-12,0],[0,-96]],[[5062,4516],[-13,0]],[[5049,4516],[0,258]],[[2825,4677],[0,-65],[-13,0]],[[2812,4612],[0,-32],[-12,0],[0,32],[-13,0],[0,-96],[-37,0]],[[2750,4516],[0,32]],[[2750,4548],[-25,0]],[[2725,4580],[-25,0]],[[2737,4612],[0,33],[13,0],[0,32],[12,0]],[[2775,4645],[0,64],[25,0]],[[4712,5032],[50,0]],[[4762,4967],[13,0]],[[4775,4935],[25,0]],[[4925,4935],[37,0]],[[4962,4903],[50,0]],[[4987,4774],[-12,0]],[[4975,4774],[0,32]],[[4962,4806],[0,-32]],[[4962,4774],[-12,0],[0,32],[-25,0],[0,-129],[12,0],[0,32],[13,0],[0,-64]],[[4950,4645],[-38,0]],[[4900,4645],[-13,0]],[[4887,4645],[0,32],[-12,0],[0,-32],[-38,0],[0,32],[13,0],[0,64],[-38,0]],[[4812,4741],[0,97]],[[4787,4774],[-37,0]],[[4750,4741],[-13,0]],[[4737,4741],[0,-64],[-12,0],[0,-65]],[[4725,4612],[-25,0]],[[4700,4580],[-13,0],[0,32],[-12,0],[0,33],[12,0],[0,32],[-25,0],[0,-65],[-12,0],[0,-32],[12,0],[0,-64]],[[4662,4516],[-25,0],[0,64],[-12,0],[0,65],[25,0]],[[4600,4774],[-38,0]],[[4537,4838],[0,32]],[[4562,4903],[-12,0]],[[4550,4903],[0,64]],[[4550,4967],[12,0]],[[4662,4967],[0,65]],[[4662,4774],[-12,0]],[[4650,4806],[-25,0]],[[4700,4580],[0,-32]],[[4700,4548],[-13,0],[0,-32],[-25,0]],[[5074,4612],[0,-96]],[[5074,4516],[-12,0]],[[8249,4580],[13,0],[0,-64]],[[8262,4516],[-13,0]],[[8249,4516],[0,32],[-12,0]],[[8237,4548],[0,64],[12,0],[0,-32]],[[4912,4548],[-12,0],[0,-32],[-13,0],[0,32],[-12,0],[0,32],[37,0],[0,-32]],[[5262,4580],[0,-32]],[[5262,4548],[12,0],[0,-32],[-25,0]],[[5249,4516],[0,64]],[[5362,4580],[12,0],[0,-32],[13,0],[0,-32]],[[5387,4516],[-25,0]],[[5362,4516],[0,64]],[[2725,4548],[12,0]],[[2737,4548],[0,-32]],[[2737,4516],[-12,0],[0,32]],[[2737,4548],[13,0]],[[2750,4516],[-13,0]],[[3137,4548],[13,0],[0,-32],[-13,0],[0,32]],[[3200,4516],[-13,0]],[[3187,4516],[0,32],[13,0],[0,-32]],[[3225,4516],[-13,0]],[[3212,4516],[0,32],[13,0],[0,-32]],[[4987,4548],[0,-32]],[[4987,4516],[-25,0]],[[4962,4516],[0,32]],[[4987,4548],[13,0]],[[5000,4548],[0,-32]],[[5000,4516],[-13,0]],[[5362,4548],[0,-32]],[[5362,4516],[-25,0]],[[5337,4516],[0,32],[25,0]],[[5699,4548],[13,0],[0,-32],[-13,0],[0,32]],[[5799,4516],[0,32],[13,0],[0,-32],[-13,0]],[[5837,4548],[12,0]],[[5849,4548],[0,-32]],[[5849,4516],[-12,0],[0,32]],[[5849,4548],[13,0]],[[5862,4548],[0,-32]],[[5862,4516],[-13,0]],[[7287,4516],[-13,0]],[[7274,4516],[0,32],[13,0],[0,-32]],[[8249,4516],[-12,0]],[[8237,4516],[0,32]],[[4712,4612],[25,0]],[[4737,4612],[0,-32]],[[4737,4580],[-12,0]],[[4725,4548],[12,0]],[[4737,4548],[0,-32]],[[4737,4516],[-25,0]],[[4712,4516],[0,-33]],[[4712,4483],[-12,0]],[[4700,4483],[0,97]],[[4837,4580],[13,0],[0,-97],[-13,0]],[[4837,4483],[0,97]],[[5049,4677],[0,-194]],[[5049,4483],[-37,0]],[[5012,4483],[0,97]],[[5012,4645],[0,32]],[[7599,4483],[0,33],[-12,0]],[[7587,4516],[0,64],[12,0],[0,-32],[13,0],[0,-65],[-13,0]],[[5000,4548],[12,0]],[[5012,4548],[0,-65]],[[5012,4483],[-12,0]],[[5000,4483],[0,65]],[[8512,4548],[12,0]],[[8524,4548],[0,-65],[-12,0],[0,65]],[[2750,4516],[12,0],[0,-33],[-12,0],[0,33]],[[2962,4516],[13,0],[0,-33],[-13,0],[0,33]],[[3225,4516],[12,0],[0,-33]],[[3237,4483],[-12,0],[0,33]],[[3387,4516],[13,0],[0,-33],[-13,0]],[[3387,4483],[0,33]],[[5062,4516],[0,-33],[-13,0]],[[5049,4483],[0,33]],[[5299,4483],[0,33],[25,0],[0,-33],[-25,0]],[[5624,4516],[13,0],[0,-33],[-13,0],[0,33]],[[5862,4516],[0,-33]],[[5862,4483],[-13,0]],[[5849,4483],[0,33]],[[7287,4516],[0,-33],[-13,0],[0,33]],[[7599,4483],[-12,0],[0,33]],[[7762,4516],[0,-33],[-13,0],[0,33],[13,0]],[[7812,4516],[12,0],[0,-33],[-12,0]],[[7812,4483],[0,33]],[[8262,4516],[12,0],[0,-33]],[[8274,4483],[-12,0],[0,33]],[[2950,4838],[25,0],[0,-32]],[[2987,4709],[13,0]],[[3000,4677],[25,0]],[[3025,4677],[0,-32]],[[3025,4645],[-13,0]],[[3037,4612],[0,-32],[-12,0],[0,-32],[12,0],[0,-32],[-12,0],[0,-65],[-25,0]],[[3000,4451],[0,161]],[[3000,4612],[-13,0],[0,33],[-25,0],[0,32],[13,0]],[[2975,4677],[0,64]],[[2962,4806],[-12,0]],[[7212,4677],[37,0]],[[7249,4677],[0,-32],[13,0],[0,-65]],[[7274,4580],[0,-129]],[[7274,4451],[-25,0],[0,97],[-12,0],[0,32],[-25,0]],[[7212,4580],[0,97]],[[8512,4677],[0,-32]],[[8524,4580],[0,-32]],[[8512,4548],[0,-97],[-13,0],[0,97]],[[8499,4548],[-12,0],[0,129],[25,0]],[[5087,4645],[12,0]],[[5112,4580],[0,32]],[[5124,4612],[0,-64]],[[5124,4548],[-12,0]],[[5112,4548],[0,-65]],[[5112,4483],[-25,0],[0,-32]],[[5087,4451],[-13,0]],[[5074,4451],[0,161]],[[5912,4612],[12,0]],[[5924,4612],[0,-161]],[[5924,4451],[-12,0],[0,161]],[[6387,4548],[-13,0],[0,-32],[-12,0],[0,-33],[-13,0],[0,-32]],[[6349,4451],[-25,0]],[[6324,4451],[0,32]],[[6324,4483],[-12,0]],[[6312,4483],[0,65],[12,0],[0,32]],[[3162,4516],[13,0]],[[3175,4516],[0,-65],[-13,0]],[[3162,4451],[0,65]],[[4737,4516],[63,0],[0,-33],[-13,0]],[[4787,4483],[0,-32]],[[4787,4451],[-25,0]],[[4762,4451],[0,32],[-25,0],[0,33]],[[8399,4516],[13,0],[0,-65],[-13,0]],[[8399,4451],[0,65]],[[2987,4483],[13,0]],[[3000,4483],[0,-32]],[[3000,4451],[-13,0]],[[2987,4451],[0,32]],[[3137,4483],[13,0]],[[3150,4483],[0,-32],[-13,0]],[[3137,4451],[0,32]],[[5012,4483],[12,0]],[[5024,4483],[0,-32]],[[5024,4451],[-12,0]],[[5012,4451],[0,32]],[[5024,4483],[25,0]],[[5049,4483],[0,-32]],[[5049,4451],[-25,0]],[[5074,4516],[0,-65]],[[5074,4451],[-25,0]],[[5112,4483],[0,-32]],[[5112,4451],[-25,0]],[[5262,4483],[12,0]],[[5274,4483],[0,-32]],[[5274,4451],[-12,0],[0,32]],[[5412,4483],[12,0],[0,-32],[-12,0],[0,32]],[[6087,4483],[12,0]],[[6099,4483],[0,-32],[-12,0]],[[6087,4451],[0,32]],[[8337,4451],[0,32],[25,0],[0,-32],[-25,0]],[[5862,4645],[37,0]],[[5924,4451],[0,-32],[-37,0],[0,32],[-13,0],[0,32]],[[5874,4483],[-12,0]],[[5862,4483],[0,162]],[[5987,4612],[25,0],[0,-32],[12,0],[0,-161],[-12,0],[0,64],[-13,0],[0,-32],[-12,0],[0,32],[-13,0],[0,97],[13,0],[0,32]],[[7274,4451],[0,-32],[-62,0],[0,161]],[[5124,4580],[38,0]],[[5162,4580],[0,-129]],[[5162,4451],[-13,0],[0,-32]],[[5149,4419],[-25,0]],[[5124,4419],[0,32],[-12,0]],[[5112,4451],[0,97]],[[5124,4548],[0,32]],[[5924,4548],[13,0],[0,-32],[12,0],[0,-33],[13,0],[0,-32],[12,0]],[[5974,4451],[0,-32]],[[5974,4419],[-37,0],[0,32],[-13,0]],[[5924,4451],[0,97]],[[3362,4516],[25,0]],[[3387,4483],[25,0],[0,-64]],[[3412,4419],[-12,0],[0,32],[-25,0],[0,32],[-13,0],[0,33]],[[4762,4451],[-25,0]],[[4737,4451],[0,-32],[-12,0]],[[4725,4419],[0,32]],[[4725,4451],[-13,0]],[[4712,4451],[0,65]],[[5274,4483],[25,0]],[[5299,4483],[0,-32],[-12,0],[0,-32],[-13,0]],[[5274,4419],[0,64]],[[6062,4483],[25,0]],[[6087,4483],[0,-64]],[[6087,4419],[-25,0],[0,64]],[[6287,4483],[37,0]],[[6324,4451],[-25,0],[0,-32],[-12,0]],[[6287,4419],[0,64]],[[2837,4451],[13,0],[0,-32],[-13,0]],[[2837,4419],[0,32]],[[2912,4451],[13,0],[0,-32],[-13,0],[0,32]],[[2975,4451],[0,-32]],[[2975,4419],[-13,0]],[[2962,4419],[0,32],[13,0]],[[3237,4483],[13,0]],[[3250,4483],[0,-32]],[[3250,4451],[12,0],[0,-32],[-37,0],[0,32],[12,0],[0,32]],[[3462,4451],[13,0]],[[3475,4451],[0,-32],[-13,0],[0,32]],[[4700,4451],[0,-32]],[[4700,4419],[-13,0],[0,32],[13,0]],[[5037,4451],[12,0]],[[5049,4451],[0,-32]],[[5049,4419],[-12,0]],[[5037,4419],[0,32]],[[5049,4451],[13,0],[0,-32],[-13,0]],[[5124,4419],[-12,0],[0,32]],[[5162,4483],[12,0],[0,-32],[13,0],[0,-32]],[[5187,4419],[-38,0]],[[5162,4451],[0,32]],[[6324,4451],[13,0]],[[6337,4451],[0,-32],[-13,0]],[[6324,4419],[0,32]],[[7637,4419],[0,32],[25,0],[0,-32],[-25,0]],[[8462,4451],[0,-32],[-13,0]],[[8449,4419],[0,32],[13,0]],[[5224,4516],[0,32]],[[5224,4548],[13,0]],[[5237,4548],[0,-65],[-13,0]],[[5224,4483],[0,-96]],[[5224,4387],[-12,0]],[[5212,4387],[0,96]],[[5212,4483],[-13,0],[0,33],[-12,0],[0,32],[12,0],[0,32],[13,0],[0,-64],[12,0]],[[8349,5258],[0,-33]],[[8374,5096],[25,0],[0,-64]],[[8399,5032],[63,0],[0,-65]],[[8474,4935],[13,0],[0,-97],[12,0],[0,-97],[13,0],[0,-64]],[[8499,4548],[0,-161],[-37,0],[0,64]],[[8449,4419],[-12,0],[0,97],[-38,0]],[[8399,4451],[-25,0]],[[8374,4451],[0,97],[13,0],[0,32],[12,0],[0,32],[13,0],[0,33],[-13,0],[0,32],[-12,0],[0,64],[-13,0],[0,65],[13,0],[0,129]],[[8387,4935],[-25,0]],[[8337,5000],[0,64]],[[8324,5064],[0,129],[13,0],[0,65]],[[8399,4935],[0,-32],[13,0],[0,32],[-13,0]],[[8462,4677],[-25,0],[0,-65]],[[4700,4548],[0,-65]],[[4712,4483],[0,-32]],[[4725,4451],[0,-64],[-13,0],[0,32],[-12,0]],[[4700,4451],[-25,0],[0,32],[-13,0],[0,33]],[[3000,4451],[0,-64],[-13,0]],[[2987,4387],[0,64]],[[3287,4451],[25,0]],[[3312,4451],[0,-64]],[[3312,4387],[-12,0],[0,32],[-13,0]],[[3287,4419],[0,32]],[[4862,4451],[13,0]],[[4875,4451],[0,-64]],[[4875,4387],[-13,0]],[[4862,4387],[0,64]],[[2950,4419],[12,0]],[[2962,4419],[0,-32]],[[2962,4387],[-12,0]],[[2950,4387],[0,32]],[[2975,4419],[0,-32]],[[2975,4387],[-13,0]],[[3062,4419],[25,0],[0,-32],[-25,0],[0,32]],[[3150,4419],[25,0],[0,-32],[-25,0],[0,32]],[[4887,4419],[13,0]],[[4900,4419],[0,-32]],[[4900,4387],[-13,0]],[[4887,4387],[0,32]],[[5000,4419],[24,0]],[[5024,4419],[0,-32]],[[5024,4387],[-24,0]],[[5000,4387],[0,32]],[[5024,4419],[13,0]],[[5037,4419],[0,-32],[-13,0]],[[6287,4419],[0,-32]],[[6287,4387],[-13,0]],[[6274,4387],[0,32],[13,0]],[[6324,4419],[0,-32]],[[6324,4387],[-12,0]],[[6312,4387],[0,32],[12,0]],[[8349,4419],[25,0]],[[8374,4419],[0,-32],[-25,0],[0,32]],[[5224,4612],[0,-96]],[[5212,4483],[0,-129]],[[5212,4354],[-13,0]],[[5199,4354],[0,65]],[[5199,4419],[-12,0]],[[5162,4483],[0,97]],[[5162,4580],[12,0]],[[4937,4516],[63,0]],[[5000,4516],[0,-33]],[[5012,4451],[25,0]],[[5037,4419],[-37,0]],[[5000,4387],[-13,0],[0,-33]],[[4987,4354],[-37,0]],[[4950,4354],[0,65]],[[4950,4419],[-13,0],[0,97]],[[5149,4419],[0,-65],[-12,0],[0,65],[12,0]],[[5162,4419],[37,0]],[[5199,4354],[-25,0],[0,33],[-12,0],[0,32]],[[5362,4419],[12,0]],[[5374,4419],[0,-65]],[[5374,4354],[-12,0]],[[5362,4354],[0,65]],[[2925,4354],[0,33],[12,0],[0,-33],[-12,0]],[[2962,4387],[0,-33]],[[2962,4354],[-12,0]],[[2950,4354],[0,33]],[[3287,4387],[0,-33]],[[3287,4354],[-12,0],[0,33],[12,0]],[[3437,4354],[-25,0],[0,33],[25,0],[0,-33]],[[4787,4387],[13,0],[0,-33]],[[4800,4354],[-13,0]],[[4787,4354],[0,33]],[[4875,4387],[0,-33]],[[4875,4354],[-13,0]],[[4862,4354],[0,33]],[[4900,4387],[0,-33]],[[4900,4354],[-13,0]],[[4887,4354],[0,33]],[[5000,4387],[0,-33],[-13,0]],[[5237,4387],[12,0]],[[5249,4387],[0,-33]],[[5249,4354],[-12,0]],[[5237,4354],[0,33]],[[5274,4387],[0,-33]],[[5274,4354],[-12,0]],[[5262,4354],[0,33],[12,0]],[[5274,4387],[13,0],[0,-33]],[[5287,4354],[-13,0]],[[5349,4419],[13,0]],[[5362,4354],[-25,0]],[[5337,4354],[0,33],[12,0],[0,32]],[[7774,4387],[13,0]],[[7787,4387],[0,-33],[-13,0],[0,33]],[[8199,4419],[0,-65]],[[8199,4354],[-25,0],[0,33],[13,0],[0,32],[12,0]],[[8337,4451],[37,0]],[[8374,4451],[0,-32]],[[8349,4419],[0,-65],[-25,0]],[[8324,4354],[0,33]],[[8324,4387],[13,0],[0,64]],[[2875,4548],[25,0],[0,-65],[-13,0]],[[2887,4483],[0,-161]],[[2887,4322],[-12,0]],[[2875,4322],[0,226]],[[4962,4774],[0,-33]],[[4975,4741],[0,33]],[[4975,4774],[25,0]],[[5000,4774],[0,-33]],[[5012,4741],[0,-129]],[[5000,4580],[-13,0]],[[4962,4645],[0,-129]],[[4962,4516],[-25,0]],[[4950,4419],[0,-97]],[[4950,4322],[-13,0]],[[4937,4322],[0,65],[-12,0],[0,32],[-13,0],[0,129]],[[4912,4548],[25,0],[0,32],[13,0],[0,32],[-13,0],[0,33]],[[4937,4645],[13,0]],[[4737,4451],[50,0]],[[4787,4451],[0,-97]],[[4787,4354],[-12,0]],[[4775,4354],[0,-32],[-38,0],[0,32],[-12,0],[0,65]],[[2837,4387],[13,0],[0,-65],[-13,0]],[[2837,4322],[0,65]],[[2962,4387],[25,0]],[[2987,4387],[0,-65],[-12,0]],[[2975,4322],[0,32]],[[2975,4354],[-13,0]],[[3375,4419],[12,0],[0,-32],[13,0],[0,-33],[-13,0],[0,-32],[-25,0],[0,65],[13,0],[0,32]],[[5312,4387],[12,0],[0,-65],[-12,0],[0,65]],[[5824,4387],[13,0],[0,-65],[-13,0],[0,65]],[[2887,4354],[13,0],[0,-32]],[[2900,4322],[-13,0]],[[2887,4322],[0,32]],[[2925,4354],[0,-32],[-13,0]],[[2912,4322],[0,32],[13,0]],[[3175,4354],[12,0],[0,-32],[-12,0],[0,32]],[[3287,4354],[13,0]],[[3300,4354],[0,-32]],[[3300,4322],[-13,0],[0,32]],[[3437,4354],[13,0],[0,-32],[-13,0]],[[3437,4322],[0,32]],[[3562,4354],[13,0],[0,-32]],[[3575,4322],[-13,0],[0,32]],[[4950,4354],[12,0],[0,-32],[-12,0]],[[4950,4322],[0,32]],[[5249,4451],[0,-64]],[[5237,4387],[0,-65]],[[5237,4322],[-38,0]],[[5199,4322],[0,32]],[[5212,4354],[0,33]],[[5224,4387],[0,32]],[[5224,4419],[13,0],[0,32],[12,0]],[[6287,4354],[12,0],[0,-32],[-12,0],[0,32]],[[8299,4354],[13,0],[0,-32],[-13,0],[0,32]],[[8524,4354],[0,-32]],[[8524,4322],[-12,0]],[[8512,4322],[0,32],[12,0]],[[8524,4354],[13,0],[0,-32]],[[8537,4322],[-13,0]],[[5149,4419],[13,0]],[[5199,4322],[-25,0]],[[5174,4322],[0,-32]],[[5174,4290],[-25,0],[0,129]],[[4762,4774],[50,0]],[[4812,4774],[0,-33]],[[4887,4645],[50,0]],[[4937,4322],[-12,0],[0,32],[-25,0]],[[4900,4354],[0,65]],[[4887,4419],[0,-65]],[[4887,4354],[-12,0]],[[4875,4354],[0,97]],[[4862,4451],[0,-97]],[[4862,4354],[-25,0],[0,-32],[-25,0],[0,-32],[-37,0],[0,64]],[[4775,4354],[25,0]],[[4787,4387],[0,96]],[[4737,4548],[25,0]],[[4787,4548],[0,32]],[[4837,4548],[0,-65]],[[4837,4580],[0,32]],[[4775,4709],[0,-97]],[[4750,4580],[-13,0]],[[4737,4612],[-12,0]],[[4737,4741],[25,0]],[[5649,4322],[-25,0]],[[5624,4322],[0,-32]],[[5624,4290],[-12,0]],[[5612,4290],[0,64],[12,0],[0,33],[13,0],[0,32],[25,0],[0,-65],[-13,0],[0,-32]],[[5974,4354],[13,0]],[[5987,4354],[0,-64]],[[5987,4290],[-13,0]],[[5974,4290],[0,64]],[[6199,4354],[50,0]],[[6249,4354],[0,-64],[-25,0],[0,32],[-25,0]],[[6199,4322],[0,32]],[[2825,4677],[25,0],[0,-32],[12,0]],[[2862,4645],[0,-194],[13,0]],[[2875,4451],[0,-129]],[[2875,4322],[-13,0]],[[2862,4322],[0,-32]],[[2862,4290],[-25,0]],[[2837,4290],[0,32]],[[2837,4387],[0,32]],[[2837,4451],[0,32],[-12,0],[0,65],[-13,0],[0,64]],[[3050,4322],[12,0]],[[3062,4322],[0,-32]],[[3062,4290],[-12,0]],[[3050,4290],[0,32]],[[5174,4322],[38,0]],[[5212,4322],[0,-32]],[[5212,4290],[-38,0]],[[5212,4322],[12,0]],[[5224,4322],[0,-32]],[[5224,4290],[-12,0]],[[5224,4322],[13,0]],[[5237,4322],[0,-32]],[[5237,4290],[-13,0]],[[5274,4322],[13,0]],[[5287,4322],[0,-32]],[[5287,4290],[-13,0]],[[5274,4290],[0,32]],[[5287,4322],[12,0]],[[5299,4322],[0,-32]],[[5299,4290],[-12,0]],[[5437,4322],[12,0]],[[5449,4322],[0,-32]],[[5449,4290],[-12,0]],[[5437,4290],[0,32]],[[7999,4322],[0,-32]],[[7999,4290],[-12,0]],[[7987,4290],[0,32],[12,0]],[[6312,4387],[25,0]],[[6337,4387],[0,-33],[-13,0],[0,-32],[-12,0],[0,-64]],[[6312,4258],[-38,0]],[[6274,4258],[0,64],[-12,0]],[[6262,4322],[0,65]],[[6262,4387],[25,0]],[[5249,4419],[25,0]],[[5274,4419],[0,-32]],[[5262,4354],[37,0]],[[5299,4354],[0,-32]],[[5299,4322],[-25,0]],[[5274,4290],[-12,0]],[[5262,4290],[0,-32],[-13,0]],[[5249,4258],[0,32],[-12,0]],[[5237,4290],[0,64]],[[5249,4354],[0,65]],[[3437,4322],[0,-64],[-37,0],[0,64],[37,0]],[[3575,4322],[12,0],[0,-64]],[[3587,4258],[-12,0],[0,64]],[[6387,4548],[0,-65],[-13,0],[0,-64],[-12,0],[0,-32],[-13,0],[0,-65],[-12,0],[0,-32],[-13,0],[0,-32],[-12,0]],[[6337,4387],[-13,0]],[[6337,4451],[12,0]],[[8512,4322],[25,0]],[[8537,4322],[0,-32]],[[8537,4290],[-13,0],[0,-32]],[[8524,4258],[-12,0],[0,64]],[[2837,4290],[13,0]],[[2850,4290],[0,-32]],[[2850,4258],[-13,0]],[[2837,4258],[0,32]],[[2850,4290],[12,0]],[[2862,4290],[0,-32]],[[2862,4258],[-12,0]],[[5249,4258],[-12,0],[0,32]],[[5537,4258],[-50,0]],[[5487,4258],[0,32]],[[5487,4290],[37,0]],[[5524,4290],[0,32],[13,0],[0,-64]],[[7749,4290],[13,0],[0,-32],[-13,0]],[[7749,4258],[0,32]],[[7999,4290],[0,-32]],[[7999,4258],[-12,0]],[[7987,4258],[0,32]],[[8149,4258],[-12,0],[0,32],[12,0],[0,-32]],[[8537,4290],[0,-32],[-13,0]],[[2875,4322],[25,0]],[[2900,4322],[0,-64]],[[2900,4258],[-13,0],[0,-33],[-12,0],[0,97]],[[2900,4322],[12,0]],[[2912,4322],[0,-97]],[[2912,4225],[-12,0]],[[2900,4225],[0,97]],[[2975,4709],[0,-32]],[[3000,4612],[0,-129]],[[2987,4483],[0,-96]],[[2987,4387],[-12,0]],[[2975,4387],[0,64]],[[2950,4419],[0,-65]],[[2950,4354],[25,0]],[[2975,4322],[-25,0],[0,-32],[-25,0],[0,-65],[-13,0]],[[2887,4354],[0,129]],[[2875,4548],[0,-97]],[[2862,4645],[13,0],[0,32],[12,0],[0,32]],[[2912,4677],[0,64]],[[2925,4741],[0,33]],[[7999,4322],[13,0],[0,-97]],[[8012,4225],[-13,0]],[[7999,4225],[0,97]],[[5262,4290],[25,0]],[[5287,4290],[0,-32],[-13,0],[0,-33],[-12,0]],[[5262,4225],[0,65]],[[6049,4225],[-12,0],[0,33],[-25,0],[0,32],[37,0],[0,-65]],[[8274,4290],[13,0],[0,-65],[-13,0],[0,65]],[[8474,4290],[25,0],[0,-65],[-25,0],[0,65]],[[3137,4709],[50,0]],[[3187,4741],[38,0]],[[3225,4741],[0,-32],[12,0],[0,-32]],[[3237,4677],[25,0]],[[3262,4677],[0,-32]],[[3262,4612],[0,-32],[13,0],[0,-64]],[[3275,4516],[-25,0]],[[3250,4516],[0,-33]],[[3212,4516],[-12,0]],[[3187,4516],[-25,0]],[[3162,4516],[0,-33]],[[3162,4483],[-25,0]],[[3137,4483],[0,-64]],[[3137,4419],[-12,0],[0,-32]],[[3125,4387],[-13,0]],[[3112,4387],[0,-33],[-12,0],[0,-32]],[[3100,4322],[-50,0]],[[3050,4290],[-13,0]],[[3037,4290],[0,-32],[-25,0]],[[3012,4258],[0,-33]],[[3012,4225],[-50,0],[0,33],[13,0],[0,64]],[[3062,4677],[25,0]],[[3112,4709],[0,65],[25,0]],[[3187,4258],[13,0],[0,-33],[-13,0],[0,33]],[[5249,4258],[0,-33],[-25,0],[0,33],[25,0]],[[5799,4225],[-12,0]],[[5787,4225],[0,33],[12,0],[0,-33]],[[7999,4258],[0,-33]],[[7999,4225],[-12,0],[0,33]],[[5499,4258],[13,0]],[[5512,4258],[0,-65]],[[5512,4193],[-13,0]],[[5499,4193],[0,65]],[[5424,4741],[0,-32]],[[5499,4580],[25,0]],[[5524,4645],[38,0]],[[5599,4709],[0,-32]],[[5599,4677],[63,0]],[[5662,4677],[0,-32],[62,0],[0,-33],[38,0]],[[5762,4612],[0,-32],[12,0],[0,-32],[13,0],[0,-32],[12,0]],[[5799,4516],[0,-33],[13,0],[0,-32],[25,0],[0,-32],[25,0],[0,-97],[12,0],[0,-32],[13,0],[0,-32],[-13,0],[0,-33],[-12,0],[0,-32]],[[5862,4193],[-38,0]],[[5824,4193],[0,32],[-25,0]],[[5787,4225],[-13,0],[0,33],[-25,0],[0,-33],[-12,0],[0,33],[-38,0],[0,32],[13,0],[0,32],[-13,0],[0,32],[-12,0],[0,-32]],[[5687,4322],[-38,0]],[[5612,4290],[-50,0]],[[5562,4290],[0,-32],[12,0],[0,-33],[-62,0]],[[5512,4225],[0,33]],[[5512,4258],[25,0]],[[5524,4290],[-50,0]],[[5474,4290],[0,32]],[[5474,4322],[-37,0]],[[5437,4290],[-13,0]],[[5424,4290],[0,-32],[-12,0],[0,32],[-38,0],[0,32]],[[5374,4322],[-37,0]],[[5337,4322],[0,-32]],[[5337,4290],[-38,0]],[[5299,4290],[0,64]],[[5299,4354],[-12,0]],[[5249,4419],[0,32]],[[5224,4419],[0,64]],[[5237,4548],[12,0]],[[5249,4548],[0,-32]],[[5262,4548],[0,64]],[[5324,4580],[0,32]],[[5349,4612],[0,65]],[[5362,4709],[12,0]],[[5374,4709],[0,97]],[[5362,4580],[0,-32]],[[5337,4516],[50,0]],[[5274,4451],[0,-32]],[[5299,4483],[-37,0]],[[5337,4354],[37,0]],[[5374,4419],[-25,0]],[[7949,4193],[0,32]],[[7949,4225],[-12,0],[0,33],[25,0],[0,-65],[-13,0]],[[2837,4193],[-12,0],[0,32],[12,0],[0,-32]],[[2912,4225],[0,-32]],[[2912,4193],[-12,0]],[[2900,4193],[0,32]],[[5462,4225],[12,0],[0,-32],[-12,0],[0,32]],[[5799,4225],[0,-32],[-12,0],[0,32]],[[6049,4225],[13,0],[0,-32]],[[6062,4193],[-13,0],[0,32]],[[6237,4225],[12,0]],[[6249,4225],[0,-32],[-12,0]],[[6237,4193],[0,32]],[[7949,4193],[-25,0],[0,32],[25,0]],[[8012,4225],[25,0],[0,-32],[-25,0],[0,32]],[[7874,4290],[0,-65],[13,0]],[[7887,4225],[0,-32],[-13,0],[0,-32],[-12,0],[0,32],[-13,0],[0,32],[-25,0],[0,65],[-12,0],[0,32],[50,0],[0,-32],[12,0]],[[3312,4387],[0,-33]],[[3312,4354],[25,0]],[[3337,4354],[0,-64],[13,0]],[[3350,4290],[0,-129]],[[3350,4161],[-25,0]],[[3325,4161],[0,32],[-25,0],[0,32]],[[3300,4225],[-13,0]],[[3287,4225],[0,65],[13,0]],[[3300,4290],[0,64]],[[3287,4354],[0,65]],[[2900,4258],[0,-65]],[[2900,4193],[-13,0]],[[2887,4193],[0,-32],[-12,0],[0,32],[-13,0]],[[2862,4193],[0,-32]],[[2862,4161],[-12,0]],[[2850,4161],[0,97]],[[2862,4258],[0,64]],[[3525,4419],[12,0],[0,-32],[13,0],[0,-33],[12,0]],[[3587,4258],[0,-33],[-25,0]],[[3562,4225],[0,-32],[-12,0],[0,-32],[-25,0],[0,64],[12,0],[0,33],[13,0],[0,32],[-13,0],[0,64],[-12,0],[0,65]],[[7649,4225],[25,0],[0,-64],[-25,0],[0,64]],[[2812,4193],[0,-32],[-12,0]],[[2800,4161],[0,32],[12,0]],[[5662,4193],[12,0],[0,-32],[-12,0],[0,32]],[[5949,4193],[0,-32],[-12,0],[0,32],[12,0]],[[6062,4193],[12,0],[0,-32],[-12,0],[0,32]],[[6237,4193],[0,-32],[-13,0]],[[6224,4161],[0,32],[13,0]],[[7699,4161],[-12,0]],[[7687,4161],[0,32],[12,0],[0,-32]],[[7799,4193],[13,0],[0,-32]],[[7812,4161],[-13,0]],[[7799,4161],[0,32]],[[8562,4193],[12,0]],[[8574,4193],[0,-32]],[[8574,4161],[-12,0],[0,32]],[[8574,4193],[13,0],[0,-32],[-13,0]],[[3062,4322],[50,0]],[[3112,4322],[0,-32],[-12,0],[0,-65],[-13,0],[0,-32],[-12,0],[0,-32],[-13,0],[0,-32],[-12,0],[0,32],[-50,0],[0,32],[12,0]],[[3012,4193],[0,65]],[[3037,4290],[25,0]],[[2862,4161],[0,-32]],[[2862,4129],[-12,0]],[[2850,4129],[0,32]],[[3262,4161],[13,0],[0,-32],[-13,0],[0,32]],[[5299,4161],[13,0]],[[5312,4161],[0,-32]],[[5312,4129],[-13,0]],[[5299,4129],[0,32]],[[5874,4193],[13,0],[0,-64],[-25,0],[0,32],[12,0],[0,32]],[[6212,4161],[12,0]],[[6224,4161],[0,-32],[-12,0]],[[6212,4129],[0,32]],[[7824,4161],[13,0]],[[7837,4161],[0,-32],[-13,0],[0,32]],[[8049,4161],[38,0],[0,-32]],[[8087,4129],[-38,0],[0,32]],[[8224,4161],[13,0],[0,-32],[-13,0],[0,32]],[[3300,4838],[25,0],[0,-64],[-13,0],[0,-97],[13,0],[0,-32],[12,0],[0,-33],[25,0],[0,-32],[13,0],[0,-64],[-13,0]],[[3412,4419],[0,32],[50,0]],[[3475,4451],[25,0],[0,-32],[12,0]],[[3512,4419],[0,-32],[-12,0],[0,-97],[12,0],[0,-32],[-12,0],[0,-65],[-13,0],[0,-32],[-25,0],[0,-65],[-25,0],[0,33],[-12,0],[0,32],[-25,0],[0,-32],[-13,0]],[[3387,4129],[0,161],[-25,0],[0,-32],[-12,0]],[[3350,4258],[0,32]],[[3337,4354],[-12,0]],[[3325,4354],[0,97],[12,0],[0,-64],[13,0],[0,32],[12,0],[0,32],[-12,0],[0,32],[-25,0],[0,33],[-13,0],[0,64],[-25,0],[0,-32],[13,0],[0,-32]],[[3300,4516],[-25,0]],[[3262,4645],[0,64]],[[3250,4677],[-13,0]],[[3225,4741],[25,0]],[[3287,4741],[0,65],[13,0],[0,32]],[[2850,4161],[-13,0],[0,-65]],[[2837,4096],[-25,0]],[[2812,4096],[0,33]],[[2812,4129],[-12,0]],[[2800,4129],[0,32]],[[2812,4193],[25,0]],[[2837,4193],[0,65]],[[2850,4161],[0,-65]],[[2850,4096],[-13,0]],[[3112,4161],[13,0],[0,-65],[-13,0],[0,65]],[[5474,4161],[13,0],[0,-65],[-13,0],[0,65]],[[2862,4129],[13,0],[0,-33],[-13,0],[0,33]],[[3000,4129],[12,0],[0,-33],[-12,0],[0,33]],[[3387,4129],[0,-33],[-12,0],[0,33],[12,0]],[[5199,4129],[13,0],[0,-33],[-13,0],[0,33]],[[5262,4096],[-13,0]],[[5249,4096],[0,33],[13,0],[0,-33]],[[5449,4096],[-12,0],[0,33],[12,0],[0,-33]],[[6237,4129],[12,0],[0,-33],[-12,0]],[[6237,4096],[0,33]],[[7687,4129],[12,0],[0,-33],[-12,0]],[[7687,4096],[0,33]],[[8024,4129],[13,0],[0,-33],[-13,0]],[[8024,4096],[0,33]],[[8362,4096],[-13,0],[0,33],[13,0],[0,-33]],[[8462,4129],[0,-33]],[[8462,4096],[-13,0],[0,33],[13,0]],[[6249,4354],[13,0]],[[6262,4354],[0,-32]],[[6274,4258],[25,0]],[[6299,4258],[0,-33]],[[6299,4225],[-62,0]],[[6212,4161],[0,-97]],[[6212,4064],[-13,0]],[[6199,4064],[0,32],[-12,0],[0,33],[-13,0],[0,64],[-12,0]],[[6162,4193],[0,97]],[[6162,4290],[37,0]],[[6199,4290],[0,32]],[[6137,4161],[12,0],[0,-32],[13,0],[0,-65],[-25,0]],[[6137,4064],[0,97]],[[6299,4258],[13,0]],[[6312,4258],[0,-65],[-25,0],[0,-32],[-13,0],[0,-32],[-37,0]],[[6237,4096],[-13,0],[0,-32]],[[6224,4064],[-12,0]],[[6212,4064],[0,65]],[[6249,4225],[50,0]],[[3250,4064],[0,32],[12,0],[0,-32],[-12,0]],[[5262,4096],[0,-32]],[[5262,4064],[-13,0]],[[5249,4064],[0,32]],[[5449,4096],[13,0],[0,-32]],[[5462,4064],[-13,0],[0,32]],[[6237,4096],[0,-32],[-13,0]],[[7862,4096],[12,0]],[[7874,4096],[0,-32]],[[7874,4064],[-12,0]],[[7862,4064],[0,32]],[[8024,4096],[0,-32]],[[8024,4064],[-12,0]],[[8012,4064],[0,32],[12,0]],[[8362,4096],[12,0]],[[8374,4096],[0,-32]],[[8374,4064],[-12,0],[0,32]],[[8474,4096],[13,0]],[[8487,4096],[0,-32],[-13,0],[0,32]],[[8574,4161],[0,-32],[-12,0]],[[8562,4129],[0,-33],[-13,0],[0,-64],[-12,0]],[[8537,4032],[0,129],[12,0],[0,32],[13,0]],[[2850,4096],[0,-64]],[[2850,4032],[-13,0]],[[2837,4032],[0,64]],[[5912,4096],[37,0]],[[5949,4096],[0,-32]],[[5949,4064],[-12,0],[0,-32]],[[5937,4032],[-13,0]],[[5924,4032],[0,32]],[[5924,4064],[-12,0]],[[5912,4064],[0,32]],[[8537,4032],[-13,0]],[[8524,4032],[0,64],[13,0],[0,-64]],[[3075,4032],[0,32],[12,0],[0,32],[13,0],[0,-64],[-25,0]],[[5262,4064],[0,-32]],[[5262,4032],[-13,0]],[[5249,4032],[0,32]],[[5262,4064],[12,0]],[[5274,4064],[0,-32]],[[5274,4032],[-12,0]],[[5462,4064],[12,0],[0,-32],[-12,0],[0,32]],[[5949,4064],[0,-32]],[[5949,4032],[-12,0]],[[7874,4064],[0,-32]],[[7874,4032],[-12,0]],[[7862,4032],[0,32]],[[7874,4064],[13,0],[0,-32]],[[7887,4032],[-13,0]],[[8024,4064],[0,-32]],[[8024,4032],[-12,0]],[[8012,4032],[0,32]],[[8112,4032],[-75,0],[0,32],[12,0],[0,32],[13,0],[0,-32],[50,0],[0,-32]],[[8337,4064],[0,-32]],[[8337,4032],[-13,0],[0,32],[13,0]],[[8587,4064],[0,-32]],[[8587,4032],[-13,0],[0,32],[13,0]],[[5337,4322],[12,0]],[[5349,4322],[0,-97],[13,0],[0,-32],[12,0],[0,-32]],[[5374,4161],[-75,0]],[[5299,4129],[25,0]],[[5324,4129],[0,-33],[-12,0],[0,-32],[-13,0],[0,-64]],[[5299,4000],[-25,0]],[[5274,4000],[0,64]],[[5262,4064],[0,161]],[[5287,4290],[50,0]],[[2812,4129],[0,-97]],[[2812,4032],[-12,0]],[[2800,4032],[0,-32]],[[2800,4000],[-13,0],[0,32],[-12,0]],[[2775,4032],[0,64],[25,0],[0,33]],[[8374,4064],[0,-64]],[[8374,4000],[-25,0]],[[8349,4000],[0,64],[-12,0]],[[8337,4064],[0,32],[25,0]],[[8462,4129],[25,0],[0,-33]],[[8474,4096],[0,-64],[-12,0],[0,-32],[-75,0]],[[8387,4000],[0,64],[-13,0]],[[8374,4096],[88,0]],[[2775,4000],[-13,0]],[[2762,4000],[0,64],[13,0],[0,-64]],[[3150,4064],[0,-32],[12,0],[0,-32],[-25,0],[0,64],[13,0]],[[5924,4064],[0,-64]],[[5924,4000],[-12,0]],[[5912,4000],[0,64]],[[8387,4000],[-13,0]],[[3250,4032],[12,0]],[[3262,4032],[0,-32]],[[3262,4000],[-12,0]],[[3250,4000],[0,32]],[[3437,4032],[13,0],[0,-32],[-13,0],[0,32]],[[3612,4032],[0,-32],[-25,0]],[[3587,4000],[0,32],[25,0]],[[5187,4032],[0,-32]],[[5187,4000],[-13,0],[0,32],[13,0]],[[5187,4032],[12,0],[0,-32],[-12,0]],[[5937,4032],[0,-32]],[[5937,4000],[-13,0]],[[5924,4000],[0,32]],[[5974,4032],[13,0],[0,-32],[-13,0],[0,32]],[[7737,4032],[12,0],[0,-32]],[[7749,4000],[-12,0],[0,32]],[[8024,4032],[0,-32]],[[8024,4000],[-12,0],[0,32]],[[8537,4032],[0,-32],[-13,0]],[[8524,4000],[0,32]],[[8649,4000],[-37,0]],[[8612,4000],[0,32],[37,0],[0,-32]],[[3012,3967],[-12,0],[0,65],[-13,0],[0,32],[38,0],[0,-32],[-13,0],[0,-65]],[[5824,4064],[13,0]],[[5837,4064],[0,-64]],[[5837,4000],[12,0]],[[5849,4000],[0,-33]],[[5849,3967],[-25,0]],[[5824,3967],[0,97]],[[5812,4032],[12,0]],[[5824,4032],[0,-65]],[[5824,3967],[-12,0]],[[5812,3967],[0,65]],[[8349,4000],[-12,0],[0,-33]],[[8337,3967],[-25,0]],[[8312,3967],[0,65]],[[8312,4032],[25,0]],[[6037,3967],[0,33],[12,0],[0,-33],[-12,0]],[[7887,4032],[0,-65]],[[7887,3967],[-25,0]],[[7862,3967],[0,33],[12,0],[0,32]],[[7899,3967],[-12,0]],[[7887,3967],[0,33],[12,0],[0,-33]],[[8024,4000],[25,0],[0,-33],[-25,0]],[[8024,3967],[0,33]],[[8087,3967],[-25,0],[0,33],[25,0],[0,-33]],[[7799,4161],[25,0]],[[7837,4161],[12,0]],[[7849,4161],[0,-65]],[[7849,4096],[13,0]],[[7862,4096],[0,-64]],[[7862,3967],[12,0]],[[7874,3967],[0,-32]],[[7874,3935],[-25,0],[0,32],[-12,0],[0,97],[-50,0]],[[7787,4064],[0,129],[12,0]],[[2962,4161],[13,0],[0,-129],[-13,0],[0,-32],[13,0],[0,-33],[-25,0],[0,-32],[-13,0],[0,97],[13,0],[0,32],[-13,0],[0,32],[13,0],[0,33],[12,0],[0,32]],[[6137,4032],[12,0],[0,-32],[13,0]],[[6162,4000],[0,-65]],[[6162,3935],[-25,0]],[[6137,3935],[0,97]],[[7724,4032],[13,0]],[[7749,4000],[0,-33]],[[7749,3967],[-12,0],[0,-32]],[[7737,3935],[-13,0],[0,97]],[[3625,4000],[37,0],[0,-33],[-12,0]],[[3650,3967],[0,-32],[-13,0],[0,32],[-12,0],[0,33]],[[5474,3935],[-12,0],[0,65],[12,0],[0,-65]],[[5912,4032],[0,-32]],[[5912,4000],[-25,0],[0,-65]],[[5887,3935],[-13,0]],[[5874,3935],[0,32]],[[5874,3967],[-12,0],[0,33],[12,0],[0,32],[38,0]],[[5912,4000],[0,-65],[-25,0]],[[5937,4000],[12,0],[0,-65],[-12,0]],[[5937,3935],[0,65]],[[2825,3935],[-13,0],[0,32],[13,0],[0,-32]],[[2862,3967],[13,0],[0,-32],[-13,0],[0,32]],[[3012,3967],[25,0],[0,-32],[-25,0],[0,32]],[[5249,4032],[25,0]],[[5274,4032],[0,-32]],[[5274,4000],[-12,0]],[[5262,4000],[0,-65]],[[5262,3935],[-25,0]],[[5237,3935],[0,32],[12,0],[0,65]],[[5824,3967],[0,-32]],[[5824,3935],[-12,0]],[[5812,3935],[0,32]],[[5962,3967],[12,0]],[[5974,3967],[0,-32]],[[5974,3935],[-12,0]],[[5962,3935],[0,32]],[[5974,3967],[13,0]],[[5987,3967],[0,-32]],[[5987,3935],[-13,0]],[[6087,3967],[12,0],[0,-32],[-12,0],[0,32]],[[7749,3967],[0,-32],[-12,0]],[[7787,3967],[0,-32],[-13,0]],[[7774,3935],[0,32],[13,0]],[[7874,3967],[13,0]],[[7887,3967],[0,-32]],[[7887,3935],[-13,0]],[[7662,5999],[12,0]],[[7712,5999],[12,0]],[[7737,5967],[0,-97]],[[7749,5903],[13,0]],[[7862,5677],[37,0]],[[7887,5709],[0,65]],[[7887,5774],[37,0]],[[7974,5709],[50,0]],[[8024,5709],[0,-64]],[[8024,5645],[-25,0]],[[7999,5645],[0,-65]],[[8037,5548],[-13,0]],[[8024,5516],[-25,0],[0,-33],[-25,0],[0,97]],[[7912,5387],[0,-33]],[[7924,5322],[13,0]],[[7949,5354],[0,-32],[13,0],[0,-32],[12,0],[0,-65]],[[7974,5225],[25,0],[0,-32],[13,0],[0,-32],[12,0],[0,-97]],[[7999,5032],[25,0]],[[8037,5000],[0,-33],[12,0],[0,-64],[-12,0],[0,-97],[-13,0],[0,-32],[-12,0],[0,-33],[-25,0],[0,65]],[[7987,4806],[-25,0]],[[7912,4870],[0,33]],[[7887,4774],[-38,0],[0,64],[-12,0],[0,32],[-25,0]],[[7799,4903],[0,97]],[[7774,4967],[13,0]],[[7787,4967],[0,-129],[-13,0],[0,-64],[-12,0],[0,-97],[25,0]],[[7787,4677],[0,-97],[12,0],[0,-64],[13,0]],[[7812,4483],[25,0],[0,-32],[12,0],[0,-32],[25,0],[0,-129]],[[7887,4225],[12,0],[0,-129],[13,0],[0,-96],[12,0],[0,-33],[-12,0],[0,-32]],[[7912,3935],[-25,0]],[[7899,3967],[0,65],[-12,0]],[[7874,4096],[-25,0]],[[7849,4161],[-37,0]],[[7799,4193],[0,65],[-12,0],[0,129]],[[7774,4387],[0,32],[-12,0],[0,97]],[[7762,4516],[-25,0],[0,64]],[[7724,4580],[0,129]],[[7712,4709],[0,32],[12,0],[0,33]],[[7724,4806],[0,97]],[[7724,4935],[0,97]],[[7712,5032],[0,32]],[[7662,5516],[12,0]],[[7674,5516],[0,32]],[[7674,5580],[0,32]],[[7662,5548],[-38,0]],[[7624,5548],[0,-161]],[[7637,5387],[0,-129]],[[7612,5290],[0,64]],[[7612,5354],[-13,0]],[[7587,5387],[0,129]],[[7549,5548],[0,32]],[[7624,5935],[38,0]],[[7662,5935],[0,64]],[[7949,5000],[0,-33]],[[7962,4903],[0,-33]],[[8124,3935],[-37,0]],[[8087,3935],[0,32]],[[8087,3967],[25,0],[0,65]],[[8112,4032],[12,0],[0,32],[25,0],[0,-32],[-12,0],[0,-65],[-13,0],[0,-32]],[[8337,3967],[0,-32],[-25,0]],[[8312,3935],[0,32]],[[8524,3967],[13,0],[0,-32]],[[8537,3935],[-13,0]],[[8524,3935],[0,32]],[[5899,5064],[0,32]],[[5899,5096],[13,0]],[[5912,5096],[0,-64]],[[5912,5000],[0,-226]],[[5862,4645],[0,-33]],[[5862,4612],[-13,0]],[[5837,4645],[0,32]],[[5812,4677],[-13,0]],[[5824,4612],[0,-64]],[[5849,4483],[25,0]],[[5974,4419],[0,-32]],[[5974,4387],[13,0]],[[5987,4387],[0,-33]],[[5974,4354],[0,-32]],[[5974,4322],[-25,0],[0,-32],[-12,0],[0,-32],[12,0],[0,-65]],[[5949,4193],[13,0],[0,-64],[-13,0]],[[5949,4129],[0,-33]],[[5912,4096],[0,-64]],[[5874,3967],[0,-64]],[[5874,3903],[-25,0]],[[5849,3903],[0,97]],[[5837,4000],[0,129]],[[5837,4129],[12,0],[0,64]],[[5849,4193],[13,0]],[[5662,4677],[-13,0]],[[5649,4741],[38,0]],[[5762,4935],[0,97]],[[5762,5032],[12,0],[0,32],[38,0],[0,32],[12,0],[0,-32],[25,0],[0,-32],[13,0],[0,32],[37,0]],[[3325,4354],[-13,0]],[[3312,4354],[0,97]],[[3287,4451],[0,-64]],[[3300,4322],[0,-32]],[[3287,4225],[-37,0]],[[3250,4225],[0,33],[-13,0],[0,32],[-25,0],[0,32],[-12,0],[0,-32],[-13,0],[0,-32]],[[3187,4258],[-25,0],[0,-65],[25,0],[0,-32],[63,0],[0,32],[37,0],[0,-64],[13,0],[0,-33],[12,0],[0,-32],[-12,0],[0,-32],[12,0],[0,-32],[-12,0],[0,-33],[12,0],[0,-64],[-25,0]],[[3287,3903],[0,32],[-25,0]],[[3262,3935],[0,97]],[[3250,4032],[0,32]],[[3250,4064],[-25,0],[0,32],[-25,0],[0,-32],[-50,0]],[[3150,4064],[0,65],[12,0],[0,32],[-25,0],[0,32],[-12,0],[0,32],[12,0],[0,33],[13,0],[0,96],[-13,0],[0,33]],[[3137,4387],[-12,0]],[[3137,4419],[0,32]],[[3150,4483],[12,0]],[[3162,4483],[0,-32]],[[3175,4516],[50,0]],[[3250,4451],[0,65]],[[3250,4516],[50,0]],[[6162,4258],[0,-65]],[[6199,4064],[25,0]],[[6224,4064],[0,-32],[-12,0],[0,-32],[-13,0],[0,-33],[-12,0],[0,-32],[-13,0],[0,-32],[-12,0],[0,97]],[[6137,4032],[0,32]],[[6137,4161],[0,64]],[[6137,4225],[12,0],[0,33],[13,0]],[[3512,4419],[13,0]],[[3562,4225],[38,0],[0,-32]],[[3600,4193],[-25,0],[0,-32],[12,0],[0,-65],[-12,0],[0,-32],[-13,0],[0,32],[-25,0],[0,-64],[13,0],[0,-32],[-13,0],[0,-33],[-12,0],[0,97],[-38,0],[0,32],[-12,0],[0,-64],[12,0],[0,-32],[-12,0],[0,-65],[12,0],[0,-32],[-25,0],[0,32],[-25,0],[0,-32],[-12,0],[0,32],[-25,0],[0,32],[-13,0],[0,-32],[-12,0],[0,-32]],[[3375,3903],[-50,0],[0,129],[37,0],[0,32],[-25,0],[0,97]],[[3337,4161],[13,0]],[[3350,4161],[0,97]],[[3150,3903],[-13,0]],[[3137,3903],[0,32],[13,0],[0,-32]],[[3287,3903],[-25,0],[0,32]],[[5237,3935],[37,0]],[[5274,3935],[0,-32]],[[5274,3903],[-37,0]],[[5237,3903],[0,32]],[[6037,3967],[0,-64]],[[6037,3903],[-25,0]],[[6012,3903],[0,32]],[[6012,3935],[12,0],[0,32],[13,0]],[[7824,3903],[-12,0],[0,32],[12,0],[0,-32]],[[8024,3935],[13,0],[0,-32]],[[8037,3903],[-13,0],[0,32]],[[8099,3935],[13,0]],[[8112,3935],[0,-32],[-13,0]],[[8099,3903],[0,32]],[[8274,3935],[0,-32],[-12,0]],[[8262,3903],[0,32],[12,0]],[[8312,3935],[0,-32]],[[8312,3903],[-13,0]],[[8299,3903],[0,32],[13,0]],[[8362,3903],[-13,0]],[[8349,3903],[0,32],[13,0],[0,-32]],[[8537,3935],[0,-32]],[[8537,3903],[-13,0]],[[8524,3903],[0,32]],[[8537,3935],[12,0],[0,-32],[-12,0]],[[8699,3935],[25,0],[0,-32],[-25,0],[0,32]],[[8749,3935],[0,-32]],[[8749,3903],[-12,0],[0,32],[12,0]],[[8787,3903],[0,32],[12,0],[0,-32],[-12,0]],[[2475,4064],[12,0],[0,-32],[13,0],[0,-32],[-13,0],[0,-33],[38,0],[0,-64],[-13,0],[0,-32],[-12,0],[0,32],[-50,0],[0,129],[25,0],[0,32]],[[5887,3935],[0,-64],[-13,0]],[[5874,3871],[0,64]],[[7737,3935],[25,0],[0,-64]],[[7762,3871],[-25,0]],[[7737,3871],[0,64]],[[8412,3967],[25,0],[0,-96]],[[8437,3871],[-13,0]],[[8424,3871],[0,32],[-25,0]],[[8399,3903],[0,32],[13,0],[0,32]],[[9149,3935],[13,0],[0,-64],[-13,0],[0,64]],[[3137,3903],[0,-32]],[[3137,3871],[-12,0],[0,32],[12,0]],[[3150,3903],[0,-32],[-13,0]],[[3375,3903],[12,0],[0,-32]],[[3387,3871],[-12,0],[0,32]],[[3400,3871],[0,32],[12,0],[0,-32],[-12,0]],[[3762,3903],[13,0],[0,-32]],[[3775,3871],[-13,0],[0,32]],[[5237,3903],[12,0]],[[5249,3903],[0,-32],[-12,0],[0,32]],[[5262,3903],[12,0]],[[5274,3903],[0,-32]],[[5274,3871],[-12,0],[0,32]],[[5937,3903],[25,0],[0,-32],[-25,0]],[[5937,3871],[0,32]],[[6037,3903],[0,-32]],[[6037,3871],[-25,0]],[[6012,3871],[0,32]],[[8037,3903],[0,-32],[-25,0],[0,32],[25,0]],[[8099,3903],[0,-32],[-12,0],[0,32],[12,0]],[[8387,3903],[12,0]],[[8399,3903],[0,-32]],[[8399,3871],[-12,0],[0,32]],[[8424,3871],[-25,0]],[[8537,3903],[0,-32]],[[8537,3871],[-13,0],[0,32]],[[8562,4129],[25,0],[0,-65]],[[8587,4032],[0,-32],[-25,0],[0,-33],[12,0],[0,-64],[-12,0],[0,-32],[-25,0]],[[8524,3967],[0,33]],[[8749,3903],[13,0],[0,-32],[-13,0],[0,32]],[[2800,4000],[0,-97]],[[2800,3903],[12,0],[0,-65],[-37,0],[0,65],[-13,0],[0,-32],[-12,0]],[[2750,3871],[0,96],[12,0],[0,33]],[[2775,4000],[0,32]],[[5849,3967],[0,-129]],[[5849,3838],[-12,0]],[[5837,3838],[0,97],[-13,0]],[[7874,3935],[38,0]],[[7912,3935],[0,-64]],[[7912,3871],[-13,0],[0,-33]],[[7899,3838],[-12,0]],[[7887,3838],[0,65],[-13,0],[0,32]],[[5874,3903],[0,-65]],[[5874,3838],[-25,0]],[[5849,3838],[0,65]],[[2750,3871],[0,-33]],[[2750,3838],[-13,0]],[[2737,3838],[0,33],[13,0]],[[3387,3871],[13,0]],[[3400,3871],[0,-33],[-13,0],[0,33]],[[3712,3871],[13,0],[0,-33],[-13,0],[0,33]],[[5387,3871],[12,0],[0,-33],[-12,0]],[[5387,3838],[0,33]],[[5787,3871],[0,-33],[-25,0],[0,33],[25,0]],[[6099,3838],[0,33],[13,0],[0,-33],[-13,0]],[[7737,3871],[12,0]],[[7749,3871],[0,-33]],[[7749,3838],[-12,0],[0,33]],[[7749,3871],[13,0]],[[7762,3871],[0,-33]],[[7762,3838],[-13,0]],[[7762,3871],[12,0],[0,-33]],[[7774,3838],[-12,0]],[[7787,3871],[12,0],[0,-33]],[[7799,3838],[-12,0]],[[7787,3838],[0,33]],[[7912,3871],[0,-33]],[[7912,3838],[-13,0]],[[8424,3871],[0,-33]],[[8424,3838],[-12,0],[0,33],[12,0]],[[8437,3871],[0,-33]],[[8437,3838],[-13,0]],[[8437,3871],[12,0],[0,-33]],[[8449,3838],[-12,0]],[[8537,3871],[12,0],[0,-33],[-12,0],[0,33]],[[8612,3871],[12,0],[0,-33],[-12,0]],[[8612,3838],[0,33]],[[8887,3871],[12,0],[0,-33],[-12,0]],[[8887,3838],[0,33]],[[9099,3871],[0,-33]],[[9099,3838],[-37,0],[0,33],[37,0]],[[9099,3871],[13,0],[0,-33]],[[9112,3838],[-13,0]],[[7824,3903],[13,0],[0,-32],[37,0],[0,-33]],[[7874,3838],[-12,0],[0,-32],[-25,0],[0,32],[-13,0],[0,65]],[[8499,3806],[0,32]],[[8499,3838],[-50,0]],[[8449,3838],[0,65],[63,0],[0,-97],[-13,0]],[[3075,4032],[0,-32],[50,0],[0,-33],[50,0],[0,-32]],[[3175,3935],[-13,0],[0,-32],[-12,0]],[[3137,3871],[0,-33],[-12,0],[0,-32],[-75,0],[0,32],[-13,0],[0,33],[25,0],[0,32],[13,0],[0,64],[-13,0],[0,65],[13,0]],[[5937,3935],[0,-97]],[[5937,3838],[-50,0]],[[5887,3838],[0,-32]],[[5887,3806],[-13,0]],[[5874,3806],[0,65]],[[5874,3871],[38,0],[0,32],[12,0],[0,32],[13,0]],[[8049,3871],[13,0],[0,-65],[-13,0]],[[8049,3806],[0,65]],[[2750,3838],[0,-32]],[[2750,3806],[-13,0],[0,32]],[[3312,3871],[13,0],[0,-65],[-25,0],[0,32],[12,0],[0,33]],[[3362,3838],[13,0],[0,-32],[-13,0],[0,32]],[[3837,3838],[13,0],[0,-32],[-13,0]],[[3837,3806],[0,32]],[[5837,3838],[0,-32],[-13,0],[0,32],[13,0]],[[6137,3838],[12,0],[0,-32],[-12,0]],[[6137,3806],[0,32]],[[7774,3838],[0,-32],[-12,0],[0,32]],[[7874,3838],[13,0]],[[7887,3838],[0,-32],[-13,0],[0,32]],[[8299,3806],[-12,0]],[[8287,3806],[0,32],[12,0],[0,-32]],[[8387,3806],[0,32],[12,0],[0,-32],[-12,0]],[[8499,3806],[-12,0]],[[8487,3806],[0,32],[12,0]],[[9112,3838],[0,-32],[-13,0],[0,32]],[[9187,3838],[0,-32]],[[9187,3806],[-25,0]],[[9162,3806],[0,32],[25,0]],[[9187,3838],[12,0],[0,-32],[-12,0]],[[9224,3806],[-12,0],[0,32],[12,0],[0,-32]],[[3287,3903],[0,-32],[-37,0],[0,-33],[25,0],[0,-64],[-25,0],[0,32],[-25,0],[0,65],[-13,0],[0,-33],[-25,0],[0,33],[-12,0],[0,64]],[[3175,3935],[25,0],[0,32],[-13,0],[0,65],[13,0],[0,-32],[12,0],[0,-33],[13,0],[0,-32],[12,0],[0,32],[13,0],[0,-32],[12,0]],[[3812,3838],[13,0]],[[3825,3838],[0,-64],[-13,0],[0,64]],[[5287,3838],[0,-64]],[[5287,3774],[-13,0],[0,32],[-12,0],[0,32],[25,0]],[[7799,3838],[13,0]],[[7812,3838],[0,-64],[-13,0],[0,64]],[[3725,3806],[12,0],[0,-32],[-12,0],[0,32]],[[3750,3806],[12,0],[0,-32],[-12,0],[0,32]],[[5937,3806],[0,-32]],[[5937,3774],[-13,0],[0,32],[13,0]],[[5937,3806],[12,0],[0,-32],[-12,0]],[[7987,3774],[-13,0]],[[7974,3774],[0,32],[13,0],[0,-32]],[[8499,3806],[0,-32]],[[8499,3774],[-12,0]],[[8487,3774],[0,32]],[[8499,3806],[25,0]],[[8524,3806],[0,-32]],[[8524,3774],[-25,0]],[[8524,3806],[13,0]],[[8537,3806],[0,-32]],[[8537,3774],[-13,0]],[[8537,3806],[12,0]],[[8549,3806],[0,-32]],[[8549,3774],[-12,0]],[[9187,3806],[0,-32]],[[9187,3774],[-25,0],[0,32]],[[9224,3806],[25,0],[0,-32]],[[9249,3774],[-25,0]],[[9224,3774],[0,32]],[[6099,3838],[0,-96],[-12,0]],[[6087,3742],[0,96],[12,0]],[[7774,3838],[13,0]],[[7787,3838],[0,-32],[12,0],[0,-64],[-25,0],[0,96]],[[7987,3742],[0,96],[25,0],[0,-96],[-25,0]],[[5999,3806],[25,0],[0,-32],[-12,0],[0,-32],[-13,0],[0,64]],[[7937,3806],[0,-64]],[[7937,3742],[-13,0],[0,64],[13,0]],[[8237,4516],[25,0]],[[8274,4483],[0,-32],[13,0],[0,-32],[25,0],[0,-32],[12,0]],[[8324,4354],[-25,0]],[[8299,4354],[0,-64],[-25,0]],[[8274,4290],[0,-97],[13,0],[0,-64],[12,0],[0,-33],[13,0],[0,-64]],[[8312,4032],[-38,0],[0,-97]],[[8262,3903],[-13,0],[0,-97],[-25,0]],[[8224,3806],[0,65],[-25,0],[0,-33],[-12,0],[0,-64],[-13,0]],[[8174,3774],[0,-32],[-75,0],[0,32],[-50,0],[0,32]],[[8049,3871],[0,32],[-12,0]],[[8024,3935],[0,32]],[[8024,4000],[0,96]],[[8024,4129],[0,32],[25,0]],[[8087,4129],[0,96],[37,0],[0,33],[25,0]],[[8149,4258],[0,64],[13,0],[0,32],[37,0]],[[8199,4419],[13,0],[0,32],[12,0],[0,32],[13,0],[0,33]],[[8087,3935],[12,0]],[[8112,3935],[12,0]],[[8574,3806],[25,0]],[[8599,3806],[0,-64]],[[8599,3742],[-12,0],[0,32]],[[8587,3774],[-13,0],[0,32]],[[8599,3806],[38,0],[0,-32]],[[8637,3774],[-25,0],[0,-32]],[[8612,3742],[-13,0]],[[3112,3774],[13,0],[0,-32],[-13,0],[0,32]],[[7862,3774],[12,0],[0,-32],[-12,0],[0,32]],[[7949,3774],[13,0]],[[7962,3774],[0,-32]],[[7962,3742],[-13,0],[0,32]],[[7962,3774],[12,0]],[[7974,3774],[0,-32]],[[7974,3742],[-12,0]],[[7987,3774],[0,-32]],[[7987,3742],[-13,0]],[[8287,3774],[12,0],[0,-32]],[[8299,3742],[-12,0],[0,32]],[[8374,4000],[25,0],[0,-33],[13,0]],[[8387,3903],[0,-97]],[[8387,3806],[25,0],[0,-64],[-50,0]],[[8362,3742],[0,32],[12,0],[0,64],[-25,0],[0,33],[-25,0],[0,32]],[[8324,3903],[-12,0]],[[8337,3967],[12,0],[0,-64]],[[8362,3903],[0,64],[12,0],[0,33]],[[8637,3774],[0,-32]],[[8637,3742],[-25,0]],[[8799,3742],[-12,0],[0,32],[12,0],[0,-32]],[[9237,3774],[12,0]],[[9249,3774],[0,-32]],[[9249,3742],[-12,0],[0,32]],[[5349,4322],[25,0]],[[5424,4290],[25,0]],[[5449,4322],[25,0]],[[5474,4290],[13,0]],[[5487,4258],[12,0]],[[5499,4258],[0,-291]],[[5499,3967],[-12,0],[0,-32],[-13,0]],[[5474,3935],[0,-32]],[[5474,3903],[-25,0]],[[5449,3903],[0,32],[-12,0],[0,65],[-13,0],[0,-33],[-25,0],[0,-32],[-12,0]],[[5387,3935],[0,-161]],[[5387,3774],[12,0]],[[5399,3774],[0,-32]],[[5399,3742],[-25,0],[0,-33],[-12,0],[0,33],[-13,0],[0,32]],[[5349,3774],[-25,0]],[[5324,3774],[0,64],[-12,0],[0,-64],[-25,0]],[[5287,3838],[-38,0],[0,65]],[[5249,3903],[13,0]],[[5274,3871],[0,64]],[[5274,3935],[-12,0]],[[5262,4000],[37,0]],[[5324,4129],[-12,0]],[[5312,4161],[62,0]],[[5449,3903],[13,0]],[[5462,3903],[0,-32]],[[5462,3871],[-13,0]],[[5449,3871],[0,-129]],[[5449,3742],[-25,0],[0,-33]],[[5424,3709],[-25,0]],[[5399,3709],[0,65]],[[5387,3774],[0,64]],[[5387,3871],[0,64]],[[5937,3838],[0,-32]],[[5937,3774],[0,-32],[-25,0],[0,-33]],[[5912,3709],[-13,0]],[[5899,3709],[0,33]],[[5899,3742],[-12,0]],[[5887,3742],[0,96]],[[5837,3838],[37,0]],[[5874,3838],[0,-32]],[[5887,3806],[0,-32]],[[5887,3774],[-38,0],[0,-32]],[[5849,3742],[-25,0]],[[5824,3742],[0,-33],[-12,0]],[[5812,3709],[0,65]],[[5812,3774],[-13,0],[0,-32],[-12,0]],[[5787,3742],[0,32],[-13,0],[0,32],[25,0],[0,65],[-12,0]],[[5787,3871],[0,32],[-13,0],[0,64],[13,0],[0,33],[12,0],[0,-97],[25,0],[0,32]],[[5699,3774],[13,0],[0,-65],[-13,0],[0,65]],[[7937,3774],[12,0]],[[7949,3774],[0,-65]],[[7949,3709],[-12,0]],[[7937,3709],[0,65]],[[8487,3774],[37,0]],[[8524,3774],[0,-32]],[[8524,3742],[13,0],[0,-33],[-38,0],[0,33],[-12,0],[0,32]],[[8549,3806],[25,0]],[[8587,3774],[0,-65],[-38,0],[0,33],[-25,0]],[[8524,3774],[25,0]],[[3462,3742],[13,0],[0,-33],[-13,0],[0,33]],[[3800,3742],[0,-33],[-13,0],[0,33],[13,0]],[[3937,3709],[0,33],[13,0],[0,-33],[-13,0]],[[5449,3742],[0,-33]],[[5449,3709],[-25,0]],[[5549,3742],[13,0],[0,-33],[-13,0],[0,33]],[[5787,3742],[0,-33],[-13,0],[0,33],[13,0]],[[7837,3742],[0,-33],[-13,0],[0,33],[13,0]],[[8637,3742],[0,-33],[-25,0],[0,33]],[[8937,3709],[-13,0],[0,33],[13,0],[0,-33]],[[9024,3742],[13,0],[0,-33],[-13,0]],[[9024,3709],[0,33]],[[5324,3774],[13,0]],[[5337,3774],[0,-65]],[[5337,3709],[-13,0]],[[5324,3709],[0,-32],[-12,0]],[[5312,3677],[0,32],[-13,0]],[[5299,3709],[0,33],[-12,0],[0,32]],[[8224,3806],[13,0],[0,-97]],[[8237,3709],[-38,0],[0,-32],[-25,0],[0,97]],[[2800,3774],[0,-97]],[[2800,3677],[-25,0]],[[2775,3677],[0,65]],[[2775,3742],[12,0],[0,32],[13,0]],[[3737,3742],[38,0],[0,-33],[-13,0],[0,-32],[-25,0],[0,65]],[[6087,3742],[0,-65],[-25,0],[0,65],[25,0]],[[8774,3742],[0,-65],[-12,0]],[[8762,3677],[0,65],[12,0]],[[5312,3677],[-13,0],[0,32]],[[5424,3709],[13,0]],[[5437,3709],[0,-32]],[[5437,3677],[-13,0]],[[5424,3677],[0,32]],[[5449,3709],[13,0],[0,-32]],[[5462,3677],[-13,0]],[[5449,3677],[0,32]],[[5824,3742],[13,0]],[[5837,3742],[0,-65]],[[5837,3677],[-25,0]],[[5812,3677],[0,32]],[[8237,3709],[0,-32],[-25,0],[0,32],[25,0]],[[9262,3677],[-13,0]],[[9249,3677],[0,32],[13,0],[0,-32]],[[9187,3806],[37,0]],[[9224,3774],[13,0]],[[9249,3742],[0,-65]],[[9262,3677],[0,-32],[-25,0]],[[9237,3645],[0,64]],[[9237,3709],[-13,0],[0,33],[-25,0],[0,32],[-12,0]],[[5337,3774],[12,0]],[[5399,3742],[0,-33]],[[5424,3677],[-12,0]],[[5412,3677],[0,-32]],[[5412,3645],[-13,0]],[[5399,3645],[0,32]],[[5399,3677],[-25,0]],[[5374,3677],[0,-32]],[[5374,3645],[-12,0],[0,32],[-13,0],[0,32],[-12,0]],[[2775,3709],[0,-64]],[[2775,3645],[-13,0],[0,64],[13,0]],[[5337,3709],[0,-64]],[[5337,3645],[-13,0]],[[5324,3645],[0,64]],[[5912,3709],[25,0],[0,-64]],[[5937,3645],[-25,0]],[[5912,3645],[0,64]],[[8799,3742],[50,0],[0,-33],[50,0],[0,-32],[13,0],[0,-32]],[[8912,3645],[-38,0],[0,32],[-87,0],[0,32],[12,0],[0,33]],[[2775,3677],[12,0]],[[2787,3677],[0,-32]],[[2787,3645],[-12,0]],[[2775,3645],[0,32]],[[3137,3677],[13,0],[0,-32],[-13,0]],[[3137,3645],[0,32]],[[3312,3677],[13,0],[0,-32],[-13,0],[0,32]],[[3487,3645],[-12,0]],[[3475,3645],[0,32],[12,0],[0,-32]],[[3550,3645],[-25,0],[0,32],[25,0],[0,-32]],[[3787,3677],[13,0],[0,-32],[-13,0],[0,32]],[[3975,3677],[12,0],[0,-32],[-12,0]],[[3975,3645],[0,32]],[[5374,3677],[13,0]],[[5387,3677],[0,-32],[-13,0]],[[5674,3677],[13,0],[0,-32],[-13,0],[0,32]],[[5787,3677],[12,0],[0,-32],[-12,0],[0,32]],[[5824,3677],[13,0]],[[5837,3677],[0,-32]],[[5837,3645],[-13,0]],[[5824,3645],[0,32]],[[5862,3677],[12,0]],[[5874,3677],[0,-32]],[[5874,3645],[-12,0]],[[5862,3645],[0,32]],[[5949,3677],[25,0],[0,-32],[-25,0],[0,32]],[[5999,3645],[-12,0],[0,32],[12,0],[0,-32]],[[8999,3677],[0,-32]],[[8999,3645],[-12,0]],[[8987,3645],[0,32],[12,0]],[[9199,3645],[-12,0]],[[9187,3645],[0,32],[12,0],[0,-32]],[[2787,3677],[13,0]],[[2800,3677],[0,-64]],[[2800,3613],[-13,0]],[[2787,3613],[0,64]],[[2787,3645],[0,-32]],[[2787,3613],[-12,0]],[[2775,3613],[0,32]],[[5337,3645],[0,-32],[-13,0],[0,32]],[[5387,3677],[12,0]],[[5399,3677],[0,-64]],[[5399,3613],[-25,0]],[[5374,3613],[0,32]],[[5412,3645],[0,-32]],[[5412,3613],[-13,0]],[[5399,3613],[0,32]],[[5412,3645],[12,0],[0,-32]],[[5424,3613],[-12,0]],[[5512,3645],[12,0],[0,-32],[-12,0],[0,32]],[[6074,3613],[-12,0]],[[6062,3613],[0,32],[12,0],[0,-32]],[[7837,3645],[0,-32],[-13,0]],[[7824,3613],[0,32],[13,0]],[[8712,3613],[-25,0],[0,32],[25,0],[0,-32]],[[8749,3613],[-25,0]],[[8724,3613],[0,32],[25,0],[0,-32]],[[8849,3645],[13,0],[0,-32],[-13,0],[0,32]],[[8912,3645],[25,0],[0,-32]],[[8937,3613],[-25,0]],[[8912,3613],[0,32]],[[9162,3645],[0,-32]],[[9162,3613],[-13,0],[0,32],[13,0]],[[8324,3742],[0,-129],[13,0]],[[8337,3613],[0,-33],[-25,0],[0,162],[12,0]],[[5374,3613],[-12,0]],[[5362,3613],[0,-33]],[[5362,3580],[-13,0]],[[5349,3580],[0,65]],[[5349,3645],[-12,0]],[[5437,3709],[12,0]],[[5449,3709],[0,-129]],[[5449,3580],[-12,0]],[[5437,3580],[0,33]],[[5437,3613],[-13,0]],[[5412,3677],[25,0]],[[5462,3677],[0,-97],[-13,0]],[[5449,3580],[0,97]],[[6099,3677],[13,0]],[[6112,3677],[0,-97],[-13,0]],[[6099,3580],[0,97]],[[2800,3645],[12,0]],[[2812,3645],[0,-65]],[[2812,3580],[-12,0]],[[2800,3580],[0,65]],[[5874,3709],[13,0],[0,-32],[12,0]],[[5899,3677],[0,32]],[[5912,3645],[-13,0]],[[5899,3645],[0,-65]],[[5899,3580],[-37,0]],[[5862,3580],[0,65]],[[5874,3645],[0,64]],[[8424,3580],[0,65],[13,0],[0,-65],[-13,0]],[[8974,3645],[25,0]],[[8999,3645],[0,-32]],[[8999,3613],[-12,0],[0,-33],[-13,0],[0,65]],[[9237,3645],[0,-65],[-13,0]],[[9224,3580],[0,65],[13,0]],[[2737,3613],[13,0],[0,-33],[-13,0]],[[2737,3580],[0,33]],[[5362,3613],[25,0]],[[5387,3613],[0,-33]],[[5387,3580],[-25,0]],[[5387,3613],[25,0]],[[5412,3613],[0,-33]],[[5412,3580],[-25,0]],[[6087,3613],[12,0]],[[6099,3613],[0,-33]],[[6099,3580],[-12,0]],[[6087,3580],[0,33]],[[7837,3645],[12,0]],[[7849,3645],[0,-65],[-25,0],[0,33]],[[8699,3613],[13,0]],[[8712,3613],[0,-33]],[[8712,3580],[-13,0],[0,33]],[[8724,3613],[13,0]],[[8737,3613],[0,-33],[-13,0]],[[8724,3580],[0,33]],[[9074,3580],[-12,0]],[[9062,3580],[0,33],[12,0],[0,-33]],[[7637,4419],[37,0],[0,-32],[50,0],[0,-33],[13,0],[0,-64],[12,0]],[[7749,4258],[25,0],[0,-33],[13,0],[0,-161]],[[7887,3838],[25,0]],[[7912,3871],[12,0],[0,32],[25,0],[0,-32],[13,0],[0,-33],[12,0],[0,-64]],[[7974,3774],[-37,0]],[[7937,3774],[0,32]],[[7937,3742],[0,-33]],[[7949,3709],[0,-129],[-12,0]],[[7937,3580],[0,-32],[-13,0]],[[7924,3548],[0,32],[-37,0],[0,33],[-25,0],[0,32],[-13,0]],[[7849,3645],[0,32],[-12,0],[0,65]],[[7837,3742],[-25,0],[0,96]],[[7787,3871],[0,32],[-13,0],[0,32]],[[7787,3967],[-25,0],[0,33],[-13,0]],[[7737,4032],[0,97],[-25,0],[0,-33],[12,0],[0,-64]],[[7724,4032],[-25,0],[0,32],[-12,0],[0,32]],[[7687,4129],[0,32]],[[7699,4161],[0,64],[-12,0],[0,33],[-25,0],[0,32],[-13,0],[0,32],[-12,0],[0,97]],[[3487,3645],[0,-97],[-12,0]],[[3475,3548],[0,97]],[[5349,3645],[0,-97]],[[5349,3548],[-12,0]],[[5337,3548],[0,97]],[[5824,3645],[0,-97],[-12,0],[0,97],[12,0]],[[2787,3613],[0,-65]],[[2787,3548],[-12,0]],[[2775,3548],[0,65]],[[2800,3613],[0,-65]],[[2800,3548],[-13,0]],[[3287,3709],[13,0],[0,-96],[-13,0],[0,-33],[-25,0],[0,-32],[-12,0],[0,65],[12,0],[0,32],[13,0],[0,32],[12,0],[0,32]],[[3400,3548],[0,65],[12,0],[0,-65],[-12,0]],[[6037,3613],[50,0]],[[6087,3580],[-38,0]],[[6049,3580],[0,-32]],[[6049,3548],[-12,0],[0,65]],[[8112,3613],[25,0],[0,-65],[-25,0],[0,65]],[[8699,3613],[0,-65],[-25,0],[0,65],[25,0]],[[2812,3613],[25,0],[0,-65]],[[2837,3548],[-37,0]],[[2800,3548],[0,32]],[[2812,3580],[0,33]],[[5999,3645],[13,0],[0,-32],[12,0],[0,-65],[-37,0],[0,32],[12,0],[0,65]],[[6049,3580],[13,0]],[[6062,3580],[0,-32]],[[6062,3548],[-13,0]],[[7912,3548],[-13,0],[0,32],[13,0],[0,-32]],[[7999,3580],[13,0],[0,-32],[-13,0]],[[7999,3548],[0,32]],[[8712,3580],[12,0]],[[8724,3580],[0,-32]],[[8724,3548],[-12,0]],[[8712,3548],[0,32]],[[8949,3580],[13,0]],[[8962,3580],[0,-32]],[[8962,3548],[-13,0]],[[8949,3548],[0,32]],[[9087,3580],[12,0],[0,-32],[-12,0],[0,32]],[[9337,3548],[-13,0]],[[9324,3548],[0,32],[13,0],[0,-32]],[[8299,3903],[25,0]],[[8362,3742],[62,0],[0,-162]],[[8424,3580],[-50,0],[0,65],[-12,0],[0,64],[-13,0],[0,-193],[-12,0]],[[8337,3516],[0,97]],[[8324,3742],[-25,0]],[[8287,3774],[0,32]],[[8299,3806],[0,97]],[[3137,3645],[0,-65],[-12,0],[0,-32],[-13,0],[0,-32],[-12,0],[0,64],[12,0],[0,33],[13,0],[0,32],[12,0]],[[5412,3613],[25,0]],[[5437,3580],[-13,0],[0,-64],[-25,0]],[[5399,3516],[0,64]],[[5399,3580],[13,0]],[[5449,3580],[0,-64]],[[5449,3516],[-12,0],[0,64]],[[6099,3580],[0,-64]],[[6099,3516],[-12,0]],[[6087,3516],[0,64]],[[8737,3613],[12,0]],[[8749,3613],[0,-97]],[[8749,3516],[-12,0]],[[8737,3516],[0,32]],[[8737,3548],[-13,0]],[[9037,3580],[12,0],[0,-32],[13,0],[0,-32]],[[9062,3516],[-25,0]],[[9037,3516],[0,64]],[[3062,3516],[0,32],[13,0],[0,-32],[-13,0]],[[5649,3548],[25,0],[0,-32],[-25,0],[0,32]],[[8024,3548],[25,0],[0,-32],[-25,0]],[[8024,3516],[0,32]],[[8099,3548],[25,0],[0,-32],[-25,0]],[[8099,3516],[0,32]],[[8837,3548],[12,0],[0,-32],[-12,0]],[[8837,3516],[0,32]],[[9174,3548],[13,0],[0,-32],[-13,0]],[[9174,3516],[0,32]],[[9337,3548],[0,-32],[-13,0],[0,-32]],[[9324,3484],[-12,0]],[[9312,3484],[0,32],[-13,0],[0,32],[-12,0],[0,97],[12,0],[0,-32],[25,0],[0,-65]],[[3000,3677],[25,0],[0,-32],[-13,0],[0,-32],[-12,0],[0,-65],[25,0],[0,-32],[-50,0],[0,-32],[-13,0],[0,96],[13,0],[0,65],[25,0],[0,32]],[[6062,3580],[25,0]],[[6087,3516],[-13,0],[0,-32]],[[6074,3484],[-12,0]],[[6062,3484],[0,96]],[[3212,3548],[25,0],[0,-64],[-25,0],[0,64]],[[6062,3548],[0,-64]],[[6062,3484],[-13,0]],[[6049,3484],[0,64]],[[7912,3548],[12,0]],[[7924,3548],[0,-64]],[[7924,3484],[-12,0],[0,64]],[[8724,3548],[0,-64]],[[8724,3484],[-12,0],[0,64]],[[8737,3548],[0,-64]],[[8737,3484],[-13,0]],[[5387,3516],[12,0]],[[5399,3516],[0,-32],[-12,0]],[[5387,3484],[0,32]],[[5987,3516],[12,0],[0,-32],[-12,0],[0,32]],[[8337,3516],[25,0],[0,-32],[-25,0],[0,32]],[[8574,3516],[13,0],[0,-32]],[[8587,3484],[-13,0],[0,32]],[[8649,3516],[0,-32],[-12,0]],[[8637,3484],[0,32],[12,0]],[[8749,3516],[0,-32],[-12,0]],[[8737,3484],[0,32]],[[8912,3516],[12,0],[0,-32]],[[8924,3484],[-12,0]],[[8912,3484],[0,32]],[[9037,3516],[12,0]],[[9049,3516],[0,-32],[-12,0]],[[9037,3484],[0,32]],[[5462,3677],[25,0],[0,-32],[-13,0],[0,-97],[13,0],[0,-32],[12,0],[0,-32],[13,0],[0,-33],[-25,0],[0,33],[-25,0],[0,32],[-13,0]],[[3400,3548],[0,-32],[25,0]],[[3425,3516],[0,-32],[-38,0],[0,-33],[-12,0],[0,97],[25,0]],[[8162,3516],[50,0],[0,-32],[-25,0],[0,-33]],[[8187,3451],[-13,0]],[[8174,3451],[0,33]],[[8174,3484],[-12,0]],[[8162,3484],[0,32]],[[8587,3484],[0,-33]],[[8587,3451],[-25,0]],[[8562,3451],[0,65],[12,0]],[[8137,3484],[12,0]],[[8149,3484],[0,-33]],[[8149,3451],[-12,0]],[[8137,3451],[0,33]],[[8149,3484],[25,0]],[[8174,3451],[-25,0]],[[8374,3484],[13,0],[0,-33],[-13,0],[0,33]],[[8649,3516],[25,0],[0,-32]],[[8674,3484],[-12,0],[0,-33]],[[8662,3451],[-25,0]],[[8637,3451],[0,33]],[[8674,3484],[0,-33],[-12,0]],[[8924,3484],[0,-33]],[[8924,3451],[-12,0]],[[8912,3451],[0,33]],[[8924,3484],[13,0]],[[8937,3484],[0,-33]],[[8937,3451],[-13,0]],[[9324,3484],[0,-33],[-12,0],[0,33]],[[9349,3484],[0,-33],[-12,0]],[[9337,3451],[0,33],[12,0]],[[2787,3548],[38,0]],[[2825,3548],[0,-97]],[[2825,3451],[12,0],[0,-32],[-25,0],[0,65],[-12,0],[0,32],[-13,0],[0,32]],[[6099,3516],[0,-32],[13,0],[0,-65],[-13,0]],[[6099,3419],[0,32],[-12,0]],[[6087,3451],[0,65]],[[8649,4000],[0,-33],[13,0],[0,33],[37,0],[0,-33],[38,0],[0,-129],[12,0],[0,-64],[13,0],[0,32],[12,0],[0,32],[-12,0],[0,97],[-13,0]],[[8749,3935],[0,32],[38,0],[0,-64]],[[8787,3903],[75,0],[0,-32],[25,0]],[[8887,3838],[50,0],[0,-32],[25,0],[0,-32],[12,0]],[[8974,3774],[0,-32],[-12,0],[0,-33],[-25,0]],[[8937,3709],[0,-32],[37,0],[0,-32]],[[8974,3645],[-25,0]],[[8949,3645],[0,-32]],[[8949,3613],[-12,0]],[[8912,3613],[12,0]],[[8924,3613],[0,-33],[-12,0]],[[8912,3580],[0,-129]],[[8924,3451],[0,-32],[-25,0],[0,32],[-37,0],[0,33]],[[8862,3484],[-25,0],[0,32]],[[8837,3548],[0,32],[-13,0],[0,33],[-25,0],[0,32],[-25,0],[0,97]],[[8762,3677],[-25,0],[0,32],[-25,0],[0,-32],[-25,0],[0,32],[-13,0],[0,65],[-12,0],[0,97],[-50,0]],[[8612,3838],[-13,0],[0,97],[13,0],[0,65]],[[8637,3484],[0,-65]],[[8637,3419],[-13,0]],[[8624,3419],[0,65],[13,0]],[[5824,3419],[-12,0],[0,32],[12,0],[0,-32]],[[5887,3451],[12,0],[0,-32],[-12,0],[0,32]],[[5999,3451],[13,0]],[[6012,3451],[0,-32],[-13,0]],[[5999,3419],[0,32]],[[6099,3419],[-12,0]],[[6087,3419],[0,32]],[[8187,3451],[12,0]],[[8199,3451],[0,-32],[-12,0],[0,32]],[[8312,3419],[-13,0],[0,32],[13,0],[0,-32]],[[8412,3451],[12,0],[0,-32],[-12,0]],[[8412,3419],[0,32]],[[8449,3451],[25,0],[0,-32],[-25,0],[0,32]],[[8562,3451],[0,-32]],[[8562,3419],[-13,0]],[[8549,3419],[0,32],[13,0]],[[8587,3451],[25,0],[0,-32],[-25,0]],[[8587,3419],[0,32]],[[8824,3451],[13,0],[0,-32]],[[8837,3419],[-13,0]],[[8824,3419],[0,32]],[[8999,3451],[25,0]],[[9024,3451],[0,-32]],[[9024,3419],[-25,0],[0,32]],[[9087,3419],[-13,0],[0,32],[13,0],[0,-32]],[[5349,3580],[50,0]],[[5387,3516],[0,-97]],[[5387,3419],[-13,0]],[[5374,3419],[0,-32]],[[5374,3387],[-12,0],[0,32],[-13,0],[0,65],[-12,0],[0,64]],[[5349,3548],[0,32]],[[2937,3451],[13,0],[0,-64],[-13,0],[0,64]],[[3162,3451],[0,33],[-25,0],[0,-33],[-50,0],[0,-32],[25,0],[0,-32],[-37,0],[0,32],[-13,0],[0,32],[13,0],[0,33],[-13,0],[0,32]],[[3062,3516],[-12,0],[0,-65],[-13,0],[0,129],[13,0],[0,33],[-13,0],[0,32],[25,0],[0,32],[75,0]],[[3137,3677],[0,97],[13,0],[0,-65],[12,0],[0,33],[13,0],[0,-33],[37,0],[0,-32],[-12,0],[0,-32],[12,0],[0,-65],[-25,0],[0,-32],[13,0],[0,-32],[-13,0],[0,-32],[-12,0],[0,-33],[-13,0]],[[3625,3387],[0,64],[12,0],[0,33],[13,0],[0,-97],[-25,0]],[[5387,3451],[12,0]],[[5399,3451],[0,-64]],[[5399,3387],[-12,0]],[[5387,3387],[0,64]],[[5774,3387],[-25,0]],[[5749,3387],[0,64]],[[5749,3451],[25,0],[0,33],[13,0],[0,-65],[-13,0],[0,-32]],[[3337,3419],[13,0],[0,-32],[-13,0],[0,32]],[[5599,3419],[0,-32]],[[5599,3387],[-12,0],[0,32],[12,0]],[[5599,3419],[13,0],[0,-32],[-13,0]],[[5699,3419],[13,0],[0,-32],[-13,0],[0,32]],[[5987,3451],[12,0]],[[5999,3451],[0,-64]],[[5999,3387],[-25,0]],[[5974,3387],[0,32],[13,0],[0,32]],[[6024,3419],[13,0],[0,-32],[-13,0],[0,32]],[[8387,3419],[12,0],[0,-32]],[[8399,3387],[-12,0],[0,32]],[[8537,3419],[12,0]],[[8549,3419],[0,-32]],[[8549,3387],[-12,0],[0,32]],[[8562,3419],[0,-32],[-13,0]],[[8587,3419],[0,-32],[-13,0],[0,32],[13,0]],[[8662,3451],[0,-32],[-13,0],[0,-32],[-25,0],[0,32]],[[8637,3419],[0,32]],[[8824,3419],[0,-32]],[[8824,3387],[-12,0],[0,32],[12,0]],[[8837,3419],[0,-32]],[[8837,3387],[-13,0]],[[8837,3419],[25,0],[0,-32]],[[8862,3387],[-25,0]],[[8949,3419],[13,0]],[[8962,3419],[0,-32]],[[8962,3387],[-13,0]],[[8949,3387],[0,32]],[[9337,3419],[12,0],[0,-32]],[[9349,3387],[-12,0],[0,32]],[[8924,3613],[25,0]],[[8949,3613],[0,-65]],[[8962,3548],[0,-32]],[[8962,3516],[12,0],[0,-32],[13,0],[0,-33]],[[8987,3451],[12,0]],[[8999,3451],[0,-96],[-12,0]],[[8987,3355],[0,32]],[[8987,3387],[-25,0]],[[8962,3419],[-25,0]],[[8937,3419],[0,65]],[[8912,3516],[0,64]],[[7937,3580],[62,0]],[[7999,3548],[25,0]],[[8024,3516],[38,0],[0,32],[37,0]],[[8099,3516],[63,0]],[[8162,3484],[-25,0]],[[8137,3451],[50,0]],[[8199,3451],[13,0],[0,-32],[50,0],[0,32],[25,0],[0,-32],[25,0]],[[8312,3419],[0,-32],[-75,0]],[[8237,3387],[0,-32],[-13,0]],[[8224,3355],[0,32]],[[8224,3387],[-50,0]],[[8174,3387],[0,-32]],[[8174,3355],[-12,0]],[[8162,3355],[0,32]],[[8162,3387],[-100,0],[0,32],[-75,0],[0,32],[-38,0],[0,33],[-25,0]],[[5937,3419],[0,-64]],[[5937,3355],[-13,0]],[[5924,3355],[0,64]],[[5924,3419],[-12,0],[0,65],[25,0],[0,-33],[12,0],[0,-32],[-12,0]],[[9337,3548],[25,0],[0,-32],[12,0],[0,-32],[13,0],[0,-65],[12,0]],[[9399,3419],[0,-64],[-37,0],[0,32],[-13,0]],[[9337,3419],[0,32]],[[9349,3484],[-25,0]],[[9199,3355],[-12,0],[0,64],[12,0],[0,-64]],[[2887,3355],[-12,0]],[[2875,3355],[0,32],[12,0],[0,-32]],[[3262,3387],[0,-32],[-12,0],[0,32],[12,0]],[[3787,3387],[13,0],[0,-32],[-13,0],[0,32]],[[5862,3387],[12,0]],[[5874,3387],[0,-32]],[[5874,3355],[-12,0],[0,32]],[[5974,3387],[0,-32],[-12,0],[0,32],[12,0]],[[6099,3387],[0,-32]],[[6099,3355],[-12,0]],[[6087,3355],[0,32],[12,0]],[[6099,3387],[13,0],[0,-32]],[[6112,3355],[-13,0]],[[8162,3355],[-13,0],[0,32],[13,0]],[[8174,3387],[13,0]],[[8187,3387],[0,-32]],[[8187,3355],[-13,0]],[[8187,3387],[25,0]],[[8212,3387],[0,-32]],[[8212,3355],[-25,0]],[[8212,3387],[12,0]],[[8224,3355],[-12,0]],[[8424,3387],[25,0],[0,-32],[-25,0]],[[8424,3355],[0,32]],[[8474,3387],[13,0],[0,-32],[-13,0],[0,32]],[[9049,3387],[13,0],[0,-32]],[[9062,3355],[-13,0],[0,32]],[[9149,3355],[-25,0]],[[9124,3355],[0,32],[25,0],[0,-32]],[[8937,3451],[0,-32]],[[8937,3419],[12,0]],[[8949,3387],[38,0]],[[8987,3355],[-13,0],[0,-33]],[[8974,3322],[-62,0]],[[8912,3322],[0,33]],[[8912,3355],[-25,0],[0,32],[-25,0]],[[8824,3451],[0,33],[38,0]],[[3750,3387],[25,0],[0,-65],[-13,0],[0,33],[-12,0],[0,32]],[[5374,3387],[0,-32]],[[5374,3355],[-12,0]],[[5362,3355],[0,-33],[-13,0],[0,65],[25,0]],[[5474,3387],[13,0]],[[5487,3387],[0,-65],[-13,0]],[[5474,3322],[0,65]],[[9237,3322],[0,33],[-13,0]],[[9224,3355],[0,32],[25,0],[0,-65],[-12,0]],[[2887,3355],[0,-33]],[[2887,3322],[-12,0],[0,33]],[[2887,3355],[13,0],[0,-33]],[[2900,3322],[-13,0]],[[2937,3355],[25,0],[0,-33],[-25,0],[0,33]],[[3162,3451],[0,-32],[38,0],[0,-97],[-63,0],[0,33],[13,0],[0,96],[12,0]],[[3462,3355],[13,0],[0,-33],[-13,0],[0,33]],[[3662,3355],[13,0],[0,-33],[-13,0],[0,33]],[[5937,3355],[0,-33]],[[5937,3322],[-13,0]],[[5924,3322],[0,33]],[[5999,3355],[13,0],[0,-33],[-13,0],[0,33]],[[8424,3355],[13,0]],[[8437,3355],[0,-33],[-13,0]],[[8424,3322],[0,33]],[[8499,3355],[13,0],[0,-33],[-13,0]],[[8499,3322],[0,33]],[[8912,3322],[-13,0],[0,33],[13,0]],[[8987,3355],[0,-33],[-13,0]],[[9062,3355],[12,0]],[[9074,3355],[0,-33]],[[9074,3322],[-12,0],[0,33]],[[9237,3322],[-13,0],[0,33]],[[3550,3645],[0,-32],[-13,0],[0,-33],[-37,0],[0,-32],[12,0],[0,-32],[13,0],[0,-32],[12,0],[0,-65],[13,0],[0,97],[12,0]],[[3562,3516],[0,-32],[13,0],[0,-65],[-13,0],[0,-32],[13,0],[0,-32],[-13,0],[0,-33]],[[3562,3322],[-12,0],[0,-32],[-50,0],[0,32],[-13,0],[0,194],[-12,0],[0,32]],[[3487,3645],[13,0],[0,32],[12,0],[0,32],[50,0],[0,-32],[13,0],[0,-32],[-25,0]],[[2900,3322],[0,-32]],[[2900,3290],[-13,0],[0,32]],[[2900,3322],[12,0],[0,33],[13,0],[0,-65],[-25,0]],[[3050,3290],[-13,0],[0,32],[13,0],[0,-32]],[[3562,3322],[13,0],[0,-32],[-13,0],[0,32]],[[5399,3322],[25,0],[0,-32],[-25,0]],[[5399,3290],[0,32]],[[9074,3322],[13,0]],[[9087,3322],[0,-32],[-13,0],[0,32]],[[9162,3290],[-13,0]],[[9149,3290],[0,32],[13,0],[0,-32]],[[5774,3387],[13,0]],[[5787,3387],[0,-65]],[[5787,3322],[-13,0],[0,-64]],[[5774,3258],[-12,0],[0,97],[12,0],[0,32]],[[9087,3419],[12,0],[0,-64],[13,0],[0,-65],[12,0],[0,-32]],[[9124,3258],[-37,0],[0,64]],[[9074,3355],[13,0]],[[9087,3355],[0,64]],[[3475,3548],[-50,0],[0,-32]],[[3425,3516],[12,0],[0,-32],[25,0],[0,-33],[-12,0],[0,-32],[-13,0],[0,-32],[13,0],[0,-32],[-13,0],[0,-33],[-12,0],[0,33],[-13,0],[0,32],[-12,0],[0,-65],[-13,0],[0,33],[-75,0],[0,-97],[-12,0],[0,32],[-13,0],[0,32],[13,0],[0,65],[-38,0]],[[3262,3387],[0,32],[-12,0],[0,32],[37,0],[0,-32],[13,0],[0,32],[50,0],[0,33],[12,0],[0,32],[-12,0],[0,32],[-13,0],[0,65],[13,0],[0,32],[12,0],[0,32],[38,0],[0,32],[25,0],[0,-96],[12,0],[0,-33],[13,0],[0,33],[12,0],[0,32],[13,0]],[[5737,3322],[0,-64],[-13,0],[0,64],[13,0]],[[6074,3322],[13,0],[0,-64],[-13,0],[0,64]],[[3050,3290],[12,0],[0,-32],[-12,0],[0,32]],[[3162,3290],[13,0],[0,-32],[-13,0],[0,32]],[[3600,3290],[12,0],[0,-32],[-12,0]],[[3600,3258],[0,32]],[[5437,3290],[12,0],[0,-32],[-12,0],[0,32]],[[6037,3290],[12,0],[0,-32],[-12,0],[0,32]],[[8362,3290],[0,-32],[-13,0]],[[8349,3258],[0,32],[13,0]],[[8424,3258],[-12,0],[0,32],[12,0],[0,-32]],[[8974,3774],[25,0],[0,-32],[25,0]],[[9024,3709],[38,0],[0,-129]],[[9074,3580],[0,65],[25,0],[0,-32],[63,0]],[[9162,3645],[12,0],[0,-32],[13,0],[0,32]],[[9199,3645],[0,64],[38,0]],[[9224,3580],[-12,0],[0,-32],[-38,0]],[[9174,3516],[-25,0],[0,32],[-25,0],[0,32],[-12,0],[0,-64],[-13,0],[0,-65],[25,0],[0,-96]],[[9149,3355],[0,-65]],[[9162,3290],[0,65],[37,0]],[[9199,3355],[0,-65],[13,0],[0,-32],[-38,0]],[[9174,3258],[0,-33]],[[9174,3225],[-25,0],[0,33],[-25,0]],[[9087,3355],[-25,0]],[[9049,3387],[0,32],[-25,0]],[[9024,3451],[-37,0]],[[8962,3516],[0,64]],[[8949,3580],[0,65]],[[8987,3645],[-13,0]],[[8999,3613],[0,64]],[[9037,3580],[0,-96]],[[9049,3516],[13,0]],[[5749,3419],[0,-32]],[[5774,3258],[0,-33]],[[5774,3225],[-25,0]],[[5749,3225],[0,97],[-12,0]],[[5737,3322],[0,33],[-13,0],[0,32],[13,0],[0,32],[12,0]],[[5799,3387],[13,0]],[[5812,3387],[0,-32],[12,0],[0,-33],[13,0],[0,-32],[-13,0],[0,-32],[25,0],[0,-33],[-50,0]],[[5799,3225],[0,162]],[[5787,3355],[12,0]],[[5799,3355],[0,-130]],[[5799,3225],[-12,0]],[[5787,3225],[0,33]],[[5787,3258],[-13,0]],[[5787,3322],[0,33]],[[3400,3258],[25,0],[0,-33],[-25,0],[0,33]],[[3875,3258],[12,0],[0,-33],[-12,0],[0,33]],[[5949,3225],[-25,0],[0,33],[25,0],[0,-33]],[[9174,3258],[25,0],[0,-33],[-25,0]],[[9249,3225],[-12,0],[0,33],[12,0],[0,-33]],[[9399,3419],[0,65],[13,0],[0,-33],[25,0],[0,-32],[37,0],[0,-32],[13,0],[0,-65],[12,0],[0,-64],[13,0],[0,-65],[-25,0],[0,32],[-13,0],[0,33],[-25,0],[0,32],[-25,0],[0,32],[-12,0],[0,97],[-13,0]],[[9424,3387],[0,-32],[13,0],[0,32],[-13,0]],[[8974,3225],[-12,0],[0,-32],[-25,0]],[[8937,3193],[0,97],[25,0],[0,-32],[12,0],[0,-33]],[[6012,3290],[12,0],[0,-97],[-25,0],[0,65],[13,0],[0,32]],[[8537,3419],[0,-64],[-38,0]],[[8499,3322],[-12,0],[0,-32],[-13,0],[0,-32],[-25,0],[0,-33],[-25,0],[0,-32],[-25,0],[0,32],[-25,0],[0,33],[50,0]],[[8424,3258],[0,64]],[[8437,3355],[25,0],[0,32],[-38,0]],[[8424,3355],[-75,0],[0,-33],[13,0],[0,-32]],[[8349,3258],[-37,0],[0,32],[-13,0],[0,65],[-25,0],[0,-33],[-37,0],[0,65]],[[8312,3419],[75,0]],[[8399,3387],[0,64],[13,0]],[[8412,3419],[75,0],[0,65],[62,0],[0,-65]],[[9624,3193],[-25,0],[0,65],[25,0],[0,-65]],[[3037,3193],[0,32],[13,0],[0,-32],[-13,0]],[[3600,3225],[0,-32]],[[3600,3193],[-13,0]],[[3587,3193],[0,32],[13,0]],[[3600,3225],[12,0],[0,-32]],[[3612,3193],[-12,0]],[[3700,3225],[12,0],[0,-32],[-12,0],[0,32]],[[5499,3225],[13,0],[0,-32],[-13,0],[0,32]],[[5787,3258],[0,-65]],[[5787,3193],[-25,0],[0,32]],[[5762,3225],[12,0]],[[5949,3225],[13,0],[0,-32]],[[5962,3193],[-13,0]],[[5949,3193],[0,32]],[[5974,3193],[0,32],[13,0],[0,-32],[-13,0]],[[8674,3225],[13,0],[0,-32]],[[8687,3193],[-13,0],[0,32]],[[9249,3225],[13,0],[0,-32],[-13,0]],[[9249,3193],[0,32]],[[3212,3225],[38,0],[0,-32],[12,0],[0,-32],[-62,0],[0,32],[12,0],[0,32]],[[3537,3193],[13,0],[0,-32],[-13,0],[0,32]],[[5549,3193],[13,0],[0,-32],[-13,0],[0,32]],[[5887,3193],[12,0],[0,-32],[-12,0],[0,32]],[[5937,3193],[37,0]],[[5974,3193],[0,-32]],[[5974,3161],[-37,0]],[[5937,3161],[0,32]],[[8649,3193],[13,0],[0,-32]],[[8662,3161],[-13,0],[0,32]],[[8687,3193],[12,0],[0,-32],[-12,0]],[[8687,3161],[0,32]],[[8787,3161],[-13,0],[0,32],[13,0],[0,-32]],[[9249,3193],[25,0],[0,32],[13,0],[0,-64],[-38,0],[0,32]],[[3037,3193],[0,-64],[-12,0],[0,32],[-25,0],[0,64],[12,0],[0,-32],[25,0]],[[6199,3193],[0,-64]],[[6199,3129],[-12,0],[0,64],[12,0]],[[6199,3193],[13,0],[0,-64],[-13,0]],[[9437,3193],[25,0],[0,-64],[-13,0],[0,32],[-12,0],[0,32]],[[9624,3193],[25,0],[0,-64],[-25,0],[0,64]],[[2962,3129],[-12,0],[0,32],[12,0],[0,-32]],[[5449,3161],[0,-32],[-12,0],[0,32],[12,0]],[[5612,3161],[25,0]],[[5637,3161],[0,-32]],[[5637,3129],[-25,0]],[[5612,3129],[0,32]],[[5949,3161],[13,0]],[[5962,3161],[0,-32]],[[5962,3129],[-13,0]],[[5949,3129],[0,32]],[[6237,3129],[-13,0]],[[6224,3129],[0,32],[13,0],[0,-32]],[[6374,3129],[-12,0],[0,32],[12,0],[0,-32]],[[5612,3225],[0,-32]],[[5612,3193],[12,0]],[[5624,3193],[0,-32]],[[5624,3161],[-12,0]],[[5612,3129],[12,0]],[[5624,3129],[0,-33]],[[5624,3096],[-25,0],[0,33],[-25,0]],[[5574,3129],[0,64]],[[5574,3193],[25,0],[0,32],[13,0]],[[3112,3161],[13,0]],[[3125,3161],[0,-65]],[[3125,3096],[-13,0]],[[3112,3096],[0,65]],[[5937,3161],[12,0]],[[5949,3161],[0,-65]],[[5949,3096],[-12,0]],[[5937,3096],[0,65]],[[5999,3096],[-12,0],[0,65],[12,0],[0,-65]],[[8937,3129],[12,0],[0,-33],[-25,0]],[[8924,3096],[0,65],[13,0],[0,-32]],[[3050,3129],[12,0],[0,-33],[-12,0],[0,33]],[[3400,3129],[12,0],[0,-33],[-12,0],[0,33]],[[3587,3129],[13,0],[0,-33],[-13,0],[0,33]],[[5762,3129],[12,0],[0,-33],[-12,0]],[[5762,3096],[0,33]],[[5862,3129],[12,0],[0,-33],[-12,0],[0,33]],[[5912,3129],[12,0],[0,-33],[-12,0],[0,33]],[[6199,3129],[25,0]],[[6224,3129],[0,-33]],[[6224,3096],[-25,0],[0,33]],[[6237,3129],[0,-33]],[[6237,3096],[-13,0]],[[6237,3129],[12,0]],[[6249,3129],[0,-33]],[[6249,3096],[-12,0]],[[6249,3129],[13,0],[0,-33]],[[6262,3096],[-13,0]],[[6374,3129],[13,0],[0,-33]],[[6387,3096],[-13,0],[0,33]],[[8687,3096],[0,33],[12,0],[0,-33],[-12,0]],[[8774,3129],[13,0],[0,-33],[-13,0],[0,33]],[[2900,3225],[50,0],[0,-32],[37,0],[0,-64],[-25,0]],[[2962,3129],[0,-65]],[[2962,3064],[-12,0]],[[2950,3064],[0,32],[-13,0],[0,33],[-12,0],[0,64],[-25,0]],[[2900,3193],[0,32]],[[8724,3161],[13,0]],[[8737,3161],[0,-65],[12,0],[0,-32],[-25,0],[0,97]],[[3125,3129],[12,0],[0,-65]],[[3137,3064],[-12,0]],[[3125,3064],[0,65]],[[5387,3096],[0,33]],[[5387,3129],[12,0],[0,64],[13,0],[0,-97],[12,0],[0,-32],[-25,0],[0,32],[-12,0]],[[5962,3129],[0,-65]],[[5962,3064],[-13,0]],[[5949,3064],[0,65]],[[3125,3096],[0,-32]],[[3125,3064],[-13,0]],[[3112,3064],[0,32]],[[3700,3096],[12,0],[0,-32],[-12,0],[0,32]],[[5574,3096],[13,0],[0,-32]],[[5587,3064],[-13,0]],[[5574,3064],[0,32]],[[5949,3096],[0,-32]],[[5949,3064],[-12,0]],[[5937,3064],[0,32]],[[6112,3096],[0,-32]],[[6112,3064],[-13,0],[0,32],[13,0]],[[6249,3096],[0,-32]],[[6249,3064],[-12,0],[0,32]],[[6262,3096],[0,-32],[-13,0]],[[6387,3096],[12,0],[0,-32]],[[6399,3064],[-12,0],[0,32]],[[3375,3064],[-13,0]],[[3362,3064],[0,-32]],[[3362,3032],[-25,0]],[[3337,3032],[0,129],[-12,0],[0,64],[25,0],[0,-64],[12,0],[0,-32],[13,0],[0,-65]],[[8624,3129],[50,0],[0,-33]],[[8674,3096],[13,0]],[[8687,3096],[0,-32],[-13,0],[0,-32],[-12,0],[0,32],[-13,0],[0,-32],[-12,0],[0,32],[-13,0],[0,65]],[[8987,3129],[0,-65],[12,0],[0,-32]],[[8999,3032],[-25,0],[0,97],[13,0]],[[3525,3064],[-13,0],[0,-32]],[[3512,3032],[-12,0]],[[3500,3032],[0,32]],[[3500,3064],[-13,0],[0,32],[13,0],[0,33],[12,0],[0,-33],[13,0],[0,-32]],[[5962,3096],[12,0],[0,-64],[-12,0]],[[5962,3032],[0,64]],[[3437,3064],[13,0],[0,-32],[-13,0],[0,32]],[[3525,3064],[0,-32]],[[3525,3032],[-13,0]],[[3525,3064],[12,0]],[[3537,3064],[0,-32]],[[3537,3032],[-12,0]],[[5362,3258],[25,0]],[[5387,3258],[0,-194]],[[5387,3064],[-13,0]],[[5374,3064],[0,-32]],[[5374,3032],[-37,0]],[[5337,3032],[0,32],[12,0],[0,32],[13,0],[0,33],[12,0],[0,96],[-12,0],[0,33]],[[5799,3032],[-12,0],[0,32],[12,0],[0,-32]],[[6337,3064],[0,-32],[-13,0]],[[6324,3032],[0,32],[13,0]],[[8812,3000],[-25,0],[0,32],[-13,0],[0,32],[-12,0],[0,65],[-13,0],[0,32]],[[8749,3161],[38,0]],[[8787,3161],[0,64],[12,0],[0,-96],[13,0],[0,-33],[-13,0],[0,-64],[13,0],[0,-32]],[[5624,3096],[0,-32]],[[5624,3064],[-12,0]],[[5612,3064],[0,-64]],[[5612,3000],[-13,0],[0,64]],[[5599,3064],[-12,0]],[[5574,3096],[0,33]],[[3075,3096],[12,0]],[[3087,3096],[0,-32],[13,0],[0,-64]],[[3100,3000],[-13,0],[0,32],[-12,0],[0,64]],[[3287,3032],[-12,0],[0,-32]],[[3275,3000],[-13,0]],[[3262,3000],[0,32],[-12,0],[0,32]],[[3250,3064],[-25,0]],[[3225,3064],[0,32],[25,0],[0,33],[12,0],[0,-33],[13,0],[0,-32],[12,0],[0,-32]],[[3875,3000],[-13,0],[0,96],[38,0],[0,-32],[-25,0],[0,-64]],[[5999,3096],[13,0],[0,33],[12,0],[0,32],[13,0],[0,-65],[-13,0],[0,-32],[25,0],[0,-64],[-37,0],[0,64],[-13,0],[0,32]],[[5824,4193],[25,0]],[[5837,4129],[0,-65]],[[5824,4064],[0,-32]],[[5812,4032],[0,-97]],[[5812,3774],[0,-97]],[[5812,3677],[12,0]],[[5837,3645],[0,97]],[[5837,3742],[12,0]],[[5887,3774],[0,-32]],[[5899,3742],[0,-65]],[[5874,3709],[0,-32]],[[5862,3677],[0,-97]],[[5862,3580],[25,0]],[[5887,3580],[0,-32],[12,0],[0,-64],[-12,0],[0,-33]],[[5887,3451],[-13,0]],[[5874,3451],[0,-64]],[[5874,3387],[-25,0]],[[5849,3387],[0,32],[-25,0]],[[5824,3419],[0,-32]],[[5824,3387],[-25,0]],[[5799,3387],[0,-32]],[[5787,3355],[0,32]],[[5749,3451],[0,-32]],[[5749,3225],[13,0]],[[5787,3193],[0,32]],[[5799,3225],[0,-96],[13,0],[0,-33],[12,0],[0,-64]],[[5824,3032],[-25,0]],[[5799,3032],[0,-32]],[[5799,3000],[-37,0]],[[5762,3000],[0,32],[-13,0],[0,32],[13,0]],[[5762,3064],[0,32]],[[5762,3129],[0,32]],[[5762,3161],[-13,0],[0,-32],[-25,0],[0,32],[-25,0],[0,32],[-37,0],[0,-32],[-13,0],[0,32]],[[5649,3193],[-37,0]],[[5612,3193],[0,97]],[[5612,3290],[-13,0],[0,97]],[[5599,3419],[0,32],[-12,0],[0,33],[-25,0],[0,32],[-13,0],[0,161],[-12,0],[0,32],[-25,0],[0,33],[-38,0],[0,32],[-12,0]],[[5462,3774],[0,129]],[[5462,3903],[12,0]],[[5499,3967],[0,226]],[[5512,4193],[0,32]],[[5562,4290],[62,0]],[[5624,4322],[63,0]],[[3287,3032],[0,-32],[-12,0]],[[3487,3000],[-12,0]],[[3475,3000],[0,32],[12,0],[0,-32]],[[5799,3032],[38,0]],[[5837,3032],[0,-32]],[[5837,3000],[-38,0]],[[5987,3032],[12,0],[0,-32],[-12,0],[0,32]],[[8724,3032],[13,0],[0,-32],[-13,0],[0,32]],[[3112,3129],[0,-65]],[[3125,3064],[0,-97]],[[3125,2967],[-13,0]],[[3112,2967],[0,33],[-12,0]],[[3087,3096],[13,0]],[[3100,3096],[0,33],[12,0]],[[8924,3064],[13,0],[0,-32],[12,0],[0,-32],[-12,0],[0,-33],[-13,0]],[[8924,2967],[0,97]],[[3600,3064],[12,0],[0,-97],[-25,0],[0,65],[13,0],[0,32]],[[5449,3516],[0,-65],[-12,0],[0,-32],[37,0]],[[5474,3419],[0,-97]],[[5487,3387],[12,0]],[[5499,3387],[0,-32],[13,0],[0,-33],[12,0],[0,-193],[-12,0],[0,-65],[-13,0],[0,-64],[-12,0],[0,-33],[-13,0]],[[5474,2967],[0,33]],[[5474,3000],[-12,0]],[[5462,3000],[0,-33]],[[5462,2967],[-25,0],[0,65],[25,0],[0,32],[12,0],[0,32],[13,0],[0,65],[-38,0]],[[5449,3161],[0,64],[-37,0],[0,33],[-13,0]],[[5399,3258],[0,32]],[[5399,3322],[0,129]],[[5387,3451],[0,33]],[[3112,2967],[-12,0],[0,33]],[[3875,3000],[12,0],[0,-33],[-12,0],[0,33]],[[6112,3129],[25,0],[0,-65]],[[6137,3064],[-13,0],[0,-129],[-12,0]],[[6112,2935],[0,194]],[[187,3064],[38,0],[0,-32],[12,0],[0,-32],[25,0],[0,-65],[-12,0],[0,32],[-38,0],[0,33],[-25,0],[0,64]],[[3212,3064],[38,0]],[[3262,3000],[-50,0]],[[3212,3000],[0,-33],[-12,0],[0,-32],[-13,0],[0,32],[-12,0],[0,33],[-13,0],[0,-33],[-12,0],[0,65],[-13,0],[0,32]],[[3137,3064],[13,0],[0,32],[25,0],[0,33],[12,0],[0,-33],[25,0],[0,-32]],[[3362,3064],[38,0]],[[3400,3064],[0,-32],[12,0],[0,-32],[-12,0],[0,-65],[-38,0],[0,32],[-12,0],[0,65]],[[3350,3032],[12,0]],[[9649,2935],[0,32],[-12,0]],[[9637,2967],[0,65],[25,0],[0,-97],[-13,0]],[[5474,3000],[0,-65]],[[5474,2935],[-12,0]],[[5462,2935],[0,65]],[[2875,2967],[12,0],[0,-32]],[[2887,2935],[-12,0],[0,32]],[[3125,2967],[0,-32]],[[3125,2935],[-13,0]],[[3112,2935],[0,32]],[[3512,2967],[13,0],[0,-32],[-13,0],[0,32]],[[3550,2967],[12,0],[0,-32],[-12,0],[0,32]],[[5949,2967],[13,0],[0,-32],[-13,0],[0,32]],[[8662,2967],[12,0],[0,-32],[-12,0],[0,32]],[[8737,2935],[0,32],[25,0],[0,-32],[-25,0]],[[8987,2967],[12,0],[0,-32],[-12,0],[0,32]],[[3287,3032],[25,0],[0,-65],[-12,0],[0,-64],[-13,0],[0,32],[-12,0],[0,65]],[[6362,3000],[0,-33],[12,0],[0,-64],[-12,0]],[[6362,2903],[0,32]],[[6362,2935],[-25,0],[0,32]],[[6337,2967],[-25,0],[0,33],[50,0]],[[3850,2967],[12,0],[0,-64],[-12,0],[0,64]],[[6399,2967],[0,-32],[13,0],[0,-32]],[[6412,2903],[-25,0],[0,64],[12,0]],[[3325,2903],[-13,0],[0,32],[13,0],[0,-32]],[[5387,2935],[12,0],[0,-32],[-12,0],[0,32]],[[5737,2935],[25,0],[0,-32],[-25,0],[0,32]],[[5912,2935],[12,0],[0,-32],[-12,0],[0,32]],[[8487,2935],[12,0],[0,-32],[-12,0],[0,32]],[[8737,2935],[0,-32],[-13,0],[0,32],[13,0]],[[5462,3871],[0,-97]],[[5612,3290],[0,-65]],[[5574,3193],[0,-129]],[[5574,3064],[25,0]],[[5612,3000],[0,-65]],[[5612,2935],[-13,0],[0,-32],[-25,0],[0,-32],[-12,0],[0,32],[-13,0],[0,32],[-12,0],[0,-32]],[[5537,2903],[-63,0]],[[5474,2903],[0,64]],[[5499,3387],[-25,0]],[[5474,3387],[0,32]],[[5449,3709],[0,162]],[[6112,2935],[0,-64],[-13,0],[0,64],[13,0]],[[8924,2935],[13,0],[0,-32],[12,0],[0,-32],[-25,0]],[[8924,2871],[0,64]],[[3325,2903],[12,0],[0,-32],[-12,0]],[[3325,2871],[0,32]],[[6124,2903],[13,0]],[[6137,2903],[0,-32],[-13,0],[0,32]],[[6274,2903],[0,-32],[-12,0]],[[6262,2871],[0,32],[12,0]],[[3137,2903],[38,0]],[[3175,2903],[0,-65]],[[3175,2838],[-25,0]],[[3150,2838],[0,33],[-13,0],[0,32]],[[3662,2903],[13,0],[0,-32],[12,0],[0,-33],[-25,0],[0,65]],[[8587,2838],[-25,0],[0,33],[-13,0],[0,32],[13,0]],[[8562,2903],[0,64],[25,0],[0,-129]],[[8649,2903],[13,0],[0,-65],[-13,0],[0,65]],[[3075,2871],[12,0],[0,-33],[-12,0],[0,33]],[[3112,2871],[13,0],[0,-33],[-13,0]],[[3112,2838],[0,33]],[[3325,2871],[0,-33]],[[3325,2838],[-25,0]],[[3300,2838],[0,33],[25,0]],[[5437,2871],[12,0],[0,-33]],[[5449,2838],[-12,0]],[[5437,2838],[0,33]],[[6037,2838],[-13,0],[0,33],[13,0],[0,-33]],[[6237,2871],[0,-33]],[[6237,2838],[-13,0]],[[6224,2838],[0,33],[13,0]],[[6237,2871],[25,0]],[[6262,2871],[0,-33]],[[6262,2838],[-25,0]],[[6324,2871],[13,0],[0,-33],[-13,0],[0,33]],[[6412,2871],[0,-33],[-13,0]],[[6399,2838],[0,33],[13,0]],[[5387,3419],[0,-32]],[[5399,3387],[0,-129]],[[5462,2967],[0,-32]],[[5474,2935],[0,-32]],[[5474,2903],[13,0]],[[5487,2903],[0,-32],[-25,0],[0,-33],[-13,0]],[[5437,2871],[0,-65]],[[5437,2806],[-13,0],[0,65]],[[5424,2871],[-50,0]],[[5374,2871],[0,32]],[[5374,2903],[-12,0],[0,64],[12,0]],[[5374,2967],[0,97]],[[5387,3064],[0,32]],[[5387,3129],[0,129]],[[5362,3258],[0,97]],[[5374,3355],[0,64]],[[9637,2967],[0,-32],[12,0]],[[9649,2935],[0,-64],[13,0],[0,-65]],[[9662,2806],[-25,0],[0,65],[-13,0],[0,32],[-12,0],[0,64],[25,0]],[[3875,2935],[12,0],[0,-129],[-12,0],[0,129]],[[9649,2935],[25,0],[0,-129]],[[9674,2806],[-12,0]],[[5374,2871],[25,0]],[[5399,2871],[0,-65]],[[5399,2806],[-25,0]],[[5374,2806],[0,65]],[[5399,2871],[13,0]],[[5412,2871],[0,-65],[-13,0]],[[5624,3193],[25,0]],[[5762,3161],[0,-97]],[[5762,3000],[-13,0]],[[5749,3000],[0,-33],[-37,0],[0,-32],[-13,0],[0,-32],[-12,0],[0,-32],[12,0],[0,-33],[-12,0],[0,-32],[-38,0],[0,32],[-12,0],[0,33],[12,0],[0,64],[13,0],[0,32],[-13,0],[0,65],[-12,0],[0,32]],[[5637,3064],[-13,0]],[[5624,3064],[0,65]],[[5624,3129],[13,0]],[[5637,3161],[-13,0]],[[9049,2806],[-12,0]],[[9037,2806],[0,65],[12,0],[0,-65]],[[9687,2806],[-13,0]],[[9674,2806],[0,65],[13,0],[0,-65]],[[12,2806],[-12,0]],[[0,2806],[0,32],[12,0],[0,-32]],[[2950,2838],[0,-32]],[[2950,2806],[-13,0],[0,32],[13,0]],[[3275,2806],[-25,0],[0,32],[25,0],[0,-32]],[[3312,2838],[13,0]],[[3325,2838],[0,-32]],[[3325,2806],[-13,0]],[[3312,2806],[0,32]],[[3325,2838],[12,0],[0,-32]],[[3337,2806],[-12,0]],[[3375,2838],[12,0],[0,-32]],[[3387,2806],[-12,0]],[[3375,2806],[0,32]],[[6037,2838],[25,0]],[[6062,2838],[0,-32],[-25,0]],[[6037,2806],[0,32]],[[6124,2838],[0,-32],[-12,0]],[[6112,2806],[0,32],[12,0]],[[6349,2838],[13,0]],[[6362,2838],[0,-32]],[[6362,2806],[-13,0]],[[6349,2806],[0,32]],[[8874,2838],[13,0],[0,-32],[-13,0],[0,32]],[[9962,2838],[0,-32],[-13,0]],[[9949,2806],[0,32],[13,0]],[[6037,2806],[-25,0],[0,-32]],[[6012,2774],[-13,0],[0,64],[13,0],[0,65],[50,0],[0,32],[25,0],[0,-32],[-13,0],[0,-32],[-12,0],[0,-33]],[[8874,2838],[0,-64],[-12,0]],[[8862,2774],[0,64],[12,0]],[[12,2806],[0,-32],[-12,0],[0,32]],[[3325,2806],[0,-32]],[[3325,2774],[-13,0]],[[3312,2774],[0,32]],[[3337,2806],[13,0],[0,-32]],[[3350,2774],[-13,0],[0,32]],[[3837,2838],[13,0],[0,-64],[-25,0],[0,32],[12,0],[0,32]],[[6037,2806],[0,-32]],[[6037,2774],[-25,0]],[[6062,2838],[12,0],[0,-32],[13,0],[0,-32]],[[6087,2774],[-50,0]],[[6112,2806],[0,-32],[-13,0]],[[6099,2774],[0,32],[13,0]],[[6224,2774],[-12,0]],[[6212,2774],[0,32],[12,0],[0,-32]],[[6387,2774],[0,32],[12,0],[0,-32],[-12,0]],[[9674,2806],[0,-32],[-12,0]],[[9662,2774],[0,32]],[[5374,3032],[0,-65]],[[5374,2903],[0,-97]],[[5399,2806],[0,-64]],[[5399,2742],[-12,0]],[[5387,2742],[0,32],[-25,0],[0,32],[-13,0]],[[5349,2806],[0,32]],[[5349,2838],[-12,0],[0,33],[-13,0]],[[5324,2871],[0,64],[13,0],[0,97]],[[3350,2774],[0,-32]],[[3350,2742],[-25,0]],[[3325,2742],[0,64]],[[3375,2806],[50,0]],[[3425,2806],[0,-32]],[[3425,2774],[-13,0],[0,-32]],[[3412,2742],[-25,0]],[[3387,2742],[0,32],[-12,0]],[[3375,2774],[0,32]],[[5412,2871],[12,0]],[[5437,2806],[0,32]],[[5449,2838],[0,-96]],[[5449,2742],[-12,0]],[[5437,2742],[0,32],[-25,0],[0,-32]],[[5412,2742],[-13,0]],[[25,2774],[12,0],[0,-32],[-12,0],[0,32]],[[3150,2774],[0,-32]],[[3150,2742],[-25,0],[0,32],[25,0]],[[3150,2774],[25,0],[0,-32]],[[3175,2742],[-25,0]],[[3325,2774],[0,-32]],[[3325,2742],[-13,0]],[[3312,2742],[0,32]],[[3425,2774],[0,-32]],[[3425,2742],[-13,0]],[[3475,2774],[0,-32]],[[3475,2742],[-13,0],[0,32],[13,0]],[[5437,2742],[-25,0]],[[6012,2774],[12,0]],[[6024,2774],[0,-32]],[[6024,2742],[-12,0]],[[6012,2742],[0,32]],[[6024,2774],[13,0]],[[6037,2774],[0,-32]],[[6037,2742],[-13,0]],[[6037,2774],[12,0]],[[6049,2774],[0,-32]],[[6049,2742],[-12,0]],[[6049,2774],[25,0],[0,-32],[-25,0]],[[6374,2774],[13,0]],[[6387,2774],[0,-32],[-13,0],[0,32]],[[8574,2774],[13,0],[0,-32],[-13,0],[0,32]],[[8712,2742],[-13,0],[0,32],[13,0],[0,-32]],[[3125,2935],[0,-32]],[[3125,2903],[12,0]],[[3150,2838],[37,0]],[[3187,2838],[0,33],[13,0],[0,-97],[12,0]],[[3212,2774],[0,-65]],[[3212,2709],[-12,0]],[[3200,2709],[0,33]],[[3200,2742],[-25,0]],[[3150,2774],[0,32],[-38,0]],[[3112,2806],[0,32]],[[3112,2871],[0,64]],[[5612,2935],[0,-129]],[[5612,2806],[12,0],[0,-32],[13,0],[0,-32],[-13,0],[0,-33],[-75,0],[0,33],[-62,0],[0,32],[-25,0],[0,-32]],[[5462,2742],[-13,0]],[[5487,2903],[50,0]],[[3075,2774],[25,0],[0,-32],[-13,0],[0,-33],[-12,0],[0,65]],[[9012,2774],[-13,0],[0,-32],[-37,0],[0,-33],[-13,0],[0,65],[13,0],[0,64],[12,0],[0,33],[13,0],[0,-33],[12,0],[0,-32],[13,0],[0,-32]],[[9687,2806],[0,-97],[-25,0],[0,65]],[[3337,2742],[25,0]],[[3362,2742],[0,-33]],[[3362,2709],[-25,0]],[[3337,2709],[0,33]],[[3400,2742],[12,0]],[[3412,2742],[0,-33],[-12,0],[0,33]],[[3912,2742],[13,0],[0,-33],[-13,0],[0,33]],[[8387,2742],[25,0],[0,-33]],[[8412,2709],[-25,0],[0,33]],[[8712,2742],[12,0],[0,-33]],[[8724,2709],[-12,0],[0,33]],[[8849,2742],[13,0],[0,-33],[-13,0],[0,33]],[[5824,2806],[13,0],[0,-97],[12,0],[0,-32],[-25,0],[0,129]],[[3150,2742],[50,0]],[[3200,2742],[0,-65]],[[3200,2677],[-25,0]],[[3175,2677],[0,32],[-25,0]],[[3150,2709],[0,33]],[[9962,2677],[-50,0],[0,65],[12,0],[0,32],[25,0],[0,32]],[[9962,2838],[25,0],[0,33],[12,0],[0,-97],[-37,0],[0,-97]],[[9962,2677],[0,65],[12,0],[0,32],[13,0],[0,-97],[-25,0]],[[3212,2709],[0,-32]],[[3212,2677],[-12,0]],[[3200,2677],[0,32]],[[3337,2709],[0,-32],[-25,0],[0,32],[25,0]],[[3350,2709],[12,0]],[[3362,2709],[0,-32]],[[3362,2677],[-12,0]],[[3350,2677],[0,32]],[[3362,2709],[25,0],[0,-32]],[[3387,2677],[-25,0]],[[3725,2709],[0,-32],[-13,0],[0,32],[13,0]],[[5912,2709],[12,0],[0,-32],[-12,0],[0,32]],[[5974,2709],[13,0],[0,-32],[-13,0],[0,32]],[[8612,2709],[12,0],[0,-32],[-12,0],[0,32]],[[9074,2677],[-12,0]],[[9062,2677],[0,32],[12,0],[0,-32]],[[8449,2806],[13,0],[0,-32],[12,0],[0,-32],[13,0],[0,-33],[12,0],[0,-64],[-25,0],[0,32],[-25,0],[0,32],[-25,0],[0,97],[-12,0],[0,-32],[-13,0]],[[8399,2774],[0,64],[25,0],[0,33],[25,0],[0,-65]],[[9049,2806],[13,0],[0,-129]],[[9074,2677],[0,-32],[-25,0]],[[9049,2645],[0,64],[-12,0]],[[9037,2709],[0,65]],[[9037,2774],[12,0],[0,32]],[[3175,2677],[12,0]],[[3187,2677],[0,-32]],[[3187,2645],[-37,0]],[[3150,2645],[0,64]],[[8537,2709],[50,0],[0,-32],[-13,0],[0,-32],[-12,0],[0,32],[-25,0],[0,32]],[[9049,2645],[-12,0]],[[9037,2645],[0,64]],[[162,2677],[13,0],[0,-32],[-13,0],[0,32]],[[3187,2677],[13,0]],[[3200,2677],[0,-32]],[[3200,2645],[-13,0]],[[3387,2677],[13,0],[0,-32],[-13,0],[0,32]],[[5449,2677],[13,0],[0,-32],[-13,0],[0,32]],[[9712,2613],[-25,0]],[[9687,2613],[0,64],[25,0],[0,-64]],[[3687,2645],[13,0],[0,-32],[-13,0],[0,32]],[[5712,2645],[50,0],[0,-32],[-50,0],[0,32]],[[9962,2677],[0,-64],[-25,0],[0,32],[12,0],[0,32],[13,0]],[[6212,2742],[12,0],[0,-65],[13,0]],[[6237,2677],[0,-97]],[[6237,2580],[-13,0]],[[6224,2580],[0,65],[-12,0],[0,97]],[[8724,2709],[13,0],[0,-32],[25,0],[0,65],[12,0],[0,-65],[13,0],[0,-97],[-13,0],[0,65],[-12,0],[0,-32],[-13,0],[0,32],[-25,0],[0,64]],[[8387,2645],[0,-32],[25,0],[0,-33],[-50,0]],[[8362,2580],[0,65],[25,0]],[[3037,2613],[13,0]],[[3050,2613],[0,-33],[-13,0],[0,33]],[[5774,2613],[13,0],[0,-33],[-13,0],[0,33]],[[5924,2580],[0,33],[13,0],[0,-33],[-13,0]],[[6237,2613],[12,0],[0,-33]],[[6249,2580],[-12,0]],[[6237,2580],[0,33]],[[8799,2613],[13,0],[0,-33],[-13,0],[0,33]],[[9099,2580],[0,33],[13,0],[0,-33],[-13,0]],[[9687,2613],[12,0]],[[9699,2613],[0,-33]],[[9699,2580],[-12,0],[0,33]],[[9699,2613],[13,0]],[[9712,2613],[0,-33]],[[9712,2580],[-13,0]],[[3212,2677],[0,-129]],[[3212,2548],[-12,0]],[[3200,2548],[0,32]],[[3200,2580],[-13,0],[0,33],[-12,0],[0,-33],[-13,0]],[[3162,2580],[0,65]],[[3162,2645],[38,0]],[[3787,2613],[13,0],[0,-65],[-13,0],[0,65]],[[3262,2580],[0,-32]],[[3262,2548],[-12,0]],[[3250,2548],[0,32],[12,0]],[[3687,2580],[13,0],[0,-32],[-13,0],[0,32]],[[5924,2580],[0,-32],[-12,0],[0,32],[12,0]],[[8299,2580],[0,-32]],[[8299,2548],[-12,0],[0,32],[12,0]],[[9137,2580],[12,0],[0,-32]],[[9149,2548],[-12,0],[0,32]],[[9712,2580],[12,0],[0,-32],[-12,0],[0,32]],[[8887,2645],[25,0],[0,-129],[-13,0],[0,64],[-12,0],[0,65]],[[6587,2580],[12,0],[0,-64],[-12,0],[0,64]],[[3212,2548],[0,-32]],[[3212,2516],[-12,0]],[[3200,2516],[0,32]],[[8924,2548],[13,0],[0,-32],[-13,0],[0,32]],[[8962,2516],[-13,0],[0,32],[13,0],[0,-32]],[[8824,2645],[38,0],[0,-32],[12,0],[0,-33],[-12,0],[0,-96],[-38,0],[0,161]],[[3475,2806],[12,0],[0,-32],[13,0],[0,-32],[12,0],[0,-33],[-12,0],[0,-96],[-13,0],[0,-97],[-12,0],[0,-32],[-25,0],[0,32],[-13,0],[0,-32],[-12,0]],[[3425,2484],[0,32],[-13,0]],[[3412,2516],[0,64],[13,0],[0,-32],[25,0],[0,32],[12,0],[0,65],[13,0]],[[3475,2645],[0,161]],[[3312,2613],[38,0],[0,-97],[-13,0]],[[3337,2516],[0,-32]],[[3337,2484],[-37,0],[0,64],[12,0]],[[3312,2548],[0,65]],[[3837,2548],[25,0],[0,-64]],[[3862,2484],[-25,0]],[[3837,2484],[0,64]],[[3875,2548],[12,0],[0,-64],[-12,0],[0,64]],[[5674,2484],[-12,0],[0,64],[12,0],[0,-64]],[[8724,2548],[13,0],[0,-64],[-13,0],[0,64]],[[3200,2516],[0,-32]],[[3200,2484],[-13,0],[0,32],[13,0]],[[3212,2516],[13,0],[0,-32],[-13,0]],[[3212,2484],[0,32]],[[3412,2516],[0,-32]],[[3412,2484],[-12,0],[0,32],[12,0]],[[3425,2484],[-13,0]],[[3512,2484],[-12,0],[0,32],[12,0],[0,-32]],[[3700,2516],[12,0],[0,-32],[-12,0],[0,32]],[[5987,2484],[-13,0]],[[5974,2484],[0,32],[13,0],[0,-32]],[[8962,2516],[25,0],[0,-32],[-25,0],[0,32]],[[8999,2516],[13,0],[0,-32],[-13,0],[0,32]],[[9124,2580],[13,0]],[[9149,2548],[0,-97]],[[9149,2451],[-12,0],[0,33],[-13,0],[0,96]],[[3237,2548],[25,0]],[[3262,2548],[0,-32]],[[3262,2516],[13,0]],[[3275,2516],[0,-32]],[[3275,2484],[-25,0],[0,-33]],[[3250,2451],[-13,0],[0,97]],[[9649,2484],[0,-33]],[[9649,2451],[-12,0]],[[9637,2451],[0,97],[12,0],[0,-32],[13,0],[0,-32],[-13,0]],[[137,2516],[0,-65]],[[137,2451],[-12,0],[0,65],[12,0]],[[137,2516],[13,0],[0,-65],[-13,0]],[[3212,2516],[0,-65]],[[3212,2451],[-12,0]],[[3200,2451],[0,65]],[[6524,2516],[38,0],[0,-65],[-38,0],[0,65]],[[3112,2484],[13,0]],[[3125,2484],[0,-33],[-13,0]],[[3112,2451],[0,33]],[[3275,2484],[0,-33]],[[3275,2451],[-25,0]],[[8199,2451],[-12,0],[0,33],[12,0],[0,-33]],[[8749,2484],[13,0],[0,-33],[-13,0],[0,33]],[[9162,2451],[-13,0]],[[9149,2451],[0,33],[13,0],[0,-33]],[[9649,2484],[25,0],[0,-33]],[[9674,2451],[-25,0]],[[3350,2484],[37,0],[0,-65],[-37,0],[0,65]],[[3425,2484],[0,-65],[-13,0],[0,65]],[[5674,2484],[25,0],[0,64],[13,0],[0,-32],[12,0],[0,-65],[-12,0],[0,-32],[-25,0],[0,32],[-13,0],[0,33]],[[8274,2419],[-25,0],[0,65],[13,0],[0,-33],[12,0],[0,-32]],[[3250,2451],[12,0]],[[3262,2451],[0,-32]],[[3262,2419],[-12,0]],[[3250,2419],[0,32]],[[3337,2451],[0,-32]],[[3337,2419],[-12,0]],[[3325,2419],[0,32],[12,0]],[[3687,2451],[13,0],[0,-32],[-13,0],[0,32]],[[3812,2451],[13,0]],[[3825,2451],[0,-32]],[[3825,2419],[-13,0]],[[3812,2419],[0,32]],[[3837,2484],[13,0]],[[3850,2484],[0,-33]],[[3850,2451],[12,0],[0,-32]],[[3862,2419],[-37,0]],[[3825,2451],[12,0]],[[3837,2451],[0,33]],[[8162,2451],[0,-32],[-13,0]],[[8149,2419],[0,32],[13,0]],[[9162,2451],[0,-32],[-13,0],[0,32]],[[9662,2451],[12,0]],[[9674,2451],[0,-32],[-12,0],[0,32]],[[5349,2838],[0,-129]],[[5349,2709],[13,0],[0,-96],[12,0],[0,-33],[13,0],[0,-32],[12,0],[0,-32],[13,0],[0,-97],[12,0],[0,-32],[-25,0]],[[5399,2387],[0,97]],[[5399,2484],[-37,0],[0,64],[-13,0],[0,65],[-12,0],[0,32],[-13,0],[0,226]],[[9599,2451],[13,0],[0,-32],[12,0],[0,-32]],[[9624,2387],[-25,0],[0,32],[-12,0],[0,32],[-13,0],[0,33],[-12,0],[0,32],[-13,0],[0,64],[25,0],[0,-32],[13,0],[0,-32],[12,0],[0,-65]],[[5399,2387],[-12,0],[0,32],[-13,0],[0,65],[25,0]],[[9637,2451],[0,-32],[12,0],[0,-32],[-25,0]],[[9599,2451],[0,33],[25,0],[0,-33],[13,0]],[[3137,2387],[-25,0]],[[3112,2387],[0,64]],[[3125,2484],[-25,0]],[[3100,2484],[0,32]],[[3100,2516],[37,0],[0,32],[13,0],[0,-32],[12,0],[0,-32],[-12,0],[0,-33],[-13,0],[0,-64]],[[3162,2613],[0,-33]],[[3200,2580],[0,-64]],[[3200,2484],[0,-65]],[[3200,2419],[-50,0],[0,-32],[-13,0]],[[3100,2516],[0,64]],[[3100,2580],[50,0],[0,33],[12,0]],[[3287,2580],[25,0]],[[3312,2580],[0,-32]],[[3337,2484],[0,-33]],[[3325,2419],[-13,0]],[[3312,2419],[0,-32]],[[3312,2387],[-12,0]],[[3300,2387],[0,32]],[[3300,2419],[-38,0]],[[3262,2451],[13,0]],[[3275,2451],[0,97]],[[3275,2548],[12,0]],[[3287,2548],[0,32]],[[3762,2451],[0,-64]],[[3762,2387],[-12,0]],[[3750,2387],[0,64],[12,0]],[[3275,2419],[25,0]],[[3300,2387],[-25,0],[0,32]],[[6337,2419],[12,0]],[[6349,2419],[0,-32],[-12,0],[0,32]],[[8274,2419],[25,0],[0,-32],[-25,0]],[[8274,2387],[0,32]],[[3037,2419],[0,32],[13,0],[0,33],[-13,0],[0,64],[13,0],[0,-32]],[[3050,2516],[25,0],[0,32],[-13,0],[0,65],[25,0],[0,-226],[-12,0],[0,-32],[-13,0],[0,64],[-25,0]],[[9649,2451],[13,0]],[[9662,2451],[0,-96],[-13,0],[0,96]],[[9187,2419],[12,0],[0,-64]],[[9199,2355],[-12,0]],[[9187,2355],[0,64]],[[3125,2387],[12,0]],[[3137,2387],[0,-32],[-12,0],[0,32]],[[3825,2387],[12,0]],[[3837,2387],[0,-32]],[[3837,2355],[-12,0]],[[3825,2355],[0,32]],[[3837,2387],[13,0],[0,-32],[-13,0]],[[8274,2387],[0,-32],[-12,0],[0,32],[12,0]],[[8737,2387],[25,0],[0,-32],[-25,0],[0,32]],[[3812,2419],[50,0]],[[3862,2419],[0,-32],[-37,0]],[[3825,2387],[0,-65]],[[3825,2322],[-13,0]],[[3812,2322],[0,97]],[[8212,2451],[12,0],[0,-64],[13,0],[0,-32],[-38,0],[0,-33],[-12,0],[0,33],[-38,0]],[[8149,2355],[0,64]],[[8162,2451],[37,0]],[[8199,2451],[0,97],[13,0],[0,-97]],[[3312,2387],[0,-65]],[[3312,2322],[-25,0]],[[3287,2322],[0,33]],[[3287,2355],[13,0]],[[3300,2355],[0,32]],[[3562,2355],[25,0],[0,-33],[-25,0],[0,33]],[[3762,2419],[50,0]],[[3812,2322],[-50,0]],[[3762,2322],[0,33],[13,0],[0,32]],[[3775,2387],[-13,0]],[[3762,2387],[0,32]],[[3837,2355],[0,-33],[-12,0]],[[3825,2322],[0,33]],[[8299,2580],[25,0]],[[8324,2580],[0,-32],[13,0],[0,-32],[12,0],[0,-32],[13,0],[0,-33],[-13,0],[0,-32],[-12,0],[0,-97],[-38,0],[0,33],[25,0],[0,32],[-12,0],[0,64],[-13,0],[0,65],[-25,0],[0,32]],[[8274,2548],[25,0]],[[9199,2355],[0,-33],[-12,0]],[[9187,2322],[0,33]],[[3025,2355],[12,0],[0,-65],[-12,0],[0,65]],[[3475,2290],[-13,0],[0,65],[13,0],[0,-65]],[[8712,2355],[12,0],[0,-65],[-12,0],[0,65]],[[3112,2290],[-25,0],[0,32],[25,0],[0,-32]],[[3662,2322],[13,0],[0,-32],[-13,0],[0,32]],[[3737,2322],[0,-32]],[[3737,2290],[-12,0]],[[3725,2290],[0,32],[12,0]],[[3750,2322],[12,0]],[[3762,2322],[0,-32]],[[3762,2290],[-12,0],[0,32]],[[3762,2322],[13,0],[0,-32],[-13,0]],[[5862,2322],[12,0],[0,-32],[-12,0],[0,32]],[[5999,2322],[0,-32]],[[5999,2290],[-12,0],[0,32],[12,0]],[[8987,2387],[25,0],[0,-32],[12,0],[0,-97],[-12,0],[0,32],[-13,0],[0,65],[-12,0],[0,32]],[[3725,2290],[0,-32]],[[3725,2258],[-38,0]],[[3687,2258],[0,64],[13,0],[0,33],[12,0],[0,-65],[13,0]],[[6199,2322],[13,0]],[[6212,2322],[0,-64],[-13,0],[0,64]],[[3475,2290],[12,0],[0,-32],[-12,0],[0,32]],[[3737,2290],[0,-32]],[[3737,2258],[-12,0]],[[9137,2290],[12,0],[0,-32],[-12,0],[0,32]],[[3250,2258],[12,0],[0,-32],[-12,0],[0,32]],[[5637,2226],[0,32],[12,0],[0,-32],[-12,0]],[[5662,2258],[12,0],[0,-32],[-12,0],[0,32]],[[9262,2226],[-13,0]],[[9249,2226],[0,32],[13,0],[0,-32]],[[3275,2355],[12,0]],[[3287,2322],[13,0]],[[3300,2322],[0,-32],[-13,0],[0,-32],[25,0],[0,-32],[-12,0],[0,-33],[-13,0],[0,33],[-12,0],[0,129]],[[3537,2193],[-12,0]],[[3525,2193],[0,65],[12,0],[0,-65]],[[3562,2193],[0,33],[-12,0],[0,32],[25,0],[0,-65],[-13,0]],[[6399,3064],[0,-97]],[[6412,2903],[0,-32]],[[6399,2838],[-12,0],[0,-64]],[[6374,2774],[0,-161],[-12,0],[0,-97],[-13,0],[0,-97]],[[6337,2419],[0,-129],[-13,0],[0,-64],[-12,0],[0,-33],[-13,0],[0,65]],[[6299,2258],[13,0],[0,32],[-13,0],[0,65],[13,0],[0,32],[-13,0],[0,32],[13,0],[0,97],[12,0],[0,64],[-12,0],[0,33],[12,0],[0,64],[13,0],[0,32],[12,0]],[[6349,2709],[0,97]],[[6362,2806],[0,97]],[[6362,3000],[-38,0],[0,32]],[[6337,3064],[12,0],[0,65],[25,0]],[[3675,2226],[12,0],[0,-33],[-12,0],[0,33]],[[5962,2193],[-13,0]],[[5949,2193],[0,33],[13,0],[0,-33]],[[5849,2226],[13,0],[0,-65],[-13,0],[0,65]],[[9137,2226],[12,0],[0,-65],[-12,0],[0,65]],[[3537,2193],[0,-32],[-12,0],[0,32]],[[8462,2193],[25,0],[0,-32],[-25,0],[0,32]],[[8637,2193],[12,0],[0,-32],[-12,0],[0,32]],[[6362,2935],[0,-97]],[[6349,2838],[0,-129]],[[6299,2258],[0,-97],[-37,0],[0,-32],[-13,0],[0,32],[-25,0],[0,32],[-12,0],[0,129]],[[6199,2322],[0,65],[-12,0],[0,32],[12,0],[0,65],[13,0],[0,64],[12,0],[0,32]],[[6224,2580],[25,0]],[[6237,2613],[0,64]],[[6212,2742],[0,32]],[[6224,2774],[0,64]],[[6224,2838],[38,0]],[[6274,2903],[13,0],[0,32],[12,0],[0,32],[38,0]],[[3112,4387],[25,0]],[[3250,4064],[0,-64]],[[3262,4000],[0,-65]],[[3250,4225],[50,0]],[[3325,4161],[12,0]],[[3600,4193],[0,-32],[12,0],[0,-32],[13,0],[0,-65],[-13,0],[0,-32]],[[3587,4000],[38,0]],[[3650,3967],[62,0],[0,-32],[38,0],[0,-32],[12,0]],[[3775,3871],[0,-33],[25,0]],[[3800,3838],[0,-96]],[[3800,3742],[25,0],[0,-65],[-13,0],[0,-32],[13,0],[0,-32],[-13,0],[0,-33],[-25,0],[0,-32],[13,0],[0,-32],[12,0],[0,-65],[-25,0],[0,33],[-12,0],[0,32],[-13,0],[0,32],[-12,0],[0,65],[12,0],[0,32],[-50,0],[0,-65],[-12,0],[0,33],[-13,0],[0,64],[-12,0],[0,-32],[-38,0],[0,32],[-12,0],[0,-64],[-25,0],[0,-33],[12,0],[0,-32],[-50,0],[0,-32]],[[3562,3516],[25,0],[0,-65],[13,0],[0,-64],[25,0]],[[3625,3387],[0,-32],[-13,0],[0,-33],[-12,0]],[[3600,3322],[0,-97]],[[3587,3193],[-12,0]],[[3575,3193],[0,32],[-13,0],[0,-96],[13,0],[0,-33],[-13,0],[0,-32]],[[3562,3064],[-37,0]],[[3500,3064],[0,-64]],[[3500,3000],[-13,0]],[[3475,3000],[-25,0]],[[3450,3000],[0,-33],[-25,0],[0,-64],[-13,0],[0,-97]],[[3412,2806],[-12,0]],[[3400,2806],[0,65],[-38,0],[0,-97],[-12,0]],[[3300,2838],[12,0]],[[3312,2838],[0,-64]],[[3312,2774],[-25,0],[0,32],[-12,0]],[[3275,2806],[0,-32],[-25,0],[0,-32],[12,0],[0,-33],[13,0],[0,-32],[12,0]],[[3287,2677],[0,-129]],[[3275,2548],[0,-32]],[[3262,2516],[0,64]],[[3250,2548],[-13,0]],[[3250,2451],[0,-96]],[[3250,2355],[12,0],[0,-33],[-25,0],[0,-32],[-12,0],[0,-32],[12,0],[0,-65],[-37,0],[0,-64],[-13,0],[0,32],[-12,0],[0,97],[12,0],[0,64],[13,0]],[[3200,2322],[0,129]],[[3212,2451],[0,33]],[[3212,2516],[0,258]],[[3187,2838],[-12,0]],[[3175,2903],[-50,0]],[[3125,2903],[0,161]],[[3125,3129],[0,32]],[[3112,3161],[0,-32]],[[3100,3096],[-25,0]],[[3112,2967],[0,-96]],[[3112,2871],[-12,0],[0,32],[-13,0],[0,32],[-12,0],[0,65],[-13,0],[0,32],[-25,0],[0,32]],[[3037,3064],[-75,0]],[[2900,3225],[0,65]],[[2875,3355],[-13,0],[0,64],[-12,0],[0,65],[-13,0],[0,32],[-12,0]],[[2825,3516],[0,32]],[[2825,3548],[12,0]],[[2812,3613],[0,32]],[[2800,3645],[0,97]],[[2800,3742],[12,0],[0,64],[13,0],[0,129]],[[2825,3935],[12,0]],[[2837,3935],[0,97]],[[2850,4032],[0,97]],[[2862,4129],[0,64]],[[2887,4193],[25,0]],[[3012,4225],[0,-32]],[[3112,4322],[-12,0]],[[3337,3032],[13,0]],[[3400,3064],[-25,0]],[[3212,3000],[63,0]],[[3225,3064],[-13,0]],[[5599,2129],[-12,0],[0,32],[12,0],[0,-32]],[[5912,2161],[12,0],[0,-32]],[[5924,2129],[-12,0],[0,32]],[[5887,2258],[12,0],[0,-32],[13,0],[0,-33],[-13,0],[0,-96],[-12,0],[0,161]],[[3600,2226],[12,0],[0,-33],[13,0],[0,-32],[-25,0],[0,-64],[-13,0],[0,96],[13,0],[0,33]],[[3287,2161],[25,0],[0,-32],[-12,0],[0,-32],[-13,0],[0,64]],[[8487,2129],[12,0],[0,-32],[-12,0],[0,32]],[[8587,2129],[12,0],[0,-32],[-12,0],[0,32]],[[8662,2129],[12,0],[0,-32],[-12,0],[0,32]],[[3112,2290],[25,0],[0,-129],[-12,0],[0,-97]],[[3125,2064],[-13,0]],[[3112,2064],[0,65],[-12,0]],[[3100,2129],[0,129]],[[3100,2258],[12,0],[0,32]],[[5637,2226],[0,-65],[-13,0],[0,-32],[-25,0]],[[5599,2129],[0,-65],[-12,0],[0,33],[-13,0],[0,32],[-25,0],[0,64],[13,0],[0,33],[-13,0],[0,32],[13,0],[0,32],[12,0],[0,-64],[25,0],[0,32],[25,0],[0,-32],[13,0]],[[3112,2064],[-12,0]],[[3100,2064],[0,65]],[[5849,2129],[13,0],[0,-65],[-13,0],[0,65]],[[3462,2064],[0,33],[13,0],[0,-33],[-13,0]],[[5924,2097],[0,-33]],[[5924,2064],[-12,0],[0,33],[12,0]],[[9262,2226],[0,-194]],[[9262,2032],[-25,0]],[[9237,2032],[0,65],[-13,0],[0,32],[13,0],[0,32],[12,0],[0,65]],[[8162,2097],[0,-65],[-13,0],[0,65],[13,0]],[[9274,2032],[-12,0]],[[9262,2032],[0,65],[12,0],[0,-65]],[[3175,2032],[-13,0],[0,32],[13,0],[0,-32]],[[3100,2064],[0,-64]],[[3100,2000],[-13,0]],[[3087,2000],[0,64],[13,0]],[[3025,2000],[-13,0]],[[3012,2000],[0,32],[13,0],[0,-32]],[[3175,2032],[12,0],[0,-64],[-12,0],[0,64]],[[3087,2000],[0,-32]],[[3087,1968],[-12,0]],[[3075,1968],[0,32],[12,0]],[[3412,2000],[13,0],[0,-32],[-13,0],[0,32]],[[5424,2000],[13,0],[0,-32]],[[5437,1968],[-13,0],[0,32]],[[5912,2000],[0,-32]],[[5912,1968],[-13,0]],[[5899,1968],[0,32],[13,0]],[[5424,2000],[0,32],[-12,0],[0,97],[-13,0],[0,193]],[[5399,2322],[13,0],[0,33],[12,0],[0,-65],[13,0],[0,-64],[12,0],[0,-162],[38,0],[0,-32],[12,0],[0,-64],[13,0],[0,-33],[-38,0],[0,33],[-37,0]],[[3962,3193],[0,-97],[-12,0],[0,-32],[-13,0],[0,-32],[-12,0],[0,-258],[-13,0],[0,-97],[-12,0],[0,-129],[-25,0]],[[3875,2548],[0,-97],[-25,0]],[[3850,2484],[12,0]],[[3837,2548],[0,-97]],[[3837,2451],[-25,0]],[[3762,2419],[0,32]],[[3750,2387],[25,0]],[[3750,2322],[0,-64],[-13,0]],[[3737,2258],[0,64]],[[3687,2258],[13,0],[0,-32],[-25,0]],[[3675,2226],[0,-65],[-13,0],[0,-193],[-12,0],[0,-33],[-13,0],[0,33]],[[3637,1968],[-12,0],[0,32],[-13,0],[0,32],[-12,0],[0,32],[-50,0],[0,97],[12,0],[0,32]],[[3562,2193],[-25,0]],[[3525,2193],[-13,0],[0,-161],[-12,0],[0,-64],[-25,0],[0,32],[-25,0],[0,32],[12,0],[0,32]],[[3462,2064],[-12,0],[0,97],[25,0],[0,65],[-38,0],[0,64],[-25,0],[0,32],[13,0],[0,33],[12,0],[0,96],[13,0],[0,-64],[50,0],[0,32],[-13,0],[0,32],[25,0],[0,33]],[[3512,2484],[25,0],[0,-33],[13,0],[0,65],[12,0],[0,32],[13,0],[0,32],[12,0],[0,-32],[75,0],[0,65],[-75,0],[0,64],[25,0],[0,65],[-87,0],[0,64],[25,0],[0,97],[75,0],[0,-32],[12,0],[0,-65],[25,0],[0,-97],[25,0],[0,33],[38,0],[0,-33]],[[3725,2709],[12,0],[0,-64],[13,0],[0,-32],[25,0],[0,64],[-13,0],[0,32],[13,0],[0,33],[12,0],[0,129],[13,0],[0,32],[12,0],[0,129],[13,0],[0,64],[12,0],[0,33],[13,0],[0,32],[12,0],[0,32],[13,0],[0,-32],[25,0],[0,-32],[12,0],[0,-33],[13,0],[0,33],[12,0],[0,32],[13,0],[0,32],[12,0]],[[3100,2000],[0,-65]],[[3100,1935],[-13,0]],[[3087,1935],[0,65]],[[9087,2000],[0,-65],[-13,0],[0,65],[13,0]],[[3075,1968],[0,-33],[-13,0],[0,33],[13,0]],[[8362,1968],[12,0],[0,-33],[-12,0],[0,33]],[[5887,1968],[25,0]],[[5912,1968],[0,-33],[-13,0],[0,-32],[-12,0]],[[5887,1903],[0,65]],[[9224,1935],[13,0],[0,-64]],[[9237,1871],[-13,0]],[[9224,1871],[0,64]],[[3200,1935],[12,0],[0,-64],[-12,0],[0,-32],[-13,0],[0,64],[13,0],[0,32]],[[3625,1871],[0,-32],[-25,0]],[[3600,1839],[0,32],[-13,0]],[[3587,1871],[0,-32]],[[3587,1839],[-12,0]],[[3575,1839],[0,32]],[[3575,1871],[-13,0],[0,32],[13,0],[0,32],[12,0],[0,-32],[13,0],[0,32],[12,0],[0,-64],[13,0]],[[3500,1871],[12,0],[0,-32],[-12,0],[0,32]],[[3525,1871],[12,0],[0,-32],[-12,0],[0,32]],[[3600,1839],[12,0],[0,-33]],[[3612,1806],[-25,0]],[[3587,1806],[0,65]],[[3250,1839],[25,0],[0,-33],[-25,0],[0,33]],[[5887,1935],[0,-32]],[[5887,1903],[-13,0],[0,-64],[-12,0],[0,-33],[-13,0],[0,-32]],[[5849,1774],[-12,0]],[[5837,1774],[0,129]],[[5837,1903],[25,0],[0,32],[25,0]],[[3337,1871],[13,0],[0,-97],[-13,0],[0,97]],[[3587,1839],[0,-65]],[[3587,1774],[-12,0]],[[3575,1774],[0,65]],[[8374,1806],[-12,0],[0,-32],[-25,0],[0,65],[37,0],[0,-33]],[[3587,1806],[13,0]],[[3600,1806],[0,-32]],[[3600,1774],[-13,0]],[[3587,1774],[0,32]],[[3600,1806],[12,0]],[[3612,1806],[0,-32],[-12,0]],[[8187,1806],[12,0]],[[8199,1806],[0,-32],[-12,0],[0,32]],[[8374,1806],[13,0],[0,-32],[-13,0],[0,32]],[[9137,1806],[12,0],[0,-32],[-12,0],[0,32]],[[3050,1774],[12,0],[0,-32],[-12,0],[0,32]],[[3137,1742],[13,0],[0,-32],[-13,0],[0,32]],[[3562,1710],[-12,0],[0,32],[12,0],[0,-32]],[[8224,1742],[13,0]],[[8237,1742],[0,-32]],[[8237,1710],[-13,0]],[[8224,1710],[0,32]],[[3012,1871],[13,0],[0,-129],[12,0],[0,-65],[-25,0]],[[3012,1677],[0,33],[-12,0]],[[3000,1710],[0,129],[12,0],[0,32]],[[9199,1742],[13,0]],[[9212,1742],[0,-65]],[[9212,1677],[-13,0]],[[9199,1677],[0,65]],[[3012,1677],[-12,0]],[[3000,1677],[0,33]],[[8237,1710],[0,-33]],[[8237,1677],[-13,0]],[[8224,1677],[0,33]],[[9049,1710],[-12,0],[0,-33],[-25,0],[0,33],[12,0],[0,32],[25,0],[0,-32]],[[9049,1710],[13,0],[0,-33]],[[9062,1677],[-13,0],[0,33]],[[9274,2000],[0,-97],[-12,0],[0,-97],[-13,0],[0,-129],[-12,0],[0,-32],[-25,0]],[[9212,1645],[0,97]],[[9199,1742],[0,32]],[[9199,1774],[25,0],[0,65],[-25,0],[0,32]],[[9199,1871],[38,0]],[[9224,1935],[0,33]],[[9224,1968],[25,0],[0,32],[25,0]],[[5837,1806],[0,-32]],[[5849,1774],[0,-32],[-12,0],[0,-32],[-25,0],[0,-33]],[[5812,1677],[-13,0],[0,-32]],[[5799,1645],[-12,0]],[[5787,1645],[0,65]],[[5787,1710],[12,0],[0,32],[13,0],[0,32],[12,0],[0,32],[13,0]],[[3012,1677],[0,-32],[-12,0]],[[3000,1645],[0,32]],[[5574,1677],[13,0],[0,-32],[-13,0],[0,32]],[[5774,1677],[13,0]],[[5787,1677],[0,-32]],[[5787,1645],[-13,0]],[[5774,1645],[0,32]],[[5812,1677],[0,-32],[-13,0]],[[9174,1677],[13,0]],[[9187,1677],[0,-64]],[[9187,1613],[-13,0]],[[9174,1613],[0,64]],[[3550,1645],[0,-32],[-13,0]],[[3537,1613],[0,32],[13,0]],[[5787,1645],[0,-32],[-13,0],[0,32]],[[8199,1645],[13,0],[0,-32]],[[8212,1613],[-13,0],[0,32]],[[9187,1645],[25,0]],[[9212,1645],[0,-32]],[[9212,1613],[-25,0]],[[9187,1613],[0,32]],[[9212,1645],[12,0],[0,-32],[-12,0]],[[3525,1613],[12,0]],[[3537,1613],[0,-33],[-12,0],[0,33]],[[8749,1580],[0,33],[13,0],[0,-33],[-13,0]],[[8812,1613],[12,0],[0,-33],[-12,0],[0,33]],[[3000,1548],[-13,0]],[[2987,1548],[0,32],[13,0],[0,-32]],[[5724,1580],[13,0],[0,-32],[-13,0]],[[5724,1548],[0,32]],[[8224,1580],[13,0],[0,-32],[-13,0],[0,32]],[[8337,1548],[-25,0]],[[8312,1548],[0,32],[25,0],[0,-32]],[[8412,1580],[0,-32]],[[8412,1548],[-13,0]],[[8399,1548],[0,32],[13,0]],[[9199,1580],[13,0]],[[9212,1580],[0,-32],[-13,0],[0,32]],[[8687,3161],[37,0]],[[8737,3161],[12,0]],[[8812,3000],[0,-33],[-38,0],[0,-32],[13,0],[0,-32],[25,0],[0,-32],[12,0],[0,-33],[13,0],[0,-32],[25,0],[0,-32]],[[8862,2774],[25,0],[0,-32],[12,0],[0,32],[13,0],[0,64],[12,0],[0,33]],[[8924,2935],[0,32]],[[8924,3064],[0,32]],[[8937,3129],[0,64]],[[8974,3225],[0,-64],[13,0],[0,-32]],[[8999,3032],[0,-32],[25,0],[0,-97]],[[9024,2903],[-25,0],[0,-32],[25,0],[0,-97],[-12,0]],[[9012,2774],[0,-32],[12,0],[0,-65],[-12,0],[0,-32],[12,0],[0,-32],[13,0],[0,-33],[-13,0],[0,-32],[13,0],[0,-64],[12,0],[0,-33],[25,0],[0,-96],[-25,0],[0,-65],[13,0],[0,-32],[-13,0],[0,-32],[13,0],[0,-33],[12,0],[0,97],[25,0],[0,-32],[-12,0],[0,-32],[37,0],[0,-65],[-12,0],[0,-64],[-25,0],[0,32],[-13,0],[0,32],[-12,0],[0,-32],[-13,0],[0,32],[-12,0],[0,-97],[12,0],[0,33],[13,0],[0,-33],[12,0],[0,-32],[13,0],[0,-32]],[[9087,2000],[25,0],[0,-32],[-13,0],[0,-97],[-25,0],[0,32],[-37,0],[0,-64],[-13,0],[0,-33],[13,0],[0,-32],[12,0],[0,32],[63,0],[0,-32],[-13,0],[0,-32],[-12,0],[0,32],[-13,0],[0,-97],[-12,0]],[[9062,1677],[0,-64],[-25,0],[0,-65],[-25,0],[0,-32]],[[9012,1516],[-63,0]],[[8949,1516],[0,32],[-62,0],[0,32],[-25,0],[0,97],[-13,0],[0,65],[-12,0],[0,-65],[-13,0],[0,-32],[-12,0],[0,-32]],[[8812,1613],[-13,0],[0,32],[-50,0],[0,32],[-12,0],[0,33],[-50,0],[0,-33]],[[8687,1677],[-25,0],[0,33],[-88,0],[0,-33],[-75,0],[0,-32],[-25,0],[0,-32],[-25,0],[0,-33],[-12,0],[0,-32],[-25,0]],[[8412,1548],[0,65]],[[8412,1613],[-25,0],[0,32],[-13,0],[0,-32],[-37,0],[0,32],[-13,0],[0,32],[-12,0],[0,65],[-13,0],[0,32],[-12,0],[0,32],[-13,0],[0,33],[-25,0],[0,32],[-12,0],[0,32],[-13,0],[0,32],[-12,0],[0,33],[-13,0],[0,32],[-37,0]],[[8162,2000],[0,97]],[[8162,2097],[-25,0],[0,32],[-13,0],[0,64],[25,0],[0,33],[-12,0],[0,64],[12,0],[0,65]],[[8212,2451],[0,65],[25,0],[0,32],[37,0]],[[8324,2580],[13,0],[0,33],[25,0],[0,-33]],[[8387,2645],[-13,0],[0,64],[38,0]],[[8387,2742],[0,64],[12,0],[0,-32]],[[8449,2806],[0,129],[13,0],[0,32],[25,0],[0,33],[12,0],[0,32],[50,0],[0,-32],[13,0],[0,-97]],[[8587,2838],[0,162],[12,0],[0,64],[13,0],[0,65],[-13,0],[0,32],[13,0],[0,64],[12,0],[0,-32],[13,0],[0,32],[37,0]],[[8649,3193],[0,-64],[-25,0]],[[8674,3096],[0,65],[-12,0]],[[3300,1742],[25,0],[0,-97],[25,0],[0,-32],[25,0],[0,-65],[12,0],[0,-32],[-25,0],[0,32],[-12,0],[0,32],[-13,0],[0,33],[-25,0],[0,32],[-12,0],[0,32],[12,0],[0,33],[-12,0],[0,32]],[[8224,1613],[0,-33]],[[8224,1580],[-25,0]],[[8199,1580],[0,-64]],[[8199,1516],[-12,0],[0,97],[37,0]],[[9212,1613],[0,-33]],[[9199,1580],[0,-64]],[[9199,1516],[-12,0],[0,97]],[[8199,1548],[13,0]],[[8212,1548],[0,-32],[-13,0]],[[8199,1516],[0,32]],[[5999,5677],[0,-32],[13,0],[0,-33],[12,0]],[[6037,5580],[0,-193],[12,0],[0,-33],[13,0],[0,-32],[12,0],[0,-32],[13,0],[0,-32]],[[6087,5193],[0,32],[12,0],[0,-64],[25,0],[0,-65],[13,0],[0,-32],[-13,0]],[[6199,4935],[0,-32]],[[6212,4903],[0,-97],[-13,0]],[[6199,4806],[0,-32]],[[6199,4741],[0,-64]],[[6274,4580],[50,0]],[[6312,4483],[-25,0]],[[6274,4387],[-12,0]],[[6262,4387],[0,-33]],[[6262,4354],[-63,0]],[[6199,4354],[0,-64]],[[6162,4290],[0,-32]],[[6137,4225],[0,-290]],[[6162,3935],[0,-97],[-25,0]],[[6137,3806],[-13,0],[0,-64],[-12,0],[0,-65]],[[6099,3677],[0,-64]],[[6099,3613],[-25,0]],[[6062,3613],[-25,0]],[[6049,3484],[25,0]],[[6087,3516],[0,-97]],[[6099,3419],[0,-32]],[[6087,3355],[25,0]],[[6112,3355],[0,-65],[12,0],[0,-32],[13,0],[0,-65],[-13,0],[0,-64],[-12,0]],[[6112,3129],[0,-33]],[[6112,3064],[0,-129]],[[6137,3064],[0,-161]],[[6124,2903],[0,-65]],[[6099,2774],[-12,0]],[[6012,2742],[37,0]],[[6049,2742],[0,-33],[-12,0],[0,-32],[-13,0],[0,-32],[-12,0],[0,-32],[-25,0],[0,-33],[-13,0],[0,-96]],[[5987,2484],[0,-65],[12,0],[0,-97]],[[5999,2290],[0,-32],[-12,0],[0,-32],[-13,0],[0,-33],[-12,0]],[[5949,2193],[-12,0],[0,-32],[-25,0]],[[5924,2129],[0,-32]],[[5924,2064],[0,-32],[-12,0],[0,-32]],[[5899,1968],[-12,0]],[[5887,1968],[0,-33]],[[5837,1903],[0,-97]],[[5787,1710],[0,-33]],[[5774,1677],[0,-97],[-50,0]],[[5724,1548],[-25,0],[0,-32],[-25,0],[0,32],[-50,0],[0,-32],[-50,0],[0,-32],[-37,0]],[[5537,1484],[0,32]],[[5537,1516],[-38,0],[0,97],[-12,0],[0,64],[12,0],[0,33],[-12,0],[0,64],[-13,0],[0,65],[-12,0],[0,64],[-13,0],[0,32],[-12,0],[0,33]],[[5399,2322],[0,65]],[[5349,2709],[0,97]],[[5387,2742],[75,0]],[[5612,2806],[0,258]],[[5612,3064],[25,0]],[[5749,3000],[88,0]],[[5837,3032],[-13,0]],[[5812,3387],[12,0]],[[5849,3387],[13,0]],[[5874,3355],[0,96]],[[5887,3580],[12,0]],[[5899,3645],[38,0]],[[5937,3806],[0,65]],[[5937,3903],[0,32]],[[5949,4032],[0,97]],[[5974,4322],[0,-32]],[[5987,4290],[0,97]],[[5974,4387],[0,64]],[[5924,4548],[0,64]],[[5924,4612],[25,0]],[[5949,4612],[0,162]],[[5962,4870],[25,0]],[[5974,4903],[0,32]],[[5999,5161],[-50,0]],[[5924,5161],[13,0]],[[5937,5129],[-38,0]],[[5899,5129],[0,-65]],[[5762,5032],[0,-32]],[[5737,5000],[0,96]],[[5737,5096],[-13,0]],[[5837,5322],[-25,0]],[[5849,5354],[0,65]],[[6087,4419],[0,32]],[[6099,4483],[-37,0]],[[5962,3935],[25,0]],[[5987,3967],[-25,0]],[[6012,3935],[0,-64]],[[6037,3871],[0,96]],[[5924,3419],[0,-97]],[[5937,3322],[0,97]],[[5999,3387],[0,32]],[[6012,3451],[-25,0]],[[5949,3193],[-12,0]],[[5937,3193],[0,-129]],[[5937,3064],[25,0]],[[5962,3064],[0,-32]],[[5962,3096],[0,65]],[[5962,3161],[12,0]],[[5974,3193],[-12,0]],[[8412,1613],[0,-33]],[[8399,1548],[-62,0]],[[8312,1548],[12,0],[0,-32],[-25,0]],[[8299,1516],[0,-32]],[[8299,1484],[-25,0]],[[8274,1484],[0,32],[-12,0],[0,-32]],[[8262,1484],[-50,0],[0,64]],[[8199,1548],[0,32]],[[8224,1613],[-12,0]],[[8199,1645],[0,32],[13,0],[0,33],[-13,0],[0,96]],[[8187,1806],[0,97],[-13,0],[0,65],[-12,0],[0,32]],[[8224,1742],[0,-65]],[[8237,1677],[0,65]],[[9137,1484],[0,64],[12,0],[0,-64],[-12,0]],[[5537,1484],[-13,0],[0,32],[13,0]],[[8274,1484],[-12,0]],[[8299,1516],[13,0],[0,-32],[-13,0]],[[8949,1516],[0,-32],[-25,0],[0,32],[25,0]],[[9012,1516],[25,0],[0,-32],[-25,0],[0,32]],[[9837,1516],[12,0],[0,-32]],[[9849,1484],[-12,0],[0,32]],[[2987,1451],[-12,0]],[[2975,1451],[0,33],[12,0],[0,-33]],[[3412,1484],[13,0],[0,-33],[-13,0],[0,33]],[[8824,1484],[13,0]],[[8837,1484],[0,-33]],[[8837,1451],[-13,0],[0,33]],[[9187,1484],[12,0]],[[9199,1484],[0,-33],[-12,0],[0,33]],[[8837,1484],[25,0]],[[8862,1484],[0,-65]],[[8862,1419],[-25,0]],[[8837,1419],[0,65]],[[9124,1484],[13,0]],[[9137,1484],[0,-65]],[[9137,1419],[-13,0]],[[9124,1419],[0,65]],[[8799,1419],[-12,0],[0,32],[12,0],[0,-32]],[[8899,1451],[38,0],[0,-32],[-38,0],[0,32]],[[3037,1451],[0,-64]],[[3037,1387],[-12,0]],[[3025,1387],[0,32],[-13,0],[0,32],[25,0]],[[9887,1387],[-25,0]],[[9862,1387],[0,64],[12,0],[0,-32],[13,0],[0,-32]],[[2975,1387],[-13,0]],[[2962,1387],[0,32],[13,0],[0,-32]],[[3037,1387],[0,32]],[[3037,1419],[13,0],[0,65],[12,0],[0,-97],[-25,0]],[[8799,1419],[25,0],[0,-32],[-25,0],[0,32]],[[9874,1387],[13,0]],[[9887,1387],[0,-65]],[[9887,1322],[-13,0]],[[9874,1322],[0,65]],[[9887,1322],[0,33],[12,0],[0,-33],[-12,0]],[[9062,1355],[12,0],[0,-33],[13,0],[0,-32],[-25,0],[0,65]],[[8874,1322],[13,0]],[[8887,1322],[0,-32],[-13,0],[0,32]],[[9937,1322],[0,-32],[-13,0]],[[9924,1290],[0,32],[13,0]],[[3000,1387],[25,0]],[[3025,1387],[0,-129],[-25,0]],[[3000,1258],[0,129]],[[3075,1451],[12,0],[0,-32],[38,0],[0,-64],[-13,0],[0,-33],[-12,0],[0,-32],[-13,0],[0,-32],[-25,0],[0,64],[25,0],[0,33],[-12,0],[0,96]],[[3162,1258],[-37,0],[0,32],[12,0],[0,65],[25,0],[0,-97]],[[3175,1258],[0,32],[25,0],[0,-32],[-25,0]],[[8912,1258],[-13,0]],[[8899,1258],[0,32],[13,0],[0,-32]],[[9137,1290],[12,0],[0,-32],[-12,0]],[[9137,1258],[0,32]],[[9887,1290],[12,0],[0,-32]],[[9899,1258],[-12,0]],[[9887,1258],[0,32]],[[9037,2774],[0,-129]],[[9037,2645],[62,0],[0,-65]],[[9099,2580],[25,0]],[[9162,2451],[12,0],[0,-32],[13,0]],[[9187,2419],[0,-97]],[[9187,2322],[25,0],[0,-32],[12,0],[0,-32],[13,0],[0,-32],[12,0]],[[9237,2032],[37,0]],[[9274,2032],[0,-32]],[[9224,1968],[0,-97]],[[9224,1871],[-25,0]],[[9199,1774],[0,-97]],[[9212,1677],[0,-32]],[[9187,1645],[0,32]],[[9174,1677],[0,-97]],[[9174,1580],[-12,0],[0,-32],[12,0],[0,-64],[-12,0],[0,-33],[-13,0],[0,-96],[-25,0],[0,32],[-12,0],[0,32]],[[9112,1419],[25,0]],[[9137,1484],[-38,0]],[[9099,1484],[0,-33],[-12,0],[0,-64],[-38,0],[0,-32],[-12,0],[0,-97]],[[9037,1258],[-25,0]],[[9012,1258],[0,97]],[[9012,1355],[-38,0],[0,-33],[13,0],[0,-32],[12,0],[0,-32],[-37,0],[0,32],[-25,0],[0,-64]],[[8937,1226],[-13,0],[0,32],[-12,0]],[[8899,1258],[-12,0],[0,64]],[[8874,1322],[0,97],[-12,0]],[[8862,1484],[-38,0]],[[8837,1451],[0,-32]],[[8837,1419],[-38,0]],[[8799,1419],[0,97],[13,0],[0,32],[-25,0],[0,-64],[-38,0],[0,96]],[[8749,1580],[-12,0],[0,33],[-13,0],[0,32],[-12,0],[0,32],[-25,0]],[[9024,2903],[0,64],[13,0],[0,-161]],[[2975,1355],[0,-65]],[[2975,1290],[-13,0]],[[2962,1290],[0,-64],[-12,0]],[[2950,1226],[0,129],[25,0]],[[9937,1322],[25,0],[0,-32]],[[9962,1290],[-13,0],[0,-32],[-12,0],[0,-32],[-13,0]],[[9924,1226],[0,64]],[[3162,1258],[13,0]],[[3175,1258],[0,-32]],[[3175,1226],[-13,0],[0,32]],[[9012,1258],[12,0]],[[9024,1258],[0,-32]],[[9024,1226],[-12,0]],[[9012,1226],[0,32]],[[9087,1258],[12,0],[0,-32],[-12,0]],[[9087,1226],[0,32]],[[9924,1226],[-25,0],[0,32]],[[9899,1258],[13,0]],[[9912,1258],[0,32],[12,0]],[[9012,1355],[0,-129]],[[9012,1226],[-13,0],[0,-33]],[[8999,1193],[-25,0]],[[8974,1193],[0,33]],[[8974,1226],[-37,0]],[[3175,1226],[12,0]],[[3187,1226],[0,-33]],[[3187,1193],[-12,0],[0,33]],[[8974,1193],[-12,0],[0,33],[12,0]],[[9049,1226],[0,-33]],[[9049,1193],[-12,0],[0,33],[12,0]],[[9074,1226],[13,0]],[[9087,1226],[0,-33],[-13,0],[0,33]],[[9199,1516],[0,-32]],[[9187,1484],[0,-65],[-13,0],[0,-129],[-37,0]],[[9137,1258],[-50,0]],[[9074,1226],[0,-65],[-12,0],[0,32],[-13,0]],[[9049,1226],[-25,0]],[[9024,1258],[13,0]],[[9099,1484],[25,0]],[[9124,1419],[-12,0]],[[9174,1580],[0,33]],[[9924,1226],[0,-33],[-25,0],[0,-32],[-12,0]],[[9887,1161],[0,97]],[[2950,1193],[12,0],[0,-32]],[[2962,1161],[-12,0]],[[2950,1161],[0,32]],[[8999,1193],[13,0],[0,-32]],[[9012,1161],[-13,0]],[[8999,1161],[0,32]],[[9949,1193],[0,-32],[-12,0]],[[9937,1161],[0,32],[12,0]],[[3187,1226],[13,0]],[[3200,1226],[0,-33],[12,0]],[[3212,1193],[0,-64]],[[3212,1129],[-12,0],[0,32],[-13,0]],[[3187,1161],[0,65]],[[8999,1193],[0,-64]],[[8999,1129],[-12,0]],[[8987,1129],[0,64],[12,0]],[[9112,1161],[0,-32]],[[9112,1129],[-13,0]],[[9099,1129],[0,32],[13,0]],[[9112,1161],[12,0],[0,-32]],[[9124,1129],[-12,0]],[[2962,1161],[25,0],[0,32],[25,0],[0,-32],[-12,0],[0,-64],[-13,0],[0,32],[-25,0],[0,32]],[[2950,1097],[-13,0]],[[2937,1097],[0,32],[13,0],[0,-32]],[[8999,1129],[0,-32]],[[8999,1097],[-12,0],[0,32]],[[9799,1129],[13,0],[0,-32]],[[9812,1097],[-13,0],[0,32]],[[3212,1129],[0,-32]],[[3212,1097],[13,0],[0,-33]],[[3225,1064],[-25,0]],[[3200,1064],[0,33],[-13,0]],[[3187,1097],[0,64]],[[9112,1129],[0,-65]],[[9112,1064],[-13,0]],[[9099,1064],[0,65]],[[9124,1129],[0,-65]],[[9124,1064],[-12,0]],[[9037,1097],[12,0],[0,-33],[-12,0]],[[9037,1064],[0,33]],[[9087,1097],[0,-33]],[[9087,1064],[-13,0],[0,33],[13,0]],[[9087,1097],[12,0],[0,-33]],[[9099,1064],[-12,0]],[[9787,1032],[-13,0],[0,65],[13,0],[0,-65]],[[2962,1032],[0,32],[13,0],[0,-32],[-13,0]],[[3200,1064],[0,-32]],[[3200,1032],[-13,0],[0,32],[13,0]],[[3200,1064],[12,0]],[[3212,1064],[0,-32]],[[3212,1032],[-12,0]],[[3212,1064],[13,0]],[[3225,1064],[0,-32]],[[3225,1032],[-13,0]],[[3225,1064],[25,0],[0,-32]],[[3250,1032],[-25,0]],[[3275,1064],[0,-32],[-13,0]],[[3262,1032],[0,32],[13,0]],[[9849,1484],[0,-65],[13,0],[0,-32]],[[9862,1387],[12,0]],[[9874,1322],[38,0],[0,-64]],[[9887,1290],[0,-129]],[[9962,1290],[0,-64],[-13,0],[0,-33]],[[9937,1161],[-13,0],[0,-64],[-12,0],[0,-33],[-13,0],[0,-32],[-12,0],[0,-32],[-38,0],[0,129],[-12,0],[0,32],[-13,0],[0,65],[13,0],[0,32],[12,0],[0,64],[-12,0],[0,33],[-13,0],[0,64],[-12,0],[0,32],[-13,0],[0,33],[-12,0],[0,64],[25,0],[0,-32],[25,0]],[[9012,1161],[0,-32],[12,0],[0,-129]],[[9024,1000],[-12,0],[0,97],[-13,0]],[[8999,1097],[0,64]],[[3025,1032],[12,0]],[[3037,1032],[0,-32]],[[3037,1000],[-12,0]],[[3025,1000],[0,32]],[[9762,1032],[0,-32],[-13,0]],[[9749,1000],[0,32],[13,0]],[[9037,1064],[87,0]],[[9124,1064],[0,-64]],[[9124,1000],[-25,0],[0,-32]],[[9099,968],[-25,0]],[[9074,968],[0,32]],[[9074,1000],[-25,0]],[[9049,1000],[0,-32],[-12,0]],[[9037,968],[0,32]],[[9037,1000],[-13,0]],[[9024,1000],[0,97],[13,0]],[[9837,1000],[-13,0]],[[9824,1000],[0,97],[13,0],[0,-33],[12,0],[0,-96],[-12,0],[0,32]],[[9062,1000],[12,0]],[[9074,968],[-12,0]],[[9062,968],[0,32]],[[9124,1000],[0,-32]],[[9124,968],[-25,0]],[[3212,1000],[0,-65],[-12,0]],[[3200,935],[0,65],[12,0]],[[9037,1000],[0,-65],[-13,0],[0,65]],[[2937,935],[-12,0]],[[2925,935],[0,33],[12,0],[0,-33]],[[2987,968],[25,0],[0,-33],[-25,0],[0,33]],[[3025,968],[12,0],[0,-33],[-12,0]],[[3025,935],[0,33]],[[3175,968],[12,0],[0,-33],[-12,0],[0,33]],[[9074,968],[0,-33],[-12,0]],[[9062,935],[0,33]],[[9099,968],[13,0]],[[9112,968],[0,-33]],[[9112,935],[-13,0],[0,33]],[[9112,968],[12,0]],[[9124,968],[0,-33],[-12,0]],[[2962,935],[13,0]],[[2975,935],[0,-32]],[[2975,903],[-13,0]],[[2962,903],[0,32]],[[3025,1000],[50,0]],[[3075,1000],[0,-32],[12,0],[0,-33],[-37,0],[0,-32]],[[3050,903],[-25,0]],[[3025,903],[0,32]],[[3025,968],[0,32]],[[2962,1032],[0,-32],[13,0]],[[2975,1000],[0,-65]],[[2962,935],[0,-64]],[[2962,871],[-12,0],[0,161],[12,0]],[[9812,1097],[0,-97]],[[9812,1000],[-25,0],[0,-32],[-13,0],[0,-33],[-25,0],[0,-32],[-25,0],[0,-32],[-12,0]],[[9712,871],[0,64],[25,0],[0,33],[12,0],[0,32]],[[9762,1032],[25,0]],[[9787,1032],[0,97],[12,0]],[[9037,903],[12,0],[0,-32]],[[9049,871],[-12,0],[0,32]],[[9049,1000],[13,0]],[[9062,1000],[0,-65]],[[9112,935],[0,-64],[-25,0],[0,-32],[-13,0]],[[9074,839],[0,32]],[[9074,871],[-25,0]],[[9037,903],[0,65]],[[9074,839],[-12,0],[0,32],[12,0]],[[9687,871],[12,0],[0,-32]],[[9699,839],[-12,0]],[[9687,839],[0,32]],[[2837,4096],[0,-161]],[[2800,3742],[0,32]],[[2775,3742],[0,-33]],[[2775,3645],[0,-97]],[[2825,3451],[0,65]],[[2900,3290],[0,-97]],[[2950,3064],[87,0]],[[3112,2871],[0,-65]],[[3150,2742],[0,-97]],[[3150,2645],[12,0]],[[3162,2645],[0,-32]],[[3100,2580],[0,-96]],[[3100,2484],[12,0]],[[3112,2484],[0,-97]],[[3112,2387],[13,0]],[[3200,2419],[0,-97]],[[3250,2355],[0,64]],[[3250,2419],[25,0]],[[3300,2355],[-25,0]],[[3300,2322],[12,0]],[[3312,2322],[0,97]],[[3312,2419],[25,0]],[[3337,2419],[0,97]],[[3312,2613],[0,-33]],[[3287,2580],[0,97]],[[3312,2742],[25,0]],[[3337,2709],[13,0]],[[3350,2677],[37,0]],[[3362,2742],[-12,0]],[[3400,2806],[-13,0]],[[3375,2838],[0,-64]],[[3387,2742],[13,0]],[[3425,2742],[0,64]],[[3425,2806],[-13,0]],[[3450,3000],[50,0]],[[3500,3000],[0,32]],[[3500,3032],[37,0]],[[3537,3064],[25,0]],[[3575,3193],[37,0]],[[3600,3225],[0,33]],[[3600,3290],[0,32]],[[3800,3838],[12,0]],[[3825,3838],[12,0]],[[3837,3806],[75,0],[0,-32],[25,0],[0,-65]],[[3937,3709],[25,0],[0,-32],[13,0]],[[3975,3645],[50,0],[0,-32],[12,0],[0,-258],[-12,0],[0,-65],[-13,0],[0,-32],[-12,0],[0,-33],[-13,0],[0,-32],[-12,0],[0,-32],[-13,0],[0,32]],[[3637,1968],[0,-65],[-12,0],[0,-32]],[[3575,1871],[0,-97]],[[3575,1774],[25,0]],[[3600,1774],[0,-32],[-13,0],[0,-32],[-25,0]],[[3562,1710],[0,-33],[-12,0],[0,-32]],[[3525,1613],[0,-65],[-13,0],[0,-32],[-12,0],[0,-32],[-88,0]],[[3412,1484],[0,-65],[25,0],[0,-97],[-12,0],[0,-32],[-13,0],[0,-32],[-12,0],[0,-32],[-38,0],[0,-33],[-75,0],[0,-64],[-12,0],[0,-65]],[[3262,1032],[-12,0]],[[3212,1097],[0,96]],[[3200,1226],[-25,0]],[[3187,1193],[0,-96]],[[3200,1032],[0,-97]],[[3212,1000],[25,0],[0,-97],[-37,0],[0,-32],[-13,0],[0,-65]],[[3187,806],[-25,0]],[[3162,806],[0,33],[-12,0],[0,32],[-25,0],[0,32],[12,0],[0,32],[13,0],[0,65],[12,0],[0,32],[13,0],[0,65],[-13,0],[0,32],[-37,0],[0,64],[-25,0],[0,-32],[-13,0],[0,-32],[-37,0],[0,-97],[-13,0]],[[3037,1032],[0,65],[-12,0],[0,64],[12,0],[0,226]],[[3037,1419],[0,32]],[[3000,1387],[0,-97]],[[3000,1290],[-25,0]],[[2975,1355],[-13,0],[0,32]],[[2975,1387],[0,64]],[[2987,1451],[0,97]],[[3000,1548],[0,97]],[[3012,1871],[0,129]],[[3025,2000],[0,193],[12,0],[0,226]],[[3050,2516],[0,97]],[[3037,2613],[0,64],[-12,0],[0,32],[-13,0],[0,33],[-12,0],[0,32],[-25,0],[0,32],[-25,0]],[[2950,2838],[-25,0],[0,33],[-25,0],[0,64],[-13,0]],[[2875,2967],[0,65],[-13,0],[0,64],[-12,0],[0,65],[-13,0],[0,64],[-12,0],[0,65],[-13,0],[0,65],[-12,0],[0,64],[-13,0],[0,32],[-12,0],[0,65],[-25,0],[0,32],[-13,0],[0,32]],[[2737,3613],[0,129],[13,0],[0,32],[12,0],[0,32],[-12,0]],[[2750,3806],[0,65]],[[2800,3903],[0,129]],[[2812,4032],[0,64]],[[3475,2806],[0,-32]],[[3475,2742],[0,-97]],[[3100,2258],[0,-194]],[[3100,2064],[25,0]],[[3087,1968],[0,-33]],[[3100,1935],[0,129]],[[87,871],[25,0],[0,-65],[-12,0],[0,33],[-13,0],[0,32]],[[3037,871],[0,-65]],[[3037,806],[-12,0]],[[3025,806],[0,33]],[[3025,839],[-13,0],[0,32],[25,0]],[[3187,806],[0,33],[13,0],[0,-33],[-13,0]],[[9687,839],[-13,0]],[[9674,839],[0,-33],[-25,0]],[[9649,806],[0,33],[13,0],[0,32],[25,0]],[[3187,806],[0,-32],[-25,0],[0,32]],[[3162,806],[-12,0],[0,-32],[-13,0],[0,32],[-25,0],[0,-32],[-12,0],[0,-32],[-38,0],[0,32],[-37,0]],[[3025,774],[0,32]],[[3037,806],[0,97]],[[3037,903],[13,0]],[[3075,1000],[-38,0]],[[3012,742],[13,0]],[[3025,742],[0,-32]],[[3025,710],[-13,0]],[[3012,710],[0,32]],[[9649,806],[0,-64],[-12,0],[0,-32]],[[9637,710],[-13,0]],[[9624,710],[0,-33]],[[9624,677],[-12,0],[0,65],[12,0],[0,32],[13,0],[0,32],[12,0]],[[3125,742],[12,0],[0,-65]],[[3137,677],[-25,0],[0,33],[13,0],[0,32]],[[9624,710],[25,0]],[[9649,710],[0,-33]],[[9649,677],[-25,0]],[[9837,1000],[0,-65],[-13,0],[0,-32],[-12,0],[0,-64],[-38,0],[0,-33],[-12,0],[0,-64],[-13,0],[0,-65],[-25,0],[0,-32],[-62,0]],[[9662,645],[0,32],[-13,0]],[[9649,710],[-12,0]],[[9674,839],[25,0]],[[9699,839],[0,64],[13,0],[0,-32]],[[9812,1000],[0,64],[12,0],[0,-64]],[[3000,677],[12,0]],[[3012,677],[0,-32]],[[3012,645],[-12,0]],[[3000,645],[0,32]],[[2950,677],[25,0],[0,-64],[-13,0],[0,-32],[-12,0],[0,96]],[[9662,645],[12,0],[0,-32],[-12,0],[0,-32],[-13,0],[0,96]],[[3175,645],[12,0],[0,-64],[-12,0],[0,64]],[[3025,613],[25,0],[0,-65],[-13,0],[0,33],[-12,0],[0,32]],[[3100,613],[25,0],[0,-32],[-13,0],[0,-33],[-12,0],[0,65]],[[3000,581],[12,0],[0,-33],[-12,0],[0,33]],[[3150,581],[12,0],[0,-33],[-12,0],[0,33]],[[2900,516],[-13,0]],[[2887,516],[0,32],[13,0],[0,-32]],[[3025,1032],[0,-129]],[[3025,903],[12,0]],[[3037,903],[0,-32]],[[3025,839],[0,-97]],[[3012,742],[0,-65]],[[3000,677],[0,-96]],[[3000,581],[-13,0],[0,-97],[-12,0]],[[2975,484],[0,64],[-25,0],[0,-64]],[[2950,484],[-50,0]],[[2900,484],[0,129],[-13,0],[0,64],[13,0],[0,33],[12,0],[0,32],[13,0],[0,32],[-13,0],[0,129],[13,0],[0,32]],[[2937,935],[0,162]],[[2950,1097],[0,64]],[[2950,1193],[0,33]],[[2962,1290],[38,0]],[[3000,1290],[0,-32]],[[2962,871],[0,32]],[[2975,903],[0,97]],[[2975,484],[-25,0]],[[2900,516],[0,-64]],[[2900,452],[-13,0],[0,64]],[[2950,484],[0,-65],[-13,0],[0,-32]],[[2937,387],[-12,0],[0,32],[-13,0],[0,33],[-12,0]],[[2900,452],[0,32]],[[3012,710],[25,0]],[[3037,710],[0,-33],[-12,0],[0,-32],[25,0],[0,32],[12,0],[0,-64],[13,0],[0,32],[25,0],[0,-32]],[[3100,613],[-13,0],[0,-65],[-12,0],[0,-32],[12,0],[0,-32],[13,0],[0,-32],[-13,0],[0,-33],[-25,0],[0,65],[-12,0],[0,32],[-13,0],[0,-97],[-12,0],[0,33],[-13,0],[0,32],[-12,0],[0,-97]],[[3000,387],[-13,0]],[[2987,387],[0,32]],[[2987,419],[-12,0]],[[2975,419],[0,65]],[[3000,581],[0,64]],[[3012,645],[0,65]],[[3112,387],[-12,0]],[[3100,387],[0,32],[12,0],[0,-32]],[[2962,419],[25,0]],[[2987,419],[0,-64]],[[2987,355],[-12,0]],[[2975,355],[0,32],[-13,0],[0,32]],[[2937,387],[13,0]],[[2950,387],[0,-32]],[[2950,355],[-13,0],[0,32]],[[3000,387],[12,0],[0,-32],[-12,0]],[[3000,355],[0,32]],[[3100,387],[0,-32],[-13,0]],[[3087,355],[0,32],[13,0]],[[2975,419],[-13,0]],[[2975,355],[-13,0],[0,-32]],[[2962,323],[-12,0]],[[2950,323],[0,64]],[[2975,355],[0,-32]],[[2975,323],[-13,0]],[[3000,387],[0,-64]],[[3000,323],[-25,0]],[[2987,355],[0,32]],[[3087,355],[0,-32]],[[3087,323],[-12,0],[0,32],[12,0]],[[3337,355],[13,0],[0,-32]],[[3350,323],[-13,0],[0,32]],[[3362,355],[13,0],[0,-32],[-13,0],[0,32]],[[2900,323],[12,0]],[[2912,323],[0,-33]],[[2912,290],[-12,0]],[[2900,290],[0,33]],[[2962,323],[0,-33],[-12,0]],[[2950,290],[0,33]],[[3087,323],[13,0],[0,-33]],[[3100,290],[-13,0],[0,33]],[[2950,355],[0,-97]],[[2950,258],[-13,0]],[[2937,258],[0,65]],[[2937,323],[-12,0],[0,32],[-25,0]],[[2900,355],[0,97]],[[3350,323],[50,0],[0,-33],[-13,0],[0,-32],[-37,0]],[[3350,258],[0,65]],[[2912,290],[0,-32],[-12,0],[0,32]],[[3062,290],[13,0],[0,-32],[-13,0],[0,32]],[[3325,355],[12,0]],[[3350,258],[-38,0]],[[3312,258],[0,32],[13,0],[0,65]],[[2937,323],[0,-97]],[[2937,226],[-25,0]],[[2912,226],[0,97]],[[2900,323],[0,32]],[[3312,258],[13,0],[0,-32],[-25,0],[0,97],[12,0],[0,32],[13,0]],[[3112,226],[-12,0]],[[3100,226],[0,32],[12,0],[0,-32]],[[3350,258],[0,-32]],[[3350,226],[-13,0],[0,32],[13,0]],[[3350,258],[12,0],[0,-32],[-12,0]],[[2912,226],[38,0]],[[2950,226],[0,-32],[-13,0]],[[2937,194],[0,-33],[-12,0],[0,33],[-13,0],[0,32]],[[2975,323],[0,-65]],[[2975,258],[12,0]],[[2987,258],[0,-32],[-25,0],[0,-65],[-12,0],[0,-32]],[[2950,129],[-13,0],[0,65]],[[2950,226],[-13,0]],[[2937,226],[0,32]],[[2950,258],[0,32]],[[2950,129],[75,0],[0,-32]],[[3025,97],[-75,0],[0,32]],[[3012,97],[0,-32]],[[3012,65],[-25,0],[0,32],[25,0]],[[3012,97],[13,0]],[[3025,97],[0,-32]],[[3025,65],[-13,0]],[[3075,65],[-25,0]],[[3050,65],[0,32],[25,0],[0,-32]],[[3212,97],[13,0],[0,-32],[-13,0],[0,32]],[[3162,806],[0,-64],[-37,0]],[[3137,677],[0,-32],[38,0]],[[3175,645],[0,-129],[-25,0],[0,-32],[-25,0],[0,-97],[-13,0]],[[3100,290],[0,-64]],[[3112,226],[0,-65],[25,0],[0,-32],[25,0],[0,-32],[25,0]],[[3187,97],[0,-65],[-12,0]],[[3175,32],[0,33],[-13,0],[0,-33]],[[3162,32],[-37,0]],[[3125,32],[0,65],[-25,0],[0,32],[-13,0],[0,32],[-25,0],[0,33],[25,0],[0,32],[-37,0],[0,-32],[-13,0],[0,-33],[-12,0],[0,33],[-13,0],[0,64]],[[3012,258],[-37,0]],[[3000,323],[0,32]],[[3037,710],[-12,0]],[[3025,710],[0,64]],[[2987,258],[25,0]],[[3125,32],[-13,0],[0,33]],[[3112,65],[-37,0]],[[3050,65],[-13,0]],[[3037,65],[0,32]],[[3037,97],[-12,0]],[[3037,97],[0,-65]],[[3037,32],[-12,0]],[[3025,32],[0,65]],[[3187,97],[25,0]],[[3212,97],[0,-65],[-12,0],[0,33],[-13,0],[0,32]],[[3025,65],[0,-33]],[[3025,32],[-13,0],[0,33]],[[3175,32],[-13,0]],[[3037,65],[75,0]],[[3125,32],[0,-32],[-63,0]],[[3062,0],[0,32]],[[3062,32],[-25,0]],[[3037,32],[0,33]],[[3062,0],[-12,0],[0,32],[12,0]]]}