{"type":"Topology","bbox":[-180,-55.80007200000001,180,83.699928],"transform":{"scale":[0.036003600360036005,0.01395139513951395],"translate":[-180,-55.80007200000001]},"objects":{"anthromes":{"type":"GeometryCollection","geometries":[{"type":"Polygon","arcs":[[0,1]],"properties":{"anthrome":63}},{"type":"Polygon","arcs":[[2]],"properties":{"anthrome":63}},{"type":"Polygon","arcs":[[3]],"properties":{"anthrome":63}},{"type":"Polygon","arcs":[[4]],"properties":{"anthrome":62}},{"type":"Polygon","arcs":[[5]],"properties":{"anthrome":63}},{"type":"Polygon","arcs":[[6]],"properties":{"anthrome":62}},{"type":"Polygon","arcs":[[7,8]],"properties":{"anthrome":62}},{"type":"Polygon","arcs":[[9,10]],"properties":{"anthrome":62}},{"type":"Polygon","arcs":[[11,12]],"properties":{"anthrome":62}},{"type":"Polygon","arcs":[[13]],"properties":{"anthrome":63}},{"type":"Polygon","arcs":[[14,15,16,17,18],[-1,19],[-4]],"properties":{"anthrome":62}},{"type":"Polygon","arcs":[[20]],"properties":{"anthrome":63}},{"type":"Polygon","arcs":[[21,22]],"properties":{"anthrome":63}},{"type":"Polygon","arcs":[[23,24]],"properties":{"anthrome":63}},{"type":"Polygon","arcs":[[25,26,27]],"properties":{"anthrome":62}},{"type":"Polygon","arcs":[[28]],"properties":{"anthrome":62}},{"type":"Polygon","arcs":[[29,30]],"properties":{"anthrome":62}},{"type":"Polygon","arcs":[[31]],"properties":{"anthrome":63}},{"type":"Polygon","arcs":[[32]],"properties":{"anthrome":63}},{"type":"Polygon","arcs":[[-24,33]],"properties":{"anthrome":62}},{"type":"Polygon","arcs":[[34,35]],"properties":{"anthrome":62}},{"type":"Polygon","arcs":[[36]],"properties":{"anthrome":62}},{"type":"Polygon","arcs":[[37,38]],"properties":{"anthrome":63}},{"type":"Polygon","arcs":[[39,40]],"properties":{"anthrome":63}},{"type":"Polygon","arcs":[[41]],"properties":{"anthrome":62}},{"type":"Polygon","arcs":[[42,43,44]],"properties":{"anthrome":63}},{"type":"Polygon","arcs":[[45,46]],"properties":{"anthrome":63}},{"type":"Polygon","arcs":[[47]],"properties":{"anthrome":63}},{"type":"Polygon","arcs":[[48,49]],"properties":{"anthrome":63}},{"type":"Polygon","arcs":[[50,51]],"properties":{"anthrome":62}},{"type":"Polygon","arcs":[[52]],"properties":{"anthrome":63}},{"type":"Polygon","arcs":[[53,54]],"properties":{"anthrome":62}},{"type":"Polygon","arcs":[[55]],"properties":{"anthrome":54}},{"type":"Polygon","arcs":[[56]],"properties":{"anthrome":63}},{"type":"Polygon","arcs":[[57,-45,58,59]],"properties":{"anthrome":62}},{"type":"Polygon","arcs":[[60,61]],"properties":{"anthrome":63}},{"type":"Polygon","arcs":[[62,63]],"properties":{"anthrome":63}},{"type":"Polygon","arcs":[[64,65]],"properties":{"anthrome":62}},{"type":"Polygon","arcs":[[66]],"properties":{"anthrome":62}},{"type":"Polygon","arcs":[[67,68]],"properties":{"anthrome":63}},{"type":"Polygon","arcs":[[69]],"properties":{"anthrome":63}},{"type":"Polygon","arcs":[[70,71,72,73,-61]],"properties":{"anthrome":62}},{"type":"Polygon","arcs":[[74,75]],"properties":{"anthrome":63}},{"type":"Polygon","arcs":[[76]],"properties":{"anthrome":62}},{"type":"Polygon","arcs":[[77]],"properties":{"anthrome":63}},{"type":"Polygon","arcs":[[78,79]],"properties":{"anthrome":62}},{"type":"Polygon","arcs":[[80,-49,81,-47,82,83,84,85,86,-75,87,-63,88]],"properties":{"anthrome":62}},{"type":"Polygon","arcs":[[-12,89,-60,90,91,92,93,-73,94,-71,95],[-42],[-51,-52]],"properties":{"anthrome":63}},{"type":"Polygon","arcs":[[96,97,98]],"properties":{"anthrome":63}},{"type":"Polygon","arcs":[[99,100]],"properties":{"anthrome":62}},{"type":"Polygon","arcs":[[101,-79,102,103]],"properties":{"anthrome":63}},{"type":"Polygon","arcs":[[104,105,106]],"properties":{"anthrome":62}},{"type":"Polygon","arcs":[[-98,107]],"properties":{"anthrome":62}},{"type":"Polygon","arcs":[[-106,108]],"properties":{"anthrome":63}},{"type":"Polygon","arcs":[[-86,109]],"properties":{"anthrome":63}},{"type":"Polygon","arcs":[[110,111]],"properties":{"anthrome":62}},{"type":"Polygon","arcs":[[112,113]],"properties":{"anthrome":62}},{"type":"Polygon","arcs":[[114]],"properties":{"anthrome":62}},{"type":"Polygon","arcs":[[115,-101,116,117]],"properties":{"anthrome":63}},{"type":"Polygon","arcs":[[118,119,120,121,122,123]],"properties":{"anthrome":62}},{"type":"Polygon","arcs":[[124]],"properties":{"anthrome":62}},{"type":"Polygon","arcs":[[125,-104,126,-92]],"properties":{"anthrome":62}},{"type":"Polygon","arcs":[[127]],"properties":{"anthrome":63}},{"type":"Polygon","arcs":[[128,-122]],"properties":{"anthrome":63}},{"type":"Polygon","arcs":[[129,130]],"properties":{"anthrome":62}},{"type":"Polygon","arcs":[[131,132]],"properties":{"anthrome":62}},{"type":"Polygon","arcs":[[133,-132]],"properties":{"anthrome":63}},{"type":"Polygon","arcs":[[134,-118,135,-97]],"properties":{"anthrome":62}},{"type":"Polygon","arcs":[[136,137]],"properties":{"anthrome":62}},{"type":"Polygon","arcs":[[138,139]],"properties":{"anthrome":62}},{"type":"Polygon","arcs":[[140,141]],"properties":{"anthrome":62}},{"type":"Polygon","arcs":[[142]],"properties":{"anthrome":63}},{"type":"Polygon","arcs":[[143,144]],"properties":{"anthrome":63}},{"type":"Polygon","arcs":[[145,146]],"properties":{"anthrome":63}},{"type":"Polygon","arcs":[[147,148]],"properties":{"anthrome":63}},{"type":"Polygon","arcs":[[149,150]],"properties":{"anthrome":62}},{"type":"Polygon","arcs":[[151,152]],"properties":{"anthrome":62}},{"type":"Polygon","arcs":[[153,154]],"properties":{"anthrome":61}},{"type":"Polygon","arcs":[[155,156]],"properties":{"anthrome":63}},{"type":"Polygon","arcs":[[157]],"properties":{"anthrome":54}},{"type":"Polygon","arcs":[[158,159]],"properties":{"anthrome":63}},{"type":"Polygon","arcs":[[160]],"properties":{"anthrome":63}},{"type":"Polygon","arcs":[[161]],"properties":{"anthrome":63}},{"type":"Polygon","arcs":[[162,163,164]],"properties":{"anthrome":63}},{"type":"Polygon","arcs":[[165,166]],"properties":{"anthrome":62}},{"type":"Polygon","arcs":[[167]],"properties":{"anthrome":63}},{"type":"Polygon","arcs":[[168]],"properties":{"anthrome":63}},{"type":"Polygon","arcs":[[169]],"properties":{"anthrome":63}},{"type":"Polygon","arcs":[[170]],"properties":{"anthrome":54}},{"type":"Polygon","arcs":[[171,172]],"properties":{"anthrome":63}},{"type":"Polygon","arcs":[[173,174]],"properties":{"anthrome":63}},{"type":"Polygon","arcs":[[175]],"properties":{"anthrome":54}},{"type":"Polygon","arcs":[[-155,176,177,178,179,180]],"properties":{"anthrome":62}},{"type":"Polygon","arcs":[[-142,-151,-167,181,182,-140,183,184]],"properties":{"anthrome":63}},{"type":"Polygon","arcs":[[185,186]],"properties":{"anthrome":61}},{"type":"Polygon","arcs":[[187]],"properties":{"anthrome":62}},{"type":"Polygon","arcs":[[188]],"properties":{"anthrome":63}},{"type":"Polygon","arcs":[[189]],"properties":{"anthrome":62}},{"type":"Polygon","arcs":[[190,191]],"properties":{"anthrome":62}},{"type":"Polygon","arcs":[[192,193]],"properties":{"anthrome":61}},{"type":"Polygon","arcs":[[194]],"properties":{"anthrome":54}},{"type":"Polygon","arcs":[[195,196]],"properties":{"anthrome":53}},{"type":"Polygon","arcs":[[197,198]],"properties":{"anthrome":61}},{"type":"Polygon","arcs":[[199]],"properties":{"anthrome":62}},{"type":"Polygon","arcs":[[200]],"properties":{"anthrome":62}},{"type":"Polygon","arcs":[[201]],"properties":{"anthrome":62}},{"type":"Polygon","arcs":[[202,203,-186,204]],"properties":{"anthrome":62}},{"type":"Polygon","arcs":[[205,-203]],"properties":{"anthrome":63}},{"type":"Polygon","arcs":[[206,207]],"properties":{"anthrome":54}},{"type":"Polygon","arcs":[[208,209]],"properties":{"anthrome":63}},{"type":"Polygon","arcs":[[210]],"properties":{"anthrome":63}},{"type":"Polygon","arcs":[[211,212,213,214]],"properties":{"anthrome":53}},{"type":"Polygon","arcs":[[215,216,217]],"properties":{"anthrome":62}},{"type":"Polygon","arcs":[[218,-216]],"properties":{"anthrome":63}},{"type":"Polygon","arcs":[[219]],"properties":{"anthrome":54}},{"type":"Polygon","arcs":[[220,221]],"properties":{"anthrome":62}},{"type":"Polygon","arcs":[[222,223]],"properties":{"anthrome":61}},{"type":"Polygon","arcs":[[-182,224]],"properties":{"anthrome":62}},{"type":"Polygon","arcs":[[225,226,227]],"properties":{"anthrome":61}},{"type":"Polygon","arcs":[[228,229,-213,230,-193]],"properties":{"anthrome":62}},{"type":"Polygon","arcs":[[231]],"properties":{"anthrome":62}},{"type":"Polygon","arcs":[[232]],"properties":{"anthrome":62}},{"type":"Polygon","arcs":[[233,234,235,236]],"properties":{"anthrome":63}},{"type":"Polygon","arcs":[[237,-235]],"properties":{"anthrome":62}},{"type":"Polygon","arcs":[[238]],"properties":{"anthrome":62}},{"type":"Polygon","arcs":[[239,240]],"properties":{"anthrome":61}},{"type":"Polygon","arcs":[[241,242,243]],"properties":{"anthrome":53}},{"type":"Polygon","arcs":[[-214,244,245,246]],"properties":{"anthrome":62}},{"type":"Polygon","arcs":[[247]],"properties":{"anthrome":53}},{"type":"Polygon","arcs":[[248,249,250]],"properties":{"anthrome":54}},{"type":"Polygon","arcs":[[251]],"properties":{"anthrome":62}},{"type":"Polygon","arcs":[[252]],"properties":{"anthrome":61}},{"type":"Polygon","arcs":[[253]],"properties":{"anthrome":62}},{"type":"Polygon","arcs":[[254]],"properties":{"anthrome":62}},{"type":"Polygon","arcs":[[255,256,257,258]],"properties":{"anthrome":54}},{"type":"Polygon","arcs":[[259,260,261,-257]],"properties":{"anthrome":53}},{"type":"Polygon","arcs":[[-223,262,263,264]],"properties":{"anthrome":54}},{"type":"Polygon","arcs":[[265]],"properties":{"anthrome":53}},{"type":"Polygon","arcs":[[266,267]],"properties":{"anthrome":62}},{"type":"Polygon","arcs":[[268,269,270,271]],"properties":{"anthrome":54}},{"type":"Polygon","arcs":[[272,273]],"properties":{"anthrome":63}},{"type":"Polygon","arcs":[[274,275]],"properties":{"anthrome":62}},{"type":"Polygon","arcs":[[276]],"properties":{"anthrome":62}},{"type":"Polygon","arcs":[[277,278]],"properties":{"anthrome":54}},{"type":"Polygon","arcs":[[279,280,281,282]],"properties":{"anthrome":53}},{"type":"Polygon","arcs":[[283,284,285,-270]],"properties":{"anthrome":62}},{"type":"Polygon","arcs":[[286]],"properties":{"anthrome":63}},{"type":"Polygon","arcs":[[287]],"properties":{"anthrome":63}},{"type":"Polygon","arcs":[[288]],"properties":{"anthrome":63}},{"type":"Polygon","arcs":[[289,290]],"properties":{"anthrome":61}},{"type":"Polygon","arcs":[[291,292,293]],"properties":{"anthrome":53}},{"type":"Polygon","arcs":[[-243,294,295,-292]],"properties":{"anthrome":61}},{"type":"Polygon","arcs":[[296,297]],"properties":{"anthrome":53}},{"type":"Polygon","arcs":[[-246,298,299]],"properties":{"anthrome":53}},{"type":"Polygon","arcs":[[300,301,302]],"properties":{"anthrome":62}},{"type":"Polygon","arcs":[[303,304,305]],"properties":{"anthrome":53}},{"type":"Polygon","arcs":[[306,307]],"properties":{"anthrome":61}},{"type":"Polygon","arcs":[[308,309,310]],"properties":{"anthrome":53}},{"type":"Polygon","arcs":[[311]],"properties":{"anthrome":62}},{"type":"Polygon","arcs":[[312]],"properties":{"anthrome":53}},{"type":"Polygon","arcs":[[313,314]],"properties":{"anthrome":62}},{"type":"Polygon","arcs":[[315,316]],"properties":{"anthrome":62}},{"type":"Polygon","arcs":[[317,318,319]],"properties":{"anthrome":62}},{"type":"Polygon","arcs":[[320,321]],"properties":{"anthrome":62}},{"type":"Polygon","arcs":[[322,323,324]],"properties":{"anthrome":53}},{"type":"Polygon","arcs":[[325,326,327,328]],"properties":{"anthrome":54}},{"type":"Polygon","arcs":[[-272,329,-281,330,331,332,-278,333,-207,334]],"properties":{"anthrome":62}},{"type":"Polygon","arcs":[[335,336,337]],"properties":{"anthrome":61}},{"type":"Polygon","arcs":[[338,-337]],"properties":{"anthrome":62}},{"type":"Polygon","arcs":[[339,340]],"properties":{"anthrome":53}},{"type":"Polygon","arcs":[[341]],"properties":{"anthrome":62}},{"type":"Polygon","arcs":[[342]],"properties":{"anthrome":53}},{"type":"Polygon","arcs":[[343,344,-324]],"properties":{"anthrome":54}},{"type":"Polygon","arcs":[[345,346,-305]],"properties":{"anthrome":54}},{"type":"Polygon","arcs":[[347,348]],"properties":{"anthrome":54}},{"type":"Polygon","arcs":[[349,350]],"properties":{"anthrome":62}},{"type":"Polygon","arcs":[[351,352]],"properties":{"anthrome":62}},{"type":"Polygon","arcs":[[353,354,355]],"properties":{"anthrome":54}},{"type":"Polygon","arcs":[[356]],"properties":{"anthrome":53}},{"type":"Polygon","arcs":[[357]],"properties":{"anthrome":53}},{"type":"Polygon","arcs":[[358,359,360]],"properties":{"anthrome":53}},{"type":"Polygon","arcs":[[361,362,363,-327]],"properties":{"anthrome":53}},{"type":"Polygon","arcs":[[364]],"properties":{"anthrome":53}},{"type":"Polygon","arcs":[[365]],"properties":{"anthrome":53}},{"type":"Polygon","arcs":[[366,367,368,369]],"properties":{"anthrome":54}},{"type":"Polygon","arcs":[[370,371]],"properties":{"anthrome":53}},{"type":"Polygon","arcs":[[372,373]],"properties":{"anthrome":62}},{"type":"Polygon","arcs":[[374]],"properties":{"anthrome":62}},{"type":"Polygon","arcs":[[375,376,377,378]],"properties":{"anthrome":54}},{"type":"Polygon","arcs":[[379,380]],"properties":{"anthrome":62}},{"type":"Polygon","arcs":[[381]],"properties":{"anthrome":63}},{"type":"Polygon","arcs":[[382,383]],"properties":{"anthrome":62}},{"type":"Polygon","arcs":[[384,385]],"properties":{"anthrome":61}},{"type":"Polygon","arcs":[[-340,386]],"properties":{"anthrome":61}},{"type":"Polygon","arcs":[[387]],"properties":{"anthrome":61}},{"type":"Polygon","arcs":[[388,-244,-294,389,-295,390,-298,391,-300,392,393,394,395,396]],"properties":{"anthrome":62}},{"type":"Polygon","arcs":[[397,398]],"properties":{"anthrome":54}},{"type":"Polygon","arcs":[[399,400]],"properties":{"anthrome":62}},{"type":"Polygon","arcs":[[401,402,403,-224,404,405,-259,406,407,-377,408,409,410,-199,411,412]],"properties":{"anthrome":62}},{"type":"Polygon","arcs":[[413]],"properties":{"anthrome":53}},{"type":"Polygon","arcs":[[414,415,416,417]],"properties":{"anthrome":54}},{"type":"Polygon","arcs":[[418,419]],"properties":{"anthrome":62}},{"type":"Polygon","arcs":[[420,421,422,-350]],"properties":{"anthrome":61}},{"type":"Polygon","arcs":[[423,-308,424,425,426]],"properties":{"anthrome":62}},{"type":"Polygon","arcs":[[427,428]],"properties":{"anthrome":62}},{"type":"Polygon","arcs":[[429,430]],"properties":{"anthrome":62}},{"type":"Polygon","arcs":[[431]],"properties":{"anthrome":62}},{"type":"Polygon","arcs":[[432]],"properties":{"anthrome":63}},{"type":"Polygon","arcs":[[433,434]],"properties":{"anthrome":61}},{"type":"Polygon","arcs":[[435]],"properties":{"anthrome":53}},{"type":"Polygon","arcs":[[436,437]],"properties":{"anthrome":53}},{"type":"Polygon","arcs":[[438]],"properties":{"anthrome":63}},{"type":"Polygon","arcs":[[439,440,441]],"properties":{"anthrome":62}},{"type":"Polygon","arcs":[[442]],"properties":{"anthrome":61}},{"type":"Polygon","arcs":[[443]],"properties":{"anthrome":62}},{"type":"Polygon","arcs":[[444]],"properties":{"anthrome":53}},{"type":"Polygon","arcs":[[445,446,447,448,449]],"properties":{"anthrome":62}},{"type":"Polygon","arcs":[[450,-422,451]],"properties":{"anthrome":62}},{"type":"Polygon","arcs":[[452]],"properties":{"anthrome":62}},{"type":"Polygon","arcs":[[453,-449]],"properties":{"anthrome":54}},{"type":"Polygon","arcs":[[454]],"properties":{"anthrome":62}},{"type":"Polygon","arcs":[[455]],"properties":{"anthrome":63}},{"type":"Polygon","arcs":[[456]],"properties":{"anthrome":63}},{"type":"Polygon","arcs":[[457,458]],"properties":{"anthrome":62}},{"type":"Polygon","arcs":[[459,460,461]],"properties":{"anthrome":61}},{"type":"Polygon","arcs":[[462]],"properties":{"anthrome":53}},{"type":"Polygon","arcs":[[463,464,465,466]],"properties":{"anthrome":53}},{"type":"Polygon","arcs":[[467,-465]],"properties":{"anthrome":62}},{"type":"Polygon","arcs":[[468]],"properties":{"anthrome":61}},{"type":"Polygon","arcs":[[469]],"properties":{"anthrome":61}},{"type":"Polygon","arcs":[[470]],"properties":{"anthrome":62}},{"type":"Polygon","arcs":[[471]],"properties":{"anthrome":62}},{"type":"Polygon","arcs":[[472]],"properties":{"anthrome":62}},{"type":"Polygon","arcs":[[473,474,475,476]],"properties":{"anthrome":53}},{"type":"Polygon","arcs":[[477,478,479,-475]],"properties":{"anthrome":54}},{"type":"Polygon","arcs":[[480,481,-479]],"properties":{"anthrome":62}},{"type":"Polygon","arcs":[[482,483,484,485]],"properties":{"anthrome":54}},{"type":"Polygon","arcs":[[486,487,488,489]],"properties":{"anthrome":63}},{"type":"Polygon","arcs":[[490,491]],"properties":{"anthrome":62}},{"type":"Polygon","arcs":[[492,-347,-349,493,-399,494,495,496,497,-345]],"properties":{"anthrome":53}},{"type":"Polygon","arcs":[[498,-401,499,-438,500,501,502,503,504,505,506,-496]],"properties":{"anthrome":54}},{"type":"Polygon","arcs":[[507,-338,508,509,510]],"properties":{"anthrome":62}},{"type":"Polygon","arcs":[[511]],"properties":{"anthrome":63}},{"type":"Polygon","arcs":[[512,513,-370,514,515,516,517,518,519,520,-484,521,522,523,-416,524,525],[-443]],"properties":{"anthrome":62}},{"type":"Polygon","arcs":[[526,527,528]],"properties":{"anthrome":53}},{"type":"Polygon","arcs":[[529,530]],"properties":{"anthrome":53}},{"type":"Polygon","arcs":[[531,532]],"properties":{"anthrome":61}},{"type":"Polygon","arcs":[[-461,533,534]],"properties":{"anthrome":62}},{"type":"Polygon","arcs":[[535,536]],"properties":{"anthrome":61}},{"type":"Polygon","arcs":[[537,538,539]],"properties":{"anthrome":61}},{"type":"Polygon","arcs":[[540]],"properties":{"anthrome":53}},{"type":"Polygon","arcs":[[541]],"properties":{"anthrome":61}},{"type":"Polygon","arcs":[[542]],"properties":{"anthrome":62}},{"type":"Polygon","arcs":[[543]],"properties":{"anthrome":53}},{"type":"Polygon","arcs":[[544,545,546,547]],"properties":{"anthrome":62}},{"type":"Polygon","arcs":[[548,549,-546]],"properties":{"anthrome":54}},{"type":"Polygon","arcs":[[550]],"properties":{"anthrome":53}},{"type":"Polygon","arcs":[[-485,551,552]],"properties":{"anthrome":53}},{"type":"Polygon","arcs":[[553,-520]],"properties":{"anthrome":61}},{"type":"Polygon","arcs":[[554,555,556]],"properties":{"anthrome":54}},{"type":"Polygon","arcs":[[557]],"properties":{"anthrome":62}},{"type":"Polygon","arcs":[[558]],"properties":{"anthrome":62}},{"type":"Polygon","arcs":[[559]],"properties":{"anthrome":61}},{"type":"Polygon","arcs":[[560]],"properties":{"anthrome":53}},{"type":"Polygon","arcs":[[561,562,563,-505]],"properties":{"anthrome":53}},{"type":"Polygon","arcs":[[564,565]],"properties":{"anthrome":61}},{"type":"Polygon","arcs":[[566,567,-396,568,569,570,-540,571,572,573,-536,574,575,576,-434,-385,577,-387,578,579,-290],[-388]],"properties":{"anthrome":53}},{"type":"Polygon","arcs":[[580]],"properties":{"anthrome":53}},{"type":"Polygon","arcs":[[581]],"properties":{"anthrome":53}},{"type":"Polygon","arcs":[[582,583]],"properties":{"anthrome":53}},{"type":"Polygon","arcs":[[584]],"properties":{"anthrome":61}},{"type":"Polygon","arcs":[[-547,585,586]],"properties":{"anthrome":53}},{"type":"Polygon","arcs":[[587,-557,588,589,-554]],"properties":{"anthrome":53}},{"type":"Polygon","arcs":[[590]],"properties":{"anthrome":62}},{"type":"Polygon","arcs":[[-533,591]],"properties":{"anthrome":62}},{"type":"Polygon","arcs":[[592,-490,593,594]],"properties":{"anthrome":62}},{"type":"Polygon","arcs":[[595,596]],"properties":{"anthrome":62}},{"type":"Polygon","arcs":[[597]],"properties":{"anthrome":53}},{"type":"Polygon","arcs":[[598]],"properties":{"anthrome":53}},{"type":"Polygon","arcs":[[599,600,601]],"properties":{"anthrome":53}},{"type":"Polygon","arcs":[[602]],"properties":{"anthrome":62}},{"type":"Polygon","arcs":[[603]],"properties":{"anthrome":61}},{"type":"Polygon","arcs":[[604,605]],"properties":{"anthrome":61}},{"type":"Polygon","arcs":[[606,607,608,609]],"properties":{"anthrome":54}},{"type":"Polygon","arcs":[[610]],"properties":{"anthrome":53}},{"type":"Polygon","arcs":[[611]],"properties":{"anthrome":53}},{"type":"Polygon","arcs":[[612,613]],"properties":{"anthrome":62}},{"type":"Polygon","arcs":[[614]],"properties":{"anthrome":62}},{"type":"Polygon","arcs":[[615]],"properties":{"anthrome":62}},{"type":"Polygon","arcs":[[616]],"properties":{"anthrome":62}},{"type":"Polygon","arcs":[[617,618,619,620],[-439]],"properties":{"anthrome":62}},{"type":"Polygon","arcs":[[621]],"properties":{"anthrome":53}},{"type":"Polygon","arcs":[[622,623,624]],"properties":{"anthrome":61}},{"type":"Polygon","arcs":[[625,626]],"properties":{"anthrome":62}},{"type":"Polygon","arcs":[[627,628]],"properties":{"anthrome":53}},{"type":"Polygon","arcs":[[629,630]],"properties":{"anthrome":62}},{"type":"Polygon","arcs":[[631,632,633,634]],"properties":{"anthrome":62}},{"type":"Polygon","arcs":[[635]],"properties":{"anthrome":61}},{"type":"Polygon","arcs":[[636,637]],"properties":{"anthrome":54}},{"type":"Polygon","arcs":[[638,639,640]],"properties":{"anthrome":61}},{"type":"Polygon","arcs":[[641,642]],"properties":{"anthrome":61}},{"type":"Polygon","arcs":[[643]],"properties":{"anthrome":53}},{"type":"Polygon","arcs":[[644,645]],"properties":{"anthrome":53}},{"type":"Polygon","arcs":[[646,-645]],"properties":{"anthrome":61}},{"type":"Polygon","arcs":[[647,648]],"properties":{"anthrome":53}},{"type":"Polygon","arcs":[[649,650]],"properties":{"anthrome":53}},{"type":"Polygon","arcs":[[651]],"properties":{"anthrome":61}},{"type":"Polygon","arcs":[[652]],"properties":{"anthrome":53}},{"type":"Polygon","arcs":[[-628,653]],"properties":{"anthrome":61}},{"type":"Polygon","arcs":[[654]],"properties":{"anthrome":62}},{"type":"Polygon","arcs":[[655,656]],"properties":{"anthrome":61}},{"type":"Polygon","arcs":[[657]],"properties":{"anthrome":53}},{"type":"Polygon","arcs":[[658]],"properties":{"anthrome":53}},{"type":"Polygon","arcs":[[659,660]],"properties":{"anthrome":62}},{"type":"Polygon","arcs":[[661]],"properties":{"anthrome":53}},{"type":"Polygon","arcs":[[662]],"properties":{"anthrome":62}},{"type":"Polygon","arcs":[[663]],"properties":{"anthrome":62}},{"type":"Polygon","arcs":[[664,665,666,-633]],"properties":{"anthrome":63}},{"type":"Polygon","arcs":[[667,668]],"properties":{"anthrome":61}},{"type":"Polygon","arcs":[[669]],"properties":{"anthrome":53}},{"type":"Polygon","arcs":[[670,671,672,673,674,-608,-573,675,676,-570]],"properties":{"anthrome":62}},{"type":"Polygon","arcs":[[677]],"properties":{"anthrome":53}},{"type":"Polygon","arcs":[[678,679,-647,680]],"properties":{"anthrome":53}},{"type":"Polygon","arcs":[[681,682]],"properties":{"anthrome":53}},{"type":"Polygon","arcs":[[683,684,685]],"properties":{"anthrome":53}},{"type":"Polygon","arcs":[[686]],"properties":{"anthrome":62}},{"type":"Polygon","arcs":[[687]],"properties":{"anthrome":53}},{"type":"Polygon","arcs":[[688]],"properties":{"anthrome":62}},{"type":"Polygon","arcs":[[689]],"properties":{"anthrome":62}},{"type":"Polygon","arcs":[[690]],"properties":{"anthrome":62}},{"type":"Polygon","arcs":[[691,692,693,694,695]],"properties":{"anthrome":62}},{"type":"Polygon","arcs":[[696,697,698,699,-637],[-670]],"properties":{"anthrome":62}},{"type":"Polygon","arcs":[[700,-643,701,702,703,704,705,706,-640]],"properties":{"anthrome":53}},{"type":"Polygon","arcs":[[707]],"properties":{"anthrome":62}},{"type":"Polygon","arcs":[[-694,708]],"properties":{"anthrome":61}},{"type":"Polygon","arcs":[[709,710,711,712]],"properties":{"anthrome":63}},{"type":"Polygon","arcs":[[713,714,715,-711]],"properties":{"anthrome":62}},{"type":"Polygon","arcs":[[716,717]],"properties":{"anthrome":62}},{"type":"Polygon","arcs":[[718,719,720,-717]],"properties":{"anthrome":54}},{"type":"Polygon","arcs":[[721,722,723,-720]],"properties":{"anthrome":62}},{"type":"Polygon","arcs":[[724]],"properties":{"anthrome":53}},{"type":"Polygon","arcs":[[-635,725,726,727,728]],"properties":{"anthrome":54}},{"type":"Polygon","arcs":[[729,730]],"properties":{"anthrome":62}},{"type":"Polygon","arcs":[[731]],"properties":{"anthrome":53}},{"type":"Polygon","arcs":[[732]],"properties":{"anthrome":62}},{"type":"Polygon","arcs":[[733]],"properties":{"anthrome":62}},{"type":"Polygon","arcs":[[734,735,736]],"properties":{"anthrome":53}},{"type":"Polygon","arcs":[[737,738]],"properties":{"anthrome":54}},{"type":"Polygon","arcs":[[739]],"properties":{"anthrome":53}},{"type":"Polygon","arcs":[[740]],"properties":{"anthrome":62}},{"type":"Polygon","arcs":[[741]],"properties":{"anthrome":54}},{"type":"Polygon","arcs":[[742]],"properties":{"anthrome":62}},{"type":"Polygon","arcs":[[-654,743,744,745,746,747]],"properties":{"anthrome":53}},{"type":"Polygon","arcs":[[748,749,750,751]],"properties":{"anthrome":54}},{"type":"Polygon","arcs":[[752,753,754,-750]],"properties":{"anthrome":62}},{"type":"Polygon","arcs":[[755]],"properties":{"anthrome":62}},{"type":"Polygon","arcs":[[756]],"properties":{"anthrome":62}},{"type":"Polygon","arcs":[[757,758]],"properties":{"anthrome":62}},{"type":"Polygon","arcs":[[759,-192,760,-268,761,-384,762,-459,763,764,765],[-190],[-239]],"properties":{"anthrome":63}},{"type":"Polygon","arcs":[[766,767,768,769]],"properties":{"anthrome":62}},{"type":"Polygon","arcs":[[770,771]],"properties":{"anthrome":53}},{"type":"Polygon","arcs":[[772]],"properties":{"anthrome":61}},{"type":"Polygon","arcs":[[773]],"properties":{"anthrome":53}},{"type":"Polygon","arcs":[[774]],"properties":{"anthrome":62}},{"type":"Polygon","arcs":[[775]],"properties":{"anthrome":62}},{"type":"Polygon","arcs":[[776,777]],"properties":{"anthrome":63}},{"type":"Polygon","arcs":[[778,779,780,781]],"properties":{"anthrome":62}},{"type":"Polygon","arcs":[[782,783,-780]],"properties":{"anthrome":63}},{"type":"Polygon","arcs":[[784,785,786]],"properties":{"anthrome":53}},{"type":"Polygon","arcs":[[787,788,-768]],"properties":{"anthrome":53}},{"type":"Polygon","arcs":[[789,790,791,-788]],"properties":{"anthrome":62}},{"type":"Polygon","arcs":[[792]],"properties":{"anthrome":62}},{"type":"Polygon","arcs":[[793]],"properties":{"anthrome":62}},{"type":"Polygon","arcs":[[794]],"properties":{"anthrome":53}},{"type":"Polygon","arcs":[[795]],"properties":{"anthrome":62}},{"type":"Polygon","arcs":[[796,797,798,799]],"properties":{"anthrome":62}},{"type":"Polygon","arcs":[[800,801,802,-798]],"properties":{"anthrome":63}},{"type":"Polygon","arcs":[[803,804]],"properties":{"anthrome":62}},{"type":"Polygon","arcs":[[805,806,807]],"properties":{"anthrome":53}},{"type":"Polygon","arcs":[[808,809,810,811,812,813,-703]],"properties":{"anthrome":62}},{"type":"Polygon","arcs":[[-624,814,815,-674,816,817,-790,-767,818,819,820,821]],"properties":{"anthrome":53}},{"type":"Polygon","arcs":[[822]],"properties":{"anthrome":61}},{"type":"Polygon","arcs":[[823,824]],"properties":{"anthrome":62}},{"type":"Polygon","arcs":[[825]],"properties":{"anthrome":53}},{"type":"Polygon","arcs":[[826,827]],"properties":{"anthrome":61}},{"type":"Polygon","arcs":[[828,829,830,-827]],"properties":{"anthrome":53}},{"type":"Polygon","arcs":[[831,832,833,-830]],"properties":{"anthrome":61}},{"type":"Polygon","arcs":[[-821,834,-786,835]],"properties":{"anthrome":61}},{"type":"Polygon","arcs":[[836,837]],"properties":{"anthrome":61}},{"type":"Polygon","arcs":[[838]],"properties":{"anthrome":62}},{"type":"Polygon","arcs":[[839,840]],"properties":{"anthrome":62}},{"type":"Polygon","arcs":[[841,842]],"properties":{"anthrome":53}},{"type":"Polygon","arcs":[[843,844]],"properties":{"anthrome":53}},{"type":"Polygon","arcs":[[845]],"properties":{"anthrome":61}},{"type":"Polygon","arcs":[[846]],"properties":{"anthrome":61}},{"type":"Polygon","arcs":[[-781,847,848,849]],"properties":{"anthrome":63}},{"type":"Polygon","arcs":[[850,851,852,-811]],"properties":{"anthrome":54}},{"type":"Polygon","arcs":[[-730,853,-852,854,-809]],"properties":{"anthrome":53}},{"type":"Polygon","arcs":[[855,856]],"properties":{"anthrome":53}},{"type":"Polygon","arcs":[[857]],"properties":{"anthrome":61}},{"type":"Polygon","arcs":[[858]],"properties":{"anthrome":53}},{"type":"Polygon","arcs":[[859]],"properties":{"anthrome":61}},{"type":"Polygon","arcs":[[860,861]],"properties":{"anthrome":61}},{"type":"Polygon","arcs":[[-430,862,-597,863,-759,864,865,866,-824,-715,867,868,-696,869],[-453]],"properties":{"anthrome":61}},{"type":"Polygon","arcs":[[-22,870,-41,871,872,873,874,-355,875,876,877,878,879,880,881,882,883,884,-69,885,-39,886],[-48],[-70],[-176],[887,888],[889],[-220],[-253],[-469],[-470],[-542],[-652]],"properties":{"anthrome":62}},{"type":"Polygon","arcs":[[-787,890,891]],"properties":{"anthrome":61}},{"type":"Polygon","arcs":[[892]],"properties":{"anthrome":62}},{"type":"Polygon","arcs":[[893,-866]],"properties":{"anthrome":62}},{"type":"Polygon","arcs":[[894,895]],"properties":{"anthrome":53}},{"type":"Polygon","arcs":[[896,897,898]],"properties":{"anthrome":53}},{"type":"Polygon","arcs":[[899,900]],"properties":{"anthrome":53}},{"type":"Polygon","arcs":[[901]],"properties":{"anthrome":61}},{"type":"Polygon","arcs":[[-812,902,903,904]],"properties":{"anthrome":54}},{"type":"Polygon","arcs":[[-853,905,-903]],"properties":{"anthrome":53}},{"type":"Polygon","arcs":[[906]],"properties":{"anthrome":62}},{"type":"Polygon","arcs":[[907]],"properties":{"anthrome":61}},{"type":"Polygon","arcs":[[908]],"properties":{"anthrome":61}},{"type":"Polygon","arcs":[[909]],"properties":{"anthrome":62}},{"type":"Polygon","arcs":[[910]],"properties":{"anthrome":62}},{"type":"Polygon","arcs":[[911]],"properties":{"anthrome":62}},{"type":"Polygon","arcs":[[912]],"properties":{"anthrome":61}},{"type":"Polygon","arcs":[[913,914]],"properties":{"anthrome":61}},{"type":"Polygon","arcs":[[915]],"properties":{"anthrome":62}},{"type":"Polygon","arcs":[[916]],"properties":{"anthrome":62}},{"type":"Polygon","arcs":[[917,918,919,920,921,922,923,924,925,-705]],"properties":{"anthrome":63}},{"type":"Polygon","arcs":[[926,927,928]],"properties":{"anthrome":54}},{"type":"Polygon","arcs":[[929,-666,930,-669,931,-700,932,933,934,935,-928,-927,936],[-847]],"properties":{"anthrome":53}},{"type":"Polygon","arcs":[[937]],"properties":{"anthrome":53}},{"type":"Polygon","arcs":[[938]],"properties":{"anthrome":53}},{"type":"Polygon","arcs":[[939,940,941]],"properties":{"anthrome":53}},{"type":"Polygon","arcs":[[942]],"properties":{"anthrome":53}},{"type":"Polygon","arcs":[[943,944]],"properties":{"anthrome":53}},{"type":"Polygon","arcs":[[945,946,947,948]],"properties":{"anthrome":63}},{"type":"Polygon","arcs":[[949,-923,950,951]],"properties":{"anthrome":53}},{"type":"Polygon","arcs":[[952,-921]],"properties":{"anthrome":54}},{"type":"Polygon","arcs":[[953,954]],"properties":{"anthrome":61}},{"type":"Polygon","arcs":[[955]],"properties":{"anthrome":61}},{"type":"Polygon","arcs":[[956]],"properties":{"anthrome":62}},{"type":"Polygon","arcs":[[957]],"properties":{"anthrome":62}},{"type":"Polygon","arcs":[[958]],"properties":{"anthrome":61}},{"type":"Polygon","arcs":[[959,-925,960,-952,961,962,963,964,-848,-784]],"properties":{"anthrome":62}},{"type":"Polygon","arcs":[[965]],"properties":{"anthrome":62}},{"type":"Polygon","arcs":[[966,967,968,969,970]],"properties":{"anthrome":62}},{"type":"Polygon","arcs":[[971]],"properties":{"anthrome":61}},{"type":"Polygon","arcs":[[972]],"properties":{"anthrome":62}},{"type":"Polygon","arcs":[[-970,973,974]],"properties":{"anthrome":63}},{"type":"Polygon","arcs":[[975]],"properties":{"anthrome":53}},{"type":"Polygon","arcs":[[976]],"properties":{"anthrome":63}},{"type":"Polygon","arcs":[[977,978,979,-963]],"properties":{"anthrome":53}},{"type":"Polygon","arcs":[[980,981,982,-979]],"properties":{"anthrome":63}},{"type":"Polygon","arcs":[[983,-982]],"properties":{"anthrome":62}},{"type":"Polygon","arcs":[[984,985]],"properties":{"anthrome":61}},{"type":"Polygon","arcs":[[986,987]],"properties":{"anthrome":61}},{"type":"Polygon","arcs":[[988]],"properties":{"anthrome":61}},{"type":"Polygon","arcs":[[989]],"properties":{"anthrome":61}},{"type":"Polygon","arcs":[[990,991,992]],"properties":{"anthrome":61}},{"type":"Polygon","arcs":[[993,994,995,996]],"properties":{"anthrome":61}},{"type":"Polygon","arcs":[[997,998,999,-995]],"properties":{"anthrome":62}},{"type":"Polygon","arcs":[[1000]],"properties":{"anthrome":61}},{"type":"Polygon","arcs":[[1001]],"properties":{"anthrome":53}},{"type":"Polygon","arcs":[[1002,1003]],"properties":{"anthrome":53}},{"type":"Polygon","arcs":[[1004,1005,1006,1007,1008,1009,1010]],"properties":{"anthrome":63}},{"type":"Polygon","arcs":[[1011,1012,-1007]],"properties":{"anthrome":61}},{"type":"Polygon","arcs":[[1013,1014,1015]],"properties":{"anthrome":61}},{"type":"Polygon","arcs":[[1016,1017]],"properties":{"anthrome":61}},{"type":"Polygon","arcs":[[1018,1019]],"properties":{"anthrome":61}},{"type":"Polygon","arcs":[[1020]],"properties":{"anthrome":61}},{"type":"Polygon","arcs":[[1021]],"properties":{"anthrome":61}},{"type":"Polygon","arcs":[[1022]],"properties":{"anthrome":61}},{"type":"Polygon","arcs":[[1023]],"properties":{"anthrome":61}},{"type":"Polygon","arcs":[[1024]],"properties":{"anthrome":61}},{"type":"Polygon","arcs":[[1025]],"properties":{"anthrome":61}},{"type":"Polygon","arcs":[[1026]],"properties":{"anthrome":53}},{"type":"Polygon","arcs":[[1027]],"properties":{"anthrome":61}},{"type":"Polygon","arcs":[[1028]],"properties":{"anthrome":63}},{"type":"Polygon","arcs":[[1029,1030]],"properties":{"anthrome":61}},{"type":"Polygon","arcs":[[1031,1032]],"properties":{"anthrome":62}},{"type":"Polygon","arcs":[[1033,1034]],"properties":{"anthrome":62}},{"type":"Polygon","arcs":[[1035,1036]],"properties":{"anthrome":62}},{"type":"Polygon","arcs":[[1037,1038,1039,1040,1041]],"properties":{"anthrome":53}},{"type":"Polygon","arcs":[[1042]],"properties":{"anthrome":53}},{"type":"Polygon","arcs":[[1043,1044,1045]],"properties":{"anthrome":63}},{"type":"Polygon","arcs":[[1046,1047]],"properties":{"anthrome":62}},{"type":"Polygon","arcs":[[1048,1049]],"properties":{"anthrome":61}},{"type":"Polygon","arcs":[[1050]],"properties":{"anthrome":61}},{"type":"Polygon","arcs":[[1051]],"properties":{"anthrome":61}},{"type":"Polygon","arcs":[[1052]],"properties":{"anthrome":62}},{"type":"Polygon","arcs":[[1053]],"properties":{"anthrome":61}},{"type":"Polygon","arcs":[[1054]],"properties":{"anthrome":61}},{"type":"Polygon","arcs":[[1055]],"properties":{"anthrome":62}},{"type":"Polygon","arcs":[[1056,-945,1057,-949,1058,1059,1060,1061,1062,1063,1064,-1014,1065]],"properties":{"anthrome":62}},{"type":"Polygon","arcs":[[1066]],"properties":{"anthrome":62}},{"type":"Polygon","arcs":[[1067]],"properties":{"anthrome":62}},{"type":"Polygon","arcs":[[1068,1069,1070]],"properties":{"anthrome":62}},{"type":"Polygon","arcs":[[1071]],"properties":{"anthrome":61}},{"type":"Polygon","arcs":[[1072,-1062,1073,1074]],"properties":{"anthrome":63}},{"type":"Polygon","arcs":[[-1045,1075,1076,1077]],"properties":{"anthrome":62}},{"type":"Polygon","arcs":[[1078,1079,1080,-1076]],"properties":{"anthrome":63}},{"type":"Polygon","arcs":[[1081,1082,-1080]],"properties":{"anthrome":62}},{"type":"Polygon","arcs":[[1083]],"properties":{"anthrome":62}},{"type":"Polygon","arcs":[[1084]],"properties":{"anthrome":54}},{"type":"Polygon","arcs":[[1085]],"properties":{"anthrome":61}},{"type":"Polygon","arcs":[[1086,1087]],"properties":{"anthrome":63}},{"type":"Polygon","arcs":[[1088]],"properties":{"anthrome":61}},{"type":"Polygon","arcs":[[1089]],"properties":{"anthrome":62}},{"type":"Polygon","arcs":[[1090]],"properties":{"anthrome":61}},{"type":"Polygon","arcs":[[1091]],"properties":{"anthrome":62}},{"type":"Polygon","arcs":[[1092,1093,1094,1095]],"properties":{"anthrome":63}},{"type":"Polygon","arcs":[[1096]],"properties":{"anthrome":54}},{"type":"Polygon","arcs":[[1097,1098]],"properties":{"anthrome":62}},{"type":"Polygon","arcs":[[1099,-1004,-1040,1100,-1071,1101,1102,-1098,-1036,1103]],"properties":{"anthrome":54}},{"type":"Polygon","arcs":[[1104,1105,1106,1107],[-956],[-987,-988],[-1023],[-1054]],"properties":{"anthrome":62}},{"type":"Polygon","arcs":[[1108,1109]],"properties":{"anthrome":61}},{"type":"Polygon","arcs":[[1110,1111,1112,1113]],"properties":{"anthrome":62}},{"type":"Polygon","arcs":[[1114]],"properties":{"anthrome":62}},{"type":"Polygon","arcs":[[1115,1116]],"properties":{"anthrome":62}},{"type":"Polygon","arcs":[[1117]],"properties":{"anthrome":62}},{"type":"Polygon","arcs":[[-1095,1118]],"properties":{"anthrome":62}},{"type":"Polygon","arcs":[[1119,1120,1121]],"properties":{"anthrome":61}},{"type":"Polygon","arcs":[[1122]],"properties":{"anthrome":53}},{"type":"Polygon","arcs":[[1123]],"properties":{"anthrome":61}},{"type":"Polygon","arcs":[[1124,1125,1126,1127]],"properties":{"anthrome":53}},{"type":"Polygon","arcs":[[1128,1129,1130]],"properties":{"anthrome":61}},{"type":"Polygon","arcs":[[1131]],"properties":{"anthrome":61}},{"type":"Polygon","arcs":[[1132,1133]],"properties":{"anthrome":61}},{"type":"Polygon","arcs":[[1134,1135]],"properties":{"anthrome":61}},{"type":"Polygon","arcs":[[1136,1137,1138]],"properties":{"anthrome":61}},{"type":"Polygon","arcs":[[1139]],"properties":{"anthrome":61}},{"type":"Polygon","arcs":[[-1061,1140,1141,1142,1143,1144]],"properties":{"anthrome":63}},{"type":"Polygon","arcs":[[1145,1146]],"properties":{"anthrome":61}},{"type":"Polygon","arcs":[[1147,1148,1149]],"properties":{"anthrome":62}},{"type":"Polygon","arcs":[[1150,1151,1152,1153]],"properties":{"anthrome":54}},{"type":"Polygon","arcs":[[1154,1155,1156,-1152]],"properties":{"anthrome":53}},{"type":"Polygon","arcs":[[1157,1158,1159]],"properties":{"anthrome":63}},{"type":"Polygon","arcs":[[-1074,-1145,1160,1161,1162,1163]],"properties":{"anthrome":54}},{"type":"Polygon","arcs":[[1164,-1143]],"properties":{"anthrome":62}},{"type":"Polygon","arcs":[[1165,1166,1167]],"properties":{"anthrome":62}},{"type":"Polygon","arcs":[[1168]],"properties":{"anthrome":62}},{"type":"Polygon","arcs":[[1169]],"properties":{"anthrome":53}},{"type":"Polygon","arcs":[[1170,1171]],"properties":{"anthrome":63}},{"type":"Polygon","arcs":[[1172]],"properties":{"anthrome":62}},{"type":"Polygon","arcs":[[1173]],"properties":{"anthrome":61}},{"type":"Polygon","arcs":[[1174,1175,1176]],"properties":{"anthrome":53}},{"type":"Polygon","arcs":[[1177,1178,1179,1180]],"properties":{"anthrome":61}},{"type":"Polygon","arcs":[[1181,1182,1183,-1179]],"properties":{"anthrome":53}},{"type":"Polygon","arcs":[[-1130,1184,1185,1186]],"properties":{"anthrome":54}},{"type":"Polygon","arcs":[[1187]],"properties":{"anthrome":62}},{"type":"Polygon","arcs":[[1188]],"properties":{"anthrome":61}},{"type":"Polygon","arcs":[[1189,1190,-1088,1191,1192,-1129,1193,1194,-1183,1195,1196,1197,1198,1199,1200,1201,1202,-1125,1203,1204],[-1085],[-1086]],"properties":{"anthrome":62}},{"type":"Polygon","arcs":[[1205,1206,-746,1207,1208,1209,1210,-993,-992,-1138,-1133,1211,1212,1213,1214,-771,1215,1216],[-861,-862],[-913],[-915,-914],[-959],[-1030,-1031],[-1089],[-1132],[-1189]],"properties":{"anthrome":62}},{"type":"Polygon","arcs":[[1217]],"properties":{"anthrome":61}},{"type":"Polygon","arcs":[[1218,-1110,1219,1220,1221,1222,1223,1224,-1141]],"properties":{"anthrome":62}},{"type":"Polygon","arcs":[[1225,-1223]],"properties":{"anthrome":63}},{"type":"Polygon","arcs":[[1226]],"properties":{"anthrome":62}},{"type":"Polygon","arcs":[[1227]],"properties":{"anthrome":53}},{"type":"Polygon","arcs":[[1228,-1199]],"properties":{"anthrome":53}},{"type":"Polygon","arcs":[[1229,1230,1231]],"properties":{"anthrome":62}},{"type":"Polygon","arcs":[[1232]],"properties":{"anthrome":62}},{"type":"Polygon","arcs":[[1233]],"properties":{"anthrome":62}},{"type":"Polygon","arcs":[[1234,1235,1236,1237]],"properties":{"anthrome":62}},{"type":"Polygon","arcs":[[1238,1239]],"properties":{"anthrome":53}},{"type":"Polygon","arcs":[[1240,1241]],"properties":{"anthrome":61}},{"type":"Polygon","arcs":[[1242]],"properties":{"anthrome":61}},{"type":"Polygon","arcs":[[1243]],"properties":{"anthrome":62}},{"type":"Polygon","arcs":[[1244]],"properties":{"anthrome":53}},{"type":"Polygon","arcs":[[1245,1246]],"properties":{"anthrome":53}},{"type":"Polygon","arcs":[[1247]],"properties":{"anthrome":53}},{"type":"Polygon","arcs":[[-1180,1248,1249,1250]],"properties":{"anthrome":53}},{"type":"Polygon","arcs":[[1251]],"properties":{"anthrome":62}},{"type":"Polygon","arcs":[[1252,-1213]],"properties":{"anthrome":61}},{"type":"Polygon","arcs":[[1253,-1139,-991,1254]],"properties":{"anthrome":62}},{"type":"Polygon","arcs":[[1255,-113,1256,-131,1257,1258,1259,1260,-120,1261,-55,1262,-124,1263,1264,-137,1265,-111,1266,1267,1268,-28,1269,-35,1270,-31,1271,-11,1272,-9,1273],[1274],[-19,-18,-17,-16,1275],[-5],[-7],[-37],[-56],[1276],[-65,1277],[-67],[-77],[1278],[1279],[1280],[1281]],"properties":{"anthrome":63}},{"type":"Polygon","arcs":[[1282,1283,-1160,1284,1285,1286,1287,1288,1289]],"properties":{"anthrome":62}},{"type":"Polygon","arcs":[[1290,1291]],"properties":{"anthrome":53}},{"type":"Polygon","arcs":[[1292,1293,1294]],"properties":{"anthrome":54}},{"type":"Polygon","arcs":[[1295,1296,1297,1298]],"properties":{"anthrome":53}},{"type":"Polygon","arcs":[[1299,1300,1301,1302]],"properties":{"anthrome":63}},{"type":"Polygon","arcs":[[-1144,1303,-1301]],"properties":{"anthrome":62}},{"type":"Polygon","arcs":[[1304]],"properties":{"anthrome":62}},{"type":"Polygon","arcs":[[1305,1306]],"properties":{"anthrome":53}},{"type":"Polygon","arcs":[[1307]],"properties":{"anthrome":53}},{"type":"Polygon","arcs":[[-1200,1308,1309]],"properties":{"anthrome":53}},{"type":"Polygon","arcs":[[1310,1311]],"properties":{"anthrome":62}},{"type":"Polygon","arcs":[[1312]],"properties":{"anthrome":61}},{"type":"Polygon","arcs":[[1313]],"properties":{"anthrome":54}},{"type":"Polygon","arcs":[[1314]],"properties":{"anthrome":62}},{"type":"Polygon","arcs":[[1315,1316,1317,-1288]],"properties":{"anthrome":63}},{"type":"Polygon","arcs":[[-1008,1318,1319,1320,-1317,1321,-1286,1322,1323]],"properties":{"anthrome":61}},{"type":"Polygon","arcs":[[-1237,1324,1325,1326]],"properties":{"anthrome":54}},{"type":"Polygon","arcs":[[1327,1328,1329]],"properties":{"anthrome":61}},{"type":"Polygon","arcs":[[1330,1331,1332,1333]],"properties":{"anthrome":61}},{"type":"Polygon","arcs":[[1334,1335,1336,-1332]],"properties":{"anthrome":62}},{"type":"Polygon","arcs":[[1337,1338]],"properties":{"anthrome":61}},{"type":"Polygon","arcs":[[1339,1340,1341]],"properties":{"anthrome":61}},{"type":"Polygon","arcs":[[1342,1343]],"properties":{"anthrome":61}},{"type":"Polygon","arcs":[[1344,1345]],"properties":{"anthrome":61}},{"type":"Polygon","arcs":[[1346]],"properties":{"anthrome":53}},{"type":"Polygon","arcs":[[1347]],"properties":{"anthrome":53}},{"type":"Polygon","arcs":[[1348]],"properties":{"anthrome":53}},{"type":"Polygon","arcs":[[1349]],"properties":{"anthrome":53}},{"type":"Polygon","arcs":[[1350]],"properties":{"anthrome":62}},{"type":"Polygon","arcs":[[1351,1352,1353],[-1140]],"properties":{"anthrome":62}},{"type":"Polygon","arcs":[[1354,-1154,-1296,1355,1356,1357],[-1314]],"properties":{"anthrome":62}},{"type":"Polygon","arcs":[[-1295,1358,1359,1360]],"properties":{"anthrome":53}},{"type":"Polygon","arcs":[[1361,1362]],"properties":{"anthrome":61}},{"type":"Polygon","arcs":[[1363,-1114,1364,-1168,1365,1366,1367,1368,1369,-1336,1370,-1334,1371,-1329,1372,-1221]],"properties":{"anthrome":63}},{"type":"Polygon","arcs":[[1373]],"properties":{"anthrome":61}},{"type":"Polygon","arcs":[[1374]],"properties":{"anthrome":53}},{"type":"Polygon","arcs":[[1375]],"properties":{"anthrome":53}},{"type":"Polygon","arcs":[[1376]],"properties":{"anthrome":53}},{"type":"Polygon","arcs":[[1377,1378]],"properties":{"anthrome":53}},{"type":"Polygon","arcs":[[1379,-1360]],"properties":{"anthrome":61}},{"type":"Polygon","arcs":[[-1298,1380,1381]],"properties":{"anthrome":54}},{"type":"Polygon","arcs":[[1382,1383]],"properties":{"anthrome":53}},{"type":"Polygon","arcs":[[1384,-1327,1385,1386,1387,1388,1389]],"properties":{"anthrome":63}},{"type":"Polygon","arcs":[[1390,1391,-1387]],"properties":{"anthrome":62}},{"type":"Polygon","arcs":[[-1369,1392]],"properties":{"anthrome":61}},{"type":"Polygon","arcs":[[1393]],"properties":{"anthrome":63}},{"type":"Polygon","arcs":[[1394]],"properties":{"anthrome":61}},{"type":"Polygon","arcs":[[-1306,1395]],"properties":{"anthrome":61}},{"type":"Polygon","arcs":[[1396]],"properties":{"anthrome":61}},{"type":"Polygon","arcs":[[1397]],"properties":{"anthrome":61}},{"type":"Polygon","arcs":[[1398]],"properties":{"anthrome":53}},{"type":"Polygon","arcs":[[1399]],"properties":{"anthrome":53}},{"type":"Polygon","arcs":[[1400,1401]],"properties":{"anthrome":62}},{"type":"Polygon","arcs":[[1402,-1016,1403,-1064,1404,1405,-1163,1406,-1385,1407,1408,1409,1410,-1320,-1319,-1013],[-1072]],"properties":{"anthrome":53}},{"type":"Polygon","arcs":[[1411,1412,1413,1414,1415,1416,1417,1418,1419]],"properties":{"anthrome":62}},{"type":"Polygon","arcs":[[1420,-1367]],"properties":{"anthrome":61}},{"type":"Polygon","arcs":[[1421]],"properties":{"anthrome":53}},{"type":"Polygon","arcs":[[1422,1423,-160,1424,-172,-144,1425,1426,-210,1427,-237,1428,1429,-174,1430,-147,1431,-156,-1265,1432,-274,1433,1434,-1260,-1259,1435,-149,1436,-766,1437,-1096,1438,1439,1440,-1171,1441,-656,1442,-605,1443,-565,1444,1445,-778,1446,1447,1448,1449,1450,1451,1452,-532,1453,1454],[-164,-163,-165],[-168],[-169],[-170],[-211],[-288],[-289],[1455],[1456],[-382],[-433],[1457],[1458],[-456],[-457],[-512],[-560],[-604],[-823],[1459],[-846],[1460,1461],[-902],[1462],[-977],[-1029]],"properties":{"anthrome":62}},{"type":"Polygon","arcs":[[1463,1464]],"properties":{"anthrome":61}},{"type":"Polygon","arcs":[[1465,1466,1467,1468]],"properties":{"anthrome":53}},{"type":"Polygon","arcs":[[1469]],"properties":{"anthrome":53}},{"type":"Polygon","arcs":[[1470,-1389,1471,-1409]],"properties":{"anthrome":61}},{"type":"Polygon","arcs":[[1472,1473,1474]],"properties":{"anthrome":62}},{"type":"Polygon","arcs":[[1475,1476]],"properties":{"anthrome":62}},{"type":"Polygon","arcs":[[1477]],"properties":{"anthrome":62}},{"type":"Polygon","arcs":[[1478]],"properties":{"anthrome":61}},{"type":"Polygon","arcs":[[1479]],"properties":{"anthrome":54}},{"type":"Polygon","arcs":[[1480]],"properties":{"anthrome":61}},{"type":"Polygon","arcs":[[1481,1482]],"properties":{"anthrome":53}},{"type":"Polygon","arcs":[[1483,1484]],"properties":{"anthrome":53}},{"type":"Polygon","arcs":[[1485,1486,1487,-1467]],"properties":{"anthrome":54}},{"type":"Polygon","arcs":[[1488,1489,1490,-1487]],"properties":{"anthrome":53}},{"type":"Polygon","arcs":[[1491,1492]],"properties":{"anthrome":62}},{"type":"Polygon","arcs":[[1493,1494,1495,1496,1497,1498],[-990],[-1026]],"properties":{"anthrome":53}},{"type":"Polygon","arcs":[[1499,1500]],"properties":{"anthrome":63}},{"type":"Polygon","arcs":[[1501,1502]],"properties":{"anthrome":54}},{"type":"Polygon","arcs":[[1503,-1475,1504,1505,1506]],"properties":{"anthrome":63}},{"type":"Polygon","arcs":[[1507]],"properties":{"anthrome":53}},{"type":"Polygon","arcs":[[1508]],"properties":{"anthrome":61}},{"type":"Polygon","arcs":[[1509]],"properties":{"anthrome":61}},{"type":"Polygon","arcs":[[1510,1511,1512]],"properties":{"anthrome":53}},{"type":"Polygon","arcs":[[1513]],"properties":{"anthrome":53}},{"type":"Polygon","arcs":[[1514]],"properties":{"anthrome":53}},{"type":"Polygon","arcs":[[1515,1516]],"properties":{"anthrome":62}},{"type":"Polygon","arcs":[[1517,1518]],"properties":{"anthrome":62}},{"type":"Polygon","arcs":[[1519,1520]],"properties":{"anthrome":61}},{"type":"Polygon","arcs":[[1521,1522]],"properties":{"anthrome":61}},{"type":"Polygon","arcs":[[1523]],"properties":{"anthrome":61}},{"type":"Polygon","arcs":[[1524]],"properties":{"anthrome":61}},{"type":"Polygon","arcs":[[1525]],"properties":{"anthrome":61}},{"type":"Polygon","arcs":[[1526]],"properties":{"anthrome":61}},{"type":"Polygon","arcs":[[1527]],"properties":{"anthrome":61}},{"type":"Polygon","arcs":[[1528]],"properties":{"anthrome":61}},{"type":"Polygon","arcs":[[1529,1530]],"properties":{"anthrome":53}},{"type":"Polygon","arcs":[[1531,1532]],"properties":{"anthrome":62}},{"type":"Polygon","arcs":[[1533,1534,1535]],"properties":{"anthrome":62}},{"type":"Polygon","arcs":[[1536,1537]],"properties":{"anthrome":53}},{"type":"Polygon","arcs":[[1538,1539,1540,1541]],"properties":{"anthrome":53}},{"type":"Polygon","arcs":[[1542]],"properties":{"anthrome":63}},{"type":"Polygon","arcs":[[1543]],"properties":{"anthrome":61}},{"type":"Polygon","arcs":[[1544,1545,1546]],"properties":{"anthrome":53}},{"type":"Polygon","arcs":[[1547,1548]],"properties":{"anthrome":53}},{"type":"Polygon","arcs":[[1549]],"properties":{"anthrome":53}},{"type":"Polygon","arcs":[[1550,1551]],"properties":{"anthrome":61}},{"type":"Polygon","arcs":[[1552,1553,1554]],"properties":{"anthrome":61}},{"type":"Polygon","arcs":[[1555]],"properties":{"anthrome":61}},{"type":"Polygon","arcs":[[1556,1557]],"properties":{"anthrome":54}},{"type":"Polygon","arcs":[[1558]],"properties":{"anthrome":62}},{"type":"Polygon","arcs":[[1559,1560,1561]],"properties":{"anthrome":54}},{"type":"Polygon","arcs":[[1562,1563]],"properties":{"anthrome":54}},{"type":"Polygon","arcs":[[1564,1565]],"properties":{"anthrome":54}},{"type":"Polygon","arcs":[[1566,1567,1568,1569]],"properties":{"anthrome":53}},{"type":"Polygon","arcs":[[1570,1571,1572,-1568]],"properties":{"anthrome":62}},{"type":"Polygon","arcs":[[1573]],"properties":{"anthrome":54}},{"type":"Polygon","arcs":[[1574,1575,-1338,1576]],"properties":{"anthrome":62}},{"type":"Polygon","arcs":[[1577]],"properties":{"anthrome":62}},{"type":"Polygon","arcs":[[1578,1579,1580,1581,-1507,1582,-1503,1583,1584,1585,-1500,-1366]],"properties":{"anthrome":62}},{"type":"Polygon","arcs":[[1586,1587,1588,1589,-1505]],"properties":{"anthrome":62}},{"type":"Polygon","arcs":[[1590,1591]],"properties":{"anthrome":61}},{"type":"Polygon","arcs":[[1592,1593,1594]],"properties":{"anthrome":53}},{"type":"Polygon","arcs":[[1595,1596,1597]],"properties":{"anthrome":62}},{"type":"Polygon","arcs":[[1598]],"properties":{"anthrome":62}},{"type":"Polygon","arcs":[[1599]],"properties":{"anthrome":62}},{"type":"Polygon","arcs":[[1600,1601]],"properties":{"anthrome":62}},{"type":"Polygon","arcs":[[1602,1603]],"properties":{"anthrome":61}},{"type":"Polygon","arcs":[[1604,1605,1606]],"properties":{"anthrome":61}},{"type":"Polygon","arcs":[[1607,1608]],"properties":{"anthrome":61}},{"type":"Polygon","arcs":[[1609,1610]],"properties":{"anthrome":53}},{"type":"Polygon","arcs":[[1611]],"properties":{"anthrome":61}},{"type":"Polygon","arcs":[[1612,1613,1614]],"properties":{"anthrome":54}},{"type":"Polygon","arcs":[[1615,1616,1617,1618]],"properties":{"anthrome":62}},{"type":"Polygon","arcs":[[1619,1620,-1617]],"properties":{"anthrome":54}},{"type":"Polygon","arcs":[[1621,1622]],"properties":{"anthrome":54}},{"type":"Polygon","arcs":[[1623,1624,1625]],"properties":{"anthrome":62}},{"type":"Polygon","arcs":[[1626,1627,1628,-1624,-1565,1629]],"properties":{"anthrome":53}},{"type":"Polygon","arcs":[[1630,1631,-1628]],"properties":{"anthrome":61}},{"type":"Polygon","arcs":[[1632,1633,1634,1635]],"properties":{"anthrome":54}},{"type":"Polygon","arcs":[[1636,1637,1638]],"properties":{"anthrome":53}},{"type":"Polygon","arcs":[[1639,1640,1641,1642]],"properties":{"anthrome":54}},{"type":"Polygon","arcs":[[1643,1644,1645,1646,1647,1648,1649,1650,1651,-1572]],"properties":{"anthrome":54}},{"type":"Polygon","arcs":[[1652,1653,1654,1655]],"properties":{"anthrome":62}},{"type":"Polygon","arcs":[[1656,1657]],"properties":{"anthrome":62}},{"type":"Polygon","arcs":[[1658]],"properties":{"anthrome":61}},{"type":"Polygon","arcs":[[1659]],"properties":{"anthrome":61}},{"type":"Polygon","arcs":[[1660]],"properties":{"anthrome":61}},{"type":"Polygon","arcs":[[1661,1662]],"properties":{"anthrome":61}},{"type":"Polygon","arcs":[[1663]],"properties":{"anthrome":61}},{"type":"Polygon","arcs":[[1664]],"properties":{"anthrome":54}},{"type":"Polygon","arcs":[[1665]],"properties":{"anthrome":53}},{"type":"Polygon","arcs":[[1666]],"properties":{"anthrome":61}},{"type":"Polygon","arcs":[[-1610,1667,1668]],"properties":{"anthrome":61}},{"type":"Polygon","arcs":[[-1618,1669,1670,1671]],"properties":{"anthrome":54}},{"type":"Polygon","arcs":[[1672,1673]],"properties":{"anthrome":54}},{"type":"Polygon","arcs":[[1674,1675,1676,1677]],"properties":{"anthrome":53}},{"type":"Polygon","arcs":[[1678,1679,1680,-1676]],"properties":{"anthrome":54}},{"type":"Polygon","arcs":[[1681,1682,1683]],"properties":{"anthrome":62}},{"type":"Polygon","arcs":[[1684,1685,1686,1687,-1653,-1588]],"properties":{"anthrome":63}},{"type":"Polygon","arcs":[[-1663,1688,1689]],"properties":{"anthrome":53}},{"type":"Polygon","arcs":[[1690]],"properties":{"anthrome":54}},{"type":"Polygon","arcs":[[1691,1692,1693]],"properties":{"anthrome":54}},{"type":"Polygon","arcs":[[1694,1695,1696]],"properties":{"anthrome":53}},{"type":"Polygon","arcs":[[1697,1698,1699]],"properties":{"anthrome":62}},{"type":"Polygon","arcs":[[1700,1701,1702]],"properties":{"anthrome":54}},{"type":"Polygon","arcs":[[-1655,1703,1704,1705]],"properties":{"anthrome":53}},{"type":"Polygon","arcs":[[1706]],"properties":{"anthrome":63}},{"type":"Polygon","arcs":[[1707]],"properties":{"anthrome":62}},{"type":"Polygon","arcs":[[1708]],"properties":{"anthrome":53}},{"type":"Polygon","arcs":[[1709,1710]],"properties":{"anthrome":63}},{"type":"Polygon","arcs":[[1711,-1689]],"properties":{"anthrome":61}},{"type":"Polygon","arcs":[[1712,1713,1714,1715]],"properties":{"anthrome":62}},{"type":"Polygon","arcs":[[1716]],"properties":{"anthrome":61}},{"type":"Polygon","arcs":[[1717,1718,1719]],"properties":{"anthrome":54}},{"type":"Polygon","arcs":[[1720,1721,1722,1723]],"properties":{"anthrome":61}},{"type":"Polygon","arcs":[[1724,1725,1726,1727]],"properties":{"anthrome":54}},{"type":"Polygon","arcs":[[1728,1729,1730,-1726]],"properties":{"anthrome":62}},{"type":"Polygon","arcs":[[1731,-1562,1732,1733]],"properties":{"anthrome":53}},{"type":"Polygon","arcs":[[1734]],"properties":{"anthrome":62}},{"type":"Polygon","arcs":[[1735,1736,-1703,1737,1738]],"properties":{"anthrome":62}},{"type":"Polygon","arcs":[[1739,1740]],"properties":{"anthrome":61}},{"type":"Polygon","arcs":[[1741,-1636,1742,-1678,1743,1744,1745,-1631]],"properties":{"anthrome":62}},{"type":"Polygon","arcs":[[1746,1747,1748,1749,-1541,1750,1751]],"properties":{"anthrome":62}},{"type":"Polygon","arcs":[[1752,1753,1754,1755]],"properties":{"anthrome":53}},{"type":"Polygon","arcs":[[1756]],"properties":{"anthrome":53}},{"type":"Polygon","arcs":[[1757,1758,1759,1760]],"properties":{"anthrome":54}},{"type":"Polygon","arcs":[[1761,1762,1763]],"properties":{"anthrome":54}},{"type":"Polygon","arcs":[[1764,1765]],"properties":{"anthrome":53}},{"type":"Polygon","arcs":[[1766,1767,1768]],"properties":{"anthrome":62}},{"type":"Polygon","arcs":[[1769,1770,1771,1772]],"properties":{"anthrome":62}},{"type":"Polygon","arcs":[[1773]],"properties":{"anthrome":62}},{"type":"Polygon","arcs":[[1774,1775,1776,1777,1778]],"properties":{"anthrome":54}},{"type":"Polygon","arcs":[[-1720,1779,-1769,1780,1781,1782,-1775]],"properties":{"anthrome":53}},{"type":"Polygon","arcs":[[1783,-1649,1784,1785,1786,-1680]],"properties":{"anthrome":62}},{"type":"Polygon","arcs":[[-1710,1787,1788]],"properties":{"anthrome":62}},{"type":"Polygon","arcs":[[1789,1790,1791,-1788]],"properties":{"anthrome":61}},{"type":"Polygon","arcs":[[1792,-1791]],"properties":{"anthrome":62}},{"type":"Polygon","arcs":[[1793,1794,1795,1796]],"properties":{"anthrome":53}},{"type":"Polygon","arcs":[[1797,1798,1799]],"properties":{"anthrome":61}},{"type":"Polygon","arcs":[[1800,-1549,1801,-1589,1802,1803,-1756,1804,1805,1806,1807,-1736,1808,-1546]],"properties":{"anthrome":61}},{"type":"Polygon","arcs":[[1809,1810]],"properties":{"anthrome":63}},{"type":"Polygon","arcs":[[1811]],"properties":{"anthrome":53}},{"type":"Polygon","arcs":[[1812,1813]],"properties":{"anthrome":61}},{"type":"Polygon","arcs":[[1814,1815,1816,1817]],"properties":{"anthrome":53}},{"type":"Polygon","arcs":[[1818,1819,1820,-1816,1821,1822,1823,1824],[-1666],[-1757]],"properties":{"anthrome":61}},{"type":"Polygon","arcs":[[-1760,1825,1826]],"properties":{"anthrome":62}},{"type":"Polygon","arcs":[[1827,1828,1829]],"properties":{"anthrome":62}},{"type":"Polygon","arcs":[[1830,1831]],"properties":{"anthrome":62}},{"type":"Polygon","arcs":[[1832,1833,-1811,1834,1835,1836,1837,1838,-1685],[-1707]],"properties":{"anthrome":62}},{"type":"Polygon","arcs":[[1839,1840]],"properties":{"anthrome":53}},{"type":"Polygon","arcs":[[1841]],"properties":{"anthrome":62}},{"type":"Polygon","arcs":[[1842,-1837,1843]],"properties":{"anthrome":61}},{"type":"Polygon","arcs":[[1844,1845,1846,1847,1848]],"properties":{"anthrome":54}},{"type":"Polygon","arcs":[[1849,1850]],"properties":{"anthrome":61}},{"type":"Polygon","arcs":[[1851,1852,1853]],"properties":{"anthrome":54}},{"type":"Polygon","arcs":[[1854,1855]],"properties":{"anthrome":61}},{"type":"Polygon","arcs":[[1856,1857,1858]],"properties":{"anthrome":52}},{"type":"Polygon","arcs":[[1859,1860,1861]],"properties":{"anthrome":53}},{"type":"Polygon","arcs":[[-1829,1862]],"properties":{"anthrome":54}},{"type":"Polygon","arcs":[[1863]],"properties":{"anthrome":62}},{"type":"Polygon","arcs":[[1864]],"properties":{"anthrome":62}},{"type":"Polygon","arcs":[[1865]],"properties":{"anthrome":62}},{"type":"Polygon","arcs":[[1866,-1777,1867,1868,1869,1870]],"properties":{"anthrome":62}},{"type":"Polygon","arcs":[[1871,-1852,1872,1873]],"properties":{"anthrome":53}},{"type":"Polygon","arcs":[[1874,1875]],"properties":{"anthrome":61}},{"type":"Polygon","arcs":[[1876]],"properties":{"anthrome":54}},{"type":"Polygon","arcs":[[1877,1878,1879,1880,1881,-1846]],"properties":{"anthrome":62}},{"type":"Polygon","arcs":[[1882]],"properties":{"anthrome":62}},{"type":"Polygon","arcs":[[1883,1884]],"properties":{"anthrome":62}},{"type":"Polygon","arcs":[[1885,1886]],"properties":{"anthrome":61}},{"type":"Polygon","arcs":[[1887,1888,1889,1890]],"properties":{"anthrome":63}},{"type":"Polygon","arcs":[[1891,1892,1893,-1889]],"properties":{"anthrome":62}},{"type":"Polygon","arcs":[[-1844,1894,-1850,-1805]],"properties":{"anthrome":53}},{"type":"Polygon","arcs":[[1895]],"properties":{"anthrome":62}},{"type":"Polygon","arcs":[[1896]],"properties":{"anthrome":54}},{"type":"Polygon","arcs":[[1897]],"properties":{"anthrome":54}},{"type":"Polygon","arcs":[[1898]],"properties":{"anthrome":54}},{"type":"Polygon","arcs":[[1899]],"properties":{"anthrome":54}},{"type":"Polygon","arcs":[[1900,1901]],"properties":{"anthrome":62}},{"type":"Polygon","arcs":[[1902]],"properties":{"anthrome":61}},{"type":"Polygon","arcs":[[1903]],"properties":{"anthrome":61}},{"type":"Polygon","arcs":[[1904,1905,1906]],"properties":{"anthrome":61}},{"type":"Polygon","arcs":[[1907,-1905]],"properties":{"anthrome":53}},{"type":"Polygon","arcs":[[1908,1909,1910,1911,1912]],"properties":{"anthrome":61}},{"type":"Polygon","arcs":[[1913]],"properties":{"anthrome":52}},{"type":"Polygon","arcs":[[1914]],"properties":{"anthrome":61}},{"type":"Polygon","arcs":[[1915,1916,1917,1918]],"properties":{"anthrome":61}},{"type":"Polygon","arcs":[[1919,1920,1921]],"properties":{"anthrome":61}},{"type":"Polygon","arcs":[[1922]],"properties":{"anthrome":53}},{"type":"Polygon","arcs":[[1923,1924,1925]],"properties":{"anthrome":63}},{"type":"Polygon","arcs":[[1926,-1917,1927,-1925]],"properties":{"anthrome":62}},{"type":"Polygon","arcs":[[1928,1929,1930]],"properties":{"anthrome":62}},{"type":"Polygon","arcs":[[1931]],"properties":{"anthrome":61}},{"type":"Polygon","arcs":[[1932]],"properties":{"anthrome":54}},{"type":"Polygon","arcs":[[1933]],"properties":{"anthrome":53}},{"type":"Polygon","arcs":[[1934]],"properties":{"anthrome":53}},{"type":"Polygon","arcs":[[-1781,1935,-1863,1936,1937,1938,-1920,1939,1940,1941,1942,1943]],"properties":{"anthrome":62}},{"type":"Polygon","arcs":[[1944,1945,-1941]],"properties":{"anthrome":53}},{"type":"Polygon","arcs":[[1946,1947]],"properties":{"anthrome":61}},{"type":"Polygon","arcs":[[-1906,1948,-1947]],"properties":{"anthrome":53}},{"type":"Polygon","arcs":[[1949,1950]],"properties":{"anthrome":53}},{"type":"Polygon","arcs":[[1951,1952,1953]],"properties":{"anthrome":62}},{"type":"Polygon","arcs":[[1954]],"properties":{"anthrome":62}},{"type":"Polygon","arcs":[[1955,-1881,1956,1957,1958]],"properties":{"anthrome":61}},{"type":"Polygon","arcs":[[-1930,1959,1960]],"properties":{"anthrome":53}},{"type":"Polygon","arcs":[[1961,1962]],"properties":{"anthrome":54}},{"type":"Polygon","arcs":[[1963,1964,1965,-1962]],"properties":{"anthrome":61}},{"type":"Polygon","arcs":[[1966]],"properties":{"anthrome":53}},{"type":"Polygon","arcs":[[1967]],"properties":{"anthrome":53}},{"type":"Polygon","arcs":[[1968,1969]],"properties":{"anthrome":54}},{"type":"Polygon","arcs":[[1970,1971,-1969]],"properties":{"anthrome":53}},{"type":"Polygon","arcs":[[1972,1973,1974]],"properties":{"anthrome":54}},{"type":"Polygon","arcs":[[1975]],"properties":{"anthrome":53}},{"type":"Polygon","arcs":[[1976]],"properties":{"anthrome":53}},{"type":"Polygon","arcs":[[1977]],"properties":{"anthrome":54}},{"type":"Polygon","arcs":[[1978,-1929,1979]],"properties":{"anthrome":53}},{"type":"Polygon","arcs":[[1980,1981,1982,1983]],"properties":{"anthrome":53}},{"type":"Polygon","arcs":[[1984]],"properties":{"anthrome":53}},{"type":"Polygon","arcs":[[1985]],"properties":{"anthrome":62}},{"type":"Polygon","arcs":[[1986]],"properties":{"anthrome":53}},{"type":"Polygon","arcs":[[1987]],"properties":{"anthrome":62}},{"type":"Polygon","arcs":[[1988,1989]],"properties":{"anthrome":61}},{"type":"Polygon","arcs":[[1990,1991]],"properties":{"anthrome":54}},{"type":"Polygon","arcs":[[1992]],"properties":{"anthrome":54}},{"type":"Polygon","arcs":[[1993]],"properties":{"anthrome":61}},{"type":"Polygon","arcs":[[1994,1995,1996,1997]],"properties":{"anthrome":62}},{"type":"Polygon","arcs":[[1998,1999,2000]],"properties":{"anthrome":54}},{"type":"Polygon","arcs":[[2001,2002,2003,2004]],"properties":{"anthrome":53}},{"type":"Polygon","arcs":[[2005,2006,2007,-2003]],"properties":{"anthrome":54}},{"type":"Polygon","arcs":[[2008]],"properties":{"anthrome":53}},{"type":"Polygon","arcs":[[2009]],"properties":{"anthrome":53}},{"type":"Polygon","arcs":[[2010]],"properties":{"anthrome":61}},{"type":"Polygon","arcs":[[2011,2012]],"properties":{"anthrome":61}},{"type":"Polygon","arcs":[[2013,-739,2014,2015,2016,2017,-1615,2018,2019,2020,-1728,2021,2022,2023,2024,-1937,-1828,-1830,-1936,-1768,2025,-1718,-1779,2026,-1871,2027,2028,-1970,2029,2030,2031,2032,-1669,-1668,2033,2034,2035,2036],[-860],[-908],[-909],[-972],[-989],[-1001],[-1025],[-1024],[-1055],[-1218],[-1529],[-1612],[2037,-1773,-1772,2038,-1721,2039,-1694],[-1717],[-1903],[-1904]],"properties":{"anthrome":53}},{"type":"Polygon","arcs":[[2040,2041]],"properties":{"anthrome":53}},{"type":"Polygon","arcs":[[2042,2043,2044,2045]],"properties":{"anthrome":62}},{"type":"Polygon","arcs":[[2046,2047]],"properties":{"anthrome":53}},{"type":"Polygon","arcs":[[2048,2049,2050,2051,2052,-1974]],"properties":{"anthrome":62}},{"type":"Polygon","arcs":[[2053]],"properties":{"anthrome":53}},{"type":"Polygon","arcs":[[2054]],"properties":{"anthrome":61}},{"type":"Polygon","arcs":[[2055,2056,2057]],"properties":{"anthrome":61}},{"type":"Polygon","arcs":[[2058,2059,2060,-2056]],"properties":{"anthrome":52}},{"type":"Polygon","arcs":[[-1991,2061]],"properties":{"anthrome":53}},{"type":"Polygon","arcs":[[2062]],"properties":{"anthrome":53}},{"type":"Polygon","arcs":[[2063]],"properties":{"anthrome":61}},{"type":"Polygon","arcs":[[2064,2065,2066,-2046,2067,2068]],"properties":{"anthrome":54}},{"type":"Polygon","arcs":[[2069,2070,2071,2072]],"properties":{"anthrome":53}},{"type":"Polygon","arcs":[[2073,2074,2075]],"properties":{"anthrome":62}},{"type":"Polygon","arcs":[[2076,2077]],"properties":{"anthrome":61}},{"type":"Polygon","arcs":[[2078,2079]],"properties":{"anthrome":53}},{"type":"Polygon","arcs":[[-1972,2080,2081,2082,2083,-2030]],"properties":{"anthrome":54}},{"type":"Polygon","arcs":[[2084]],"properties":{"anthrome":62}},{"type":"Polygon","arcs":[[2085,2086,2087,2088,2089,2090,-1996]],"properties":{"anthrome":54}},{"type":"Polygon","arcs":[[2091,2092]],"properties":{"anthrome":53}},{"type":"Polygon","arcs":[[2093]],"properties":{"anthrome":53}},{"type":"Polygon","arcs":[[2094,2095]],"properties":{"anthrome":53}},{"type":"Polygon","arcs":[[2096,2097,-2088]],"properties":{"anthrome":53}},{"type":"Polygon","arcs":[[2098,2099,2100]],"properties":{"anthrome":53}},{"type":"Polygon","arcs":[[2101,2102,2103,2104]],"properties":{"anthrome":61}},{"type":"Polygon","arcs":[[2105,2106,2107,-2103]],"properties":{"anthrome":62}},{"type":"Polygon","arcs":[[-2052,2108,2109,-2107]],"properties":{"anthrome":53}},{"type":"Polygon","arcs":[[2110,2111,2112]],"properties":{"anthrome":62}},{"type":"Polygon","arcs":[[2113,2114]],"properties":{"anthrome":62}},{"type":"Polygon","arcs":[[2115,2116]],"properties":{"anthrome":53}},{"type":"Polygon","arcs":[[2117,2118,2119,2120]],"properties":{"anthrome":53}},{"type":"Polygon","arcs":[[2121]],"properties":{"anthrome":53}},{"type":"Polygon","arcs":[[2122]],"properties":{"anthrome":62}},{"type":"Polygon","arcs":[[2123,2124]],"properties":{"anthrome":62}},{"type":"Polygon","arcs":[[2125,2126,-1861,-1783,2127,-1943,2128,-1975,-2001,2129,-2073,2130,-2101,2131,2132,2133,2134,2135,-1998,2136,2137,2138,-1971,-2029],[-1986]],"properties":{"anthrome":61}},{"type":"Polygon","arcs":[[2139,2140,2141,2142]],"properties":{"anthrome":53}},{"type":"Polygon","arcs":[[2143,2144,2145,2146]],"properties":{"anthrome":53}},{"type":"Polygon","arcs":[[2147]],"properties":{"anthrome":53}},{"type":"Polygon","arcs":[[2148,2149]],"properties":{"anthrome":61}},{"type":"Polygon","arcs":[[2150]],"properties":{"anthrome":61}},{"type":"Polygon","arcs":[[2151]],"properties":{"anthrome":62}},{"type":"Polygon","arcs":[[2152]],"properties":{"anthrome":53}},{"type":"Polygon","arcs":[[2153,2154,2155]],"properties":{"anthrome":53}},{"type":"Polygon","arcs":[[-2134,2156,2157]],"properties":{"anthrome":62}},{"type":"Polygon","arcs":[[2158,2159,-2132]],"properties":{"anthrome":53}},{"type":"Polygon","arcs":[[-2112,2160,2161,2162]],"properties":{"anthrome":61}},{"type":"Polygon","arcs":[[2163,2164,-2145]],"properties":{"anthrome":61}},{"type":"Polygon","arcs":[[-2117,-2079,2165,2166]],"properties":{"anthrome":61}},{"type":"Polygon","arcs":[[-2120,2167,2168,2169]],"properties":{"anthrome":62}},{"type":"Polygon","arcs":[[2170]],"properties":{"anthrome":53}},{"type":"Polygon","arcs":[[2171,2172,2173]],"properties":{"anthrome":54}},{"type":"Polygon","arcs":[[2174]],"properties":{"anthrome":61}},{"type":"Polygon","arcs":[[-2139,2175,2176,2177,2178,-2081]],"properties":{"anthrome":53}},{"type":"Polygon","arcs":[[2179,2180]],"properties":{"anthrome":53}},{"type":"Polygon","arcs":[[2181]],"properties":{"anthrome":63}},{"type":"Polygon","arcs":[[2182]],"properties":{"anthrome":61}},{"type":"Polygon","arcs":[[2183,2184,2185,2186]],"properties":{"anthrome":53}},{"type":"Polygon","arcs":[[2187,2188]],"properties":{"anthrome":62}},{"type":"Polygon","arcs":[[2189]],"properties":{"anthrome":62}},{"type":"Polygon","arcs":[[2190]],"properties":{"anthrome":54}},{"type":"Polygon","arcs":[[2191]],"properties":{"anthrome":62}},{"type":"Polygon","arcs":[[2192]],"properties":{"anthrome":62}},{"type":"Polygon","arcs":[[2193]],"properties":{"anthrome":54}},{"type":"Polygon","arcs":[[2194,2195]],"properties":{"anthrome":62}},{"type":"Polygon","arcs":[[2196,2197]],"properties":{"anthrome":53}},{"type":"Polygon","arcs":[[2198,2199,2200,2201]],"properties":{"anthrome":54}},{"type":"Polygon","arcs":[[2202,2203,-2200]],"properties":{"anthrome":53}},{"type":"Polygon","arcs":[[-2162,2204,2205,2206]],"properties":{"anthrome":53}},{"type":"Polygon","arcs":[[2207]],"properties":{"anthrome":62}},{"type":"Polygon","arcs":[[2208,2209,2210,2211]],"properties":{"anthrome":54}},{"type":"Polygon","arcs":[[2212,2213]],"properties":{"anthrome":62}},{"type":"Polygon","arcs":[[2214,2215,2216,2217]],"properties":{"anthrome":62}},{"type":"Polygon","arcs":[[2218]],"properties":{"anthrome":63}},{"type":"Polygon","arcs":[[2219]],"properties":{"anthrome":63}},{"type":"Polygon","arcs":[[2220,2221,2222,2223]],"properties":{"anthrome":61}},{"type":"Polygon","arcs":[[2224,2225,2226,2227]],"properties":{"anthrome":61}},{"type":"Polygon","arcs":[[2228,2229,2230,2231]],"properties":{"anthrome":53}},{"type":"Polygon","arcs":[[2232,-2013,2233,2234,2235,2236,-2212,2237,2238]],"properties":{"anthrome":53}},{"type":"Polygon","arcs":[[2239]],"properties":{"anthrome":61}},{"type":"Polygon","arcs":[[2240,2241,2242]],"properties":{"anthrome":53}},{"type":"Polygon","arcs":[[-2227,2243,-2241]],"properties":{"anthrome":54}},{"type":"Polygon","arcs":[[2244,2245,2246,2247]],"properties":{"anthrome":61}},{"type":"Polygon","arcs":[[-1497,-1292,-1538,-1643,-1673,-1622,-1564,2248,-1561,2249,-1734,2250,2251,2252,2253,2254,2255,2256,2257,2258,-2184,-2144,2259,2260,-2115,2261,-2111,-2074,2262,2263,2264,-2050,-1939,2265,-2024,2266,2267,-2020,2268,2269,-2017],[-1246,-1247],[-1376],[-1349],[-1559],[2270,2271,-2005,2272,2273,-2047],[-1987],[-2009],[-2010]],"properties":{"anthrome":61}},{"type":"Polygon","arcs":[[2274,2275,2276,2277,2278]],"properties":{"anthrome":62}},{"type":"Polygon","arcs":[[-2217,2279,2280,2281]],"properties":{"anthrome":53}},{"type":"Polygon","arcs":[[2282,2283,2284,2285,2286,2287,2288]],"properties":{"anthrome":62}},{"type":"Polygon","arcs":[[2289,2290,2291]],"properties":{"anthrome":62}},{"type":"Polygon","arcs":[[2292,2293,2294,2295,2296,2297]],"properties":{"anthrome":62}},{"type":"Polygon","arcs":[[2298,-2277,2299,2300]],"properties":{"anthrome":61}},{"type":"Polygon","arcs":[[2301,2302]],"properties":{"anthrome":61}},{"type":"Polygon","arcs":[[2303,2304,2305]],"properties":{"anthrome":53}},{"type":"Polygon","arcs":[[2306,2307,2308,2309]],"properties":{"anthrome":53}},{"type":"Polygon","arcs":[[2310]],"properties":{"anthrome":62}},{"type":"Polygon","arcs":[[2311]],"properties":{"anthrome":62}},{"type":"Polygon","arcs":[[2312]],"properties":{"anthrome":62}},{"type":"Polygon","arcs":[[2313]],"properties":{"anthrome":54}},{"type":"Polygon","arcs":[[2314,2315,2316,2317]],"properties":{"anthrome":53}},{"type":"Polygon","arcs":[[2318,2319,2320,-2316]],"properties":{"anthrome":61}},{"type":"Polygon","arcs":[[2321]],"properties":{"anthrome":61}},{"type":"Polygon","arcs":[[-2226,2322]],"properties":{"anthrome":53}},{"type":"Polygon","arcs":[[2323,2324,2325]],"properties":{"anthrome":53}},{"type":"Polygon","arcs":[[2326,2327,2328]],"properties":{"anthrome":53}},{"type":"Polygon","arcs":[[2329]],"properties":{"anthrome":54}},{"type":"Polygon","arcs":[[2330]],"properties":{"anthrome":61}},{"type":"Polygon","arcs":[[-2295,2331,2332]],"properties":{"anthrome":53}},{"type":"Polygon","arcs":[[2333,2334]],"properties":{"anthrome":62}},{"type":"Polygon","arcs":[[2335]],"properties":{"anthrome":62}},{"type":"Polygon","arcs":[[-2032,2336,-2083,2337,-2178,2338,2339,-2201,2340,2341,-2290,-2283]],"properties":{"anthrome":61}},{"type":"Polygon","arcs":[[2342,2343,-2303,2344,2345,2346]],"properties":{"anthrome":53}},{"type":"Polygon","arcs":[[2347,2348,2349,2350]],"properties":{"anthrome":62}},{"type":"Polygon","arcs":[[2351]],"properties":{"anthrome":62}},{"type":"Polygon","arcs":[[2352,2353]],"properties":{"anthrome":61}},{"type":"Polygon","arcs":[[2354,2355,-2353]],"properties":{"anthrome":53}},{"type":"Polygon","arcs":[[2356]],"properties":{"anthrome":62}},{"type":"Polygon","arcs":[[2357,2358,2359,-2345]],"properties":{"anthrome":61}},{"type":"Polygon","arcs":[[2360,2361]],"properties":{"anthrome":61}},{"type":"Polygon","arcs":[[2362,2363,2364]],"properties":{"anthrome":53}},{"type":"Polygon","arcs":[[2365,2366,2367]],"properties":{"anthrome":63}},{"type":"Polygon","arcs":[[2368]],"properties":{"anthrome":62}},{"type":"Polygon","arcs":[[2369]],"properties":{"anthrome":62}},{"type":"Polygon","arcs":[[2370,2371]],"properties":{"anthrome":54}},{"type":"Polygon","arcs":[[2372]],"properties":{"anthrome":53}},{"type":"Polygon","arcs":[[2373,2374,2375]],"properties":{"anthrome":53}},{"type":"Polygon","arcs":[[2376]],"properties":{"anthrome":53}},{"type":"Polygon","arcs":[[2377]],"properties":{"anthrome":61}},{"type":"Polygon","arcs":[[2378]],"properties":{"anthrome":53}},{"type":"Polygon","arcs":[[2379]],"properties":{"anthrome":53}},{"type":"Polygon","arcs":[[2380,2381]],"properties":{"anthrome":53}},{"type":"Polygon","arcs":[[2382]],"properties":{"anthrome":52}},{"type":"Polygon","arcs":[[2383]],"properties":{"anthrome":52}},{"type":"Polygon","arcs":[[2384,2385,2386,2387]],"properties":{"anthrome":54}},{"type":"Polygon","arcs":[[2388]],"properties":{"anthrome":62}},{"type":"Polygon","arcs":[[2389,2390]],"properties":{"anthrome":62}},{"type":"Polygon","arcs":[[2391,2392,2393]],"properties":{"anthrome":53}},{"type":"Polygon","arcs":[[2394,2395]],"properties":{"anthrome":62}},{"type":"Polygon","arcs":[[2396]],"properties":{"anthrome":62}},{"type":"Polygon","arcs":[[-2375,2397,2398]],"properties":{"anthrome":54}},{"type":"Polygon","arcs":[[2399,2400,2401,2402,2403]],"properties":{"anthrome":53}},{"type":"Polygon","arcs":[[2404,2405,-2332,2406,2407,2408,2409]],"properties":{"anthrome":54}},{"type":"Polygon","arcs":[[2410]],"properties":{"anthrome":61}},{"type":"Polygon","arcs":[[2411]],"properties":{"anthrome":53}},{"type":"Polygon","arcs":[[2412]],"properties":{"anthrome":61}},{"type":"Polygon","arcs":[[2413,2414]],"properties":{"anthrome":61}},{"type":"Polygon","arcs":[[2415]],"properties":{"anthrome":52}},{"type":"Polygon","arcs":[[2416,2417]],"properties":{"anthrome":53}},{"type":"Polygon","arcs":[[2418]],"properties":{"anthrome":62}},{"type":"Polygon","arcs":[[2419,2420,2421,2422]],"properties":{"anthrome":53}},{"type":"Polygon","arcs":[[2423,2424,2425,2426]],"properties":{"anthrome":61}},{"type":"Polygon","arcs":[[2427]],"properties":{"anthrome":53}},{"type":"Polygon","arcs":[[2428,2429,2430,2431,2432,2433,2434,2435,2436]],"properties":{"anthrome":53}},{"type":"Polygon","arcs":[[2437,2438,2439,-2362,2440,2441,2442,-2302,2443]],"properties":{"anthrome":53}},{"type":"Polygon","arcs":[[2444,2445,2446,-1764,-1849,2447,-1958,-1957,-2069,2448,2449,2450,2451,-2224,2452,2453,2454,2455,-2388,2456,2457,2458,2459,2460,2461,2462,2463,-1800,2464,2465,-1825,2466,2467,2468],[-1510],[-1528],[-1667],[-1978],[-1994],[-2064],[-2194],[-2314],[-2371,-2372]],"properties":{"anthrome":53}},{"type":"Polygon","arcs":[[2469]],"properties":{"anthrome":62}},{"type":"Polygon","arcs":[[2470,2471]],"properties":{"anthrome":53}},{"type":"Polygon","arcs":[[2472,2473,2474]],"properties":{"anthrome":53}},{"type":"Polygon","arcs":[[2475]],"properties":{"anthrome":54}},{"type":"Polygon","arcs":[[2476]],"properties":{"anthrome":62}},{"type":"Polygon","arcs":[[2477]],"properties":{"anthrome":62}},{"type":"Polygon","arcs":[[2478,2479,2480,2481,2482,2483,2484,-2386]],"properties":{"anthrome":62}},{"type":"Polygon","arcs":[[2485,-2323,2486,2487,2488,-2396,2489,-2423,2490,2491,2492,2493,2494,2495,2496,2497,2498,2499,-2393,2500,2501]],"properties":{"anthrome":61}},{"type":"Polygon","arcs":[[2502,-2494]],"properties":{"anthrome":62}},{"type":"Polygon","arcs":[[2503,2504,2505,2506]],"properties":{"anthrome":54}},{"type":"Polygon","arcs":[[2507,2508,-2432]],"properties":{"anthrome":61}},{"type":"Polygon","arcs":[[2509]],"properties":{"anthrome":62}},{"type":"Polygon","arcs":[[2510]],"properties":{"anthrome":62}},{"type":"Polygon","arcs":[[2511]],"properties":{"anthrome":53}},{"type":"Polygon","arcs":[[2512,2513]],"properties":{"anthrome":63}},{"type":"Polygon","arcs":[[2514]],"properties":{"anthrome":52}},{"type":"Polygon","arcs":[[2515]],"properties":{"anthrome":54}},{"type":"Polygon","arcs":[[2516]],"properties":{"anthrome":62}},{"type":"Polygon","arcs":[[2517,-2462]],"properties":{"anthrome":54}},{"type":"Polygon","arcs":[[-2500,2518,2519]],"properties":{"anthrome":53}},{"type":"Polygon","arcs":[[2520,2521,2522,-2498]],"properties":{"anthrome":53}},{"type":"Polygon","arcs":[[2523]],"properties":{"anthrome":62}},{"type":"Polygon","arcs":[[2524,2525,2526,2527]],"properties":{"anthrome":53}},{"type":"Polygon","arcs":[[2528,2529,2530]],"properties":{"anthrome":61}},{"type":"Polygon","arcs":[[2531,2532]],"properties":{"anthrome":62}},{"type":"Polygon","arcs":[[2533,-153,2534,-180,-179,2535,-620,-619,2536,-222,-410,2537,-379,2538,-407,-427,2539,2540,-405,-265,2541,-311,2542,-404,-403,-402,2543,-429,2544,-374,2545,-314,2546,-317,2547,-320,-319,2548,-492,2549,-841,2550,-1035,2551,-1033,2552,-1354,-1353,2553,-1311,2554,-1534,-1536,2555,-1952,-1954,2556,2557,2558,-2213,2559,-2124,2560,-1492,2561,-1401,2562,-1255,-1211,-1210,-1209,2563,-805,2564,-744,-629,-748,2565,-1206,-1217,2566,2567,-800,2568,2569,-1214,2570,-1533,2571,-1490,2572,-1469,2573,-1531,2574,2575,-1752,2576,-1539,2577,-1749,-1748,2578,-2239,2579,-2210,2580,-2236,2581,2582,2583,-2376,2584,2585,-2430,2586,-2174,2587,-2436,-2435,2588,-2504,2589,-2525,2590,2591,2592,2593,-2407,-2294,2594,-2181,2595,-2298,2596,2597,-2169,2598,-2118,-2080,-2116,2599,2600,-1949,-1908,2601,2602,-1640,-1537,-1291,-1496,-1495,2603,-1570,2604,-1651,2605,-1593,2606,2607,-1627,2608,-1626,2609,-1745,-1744,-1786,2610,2611,-1596,2612,-1645,2613,-1499,-1498,-2016,2614,-2037,-2036,-2035,-2034,-1611,-2033,-2289,2615,-2156,2616,-2286,2617,2618,2619,2620,-2198,2621,-2196,2622,2623,2624,-2096,2625,-2044,2626,-2066,2627,-1902,2628,-1879,2629,-1766,2630,-1763,2631,-2446,-2445,-2469,2632,2633,2634,2635,2636,2637,2638,2639,-686,2640,-682,2641,-649,2642,-681,-646,-680,2643,2644,2645,2646,2647,2648,2649,2650,2651,2652,-1413,2653,-820,2654,2655,-857,2656,2657,2658,-672,2659,-394,2660,-230,2661,2662,-251,-303,2663,-325,-498,2664,2665,-563,2666,2667,-584,2668,-502,2669,-467,2670,-651,2671,2672,2673,-275,2674,-353,2675,2676,-882,2677,2678,-880,-879,-878,-877,2679,2680,-874,-873],[-200],[-188],[-195],[-201],[-277],[-232],[-248],[-252],[-254],[-255],[2681,-418,2682,-523,2683,2684,-552,-521,-590,2685,2686,-519,2687,-528,2688,-516,2689,-372,2690,-368,2691,-513,-526],[-266],[2692,-361,2693,-363,2694],[-312],[-313],[-342],[-343],[-357],[-358],[-365],[-366],[-375],[-414],[-436],[2695,2696,-481,-440],[-444],[-445],[2697,-488,2698,-595],[-463],[-603],[-471],[-559],[-472],[-473],[-561],[-581],[-611],[-541],[-543],[-544],[2699,-586,-550,2700],[-551],[-558],[-598],[-582],[-599],[-626,-627],[-591],[-612],[-614,2701,2702],[-615],[-616],[-617],[-658],[-659],[-644],[-687],[-653],[-655],[-678],[-688],[-689],[-708],[-690],[-691],[-732],[-733],[-734],[-1107,-1106,-1105,-1108],[-737,-736,-735],[-740],[-741],[-742],[-743],[-752,2703,-754,2704],[-973],[-756],[-757],[-938],[-839],[-793],[-794],[-795],[-796],[-808,-807,-806],[-893],[-859],[-916],[-907],[-939],[-910],[-911],[-912],[-917],[-1027],[-957],[-958],[-1002],[-1067],[-1053],[2705,-1127,2706,-1202,2707,-1309,2708,-1249,2709,-1185,-1193,2710,-1190,-1205],[-1068],[-1056],[-1232,-1231,2711],[-1123],[2712,-1177,2713,-1148],[-1227],[-1228],[-1248],[-1188],[-1233],[-1244],[-1245],[-1308],[-1252],[-1375],[-1347],[-1348],[-1350],[-1377],[-1378,-1379],[-1351],[-1699,-1698,-1700],[-1399],[-1400],[2714],[-1482,-1483],[-1484,-1485],[-1684,2715,-1696,2716],[-1735],[-1774],[-1866],[-1831,-1832],[-1883],[-1864],[-1865],[-1923],[-1950,-1951],[-1976],[-1977],[-2123],[-2122],[-2153],[-2171],[-2208],[-2379],[-2373],[-2428]],"properties":{"anthrome":61}},{"type":"Polygon","arcs":[[2717,2718]],"properties":{"anthrome":61}},{"type":"Polygon","arcs":[[2719]],"properties":{"anthrome":61}},{"type":"Polygon","arcs":[[2720]],"properties":{"anthrome":61}},{"type":"Polygon","arcs":[[2721]],"properties":{"anthrome":62}},{"type":"Polygon","arcs":[[2722]],"properties":{"anthrome":62}},{"type":"Polygon","arcs":[[2723]],"properties":{"anthrome":62}},{"type":"Polygon","arcs":[[2724]],"properties":{"anthrome":62}},{"type":"Polygon","arcs":[[2725,2726,2727]],"properties":{"anthrome":62}},{"type":"Polygon","arcs":[[2728,2729,2730]],"properties":{"anthrome":53}},{"type":"Polygon","arcs":[[2731]],"properties":{"anthrome":62}},{"type":"Polygon","arcs":[[-2527,2732,2733,2734]],"properties":{"anthrome":54}},{"type":"Polygon","arcs":[[-2506,2735,2736,-2733]],"properties":{"anthrome":53}},{"type":"Polygon","arcs":[[2737]],"properties":{"anthrome":61}},{"type":"Polygon","arcs":[[2738]],"properties":{"anthrome":62}},{"type":"Polygon","arcs":[[2739,2740,-2474]],"properties":{"anthrome":61}},{"type":"Polygon","arcs":[[-2585,-2399,2741,-2529,2742,2743,2744,2745,-2509,2746]],"properties":{"anthrome":62}},{"type":"Polygon","arcs":[[2747,2748,2749]],"properties":{"anthrome":61}},{"type":"Polygon","arcs":[[2750]],"properties":{"anthrome":53}},{"type":"Polygon","arcs":[[2751]],"properties":{"anthrome":62}},{"type":"Polygon","arcs":[[2752]],"properties":{"anthrome":53}},{"type":"Polygon","arcs":[[2753]],"properties":{"anthrome":62}},{"type":"Polygon","arcs":[[2754]],"properties":{"anthrome":62}},{"type":"Polygon","arcs":[[2755]],"properties":{"anthrome":61}},{"type":"Polygon","arcs":[[2756,2757,2758]],"properties":{"anthrome":54}},{"type":"Polygon","arcs":[[2759,2760,-2745]],"properties":{"anthrome":54}},{"type":"Polygon","arcs":[[2761,2762,2763]],"properties":{"anthrome":61}},{"type":"Polygon","arcs":[[2764,2765,2766,-2763]],"properties":{"anthrome":53}},{"type":"Polygon","arcs":[[2767]],"properties":{"anthrome":52}},{"type":"Polygon","arcs":[[2768]],"properties":{"anthrome":62}},{"type":"Polygon","arcs":[[2769]],"properties":{"anthrome":61}},{"type":"Polygon","arcs":[[2770]],"properties":{"anthrome":62}},{"type":"Polygon","arcs":[[2771]],"properties":{"anthrome":61}},{"type":"Polygon","arcs":[[2772]],"properties":{"anthrome":62}},{"type":"Polygon","arcs":[[2773]],"properties":{"anthrome":62}},{"type":"Polygon","arcs":[[2774]],"properties":{"anthrome":53}},{"type":"Polygon","arcs":[[2775]],"properties":{"anthrome":62}},{"type":"Polygon","arcs":[[-2403,2776,2777,2778,2779,2780,-2765,2781]],"properties":{"anthrome":61}},{"type":"Polygon","arcs":[[2782]],"properties":{"anthrome":53}},{"type":"Polygon","arcs":[[2783,2784]],"properties":{"anthrome":53}},{"type":"Polygon","arcs":[[2785,-2368,2786,2787,2788,2789,2790,-2785,2791,-2381,-2364,-2308]],"properties":{"anthrome":61}},{"type":"Polygon","arcs":[[2792,-2790]],"properties":{"anthrome":53}},{"type":"Polygon","arcs":[[2793,2794,2795,2796]],"properties":{"anthrome":52}},{"type":"Polygon","arcs":[[2797]],"properties":{"anthrome":62}},{"type":"Polygon","arcs":[[2798]],"properties":{"anthrome":62}},{"type":"Polygon","arcs":[[-2767,2799,2800,2801]],"properties":{"anthrome":54}},{"type":"Polygon","arcs":[[2802]],"properties":{"anthrome":54}},{"type":"Polygon","arcs":[[2803]],"properties":{"anthrome":54}},{"type":"Polygon","arcs":[[2804]],"properties":{"anthrome":61}},{"type":"Polygon","arcs":[[2805]],"properties":{"anthrome":62}},{"type":"Polygon","arcs":[[-2583,2806,2807,2808,-2761,2809,2810,-2530]],"properties":{"anthrome":53}},{"type":"Polygon","arcs":[[2811,2812]],"properties":{"anthrome":62}},{"type":"Polygon","arcs":[[2813,2814,2815,2816]],"properties":{"anthrome":62}},{"type":"Polygon","arcs":[[-2808,2817,2818]],"properties":{"anthrome":61}},{"type":"Polygon","arcs":[[2819,2820,2821,2822]],"properties":{"anthrome":53}},{"type":"Polygon","arcs":[[2823,2824,2825,2826]],"properties":{"anthrome":61}},{"type":"Polygon","arcs":[[2827,2828,2829,-2825]],"properties":{"anthrome":53}},{"type":"Polygon","arcs":[[2830]],"properties":{"anthrome":54}},{"type":"Polygon","arcs":[[2831]],"properties":{"anthrome":62}},{"type":"Polygon","arcs":[[2832,2833,2834,2835]],"properties":{"anthrome":62}},{"type":"Polygon","arcs":[[2836,2837]],"properties":{"anthrome":61}},{"type":"Polygon","arcs":[[2838]],"properties":{"anthrome":62}},{"type":"Polygon","arcs":[[2839]],"properties":{"anthrome":62}},{"type":"Polygon","arcs":[[2840,2841,-2815]],"properties":{"anthrome":53}},{"type":"Polygon","arcs":[[2842]],"properties":{"anthrome":61}},{"type":"Polygon","arcs":[[2843,2844,-2471,2845,-2356]],"properties":{"anthrome":61}},{"type":"Polygon","arcs":[[2846]],"properties":{"anthrome":62}},{"type":"Polygon","arcs":[[2847,2848,2849]],"properties":{"anthrome":61}},{"type":"Polygon","arcs":[[2850,2851,2852]],"properties":{"anthrome":63}},{"type":"Polygon","arcs":[[2853,2854,-2718,2855,2856,2857,-2852,2858,-2788]],"properties":{"anthrome":53}},{"type":"Polygon","arcs":[[2859,2860]],"properties":{"anthrome":54}},{"type":"Polygon","arcs":[[2861]],"properties":{"anthrome":62}},{"type":"Polygon","arcs":[[-2835,2862,2863,2864]],"properties":{"anthrome":53}},{"type":"Polygon","arcs":[[2865,-2857]],"properties":{"anthrome":61}},{"type":"Polygon","arcs":[[2866]],"properties":{"anthrome":54}},{"type":"Polygon","arcs":[[2867]],"properties":{"anthrome":54}},{"type":"Polygon","arcs":[[2868]],"properties":{"anthrome":62}},{"type":"Polygon","arcs":[[-2818,2869,2870]],"properties":{"anthrome":53}},{"type":"Polygon","arcs":[[2871]],"properties":{"anthrome":62}},{"type":"Polygon","arcs":[[2872,2873,-2861,2874]],"properties":{"anthrome":53}},{"type":"Polygon","arcs":[[2875,2876,2877]],"properties":{"anthrome":61}},{"type":"Polygon","arcs":[[2878,2879],[-2803],[-2831]],"properties":{"anthrome":62}},{"type":"Polygon","arcs":[[2880]],"properties":{"anthrome":62}},{"type":"Polygon","arcs":[[2881,2882,2883,-2820,2884,2885,2886,2887,2888]],"properties":{"anthrome":61}},{"type":"Polygon","arcs":[[2889]],"properties":{"anthrome":62}},{"type":"Polygon","arcs":[[2890,2891]],"properties":{"anthrome":61}},{"type":"Polygon","arcs":[[2892,2893]],"properties":{"anthrome":52}},{"type":"Polygon","arcs":[[2894,2895]],"properties":{"anthrome":62}},{"type":"Polygon","arcs":[[2896]],"properties":{"anthrome":62}},{"type":"Polygon","arcs":[[2897]],"properties":{"anthrome":62}},{"type":"Polygon","arcs":[[-2189,2898,-2334,2899,-2532,2900,2901,-2234,2902]],"properties":{"anthrome":61}},{"type":"Polygon","arcs":[[2903,2904,-2887,2905,2906]],"properties":{"anthrome":62}},{"type":"Polygon","arcs":[[2907,2908]],"properties":{"anthrome":53}},{"type":"Polygon","arcs":[[2909,2910,2911,-2860]],"properties":{"anthrome":53}},{"type":"Polygon","arcs":[[2912]],"properties":{"anthrome":62}},{"type":"Polygon","arcs":[[2913]],"properties":{"anthrome":61}},{"type":"Polygon","arcs":[[2914,2915]],"properties":{"anthrome":54}},{"type":"Polygon","arcs":[[2916]],"properties":{"anthrome":52}},{"type":"Polygon","arcs":[[-2893,2917]],"properties":{"anthrome":53}},{"type":"Polygon","arcs":[[2918,2919]],"properties":{"anthrome":62}},{"type":"Polygon","arcs":[[2920,2921]],"properties":{"anthrome":62}},{"type":"Polygon","arcs":[[2922]],"properties":{"anthrome":62}},{"type":"Polygon","arcs":[[2923]],"properties":{"anthrome":62}},{"type":"Polygon","arcs":[[2924]],"properties":{"anthrome":62}},{"type":"Polygon","arcs":[[2925]],"properties":{"anthrome":54}},{"type":"Polygon","arcs":[[2926]],"properties":{"anthrome":62}},{"type":"Polygon","arcs":[[2927,2928,2929]],"properties":{"anthrome":53}},{"type":"Polygon","arcs":[[2930]],"properties":{"anthrome":62}},{"type":"Polygon","arcs":[[2931]],"properties":{"anthrome":61}},{"type":"Polygon","arcs":[[-2918,2932]],"properties":{"anthrome":52}},{"type":"Polygon","arcs":[[2933]],"properties":{"anthrome":62}},{"type":"Polygon","arcs":[[2934]],"properties":{"anthrome":61}},{"type":"Polygon","arcs":[[2935,2936,2937]],"properties":{"anthrome":62}},{"type":"Polygon","arcs":[[2938,2939,2940]],"properties":{"anthrome":63}},{"type":"Polygon","arcs":[[2941]],"properties":{"anthrome":52}},{"type":"Polygon","arcs":[[2942]],"properties":{"anthrome":52}},{"type":"Polygon","arcs":[[2943,2944]],"properties":{"anthrome":62}},{"type":"Polygon","arcs":[[2945,2946]],"properties":{"anthrome":62}},{"type":"Polygon","arcs":[[2947,2948]],"properties":{"anthrome":62}},{"type":"Polygon","arcs":[[2949]],"properties":{"anthrome":53}},{"type":"Polygon","arcs":[[2950]],"properties":{"anthrome":62}},{"type":"Polygon","arcs":[[2951]],"properties":{"anthrome":54}},{"type":"Polygon","arcs":[[2952,2953]],"properties":{"anthrome":61}},{"type":"Polygon","arcs":[[-2433,-2746,-2809,-2817,2954,-2871,2955,2956,2957,2958,2959,-2736]],"properties":{"anthrome":61}},{"type":"Polygon","arcs":[[2960]],"properties":{"anthrome":54}},{"type":"Polygon","arcs":[[2961,2962]],"properties":{"anthrome":54}},{"type":"Polygon","arcs":[[2963,2964,2965,-2957]],"properties":{"anthrome":53}},{"type":"Polygon","arcs":[[2966,2967,2968]],"properties":{"anthrome":53}},{"type":"Polygon","arcs":[[2969,2970,2971]],"properties":{"anthrome":53}},{"type":"Polygon","arcs":[[2972]],"properties":{"anthrome":62}},{"type":"Polygon","arcs":[[2973]],"properties":{"anthrome":62}},{"type":"Polygon","arcs":[[2974]],"properties":{"anthrome":52}},{"type":"Polygon","arcs":[[2975,2976]],"properties":{"anthrome":52}},{"type":"Polygon","arcs":[[2977]],"properties":{"anthrome":61}},{"type":"Polygon","arcs":[[2978,-2797,2979,2980,2981,2982,2983]],"properties":{"anthrome":54}},{"type":"Polygon","arcs":[[2984,2985]],"properties":{"anthrome":62}},{"type":"Polygon","arcs":[[2986]],"properties":{"anthrome":62}},{"type":"Polygon","arcs":[[2987,2988]],"properties":{"anthrome":62}},{"type":"Polygon","arcs":[[2989]],"properties":{"anthrome":62}},{"type":"Polygon","arcs":[[2990]],"properties":{"anthrome":62}},{"type":"Polygon","arcs":[[2991]],"properties":{"anthrome":53}},{"type":"Polygon","arcs":[[2992]],"properties":{"anthrome":54}},{"type":"Polygon","arcs":[[2993]],"properties":{"anthrome":61}},{"type":"Polygon","arcs":[[2994,-2965]],"properties":{"anthrome":61}},{"type":"Polygon","arcs":[[2995,2996]],"properties":{"anthrome":61}},{"type":"Polygon","arcs":[[2997]],"properties":{"anthrome":62}},{"type":"Polygon","arcs":[[2998]],"properties":{"anthrome":62}},{"type":"Polygon","arcs":[[2999]],"properties":{"anthrome":62}},{"type":"Polygon","arcs":[[3000,-283,3001,-285,3002,-511,3003,-531,3004,-509,3005,-419,3006,-321,3007,-1454,-592,-1453,3008,-1451,-1450,3009,-1517,3010,-1476,-1440,3011,3012,-1519,3013,-1575,3014,-1602,-1658,3015,-2093,3016,-2310,3017,-2306,3018,3019,3020,3021,-2475,3022,3023,-2941,3024,3025,3026,3027,3028,3029,3030,3031,3032,3033,3034,3035,-2444,-2344,3036,-2143,3037,-1981,3038,3039,-2404,3040,3041,3042,-2349,3043,3044,-2279,3045,3046,-2355,3047,-2041,3048,3049,-1836,3050,-1833,-1587,-1474,3051,-1581,3052,-1240,3053,-1579,-1167,3054,-1112,3055,-1082,-1048,3056,-1044,3057,-1219,-1060,3058,-947,3059,-897,-899,3060,3061,-1011,3062,-1290,3063,3064,3065,3066,-1638,3067,-1893,3068,3069,3070,3071,-1511,-1513,3072,-1383,3073,-1297,3074,-1156,3075,3076,3077,-1038,3078,3079,-941,3080,-895,3081,-842,3082,3083,-723,3084,3085,-631,3086,-447,-446,-332],[-380,-381],[-432],[-455],[-622],[-662],[-663],[-725],[-1090],[-774],[-826],[-775],[-776],[-844,-845],[3087,3088,3089,-968,3090,-901],[-943],[-976],[-1043],[-1084],[3091],[-1115],[-1117,-1116],[-1118],[-1169],[-1170],[-1315],[-1422],[-1470],[-1508],[-1514],[-1578],[-1515],[-1543],[-1550],[-1840,-1841],[-1599],[-1600],[-1708],[-1709],[-1842],[3092,3093,-1874],[-1812],[3094,-1960,-1979],[-1896],[-1985],[-1988],[3095],[3096],[3097,-2281,3098,-2215],[-2148],[-2380],[-2512],[-2783],[-2751]],"properties":{"anthrome":61}},{"type":"Polygon","arcs":[[3099]],"properties":{"anthrome":61}},{"type":"Polygon","arcs":[[3100,3101]],"properties":{"anthrome":62}},{"type":"Polygon","arcs":[[3102,3103,3104,3105]],"properties":{"anthrome":53}},{"type":"Polygon","arcs":[[3106,3107,3108]],"properties":{"anthrome":53}},{"type":"Polygon","arcs":[[3109,3110,3111,3112]],"properties":{"anthrome":53}},{"type":"Polygon","arcs":[[3113]],"properties":{"anthrome":53}},{"type":"Polygon","arcs":[[3114,3115]],"properties":{"anthrome":61}},{"type":"Polygon","arcs":[[3116,3117]],"properties":{"anthrome":61}},{"type":"Polygon","arcs":[[3118]],"properties":{"anthrome":52}},{"type":"Polygon","arcs":[[3119,3120]],"properties":{"anthrome":61}},{"type":"Polygon","arcs":[[3121]],"properties":{"anthrome":62}},{"type":"Polygon","arcs":[[3122,3123]],"properties":{"anthrome":62}},{"type":"Polygon","arcs":[[3124]],"properties":{"anthrome":62}},{"type":"Polygon","arcs":[[3125]],"properties":{"anthrome":62}},{"type":"Polygon","arcs":[[3126]],"properties":{"anthrome":62}},{"type":"Polygon","arcs":[[3127]],"properties":{"anthrome":62}},{"type":"Polygon","arcs":[[3128,3129]],"properties":{"anthrome":61}},{"type":"Polygon","arcs":[[3130]],"properties":{"anthrome":61}},{"type":"Polygon","arcs":[[3131]],"properties":{"anthrome":62}},{"type":"Polygon","arcs":[[3132,3133,3134,3135]],"properties":{"anthrome":54}},{"type":"Polygon","arcs":[[3136,3137,3138,3139]],"properties":{"anthrome":61}},{"type":"Polygon","arcs":[[3140,3141]],"properties":{"anthrome":53}},{"type":"Polygon","arcs":[[3142]],"properties":{"anthrome":62}},{"type":"Polygon","arcs":[[3143]],"properties":{"anthrome":53}},{"type":"Polygon","arcs":[[3144]],"properties":{"anthrome":62}},{"type":"Polygon","arcs":[[3145,3146,3147,3148]],"properties":{"anthrome":53}},{"type":"Polygon","arcs":[[3149,3150,3151]],"properties":{"anthrome":61}},{"type":"Polygon","arcs":[[3152,3153]],"properties":{"anthrome":52}},{"type":"Polygon","arcs":[[3154]],"properties":{"anthrome":61}},{"type":"Polygon","arcs":[[3155]],"properties":{"anthrome":52}},{"type":"Polygon","arcs":[[3156,3157]],"properties":{"anthrome":63}},{"type":"Polygon","arcs":[[3158]],"properties":{"anthrome":62}},{"type":"Polygon","arcs":[[3159]],"properties":{"anthrome":62}},{"type":"Polygon","arcs":[[3160,3161,3162]],"properties":{"anthrome":52}},{"type":"Polygon","arcs":[[3163]],"properties":{"anthrome":54}},{"type":"Polygon","arcs":[[3164,3165,3166]],"properties":{"anthrome":61}},{"type":"Polygon","arcs":[[3167,-2875,-2912,3168,3169,3170,-2969,-3113,3171,3172,-3133,3173,3174,3175,3176,3177,3178,3179,3180,3181,-2908,3182]],"properties":{"anthrome":61}},{"type":"Polygon","arcs":[[3183,3184,3185]],"properties":{"anthrome":52}},{"type":"Polygon","arcs":[[3186,3187,3188,3189,3190],[-3144]],"properties":{"anthrome":61}},{"type":"Polygon","arcs":[[3191]],"properties":{"anthrome":53}},{"type":"Polygon","arcs":[[3192,3193]],"properties":{"anthrome":61}},{"type":"Polygon","arcs":[[-3176,3194,3195]],"properties":{"anthrome":53}},{"type":"Polygon","arcs":[[3196,3197,3198,3199]],"properties":{"anthrome":53}},{"type":"Polygon","arcs":[[-3148,3200]],"properties":{"anthrome":54}},{"type":"Polygon","arcs":[[3201]],"properties":{"anthrome":61}},{"type":"Polygon","arcs":[[3202]],"properties":{"anthrome":61}},{"type":"Polygon","arcs":[[3203,3204]],"properties":{"anthrome":62}},{"type":"Polygon","arcs":[[3205,3206,-3204]],"properties":{"anthrome":53}},{"type":"Polygon","arcs":[[3207,3208]],"properties":{"anthrome":61}},{"type":"Polygon","arcs":[[3209,-3208]],"properties":{"anthrome":52}},{"type":"Polygon","arcs":[[3210,3211]],"properties":{"anthrome":61}},{"type":"Polygon","arcs":[[3212]],"properties":{"anthrome":52}},{"type":"Polygon","arcs":[[3213,3214]],"properties":{"anthrome":62}},{"type":"Polygon","arcs":[[3215]],"properties":{"anthrome":62}},{"type":"Polygon","arcs":[[3216,3217,3218,3219]],"properties":{"anthrome":62}},{"type":"Polygon","arcs":[[3220]],"properties":{"anthrome":62}},{"type":"Polygon","arcs":[[3221,3222,3223]],"properties":{"anthrome":52}},{"type":"Polygon","arcs":[[3224]],"properties":{"anthrome":61}},{"type":"Polygon","arcs":[[3225,3226]],"properties":{"anthrome":61}},{"type":"Polygon","arcs":[[3227,-2838,3228,-3031,3229,-3029,3230,3231,3232,3233,-3033]],"properties":{"anthrome":53}},{"type":"Polygon","arcs":[[3234,3235,3236]],"properties":{"anthrome":62}},{"type":"Polygon","arcs":[[3237,-3232]],"properties":{"anthrome":61}},{"type":"Polygon","arcs":[[3238]],"properties":{"anthrome":53}},{"type":"Polygon","arcs":[[3239,-3220,3240,3241]],"properties":{"anthrome":53}},{"type":"Polygon","arcs":[[3242,3243,3244]],"properties":{"anthrome":54}},{"type":"Polygon","arcs":[[3245,3246]],"properties":{"anthrome":62}},{"type":"Polygon","arcs":[[3247,3248,3249,3250]],"properties":{"anthrome":62}},{"type":"Polygon","arcs":[[3251,3252]],"properties":{"anthrome":61}},{"type":"Polygon","arcs":[[3253]],"properties":{"anthrome":61}},{"type":"Polygon","arcs":[[3254]],"properties":{"anthrome":61}},{"type":"Polygon","arcs":[[3255,3256,3257,3258]],"properties":{"anthrome":52}},{"type":"Polygon","arcs":[[3259]],"properties":{"anthrome":54}},{"type":"Polygon","arcs":[[3260,3261]],"properties":{"anthrome":61}},{"type":"Polygon","arcs":[[3262,3263]],"properties":{"anthrome":54}},{"type":"Polygon","arcs":[[3264,3265]],"properties":{"anthrome":62}},{"type":"Polygon","arcs":[[3266]],"properties":{"anthrome":62}},{"type":"Polygon","arcs":[[3267,3268,3269]],"properties":{"anthrome":52}},{"type":"Polygon","arcs":[[3270]],"properties":{"anthrome":61}},{"type":"Polygon","arcs":[[3271,3272]],"properties":{"anthrome":61}},{"type":"Polygon","arcs":[[3273]],"properties":{"anthrome":61}},{"type":"Polygon","arcs":[[3274,3275,3276,3277,3278,3279,-2936,3280,-3179,-3103,3281,-3191,-3190,3282,3283,3284,3285,3286,-2904,-2907,3287,3288,-2822,3289,-2883],[-2799]],"properties":{"anthrome":54}},{"type":"Polygon","arcs":[[3290,3291,3292,-3261,3293,3294]],"properties":{"anthrome":53}},{"type":"Polygon","arcs":[[3295,3296,3297,3298,-3135,3299]],"properties":{"anthrome":62}},{"type":"Polygon","arcs":[[-3199,3300,3301,3302]],"properties":{"anthrome":61}},{"type":"Polygon","arcs":[[3303,-3301]],"properties":{"anthrome":53}},{"type":"Polygon","arcs":[[3304,3305]],"properties":{"anthrome":53}},{"type":"Polygon","arcs":[[3306]],"properties":{"anthrome":62}},{"type":"Polygon","arcs":[[3307]],"properties":{"anthrome":53}},{"type":"Polygon","arcs":[[3308,3309]],"properties":{"anthrome":62}},{"type":"Polygon","arcs":[[3310,3311,3312,3313]],"properties":{"anthrome":61}},{"type":"Polygon","arcs":[[3314,3315,3316,-3312]],"properties":{"anthrome":54}},{"type":"Polygon","arcs":[[3317,3318]],"properties":{"anthrome":62}},{"type":"Polygon","arcs":[[3319,3320]],"properties":{"anthrome":54}},{"type":"Polygon","arcs":[[3321,3322]],"properties":{"anthrome":54}},{"type":"Polygon","arcs":[[3323,3324,3325,3326]],"properties":{"anthrome":52}},{"type":"Polygon","arcs":[[-3292,3327]],"properties":{"anthrome":52}},{"type":"Polygon","arcs":[[3328,3329,3330]],"properties":{"anthrome":62}},{"type":"Polygon","arcs":[[3331]],"properties":{"anthrome":62}},{"type":"Polygon","arcs":[[3332]],"properties":{"anthrome":54}},{"type":"Polygon","arcs":[[3333]],"properties":{"anthrome":54}},{"type":"Polygon","arcs":[[3334,3335]],"properties":{"anthrome":61}},{"type":"Polygon","arcs":[[3336,-3285,3337,3338,3339,3340]],"properties":{"anthrome":61}},{"type":"Polygon","arcs":[[-3314,3341,3342,3343]],"properties":{"anthrome":54}},{"type":"Polygon","arcs":[[3344,3345,3346,3347]],"properties":{"anthrome":61}},{"type":"Polygon","arcs":[[3348,3349,3350]],"properties":{"anthrome":61}},{"type":"Polygon","arcs":[[3351,3352,3353,3354]],"properties":{"anthrome":61}},{"type":"Polygon","arcs":[[3355]],"properties":{"anthrome":54}},{"type":"Polygon","arcs":[[3356]],"properties":{"anthrome":61}},{"type":"Polygon","arcs":[[3357,-3340]],"properties":{"anthrome":53}},{"type":"Polygon","arcs":[[3358,-2972,3359,3360,3361,3362,-3251,-3344,3363,3364,-3304,-3198,3365,3366,-3111,3367,3368],[-3114]],"properties":{"anthrome":61}},{"type":"Polygon","arcs":[[3369]],"properties":{"anthrome":61}},{"type":"Polygon","arcs":[[3370]],"properties":{"anthrome":52}},{"type":"Polygon","arcs":[[-3326,3371,3372,3373]],"properties":{"anthrome":62}},{"type":"Polygon","arcs":[[3374,3375]],"properties":{"anthrome":61}},{"type":"Polygon","arcs":[[3376,3377]],"properties":{"anthrome":62}},{"type":"Polygon","arcs":[[3378]],"properties":{"anthrome":62}},{"type":"Polygon","arcs":[[3379,3380,3381]],"properties":{"anthrome":53}},{"type":"Polygon","arcs":[[3382,3383]],"properties":{"anthrome":62}},{"type":"Polygon","arcs":[[3384,3385,3386]],"properties":{"anthrome":52}},{"type":"Polygon","arcs":[[3387]],"properties":{"anthrome":61}},{"type":"Polygon","arcs":[[3388,3389]],"properties":{"anthrome":54}},{"type":"Polygon","arcs":[[3390]],"properties":{"anthrome":61}},{"type":"Polygon","arcs":[[3391]],"properties":{"anthrome":53}},{"type":"Polygon","arcs":[[3392]],"properties":{"anthrome":62}},{"type":"Polygon","arcs":[[3393,3394,3395,3396]],"properties":{"anthrome":53}},{"type":"Polygon","arcs":[[3397,3398,3399,3400]],"properties":{"anthrome":54}},{"type":"Polygon","arcs":[[3401,3402]],"properties":{"anthrome":54}},{"type":"Polygon","arcs":[[3403]],"properties":{"anthrome":62}},{"type":"Polygon","arcs":[[3404]],"properties":{"anthrome":61}},{"type":"Polygon","arcs":[[3405,3406]],"properties":{"anthrome":61}},{"type":"Polygon","arcs":[[3407,3408]],"properties":{"anthrome":61}},{"type":"Polygon","arcs":[[3409,3410]],"properties":{"anthrome":53}},{"type":"Polygon","arcs":[[-3381,3411,3412,3413]],"properties":{"anthrome":63}},{"type":"Polygon","arcs":[[3414,3415,3416,-3412]],"properties":{"anthrome":62}},{"type":"Polygon","arcs":[[3417,3418,3419,-3416]],"properties":{"anthrome":63}},{"type":"Polygon","arcs":[[3420]],"properties":{"anthrome":54}},{"type":"Polygon","arcs":[[3421,3422]],"properties":{"anthrome":62}},{"type":"Polygon","arcs":[[3423,-3109,3424,3425,-3247,3426,-3297,-3367,3427,3428,-3310,3429,3430,3431,3432]],"properties":{"anthrome":54}},{"type":"Polygon","arcs":[[-3157,3433,3434,3435,3436,3437,3438,3439,3440,-3264,3441,3442]],"properties":{"anthrome":53}},{"type":"Polygon","arcs":[[3443,3444]],"properties":{"anthrome":61}},{"type":"Polygon","arcs":[[3445]],"properties":{"anthrome":61}},{"type":"Polygon","arcs":[[3446,3447,3448,3449,3450,-3399]],"properties":{"anthrome":62}},{"type":"Polygon","arcs":[[3451]],"properties":{"anthrome":61}},{"type":"Polygon","arcs":[[3452,3453]],"properties":{"anthrome":52}},{"type":"Polygon","arcs":[[3454,3455]],"properties":{"anthrome":53}},{"type":"Polygon","arcs":[[3456]],"properties":{"anthrome":61}},{"type":"Polygon","arcs":[[3457,3458,3459,3460]],"properties":{"anthrome":33}},{"type":"Polygon","arcs":[[3461,-3459]],"properties":{"anthrome":61}},{"type":"Polygon","arcs":[[3462,3463,3464]],"properties":{"anthrome":53}},{"type":"Polygon","arcs":[[3465,3466,3467,-3437]],"properties":{"anthrome":52}},{"type":"Polygon","arcs":[[3468,3469,3470,3471]],"properties":{"anthrome":52}},{"type":"Polygon","arcs":[[3472,3473,-3470]],"properties":{"anthrome":53}},{"type":"Polygon","arcs":[[3474,3475,3476]],"properties":{"anthrome":52}},{"type":"Polygon","arcs":[[3477,3478,3479]],"properties":{"anthrome":62}},{"type":"Polygon","arcs":[[3480]],"properties":{"anthrome":62}},{"type":"Polygon","arcs":[[3481]],"properties":{"anthrome":54}},{"type":"Polygon","arcs":[[3482]],"properties":{"anthrome":54}},{"type":"Polygon","arcs":[[3483]],"properties":{"anthrome":61}},{"type":"Polygon","arcs":[[3484,3485,3486,3487,3488]],"properties":{"anthrome":54}},{"type":"Polygon","arcs":[[3489,-3350,-3407,3490,3491]],"properties":{"anthrome":52}},{"type":"Polygon","arcs":[[3492,3493,3494,-3354]],"properties":{"anthrome":54}},{"type":"Polygon","arcs":[[3495,3496,3497,3498]],"properties":{"anthrome":61}},{"type":"Polygon","arcs":[[3499,3500,3501]],"properties":{"anthrome":52}},{"type":"Polygon","arcs":[[3502,3503]],"properties":{"anthrome":54}},{"type":"Polygon","arcs":[[3504,3505]],"properties":{"anthrome":61}},{"type":"Polygon","arcs":[[3506,3507],[-3221]],"properties":{"anthrome":54}},{"type":"Polygon","arcs":[[3508]],"properties":{"anthrome":54}},{"type":"Polygon","arcs":[[3509]],"properties":{"anthrome":54}},{"type":"Polygon","arcs":[[3510,3511,3512]],"properties":{"anthrome":54}},{"type":"Polygon","arcs":[[3513,3514,3515,3516]],"properties":{"anthrome":61}},{"type":"Polygon","arcs":[[3517,3518]],"properties":{"anthrome":52}},{"type":"Polygon","arcs":[[3519]],"properties":{"anthrome":54}},{"type":"Polygon","arcs":[[3520,3521]],"properties":{"anthrome":51}},{"type":"Polygon","arcs":[[3522,3523]],"properties":{"anthrome":61}},{"type":"Polygon","arcs":[[3524]],"properties":{"anthrome":53}},{"type":"Polygon","arcs":[[3525,-3487]],"properties":{"anthrome":62}},{"type":"Polygon","arcs":[[3526,3527,3528]],"properties":{"anthrome":63}},{"type":"Polygon","arcs":[[3529]],"properties":{"anthrome":62}},{"type":"Polygon","arcs":[[3530]],"properties":{"anthrome":54}},{"type":"Polygon","arcs":[[3531]],"properties":{"anthrome":54}},{"type":"Polygon","arcs":[[3532]],"properties":{"anthrome":52}},{"type":"Polygon","arcs":[[-3330,-3376,3533,-3476,3534,3535,3536,3537]],"properties":{"anthrome":53}},{"type":"Polygon","arcs":[[3538]],"properties":{"anthrome":53}},{"type":"Polygon","arcs":[[3539,3540]],"properties":{"anthrome":54}},{"type":"Polygon","arcs":[[3541]],"properties":{"anthrome":54}},{"type":"Polygon","arcs":[[3542,3543,3544,3545]],"properties":{"anthrome":54}},{"type":"Polygon","arcs":[[3546,3547,3548,-3544]],"properties":{"anthrome":61}},{"type":"Polygon","arcs":[[3549]],"properties":{"anthrome":34}},{"type":"Polygon","arcs":[[3550,3551]],"properties":{"anthrome":52}},{"type":"Polygon","arcs":[[3552]],"properties":{"anthrome":52}},{"type":"Polygon","arcs":[[3553,3554,3555,3556]],"properties":{"anthrome":62}},{"type":"Polygon","arcs":[[3557,3558,3559,-3555]],"properties":{"anthrome":51}},{"type":"Polygon","arcs":[[3560]],"properties":{"anthrome":53}},{"type":"Polygon","arcs":[[3561]],"properties":{"anthrome":53}},{"type":"Polygon","arcs":[[3562]],"properties":{"anthrome":54}},{"type":"Polygon","arcs":[[3563]],"properties":{"anthrome":53}},{"type":"Polygon","arcs":[[3564,-3318,3565,-3454,3566,3567,3568,-3257,3569]],"properties":{"anthrome":54}},{"type":"Polygon","arcs":[[3570,3571,3572,3573,3574,-3449,3575]],"properties":{"anthrome":54}},{"type":"Polygon","arcs":[[3576,3577,3578]],"properties":{"anthrome":54}},{"type":"Polygon","arcs":[[-3468,3579,3580,3581]],"properties":{"anthrome":53}},{"type":"Polygon","arcs":[[-3574,3582,3583,3584]],"properties":{"anthrome":61}},{"type":"Polygon","arcs":[[3585,3586,3587,3588]],"properties":{"anthrome":61}},{"type":"Polygon","arcs":[[3589,3590,3591]],"properties":{"anthrome":52}},{"type":"Polygon","arcs":[[3592]],"properties":{"anthrome":53}},{"type":"Polygon","arcs":[[3593,3594]],"properties":{"anthrome":62}},{"type":"Polygon","arcs":[[-3526,3595,3596]],"properties":{"anthrome":54}},{"type":"Polygon","arcs":[[3597]],"properties":{"anthrome":62}},{"type":"Polygon","arcs":[[3598,3599,-3587]],"properties":{"anthrome":54}},{"type":"Polygon","arcs":[[3600,3601,3602,3603]],"properties":{"anthrome":53}},{"type":"Polygon","arcs":[[3604,3605]],"properties":{"anthrome":53}},{"type":"Polygon","arcs":[[3606,3607]],"properties":{"anthrome":53}},{"type":"Polygon","arcs":[[3608,3609]],"properties":{"anthrome":53}},{"type":"Polygon","arcs":[[3610]],"properties":{"anthrome":62}},{"type":"Polygon","arcs":[[3611]],"properties":{"anthrome":54}},{"type":"Polygon","arcs":[[3612]],"properties":{"anthrome":54}},{"type":"Polygon","arcs":[[3613]],"properties":{"anthrome":52}},{"type":"Polygon","arcs":[[-3302,3614,3615,3616,3617,-3430]],"properties":{"anthrome":53}},{"type":"Polygon","arcs":[[3618,-3259,3619,-3568,3620,3621]],"properties":{"anthrome":53}},{"type":"Polygon","arcs":[[3622]],"properties":{"anthrome":54}},{"type":"Polygon","arcs":[[3623]],"properties":{"anthrome":54}},{"type":"Polygon","arcs":[[3624,3625]],"properties":{"anthrome":61}},{"type":"Polygon","arcs":[[3626,3627,3628,3629]],"properties":{"anthrome":61}},{"type":"Polygon","arcs":[[3630,3631,3632,-3628]],"properties":{"anthrome":54}},{"type":"Polygon","arcs":[[3633,3634]],"properties":{"anthrome":61}},{"type":"Polygon","arcs":[[3635,3636,-3578]],"properties":{"anthrome":53}},{"type":"Polygon","arcs":[[3637,3638,3639]],"properties":{"anthrome":52}},{"type":"Polygon","arcs":[[3640]],"properties":{"anthrome":54}},{"type":"Polygon","arcs":[[3641]],"properties":{"anthrome":62}},{"type":"Polygon","arcs":[[3642]],"properties":{"anthrome":53}},{"type":"Polygon","arcs":[[3643]],"properties":{"anthrome":54}},{"type":"Polygon","arcs":[[3644,3645,3646,3647,3648]],"properties":{"anthrome":53}},{"type":"Polygon","arcs":[[3649,3650,3651]],"properties":{"anthrome":61}},{"type":"Polygon","arcs":[[3652,3653,-3647]],"properties":{"anthrome":54}},{"type":"Polygon","arcs":[[-3639,3654,3655]],"properties":{"anthrome":61}},{"type":"Polygon","arcs":[[3656,3657]],"properties":{"anthrome":61}},{"type":"Polygon","arcs":[[3658,-3645,3659,3660,3661,-3455,3662]],"properties":{"anthrome":54}},{"type":"Polygon","arcs":[[-3439,-3465,3663,3664,3665,3666,3667,-3608,3668,3669,3670,-3604,3671,3672,3673,3674,3675,-3559,-3521,3676,-3503,3677,-3409,3678,-3461,3679,-3524,3680,-3410,3681],[-3561]],"properties":{"anthrome":52}},{"type":"Polygon","arcs":[[3682,-3572,3683,3684,3685,-3584]],"properties":{"anthrome":53}},{"type":"Polygon","arcs":[[3686,3687,3688]],"properties":{"anthrome":54}},{"type":"Polygon","arcs":[[3689,3690,3691,3692]],"properties":{"anthrome":61}},{"type":"Polygon","arcs":[[3693,3694,3695,-3691]],"properties":{"anthrome":52}},{"type":"Polygon","arcs":[[3696,3697,-3685]],"properties":{"anthrome":61}},{"type":"Polygon","arcs":[[3698,3699,3700,-3697]],"properties":{"anthrome":53}},{"type":"Polygon","arcs":[[3701,3702,3703]],"properties":{"anthrome":61}},{"type":"Polygon","arcs":[[3704]],"properties":{"anthrome":53}},{"type":"Polygon","arcs":[[3705]],"properties":{"anthrome":53}},{"type":"Polygon","arcs":[[3706,3707,3708]],"properties":{"anthrome":61}},{"type":"Polygon","arcs":[[-3674,3709,3710]],"properties":{"anthrome":53}},{"type":"Polygon","arcs":[[3711,3712]],"properties":{"anthrome":62}},{"type":"Polygon","arcs":[[3713]],"properties":{"anthrome":63}},{"type":"Polygon","arcs":[[3714,3715]],"properties":{"anthrome":62}},{"type":"Polygon","arcs":[[3716]],"properties":{"anthrome":63}},{"type":"Polygon","arcs":[[3717]],"properties":{"anthrome":62}},{"type":"Polygon","arcs":[[3718,3719]],"properties":{"anthrome":62}},{"type":"Polygon","arcs":[[-2782,-2762,-2764,-2802,-3168,3720,-3278,3721,-2748,3722,3723,-2889,3724,3725,-3341,3726,-3498,-3585,3727,3728,-3626,-3652,3729,3730,-3193,3731,-2844,-3047,3732,-2301,3733,3734,3735,-2351,3736,-3042,-3041],[-2411],[-2720],[-2721],[-2770],[-3357],[-3446]],"properties":{"anthrome":53}},{"type":"Polygon","arcs":[[3737,3738,3739,3740,-3699,-3684]],"properties":{"anthrome":54}},{"type":"Polygon","arcs":[[3741,3742,3743,3744,3745,3746,3747,3748,3749,3750,3751,3752,-3395],[-3564],[3753,3754]],"properties":{"anthrome":52}},{"type":"Polygon","arcs":[[3755]],"properties":{"anthrome":62}},{"type":"Polygon","arcs":[[3756,3757]],"properties":{"anthrome":52}},{"type":"Polygon","arcs":[[3758]],"properties":{"anthrome":54}},{"type":"Polygon","arcs":[[3759,3760,3761]],"properties":{"anthrome":53}},{"type":"Polygon","arcs":[[3762]],"properties":{"anthrome":62}},{"type":"Polygon","arcs":[[-3698,3763,3764]],"properties":{"anthrome":53}},{"type":"Polygon","arcs":[[-3701,3765,3766,-3764]],"properties":{"anthrome":61}},{"type":"Polygon","arcs":[[3767]],"properties":{"anthrome":61}},{"type":"Polygon","arcs":[[-3688,3768,3769,3770]],"properties":{"anthrome":61}},{"type":"Polygon","arcs":[[3771,3772,3773]],"properties":{"anthrome":54}},{"type":"Polygon","arcs":[[3774]],"properties":{"anthrome":62}},{"type":"Polygon","arcs":[[3775,3776]],"properties":{"anthrome":62}},{"type":"Polygon","arcs":[[3777]],"properties":{"anthrome":53}},{"type":"Polygon","arcs":[[3778,3779]],"properties":{"anthrome":61}},{"type":"Polygon","arcs":[[-3710,3780,3781]],"properties":{"anthrome":52}},{"type":"Polygon","arcs":[[3782]],"properties":{"anthrome":62}},{"type":"Polygon","arcs":[[-3715,3783,3784]],"properties":{"anthrome":54}},{"type":"Polygon","arcs":[[3785,-3784]],"properties":{"anthrome":62}},{"type":"Polygon","arcs":[[3786]],"properties":{"anthrome":54}},{"type":"Polygon","arcs":[[3787,-3785,3788,3789,3790,3791,3792,3793,3794],[-3488,-3597,-3596,-3486,-3485,3795],[-3333],[-3624]],"properties":{"anthrome":62}},{"type":"Polygon","arcs":[[3796,-3720,3797,3798]],"properties":{"anthrome":54}},{"type":"Polygon","arcs":[[3799]],"properties":{"anthrome":53}},{"type":"Polygon","arcs":[[3800,3801]],"properties":{"anthrome":54}},{"type":"Polygon","arcs":[[3802]],"properties":{"anthrome":54}},{"type":"Polygon","arcs":[[3803,3804,3805,3806]],"properties":{"anthrome":62}},{"type":"Polygon","arcs":[[3807,3808,3809,3810]],"properties":{"anthrome":54}},{"type":"Polygon","arcs":[[3811]],"properties":{"anthrome":61}},{"type":"Polygon","arcs":[[3812,3813]],"properties":{"anthrome":54}},{"type":"Polygon","arcs":[[3814,-3790]],"properties":{"anthrome":54}},{"type":"Polygon","arcs":[[3815]],"properties":{"anthrome":62}},{"type":"Polygon","arcs":[[3816,3817,-3811,3818,3819]],"properties":{"anthrome":61}},{"type":"Polygon","arcs":[[3820,-3616,3821,-3588,3822,3823,3824,3825,3826,3827,3828],[-3768]],"properties":{"anthrome":54}},{"type":"Polygon","arcs":[[-3767,3829,3830]],"properties":{"anthrome":53}},{"type":"Polygon","arcs":[[3831,3832,3833]],"properties":{"anthrome":62}},{"type":"Polygon","arcs":[[3834,3835,3836]],"properties":{"anthrome":54}},{"type":"Polygon","arcs":[[3837]],"properties":{"anthrome":54}},{"type":"Polygon","arcs":[[-3827,3838]],"properties":{"anthrome":53}},{"type":"Polygon","arcs":[[3839]],"properties":{"anthrome":62}},{"type":"Polygon","arcs":[[3840,3841,3842]],"properties":{"anthrome":34}},{"type":"Polygon","arcs":[[3843,3844,3845]],"properties":{"anthrome":52}},{"type":"Polygon","arcs":[[3846,3847,3848]],"properties":{"anthrome":61}},{"type":"Polygon","arcs":[[3849,-3848]],"properties":{"anthrome":33}},{"type":"Polygon","arcs":[[3850,3851,3852]],"properties":{"anthrome":53}},{"type":"Polygon","arcs":[[3853,-3851]],"properties":{"anthrome":52}},{"type":"Polygon","arcs":[[3854,3855]],"properties":{"anthrome":61}},{"type":"Polygon","arcs":[[3856,3857]],"properties":{"anthrome":61}},{"type":"Polygon","arcs":[[-3740,3858,3859,3860,3861,3862,-3830]],"properties":{"anthrome":61}},{"type":"Polygon","arcs":[[3863,3864,3865,3866,-3809]],"properties":{"anthrome":53}},{"type":"Polygon","arcs":[[-3839,3867]],"properties":{"anthrome":54}},{"type":"Polygon","arcs":[[3868,3869,3870]],"properties":{"anthrome":54}},{"type":"Polygon","arcs":[[3871,3872,3873,3874]],"properties":{"anthrome":52}},{"type":"Polygon","arcs":[[3875,3876,3877,3878]],"properties":{"anthrome":53}},{"type":"Polygon","arcs":[[3879,3880,3881,3882]],"properties":{"anthrome":52}},{"type":"Polygon","arcs":[[3883,3884]],"properties":{"anthrome":54}},{"type":"Polygon","arcs":[[-3833,3885,3886]],"properties":{"anthrome":54}},{"type":"Polygon","arcs":[[3887,3888,3889,-3886]],"properties":{"anthrome":53}},{"type":"Polygon","arcs":[[-3863,3890,3891]],"properties":{"anthrome":53}},{"type":"Polygon","arcs":[[3892,3893,3894]],"properties":{"anthrome":61}},{"type":"Polygon","arcs":[[3895,-3865]],"properties":{"anthrome":54}},{"type":"Polygon","arcs":[[3896]],"properties":{"anthrome":61}},{"type":"Polygon","arcs":[[3897]],"properties":{"anthrome":62}},{"type":"Polygon","arcs":[[3898,3899]],"properties":{"anthrome":62}},{"type":"Polygon","arcs":[[3900,3901]],"properties":{"anthrome":62}},{"type":"Polygon","arcs":[[-3842,3902,3903]],"properties":{"anthrome":61}},{"type":"Polygon","arcs":[[3904,-3876,3905]],"properties":{"anthrome":54}},{"type":"Polygon","arcs":[[3906,-3883,3907,3908,-3845]],"properties":{"anthrome":53}},{"type":"Polygon","arcs":[[3909,3910,3911]],"properties":{"anthrome":52}},{"type":"Polygon","arcs":[[3912,-3911]],"properties":{"anthrome":61}},{"type":"Polygon","arcs":[[3913,3914]],"properties":{"anthrome":62}},{"type":"Polygon","arcs":[[3915]],"properties":{"anthrome":54}},{"type":"Polygon","arcs":[[3916,3917,3918,3919]],"properties":{"anthrome":63}},{"type":"Polygon","arcs":[[-3852,3920]],"properties":{"anthrome":52}},{"type":"Polygon","arcs":[[3921]],"properties":{"anthrome":53}},{"type":"Polygon","arcs":[[3922,3923,3924,-3772,3925,-3820,3926,3927,3928,-3895,3929,3930,3931,3932,3933,3934,3935,3936,3937,-3548],[-3630,3938,-3632,3939]],"properties":{"anthrome":53}},{"type":"Polygon","arcs":[[-2647,-2646,-2645,-838,-2638,3940,-1558,3941,-2636,-2635,3942,3943,3944,3945,3946,3947,3948,3949,3950,-1992,3951,3952,3953,3954,3955,3956,3957,3958,3959,3960,3961,3962,-3501,3963,-3323,3964,-3320,3965,3966,3967,-2977,3968,-3212,3969,-3445,3970,3971,3972,-3814,3973,-3871,3974,-3801,-3779,3975,-3634,3976,-3551,3977,-3494,3978,-3352,3979,-3153,3980,-3570,3981,3982,-2513,3983,-2414,3984,3985,-2149,3986,-1989,-1965,3987,3988,-1856,3989,-1740,3990,-1592,-1520,3991,3992,-2060,3993,-1911,3994,3995,-1553,3996,-1523,3997,-1607,3998,-1603,3999,-1551,4000,-1135,-1049,4001,-1017,4002,-954,4003,-891,-835,-2654,-1020,4004,-1420,4005,-1340,4006,-1417,4007,-1120,4008,4009,-2652,-2651,-2650,4010,4011,-2648],[-858],[-986,4012,4013,-1242,4014,-1814,4015,-1887,4016,4017,-1875,4018,-1608,4019,-1464,4020,-1343,4021,4022],[-1022],[-1091],[-1124],[-1051],[-1052],[4023,4024,-1147],[-1173],[-1243],[-1345,4025],[-1374],[-1397],[-1398],[-1479],[-1480],[-1481],[-1509],[-1524],[-1525],[-1526],[-1527],[-1556],[4026],[-1659],[-1665],[-1691],[-1914],[-1877],[-1897],[-1898],[-1899],[-1900],[-1933],[-1993],[-2151],[-2191],[-2240],[4027],[-2383],[-2384],[-2416],[-2516],[-2476],[-2515],[-2768],[-2984,-2983,4028,-3186,-3185,4029,-2981,4030,-2795,4031],[-2867],[-2868],[-2933,-2894],[-2915,-2916],[-2917],[-2962,-2963],[-2942],[-2943],[-2975],[-3119],[-3156],[-3213],[-3260],[-3371],[4032,4033,-3541],[-3520],[-3553],[-3641]],"properties":{"anthrome":53}},{"type":"Polygon","arcs":[[-3815,4034]],"properties":{"anthrome":62}},{"type":"Polygon","arcs":[[4035,4036,4037]],"properties":{"anthrome":53}},{"type":"Polygon","arcs":[[4038,-3906,4039,4040,4041,4042]],"properties":{"anthrome":52}},{"type":"Polygon","arcs":[[4043,-3932,4044,4045]],"properties":{"anthrome":62}},{"type":"Polygon","arcs":[[4046,4047,4048]],"properties":{"anthrome":61}},{"type":"Polygon","arcs":[[4049]],"properties":{"anthrome":54}},{"type":"Polygon","arcs":[[4050,4051]],"properties":{"anthrome":62}},{"type":"Polygon","arcs":[[4052,4053]],"properties":{"anthrome":62}},{"type":"Polygon","arcs":[[4054,4055,4056,4057]],"properties":{"anthrome":52}},{"type":"Polygon","arcs":[[4058]],"properties":{"anthrome":63}},{"type":"Polygon","arcs":[[4059]],"properties":{"anthrome":63}},{"type":"Polygon","arcs":[[4060]],"properties":{"anthrome":62}},{"type":"Polygon","arcs":[[4061]],"properties":{"anthrome":54}},{"type":"Polygon","arcs":[[4062,4063]],"properties":{"anthrome":61}},{"type":"Polygon","arcs":[[4064,4065,4066,4067]],"properties":{"anthrome":53}},{"type":"Polygon","arcs":[[-3890,4068]],"properties":{"anthrome":62}},{"type":"Polygon","arcs":[[4069,4070,4071,4072]],"properties":{"anthrome":53}},{"type":"Polygon","arcs":[[4073,4074]],"properties":{"anthrome":52}},{"type":"Polygon","arcs":[[4075]],"properties":{"anthrome":52}},{"type":"Polygon","arcs":[[4076,4077,4078]],"properties":{"anthrome":61}},{"type":"Polygon","arcs":[[4079]],"properties":{"anthrome":54}},{"type":"Polygon","arcs":[[4080,4081]],"properties":{"anthrome":61}},{"type":"Polygon","arcs":[[4082]],"properties":{"anthrome":62}},{"type":"Polygon","arcs":[[4083,4084]],"properties":{"anthrome":62}},{"type":"Polygon","arcs":[[-4067,4085]],"properties":{"anthrome":61}},{"type":"Polygon","arcs":[[4086]],"properties":{"anthrome":62}},{"type":"Polygon","arcs":[[-3874,4087,4088,4089,4090]],"properties":{"anthrome":53}},{"type":"Polygon","arcs":[[4091,4092]],"properties":{"anthrome":53}},{"type":"Polygon","arcs":[[4093,4094,4095,-4071]],"properties":{"anthrome":52}},{"type":"Polygon","arcs":[[4096,4097,-4095]],"properties":{"anthrome":62}},{"type":"Polygon","arcs":[[4098]],"properties":{"anthrome":53}},{"type":"Polygon","arcs":[[4099,4100,4101,4102]],"properties":{"anthrome":42}},{"type":"Polygon","arcs":[[4103,4104,4105,4106]],"properties":{"anthrome":63}},{"type":"Polygon","arcs":[[4107,4108,4109,4110]],"properties":{"anthrome":62}},{"type":"Polygon","arcs":[[4111,4112,4113,-4109]],"properties":{"anthrome":63}},{"type":"Polygon","arcs":[[4114,4115,4116,4117]],"properties":{"anthrome":52}},{"type":"Polygon","arcs":[[-4049,4118,4119]],"properties":{"anthrome":53}},{"type":"Polygon","arcs":[[4120,-3896,4121]],"properties":{"anthrome":62}},{"type":"Polygon","arcs":[[4122,4123]],"properties":{"anthrome":53}},{"type":"Polygon","arcs":[[4124]],"properties":{"anthrome":54}},{"type":"Polygon","arcs":[[4125]],"properties":{"anthrome":53}},{"type":"Polygon","arcs":[[4126]],"properties":{"anthrome":54}},{"type":"Polygon","arcs":[[4127,4128,4129]],"properties":{"anthrome":54}},{"type":"Polygon","arcs":[[-4102,4130,4131,4132]],"properties":{"anthrome":32}},{"type":"Polygon","arcs":[[4133,4134,4135,4136]],"properties":{"anthrome":63}},{"type":"Polygon","arcs":[[4137]],"properties":{"anthrome":62}},{"type":"Polygon","arcs":[[-4110,4138]],"properties":{"anthrome":54}},{"type":"Polygon","arcs":[[4139,4140]],"properties":{"anthrome":63}},{"type":"Polygon","arcs":[[4141,4142,4143,4144]],"properties":{"anthrome":54}},{"type":"Polygon","arcs":[[4145]],"properties":{"anthrome":53}},{"type":"Polygon","arcs":[[4146]],"properties":{"anthrome":61}},{"type":"Polygon","arcs":[[4147]],"properties":{"anthrome":62}},{"type":"Polygon","arcs":[[4148]],"properties":{"anthrome":63}},{"type":"Polygon","arcs":[[4149]],"properties":{"anthrome":62}},{"type":"Polygon","arcs":[[4150,4151]],"properties":{"anthrome":62}},{"type":"Polygon","arcs":[[4152,-4107,4153,4154]],"properties":{"anthrome":62}},{"type":"Polygon","arcs":[[4155,4156,4157,4158,4159,-4141,4160,4161,4162,-4139,4163,4164,4165,4166,-3920,4167,4168,4169,4170],[-3507,-3508],[-3334],[-3421],[-3482],[-3483],[-3531],[-3532],[-3563],[-3612],[-3613],[-3787],[-3916],[-4062]],"properties":{"anthrome":62}},{"type":"Polygon","arcs":[[4171]],"properties":{"anthrome":52}},{"type":"Polygon","arcs":[[4172,4173]],"properties":{"anthrome":62}},{"type":"Polygon","arcs":[[4174,4175,4176]],"properties":{"anthrome":53}},{"type":"Polygon","arcs":[[4177,4178,4179]],"properties":{"anthrome":32}},{"type":"Polygon","arcs":[[4180]],"properties":{"anthrome":54}},{"type":"Polygon","arcs":[[4181,4182,4183]],"properties":{"anthrome":62}},{"type":"Polygon","arcs":[[4184,4185,-4183]],"properties":{"anthrome":63}},{"type":"Polygon","arcs":[[4186,4187,4188,4189]],"properties":{"anthrome":63}},{"type":"Polygon","arcs":[[4190]],"properties":{"anthrome":53}},{"type":"Polygon","arcs":[[4191,4192]],"properties":{"anthrome":61}},{"type":"Polygon","arcs":[[4193,4194,4195]],"properties":{"anthrome":53}},{"type":"Polygon","arcs":[[4196,4197,4198]],"properties":{"anthrome":62}},{"type":"Polygon","arcs":[[4199,-4129]],"properties":{"anthrome":53}},{"type":"Polygon","arcs":[[4200,4201,4202,4203]],"properties":{"anthrome":62}},{"type":"Polygon","arcs":[[4204]],"properties":{"anthrome":62}},{"type":"Polygon","arcs":[[4205,4206,4207]],"properties":{"anthrome":52}},{"type":"Polygon","arcs":[[4208,4209,4210]],"properties":{"anthrome":62}},{"type":"Polygon","arcs":[[4211]],"properties":{"anthrome":62}},{"type":"Polygon","arcs":[[-4198,4212]],"properties":{"anthrome":54}},{"type":"Polygon","arcs":[[4213]],"properties":{"anthrome":62}},{"type":"Polygon","arcs":[[4214,4215]],"properties":{"anthrome":62}},{"type":"Polygon","arcs":[[-4189,4216,4217,4218]],"properties":{"anthrome":62}},{"type":"Polygon","arcs":[[4219]],"properties":{"anthrome":62}},{"type":"Polygon","arcs":[[4220,4221,4222,4223]],"properties":{"anthrome":52}},{"type":"Polygon","arcs":[[4224]],"properties":{"anthrome":62}},{"type":"Polygon","arcs":[[4225]],"properties":{"anthrome":52}},{"type":"Polygon","arcs":[[4226]],"properties":{"anthrome":62}},{"type":"Polygon","arcs":[[4227,4228]],"properties":{"anthrome":53}},{"type":"Polygon","arcs":[[4229,4230,4231,4232]],"properties":{"anthrome":53}},{"type":"Polygon","arcs":[[4233]],"properties":{"anthrome":62}},{"type":"Polygon","arcs":[[4234]],"properties":{"anthrome":52}},{"type":"Polygon","arcs":[[4235]],"properties":{"anthrome":53}},{"type":"Polygon","arcs":[[4236]],"properties":{"anthrome":62}},{"type":"Polygon","arcs":[[4237,4238]],"properties":{"anthrome":62}},{"type":"Polygon","arcs":[[4239]],"properties":{"anthrome":52}},{"type":"Polygon","arcs":[[4240,4241]],"properties":{"anthrome":62}},{"type":"Polygon","arcs":[[4242]],"properties":{"anthrome":62}},{"type":"Polygon","arcs":[[4243,4244]],"properties":{"anthrome":61}},{"type":"Polygon","arcs":[[4245,4246]],"properties":{"anthrome":61}},{"type":"Polygon","arcs":[[4247,4248,4249,4250]],"properties":{"anthrome":61}},{"type":"Polygon","arcs":[[4251,4252,4253,-4249]],"properties":{"anthrome":62}},{"type":"Polygon","arcs":[[4254,-4253]],"properties":{"anthrome":61}},{"type":"Polygon","arcs":[[4255,-3806,4256,-3934,4257,-4046,4258,4259,4260,-3928,-3867,-4120,4261,4262,-4121,-4199,4263,4264,4265,4266,4267,-4231,4268,-4209,4269,4270],[-4212]],"properties":{"anthrome":54}},{"type":"Polygon","arcs":[[4271,4272]],"properties":{"anthrome":62}},{"type":"Polygon","arcs":[[4273,4274,4275,4276]],"properties":{"anthrome":61}},{"type":"Polygon","arcs":[[4277,4278,4279,-4275]],"properties":{"anthrome":53}},{"type":"Polygon","arcs":[[4280,4281]],"properties":{"anthrome":62}},{"type":"Polygon","arcs":[[4282]],"properties":{"anthrome":62}},{"type":"Polygon","arcs":[[4283]],"properties":{"anthrome":62}},{"type":"Polygon","arcs":[[4284]],"properties":{"anthrome":62}},{"type":"Polygon","arcs":[[4285,4286]],"properties":{"anthrome":54}},{"type":"Polygon","arcs":[[4287]],"properties":{"anthrome":62}},{"type":"Polygon","arcs":[[4288]],"properties":{"anthrome":54}},{"type":"Polygon","arcs":[[4289,4290,4291,4292]],"properties":{"anthrome":61}},{"type":"Polygon","arcs":[[4293,4294]],"properties":{"anthrome":32}},{"type":"Polygon","arcs":[[4295]],"properties":{"anthrome":54}},{"type":"Polygon","arcs":[[4296]],"properties":{"anthrome":52}},{"type":"Polygon","arcs":[[4297]],"properties":{"anthrome":53}},{"type":"Polygon","arcs":[[4298,4299,4300,4301]],"properties":{"anthrome":53}},{"type":"Polygon","arcs":[[4302,4303,4304,-4300]],"properties":{"anthrome":61}},{"type":"Polygon","arcs":[[4305]],"properties":{"anthrome":62}},{"type":"Polygon","arcs":[[4306]],"properties":{"anthrome":53}},{"type":"Polygon","arcs":[[4307]],"properties":{"anthrome":62}},{"type":"Polygon","arcs":[[4308]],"properties":{"anthrome":62}},{"type":"Polygon","arcs":[[4309]],"properties":{"anthrome":54}},{"type":"Polygon","arcs":[[4310]],"properties":{"anthrome":61}},{"type":"Polygon","arcs":[[4311]],"properties":{"anthrome":62}},{"type":"Polygon","arcs":[[4312,4313]],"properties":{"anthrome":53}},{"type":"Polygon","arcs":[[4314,4315,4316]],"properties":{"anthrome":52}},{"type":"Polygon","arcs":[[4317]],"properties":{"anthrome":53}},{"type":"Polygon","arcs":[[4318,4319,4320]],"properties":{"anthrome":54}},{"type":"Polygon","arcs":[[4321,4322,-4320]],"properties":{"anthrome":61}},{"type":"Polygon","arcs":[[4323,4324,4325]],"properties":{"anthrome":54}},{"type":"Polygon","arcs":[[4326,4327,4328,-4324]],"properties":{"anthrome":53}},{"type":"Polygon","arcs":[[4329,4330]],"properties":{"anthrome":61}},{"type":"Polygon","arcs":[[4331,4332]],"properties":{"anthrome":62}},{"type":"Polygon","arcs":[[4333]],"properties":{"anthrome":62}},{"type":"Polygon","arcs":[[4334]],"properties":{"anthrome":54}},{"type":"Polygon","arcs":[[4335,4336]],"properties":{"anthrome":62}},{"type":"Polygon","arcs":[[4337]],"properties":{"anthrome":54}},{"type":"Polygon","arcs":[[4338,4339,4340]],"properties":{"anthrome":53}},{"type":"Polygon","arcs":[[4341,4342]],"properties":{"anthrome":61}},{"type":"Polygon","arcs":[[4343]],"properties":{"anthrome":61}},{"type":"Polygon","arcs":[[4344,4345,-4292,-4321,4346,4347]],"properties":{"anthrome":62}},{"type":"Polygon","arcs":[[4348]],"properties":{"anthrome":62}},{"type":"Polygon","arcs":[[4349,-4332]],"properties":{"anthrome":54}},{"type":"Polygon","arcs":[[4350,4351]],"properties":{"anthrome":62}},{"type":"Polygon","arcs":[[4352]],"properties":{"anthrome":62}},{"type":"Polygon","arcs":[[4353]],"properties":{"anthrome":54}},{"type":"Polygon","arcs":[[4354]],"properties":{"anthrome":53}},{"type":"Polygon","arcs":[[4355,4356]],"properties":{"anthrome":62}},{"type":"Polygon","arcs":[[4357]],"properties":{"anthrome":62}},{"type":"Polygon","arcs":[[4358,4359]],"properties":{"anthrome":62}},{"type":"Polygon","arcs":[[4360,4361,4362]],"properties":{"anthrome":53}},{"type":"Polygon","arcs":[[4363,4364]],"properties":{"anthrome":53}},{"type":"Polygon","arcs":[[4365]],"properties":{"anthrome":61}},{"type":"Polygon","arcs":[[4366]],"properties":{"anthrome":62}},{"type":"Polygon","arcs":[[4367]],"properties":{"anthrome":62}},{"type":"Polygon","arcs":[[4368]],"properties":{"anthrome":62}},{"type":"Polygon","arcs":[[4369]],"properties":{"anthrome":62}},{"type":"Polygon","arcs":[[4370]],"properties":{"anthrome":54}},{"type":"Polygon","arcs":[[4371]],"properties":{"anthrome":62}},{"type":"Polygon","arcs":[[4372,4373]],"properties":{"anthrome":62}},{"type":"Polygon","arcs":[[4374,4375]],"properties":{"anthrome":54}},{"type":"Polygon","arcs":[[4376,-3750,4377,4378,4379,-4376,4380,4381,4382,4383,-4222,4384,4385,4386,-4118,4387,-4145,4388,-4208,4389,4390,-3921,-3854,4391],[-3533],[-4076],[-4172]],"properties":{"anthrome":53}},{"type":"Polygon","arcs":[[-3105,4392,-3432,4393,4394,-3829,-3828,-3868,-3826,4395,-3703,4396,-3823,-3600,4397,-3511,4398,4399,-3403,-3343,4400,-3316,4401,4402,-3201,4403,4404,-3517,4405,4406,-3689,-4271,4407,4408,4409,4410,4411,4412,-4077,4413,-3836,4414,4415,-3738,-3571,-3284,4416,4417,-3245,4418],[-3509],[-3542],[-3510],[-3803],[-3838],[-4080],[-4289]],"properties":{"anthrome":62}},{"type":"Polygon","arcs":[[4419,4420]],"properties":{"anthrome":62}},{"type":"Polygon","arcs":[[4421,4422]],"properties":{"anthrome":54}},{"type":"Polygon","arcs":[[4423]],"properties":{"anthrome":62}},{"type":"Polygon","arcs":[[4424,4425]],"properties":{"anthrome":54}},{"type":"Polygon","arcs":[[4426,4427]],"properties":{"anthrome":52}},{"type":"Polygon","arcs":[[4428,4429,4430]],"properties":{"anthrome":53}},{"type":"Polygon","arcs":[[4431]],"properties":{"anthrome":53}},{"type":"Polygon","arcs":[[4432,4433]],"properties":{"anthrome":53}},{"type":"Polygon","arcs":[[4434]],"properties":{"anthrome":53}},{"type":"Polygon","arcs":[[4435]],"properties":{"anthrome":62}},{"type":"Polygon","arcs":[[4436]],"properties":{"anthrome":53}},{"type":"Polygon","arcs":[[4437]],"properties":{"anthrome":54}},{"type":"Polygon","arcs":[[4438]],"properties":{"anthrome":62}},{"type":"Polygon","arcs":[[4439,4440,4441]],"properties":{"anthrome":53}},{"type":"Polygon","arcs":[[4442,4443]],"properties":{"anthrome":62}},{"type":"Polygon","arcs":[[-4360,4444,4445,4446,-4351,4447]],"properties":{"anthrome":54}},{"type":"Polygon","arcs":[[4448]],"properties":{"anthrome":54}},{"type":"Polygon","arcs":[[4449]],"properties":{"anthrome":62}},{"type":"Polygon","arcs":[[4450]],"properties":{"anthrome":54}},{"type":"Polygon","arcs":[[4451]],"properties":{"anthrome":53}},{"type":"Polygon","arcs":[[4452,4453,4454]],"properties":{"anthrome":53}},{"type":"Polygon","arcs":[[-1563,-1623,-1674,-1642,4455,-2602,-1907,-1948,-2601,-2600,-2167,4456,-2409,4457,-2593,4458,-2759,4459,-2958,4460,4461,-3658,4462,-4286,-4246,4463,4464,4465,-3335,4466,-3273,4467,-2953,4468,-2997,-3130,4469,-3167,-3227,4470,-3389,4471,-4192,4472,-4251,4473,-4343,4474,4475,-4244,4476,-3858,4477,-3855,4478,4479,-3695,4480,-3746,-3745,4481,4482,4483,4484,-3268,-3223,4485,4486,4487,4488,4489,-2425,4490,4491,4492,4493,-2253,4494,-1670,-1621],[-2011],[-2078,-2077],[-2330],[-2331],[-2378],[-2756],[-2926],[-2961],[-2952],[-2993],[-2994],[-3164],[-3225],[-3356],[-3391],[-3614],[-4127],[-4147],[-4311]],"properties":{"anthrome":53}},{"type":"Polygon","arcs":[[4495,4496,4497,4498,4499]],"properties":{"anthrome":53}},{"type":"Polygon","arcs":[[4500]],"properties":{"anthrome":62}},{"type":"Polygon","arcs":[[4501,4502,4503]],"properties":{"anthrome":61}},{"type":"Polygon","arcs":[[4504,4505]],"properties":{"anthrome":52}},{"type":"Polygon","arcs":[[-4499,4506,-4505]],"properties":{"anthrome":54}},{"type":"Polygon","arcs":[[4507]],"properties":{"anthrome":61}},{"type":"Polygon","arcs":[[4508,4509,4510,4511,4512]],"properties":{"anthrome":54}},{"type":"Polygon","arcs":[[4513]],"properties":{"anthrome":54}},{"type":"Polygon","arcs":[[4514,4515]],"properties":{"anthrome":62}},{"type":"Polygon","arcs":[[4516,4517]],"properties":{"anthrome":62}},{"type":"Polygon","arcs":[[4518,-4455,4519,4520,4521,4522]],"properties":{"anthrome":54}},{"type":"Polygon","arcs":[[4523,4524]],"properties":{"anthrome":53}},{"type":"Polygon","arcs":[[4525,4526]],"properties":{"anthrome":62}},{"type":"Polygon","arcs":[[4527,4528,4529]],"properties":{"anthrome":62}},{"type":"Polygon","arcs":[[4530,4531,4532,-4511]],"properties":{"anthrome":62}},{"type":"Polygon","arcs":[[4533,4534,4535,-4532]],"properties":{"anthrome":61}},{"type":"Polygon","arcs":[[4536,4537,4538,4539]],"properties":{"anthrome":54}},{"type":"Polygon","arcs":[[4540,4541]],"properties":{"anthrome":62}},{"type":"Polygon","arcs":[[4542]],"properties":{"anthrome":54}},{"type":"Polygon","arcs":[[4543]],"properties":{"anthrome":62}},{"type":"Polygon","arcs":[[4544,4545,4546]],"properties":{"anthrome":52}},{"type":"Polygon","arcs":[[4547,4548,4549,4550],[-4181],[-4296]],"properties":{"anthrome":62}},{"type":"Polygon","arcs":[[-4213,4551,-4326,4552,-4328,4553,4554,4555,4556,4557,-4264],[-4422,-4423],[-4449]],"properties":{"anthrome":62}},{"type":"Polygon","arcs":[[4558,4559]],"properties":{"anthrome":61}},{"type":"Polygon","arcs":[[4560]],"properties":{"anthrome":53}},{"type":"Polygon","arcs":[[4561]],"properties":{"anthrome":54}},{"type":"Polygon","arcs":[[4562,-4538]],"properties":{"anthrome":63}},{"type":"Polygon","arcs":[[4563,4564]],"properties":{"anthrome":62}},{"type":"Polygon","arcs":[[4565]],"properties":{"anthrome":54}},{"type":"Polygon","arcs":[[4566,4567]],"properties":{"anthrome":53}},{"type":"Polygon","arcs":[[-4546,4568,4569,4570]],"properties":{"anthrome":61}},{"type":"Polygon","arcs":[[4571,4572]],"properties":{"anthrome":54}},{"type":"Polygon","arcs":[[4573]],"properties":{"anthrome":62}},{"type":"Polygon","arcs":[[4574,4575,4576]],"properties":{"anthrome":53}},{"type":"Polygon","arcs":[[4577,4578,4579,4580]],"properties":{"anthrome":54}},{"type":"Polygon","arcs":[[4581]],"properties":{"anthrome":53}},{"type":"Polygon","arcs":[[4582,4583]],"properties":{"anthrome":61}},{"type":"Polygon","arcs":[[4584,4585,4586,-4564]],"properties":{"anthrome":54}},{"type":"Polygon","arcs":[[4587,4588]],"properties":{"anthrome":54}},{"type":"Polygon","arcs":[[4589]],"properties":{"anthrome":54}},{"type":"Polygon","arcs":[[4590,4591]],"properties":{"anthrome":62}},{"type":"Polygon","arcs":[[4592]],"properties":{"anthrome":53}},{"type":"Polygon","arcs":[[4593,4594,4595,4596,4597,4598,-4572,4599]],"properties":{"anthrome":62}},{"type":"Polygon","arcs":[[-4541,4600,4601,4602]],"properties":{"anthrome":54}},{"type":"Polygon","arcs":[[4603,4604]],"properties":{"anthrome":62}},{"type":"Polygon","arcs":[[-4586,4605,4606,4607]],"properties":{"anthrome":62}},{"type":"Polygon","arcs":[[4608]],"properties":{"anthrome":62}},{"type":"Polygon","arcs":[[-4599,4609]],"properties":{"anthrome":54}},{"type":"Polygon","arcs":[[4610,-4597]],"properties":{"anthrome":54}},{"type":"Polygon","arcs":[[4611]],"properties":{"anthrome":62}},{"type":"Polygon","arcs":[[4612]],"properties":{"anthrome":54}},{"type":"Polygon","arcs":[[4613,4614]],"properties":{"anthrome":62}},{"type":"Polygon","arcs":[[4615]],"properties":{"anthrome":52}},{"type":"Polygon","arcs":[[4616,4617,4618]],"properties":{"anthrome":52}},{"type":"Polygon","arcs":[[4619]],"properties":{"anthrome":54}},{"type":"Polygon","arcs":[[-3306,4620,-3622,4621,4622,-3900,4623,-3902,4624,-4085,4625,4626,-4337,4627,4628,4629,4630,4631,-4443,4632,-4314,4633,4634,4635,-4036,4636,4637,-3776,4638,-3518,4639],[-3539],[-3706],[-3800],[-3778],[-4235],[-4236],[-4334],[-4372],[-4424]],"properties":{"anthrome":54}},{"type":"Polygon","arcs":[[4640,4641,4642,-4595]],"properties":{"anthrome":54}},{"type":"Polygon","arcs":[[-4606,4643]],"properties":{"anthrome":54}},{"type":"Polygon","arcs":[[4644]],"properties":{"anthrome":62}},{"type":"Polygon","arcs":[[4645]],"properties":{"anthrome":62}},{"type":"Polygon","arcs":[[4646,4647]],"properties":{"anthrome":62}},{"type":"Polygon","arcs":[[-4607,4648]],"properties":{"anthrome":54}},{"type":"Polygon","arcs":[[-4596,4649,4650,4651]],"properties":{"anthrome":54}},{"type":"Polygon","arcs":[[-4643,4652,-4650]],"properties":{"anthrome":62}},{"type":"Polygon","arcs":[[4653]],"properties":{"anthrome":54}},{"type":"Polygon","arcs":[[4654,4655]],"properties":{"anthrome":54}},{"type":"Polygon","arcs":[[4656]],"properties":{"anthrome":52}},{"type":"Polygon","arcs":[[4657,4658,4659,4660]],"properties":{"anthrome":54}},{"type":"Polygon","arcs":[[4661]],"properties":{"anthrome":52}},{"type":"Polygon","arcs":[[-4547,-4619,4662,4663,4664,4665,4666]],"properties":{"anthrome":53}},{"type":"Polygon","arcs":[[4667]],"properties":{"anthrome":54}},{"type":"Polygon","arcs":[[-4598,4668,4669]],"properties":{"anthrome":54}},{"type":"Polygon","arcs":[[4670,4671,4672]],"properties":{"anthrome":53}},{"type":"Polygon","arcs":[[-4651,4673]],"properties":{"anthrome":62}},{"type":"Polygon","arcs":[[4674,4675,4676,4677]],"properties":{"anthrome":53}},{"type":"Polygon","arcs":[[4678]],"properties":{"anthrome":52}},{"type":"Polygon","arcs":[[4679,4680]],"properties":{"anthrome":62}},{"type":"Polygon","arcs":[[-4653,4681,4682]],"properties":{"anthrome":54}},{"type":"Polygon","arcs":[[4683]],"properties":{"anthrome":53}},{"type":"Polygon","arcs":[[4684,4685]],"properties":{"anthrome":62}},{"type":"Polygon","arcs":[[4686]],"properties":{"anthrome":52}},{"type":"Polygon","arcs":[[4687,4688,4689]],"properties":{"anthrome":62}},{"type":"Polygon","arcs":[[4690,4691]],"properties":{"anthrome":61}},{"type":"Polygon","arcs":[[4692,4693,4694]],"properties":{"anthrome":61}},{"type":"Polygon","arcs":[[4695]],"properties":{"anthrome":54}},{"type":"Polygon","arcs":[[4696]],"properties":{"anthrome":54}},{"type":"Polygon","arcs":[[4697]],"properties":{"anthrome":62}},{"type":"Polygon","arcs":[[4698,4699]],"properties":{"anthrome":52}},{"type":"Polygon","arcs":[[4700]],"properties":{"anthrome":52}},{"type":"Polygon","arcs":[[4701,4702]],"properties":{"anthrome":54}},{"type":"Polygon","arcs":[[4703,4704]],"properties":{"anthrome":54}},{"type":"Polygon","arcs":[[4705]],"properties":{"anthrome":54}},{"type":"Polygon","arcs":[[4706,4707,4708,4709]],"properties":{"anthrome":52}},{"type":"Polygon","arcs":[[4710,4711]],"properties":{"anthrome":52}},{"type":"Polygon","arcs":[[4712,-3799,4713,-3885,4714,4715,-4064,4716,4717,4718,4719,4720,-4667,4721,4722,4723,4724,-4703,4725,4726,4727,-4579,-4578,4728,4729,4730,4731,4732,-4497,4733,4734,4735,4736,4737,-4361,-4382,4738,-4434,-4380,-4379,-4378],[-3922],[-4126],[-4146],[-4191],[-4364,-4365],[-4435],[-4432],[-4452],[-4523,4739,-4568,4740,-4521,4741,-4524,-4454,4742]],"properties":{"anthrome":52}},{"type":"Polygon","arcs":[[4743,4744]],"properties":{"anthrome":62}},{"type":"Polygon","arcs":[[4745,4746,4747]],"properties":{"anthrome":52}},{"type":"Polygon","arcs":[[4748,4749]],"properties":{"anthrome":62}},{"type":"Polygon","arcs":[[4750,-4695,4751,-4691]],"properties":{"anthrome":53}},{"type":"Polygon","arcs":[[4752]],"properties":{"anthrome":54}},{"type":"Polygon","arcs":[[4753,4754]],"properties":{"anthrome":54}},{"type":"Polygon","arcs":[[4755,4756,4757]],"properties":{"anthrome":54}},{"type":"Polygon","arcs":[[4758,4759,4760]],"properties":{"anthrome":62}},{"type":"Polygon","arcs":[[4761,4762]],"properties":{"anthrome":62}},{"type":"Polygon","arcs":[[4763,-4719]],"properties":{"anthrome":61}},{"type":"Polygon","arcs":[[-2741,4764,4765,4766,-2849,4767,-2892,4768,-3118,4769,4770,4771,-3492,4772,-3758,4773,-4331,4774,4775,4776,4777,-4504,4778,-4540,4779,-4559,4780,4781,-4513,4782,4783,4784,-3345,4785,-3151,4786,-3026,4787,-3252,4788,-3115,4789,4790,-3023],[-2772],[-2932],[-3100],[4791],[-3202],[-3203],[-3254],[-3255],[-3370],[-3405],[-3452],[-3623],[-3812],[-3897]],"properties":{"anthrome":53}},{"type":"Polygon","arcs":[[4792,4793]],"properties":{"anthrome":53}},{"type":"Polygon","arcs":[[4794]],"properties":{"anthrome":54}},{"type":"Polygon","arcs":[[4795,4796]],"properties":{"anthrome":62}},{"type":"Polygon","arcs":[[4797,4798,4799]],"properties":{"anthrome":53}},{"type":"Polygon","arcs":[[4800]],"properties":{"anthrome":53}},{"type":"Polygon","arcs":[[4801,4802]],"properties":{"anthrome":61}},{"type":"Polygon","arcs":[[4803]],"properties":{"anthrome":54}},{"type":"Polygon","arcs":[[4804]],"properties":{"anthrome":54}},{"type":"Polygon","arcs":[[4805]],"properties":{"anthrome":54}},{"type":"Polygon","arcs":[[4806,4807]],"properties":{"anthrome":54}},{"type":"Polygon","arcs":[[-4757,4808]],"properties":{"anthrome":62}},{"type":"Polygon","arcs":[[4809,4810,4811]],"properties":{"anthrome":62}},{"type":"Polygon","arcs":[[-4720,4812,4813]],"properties":{"anthrome":61}},{"type":"Polygon","arcs":[[4814]],"properties":{"anthrome":53}},{"type":"Polygon","arcs":[[4815,4816,4817]],"properties":{"anthrome":52}},{"type":"Polygon","arcs":[[4818,4819]],"properties":{"anthrome":61}},{"type":"Polygon","arcs":[[4820]],"properties":{"anthrome":54}},{"type":"Polygon","arcs":[[4821,4822]],"properties":{"anthrome":54}},{"type":"Polygon","arcs":[[4823,4824,4825,4826]],"properties":{"anthrome":54}},{"type":"Polygon","arcs":[[4827,4828,4829]],"properties":{"anthrome":52}},{"type":"Polygon","arcs":[[-4583,4830,-4673,4831,-4690,4832,4833,4834,-4776,4835]],"properties":{"anthrome":54}},{"type":"Polygon","arcs":[[-4834,4836,4837,4838]],"properties":{"anthrome":62}},{"type":"Polygon","arcs":[[4839,-4797,4840,4841]],"properties":{"anthrome":54}},{"type":"Polygon","arcs":[[4842,-4665,4843,4844,4845,4846,4847,4848,-4830,4849,4850,-4723]],"properties":{"anthrome":54}},{"type":"Polygon","arcs":[[-4838,4851]],"properties":{"anthrome":61}},{"type":"Polygon","arcs":[[4852]],"properties":{"anthrome":62}},{"type":"Polygon","arcs":[[4853]],"properties":{"anthrome":53}},{"type":"Polygon","arcs":[[4854,4855]],"properties":{"anthrome":61}},{"type":"Polygon","arcs":[[4856,4857]],"properties":{"anthrome":54}},{"type":"Polygon","arcs":[[4858,4859]],"properties":{"anthrome":62}},{"type":"Polygon","arcs":[[4860]],"properties":{"anthrome":53}},{"type":"Polygon","arcs":[[-4826,4861,4862,4863]],"properties":{"anthrome":53}},{"type":"Polygon","arcs":[[4864]],"properties":{"anthrome":54}},{"type":"Polygon","arcs":[[4865]],"properties":{"anthrome":61}},{"type":"Polygon","arcs":[[4866,4867,4868,-4823,-4858,4869,-4756,-4682,-4642,-4641,4870,4871],[-4338],[-4451],[-4514],[-4590],[-4654],[-4821]],"properties":{"anthrome":62}},{"type":"Polygon","arcs":[[4872,4873]],"properties":{"anthrome":53}},{"type":"Polygon","arcs":[[4874]],"properties":{"anthrome":54}},{"type":"Polygon","arcs":[[4875]],"properties":{"anthrome":53}},{"type":"Polygon","arcs":[[4876]],"properties":{"anthrome":53}},{"type":"Polygon","arcs":[[4877,4878]],"properties":{"anthrome":62}},{"type":"Polygon","arcs":[[4879]],"properties":{"anthrome":54}},{"type":"Polygon","arcs":[[4880]],"properties":{"anthrome":62}},{"type":"Polygon","arcs":[[4881]],"properties":{"anthrome":53}},{"type":"Polygon","arcs":[[4882,4883]],"properties":{"anthrome":33}},{"type":"Polygon","arcs":[[4884]],"properties":{"anthrome":54}},{"type":"Polygon","arcs":[[4885]],"properties":{"anthrome":54}},{"type":"Polygon","arcs":[[4886,-4814,4887,-4884,4888,4889]],"properties":{"anthrome":52}},{"type":"Polygon","arcs":[[4890]],"properties":{"anthrome":54}},{"type":"Polygon","arcs":[[4891,4892,4893,4894]],"properties":{"anthrome":53}},{"type":"Polygon","arcs":[[4895]],"properties":{"anthrome":53}},{"type":"Polygon","arcs":[[4896,4897]],"properties":{"anthrome":54}},{"type":"Polygon","arcs":[[4898]],"properties":{"anthrome":53}},{"type":"Polygon","arcs":[[4899]],"properties":{"anthrome":54}},{"type":"Polygon","arcs":[[4900]],"properties":{"anthrome":54}},{"type":"Polygon","arcs":[[4901]],"properties":{"anthrome":62}},{"type":"Polygon","arcs":[[4902,4903,4904]],"properties":{"anthrome":54}},{"type":"Polygon","arcs":[[4905]],"properties":{"anthrome":62}},{"type":"Polygon","arcs":[[4906,4907]],"properties":{"anthrome":53}},{"type":"Polygon","arcs":[[4908]],"properties":{"anthrome":52}},{"type":"Polygon","arcs":[[4909,4910,-4897,4911]],"properties":{"anthrome":52}},{"type":"Polygon","arcs":[[-4874,4912]],"properties":{"anthrome":61}},{"type":"Polygon","arcs":[[-4856,4913,4914,4915]],"properties":{"anthrome":53}},{"type":"Polygon","arcs":[[4916,4917]],"properties":{"anthrome":52}},{"type":"Polygon","arcs":[[4918]],"properties":{"anthrome":61}},{"type":"Polygon","arcs":[[4919,4920,4921]],"properties":{"anthrome":61}},{"type":"Polygon","arcs":[[4922]],"properties":{"anthrome":62}},{"type":"Polygon","arcs":[[4923]],"properties":{"anthrome":54}},{"type":"Polygon","arcs":[[4924,4925,4926,4927]],"properties":{"anthrome":54}},{"type":"Polygon","arcs":[[4928]],"properties":{"anthrome":51}},{"type":"Polygon","arcs":[[-4721,-4887,-4890,4929,4930,4931,-4846,4932,4933,-4704,4934,4935,-4659,4936,4937,-4570,4938],[-4662],[-4712,-4711]],"properties":{"anthrome":53}},{"type":"Polygon","arcs":[[4939]],"properties":{"anthrome":53}},{"type":"Polygon","arcs":[[-4516,4940,4941,4942,-4869],[-4612]],"properties":{"anthrome":54}},{"type":"Polygon","arcs":[[4943]],"properties":{"anthrome":53}},{"type":"Polygon","arcs":[[4944,4945,4946]],"properties":{"anthrome":54}},{"type":"Polygon","arcs":[[-4915,4947]],"properties":{"anthrome":61}},{"type":"Polygon","arcs":[[4948,4949,4950]],"properties":{"anthrome":53}},{"type":"Polygon","arcs":[[4951,4952,4953,-4949]],"properties":{"anthrome":52}},{"type":"Polygon","arcs":[[4954]],"properties":{"anthrome":54}},{"type":"Polygon","arcs":[[4955,4956]],"properties":{"anthrome":61}},{"type":"Polygon","arcs":[[4957,4958]],"properties":{"anthrome":54}},{"type":"Polygon","arcs":[[-4921,4959,4960]],"properties":{"anthrome":53}},{"type":"Polygon","arcs":[[4961]],"properties":{"anthrome":54}},{"type":"Polygon","arcs":[[-3728,-3686,-3765,-3831,-3892,4962,4963,4964,-4412,4965,4966,4967,4968,-4685,4969,4970,-4878,4971,-4744,4972,-4604,4973,-4526,4974,-4420,4975,4976,-4272,4977,-4229,4978,-4173,-4123,4979,-3888,-3832,4980,4981,-3650,4982],[-4298],[-4355],[-4437],[-4944]],"properties":{"anthrome":54}},{"type":"Polygon","arcs":[[4983,4984]],"properties":{"anthrome":53}},{"type":"Polygon","arcs":[[4985,4986,4987,4988]],"properties":{"anthrome":54}},{"type":"Polygon","arcs":[[4989,4990]],"properties":{"anthrome":61}},{"type":"Polygon","arcs":[[4991]],"properties":{"anthrome":53}},{"type":"Polygon","arcs":[[4992,4993,4994,4995]],"properties":{"anthrome":54}},{"type":"Polygon","arcs":[[4996]],"properties":{"anthrome":54}},{"type":"Polygon","arcs":[[4997]],"properties":{"anthrome":52}},{"type":"Polygon","arcs":[[4998,4999]],"properties":{"anthrome":52}},{"type":"Polygon","arcs":[[5000,5001,5002,5003,-4910,-4817,5004,5005,-4747,5006,5007],[-4687]],"properties":{"anthrome":53}},{"type":"Polygon","arcs":[[5008,5009,5010]],"properties":{"anthrome":54}},{"type":"Polygon","arcs":[[-5003,5011]],"properties":{"anthrome":54}},{"type":"Polygon","arcs":[[5012,5013]],"properties":{"anthrome":54}},{"type":"Polygon","arcs":[[5014,5015,5016]],"properties":{"anthrome":62}},{"type":"Polygon","arcs":[[5017]],"properties":{"anthrome":61}},{"type":"Polygon","arcs":[[-4990,5018,5019]],"properties":{"anthrome":53}},{"type":"Polygon","arcs":[[5020,5021,-5019]],"properties":{"anthrome":61}},{"type":"Polygon","arcs":[[5022,5023]],"properties":{"anthrome":62}},{"type":"Polygon","arcs":[[5024,5025,5026]],"properties":{"anthrome":53}},{"type":"Polygon","arcs":[[5027]],"properties":{"anthrome":53}},{"type":"Polygon","arcs":[[5028]],"properties":{"anthrome":54}},{"type":"Polygon","arcs":[[5029,5030,5031,5032]],"properties":{"anthrome":54}},{"type":"Polygon","arcs":[[5033]],"properties":{"anthrome":51}},{"type":"Polygon","arcs":[[5034,5035,-4999,5036,-4917,5037]],"properties":{"anthrome":53}},{"type":"Polygon","arcs":[[5038,5039,5040,-4987]],"properties":{"anthrome":61}},{"type":"Polygon","arcs":[[5041]],"properties":{"anthrome":54}},{"type":"Polygon","arcs":[[5042]],"properties":{"anthrome":54}},{"type":"Polygon","arcs":[[5043,5044,5045,5046]],"properties":{"anthrome":54}},{"type":"Polygon","arcs":[[5047,-5035]],"properties":{"anthrome":54}},{"type":"Polygon","arcs":[[5048]],"properties":{"anthrome":61}},{"type":"Polygon","arcs":[[5049]],"properties":{"anthrome":52}},{"type":"Polygon","arcs":[[5050,5051]],"properties":{"anthrome":61}},{"type":"Polygon","arcs":[[5052]],"properties":{"anthrome":61}},{"type":"Polygon","arcs":[[5053]],"properties":{"anthrome":61}},{"type":"Polygon","arcs":[[5054,5055]],"properties":{"anthrome":54}},{"type":"Polygon","arcs":[[5056,5057,5058,5059]],"properties":{"anthrome":54}},{"type":"Polygon","arcs":[[5060,5061,5062,-5058]],"properties":{"anthrome":53}},{"type":"Polygon","arcs":[[5063,5064]],"properties":{"anthrome":61}},{"type":"Polygon","arcs":[[5065,5066,5067,-5064]],"properties":{"anthrome":62}},{"type":"Polygon","arcs":[[5068]],"properties":{"anthrome":61}},{"type":"Polygon","arcs":[[5069]],"properties":{"anthrome":54}},{"type":"Polygon","arcs":[[5070]],"properties":{"anthrome":54}},{"type":"Polygon","arcs":[[5071,5072]],"properties":{"anthrome":53}},{"type":"Polygon","arcs":[[5073]],"properties":{"anthrome":54}},{"type":"Polygon","arcs":[[-5032,5074,5075,5076]],"properties":{"anthrome":53}},{"type":"Polygon","arcs":[[5077,-5075]],"properties":{"anthrome":54}},{"type":"Polygon","arcs":[[5078,5079,5080]],"properties":{"anthrome":53}},{"type":"Polygon","arcs":[[5081]],"properties":{"anthrome":61}},{"type":"Polygon","arcs":[[5082,-1797,5083,-1818,5084,-1820,-1827,-2464,-2463,-2728,5085,-2459,5086,5087,-2731,5088,-2481,5089,-2454,5090,-2222,5091,-2451,5092,5093,-2620,5094,-2391,5095,5096,-2284,-2292,5097,-2341,-2204,5098,-2159,-2100,5099,-2105,5100,5101,-2075,5102,-2228,-2243,5103,-2502,5104,-2394,-2520,5105,-2522,5106,-2496,5107,-2492,5108,-2421,-2489,5109,-2325,5110,5111,-2206,5112,5113,5114,5115,5116,-2186,5117,-2258,5118,-2229,5119,-2245,5120,-2328,5121,-2255,5122,-4493,-4492,5123,-2427,5124,-4489,-4488,5125,-3163,5126,-3224,-3270,5127,5128,-3387,5129,5130,-3743,5131,-3397,5132,-3752,5133,-4392,-3853,-4391,5134,5135,-4386,5136,-4224,5137,-4383,-4363,5138,5139,-4431,5140,-4735,5141,-4500,-4506,-4732,5142,5143,5144,5145,5146,-4615,5147,5148,5149,5150,5151,-4575,5152,5153,5154,-4428,5155,5156,5157,5158,-4675,5159,5160,5161,-4895,5162,5163,5164,5165,5166,5167,-4860,5168,5169,5170,-4811,-4762,5171,-4761,5172,-4591,5173,-4518,5174,5175,-4515,-4868,-4867,-4872,-4871,-4594,-4600,5176,5177,-4374,5178,-4294,5179,-4073,5180,-4092,5181,-4040,-3879,5182,-4042,5183,-4089,5184,-3872,5185,5186,-4151,5187,5188,5189,5190,5191,5192,-4068,5193,5194,5195,-3962,5196,5197,-3590,5198,-3957,5199,5200,-3373,5201,5202,5203,-3781,-3673,5204,-3602,5205,-3606,5206,-3670,5207,-3667,5208,-3610,5209,-3665,5210,-3463,-3438,-3582,-3581,5211,5212,-3472,5213,-3473,-3435,5214,-3537,5215,-3595,5216,5217,-3762,5218,-3849,-3912,5219,-4132,5220,5221,-4056,5222,-4075,5223,5224,-3791,-4035,-3789,-3786,-3716,-3788,-3795,-3794,5225,-3377,5226,-3265,5227,-3101,-2948,-2895,5228,-2922,-2947,-2989,5229,5230,-3215,-3441,5231,-3295,5232,-3142,5233,-2919,5234,-2986,-3120,5235,-3955,-3954,-3953,-3952,-2062,-3951,-3950,-3949,-3948,-3947,5236,-1858,5237,-3944],[-1934],[-1935],[-1967],[-1968],[-2063],[-2094],[-2152],[-2192],[-2193],[-2377],[-2311],[-2312],[-2313],[-2352],[-2318,5238,-2320,5239],[-2322],[-2369],[-2370],[-2478],[-2470],[-2389],[-2397],[-2418,-2417],[-2419],[-2477],[-2524],[-2517],[-2813,-2812],[-2725],[-2732],[-2752],[-2753],[-2754],[-2755],[-2769],[-2798],[-2773],[-2774],[-2775],[-2776],[-2847],[-2881],[-2806],[-2839],[-3132],[-2840],[-2869],[-2998],[-2897],[-2898],[-2944,5240],[-2923],[-2924],[-2925],[-2934],[-2999],[-3236,-3235,-3237],[-2950],[-4170,-4169,5241,-3918,5242,-4166,-4165,5243,-4113,5244,-4111,-4163,-4162,5245,-4159,-4158,-4157,-4156,-4171],[-2951],[-2987],[-2990],[-2991],[-2992],[-3122],[-3124,-3123],[-3125],[-3126],[-3127],[-3143],[-3128],[-3159],[-3160],[-3308],[-3239],[-3242,5246,-3218,5247],[-3267],[-3307],[-3332],[-3383,-3384],[-3379],[5248,5249,-3419,5250,-3380],[-3422,-3423],[5251,-3528,5252,-3478],[-3481],[-3525],[-3530],[-3593],[-3562],[-3598],[-3643],[-3611],[-3642],[-3756],[-3717],[-3763],[-3718],[-3783],[-3816],[5253,5254,-3881,5255],[-4059],[-4060],[-4061],[-4099],[5256,-4178,5257,-4548,-4551],[-4149],[-4155,5258,-4105,5259],[-4204,-4203,5260,5261,-4184,-4216,5262,-4185,-4135,5263],[-4138],[5264,-4218,5265,-4187],[-4205],[-4225],[-4227],[-4214],[-4220],[-4237],[-4239,-4238],[-4240],[-4312],[-4242,-4241],[-4243],[-4288],[-4282,-4281],[-4297],[-4283],[-4284],[-4285],[-4307],[5266,-4339,5267,-4317],[-4308],[-4309],[-4353],[-4367],[-4368],[-4369],[-4436],[-4450],[-4439],[-4544],[-4574],[-4593],[-4684],[-4698],[-4815],[-4906]],"properties":{"anthrome":54}},{"type":"Polygon","arcs":[[5268]],"properties":{"anthrome":54}},{"type":"Polygon","arcs":[[5269]],"properties":{"anthrome":53}},{"type":"Polygon","arcs":[[5270]],"properties":{"anthrome":54}},{"type":"Polygon","arcs":[[5271,5272]],"properties":{"anthrome":53}},{"type":"Polygon","arcs":[[5273,-4931,-4957,5274,5275,5276,5277,5278,-4848]],"properties":{"anthrome":52}},{"type":"Polygon","arcs":[[5279,5280]],"properties":{"anthrome":54}},{"type":"Polygon","arcs":[[5281,5282,5283]],"properties":{"anthrome":53}},{"type":"Polygon","arcs":[[5284,5285]],"properties":{"anthrome":61}},{"type":"Polygon","arcs":[[5286,5287]],"properties":{"anthrome":61}},{"type":"Polygon","arcs":[[5288]],"properties":{"anthrome":54}},{"type":"Polygon","arcs":[[5289]],"properties":{"anthrome":62}},{"type":"Polygon","arcs":[[5290,5291,5292,5293,5294,-5026]],"properties":{"anthrome":52}},{"type":"Polygon","arcs":[[-5046,5295,5296,5297]],"properties":{"anthrome":53}},{"type":"Polygon","arcs":[[5298]],"properties":{"anthrome":54}},{"type":"Polygon","arcs":[[5299]],"properties":{"anthrome":54}},{"type":"Polygon","arcs":[[5300,5301]],"properties":{"anthrome":61}},{"type":"Polygon","arcs":[[5302,-5293,5303,5304,5305]],"properties":{"anthrome":53}},{"type":"Polygon","arcs":[[5306,5307]],"properties":{"anthrome":62}},{"type":"Polygon","arcs":[[5308,5309,5310,5311]],"properties":{"anthrome":62}},{"type":"Polygon","arcs":[[5312,5313,5314,-5310]],"properties":{"anthrome":54}},{"type":"Polygon","arcs":[[5315,5316]],"properties":{"anthrome":61}},{"type":"Polygon","arcs":[[-5301,5317,5318]],"properties":{"anthrome":53}},{"type":"Polygon","arcs":[[5319,5320]],"properties":{"anthrome":61}},{"type":"Polygon","arcs":[[-5297,5321,5322,-5304]],"properties":{"anthrome":61}},{"type":"Polygon","arcs":[[5323]],"properties":{"anthrome":53}},{"type":"Polygon","arcs":[[5324,-4947,5325,5326,5327,5328,5329,-5078,-5031,5330,5331,5332,-4926],[-4997]],"properties":{"anthrome":53}},{"type":"Polygon","arcs":[[5333,5334,5335]],"properties":{"anthrome":54}},{"type":"Polygon","arcs":[[5336,5337,5338]],"properties":{"anthrome":54}},{"type":"Polygon","arcs":[[5339]],"properties":{"anthrome":61}},{"type":"Polygon","arcs":[[5340]],"properties":{"anthrome":51}},{"type":"Polygon","arcs":[[5341,5342,5343,-5307,5344]],"properties":{"anthrome":54}},{"type":"Polygon","arcs":[[-5311,5345,5346]],"properties":{"anthrome":63}},{"type":"Polygon","arcs":[[5347,5348,5349,-5346]],"properties":{"anthrome":61}},{"type":"Polygon","arcs":[[5350]],"properties":{"anthrome":54}},{"type":"Polygon","arcs":[[5351]],"properties":{"anthrome":62}},{"type":"Polygon","arcs":[[5352]],"properties":{"anthrome":62}},{"type":"Polygon","arcs":[[5353]],"properties":{"anthrome":54}},{"type":"Polygon","arcs":[[5354,-5334]],"properties":{"anthrome":62}},{"type":"Polygon","arcs":[[5355]],"properties":{"anthrome":61}},{"type":"Polygon","arcs":[[5356,5357,5358]],"properties":{"anthrome":53}},{"type":"Polygon","arcs":[[5359,5360,5361,5362]],"properties":{"anthrome":53}},{"type":"Polygon","arcs":[[5363]],"properties":{"anthrome":54}},{"type":"Polygon","arcs":[[5364,5365]],"properties":{"anthrome":61}},{"type":"Polygon","arcs":[[5366]],"properties":{"anthrome":54}},{"type":"Polygon","arcs":[[5367]],"properties":{"anthrome":54}},{"type":"Polygon","arcs":[[-4959,-4989,5368,-5040,5369,-5317,5370,5371,5372,5373,5374,-5349,5375,-5314,5376,-5287,5377,-5067,5378,-5015,5379,-5057,-5014,-5056,5380]],"properties":{"anthrome":53}},{"type":"Polygon","arcs":[[5381]],"properties":{"anthrome":62}},{"type":"Polygon","arcs":[[5382]],"properties":{"anthrome":62}},{"type":"Polygon","arcs":[[5383,5384]],"properties":{"anthrome":53}},{"type":"Polygon","arcs":[[5385,5386,5387]],"properties":{"anthrome":53}},{"type":"Polygon","arcs":[[-5362,5388,5389,-5386]],"properties":{"anthrome":54}},{"type":"Polygon","arcs":[[5390,5391,5392,-5389]],"properties":{"anthrome":52}},{"type":"Polygon","arcs":[[-5052,5393,5394,5395]],"properties":{"anthrome":52}},{"type":"Polygon","arcs":[[5396,-5329,5397,5398,5399,5400,5401,5402,-5361,5403,5404]],"properties":{"anthrome":54}},{"type":"Polygon","arcs":[[5405,5406,5407,-5343,5408,-5283]],"properties":{"anthrome":52}},{"type":"Polygon","arcs":[[5409,5410,-5373]],"properties":{"anthrome":61}},{"type":"Polygon","arcs":[[5411,5412]],"properties":{"anthrome":61}},{"type":"Polygon","arcs":[[5413,5414]],"properties":{"anthrome":62}},{"type":"Polygon","arcs":[[5415]],"properties":{"anthrome":52}},{"type":"Polygon","arcs":[[5416]],"properties":{"anthrome":61}},{"type":"Polygon","arcs":[[5417]],"properties":{"anthrome":61}},{"type":"Polygon","arcs":[[5418,5419,5420]],"properties":{"anthrome":54}},{"type":"Polygon","arcs":[[5421,-5419]],"properties":{"anthrome":62}},{"type":"Polygon","arcs":[[5422,5423,5424,5425]],"properties":{"anthrome":53}},{"type":"Polygon","arcs":[[5426]],"properties":{"anthrome":54}},{"type":"Polygon","arcs":[[5427]],"properties":{"anthrome":54}},{"type":"Polygon","arcs":[[5428,5429]],"properties":{"anthrome":61}},{"type":"Polygon","arcs":[[5430]],"properties":{"anthrome":61}},{"type":"Polygon","arcs":[[5431,5432]],"properties":{"anthrome":54}},{"type":"Polygon","arcs":[[5433,-5359,-5385,-5426,5434,5435,5436,5437]],"properties":{"anthrome":54}},{"type":"Polygon","arcs":[[5438]],"properties":{"anthrome":54}},{"type":"Polygon","arcs":[[5439,-5402,5440,5441,5442,5443]],"properties":{"anthrome":53}},{"type":"Polygon","arcs":[[5444]],"properties":{"anthrome":54}},{"type":"Polygon","arcs":[[5445,5446]],"properties":{"anthrome":54}},{"type":"Polygon","arcs":[[5447,5448]],"properties":{"anthrome":62}},{"type":"Polygon","arcs":[[-5393,5449,5450]],"properties":{"anthrome":54}},{"type":"Polygon","arcs":[[5451]],"properties":{"anthrome":54}},{"type":"Polygon","arcs":[[5452,5453]],"properties":{"anthrome":51}},{"type":"Polygon","arcs":[[5454,5455],[-5382]],"properties":{"anthrome":54}},{"type":"Polygon","arcs":[[5456]],"properties":{"anthrome":54}},{"type":"Polygon","arcs":[[5457,5458]],"properties":{"anthrome":54}},{"type":"Polygon","arcs":[[-5420,5459,5460,-5458]],"properties":{"anthrome":62}},{"type":"Polygon","arcs":[[5461]],"properties":{"anthrome":62}},{"type":"Polygon","arcs":[[5462,5463]],"properties":{"anthrome":54}},{"type":"Polygon","arcs":[[5464]],"properties":{"anthrome":54}},{"type":"Polygon","arcs":[[-5443,5465,5466]],"properties":{"anthrome":52}},{"type":"Polygon","arcs":[[5467,5468,5469,5470,5471,-5401]],"properties":{"anthrome":53}},{"type":"Polygon","arcs":[[5472,5473,5474,5475]],"properties":{"anthrome":62}},{"type":"Polygon","arcs":[[5476,5477]],"properties":{"anthrome":54}},{"type":"Polygon","arcs":[[5478,5479,5480,5481]],"properties":{"anthrome":53}},{"type":"Polygon","arcs":[[5482,5483,-5480]],"properties":{"anthrome":54}},{"type":"Polygon","arcs":[[5484]],"properties":{"anthrome":52}},{"type":"Polygon","arcs":[[5485,5486,5487]],"properties":{"anthrome":61}},{"type":"Polygon","arcs":[[5488,5489]],"properties":{"anthrome":61}},{"type":"Polygon","arcs":[[5490,5491]],"properties":{"anthrome":61}},{"type":"Polygon","arcs":[[5492]],"properties":{"anthrome":62}},{"type":"Polygon","arcs":[[5493]],"properties":{"anthrome":62}},{"type":"Polygon","arcs":[[5494,5495]],"properties":{"anthrome":54}},{"type":"Polygon","arcs":[[5496]],"properties":{"anthrome":62}},{"type":"Polygon","arcs":[[5497,5498]],"properties":{"anthrome":54}},{"type":"Polygon","arcs":[[5499,5500]],"properties":{"anthrome":61}},{"type":"Polygon","arcs":[[5501,5502]],"properties":{"anthrome":61}},{"type":"Polygon","arcs":[[5503,-5482,5504,5505,5506]],"properties":{"anthrome":52}},{"type":"Polygon","arcs":[[5507,5508]],"properties":{"anthrome":53}},{"type":"Polygon","arcs":[[5509,5510]],"properties":{"anthrome":61}},{"type":"Polygon","arcs":[[5511,-5490,5512,5513,-5510]],"properties":{"anthrome":53}},{"type":"Polygon","arcs":[[5514,5515,5516,5517]],"properties":{"anthrome":61}},{"type":"Polygon","arcs":[[5518,5519]],"properties":{"anthrome":61}},{"type":"Polygon","arcs":[[5520,-5492,5521,5522,-5519]],"properties":{"anthrome":53}},{"type":"Polygon","arcs":[[5523,5524,5525,5526,5527,5528,-5436]],"properties":{"anthrome":52}},{"type":"Polygon","arcs":[[-5506,5529]],"properties":{"anthrome":54}},{"type":"Polygon","arcs":[[5530]],"properties":{"anthrome":52}},{"type":"Polygon","arcs":[[-5475,5531,5532,-5513]],"properties":{"anthrome":54}},{"type":"Polygon","arcs":[[5533,5534,5535]],"properties":{"anthrome":54}},{"type":"Polygon","arcs":[[5536,5537,-5522]],"properties":{"anthrome":61}},{"type":"Polygon","arcs":[[5538]],"properties":{"anthrome":54}},{"type":"Polygon","arcs":[[5539]],"properties":{"anthrome":62}},{"type":"Polygon","arcs":[[5540,5541,5542]],"properties":{"anthrome":54}},{"type":"Polygon","arcs":[[5543,-5528]],"properties":{"anthrome":53}},{"type":"Polygon","arcs":[[5544]],"properties":{"anthrome":52}},{"type":"Polygon","arcs":[[5545,-5413,5546,5547,5548,5549,-5534,5550,-5515,5551,-5473,5552]],"properties":{"anthrome":53}},{"type":"Polygon","arcs":[[5553]],"properties":{"anthrome":61}},{"type":"Polygon","arcs":[[5554,5555]],"properties":{"anthrome":61}},{"type":"Polygon","arcs":[[5556]],"properties":{"anthrome":52}},{"type":"Polygon","arcs":[[-5555,5557]],"properties":{"anthrome":62}},{"type":"Polygon","arcs":[[-5550,5558]],"properties":{"anthrome":61}},{"type":"Polygon","arcs":[[5559,-5548]],"properties":{"anthrome":61}},{"type":"Polygon","arcs":[[-5523,5560]],"properties":{"anthrome":61}},{"type":"Polygon","arcs":[[5561]],"properties":{"anthrome":61}},{"type":"Polygon","arcs":[[5562]],"properties":{"anthrome":62}},{"type":"Polygon","arcs":[[5563,5564]],"properties":{"anthrome":62}},{"type":"Polygon","arcs":[[5565,5566,5567]],"properties":{"anthrome":54}},{"type":"Polygon","arcs":[[-5542,5568,-5566]],"properties":{"anthrome":62}},{"type":"Polygon","arcs":[[5569]],"properties":{"anthrome":54}},{"type":"Polygon","arcs":[[5570,5571,5572,5573,5574,5575,5576,5577,-5280,5578,-5002],[-5452]],"properties":{"anthrome":52}},{"type":"Polygon","arcs":[[5579,5580,5581,-5577]],"properties":{"anthrome":53}},{"type":"Polygon","arcs":[[5582]],"properties":{"anthrome":52}},{"type":"Polygon","arcs":[[5583]],"properties":{"anthrome":54}},{"type":"Polygon","arcs":[[5584]],"properties":{"anthrome":61}},{"type":"Polygon","arcs":[[5585,5586]],"properties":{"anthrome":62}},{"type":"Polygon","arcs":[[5587]],"properties":{"anthrome":62}},{"type":"Polygon","arcs":[[5588,5589,5590,5591]],"properties":{"anthrome":53}},{"type":"Polygon","arcs":[[5592,5593,5594,-5590]],"properties":{"anthrome":52}},{"type":"Polygon","arcs":[[5595]],"properties":{"anthrome":61}},{"type":"Polygon","arcs":[[-5472,5596,5597,5598,5599,5600,-5441]],"properties":{"anthrome":54}},{"type":"Polygon","arcs":[[5601,5602]],"properties":{"anthrome":61}},{"type":"Polygon","arcs":[[5603,5604]],"properties":{"anthrome":62}},{"type":"Polygon","arcs":[[-5582,5605,5606]],"properties":{"anthrome":54}},{"type":"Polygon","arcs":[[5607]],"properties":{"anthrome":63}},{"type":"Polygon","arcs":[[5608]],"properties":{"anthrome":62}},{"type":"Polygon","arcs":[[5609]],"properties":{"anthrome":62}},{"type":"Polygon","arcs":[[5610,5611,-1983,5612,-2141,5613,-2347,5614,-2359,5615,-2442,5616,-2439,5617,-3035,5618,-3233,5619,5620,-3347,5621,-4784,5622,-4648,-4681,-4750,5623,-4985,5624,-5396,-5395,5625,5626,5627,5628,-5575,5629,-5453,5630,-5573,-5572,5631,-5008,5632,5633,5634,-4818,-4912,5635,5636,5637,5638,-4528,5639,-4410,5640,-4177,5641,5642,-4277,5643,-4348,-4347,-4323,5644,-4556,-4555,5645,-4552,-4197,-4122,-3864,-3924,5646,-3515,5647,-4404,-3147,-3146,5648,-3137,-3140,5649,-4402,-3249,5650,-3362,-3361,5651,5652,5653,-2877,5654,-2827,5655,5656,-2930,5657,-3369,5658,-2968,5659,-3170,5660,-2910,5661,-2778,5662,-2401],[-2054],[-2357],[-2412],[-2510],[-2511],[-2722],[-2723],[-2880,-2879],[-2739],[-2724],[-2771],[-2872],[-2832],[5663,-2864,5664,-2833],[-2862],[-2890],[-2931],[-2913],[-2973],[-3000],[-2974],[-3145],[-3192],[-3392],[-3705],[-3775],[-3840],[-4150],[-4357,-4356],[-4358],[-4370],[-4501],[-4561],[-4582],[-4854],[-4940],[-5050],[-5341],[-5416],[-5485],[-5531],[-5557]],"properties":{"anthrome":54}},{"type":"Polygon","arcs":[[5665]],"properties":{"anthrome":62}},{"type":"Polygon","arcs":[[5666,5667]],"properties":{"anthrome":54}},{"type":"Polygon","arcs":[[5668]],"properties":{"anthrome":62}},{"type":"Polygon","arcs":[[5669,5670,5671]],"properties":{"anthrome":53}},{"type":"Polygon","arcs":[[5672]],"properties":{"anthrome":62}},{"type":"Polygon","arcs":[[5673,5674]],"properties":{"anthrome":62}},{"type":"Polygon","arcs":[[5675]],"properties":{"anthrome":52}},{"type":"Polygon","arcs":[[5676,5677]],"properties":{"anthrome":61}},{"type":"Polygon","arcs":[[5678]],"properties":{"anthrome":53}},{"type":"Polygon","arcs":[[5679,5680,5681]],"properties":{"anthrome":54}},{"type":"Polygon","arcs":[[5682,5683]],"properties":{"anthrome":61}},{"type":"Polygon","arcs":[[5684,-5508,5685,5686,5687,5688,5689,5690,5691,-5627],[-5584]],"properties":{"anthrome":52}},{"type":"Polygon","arcs":[[5692,5693,5694,-5671,-5670,5695,5696,-5526,-5525,5697,-5424,5698,5699],[-5545],[-5592,5700,-5594,5701],[-5676]],"properties":{"anthrome":54}},{"type":"Polygon","arcs":[[5702,5703]],"properties":{"anthrome":61}},{"type":"Polygon","arcs":[[5704,5705]],"properties":{"anthrome":62}},{"type":"Polygon","arcs":[[5706,5707,5708]],"properties":{"anthrome":54}},{"type":"Polygon","arcs":[[5709]],"properties":{"anthrome":61}},{"type":"Polygon","arcs":[[5710]],"properties":{"anthrome":61}},{"type":"Polygon","arcs":[[5711,5712]],"properties":{"anthrome":61}},{"type":"Polygon","arcs":[[-4842,5713,-4905,-4904,5714,-5170,5715,-5336,-5464,5716,-5543,-5568,5717,5718,5719,5720,-4857,-4822,-4943,-4942,-4941,-5176],[-4613],[-4656,-4655],[-4924],[-5043],[-5354],[-5368]],"properties":{"anthrome":62}},{"type":"Polygon","arcs":[[-5683,5721,5722,5723]],"properties":{"anthrome":53}},{"type":"Polygon","arcs":[[-4629,5724,-4446,5725,-4426,5726,-5177,-4573,-4610,-4670,5727,-4754,-4808,5728,5729,5730,5731,5732,5733,5734,-5421,-5459,5735,5736,5737,5738,5739,-5432,5740,5741,-4631,-4630],[-4335],[-4354],[-4371],[-4438],[-4668],[-4620],[-4543],[-4566],[-4588,-4589],[-4706],[-4696],[-4697],[-4795],[-4753],[-4804],[-4805],[-4806],[-4886],[-4875],[-4891],[-4880],[-4900],[-4901],[-5042],[-5269],[-5300],[-5271],[-5070],[-5071],[-5289],[-5455,-5456],[-5351],[-5439],[-5457],[-5495,-5496]],"properties":{"anthrome":62}},{"type":"Polygon","arcs":[[5742,5743,5744]],"properties":{"anthrome":61}},{"type":"Polygon","arcs":[[5745,5746]],"properties":{"anthrome":61}},{"type":"Polygon","arcs":[[-5689,-5668,-5682,5747,5748,5749,-5690]],"properties":{"anthrome":53}},{"type":"Polygon","arcs":[[5750]],"properties":{"anthrome":62}},{"type":"Polygon","arcs":[[5751,5752,5753]],"properties":{"anthrome":52}},{"type":"Polygon","arcs":[[-5723,5754]],"properties":{"anthrome":61}},{"type":"Polygon","arcs":[[5755]],"properties":{"anthrome":54}},{"type":"Polygon","arcs":[[-5712,5756,5757,5758]],"properties":{"anthrome":54}},{"type":"Polygon","arcs":[[5759]],"properties":{"anthrome":61}},{"type":"Polygon","arcs":[[5760,5761,5762,5763,5764,5765,-5749]],"properties":{"anthrome":52}},{"type":"Polygon","arcs":[[5766,-5754,5767,5768,-5764]],"properties":{"anthrome":54}},{"type":"Polygon","arcs":[[-5744,5769]],"properties":{"anthrome":62}},{"type":"Polygon","arcs":[[5770,5771,5772]],"properties":{"anthrome":54}},{"type":"Polygon","arcs":[[5773]],"properties":{"anthrome":62}},{"type":"Polygon","arcs":[[5774,5775,5776,5777]],"properties":{"anthrome":54}},{"type":"Polygon","arcs":[[-5746,5778,5779]],"properties":{"anthrome":53}},{"type":"Polygon","arcs":[[5780,-5765,5781,5782,5783,-5772]],"properties":{"anthrome":53}},{"type":"Polygon","arcs":[[5784]],"properties":{"anthrome":62}},{"type":"Polygon","arcs":[[-5784,5785]],"properties":{"anthrome":61}},{"type":"Polygon","arcs":[[5786,5787,-5782]],"properties":{"anthrome":52}},{"type":"Polygon","arcs":[[5788,5789,5790]],"properties":{"anthrome":52}},{"type":"Polygon","arcs":[[5791,5792,5793,5794]],"properties":{"anthrome":62}},{"type":"Polygon","arcs":[[5795,5796,5797,5798]],"properties":{"anthrome":52}},{"type":"Polygon","arcs":[[5799,5800,5801]],"properties":{"anthrome":62}},{"type":"Polygon","arcs":[[5802,5803,5804,5805]],"properties":{"anthrome":52}},{"type":"Polygon","arcs":[[5806,-5804,5807,5808]],"properties":{"anthrome":54}},{"type":"Polygon","arcs":[[5809]],"properties":{"anthrome":61}},{"type":"Polygon","arcs":[[5810,5811]],"properties":{"anthrome":53}},{"type":"Polygon","arcs":[[-5798,5812,5813,5814]],"properties":{"anthrome":62}},{"type":"Polygon","arcs":[[5815]],"properties":{"anthrome":61}},{"type":"Polygon","arcs":[[-5709,5816,-5777,5817,5818,5819,-5694]],"properties":{"anthrome":53}},{"type":"Polygon","arcs":[[5820,5821]],"properties":{"anthrome":61}},{"type":"Polygon","arcs":[[5822,5823]],"properties":{"anthrome":53}},{"type":"Polygon","arcs":[[-5811,5824]],"properties":{"anthrome":61}},{"type":"Polygon","arcs":[[5825]],"properties":{"anthrome":62}},{"type":"Polygon","arcs":[[5826,5827]],"properties":{"anthrome":61}},{"type":"Polygon","arcs":[[-5814,5828]],"properties":{"anthrome":61}},{"type":"Polygon","arcs":[[5829]],"properties":{"anthrome":61}},{"type":"Polygon","arcs":[[5830]],"properties":{"anthrome":61}},{"type":"Polygon","arcs":[[5831,5832,5833]],"properties":{"anthrome":53}},{"type":"Polygon","arcs":[[-5794,5834]],"properties":{"anthrome":52}},{"type":"Polygon","arcs":[[5835]],"properties":{"anthrome":54}},{"type":"Polygon","arcs":[[5836,5837,5838]],"properties":{"anthrome":61}},{"type":"Polygon","arcs":[[-5833,5839]],"properties":{"anthrome":61}},{"type":"Polygon","arcs":[[5840]],"properties":{"anthrome":62}},{"type":"Polygon","arcs":[[5841,-5839,5842,5843]],"properties":{"anthrome":62}},{"type":"Polygon","arcs":[[5844,5845,5846]],"properties":{"anthrome":53}},{"type":"Polygon","arcs":[[5847,5848,5849]],"properties":{"anthrome":63}},{"type":"Polygon","arcs":[[-5846,5850]],"properties":{"anthrome":52}},{"type":"Polygon","arcs":[[5851,5852]],"properties":{"anthrome":61}},{"type":"Polygon","arcs":[[5853]],"properties":{"anthrome":53}},{"type":"Polygon","arcs":[[5854,5855,5856]],"properties":{"anthrome":53}},{"type":"Polygon","arcs":[[5857,5858]],"properties":{"anthrome":61}},{"type":"Polygon","arcs":[[5859,5860,5861,5862]],"properties":{"anthrome":54}},{"type":"Polygon","arcs":[[5863,5864]],"properties":{"anthrome":62}},{"type":"Polygon","arcs":[[5865,5866]],"properties":{"anthrome":61}},{"type":"Polygon","arcs":[[5867,5868,5869]],"properties":{"anthrome":61}},{"type":"Polygon","arcs":[[5870,5871]],"properties":{"anthrome":62}},{"type":"Polygon","arcs":[[5872,5873]],"properties":{"anthrome":62}},{"type":"Polygon","arcs":[[-5849,5874]],"properties":{"anthrome":61}},{"type":"Polygon","arcs":[[5875]],"properties":{"anthrome":61}},{"type":"Polygon","arcs":[[5876,5877,5878,5879,5880,5881,-5864,5882,-5823,5883]],"properties":{"anthrome":54}},{"type":"Polygon","arcs":[[5884,5885]],"properties":{"anthrome":53}},{"type":"Polygon","arcs":[[5886]],"properties":{"anthrome":53}},{"type":"Polygon","arcs":[[5887,5888,5889]],"properties":{"anthrome":53}},{"type":"Polygon","arcs":[[5890,5891,5892,-5888]],"properties":{"anthrome":61}},{"type":"Polygon","arcs":[[5893,-5892]],"properties":{"anthrome":52}},{"type":"Polygon","arcs":[[5894]],"properties":{"anthrome":61}},{"type":"Polygon","arcs":[[5895,5896]],"properties":{"anthrome":62}},{"type":"Polygon","arcs":[[5897]],"properties":{"anthrome":53}},{"type":"Polygon","arcs":[[5898,5899]],"properties":{"anthrome":54}},{"type":"Polygon","arcs":[[5900,5901,5902,5903,5904,-5861]],"properties":{"anthrome":52}},{"type":"Polygon","arcs":[[5905,5906,5907,5908,5909,5910]],"properties":{"anthrome":54}},{"type":"Polygon","arcs":[[5911,5912,5913]],"properties":{"anthrome":52}},{"type":"Polygon","arcs":[[5914,5915]],"properties":{"anthrome":53}},{"type":"Polygon","arcs":[[5916]],"properties":{"anthrome":62}},{"type":"Polygon","arcs":[[5917,5918]],"properties":{"anthrome":61}},{"type":"Polygon","arcs":[[5919,5920,5921]],"properties":{"anthrome":54}},{"type":"Polygon","arcs":[[5922,5923,5924,-5920]],"properties":{"anthrome":52}},{"type":"Polygon","arcs":[[-5844,5925,5926,5927,5928,5929,5930,5931,5932]],"properties":{"anthrome":54}},{"type":"Polygon","arcs":[[5933,5934,5935,5936]],"properties":{"anthrome":52}},{"type":"Polygon","arcs":[[5937,-5914,5938,5939,5940,-5935]],"properties":{"anthrome":53}},{"type":"Polygon","arcs":[[5941]],"properties":{"anthrome":62}},{"type":"Polygon","arcs":[[5942,5943]],"properties":{"anthrome":62}},{"type":"Polygon","arcs":[[5944]],"properties":{"anthrome":54}},{"type":"Polygon","arcs":[[5945,5946]],"properties":{"anthrome":54}},{"type":"Polygon","arcs":[[5947,5948,5949]],"properties":{"anthrome":61}},{"type":"Polygon","arcs":[[-5915,5950,5951]],"properties":{"anthrome":54}},{"type":"Polygon","arcs":[[5952,5953,-5951]],"properties":{"anthrome":53}},{"type":"Polygon","arcs":[[5954,5955]],"properties":{"anthrome":52}},{"type":"Polygon","arcs":[[-5929,-5947,5956,5957,5958]],"properties":{"anthrome":53}},{"type":"Polygon","arcs":[[5959,-5792,5960,5961,5962,5963,5964]],"properties":{"anthrome":54}},{"type":"Polygon","arcs":[[5965]],"properties":{"anthrome":52}},{"type":"Polygon","arcs":[[5966,5967,5968,5969]],"properties":{"anthrome":61}},{"type":"Polygon","arcs":[[5970,5971,5972,-5968]],"properties":{"anthrome":62}},{"type":"Polygon","arcs":[[5973,-5957]],"properties":{"anthrome":52}},{"type":"Polygon","arcs":[[5974,5975,5976]],"properties":{"anthrome":61}},{"type":"Polygon","arcs":[[5977]],"properties":{"anthrome":62}},{"type":"Polygon","arcs":[[5978,5979]],"properties":{"anthrome":52}},{"type":"Polygon","arcs":[[5980,5981]],"properties":{"anthrome":61}},{"type":"Polygon","arcs":[[5982]],"properties":{"anthrome":61}},{"type":"Polygon","arcs":[[5983]],"properties":{"anthrome":61}},{"type":"Polygon","arcs":[[5984]],"properties":{"anthrome":61}},{"type":"Polygon","arcs":[[5985,5986,5987]],"properties":{"anthrome":52}},{"type":"Polygon","arcs":[[5988,5989]],"properties":{"anthrome":62}},{"type":"Polygon","arcs":[[5990]],"properties":{"anthrome":53}},{"type":"Polygon","arcs":[[5991]],"properties":{"anthrome":53}},{"type":"Polygon","arcs":[[5992,5993,5994]],"properties":{"anthrome":61}},{"type":"Polygon","arcs":[[5995]],"properties":{"anthrome":61}},{"type":"Polygon","arcs":[[5996,5997]],"properties":{"anthrome":61}},{"type":"Polygon","arcs":[[-5858,5998,5999,6000,-5974,-5946,-5928,6001]],"properties":{"anthrome":53}},{"type":"Polygon","arcs":[[6002,6003]],"properties":{"anthrome":52}},{"type":"Polygon","arcs":[[-5958,-6001,6004]],"properties":{"anthrome":54}},{"type":"Polygon","arcs":[[6005,6006]],"properties":{"anthrome":53}},{"type":"Polygon","arcs":[[6007,-6006]],"properties":{"anthrome":54}},{"type":"Polygon","arcs":[[6008,6009]],"properties":{"anthrome":54}},{"type":"Polygon","arcs":[[6010,6011]],"properties":{"anthrome":61}},{"type":"Polygon","arcs":[[6012]],"properties":{"anthrome":52}},{"type":"Polygon","arcs":[[6013,6014]],"properties":{"anthrome":61}},{"type":"Polygon","arcs":[[6015]],"properties":{"anthrome":53}},{"type":"Polygon","arcs":[[6016,6017]],"properties":{"anthrome":53}},{"type":"Polygon","arcs":[[6018,6019,6020,6021]],"properties":{"anthrome":62}},{"type":"Polygon","arcs":[[6022]],"properties":{"anthrome":62}},{"type":"Polygon","arcs":[[6023,6024]],"properties":{"anthrome":52}},{"type":"Polygon","arcs":[[6025,-5154,6026,6027,-5151,6028,6029,6030,6031,6032,-5273,6033,-5598,6034,-5470,-5469,6035,-5399,6036,-5327,6037,6038,-4908,6039,-4928,-4951,6040,-4996,6041,6042,-5076,6043,-5405,6044,-5363,-5388,6045,-5451,-5600,6046,6047,-5965,6048,-5857,6049,-5962,-5995,6050,-6009,6051,-5852,6052,-5819,6053,-5775,6054,-5707,-5693,-5700,6055,-5384,-5358,6056,-5438,6057,-5072,6058,-5044,6059,-4893,6060,-5161,6061,-4677,6062,-5158,6063,-4441],[6064,-4863,6065,6066,-4800],[-4861],[-4876],[-4882],[-4929],[-4962],[-4992],[6067,-5081,6068,-5011],[-5028],[-5029],[-5270],[-5074],[-5324],[-5364],[-5427],[-5465],[-5679],[-5854]],"properties":{"anthrome":52}},{"type":"Polygon","arcs":[[6069,6070]],"properties":{"anthrome":52}},{"type":"Polygon","arcs":[[6071,6072]],"properties":{"anthrome":54}},{"type":"Polygon","arcs":[[-6018,6073,6074,6075]],"properties":{"anthrome":61}},{"type":"Polygon","arcs":[[6076]],"properties":{"anthrome":54}},{"type":"Polygon","arcs":[[6077]],"properties":{"anthrome":54}},{"type":"Polygon","arcs":[[6078]],"properties":{"anthrome":54}},{"type":"Polygon","arcs":[[6079,6080,6081,6082]],"properties":{"anthrome":61}},{"type":"Polygon","arcs":[[6083]],"properties":{"anthrome":54}},{"type":"Polygon","arcs":[[6084]],"properties":{"anthrome":53}},{"type":"Polygon","arcs":[[6085,6086]],"properties":{"anthrome":53}},{"type":"Polygon","arcs":[[6087,6088]],"properties":{"anthrome":53}},{"type":"Polygon","arcs":[[6089]],"properties":{"anthrome":53}},{"type":"Polygon","arcs":[[6090]],"properties":{"anthrome":62}},{"type":"Polygon","arcs":[[6091,6092]],"properties":{"anthrome":61}},{"type":"Polygon","arcs":[[-6082,6093,6094]],"properties":{"anthrome":63}},{"type":"Polygon","arcs":[[6095,6096,6097,6098]],"properties":{"anthrome":52}},{"type":"Polygon","arcs":[[6099,6100]],"properties":{"anthrome":53}},{"type":"Polygon","arcs":[[6101]],"properties":{"anthrome":54}},{"type":"Polygon","arcs":[[6102]],"properties":{"anthrome":52}},{"type":"Polygon","arcs":[[6103]],"properties":{"anthrome":61}},{"type":"Polygon","arcs":[[6104]],"properties":{"anthrome":52}},{"type":"Polygon","arcs":[[6105]],"properties":{"anthrome":54}},{"type":"Polygon","arcs":[[6106,6107]],"properties":{"anthrome":53}},{"type":"Polygon","arcs":[[6108]],"properties":{"anthrome":54}},{"type":"Polygon","arcs":[[6109,6110,6111]],"properties":{"anthrome":54}},{"type":"Polygon","arcs":[[6112]],"properties":{"anthrome":54}},{"type":"Polygon","arcs":[[6113]],"properties":{"anthrome":62}},{"type":"Polygon","arcs":[[-6100,6114]],"properties":{"anthrome":61}},{"type":"Polygon","arcs":[[6115]],"properties":{"anthrome":61}},{"type":"Polygon","arcs":[[-5979,6116,-6024,6117,6118,6119]],"properties":{"anthrome":53}},{"type":"Polygon","arcs":[[6120,6121,6122]],"properties":{"anthrome":53}},{"type":"Polygon","arcs":[[6123,6124]],"properties":{"anthrome":54}},{"type":"Polygon","arcs":[[6125]],"properties":{"anthrome":54}},{"type":"Polygon","arcs":[[6126,6127]],"properties":{"anthrome":52}},{"type":"Polygon","arcs":[[6128,6129,6130]],"properties":{"anthrome":52}},{"type":"Polygon","arcs":[[6131]],"properties":{"anthrome":53}},{"type":"Polygon","arcs":[[-6119,6132]],"properties":{"anthrome":52}},{"type":"Polygon","arcs":[[6133]],"properties":{"anthrome":53}},{"type":"Polygon","arcs":[[6134,6135]],"properties":{"anthrome":61}},{"type":"Polygon","arcs":[[6136,6137,6138]],"properties":{"anthrome":54}},{"type":"Polygon","arcs":[[-6111,6139,6140,6141]],"properties":{"anthrome":52}},{"type":"Polygon","arcs":[[6142,6143]],"properties":{"anthrome":53}},{"type":"Polygon","arcs":[[6144]],"properties":{"anthrome":53}},{"type":"Polygon","arcs":[[6145,6146]],"properties":{"anthrome":61}},{"type":"Polygon","arcs":[[6147,6148,6149]],"properties":{"anthrome":53}},{"type":"Polygon","arcs":[[6150,6151]],"properties":{"anthrome":62}},{"type":"Polygon","arcs":[[-6143,6152]],"properties":{"anthrome":54}},{"type":"Polygon","arcs":[[6153]],"properties":{"anthrome":61}},{"type":"Polygon","arcs":[[6154,-5503,6155,-5677,6156,6157,-5822,6158,6159,6160,6161,-5500,6162,-5429],[-5831],[6163],[-5876],[-5985],[-6011,-5997,6164]],"properties":{"anthrome":53}},{"type":"Polygon","arcs":[[6165,-5932,6166,-5970,6167,-6005,6168,-6137,-6139,6169,6170,6171,-6097,-6096,6172,6173,6174,6175,-5924,-5869,-5868],[-5900,-5899],[-5945],[-6013],[-6105],[-6106]],"properties":{"anthrome":53}},{"type":"Polygon","arcs":[[-6142,6176,6177,6178,6179]],"properties":{"anthrome":54}},{"type":"Polygon","arcs":[[6180]],"properties":{"anthrome":53}},{"type":"Polygon","arcs":[[6181,6182,-6151]],"properties":{"anthrome":54}},{"type":"Polygon","arcs":[[6183,-6170]],"properties":{"anthrome":54}},{"type":"Polygon","arcs":[[6184]],"properties":{"anthrome":62}},{"type":"Polygon","arcs":[[6185]],"properties":{"anthrome":53}},{"type":"Polygon","arcs":[[6186,6187]],"properties":{"anthrome":53}},{"type":"Polygon","arcs":[[6188,-6178]],"properties":{"anthrome":62}},{"type":"Polygon","arcs":[[6189,6190]],"properties":{"anthrome":61}},{"type":"Polygon","arcs":[[6191,6192,6193,6194]],"properties":{"anthrome":53}},{"type":"Polygon","arcs":[[6195,6196]],"properties":{"anthrome":53}},{"type":"Polygon","arcs":[[6197,6198]],"properties":{"anthrome":61}},{"type":"Polygon","arcs":[[6199]],"properties":{"anthrome":54}},{"type":"Polygon","arcs":[[6200]],"properties":{"anthrome":54}},{"type":"Polygon","arcs":[[6201]],"properties":{"anthrome":53}},{"type":"Polygon","arcs":[[6202,6203]],"properties":{"anthrome":61}},{"type":"Polygon","arcs":[[6204,6205,6206,6207]],"properties":{"anthrome":61}},{"type":"Polygon","arcs":[[6208,-6206,6209]],"properties":{"anthrome":53}},{"type":"Polygon","arcs":[[-6174,6210,6211,6212,6213,6214]],"properties":{"anthrome":54}},{"type":"Polygon","arcs":[[6215,6216]],"properties":{"anthrome":61}},{"type":"Polygon","arcs":[[6217]],"properties":{"anthrome":53}},{"type":"Polygon","arcs":[[6218]],"properties":{"anthrome":53}},{"type":"Polygon","arcs":[[6219,6220,6221]],"properties":{"anthrome":53}},{"type":"Polygon","arcs":[[6222,6223]],"properties":{"anthrome":53}},{"type":"Polygon","arcs":[[6224]],"properties":{"anthrome":53}},{"type":"Polygon","arcs":[[6225]],"properties":{"anthrome":61}},{"type":"Polygon","arcs":[[6226,6227,6228,6229]],"properties":{"anthrome":54}},{"type":"Polygon","arcs":[[6230,6231]],"properties":{"anthrome":61}},{"type":"Polygon","arcs":[[6232,6233]],"properties":{"anthrome":61}},{"type":"Polygon","arcs":[[6234,6235]],"properties":{"anthrome":53}},{"type":"Polygon","arcs":[[6236,6237,-6235]],"properties":{"anthrome":61}},{"type":"Polygon","arcs":[[6238,6239,6240,6241]],"properties":{"anthrome":53}},{"type":"Polygon","arcs":[[6242,6243]],"properties":{"anthrome":53}},{"type":"Polygon","arcs":[[6244,6245,6246]],"properties":{"anthrome":62}},{"type":"Polygon","arcs":[[6247,6248,6249,-6246]],"properties":{"anthrome":61}},{"type":"Polygon","arcs":[[6250,6251,6252,-6249]],"properties":{"anthrome":53}},{"type":"Polygon","arcs":[[6253,6254,6255,-6252]],"properties":{"anthrome":61}},{"type":"Polygon","arcs":[[6256,6257,6258,-6255]],"properties":{"anthrome":54}},{"type":"Polygon","arcs":[[6259,6260,6261,-6258]],"properties":{"anthrome":61}},{"type":"Polygon","arcs":[[6262,6263]],"properties":{"anthrome":61}},{"type":"Polygon","arcs":[[-6172,-6171,6264,-6193]],"properties":{"anthrome":52}},{"type":"Polygon","arcs":[[-6234,6265]],"properties":{"anthrome":53}},{"type":"Polygon","arcs":[[6266,6267]],"properties":{"anthrome":61}},{"type":"Polygon","arcs":[[6268,6269,6270,6271]],"properties":{"anthrome":52}},{"type":"Polygon","arcs":[[6272,6273,6274]],"properties":{"anthrome":53}},{"type":"Polygon","arcs":[[6275,6276]],"properties":{"anthrome":52}},{"type":"Polygon","arcs":[[6277,6278,6279,-6263]],"properties":{"anthrome":53}},{"type":"Polygon","arcs":[[6280,6281]],"properties":{"anthrome":61}},{"type":"Polygon","arcs":[[-6194,6282,6283,6284,-6214,6285]],"properties":{"anthrome":52}},{"type":"Polygon","arcs":[[6286,6287]],"properties":{"anthrome":61}},{"type":"Polygon","arcs":[[6288]],"properties":{"anthrome":54}},{"type":"Polygon","arcs":[[-5937,6289,-5940,6290,6291,6292,6293,-6007,6294,6295,6296,-6148,-6107,-6089,6297,-6087,6298,6299,6300,6301,6302,6303,-6242,6304,6305,6306,6307,-6169,-6000,6308],[-5991],[-6016],[-6085],[-6185]],"properties":{"anthrome":54}},{"type":"Polygon","arcs":[[6309]],"properties":{"anthrome":61}},{"type":"Polygon","arcs":[[6310]],"properties":{"anthrome":54}},{"type":"Polygon","arcs":[[6311,6312]],"properties":{"anthrome":53}},{"type":"Polygon","arcs":[[-6279,6313,6314]],"properties":{"anthrome":61}},{"type":"Polygon","arcs":[[6315,6316,6317]],"properties":{"anthrome":61}},{"type":"Polygon","arcs":[[6318,6319]],"properties":{"anthrome":63}},{"type":"Polygon","arcs":[[6320]],"properties":{"anthrome":61}},{"type":"Polygon","arcs":[[6321,6322,6323,6324]],"properties":{"anthrome":52}},{"type":"Polygon","arcs":[[6325]],"properties":{"anthrome":61}},{"type":"Polygon","arcs":[[-6312,6326]],"properties":{"anthrome":54}},{"type":"Polygon","arcs":[[6327,6328,6329]],"properties":{"anthrome":61}},{"type":"Polygon","arcs":[[6330,6331,-6328]],"properties":{"anthrome":53}},{"type":"Polygon","arcs":[[-6319,6332]],"properties":{"anthrome":53}},{"type":"Polygon","arcs":[[6333]],"properties":{"anthrome":61}},{"type":"Polygon","arcs":[[6334,6335]],"properties":{"anthrome":61}},{"type":"Polygon","arcs":[[6336,6337]],"properties":{"anthrome":61}},{"type":"Polygon","arcs":[[6338,6339,6340,6341,6342,6343,6344,-6220,6345]],"properties":{"anthrome":54}},{"type":"Polygon","arcs":[[6346,-6285,6347,-6325,6348,6349,6350,-6271,6351]],"properties":{"anthrome":54}},{"type":"Polygon","arcs":[[6352,-5949,6353,-6075,6354,6355,6356,6357,6358,-6295,-6008,6359,-5977,6360,-6292,6361],[-6226]],"properties":{"anthrome":53}},{"type":"Polygon","arcs":[[-6268,6362,6363,-6238]],"properties":{"anthrome":53}},{"type":"Polygon","arcs":[[6364]],"properties":{"anthrome":53}},{"type":"Polygon","arcs":[[6365,6366]],"properties":{"anthrome":62}},{"type":"Polygon","arcs":[[6367]],"properties":{"anthrome":61}},{"type":"Polygon","arcs":[[-6332,6368,6369]],"properties":{"anthrome":61}},{"type":"Polygon","arcs":[[6370]],"properties":{"anthrome":61}},{"type":"Polygon","arcs":[[6371]],"properties":{"anthrome":61}},{"type":"Polygon","arcs":[[6372]],"properties":{"anthrome":53}},{"type":"Polygon","arcs":[[6373,6374,6375,-6306,6376,-6240]],"properties":{"anthrome":61}},{"type":"Polygon","arcs":[[6377]],"properties":{"anthrome":53}},{"type":"Polygon","arcs":[[6378]],"properties":{"anthrome":61}},{"type":"Polygon","arcs":[[6379]],"properties":{"anthrome":61}},{"type":"Polygon","arcs":[[6380,6381]],"properties":{"anthrome":54}},{"type":"Polygon","arcs":[[6382]],"properties":{"anthrome":61}},{"type":"Polygon","arcs":[[6383]],"properties":{"anthrome":53}},{"type":"Polygon","arcs":[[6384]],"properties":{"anthrome":61}},{"type":"Polygon","arcs":[[6385,6386]],"properties":{"anthrome":61}},{"type":"Polygon","arcs":[[6387]],"properties":{"anthrome":54}},{"type":"Polygon","arcs":[[6388]],"properties":{"anthrome":61}},{"type":"Polygon","arcs":[[6389]],"properties":{"anthrome":53}},{"type":"Polygon","arcs":[[6390]],"properties":{"anthrome":54}},{"type":"Polygon","arcs":[[6391,6392,6393]],"properties":{"anthrome":62}},{"type":"Polygon","arcs":[[6394,6395]],"properties":{"anthrome":61}},{"type":"Polygon","arcs":[[6396]],"properties":{"anthrome":61}},{"type":"Polygon","arcs":[[6397,6398]],"properties":{"anthrome":61}},{"type":"Polygon","arcs":[[6399,6400]],"properties":{"anthrome":61}},{"type":"Polygon","arcs":[[6401]],"properties":{"anthrome":53}},{"type":"Polygon","arcs":[[6402,6403]],"properties":{"anthrome":61}},{"type":"Polygon","arcs":[[6404,6405]],"properties":{"anthrome":61}},{"type":"Polygon","arcs":[[6406]],"properties":{"anthrome":61}},{"type":"Polygon","arcs":[[6407]],"properties":{"anthrome":53}},{"type":"Polygon","arcs":[[6408]],"properties":{"anthrome":53}},{"type":"Polygon","arcs":[[6409]],"properties":{"anthrome":61}},{"type":"Polygon","arcs":[[6410]],"properties":{"anthrome":61}},{"type":"Polygon","arcs":[[6411,6412]],"properties":{"anthrome":61}},{"type":"Polygon","arcs":[[6413]],"properties":{"anthrome":61}},{"type":"Polygon","arcs":[[6414,6415]],"properties":{"anthrome":61}},{"type":"Polygon","arcs":[[6416,6417,6418,6419]],"properties":{"anthrome":54}},{"type":"Polygon","arcs":[[6420]],"properties":{"anthrome":53}},{"type":"Polygon","arcs":[[6421,6422]],"properties":{"anthrome":61}},{"type":"Polygon","arcs":[[6423]],"properties":{"anthrome":54}},{"type":"Polygon","arcs":[[6424,6425,6426,6427]],"properties":{"anthrome":53}},{"type":"Polygon","arcs":[[6428,6429,6430,-6426]],"properties":{"anthrome":62}},{"type":"Polygon","arcs":[[6431]],"properties":{"anthrome":53}},{"type":"Polygon","arcs":[[6432,6433]],"properties":{"anthrome":61}},{"type":"Polygon","arcs":[[6434]],"properties":{"anthrome":61}},{"type":"Polygon","arcs":[[6435,6436]],"properties":{"anthrome":61}},{"type":"Polygon","arcs":[[6437,6438]],"properties":{"anthrome":61}},{"type":"Polygon","arcs":[[6439]],"properties":{"anthrome":61}},{"type":"Polygon","arcs":[[6440]],"properties":{"anthrome":53}},{"type":"Polygon","arcs":[[6441]],"properties":{"anthrome":61}},{"type":"Polygon","arcs":[[6442,6443]],"properties":{"anthrome":54}},{"type":"Polygon","arcs":[[6444]],"properties":{"anthrome":61}},{"type":"Polygon","arcs":[[6445,6446]],"properties":{"anthrome":62}},{"type":"Polygon","arcs":[[6447,6448]],"properties":{"anthrome":62}},{"type":"Polygon","arcs":[[6449]],"properties":{"anthrome":61}},{"type":"Polygon","arcs":[[6450,6451]],"properties":{"anthrome":54}},{"type":"Polygon","arcs":[[6452]],"properties":{"anthrome":53}},{"type":"Polygon","arcs":[[6453]],"properties":{"anthrome":53}},{"type":"Polygon","arcs":[[6454]],"properties":{"anthrome":54}},{"type":"Polygon","arcs":[[6455]],"properties":{"anthrome":61}},{"type":"Polygon","arcs":[[6456,6457,6458]],"properties":{"anthrome":61}},{"type":"Polygon","arcs":[[-6224,-6244,-6273,6459,-6339,6460,-6197,-6222,6461,-6344,6462,6463,6464,6465,6466,-6417,6467,6468,6469,6470,-6301,6471,-6122,6472,-6108,-6150,6473,6474,-6358],[-6181],[-6186],[-6219],[-6378],[-6402]],"properties":{"anthrome":61}},{"type":"Polygon","arcs":[[6475,-6188,6476,-6236,-6364,6477,6478,6479,6480,6481,-6274,-6243,-6223,-6357,-6356],[-6225],[-6373],[-6384],[-6390],[-6421]],"properties":{"anthrome":61}},{"type":"Polygon","arcs":[[6482]],"properties":{"anthrome":54}},{"type":"Polygon","arcs":[[6483,6484]],"properties":{"anthrome":53}},{"type":"Polygon","arcs":[[-6466,6485]],"properties":{"anthrome":53}},{"type":"Polygon","arcs":[[6486]],"properties":{"anthrome":54}},{"type":"Polygon","arcs":[[6487,6488]],"properties":{"anthrome":61}},{"type":"Polygon","arcs":[[6489]],"properties":{"anthrome":61}},{"type":"Polygon","arcs":[[6490,6491]],"properties":{"anthrome":61}},{"type":"Polygon","arcs":[[6492,6493]],"properties":{"anthrome":61}},{"type":"Polygon","arcs":[[6494]],"properties":{"anthrome":61}},{"type":"Polygon","arcs":[[6495]],"properties":{"anthrome":54}},{"type":"Polygon","arcs":[[6496,6497,6498]],"properties":{"anthrome":61}},{"type":"Polygon","arcs":[[6499]],"properties":{"anthrome":61}},{"type":"Polygon","arcs":[[6500]],"properties":{"anthrome":54}},{"type":"Polygon","arcs":[[6501,-5447,6502,-5602,6503,-5704,6504,-6071,6505,-6128,6506,-6347,6507,-6269,6508,-6382,6509,6510,6511,6512,6513,-6412,6514,-6366,6515,6516,-6216,6517,-6146,6518,-6003,6519,-6014,6520,6521,-5881,6522,-5866,6523,-5879,6524,-5790,6525,-5884,-5809,6526,-5806,6527,6528,6529,6530,-5762,6531,-5680,-5667,-5688,6532,-5487,6533,-5407],[-5554],[-5583],[-5966]],"properties":{"anthrome":53}},{"type":"Polygon","arcs":[[6534]],"properties":{"anthrome":53}},{"type":"Polygon","arcs":[[6535,6536]],"properties":{"anthrome":53}},{"type":"Polygon","arcs":[[-6484,6537,-6536]],"properties":{"anthrome":61}},{"type":"Polygon","arcs":[[6538,6539]],"properties":{"anthrome":61}},{"type":"Polygon","arcs":[[6540]],"properties":{"anthrome":61}},{"type":"Polygon","arcs":[[6541,6542]],"properties":{"anthrome":61}},{"type":"Polygon","arcs":[[6543,6544]],"properties":{"anthrome":61}},{"type":"Polygon","arcs":[[6545,6546]],"properties":{"anthrome":54}},{"type":"Polygon","arcs":[[6547]],"properties":{"anthrome":53}},{"type":"Polygon","arcs":[[6548,6549]],"properties":{"anthrome":54}},{"type":"Polygon","arcs":[[6550]],"properties":{"anthrome":53}},{"type":"Polygon","arcs":[[6551,-6416,6552,6553,-6493,6554,-6405,6555],[-6495]],"properties":{"anthrome":53}},{"type":"Polygon","arcs":[[6556,6557]],"properties":{"anthrome":61}},{"type":"Polygon","arcs":[[6558,6559]],"properties":{"anthrome":61}},{"type":"Polygon","arcs":[[6560,6561]],"properties":{"anthrome":53}},{"type":"Polygon","arcs":[[6562]],"properties":{"anthrome":61}},{"type":"Polygon","arcs":[[6563,6564]],"properties":{"anthrome":62}},{"type":"Polygon","arcs":[[6565,6566,6567]],"properties":{"anthrome":52}},{"type":"Polygon","arcs":[[6568,6569]],"properties":{"anthrome":61}},{"type":"Polygon","arcs":[[6570]],"properties":{"anthrome":54}},{"type":"Polygon","arcs":[[6571]],"properties":{"anthrome":54}},{"type":"Polygon","arcs":[[6572,6573]],"properties":{"anthrome":61}},{"type":"Polygon","arcs":[[6574]],"properties":{"anthrome":54}},{"type":"Polygon","arcs":[[6575,6576]],"properties":{"anthrome":61}},{"type":"Polygon","arcs":[[6577,6578]],"properties":{"anthrome":63}},{"type":"Polygon","arcs":[[6579,6580,6581,-6578]],"properties":{"anthrome":61}},{"type":"Polygon","arcs":[[6582]],"properties":{"anthrome":61}},{"type":"Polygon","arcs":[[6583,6584]],"properties":{"anthrome":61}},{"type":"Polygon","arcs":[[6585,6586]],"properties":{"anthrome":61}},{"type":"Polygon","arcs":[[6587]],"properties":{"anthrome":54}},{"type":"Polygon","arcs":[[6588,6589,-6485,-6537,6590]],"properties":{"anthrome":61}},{"type":"Polygon","arcs":[[6591]],"properties":{"anthrome":61}},{"type":"Polygon","arcs":[[6592,6593,6594]],"properties":{"anthrome":62}},{"type":"Polygon","arcs":[[6595]],"properties":{"anthrome":54}},{"type":"Polygon","arcs":[[6596]],"properties":{"anthrome":53}},{"type":"Polygon","arcs":[[6597]],"properties":{"anthrome":61}},{"type":"Polygon","arcs":[[6598,6599]],"properties":{"anthrome":62}},{"type":"Polygon","arcs":[[6600,6601]],"properties":{"anthrome":62}},{"type":"Polygon","arcs":[[6602,6603]],"properties":{"anthrome":61}},{"type":"Polygon","arcs":[[6604]],"properties":{"anthrome":61}},{"type":"Polygon","arcs":[[6605]],"properties":{"anthrome":61}},{"type":"Polygon","arcs":[[-6486,6606,6607]],"properties":{"anthrome":61}},{"type":"Polygon","arcs":[[6608,6609]],"properties":{"anthrome":53}},{"type":"Polygon","arcs":[[6610,6611]],"properties":{"anthrome":54}},{"type":"Polygon","arcs":[[6612]],"properties":{"anthrome":61}},{"type":"Polygon","arcs":[[6613]],"properties":{"anthrome":54}},{"type":"Polygon","arcs":[[6614]],"properties":{"anthrome":54}},{"type":"Polygon","arcs":[[6615,6616]],"properties":{"anthrome":61}},{"type":"Polygon","arcs":[[6617,6618]],"properties":{"anthrome":62}},{"type":"Polygon","arcs":[[6619,6620,6621,6622]],"properties":{"anthrome":54}},{"type":"Polygon","arcs":[[6623,6624,6625,-6621]],"properties":{"anthrome":61}},{"type":"Polygon","arcs":[[6626]],"properties":{"anthrome":61}},{"type":"Polygon","arcs":[[6627,6628]],"properties":{"anthrome":61}},{"type":"Polygon","arcs":[[6629,6630,6631]],"properties":{"anthrome":32}},{"type":"Polygon","arcs":[[6632,6633]],"properties":{"anthrome":61}},{"type":"Polygon","arcs":[[6634,6635]],"properties":{"anthrome":61}},{"type":"Polygon","arcs":[[6636]],"properties":{"anthrome":61}},{"type":"Polygon","arcs":[[6637,6638]],"properties":{"anthrome":61}},{"type":"Polygon","arcs":[[6639,6640]],"properties":{"anthrome":61}},{"type":"Polygon","arcs":[[6641]],"properties":{"anthrome":54}},{"type":"Polygon","arcs":[[6642,6643,6644]],"properties":{"anthrome":51}},{"type":"Polygon","arcs":[[-6623,6645,-6625,6646,-6618,6647,-6581,6648]],"properties":{"anthrome":53}},{"type":"Polygon","arcs":[[6649]],"properties":{"anthrome":61}},{"type":"Polygon","arcs":[[6650]],"properties":{"anthrome":54}},{"type":"Polygon","arcs":[[6651]],"properties":{"anthrome":62}},{"type":"Polygon","arcs":[[6652]],"properties":{"anthrome":54}},{"type":"Polygon","arcs":[[6653,6654]],"properties":{"anthrome":54}},{"type":"Polygon","arcs":[[6655,6656]],"properties":{"anthrome":61}},{"type":"Polygon","arcs":[[6657]],"properties":{"anthrome":54}},{"type":"Polygon","arcs":[[6658,-6136,6659,-6190,-6208,-6231,6660,-6288,6661,6662,-6396,6663,6664,-6492,6665,-6577,6666,6667,-6634,6668,-6635,6669,-6488,6670,-6433,6671,-6403,6672,-6387,6673,-6335,6674,-6337,-6281,6675,-6203,6676],[-6371],[-6380],[-6411],[-6435],[-6456],[-6490],[-6563],[-6613]],"properties":{"anthrome":53}},{"type":"Polygon","arcs":[[6677]],"properties":{"anthrome":54}},{"type":"Polygon","arcs":[[6678]],"properties":{"anthrome":53}},{"type":"Polygon","arcs":[[6679,6680,6681]],"properties":{"anthrome":54}},{"type":"Polygon","arcs":[[6682,6683]],"properties":{"anthrome":62}},{"type":"Polygon","arcs":[[6684]],"properties":{"anthrome":54}},{"type":"Polygon","arcs":[[6685]],"properties":{"anthrome":61}},{"type":"Polygon","arcs":[[6686,6687,6688]],"properties":{"anthrome":61}},{"type":"Polygon","arcs":[[6689,6690]],"properties":{"anthrome":54}},{"type":"Polygon","arcs":[[6691,6692,-6683,6693,6694]],"properties":{"anthrome":54}},{"type":"Polygon","arcs":[[6695,6696,6697,6698]],"properties":{"anthrome":54}},{"type":"Polygon","arcs":[[6699,6700]],"properties":{"anthrome":53}},{"type":"Polygon","arcs":[[6701]],"properties":{"anthrome":61}},{"type":"Polygon","arcs":[[6702,6703]],"properties":{"anthrome":61}},{"type":"Polygon","arcs":[[6704]],"properties":{"anthrome":53}},{"type":"Polygon","arcs":[[6705]],"properties":{"anthrome":54}},{"type":"Polygon","arcs":[[6706,6707]],"properties":{"anthrome":62}},{"type":"Polygon","arcs":[[6708]],"properties":{"anthrome":54}},{"type":"Polygon","arcs":[[6709]],"properties":{"anthrome":54}},{"type":"Polygon","arcs":[[6710]],"properties":{"anthrome":54}},{"type":"Polygon","arcs":[[6711,6712,6713]],"properties":{"anthrome":61}},{"type":"Polygon","arcs":[[6714,6715]],"properties":{"anthrome":61}},{"type":"Polygon","arcs":[[6716,6717,6718,6719]],"properties":{"anthrome":54}},{"type":"Polygon","arcs":[[6720]],"properties":{"anthrome":54}},{"type":"Polygon","arcs":[[6721,6722,6723]],"properties":{"anthrome":62}},{"type":"Polygon","arcs":[[6724,6725,6726,6727]],"properties":{"anthrome":52}},{"type":"Polygon","arcs":[[-6692,6728]],"properties":{"anthrome":53}},{"type":"Polygon","arcs":[[6729]],"properties":{"anthrome":61}},{"type":"Polygon","arcs":[[6730,6731]],"properties":{"anthrome":61}},{"type":"Polygon","arcs":[[6732,6733]],"properties":{"anthrome":54}},{"type":"Polygon","arcs":[[6734,6735]],"properties":{"anthrome":61}},{"type":"Polygon","arcs":[[6736,6737,6738,6739]],"properties":{"anthrome":52}},{"type":"Polygon","arcs":[[6740]],"properties":{"anthrome":53}},{"type":"Polygon","arcs":[[6741]],"properties":{"anthrome":61}},{"type":"Polygon","arcs":[[6742]],"properties":{"anthrome":54}},{"type":"Polygon","arcs":[[6743,6744]],"properties":{"anthrome":61}},{"type":"Polygon","arcs":[[6745,6746]],"properties":{"anthrome":62}},{"type":"Polygon","arcs":[[6747,6748,6749]],"properties":{"anthrome":61}},{"type":"Polygon","arcs":[[6750,6751]],"properties":{"anthrome":54}},{"type":"Polygon","arcs":[[-6703,6752,6753]],"properties":{"anthrome":53}},{"type":"Polygon","arcs":[[6754,6755,6756,6757]],"properties":{"anthrome":54}},{"type":"Polygon","arcs":[[6758]],"properties":{"anthrome":61}},{"type":"Polygon","arcs":[[-6719,6759,6760]],"properties":{"anthrome":53}},{"type":"Polygon","arcs":[[6761]],"properties":{"anthrome":61}},{"type":"Polygon","arcs":[[6762]],"properties":{"anthrome":53}},{"type":"Polygon","arcs":[[6763]],"properties":{"anthrome":62}},{"type":"Polygon","arcs":[[6764,6765]],"properties":{"anthrome":61}},{"type":"Polygon","arcs":[[6766,6767]],"properties":{"anthrome":53}},{"type":"Polygon","arcs":[[6768,6769,6770,-6739,6771]],"properties":{"anthrome":54}},{"type":"Polygon","arcs":[[6772]],"properties":{"anthrome":54}},{"type":"Polygon","arcs":[[6773,-6765]],"properties":{"anthrome":53}},{"type":"Polygon","arcs":[[6774]],"properties":{"anthrome":54}},{"type":"Polygon","arcs":[[6775,6776]],"properties":{"anthrome":61}},{"type":"Polygon","arcs":[[6777,6778,6779,6780,-6640,6781,-6603,6782,6783,-6398],[6784,-6437]],"properties":{"anthrome":53}},{"type":"Polygon","arcs":[[-6723,6785,6786,6787]],"properties":{"anthrome":52}},{"type":"Polygon","arcs":[[6788]],"properties":{"anthrome":53}},{"type":"Polygon","arcs":[[6789,6790,6791]],"properties":{"anthrome":52}},{"type":"Polygon","arcs":[[6792,6793,6794,6795]],"properties":{"anthrome":52}},{"type":"Polygon","arcs":[[6796]],"properties":{"anthrome":53}},{"type":"Polygon","arcs":[[6797]],"properties":{"anthrome":54}},{"type":"Polygon","arcs":[[6798,6799]],"properties":{"anthrome":61}},{"type":"Polygon","arcs":[[-6776,6800,6801,6802]],"properties":{"anthrome":53}},{"type":"Polygon","arcs":[[6803,6804,6805,6806]],"properties":{"anthrome":61}},{"type":"Polygon","arcs":[[6807]],"properties":{"anthrome":61}},{"type":"Polygon","arcs":[[6808,6809,6810,6811,6812,6813,-6731]],"properties":{"anthrome":53}},{"type":"Polygon","arcs":[[6814,6815,6816]],"properties":{"anthrome":53}},{"type":"Polygon","arcs":[[6817]],"properties":{"anthrome":61}},{"type":"Polygon","arcs":[[6818,6819,6820,6821,-6757,6822]],"properties":{"anthrome":62}},{"type":"Polygon","arcs":[[6823,-6750,6824,6825,6826,6827,6828],[-6773]],"properties":{"anthrome":53}},{"type":"Polygon","arcs":[[6829,6830]],"properties":{"anthrome":61}},{"type":"Polygon","arcs":[[-6812,6831]],"properties":{"anthrome":54}},{"type":"Polygon","arcs":[[6832]],"properties":{"anthrome":53}},{"type":"Polygon","arcs":[[6833,6834,6835]],"properties":{"anthrome":53}},{"type":"Polygon","arcs":[[-6827,6836,6837]],"properties":{"anthrome":61}},{"type":"Polygon","arcs":[[6838]],"properties":{"anthrome":53}},{"type":"Polygon","arcs":[[6839]],"properties":{"anthrome":61}},{"type":"Polygon","arcs":[[6840,6841]],"properties":{"anthrome":61}},{"type":"Polygon","arcs":[[6842,-6810]],"properties":{"anthrome":61}},{"type":"Polygon","arcs":[[6843,6844,6845]],"properties":{"anthrome":54}},{"type":"Polygon","arcs":[[6846,6847]],"properties":{"anthrome":53}},{"type":"Polygon","arcs":[[6848,6849,6850]],"properties":{"anthrome":54}},{"type":"Polygon","arcs":[[6851,6852]],"properties":{"anthrome":61}},{"type":"Polygon","arcs":[[6853,6854]],"properties":{"anthrome":61}},{"type":"Polygon","arcs":[[6855,6856,6857]],"properties":{"anthrome":61}},{"type":"Polygon","arcs":[[6858]],"properties":{"anthrome":53}},{"type":"Polygon","arcs":[[6859,6860,6861]],"properties":{"anthrome":62}},{"type":"Polygon","arcs":[[-6802,6862]],"properties":{"anthrome":61}},{"type":"Polygon","arcs":[[6863,-6697,-6734,6864,6865,6866,6867,-6804,-6713]],"properties":{"anthrome":53}},{"type":"Polygon","arcs":[[-6787,6868,-6854,6869,6870]],"properties":{"anthrome":53}},{"type":"Polygon","arcs":[[6871]],"properties":{"anthrome":53}},{"type":"Polygon","arcs":[[6872,6873,6874,6875,6876]],"properties":{"anthrome":61}},{"type":"Polygon","arcs":[[6877,6878,6879,6880,6881]],"properties":{"anthrome":62}},{"type":"Polygon","arcs":[[6882,6883]],"properties":{"anthrome":61}},{"type":"Polygon","arcs":[[6884,6885]],"properties":{"anthrome":61}},{"type":"Polygon","arcs":[[6886]],"properties":{"anthrome":54}},{"type":"Polygon","arcs":[[6887,6888,6889]],"properties":{"anthrome":61}},{"type":"Polygon","arcs":[[6890,6891,6892,6893]],"properties":{"anthrome":61}},{"type":"Polygon","arcs":[[6894,6895,6896]],"properties":{"anthrome":53}},{"type":"Polygon","arcs":[[6897]],"properties":{"anthrome":61}},{"type":"Polygon","arcs":[[6898,6899]],"properties":{"anthrome":61}},{"type":"Polygon","arcs":[[6900]],"properties":{"anthrome":61}},{"type":"Polygon","arcs":[[6901,6902]],"properties":{"anthrome":53}},{"type":"Polygon","arcs":[[-6861,6903,6904,6905]],"properties":{"anthrome":53}},{"type":"Polygon","arcs":[[6906]],"properties":{"anthrome":54}},{"type":"Polygon","arcs":[[6907]],"properties":{"anthrome":61}},{"type":"Polygon","arcs":[[6908,6909,6910],[-6701,-6700],[-6789],[-6797]],"properties":{"anthrome":61}},{"type":"Polygon","arcs":[[6911]],"properties":{"anthrome":53}},{"type":"Polygon","arcs":[[6912,6913,6914]],"properties":{"anthrome":53}},{"type":"Polygon","arcs":[[6915]],"properties":{"anthrome":53}},{"type":"Polygon","arcs":[[6916]],"properties":{"anthrome":54}},{"type":"Polygon","arcs":[[6917,6918,6919]],"properties":{"anthrome":61}},{"type":"Polygon","arcs":[[-6893,6920,6921,6922]],"properties":{"anthrome":62}},{"type":"Polygon","arcs":[[-6881,6923,6924]],"properties":{"anthrome":61}},{"type":"Polygon","arcs":[[6925,6926]],"properties":{"anthrome":61}},{"type":"Polygon","arcs":[[6927]],"properties":{"anthrome":54}},{"type":"Polygon","arcs":[[6928,-6885,-6841]],"properties":{"anthrome":53}},{"type":"Polygon","arcs":[[6929,6930]],"properties":{"anthrome":61}},{"type":"Polygon","arcs":[[-6905,6931,6932,-6930]],"properties":{"anthrome":54}},{"type":"Polygon","arcs":[[6933,6934,-6932]],"properties":{"anthrome":53}},{"type":"Polygon","arcs":[[6935]],"properties":{"anthrome":54}},{"type":"Polygon","arcs":[[6936,6937]],"properties":{"anthrome":53}},{"type":"Polygon","arcs":[[6938,6939,6940,6941,-6913,6942,6943,-6865]],"properties":{"anthrome":61}},{"type":"Polygon","arcs":[[6944,6945,-6801]],"properties":{"anthrome":61}},{"type":"Polygon","arcs":[[6946,-6877,6947,6948,6949]],"properties":{"anthrome":62}},{"type":"Polygon","arcs":[[6950,6951]],"properties":{"anthrome":52}},{"type":"Polygon","arcs":[[6952]],"properties":{"anthrome":61}},{"type":"Polygon","arcs":[[6953]],"properties":{"anthrome":62}},{"type":"Polygon","arcs":[[6954]],"properties":{"anthrome":53}},{"type":"Polygon","arcs":[[6955,6956,6957]],"properties":{"anthrome":53}},{"type":"Polygon","arcs":[[6958,6959,-6956]],"properties":{"anthrome":62}},{"type":"Polygon","arcs":[[6960,6961]],"properties":{"anthrome":61}},{"type":"Polygon","arcs":[[6962,6963]],"properties":{"anthrome":61}},{"type":"Polygon","arcs":[[6964,6965,6966]],"properties":{"anthrome":33}},{"type":"Polygon","arcs":[[6967,-6867,6968,6969,6970,-6941,6971,6972,6973,6974,-6934,6975]],"properties":{"anthrome":54}},{"type":"Polygon","arcs":[[6976]],"properties":{"anthrome":53}},{"type":"Polygon","arcs":[[6977,6978,6979]],"properties":{"anthrome":61}},{"type":"Polygon","arcs":[[6980,6981]],"properties":{"anthrome":52}},{"type":"Polygon","arcs":[[-6951,6982,6983]],"properties":{"anthrome":53}},{"type":"Polygon","arcs":[[6984,-6983]],"properties":{"anthrome":52}},{"type":"Polygon","arcs":[[6985]],"properties":{"anthrome":61}},{"type":"Polygon","arcs":[[6986]],"properties":{"anthrome":61}},{"type":"Polygon","arcs":[[6987]],"properties":{"anthrome":61}},{"type":"Polygon","arcs":[[6988]],"properties":{"anthrome":53}},{"type":"Polygon","arcs":[[6989,6990,6991,6992]],"properties":{"anthrome":61}},{"type":"Polygon","arcs":[[-6974,6993]],"properties":{"anthrome":53}},{"type":"Polygon","arcs":[[6994,-6972]],"properties":{"anthrome":62}},{"type":"Polygon","arcs":[[6995,6996,6997]],"properties":{"anthrome":61}},{"type":"Polygon","arcs":[[-6966,6998,6999]],"properties":{"anthrome":61}},{"type":"Polygon","arcs":[[7000,7001]],"properties":{"anthrome":53}},{"type":"Polygon","arcs":[[7002,7003,7004,-6753,7005],[-6705]],"properties":{"anthrome":61}},{"type":"Polygon","arcs":[[7006,-6925,7007,7008,7009,7010,7011,-6990,7012]],"properties":{"anthrome":62}},{"type":"Polygon","arcs":[[7013]],"properties":{"anthrome":61}},{"type":"Polygon","arcs":[[7014]],"properties":{"anthrome":61}},{"type":"Polygon","arcs":[[7015,7016]],"properties":{"anthrome":62}},{"type":"Polygon","arcs":[[7017,7018]],"properties":{"anthrome":54}},{"type":"Polygon","arcs":[[7019,7020]],"properties":{"anthrome":53}},{"type":"Polygon","arcs":[[7021,7022,7023,-7016,-6997]],"properties":{"anthrome":54}},{"type":"Polygon","arcs":[[-6754,7024,7025,7026],[-6763],[-6847,-6848],[-6916]],"properties":{"anthrome":61}},{"type":"Polygon","arcs":[[7027]],"properties":{"anthrome":53}},{"type":"Polygon","arcs":[[7028]],"properties":{"anthrome":53}},{"type":"Polygon","arcs":[[7029]],"properties":{"anthrome":61}},{"type":"Polygon","arcs":[[7030]],"properties":{"anthrome":61}},{"type":"Polygon","arcs":[[7031,7032]],"properties":{"anthrome":62}},{"type":"Polygon","arcs":[[7033]],"properties":{"anthrome":61}},{"type":"Polygon","arcs":[[7034,-6459,-6458,7035,7036,-6584,7037,7038,7039,-6587,7040,-6657,7041,-6751,7042,-6735,7043,-6715,7044,-6628,7045,-6632,7046,-6645,7047,-6690,7048,-6745,7049,-6963,7050,-7018,7051,7052,7053,-7023,7054,-6961,7055,-6939,-6733,-6696,-6699,7056,-6714,-6807,7057,-6680,7058,-6689,7059,-6557,7060,-6438],[-6496],[-6605],[-6642],[-6743],[7061,-6845,7062,-6790],[-6775],[-6907],[-6936]],"properties":{"anthrome":53}},{"type":"Polygon","arcs":[[7063]],"properties":{"anthrome":54}},{"type":"Polygon","arcs":[[7064,7065]],"properties":{"anthrome":54}},{"type":"Polygon","arcs":[[7066]],"properties":{"anthrome":61}},{"type":"Polygon","arcs":[[7067]],"properties":{"anthrome":53}},{"type":"Polygon","arcs":[[7068,7069,7070]],"properties":{"anthrome":61}},{"type":"Polygon","arcs":[[7071,-7053]],"properties":{"anthrome":54}},{"type":"Polygon","arcs":[[7072]],"properties":{"anthrome":54}},{"type":"Polygon","arcs":[[-6938,-7002,-7021,7073,7074],[7075]],"properties":{"anthrome":61}},{"type":"Polygon","arcs":[[-4870,-5721,-5720,-5719,7076,-5675,7077,-5706,7078,-5896,7079,-5872,7080,-5873,7081,-5989,7082,7083,-6602,7084,-6724,7085,-6829,7086,7087,-6834,7088,7089,-6895,7090,-6992,7091,7092,7093,7094,7095,7096,7097,7098,-6922,7099,-6891,-6874,7100,7101,7102,7103,7104,7105,7106,7107,-6313,7108,7109,7110,7111,7112,-6144,7113,7114,-6022,7115,7116,7117,-5953,-5916,7118,-5885,7119,-5832,7120,-5740,-5739,-5738,-5737,-5736,-5461,-5460,-5422,-5735,-5734,-5733,-5732,-5731,-5730,7121,-5024,7122,-5605,7123,-5802,-5801,7124,7125,7126],[-4902],[-5290],[-5352],[-5353],[-5415,-5414],[-5448,-5449],[-5462],[-5493],[-5494],[-5497],[-5540],[-5563],[-5564,-5565],[-5586,-5587],[-5588],[-5609],[-5610],[-5673],[-5785],[-5774],[-5826],[-5841],[-5887],[-5917],[-5978],[-5992],[-6023],[-6134],[-6090],[-6091],[-6114],[-6132],[-6145],[-6202],[-6218],[-6408],[-6409],[-6428,-6446,7127,7128,-6562,7129,-6593,-6448,-6430,7130],[-6432],[-6441],[-6453],[-6454],[-6548],[-6679],[-6764]],"properties":{"anthrome":54}},{"type":"Polygon","arcs":[[7131,7132]],"properties":{"anthrome":54}},{"type":"Polygon","arcs":[[-5145,-5144,7133,-4730,7134,7135,-4727,7136,7137,7138,7139,-5278,7140,-5339,7141,-5478,7142,7143,-5758,7144,-5911,7145,7146,-5863,7147,-5904,7148,-5908,7149,-5988,7150,-5955,-5918,7151,-5796,7152,7153,-6093,7154,-6329,-6370,7155,7156,-6639,7157,-6655,7158,-6800,7159,7160,7161,-6858,7162,-6927,7163,-6900,7164,-6884,7165,7166,7167,-6979,7168,7169,7170,7171,7172,-6616,7173,-6573,7174,7175,7176,7177,-5981,7178,-5827,7179,-5498,7180,-5365,7181,-6031,-6030,7182,-5149,7183,-5146],[-4616],[-4657],[-4699,-4700],[-4679],[-4701],[-4865],[-4909],[-4955],[-4998],[-5299],[-5367],[-5445],[-5428],[-5570],[-5756],[-5816],[-5830],[-6379],[7184],[-6410],[7185],[7186],[-6455],[-6487],[-6550,-6549],[-6596],[-6575],[7187,7188]],"properties":{"anthrome":53}},{"type":"Polygon","arcs":[[7189]],"properties":{"anthrome":61}},{"type":"Polygon","arcs":[[7190,7191]],"properties":{"anthrome":52}},{"type":"Polygon","arcs":[[7192]],"properties":{"anthrome":61}},{"type":"Polygon","arcs":[[7193,7194,7195]],"properties":{"anthrome":61}},{"type":"Polygon","arcs":[[7196,7197,-7194]],"properties":{"anthrome":62}},{"type":"Polygon","arcs":[[7198]],"properties":{"anthrome":62}},{"type":"Polygon","arcs":[[7199,7200,7201,7202]],"properties":{"anthrome":62}},{"type":"Polygon","arcs":[[-7096,7203,7204]],"properties":{"anthrome":61}},{"type":"Polygon","arcs":[[7205,7206]],"properties":{"anthrome":62}},{"type":"Polygon","arcs":[[7207,7208]],"properties":{"anthrome":54}},{"type":"Polygon","arcs":[[7209,7210]],"properties":{"anthrome":61}},{"type":"Polygon","arcs":[[7211]],"properties":{"anthrome":61}},{"type":"Polygon","arcs":[[7212]],"properties":{"anthrome":61}},{"type":"Polygon","arcs":[[7213,7214]],"properties":{"anthrome":62}},{"type":"Polygon","arcs":[[7215,7216,7217]],"properties":{"anthrome":61}},{"type":"Polygon","arcs":[[7218]],"properties":{"anthrome":53}},{"type":"Polygon","arcs":[[7219,7220]],"properties":{"anthrome":61}},{"type":"Polygon","arcs":[[7221,7222]],"properties":{"anthrome":54}},{"type":"Polygon","arcs":[[7223]],"properties":{"anthrome":63}},{"type":"Polygon","arcs":[[7224]],"properties":{"anthrome":53}},{"type":"Polygon","arcs":[[7225]],"properties":{"anthrome":61}},{"type":"Polygon","arcs":[[7226,7227,7228]],"properties":{"anthrome":52}},{"type":"Polygon","arcs":[[7229]],"properties":{"anthrome":61}},{"type":"Polygon","arcs":[[7230]],"properties":{"anthrome":61}},{"type":"Polygon","arcs":[[-7227,7231,7232]],"properties":{"anthrome":53}},{"type":"Polygon","arcs":[[7233]],"properties":{"anthrome":53}},{"type":"Polygon","arcs":[[7234,7235,7236,7237]],"properties":{"anthrome":61}},{"type":"Polygon","arcs":[[7238]],"properties":{"anthrome":61}},{"type":"Polygon","arcs":[[7239,-7215,7240,7241,7242,7243,7244]],"properties":{"anthrome":61}},{"type":"Polygon","arcs":[[7245,7246]],"properties":{"anthrome":53}},{"type":"Polygon","arcs":[[7247,7248]],"properties":{"anthrome":54}},{"type":"Polygon","arcs":[[7249]],"properties":{"anthrome":61}},{"type":"Polygon","arcs":[[7250,7251,7252,7253]],"properties":{"anthrome":61}},{"type":"Polygon","arcs":[[7254]],"properties":{"anthrome":61}},{"type":"Polygon","arcs":[[7255]],"properties":{"anthrome":62}},{"type":"Polygon","arcs":[[7256,-7244]],"properties":{"anthrome":53}},{"type":"Polygon","arcs":[[7257,7258,7259,7260]],"properties":{"anthrome":61}},{"type":"Polygon","arcs":[[7261]],"properties":{"anthrome":54}},{"type":"Polygon","arcs":[[7262]],"properties":{"anthrome":53}},{"type":"Polygon","arcs":[[7263]],"properties":{"anthrome":53}},{"type":"Polygon","arcs":[[7264,7265,7266]],"properties":{"anthrome":53}},{"type":"Polygon","arcs":[[7267,7268,-7265]],"properties":{"anthrome":61}},{"type":"Polygon","arcs":[[7269]],"properties":{"anthrome":54}},{"type":"Polygon","arcs":[[7270]],"properties":{"anthrome":62}},{"type":"Polygon","arcs":[[-6875,7271,-7098,7272,7273,-7094,7274,7275,7276,7277,7278,7279,7280]],"properties":{"anthrome":53}},{"type":"Polygon","arcs":[[7281]],"properties":{"anthrome":53}},{"type":"Polygon","arcs":[[7282]],"properties":{"anthrome":61}},{"type":"Polygon","arcs":[[7283,7284]],"properties":{"anthrome":54}},{"type":"Polygon","arcs":[[-7253,7285,7286,7287]],"properties":{"anthrome":54}},{"type":"Polygon","arcs":[[7288]],"properties":{"anthrome":53}},{"type":"Polygon","arcs":[[-7243,7289,7290,7291]],"properties":{"anthrome":53}},{"type":"Polygon","arcs":[[-7266,7292,7293]],"properties":{"anthrome":61}},{"type":"Polygon","arcs":[[7294,7295,7296,7297]],"properties":{"anthrome":61}},{"type":"Polygon","arcs":[[-7237,7298,7299,7300]],"properties":{"anthrome":62}},{"type":"Polygon","arcs":[[7301,7302,7303]],"properties":{"anthrome":54}},{"type":"Polygon","arcs":[[7304,7305]],"properties":{"anthrome":61}},{"type":"Polygon","arcs":[[7306,7307,7308,7309]],"properties":{"anthrome":61}},{"type":"Polygon","arcs":[[7310,7311,7312]],"properties":{"anthrome":53}},{"type":"Polygon","arcs":[[7313,7314]],"properties":{"anthrome":61}},{"type":"Polygon","arcs":[[7315]],"properties":{"anthrome":54}},{"type":"Polygon","arcs":[[7316,7317,-7307]],"properties":{"anthrome":53}},{"type":"Polygon","arcs":[[7318,7319,7320,-7317]],"properties":{"anthrome":61}},{"type":"Polygon","arcs":[[7321]],"properties":{"anthrome":54}},{"type":"Polygon","arcs":[[7322,7323,7324],[-7271]],"properties":{"anthrome":54}},{"type":"Polygon","arcs":[[7325]],"properties":{"anthrome":61}},{"type":"Polygon","arcs":[[7326,7327,7328,7329,7330]],"properties":{"anthrome":61}},{"type":"Polygon","arcs":[[7331]],"properties":{"anthrome":54}},{"type":"Polygon","arcs":[[7332]],"properties":{"anthrome":53}},{"type":"Polygon","arcs":[[7333,7334,7335,7336]],"properties":{"anthrome":61}},{"type":"Polygon","arcs":[[7337,-7327]],"properties":{"anthrome":53}},{"type":"Polygon","arcs":[[7338,7339]],"properties":{"anthrome":61}},{"type":"Polygon","arcs":[[7340]],"properties":{"anthrome":53}},{"type":"Polygon","arcs":[[-7334,7341,7342]],"properties":{"anthrome":53}},{"type":"Polygon","arcs":[[7343]],"properties":{"anthrome":53}},{"type":"Polygon","arcs":[[7344,7345]],"properties":{"anthrome":53}},{"type":"Polygon","arcs":[[7346]],"properties":{"anthrome":54}},{"type":"Polygon","arcs":[[7347]],"properties":{"anthrome":62}},{"type":"Polygon","arcs":[[-7269,-7315,7348,7349,7350,-7293]],"properties":{"anthrome":53}},{"type":"Polygon","arcs":[[7351,7352]],"properties":{"anthrome":54}},{"type":"Polygon","arcs":[[7353]],"properties":{"anthrome":53}},{"type":"Polygon","arcs":[[7354,7355]],"properties":{"anthrome":61}},{"type":"Polygon","arcs":[[7356]],"properties":{"anthrome":54}},{"type":"Polygon","arcs":[[7357,7358,7359]],"properties":{"anthrome":53}},{"type":"Polygon","arcs":[[7360,-7329,7361,7362]],"properties":{"anthrome":54}},{"type":"Polygon","arcs":[[7363,7364,7365,7366]],"properties":{"anthrome":53}},{"type":"Polygon","arcs":[[7367,7368,7369,-7296]],"properties":{"anthrome":54}},{"type":"Polygon","arcs":[[7370]],"properties":{"anthrome":63}},{"type":"Polygon","arcs":[[7371,7372]],"properties":{"anthrome":62}},{"type":"Polygon","arcs":[[7373]],"properties":{"anthrome":61}},{"type":"Polygon","arcs":[[7374]],"properties":{"anthrome":53}},{"type":"Polygon","arcs":[[7375]],"properties":{"anthrome":53}},{"type":"Polygon","arcs":[[7376]],"properties":{"anthrome":53}},{"type":"Polygon","arcs":[[7377,7378,7379]],"properties":{"anthrome":62}},{"type":"Polygon","arcs":[[7380,7381,7382,-7378]],"properties":{"anthrome":53}},{"type":"Polygon","arcs":[[7383]],"properties":{"anthrome":54}},{"type":"Polygon","arcs":[[7384]],"properties":{"anthrome":54}},{"type":"Polygon","arcs":[[7385]],"properties":{"anthrome":54}},{"type":"Polygon","arcs":[[7386,-7338]],"properties":{"anthrome":61}},{"type":"Polygon","arcs":[[-7367,7387,7388,7389,7390,7391,7392],[-7341]],"properties":{"anthrome":61}},{"type":"Polygon","arcs":[[7393]],"properties":{"anthrome":54}},{"type":"Polygon","arcs":[[7394,7395,7396,7397]],"properties":{"anthrome":54}},{"type":"Polygon","arcs":[[7398]],"properties":{"anthrome":61}},{"type":"Polygon","arcs":[[7399,7400]],"properties":{"anthrome":54}},{"type":"Polygon","arcs":[[7401]],"properties":{"anthrome":53}},{"type":"Polygon","arcs":[[7402]],"properties":{"anthrome":53}},{"type":"Polygon","arcs":[[7403,7404,7405]],"properties":{"anthrome":61}},{"type":"Polygon","arcs":[[7406,7407]],"properties":{"anthrome":62}},{"type":"Polygon","arcs":[[7408]],"properties":{"anthrome":54}},{"type":"Polygon","arcs":[[7409]],"properties":{"anthrome":54}},{"type":"Polygon","arcs":[[7410,7411,7412]],"properties":{"anthrome":54}},{"type":"Polygon","arcs":[[7413,7414,7415,7416,-7412]],"properties":{"anthrome":62}},{"type":"Polygon","arcs":[[7417]],"properties":{"anthrome":53}},{"type":"Polygon","arcs":[[7418,7419]],"properties":{"anthrome":54}},{"type":"Polygon","arcs":[[7420,7421]],"properties":{"anthrome":54}},{"type":"Polygon","arcs":[[-7257,-7292,7422,7423,7424,7425,7426,-7416,7427,-7364,7428]],"properties":{"anthrome":61}},{"type":"Polygon","arcs":[[7429,7430,-7426]],"properties":{"anthrome":53}},{"type":"Polygon","arcs":[[7431,7432]],"properties":{"anthrome":53}},{"type":"Polygon","arcs":[[7433]],"properties":{"anthrome":53}},{"type":"Polygon","arcs":[[7434]],"properties":{"anthrome":61}},{"type":"Polygon","arcs":[[7435]],"properties":{"anthrome":62}},{"type":"Polygon","arcs":[[7436,7437]],"properties":{"anthrome":54}},{"type":"Polygon","arcs":[[7438]],"properties":{"anthrome":54}},{"type":"Polygon","arcs":[[7439]],"properties":{"anthrome":62}},{"type":"Polygon","arcs":[[7440,7441,7442]],"properties":{"anthrome":54}},{"type":"Polygon","arcs":[[-7417,7443]],"properties":{"anthrome":54}},{"type":"Polygon","arcs":[[7444]],"properties":{"anthrome":54}},{"type":"Polygon","arcs":[[7445,7446]],"properties":{"anthrome":61}},{"type":"Polygon","arcs":[[7447,7448]],"properties":{"anthrome":61}},{"type":"Polygon","arcs":[[7449,7450]],"properties":{"anthrome":53}},{"type":"Polygon","arcs":[[7451]],"properties":{"anthrome":54}},{"type":"Polygon","arcs":[[-7117,7452,-6020,7453,-7114,-6153,-7113,-7112,7454,-6318,7455,-7109,-6327,-7108,7456,-6394,7457,-7105,-7104,-7103,7458,7459,7460,7461,7462,7463,7464,-7337,7465,7466,-7260,7467,7468,7469,-7071,7470,-7203,7471,-7245,-7429,-7393,7472,7473,7474,7475,7476,7477,-6755,-6695,-6611,7478,-6544,7479,-6451,7480,-6400,7481,-6276,-6261,7482,-6227,-6230,7483,-6129,-6131,7484,7485,-6112,-6180,-6199,7486,-6182,-6124,7487,-6072,7488,-7118],[-6077],[-6078],[-6084],[-6079],[-6102],[-6126],[-6109],[-6113],[-6200],[-6201],[-6326],[-6368],[-6385],[-6445],[-6483],[-6588],[-6547,-6546],[-6572],[-6658],[-6653],[-6685],[-6721],[-6709],[-6710],[-6711],[-6759],[-6798],[-6887],[-6917],[-7064],[-7065,-7066],[-7262],[-7322]],"properties":{"anthrome":53}},{"type":"Polygon","arcs":[[7489,7490]],"properties":{"anthrome":53}},{"type":"Polygon","arcs":[[7491,7492]],"properties":{"anthrome":61}},{"type":"Polygon","arcs":[[7493,7494]],"properties":{"anthrome":62}},{"type":"Polygon","arcs":[[7495]],"properties":{"anthrome":54}},{"type":"Polygon","arcs":[[7496,7497,7498,7499]],"properties":{"anthrome":62}},{"type":"Polygon","arcs":[[7500,7501,-7498]],"properties":{"anthrome":54}},{"type":"Polygon","arcs":[[7502,7503,7504]],"properties":{"anthrome":53}},{"type":"Polygon","arcs":[[7505]],"properties":{"anthrome":53}},{"type":"Polygon","arcs":[[7506,7507,7508]],"properties":{"anthrome":54}},{"type":"Polygon","arcs":[[7509,7510]],"properties":{"anthrome":62}},{"type":"Polygon","arcs":[[7511,7512,7513]],"properties":{"anthrome":61}},{"type":"Polygon","arcs":[[7514,7515]],"properties":{"anthrome":53}},{"type":"Polygon","arcs":[[7516]],"properties":{"anthrome":62}},{"type":"Polygon","arcs":[[7517]],"properties":{"anthrome":52}},{"type":"Polygon","arcs":[[-7351,7518,-7398,7519,7520,-7516,7521,7522,7523,7524,7525,-7345,7526],[-7434]],"properties":{"anthrome":61}},{"type":"Polygon","arcs":[[7527,7528]],"properties":{"anthrome":54}},{"type":"Polygon","arcs":[[-7492,7529]],"properties":{"anthrome":70}},{"type":"Polygon","arcs":[[-7499,7530,7531,7532]],"properties":{"anthrome":54}},{"type":"Polygon","arcs":[[7533,7534]],"properties":{"anthrome":62}},{"type":"Polygon","arcs":[[7535]],"properties":{"anthrome":54}},{"type":"Polygon","arcs":[[7536]],"properties":{"anthrome":62}},{"type":"Polygon","arcs":[[7537]],"properties":{"anthrome":54}},{"type":"Polygon","arcs":[[7538,7539]],"properties":{"anthrome":62}},{"type":"Polygon","arcs":[[7540,-7413,-7444,7541,7542,7543,7544,-7389]],"properties":{"anthrome":62}},{"type":"Polygon","arcs":[[7545,7546,7547],[-7445],[-7509,-7508,-7507],[-7538]],"properties":{"anthrome":53}},{"type":"Polygon","arcs":[[-7502,-7535,7548,7549,7550]],"properties":{"anthrome":61}},{"type":"Polygon","arcs":[[7551,7552,7553,7554,7555,7556]],"properties":{"anthrome":62}},{"type":"Polygon","arcs":[[7557]],"properties":{"anthrome":61}},{"type":"Polygon","arcs":[[7558]],"properties":{"anthrome":61}},{"type":"Polygon","arcs":[[-7532,7559,7560,7561]],"properties":{"anthrome":53}},{"type":"Polygon","arcs":[[7562,7563,-7554]],"properties":{"anthrome":61}},{"type":"Polygon","arcs":[[7564,7565]],"properties":{"anthrome":62}},{"type":"Polygon","arcs":[[7566]],"properties":{"anthrome":54}},{"type":"Polygon","arcs":[[7567]],"properties":{"anthrome":54}},{"type":"Polygon","arcs":[[7568],[7569]],"properties":{"anthrome":61}},{"type":"Polygon","arcs":[[7570,7571,7572]],"properties":{"anthrome":54}},{"type":"Polygon","arcs":[[7573]],"properties":{"anthrome":54}},{"type":"Polygon","arcs":[[7574,7575,7576,7577]],"properties":{"anthrome":53}},{"type":"Polygon","arcs":[[7578,7579]],"properties":{"anthrome":61}},{"type":"Polygon","arcs":[[7580]],"properties":{"anthrome":61}},{"type":"Polygon","arcs":[[7581]],"properties":{"anthrome":62}},{"type":"Polygon","arcs":[[7582]],"properties":{"anthrome":53}},{"type":"Polygon","arcs":[[7583,7584]],"properties":{"anthrome":61}},{"type":"Polygon","arcs":[[7585,7586]],"properties":{"anthrome":54}},{"type":"Polygon","arcs":[[7587,7588]],"properties":{"anthrome":54}},{"type":"Polygon","arcs":[[7589]],"properties":{"anthrome":54}},{"type":"Polygon","arcs":[[7590,-7523,-7573,7591,7592,7593,7594]],"properties":{"anthrome":62}},{"type":"Polygon","arcs":[[7595]],"properties":{"anthrome":53}},{"type":"Polygon","arcs":[[7596,7597]],"properties":{"anthrome":61}},{"type":"Polygon","arcs":[[7598]],"properties":{"anthrome":53}},{"type":"Polygon","arcs":[[7599,7600,7601,7602]],"properties":{"anthrome":62}},{"type":"Polygon","arcs":[[7603,7604,-7601]],"properties":{"anthrome":53}},{"type":"Polygon","arcs":[[7605]],"properties":{"anthrome":54}},{"type":"Polygon","arcs":[[7606]],"properties":{"anthrome":53}},{"type":"Polygon","arcs":[[7607,7608]],"properties":{"anthrome":53}},{"type":"Polygon","arcs":[[7609,7610,7611,-7593]],"properties":{"anthrome":53}},{"type":"Polygon","arcs":[[7612]],"properties":{"anthrome":54}},{"type":"Polygon","arcs":[[7613,7614]],"properties":{"anthrome":61}},{"type":"Polygon","arcs":[[7615,7616]],"properties":{"anthrome":54}},{"type":"Polygon","arcs":[[7617,-7614,7618,7619,7620,7621]],"properties":{"anthrome":53}},{"type":"Polygon","arcs":[[7622]],"properties":{"anthrome":54}},{"type":"Polygon","arcs":[[-7620,7623,7624]],"properties":{"anthrome":62}},{"type":"Polygon","arcs":[[7625]],"properties":{"anthrome":62}},{"type":"Polygon","arcs":[[7626]],"properties":{"anthrome":62}},{"type":"Polygon","arcs":[[7627]],"properties":{"anthrome":53}},{"type":"Polygon","arcs":[[7628]],"properties":{"anthrome":62}},{"type":"Polygon","arcs":[[7629]],"properties":{"anthrome":62}},{"type":"Polygon","arcs":[[7630]],"properties":{"anthrome":53}},{"type":"Polygon","arcs":[[7631]],"properties":{"anthrome":62}},{"type":"Polygon","arcs":[[7632]],"properties":{"anthrome":53}},{"type":"Polygon","arcs":[[7633,7634,7635]],"properties":{"anthrome":61}},{"type":"Polygon","arcs":[[7636]],"properties":{"anthrome":54}},{"type":"Polygon","arcs":[[7637,7638,7639,7640]],"properties":{"anthrome":53}},{"type":"Polygon","arcs":[[7641,7642]],"properties":{"anthrome":61}},{"type":"Polygon","arcs":[[7643],[7644]],"properties":{"anthrome":61}},{"type":"Polygon","arcs":[[-7406,7645,7646,7647,-7514,7648,7649,7650,7651,7652,7653,-7584,7654,-7446,7655,-7449,7656]],"properties":{"anthrome":62}},{"type":"Polygon","arcs":[[7657]],"properties":{"anthrome":54}},{"type":"Polygon","arcs":[[-7653,7658,7659,7660]],"properties":{"anthrome":61}},{"type":"Polygon","arcs":[[7661]],"properties":{"anthrome":61}},{"type":"Polygon","arcs":[[7662,7663]],"properties":{"anthrome":54}},{"type":"Polygon","arcs":[[7664,7665]],"properties":{"anthrome":62}},{"type":"Polygon","arcs":[[7666]],"properties":{"anthrome":53}},{"type":"Polygon","arcs":[[7667]],"properties":{"anthrome":53}},{"type":"Polygon","arcs":[[7668]],"properties":{"anthrome":53}},{"type":"Polygon","arcs":[[7669,7670,7671,7672]],"properties":{"anthrome":53}},{"type":"Polygon","arcs":[[7673]],"properties":{"anthrome":54}},{"type":"Polygon","arcs":[[7674]],"properties":{"anthrome":62}},{"type":"Polygon","arcs":[[7675]],"properties":{"anthrome":54}},{"type":"Polygon","arcs":[[7676]],"properties":{"anthrome":54}},{"type":"Polygon","arcs":[[7677]],"properties":{"anthrome":54}},{"type":"Polygon","arcs":[[7678]],"properties":{"anthrome":62}},{"type":"Polygon","arcs":[[7679]],"properties":{"anthrome":53}},{"type":"Polygon","arcs":[[-7672,7680,7681,7682]],"properties":{"anthrome":61}},{"type":"Polygon","arcs":[[7683,7684]],"properties":{"anthrome":62}},{"type":"Polygon","arcs":[[7685,7686]],"properties":{"anthrome":61}},{"type":"Polygon","arcs":[[7687]],"properties":{"anthrome":61}},{"type":"Polygon","arcs":[[7688]],"properties":{"anthrome":54}},{"type":"Polygon","arcs":[[7689]],"properties":{"anthrome":62}},{"type":"Polygon","arcs":[[7690]],"properties":{"anthrome":61}},{"type":"Polygon","arcs":[[7691,7692]],"properties":{"anthrome":61}},{"type":"Polygon","arcs":[[7693]],"properties":{"anthrome":54}},{"type":"Polygon","arcs":[[7694]],"properties":{"anthrome":54}},{"type":"Polygon","arcs":[[7695]],"properties":{"anthrome":54}},{"type":"Polygon","arcs":[[7696,7697,7698,7699]],"properties":{"anthrome":53}},{"type":"Polygon","arcs":[[7700,7701,7702,7703]],"properties":{"anthrome":62}},{"type":"Polygon","arcs":[[7704,7705,7706,7707]],"properties":{"anthrome":54}},{"type":"Polygon","arcs":[[7708,7709]],"properties":{"anthrome":54}},{"type":"Polygon","arcs":[[7710]],"properties":{"anthrome":54}},{"type":"Polygon","arcs":[[7711,7712]],"properties":{"anthrome":53}},{"type":"Polygon","arcs":[[-7698,7713,-7712]],"properties":{"anthrome":54}},{"type":"Polygon","arcs":[[7714]],"properties":{"anthrome":53}},{"type":"Polygon","arcs":[[7715]],"properties":{"anthrome":54}},{"type":"Polygon","arcs":[[7716,7717]],"properties":{"anthrome":62}},{"type":"Polygon","arcs":[[7718]],"properties":{"anthrome":54}},{"type":"Polygon","arcs":[[7719]],"properties":{"anthrome":54}},{"type":"Polygon","arcs":[[7720]],"properties":{"anthrome":54}},{"type":"Polygon","arcs":[[7721,-7687,7722,7723]],"properties":{"anthrome":53}},{"type":"Polygon","arcs":[[7724]],"properties":{"anthrome":62}},{"type":"Polygon","arcs":[[7725]],"properties":{"anthrome":61}},{"type":"Polygon","arcs":[[7726]],"properties":{"anthrome":62}},{"type":"Polygon","arcs":[[7727]],"properties":{"anthrome":62}},{"type":"Polygon","arcs":[[7728,7729]],"properties":{"anthrome":54}},{"type":"Polygon","arcs":[[7730]],"properties":{"anthrome":62}},{"type":"Polygon","arcs":[[7731]],"properties":{"anthrome":54}},{"type":"Polygon","arcs":[[7732,7733]],"properties":{"anthrome":62}},{"type":"Polygon","arcs":[[7734,7735]],"properties":{"anthrome":53}},{"type":"Polygon","arcs":[[-7714,7736]],"properties":{"anthrome":53}},{"type":"Polygon","arcs":[[7737,7738,7739,-7451,7740,-7595,7741,7742,7743,7744,7745,7746,7747,7748,7749,7750,-7650,7751,7752,-7647,7753]],"properties":{"anthrome":54}},{"type":"Polygon","arcs":[[7754]],"properties":{"anthrome":54}},{"type":"Polygon","arcs":[[7755,7756,7757]],"properties":{"anthrome":53}},{"type":"Polygon","arcs":[[7758]],"properties":{"anthrome":54}},{"type":"Polygon","arcs":[[7759,7760,7761]],"properties":{"anthrome":54}},{"type":"Polygon","arcs":[[7762]],"properties":{"anthrome":54}},{"type":"Polygon","arcs":[[7763,7764]],"properties":{"anthrome":62}},{"type":"Polygon","arcs":[[-7733,7765]],"properties":{"anthrome":53}},{"type":"Polygon","arcs":[[7766,7767,7768,7769,-7400,7770]],"properties":{"anthrome":62}},{"type":"Polygon","arcs":[[7771,7772]],"properties":{"anthrome":53}},{"type":"Polygon","arcs":[[-7769,7773]],"properties":{"anthrome":54}},{"type":"Polygon","arcs":[[7774,7775,-7709]],"properties":{"anthrome":62}},{"type":"Polygon","arcs":[[7776,7777,-7703,7778,-7758,7779,7780,7781,7782,7783,7784,7785]],"properties":{"anthrome":61}},{"type":"Polygon","arcs":[[7786,7787]],"properties":{"anthrome":54}},{"type":"Polygon","arcs":[[7788,7789,7790]],"properties":{"anthrome":61}},{"type":"Polygon","arcs":[[7791,-7783,7792]],"properties":{"anthrome":53}},{"type":"Polygon","arcs":[[7793,7794,7795]],"properties":{"anthrome":61}},{"type":"Polygon","arcs":[[7796,7797]],"properties":{"anthrome":62}},{"type":"Polygon","arcs":[[7798,7799]],"properties":{"anthrome":54}},{"type":"Polygon","arcs":[[7800]],"properties":{"anthrome":62}},{"type":"Polygon","arcs":[[7801,-7793,7802,7803,7804]],"properties":{"anthrome":54}},{"type":"Polygon","arcs":[[7805,7806,7807]],"properties":{"anthrome":62}},{"type":"Polygon","arcs":[[7808,7809]],"properties":{"anthrome":61}},{"type":"Polygon","arcs":[[7810]],"properties":{"anthrome":54}},{"type":"Polygon","arcs":[[7811]],"properties":{"anthrome":62}},{"type":"Polygon","arcs":[[7812]],"properties":{"anthrome":54}},{"type":"Polygon","arcs":[[7813]],"properties":{"anthrome":54}},{"type":"Polygon","arcs":[[-7790,7814]],"properties":{"anthrome":53}},{"type":"Polygon","arcs":[[7815,7816]],"properties":{"anthrome":54}},{"type":"Polygon","arcs":[[7817,7818,-7764,7819,7820]],"properties":{"anthrome":54}},{"type":"Polygon","arcs":[[7821,-7641,7822,7823,-7710,7824,7825],[-7811]],"properties":{"anthrome":62}},{"type":"Polygon","arcs":[[-7782,7826,7827,7828,7829,-7803]],"properties":{"anthrome":62}},{"type":"Polygon","arcs":[[7830]],"properties":{"anthrome":54}},{"type":"Polygon","arcs":[[7831,7832]],"properties":{"anthrome":53}},{"type":"Polygon","arcs":[[7833,7834,7835,-7684]],"properties":{"anthrome":54}},{"type":"Polygon","arcs":[[-7807,7836,7837]],"properties":{"anthrome":53}},{"type":"Polygon","arcs":[[7838]],"properties":{"anthrome":54}},{"type":"Polygon","arcs":[[7839,-7810,-7833,7840,7841,7842,7843,7844,7845,7846,7847,-7706,7848,7849]],"properties":{"anthrome":52}},{"type":"Polygon","arcs":[[7850,7851,7852]],"properties":{"anthrome":61}},{"type":"Polygon","arcs":[[7853]],"properties":{"anthrome":54}},{"type":"Polygon","arcs":[[7854]],"properties":{"anthrome":54}},{"type":"Polygon","arcs":[[7855,7856,7857]],"properties":{"anthrome":54}},{"type":"Polygon","arcs":[[7858,-7842]],"properties":{"anthrome":61}},{"type":"Polygon","arcs":[[7859]],"properties":{"anthrome":62}},{"type":"Polygon","arcs":[[7860,7861]],"properties":{"anthrome":62}},{"type":"Polygon","arcs":[[7862,7863]],"properties":{"anthrome":61}},{"type":"Polygon","arcs":[[7864]],"properties":{"anthrome":54}},{"type":"Polygon","arcs":[[7865,-7829,7866,7867,7868,7869,7870,7871,7872]],"properties":{"anthrome":61}},{"type":"Polygon","arcs":[[7873,7874,7875]],"properties":{"anthrome":54}},{"type":"Polygon","arcs":[[7876]],"properties":{"anthrome":54}},{"type":"Polygon","arcs":[[-7857,7877,7878,-7874]],"properties":{"anthrome":62}},{"type":"Polygon","arcs":[[-7852,7879,7880,7881]],"properties":{"anthrome":62}},{"type":"Polygon","arcs":[[7882]],"properties":{"anthrome":62}},{"type":"Polygon","arcs":[[7883]],"properties":{"anthrome":62}},{"type":"Polygon","arcs":[[7884]],"properties":{"anthrome":62}},{"type":"Polygon","arcs":[[7885]],"properties":{"anthrome":62}},{"type":"Polygon","arcs":[[7886,7887]],"properties":{"anthrome":61}},{"type":"Polygon","arcs":[[7888,7889,7890,7891]],"properties":{"anthrome":53}},{"type":"Polygon","arcs":[[7892,7893]],"properties":{"anthrome":54}},{"type":"Polygon","arcs":[[7894]],"properties":{"anthrome":54}},{"type":"Polygon","arcs":[[7895]],"properties":{"anthrome":54}},{"type":"Polygon","arcs":[[7896,7897]],"properties":{"anthrome":53}},{"type":"Polygon","arcs":[[7898,7899]],"properties":{"anthrome":54}},{"type":"Polygon","arcs":[[7900,-7642,7901,-7692,7902,-7797,7903,-7863,7904,7905,7906,-7881,7907,-7744,7908,-7635,-7597,7909,-7522]],"properties":{"anthrome":53}},{"type":"Polygon","arcs":[[7910,-7906,7911,7912,7913,7914]],"properties":{"anthrome":54}},{"type":"Polygon","arcs":[[7915]],"properties":{"anthrome":53}},{"type":"Polygon","arcs":[[7916]],"properties":{"anthrome":62}},{"type":"Polygon","arcs":[[-7893,7917]],"properties":{"anthrome":53}},{"type":"Polygon","arcs":[[7918,-7913]],"properties":{"anthrome":62}},{"type":"Polygon","arcs":[[7919]],"properties":{"anthrome":54}},{"type":"Polygon","arcs":[[7920]],"properties":{"anthrome":54}},{"type":"Polygon","arcs":[[-7660,-7683,7921,-7748,-7747,7922,-7796,7923,-7853,-7915,7924,-7899,7925,7926],[-7719],[-7730,-7729],[-7763]],"properties":{"anthrome":62}},{"type":"Polygon","arcs":[[-6308,7927,-6375,7928,-6303,7929,-6470,-6469,7930,-6419,7931,-6608,-6607,-6465,-6464,7932,-6342,7933,-6480,-6479,7934,-6423,7935,-6444,7936,-6543,7937,7938,7939,7940,7941,7942,-7196,7943,7944,7945,-7310,7946,7947,-7340,7948,7949,7950,7951,-7534,-7501,-7441,-7443,7952,7953,7954,7955,7956,-7785,7957,-7805,7958,-7873,7959,7960,-7229,-7192,7961,7962,-6985,-6952,7963,7964,-6794,7965,-6769,7966,-6737,7967,-6717,7968,-6725,7969,7970,-6381,-6350,7971,-6323,7972,-6283,-6265,-6184,-6138],[-6310],[-6442],[-6383],[-6388],[-6389],[-6407],[-6440],[-6414],[-6538,-6590,-6589,-6591],[-6450],[-6540,-6539],[-6541],[-6592],[-6570,-6569],[-6571],[-6598],[-6614],[-6615],[-6637],[-6910,-6909,-6911],[-6650],[-6678],[-6651],[-6762],[-7026,-7025,-7005,-7004,-7003,-7006,-6704,-7027],[-6808],[-6702],[-6706],[-6818],[-6908],[-6987],[-6953],[-6986],[-6988],[-7014],[-7015],[-7030],[-7031],[-7067],[-7226],[-7193],[-7212],[7973,-7369,7974,-7298],[-7213],[-7250],[7975,-7287,7976,-7251],[7977,-7387,-7331,7978,-7363],[-7255],[-7326],[-7316],[-7356,-7355],[-7374],[-7399],[-7435],[-7422,-7421],[-7518],[-7496],[-7677]],"properties":{"anthrome":53}},{"type":"Polygon","arcs":[[7979,7980,7981,7982]],"properties":{"anthrome":62}},{"type":"Polygon","arcs":[[7983,7984,-7816,7985,7986]],"properties":{"anthrome":62}},{"type":"Polygon","arcs":[[7987]],"properties":{"anthrome":54}},{"type":"Polygon","arcs":[[7988,7989]],"properties":{"anthrome":54}},{"type":"Polygon","arcs":[[7990,7991,-7989]],"properties":{"anthrome":62}},{"type":"Polygon","arcs":[[7992,7993]],"properties":{"anthrome":62}},{"type":"Polygon","arcs":[[7994]],"properties":{"anthrome":54}},{"type":"Polygon","arcs":[[7995]],"properties":{"anthrome":53}},{"type":"Polygon","arcs":[[7996]],"properties":{"anthrome":62}},{"type":"Polygon","arcs":[[7997]],"properties":{"anthrome":54}},{"type":"Polygon","arcs":[[7998]],"properties":{"anthrome":54}},{"type":"Polygon","arcs":[[7999]],"properties":{"anthrome":54}},{"type":"Polygon","arcs":[[8000,8001,8002,8003,8004]],"properties":{"anthrome":62}},{"type":"Polygon","arcs":[[8005,-8002,8006,8007]],"properties":{"anthrome":63}},{"type":"Polygon","arcs":[[8008]],"properties":{"anthrome":53}},{"type":"Polygon","arcs":[[8009,8010,8011]],"properties":{"anthrome":53}},{"type":"Polygon","arcs":[[-7887,8012,8013,8014]],"properties":{"anthrome":53}},{"type":"Polygon","arcs":[[8015]],"properties":{"anthrome":54}},{"type":"Polygon","arcs":[[8016,8017]],"properties":{"anthrome":61}},{"type":"Polygon","arcs":[[8018,8019]],"properties":{"anthrome":62}},{"type":"Polygon","arcs":[[8020,8021,8022]],"properties":{"anthrome":63}},{"type":"Polygon","arcs":[[8023,8024]],"properties":{"anthrome":62}},{"type":"Polygon","arcs":[[8025]],"properties":{"anthrome":62}},{"type":"Polygon","arcs":[[8026]],"properties":{"anthrome":53}},{"type":"Polygon","arcs":[[8027,8028,8029]],"properties":{"anthrome":63}},{"type":"Polygon","arcs":[[8030]],"properties":{"anthrome":53}},{"type":"Polygon","arcs":[[8031,8032]],"properties":{"anthrome":54}},{"type":"Polygon","arcs":[[8033]],"properties":{"anthrome":62}},{"type":"Polygon","arcs":[[8034,8035,8036]],"properties":{"anthrome":62}},{"type":"Polygon","arcs":[[8037,-7850,8038,-7708,8039,8040,-7762,8041,8042,-7788,8043,-7844,8044,8045,-7858,-7876,8046,8047,8048,8049,-7894,8050,8051,8052],[-7332],[-7357],[-7394],[-7452],[-7536],[-7606],[-7637],[-7676],[-7678],[-7716],[-7759],[-7839],[-7831],[-7855],[-7877],[-7895],[-7995]],"properties":{"anthrome":53}},{"type":"Polygon","arcs":[[-8022,8053,8054,8055]],"properties":{"anthrome":62}},{"type":"Polygon","arcs":[[8056]],"properties":{"anthrome":54}},{"type":"Polygon","arcs":[[8057]],"properties":{"anthrome":63}},{"type":"Polygon","arcs":[[8058,8059]],"properties":{"anthrome":54}},{"type":"Polygon","arcs":[[8060]],"properties":{"anthrome":54}},{"type":"Polygon","arcs":[[-7990,8061,8062,8063,8064],[-7988]],"properties":{"anthrome":62}},{"type":"Polygon","arcs":[[-8064,8065]],"properties":{"anthrome":54}},{"type":"Polygon","arcs":[[8066]],"properties":{"anthrome":62}},{"type":"Polygon","arcs":[[8067,8068,8069]],"properties":{"anthrome":61}},{"type":"Polygon","arcs":[[-8063,8070]],"properties":{"anthrome":54}},{"type":"Polygon","arcs":[[-8066,-8071,8071]],"properties":{"anthrome":62}},{"type":"Polygon","arcs":[[8072]],"properties":{"anthrome":62}},{"type":"Polygon","arcs":[[8073,8074,8075,8076,8077,8078]],"properties":{"anthrome":53}},{"type":"Polygon","arcs":[[8079]],"properties":{"anthrome":63}},{"type":"Polygon","arcs":[[8080]],"properties":{"anthrome":53}},{"type":"Polygon","arcs":[[8081]],"properties":{"anthrome":53}},{"type":"Polygon","arcs":[[-8075,8082,8083,8084]],"properties":{"anthrome":54}},{"type":"Polygon","arcs":[[8085]],"properties":{"anthrome":62}},{"type":"Polygon","arcs":[[8086,-8059,-8032,8087,8088]],"properties":{"anthrome":62}},{"type":"Polygon","arcs":[[8089]],"properties":{"anthrome":53}},{"type":"Polygon","arcs":[[-8077,8090,8091,8092]],"properties":{"anthrome":62}},{"type":"Polygon","arcs":[[8093]],"properties":{"anthrome":54}},{"type":"Polygon","arcs":[[8094,8095,8096,8097]],"properties":{"anthrome":53}},{"type":"Polygon","arcs":[[8098,8099,-8096]],"properties":{"anthrome":62}},{"type":"Polygon","arcs":[[8100,8101]],"properties":{"anthrome":62}},{"type":"Polygon","arcs":[[8102]],"properties":{"anthrome":54}},{"type":"Polygon","arcs":[[8103]],"properties":{"anthrome":62}},{"type":"Polygon","arcs":[[8104]],"properties":{"anthrome":63}},{"type":"Polygon","arcs":[[8105]],"properties":{"anthrome":62}},{"type":"Polygon","arcs":[[8106]],"properties":{"anthrome":62}},{"type":"Polygon","arcs":[[8107,8108]],"properties":{"anthrome":62}},{"type":"Polygon","arcs":[[8109]],"properties":{"anthrome":62}},{"type":"Polygon","arcs":[[8110]],"properties":{"anthrome":62}},{"type":"Polygon","arcs":[[8111,8112,8113,8114]],"properties":{"anthrome":53}},{"type":"Polygon","arcs":[[8115,8116,8117,8118]],"properties":{"anthrome":61}},{"type":"Polygon","arcs":[[8119,8120,8121]],"properties":{"anthrome":62}},{"type":"Polygon","arcs":[[8122]],"properties":{"anthrome":62}},{"type":"Polygon","arcs":[[-8114,8123,8124,8125]],"properties":{"anthrome":62}},{"type":"Polygon","arcs":[[8126]],"properties":{"anthrome":54}},{"type":"Polygon","arcs":[[8127,8128]],"properties":{"anthrome":54}},{"type":"Polygon","arcs":[[8129,-8120,8130]],"properties":{"anthrome":53}},{"type":"Polygon","arcs":[[8131,8132,-8116,8133,8134,8135,-8068,8136,8137]],"properties":{"anthrome":53}},{"type":"Polygon","arcs":[[8138]],"properties":{"anthrome":62}},{"type":"Polygon","arcs":[[-8121,8139,8140]],"properties":{"anthrome":61}},{"type":"Polygon","arcs":[[8141,8142]],"properties":{"anthrome":61}},{"type":"Polygon","arcs":[[8143]],"properties":{"anthrome":62}},{"type":"Polygon","arcs":[[8144,8145,-8143,8146,8147]],"properties":{"anthrome":53}},{"type":"Polygon","arcs":[[8148,8149,8150,8151]],"properties":{"anthrome":61}},{"type":"Polygon","arcs":[[8152,8153]],"properties":{"anthrome":62}},{"type":"Polygon","arcs":[[8154]],"properties":{"anthrome":62}},{"type":"Polygon","arcs":[[8155,8156]],"properties":{"anthrome":62}},{"type":"Polygon","arcs":[[8157,8158,8159,8160]],"properties":{"anthrome":53}},{"type":"Polygon","arcs":[[8161,-8159]],"properties":{"anthrome":54}},{"type":"Polygon","arcs":[[8162]],"properties":{"anthrome":62}},{"type":"Polygon","arcs":[[8163,8164]],"properties":{"anthrome":62}},{"type":"Polygon","arcs":[[8165]],"properties":{"anthrome":62}},{"type":"Polygon","arcs":[[8166]],"properties":{"anthrome":62}},{"type":"Polygon","arcs":[[8167]],"properties":{"anthrome":62}},{"type":"Polygon","arcs":[[8168,8169]],"properties":{"anthrome":62}},{"type":"Polygon","arcs":[[8170,8171]],"properties":{"anthrome":62}},{"type":"Polygon","arcs":[[8172]],"properties":{"anthrome":53}},{"type":"Polygon","arcs":[[8173,8174]],"properties":{"anthrome":62}},{"type":"Polygon","arcs":[[8175,8176,8177]],"properties":{"anthrome":53}},{"type":"Polygon","arcs":[[8178,8179]],"properties":{"anthrome":53}},{"type":"Polygon","arcs":[[-7209,-7223,8180,-7285,8181,-7323,8182,8183,-7419,8184,-7352,8185,-7248,8186,-7132,8187,-7306,8188,8189,8190,8191,8192,8193,8194,8195,8196,8197,8198,8199,8200,-7818,8201,-7835,8202,-7663,8203,-7586,8204,-7616,8205,-7437,8206],[8207,-7304,-7303,8208,-7220],[-7270],[-7347],[-7384],[-7385],[-7386],[-7409],[-7410],[-7439],[-7574],[-7567],[-7568],[-7589,-7588],[-7658],[-7590],[-7623],[-7613],[-7696],[-7689],[-7674],[-7711],[-7694],[-7695],[-7720],[-7721],[-7755],[-7732],[-7800,-7799],[-7813],[-7814],[-7865],[-7854],[-7920],[-7921],[-7998],[-7999],[-8000],[-8057],[-8061],[-8094],[-8103],[-8127],[-8129,-8128]],"properties":{"anthrome":62}},{"type":"Polygon","arcs":[[8209]],"properties":{"anthrome":53}},{"type":"Polygon","arcs":[[8210,-7476,-7475,-7474,8211,-7391,8212,-7544,-7543,8213,8214,-7424,8215,8216,8217,-7218,8218,-7258,8219,8220,8221,-7342,-7465,-7464,8222,-6920,8223,-7461,8224,-6890,8225,-6949,8226,-7280,8227,8228,-7311,8229,8230,-7277,8231,-7009,8232,-6879,-6826,-6871,8233,-6958,8234,8235,-7206,8236,-7360,-7359,8237,-7432,8238,-7511,-7540,8239,-7546,-7548,8240,-7717,8241,-7862,8242,-7898,8243,-7994,8244,-8012,8245,8246,-8037,8247,-8148,8248,-8172,8249,8250,8251,8252,8253,-8108,8254,-8089,8255,-7768,-7767,8256,-6821,-6820],[-6833],[-6955],[-7028],[-7029],[-7282],[-7219],[-7234],[-7247,-7246],[-7333],[-7263],[-7264],[-7344],[-7377],[-7402],[-7403],[-7418],[-7506],[-7537],[-7596],[-7582],[-7583],[-7825,-7776,-7775,-7824,8257,-7639,8258,-7826],[-7607],[-7608,-7609],[-7629],[-7632],[-7630],[-7633],[-7631],[-7667],[-7668],[-7669],[-7679],[-7680],[-7727],[-7728],[-7812],[-7860],[-8072,-8062,-7992,-7991,-8065],[-7886],[-7916],[-7997],[-8009],[-8026],[-8034],[-8067],[-8139],[-8110],[-8111],[-8123],[-8155],[-8166]],"properties":{"anthrome":54}},{"type":"Polygon","arcs":[[8259,8260,8261,8262]],"properties":{"anthrome":53}},{"type":"Polygon","arcs":[[-8160,8263,-8179,8264,8265]],"properties":{"anthrome":54}},{"type":"Polygon","arcs":[[-8253,8266]],"properties":{"anthrome":62}},{"type":"Polygon","arcs":[[-8251,8267]],"properties":{"anthrome":62}},{"type":"Polygon","arcs":[[8268,8269,8270]],"properties":{"anthrome":62}},{"type":"Polygon","arcs":[[-8199,8271,-8178,8272,-8175,8273,8274,8275,8276,8277,-8269,8278,-8261,-8260,8279,-8156,8280,-8101,8281],[8282,-8125,8283,-8112],[-8173]],"properties":{"anthrome":54}},{"type":"Polygon","arcs":[[8284]],"properties":{"anthrome":53}},{"type":"Polygon","arcs":[[8285]],"properties":{"anthrome":62}},{"type":"Polygon","arcs":[[8286,-8277]],"properties":{"anthrome":53}},{"type":"Polygon","arcs":[[8287,-8275]],"properties":{"anthrome":62}},{"type":"Polygon","arcs":[[8288]],"properties":{"anthrome":62}},{"type":"Polygon","arcs":[[8289]],"properties":{"anthrome":62}},{"type":"Polygon","arcs":[[8290,8291]],"properties":{"anthrome":53}},{"type":"Polygon","arcs":[[8292]],"properties":{"anthrome":62}},{"type":"Polygon","arcs":[[8293,8294,8295]],"properties":{"anthrome":62}},{"type":"Polygon","arcs":[[8296,8297]],"properties":{"anthrome":54}},{"type":"Polygon","arcs":[[8298,8299,8300,8301]],"properties":{"anthrome":53}},{"type":"Polygon","arcs":[[8302,8303,8304,8305]],"properties":{"anthrome":61}},{"type":"Polygon","arcs":[[8306]],"properties":{"anthrome":62}},{"type":"Polygon","arcs":[[8307]],"properties":{"anthrome":62}},{"type":"Polygon","arcs":[[8308,8309,8310]],"properties":{"anthrome":53}},{"type":"Polygon","arcs":[[8311,8312]],"properties":{"anthrome":53}},{"type":"Polygon","arcs":[[8313]],"properties":{"anthrome":62}},{"type":"Polygon","arcs":[[-8310,8314,8315]],"properties":{"anthrome":61}},{"type":"Polygon","arcs":[[8316,8317,8318]],"properties":{"anthrome":62}},{"type":"Polygon","arcs":[[8319,8320]],"properties":{"anthrome":61}},{"type":"Polygon","arcs":[[8321]],"properties":{"anthrome":61}},{"type":"Polygon","arcs":[[8322,8323]],"properties":{"anthrome":62}},{"type":"Polygon","arcs":[[-8317,8324,8325,8326]],"properties":{"anthrome":54}},{"type":"Polygon","arcs":[[-8325,8327]],"properties":{"anthrome":62}},{"type":"Polygon","arcs":[[8328]],"properties":{"anthrome":62}},{"type":"Polygon","arcs":[[8329]],"properties":{"anthrome":62}},{"type":"Polygon","arcs":[[8330,8331]],"properties":{"anthrome":53}},{"type":"Polygon","arcs":[[8332,8333]],"properties":{"anthrome":61}},{"type":"Polygon","arcs":[[-7490,-7622,8334,8335,8336,-7724,-7766,8337,8338,8339,-8015,8340,8341,-8138,8342,8343,-8135,8344,-8118,8345,-8158,8346,-8149,8347,8348,8349,-8304,8350,8351,8352,8353,8354,8355,-8332,8356,-8323,8357,-8300,8358,-8296,8359,8360,8361,8362,-8196,-8195,-8194,-8193,-8192,-8191,-8190,8363],[-7883],[-7917],[-8104],[-8167],[-8168],[-8285],[-8289],[-8290],[-8308]],"properties":{"anthrome":54}},{"type":"Polygon","arcs":[[8364,8365,8366]],"properties":{"anthrome":61}},{"type":"Polygon","arcs":[[8367,8368,8369,8370]],"properties":{"anthrome":62}},{"type":"Polygon","arcs":[[8371,8372]],"properties":{"anthrome":54}},{"type":"Polygon","arcs":[[8373,8374,8375,8376,8377,-8355]],"properties":{"anthrome":53}},{"type":"Polygon","arcs":[[8378,8379,8380]],"properties":{"anthrome":61}},{"type":"Polygon","arcs":[[8381,8382,8383]],"properties":{"anthrome":53}},{"type":"Polygon","arcs":[[-8377,8384]],"properties":{"anthrome":61}},{"type":"Polygon","arcs":[[8385,8386]],"properties":{"anthrome":61}},{"type":"Polygon","arcs":[[8387,8388]],"properties":{"anthrome":62}},{"type":"Polygon","arcs":[[8389,8390]],"properties":{"anthrome":61}},{"type":"Polygon","arcs":[[-8151,-8266,8391,-8297,8392,-8334,8393,-8373,-8388,8394,-8386,8395,-8369,8396,-8352,8397,-8306,8398,-8349,8399],[-8322]],"properties":{"anthrome":53}},{"type":"Polygon","arcs":[[-8380,8400,8401,8402]],"properties":{"anthrome":62}},{"type":"Polygon","arcs":[[8403]],"properties":{"anthrome":54}},{"type":"Polygon","arcs":[[8404,8405,8406]],"properties":{"anthrome":62}},{"type":"Polygon","arcs":[[8407,8408,8409,8410,8411]],"properties":{"anthrome":61}},{"type":"Polygon","arcs":[[8412,8413,8414]],"properties":{"anthrome":54}},{"type":"Polygon","arcs":[[8415]],"properties":{"anthrome":54}},{"type":"Polygon","arcs":[[8416,8417,8418]],"properties":{"anthrome":54}},{"type":"Polygon","arcs":[[8419,8420,-8417]],"properties":{"anthrome":53}},{"type":"Polygon","arcs":[[8421,8422,8423]],"properties":{"anthrome":54}},{"type":"Polygon","arcs":[[8424,8425]],"properties":{"anthrome":54}},{"type":"Polygon","arcs":[[8426,8427]],"properties":{"anthrome":61}},{"type":"Polygon","arcs":[[-8414,8428,8429]],"properties":{"anthrome":61}},{"type":"Polygon","arcs":[[-8411,8430,8431,8432,8433,8434]],"properties":{"anthrome":53}},{"type":"Polygon","arcs":[[-8421,8435,8436,8437]],"properties":{"anthrome":54}},{"type":"Polygon","arcs":[[8438,8439]],"properties":{"anthrome":53}},{"type":"Polygon","arcs":[[8440,8441,8442]],"properties":{"anthrome":62}},{"type":"Polygon","arcs":[[8443,8444,-8441]],"properties":{"anthrome":54}},{"type":"Polygon","arcs":[[8445,8446]],"properties":{"anthrome":54}},{"type":"Polygon","arcs":[[8447,8448]],"properties":{"anthrome":62}},{"type":"Polygon","arcs":[[8449,8450,8451,-8448]],"properties":{"anthrome":61}},{"type":"Polygon","arcs":[[8452,8453,8454,-8451]],"properties":{"anthrome":62}},{"type":"Polygon","arcs":[[8455,8456,-8454]],"properties":{"anthrome":53}},{"type":"Polygon","arcs":[[8457,8458]],"properties":{"anthrome":62}},{"type":"Polygon","arcs":[[8459,8460]],"properties":{"anthrome":53}},{"type":"Polygon","arcs":[[-8418,8461,8462,-8445,8463]],"properties":{"anthrome":53}},{"type":"Polygon","arcs":[[8464,8465]],"properties":{"anthrome":62}},{"type":"Polygon","arcs":[[-8320,8466,-8390,8467]],"properties":{"anthrome":62}},{"type":"Polygon","arcs":[[8468,8469]],"properties":{"anthrome":61}},{"type":"Polygon","arcs":[[-7971,8470,-6727,-6761,-6817,8471,8472,-7964,-6984,-7963,8473,8474,-7232,-7961,8475,-7871,8476,-7891,8477,-7982,-7981,8478,-7868,8479,8480,8481,8482,-7701,8483,-7777,8484,-7956,-7955,-7562,8485,-7578,8486,-7603,8487,-7604,-7576,8488,-7549,-7952,8489,-7503,8490,-7556,8491,-7580,-7564,8492,8493,-7950,8494,8495,8496,-7320,8497,-7945,8498,-7197,8499,-7032,8500,-7942,-7941,-7940,-7939,8501,-6610,8502,-6600,8503,8504,-6708,8505,-8053,-8052,-8051,-7918,-8050,-8049,8506,-8079,8507,8508,8509,8510,-8154,-8164,8511,8512,-8459,8513,-8456,-8432,8514,-8409,8515,-8384,8516,-8434,-8449,8517,8518,8519,-8328,-8319,8520,-8311,8521,8522,-8312,8523,-8291,8524,-8169,8525,-8140,-8130,8526,-8024,8527,-7984,-7987,8528,-7665,8529,-7494,8530,-7372,8531,-6746,8532,-6564,-6513,8533,-6568,8534,-6510],[-6872],[-6912],[-6977],[-6954],[-6989],[-7068],[-7199],[-7256],[-7289],[-7354],[-7375],[-7376],[-7436],[-7440],[8535,-7566,8536,-7699,-7713,-7737,-7697],[-7599],[-7627],[-7628],[-7690],[-7715],[-7801],[-8004,8537,-8008,8538,-8005],[-7884],[-7885],[-7996],[-8030,-8029,8539,-8055,8540,-8023],[-8027],[-8031],[-8058],[-8073],[-8080],[-8090],[-8081],[-8082],[-8086],[-8105],[-8106],[-8210],[-8107],[-8163],[-8329],[-8330],[-8367,-8366,-8365]],"properties":{"anthrome":54}},{"type":"Polygon","arcs":[[8541,8542]],"properties":{"anthrome":62}},{"type":"Polygon","arcs":[[-8440,8543,-8461,-8442,-8463,8544,-8437,8545,8546,8547,8548,8549,8550,8551,8552]],"properties":{"anthrome":52}},{"type":"Polygon","arcs":[[8553,8554,8555,8556]],"properties":{"anthrome":62}},{"type":"Polygon","arcs":[[8557,8558,-8547]],"properties":{"anthrome":54}},{"type":"Polygon","arcs":[[-8406,8559,-8552,8560,8561]],"properties":{"anthrome":53}},{"type":"Polygon","arcs":[[8562,8563]],"properties":{"anthrome":61}},{"type":"Polygon","arcs":[[-8556,8564,8565,8566]],"properties":{"anthrome":52}},{"type":"Polygon","arcs":[[8567,8568,8569]],"properties":{"anthrome":53}},{"type":"Polygon","arcs":[[8570,8571,-8569]],"properties":{"anthrome":61}},{"type":"Polygon","arcs":[[8572]],"properties":{"anthrome":61}},{"type":"Polygon","arcs":[[-8465,8573,8574,8575,-8542,8576]],"properties":{"anthrome":61}},{"type":"Polygon","arcs":[[8577,8578]],"properties":{"anthrome":62}},{"type":"Polygon","arcs":[[8579,8580,-8566,8581,8582,-8548,-8570,8583,8584,8585,-8578,8586,-8550]],"properties":{"anthrome":54}},{"type":"Polygon","arcs":[[-8316,8587,-8426,-8447,-8470,8588,8589,-8563,8590,-8427,8591,-8402,8592,-8423,-8422,-8379,8593,-8522],[-8404],[-8573]],"properties":{"anthrome":53}},{"type":"Polygon","arcs":[[-8585,8594]],"properties":{"anthrome":62}},{"type":"Polygon","arcs":[[8595]],"properties":{"anthrome":63}},{"type":"Polygon","arcs":[[8596,8597]],"properties":{"anthrome":61}},{"type":"Polygon","arcs":[[8598,8599]],"properties":{"anthrome":61}},{"type":"Polygon","arcs":[[8600,8601,-8599,-8597,8602,-8575]],"properties":{"anthrome":62}},{"type":"Polygon","arcs":[[8603]],"properties":{"anthrome":63}},{"type":"Polygon","arcs":[[-8602,8604]],"properties":{"anthrome":61}},{"type":"Polygon","arcs":[[8605,8606]],"properties":{"anthrome":62}},{"type":"Polygon","arcs":[[8607,8608,8609,8610,8611,8612,-8606,8613,-8589],[-8604]],"properties":{"anthrome":61}},{"type":"Polygon","arcs":[[8614,8615,8616,-8612]],"properties":{"anthrome":62}},{"type":"Polygon","arcs":[[8617,8618,8619]],"properties":{"anthrome":62}},{"type":"Polygon","arcs":[[8620,8621,8622,8623,8624,-8618,-8616,8625,-8610]],"properties":{"anthrome":63}},{"type":"Polygon","arcs":[[8626,8627,8628,-8623]],"properties":{"anthrome":61}},{"type":"Polygon","arcs":[[8629,8630]],"properties":{"anthrome":61}},{"type":"Polygon","arcs":[[8631]],"properties":{"anthrome":62}},{"type":"Polygon","arcs":[[8632,8633,-8630,8634]],"properties":{"anthrome":62}},{"type":"Polygon","arcs":[[-8617,-8620,8635,8636,8637,-8633,8638]],"properties":{"anthrome":61}},{"type":"Polygon","arcs":[[8639,8640]],"properties":{"anthrome":61}},{"type":"Polygon","arcs":[[8641]],"properties":{"anthrome":61}},{"type":"Polygon","arcs":[[8642]],"properties":{"anthrome":63}},{"type":"Polygon","arcs":[[8643,8644,8645,8646]],"properties":{"anthrome":61}},{"type":"Polygon","arcs":[[-8326,-8520,-8519,8647,8648,-8645,-8644,-8647,8649,-8640,-8637,8650,8651,-8628,8652,8653,-8608,-8469,-8446,8654],[-8416],[-8642],[-8643]],"properties":{"anthrome":62}},{"type":"Polygon","arcs":[[-8649,8655]],"properties":{"anthrome":63}}]}},"arcs":[[[2600,9773],[0,-64],[-13,0]],[[2587,9709],[0,64],[13,0]],[[2237,9773],[13,0],[0,-32],[12,0],[0,-32],[-37,0],[0,32],[12,0],[0,32]],[[2712,9676],[-25,0],[0,65],[13,0],[0,-32],[12,0],[0,-33]],[[2562,9676],[13,0],[0,-32],[-13,0],[0,32]],[[5574,9741],[150,0],[0,-65],[-62,0],[0,-32],[-13,0],[0,32],[-50,0],[0,-32],[13,0],[0,-64],[-38,0],[0,161]],[[2300,9580],[0,32],[25,0],[0,-32],[-25,0]],[[2450,9580],[-13,0]],[[2437,9580],[0,32],[13,0],[0,-32]],[[2525,9580],[-13,0]],[[2512,9580],[0,32],[13,0],[0,-32]],[[1825,9547],[0,65]],[[1825,9612],[25,0],[0,32],[62,0],[0,32],[38,0],[0,-32],[25,0],[0,-32],[-13,0],[0,-32],[-12,0],[0,-33],[-125,0]],[[2387,9580],[25,0],[0,-33],[-25,0],[0,33]],[[2450,9838],[12,0],[0,-33],[50,0]],[[2512,9805],[0,-32],[50,0],[0,32],[50,0],[0,-32],[88,0],[0,32],[12,0],[0,-32],[25,0],[0,-32],[-12,0],[0,-32],[37,0],[0,-33],[-50,0]],[[2712,9676],[0,-32],[13,0],[0,-32],[-13,0],[0,-32],[-12,0],[0,-33],[-38,0]],[[2662,9547],[0,33],[13,0],[0,32],[12,0],[0,32],[-37,0],[0,65],[-13,0],[0,-65],[-37,0],[0,32],[-13,0],[0,33]],[[2587,9709],[-75,0],[0,32],[-50,0],[0,32],[-12,0],[0,65]],[[2600,9773],[-25,0],[0,-32],[12,0],[0,-32]],[[5299,9741],[238,0],[0,-161],[-38,0],[0,-65],[-87,0],[0,65],[-63,0],[0,64],[-50,0],[0,97]],[[7874,9547],[0,-32],[-12,0],[0,65]],[[7862,9580],[-100,0],[0,32],[12,0],[0,32],[-150,0],[0,32],[-12,0],[0,33],[175,0],[0,-33],[50,0],[0,33],[12,0],[0,-33],[63,0],[0,-32],[12,0],[0,-32],[-12,0],[0,-32],[12,0],[0,-33],[-50,0]],[[2087,9515],[0,32]],[[2087,9547],[-37,0],[0,33],[37,0],[0,32],[-12,0],[0,32],[-13,0],[0,65],[88,0],[0,-33],[75,0],[0,-32],[12,0],[0,-32],[13,0],[0,-65],[-100,0],[0,33],[-50,0],[0,-33],[12,0],[0,-32],[-25,0]],[[2375,9612],[0,-32],[12,0]],[[2387,9580],[0,-65],[-12,0]],[[2375,9515],[0,32],[-38,0],[0,33],[25,0],[0,32],[13,0]],[[2512,9580],[0,-65],[-50,0],[0,65],[50,0]],[[2550,9515],[0,65],[25,0]],[[2575,9580],[0,32],[25,0],[0,-32],[25,0],[0,-33],[-63,0],[0,-32],[-12,0]],[[1837,9515],[0,32],[13,0],[0,-32],[-13,0]],[[1862,9547],[50,0],[0,-32],[-50,0],[0,32]],[[2087,9515],[-25,0],[0,32],[25,0]],[[2537,9547],[0,-32]],[[2537,9515],[-12,0],[0,32],[12,0]],[[2662,9547],[0,-32],[-25,0],[0,32],[25,0]],[[7837,9547],[12,0],[0,-32]],[[7849,9515],[-12,0],[0,32]],[[7937,9547],[12,0],[0,-32],[-12,0]],[[7937,9515],[0,32]],[[1737,9483],[0,32],[13,0],[0,-32],[-13,0]],[[1825,9515],[12,0]],[[1837,9515],[0,-32],[-12,0]],[[1825,9483],[0,32]],[[2262,9515],[25,0],[0,-32]],[[2287,9483],[-25,0],[0,32]],[[7937,9515],[0,-32],[-13,0],[0,32],[13,0]],[[2237,9515],[0,-32],[-12,0],[0,-32],[-13,0],[0,32],[-25,0],[0,-32],[-25,0]],[[2162,9451],[0,64],[75,0]],[[1737,9483],[0,-32],[-12,0]],[[1725,9451],[0,32],[12,0]],[[2025,9483],[25,0],[0,-32],[-25,0],[0,32]],[[2587,9451],[-12,0]],[[2575,9451],[0,32],[12,0],[0,-32]],[[2700,9483],[12,0],[0,-32],[-12,0],[0,32]],[[9237,9483],[12,0],[0,-32],[-12,0],[0,32]],[[1787,9515],[38,0]],[[1825,9483],[50,0],[0,-32],[-25,0]],[[1850,9451],[0,-33],[-13,0],[0,33],[-50,0],[0,64]],[[1650,9515],[0,-32],[-13,0],[0,-32],[50,0],[0,-33]],[[1687,9418],[-100,0],[0,33],[-12,0],[0,32],[37,0],[0,32],[38,0]],[[2125,9451],[0,-33]],[[2125,9418],[-13,0],[0,33],[13,0]],[[2437,9451],[0,-33],[-12,0]],[[2425,9418],[0,33],[12,0]],[[2637,9451],[13,0],[0,-33],[-13,0],[0,33]],[[7699,9451],[25,0],[0,-33]],[[7724,9418],[-25,0],[0,33]],[[7974,9451],[25,0],[0,-33],[-25,0],[0,33]],[[1650,9515],[12,0],[0,-32]],[[1662,9483],[38,0],[0,-32],[25,0]],[[1725,9451],[0,-65]],[[1725,9386],[-50,0],[0,32],[12,0]],[[2150,9418],[0,-32]],[[2150,9386],[-13,0],[0,32],[13,0]],[[2325,9386],[0,32],[25,0],[0,-32],[-25,0]],[[8762,9418],[25,0],[0,-32],[-25,0],[0,32]],[[1975,9354],[0,64]],[[1975,9418],[-38,0],[0,33],[-12,0],[0,64],[62,0],[0,-32],[25,0],[0,-32],[63,0],[0,-65],[-13,0],[0,-32],[-87,0]],[[2087,9515],[50,0],[0,-32],[25,0],[0,-32]],[[2237,9515],[25,0]],[[2287,9483],[0,-32],[13,0]],[[2300,9451],[0,-97]],[[2300,9354],[-88,0]],[[2212,9354],[0,32]],[[2212,9386],[-62,0]],[[2150,9418],[-25,0]],[[2125,9451],[-38,0],[0,64]],[[1825,9547],[-25,0],[0,-32],[-13,0]],[[1850,9451],[37,0]],[[1887,9451],[0,-65],[-87,0],[0,-32]],[[1800,9354],[-50,0]],[[1750,9354],[0,32],[-25,0]],[[1725,9451],[-13,0],[0,32],[-50,0]],[[1650,9515],[0,32],[62,0],[0,33],[88,0],[0,32],[25,0]],[[8874,9451],[0,-33],[-25,0],[0,-32],[13,0],[0,-32],[-25,0]],[[8837,9354],[0,32],[-25,0]],[[8812,9386],[0,65],[37,0],[0,32],[13,0],[0,-32],[12,0]],[[8949,9451],[63,0],[0,-33],[25,0],[0,-32],[-13,0],[0,-32],[-37,0]],[[8987,9354],[0,32],[-25,0],[0,32],[-13,0],[0,33]],[[1925,9418],[50,0]],[[1975,9354],[-38,0],[0,32]],[[1937,9386],[-12,0],[0,32]],[[2125,9418],[0,-64],[-13,0]],[[2112,9354],[0,32],[-25,0]],[[2087,9386],[0,32],[38,0]],[[8837,9354],[-38,0],[0,64],[13,0],[0,-32]],[[2112,9354],[-25,0],[0,32]],[[2212,9354],[-12,0],[0,32],[12,0]],[[2325,9386],[0,-32]],[[2325,9354],[-13,0],[0,32],[13,0]],[[2775,9386],[12,0],[0,-32]],[[2787,9354],[-12,0],[0,32]],[[6574,9354],[-25,0],[0,32],[25,0],[0,-32]],[[8899,9451],[50,0]],[[8987,9354],[-100,0],[0,32]],[[8887,9386],[12,0],[0,65]],[[2537,9418],[63,0]],[[2600,9418],[0,-32],[12,0],[0,-32],[-50,0],[0,-32]],[[2562,9322],[-25,0]],[[2537,9322],[0,32],[-25,0],[0,-32]],[[2512,9322],[-25,0]],[[2487,9322],[0,129],[38,0],[0,-65],[12,0],[0,32]],[[9049,9418],[113,0],[0,-32],[25,0],[0,-32],[-38,0],[0,-32],[-25,0],[0,32],[-62,0],[0,32],[-13,0],[0,32]],[[1887,9451],[25,0],[0,-33],[13,0]],[[1937,9386],[0,-64],[-125,0],[0,32],[-12,0]],[[2300,9354],[0,-32],[-25,0],[0,32],[25,0]],[[2537,9322],[-25,0]],[[2712,9322],[-37,0]],[[2675,9322],[0,32],[37,0],[0,-32]],[[7387,9354],[0,-32]],[[7387,9322],[-13,0],[0,32],[13,0]],[[7387,9354],[12,0],[0,-32],[-12,0]],[[8874,9451],[25,0]],[[8887,9386],[0,-64],[-50,0],[0,32]],[[2375,9322],[0,-33]],[[2375,9289],[-25,0],[0,33],[25,0]],[[6524,9322],[13,0],[0,-33]],[[6537,9289],[-13,0],[0,33]],[[6612,9322],[25,0],[0,-33],[-25,0]],[[6612,9289],[0,33]],[[1787,9257],[0,32],[13,0],[0,-32],[-13,0]],[[2050,9289],[0,-32],[-25,0]],[[2025,9257],[0,32],[25,0]],[[2312,9289],[0,-32],[-12,0]],[[2300,9257],[0,32],[12,0]],[[2675,9289],[37,0]],[[2712,9289],[0,-32],[-37,0],[0,32]],[[6612,9289],[0,-32],[-13,0]],[[6599,9257],[0,32],[13,0]],[[8274,9289],[25,0],[0,-32],[-25,0]],[[8274,9257],[0,32]],[[8462,9289],[12,0]],[[8474,9289],[0,-32],[-12,0],[0,32]],[[2375,9289],[0,-32],[-13,0],[0,-32],[-25,0]],[[2337,9225],[0,64],[38,0]],[[8874,9289],[13,0],[0,-64],[-13,0],[0,64]],[[1825,9257],[12,0],[0,-32],[-12,0]],[[1825,9225],[0,32]],[[1850,9257],[50,0],[0,-32],[-50,0],[0,32]],[[2062,9225],[0,32],[13,0],[0,-32],[-13,0]],[[2612,9257],[0,-32]],[[2612,9225],[-12,0]],[[2600,9225],[0,32],[12,0]],[[6599,9257],[0,-32],[-37,0]],[[6562,9225],[0,32],[37,0]],[[2037,9225],[13,0],[0,-32],[-13,0],[0,32]],[[2600,9225],[0,-32],[-13,0],[0,32],[13,0]],[[2612,9225],[25,0],[0,-32],[-25,0],[0,32]],[[8912,9193],[-13,0],[0,32],[13,0],[0,-32]],[[2025,9257],[0,-32],[-13,0],[0,-65],[-12,0],[0,33],[-88,0]],[[1912,9193],[0,64],[50,0],[0,-32],[25,0],[0,32],[38,0]],[[2250,9322],[0,-33],[-50,0],[0,-32],[25,0],[0,-32],[-13,0],[0,-32],[-25,0],[0,-33]],[[2187,9160],[-25,0],[0,33],[-25,0],[0,64],[38,0],[0,32],[12,0],[0,33],[63,0]],[[7662,9225],[12,0],[0,-65],[-12,0],[0,65]],[[8474,9289],[13,0],[0,-32],[25,0],[0,32],[25,0],[0,-32],[50,0],[0,-32],[12,0],[0,-97],[-12,0]],[[8587,9128],[0,32]],[[8587,9160],[-38,0]],[[8549,9160],[0,33],[-75,0],[0,32],[-37,0],[0,-65],[-13,0],[0,33],[-25,0],[0,32]],[[8399,9225],[13,0],[0,32],[12,0],[0,32],[38,0]],[[6562,9225],[-25,0],[0,-32],[-25,0],[0,-33],[-13,0],[0,-32],[-25,0],[0,65],[25,0],[0,32],[13,0]],[[6512,9225],[0,97],[12,0]],[[6537,9289],[0,65],[37,0]],[[6574,9354],[0,64],[75,0],[0,33],[113,0],[0,32],[62,0],[0,32],[88,0],[0,-64],[-50,0],[0,-33],[-88,0],[0,-32],[-75,0],[0,-32],[-12,0],[0,-32],[-75,0]],[[25,9096],[-25,0]],[[0,9096],[0,64],[25,0],[0,-64]],[[8549,9160],[0,-32],[13,0],[0,-32],[-25,0],[0,64],[12,0]],[[2237,9128],[50,0],[0,-32],[-50,0],[0,32]],[[2900,9128],[12,0],[0,-32],[-12,0],[0,32]],[[3012,9128],[13,0],[0,-32],[-13,0]],[[3012,9096],[0,32]],[[5712,9128],[0,-32]],[[5712,9096],[-13,0],[0,32],[13,0]],[[8174,9128],[13,0],[0,-32],[-13,0],[0,32]],[[8587,9128],[25,0],[0,-32],[-25,0]],[[8587,9096],[0,32]],[[8724,9128],[13,0]],[[8737,9128],[0,-32],[-13,0],[0,32]],[[8487,9160],[25,0],[0,-32],[12,0],[0,-32],[-12,0],[0,-32],[-13,0],[0,64],[-12,0],[0,32]],[[8412,9128],[37,0],[0,-32],[-12,0],[0,-32],[-25,0],[0,64]],[[9962,9128],[37,0],[0,-64],[-37,0],[0,64]],[[75,9096],[-13,0],[0,-32]],[[62,9064],[-62,0],[0,32]],[[25,9096],[0,32],[50,0],[0,-32]],[[75,9096],[0,-32],[-13,0]],[[562,9096],[0,-32]],[[562,9064],[-12,0],[0,32],[12,0]],[[2137,9096],[13,0],[0,-32],[-13,0]],[[2137,9064],[0,32]],[[2387,9096],[13,0],[0,-32],[-13,0],[0,32]],[[5637,9096],[12,0]],[[5649,9096],[0,-32]],[[5649,9064],[-12,0]],[[5637,9064],[0,32]],[[5824,9096],[0,-32]],[[5824,9064],[-37,0]],[[5787,9064],[0,32],[37,0]],[[5824,9096],[25,0],[0,-32],[-25,0]],[[7637,9064],[-13,0],[0,32],[13,0],[0,-32]],[[8649,9096],[13,0]],[[8662,9096],[0,-32],[-13,0],[0,32]],[[8924,9064],[-37,0]],[[8887,9064],[0,32],[37,0],[0,-32]],[[6562,9225],[0,-32],[-13,0],[0,-65],[13,0],[0,-32],[37,0],[0,-65],[-87,0],[0,33],[-38,0],[0,32],[-50,0],[0,64],[25,0],[0,33],[13,0],[0,32],[12,0],[0,32],[25,0],[0,32],[13,0],[0,-64]],[[5637,9096],[0,-65]],[[5637,9031],[-38,0]],[[5599,9031],[0,65],[38,0]],[[5712,9128],[12,0],[0,-32],[25,0]],[[5749,9096],[0,-32],[-12,0],[0,-33],[-13,0],[0,33],[-75,0]],[[5649,9096],[63,0]],[[8137,9096],[25,0],[0,-65],[-25,0],[0,65]],[[1475,9031],[-38,0],[0,33],[38,0],[0,-33]],[[2187,9064],[25,0]],[[2212,9064],[0,-33]],[[2212,9031],[-25,0]],[[2187,9031],[0,33]],[[2212,9064],[13,0],[0,-33],[-13,0]],[[2912,9064],[13,0],[0,-33],[-13,0],[0,33]],[[5562,9064],[0,-33]],[[5562,9031],[-38,0],[0,33],[38,0]],[[5587,9064],[12,0],[0,-33]],[[5599,9031],[-12,0]],[[5587,9031],[0,33]],[[5649,9064],[0,-33]],[[5649,9031],[-12,0]],[[5637,9031],[0,33]],[[5787,9064],[0,-33],[-13,0],[0,33],[13,0]],[[5862,9064],[12,0],[0,-33]],[[5874,9031],[-12,0]],[[5862,9031],[0,33]],[[7762,9064],[12,0],[0,-33],[-12,0],[0,33]],[[8074,9064],[13,0],[0,-33],[-13,0],[0,33]],[[8337,9064],[12,0],[0,-33],[-12,0],[0,33]],[[8387,9031],[-25,0],[0,33],[25,0],[0,-33]],[[8749,9064],[38,0]],[[8787,9064],[0,-33]],[[8787,9031],[-38,0]],[[8749,9031],[0,33]],[[8787,9064],[25,0]],[[8812,9064],[0,-33]],[[8812,9031],[-25,0]],[[8924,9064],[0,-33]],[[8924,9031],[-37,0]],[[8887,9031],[0,33]],[[9362,9031],[0,33],[12,0],[0,-33],[-12,0]],[[3075,9096],[25,0],[0,-32],[25,0],[0,-65],[-25,0]],[[3100,8999],[0,32],[-25,0],[0,65]],[[812,9064],[50,0]],[[862,9064],[0,-33],[-12,0],[0,-32]],[[850,8999],[-25,0]],[[825,8999],[0,32],[-13,0],[0,33]],[[2450,9064],[12,0],[0,-65],[-12,0]],[[2450,8999],[0,65]],[[6662,9031],[0,-32]],[[6662,8999],[-38,0],[0,65],[25,0],[0,-33],[13,0]],[[7812,9096],[25,0],[0,-65],[-13,0],[0,-32],[-37,0],[0,65],[25,0],[0,32]],[[475,9031],[0,-32],[-13,0]],[[462,8999],[0,32],[13,0]],[[650,9031],[12,0]],[[662,9031],[0,-32]],[[662,8999],[-12,0]],[[650,8999],[0,32]],[[862,9064],[50,0],[0,-33],[25,0]],[[937,9031],[0,-32]],[[937,8999],[-87,0]],[[1262,9031],[13,0],[0,-32],[-13,0],[0,32]],[[2675,9031],[12,0],[0,-32],[-12,0],[0,32]],[[2700,9031],[12,0],[0,-32],[-12,0],[0,32]],[[5512,9031],[0,-32]],[[5512,8999],[-13,0],[0,32],[13,0]],[[5587,9031],[0,-32]],[[5587,8999],[-13,0]],[[5574,8999],[0,32],[13,0]],[[5599,9031],[0,-32]],[[5599,8999],[-12,0]],[[5612,9031],[12,0]],[[5624,9031],[0,-32],[-12,0],[0,32]],[[5649,9031],[0,-32]],[[5649,8999],[-12,0],[0,32]],[[5862,9031],[0,-32]],[[5862,8999],[-25,0]],[[5837,8999],[0,32],[25,0]],[[5874,9031],[13,0]],[[5887,9031],[0,-32],[-13,0]],[[5874,8999],[0,32]],[[8762,9031],[12,0]],[[8774,9031],[0,-32],[-12,0],[0,32]],[[8912,9031],[12,0]],[[8924,9031],[0,-32]],[[8924,8999],[-12,0],[0,32]],[[8999,9031],[0,-32],[-25,0],[0,32],[25,0]],[[9362,9031],[0,-32],[-13,0],[0,32],[13,0]],[[9662,9031],[0,-32]],[[9662,8999],[-13,0],[0,32],[13,0]],[[9699,9031],[13,0],[0,-32]],[[9712,8999],[-13,0],[0,32]],[[9749,9031],[25,0]],[[9774,9031],[0,-32]],[[9774,8999],[-25,0],[0,32]],[[1412,8999],[-62,0],[0,-32],[-25,0],[0,64]],[[1325,9031],[62,0],[0,33],[25,0],[0,-65]],[[5824,8999],[25,0]],[[5849,8999],[0,-32]],[[5849,8967],[-37,0],[0,64],[12,0],[0,-32]],[[8387,9031],[25,0]],[[8412,9031],[0,-32],[-13,0],[0,-32]],[[8399,8967],[-12,0]],[[8387,8967],[0,64]],[[825,8999],[-163,0]],[[662,9031],[-137,0]],[[525,9031],[0,-32],[-38,0],[0,-32],[-25,0]],[[462,8967],[0,32]],[[475,9031],[12,0],[0,33],[75,0]],[[562,9096],[63,0],[0,32],[75,0],[0,-32],[75,0],[0,-32],[37,0]],[[1100,8999],[25,0]],[[1125,8999],[0,-32]],[[1125,8967],[-25,0],[0,32]],[[1125,8999],[25,0],[0,-32],[-25,0]],[[5449,8967],[-12,0]],[[5437,8967],[0,32],[12,0],[0,-32]],[[5674,8999],[13,0],[0,-32],[-13,0],[0,32]],[[5749,8999],[50,0],[0,-32],[-50,0],[0,32]],[[5849,8999],[13,0]],[[5862,8999],[0,-32],[-13,0]],[[5887,9031],[37,0],[0,-32]],[[5924,8999],[-25,0],[0,-32],[-25,0],[0,32]],[[5924,8999],[13,0],[0,-32],[-13,0]],[[5924,8967],[0,32]],[[6349,8999],[0,-32],[-12,0]],[[6337,8967],[0,32],[12,0]],[[6724,8999],[13,0]],[[6737,8999],[0,-32],[-13,0],[0,32]],[[7637,8999],[12,0]],[[7649,8999],[0,-32],[-12,0]],[[7637,8967],[0,32]],[[7862,8999],[25,0],[0,-32],[-25,0],[0,32]],[[8224,8999],[13,0],[0,-32],[-13,0],[0,32]],[[8387,8999],[0,-32]],[[8387,8967],[-13,0]],[[8374,8967],[0,32],[13,0]],[[8412,9031],[12,0]],[[8424,9031],[0,-32],[25,0],[0,-32]],[[8449,8967],[-50,0]],[[8474,8999],[25,0],[0,-32],[-25,0],[0,32]],[[9012,8999],[12,0],[0,-32],[-12,0],[0,32]],[[9262,8999],[12,0]],[[9274,8999],[0,-32]],[[9274,8967],[-12,0]],[[9262,8967],[0,32]],[[9312,8967],[-25,0]],[[9287,8967],[0,32],[25,0],[0,-32]],[[9474,8999],[13,0]],[[9487,8999],[0,-32],[-13,0],[0,32]],[[9774,8999],[13,0],[0,-32],[-13,0],[0,32]],[[8674,9031],[25,0]],[[8699,9031],[0,-32],[-12,0],[0,-32],[-13,0],[0,-32]],[[8674,8935],[-12,0]],[[8662,8935],[0,32],[-13,0],[0,32],[25,0],[0,32]],[[525,8935],[-13,0]],[[512,8935],[0,32],[13,0],[0,-32]],[[2500,8967],[0,-32],[-13,0],[0,32],[13,0]],[[3137,8999],[13,0],[0,-64]],[[3150,8935],[-38,0],[0,32],[25,0],[0,32]],[[5412,8967],[0,-32],[-13,0]],[[5399,8935],[0,32],[13,0]],[[5449,8967],[0,-32],[-12,0],[0,32]],[[5462,8967],[12,0],[0,-32],[-12,0],[0,32]],[[5562,9064],[25,0]],[[5574,8999],[25,0]],[[5599,9031],[13,0]],[[5624,9031],[13,0]],[[5649,8999],[0,-32]],[[5649,8967],[-25,0],[0,-32],[-25,0],[0,32],[-12,0],[0,-32]],[[5587,8935],[-38,0]],[[5549,8935],[0,32],[13,0]],[[5562,8967],[0,97]],[[5949,8967],[13,0]],[[5962,8967],[0,-32],[-13,0],[0,32]],[[6024,8967],[13,0],[0,-32],[-13,0]],[[6024,8935],[0,32]],[[9287,9096],[0,-32],[-25,0],[0,-33],[-50,0],[0,33],[-100,0]],[[9112,9064],[0,32],[-25,0],[0,32],[-50,0],[0,-32],[12,0],[0,-32],[-37,0],[0,-33],[-13,0]],[[8999,9031],[0,33],[-75,0]],[[8887,9064],[-13,0],[0,32],[-25,0],[0,-32]],[[8849,9064],[-100,0]],[[8749,9031],[-12,0],[0,-32],[-25,0],[0,-32],[-13,0],[0,-32]],[[8699,8935],[-25,0]],[[8699,9031],[-12,0]],[[8687,9031],[0,65],[-25,0]],[[8662,9096],[0,32],[12,0],[0,32],[25,0],[0,-32],[25,0]],[[8737,9128],[137,0],[0,32],[-12,0],[0,33],[50,0]],[[8912,9193],[0,64],[-13,0],[0,32],[88,0],[0,-64],[37,0],[0,-32],[138,0],[0,-33],[12,0],[0,-32],[50,0],[0,-32],[63,0]],[[8887,8967],[12,0],[0,-32],[-12,0],[0,32]],[[9099,8967],[50,0]],[[9149,8967],[0,-32]],[[9149,8935],[-50,0]],[[9099,8935],[0,32]],[[1287,8999],[0,-32],[-37,0],[0,-32],[25,0],[0,-33],[-38,0],[0,33],[-25,0],[0,32]],[[1212,8967],[13,0],[0,32],[62,0]],[[6349,8999],[25,0],[0,-64]],[[6374,8935],[-12,0],[0,-33]],[[6362,8902],[-25,0],[0,65]],[[8749,9031],[13,0]],[[8774,9031],[38,0]],[[8812,9031],[0,-32]],[[8812,8999],[-13,0],[0,-64],[-50,0],[0,-33],[-12,0],[0,33],[-13,0],[0,32],[25,0],[0,64]],[[9399,9096],[38,0],[0,-32],[12,0],[0,-65],[13,0]],[[9462,8999],[0,-64],[12,0],[0,-33],[-50,0],[0,33],[-12,0],[0,-33],[-13,0],[0,65],[25,0],[0,64],[-12,0],[0,33],[-13,0],[0,32]],[[37,8935],[0,-33],[-12,0]],[[25,8902],[0,33],[12,0]],[[525,8935],[25,0],[0,-33],[-25,0],[0,33]],[[2637,8902],[-12,0],[0,33],[12,0],[0,-33]],[[5399,8935],[0,-33]],[[5399,8902],[-25,0],[0,33],[25,0]],[[5699,8935],[13,0],[0,-33],[-13,0],[0,33]],[[6062,8935],[12,0],[0,-33],[-12,0]],[[6062,8902],[0,33]],[[8562,8902],[0,33],[12,0],[0,-33],[-12,0]],[[9037,8935],[50,0],[0,-33]],[[9087,8902],[-50,0]],[[9037,8902],[0,33]],[[9174,8902],[0,33],[25,0],[0,-33],[-25,0]],[[9374,8935],[13,0],[0,-33],[-13,0],[0,33]],[[9487,8935],[12,0],[0,-33],[-12,0],[0,33]],[[462,8967],[0,-32],[50,0]],[[512,8935],[0,-33],[-75,0],[0,33],[-12,0],[0,-33],[-25,0]],[[400,8902],[0,-32],[-13,0]],[[387,8870],[0,32],[-12,0],[0,-32]],[[375,8870],[-13,0],[0,65],[13,0],[0,32],[87,0]],[[6387,8870],[-13,0],[0,32],[-12,0]],[[6374,8935],[0,32],[25,0],[0,-32],[-12,0],[0,-65]],[[25,8902],[0,-32],[-13,0],[0,32],[13,0]],[[387,8870],[-12,0]],[[612,8902],[13,0],[0,-32],[-13,0],[0,32]],[[2325,8902],[12,0],[0,-32],[-12,0],[0,32]],[[2637,8902],[13,0],[0,-32],[-13,0],[0,32]],[[3187,8902],[13,0]],[[3200,8902],[0,-32],[-13,0],[0,32]],[[5362,8902],[0,-32]],[[5362,8870],[-13,0]],[[5349,8870],[0,32],[13,0]],[[5749,8870],[0,32],[13,0],[0,-32],[-13,0]],[[6099,8902],[13,0]],[[6112,8902],[0,-32]],[[6112,8870],[-13,0]],[[6099,8870],[0,32]],[[6112,8902],[12,0],[0,-32],[-12,0]],[[7149,8870],[0,32],[13,0],[0,-32],[-13,0]],[[7199,8902],[38,0],[0,-32],[-38,0],[0,32]],[[8224,8902],[25,0],[0,-32],[-25,0],[0,32]],[[8912,8902],[12,0],[0,-32],[-12,0],[0,32]],[[8937,8902],[25,0],[0,-32],[-25,0],[0,32]],[[9037,8902],[12,0]],[[9049,8902],[0,-32]],[[9049,8870],[-12,0]],[[9037,8870],[0,32]],[[9049,8902],[38,0]],[[9087,8902],[0,-32]],[[9087,8870],[-38,0]],[[9087,8902],[12,0],[0,-32]],[[9099,8870],[-12,0]],[[9162,8902],[12,0]],[[9174,8902],[0,-32]],[[9174,8870],[-12,0]],[[9162,8870],[0,32]],[[9937,8902],[12,0]],[[9949,8902],[0,-32]],[[9949,8870],[-12,0]],[[9937,8870],[0,32]],[[9999,8902],[0,-32]],[[9999,8870],[-12,0],[0,32],[12,0]],[[5862,8999],[12,0]],[[5924,8967],[25,0]],[[5962,8967],[37,0]],[[5999,8967],[0,-65],[13,0]],[[6012,8902],[0,-32]],[[6012,8870],[-13,0],[0,-32],[-12,0],[0,32],[-25,0],[0,32],[-13,0],[0,-32],[-50,0],[0,32],[-37,0],[0,33],[-13,0],[0,32]],[[5999,8967],[25,0]],[[6024,8935],[38,0]],[[6062,8902],[25,0]],[[6087,8902],[0,-64]],[[6087,8838],[-38,0]],[[6049,8838],[0,32]],[[6049,8870],[-25,0],[0,-32]],[[6024,8838],[-12,0]],[[6012,8838],[0,64]],[[1000,9031],[75,0],[0,-32],[25,0]],[[1125,8967],[0,-32],[-75,0],[0,-33],[-113,0],[0,-32],[-62,0],[0,-32],[-13,0],[0,32]],[[862,8870],[-137,0]],[[725,8870],[0,-32],[-50,0],[0,64],[200,0],[0,33],[12,0],[0,32],[63,0],[0,32],[12,0],[0,-32],[75,0],[0,32],[-37,0],[0,32]],[[3025,8902],[12,0],[0,-64],[-12,0],[0,64]],[[9112,9064],[0,-33],[-13,0],[0,-32],[25,0],[0,32],[25,0],[0,-32]],[[9149,8999],[113,0]],[[9262,8967],[75,0]],[[9337,8967],[0,-32],[-25,0],[0,-33]],[[9312,8902],[-25,0]],[[9287,8902],[0,33]],[[9287,8935],[-25,0],[0,-33],[-13,0],[0,-32]],[[9249,8870],[-12,0],[0,-32]],[[9237,8838],[-50,0],[0,32],[-13,0]],[[9174,8902],[-37,0]],[[9137,8902],[0,33]],[[9137,8935],[12,0]],[[9149,8967],[-62,0]],[[9087,8967],[0,32],[-25,0],[0,32],[25,0],[0,33],[25,0]],[[9287,8902],[12,0]],[[9299,8902],[0,-64],[-12,0]],[[9287,8838],[0,64]],[[800,8870],[37,0]],[[837,8870],[0,-32],[-37,0],[0,32]],[[1487,8870],[13,0],[0,-32]],[[1500,8838],[-13,0],[0,32]],[[5362,8870],[0,-32]],[[5362,8838],[-13,0],[0,32]],[[5412,8870],[0,-32]],[[5412,8838],[-13,0],[0,32],[13,0]],[[5424,8870],[13,0]],[[5437,8870],[0,-32]],[[5437,8838],[-13,0],[0,32]],[[5862,8870],[12,0],[0,-32],[-12,0],[0,32]],[[7149,8870],[0,-32],[-25,0],[0,32],[25,0]],[[7374,8870],[25,0],[0,-32],[-25,0],[0,32]],[[8699,8870],[13,0],[0,-32],[-13,0],[0,32]],[[8724,8870],[13,0]],[[8737,8870],[0,-32]],[[8737,8838],[-13,0]],[[8724,8838],[0,32]],[[8737,8870],[12,0]],[[8749,8870],[0,-32],[-12,0]],[[9012,8870],[12,0],[0,-32],[-12,0],[0,32]],[[9174,8870],[0,-32],[-12,0]],[[9162,8838],[0,32]],[[9249,8870],[0,-32],[-12,0]],[[9262,8870],[12,0]],[[9274,8870],[0,-32]],[[9274,8838],[-12,0],[0,32]],[[9687,8870],[12,0],[0,-32],[-12,0],[0,32]],[[8862,8806],[-13,0],[0,96],[13,0],[0,-96]],[[1975,8870],[12,0],[0,-32],[13,0],[0,-32],[-25,0],[0,64]],[[5674,8870],[25,0],[0,-64],[-12,0],[0,32],[-13,0],[0,32]],[[6049,8870],[0,-64]],[[6049,8806],[-12,0],[0,32]],[[6037,8838],[-13,0]],[[2987,8838],[0,-32]],[[2987,8806],[-12,0],[0,32],[12,0]],[[5512,9031],[50,0]],[[5562,9031],[0,-64]],[[5549,8935],[-50,0]],[[5499,8935],[0,-33],[-37,0],[0,-32]],[[5462,8870],[-38,0]],[[5437,8838],[0,-32]],[[5437,8806],[-50,0]],[[5387,8806],[0,32],[25,0]],[[5412,8870],[-38,0],[0,-32],[-12,0]],[[5362,8838],[0,64]],[[5362,8902],[37,0]],[[5412,8967],[25,0]],[[5449,8967],[13,0]],[[5462,8967],[0,32],[50,0]],[[5749,8870],[0,-64],[-37,0],[0,32],[12,0],[0,32],[25,0]],[[5774,8838],[13,0],[0,-32],[-13,0],[0,32]],[[6062,8838],[12,0]],[[6074,8838],[0,-32],[-12,0],[0,32]],[[6149,8838],[13,0],[0,-32],[-13,0],[0,32]],[[8737,8838],[0,-32],[-13,0]],[[8724,8806],[0,32]],[[9249,8870],[13,0]],[[9274,8838],[0,-32]],[[9274,8806],[-37,0],[0,32]],[[9712,8838],[50,0],[0,-32],[-50,0],[0,32]],[[1500,8838],[0,-65],[-13,0],[0,33],[-12,0],[0,64],[12,0]],[[9899,8902],[38,0]],[[9937,8870],[25,0]],[[9962,8870],[0,-64],[-63,0],[0,32],[-12,0],[0,-65],[-13,0],[0,33],[-25,0],[0,32],[-25,0],[0,32],[-12,0],[0,-32],[-25,0],[0,32],[12,0],[0,32],[38,0],[0,33],[50,0],[0,-65],[12,0],[0,32]],[[162,8838],[25,0]],[[187,8838],[0,-32],[-12,0],[0,-33],[-13,0],[0,65]],[[5574,8838],[25,0],[0,-65],[-12,0],[0,33],[-13,0],[0,32]],[[5887,8838],[25,0],[0,-65],[-25,0],[0,65]],[[6149,8838],[0,-65]],[[6149,8773],[-12,0]],[[6137,8773],[0,65],[12,0]],[[6824,8902],[25,0],[0,-96],[-25,0],[0,-33],[-25,0],[0,65],[25,0],[0,64]],[[1725,8773],[-50,0],[0,33],[50,0],[0,-33]],[[2962,8806],[0,-33]],[[2962,8773],[-12,0],[0,33],[12,0]],[[5362,8806],[25,0]],[[5387,8806],[0,-33]],[[5387,8773],[-25,0]],[[5362,8773],[0,33]],[[5837,8870],[12,0],[0,-64],[13,0],[0,-33],[-38,0],[0,33],[13,0],[0,64]],[[5987,8806],[12,0],[0,-33],[-12,0],[0,33]],[[6999,8806],[13,0],[0,-33],[-13,0]],[[6999,8773],[0,33]],[[8974,8773],[-12,0],[0,33],[12,0],[0,-33]],[[9037,8773],[-38,0],[0,33],[38,0],[0,-33]],[[9412,8806],[50,0],[0,-33],[-50,0],[0,33]],[[8587,9096],[12,0]],[[8599,9096],[0,-65],[13,0],[0,-32],[-13,0],[0,-32],[-12,0],[0,-97],[-13,0],[0,-64],[-12,0],[0,-65],[-25,0],[0,32],[-13,0],[0,97],[13,0],[0,-32],[25,0],[0,64]],[[8562,8902],[-13,0],[0,33],[-25,0],[0,32],[25,0],[0,32],[13,0],[0,32],[12,0],[0,33],[13,0]],[[8587,9064],[0,32]],[[575,8806],[12,0],[0,-65],[-12,0],[0,65]],[[5362,8806],[0,-65]],[[5362,8741],[-13,0]],[[5349,8741],[0,65],[13,0]],[[8887,8741],[-13,0],[0,32],[-12,0],[0,33]],[[8862,8806],[12,0],[0,32],[13,0],[0,-32],[12,0],[0,-33],[-12,0],[0,-32]],[[9199,8741],[0,32],[-12,0]],[[9187,8773],[0,33],[25,0],[0,-65],[-13,0]],[[375,8773],[37,0]],[[412,8773],[0,-32],[-37,0],[0,32]],[[4350,8773],[37,0]],[[4387,8773],[0,-32]],[[4387,8741],[-37,0]],[[4350,8741],[0,32]],[[4425,8741],[0,32],[25,0],[0,-32],[-25,0]],[[4475,8773],[0,-32],[-13,0]],[[4462,8741],[0,32],[13,0]],[[4512,8773],[13,0]],[[4525,8773],[0,-32],[-13,0]],[[4512,8741],[0,32]],[[4587,8773],[13,0],[0,-32],[-13,0]],[[4587,8741],[0,32]],[[5812,8741],[-13,0],[0,32],[13,0],[0,-32]],[[5949,8773],[0,-32]],[[5949,8741],[-12,0],[0,32],[12,0]],[[5949,8773],[13,0],[0,-32],[-13,0]],[[6024,8741],[-12,0]],[[6012,8741],[0,32],[12,0],[0,-32]],[[6137,8773],[0,-32],[-13,0]],[[6124,8741],[0,32],[13,0]],[[7524,8741],[0,32],[13,0],[0,-32],[-13,0]],[[8974,8773],[13,0],[0,-32],[-13,0],[0,32]],[[9199,8741],[-12,0],[0,32]],[[9949,8773],[13,0],[0,-32],[-13,0],[0,32]],[[2937,8773],[0,-64]],[[2937,8709],[-12,0],[0,64],[12,0]],[[5699,8741],[0,32],[38,0],[0,-32],[12,0],[0,-32],[-25,0],[0,32],[-25,0]],[[5774,8773],[13,0],[0,-64],[-13,0],[0,64]],[[362,8709],[-25,0]],[[337,8709],[0,32],[25,0],[0,-32]],[[687,8741],[25,0],[0,-32],[-25,0],[0,32]],[[1112,8741],[25,0],[0,-32],[-25,0],[0,32]],[[4337,8709],[-12,0],[0,32],[12,0],[0,-32]],[[4387,8773],[13,0],[0,-64]],[[4400,8709],[-25,0],[0,32]],[[4375,8741],[12,0]],[[4412,8741],[13,0]],[[4425,8741],[0,-32],[-13,0],[0,32]],[[4487,8741],[13,0],[0,-32],[-13,0],[0,32]],[[5499,8935],[38,0]],[[5537,8935],[0,-33],[-13,0],[0,-32],[-12,0],[0,-32],[-13,0],[0,-32],[-25,0],[0,-33],[-25,0],[0,-32],[-25,0],[0,-32]],[[5424,8709],[-37,0]],[[5387,8709],[0,32],[12,0],[0,32]],[[5399,8773],[-12,0]],[[5437,8806],[0,64]],[[5437,8870],[25,0]],[[5812,8741],[25,0],[0,-32],[-25,0],[0,32]],[[5974,8806],[0,-97]],[[5974,8709],[-25,0],[0,32]],[[5949,8773],[0,33],[-25,0],[0,32],[38,0],[0,-32],[12,0]],[[6062,8741],[0,-32]],[[6062,8709],[-25,0],[0,32],[25,0]],[[6112,8773],[0,-32],[-13,0],[0,-32]],[[6099,8709],[-25,0]],[[6074,8709],[0,32],[13,0],[0,32],[25,0]],[[6749,8773],[25,0],[0,-32],[-12,0],[0,-32],[-25,0],[0,32],[12,0],[0,32]],[[8049,8709],[-12,0],[0,32],[12,0],[0,-32]],[[8587,8709],[0,32],[12,0],[0,-32],[-12,0]],[[9524,8709],[0,32],[13,0],[0,-32],[-13,0]],[[9849,8741],[13,0],[0,-32],[-13,0],[0,32]],[[87,8741],[0,-64]],[[87,8677],[-12,0]],[[75,8677],[0,32]],[[75,8709],[-50,0],[0,32]],[[25,8741],[-13,0],[0,32],[38,0],[0,33],[12,0],[0,-65],[25,0]],[[4475,8773],[37,0]],[[4512,8773],[0,-96]],[[4512,8677],[-50,0]],[[4462,8677],[0,64]],[[4525,8773],[62,0]],[[4587,8741],[25,0],[0,-64]],[[4612,8677],[-25,0],[0,32],[-12,0],[0,32],[-25,0],[0,-32]],[[4550,8709],[-25,0]],[[4525,8709],[0,-32]],[[4525,8677],[-13,0]],[[4512,8677],[0,64]],[[8887,8741],[25,0],[0,-64],[-13,0],[0,32],[-12,0],[0,32]],[[75,8677],[-38,0],[0,32],[38,0]],[[87,8709],[13,0]],[[100,8709],[0,-32]],[[100,8677],[-13,0]],[[87,8677],[0,32]],[[100,8709],[25,0]],[[125,8709],[0,-32]],[[125,8677],[-25,0]],[[337,8709],[0,-32]],[[337,8677],[-12,0],[0,32],[12,0]],[[337,8709],[38,0]],[[375,8709],[0,-32]],[[375,8677],[-38,0]],[[375,8709],[12,0]],[[387,8709],[0,-32]],[[387,8677],[-12,0]],[[787,8709],[13,0],[0,-32],[-13,0],[0,32]],[[4350,8741],[12,0]],[[4362,8741],[0,-64]],[[4362,8677],[-50,0],[0,32],[25,0]],[[4337,8709],[0,64],[13,0]],[[4625,8677],[-13,0]],[[4612,8677],[0,32],[13,0],[0,-32]],[[5487,8709],[12,0],[0,-32],[-12,0],[0,32]],[[6699,8709],[25,0],[0,-32],[-25,0],[0,32]],[[6974,8709],[13,0],[0,-32],[-13,0],[0,32]],[[8049,8709],[13,0]],[[8062,8709],[0,-32],[-13,0]],[[8049,8677],[0,32]],[[8387,8709],[25,0]],[[8412,8709],[0,-32],[-25,0],[0,32]],[[8462,8709],[12,0],[0,-32],[-12,0],[0,32]],[[8587,8709],[0,-32],[-13,0],[0,32],[13,0]],[[8774,8677],[-25,0],[0,32],[25,0],[0,-32]],[[8924,8709],[25,0],[0,-32],[-25,0],[0,32]],[[9199,8741],[0,-32],[13,0],[0,-32]],[[9212,8677],[-50,0]],[[9162,8677],[0,32]],[[9162,8709],[12,0]],[[9174,8709],[0,64],[13,0]],[[9237,8709],[12,0]],[[9249,8709],[0,-32]],[[9249,8677],[-12,0]],[[9237,8677],[0,32]],[[9249,8709],[13,0]],[[9262,8709],[0,-32]],[[9262,8677],[-13,0]],[[9599,8709],[13,0],[0,-32],[-13,0],[0,32]],[[9624,8709],[13,0],[0,-32],[-13,0],[0,32]],[[237,8677],[-12,0],[0,-33]],[[225,8644],[-13,0],[0,33],[-12,0],[0,32],[37,0],[0,-32]],[[2750,9289],[112,0],[0,-32],[25,0],[0,-32],[25,0],[0,-32],[38,0],[0,-33],[50,0],[0,-32],[12,0]],[[3012,9096],[63,0]],[[3100,8999],[37,0]],[[3150,8935],[0,-33],[37,0]],[[3200,8902],[12,0],[0,-32],[25,0],[0,-32],[50,0],[0,-32],[13,0],[0,-65],[-13,0],[0,-32],[-12,0],[0,-32],[-25,0],[0,-33],[-50,0]],[[3200,8644],[0,65]],[[3200,8709],[12,0],[0,32],[-37,0],[0,32],[-13,0],[0,33],[-37,0],[0,32],[-38,0],[0,-32],[-12,0],[0,32],[-25,0],[0,161],[-150,0],[0,32],[-13,0],[0,33],[-12,0],[0,32],[-13,0],[0,-32],[-12,0],[0,96],[-13,0],[0,33],[13,0],[0,32],[-63,0],[0,32],[-37,0],[0,32]],[[5349,8709],[25,0],[0,-32]],[[5374,8677],[-12,0],[0,-33]],[[5362,8644],[-13,0]],[[5349,8644],[0,65]],[[9062,8709],[25,0],[0,-65],[-13,0],[0,33],[-12,0]],[[9062,8677],[0,32]],[[125,8677],[0,-33],[-13,0],[0,33],[13,0]],[[487,8644],[-12,0],[0,33],[12,0],[0,-33]],[[1850,8677],[12,0],[0,-33],[-12,0],[0,33]],[[1887,8677],[25,0],[0,-33],[-25,0],[0,33]],[[2675,8677],[37,0],[0,-33],[-37,0]],[[2675,8644],[0,33]],[[4425,8677],[12,0]],[[4437,8677],[0,-33]],[[4437,8644],[-12,0]],[[4425,8644],[0,33]],[[4437,8677],[13,0]],[[4450,8677],[0,-33],[-13,0]],[[5299,8677],[13,0]],[[5312,8677],[0,-33]],[[5312,8644],[-13,0],[0,33]],[[5374,8677],[0,-33]],[[5374,8644],[-12,0]],[[5374,8677],[25,0]],[[5399,8677],[0,-33]],[[5399,8644],[-25,0]],[[6949,8677],[13,0],[0,-33],[-13,0],[0,33]],[[7499,8677],[0,-33],[-12,0],[0,33],[12,0]],[[8049,8677],[0,-33],[-12,0],[0,33],[12,0]],[[8774,8677],[13,0],[0,-33],[-13,0],[0,33]],[[9037,8677],[12,0]],[[9049,8677],[0,-33]],[[9049,8644],[-12,0]],[[9037,8644],[0,33]],[[9049,8677],[13,0]],[[9062,8677],[0,-33]],[[9062,8644],[-13,0]],[[9187,8677],[12,0]],[[9199,8677],[0,-33],[-12,0],[0,33]],[[9212,8677],[25,0]],[[9237,8677],[0,-33]],[[9237,8644],[-25,0],[0,33]],[[4612,8677],[0,-33]],[[4612,8644],[-25,0]],[[4587,8644],[0,-32]],[[4587,8612],[-25,0]],[[4562,8612],[0,97]],[[4562,8709],[-12,0]],[[5362,8741],[0,32]],[[5362,8773],[37,0]],[[5387,8709],[12,0]],[[5399,8709],[0,-32]],[[5349,8709],[0,-97]],[[5349,8612],[-12,0]],[[5337,8612],[0,97],[-13,0]],[[5324,8709],[0,32],[13,0],[0,32],[12,0],[0,-32]],[[2062,8612],[-12,0],[0,97],[12,0],[0,-32],[25,0],[0,-33],[-25,0],[0,-32]],[[125,8677],[25,0],[0,-65]],[[150,8612],[-25,0],[0,65]],[[875,8644],[0,33],[50,0],[0,-65],[-13,0],[0,32],[-37,0]],[[4337,8677],[0,-65]],[[4337,8612],[-12,0],[0,65],[12,0]],[[4337,8677],[13,0]],[[4350,8677],[0,-65]],[[4350,8612],[-13,0]],[[4350,8677],[12,0]],[[4362,8677],[0,-65]],[[4362,8612],[-12,0]],[[5337,8612],[-13,0],[0,32],[-12,0]],[[5312,8677],[12,0],[0,32]],[[5974,8677],[25,0],[0,-33],[-12,0],[0,-32]],[[5987,8612],[-13,0],[0,65]],[[6649,8677],[38,0],[0,-33],[-25,0],[0,-32],[-13,0],[0,65]],[[9999,8677],[0,-65],[-12,0]],[[9987,8612],[0,65],[12,0]],[[487,8644],[13,0],[0,-32]],[[500,8612],[-13,0],[0,32]],[[875,8644],[0,-32],[-13,0]],[[862,8612],[0,32],[13,0]],[[2175,8644],[12,0],[0,-32],[-12,0],[0,32]],[[4375,8612],[0,32],[12,0],[0,-32],[-12,0]],[[4437,8644],[0,-32]],[[4437,8612],[-12,0]],[[4425,8612],[0,32]],[[4587,8644],[13,0]],[[4600,8644],[0,-32]],[[4600,8612],[-13,0]],[[4625,8677],[0,-65],[-25,0]],[[4600,8644],[12,0]],[[5374,8644],[13,0]],[[5387,8644],[0,-32],[-13,0],[0,32]],[[5524,8644],[38,0],[0,-32],[-38,0],[0,32]],[[7962,8644],[12,0],[0,-32],[-12,0],[0,32]],[[8324,8644],[13,0],[0,-32],[-13,0],[0,32]],[[9137,8612],[-25,0]],[[9112,8612],[0,32],[25,0],[0,-32]],[[37,8935],[25,0],[0,-33],[38,0],[0,-32],[50,0],[0,-32],[12,0]],[[187,8838],[13,0],[0,-32],[50,0],[0,-33],[50,0],[0,-64],[-25,0],[0,-32],[-38,0]],[[225,8644],[0,-32],[-13,0],[0,-32],[-25,0]],[[187,8580],[0,64],[-12,0],[0,-32]],[[175,8612],[-25,0]],[[125,8709],[-38,0]],[[87,8709],[0,32]],[[25,8741],[0,-64],[-13,0],[0,-33],[-12,0],[0,323],[25,0],[0,-65]],[[7874,9547],[63,0]],[[7937,9515],[37,0],[0,-32],[13,0],[0,32],[112,0],[0,-32],[50,0],[0,-32],[13,0],[0,-65],[-13,0],[0,-97],[-75,0]],[[8074,9289],[0,-32],[-25,0],[0,-32],[-12,0],[0,32],[-38,0],[0,-32],[-12,0],[0,-32],[-88,0],[0,-33],[150,0],[0,-32],[13,0],[0,-64],[12,0]],[[8074,9064],[0,32],[25,0],[0,-32],[13,0],[0,-97],[-75,0],[0,-32],[-13,0],[0,32],[-12,0],[0,-65],[-25,0],[0,33],[-13,0],[0,32],[-12,0],[0,-32],[-25,0],[0,32],[-25,0],[0,32],[12,0],[0,65],[-12,0],[0,-33],[-25,0],[0,33],[-38,0],[0,32],[25,0],[0,32],[-12,0],[0,32],[-25,0],[0,-32],[-13,0],[0,32],[-50,0],[0,-32],[-12,0],[0,32],[-25,0],[0,-32],[-25,0],[0,-32],[-38,0],[0,-32],[-12,0],[0,-33],[-13,0],[0,33],[-12,0]],[[7637,9064],[0,-97]],[[7649,8999],[13,0]],[[7662,8999],[0,-32],[12,0],[0,32],[13,0],[0,-32],[25,0],[0,-32],[12,0],[0,32],[13,0],[0,-32],[12,0],[0,-33],[25,0],[0,-32],[13,0],[0,-32],[-38,0],[0,-32],[13,0],[0,-33],[25,0],[0,33],[37,0],[0,-65],[-25,0],[0,-64],[-12,0],[0,-33],[-25,0],[0,-32],[-50,0],[0,-32],[-25,0],[0,32],[-25,0],[0,32],[-25,0],[0,-32],[-13,0],[0,32],[-100,0],[0,-32],[-12,0],[0,65],[-13,0]],[[7499,8677],[0,32],[25,0],[0,32]],[[7524,8741],[-37,0],[0,32],[-13,0],[0,33],[-25,0],[0,32],[13,0],[0,32],[12,0],[0,32],[-25,0],[0,-32],[-12,0],[0,32],[-13,0],[0,33],[-25,0],[0,-33],[-25,0],[0,-32]],[[7374,8870],[-75,0],[0,-32],[-25,0],[0,32],[-12,0],[0,-64],[12,0],[0,-33],[-25,0],[0,33],[-50,0],[0,32],[-12,0],[0,-65],[-13,0],[0,-32],[-12,0],[0,32],[-50,0],[0,97],[-13,0],[0,-32],[-12,0],[0,32],[-25,0]],[[7062,8870],[0,65],[-13,0],[0,-65],[-50,0]],[[6999,8870],[0,-32],[-12,0],[0,-32],[-25,0],[0,32],[-38,0],[0,32],[13,0],[0,32],[-25,0],[0,33]],[[6912,8935],[-25,0]],[[6887,8935],[0,32],[-38,0],[0,64],[13,0],[0,33],[-13,0],[0,64],[38,0],[0,32],[12,0],[0,33],[13,0],[0,32],[25,0],[0,32],[62,0],[0,-32],[25,0],[0,-97]],[[7024,9128],[13,0],[0,32],[37,0],[0,33],[-12,0],[0,64],[12,0],[0,-32],[25,0],[0,-129],[13,0],[0,64],[25,0],[0,33],[50,0],[0,32],[25,0],[0,-32],[25,0],[0,32],[-13,0],[0,32],[13,0],[0,32],[162,0],[0,97],[50,0],[0,32],[125,0],[0,33],[125,0]],[[7724,9418],[0,65],[75,0],[0,32],[13,0],[0,32],[25,0]],[[7849,9515],[0,65],[13,0]],[[7024,9096],[0,32]],[[7024,9128],[-12,0],[0,-32],[12,0]],[[7024,9096],[0,-161],[13,0],[0,96],[12,0],[0,33],[-12,0],[0,32],[-13,0]],[[5312,8644],[0,-32],[-13,0],[0,-32],[-25,0]],[[5274,8580],[0,64],[13,0],[0,33],[12,0]],[[7187,8644],[12,0],[0,-64],[-12,0],[0,64]],[[187,8580],[-25,0],[0,32],[13,0]],[[525,8612],[0,-32]],[[525,8580],[-13,0],[0,32],[13,0]],[[862,8612],[0,-32]],[[862,8580],[-12,0]],[[850,8580],[0,32],[12,0]],[[975,8580],[-38,0]],[[937,8580],[0,32],[38,0],[0,-32]],[[2062,8612],[13,0],[0,-32],[-13,0],[0,32]],[[4587,8612],[0,-32]],[[4587,8580],[-25,0]],[[4562,8580],[0,32]],[[4600,8612],[0,-32],[-13,0]],[[6924,8612],[13,0],[0,-32],[-13,0],[0,32]],[[8087,8612],[12,0],[0,-32],[-12,0],[0,32]],[[8262,8612],[37,0],[0,-32],[-37,0],[0,32]],[[8787,8612],[12,0],[0,-32],[-12,0],[0,32]],[[8937,8612],[12,0],[0,-32],[-12,0],[0,32]],[[8999,8580],[-12,0],[0,32],[12,0],[0,-32]],[[9112,8612],[0,-32],[-13,0],[0,32],[13,0]],[[9137,8612],[25,0]],[[9162,8612],[0,-32],[-25,0],[0,32]],[[9237,8644],[12,0],[0,-64],[-25,0],[0,32],[13,0],[0,32]],[[9949,8612],[13,0],[0,-32],[-13,0],[0,32]],[[4525,8709],[37,0]],[[4562,8709],[0,-129]],[[4562,8580],[-25,0]],[[4537,8580],[0,-32]],[[4537,8548],[-25,0]],[[4512,8548],[0,32]],[[4512,8580],[-37,0]],[[4475,8580],[0,32],[-13,0],[0,65]],[[4462,8677],[63,0]],[[4362,8612],[13,0]],[[4375,8612],[0,-32],[25,0],[0,-32]],[[4400,8548],[-38,0],[0,64]],[[4362,8741],[13,0]],[[4400,8709],[0,32],[12,0]],[[4425,8741],[37,0]],[[4462,8677],[-37,0]],[[4425,8677],[0,-65]],[[4425,8612],[25,0]],[[4450,8612],[0,-64],[-50,0]],[[4362,8612],[0,129]],[[5912,8548],[-38,0],[0,32],[-12,0],[0,32],[25,0],[0,65],[12,0],[0,-65],[13,0],[0,-64]],[[8562,8548],[-25,0],[0,64],[12,0],[0,-32],[13,0],[0,-32]],[[487,8580],[13,0]],[[500,8580],[0,-32]],[[500,8548],[-13,0],[0,32]],[[537,8580],[13,0],[0,-32],[-13,0],[0,32]],[[862,8580],[13,0]],[[875,8580],[0,-32],[-13,0],[0,32]],[[900,8580],[25,0]],[[925,8580],[0,-32]],[[925,8548],[-25,0]],[[900,8548],[0,32]],[[4487,8580],[25,0]],[[4512,8548],[-25,0]],[[4487,8548],[0,32]],[[4537,8580],[13,0],[0,-32],[-13,0]],[[5249,8580],[0,-32]],[[5249,8548],[-37,0],[0,32],[37,0]],[[7099,8580],[13,0],[0,-32],[-13,0],[0,32]],[[8812,8548],[0,32],[12,0],[0,-32],[-12,0]],[[8999,8580],[13,0],[0,-32],[-13,0],[0,32]],[[9337,8580],[0,-32],[-13,0],[0,32],[13,0]],[[4450,8677],[12,0]],[[4475,8580],[12,0]],[[4487,8548],[-25,0]],[[4462,8548],[0,-33]],[[4462,8515],[-12,0],[0,97]],[[4450,8612],[-13,0]],[[225,8580],[62,0],[0,-32],[38,0],[0,-33],[-100,0],[0,65]],[[962,8580],[25,0]],[[987,8580],[0,-32],[13,0],[0,-33]],[[1000,8515],[-25,0]],[[975,8515],[0,33],[-13,0]],[[962,8548],[0,32]],[[8312,8580],[12,0],[0,-65],[-12,0],[0,65]],[[9524,8709],[0,-32],[13,0],[0,-33],[12,0],[0,-96],[-25,0],[0,-33],[-37,0],[0,65],[12,0],[0,129],[25,0]],[[975,8515],[-13,0]],[[962,8515],[0,33]],[[1025,8548],[12,0],[0,-33],[-12,0],[0,33]],[[3112,8515],[-25,0],[0,33],[25,0],[0,-33]],[[4462,8548],[13,0]],[[4475,8548],[0,-33]],[[4475,8515],[-13,0]],[[4475,8548],[12,0]],[[4487,8548],[0,-33]],[[4487,8515],[-12,0]],[[4487,8548],[13,0],[0,-33],[-13,0]],[[5537,8548],[12,0],[0,-33],[-12,0]],[[5537,8515],[0,33]],[[7137,8548],[0,-33],[-13,0]],[[7124,8515],[0,33],[13,0]],[[8112,8515],[-13,0],[0,33],[13,0],[0,-33]],[[8674,8515],[-37,0],[0,33],[37,0],[0,-33]],[[9399,8580],[0,-97]],[[9399,8483],[-12,0],[0,65],[-13,0]],[[9374,8548],[0,32],[25,0]],[[437,8548],[13,0]],[[450,8548],[0,-65]],[[450,8483],[-13,0]],[[437,8483],[0,65]],[[450,8548],[12,0]],[[462,8548],[0,-65]],[[462,8483],[-12,0]],[[8199,8548],[25,0],[0,-65],[-12,0],[0,32],[-13,0],[0,33]],[[8812,8548],[0,-65],[-13,0],[0,32],[-25,0],[0,33],[38,0]],[[437,8515],[0,-32]],[[437,8483],[-12,0],[0,32],[12,0]],[[837,8548],[0,-33]],[[837,8515],[-25,0]],[[812,8515],[0,-32]],[[812,8483],[-37,0]],[[775,8483],[0,32]],[[775,8515],[25,0]],[[800,8515],[0,33],[37,0]],[[812,8515],[13,0]],[[825,8515],[0,-32],[-13,0]],[[837,8515],[25,0],[0,-32]],[[862,8483],[-25,0]],[[837,8483],[0,32]],[[5174,8515],[0,-32]],[[5174,8483],[-12,0],[0,32],[12,0]],[[5262,8483],[-13,0]],[[5249,8483],[0,32],[13,0],[0,-32]],[[5499,8515],[25,0],[0,-32],[-25,0],[0,32]],[[5762,8515],[12,0],[0,-32],[-12,0],[0,32]],[[7124,8515],[0,-32],[-12,0],[0,32],[12,0]],[[8112,8515],[12,0],[0,-32],[-12,0],[0,32]],[[8249,8548],[13,0],[0,-65],[-25,0],[0,32],[12,0],[0,33]],[[8674,8515],[13,0],[0,-32],[-13,0],[0,32]],[[5437,8580],[0,-65],[12,0],[0,-32],[-50,0],[0,-32],[-12,0],[0,64],[-13,0],[0,33],[13,0],[0,32],[50,0]],[[5587,8548],[0,-97],[-13,0],[0,97],[13,0]],[[3112,8515],[50,0],[0,-64],[-25,0],[0,32],[-25,0],[0,32]],[[9374,8548],[0,-33],[-12,0],[0,-64],[-25,0]],[[9337,8451],[0,64],[12,0],[0,33],[25,0]],[[9924,8451],[-12,0]],[[9912,8451],[0,32],[-25,0],[0,32],[37,0],[0,-64]],[[9974,8515],[25,0],[0,-32],[-12,0],[0,-32],[-50,0]],[[9937,8451],[0,64],[25,0],[0,-32],[12,0],[0,32]],[[412,8451],[-25,0]],[[387,8451],[0,32],[25,0],[0,-32]],[[462,8515],[13,0],[0,-64]],[[475,8451],[-38,0]],[[437,8451],[0,32]],[[437,8483],[25,0]],[[462,8483],[0,32]],[[550,8483],[12,0],[0,-32],[-12,0],[0,32]],[[987,8483],[13,0],[0,-32]],[[1000,8451],[-13,0]],[[987,8451],[0,32]],[[1050,8451],[-38,0]],[[1012,8451],[0,32],[38,0],[0,-32]],[[5149,8483],[0,-32],[-12,0]],[[5137,8451],[0,32],[12,0]],[[5812,8451],[0,32],[12,0],[0,-32],[-12,0]],[[5887,8483],[12,0],[0,-32],[-12,0],[0,32]],[[7037,8451],[-13,0],[0,32],[13,0],[0,-32]],[[7087,8451],[-13,0],[0,32],[13,0],[0,-32]],[[8087,8483],[12,0],[0,-32],[-12,0],[0,32]],[[9562,8483],[12,0],[0,-32],[-12,0],[0,32]],[[837,8580],[25,0]],[[875,8580],[25,0]],[[900,8548],[50,0]],[[950,8548],[0,-33],[-50,0],[0,-64],[37,0],[0,-32]],[[937,8419],[-62,0]],[[875,8419],[0,32]],[[875,8451],[-25,0]],[[850,8451],[0,32]],[[850,8483],[12,0]],[[837,8515],[0,65]],[[6974,8483],[38,0],[0,-64],[-25,0],[0,32],[-13,0],[0,32]],[[9137,8483],[12,0],[0,-64],[-12,0],[0,64]],[[450,8451],[12,0]],[[462,8451],[0,-32]],[[462,8419],[-12,0],[0,32]],[[812,8451],[13,0],[0,-32],[-13,0],[0,32]],[[862,8451],[13,0]],[[875,8419],[-13,0]],[[862,8419],[0,32]],[[1000,8451],[0,-32]],[[1000,8419],[-13,0]],[[987,8419],[0,32]],[[1000,8451],[50,0]],[[1050,8451],[0,-32]],[[1050,8419],[-50,0]],[[1050,8451],[25,0],[0,-32]],[[1075,8419],[-25,0]],[[1300,8419],[-13,0],[0,32],[13,0],[0,-32]],[[8899,8451],[13,0],[0,-32],[-13,0],[0,32]],[[8937,8451],[0,-32],[-13,0],[0,32],[13,0]],[[8962,8451],[12,0]],[[8974,8451],[0,-32],[-12,0],[0,32]],[[9337,8451],[0,-32],[-13,0],[0,32],[13,0]],[[1537,8419],[-62,0],[0,-33],[-63,0],[0,33],[-12,0],[0,64],[-13,0],[0,32],[-12,0],[0,33],[-25,0],[0,32],[-38,0],[0,32],[-150,0],[0,32],[-12,0],[0,33],[25,0],[0,32],[12,0],[0,-32],[113,0],[0,32],[25,0],[0,-32],[125,0],[0,-33],[12,0],[0,-32],[13,0],[0,-64],[37,0],[0,-33],[13,0],[0,-32],[12,0],[0,-64]],[[5962,8515],[12,0],[0,-64],[25,0],[0,-32],[13,0],[0,-33],[-25,0],[0,33],[-25,0],[0,96]],[[2762,8483],[38,0],[0,-64],[-13,0],[0,-33],[-12,0],[0,33],[-13,0],[0,64]],[[3162,8677],[25,0],[0,-33],[13,0]],[[3200,8644],[0,-32],[12,0],[0,-32],[13,0],[0,-65],[-13,0],[0,-129],[-25,0]],[[3187,8386],[0,33],[-12,0]],[[3175,8419],[0,64],[12,0],[0,32],[-12,0],[0,33],[-13,0],[0,32],[-12,0],[0,32],[12,0],[0,65]],[[4787,8483],[38,0],[0,-97],[-25,0],[0,33],[-13,0],[0,64]],[[387,8451],[0,-65]],[[387,8386],[-12,0],[0,65],[12,0]],[[437,8548],[0,-33]],[[437,8451],[13,0]],[[462,8419],[0,-33]],[[462,8386],[-75,0]],[[412,8451],[0,97],[25,0]],[[7187,8644],[-13,0],[0,-64],[-37,0],[0,-32]],[[7137,8548],[37,0],[0,-33],[-12,0],[0,-64],[-13,0],[0,32],[-12,0],[0,-32],[-50,0]],[[7087,8451],[0,-32],[-13,0],[0,-33],[-12,0],[0,33],[-25,0],[0,32]],[[7037,8451],[25,0],[0,64],[25,0],[0,33],[-88,0],[0,32],[13,0],[0,32],[-25,0],[0,32],[12,0],[0,33],[25,0],[0,32],[13,0],[0,-32],[50,0],[0,32],[12,0],[0,-65],[63,0],[0,33],[25,0],[0,-33]],[[987,8419],[50,0]],[[1037,8419],[0,-33],[-50,0],[0,33]],[[1100,8419],[12,0]],[[1112,8419],[0,-33]],[[1112,8386],[-12,0]],[[1100,8386],[0,33]],[[1162,8386],[0,33],[13,0],[0,-33],[-13,0]],[[1300,8419],[12,0],[0,-33],[-12,0]],[[1300,8386],[0,33]],[[1537,8419],[13,0],[0,-33],[-13,0],[0,33]],[[3187,8386],[-12,0],[0,33]],[[5237,8419],[25,0],[0,-33]],[[5262,8386],[-25,0]],[[5237,8386],[0,33]],[[5362,8386],[0,33],[12,0],[0,-33],[-12,0]],[[5812,8451],[0,-32],[-13,0],[0,-33],[-25,0],[0,33],[13,0],[0,64],[12,0],[0,-32],[13,0]],[[8837,8419],[25,0]],[[8862,8419],[0,-33]],[[8862,8386],[-25,0]],[[8837,8386],[0,33]],[[8987,8419],[12,0],[0,-33]],[[8999,8386],[-12,0]],[[8987,8386],[0,33]],[[9274,8419],[13,0],[0,-33],[-13,0],[0,33]],[[9362,8419],[12,0]],[[9374,8419],[0,-33],[-12,0],[0,33]],[[5137,8451],[0,-97],[-13,0]],[[5124,8354],[0,97],[13,0]],[[9437,8354],[0,65],[-63,0]],[[9374,8419],[0,32],[25,0],[0,32]],[[9399,8483],[25,0],[0,32],[25,0],[0,-32],[13,0],[0,-97],[-13,0],[0,-32],[-12,0]],[[9724,8354],[0,97],[13,0],[0,-32],[25,0],[0,-33],[-13,0],[0,-32],[-25,0]],[[937,8419],[0,-33],[-12,0],[0,-32]],[[925,8354],[-13,0]],[[912,8354],[0,32],[-25,0],[0,-32]],[[887,8354],[-12,0]],[[875,8354],[0,65]],[[5874,8386],[-12,0],[0,-32]],[[5862,8354],[-13,0],[0,65],[25,0],[0,-33]],[[8799,8419],[13,0],[0,-33],[12,0],[0,-32]],[[8824,8354],[-25,0]],[[8799,8354],[0,65]],[[487,8386],[13,0]],[[500,8386],[0,-32]],[[500,8354],[-13,0]],[[487,8354],[0,32]],[[500,8386],[12,0]],[[512,8386],[0,-32]],[[512,8354],[-12,0]],[[775,8451],[0,-97]],[[775,8354],[-38,0]],[[737,8354],[0,32],[25,0],[0,65],[13,0]],[[875,8354],[-25,0]],[[850,8354],[0,32]],[[850,8386],[12,0]],[[862,8386],[0,33]],[[912,8354],[-25,0]],[[1137,8386],[25,0]],[[1162,8386],[0,-32]],[[1162,8354],[-25,0],[0,32]],[[1300,8386],[0,-32],[-13,0],[0,32],[13,0]],[[1800,8386],[0,-32],[-13,0],[0,32],[13,0]],[[2825,8386],[0,-32]],[[2825,8354],[-13,0],[0,32],[13,0]],[[5162,8386],[12,0],[0,-32],[-12,0],[0,32]],[[5899,8386],[0,-32],[-12,0],[0,32],[12,0]],[[8799,8386],[0,-32]],[[8799,8354],[-12,0]],[[8787,8354],[0,32],[12,0]],[[8949,8386],[13,0]],[[8962,8386],[0,-32]],[[8962,8354],[-13,0]],[[8949,8354],[0,32]],[[8962,8386],[12,0]],[[8974,8386],[0,-32]],[[8974,8354],[-12,0]],[[8999,8386],[0,-32]],[[8999,8354],[-12,0]],[[8987,8354],[0,32]],[[9087,8386],[37,0],[0,-32],[-37,0],[0,32]],[[9199,8386],[13,0],[0,-32],[-13,0],[0,32]],[[8899,8451],[0,32],[38,0],[0,-32]],[[8937,8451],[25,0]],[[8974,8451],[50,0]],[[9024,8451],[0,-32],[13,0],[0,-33],[-38,0]],[[8987,8419],[0,-65]],[[8987,8354],[-13,0]],[[8974,8386],[-25,0]],[[8949,8386],[0,-64]],[[8949,8322],[-25,0]],[[8924,8322],[0,64],[-25,0],[0,-64]],[[8899,8322],[-12,0],[0,32],[-13,0]],[[8874,8354],[0,-32]],[[8874,8322],[-12,0]],[[8862,8322],[0,97]],[[8837,8419],[0,32]],[[8837,8451],[12,0],[0,32],[13,0],[0,-32],[37,0]],[[9037,8773],[37,0],[0,-32],[38,0],[0,-32]],[[9112,8709],[50,0]],[[9162,8677],[12,0]],[[9174,8677],[0,-33],[-12,0],[0,-32]],[[9162,8612],[25,0],[0,-32],[25,0],[0,-32],[25,0],[0,-33],[12,0],[0,33],[50,0],[0,64],[13,0],[0,32],[25,0],[0,-64]],[[9337,8580],[25,0],[0,32],[37,0],[0,-32]],[[9362,8419],[0,-65],[-25,0],[0,-32],[-13,0]],[[9324,8322],[0,32],[-12,0],[0,-32]],[[9312,8322],[-125,0],[0,129],[12,0],[0,64],[-12,0],[0,33],[-13,0],[0,-33],[-50,0],[0,-64],[-12,0],[0,32],[-13,0],[0,65],[-12,0],[0,64],[-25,0]],[[9062,8612],[0,65]],[[9062,8709],[0,32]],[[9062,8741],[-25,0],[0,32]],[[8212,8451],[50,0],[0,-65],[12,0],[0,-32],[-25,0],[0,32],[-12,0],[0,-32],[-25,0],[0,-32],[-25,0],[0,97],[25,0],[0,32]],[[937,8419],[50,0]],[[1037,8419],[13,0]],[[1050,8419],[0,-33],[12,0],[0,-32],[-75,0],[0,-32]],[[987,8322],[-12,0]],[[975,8322],[0,64],[-13,0],[0,-64]],[[962,8322],[-25,0],[0,32]],[[937,8354],[-12,0]],[[975,8322],[-13,0]],[[6787,8386],[12,0],[0,-32],[25,0],[0,-32],[-37,0],[0,64]],[[7937,8386],[12,0],[0,-32],[13,0],[0,-32],[-25,0],[0,64]],[[8924,8322],[-25,0]],[[9524,8386],[50,0]],[[9574,8386],[0,-32],[-25,0],[0,-32],[-12,0]],[[9537,8322],[0,32],[-13,0],[0,32]],[[9624,8354],[-25,0],[0,-32],[-12,0],[0,64],[37,0],[0,-32]],[[187,8354],[25,0],[0,-32],[-25,0],[0,32]],[[850,8354],[12,0]],[[862,8354],[0,-32]],[[862,8322],[-12,0]],[[850,8322],[0,32]],[[1275,8322],[-38,0]],[[1237,8322],[0,32],[38,0],[0,-32]],[[5562,8354],[12,0],[0,-32]],[[5574,8322],[-12,0],[0,32]],[[5974,8354],[13,0],[0,-32],[-13,0],[0,32]],[[6887,8354],[50,0],[0,-32],[-50,0],[0,32]],[[7174,8322],[-25,0],[0,32],[25,0],[0,-32]],[[8374,8322],[-37,0]],[[8337,8322],[0,32],[37,0],[0,-32]],[[8737,8386],[25,0],[0,-32],[12,0],[0,-32],[-50,0],[0,32],[13,0],[0,32]],[[8962,8354],[0,-32]],[[8962,8322],[-13,0]],[[8949,8322],[0,32]],[[9149,8354],[25,0],[0,-32],[-25,0],[0,32]],[[9324,8322],[-12,0]],[[9499,8419],[0,-65],[-37,0],[0,-32],[-25,0],[0,32]],[[9399,8580],[13,0],[0,32],[25,0],[0,-32],[-13,0],[0,-32],[38,0],[0,32],[12,0],[0,-129],[38,0],[0,-32],[-13,0]],[[3525,8935],[-25,0],[0,32],[-13,0],[0,129],[-25,0],[0,64],[-25,0],[0,194],[-50,0],[0,64],[-87,0],[0,33],[-100,0],[0,-33],[-25,0],[0,33],[-13,0],[0,-33],[-50,0],[0,33],[-50,0],[0,32],[-37,0],[0,32],[-38,0],[0,65],[-12,0],[0,64],[62,0],[0,32],[138,0],[0,33],[-50,0],[0,64],[-38,0],[0,-32],[-37,0],[0,-32],[-75,0],[0,-33],[-38,0],[0,-64],[-25,0],[0,-32],[-62,0],[0,-33],[-13,0],[0,-32],[13,0],[0,-32],[-38,0],[0,-65],[-12,0],[0,-64],[-13,0]],[[2775,9386],[0,-64],[-63,0]],[[2675,9322],[-25,0],[0,-65]],[[2650,9257],[-38,0]],[[2612,9257],[0,32],[-25,0],[0,33]],[[2587,9322],[-25,0]],[[2600,9418],[25,0],[0,33],[-38,0]],[[2575,9451],[-25,0],[0,-33],[-13,0]],[[2487,9322],[13,0],[0,-65],[-25,0],[0,-32],[-38,0]],[[2437,9225],[0,32],[-37,0],[0,32],[-25,0]],[[2375,9322],[-38,0],[0,32],[-12,0]],[[2325,9386],[-25,0],[0,65]],[[2300,9451],[25,0],[0,32],[-25,0],[0,32],[12,0],[0,32],[-12,0],[0,33]],[[2300,9580],[-25,0],[0,32],[-13,0],[0,64],[50,0],[0,-32],[63,0],[0,-32]],[[2375,9515],[162,0]],[[2537,9547],[13,0],[0,-32]],[[2575,9580],[-50,0]],[[2512,9580],[-62,0]],[[2437,9580],[-12,0],[0,32],[-38,0],[0,64],[-37,0],[0,33],[-13,0],[0,32],[-12,0],[0,64],[25,0],[0,33],[87,0],[0,32],[38,0],[0,32],[137,0],[0,32],[50,0],[0,-32],[38,0],[0,32],[25,0],[0,33],[525,0],[0,-33],[62,0],[0,-32],[263,0],[0,32],[87,0],[0,33],[113,0],[0,32],[450,0],[0,-32],[137,0],[0,-65],[38,0],[0,-64],[37,0],[0,32],[13,0],[0,32],[37,0],[0,-32],[13,0],[0,32],[12,0],[0,-32],[138,0],[0,-65],[-113,0],[0,-64],[-12,0],[0,-32],[-50,0],[0,-65],[-50,0],[0,-32],[25,0],[0,-161],[12,0],[0,-33],[13,0],[0,-32],[-25,0],[0,-97],[-25,0],[0,-32],[-13,0],[0,-32],[-12,0],[0,-65],[-13,0],[0,-32],[13,0],[0,-97],[-13,0],[0,-32],[-50,0],[0,-32],[-12,0],[0,-32],[-100,0],[0,-33],[-13,0],[0,-32],[-125,0],[0,-32],[-12,0],[0,-32],[-13,0],[0,-65],[-50,0],[0,-32],[-112,0],[0,-65],[-38,0],[0,-129],[-25,0],[0,-96],[-12,0],[0,-65],[-13,0],[0,-65],[-75,0],[0,33],[-25,0],[0,32],[-62,0],[0,32],[-13,0],[0,33],[-25,0],[0,32],[-12,0],[0,64],[-25,0],[0,65],[-25,0],[0,64],[-13,0],[0,33],[-12,0],[0,32],[-25,0],[0,161],[12,0],[0,32],[13,0],[0,33]],[[3250,9870],[0,-32],[37,0],[0,32],[-37,0]],[[2512,9805],[-37,0],[0,33],[-25,0]],[[2725,9483],[0,-32],[12,0],[0,32],[-12,0]],[[2437,9451],[-50,0],[0,-33],[25,0],[0,-96],[38,0],[0,32],[-13,0],[0,32],[-12,0],[0,32]],[[3500,9160],[0,-64],[25,0],[0,64],[-25,0]],[[4312,9064],[0,32],[-12,0],[0,-32],[12,0]],[[4312,9064],[0,-33],[13,0],[0,33],[-13,0]],[[3525,8935],[50,0],[0,64],[-13,0],[0,-32],[-37,0],[0,-32]],[[762,8515],[13,0]],[[775,8515],[0,-64]],[[737,8354],[25,0]],[[762,8354],[0,-32]],[[762,8322],[-25,0]],[[737,8322],[0,-33]],[[737,8289],[-12,0]],[[725,8289],[0,97],[-13,0],[0,65],[13,0],[0,32],[37,0],[0,32]],[[8487,8386],[0,-64],[25,0],[0,-33],[-38,0]],[[8474,8289],[0,65],[-12,0],[0,32],[25,0]],[[412,8354],[13,0]],[[425,8354],[0,-65],[-13,0]],[[412,8289],[0,65]],[[462,8354],[25,0]],[[487,8354],[0,-32],[-12,0],[0,-33]],[[475,8289],[-13,0]],[[462,8289],[0,65]],[[862,8354],[13,0]],[[875,8354],[0,-65]],[[875,8289],[-13,0]],[[862,8289],[0,65]],[[887,8354],[0,-65],[-12,0]],[[3087,8354],[38,0],[0,-32],[-13,0],[0,-33],[-25,0],[0,65]],[[4975,8289],[-25,0]],[[4950,8289],[0,65],[12,0],[0,32],[25,0],[0,-64],[-12,0],[0,-33]],[[8562,8354],[0,-32],[-25,0],[0,-33],[-13,0],[0,65],[38,0]],[[8899,8322],[0,-33],[-25,0]],[[8874,8289],[0,65]],[[9624,8354],[38,0],[0,-32]],[[9662,8322],[-13,0],[0,-33],[-25,0],[0,65]],[[350,8322],[12,0],[0,-33],[-12,0],[0,33]],[[437,8322],[13,0],[0,-33],[-13,0],[0,33]],[[550,8289],[0,33],[12,0],[0,32],[38,0],[0,-32],[-25,0],[0,-33],[-25,0]],[[737,8322],[13,0]],[[750,8322],[0,-33]],[[750,8289],[-13,0]],[[812,8483],[0,-32]],[[812,8451],[-12,0],[0,-32],[-13,0],[0,-33],[13,0],[0,-32],[-13,0],[0,-32],[-12,0]],[[775,8322],[0,-33],[-25,0]],[[750,8322],[12,0]],[[762,8354],[13,0]],[[775,8354],[0,129]],[[862,8322],[0,-33]],[[862,8289],[-12,0]],[[850,8289],[0,33]],[[975,8322],[37,0]],[[1012,8322],[0,-33]],[[1012,8289],[-37,0],[0,33]],[[1025,8322],[12,0]],[[1037,8322],[0,-33]],[[1037,8289],[-12,0]],[[1025,8289],[0,33]],[[1037,8322],[13,0]],[[1050,8322],[0,-33]],[[1050,8289],[-13,0]],[[3200,8322],[0,-33],[-25,0]],[[3175,8289],[0,33],[25,0]],[[5212,8322],[25,0],[0,-33]],[[5237,8289],[-25,0]],[[5212,8289],[0,33]],[[5587,8322],[25,0],[0,-33]],[[5612,8289],[-25,0],[0,33]],[[5799,8322],[0,-33]],[[5799,8289],[-12,0],[0,33],[12,0]],[[7324,8322],[13,0],[0,-33],[-13,0],[0,33]],[[8074,8322],[0,-33],[-12,0],[0,33],[12,0]],[[8374,8322],[13,0],[0,-33],[-13,0],[0,33]],[[8699,8289],[0,33],[13,0],[0,-33],[-13,0]],[[8999,8322],[13,0],[0,-33],[-13,0],[0,33]],[[9762,8451],[112,0],[0,-32],[-37,0],[0,-33],[-25,0],[0,-32],[-38,0],[0,-32],[-25,0],[0,-33],[-37,0],[0,33],[12,0]],[[9724,8322],[0,32]],[[9724,8354],[-25,0],[0,65],[-25,0],[0,32],[13,0],[0,32],[75,0],[0,-32]],[[387,8386],[100,0]],[[462,8354],[0,-97]],[[462,8257],[-37,0],[0,97]],[[425,8354],[-38,0],[0,32]],[[412,8289],[-25,0]],[[387,8289],[0,-32]],[[387,8257],[-25,0],[0,97],[50,0]],[[887,8354],[50,0]],[[937,8354],[0,-65],[-25,0],[0,-32],[-25,0],[0,97]],[[1050,8419],[50,0]],[[1100,8386],[37,0]],[[1162,8354],[0,-97]],[[1162,8257],[-25,0],[0,32],[-25,0],[0,-32]],[[1112,8257],[-25,0]],[[1087,8257],[0,32]],[[1087,8289],[-37,0]],[[1050,8322],[-25,0]],[[1025,8289],[-13,0]],[[1012,8322],[-25,0]],[[6687,8322],[12,0],[0,-65],[-12,0],[0,65]],[[7262,8257],[0,65],[37,0],[0,-33],[-12,0],[0,-32],[-25,0]],[[8337,8322],[0,-33],[-13,0],[0,-32],[-12,0],[0,32],[-13,0],[0,33],[38,0]],[[8812,8322],[12,0],[0,-65],[-12,0],[0,65]],[[8862,8322],[0,-65],[-13,0]],[[8849,8257],[0,65],[13,0]],[[387,8289],[13,0],[0,-32],[-13,0]],[[475,8289],[0,-32],[-13,0]],[[462,8257],[0,32]],[[500,8289],[0,-32],[-13,0]],[[487,8257],[0,32],[13,0]],[[825,8322],[25,0]],[[850,8289],[-13,0]],[[837,8289],[0,-32]],[[837,8257],[-25,0]],[[812,8257],[0,32],[13,0]],[[825,8289],[0,33]],[[837,8289],[25,0]],[[862,8289],[0,-32],[-25,0]],[[1087,8257],[-25,0],[0,32],[25,0]],[[2775,8322],[12,0],[0,-65],[-25,0],[0,32],[13,0],[0,33]],[[4912,8289],[13,0],[0,-32],[-13,0],[0,32]],[[4975,8289],[0,-32],[-25,0],[0,32]],[[6187,8289],[12,0],[0,-32],[-12,0],[0,32]],[[6287,8289],[25,0],[0,-32],[-25,0],[0,32]],[[6949,8257],[0,32],[13,0],[0,-32],[-13,0]],[[8699,8289],[0,-32],[-25,0],[0,32],[25,0]],[[9462,8289],[0,-32]],[[9462,8257],[-13,0],[0,32],[13,0]],[[825,8515],[12,0]],[[837,8483],[13,0]],[[850,8451],[12,0]],[[862,8451],[0,-65]],[[850,8386],[0,-64]],[[825,8322],[0,32]],[[825,8354],[12,0],[0,32],[-25,0],[0,-64],[-12,0],[0,-65],[-13,0],[0,-32]],[[787,8225],[-12,0]],[[775,8225],[0,97]],[[5212,8483],[50,0]],[[5262,8483],[0,-32]],[[5262,8451],[-25,0]],[[5237,8451],[0,-65]],[[5237,8386],[-13,0]],[[5224,8386],[0,-32],[-12,0]],[[5212,8354],[0,-65]],[[5212,8289],[-13,0]],[[5199,8289],[0,-64],[-12,0],[0,64],[-13,0],[0,33],[13,0],[0,32],[12,0],[0,32],[13,0],[0,33],[-13,0],[0,32],[13,0],[0,32]],[[1162,8257],[0,-32],[-37,0],[0,32],[-13,0]],[[1900,8289],[12,0],[0,-64],[-12,0],[0,64]],[[1750,9354],[0,-32],[37,0],[0,-65]],[[1787,9257],[38,0]],[[1825,9225],[87,0],[0,-32]],[[2050,9289],[12,0],[0,-64]],[[2062,9225],[25,0],[0,-32],[13,0],[0,-97],[37,0]],[[2137,9064],[50,0]],[[2187,9031],[13,0],[0,-64]],[[2200,8967],[50,0],[0,32],[12,0],[0,32],[38,0],[0,-32],[12,0],[0,129],[-100,0],[0,32],[-25,0]],[[2250,9322],[62,0],[0,-33]],[[2300,9257],[25,0],[0,-97],[25,0],[0,33],[-13,0],[0,32]],[[2437,9225],[13,0],[0,-32],[-38,0],[0,-65],[13,0],[0,-32],[12,0],[0,-32],[13,0]],[[2450,8999],[50,0],[0,-32]],[[2500,8967],[62,0],[0,-97],[25,0],[0,32],[25,0],[0,97],[-37,0],[0,32],[-38,0],[0,33],[-25,0],[0,32],[-25,0],[0,97],[13,0],[0,32],[12,0],[0,32],[13,0],[0,32],[50,0],[0,33],[12,0]],[[2650,9257],[0,32],[25,0]],[[2712,9289],[38,0]],[[3200,8709],[0,-32],[-25,0],[0,32],[-13,0],[0,32],[-25,0],[0,-32],[13,0],[0,-32],[12,0]],[[3175,8419],[-50,0],[0,32],[-63,0],[0,32],[-12,0],[0,-32],[-13,0],[0,32],[-12,0],[0,32],[-25,0],[0,33],[-25,0],[0,32],[-38,0],[0,32],[-37,0],[0,-32],[-25,0],[0,-65],[-13,0],[0,-32],[63,0],[0,32],[25,0],[0,-32],[37,0],[0,-32],[25,0],[0,-32],[13,0],[0,-33],[50,0],[0,-97]],[[3075,8289],[-25,0],[0,-32],[-38,0],[0,-32],[-25,0],[0,64],[-12,0],[0,-32],[-38,0],[0,-32],[-75,0],[0,32],[-37,0]],[[2825,8257],[0,32],[12,0],[0,65],[-12,0]],[[2825,8386],[12,0],[0,33],[-12,0],[0,64],[12,0],[0,32],[-25,0],[0,65],[13,0],[0,97],[12,0],[0,32],[100,0]],[[2937,8773],[25,0]],[[2962,8806],[25,0]],[[2987,8838],[-75,0],[0,-32],[-62,0],[0,96],[12,0],[0,33],[-12,0],[0,64],[-13,0],[0,-32],[-12,0],[0,-65],[-13,0],[0,-32],[-12,0],[0,32],[-13,0],[0,65],[-37,0]],[[2750,8967],[0,-65],[-25,0],[0,-32],[25,0],[0,-64],[-13,0],[0,-33],[-25,0],[0,-32],[-25,0],[0,-64],[-12,0]],[[2675,8644],[62,0],[0,-32],[38,0],[0,-64],[-13,0],[0,-33],[-25,0],[0,-32],[-12,0],[0,-32],[-63,0],[0,64]],[[2662,8515],[-50,0],[0,33],[-37,0],[0,64]],[[2575,8612],[-13,0],[0,-32],[-62,0],[0,-32],[-13,0],[0,-65],[-37,0],[0,-32],[-25,0],[0,-32],[-25,0],[0,-65],[-13,0],[0,65]],[[2387,8419],[-12,0],[0,64],[-13,0],[0,97],[-75,0],[0,32],[-62,0],[0,-32],[12,0],[0,-32],[13,0],[0,-33],[-100,0],[0,-32],[12,0],[0,-32],[25,0],[0,-32],[38,0],[0,-33],[25,0],[0,-32],[12,0],[0,-65],[-12,0],[0,33],[-13,0],[0,-33],[-25,0],[0,33],[-50,0],[0,32],[-12,0],[0,32],[-38,0],[0,33],[-50,0],[0,32],[-25,0],[0,32],[-25,0],[0,65],[13,0],[0,32],[-25,0],[0,64],[12,0],[0,33],[-25,0],[0,-33],[-12,0],[0,33],[-25,0],[0,-33],[-25,0],[0,65],[-63,0],[0,32],[-25,0],[0,32],[-37,0],[0,33],[-63,0],[0,-33],[-12,0]],[[1725,8773],[0,-32],[-25,0],[0,-32],[-13,0],[0,32]],[[1687,8741],[-37,0],[0,32],[-63,0]],[[1587,8773],[0,65],[-12,0],[0,-32],[-13,0],[0,64],[-37,0],[0,-32],[-25,0]],[[1487,8870],[0,32],[-25,0],[0,-32],[-12,0],[0,65],[37,0],[0,32],[-12,0],[0,64]],[[1475,9031],[12,0],[0,-32],[25,0],[0,32],[50,0],[0,-32],[13,0],[0,32],[62,0],[0,-32],[63,0],[0,-32],[37,0],[0,64],[-12,0],[0,33],[-25,0],[0,32],[12,0],[0,32],[-25,0],[0,32],[-25,0],[0,-64],[-62,0],[0,-32],[-25,0],[0,32],[-25,0],[0,32],[-25,0],[0,32],[-13,0],[0,65],[25,0],[0,129],[213,0]],[[2750,8967],[0,32],[-25,0],[0,-32],[25,0]],[[2200,8967],[-13,0],[0,-65],[-50,0],[0,-32],[100,0],[0,65],[-12,0],[0,-33],[-25,0],[0,65]],[[1837,8902],[0,-32],[88,0],[0,32],[-88,0]],[[1950,8902],[0,-32],[12,0],[0,32],[-12,0]],[[2587,8644],[13,0],[0,33],[-13,0],[0,-33]],[[2575,8612],[12,0],[0,32]],[[2587,8644],[-12,0],[0,-32]],[[2662,8515],[50,0],[0,33],[-12,0],[0,32],[-13,0],[0,-32],[-25,0],[0,-33]],[[5662,8289],[0,-32],[-13,0],[0,-32],[-12,0],[0,32]],[[5637,8257],[-13,0],[0,32],[38,0]],[[8974,8257],[13,0]],[[8987,8257],[0,-32]],[[8987,8225],[-25,0]],[[8962,8225],[0,64],[12,0],[0,-32]],[[587,8257],[13,0],[0,-32],[-13,0],[0,32]],[[825,8354],[0,-65]],[[812,8257],[13,0],[0,-32],[-38,0]],[[1275,8257],[12,0]],[[1287,8257],[0,-32]],[[1287,8225],[-12,0],[0,32]],[[2825,8257],[0,-32],[-13,0]],[[2812,8225],[0,32],[13,0]],[[3075,8225],[0,32],[12,0],[0,-32],[-12,0]],[[5374,8257],[13,0],[0,-32],[-13,0],[0,32]],[[5999,8257],[38,0],[0,-32],[-38,0],[0,32]],[[6237,8257],[12,0],[0,-32],[-12,0],[0,32]],[[6949,8257],[0,-32],[-37,0]],[[6912,8225],[0,32],[37,0]],[[8849,8257],[0,-32]],[[8849,8225],[-12,0],[0,32],[12,0]],[[8987,8257],[12,0]],[[8999,8257],[0,-32]],[[8999,8225],[-12,0]],[[8999,8257],[38,0]],[[9037,8257],[0,-32]],[[9037,8225],[-38,0]],[[9437,8257],[0,-32]],[[9437,8225],[-13,0],[0,32],[13,0]],[[8637,8193],[-13,0]],[[8624,8193],[0,64],[-25,0],[0,65],[13,0],[0,64],[-25,0],[0,-32],[-25,0]],[[8562,8354],[0,32],[-75,0]],[[8487,8386],[0,33],[12,0],[0,64],[25,0],[0,32]],[[8524,8515],[13,0],[0,-32],[25,0],[0,65]],[[8562,8548],[37,0],[0,32],[138,0],[0,-32],[25,0],[0,-65],[-38,0],[0,-64],[-25,0],[0,-33],[-12,0],[0,33],[-25,0],[0,-65],[-13,0],[0,32],[-25,0],[0,-32],[13,0],[0,-32],[12,0],[0,-65],[13,0],[0,-32],[-25,0],[0,-32]],[[1162,8257],[50,0],[0,-32],[-12,0],[0,-32]],[[1200,8193],[-38,0],[0,64]],[[1237,8193],[-12,0]],[[1225,8193],[0,64],[12,0],[0,-64]],[[1250,8257],[25,0]],[[1287,8225],[0,-32]],[[1287,8193],[-25,0]],[[1262,8193],[0,32],[-12,0],[0,32]],[[1687,8257],[13,0],[0,-64],[-13,0],[0,64]],[[6562,8257],[12,0],[0,-64],[-12,0],[0,64]],[[7187,8257],[12,0],[0,-64],[-12,0],[0,64]],[[550,8289],[0,-32],[-13,0],[0,-32],[-12,0],[0,-32]],[[525,8193],[-25,0],[0,32],[12,0]],[[512,8225],[0,64],[38,0]],[[612,8193],[0,32],[13,0],[0,-32],[-13,0]],[[1925,8193],[0,32],[12,0],[0,-32],[-12,0]],[[2412,8225],[13,0],[0,-32]],[[2425,8193],[-13,0],[0,32]],[[3100,8225],[12,0]],[[3112,8225],[0,-32],[-12,0],[0,32]],[[4862,8225],[0,-32],[-12,0]],[[4850,8193],[0,32],[12,0]],[[5274,8225],[13,0],[0,-32],[-13,0]],[[5274,8193],[0,32]],[[5349,8225],[13,0],[0,-32],[-13,0],[0,32]],[[5399,8225],[13,0],[0,-32],[-13,0],[0,32]],[[5762,8225],[12,0],[0,-32],[-12,0],[0,32]],[[6062,8193],[-13,0],[0,32],[13,0],[0,-32]],[[7162,8225],[12,0],[0,-32],[-12,0],[0,32]],[[8099,8225],[13,0],[0,-32],[-13,0],[0,32]],[[8937,8225],[12,0],[0,-32],[-12,0]],[[8937,8193],[0,32]],[[9237,8225],[12,0],[0,-32],[-12,0]],[[9237,8193],[0,32]],[[9524,8225],[13,0],[0,-32]],[[9537,8193],[-13,0]],[[9524,8193],[0,32]],[[8474,8289],[0,-32],[-12,0],[0,-32],[-13,0],[0,-32],[-25,0],[0,-33],[-12,0]],[[8412,8160],[0,65],[12,0],[0,32],[13,0],[0,32],[37,0]],[[8849,8225],[13,0]],[[8862,8225],[0,-65]],[[8862,8160],[-13,0]],[[8849,8160],[0,65]],[[687,8193],[25,0],[0,-33],[-25,0],[0,33]],[[775,8193],[12,0],[0,-33],[-12,0],[0,33]],[[1212,8193],[25,0]],[[1237,8193],[0,-33],[-25,0]],[[1212,8160],[0,33]],[[1250,8193],[12,0]],[[1262,8193],[0,-33],[-12,0],[0,33]],[[1762,8193],[25,0],[0,-33],[-25,0],[0,33]],[[5149,8193],[13,0],[0,-33]],[[5162,8160],[-13,0],[0,33]],[[5299,8193],[13,0]],[[5312,8193],[0,-33],[-13,0]],[[5299,8160],[0,33]],[[6062,8193],[12,0],[0,-33],[-12,0],[0,33]],[[6837,8193],[12,0]],[[6849,8193],[0,-33],[-12,0],[0,33]],[[8237,8193],[12,0],[0,-33],[-12,0],[0,33]],[[8299,8193],[13,0]],[[8312,8193],[0,-33]],[[8312,8160],[-13,0],[0,33]],[[8362,8160],[-13,0]],[[8349,8160],[0,33],[13,0],[0,-33]],[[8474,8193],[13,0],[0,-33],[-13,0]],[[8474,8160],[0,33]],[[8587,8193],[12,0]],[[8599,8193],[0,-33]],[[8599,8160],[-12,0]],[[8587,8160],[0,33]],[[8599,8193],[25,0]],[[8624,8193],[0,-33]],[[8624,8160],[-25,0]],[[8912,8193],[12,0],[0,-33],[-12,0],[0,33]],[[3250,8193],[0,-65],[-38,0],[0,32],[-12,0],[0,33],[-13,0],[0,64]],[[3187,8257],[-12,0],[0,32]],[[3200,8322],[-13,0],[0,32],[25,0],[0,-32],[13,0],[0,-33],[12,0],[0,-32],[13,0],[0,-32],[12,0],[0,-32],[-12,0]],[[1512,8225],[13,0],[0,-32],[12,0],[0,-33],[13,0],[0,-32],[-25,0],[0,32],[-13,0],[0,65]],[[1162,8354],[25,0],[0,-65],[13,0],[0,33]],[[1200,8322],[50,0]],[[1250,8322],[0,-33],[12,0],[0,-32]],[[1262,8257],[-12,0]],[[1262,8193],[-25,0]],[[1225,8193],[-13,0]],[[1212,8193],[0,-65]],[[1212,8128],[-12,0],[0,32],[-25,0],[0,33],[25,0]],[[1287,8225],[13,0],[0,-32],[25,0],[0,-33]],[[1325,8160],[-25,0],[0,-32]],[[1300,8128],[-13,0],[0,32],[-12,0],[0,33]],[[1275,8193],[12,0]],[[4825,8193],[25,0]],[[4850,8193],[0,-33],[-13,0],[0,-32],[-12,0],[0,65]],[[8549,8193],[25,0],[0,-33],[-12,0],[0,-32]],[[8562,8128],[-13,0]],[[8549,8128],[0,65]],[[8662,8193],[12,0],[0,-33],[13,0],[0,-32]],[[8687,8128],[-25,0]],[[8662,8128],[0,65]],[[1462,8160],[13,0],[0,-32],[-13,0],[0,32]],[[2912,8160],[13,0],[0,-32],[-13,0],[0,32]],[[3262,8160],[25,0],[0,-32]],[[3287,8128],[-25,0],[0,32]],[[5199,8160],[0,-32]],[[5199,8128],[-25,0],[0,32],[25,0]],[[5212,8160],[12,0],[0,-32]],[[5224,8128],[-12,0]],[[5212,8128],[0,32]],[[5599,8160],[13,0],[0,-32]],[[5612,8128],[-13,0],[0,32]],[[7774,8128],[-12,0]],[[7762,8128],[0,32],[12,0],[0,-32]],[[8187,8160],[12,0],[0,-32],[-12,0],[0,32]],[[8224,8160],[0,-32]],[[8224,8128],[-12,0]],[[8212,8128],[0,32],[12,0]],[[8312,8160],[25,0]],[[8337,8160],[0,-32]],[[8337,8128],[-25,0]],[[8312,8128],[0,32]],[[8337,8160],[12,0]],[[8349,8160],[0,-32],[-12,0]],[[8362,8160],[12,0],[0,-32]],[[8374,8128],[-12,0],[0,32]],[[8474,8160],[0,-32]],[[8474,8128],[-25,0]],[[8449,8128],[0,32],[25,0]],[[8474,8225],[38,0],[0,-32],[12,0],[0,-33]],[[8524,8160],[-12,0],[0,-32]],[[8512,8128],[-38,0]],[[8474,8193],[0,32]],[[8524,8160],[0,-32]],[[8524,8128],[-12,0]],[[8537,8160],[12,0]],[[8549,8160],[0,-32]],[[8549,8128],[-12,0]],[[8537,8128],[0,32]],[[775,8193],[0,-97],[-13,0]],[[762,8096],[0,64]],[[762,8160],[-25,0],[0,33],[38,0]],[[8412,8160],[0,-64],[-13,0]],[[8399,8096],[0,32]],[[8399,8128],[-12,0]],[[8387,8128],[0,32],[25,0]],[[8624,8193],[25,0]],[[8649,8193],[0,-33],[13,0]],[[8662,8160],[0,-32]],[[8662,8128],[-13,0]],[[8649,8128],[0,-32]],[[8649,8096],[-12,0],[0,32]],[[8637,8128],[-25,0]],[[8612,8128],[0,32]],[[8612,8160],[12,0]],[[1300,8128],[12,0]],[[1312,8128],[0,-32]],[[1312,8096],[-12,0]],[[1300,8096],[0,32]],[[3287,8128],[13,0],[0,-32]],[[3300,8096],[-13,0],[0,32]],[[4850,8128],[12,0],[0,-32],[-12,0],[0,32]],[[4950,8128],[12,0],[0,-32],[-12,0],[0,32]],[[5474,8128],[13,0],[0,-32],[-13,0],[0,32]],[[5537,8128],[0,-32],[-13,0]],[[5524,8096],[0,32],[13,0]],[[5674,8096],[-12,0],[0,32],[12,0],[0,-32]],[[5849,8128],[13,0],[0,-32],[-13,0],[0,32]],[[7212,8128],[12,0],[0,-32],[-12,0],[0,32]],[[7349,8128],[25,0],[0,-32],[-25,0],[0,32]],[[7774,8128],[0,-32],[-12,0]],[[7762,8096],[0,32]],[[8337,8128],[0,-32]],[[8337,8096],[-25,0]],[[8312,8096],[0,32]],[[8374,8128],[13,0]],[[8387,8128],[0,-32],[-13,0],[0,32]],[[8562,8128],[25,0]],[[8587,8128],[0,-32]],[[8587,8096],[-25,0]],[[8562,8096],[0,32]],[[8587,8128],[12,0]],[[8599,8128],[0,-32]],[[8599,8096],[-12,0]],[[8687,8128],[12,0]],[[8699,8128],[0,-32]],[[8699,8096],[-12,0],[0,32]],[[1325,8160],[0,-64],[12,0]],[[1337,8096],[0,-32]],[[1337,8064],[-25,0]],[[1312,8064],[0,64]],[[5524,8096],[-12,0],[0,-32]],[[5512,8064],[-13,0],[0,96],[38,0],[0,-32]],[[6574,8128],[13,0],[0,-64],[-13,0],[0,64]],[[8149,8128],[0,-64]],[[8149,8064],[-25,0]],[[8124,8064],[0,32],[-12,0],[0,32],[37,0]],[[8699,8128],[25,0]],[[8724,8128],[0,-64],[-25,0]],[[8699,8064],[0,64]],[[9537,8322],[0,-65],[-13,0],[0,-32]],[[9524,8225],[-25,0],[0,-32],[-12,0],[0,-33],[-13,0],[0,-32],[-12,0],[0,-32],[-13,0],[0,-32],[-12,0]],[[9437,8064],[0,64],[12,0],[0,65],[13,0],[0,32],[12,0],[0,32],[13,0],[0,32],[37,0],[0,33],[13,0]],[[1250,8096],[12,0]],[[1262,8096],[0,-32]],[[1262,8064],[-12,0],[0,32]],[[1312,8096],[0,-32]],[[1312,8064],[-12,0]],[[1300,8064],[0,32]],[[1350,8096],[12,0],[0,-32],[-12,0],[0,32]],[[1450,8096],[12,0],[0,-32],[-12,0],[0,32]],[[1725,8096],[12,0],[0,-32],[-12,0],[0,32]],[[2800,8064],[-25,0]],[[2775,8064],[0,32],[25,0],[0,-32]],[[5524,8096],[0,-32],[-12,0]],[[7162,8096],[25,0]],[[7187,8096],[0,-32]],[[7187,8064],[-25,0]],[[7162,8064],[0,32]],[[7762,8096],[0,-32],[-13,0],[0,32],[13,0]],[[8062,8096],[25,0],[0,-32]],[[8087,8064],[-25,0]],[[8062,8064],[0,32]],[[8149,8096],[13,0]],[[8162,8096],[0,-32]],[[8162,8064],[-13,0]],[[8149,8064],[0,32]],[[8199,8096],[13,0]],[[8212,8096],[0,-32]],[[8212,8064],[-13,0]],[[8199,8064],[0,32]],[[8212,8096],[50,0]],[[8262,8096],[0,-32]],[[8262,8064],[-50,0]],[[8274,8193],[25,0]],[[8312,8160],[0,-96]],[[8312,8064],[-38,0],[0,32],[25,0],[0,32],[-37,0],[0,32],[12,0],[0,33]],[[9499,8096],[13,0],[0,-32],[-13,0],[0,32]],[[1212,8128],[25,0],[0,-32]],[[1237,8096],[13,0]],[[1262,8064],[0,-33]],[[1262,8031],[-25,0],[0,33],[-12,0],[0,32],[-13,0],[0,32]],[[4825,8096],[0,-65],[-13,0]],[[4812,8031],[0,65],[13,0]],[[8524,8160],[13,0]],[[8537,8128],[25,0]],[[8562,8096],[-25,0],[0,-32],[12,0],[0,-33],[-25,0],[0,33],[-50,0]],[[8474,8064],[0,32],[25,0],[0,32]],[[8499,8128],[25,0]],[[8912,8225],[0,-97],[-25,0],[0,-32],[-25,0],[0,-32],[-13,0],[0,-33],[-12,0],[0,33]],[[8837,8064],[-13,0],[0,-33],[-25,0]],[[8799,8031],[0,65],[25,0],[0,32],[25,0]],[[8849,8128],[0,32]],[[8862,8160],[0,33]],[[8862,8193],[25,0],[0,32],[25,0]],[[1325,8064],[12,0]],[[1337,8064],[0,-33]],[[1337,8031],[-12,0]],[[1325,8031],[0,33]],[[7212,8031],[0,33],[12,0],[0,-33],[-12,0]],[[7262,8064],[12,0]],[[7274,8064],[0,-33]],[[7274,8031],[-12,0]],[[7262,8031],[0,33]],[[7412,8064],[25,0]],[[7437,8064],[0,-33]],[[7437,8031],[-25,0],[0,33]],[[7462,8031],[-13,0]],[[7449,8031],[0,33],[13,0],[0,-33]],[[8074,8064],[25,0]],[[8099,8064],[0,-33],[-25,0]],[[8074,8031],[0,33]],[[8137,8064],[25,0]],[[8162,8064],[0,-33]],[[8162,8031],[-25,0]],[[8137,8031],[0,33]],[[8474,8064],[0,-33],[-12,0],[0,33],[12,0]],[[8062,8096],[-13,0],[0,-97]],[[8049,7999],[-12,0]],[[8037,7999],[0,32],[-13,0]],[[8024,8031],[0,65]],[[8024,8096],[13,0],[0,32],[25,0],[0,-32]],[[8062,8064],[12,0]],[[8074,8031],[-12,0]],[[8062,8031],[0,-32]],[[8062,7999],[-13,0]],[[8599,8128],[38,0]],[[8649,8096],[0,-32]],[[8649,8064],[-50,0],[0,-65],[-12,0],[0,32],[-13,0],[0,33],[-12,0],[0,32]],[[8562,8096],[37,0]],[[2800,8064],[0,-65]],[[2800,7999],[-25,0],[0,65]],[[2800,8064],[12,0]],[[2812,8064],[0,-65]],[[2812,7999],[-12,0]],[[2812,8064],[13,0],[0,-65],[-13,0]],[[7137,8064],[50,0]],[[7187,8064],[0,-33]],[[7187,8031],[-25,0]],[[7162,8031],[0,-32],[-13,0],[0,32],[-12,0],[0,33]],[[7274,7999],[0,65]],[[7274,8064],[13,0]],[[7287,8064],[0,64],[25,0],[0,-97],[-25,0],[0,-32],[-13,0]],[[1237,8193],[13,0]],[[1262,8193],[13,0]],[[1300,8128],[0,-64]],[[1300,8064],[25,0]],[[1325,8031],[-38,0],[0,-32]],[[1287,7999],[-37,0],[0,32],[12,0]],[[1262,8031],[0,65]],[[1262,8096],[-25,0]],[[1212,8128],[0,32]],[[1400,8031],[0,-32]],[[1400,7999],[-13,0],[0,32],[13,0]],[[1900,8031],[0,-32],[-13,0],[0,32],[13,0]],[[5449,8031],[13,0],[0,-32],[-13,0]],[[5449,7999],[0,32]],[[7199,8031],[13,0]],[[7212,8031],[0,-32]],[[7212,7999],[-13,0]],[[7199,7999],[0,32]],[[7262,8096],[0,-65]],[[7262,8031],[-13,0],[0,-32]],[[7249,7999],[-37,0]],[[7212,8031],[-25,0]],[[7187,8031],[0,65]],[[7187,8096],[12,0]],[[7199,8096],[0,32],[-12,0],[0,32],[25,0],[0,33],[12,0],[0,32],[13,0],[0,-97],[25,0],[0,32],[12,0],[0,-64],[-12,0]],[[7274,8031],[0,-32]],[[7274,7999],[-12,0],[0,32]],[[8137,8031],[0,-32]],[[8137,7999],[-13,0]],[[8124,7999],[0,32],[13,0]],[[8799,8031],[0,-32],[-25,0]],[[8774,7999],[0,32],[25,0]],[[1325,8160],[12,0],[0,-32],[38,0],[0,-64],[12,0],[0,64],[38,0],[0,-32],[-13,0],[0,-32],[-12,0]],[[1400,8064],[0,-33]],[[1400,7999],[0,-32]],[[1400,7967],[-25,0],[0,32],[-25,0]],[[1350,7999],[0,32]],[[1350,8031],[-13,0]],[[1337,8031],[0,65]],[[1925,8193],[0,-33],[12,0],[0,-64],[-12,0],[0,32],[-13,0],[0,-64],[13,0],[0,-97],[-13,0],[0,64],[-12,0]],[[1900,8031],[0,33],[-13,0],[0,32],[13,0],[0,64],[12,0],[0,33],[13,0]],[[2925,8064],[62,0],[0,-33],[13,0],[0,-32],[-13,0],[0,-32],[-12,0],[0,32],[-13,0],[0,-32],[-12,0],[0,32],[-25,0],[0,65]],[[1325,8031],[25,0]],[[1350,7999],[-13,0],[0,-32],[-12,0],[0,64]],[[7437,8031],[37,0]],[[7474,8031],[0,-64]],[[7474,7967],[-25,0]],[[7449,7967],[0,32]],[[7449,7999],[-12,0],[0,32]],[[1287,7999],[13,0],[0,-32],[-13,0]],[[1287,7967],[0,32]],[[1712,7999],[13,0],[0,-32]],[[1725,7967],[-13,0]],[[1712,7967],[0,32]],[[4800,7999],[12,0],[0,-32]],[[4812,7967],[-12,0],[0,32]],[[6674,7999],[13,0]],[[6687,7999],[0,-32],[-13,0]],[[6674,7967],[0,32]],[[8024,7999],[25,0]],[[8049,7999],[0,-32],[-25,0]],[[8024,7967],[0,32]],[[8137,7999],[0,-32],[-13,0],[0,32]],[[8612,7999],[50,0],[0,-32],[-50,0],[0,32]],[[8774,7999],[0,-32],[-12,0],[0,32],[12,0]],[[9437,8064],[0,-33],[-25,0],[0,-64],[-38,0],[0,32],[13,0],[0,32],[12,0],[0,33],[38,0]],[[8024,8064],[0,-33]],[[8037,7999],[-13,0]],[[8024,7999],[0,-64]],[[8024,7935],[-12,0]],[[8012,7935],[0,129],[12,0]],[[1737,7967],[-12,0]],[[1712,7999],[0,-64]],[[1712,7935],[-37,0],[0,32],[-25,0],[0,32],[-13,0],[0,32],[113,0],[0,-32],[25,0],[0,-32],[-25,0],[0,-32],[-13,0],[0,32]],[[5574,8031],[13,0],[0,-96],[-13,0]],[[5574,7935],[0,96]],[[6612,8031],[12,0],[0,-32],[13,0],[0,-64],[-25,0],[0,96]],[[7474,8031],[50,0]],[[7524,8031],[0,-32],[-25,0],[0,-64]],[[7499,7935],[-12,0]],[[7487,7935],[0,32]],[[7487,7967],[-13,0]],[[9487,7935],[-38,0],[0,96],[13,0],[0,-32],[12,0],[0,-32],[13,0],[0,-32]],[[500,7999],[0,-64]],[[500,7935],[-25,0],[0,64],[25,0]],[[5399,7999],[13,0],[0,-32],[12,0],[0,-32],[-25,0]],[[5399,7935],[0,64]],[[500,7967],[12,0]],[[512,7967],[0,-32]],[[512,7935],[-12,0]],[[500,7935],[0,32]],[[512,7967],[13,0]],[[525,7967],[0,-32]],[[525,7935],[-13,0]],[[1350,7999],[0,-64],[-63,0],[0,32]],[[3262,7967],[13,0],[0,-32],[-13,0],[0,32]],[[6212,7967],[12,0],[0,-32],[-12,0],[0,32]],[[6262,7967],[12,0],[0,-32],[-12,0],[0,32]],[[6412,7935],[-13,0],[0,32],[13,0],[0,-32]],[[6474,7935],[-12,0],[0,32],[12,0],[0,-32]],[[7537,7935],[-25,0]],[[7512,7935],[0,32],[25,0],[0,-32]],[[7774,8064],[50,0],[0,-33],[-12,0],[0,-32],[-13,0],[0,-32],[-12,0],[0,-32],[-25,0],[0,32],[12,0],[0,32],[13,0],[0,32],[-13,0],[0,33]],[[7812,7967],[12,0],[0,-32],[-12,0],[0,32]],[[8487,7967],[0,-32]],[[8487,7935],[-13,0]],[[8474,7935],[0,32],[13,0]],[[8487,7967],[37,0],[0,-32],[-37,0]],[[5299,8160],[0,-32],[13,0]],[[5312,8128],[0,-32],[-13,0],[0,-32],[13,0],[0,-33],[37,0]],[[5349,8031],[0,-129],[-62,0],[0,33],[-50,0]],[[5237,7935],[0,-33],[-13,0],[0,65],[-12,0],[0,97],[12,0],[0,64]],[[5224,8128],[50,0],[0,32],[25,0]],[[5974,8031],[25,0],[0,-32],[75,0],[0,-32],[13,0],[0,-32],[-13,0],[0,-33],[-12,0],[0,65],[-75,0],[0,32],[-13,0],[0,32]],[[9599,7999],[25,0],[0,-32],[13,0],[0,-65],[-25,0],[0,33],[-13,0],[0,64]],[[437,7967],[38,0],[0,-65],[-13,0]],[[462,7902],[0,33]],[[462,7935],[-25,0]],[[437,7935],[0,32]],[[8087,7967],[12,0],[0,-65]],[[8099,7902],[-12,0]],[[8087,7902],[0,65]],[[8537,7967],[12,0],[0,-65],[-12,0],[0,65]],[[437,7935],[13,0]],[[450,7935],[0,-33]],[[450,7902],[-13,0],[0,33]],[[450,7935],[12,0]],[[462,7902],[-12,0]],[[1400,7935],[12,0],[0,-33]],[[1412,7902],[-12,0]],[[1400,7902],[0,33]],[[5549,7902],[-12,0],[0,33],[12,0],[0,-33]],[[6362,7902],[0,33],[12,0],[0,-33],[-12,0]],[[6712,7935],[12,0],[0,-33],[-12,0],[0,33]],[[6999,7935],[13,0],[0,-33],[-13,0],[0,33]],[[8074,8031],[0,-32],[50,0]],[[8137,7999],[75,0],[0,-32]],[[8212,7967],[-25,0]],[[8187,7967],[0,-32],[-38,0],[0,-33],[-50,0]],[[8087,7967],[0,-32]],[[8087,7935],[-13,0],[0,-33]],[[8074,7902],[-25,0]],[[8049,7902],[0,33],[13,0]],[[8062,7935],[0,96]],[[8087,7935],[0,-33]],[[8087,7902],[-13,0]],[[8474,7935],[0,-33]],[[8474,7902],[-12,0],[0,33],[12,0]],[[8487,7935],[0,-33],[-13,0]],[[8612,7902],[-25,0]],[[8587,7902],[0,33],[25,0],[0,-33]],[[9487,7935],[12,0],[0,-33]],[[9499,7902],[-12,0]],[[9487,7902],[0,33]],[[437,7967],[0,-97],[-25,0],[0,65],[13,0],[0,32],[12,0]],[[7449,7967],[38,0]],[[7487,7935],[-13,0],[0,-33],[-12,0],[0,-32],[-38,0]],[[7424,7870],[0,65],[25,0]],[[7449,7935],[0,32]],[[1412,7902],[0,-32],[-12,0]],[[1400,7870],[0,32]],[[4887,7902],[0,-32]],[[4887,7870],[-25,0],[0,32],[25,0]],[[4887,7902],[13,0]],[[4900,7902],[0,-32]],[[4900,7870],[-13,0]],[[6949,7902],[25,0],[0,-32],[-25,0],[0,32]],[[7262,7902],[12,0],[0,-32],[-12,0],[0,32]],[[7837,7902],[0,-32]],[[7837,7870],[-13,0],[0,32],[13,0]],[[7837,7902],[37,0],[0,-32]],[[7874,7870],[-37,0]],[[8062,7902],[12,0]],[[8074,7902],[0,-32],[-12,0]],[[8062,7870],[0,32]],[[8587,7902],[0,-32],[-13,0],[0,32],[13,0]],[[8612,7902],[12,0],[0,-32],[-12,0],[0,32]],[[7424,7870],[0,-32],[-25,0],[0,32],[-12,0],[0,32],[-25,0],[0,33],[-38,0],[0,64],[50,0],[0,-32],[25,0],[0,-65],[13,0],[0,-32],[12,0]],[[1400,7967],[25,0],[0,-32],[12,0],[0,32],[25,0],[0,-32],[25,0],[0,-33],[25,0],[0,-64],[-12,0],[0,32],[-25,0],[0,32],[-63,0]],[[1400,7935],[0,32]],[[1837,7935],[63,0],[0,-33],[100,0],[0,-32],[-25,0],[0,-32]],[[1975,7838],[-25,0]],[[1950,7838],[0,32],[-38,0],[0,-32],[-12,0],[0,32],[-63,0]],[[1837,7870],[0,65]],[[1562,7838],[-12,0],[0,32],[-13,0],[0,32],[25,0],[0,-64]],[[7999,7902],[25,0],[0,-32],[-12,0],[0,-32],[-13,0],[0,64]],[[8262,7870],[-13,0],[0,-32],[-12,0],[0,64],[25,0],[0,-32]],[[3237,7902],[25,0],[0,-64],[-37,0],[0,32],[12,0],[0,32]],[[4900,7870],[12,0],[0,-32]],[[4912,7838],[-12,0],[0,32]],[[6087,7838],[-25,0]],[[6062,7838],[0,32],[25,0],[0,-32]],[[6212,7838],[-13,0],[0,32],[13,0],[0,-32]],[[7474,7870],[13,0],[0,-32],[-13,0],[0,32]],[[7924,7870],[13,0]],[[7937,7870],[0,-32]],[[7937,7838],[-13,0]],[[7924,7838],[0,32]],[[8062,7870],[0,-32]],[[8062,7838],[-13,0]],[[8049,7838],[0,32],[13,0]],[[8187,7870],[12,0]],[[8199,7870],[0,-32]],[[8199,7838],[-12,0]],[[8187,7838],[0,32]],[[8199,7870],[13,0]],[[8212,7870],[0,-32]],[[8212,7838],[-13,0]],[[8262,7870],[12,0],[0,-32],[-12,0],[0,32]],[[8312,7870],[25,0],[0,-32],[-25,0],[0,32]],[[8462,7838],[-13,0],[0,32],[13,0],[0,-32]],[[8912,7870],[12,0],[0,-32]],[[8924,7838],[-12,0],[0,32]],[[8349,8709],[38,0]],[[8412,8709],[37,0]],[[8449,8709],[0,-65],[-50,0],[0,-64],[25,0],[0,32],[13,0],[0,-32],[12,0],[0,32],[38,0],[0,32],[12,0],[0,-32],[25,0],[0,-97]],[[8524,8515],[-37,0],[0,33],[-13,0],[0,-33],[-50,0],[0,33],[-37,0],[0,-65],[-38,0],[0,-32],[75,0],[0,-32],[25,0],[0,-33],[-12,0],[0,-32],[-13,0],[0,32],[-50,0],[0,33],[-62,0],[0,32],[-38,0],[0,-32],[25,0],[0,-33],[-12,0],[0,-64],[-13,0],[0,-65],[-12,0],[0,-32],[-38,0]],[[8224,8225],[0,-65]],[[8212,8128],[25,0]],[[8237,8128],[0,-32]],[[8237,8096],[-38,0]],[[8199,8064],[63,0]],[[8262,8064],[0,-33]],[[8262,8031],[-25,0],[0,-64]],[[8237,7967],[-25,0]],[[8099,8064],[-12,0]],[[8024,8096],[0,-32]],[[8012,7935],[-50,0]],[[7962,7935],[0,64],[-50,0],[0,32],[-63,0],[0,33],[-12,0],[0,-162]],[[7837,7870],[0,-32],[12,0]],[[7849,7838],[0,-32]],[[7849,7806],[-37,0]],[[7812,7806],[0,64],[-38,0],[0,32],[-25,0],[0,33],[-12,0],[0,32],[12,0],[0,32],[-25,0],[0,-32],[-12,0],[0,32],[-13,0],[0,32],[13,0],[0,97],[12,0],[0,-32],[13,0],[0,32],[25,0]],[[7774,8128],[13,0],[0,-32],[12,0],[0,32],[13,0],[0,32],[12,0],[0,33],[25,0],[0,32],[25,0],[0,-32],[38,0],[0,-65],[25,0],[0,32],[37,0],[0,33],[25,0],[0,-33],[13,0],[0,33],[37,0],[0,-33],[13,0],[0,65],[12,0],[0,-32],[13,0],[0,32],[12,0]],[[8099,8225],[0,32],[38,0],[0,-32],[-13,0],[0,-32],[38,0],[0,32],[-13,0],[0,32],[13,0],[0,32],[12,0],[0,65],[-12,0],[0,32],[12,0],[0,33],[-25,0],[0,-33],[-12,0],[0,-32],[-13,0],[0,32],[-25,0],[0,-64],[-25,0]],[[8074,8322],[0,64],[-37,0],[0,33],[12,0],[0,32],[13,0],[0,32],[-25,0],[0,65],[-13,0],[0,32],[13,0],[0,32],[25,0],[0,-32],[12,0],[0,64],[25,0],[0,65],[-37,0]],[[8062,8709],[0,64],[75,0],[0,-32],[12,0],[0,-32],[-25,0],[0,-97],[13,0],[0,32],[25,0],[0,-32],[12,0],[0,-32],[-12,0],[0,-97],[12,0],[0,65],[13,0],[0,32],[12,0],[0,32],[25,0],[0,-32],[13,0],[0,97],[25,0],[0,32],[25,0],[0,-32],[25,0],[0,32],[-13,0],[0,32],[25,0],[0,32],[25,0],[0,-64]],[[8124,8064],[13,0]],[[8162,8031],[0,65]],[[8149,8096],[0,32]],[[1387,7902],[0,-32],[-12,0],[0,-32],[12,0]],[[1387,7838],[0,-32],[-25,0],[0,96],[25,0]],[[7537,7902],[37,0]],[[7574,7902],[0,-64],[-12,0],[0,-32]],[[7562,7806],[-13,0]],[[7549,7806],[0,32],[-12,0],[0,64]],[[8212,7902],[12,0],[0,-96],[-12,0]],[[8212,7806],[0,96]],[[8074,7902],[25,0]],[[8099,7902],[0,-32],[-12,0],[0,-32],[-13,0]],[[8074,7838],[0,-32]],[[8074,7806],[-12,0]],[[8062,7806],[0,64]],[[1850,7838],[12,0],[0,-32],[-12,0],[0,32]],[[2775,7838],[12,0],[0,-32],[-12,0],[0,32]],[[5149,7838],[0,-32]],[[5149,7806],[-25,0]],[[5124,7806],[0,32],[25,0]],[[5149,7838],[25,0]],[[5174,7838],[0,-32]],[[5174,7806],[-25,0]],[[6087,7838],[0,-32],[-25,0],[0,32]],[[6374,7838],[13,0],[0,-32],[-13,0],[0,32]],[[7437,7838],[12,0],[0,-32],[-12,0],[0,32]],[[7487,7935],[37,0]],[[7524,7935],[0,-33]],[[7524,7902],[13,0]],[[7549,7806],[-50,0]],[[7499,7806],[0,32],[13,0],[0,64],[-25,0],[0,33]],[[8037,7838],[25,0]],[[8062,7838],[0,-32]],[[8062,7806],[-25,0]],[[8037,7806],[0,32]],[[8099,7838],[13,0],[0,-32]],[[8112,7806],[-13,0]],[[8099,7806],[0,32]],[[8462,7838],[12,0]],[[8474,7838],[0,-32],[-12,0],[0,32]],[[8562,7806],[-13,0]],[[8549,7806],[0,32],[13,0],[0,-32]],[[7874,7870],[0,-64],[-12,0]],[[7862,7806],[0,-33]],[[7862,7773],[-13,0]],[[7849,7773],[0,65]],[[350,7902],[37,0],[0,-64],[-12,0],[0,-32],[-50,0],[0,-33],[-25,0],[0,65],[25,0],[0,32],[12,0],[0,-32],[13,0],[0,64]],[[7937,7870],[12,0]],[[7949,7870],[0,-64]],[[7949,7806],[-12,0],[0,-33]],[[7937,7773],[-25,0]],[[7912,7773],[0,65]],[[7912,7838],[25,0]],[[3462,7806],[0,-33]],[[3462,7773],[-12,0],[0,33],[12,0]],[[6099,7806],[13,0],[0,-33],[-13,0],[0,33]],[[7524,7806],[13,0]],[[7537,7806],[0,-33],[-13,0],[0,33]],[[7949,7806],[0,-33]],[[7949,7773],[-12,0]],[[8012,7806],[12,0]],[[8024,7806],[0,-33],[-12,0]],[[8012,7773],[0,33]],[[8037,7806],[12,0]],[[8049,7806],[0,-33]],[[8049,7773],[-12,0]],[[8037,7773],[0,33]],[[8049,7806],[13,0]],[[8062,7806],[0,-33]],[[8062,7773],[-13,0]],[[8074,7806],[0,-33]],[[8074,7773],[-12,0]],[[8112,7806],[12,0],[0,-33]],[[8124,7773],[-12,0]],[[8112,7773],[0,33]],[[8162,7773],[-13,0]],[[8149,7773],[0,33],[13,0],[0,-33]],[[8537,7806],[12,0]],[[8549,7806],[0,-33],[-12,0],[0,33]],[[8562,7806],[12,0]],[[8574,7806],[0,-33]],[[8574,7773],[-12,0]],[[8562,7773],[0,33]],[[8674,7806],[13,0],[0,-33],[-13,0],[0,33]],[[8724,7773],[0,33],[13,0],[0,32],[25,0],[0,-65],[-38,0]],[[9324,7806],[13,0]],[[9337,7806],[0,-33],[-13,0],[0,33]],[[7962,7935],[62,0]],[[8024,7935],[0,32]],[[8062,7999],[0,-64]],[[8049,7902],[13,0]],[[8049,7838],[-12,0]],[[8037,7806],[-25,0]],[[8012,7773],[-13,0],[0,-32]],[[7999,7741],[-25,0]],[[7974,7741],[0,32],[-25,0]],[[7949,7773],[0,97]],[[7949,7870],[-25,0]],[[7924,7838],[-12,0]],[[7912,7838],[0,-32]],[[7912,7806],[-13,0],[0,32],[-12,0],[0,32],[-13,0]],[[2137,7741],[-25,0]],[[2112,7741],[0,65],[-75,0],[0,-33],[-25,0],[0,33],[-25,0],[0,32]],[[1987,7838],[25,0]],[[2012,7838],[0,32],[25,0],[0,-32],[13,0],[0,32],[12,0],[0,-32],[75,0],[0,-32],[-12,0],[0,-33],[12,0],[0,-32]],[[8174,7806],[25,0],[0,-33]],[[8199,7773],[-12,0],[0,-32]],[[8187,7741],[-13,0]],[[8174,7741],[0,65]],[[2187,7741],[0,32],[13,0],[0,-32],[-13,0]],[[4862,7773],[13,0],[0,-32]],[[4875,7741],[-13,0],[0,32]],[[5149,7773],[13,0],[0,-32],[-13,0],[0,32]],[[7249,7741],[0,32],[13,0],[0,-32],[-13,0]],[[7662,7773],[12,0],[0,-32],[-12,0],[0,32]],[[7737,7773],[0,-32]],[[7737,7741],[-38,0]],[[7699,7741],[0,32],[38,0]],[[7974,7741],[-25,0]],[[7949,7741],[0,32]],[[8012,7773],[0,-32]],[[8012,7741],[-13,0]],[[8124,7773],[0,-32]],[[8124,7741],[-12,0]],[[8112,7741],[0,32]],[[8199,7773],[0,-32]],[[8199,7741],[-12,0]],[[8562,7806],[0,-65]],[[8562,7741],[-50,0],[0,32],[12,0],[0,33],[13,0]],[[8574,7773],[0,-32]],[[8574,7741],[-12,0]],[[8562,7741],[0,32]],[[8724,7773],[0,-32],[-25,0],[0,32],[25,0]],[[8799,7741],[-25,0]],[[8774,7741],[0,32]],[[8774,7773],[13,0],[0,33],[12,0],[0,-65]],[[1350,7902],[0,-129],[12,0],[0,-64],[-25,0],[0,32],[-12,0],[0,32],[-13,0],[0,33],[-12,0],[0,129],[37,0],[0,-33],[13,0]],[[7912,7806],[0,-33]],[[7912,7773],[12,0]],[[7924,7773],[0,-32],[-25,0],[0,-32],[-25,0],[0,32],[-12,0]],[[7862,7741],[0,65]],[[8637,7741],[-25,0]],[[8612,7741],[0,65],[12,0],[0,-33],[25,0],[0,-64],[-12,0],[0,32]],[[150,7709],[0,64],[25,0],[0,-32],[-13,0],[0,-32],[-12,0]],[[4712,7773],[0,-64],[-12,0],[0,64],[12,0]],[[8199,7773],[13,0]],[[8212,7773],[0,-64]],[[8212,7709],[-13,0]],[[8199,7709],[0,64]],[[8987,7773],[0,-64]],[[8987,7709],[-25,0],[0,64],[25,0]],[[150,7709],[-13,0],[0,32],[13,0],[0,-32]],[[5674,7741],[25,0],[0,-32],[-25,0],[0,32]],[[7174,7741],[25,0],[0,-32],[-25,0],[0,32]],[[7249,7741],[0,-32],[-12,0],[0,32],[12,0]],[[7349,7741],[0,-32],[-12,0],[0,32],[12,0]],[[7537,7709],[-13,0]],[[7524,7709],[0,32],[13,0],[0,-32]],[[7612,7709],[-13,0]],[[7599,7709],[0,32],[13,0],[0,-32]],[[7949,7741],[13,0]],[[7962,7741],[0,-32]],[[7962,7709],[-13,0]],[[7949,7709],[0,32]],[[7962,7741],[25,0]],[[7987,7741],[0,-32],[-25,0]],[[8124,7741],[0,-32]],[[8124,7709],[-12,0]],[[8112,7709],[0,32]],[[8749,7709],[-12,0],[0,32],[12,0],[0,-32]],[[8874,7741],[13,0]],[[8887,7741],[0,-32]],[[8887,7709],[-13,0]],[[8874,7709],[0,32]],[[9337,7741],[12,0],[0,-32],[-12,0]],[[9337,7709],[0,32]],[[1712,7773],[50,0],[0,-32],[13,0],[0,-64],[-13,0]],[[1762,7677],[0,32]],[[1762,7709],[-25,0],[0,32],[-25,0]],[[1712,7741],[0,32]],[[50,7741],[12,0],[0,-64],[-12,0],[0,64]],[[75,7741],[25,0],[0,-64],[-25,0],[0,64]],[[7474,7773],[0,-64]],[[7474,7709],[-12,0],[0,-32]],[[7462,7677],[-13,0]],[[7449,7677],[0,64],[13,0],[0,32],[12,0]],[[8112,7741],[0,-64]],[[8112,7677],[-13,0]],[[8099,7677],[0,32],[-12,0]],[[8087,7709],[0,32],[25,0]],[[8262,7741],[12,0]],[[8274,7741],[0,-64]],[[8274,7677],[-12,0]],[[8262,7677],[0,64]],[[8862,7870],[50,0]],[[8924,7838],[0,-161]],[[8924,7677],[-62,0]],[[8862,7677],[0,64]],[[8862,7741],[12,0]],[[8874,7709],[25,0]],[[8899,7709],[0,32],[13,0],[0,65],[-63,0],[0,32],[13,0],[0,32]],[[5824,7709],[13,0],[0,-32],[-13,0],[0,32]],[[8087,7709],[0,-32]],[[8087,7677],[-13,0]],[[8074,7677],[0,32],[13,0]],[[8099,7677],[-12,0]],[[8237,7709],[25,0]],[[8262,7709],[0,-32]],[[8262,7677],[-25,0]],[[8237,7677],[0,32]],[[8349,8160],[-37,0]],[[8312,8193],[-38,0]],[[8312,8064],[0,32]],[[8312,8096],[12,0]],[[8324,8096],[0,-32],[13,0],[0,-33],[-38,0],[0,-32],[-37,0],[0,-64],[12,0],[0,32],[50,0],[0,32],[25,0],[0,32],[13,0],[0,-32],[25,0],[0,-32],[-25,0],[0,-32],[25,0],[0,-33],[12,0],[0,33],[38,0],[0,-33],[-25,0],[0,-64],[-13,0],[0,32],[-12,0],[0,-32],[-13,0],[0,-65],[-12,0],[0,-32],[-13,0],[0,-32],[-12,0],[0,-65]],[[8337,7644],[-13,0]],[[8324,7644],[0,65],[-12,0],[0,-32],[-13,0],[0,-33],[-12,0],[0,33]],[[8287,7677],[-13,0]],[[8274,7677],[0,96]],[[8274,7773],[-50,0],[0,-32],[-12,0]],[[8212,7741],[0,32]],[[8174,7806],[0,-33]],[[8174,7773],[-12,0]],[[8149,7773],[-25,0]],[[8099,7838],[0,-65]],[[8099,7773],[-25,0]],[[8074,7773],[0,65]],[[8187,7967],[50,0]],[[8262,8031],[0,65]],[[8262,8096],[-25,0]],[[8237,8128],[-13,0]],[[8224,8128],[0,97]],[[8212,7902],[0,-32]],[[8212,7870],[-25,0]],[[8187,7838],[25,0]],[[8212,7838],[0,-32]],[[1525,7709],[0,-65]],[[1525,7644],[-13,0]],[[1512,7644],[0,33]],[[1512,7677],[-25,0]],[[1487,7677],[0,64],[13,0],[0,-32],[25,0]],[[1762,7709],[0,-65]],[[1762,7644],[-25,0],[0,33],[-12,0],[0,32],[-13,0]],[[1712,7709],[0,32]],[[7812,7806],[0,-65],[25,0],[0,-32]],[[7837,7709],[-38,0],[0,32],[-25,0],[0,32],[-12,0],[0,-64],[-25,0],[0,-32],[-13,0]],[[7724,7677],[0,-33]],[[7724,7644],[-12,0],[0,65],[12,0],[0,32]],[[7724,7741],[13,0]],[[7737,7741],[0,65]],[[7737,7806],[-25,0],[0,32],[-25,0],[0,32],[37,0],[0,-32],[63,0],[0,-32],[25,0]],[[7837,7709],[12,0],[0,-32],[38,0]],[[7887,7677],[0,-33]],[[7887,7644],[-50,0],[0,65]],[[8599,7741],[25,0]],[[8624,7741],[0,-64],[-12,0],[0,-33],[-13,0]],[[8599,7644],[0,33],[-12,0]],[[8587,7677],[0,32]],[[8587,7709],[12,0]],[[8599,7709],[0,32]],[[1500,7677],[12,0]],[[1512,7644],[-12,0]],[[1500,7644],[0,33]],[[2225,7677],[0,-33]],[[2225,7644],[-13,0],[0,33],[13,0]],[[3362,7677],[38,0],[0,-33]],[[3400,7644],[-38,0]],[[3362,7644],[0,33]],[[3462,7741],[0,-64]],[[3462,7677],[-25,0],[0,-33],[-25,0]],[[3412,7644],[0,33],[13,0]],[[3425,7677],[0,32],[25,0],[0,32],[12,0]],[[6749,7677],[13,0],[0,-33],[-13,0],[0,33]],[[6774,7677],[13,0],[0,-33],[-13,0],[0,33]],[[7124,7677],[13,0],[0,-33],[-13,0],[0,33]],[[7362,7644],[0,33],[12,0],[0,-33],[-12,0]],[[7549,7677],[13,0]],[[7562,7677],[0,-33]],[[7562,7644],[-13,0]],[[7549,7644],[0,33]],[[7562,7677],[25,0]],[[7587,7677],[0,-33]],[[7587,7644],[-25,0]],[[7599,7677],[25,0],[0,-33],[-25,0],[0,33]],[[8112,7677],[0,-33],[-13,0],[0,33]],[[8137,7677],[37,0]],[[8174,7677],[0,-33],[-37,0]],[[8137,7644],[0,33]],[[8237,7677],[12,0]],[[8249,7677],[0,-33],[-12,0]],[[8237,7644],[0,33]],[[8374,7644],[0,33],[13,0],[0,32],[12,0],[0,-32],[13,0],[0,-33],[-38,0]],[[8474,7709],[13,0],[0,-65],[-25,0],[0,33],[12,0],[0,32]],[[8599,7644],[-12,0]],[[8587,7644],[0,33]],[[8999,7644],[-12,0]],[[8987,7644],[0,33],[12,0],[0,-33]],[[9312,7644],[0,33],[12,0],[0,-33],[-12,0]],[[7849,7806],[0,-33]],[[7862,7773],[0,-32]],[[7924,7773],[25,0]],[[7949,7773],[0,-64]],[[7962,7709],[0,-32],[-25,0],[0,-33],[-25,0],[0,-32],[-25,0]],[[7887,7612],[0,65]],[[2162,7741],[25,0]],[[2187,7741],[0,-64],[13,0],[0,32],[25,0],[0,-32]],[[2225,7644],[0,-32]],[[2225,7612],[-25,0]],[[2200,7612],[0,32],[-25,0],[0,65],[-13,0],[0,32]],[[1537,7677],[25,0]],[[1562,7677],[0,-33],[13,0],[0,-32]],[[1575,7612],[-25,0]],[[1550,7612],[0,32],[-13,0],[0,33]],[[7212,7677],[12,0],[0,-65],[-12,0],[0,65]],[[1437,7644],[0,-32]],[[1437,7612],[-12,0],[0,32],[12,0]],[[1437,7644],[38,0]],[[1475,7644],[0,-32],[-38,0]],[[1925,7644],[12,0],[0,-32],[-12,0],[0,32]],[[2225,7644],[12,0]],[[2237,7644],[0,-32]],[[2237,7612],[-12,0]],[[2275,7612],[-13,0]],[[2262,7612],[0,32],[13,0],[0,-32]],[[3400,7644],[12,0]],[[3412,7644],[0,-32],[-12,0]],[[3400,7612],[0,32]],[[3462,7644],[0,-32]],[[3462,7612],[-12,0]],[[3450,7612],[0,32],[12,0]],[[7149,7644],[13,0],[0,-32],[-13,0],[0,32]],[[7237,7644],[12,0],[0,-32],[-12,0],[0,32]],[[7362,7644],[0,-32]],[[7362,7612],[-13,0],[0,32],[13,0]],[[8712,7644],[25,0],[0,-32],[-25,0],[0,32]],[[8874,7644],[0,-32]],[[8874,7612],[-25,0]],[[8849,7612],[0,32],[25,0]],[[6012,7580],[0,64],[25,0],[0,33],[25,0],[0,-33],[-13,0],[0,-32],[-25,0],[0,-32],[-12,0]],[[8424,7580],[0,64],[13,0],[0,-64],[-13,0]],[[8662,7580],[0,64],[12,0],[0,33],[25,0],[0,-33],[-12,0],[0,-32],[12,0],[0,-32],[-37,0]],[[3275,7580],[-25,0],[0,32],[25,0],[0,-32]],[[3400,7612],[0,-32]],[[3400,7580],[-13,0],[0,32],[13,0]],[[5087,7612],[12,0],[0,-32],[-12,0],[0,32]],[[5399,7612],[13,0],[0,-32],[-13,0],[0,32]],[[7362,7612],[50,0]],[[7412,7612],[0,-32]],[[7412,7580],[-50,0]],[[7362,7580],[0,32]],[[7599,7612],[13,0],[0,-32],[-13,0],[0,32]],[[7662,7612],[37,0]],[[7699,7612],[0,-32],[-37,0],[0,32]],[[7987,7612],[25,0]],[[8012,7612],[0,-32],[-25,0]],[[7987,7580],[0,32]],[[8112,7580],[-25,0]],[[8087,7580],[0,32],[25,0],[0,-32]],[[8162,7612],[12,0],[0,-32],[-12,0],[0,32]],[[8874,7612],[0,-32]],[[8874,7580],[-25,0],[0,32]],[[1800,7902],[12,0]],[[1812,7902],[0,-96],[13,0],[0,-129],[12,0],[0,-65],[13,0],[0,-32],[12,0],[0,-32]],[[1862,7548],[-37,0]],[[1825,7548],[0,64],[-13,0]],[[1812,7612],[0,32],[-12,0],[0,129],[-13,0],[0,33],[-12,0],[0,32],[-13,0],[0,32],[38,0],[0,32]],[[8562,7709],[25,0]],[[8587,7709],[0,-65]],[[8599,7644],[0,-32]],[[8599,7612],[-12,0]],[[8587,7612],[0,-32],[12,0],[0,-32],[-62,0],[0,64],[12,0],[0,65],[13,0]],[[8562,7677],[0,32]],[[1762,7580],[13,0],[0,-32],[-13,0],[0,32]],[[2237,7580],[13,0],[0,-32],[-13,0],[0,32]],[[4850,7580],[12,0],[0,-32],[-12,0],[0,32]],[[5000,7580],[0,-32]],[[5000,7548],[-13,0],[0,32],[13,0]],[[5162,7580],[12,0],[0,-32],[-12,0],[0,32]],[[5987,7580],[25,0]],[[6012,7580],[0,-32],[-25,0],[0,32]],[[6199,7580],[13,0],[0,-32],[-13,0],[0,32]],[[8099,7580],[13,0]],[[8112,7580],[0,-32]],[[8112,7548],[-13,0]],[[8099,7548],[0,32]],[[8399,7580],[25,0]],[[8424,7580],[0,-32]],[[8424,7548],[-25,0]],[[8399,7548],[0,32]],[[8662,7580],[0,-32],[-13,0],[0,32],[13,0]],[[8774,7741],[13,0]],[[8787,7741],[0,-32],[25,0],[0,-97],[12,0],[0,32],[13,0]],[[8837,7644],[0,-64]],[[8837,7580],[-25,0],[0,-65]],[[8812,7515],[-25,0]],[[8787,7515],[0,129]],[[8787,7644],[-13,0],[0,33],[-25,0],[0,32]],[[8749,7709],[25,0]],[[8774,7709],[0,32]],[[2362,7515],[-50,0]],[[2312,7515],[0,97]],[[2312,7612],[-37,0]],[[2262,7612],[-12,0]],[[2250,7612],[0,32]],[[2250,7644],[-25,0]],[[2225,7677],[50,0],[0,32],[25,0],[0,-32],[12,0],[0,-33],[13,0],[0,-32],[25,0],[0,-32],[25,0],[0,-32],[-13,0],[0,-33]],[[7174,8322],[13,0],[0,-33],[62,0],[0,-32],[13,0]],[[7262,8257],[0,-32],[37,0],[0,32],[13,0],[0,-32],[62,0],[0,32],[63,0],[0,-32],[-13,0],[0,-32],[-37,0],[0,-33],[25,0],[0,-32],[25,0],[0,-32],[-13,0],[0,-32]],[[7424,8064],[-12,0]],[[7449,7999],[0,-64]],[[7499,7806],[13,0]],[[7512,7806],[0,-65]],[[7512,7741],[-13,0],[0,-32],[-12,0],[0,32],[-13,0]],[[7474,7741],[0,32]],[[7449,7677],[25,0]],[[7474,7677],[0,-33],[-37,0]],[[7437,7644],[0,-32]],[[7437,7612],[-75,0]],[[7362,7580],[37,0]],[[7399,7580],[0,-32]],[[7399,7548],[-12,0]],[[7387,7548],[0,-33]],[[7387,7515],[-13,0]],[[7374,7515],[0,33],[-12,0],[0,-33]],[[7362,7515],[-13,0],[0,33],[-50,0],[0,64],[-12,0],[0,65],[25,0],[0,32],[12,0],[0,97],[25,0],[0,-65]],[[7349,7741],[38,0],[0,32],[12,0],[0,33],[-12,0],[0,32],[-13,0],[0,32],[-12,0],[0,-32],[-13,0],[0,32],[-12,0],[0,-32],[-50,0],[0,32],[37,0],[0,32],[-12,0],[0,33],[-13,0],[0,32],[-25,0],[0,32]],[[7287,8064],[-25,0]],[[7262,8064],[0,32]],[[7199,8096],[-37,0]],[[7162,8096],[0,64]],[[7162,8160],[-13,0],[0,-64],[-37,0],[0,64],[12,0],[0,65],[13,0],[0,32],[37,0],[0,65]],[[7512,7612],[25,0],[0,-32],[12,0],[0,-65],[-12,0],[0,33],[-13,0],[0,32],[-12,0],[0,32]],[[1475,7580],[12,0],[0,-65]],[[1487,7515],[-12,0],[0,65]],[[3150,7612],[0,-64],[37,0]],[[3187,7548],[0,-33],[-50,0]],[[3137,7515],[0,33],[-12,0],[0,32],[12,0],[0,32],[13,0]],[[5849,7515],[-12,0],[0,33],[-13,0],[0,32],[38,0],[0,-32],[-13,0],[0,-33]],[[6787,7580],[50,0],[0,-32],[-13,0],[0,-33],[-37,0],[0,65]],[[6899,7612],[25,0],[0,-32],[-12,0],[0,-32],[25,0],[0,-33],[-50,0],[0,65],[12,0],[0,32]],[[7412,7612],[25,0]],[[7437,7612],[0,-32]],[[7437,7580],[12,0],[0,-32],[-25,0]],[[7424,7548],[0,-33]],[[7424,7515],[-25,0]],[[7399,7515],[0,65]],[[7399,7580],[13,0]],[[8049,7677],[50,0]],[[8112,7677],[25,0]],[[8137,7677],[0,-97]],[[8137,7580],[-25,0]],[[8087,7580],[12,0]],[[8099,7548],[-12,0]],[[8087,7548],[0,-33]],[[8087,7515],[-25,0]],[[8062,7515],[0,65],[-25,0],[0,-65]],[[8037,7515],[-13,0]],[[8024,7515],[0,33]],[[8024,7548],[-25,0]],[[7999,7548],[0,-33]],[[7999,7515],[-12,0]],[[7987,7515],[0,65]],[[8012,7612],[-13,0]],[[7999,7612],[0,32],[50,0],[0,33]],[[8062,7515],[-25,0]],[[8762,7580],[25,0]],[[8787,7580],[0,-65]],[[8787,7515],[-25,0]],[[8762,7515],[0,65]],[[8837,7580],[0,-32]],[[8837,7548],[-13,0],[0,-33],[-12,0]],[[1937,7548],[13,0],[0,-33],[-13,0],[0,33]],[[2025,7515],[-13,0],[0,33],[13,0],[0,-33]],[[2662,7548],[13,0],[0,-33],[-13,0],[0,33]],[[4950,7548],[0,-33]],[[4950,7515],[-25,0],[0,33],[25,0]],[[5474,7548],[13,0],[0,-33],[-13,0],[0,33]],[[5724,7580],[75,0],[0,-32],[-62,0],[0,-33],[-25,0],[0,33],[12,0],[0,32]],[[6349,7515],[-12,0],[0,33],[12,0],[0,-33]],[[7374,7515],[-12,0]],[[7987,7515],[-25,0]],[[7962,7515],[0,33],[12,0],[0,32],[13,0]],[[7999,7548],[13,0]],[[8012,7548],[0,-33]],[[8012,7515],[-13,0]],[[8224,7580],[25,0],[0,-32],[-12,0],[0,-33],[-25,0],[0,33],[12,0],[0,32]],[[8749,7548],[13,0]],[[8762,7548],[0,-33]],[[8762,7515],[-13,0]],[[8749,7515],[0,33]],[[8862,7548],[12,0]],[[8874,7548],[0,-33],[-12,0]],[[8862,7515],[0,33]],[[8974,7580],[13,0],[0,-32],[25,0]],[[9012,7548],[0,-65],[-13,0],[0,32],[-25,0],[0,65]],[[8074,9289],[200,0]],[[8274,9257],[63,0],[0,-32],[62,0]],[[8587,9160],[0,-96]],[[8599,9096],[50,0]],[[8687,9031],[-13,0]],[[8662,8935],[37,0]],[[8812,8999],[0,65]],[[8812,9064],[37,0]],[[8887,9031],[25,0]],[[8924,8999],[0,65]],[[9287,9096],[112,0]],[[9462,8999],[12,0]],[[9487,8999],[175,0]],[[9662,9031],[37,0]],[[9712,8999],[0,-64],[25,0],[0,32],[-13,0],[0,64],[25,0]],[[9774,9031],[138,0],[0,-32],[75,0],[0,-32],[12,0],[0,-65]],[[9999,8870],[0,-193]],[[9987,8612],[-13,0],[0,-64],[13,0],[0,-33],[-13,0]],[[9937,8451],[-13,0]],[[9912,8451],[-150,0]],[[9724,8322],[-62,0]],[[9624,8354],[0,-97],[-12,0],[0,32],[-13,0],[0,-32],[-12,0],[0,-64],[-50,0]],[[9524,8193],[-12,0],[0,-33],[25,0],[0,-96],[12,0],[0,-65],[-50,0],[0,-32],[13,0],[0,-65],[-13,0]],[[9487,7902],[-13,0],[0,-32],[-25,0],[0,-97],[-37,0],[0,-64],[-13,0],[0,-32],[-25,0],[0,-33],[-25,0],[0,-32],[-12,0],[0,-32],[-25,0],[0,-65],[-25,0]],[[9287,7515],[0,65],[12,0],[0,32],[13,0],[0,32]],[[9312,7644],[25,0],[0,65]],[[9337,7741],[0,65]],[[9324,7806],[0,64],[-12,0],[0,161],[12,0],[0,65],[25,0],[0,64],[38,0],[0,33],[25,0],[0,32],[25,0]],[[9437,8257],[25,0]],[[9462,8289],[12,0],[0,33],[13,0],[0,32],[25,0],[0,32],[-13,0],[0,33]],[[9174,8677],[13,0]],[[9199,8677],[13,0]],[[9174,8709],[-62,0]],[[9062,8741],[0,-64]],[[9062,8677],[-25,0]],[[9037,8644],[25,0]],[[9062,8644],[0,-32]],[[9312,8322],[0,-97],[-75,0]],[[9237,8193],[-38,0],[0,32],[-12,0],[0,32],[-38,0],[0,-32],[-112,0]],[[9037,8257],[-63,0]],[[8962,8225],[-25,0]],[[8937,8193],[-25,0]],[[8912,8193],[0,32]],[[8862,8193],[0,32]],[[8849,8225],[0,-97]],[[8837,8064],[0,-65],[-25,0],[0,-32],[25,0],[0,-65],[-13,0],[0,-32],[25,0],[0,32],[50,0],[0,-32],[-37,0]],[[8899,7709],[-12,0]],[[8887,7741],[-25,0]],[[8862,7677],[50,0],[0,-162],[-13,0],[0,33]],[[8899,7548],[-25,0]],[[8874,7548],[0,96]],[[8849,7612],[-12,0]],[[8837,7612],[0,32]],[[8787,7741],[12,0]],[[8774,7773],[0,-64]],[[8787,7644],[0,-64]],[[8762,7580],[0,-32]],[[8749,7548],[0,-65]],[[8749,7483],[-12,0]],[[8737,7483],[0,32],[-113,0],[0,33],[-12,0],[0,64]],[[8612,7612],[-13,0]],[[8624,7741],[13,0]],[[8612,7741],[-13,0]],[[8599,7709],[-37,0]],[[8562,7709],[0,32]],[[8574,7741],[0,65]],[[8537,7806],[0,64],[-13,0],[0,-32],[-50,0]],[[8474,7838],[0,64]],[[8487,7967],[0,32],[-25,0],[0,-32],[-13,0],[0,32],[-12,0],[0,32],[-38,0]],[[8399,8031],[0,65]],[[8624,8193],[-37,0]],[[8587,8160],[25,0]],[[8612,8128],[-50,0]],[[8549,8193],[0,-33]],[[8549,8160],[-25,0]],[[8474,8225],[0,-65]],[[8449,8128],[50,0]],[[8649,8064],[0,64]],[[8649,8128],[38,0]],[[8662,8193],[0,-33]],[[8649,8193],[-12,0]],[[8449,8709],[-100,0]],[[7737,7806],[0,-33]],[[7699,7741],[25,0]],[[7724,7644],[0,-32]],[[7724,7612],[-87,0]],[[7637,7612],[0,32],[12,0],[0,65]],[[7649,7709],[-37,0]],[[7599,7709],[-62,0]],[[7524,7709],[-12,0]],[[7512,7709],[0,97]],[[7512,7806],[12,0]],[[7537,7806],[25,0]],[[7574,7902],[-50,0]],[[7524,7935],[13,0]],[[7512,7935],[-13,0]],[[7524,8031],[-62,0]],[[7449,8031],[-12,0]],[[7437,8064],[-13,0]],[[7162,8160],[0,-96]],[[7162,8064],[-63,0]],[[7099,8064],[0,32],[-25,0],[0,32],[-12,0],[0,-32],[-13,0],[0,32],[-12,0],[0,32],[-13,0],[0,33],[-12,0],[0,-33],[-13,0],[0,-32],[-25,0],[0,32],[-62,0],[0,65]],[[6912,8225],[-50,0],[0,-32]],[[6862,8193],[-50,0]],[[6812,8193],[0,32],[-13,0],[0,32],[-12,0],[0,-97],[-13,0],[0,33],[-25,0],[0,32],[25,0],[0,32],[-12,0],[0,32],[-50,0],[0,33],[12,0],[0,32],[13,0],[0,32],[-63,0],[0,33],[-12,0],[0,-97],[-13,0],[0,-97],[-12,0],[0,32],[-13,0],[0,32],[13,0],[0,33],[-13,0],[0,32],[-12,0],[0,32],[-63,0],[0,-32],[-25,0],[0,-32],[-12,0],[0,32],[-25,0],[0,-32],[-13,0],[0,32],[-12,0],[0,-32],[-13,0],[0,-33],[-12,0],[0,-32],[-13,0],[0,32],[-25,0],[0,-32],[-50,0],[0,32],[-12,0],[0,65],[-288,0],[0,97],[-25,0],[0,32],[-12,0],[0,32],[-13,0],[0,65],[-12,0],[0,32]],[[5987,8612],[25,0],[0,65],[50,0],[0,-33],[37,0],[0,65]],[[6099,8709],[13,0],[0,64]],[[6074,8709],[-12,0]],[[6062,8741],[-38,0]],[[6012,8741],[-38,0],[0,65]],[[5974,8709],[0,-32]],[[5974,8677],[-62,0],[0,-33],[25,0],[0,-32],[25,0],[0,-32],[12,0],[0,-32],[-25,0],[0,-33],[-25,0],[0,33],[-12,0]],[[5912,8548],[0,-33],[-25,0],[0,-32]],[[5887,8483],[-25,0],[0,32],[-13,0],[0,33],[-37,0],[0,32],[-25,0],[0,64],[-13,0],[0,-32],[-12,0],[0,-32],[-13,0],[0,64],[-12,0],[0,33],[-25,0],[0,32],[-13,0],[0,32]],[[5699,8741],[-12,0],[0,32],[-13,0],[0,33],[-12,0],[0,-65],[-13,0],[0,-32]],[[5649,8709],[13,0],[0,-32],[-25,0],[0,32],[-13,0],[0,32]],[[5624,8741],[-25,0],[0,-32],[-12,0],[0,-32],[-38,0],[0,32],[-25,0],[0,-32],[-12,0],[0,-33],[-63,0],[0,-32],[-12,0],[0,-32]],[[5437,8580],[12,0],[0,-32],[13,0],[0,-33],[12,0],[0,65],[-12,0],[0,32],[50,0],[0,-64],[-25,0],[0,-65],[-25,0],[0,-32],[-25,0],[0,-97],[-13,0],[0,32],[-12,0],[0,-129],[-13,0],[0,65],[-25,0],[0,32],[-12,0],[0,32]],[[5362,8386],[-13,0],[0,33],[-12,0],[0,32],[-13,0],[0,-65],[-37,0],[0,33],[-13,0],[0,32]],[[5274,8451],[-12,0]],[[5262,8483],[25,0],[0,-32],[12,0],[0,-32],[13,0],[0,64],[25,0],[0,129]],[[5349,8612],[0,32]],[[5349,8644],[25,0]],[[5387,8644],[12,0]],[[5399,8644],[0,65]],[[5399,8709],[25,0]],[[5537,8935],[50,0]],[[5649,8967],[0,97]],[[5749,9096],[25,0],[0,32],[13,0],[0,-64]],[[5787,9064],[75,0]],[[5837,8999],[-13,0]],[[6012,8870],[0,-32]],[[6012,8838],[25,0]],[[6049,8806],[0,32]],[[6049,8838],[13,0]],[[6074,8838],[13,0]],[[6087,8902],[12,0]],[[6099,8870],[38,0],[0,-97]],[[6124,8741],[25,0],[0,32]],[[6149,8773],[75,0],[0,33],[-12,0],[0,96],[-13,0],[0,33],[88,0],[0,-33],[12,0],[0,-64],[-25,0],[0,-32],[38,0],[0,32],[12,0],[0,32],[63,0]],[[6387,8870],[0,32],[37,0],[0,33],[13,0],[0,-33],[12,0],[0,33],[50,0],[0,-33],[25,0],[0,33],[125,0],[0,-33],[13,0],[0,33],[12,0],[0,32],[-25,0],[0,32],[13,0]],[[6662,9031],[25,0],[0,-32],[37,0]],[[6737,8999],[62,0],[0,-32],[38,0],[0,-32],[50,0]],[[6887,8935],[0,-33],[12,0],[0,33],[13,0]],[[6999,8870],[38,0],[0,-32],[-13,0],[0,-32]],[[7024,8806],[25,0],[0,32],[13,0],[0,32]],[[7662,8999],[-25,0]],[[7637,8999],[0,65]],[[9087,8967],[12,0]],[[9099,8935],[38,0]],[[9137,8902],[25,0]],[[9162,8902],[0,-64]],[[9274,8806],[0,64]],[[9274,8870],[-25,0]],[[9287,8935],[0,-97]],[[9299,8902],[13,0]],[[9337,8967],[-25,0]],[[9287,8967],[-13,0]],[[9274,8999],[-125,0]],[[8387,9031],[0,-32]],[[8374,8967],[75,0]],[[8424,9031],[-37,0]],[[9037,8935],[0,-65]],[[9037,8870],[62,0]],[[9962,8870],[-13,0]],[[9949,8902],[-50,0]],[[8724,8870],[0,-64]],[[8749,8870],[-25,0]],[[6999,8773],[25,0],[0,33]],[[7024,8806],[-25,0]],[[9237,8677],[25,0]],[[9262,8709],[-25,0]],[[8837,8451],[0,-65]],[[8862,8386],[0,-64]],[[8874,8322],[0,-33]],[[8899,8322],[63,0]],[[8962,8354],[37,0]],[[9024,8451],[-87,0]],[[9574,8386],[-25,0],[0,65],[-12,0],[0,-65],[-13,0]],[[8799,8419],[0,-33]],[[8787,8354],[37,0]],[[9549,8289],[0,-32],[25,0],[0,32],[-25,0]],[[8699,8096],[0,-32]],[[8724,8128],[-37,0]],[[3537,7483],[-25,0]],[[3512,7483],[0,65],[13,0],[0,-33],[12,0],[0,-32]],[[1737,7515],[25,0],[0,-32],[-25,0],[0,32]],[[1800,7483],[-13,0],[0,32],[13,0],[0,-32]],[[1962,7515],[13,0],[0,-32],[-13,0],[0,32]],[[1987,7515],[13,0],[0,-32],[-13,0],[0,32]],[[2250,7515],[12,0],[0,-32],[-12,0],[0,32]],[[6412,7483],[0,32],[12,0],[0,-32],[-12,0]],[[7362,7515],[25,0]],[[7387,7515],[0,-32]],[[7387,7483],[-25,0],[0,32]],[[7412,7515],[12,0]],[[7424,7515],[0,-32]],[[7424,7483],[-12,0],[0,32]],[[7599,7515],[13,0],[0,-32],[-13,0],[0,32]],[[8762,7515],[0,-32]],[[8762,7483],[-13,0]],[[8749,7483],[0,32]],[[8787,7515],[0,-32]],[[8787,7483],[-25,0]],[[9287,7515],[0,-32],[-13,0],[0,32],[13,0]],[[2112,7515],[50,0],[0,-32],[-37,0],[0,-32],[-13,0],[0,64]],[[3187,7548],[13,0]],[[3200,7548],[0,-97],[-25,0],[0,32],[-13,0],[0,-32],[-25,0],[0,64]],[[8874,7580],[0,-32]],[[8862,7548],[0,-65]],[[8862,7483],[-25,0]],[[8837,7483],[0,-32]],[[8837,7451],[-25,0],[0,64]],[[8837,7548],[0,64]],[[1687,7483],[25,0],[0,-32]],[[1712,7451],[-25,0]],[[1687,7451],[0,32]],[[2737,7483],[13,0],[0,-32],[-13,0],[0,32]],[[6737,7483],[25,0],[0,-32],[-25,0],[0,32]],[[7437,7483],[12,0],[0,-32],[-12,0],[0,32]],[[7649,7483],[13,0],[0,-32],[-13,0],[0,32]],[[7974,7483],[13,0],[0,-32],[-13,0],[0,32]],[[8637,7483],[25,0],[0,-32],[-25,0],[0,32]],[[8762,7483],[12,0]],[[8774,7483],[0,-32]],[[8774,7451],[-12,0],[0,32]],[[8837,7483],[12,0]],[[8849,7483],[0,-32],[-12,0]],[[1800,7483],[12,0]],[[1812,7483],[0,-64]],[[1812,7419],[-12,0],[0,64]],[[1812,7483],[25,0]],[[1837,7483],[0,-64]],[[1837,7419],[-25,0]],[[5474,7483],[13,0],[0,-64],[-13,0],[0,64]],[[8212,7483],[12,0],[0,-64],[-12,0],[0,64]],[[1762,7451],[13,0],[0,-32],[-13,0],[0,32]],[[1975,7419],[-25,0],[0,32],[25,0],[0,-32]],[[3100,7451],[25,0],[0,-32],[-25,0],[0,32]],[[7324,7451],[13,0],[0,-32],[-13,0],[0,32]],[[7599,7451],[25,0],[0,-32],[-25,0],[0,32]],[[7712,7451],[12,0],[0,-32],[-12,0],[0,32]],[[8149,7451],[13,0],[0,-32],[-13,0],[0,32]],[[1825,7548],[12,0]],[[1837,7548],[0,-33],[13,0],[0,-32],[12,0],[0,-32],[13,0]],[[1875,7451],[0,-65]],[[1875,7386],[-38,0]],[[1837,7386],[0,97]],[[1812,7483],[0,129]],[[2787,7515],[63,0],[0,-32],[37,0],[0,-64],[-12,0],[0,32],[-25,0],[0,-32],[-25,0],[0,32],[-25,0],[0,-32],[12,0],[0,-33],[-37,0],[0,33],[-13,0],[0,64],[13,0],[0,-32],[12,0],[0,64]],[[3375,7386],[-25,0],[0,33],[-13,0],[0,32],[13,0],[0,64],[37,0]],[[3387,7515],[0,33],[25,0],[0,-33],[-12,0],[0,-32],[-13,0],[0,-32],[-12,0],[0,-65]],[[3462,7677],[0,-33]],[[3450,7612],[-13,0]],[[3437,7612],[0,-32],[-12,0],[0,-32],[25,0],[0,-33],[25,0],[0,-96],[-13,0],[0,-33]],[[3462,7386],[-37,0]],[[3425,7386],[0,65],[-25,0],[0,-65]],[[3400,7386],[-25,0]],[[3387,7515],[-25,0],[0,33],[13,0],[0,32],[25,0]],[[3425,7386],[-25,0]],[[5524,7451],[13,0]],[[5537,7451],[0,-32]],[[5537,7419],[12,0]],[[5549,7419],[0,-33],[-25,0],[0,65]],[[6587,7451],[25,0],[0,-32],[-13,0],[0,-33],[-12,0],[0,65]],[[1687,7386],[0,33],[13,0],[0,-33],[-13,0]],[[1837,7419],[0,-33]],[[1837,7386],[-25,0]],[[1812,7386],[0,33]],[[2012,7386],[0,33],[25,0],[0,-33],[-25,0]],[[3275,7419],[12,0],[0,-33],[-12,0],[0,33]],[[3537,7419],[13,0],[0,-33],[-13,0],[0,33]],[[8174,7419],[13,0],[0,-33],[-13,0],[0,33]],[[8899,7548],[0,-97],[-12,0],[0,-32],[-13,0],[0,-33],[-12,0],[0,-32],[-13,0]],[[8849,7354],[0,65],[-12,0]],[[8837,7419],[0,32]],[[8849,7483],[13,0]],[[8862,7483],[0,32]],[[6349,7515],[25,0],[0,-32],[38,0]],[[6412,7483],[0,-97],[-13,0],[0,-32],[-62,0],[0,65],[12,0],[0,32],[-25,0],[0,32],[25,0],[0,32]],[[8837,7419],[0,-33]],[[8837,7386],[-13,0],[0,-32]],[[8824,7354],[-25,0]],[[8799,7354],[0,65],[38,0]],[[8849,7354],[-12,0]],[[8837,7354],[0,65]],[[1637,7386],[13,0]],[[1650,7386],[0,-32]],[[1650,7354],[-13,0]],[[1637,7354],[0,32]],[[1900,7386],[12,0]],[[1912,7386],[0,-32]],[[1912,7354],[-12,0]],[[1900,7354],[0,32]],[[1912,7386],[13,0]],[[1925,7386],[0,-32]],[[1925,7354],[-13,0]],[[2012,7386],[0,-32],[-12,0],[0,32],[12,0]],[[2175,7354],[-13,0],[0,32],[13,0],[0,-32]],[[2300,7386],[12,0]],[[2312,7386],[0,-32]],[[2312,7354],[-12,0]],[[2300,7354],[0,32]],[[2487,7419],[13,0],[0,-33],[12,0]],[[2512,7386],[0,-32],[-37,0],[0,32],[12,0],[0,33]],[[6712,7386],[12,0],[0,-32],[-12,0],[0,32]],[[8287,7386],[12,0],[0,-32],[-12,0],[0,32]],[[8837,7386],[0,-32]],[[8837,7354],[-13,0]],[[9212,7386],[25,0],[0,-32],[-25,0],[0,32]],[[1475,7644],[12,0],[0,-32],[25,0],[0,-32],[-12,0],[0,-32],[25,0],[0,-33],[12,0],[0,-32],[25,0],[0,-32],[13,0],[0,32],[25,0],[0,-64],[-13,0],[0,-33],[-12,0],[0,-64],[-25,0]],[[1550,7322],[0,32],[-13,0],[0,65],[-12,0],[0,64],[-25,0],[0,32],[-13,0]],[[1475,7580],[0,-32],[-13,0],[0,32],[-25,0],[0,32]],[[6762,7419],[12,0],[0,-33],[38,0],[0,-64],[-13,0],[0,32],[-37,0],[0,65]],[[3212,7386],[13,0],[0,-32],[12,0]],[[3237,7354],[0,-32],[-25,0]],[[3212,7322],[0,64]],[[3425,7386],[12,0]],[[3437,7386],[0,-32]],[[3437,7354],[13,0],[0,-32],[-25,0],[0,64]],[[3437,7612],[25,0]],[[3462,7612],[0,-32],[50,0],[0,-97]],[[3537,7483],[0,-129]],[[3537,7354],[-12,0],[0,-32]],[[3525,7322],[-38,0],[0,64],[-12,0],[0,-32],[-38,0]],[[3437,7386],[25,0]],[[1875,7354],[0,-32],[-25,0]],[[1850,7322],[0,32],[25,0]],[[1962,7354],[13,0],[0,-32],[-13,0],[0,32]],[[2312,7354],[0,-32]],[[2312,7322],[-12,0]],[[2300,7322],[0,32]],[[3537,7354],[0,-32],[-12,0]],[[5224,7322],[0,32],[13,0],[0,-32],[-13,0]],[[5274,7354],[25,0],[0,-32],[-25,0],[0,32]],[[6737,7354],[12,0],[0,-32],[-12,0],[0,32]],[[8849,7354],[0,-32]],[[8849,7322],[-12,0],[0,32]],[[2137,7322],[-12,0],[0,-32],[-13,0],[0,129],[25,0],[0,-97]],[[1812,7386],[63,0]],[[1875,7386],[0,-32]],[[1850,7322],[-13,0],[0,-32],[-12,0],[0,64],[-13,0],[0,32]],[[1925,7386],[12,0]],[[1937,7386],[0,-96],[-12,0]],[[1925,7290],[0,96]],[[2025,7515],[12,0],[0,-64],[13,0],[0,-32],[12,0],[0,-65],[-12,0],[0,-64],[-13,0],[0,32],[-25,0],[0,-32],[-12,0],[0,32],[-13,0],[0,64],[-12,0],[0,33]],[[1975,7419],[12,0],[0,32],[38,0],[0,64]],[[6912,7419],[25,0],[0,-65],[12,0],[0,-64],[-12,0],[0,32],[-13,0],[0,-32],[-25,0],[0,32],[-12,0],[0,64],[25,0],[0,33]],[[1650,7515],[25,0]],[[1675,7515],[0,-32],[-13,0],[0,-64],[-12,0]],[[1650,7419],[0,-33]],[[1637,7386],[0,-64]],[[1637,7322],[13,0]],[[1650,7322],[0,-32]],[[1650,7290],[-50,0]],[[1600,7290],[0,32],[-13,0],[0,32],[25,0],[0,32],[13,0],[0,65],[-13,0],[0,64],[25,0],[0,33],[13,0],[0,-33]],[[2175,7354],[12,0],[0,-32],[13,0],[0,-32],[-25,0],[0,64]],[[3262,7354],[25,0]],[[3287,7354],[0,-64],[-25,0],[0,64]],[[5449,7290],[0,32],[-12,0]],[[5437,7322],[0,32],[25,0],[0,-64],[-13,0]],[[6474,7354],[0,-64],[-12,0]],[[6462,7290],[0,32],[-25,0],[0,32],[37,0]],[[7212,7354],[25,0],[0,-64],[-13,0],[0,32],[-12,0],[0,32]],[[8237,7354],[37,0],[0,-32],[-12,0],[0,-32],[-13,0],[0,32],[-12,0],[0,32]],[[8987,7709],[0,-65]],[[8999,7644],[0,-32],[13,0],[0,-64]],[[8974,7580],[0,-129],[-12,0],[0,-32],[12,0],[0,-33],[13,0],[0,-32],[12,0],[0,-64],[-25,0],[0,32],[-12,0],[0,-32],[-25,0]],[[8937,7290],[0,32],[-13,0],[0,32],[13,0],[0,323],[-13,0]],[[8924,7838],[25,0],[0,64],[25,0],[0,-64],[13,0],[0,-65]],[[1687,7386],[0,-64],[-12,0],[0,-32]],[[1675,7290],[-25,0]],[[1650,7322],[12,0]],[[1662,7322],[0,32],[13,0],[0,32],[12,0]],[[1775,7322],[12,0],[0,-32],[-12,0]],[[1775,7290],[0,32]],[[1875,7354],[12,0],[0,-64]],[[1887,7290],[-37,0]],[[1850,7290],[0,32]],[[2137,7322],[13,0],[0,-32],[-13,0],[0,32]],[[4962,7322],[0,-32],[-12,0],[0,32],[12,0]],[[5224,7322],[0,-32],[-12,0]],[[5212,7290],[0,32],[12,0]],[[5399,7322],[13,0],[0,-32],[-13,0],[0,32]],[[5449,7290],[-12,0],[0,32]],[[5887,7322],[0,-32]],[[5887,7290],[-13,0],[0,32],[13,0]],[[6362,7322],[12,0],[0,-32],[-12,0]],[[6362,7290],[0,32]],[[6487,7322],[25,0],[0,-32],[-25,0],[0,32]],[[7049,7290],[0,32],[13,0],[0,-32],[-13,0]],[[7262,7290],[0,32],[12,0],[0,-32],[-12,0]],[[8612,7386],[12,0],[0,-96],[-25,0],[0,32],[13,0],[0,64]],[[9174,7322],[13,0],[0,-32],[-13,0],[0,32]],[[1925,7322],[0,-65]],[[1925,7257],[-13,0]],[[1912,7257],[0,65],[13,0]],[[2062,7322],[25,0],[0,-65],[-12,0],[0,33],[-13,0],[0,32]],[[3062,7386],[38,0],[0,-96],[-13,0],[0,-33],[-37,0],[0,65],[12,0],[0,64]],[[5449,7290],[0,-33],[-25,0],[0,65],[13,0]],[[7349,7322],[13,0],[0,-65],[-13,0],[0,65]],[[9174,7322],[0,-65],[-25,0],[0,65],[25,0]],[[1737,7290],[25,0],[0,-33]],[[1762,7257],[-25,0]],[[1737,7257],[0,33]],[[2750,7290],[0,-33]],[[2750,7257],[-13,0]],[[2737,7257],[0,33],[13,0]],[[5237,7290],[25,0],[0,-33],[-25,0],[0,33]],[[5524,7257],[-12,0],[0,33],[12,0],[0,-33]],[[5999,7290],[0,-33],[-12,0]],[[5987,7257],[0,33],[12,0]],[[6362,7290],[0,-33],[-25,0]],[[6337,7257],[0,33],[25,0]],[[6462,7290],[0,-33],[-38,0]],[[6424,7257],[0,33],[38,0]],[[7262,7290],[0,-33],[-13,0],[0,33],[13,0]],[[7749,7290],[25,0],[0,-33],[-25,0],[0,33]],[[8562,7290],[12,0],[0,-33],[-12,0],[0,33]],[[8937,7290],[0,-33],[-25,0]],[[8912,7257],[0,33],[25,0]],[[8799,7354],[38,0]],[[8849,7322],[0,-32],[-50,0]],[[8799,7290],[0,-65]],[[8799,7225],[-25,0],[0,32],[-12,0],[0,-32],[-25,0],[0,161],[12,0],[0,33],[25,0]],[[8774,7419],[0,64]],[[8774,7483],[13,0]],[[8674,7322],[13,0],[0,-32],[12,0],[0,-33],[-12,0],[0,-32],[-13,0],[0,97]],[[5212,7290],[0,-33]],[[5212,7257],[-13,0],[0,-32],[-12,0],[0,65],[25,0]],[[8799,7290],[38,0],[0,-33],[-25,0]],[[8812,7257],[0,-32]],[[8812,7225],[-13,0]],[[1850,7257],[12,0]],[[1862,7257],[0,-32]],[[1862,7225],[-12,0],[0,32]],[[1950,7257],[12,0]],[[1962,7257],[0,-32]],[[1962,7225],[-12,0],[0,32]],[[2000,7225],[-13,0],[0,32],[13,0],[0,-32]],[[2112,7257],[25,0],[0,-32],[-25,0],[0,32]],[[5212,7257],[12,0],[0,-32],[-12,0],[0,32]],[[5324,7257],[25,0],[0,-32]],[[5349,7225],[-25,0],[0,32]],[[5374,7257],[0,-32],[-12,0],[0,32],[12,0]],[[5499,7451],[25,0]],[[5549,7419],[13,0]],[[5562,7419],[0,32],[50,0],[0,-226]],[[5612,7225],[-88,0]],[[5524,7225],[0,32]],[[5524,7257],[25,0],[0,65],[-12,0],[0,32],[-38,0],[0,97]],[[5824,7257],[13,0],[0,-32],[-13,0]],[[5824,7225],[0,32]],[[6274,7257],[13,0],[0,-32],[-13,0],[0,32]],[[6337,7257],[0,-32],[-13,0]],[[6324,7225],[0,32],[13,0]],[[6524,7225],[-12,0],[0,32],[12,0],[0,-32]],[[7812,7225],[-13,0],[0,32],[13,0],[0,-32]],[[8362,7257],[0,-32],[-13,0],[0,32],[13,0]],[[8649,7257],[13,0],[0,-32],[-13,0],[0,32]],[[8712,7257],[12,0],[0,-32],[-12,0],[0,32]],[[8812,7257],[12,0],[0,-32],[-12,0]],[[8962,7257],[12,0],[0,-32]],[[8974,7225],[-12,0],[0,32]],[[7112,7225],[0,32],[-25,0],[0,33],[-13,0],[0,32],[13,0],[0,32],[37,0],[0,-32],[38,0],[0,32],[37,0],[0,-64],[-12,0],[0,-33],[-25,0],[0,33],[-13,0],[0,-97],[-25,0],[0,32],[-12,0]],[[6812,7290],[12,0],[0,-33],[25,0],[0,-64],[-12,0],[0,32],[-25,0],[0,65]],[[2037,7193],[0,64],[13,0],[0,-64],[-13,0]],[[525,9031],[125,0]],[[650,8999],[287,0]],[[937,9031],[63,0]],[[725,8870],[75,0]],[[837,8870],[25,0]],[[1125,8967],[87,0]],[[1287,8999],[25,0],[0,32],[13,0]],[[1412,8999],[0,32],[63,0]],[[1587,8773],[50,0],[0,-64],[25,0],[0,32],[25,0]],[[2387,8419],[0,-97],[-12,0],[0,-97],[37,0]],[[2425,8193],[0,-33],[12,0],[0,-64],[13,0],[0,32],[50,0],[0,-32],[50,0],[0,-32],[12,0],[0,-33],[50,0],[0,-32],[25,0],[0,-32],[88,0],[0,-129],[25,0],[0,-32],[12,0],[0,-33],[-25,0],[0,-32],[25,0],[0,-32],[13,0],[0,32],[25,0],[0,129],[-13,0],[0,32],[-12,0],[0,33],[12,0],[0,32],[50,0],[0,32],[13,0],[0,32],[12,0],[0,97],[-12,0],[0,32],[-25,0],[0,33],[-13,0],[0,32]],[[3075,8289],[0,-64]],[[3075,8225],[25,0]],[[3112,8225],[13,0],[0,-32],[12,0],[0,32],[25,0],[0,32],[25,0]],[[3250,8193],[25,0],[0,-33],[-13,0]],[[3300,8096],[0,-32],[12,0],[0,-33],[25,0],[0,-64],[63,0],[0,-32],[12,0],[0,-65],[38,0],[0,-32],[12,0],[0,-32]],[[3462,7773],[0,-32]],[[3425,7677],[-63,0]],[[3362,7644],[13,0],[0,-32],[-25,0],[0,-32],[-75,0]],[[3275,7580],[0,-32],[12,0],[0,-33],[-12,0],[0,-32],[-13,0],[0,32],[-37,0]],[[3225,7515],[0,33],[-25,0]],[[3200,7548],[0,32],[-50,0],[0,32]],[[3137,7515],[-25,0],[0,33],[-12,0],[0,-33],[-25,0],[0,-32],[-13,0],[0,-32],[-12,0],[0,32],[-25,0],[0,32],[-13,0],[0,33],[-12,0],[0,-33],[-25,0],[0,-32],[12,0],[0,-32],[50,0],[0,-65],[-62,0],[0,-32],[-38,0],[0,-32],[-12,0],[0,32],[-38,0],[0,-32],[-12,0],[0,-32],[-38,0],[0,-33],[-37,0],[0,33],[12,0],[0,64],[-75,0],[0,-32],[13,0]],[[2750,7322],[0,-32]],[[2737,7257],[-75,0]],[[2662,7257],[0,65],[13,0],[0,32],[-25,0],[0,-32],[-13,0],[0,-65],[-12,0],[0,-32]],[[2625,7225],[-38,0],[0,-32]],[[2587,7193],[-12,0],[0,64]],[[2575,7257],[37,0],[0,33],[13,0],[0,32],[-13,0],[0,32]],[[2612,7354],[25,0],[0,32],[-37,0],[0,65],[-25,0],[0,32],[-13,0],[0,-32],[-12,0],[0,-32],[25,0],[0,-65],[-38,0]],[[2537,7354],[0,32]],[[2537,7386],[-12,0],[0,33],[-13,0]],[[2512,7419],[0,32],[13,0],[0,32],[-25,0],[0,-32],[-25,0],[0,-32],[-25,0],[0,32],[-38,0],[0,64],[-37,0],[0,-32],[25,0],[0,-32],[-38,0],[0,-32]],[[2362,7419],[-12,0]],[[2350,7419],[0,64],[-13,0],[0,32]],[[2337,7515],[25,0]],[[2187,7741],[-50,0]],[[2012,7838],[-37,0]],[[1837,7935],[0,-33]],[[1837,7902],[-37,0]],[[1812,7612],[-12,0],[0,-32],[-13,0],[0,64],[-12,0],[0,-32],[-25,0],[0,-32],[-25,0],[0,32],[-13,0],[0,65],[-12,0],[0,32],[-38,0],[0,32],[-25,0],[0,65],[-37,0],[0,64],[-25,0],[0,-32],[-13,0]],[[1562,7838],[0,-65],[38,0],[0,-96],[12,0],[0,-65],[13,0],[0,-32],[-25,0],[0,32]],[[1600,7612],[-25,0]],[[1562,7677],[-37,0]],[[1525,7677],[0,32]],[[1487,7677],[-12,0]],[[1475,7677],[0,-33]],[[1437,7644],[0,65],[-12,0],[0,32],[-25,0],[0,32],[-13,0],[0,65]],[[1387,7902],[-37,0]],[[1350,7902],[0,97]],[[1400,7967],[0,97]],[[1287,8257],[-25,0]],[[1250,8322],[25,0]],[[1237,8322],[-37,0]],[[1162,8386],[-50,0]],[[1112,8419],[-37,0]],[[1012,8451],[-12,0]],[[987,8483],[0,-64]],[[950,8548],[-25,0]],[[925,8580],[-63,0]],[[850,8580],[-13,0]],[[837,8580],[0,-32]],[[800,8515],[-38,0]],[[725,8289],[25,0]],[[750,8289],[0,-64],[25,0]],[[775,8225],[0,-32]],[[775,8193],[-50,0],[0,-33],[37,0]],[[762,8096],[-12,0],[0,-32],[-25,0],[0,-33],[-13,0],[0,33],[-12,0],[0,64],[-25,0],[0,-32],[-13,0],[0,-32],[-25,0],[0,-33],[-25,0],[0,-32],[-37,0],[0,-32],[-38,0],[0,-32],[-12,0]],[[525,7967],[-25,0]],[[500,7967],[0,32]],[[500,7999],[-13,0],[0,32],[50,0],[0,33],[38,0],[0,32],[12,0],[0,32],[25,0],[0,65]],[[612,8193],[-12,0],[0,-33],[-25,0],[0,33],[-50,0]],[[512,8225],[-25,0],[0,32]],[[500,8289],[-25,0]],[[487,8354],[25,0]],[[512,8386],[-50,0]],[[462,8386],[0,65]],[[462,8451],[13,0]],[[462,8515],[0,33]],[[462,8548],[38,0]],[[500,8580],[25,0]],[[525,8612],[-25,0]],[[487,8644],[0,-64]],[[487,8580],[-12,0],[0,32],[-113,0],[0,65],[25,0]],[[387,8709],[-25,0]],[[362,8709],[0,64],[13,0]],[[412,8773],[38,0],[0,-32],[37,0],[0,32],[-25,0],[0,33],[-25,0],[0,32],[-37,0],[0,64]],[[937,8580],[25,0]],[[962,8580],[0,-65]],[[962,8515],[38,0]],[[987,8580],[-12,0]],[[1800,8386],[37,0],[0,65],[-12,0],[0,-32],[-25,0],[0,-33]],[[1712,7935],[0,32]],[[1712,7967],[25,0]],[[1400,7967],[0,-97]],[[2275,7806],[0,32],[-25,0],[0,-32],[25,0]],[[2275,7806],[0,-33],[12,0],[0,33],[-12,0]],[[1712,7773],[0,-64]],[[1762,7644],[0,33]],[[2750,7257],[25,0],[0,-64],[-13,0],[0,32],[-12,0],[0,32]],[[6424,7257],[0,-64]],[[6424,7193],[-50,0],[0,64],[50,0]],[[1712,7225],[13,0]],[[1725,7225],[0,-32]],[[1725,7193],[-13,0]],[[1712,7193],[0,32]],[[1762,7225],[13,0]],[[1775,7225],[0,-32]],[[1775,7193],[-13,0],[0,32]],[[1862,7225],[13,0]],[[1875,7225],[0,-32]],[[1875,7193],[-13,0]],[[1862,7193],[0,32]],[[1900,7225],[12,0],[0,-32],[-12,0],[0,32]],[[2725,7225],[12,0],[0,-32],[-12,0]],[[2725,7193],[0,32]],[[3275,7225],[12,0],[0,-32],[-12,0]],[[3275,7193],[0,32]],[[5437,7225],[25,0],[0,-32],[-25,0],[0,32]],[[5812,7225],[12,0]],[[5824,7225],[0,-32],[-12,0],[0,32]],[[6899,7193],[-25,0],[0,32],[25,0],[0,-32]],[[7074,7225],[38,0]],[[7112,7225],[0,-32],[-38,0],[0,32]],[[7212,7225],[12,0],[0,-32],[-12,0],[0,32]],[[7299,7225],[13,0],[0,-32],[-13,0],[0,32]],[[7324,7225],[13,0],[0,-32],[-13,0],[0,32]],[[7899,7225],[25,0],[0,-32],[-25,0],[0,32]],[[8974,7225],[13,0],[0,-32],[-13,0]],[[8974,7193],[0,32]],[[9074,7193],[0,32],[13,0],[0,32],[25,0],[0,33],[25,0],[0,-65],[-38,0],[0,-32],[-25,0]],[[7449,7386],[13,0],[0,-32],[12,0],[0,-32],[25,0],[0,-32],[13,0],[0,-65],[-13,0],[0,-32],[13,0],[0,-32],[-38,0],[0,32],[-62,0],[0,32],[-38,0],[0,97],[75,0],[0,64]],[[1825,7225],[12,0]],[[1837,7225],[0,-64]],[[1837,7161],[-12,0]],[[1825,7161],[0,64]],[[2000,7225],[25,0]],[[2025,7225],[0,-64]],[[2025,7161],[-13,0]],[[2012,7161],[0,32],[-12,0],[0,32]],[[5974,7193],[-12,0],[0,-32],[-38,0],[0,64],[38,0]],[[5962,7225],[0,32],[12,0],[0,-64]],[[7862,7225],[25,0],[0,-32],[-13,0],[0,-32],[-12,0],[0,64]],[[1687,7193],[13,0],[0,-32],[-13,0],[0,32]],[[1975,7161],[0,32],[12,0],[0,-32],[-12,0]],[[2025,7193],[12,0]],[[2037,7193],[0,-32]],[[2037,7161],[-12,0]],[[2025,7161],[0,32]],[[2587,7193],[13,0],[0,-32]],[[2600,7161],[-13,0]],[[2587,7161],[0,32]],[[5237,7193],[25,0]],[[5262,7193],[0,-32],[-25,0],[0,32]],[[5412,7193],[0,-32],[-13,0],[0,32],[13,0]],[[5512,7161],[0,32],[12,0],[0,-32],[-12,0]],[[6324,7161],[-12,0]],[[6312,7161],[0,32],[12,0],[0,-32]],[[6462,7193],[12,0],[0,-32],[-12,0],[0,32]],[[8062,7193],[12,0],[0,-32],[-12,0],[0,32]],[[8537,7193],[0,-32]],[[8537,7161],[-25,0]],[[8512,7161],[0,32],[25,0]],[[8587,7193],[12,0],[0,-32],[-12,0],[0,32]],[[9049,7193],[25,0]],[[9074,7193],[0,-32],[-25,0]],[[9049,7161],[0,32]],[[1775,7386],[37,0]],[[1850,7290],[25,0]],[[1875,7290],[0,-33]],[[1875,7257],[-25,0]],[[1862,7193],[-25,0]],[[1837,7193],[0,32]],[[1825,7225],[0,-97]],[[1825,7128],[-38,0]],[[1787,7128],[0,33],[-12,0]],[[1775,7161],[0,64]],[[1775,7225],[-50,0]],[[1725,7225],[0,97],[12,0]],[[1737,7322],[0,-65]],[[1737,7257],[38,0]],[[1775,7257],[0,33]],[[1775,7322],[0,64]],[[5549,7225],[50,0]],[[5599,7225],[0,-97]],[[5599,7128],[-12,0],[0,33],[-13,0],[0,32],[-25,0],[0,32]],[[1712,7257],[0,-129]],[[1712,7128],[-37,0]],[[1675,7128],[0,65]],[[1675,7193],[12,0]],[[1687,7193],[0,32],[13,0],[0,32],[12,0]],[[2100,7193],[25,0],[0,-65],[-13,0],[0,33],[-12,0],[0,32]],[[1550,7128],[-13,0]],[[1537,7128],[0,33],[13,0],[0,-33]],[[1787,7128],[-12,0]],[[1775,7128],[0,33]],[[1900,7161],[12,0]],[[1912,7161],[0,-33]],[[1912,7128],[-12,0]],[[1900,7128],[0,33]],[[2037,7161],[0,-33],[-12,0],[0,33]],[[2862,7128],[0,33],[13,0],[0,-33],[-13,0]],[[2912,7161],[13,0],[0,-33],[-13,0],[0,33]],[[4775,7161],[0,-33]],[[4775,7128],[-13,0],[0,33],[13,0]],[[4775,7161],[25,0],[0,-33]],[[4800,7128],[-25,0]],[[4837,7161],[0,-33]],[[4837,7128],[-12,0],[0,33],[12,0]],[[4837,7161],[13,0],[0,-33],[-13,0]],[[5374,7161],[13,0],[0,-33]],[[5387,7128],[-13,0],[0,33]],[[5512,7161],[0,-33],[-13,0],[0,33],[13,0]],[[6287,7128],[-38,0]],[[6249,7128],[0,33],[13,0],[0,32],[12,0],[0,-32],[13,0],[0,-33]],[[6324,7161],[13,0],[0,-33],[-13,0],[0,33]],[[7324,7161],[38,0]],[[7362,7161],[0,-33]],[[7362,7128],[-38,0]],[[7324,7128],[0,33]],[[7637,7128],[-13,0],[0,33],[13,0],[0,-33]],[[8487,7161],[12,0]],[[8499,7161],[0,-33],[-12,0]],[[8487,7128],[0,33]],[[8749,7128],[-12,0],[0,33],[12,0],[0,-33]],[[9049,7161],[0,-33]],[[9049,7128],[-12,0],[0,33],[12,0]],[[2512,7419],[-25,0]],[[2512,7386],[25,0]],[[2537,7354],[75,0]],[[2575,7257],[0,-96]],[[2575,7161],[-13,0],[0,-65]],[[2562,7096],[-25,0],[0,65],[-12,0],[0,32],[-13,0],[0,-32],[-37,0],[0,64],[-25,0],[0,-32],[-25,0],[0,64],[-25,0],[0,-96],[-13,0],[0,64],[-12,0],[0,32],[-13,0],[0,65],[-25,0],[0,97]],[[2337,7419],[25,0]],[[7049,7290],[0,-33],[25,0],[0,-32]],[[7074,7225],[-75,0],[0,-64],[38,0],[0,-33],[-13,0],[0,-32],[-37,0],[0,32],[-25,0],[0,33],[-63,0],[0,32]],[[6899,7193],[63,0],[0,32],[25,0],[0,65],[25,0],[0,-33],[12,0],[0,33],[25,0]],[[2575,7161],[0,-65],[-13,0]],[[6199,7161],[13,0],[0,-33],[12,0],[0,-32],[-25,0],[0,65]],[[7299,7161],[25,0]],[[7324,7128],[13,0]],[[7337,7128],[0,-32],[-25,0],[0,32],[-13,0],[0,33]],[[1687,7128],[25,0]],[[1712,7128],[0,-32]],[[1712,7096],[-25,0],[0,32]],[[1800,7128],[12,0]],[[1812,7128],[0,-32],[-12,0],[0,32]],[[1950,7128],[37,0]],[[1987,7128],[0,-32]],[[1987,7096],[-37,0]],[[1950,7096],[0,32]],[[2725,7096],[-13,0]],[[2712,7096],[0,32],[13,0],[0,-32]],[[2787,7128],[13,0],[0,-32],[-13,0],[0,32]],[[2862,7128],[0,-32],[-12,0],[0,32],[12,0]],[[4925,7128],[25,0]],[[4950,7128],[0,-32]],[[4950,7096],[-25,0]],[[4925,7096],[0,32]],[[5724,7161],[0,-65],[-62,0],[0,32],[12,0],[0,33],[50,0]],[[6099,7128],[0,-32]],[[6099,7096],[-12,0],[0,32],[12,0]],[[6249,7128],[25,0]],[[6274,7128],[0,-32],[-25,0],[0,32]],[[6424,7128],[0,-32],[-12,0]],[[6412,7096],[0,32],[12,0]],[[7524,7128],[13,0],[0,-32],[-13,0],[0,32]],[[8487,7128],[0,-32]],[[8487,7096],[-13,0]],[[8474,7096],[0,32],[13,0]],[[8749,7128],[13,0],[0,-32],[-13,0],[0,32]],[[8912,7128],[12,0],[0,-32]],[[8924,7096],[-12,0],[0,32]],[[9049,7128],[13,0],[0,-32],[-13,0],[0,32]],[[1675,7515],[12,0]],[[1687,7515],[0,-64]],[[1687,7451],[50,0]],[[1737,7451],[0,-32],[13,0],[0,-65],[25,0]],[[1775,7354],[0,-97]],[[1775,7257],[-13,0]],[[1737,7290],[0,32]],[[1712,7225],[0,32]],[[1675,7193],[0,-32]],[[1675,7161],[-25,0],[0,-97]],[[1650,7064],[-13,0],[0,64],[-12,0]],[[1625,7128],[0,162]],[[1625,7290],[50,0]],[[1662,7322],[-25,0]],[[1637,7322],[0,32]],[[1650,7354],[0,65]],[[6162,7064],[-38,0]],[[6124,7064],[0,32]],[[6124,7096],[-25,0]],[[6099,7128],[-25,0],[0,33],[-25,0],[0,32],[-12,0]],[[6037,7193],[0,32],[87,0],[0,-32],[25,0],[0,-32],[25,0],[0,-33],[-25,0],[0,-32],[13,0],[0,-32]],[[1837,7193],[38,0]],[[1875,7193],[0,-32],[-13,0],[0,-33],[13,0],[0,-32],[-13,0],[0,-32],[-25,0],[0,64]],[[1837,7128],[-12,0]],[[1825,7128],[0,33]],[[1837,7161],[0,32]],[[1912,7128],[0,-64]],[[1912,7064],[-12,0]],[[1900,7064],[0,64]],[[1912,7128],[13,0],[0,-64],[-13,0]],[[4800,7128],[37,0]],[[4837,7128],[0,-64],[-25,0],[0,32],[-12,0],[0,32]],[[8012,7096],[0,32],[37,0],[0,-64],[-12,0],[0,32],[-25,0]],[[8299,7193],[13,0],[0,-65],[-13,0],[0,-32],[-12,0],[0,-32],[-13,0],[0,64],[13,0],[0,33],[12,0],[0,32]],[[1900,7096],[0,-32]],[[1900,7064],[-13,0],[0,32],[13,0]],[[1950,7096],[25,0]],[[1975,7096],[0,-32]],[[1975,7064],[-25,0]],[[1950,7064],[0,32]],[[1975,7096],[12,0]],[[1987,7096],[0,-32]],[[1987,7064],[-12,0]],[[5149,7096],[0,-32]],[[5149,7064],[-12,0],[0,32],[12,0]],[[5437,7096],[25,0],[0,-32]],[[5462,7064],[-25,0],[0,32]],[[5487,7096],[0,-32],[-13,0]],[[5474,7064],[0,32],[13,0]],[[5774,7096],[13,0]],[[5787,7096],[0,-32]],[[5787,7064],[-13,0]],[[5774,7064],[0,32]],[[6124,7064],[-12,0],[0,32],[12,0]],[[6324,7096],[13,0],[0,-32]],[[6337,7064],[-13,0]],[[6324,7064],[0,32]],[[6499,7096],[13,0],[0,-32],[-13,0],[0,32]],[[6749,7064],[0,32],[13,0],[0,-32],[-13,0]],[[7787,7096],[12,0],[0,-32],[-12,0],[0,32]],[[8887,7064],[-13,0]],[[8874,7064],[0,32],[13,0],[0,-32]],[[1625,7257],[0,-129]],[[1650,7064],[0,-32]],[[1650,7032],[-25,0]],[[1625,7032],[0,32],[-13,0],[0,-32]],[[1612,7032],[-12,0],[0,32],[-13,0],[0,64],[13,0],[0,97],[12,0],[0,32],[13,0]],[[1950,7064],[12,0]],[[1962,7064],[0,-32],[-25,0]],[[1937,7032],[0,64],[13,0]],[[2587,7096],[13,0]],[[2600,7096],[0,-64]],[[2600,7032],[-13,0]],[[2587,7032],[0,64]],[[3037,7096],[13,0],[0,-64]],[[3050,7032],[-13,0]],[[3037,7032],[0,64]],[[5274,7096],[13,0],[0,-32]],[[5287,7064],[12,0]],[[5299,7064],[0,-32]],[[5299,7032],[-25,0],[0,64]],[[8487,7096],[25,0],[0,-32],[-13,0],[0,-32],[-12,0],[0,64]],[[1550,7064],[12,0],[0,-32],[-12,0],[0,32]],[[1625,7032],[-13,0]],[[1900,7257],[50,0]],[[1962,7225],[0,-64]],[[1962,7161],[13,0]],[[1975,7161],[0,-33]],[[1975,7128],[-25,0]],[[1937,7032],[-25,0]],[[1912,7032],[0,32]],[[1912,7161],[-25,0]],[[1887,7161],[0,32],[-12,0]],[[1875,7225],[25,0]],[[1900,7225],[0,32]],[[2762,7032],[0,32],[25,0],[0,-32],[-25,0]],[[5599,7128],[13,0],[0,-96],[-25,0],[0,32],[12,0],[0,64]],[[5787,7064],[0,-32]],[[5787,7032],[-13,0]],[[5774,7032],[0,32]],[[6337,7064],[12,0],[0,-32]],[[6349,7032],[-12,0],[0,32]],[[6462,7064],[0,-32],[-13,0]],[[6449,7032],[0,32],[13,0]],[[7149,7064],[13,0],[0,-32],[-13,0],[0,32]],[[7174,7064],[13,0],[0,-32]],[[7187,7032],[-13,0]],[[7174,7032],[0,32]],[[8012,7096],[0,-64],[-75,0]],[[7937,7032],[0,32],[37,0],[0,32],[38,0]],[[8462,7064],[0,-32]],[[8462,7032],[-13,0]],[[8449,7032],[0,32],[13,0]],[[8687,7064],[25,0],[0,-32],[-25,0],[0,32]],[[8924,7064],[13,0],[0,-32]],[[8937,7032],[-13,0],[0,32]],[[8962,7064],[12,0],[0,-32],[-12,0],[0,32]],[[2437,7161],[13,0],[0,-33],[25,0],[0,-32],[12,0],[0,-64],[13,0],[0,-33],[-25,0],[0,33],[-13,0],[0,32],[-12,0],[0,32],[-13,0],[0,65]],[[5237,6999],[-13,0],[0,65],[13,0],[0,-65]],[[8399,7032],[-12,0]],[[8387,7032],[0,-33]],[[8387,6999],[-13,0]],[[8374,6999],[0,65],[25,0],[0,-32]],[[1612,7032],[25,0]],[[1637,7032],[0,-33]],[[1637,6999],[-25,0]],[[1612,6999],[0,33]],[[1925,7032],[12,0]],[[1937,7032],[0,-33],[-12,0],[0,33]],[[2562,6999],[0,33],[13,0],[0,-33],[-13,0]],[[2762,7032],[0,-33],[-37,0],[0,33],[37,0]],[[3050,7032],[12,0],[0,-33]],[[3062,6999],[-12,0],[0,33]],[[5974,7032],[13,0],[0,-33],[-13,0]],[[5974,6999],[0,33]],[[6149,7032],[13,0],[0,-33]],[[6162,6999],[-13,0],[0,33]],[[7187,7032],[0,-33]],[[7187,6999],[-13,0]],[[7174,6999],[0,33]],[[7187,7032],[25,0]],[[7212,7032],[0,-33]],[[7212,6999],[-25,0]],[[7212,7032],[25,0]],[[7237,7032],[0,-33]],[[7237,6999],[-25,0]],[[7799,6999],[0,33],[13,0],[0,-33],[-13,0]],[[7937,7032],[0,-33],[-25,0]],[[7912,6999],[0,33],[25,0]],[[1725,7225],[37,0]],[[1775,7193],[0,-65]],[[1775,7128],[25,0]],[[1812,7128],[25,0]],[[1887,7161],[13,0]],[[1900,7161],[0,-65]],[[1900,7064],[0,-65],[-13,0]],[[1887,6999],[0,-32]],[[1887,6967],[-12,0],[0,32],[-38,0],[0,33],[-25,0],[0,32],[-37,0],[0,32],[-25,0],[0,32],[-13,0],[0,33],[-12,0]],[[1725,7161],[0,64]],[[6324,7161],[0,-65]],[[6324,7096],[-12,0],[0,-32],[-13,0],[0,-32],[-12,0],[0,-33]],[[6287,6999],[-50,0]],[[6237,6999],[0,-32]],[[6237,6967],[-13,0],[0,32],[-37,0]],[[6187,6999],[0,33],[-13,0],[0,32]],[[6174,7064],[63,0]],[[6237,7064],[0,64],[12,0]],[[6274,7128],[38,0]],[[6312,7128],[0,33]],[[5437,7032],[25,0],[0,-65],[-13,0]],[[5449,6967],[0,32],[-12,0],[0,33]],[[1562,6999],[13,0],[0,-32],[-13,0],[0,32]],[[1637,7032],[13,0]],[[1650,7032],[0,-65]],[[1650,6967],[-25,0]],[[1625,6967],[0,32]],[[1625,6999],[12,0]],[[2700,6999],[12,0],[0,-32],[-12,0],[0,32]],[[5099,6999],[0,-32],[-12,0]],[[5087,6967],[0,32],[12,0]],[[5237,6999],[12,0],[0,-32],[-12,0]],[[5237,6967],[0,32]],[[5537,6999],[0,-32],[-13,0],[0,32],[13,0]],[[6012,6999],[12,0]],[[6024,6999],[0,-32]],[[6024,6967],[-12,0]],[[6012,6967],[0,32]],[[6024,6999],[13,0],[0,-32],[-13,0]],[[6187,6999],[0,-32]],[[6187,6967],[-13,0]],[[6174,6967],[0,32],[13,0]],[[6237,6999],[12,0]],[[6249,6999],[0,-32]],[[6249,6967],[-12,0]],[[6262,6999],[25,0]],[[6287,6999],[0,-32]],[[6287,6967],[-25,0]],[[6262,6967],[0,32]],[[6287,6999],[12,0],[0,-32]],[[6299,6967],[-12,0]],[[6362,6999],[0,-32]],[[6362,6967],[-13,0]],[[6349,6967],[0,32],[13,0]],[[7149,6999],[13,0],[0,-32]],[[7162,6967],[-13,0]],[[7149,6967],[0,32]],[[7362,6999],[12,0],[0,-32],[-12,0],[0,32]],[[7537,6999],[12,0],[0,-32],[-12,0],[0,32]],[[7799,6999],[0,-32],[-12,0],[0,32],[12,0]],[[8887,6999],[0,-32],[-13,0],[0,32],[13,0]],[[6649,7161],[0,-33],[50,0],[0,33],[13,0],[0,-65],[12,0],[0,-64],[13,0],[0,32],[12,0]],[[6749,7064],[0,-65],[13,0],[0,-64],[-25,0]],[[6737,6935],[0,32],[-13,0],[0,-32]],[[6724,6935],[-37,0],[0,32],[-38,0],[0,32],[-12,0],[0,-32],[-13,0]],[[6624,6967],[0,194],[25,0]],[[3037,7064],[0,-32]],[[3062,6999],[0,-64],[-62,0],[0,64]],[[3000,6999],[-13,0],[0,-32],[-12,0],[0,32],[-13,0],[0,65],[75,0]],[[5299,7064],[38,0]],[[5337,7064],[0,-32],[12,0],[0,-33],[13,0],[0,-64]],[[5362,6935],[-13,0],[0,32],[-25,0],[0,32],[-12,0],[0,33],[-13,0]],[[1612,6999],[13,0]],[[1625,6999],[0,-64]],[[1625,6935],[-13,0]],[[1612,6935],[0,64]],[[5537,6999],[12,0]],[[5549,6999],[0,-32],[13,0],[0,-32]],[[5562,6935],[-25,0],[0,64]],[[5912,7032],[0,-97],[-13,0],[0,32],[-12,0],[0,32]],[[5887,6999],[12,0],[0,33],[13,0]],[[6362,6999],[12,0],[0,-64],[-12,0]],[[6362,6935],[0,64]],[[7637,7128],[0,-32],[25,0],[0,-32],[12,0],[0,-129],[-37,0],[0,32],[-13,0],[0,-32],[-12,0],[0,32],[-13,0],[0,32],[13,0],[0,33],[-25,0],[0,32],[-25,0],[0,64]],[[7562,7128],[25,0],[0,33],[12,0],[0,32],[13,0],[0,32],[25,0],[0,-32],[12,0],[0,-32],[13,0],[0,-33],[-25,0]],[[1725,6967],[12,0],[0,-32],[-12,0],[0,32]],[[1825,6967],[12,0],[0,-32],[-12,0],[0,32]],[[1912,6967],[25,0],[0,-32]],[[1937,6935],[-25,0]],[[1912,6935],[0,32]],[[2037,6999],[13,0]],[[2050,6999],[0,-64]],[[2050,6935],[-25,0]],[[2025,6935],[0,32],[12,0],[0,32]],[[4750,6967],[12,0],[0,-32],[-12,0]],[[4750,6935],[0,32]],[[5412,6967],[12,0],[0,-32],[-12,0],[0,32]],[[5824,6967],[0,-32],[-25,0]],[[5799,6935],[0,32],[25,0]],[[6062,6967],[12,0]],[[6074,6967],[0,-32],[-12,0],[0,32]],[[6299,6967],[13,0],[0,-32],[-13,0],[0,32]],[[6737,6935],[-13,0]],[[7149,6967],[25,0]],[[7174,6967],[0,-32],[-25,0]],[[7149,6935],[0,32]],[[7249,6967],[13,0],[0,-32],[-13,0],[0,32]],[[7462,6967],[25,0],[0,-32],[-25,0],[0,32]],[[7887,6967],[12,0],[0,-32],[-12,0],[0,32]],[[8262,6967],[12,0],[0,-32],[-12,0],[0,32]],[[6349,7032],[0,-65]],[[6362,6967],[0,-32]],[[6362,6935],[-13,0]],[[6349,6935],[0,-32],[-12,0],[0,96],[-25,0],[0,33],[12,0]],[[6324,7032],[0,32]],[[4812,7032],[25,0],[0,-97],[-12,0],[0,-32],[-25,0],[0,32],[-13,0],[0,64],[25,0],[0,33]],[[5699,6967],[0,-64],[-25,0]],[[5674,6903],[0,32],[-12,0],[0,32],[12,0],[0,32],[13,0],[0,-32],[12,0]],[[1787,6967],[25,0],[0,-32],[-12,0],[0,-32],[-38,0],[0,32],[25,0],[0,32]],[[2000,6935],[12,0]],[[2012,6935],[0,-32]],[[2012,6903],[-12,0]],[[2000,6903],[0,32]],[[2012,6935],[13,0]],[[2025,6935],[0,-32]],[[2025,6903],[-13,0]],[[5224,6935],[0,-32],[-12,0],[0,32],[12,0]],[[5399,6935],[0,-32]],[[5399,6903],[-12,0],[0,32],[12,0]],[[5637,6935],[12,0],[0,-32],[-12,0],[0,32]],[[5774,6935],[13,0]],[[5787,6935],[0,-32]],[[5787,6903],[-13,0]],[[5774,6903],[0,32]],[[5787,6935],[12,0]],[[5799,6935],[0,-32]],[[5799,6903],[-12,0]],[[5937,6903],[0,32],[12,0],[0,-32],[-12,0]],[[7049,6935],[13,0],[0,-32],[-13,0],[0,32]],[[7762,6903],[0,32],[12,0],[0,-32],[-12,0]],[[8374,6903],[0,32],[13,0],[0,-32],[-13,0]],[[5162,7064],[-13,0]],[[5149,7096],[-50,0],[0,-97]],[[5087,6967],[-25,0],[0,-32],[-25,0],[0,-32],[-13,0],[0,-33],[-12,0],[0,33]],[[5012,6903],[-50,0],[0,-33],[-25,0],[0,162],[13,0],[0,32],[-13,0],[0,32]],[[4937,7096],[13,0]],[[4950,7128],[12,0],[0,-32],[13,0],[0,-97],[25,0],[0,65],[12,0],[0,-32],[37,0],[0,-33],[25,0],[0,33],[13,0],[0,32],[-13,0],[0,32],[13,0],[0,65],[12,0],[0,-33],[13,0],[0,33],[50,0],[0,-97]],[[1650,7064],[12,0],[0,-194]],[[1662,6870],[-12,0]],[[1650,6870],[0,65]],[[1650,6935],[-25,0]],[[1625,6935],[0,32]],[[1650,6967],[0,97]],[[5474,6967],[13,0],[0,-32],[25,0],[0,-32],[-13,0]],[[5499,6903],[0,-33]],[[5499,6870],[-25,0],[0,97]],[[6249,6967],[0,-32]],[[6249,6935],[25,0],[0,-32]],[[6274,6903],[-12,0],[0,-33],[-13,0],[0,33],[-12,0],[0,64]],[[1650,6935],[0,-32]],[[1650,6903],[-13,0],[0,-33],[-12,0]],[[1625,6870],[0,65]],[[1912,6935],[38,0]],[[1950,6935],[0,-32],[-25,0],[0,-33]],[[1925,6870],[-13,0]],[[1912,6870],[0,65]],[[5724,6935],[25,0],[0,-65]],[[5749,6870],[-25,0]],[[5724,6870],[0,65]],[[6174,6935],[13,0],[0,-65],[-13,0],[0,65]],[[6399,6935],[13,0],[0,-65],[-13,0]],[[6399,6870],[0,65]],[[6737,6935],[0,-65]],[[6737,6870],[-13,0],[0,65]],[[7999,6935],[13,0],[0,-32],[12,0],[0,-33],[-25,0],[0,65]],[[1950,6935],[12,0]],[[1962,6935],[0,-32],[13,0],[0,-33],[-50,0]],[[5862,6903],[12,0]],[[5874,6903],[0,-33]],[[5874,6870],[-12,0]],[[5862,6870],[0,33]],[[5887,6903],[37,0]],[[5924,6903],[0,-33],[-37,0],[0,33]],[[5987,6870],[-13,0]],[[5974,6870],[0,33],[13,0],[0,-33]],[[6112,6903],[50,0]],[[6162,6903],[0,-33],[-50,0],[0,33]],[[7174,6903],[13,0],[0,-33],[-13,0],[0,33]],[[7587,6903],[25,0],[0,-33],[-25,0],[0,33]],[[7624,6903],[13,0],[0,-33],[-13,0],[0,33]],[[8449,6870],[0,33],[13,0],[0,-33],[-13,0]],[[1912,7064],[0,-226]],[[1912,6838],[-12,0],[0,97]],[[1900,6935],[-13,0]],[[1887,6935],[0,64]],[[4912,7128],[13,0]],[[4925,7096],[12,0]],[[5012,6903],[0,-65],[-12,0],[0,32]],[[5000,6870],[-13,0],[0,-32],[-75,0],[0,65],[-25,0],[0,64],[25,0],[0,32],[13,0],[0,33],[-13,0],[0,96]],[[2675,6935],[12,0],[0,-97],[-25,0],[0,65],[13,0],[0,32]],[[6499,6903],[25,0],[0,-65],[-12,0],[0,32],[-13,0],[0,33]],[[1587,6870],[0,-32]],[[1587,6838],[-12,0],[0,32],[12,0]],[[2012,6870],[13,0]],[[2025,6870],[0,-32]],[[2025,6838],[-13,0]],[[2012,6838],[0,32]],[[2025,6870],[12,0]],[[2037,6870],[0,-32]],[[2037,6838],[-12,0]],[[5412,6870],[12,0],[0,-32]],[[5424,6838],[-12,0],[0,32]],[[5499,6903],[25,0],[0,-65],[-37,0]],[[5487,6838],[0,32],[12,0]],[[5549,6870],[0,-32]],[[5549,6838],[-12,0]],[[5537,6838],[0,32],[12,0]],[[5649,6838],[-12,0],[0,32],[12,0],[0,-32]],[[7949,6870],[13,0],[0,-32],[-13,0],[0,32]],[[6274,6903],[25,0],[0,-33],[13,0],[0,-64],[-25,0],[0,64],[-13,0],[0,33]],[[5062,6870],[62,0],[0,-32],[-25,0],[0,-32],[-37,0],[0,64]],[[5249,6870],[25,0]],[[5274,6870],[0,-32]],[[5274,6838],[-12,0],[0,-32]],[[5262,6806],[-13,0]],[[5249,6806],[0,64]],[[1587,6838],[13,0]],[[1600,6838],[0,-32]],[[1600,6806],[-13,0],[0,32]],[[5274,6838],[0,-32]],[[5274,6806],[-12,0]],[[5549,6838],[0,-32]],[[5549,6806],[-12,0],[0,32]],[[8549,6838],[13,0],[0,-32],[-13,0]],[[8549,6806],[0,32]],[[5274,7096],[0,-97],[-12,0],[0,-32],[12,0],[0,-97]],[[5249,6870],[0,-96]],[[5249,6774],[-25,0],[0,161]],[[5224,6935],[13,0],[0,32]],[[5237,6999],[0,97],[37,0]],[[6174,6967],[-25,0]],[[6149,6967],[0,-32],[-12,0],[0,-32]],[[6137,6903],[-100,0]],[[6037,6903],[0,-33]],[[6037,6870],[-50,0]],[[5974,6870],[-37,0]],[[5937,6870],[0,33]],[[5937,6903],[-75,0]],[[5862,6870],[-25,0]],[[5837,6870],[0,-64],[-25,0],[0,-32],[-13,0]],[[5799,6774],[0,32],[-25,0]],[[5774,6806],[0,97]],[[5774,6903],[25,0]],[[5824,6967],[38,0],[0,32],[25,0]],[[5912,7032],[62,0]],[[5974,6999],[38,0]],[[6012,6967],[50,0]],[[6074,6967],[63,0],[0,32],[25,0]],[[6149,7032],[0,32],[25,0]],[[1650,6903],[0,-33]],[[1662,6870],[0,-64]],[[1662,6806],[-12,0],[0,-32]],[[1650,6774],[-13,0],[0,32],[-12,0],[0,64]],[[2000,6870],[0,-96]],[[2000,6774],[-25,0]],[[1975,6774],[0,64],[12,0],[0,32],[13,0]],[[8449,6838],[25,0]],[[8474,6838],[0,-64]],[[8474,6774],[-12,0]],[[8462,6774],[0,32],[-13,0],[0,32]],[[8474,6838],[25,0]],[[8499,6838],[0,-64]],[[8499,6774],[-25,0]],[[1662,6806],[0,-32]],[[1662,6774],[-12,0]],[[1662,6806],[13,0]],[[1675,6806],[0,-32]],[[1675,6774],[-13,0]],[[1900,6806],[12,0]],[[1912,6806],[0,-32],[-12,0]],[[1900,6774],[0,32]],[[2075,6806],[12,0],[0,-32],[-12,0],[0,32]],[[4875,6774],[0,32],[12,0],[0,-32],[-12,0]],[[5249,6806],[25,0]],[[5274,6806],[0,-32],[-25,0]],[[5249,6774],[0,32]],[[5799,6774],[-25,0]],[[5774,6774],[0,32]],[[6362,6806],[12,0]],[[6374,6806],[0,-32],[-12,0],[0,32]],[[6462,6806],[12,0],[0,-32],[-12,0],[0,32]],[[6787,6774],[-13,0]],[[6774,6774],[0,32],[13,0],[0,-32]],[[6999,6806],[13,0],[0,-32],[-13,0],[0,32]],[[7899,6806],[13,0],[0,-32],[-13,0],[0,32]],[[8299,6806],[13,0],[0,-32],[-13,0]],[[8299,6774],[0,32]],[[1775,7386],[0,-32]],[[1737,7451],[-25,0]],[[1687,7483],[0,32]],[[1687,7515],[-37,0]],[[1600,7290],[25,0]],[[1625,7290],[0,-33]],[[1612,7032],[0,-97]],[[1625,6870],[-13,0],[0,33],[-25,0]],[[1587,6903],[0,-33]],[[1600,6806],[0,-65]],[[1600,6741],[-38,0],[0,33],[-12,0],[0,96],[-13,0],[0,65],[13,0],[0,32],[-13,0],[0,161]],[[1550,7128],[0,194]],[[1475,7677],[25,0]],[[1500,7644],[25,0]],[[1525,7644],[0,33]],[[1525,7677],[12,0]],[[1550,7612],[50,0]],[[1662,6870],[25,0],[0,-32],[13,0],[0,-32],[-13,0]],[[1687,6806],[0,-65]],[[1687,6741],[-12,0]],[[1675,6741],[0,65]],[[8387,7032],[25,0]],[[8412,7032],[0,-33],[25,0]],[[8437,6999],[0,-32]],[[8437,6967],[-13,0],[0,-32],[-12,0],[0,-32],[-13,0],[0,-33],[-12,0],[0,-32],[25,0],[0,32],[37,0]],[[8449,6870],[0,-32]],[[8449,6838],[-25,0],[0,-32],[-25,0],[0,-32],[-25,0],[0,-33],[-12,0]],[[8362,6741],[0,129]],[[8362,6870],[-25,0]],[[8337,6870],[0,33],[12,0],[0,32],[13,0],[0,32]],[[8362,6967],[-13,0]],[[8349,6967],[0,32]],[[8349,6999],[38,0]],[[8362,6870],[12,0],[0,33]],[[8374,6903],[-12,0],[0,-33]],[[8024,6838],[38,0],[0,-64],[-13,0],[0,-33],[-25,0],[0,97]],[[2912,6774],[13,0],[0,-33],[-25,0]],[[2900,6741],[0,65],[12,0],[0,-32]],[[5037,6838],[12,0],[0,-97],[-25,0],[0,65],[13,0],[0,32]],[[6349,6806],[13,0]],[[6362,6806],[0,-65]],[[6362,6741],[-13,0],[0,65]],[[7124,6806],[13,0],[0,-65],[-13,0],[0,65]],[[1662,6774],[0,-33]],[[1662,6741],[-12,0],[0,33]],[[1675,6774],[0,-33]],[[1675,6741],[-13,0]],[[1875,6774],[12,0],[0,-33],[-12,0],[0,33]],[[2000,6774],[0,-33]],[[2000,6741],[-25,0]],[[1975,6741],[0,33]],[[2025,6774],[12,0],[0,-33]],[[2037,6741],[-12,0]],[[2025,6741],[0,33]],[[2125,6774],[12,0],[0,-33],[-12,0],[0,33]],[[4725,6774],[12,0],[0,-33]],[[4737,6741],[-12,0],[0,33]],[[4875,6774],[0,-33],[-13,0],[0,33],[13,0]],[[5412,6774],[0,-33],[-13,0]],[[5399,6741],[0,33],[13,0]],[[5799,6774],[0,-33],[-25,0]],[[5774,6741],[0,33]],[[6187,6774],[12,0],[0,-33],[-12,0],[0,33]],[[6787,6774],[0,-33]],[[6787,6741],[-13,0],[0,33]],[[6787,6774],[12,0],[0,-33],[-12,0]],[[7374,6774],[13,0],[0,-33],[-13,0],[0,33]],[[6737,6870],[0,-64],[25,0],[0,-32],[12,0]],[[6787,6741],[0,-32],[-75,0]],[[6712,6709],[0,32],[-13,0],[0,-32]],[[6699,6709],[-12,0],[0,32],[-25,0],[0,-32],[-13,0],[0,32],[-50,0],[0,33],[-25,0],[0,32],[-12,0],[0,-32],[-13,0],[0,-33],[-25,0],[0,-32],[-37,0]],[[6487,6709],[0,97],[-25,0]],[[6462,6806],[0,161],[-13,0],[0,32]],[[6449,6999],[25,0],[0,33],[38,0],[0,-33],[12,0],[0,-32],[25,0],[0,161],[-12,0],[0,33],[-13,0],[0,64]],[[6524,7225],[13,0],[0,-32],[12,0],[0,64],[25,0],[0,33],[50,0],[0,-33],[13,0],[0,33],[25,0],[0,32],[12,0],[0,32],[13,0],[0,-32],[12,0],[0,-65],[13,0],[0,-32],[37,0],[0,32],[25,0],[0,-64],[50,0],[0,-32],[13,0],[0,-33],[25,0],[0,-64],[12,0],[0,-65],[13,0],[0,-64],[-38,0],[0,32],[-37,0],[0,32],[-38,0],[0,-32],[13,0],[0,-97],[-13,0],[0,-32],[-25,0],[0,32],[-12,0]],[[6649,7161],[25,0],[0,32],[13,0],[0,97],[-13,0],[0,-33],[-25,0],[0,-64],[-12,0],[0,32],[-13,0],[0,-258]],[[8262,6806],[37,0]],[[8299,6774],[-12,0],[0,-65]],[[8287,6709],[-13,0],[0,32],[-12,0],[0,65]],[[4787,6774],[13,0],[0,-65],[-13,0],[0,65]],[[5399,6741],[0,-32],[-37,0]],[[5362,6709],[0,65],[12,0],[0,-33],[25,0]],[[1712,6709],[0,32],[13,0],[0,-32],[-13,0]],[[1975,6741],[12,0]],[[1987,6741],[0,-32]],[[1987,6709],[-12,0]],[[1975,6709],[0,32]],[[2050,6741],[12,0]],[[2062,6741],[0,-32]],[[2062,6709],[-12,0]],[[2050,6709],[0,32]],[[2875,6741],[12,0],[0,-32],[-12,0],[0,32]],[[5462,6741],[0,-32],[-13,0]],[[5449,6709],[0,32],[13,0]],[[6712,6709],[-13,0]],[[7874,6741],[13,0],[0,-32],[-13,0],[0,32]],[[2025,6806],[0,-65]],[[2025,6741],[25,0]],[[2050,6709],[-25,0]],[[2025,6709],[0,-32],[-13,0],[0,129],[13,0]],[[1875,6935],[25,0]],[[1912,6838],[0,32]],[[1925,6870],[0,-64]],[[1925,6806],[-25,0]],[[1900,6806],[0,-65]],[[1900,6741],[12,0],[0,-32],[-25,0],[0,-32],[-12,0]],[[1875,6677],[0,32],[-13,0]],[[1862,6709],[0,65],[13,0]],[[1875,6774],[0,32],[-13,0],[0,32],[25,0],[0,32],[-12,0],[0,65]],[[1675,6741],[0,-64]],[[1675,6677],[-13,0],[0,64]],[[1600,6709],[0,-32]],[[1600,6677],[-13,0]],[[1587,6677],[0,32],[13,0]],[[1700,6709],[12,0]],[[1712,6709],[0,-32],[-12,0]],[[1700,6677],[0,32]],[[1812,6709],[13,0],[0,-32],[-13,0],[0,32]],[[1875,6677],[-13,0],[0,32]],[[2137,6709],[13,0],[0,-32],[-13,0],[0,32]],[[5424,6709],[13,0],[0,-32]],[[5437,6677],[-13,0]],[[5424,6677],[0,32]],[[5999,6709],[13,0]],[[6012,6709],[0,-32],[-13,0]],[[5999,6677],[0,32]],[[6374,6709],[13,0]],[[6387,6709],[0,-32]],[[6387,6677],[-13,0],[0,32]],[[6387,6709],[12,0],[0,-32],[-12,0]],[[8112,6709],[0,-32]],[[8112,6677],[-13,0]],[[8099,6677],[0,32],[13,0]],[[8112,6709],[25,0],[0,-32],[-25,0]],[[8462,6709],[12,0],[0,-32]],[[8474,6677],[-12,0],[0,32]],[[8499,6709],[0,-32],[-12,0]],[[8487,6677],[0,32],[12,0]],[[1687,6741],[0,-32]],[[1687,6709],[13,0]],[[1700,6709],[0,-65]],[[1700,6644],[-13,0]],[[1687,6644],[0,33],[-12,0]],[[2062,6741],[25,0],[0,-64],[13,0]],[[2100,6677],[0,-33]],[[2100,6644],[-25,0]],[[2075,6644],[0,65],[-13,0]],[[1875,6677],[0,-33],[-38,0],[0,65],[25,0]],[[5412,6709],[12,0]],[[5424,6709],[0,-65]],[[5424,6644],[-12,0],[0,65]],[[5812,6709],[12,0]],[[5824,6709],[0,-65]],[[5824,6644],[-12,0]],[[5812,6644],[0,65]],[[5874,6644],[0,33]],[[5874,6677],[-37,0]],[[5837,6677],[0,32]],[[5837,6709],[37,0],[0,65],[13,0],[0,-130],[-13,0]],[[6024,6709],[25,0]],[[6049,6709],[0,-32],[-12,0],[0,-33]],[[6037,6644],[-13,0]],[[6024,6644],[0,65]],[[8312,6709],[0,-32],[12,0],[0,-33]],[[8324,6644],[-25,0],[0,65],[13,0]],[[1600,6677],[0,-33]],[[1600,6644],[-13,0],[0,33]],[[1600,6677],[12,0]],[[1612,6677],[0,-33]],[[1612,6644],[-12,0]],[[1687,6644],[-12,0]],[[1675,6644],[0,33]],[[2037,6677],[13,0]],[[2050,6677],[0,-33]],[[2050,6644],[-13,0],[0,33]],[[2100,6677],[12,0],[0,-33],[-12,0]],[[2875,6677],[12,0],[0,-33],[-12,0],[0,33]],[[4750,6644],[-13,0],[0,33],[13,0],[0,-33]],[[5137,6677],[12,0],[0,-33],[-12,0]],[[5137,6644],[0,33]],[[5287,6677],[12,0]],[[5299,6677],[0,-33],[-12,0],[0,33]],[[5437,6677],[0,-33],[-13,0]],[[5424,6644],[0,33]],[[5862,6677],[12,0]],[[5874,6644],[-12,0],[0,33]],[[6012,6709],[12,0]],[[6024,6644],[-25,0]],[[5999,6644],[0,33]],[[6387,6677],[25,0]],[[6412,6677],[0,-33]],[[6412,6644],[-25,0],[0,33]],[[6412,6677],[12,0],[0,-33],[-12,0]],[[6487,6644],[-13,0]],[[6474,6644],[0,33],[13,0],[0,-33]],[[7262,6644],[-13,0],[0,33],[13,0],[0,-33]],[[7499,6709],[0,-65]],[[7499,6644],[-62,0],[0,33],[-13,0],[0,-33]],[[7424,6644],[-37,0]],[[7387,6644],[0,33],[12,0],[0,32],[38,0],[0,32],[50,0],[0,-32],[12,0]],[[8112,6677],[0,-33],[-13,0],[0,33]],[[8337,6677],[37,0],[0,-33],[-37,0],[0,33]],[[2025,6935],[50,0]],[[2075,6935],[0,-32],[-13,0],[0,-33],[13,0],[0,-32],[-13,0],[0,-32],[-12,0],[0,-32],[12,0],[0,-33]],[[2062,6741],[-25,0]],[[2025,6774],[0,32]],[[2025,6709],[37,0]],[[2062,6709],[0,-32]],[[2062,6677],[-25,0]],[[2050,6644],[0,-32]],[[2050,6612],[-25,0]],[[2025,6612],[0,32]],[[2025,6644],[-25,0]],[[2000,6644],[0,33],[-13,0]],[[1987,6677],[0,64]],[[1987,6741],[13,0]],[[2000,6741],[0,162]],[[2000,6903],[25,0]],[[2012,6838],[25,0]],[[2037,6870],[-25,0]],[[6812,8193],[25,0]],[[6849,8193],[13,0]],[[7099,8064],[25,0]],[[7124,8064],[0,-33],[-12,0],[0,-32],[-88,0],[0,32],[-12,0],[0,33],[-13,0],[0,-33],[-12,0],[0,-32],[-25,0],[0,32],[-13,0],[0,33],[-12,0],[0,-97],[-13,0],[0,32],[-62,0],[0,-32],[-13,0],[0,64],[-25,0],[0,-32],[-12,0],[0,-32],[-13,0],[0,32],[-37,0],[0,-32],[-13,0],[0,32]],[[6749,7999],[-75,0]],[[6674,7999],[0,-64]],[[6674,7935],[-12,0],[0,-33],[-25,0],[0,-32],[-13,0],[0,-64],[-12,0],[0,-65],[-13,0],[0,-32],[-25,0],[0,64],[-12,0],[0,33],[-13,0],[0,32],[13,0],[0,64],[-25,0],[0,33],[-13,0],[0,32],[-12,0],[0,32],[-25,0],[0,-32],[12,0],[0,-65],[13,0],[0,-32],[-25,0],[0,65],[-13,0]],[[6474,7935],[0,-33],[-37,0],[0,33],[-25,0]],[[6412,7935],[0,-33],[-25,0],[0,-32],[-25,0],[0,32]],[[6362,7902],[-13,0],[0,33],[-25,0],[0,-33],[-37,0],[0,-32],[-13,0],[0,-32],[13,0],[0,-65],[-25,0],[0,33],[-13,0],[0,32],[13,0],[0,64],[-13,0],[0,-32],[-12,0],[0,-32],[-25,0]],[[6212,7838],[0,-32],[-25,0],[0,32],[-25,0],[0,32],[-38,0],[0,-32],[-37,0]],[[6062,7838],[-13,0],[0,-32],[-50,0],[0,-33],[13,0],[0,-64],[-13,0],[0,-32],[-25,0],[0,32],[-12,0],[0,-65],[12,0],[0,-32],[13,0],[0,-32]],[[5987,7580],[-38,0],[0,97],[-25,0],[0,-65],[-12,0],[0,-32],[-13,0],[0,32],[-12,0],[0,32],[-13,0],[0,-96],[25,0],[0,-65],[-12,0],[0,32],[-38,0]],[[5849,7515],[0,-32],[-12,0],[0,-64],[-25,0],[0,32],[-13,0],[0,32],[-12,0],[0,-32],[-13,0],[0,-32],[25,0],[0,-97],[-25,0],[0,-32],[-25,0],[0,-65],[-25,0],[0,-64]],[[5724,7161],[50,0],[0,-33],[13,0],[0,-32]],[[5787,7096],[-50,0]],[[5737,7096],[0,-32],[-13,0]],[[5724,7064],[0,-194]],[[5724,6870],[-12,0]],[[5712,6870],[0,-32],[-25,0],[0,32]],[[5687,6870],[-13,0],[0,-32],[-25,0]],[[5649,6838],[0,-32],[-50,0],[0,-32],[-12,0],[0,64],[25,0],[0,97]],[[5612,6935],[-50,0]],[[5549,6999],[-37,0],[0,33],[-25,0],[0,64]],[[5474,7064],[-12,0]],[[5437,7096],[0,32],[-25,0],[0,65]],[[5412,7193],[-38,0],[0,64]],[[5374,7257],[-50,0]],[[5349,7225],[0,-64],[25,0]],[[5387,7128],[0,-32],[12,0],[0,-32],[13,0],[0,-32],[25,0]],[[5449,6967],[25,0]],[[5474,6967],[0,-129],[13,0]],[[5487,6838],[0,-64],[-25,0],[0,-33]],[[5449,6709],[-37,0]],[[5424,6644],[0,-32],[-25,0],[0,32],[-37,0],[0,33],[-25,0],[0,64],[25,0],[0,-32]],[[5412,6774],[25,0],[0,64],[-13,0]],[[5412,6870],[0,33],[-13,0]],[[5399,6935],[-37,0]],[[5337,7064],[-50,0]],[[5274,7096],[0,32],[-12,0],[0,65]],[[5237,7193],[0,-65],[-38,0],[0,-32],[-12,0],[0,-32],[-25,0]],[[4950,7128],[0,33],[12,0],[0,161]],[[4962,7322],[-25,0],[0,32],[-12,0],[0,32],[-25,0],[0,33],[-38,0],[0,96],[88,0]],[[4950,7548],[-13,0],[0,32],[38,0],[0,-32],[25,0]],[[5000,7580],[24,0],[0,32]],[[5024,7612],[-112,0],[0,-32],[-75,0],[0,32],[13,0],[0,32],[12,0],[0,33],[-12,0],[0,64],[25,0]],[[4862,7773],[0,65],[50,0]],[[4900,7902],[-50,0],[0,-32],[-13,0],[0,-129],[-12,0],[0,-32],[-50,0],[0,-32],[-63,0],[0,96]],[[4712,7773],[13,0],[0,33],[-13,0],[0,96],[38,0],[0,65],[37,0],[0,32],[13,0]],[[4812,7967],[0,64]],[[4825,8096],[-25,0],[0,-32],[-13,0],[0,96],[13,0],[0,33],[12,0],[0,32],[25,0],[0,-32],[-12,0]],[[4862,8225],[38,0],[0,32],[37,0],[0,-32],[-12,0],[0,-65],[25,0],[0,-96],[-13,0],[0,-33],[13,0],[0,-32],[12,0],[0,-32],[13,0],[0,-32],[12,0],[0,-33],[13,0],[0,-32],[12,0],[0,-64],[37,0],[0,-129],[25,0],[0,32],[25,0],[0,32],[13,0],[0,32],[12,0],[0,33]],[[5124,7806],[50,0]],[[5174,7838],[13,0],[0,32],[50,0],[0,65]],[[5349,8031],[-12,0],[0,65],[-13,0],[0,32],[-12,0]],[[5312,8128],[0,65]],[[5299,8193],[0,32],[-25,0]],[[5274,8193],[-25,0],[0,-33],[-37,0]],[[5212,8128],[-13,0]],[[5199,8160],[-37,0]],[[5149,8193],[0,32],[-12,0],[0,97],[-13,0],[0,32]],[[5149,8483],[25,0]],[[5174,8515],[13,0],[0,33],[62,0]],[[5249,8580],[13,0],[0,32],[12,0],[0,-32]],[[5249,8483],[-37,0]],[[5199,8289],[38,0]],[[5212,8322],[0,32]],[[5224,8386],[38,0]],[[5237,8419],[0,32]],[[5237,8451],[37,0]],[[5624,8741],[0,-64],[-25,0],[0,-97],[-12,0],[0,-32]],[[5587,8548],[25,0],[0,32],[12,0],[0,32],[38,0],[0,32],[12,0],[0,65],[-25,0]],[[5537,8515],[-38,0]],[[5499,8515],[0,-64],[-12,0],[0,-97],[37,0],[0,-32],[13,0],[0,32],[25,0]],[[5574,8322],[0,-33],[-37,0],[0,-32],[-13,0],[0,-32],[-25,0],[0,-32],[-25,0],[0,-162],[-25,0]],[[5449,7999],[-50,0]],[[5399,7935],[-12,0],[0,-33],[62,0],[0,33],[75,0],[0,-33],[25,0]],[[5549,7902],[0,65],[25,0],[0,-32]],[[5574,8031],[0,65],[13,0],[0,32],[25,0]],[[5599,8160],[0,65],[13,0],[0,32],[25,0]],[[5662,8289],[-50,0]],[[5587,8322],[0,226]],[[5587,8548],[-50,0]],[[5862,8354],[0,-32],[37,0],[0,64]],[[5899,8386],[-25,0]],[[5799,8322],[-75,0],[0,-33],[75,0]],[[5674,8096],[0,64],[-37,0],[0,-32],[12,0],[0,-32],[25,0]],[[5024,7612],[13,0],[0,32],[-13,0],[0,-32]],[[5524,7225],[25,0]],[[5599,7225],[13,0]],[[5562,7419],[-25,0]],[[5537,7451],[-38,0]],[[5674,6903],[13,0],[0,-33]],[[5687,6870],[12,0],[0,97]],[[6712,6709],[0,-32],[25,0],[0,-65],[-25,0],[0,32],[-13,0],[0,65]],[[4812,6677],[25,0],[0,-65]],[[4837,6612],[-25,0]],[[4812,6612],[0,65]],[[5837,6677],[25,0]],[[5874,6644],[0,-32]],[[5874,6612],[-25,0],[0,32]],[[5849,6644],[-12,0]],[[5837,6644],[0,33]],[[2012,6644],[13,0]],[[2025,6612],[-13,0]],[[2012,6612],[0,32]],[[2075,6644],[12,0]],[[2087,6644],[0,-32]],[[2087,6612],[-12,0],[0,32]],[[5324,6644],[13,0],[0,-32],[-13,0],[0,32]],[[5662,6644],[12,0],[0,-32]],[[5674,6612],[-12,0],[0,32]],[[5724,6644],[13,0],[0,-32]],[[5737,6612],[-13,0],[0,32]],[[6412,6644],[37,0]],[[6449,6644],[0,-32]],[[6449,6612],[-37,0]],[[6412,6612],[0,32]],[[6999,6644],[13,0],[0,-32],[-13,0],[0,32]],[[7074,6612],[-12,0],[0,32],[12,0],[0,-32]],[[7187,6644],[37,0],[0,-32],[-37,0],[0,32]],[[7599,6644],[13,0],[0,-32],[-13,0],[0,32]],[[8412,6644],[0,-32],[-25,0]],[[8387,6612],[0,32],[25,0]],[[5649,6677],[0,-97]],[[5649,6580],[-12,0]],[[5637,6580],[0,32],[-25,0]],[[5612,6612],[0,65],[37,0]],[[1612,6644],[0,-64],[-12,0],[0,64]],[[5924,6612],[13,0]],[[5937,6612],[0,-32]],[[5937,6580],[-25,0]],[[5912,6580],[0,64],[12,0],[0,-32]],[[6474,6644],[50,0]],[[6524,6644],[0,-32],[-37,0],[0,-32],[-13,0],[0,64]],[[8124,6644],[25,0],[0,-64],[-25,0],[0,64]],[[1700,6612],[12,0],[0,-32]],[[1712,6580],[-12,0]],[[1700,6580],[0,32]],[[1775,6612],[37,0],[0,-32],[-37,0],[0,32]],[[4812,6612],[13,0]],[[4825,6612],[0,-32],[-13,0],[0,32]],[[4862,6612],[13,0],[0,-32],[-13,0],[0,32]],[[5312,6612],[0,-32]],[[5312,6580],[-13,0],[0,32],[13,0]],[[5637,6580],[-25,0],[0,32]],[[5712,6612],[0,-32],[-13,0],[0,32],[13,0]],[[5824,6644],[0,-32]],[[5824,6612],[13,0],[0,-32]],[[5837,6580],[-38,0],[0,32],[13,0]],[[5812,6612],[0,32]],[[5899,6612],[0,-32]],[[5899,6580],[-12,0],[0,32],[12,0]],[[5937,6612],[12,0]],[[5949,6612],[0,-32]],[[5949,6580],[-12,0]],[[5949,6612],[13,0],[0,-32]],[[5962,6580],[-13,0]],[[6224,6612],[25,0],[0,-32],[-25,0],[0,32]],[[6412,6612],[12,0]],[[6424,6612],[0,-32]],[[6424,6580],[-12,0]],[[6412,6580],[0,32]],[[7424,6612],[25,0]],[[7449,6612],[0,-32]],[[7449,6580],[-25,0]],[[7424,6580],[0,32]],[[7499,6612],[13,0]],[[7512,6612],[0,-32]],[[7512,6580],[-13,0]],[[7499,6580],[0,32]],[[7512,6612],[25,0]],[[7537,6612],[0,-32]],[[7537,6580],[-25,0]],[[8062,6612],[12,0]],[[8074,6612],[0,-32]],[[8074,6580],[-12,0]],[[8062,6580],[0,32]],[[2087,6612],[0,-32]],[[2087,6580],[-12,0],[0,-32],[-13,0],[0,96],[13,0]],[[2112,6548],[0,64],[-12,0],[0,32]],[[2100,6677],[0,32],[25,0],[0,-65],[37,0],[0,-32],[-37,0],[0,-64],[-13,0]],[[1612,6612],[13,0],[0,-64]],[[1625,6548],[-13,0],[0,64]],[[5387,6612],[25,0],[0,-64],[-25,0],[0,64]],[[8274,6548],[0,32],[-12,0],[0,32],[25,0],[0,-64],[-13,0]],[[8899,6548],[-12,0],[0,64],[12,0],[0,-64]],[[5649,6580],[13,0]],[[5662,6580],[0,-32],[-13,0]],[[5649,6548],[0,32]],[[6424,6580],[0,-32]],[[6424,6548],[-12,0]],[[6412,6548],[0,32]],[[7199,6580],[25,0]],[[7224,6580],[0,-32]],[[7224,6548],[-25,0]],[[7199,6548],[0,32]],[[7462,6580],[12,0],[0,-32],[-12,0],[0,32]],[[7512,6580],[0,-32],[-13,0],[0,32]],[[7599,6548],[-25,0]],[[7574,6548],[0,32],[25,0],[0,-32]],[[8049,6580],[25,0]],[[8074,6580],[0,-32]],[[8074,6548],[-25,0]],[[8049,6548],[0,32]],[[8324,6548],[-12,0],[0,32],[12,0],[0,-32]],[[8712,6580],[0,-32],[-13,0],[0,32],[13,0]],[[8912,6548],[0,32],[12,0],[0,-32],[-12,0]],[[7074,6612],[50,0],[0,-32],[25,0],[0,-65],[-25,0],[0,33],[-12,0],[0,32],[-38,0],[0,32]],[[2137,6580],[13,0],[0,-65],[-13,0],[0,65]],[[5749,6580],[0,-65]],[[5749,6515],[-12,0],[0,65],[12,0]],[[7412,6612],[12,0]],[[7424,6580],[13,0]],[[7437,6580],[0,-65],[-50,0],[0,65],[25,0],[0,32]],[[7812,7225],[12,0],[0,-32],[13,0],[0,-65],[-13,0],[0,-32],[-12,0],[0,-32],[25,0],[0,-32],[50,0],[0,-33],[25,0]],[[7912,6999],[0,-32],[12,0],[0,-64],[13,0],[0,-65],[-25,0],[0,32],[-13,0],[0,-64]],[[7899,6806],[-50,0],[0,-32],[-12,0],[0,32],[-38,0],[0,32],[-37,0],[0,65]],[[7762,6903],[-75,0],[0,-33],[-13,0],[0,33],[-25,0],[0,-33],[13,0],[0,-64],[-50,0],[0,-32],[12,0],[0,-33],[-12,0],[0,-32],[37,0],[0,-65],[-25,0],[0,-32],[25,0],[0,-64],[-12,0],[0,32],[-25,0],[0,-32]],[[7612,6548],[-13,0]],[[7574,6548],[-25,0]],[[7549,6548],[0,-33],[-62,0]],[[7487,6515],[0,65],[12,0]],[[7512,6580],[37,0]],[[7549,6580],[0,32],[13,0],[0,32],[37,0]],[[7599,6644],[0,33],[-25,0],[0,32],[13,0],[0,32],[-25,0],[0,33],[-38,0],[0,-33],[-12,0],[0,-32],[12,0],[0,-32],[-25,0]],[[7499,6677],[0,32]],[[7387,6644],[-13,0]],[[7374,6644],[0,33],[-25,0],[0,-33],[-12,0],[0,-32],[-63,0],[0,32],[-12,0]],[[7262,6644],[0,-32],[-25,0],[0,129],[-13,0],[0,-32],[-12,0],[0,-32],[-38,0],[0,32],[-12,0],[0,32],[-13,0],[0,33],[13,0],[0,32],[12,0],[0,32],[38,0],[0,32],[37,0],[0,33],[25,0],[0,32],[138,0],[0,-32],[25,0],[0,32],[-13,0],[0,32],[-25,0],[0,32],[50,0],[0,33],[-12,0],[0,64],[12,0],[0,-32],[75,0],[0,-32],[13,0],[0,32],[12,0],[0,64],[13,0]],[[7562,7128],[0,65],[-13,0],[0,-32],[-25,0],[0,32],[13,0],[0,32],[37,0],[0,32],[38,0],[0,33],[25,0],[0,-33],[12,0],[0,-32],[38,0],[0,32],[25,0],[0,-32],[12,0],[0,-32],[13,0],[0,32],[50,0],[0,-32],[25,0],[0,32]],[[8099,6515],[-12,0],[0,65],[12,0],[0,-65]],[[1625,6548],[12,0]],[[1637,6548],[0,-33],[-12,0],[0,33]],[[1887,6548],[13,0]],[[1900,6548],[0,-33]],[[1900,6515],[-13,0],[0,33]],[[6424,6548],[13,0],[0,-33]],[[6437,6515],[-13,0]],[[6424,6515],[0,33]],[[6512,6548],[12,0],[0,-33],[-12,0],[0,33]],[[7212,6548],[12,0]],[[7224,6548],[0,-33]],[[7224,6515],[-12,0],[0,33]],[[7224,6548],[25,0],[0,-33]],[[7249,6515],[-25,0]],[[7274,6548],[13,0]],[[7287,6548],[0,-33]],[[7287,6515],[-13,0]],[[7274,6515],[0,33]],[[8274,6548],[0,-33],[-12,0],[0,33],[12,0]],[[8899,6548],[13,0]],[[8912,6548],[0,-33],[-13,0],[0,33]],[[5937,6580],[25,0]],[[5962,6580],[0,-65],[-13,0],[0,-32],[-12,0]],[[5937,6483],[0,97]],[[2112,6548],[0,-65],[-12,0]],[[2100,6483],[0,32],[-13,0]],[[2087,6515],[0,33],[25,0]],[[5662,6580],[12,0],[0,-32],[63,0],[0,-65],[-63,0],[0,32],[-25,0],[0,33]],[[7187,6580],[12,0]],[[7199,6580],[0,-65]],[[7199,6515],[-12,0],[0,-32]],[[7187,6483],[-13,0],[0,65],[13,0],[0,32]],[[7299,6483],[0,65],[13,0],[0,-33],[12,0],[0,-32],[-25,0]],[[8062,6548],[12,0]],[[8074,6548],[0,-65]],[[8074,6483],[-12,0],[0,65]],[[1900,6515],[37,0],[0,-32]],[[1937,6483],[-37,0]],[[1900,6483],[0,32]],[[1962,6515],[13,0],[0,-32],[-13,0],[0,32]],[[2100,6483],[-13,0],[0,32]],[[6599,6483],[0,32],[13,0],[0,-32],[-13,0]],[[7224,6515],[13,0]],[[7237,6515],[0,-32],[-13,0],[0,32]],[[7287,6515],[0,-32]],[[7287,6483],[-13,0]],[[7274,6483],[0,32]],[[7487,6515],[0,-32],[-13,0],[0,32],[13,0]],[[7999,6515],[13,0]],[[8012,6515],[0,-32]],[[8012,6483],[-13,0]],[[7999,6483],[0,32]],[[7337,6548],[25,0],[0,-33],[-13,0],[0,-64],[-12,0],[0,97]],[[5937,6483],[-13,0],[0,-32],[-25,0],[0,32],[-12,0],[0,32],[12,0],[0,33],[38,0],[0,-65]],[[6187,6451],[-13,0],[0,32],[-25,0],[0,32],[38,0],[0,-64]],[[1687,6451],[-25,0]],[[1662,6451],[0,32],[25,0],[0,-32]],[[1900,6483],[25,0]],[[1925,6483],[0,-32]],[[1925,6451],[-25,0]],[[1900,6451],[0,32]],[[4812,6451],[-12,0],[0,32],[12,0],[0,-32]],[[4850,6483],[12,0],[0,-32],[-12,0],[0,32]],[[4875,6483],[12,0],[0,-32],[-12,0],[0,32]],[[6112,6451],[-25,0],[0,32],[25,0],[0,-32]],[[6587,6483],[12,0]],[[6599,6483],[0,-32],[-12,0],[0,32]],[[7074,6451],[-12,0],[0,32],[12,0],[0,-32]],[[7287,6483],[12,0]],[[7299,6483],[0,-32],[-12,0],[0,32]],[[7362,6483],[50,0],[0,-32],[-50,0],[0,32]],[[8487,6483],[12,0],[0,-32]],[[8499,6451],[-12,0],[0,32]],[[8637,6483],[0,-32],[-13,0]],[[8624,6451],[0,32],[13,0]],[[8812,6483],[25,0]],[[8837,6483],[0,-32]],[[8837,6451],[-25,0]],[[8812,6451],[0,32]],[[8837,6483],[12,0]],[[8849,6483],[0,-32]],[[8849,6451],[-12,0]],[[8849,6483],[13,0],[0,-32],[-13,0]],[[1975,6774],[0,-65]],[[1987,6709],[0,-32]],[[2000,6644],[12,0]],[[2012,6612],[38,0]],[[2050,6612],[0,65]],[[2050,6677],[12,0]],[[2087,6580],[0,64]],[[2087,6644],[13,0]],[[2087,6515],[-25,0],[0,-32],[-12,0],[0,-32],[-13,0],[0,-32],[-12,0],[0,129],[-13,0],[0,-33],[-12,0],[0,-64],[-13,0]],[[1987,6451],[0,-32]],[[1987,6419],[-25,0]],[[1962,6419],[0,32]],[[1962,6451],[-37,0]],[[1925,6483],[12,0]],[[1900,6515],[0,129]],[[1900,6644],[37,0],[0,33],[25,0],[0,64],[-12,0],[0,33],[25,0]],[[1675,6451],[0,-32]],[[1675,6419],[-25,0],[0,32],[25,0]],[[1912,6451],[25,0]],[[1937,6451],[0,-32]],[[1937,6419],[-25,0]],[[1912,6419],[0,32]],[[1937,6451],[13,0]],[[1950,6451],[0,-32]],[[1950,6419],[-13,0]],[[6187,6451],[12,0],[0,-32],[-12,0]],[[6187,6419],[0,32]],[[7462,6451],[12,0],[0,-32],[-12,0],[0,32]],[[7487,6451],[12,0],[0,-32],[-12,0],[0,32]],[[7512,6451],[12,0],[0,-32],[-12,0],[0,32]],[[8624,6451],[0,-32],[-25,0]],[[8599,6419],[0,32],[25,0]],[[7424,6483],[13,0],[0,-97],[-13,0],[0,97]],[[1812,6451],[25,0],[0,-32],[-12,0],[0,-33],[-13,0],[0,65]],[[1950,6451],[12,0]],[[1962,6451],[0,-65]],[[1962,6386],[-12,0]],[[1950,6386],[0,65]],[[5987,6515],[12,0],[0,-96],[-12,0],[0,-33]],[[5987,6386],[-13,0],[0,65],[13,0],[0,64]],[[6512,6451],[12,0],[0,-32],[13,0],[0,-33],[-25,0],[0,65]],[[7074,6451],[13,0],[0,-65],[-13,0],[0,65]],[[1750,6419],[12,0],[0,-33],[-12,0],[0,33]],[[1962,6419],[13,0]],[[1975,6419],[0,-33]],[[1975,6386],[-13,0]],[[1962,6386],[0,33]],[[1975,6419],[12,0]],[[1987,6419],[0,-33]],[[1987,6386],[-12,0]],[[5312,6386],[0,33],[12,0],[0,-33],[-12,0]],[[6337,6419],[12,0],[0,-33],[-12,0],[0,33]],[[7312,6419],[12,0],[0,-33],[-12,0],[0,33]],[[7387,6419],[12,0],[0,-33],[-12,0],[0,33]],[[8524,6419],[13,0],[0,-33],[-13,0],[0,33]],[[8662,6419],[12,0],[0,-33],[-12,0],[0,33]],[[7187,6483],[25,0],[0,-32],[12,0],[0,-32],[-12,0],[0,-65],[-13,0],[0,32],[-12,0],[0,97]],[[4775,6419],[25,0]],[[4800,6419],[0,-65],[-13,0],[0,32],[-12,0],[0,33]],[[7037,6419],[0,-65]],[[7037,6354],[-25,0]],[[7012,6354],[0,65],[25,0]],[[8524,6419],[0,-65],[-25,0],[0,65],[25,0]],[[1962,6386],[25,0]],[[1987,6386],[0,-32]],[[1987,6354],[-25,0],[0,32]],[[1987,6386],[25,0]],[[2012,6386],[0,-32],[-25,0]],[[2062,6386],[0,-32]],[[2062,6354],[-12,0]],[[2050,6354],[0,32],[12,0]],[[2062,6386],[13,0]],[[2075,6386],[0,-32]],[[2075,6354],[-13,0]],[[2812,6386],[0,-32],[-12,0]],[[2800,6354],[0,32],[12,0]],[[4525,6386],[0,-32],[-13,0]],[[4512,6354],[0,32],[13,0]],[[4962,6386],[13,0],[0,-32],[-13,0],[0,32]],[[5187,6386],[0,-32],[-13,0],[0,32],[13,0]],[[5349,6386],[25,0],[0,-32],[-25,0]],[[5349,6354],[0,32]],[[6099,6386],[13,0],[0,-32],[-13,0],[0,32]],[[7037,6386],[12,0],[0,-32]],[[7049,6354],[-12,0]],[[7037,6354],[0,32]],[[8712,6386],[25,0],[0,-32],[-25,0]],[[8712,6354],[0,32]],[[8874,6386],[13,0],[0,-32],[-13,0],[0,32]],[[1925,6419],[25,0]],[[1950,6419],[0,-33]],[[1987,6354],[0,-32]],[[1987,6322],[-37,0],[0,32],[-25,0],[0,65]],[[1700,6354],[12,0],[0,-32],[-12,0],[0,32]],[[4525,6386],[12,0],[0,-64],[-25,0],[0,32]],[[5562,6354],[0,-32],[-13,0]],[[5549,6322],[0,32],[13,0]],[[7237,6354],[12,0],[0,-32],[-12,0],[0,32]],[[5199,6354],[25,0],[0,-32],[13,0],[0,-32],[-38,0],[0,64]],[[1775,6322],[12,0],[0,-32],[-12,0],[0,32]],[[1987,6322],[13,0],[0,-32],[-13,0]],[[1987,6290],[0,32]],[[2012,6322],[13,0],[0,-32],[-13,0],[0,32]],[[5687,6322],[12,0],[0,-32],[-12,0]],[[5687,6290],[0,32]],[[7912,6322],[0,-32]],[[7912,6290],[-25,0]],[[7887,6290],[0,32],[25,0]],[[8162,6290],[-25,0]],[[8137,6290],[0,32],[25,0],[0,-32]],[[8612,6322],[0,-32],[-13,0],[0,32],[13,0]],[[6049,6257],[-12,0],[0,65],[25,0],[0,-32],[-13,0],[0,-33]],[[6462,6322],[12,0],[0,-32],[13,0],[0,-33],[-25,0],[0,65]],[[7187,6322],[12,0],[0,-65],[-12,0],[0,65]],[[1987,6290],[0,-33],[-25,0],[0,33],[25,0]],[[5162,6290],[12,0],[0,-33],[-12,0],[0,33]],[[5387,6257],[-13,0],[0,33],[13,0],[0,-33]],[[5849,6290],[13,0]],[[5862,6290],[0,-33],[-13,0],[0,33]],[[8037,6257],[-25,0]],[[8012,6257],[0,33],[25,0],[0,-33]],[[8324,6967],[38,0]],[[8337,6870],[-50,0],[0,33],[-13,0],[0,-33],[-25,0],[0,33],[-12,0],[0,-33],[-13,0],[0,-32],[-12,0],[0,-32],[-13,0],[0,-32],[-12,0],[0,-33],[-13,0],[0,-129],[-12,0],[0,-64],[-38,0],[0,-33],[-25,0]],[[8099,6515],[0,-64],[25,0],[0,-32],[13,0],[0,-33],[-38,0],[0,-96],[38,0]],[[8137,6290],[0,-65],[-63,0],[0,32],[-37,0]],[[8012,6257],[-13,0]],[[7999,6257],[0,33],[-25,0],[0,32],[-62,0]],[[7912,6322],[0,32],[12,0],[0,32],[-12,0],[0,33],[-13,0],[0,32],[13,0],[0,32],[37,0],[0,32],[13,0],[0,-32],[12,0],[0,32],[13,0],[0,-32]],[[7987,6483],[25,0]],[[8012,6515],[12,0]],[[8024,6515],[0,33],[-12,0],[0,32],[12,0],[0,32],[13,0],[0,32],[12,0],[0,-32]],[[8049,6612],[13,0]],[[8062,6580],[-13,0]],[[8049,6548],[13,0]],[[8074,6483],[0,161]],[[8074,6644],[13,0],[0,33],[12,0]],[[8112,6709],[0,65],[12,0],[0,-33],[13,0],[0,65],[12,0],[0,32],[13,0],[0,32],[50,0],[0,97],[25,0],[0,32],[12,0],[0,33],[38,0],[0,-33],[12,0],[0,33],[25,0],[0,-65]],[[1725,7193],[0,-32]],[[1887,6967],[0,-32]],[[1887,6935],[-12,0]],[[1900,6741],[0,33]],[[1912,6806],[13,0]],[[1962,6935],[-25,0]],[[1912,6967],[0,65]],[[1912,7032],[13,0]],[[1962,7064],[25,0]],[[1987,7096],[13,0],[0,65]],[[2000,7161],[25,0]],[[2037,7161],[25,0],[0,-33],[13,0],[0,33],[12,0],[0,-33],[13,0],[0,-32],[-63,0],[0,-32],[25,0],[0,-32],[13,0],[0,-33]],[[2075,6999],[-38,0]],[[2025,6935],[-25,0]],[[2000,6935],[0,-65]],[[1900,6644],[0,-96]],[[1900,6548],[-88,0]],[[1812,6548],[0,-65],[38,0],[0,32],[12,0],[0,-96],[-12,0],[0,-33],[12,0],[0,-32],[25,0],[0,-64],[-25,0],[0,-65]],[[1862,6225],[-25,0],[0,32],[-25,0],[0,65]],[[1812,6322],[13,0],[0,32],[-25,0],[0,32],[-13,0],[0,33],[-12,0],[0,32],[-13,0],[0,64],[-37,0],[0,33],[12,0],[0,32]],[[1737,6580],[-25,0]],[[1700,6612],[0,65]],[[1712,6709],[-25,0]],[[1687,6709],[0,97]],[[1675,7161],[0,-33]],[[1675,7128],[12,0]],[[1712,7096],[0,97]],[[1750,6257],[12,0]],[[1762,6257],[0,-32],[-12,0],[0,32]],[[2125,6257],[0,-32],[-13,0]],[[2112,6225],[0,32],[13,0]],[[5387,6257],[12,0],[0,-32],[-12,0],[0,32]],[[5774,6257],[25,0],[0,-32],[-25,0]],[[5774,6225],[0,32]],[[7149,6225],[-37,0]],[[7112,6225],[0,32],[12,0],[0,33],[25,0],[0,-65]],[[7899,6257],[0,-32]],[[7899,6225],[-12,0]],[[7887,6225],[0,32],[12,0]],[[7974,6257],[13,0],[0,-32],[-13,0],[0,32]],[[8024,6257],[13,0]],[[8037,6257],[0,-32],[-13,0],[0,32]],[[8162,6290],[62,0],[0,-33],[25,0],[0,-32],[-12,0],[0,-32],[-25,0],[0,32],[-13,0],[0,32],[-37,0],[0,33]],[[6787,6257],[37,0],[0,-32],[13,0],[0,-32],[-50,0],[0,64]],[[1787,6225],[13,0],[0,-32],[-13,0],[0,32]],[[5012,6225],[12,0],[0,-32],[-12,0],[0,32]],[[6499,6225],[13,0],[0,-32],[-13,0],[0,32]],[[7137,6225],[25,0]],[[7162,6225],[0,-32],[-25,0]],[[7137,6193],[0,32]],[[4725,6161],[-13,0]],[[4712,6161],[0,96],[13,0],[0,-96]],[[5687,6290],[62,0],[0,-33],[-62,0]],[[5687,6257],[0,-96],[-13,0],[0,32],[-12,0],[0,-32],[-25,0],[0,96],[12,0],[0,33],[-37,0],[0,-33],[-13,0],[0,65],[-12,0],[0,-32],[-13,0],[0,-65],[-25,0]],[[5549,6225],[0,97]],[[5562,6354],[25,0],[0,32],[37,0],[0,-32],[25,0],[0,-32],[38,0]],[[2112,6225],[0,-32],[13,0],[0,-32],[-25,0],[0,64],[12,0]],[[5924,6161],[-12,0],[0,64],[25,0],[0,-32],[-13,0],[0,-32]],[[6174,6193],[13,0],[0,-32],[-13,0],[0,32]],[[7924,6193],[13,0],[0,-32],[-13,0],[0,32]],[[8049,6193],[25,0]],[[8074,6193],[0,-32]],[[8074,6161],[-25,0],[0,32]],[[8399,8128],[0,-97]],[[8562,7741],[0,-64]],[[8587,7612],[25,0]],[[8737,7483],[25,0]],[[8774,7451],[0,-32]],[[8799,7225],[0,-32],[-12,0],[0,-32],[-13,0],[0,-33],[-25,0]],[[8749,7128],[0,-64],[-100,0],[0,-32],[-12,0],[0,-33],[-25,0],[0,-96],[-25,0],[0,-33],[-13,0],[0,-32],[-25,0]],[[8549,6806],[25,0],[0,-65],[13,0],[0,-32],[12,0],[0,-290]],[[8637,6483],[12,0],[0,32],[25,0],[0,33],[13,0],[0,64],[25,0],[0,-32]],[[8712,6580],[62,0],[0,32],[13,0],[0,97],[37,0],[0,-32],[13,0],[0,97],[12,0],[0,-33],[13,0],[0,33],[12,0],[0,161],[13,0],[0,64]],[[8887,6999],[-25,0],[0,33],[12,0],[0,32]],[[8887,7064],[0,64],[25,0]],[[8924,7096],[0,129],[-12,0],[0,32]],[[8937,7290],[12,0],[0,-33],[13,0]],[[8974,7193],[38,0],[0,-32],[12,0],[0,32],[25,0]],[[9049,7128],[0,-64],[-50,0],[0,-32],[-12,0],[0,-33],[-38,0],[0,33],[-12,0]],[[8924,7064],[0,-65],[13,0],[0,-96],[12,0],[0,-129],[-12,0],[0,-33],[-13,0],[0,-97],[-12,0],[0,-96]],[[8899,6548],[0,-65],[-87,0]],[[8812,6451],[-13,0],[0,-32],[-12,0],[0,-33],[-75,0]],[[8712,6354],[-13,0],[0,-32],[-37,0],[0,-97],[-13,0],[0,-64],[-37,0],[0,32],[12,0],[0,32],[-12,0],[0,97]],[[8612,6322],[-50,0],[0,32],[12,0],[0,32],[13,0],[0,97],[-25,0],[0,-32],[-63,0]],[[8487,6483],[0,32],[12,0],[0,33],[13,0],[0,32],[-13,0],[0,129]],[[8487,6677],[-13,0]],[[8462,6709],[0,65]],[[8462,6774],[37,0]],[[8499,6838],[-50,0]],[[8437,6967],[0,65]],[[8437,7032],[25,0]],[[8462,7032],[0,64]],[[8462,7096],[25,0]],[[8499,7161],[38,0]],[[8537,7161],[0,129]],[[8537,7290],[12,0],[0,32],[-12,0],[0,32],[12,0],[0,32],[-12,0],[0,33],[-13,0],[0,64],[-12,0],[0,32],[-13,0],[0,33],[-12,0],[0,32],[12,0],[0,32],[-37,0],[0,-129],[-25,0],[0,-32],[-25,0],[0,-32],[-13,0],[0,-33],[-12,0],[0,-129],[-25,0]],[[8362,7257],[0,65],[-13,0],[0,32],[-12,0],[0,32],[25,0],[0,33],[12,0],[0,96],[13,0],[0,33]],[[8387,7548],[37,0]],[[8424,7580],[-37,0]],[[8387,7580],[0,32],[-13,0],[0,32]],[[8374,7644],[-12,0],[0,-32],[-13,0],[0,32]],[[8349,7644],[-12,0]],[[8324,8096],[13,0]],[[7862,6193],[25,0]],[[7887,6193],[0,-65]],[[7887,6128],[-13,0]],[[7874,6128],[0,33],[-12,0]],[[7862,6161],[0,32]],[[2187,6161],[13,0],[0,-33],[-13,0],[0,33]],[[2512,6161],[13,0],[0,-33]],[[2525,6128],[-13,0]],[[2512,6128],[0,33]],[[7862,6161],[0,-33]],[[7862,6128],[-13,0],[0,33],[13,0]],[[7874,6128],[-12,0]],[[8399,6161],[13,0],[0,-33],[-13,0],[0,33]],[[2450,6193],[0,-65]],[[2450,6128],[-25,0]],[[2425,6128],[0,-32]],[[2425,6096],[-13,0],[0,65]],[[2412,6161],[13,0],[0,32],[25,0]],[[6087,6161],[37,0],[0,-33],[-12,0],[0,-32],[-13,0],[0,32],[-12,0],[0,33]],[[6224,6161],[38,0],[0,-33],[-13,0],[0,-32]],[[6249,6096],[-25,0],[0,65]],[[6387,6161],[0,-33],[-38,0],[0,-32]],[[6349,6096],[-12,0],[0,65],[50,0]],[[8012,6193],[37,0]],[[8074,6161],[0,-33]],[[8074,6128],[-25,0],[0,-32]],[[8049,6096],[-25,0]],[[8024,6096],[0,32],[-25,0],[0,33],[13,0],[0,32]],[[8074,6161],[13,0],[0,-65],[-13,0]],[[8074,6096],[0,65]],[[1775,6128],[12,0],[0,-32]],[[1787,6096],[-12,0],[0,32]],[[1862,6128],[13,0]],[[1875,6128],[0,-32],[-13,0]],[[1862,6096],[0,32]],[[2425,6128],[12,0]],[[2437,6128],[0,-32]],[[2437,6096],[-12,0]],[[2437,6128],[13,0]],[[2450,6128],[0,-32]],[[2450,6096],[-13,0]],[[2500,6128],[25,0]],[[2525,6128],[0,-32]],[[2525,6096],[-25,0]],[[2500,6096],[0,32]],[[4637,6096],[-25,0]],[[4612,6096],[0,32],[25,0],[0,-32]],[[5024,6096],[-12,0],[0,32],[12,0],[0,-32]],[[6699,6128],[25,0],[0,-32],[-25,0],[0,32]],[[8237,6128],[0,-32]],[[8237,6096],[-13,0]],[[8224,6096],[0,32],[13,0]],[[6587,6483],[-13,0],[0,-64],[13,0],[0,-65],[25,0],[0,-32],[12,0],[0,-32],[13,0],[0,-65],[37,0],[0,-161],[-12,0],[0,32],[-50,0],[0,97],[-25,0],[0,97],[-50,0],[0,-65],[-13,0],[0,65],[-12,0],[0,32],[-13,0],[0,32],[-12,0],[0,32],[-25,0],[0,33],[-13,0],[0,32],[-25,0]],[[6424,6451],[0,64]],[[6424,6515],[50,0]],[[6474,6515],[0,33],[25,0],[0,32],[63,0],[0,32],[12,0],[0,-97],[13,0],[0,-32]],[[2100,6483],[0,-32],[12,0],[0,-32],[13,0],[0,-33],[-25,0],[0,33],[-38,0],[0,-33]],[[2050,6354],[25,0]],[[2075,6386],[12,0]],[[2087,6386],[0,-64],[13,0],[0,-32],[12,0],[0,64],[13,0],[0,-32],[12,0],[0,-32],[-12,0],[0,-33]],[[2125,6257],[12,0],[0,-64],[13,0],[0,32],[12,0],[0,-64],[-12,0],[0,-33],[-13,0],[0,-64],[-12,0],[0,32],[-13,0],[0,32],[-50,0],[0,33],[25,0],[0,32],[-12,0],[0,64],[-13,0],[0,33],[-25,0],[0,64],[-12,0],[0,32]],[[2025,6386],[-38,0]],[[1987,6386],[0,65]],[[2462,6128],[13,0]],[[2475,6128],[0,-64],[-13,0],[0,64]],[[2300,6064],[0,32],[12,0],[0,-32],[-12,0]],[[2500,6096],[0,-32],[-13,0],[0,32],[13,0]],[[2525,6128],[12,0],[0,-64],[-25,0],[0,32],[13,0]],[[4500,6096],[0,-32],[-13,0]],[[4487,6064],[0,32],[13,0]],[[5437,6064],[0,32],[12,0],[0,-32],[-12,0]],[[8037,6096],[25,0]],[[8062,6096],[0,-32],[-25,0],[0,32]],[[8237,6096],[0,-32]],[[8237,6064],[-13,0]],[[8224,6064],[0,32]],[[5912,6096],[12,0],[0,-64]],[[5924,6032],[-12,0],[0,64]],[[6737,6096],[12,0],[0,-64],[-12,0],[0,64]],[[7287,6096],[12,0],[0,-32],[13,0],[0,-32]],[[7312,6032],[-25,0]],[[7287,6032],[0,64]],[[8012,6096],[12,0]],[[8024,6096],[0,-64]],[[8024,6032],[-12,0]],[[8012,6032],[0,64]],[[2300,6064],[0,-32],[-13,0],[0,32],[13,0]],[[2775,6032],[-13,0]],[[2762,6032],[0,32],[13,0],[0,-32]],[[4500,6096],[12,0],[0,-64]],[[4512,6032],[-25,0]],[[4487,6032],[0,32]],[[5437,6064],[0,-32],[-13,0]],[[5424,6032],[0,32],[13,0]],[[6037,6032],[0,32],[12,0],[0,-32],[-12,0]],[[6399,6064],[13,0]],[[6412,6064],[0,-32],[-13,0],[0,32]],[[7799,6064],[13,0],[0,-32],[-13,0],[0,32]],[[5924,6161],[38,0],[0,-65],[37,0]],[[5999,6096],[0,-32],[-12,0],[0,-65]],[[5987,5999],[-13,0]],[[5974,5999],[0,33],[-12,0],[0,-33]],[[5962,5999],[-25,0]],[[5937,5999],[0,33],[-13,0]],[[5912,6096],[0,32],[12,0],[0,33]],[[4637,6096],[0,-32],[-12,0],[0,-65]],[[4625,5999],[-25,0]],[[4600,5999],[0,65],[12,0],[0,32]],[[1812,6032],[13,0],[0,-33]],[[1825,5999],[-13,0],[0,33]],[[4512,6032],[0,-33]],[[4512,5999],[-25,0]],[[4487,5999],[0,33]],[[4600,5999],[-13,0],[0,33],[13,0],[0,-33]],[[5937,5999],[-13,0],[0,33]],[[5974,5999],[-12,0]],[[6237,5999],[-13,0],[0,33],[13,0],[0,-33]],[[6262,5999],[0,33],[12,0],[0,-33],[-12,0]],[[7512,5999],[-13,0]],[[7499,5999],[0,33],[13,0],[0,-33]],[[8012,6032],[0,-33],[-13,0],[0,33],[13,0]],[[8224,6096],[0,-97]],[[8224,5999],[-25,0]],[[8199,5999],[0,33],[13,0],[0,64],[12,0]],[[5337,6161],[0,-65],[62,0],[0,-32],[-12,0],[0,-32],[-13,0],[0,-65],[-12,0],[0,65],[-13,0],[0,32],[-12,0],[0,-32],[-13,0],[0,32],[-25,0],[0,-32],[-12,0],[0,-33],[-13,0],[0,129],[-12,0],[0,33],[75,0]],[[4837,7128],[75,0]],[[5000,6870],[0,-64],[12,0],[0,-65],[-25,0],[0,-64],[-25,0],[0,-33],[-12,0],[0,-32],[-88,0]],[[4862,6612],[0,-64],[100,0],[0,32],[38,0],[0,32],[24,0],[0,32],[75,0],[0,33],[38,0]],[[5137,6644],[25,0],[0,33],[125,0]],[[5299,6677],[13,0],[0,-65]],[[5312,6580],[0,-65],[12,0],[0,-32],[-12,0],[0,-97]],[[5312,6386],[37,0]],[[5349,6354],[75,0],[0,-32],[13,0],[0,-65],[50,0],[0,-32],[25,0],[0,-32],[12,0]],[[5524,6193],[0,-32],[-125,0],[0,-33],[-12,0],[0,33],[-50,0]],[[5337,6161],[0,64],[12,0],[0,32],[-75,0],[0,129],[-37,0],[0,33],[-13,0],[0,32],[-12,0],[0,-32],[-13,0],[0,-33],[-12,0]],[[5187,6386],[0,33],[-50,0],[0,-65],[-13,0],[0,-32],[-12,0],[0,-32],[-13,0],[0,-33],[-12,0],[0,97],[-75,0],[0,-32],[-25,0],[0,-32],[-25,0],[0,-33],[-25,0],[0,-32],[-12,0],[0,32],[-13,0],[0,-32],[-25,0],[0,-32],[-25,0],[0,-32],[-12,0],[0,-33],[-50,0],[0,-32],[-25,0],[0,-32],[-13,0],[0,-97],[-50,0],[0,32],[-37,0]],[[4675,5999],[0,65],[12,0],[0,32],[13,0],[0,32],[12,0],[0,33]],[[4725,6161],[0,161],[12,0],[0,32],[13,0],[0,32],[12,0],[0,33],[13,0]],[[4800,6419],[-13,0],[0,32],[25,0]],[[4812,6451],[0,64],[13,0],[0,97]],[[4825,6612],[12,0]],[[4812,6677],[0,-33],[-62,0]],[[4750,6644],[0,97],[-13,0]],[[4725,6774],[0,32],[12,0],[0,64],[13,0],[0,65]],[[4750,6967],[0,65],[-13,0],[0,96],[63,0]],[[5999,6096],[13,0],[0,-32],[12,0],[0,-32],[13,0]],[[6037,6032],[0,-65],[-25,0]],[[6012,5967],[0,32],[-25,0]],[[4512,6032],[13,0],[0,32],[37,0],[0,-32],[13,0],[0,-65],[-25,0],[0,32],[-38,0]],[[1875,5967],[0,32],[12,0],[0,-32],[-12,0]],[[1925,5999],[0,-32],[-13,0],[0,32],[13,0]],[[2300,5999],[12,0],[0,-32],[-12,0]],[[2300,5967],[0,32]],[[4512,5999],[0,-32],[-25,0],[0,32]],[[5987,5999],[0,-32]],[[5987,5967],[-13,0]],[[5974,5967],[0,32]],[[6012,5967],[-25,0]],[[6062,5999],[12,0],[0,-32],[-12,0],[0,32]],[[6249,5999],[13,0]],[[6262,5999],[0,-32],[-13,0],[0,32]],[[7637,5967],[0,32],[12,0],[0,-32],[-12,0]],[[8187,5999],[25,0]],[[8212,5999],[0,-32]],[[8212,5967],[-25,0]],[[8187,5967],[0,32]],[[8262,5967],[-13,0],[0,32],[13,0],[0,-32]],[[8199,5999],[-12,0]],[[8187,5999],[0,-64]],[[8187,5935],[-13,0],[0,97]],[[8174,6032],[-12,0]],[[8162,6032],[0,64],[12,0],[0,32],[38,0],[0,33],[25,0],[0,-33]],[[5024,6096],[13,0],[0,32],[25,0],[0,33],[37,0],[0,-33],[13,0],[0,-96],[12,0],[0,-33],[-12,0],[0,-32],[-13,0],[0,32],[-37,0],[0,33],[-13,0],[0,-97],[-12,0],[0,32],[-50,0],[0,97],[37,0],[0,32]],[[5962,5999],[0,-32],[-13,0],[0,-32]],[[5949,5935],[-12,0],[0,64]],[[2762,5967],[25,0],[0,-32]],[[2787,5935],[-25,0]],[[2762,5935],[0,32]],[[5987,5967],[0,-32],[-13,0],[0,32]],[[7112,5967],[25,0]],[[7137,5967],[0,-32]],[[7137,5935],[-25,0]],[[7112,5935],[0,32]],[[7949,5967],[13,0],[0,-32],[-13,0],[0,32]],[[2300,5967],[0,-64]],[[2300,5903],[-13,0],[0,64],[13,0]],[[6012,5967],[0,-32],[-13,0],[0,-32]],[[5999,5903],[-12,0],[0,64]],[[7762,5903],[0,64],[12,0],[0,-64],[-12,0]],[[1912,5903],[-12,0]],[[1900,5903],[0,32],[12,0],[0,-32]],[[1987,5903],[0,32],[13,0],[0,-32],[-13,0]],[[2775,5935],[12,0]],[[2787,5935],[0,-32]],[[2787,5903],[-12,0],[0,32]],[[2812,5935],[0,-32],[-12,0]],[[2800,5903],[0,32],[12,0]],[[2837,5935],[25,0],[0,-32]],[[2862,5903],[-25,0]],[[2837,5903],[0,32]],[[5387,5935],[12,0],[0,-32],[-12,0],[0,32]],[[5599,5935],[13,0],[0,-32],[-13,0],[0,32]],[[6562,5903],[0,32],[12,0],[0,-32],[-12,0]],[[7637,5967],[0,-32],[-13,0],[0,-32],[-62,0]],[[7562,5903],[0,32],[50,0],[0,32],[25,0]],[[7999,5935],[13,0],[0,-32],[-13,0],[0,32]],[[8074,5903],[-25,0]],[[8049,5903],[0,32],[25,0],[0,-32]],[[8199,5935],[13,0],[0,-32],[-13,0]],[[8199,5903],[0,32]],[[5424,6032],[0,-33],[13,0],[0,-32],[-13,0],[0,-32],[13,0],[0,-65],[-25,0],[0,97],[-25,0],[0,32],[12,0],[0,33],[25,0]],[[8187,5967],[12,0]],[[8199,5967],[0,-97]],[[8199,5870],[-12,0]],[[8187,5870],[0,97]],[[8262,5967],[12,0],[0,-32],[13,0],[0,-32],[25,0],[0,-33]],[[8312,5870],[-38,0],[0,33],[-12,0],[0,64]],[[8337,6870],[0,-32],[-13,0],[0,-32],[-62,0]],[[8287,6709],[0,32],[25,0],[0,-32]],[[8324,6644],[0,65],[13,0],[0,32],[25,0]],[[8362,6741],[0,-32],[50,0],[0,-65]],[[8387,6612],[-25,0],[0,-32],[-13,0],[0,-32],[-25,0]],[[8324,6548],[0,-65],[25,0],[0,-64],[13,0],[0,-65],[12,0],[0,-32],[13,0],[0,-129],[12,0],[0,-129],[-12,0],[0,-65],[-25,0],[0,-64],[-13,0],[0,-32]],[[8349,5903],[-12,0],[0,-33]],[[8337,5870],[-13,0]],[[8324,5870],[0,65],[13,0],[0,32],[-25,0],[0,32],[-13,0],[0,33],[-12,0],[0,64],[-13,0],[0,32],[-37,0]],[[8162,6032],[-13,0]],[[8149,6032],[0,-162],[-62,0]],[[8087,5870],[0,33]],[[8087,5903],[-13,0]],[[8049,5903],[-12,0]],[[8037,5903],[0,129]],[[8037,6032],[-13,0]],[[8012,6096],[0,-32]],[[8012,6064],[-13,0],[0,32],[-25,0],[0,-32],[-37,0],[0,-32],[12,0],[0,-33],[-25,0],[0,33],[-25,0],[0,32],[-12,0],[0,-32],[-13,0]],[[7874,6032],[0,32]],[[7874,6064],[-12,0],[0,64]],[[7862,6128],[25,0]],[[7887,6193],[-13,0]],[[7874,6193],[0,32]],[[7874,6225],[25,0]],[[7899,6225],[0,65]],[[7899,6290],[13,0]],[[7999,6257],[25,0]],[[8024,6096],[13,0]],[[8062,6096],[-13,0]],[[8074,6128],[0,-32]],[[8074,6193],[-62,0]],[[1862,5903],[0,-33]],[[1862,5870],[-12,0],[0,33],[12,0]],[[1975,5903],[12,0]],[[1987,5903],[0,-33],[-12,0]],[[1975,5870],[0,33]],[[2300,5903],[12,0],[0,-33]],[[2312,5870],[-12,0],[0,33]],[[2812,5935],[25,0]],[[2837,5903],[-12,0],[0,-33],[-25,0],[0,33]],[[5124,5903],[13,0],[0,-33],[-13,0],[0,33]],[[5962,5870],[-13,0]],[[5949,5870],[0,33],[13,0],[0,-33]],[[5999,5903],[13,0],[0,-33]],[[6012,5870],[-13,0]],[[5999,5870],[0,33]],[[6524,5903],[13,0],[0,-33]],[[6537,5870],[-13,0]],[[6524,5870],[0,33]],[[6562,5903],[0,-33],[-13,0]],[[6549,5870],[0,33],[13,0]],[[8349,5903],[0,-33],[-12,0]],[[3200,7548],[12,0],[0,-33],[13,0]],[[3225,7515],[0,-64],[-13,0],[0,-65]],[[3212,7386],[-12,0],[0,-32],[12,0],[0,-32]],[[3237,7354],[25,0]],[[3287,7354],[13,0],[0,32],[25,0],[0,-64],[25,0],[0,-32],[-13,0],[0,-33],[-25,0],[0,-32],[-37,0]],[[3275,7193],[-38,0],[0,-32],[-25,0],[0,-33],[-25,0],[0,-32],[-25,0],[0,32],[-12,0],[0,65]],[[3150,7193],[-25,0],[0,-32],[-38,0],[0,-33],[-25,0],[0,-32],[-25,0]],[[3037,7096],[0,-32]],[[3000,6999],[0,-96],[-50,0],[0,-97],[-13,0],[0,-32],[-25,0]],[[2900,6741],[12,0],[0,-64],[-12,0],[0,-162],[-13,0],[0,-32],[-25,0],[0,-32],[-12,0],[0,-32],[-38,0],[0,-33]],[[2800,6354],[-13,0],[0,-32],[-12,0],[0,-32],[-25,0],[0,-194],[12,0],[0,-97]],[[2762,5999],[-25,0]],[[2737,5999],[0,-161]],[[2737,5838],[-12,0],[0,32],[-13,0],[0,33],[-12,0],[0,64],[-13,0],[0,65],[13,0],[0,32],[-13,0],[0,32],[-12,0],[0,32],[-25,0],[0,-32],[-25,0],[0,32],[-13,0],[0,33],[-100,0]],[[2512,6128],[-12,0]],[[2500,6096],[-25,0],[0,32]],[[2462,6128],[0,-32],[-12,0]],[[2450,6096],[0,97]],[[2412,6161],[0,-33],[-12,0],[0,-32],[-13,0]],[[2387,6096],[0,65],[-75,0],[0,-33],[-25,0],[0,33],[13,0],[0,32],[12,0],[0,97],[25,0],[0,96],[13,0],[0,33],[-25,0],[0,32],[12,0],[0,32],[13,0],[0,32],[25,0],[0,33],[-25,0],[0,64],[12,0],[0,32],[13,0],[0,65],[12,0],[0,32],[13,0],[0,33],[12,0],[0,32],[38,0],[0,-32],[25,0],[0,64],[12,0],[0,-32],[13,0],[0,-65],[12,0],[0,-32],[13,0],[0,32],[12,0],[0,-32],[13,0],[0,32],[12,0],[0,33],[25,0],[0,32],[-12,0],[0,64],[25,0],[0,97],[12,0],[0,32],[-12,0]],[[2600,6999],[0,97]],[[2587,7096],[0,65]],[[2600,7161],[0,64],[25,0]],[[2662,7257],[25,0],[0,-96],[25,0],[0,-65]],[[2725,7096],[0,97]],[[2725,7225],[0,32],[25,0]],[[2750,7257],[0,65]],[[3150,7193],[12,0],[0,32],[-12,0],[0,-32]],[[2862,5903],[0,-65],[-12,0]],[[2850,5838],[0,65],[12,0]],[[4762,5903],[13,0],[0,-65],[-13,0],[0,65]],[[6412,5903],[25,0],[0,-65]],[[6437,5838],[-13,0],[0,32],[-12,0],[0,33]],[[7162,5838],[-25,0]],[[7137,5838],[0,32]],[[7137,5870],[-13,0],[0,33],[25,0],[0,-33],[13,0],[0,-32]],[[8587,6064],[25,0],[0,-65],[-25,0],[0,-64],[-13,0],[0,-32],[-12,0],[0,-65],[-25,0],[0,65],[12,0],[0,32],[13,0],[0,64],[12,0],[0,33],[13,0],[0,32]],[[2850,5838],[-13,0]],[[2837,5838],[0,32],[13,0],[0,-32]],[[4687,5838],[0,32],[13,0],[0,-32],[-13,0]],[[4712,5870],[13,0],[0,-32],[-13,0],[0,32]],[[5899,5870],[13,0],[0,-32],[-13,0],[0,32]],[[5962,5870],[12,0],[0,-32]],[[5974,5838],[-12,0],[0,32]],[[6012,5870],[0,-32],[-13,0],[0,32]],[[6537,5870],[12,0]],[[6549,5870],[0,-32]],[[6549,5838],[-12,0],[0,32]],[[8337,5870],[0,-32]],[[8337,5838],[-13,0],[0,32]],[[7774,5806],[0,64],[13,0],[0,33],[12,0],[0,-33],[13,0],[0,-32],[-25,0],[0,-32],[-13,0]],[[2000,5838],[12,0]],[[2012,5838],[0,-32]],[[2012,5806],[-12,0],[0,32]],[[2837,5838],[0,-32],[-12,0]],[[2825,5806],[0,32],[12,0]],[[6062,5838],[12,0],[0,-32],[-12,0],[0,32]],[[6137,5838],[12,0],[0,-32],[-12,0]],[[6137,5806],[0,32]],[[7137,5838],[12,0]],[[7149,5838],[0,-32]],[[7149,5806],[-12,0]],[[7137,5806],[0,32]],[[8112,5838],[0,-32]],[[8112,5806],[-13,0]],[[8099,5806],[0,32],[13,0]],[[2775,6032],[0,-65],[-13,0]],[[2762,5935],[13,0]],[[2787,5903],[0,-65],[-12,0],[0,-64],[-13,0]],[[2762,5774],[0,96],[-25,0]],[[2737,5870],[0,129]],[[2762,5999],[0,33]],[[2762,5774],[-12,0]],[[2750,5774],[0,64],[-13,0]],[[2737,5838],[0,32]],[[6349,6032],[13,0],[0,-33],[12,0],[0,-32],[13,0],[0,-32],[12,0],[0,-32],[13,0]],[[6437,5838],[0,-64]],[[6437,5774],[-13,0],[0,32],[-25,0],[0,32],[-12,0],[0,-32],[-13,0],[0,-32],[-12,0],[0,96],[12,0],[0,65],[-37,0],[0,32],[-13,0],[0,-32],[-25,0],[0,64],[50,0],[0,33]],[[8149,6032],[25,0]],[[8187,5935],[0,-65]],[[8187,5870],[-13,0]],[[8174,5870],[0,-32]],[[8174,5838],[-37,0]],[[8137,5838],[0,-32],[-13,0],[0,-32],[-12,0]],[[8112,5774],[0,64]],[[8099,5806],[-12,0]],[[8087,5806],[0,64]],[[2750,5774],[-13,0],[0,64]],[[1987,5806],[0,-32],[-12,0],[0,32],[12,0]],[[2225,5774],[-13,0],[0,32],[13,0],[0,-32]],[[2887,5806],[13,0],[0,-32],[-13,0]],[[2887,5774],[0,32]],[[6137,5806],[0,-32],[-25,0]],[[6112,5774],[0,32],[25,0]],[[6737,5806],[62,0],[0,-32],[-62,0]],[[6737,5774],[0,32]],[[7074,5806],[25,0],[0,-32],[-25,0],[0,32]],[[7149,5806],[0,-32]],[[7149,5774],[-12,0]],[[7137,5774],[0,32]],[[7987,5806],[12,0],[0,-32],[-12,0],[0,32]],[[8387,5806],[12,0],[0,-32],[-12,0],[0,32]],[[6112,6451],[25,0],[0,-32],[12,0],[0,32],[13,0],[0,-32],[25,0]],[[6187,6419],[0,-33],[25,0],[0,-32],[12,0],[0,-97],[13,0],[0,-64],[-13,0],[0,-32]],[[6224,6161],[-25,0],[0,-65],[13,0],[0,-64],[-13,0],[0,32],[-12,0],[0,-32],[-13,0],[0,32],[-37,0],[0,-97],[-13,0],[0,-32],[-12,0],[0,-32],[-25,0],[0,32],[-50,0],[0,-32],[12,0],[0,-33],[38,0],[0,-32],[12,0],[0,32],[25,0],[0,-32],[13,0]],[[6112,5774],[-25,0],[0,-33],[-38,0],[0,65],[-12,0],[0,32],[-13,0],[0,32],[-12,0]],[[5999,6096],[0,32],[75,0],[0,65],[-25,0],[0,-32],[-12,0],[0,64],[12,0],[0,32]],[[6049,6257],[25,0],[0,-32],[50,0],[0,-32],[38,0],[0,32],[-13,0],[0,32],[-25,0],[0,33],[-25,0],[0,32],[-12,0],[0,97],[25,0],[0,32]],[[2825,5806],[37,0],[0,-32],[-12,0],[0,-33]],[[2850,5741],[-13,0],[0,33],[-12,0],[0,32]],[[5399,5806],[13,0],[0,-65],[-13,0],[0,65]],[[7112,5806],[12,0],[0,-65],[-12,0],[0,65]],[[8474,5806],[13,0],[0,-65],[-13,0],[0,65]],[[1875,5774],[12,0],[0,-33]],[[1887,5741],[-12,0],[0,33]],[[5912,5774],[12,0],[0,-33],[-12,0],[0,33]],[[6449,5741],[0,33],[25,0],[0,-33],[-25,0]],[[7212,5774],[12,0],[0,-33],[-12,0],[0,33]],[[8299,5774],[13,0],[0,-33],[-13,0]],[[8299,5741],[0,33]],[[8449,5774],[13,0],[0,-33],[-13,0],[0,33]],[[4687,5838],[0,-32],[13,0],[0,-32],[12,0],[0,-33],[-12,0],[0,-32],[-13,0],[0,32],[-12,0],[0,33],[-13,0],[0,32],[13,0],[0,32],[12,0]],[[8312,5870],[12,0]],[[8337,5838],[0,-32],[-13,0],[0,-32],[-25,0]],[[8299,5741],[-12,0],[0,-32],[-13,0],[0,32]],[[8274,5741],[-12,0],[0,33],[-25,0],[0,32],[37,0],[0,-32],[13,0],[0,32],[12,0],[0,32],[13,0],[0,32]],[[4837,5774],[38,0],[0,-33],[-25,0],[0,-32],[-13,0],[0,65]],[[7049,5774],[0,-33]],[[7049,5741],[13,0],[0,-32],[-25,0],[0,32],[-38,0]],[[6999,5741],[0,33]],[[6999,5774],[13,0],[0,32],[25,0],[0,-32],[12,0]],[[8449,5774],[0,-65],[-25,0],[0,65],[25,0]],[[2012,5741],[13,0]],[[2025,5741],[0,-32],[-13,0],[0,32]],[[2925,5709],[0,32],[12,0],[0,-32],[-12,0]],[[5599,5741],[13,0],[0,-32],[-13,0],[0,32]],[[5637,5741],[12,0],[0,-32],[-12,0],[0,32]],[[6112,5741],[0,-32],[-13,0],[0,32],[13,0]],[[6449,5741],[38,0]],[[6487,5741],[0,-32]],[[6487,5709],[-38,0],[0,32]],[[6949,5741],[13,0],[0,-32],[-13,0],[0,32]],[[7299,5709],[-25,0]],[[7274,5709],[0,32],[25,0],[0,-32]],[[8037,5741],[12,0],[0,-32],[-12,0],[0,32]],[[2012,5806],[13,0],[0,-32],[12,0]],[[2037,5774],[0,-97],[-12,0],[0,64]],[[2012,5741],[0,65]],[[2850,5741],[0,-64],[-13,0],[0,32],[-12,0],[0,32],[-13,0],[0,65],[13,0]],[[2887,5774],[25,0],[0,-97]],[[2912,5677],[-12,0]],[[2900,5677],[0,64],[-25,0],[0,65],[12,0]],[[8374,5806],[0,-32],[-12,0],[0,-33],[-13,0],[0,-64],[-12,0]],[[8337,5677],[0,97],[12,0],[0,32],[25,0]],[[2900,5677],[-13,0],[0,32],[13,0],[0,-32]],[[2925,5709],[0,-32]],[[2925,5677],[-13,0]],[[2912,5677],[0,32],[13,0]],[[6062,5709],[0,-32],[-13,0],[0,32],[13,0]],[[6487,5709],[12,0],[0,-32],[-12,0],[0,32]],[[7262,5709],[37,0]],[[7299,5709],[0,-32]],[[7299,5677],[-37,0]],[[7262,5677],[0,32]],[[7499,5709],[13,0],[0,-32],[-13,0],[0,32]],[[8274,5741],[0,-64],[-12,0]],[[8262,5677],[0,32],[-38,0],[0,65],[-12,0],[0,-97],[-63,0],[0,32],[38,0],[0,32],[12,0],[0,97]],[[8199,5838],[-25,0]],[[8174,5870],[25,0]],[[8199,5870],[0,33]],[[8199,5935],[0,32]],[[8199,5967],[13,0]],[[8212,5999],[12,0]],[[8224,5999],[0,65]],[[8237,6064],[0,64]],[[2225,5774],[12,0],[0,-33],[25,0],[0,-32],[-12,0],[0,-64],[-13,0],[0,32],[-12,0],[0,97]],[[6249,6096],[0,-97]],[[6249,5999],[-12,0]],[[6237,5999],[0,-96],[12,0],[0,32],[13,0],[0,-65],[12,0],[0,-32],[38,0],[0,-32],[-13,0],[0,-32],[13,0],[0,-33],[12,0],[0,-32],[-12,0],[0,-64],[-13,0],[0,96],[-12,0],[0,-32],[-13,0],[0,32],[-12,0],[0,-32],[-13,0],[0,32],[-12,0],[0,33],[-13,0],[0,-33],[-25,0],[0,33],[13,0],[0,32],[-38,0],[0,64],[-12,0],[0,33],[-13,0],[0,-33],[-12,0],[0,-32]],[[1937,5645],[0,64],[13,0],[0,-64],[-13,0]],[[7324,5709],[25,0]],[[7349,5709],[0,-32]],[[7349,5677],[-12,0],[0,-32],[-13,0],[0,64]],[[2912,5677],[0,-32],[-12,0],[0,32]],[[7262,5677],[0,-32]],[[7262,5645],[-25,0]],[[7237,5645],[0,32],[25,0]],[[7262,5677],[12,0]],[[7274,5677],[0,-32]],[[7274,5645],[-12,0]],[[7637,5677],[25,0],[0,-32],[-25,0],[0,32]],[[8262,5677],[0,-32],[-13,0]],[[8249,5645],[0,32],[13,0]],[[2725,5677],[62,0],[0,-32]],[[2787,5645],[-37,0],[0,-33],[-13,0],[0,33],[-12,0],[0,32]],[[2925,5677],[0,-32],[25,0],[0,-33]],[[2950,5612],[-38,0],[0,65]],[[7087,5677],[50,0],[0,-32],[-25,0],[0,-33],[-25,0],[0,65]],[[1675,6644],[25,0]],[[1700,6644],[0,-64]],[[1700,6580],[37,0]],[[1812,6322],[0,-97],[13,0],[0,-64],[12,0],[0,-33],[13,0],[0,-32],[12,0]],[[1862,6096],[0,-32],[13,0]],[[1875,6064],[0,-97]],[[1875,5967],[25,0],[0,-64]],[[1912,5903],[0,-65],[13,0],[0,-32],[12,0],[0,-32],[13,0],[0,-33],[12,0],[0,-129],[-25,0],[0,33]],[[1937,5645],[-12,0],[0,32],[-13,0],[0,32],[-12,0],[0,32],[-13,0]],[[1875,5774],[0,96],[-13,0]],[[1862,5903],[-37,0],[0,32],[-13,0],[0,32],[-12,0],[0,32],[25,0]],[[1812,6032],[0,32],[-12,0],[0,32],[-13,0]],[[1775,6128],[0,65],[-13,0],[0,64]],[[1750,6257],[0,33],[-13,0],[0,64],[-37,0]],[[1700,6354],[0,65],[-25,0]],[[1675,6451],[12,0]],[[1662,6451],[-25,0],[0,97]],[[1612,6612],[0,65]],[[1600,6709],[-25,0],[0,32],[25,0]],[[1600,6741],[0,97]],[[1587,6838],[0,65]],[[2287,5645],[0,-33]],[[2287,5612],[-12,0],[0,33],[12,0]],[[2787,5645],[13,0]],[[2800,5645],[0,-33]],[[2800,5612],[-13,0]],[[2787,5612],[0,33]],[[2975,5612],[-13,0]],[[2962,5612],[0,33],[13,0],[0,-33]],[[7049,5645],[13,0],[0,-33],[-13,0],[0,33]],[[7249,5645],[25,0]],[[7274,5645],[0,-33]],[[7274,5612],[-25,0]],[[7249,5612],[0,33]],[[7287,5645],[25,0],[0,-33],[-25,0],[0,33]],[[8037,5677],[12,0],[0,-65],[-25,0],[0,33],[13,0],[0,32]],[[8324,5645],[13,0]],[[8337,5645],[0,-33],[-13,0],[0,33]],[[2112,5677],[0,-65]],[[2112,5612],[-25,0],[0,33],[-12,0],[0,-65],[-13,0]],[[2062,5580],[0,32]],[[2062,5612],[-25,0],[0,162]],[[2012,5838],[-37,0]],[[1975,5838],[0,32]],[[1987,5903],[-25,0]],[[1962,5903],[0,64],[-12,0],[0,32],[-13,0],[0,97],[-12,0],[0,65],[50,0],[0,32],[12,0],[0,-32],[13,0],[0,-33],[12,0],[0,-64],[-12,0],[0,-32],[25,0],[0,-97],[12,0],[0,-32],[25,0],[0,-97],[13,0],[0,-32],[12,0],[0,-65],[13,0],[0,-32],[12,0]],[[7374,5645],[0,-65]],[[7374,5580],[-12,0]],[[7362,5580],[0,65],[12,0]],[[2062,5580],[-12,0],[0,32],[12,0]],[[2687,5580],[-12,0]],[[2675,5580],[0,32],[12,0],[0,-32]],[[2725,5612],[0,-32]],[[2725,5580],[-13,0]],[[2712,5580],[0,32],[13,0]],[[2950,5612],[0,-32],[-25,0],[0,32],[25,0]],[[2975,5612],[0,-32]],[[2975,5580],[-13,0],[0,32]],[[2975,5612],[12,0],[0,-32]],[[2987,5580],[-12,0]],[[6024,5612],[13,0],[0,-32]],[[6037,5580],[-13,0],[0,32]],[[6974,5612],[13,0]],[[6987,5612],[0,-32],[-13,0]],[[6974,5580],[0,32]],[[7137,5612],[12,0],[0,-32],[-12,0],[0,32]],[[7162,5612],[12,0],[0,-32],[-12,0],[0,32]],[[7224,5612],[13,0]],[[7237,5612],[0,-32]],[[7237,5580],[-13,0]],[[7224,5580],[0,32]],[[8162,5612],[25,0],[0,-32],[-25,0],[0,32]],[[8362,5612],[0,-64]],[[8362,5548],[-13,0],[0,32],[-12,0],[0,65]],[[8324,5645],[0,64],[13,0],[0,-32]],[[8374,5806],[-12,0],[0,32],[25,0],[0,-161],[-13,0],[0,-65],[-12,0]],[[2800,5645],[37,0],[0,-33],[13,0],[0,-32],[12,0],[0,-32],[-25,0]],[[2837,5548],[0,32],[-12,0],[0,32]],[[2825,5612],[-25,0]],[[4800,5709],[25,0],[0,-64],[-13,0],[0,-65],[-12,0],[0,-32],[-13,0],[0,32],[-37,0],[0,32],[12,0],[0,33],[13,0],[0,32],[25,0],[0,32]],[[6287,5612],[12,0],[0,-64],[-12,0],[0,64]],[[6999,5612],[13,0]],[[7012,5612],[0,-64]],[[7012,5548],[-13,0]],[[6999,5548],[0,64]],[[8362,5612],[25,0],[0,-64],[-25,0]],[[550,5612],[37,0],[0,-64],[-50,0],[0,32],[13,0],[0,32]],[[2237,5612],[13,0],[0,-64],[-25,0],[0,32],[12,0],[0,32]],[[2287,5580],[13,0],[0,-32]],[[2300,5548],[-13,0],[0,32]],[[2550,5580],[12,0],[0,-32],[-12,0],[0,32]],[[2575,5548],[0,32],[12,0],[0,-32],[-12,0]],[[2675,5580],[0,-32],[-13,0]],[[2662,5548],[0,32],[13,0]],[[2687,5580],[13,0]],[[2700,5580],[0,-32]],[[2700,5548],[-13,0]],[[2687,5548],[0,32]],[[2700,5580],[12,0]],[[2712,5580],[0,-32]],[[2712,5548],[-12,0]],[[2750,5580],[0,-32]],[[2750,5548],[-13,0],[0,32],[13,0]],[[2750,5580],[12,0]],[[2762,5580],[0,-32]],[[2762,5548],[-12,0]],[[2987,5580],[25,0],[0,-32],[-25,0],[0,32]],[[5712,5580],[12,0],[0,-32],[-12,0],[0,32]],[[5737,5580],[12,0],[0,-32],[-12,0],[0,32]],[[7012,5580],[12,0],[0,-32],[-12,0]],[[7012,5548],[0,32]],[[7199,5580],[13,0],[0,-32],[-13,0],[0,32]],[[7237,5580],[0,-32]],[[7237,5548],[-13,0]],[[7224,5548],[0,32]],[[7237,5580],[12,0],[0,-32],[-12,0]],[[7349,5580],[25,0]],[[7374,5580],[0,-32]],[[7374,5548],[-25,0],[0,32]],[[7549,5580],[0,-32],[-12,0],[0,32],[12,0]],[[7124,8064],[13,0]],[[7162,8031],[37,0]],[[7199,7999],[50,0]],[[7387,7483],[0,65]],[[7399,7548],[0,-33]],[[7399,7515],[13,0]],[[7424,7483],[0,65]],[[7437,7580],[0,64]],[[7474,7677],[-12,0]],[[7474,7709],[0,32]],[[7512,7741],[0,-32]],[[7512,7709],[137,0]],[[7637,7612],[25,0]],[[7699,7612],[25,0]],[[7724,7612],[0,65]],[[7887,7644],[0,-32]],[[7987,7741],[25,0]],[[8024,7806],[13,0]],[[8037,7773],[62,0]],[[8099,7773],[0,33]],[[8112,7806],[0,-65]],[[8074,7677],[-25,0]],[[7999,7612],[-12,0]],[[7962,7515],[50,0]],[[8012,7548],[12,0]],[[8024,7515],[63,0]],[[8087,7548],[25,0]],[[8137,7580],[0,64]],[[8174,7677],[-62,0]],[[8112,7677],[0,32]],[[8124,7709],[0,64]],[[8124,7773],[50,0]],[[8174,7773],[0,-32]],[[8174,7741],[25,0]],[[8199,7741],[0,-32]],[[8212,7709],[0,32]],[[8274,7773],[0,-32]],[[8262,7741],[0,-32]],[[8237,7709],[0,-65]],[[8249,7677],[38,0]],[[8324,7644],[25,0]],[[8387,7580],[12,0]],[[8399,7548],[-12,0]],[[8537,7290],[0,-97]],[[8512,7161],[-25,0]],[[8474,7096],[-12,0]],[[8462,7096],[0,-32]],[[8449,7032],[-12,0]],[[8437,7032],[0,-33]],[[8412,7032],[-13,0]],[[8374,6999],[-25,0]],[[8349,6967],[-25,0]],[[8074,6644],[0,-32]],[[8074,6612],[-25,0]],[[8024,6515],[-25,0]],[[7999,6483],[-12,0]],[[7887,6290],[12,0]],[[7899,6290],[0,-33]],[[7887,6225],[-13,0]],[[7874,6193],[-12,0]],[[7874,6064],[0,-97]],[[7874,5967],[-12,0],[0,-64],[25,0],[0,-33],[12,0],[0,-96],[-12,0],[0,-97],[-13,0],[0,32],[-25,0],[0,-32],[-12,0],[0,32],[-13,0],[0,32],[-12,0],[0,33],[-25,0],[0,-65],[-13,0],[0,97]],[[7774,5806],[-12,0],[0,-32],[-13,0],[0,64],[13,0],[0,65]],[[7762,5903],[-13,0],[0,64],[-12,0],[0,32],[-50,0],[0,33],[-13,0],[0,32],[-25,0],[0,32],[-12,0],[0,-32],[-13,0],[0,-32],[-37,0],[0,-33]],[[7587,5999],[-75,0]],[[7499,5999],[-12,0]],[[7487,5999],[0,-32]],[[7487,5967],[-75,0]],[[7412,5967],[0,32],[-38,0],[0,33]],[[7374,6032],[-62,0]],[[7287,6096],[0,-32]],[[7287,6064],[-13,0],[0,64],[-62,0],[0,33],[-25,0],[0,32],[-13,0],[0,32]],[[7174,6225],[-25,0]],[[7112,6225],[25,0]],[[7137,6225],[0,-64]],[[7137,6161],[25,0],[0,-162],[-25,0]],[[7137,5999],[0,-32]],[[7112,5967],[0,-64]],[[7112,5903],[-25,0],[0,-65],[-25,0],[0,-32],[-13,0]],[[7049,5806],[0,-32]],[[6999,5774],[0,-162]],[[6999,5612],[-25,0]],[[6974,5612],[0,-64]],[[6974,5548],[-25,0]],[[6949,5548],[0,-32]],[[6949,5516],[-25,0],[0,32],[-12,0],[0,97],[-13,0],[0,32],[-37,0],[0,97],[-25,0],[0,32],[-100,0]],[[6737,5774],[-50,0],[0,32],[-88,0],[0,32],[-12,0],[0,32],[-13,0],[0,-96],[13,0],[0,-33],[12,0],[0,-32],[38,0],[0,-32],[12,0],[0,-32],[13,0],[0,-129],[-13,0]],[[6649,5516],[0,64],[-12,0],[0,32],[-13,0],[0,-32],[-25,0],[0,-32],[-12,0],[0,32],[-13,0],[0,65],[-12,0],[0,32],[-13,0],[0,-32],[-12,0],[0,64],[-13,0],[0,32],[-12,0]],[[6512,5741],[0,65],[12,0],[0,32],[25,0]],[[6562,5903],[-38,0]],[[6524,5870],[-37,0],[0,33],[-13,0],[0,32],[-25,0],[0,32],[-25,0],[0,32],[-12,0],[0,65]],[[6399,6064],[0,32],[-12,0],[0,65]],[[6349,6096],[0,-64]],[[6349,6032],[-25,0],[0,32],[-12,0],[0,32],[12,0],[0,65],[-12,0],[0,32],[-13,0],[0,-129],[-12,0],[0,32],[-38,0]],[[5912,6096],[-13,0],[0,65],[-12,0],[0,-33],[-13,0],[0,-32],[-12,0],[0,-129],[-13,0],[0,194],[-25,0],[0,32],[-12,0]],[[5812,6193],[0,64],[25,0],[0,33],[12,0]],[[5862,6290],[25,0],[0,-33],[62,0],[0,33],[13,0],[0,96],[25,0]],[[5987,6515],[0,97],[-63,0]],[[5912,6580],[-13,0]],[[5899,6612],[-25,0]],[[5837,6709],[0,-65]],[[5849,6644],[0,-64],[-12,0]],[[5824,6612],[0,97]],[[5812,6709],[0,-97]],[[5812,6612],[-25,0],[0,-64],[-25,0],[0,-33],[-13,0]],[[5749,6580],[13,0],[0,32],[-25,0]],[[5737,6612],[0,65],[-13,0],[0,-33]],[[5724,6644],[-12,0],[0,-32]],[[5712,6612],[-38,0]],[[5674,6612],[0,65],[-12,0],[0,-33]],[[5662,6644],[-13,0],[0,33]],[[5612,6612],[-13,0],[0,32],[-12,0],[0,33],[-25,0],[0,129],[-13,0]],[[5549,6806],[0,64]],[[5549,6870],[-25,0],[0,65],[88,0]],[[5649,6838],[13,0],[0,-32],[25,0],[0,-65],[12,0],[0,-32],[13,0],[0,161]],[[5712,6870],[37,0]],[[5724,6935],[0,129]],[[5737,7096],[37,0]],[[5774,7096],[0,-64]],[[5787,7032],[0,-33],[12,0],[0,-64]],[[5799,6935],[-25,0]],[[5774,6935],[0,-194]],[[5837,6870],[37,0]],[[5874,6903],[13,0]],[[5924,6903],[13,0]],[[5937,6870],[100,0]],[[6037,6903],[75,0]],[[6162,6903],[-25,0]],[[6149,6967],[38,0]],[[6249,6935],[0,64]],[[6249,6999],[13,0]],[[6262,6967],[37,0]],[[6324,7096],[0,-64]],[[6349,6935],[50,0]],[[6399,6870],[-25,0],[0,-64]],[[6374,6806],[-25,0]],[[6362,6741],[0,-32],[12,0]],[[6412,6644],[0,-96]],[[6424,6548],[0,64]],[[6424,6612],[25,0]],[[6449,6644],[25,0]],[[6524,6644],[-37,0]],[[6487,6644],[0,65]],[[6449,6999],[0,33]],[[6462,7064],[-50,0],[0,32]],[[6424,7128],[-25,0],[0,33],[-12,0],[0,32],[37,0]],[[6474,7354],[-62,0],[0,-32],[-50,0]],[[6324,7225],[-12,0],[0,-97]],[[6312,7128],[-25,0]],[[6237,7064],[-75,0]],[[6037,7193],[-13,0],[0,32],[-37,0],[0,-32],[-13,0]],[[5962,7225],[-63,0],[0,65],[-12,0]],[[5887,7322],[-25,0],[0,-32],[-13,0],[0,-33],[-25,0]],[[5812,7225],[0,-64],[-13,0],[0,-65],[-12,0]],[[6674,7935],[0,32]],[[6687,7999],[62,0]],[[7549,7644],[38,0]],[[7587,7677],[-38,0]],[[5999,7290],[50,0],[0,32],[-62,0],[0,-65]],[[7374,6644],[50,0]],[[7499,6644],[0,33]],[[7549,6580],[-12,0]],[[7537,6612],[-38,0]],[[7549,6548],[63,0]],[[7337,7128],[25,0]],[[7362,7161],[-63,0]],[[7174,7064],[0,-65]],[[7174,6999],[63,0]],[[7237,7032],[-50,0]],[[7149,6999],[0,-64]],[[7174,6967],[-12,0]],[[5999,6709],[0,-65]],[[5999,6644],[38,0]],[[6049,6709],[-50,0]],[[6474,6515],[-37,0]],[[6424,6548],[0,-97]],[[7437,6580],[12,0]],[[7449,6612],[-37,0]],[[7199,6515],[0,33]],[[7199,6548],[13,0]],[[7237,6515],[12,0]],[[7224,6580],[-37,0]],[[7274,6548],[0,-65]],[[7287,6483],[0,65]],[[7012,6354],[37,0]],[[7037,6386],[0,33]],[[5424,5677],[38,0],[0,-32],[25,0],[0,-33],[12,0],[0,-96],[-25,0],[0,32],[-12,0],[0,32],[-13,0],[0,32],[-12,0],[0,33],[-13,0],[0,32]],[[7387,5612],[12,0],[0,-32],[13,0],[0,-32],[-13,0],[0,-32],[-12,0],[0,96]],[[4987,5516],[-25,0],[0,64],[25,0],[0,-64]],[[7499,5580],[25,0],[0,-32],[-37,0],[0,-32],[-50,0]],[[7437,5516],[0,64],[37,0],[0,32],[25,0],[0,-32]],[[8137,5838],[62,0]],[[8249,5645],[-12,0],[0,-33],[-75,0]],[[8162,5612],[0,-64],[-25,0],[0,-32],[-13,0],[0,32],[-12,0],[0,-32],[-50,0]],[[8062,5516],[0,64]],[[8062,5580],[12,0],[0,32],[13,0],[0,-32],[12,0],[0,65],[13,0],[0,32],[25,0],[0,32],[-13,0],[0,32],[-12,0]],[[8112,5741],[0,33]],[[2062,5548],[13,0],[0,-32],[-13,0]],[[2062,5516],[0,32]],[[2500,5548],[25,0]],[[2525,5548],[0,-32],[-25,0]],[[2500,5516],[0,32]],[[2687,5548],[25,0]],[[2712,5548],[0,-32],[-25,0],[0,32]],[[2812,5548],[0,-32]],[[2812,5516],[-25,0],[0,32],[25,0]],[[5274,5548],[25,0],[0,-32],[-25,0],[0,32]],[[6137,5548],[12,0],[0,-32],[-12,0],[0,32]],[[6987,5612],[12,0]],[[6999,5612],[0,-96]],[[6999,5516],[-37,0],[0,32]],[[6962,5548],[12,0]],[[6974,5548],[0,32]],[[7012,5548],[0,-32]],[[7012,5516],[-13,0]],[[6999,5516],[0,32]],[[7662,5612],[12,0],[0,-96],[-37,0],[0,32],[25,0],[0,64]],[[4862,5612],[38,0],[0,-32],[12,0],[0,32],[13,0],[0,-64],[-50,0],[0,-32],[-13,0],[0,-33],[-12,0],[0,33],[-13,0],[0,64],[13,0],[0,-32],[12,0],[0,64]],[[2962,5483],[0,33],[-12,0]],[[2950,5516],[0,32],[25,0],[0,-65],[-13,0]],[[6949,5548],[13,0]],[[6999,5516],[0,-33]],[[6999,5483],[-50,0]],[[6949,5483],[0,65]],[[2487,5483],[-12,0]],[[2475,5483],[0,33],[12,0],[0,-33]],[[2812,5516],[13,0]],[[2825,5516],[0,-33]],[[2825,5483],[-13,0]],[[2812,5483],[0,33]],[[2825,5516],[12,0]],[[2837,5516],[0,-33]],[[2837,5483],[-12,0]],[[2912,5516],[13,0],[0,-33],[-13,0]],[[2912,5483],[0,33]],[[2962,5483],[-12,0]],[[2950,5483],[0,33]],[[6949,5516],[0,-33]],[[6949,5483],[-12,0],[0,33],[12,0]],[[7012,5516],[0,-33]],[[7012,5483],[-13,0]],[[7174,5516],[13,0],[0,-33],[-13,0],[0,33]],[[7299,5709],[25,0]],[[7349,5677],[0,-65]],[[7349,5612],[-12,0],[0,-32],[-13,0],[0,-64],[-25,0]],[[7299,5516],[0,-33]],[[7299,5483],[-25,0],[0,-32],[-25,0],[0,32],[-12,0]],[[7237,5483],[0,65]],[[7237,5612],[37,0]],[[7274,5612],[0,65]],[[7274,5677],[25,0]],[[6637,5483],[0,-32]],[[6637,5451],[-25,0]],[[6612,5451],[0,65],[12,0],[0,-33],[13,0]],[[8062,5548],[0,-32]],[[8062,5516],[12,0],[0,-65],[-37,0],[0,65],[12,0]],[[8049,5516],[0,32],[13,0]],[[2050,5483],[12,0],[0,-32],[-12,0],[0,32]],[[2175,5451],[0,32],[12,0],[0,-32],[-12,0]],[[2500,5548],[0,-97]],[[2500,5451],[-25,0]],[[2475,5451],[0,32]],[[2487,5483],[0,65],[13,0]],[[2825,5483],[0,-32]],[[2825,5451],[-13,0],[0,32]],[[2825,5483],[25,0]],[[2850,5483],[0,-32]],[[2850,5451],[-25,0]],[[5562,5451],[0,32],[12,0],[0,-32],[-12,0]],[[5974,5483],[13,0],[0,-32],[-13,0],[0,32]],[[6112,5483],[12,0],[0,-32],[-12,0],[0,32]],[[6187,5451],[0,32],[12,0],[0,-32],[-12,0]],[[6637,5483],[12,0],[0,-32],[-12,0]],[[6962,5483],[12,0],[0,-32],[-12,0],[0,32]],[[7049,5483],[0,-32]],[[7049,5451],[-12,0]],[[7037,5451],[0,32],[12,0]],[[7199,5483],[13,0]],[[7212,5483],[0,-32]],[[7212,5451],[-13,0]],[[7199,5451],[0,32]],[[7349,5483],[13,0],[0,-32],[-13,0],[0,32]],[[7549,5483],[13,0],[0,-32]],[[7562,5451],[-13,0],[0,32]],[[7687,5483],[12,0],[0,-32],[-12,0],[0,32]],[[6237,5483],[37,0],[0,-32],[-25,0],[0,-32],[-12,0],[0,64]],[[2787,5612],[38,0]],[[2837,5548],[63,0],[0,-32],[12,0]],[[2912,5483],[38,0]],[[2950,5483],[0,-32],[-13,0]],[[2937,5451],[0,-32]],[[2937,5419],[-100,0]],[[2837,5419],[0,32],[13,0]],[[2850,5483],[-13,0]],[[2837,5516],[-25,0]],[[2812,5548],[-50,0]],[[2762,5580],[-37,0]],[[2725,5612],[-25,0],[0,-32]],[[2662,5548],[-25,0],[0,32],[13,0],[0,65],[25,0],[0,32],[50,0]],[[4575,5419],[0,32],[12,0],[0,-32],[-12,0]],[[6637,5451],[0,-32],[-13,0],[0,32],[13,0]],[[7037,5451],[0,-32]],[[7037,5419],[-13,0],[0,32],[13,0]],[[7199,5451],[0,-32]],[[7199,5419],[-12,0]],[[7187,5419],[0,32],[12,0]],[[7212,5451],[0,-32]],[[7212,5419],[-13,0]],[[7212,5451],[12,0]],[[7224,5451],[0,-32]],[[7224,5419],[-12,0]],[[2300,5548],[0,-32],[12,0],[0,-33],[13,0],[0,-32]],[[2325,5451],[-25,0],[0,-32]],[[2300,5419],[-13,0],[0,-32],[-12,0],[0,32],[-13,0],[0,64],[-25,0],[0,33],[25,0],[0,32],[13,0],[0,32],[12,0]],[[7237,5516],[0,-33]],[[7299,5483],[0,-32]],[[7299,5451],[-12,0]],[[7287,5451],[0,-32]],[[7287,5419],[-13,0],[0,-32],[-12,0]],[[7262,5387],[0,32],[-25,0],[0,32]],[[7237,5451],[-25,0]],[[7212,5483],[12,0]],[[7224,5483],[0,33],[13,0]],[[2525,5548],[50,0]],[[2575,5548],[0,-32],[-13,0],[0,-33],[-12,0],[0,-32],[-13,0],[0,-32],[-50,0],[0,-32]],[[2487,5387],[-12,0],[0,64]],[[2500,5451],[0,65]],[[2937,5451],[25,0]],[[2962,5451],[0,-64],[-12,0],[0,32],[-13,0]],[[2987,5451],[13,0]],[[3000,5451],[0,-64],[-13,0],[0,64]],[[5899,5451],[13,0],[0,-64],[-13,0]],[[5899,5387],[0,64]],[[2300,5419],[12,0],[0,-32],[-12,0],[0,32]],[[2837,5419],[13,0],[0,-32],[-13,0],[0,32]],[[3075,5419],[12,0],[0,-32],[-12,0],[0,32]],[[5187,5419],[0,-32]],[[5187,5387],[-13,0]],[[5174,5387],[0,32],[13,0]],[[5187,5419],[12,0],[0,-32],[-12,0]],[[7037,5419],[12,0]],[[7049,5419],[0,-32]],[[7049,5387],[-12,0]],[[7037,5387],[0,32]],[[7299,5387],[0,32],[13,0],[0,-32],[-13,0]],[[7774,5451],[13,0],[0,-64],[-25,0],[0,32],[12,0],[0,32]],[[8374,5419],[0,-32],[-12,0]],[[8362,5387],[0,32],[12,0]],[[600,5580],[25,0],[0,-32],[25,0],[0,-32],[25,0],[0,-33],[12,0],[0,-32],[13,0],[0,-32],[12,0],[0,-32],[-12,0],[0,-33],[-38,0],[0,97],[-25,0],[0,32],[-12,0],[0,33],[-25,0],[0,64]],[[4550,5483],[0,-129]],[[4550,5354],[-13,0],[0,97],[-12,0],[0,32],[25,0]],[[7049,5516],[0,-33]],[[7037,5387],[-13,0]],[[7024,5387],[0,-33],[-12,0]],[[7012,5354],[0,129]],[[7012,5483],[12,0],[0,33],[25,0]],[[5599,5354],[0,97],[25,0],[0,-64],[-12,0],[0,-33],[-13,0]],[[7224,5451],[13,0]],[[7262,5387],[-13,0],[0,-33]],[[7249,5354],[-12,0]],[[7237,5354],[0,33],[-13,0]],[[7224,5387],[0,64]],[[7624,5451],[13,0],[0,-32],[12,0],[0,-65],[-12,0],[0,33],[-13,0],[0,64]],[[2575,5419],[0,-65]],[[2575,5354],[-13,0],[0,65],[13,0]],[[5899,5387],[0,-33],[-25,0]],[[5874,5354],[0,65],[13,0],[0,-32],[12,0]],[[7224,5419],[0,-65]],[[7224,5354],[-12,0],[0,65]],[[2137,5387],[13,0],[0,-33],[-13,0],[0,33]],[[2225,5387],[25,0],[0,-33],[-25,0]],[[2225,5354],[0,33]],[[4562,5354],[0,33],[13,0],[0,32]],[[4575,5419],[-13,0],[0,64],[25,0],[0,33],[25,0],[0,-65],[25,0],[0,65],[13,0],[0,-97],[12,0],[0,-32],[-12,0],[0,-33],[-88,0]],[[4937,5387],[0,-33],[-12,0],[0,33],[12,0]],[[5174,5387],[0,-33]],[[5174,5354],[-12,0],[0,33],[12,0]],[[5187,5387],[0,-33]],[[5187,5354],[-13,0]],[[5937,5387],[12,0],[0,-33],[-12,0],[0,33]],[[6612,5451],[0,-97],[-50,0]],[[6562,5354],[0,33],[25,0],[0,32],[12,0],[0,32],[13,0]],[[7187,5387],[12,0],[0,-33],[-12,0],[0,33]],[[7237,5354],[-13,0]],[[7224,5354],[0,33]],[[7287,5419],[0,-32]],[[7287,5387],[12,0]],[[7299,5387],[0,-33]],[[7299,5354],[-37,0]],[[7262,5354],[0,33]],[[2962,5419],[13,0]],[[2975,5419],[0,-97]],[[2975,5322],[-13,0]],[[2962,5322],[0,97]],[[7974,5580],[0,-129],[-12,0],[0,-32],[-13,0],[0,-65]],[[7949,5354],[-12,0],[0,-32],[-13,0],[0,32],[-12,0],[0,33],[12,0],[0,64],[-12,0],[0,97],[37,0],[0,32],[25,0]],[[8037,5387],[12,0]],[[8049,5387],[0,-65]],[[8049,5322],[-12,0]],[[8037,5322],[0,65]],[[8049,5387],[25,0]],[[8074,5387],[0,-65],[-25,0]],[[2300,5354],[12,0],[0,-32],[-12,0],[0,32]],[[2437,5354],[13,0],[0,-32]],[[2450,5322],[-13,0]],[[2437,5322],[0,32]],[[2950,5354],[12,0],[0,-32]],[[2962,5322],[-12,0],[0,32]],[[3162,5354],[13,0],[0,-32]],[[3175,5322],[-13,0],[0,32]],[[5087,5354],[0,-32],[-13,0],[0,32],[13,0]],[[5187,5354],[12,0],[0,-32],[-12,0],[0,32]],[[5599,5354],[0,-32],[-12,0]],[[5587,5322],[0,32],[12,0]],[[5874,5354],[0,-32],[-12,0],[0,32],[12,0]],[[7587,5354],[25,0]],[[7612,5354],[0,-32],[-25,0],[0,32]],[[8349,5354],[0,-32],[-12,0]],[[8337,5322],[0,32],[12,0]],[[8399,5354],[0,-32]],[[8399,5322],[-12,0],[0,32],[12,0]],[[8074,5387],[-37,0]],[[8037,5322],[25,0],[0,-32],[-38,0]],[[8024,5290],[0,64],[-12,0]],[[8012,5354],[0,65],[12,0],[0,32],[63,0],[0,-97],[-13,0],[0,33]],[[2425,5354],[0,-32],[-13,0],[0,-32],[-12,0]],[[2400,5290],[0,64],[25,0]],[[2937,5354],[0,-64]],[[2937,5290],[-12,0],[0,64],[12,0]],[[2937,5354],[13,0]],[[2962,5322],[0,-32]],[[2962,5290],[-25,0]],[[2975,5354],[12,0]],[[2987,5354],[0,-64]],[[2987,5290],[-12,0]],[[2975,5290],[0,64]],[[3150,5354],[0,-64]],[[3150,5290],[-25,0],[0,64],[25,0]],[[3150,5354],[12,0]],[[3175,5322],[0,-32]],[[3175,5290],[-25,0]],[[7024,5387],[38,0]],[[7062,5387],[0,-33],[12,0],[0,-32]],[[7074,5322],[-25,0],[0,-32]],[[7049,5290],[-12,0]],[[7037,5290],[0,32],[-13,0],[0,-32]],[[7024,5290],[-12,0],[0,64]],[[8024,5290],[-12,0],[0,64]],[[2262,5322],[13,0],[0,-32],[-13,0],[0,32]],[[2975,5322],[0,-32]],[[2975,5290],[-13,0]],[[2987,5322],[13,0],[0,-32]],[[3000,5290],[-13,0]],[[2987,5290],[0,32]],[[3175,5322],[12,0],[0,-32]],[[3187,5290],[-12,0]],[[3237,5322],[13,0],[0,-32],[-13,0],[0,32]],[[5812,5322],[25,0],[0,-32],[-25,0],[0,32]],[[6562,5322],[12,0],[0,-32]],[[6574,5290],[-12,0]],[[6562,5290],[0,32]],[[7037,5290],[-13,0]],[[7074,5322],[13,0],[0,-32],[-13,0],[0,32]],[[2962,5451],[25,0]],[[3000,5451],[50,0],[0,-32],[12,0],[0,-32],[38,0],[0,-33],[12,0],[0,-64],[-87,0]],[[3025,5290],[0,-32]],[[3025,5258],[-13,0]],[[3012,5258],[0,32],[-12,0]],[[2987,5322],[0,32]],[[2975,5354],[0,65]],[[2962,5419],[0,32]],[[2487,5322],[13,0],[0,-64],[-13,0],[0,64]],[[2850,5258],[0,32]],[[2850,5290],[-38,0],[0,32],[13,0],[0,32],[37,0],[0,-32],[25,0],[0,-64],[-37,0]],[[2300,5290],[12,0],[0,-32],[-12,0],[0,32]],[[2850,5258],[-13,0],[0,32],[13,0]],[[3012,5258],[-12,0],[0,32]],[[3025,5290],[12,0],[0,-32],[-12,0]],[[3175,5290],[0,-32],[-25,0],[0,32]],[[3187,5290],[25,0],[0,-32],[-25,0],[0,32]],[[5449,5290],[13,0],[0,-32],[-13,0],[0,32]],[[5587,5290],[0,-32],[-38,0]],[[5549,5258],[0,32],[38,0]],[[6562,5290],[0,-32]],[[6562,5258],[-13,0]],[[6549,5258],[0,32],[13,0]],[[6574,5290],[0,-32],[-12,0]],[[7799,5290],[38,0],[0,-32],[-38,0],[0,32]],[[2112,5612],[0,-32]],[[2112,5580],[13,0],[0,-32],[-13,0],[0,-32],[13,0],[0,-65],[12,0],[0,32],[25,0],[0,-32],[13,0]],[[2175,5451],[0,-32],[50,0]],[[2225,5419],[0,-97]],[[2225,5322],[-13,0],[0,65],[-25,0],[0,-33],[-25,0],[0,-32],[13,0],[0,-32]],[[2175,5290],[12,0]],[[2187,5290],[0,-32],[13,0],[0,-33]],[[2200,5225],[-25,0],[0,33],[-25,0],[0,32],[-38,0],[0,32],[-12,0],[0,32],[-25,0],[0,33],[-13,0],[0,129]],[[2062,5548],[0,32]],[[2187,5290],[25,0]],[[2212,5290],[0,-65]],[[2212,5225],[-12,0]],[[2450,5290],[12,0],[0,-65],[-12,0],[0,65]],[[2387,5225],[-12,0],[0,33],[12,0],[0,-33]],[[3262,5225],[-12,0],[0,33],[12,0],[0,-33]],[[5549,5258],[0,-33],[-12,0]],[[5537,5225],[0,33],[12,0]],[[5824,5258],[13,0],[0,-33],[-13,0],[0,33]],[[7037,5258],[12,0]],[[7049,5258],[0,-33]],[[7049,5225],[-12,0]],[[7037,5225],[0,33]],[[7049,5258],[13,0]],[[7062,5258],[0,-33]],[[7062,5225],[-13,0]],[[7974,5225],[0,33],[13,0],[0,-33],[-13,0]],[[7262,5354],[25,0]],[[7287,5354],[0,-96],[12,0]],[[7299,5258],[0,-65],[-12,0],[0,32]],[[7287,5225],[-38,0],[0,33],[-25,0],[0,96]],[[7224,5354],[25,0]],[[2550,5258],[12,0]],[[2562,5258],[0,-65],[-12,0],[0,65]],[[6087,5258],[0,-65]],[[6087,5193],[-13,0],[0,65],[13,0]],[[2212,5225],[0,-32]],[[2212,5193],[-12,0],[0,32]],[[3262,5225],[13,0],[0,-32],[-13,0],[0,32]],[[5537,5225],[0,-32],[-13,0],[0,32],[13,0]],[[6449,5225],[13,0],[0,-32],[-13,0],[0,32]],[[1812,7902],[25,0]],[[1837,7902],[0,-32]],[[1950,7838],[37,0]],[[2112,7741],[50,0]],[[2200,7612],[37,0]],[[2237,7644],[13,0]],[[2250,7612],[62,0]],[[2312,7515],[25,0]],[[2350,7419],[-13,0]],[[2562,7096],[0,-97]],[[2562,6999],[25,0],[0,33]],[[2600,7032],[0,-33]],[[2387,6096],[-12,0],[0,-32],[-25,0],[0,-32],[-25,0],[0,-33],[-25,0]],[[2312,5870],[0,-64],[-25,0],[0,-161]],[[2287,5612],[0,-32]],[[2325,5451],[0,-32],[12,0],[0,-65],[-12,0]],[[2325,5354],[0,-64],[12,0],[0,32],[13,0],[0,-32],[12,0],[0,-32],[-12,0],[0,-33],[-25,0],[0,-64],[-13,0],[0,64],[-50,0],[0,33],[-50,0]],[[2212,5258],[0,32]],[[2212,5290],[-37,0]],[[2225,5322],[0,32]],[[2225,5387],[0,32]],[[2112,5580],[0,97]],[[1962,5903],[13,0]],[[1975,5903],[0,-65]],[[1975,5838],[25,0]],[[2012,5741],[-25,0],[0,65]],[[1987,5806],[-25,0],[0,32],[-12,0],[0,65],[-13,0],[0,32],[-12,0],[0,64]],[[1925,5999],[-25,0],[0,33],[-13,0],[0,32],[-12,0]],[[1875,6064],[0,64]],[[1862,6128],[0,33],[-12,0],[0,64],[12,0]],[[1812,6548],[75,0]],[[1900,6515],[0,-64]],[[1900,6451],[12,0]],[[1912,6419],[13,0]],[[2012,6386],[13,0]],[[2087,6386],[-25,0]],[[2075,6935],[-25,0]],[[2050,6999],[25,0]],[[2025,7193],[0,32]],[[2012,7161],[-12,0]],[[1987,7128],[-12,0]],[[1962,7161],[0,96]],[[1962,7257],[-37,0]],[[1925,7257],[0,33]],[[1937,7386],[-37,0]],[[1900,7354],[25,0]],[[1925,7354],[0,-32]],[[1912,7257],[-12,0]],[[1900,7225],[-38,0]],[[1862,7257],[13,0]],[[1875,7290],[12,0]],[[1875,7354],[0,97]],[[1837,7548],[25,0]],[[2300,7386],[0,-64]],[[2312,7322],[0,64]],[[4287,5258],[25,0],[0,-33],[25,0],[0,-64],[-25,0],[0,32],[-25,0],[0,65]],[[2400,5225],[12,0],[0,-32],[13,0],[0,-32]],[[2425,5161],[-25,0],[0,64]],[[6174,5225],[0,-64],[-12,0],[0,32],[-13,0],[0,32],[25,0]],[[7024,5225],[13,0]],[[7037,5225],[0,-32],[12,0],[0,-32]],[[7049,5161],[-25,0],[0,64]],[[5487,5193],[12,0],[0,-32],[-12,0],[0,32]],[[6474,5193],[13,0],[0,-32],[-13,0]],[[6474,5161],[0,32]],[[7074,5161],[-12,0],[0,32],[12,0],[0,-32]],[[8399,5193],[13,0]],[[8412,5193],[0,-32],[-13,0],[0,32]],[[7187,5193],[12,0],[0,-64],[-12,0],[0,64]],[[2425,5161],[25,0],[0,-32]],[[2450,5129],[-25,0]],[[2425,5129],[0,32]],[[3300,5161],[12,0]],[[3312,5161],[0,-32],[-12,0],[0,32]],[[2325,5354],[50,0],[0,-32],[25,0],[0,-32]],[[2425,5354],[12,0]],[[2437,5354],[0,-96]],[[2437,5258],[-37,0],[0,-33]],[[2400,5225],[-13,0]],[[2387,5225],[0,-96]],[[2387,5129],[-50,0],[0,-33],[-37,0],[0,33],[-38,0],[0,32],[-25,0],[0,32],[-25,0]],[[2212,5193],[0,65]],[[7074,5161],[0,-32]],[[7074,5129],[-12,0],[0,-33]],[[7062,5096],[-25,0],[0,65],[12,0]],[[7024,5225],[0,65]],[[7024,5290],[25,0]],[[7062,5387],[-13,0]],[[7049,5419],[13,0]],[[7062,5419],[0,32],[25,0],[0,-32],[25,0],[0,-65],[-13,0],[0,-32],[13,0],[0,-97],[50,0],[0,-64],[-25,0],[0,-32],[-25,0],[0,32],[-38,0]],[[7037,5225],[25,0]],[[7062,5258],[-25,0]],[[2662,5129],[25,0],[0,-33]],[[2687,5096],[-25,0],[0,33]],[[6462,5129],[0,-33],[-13,0]],[[6449,5096],[0,33],[13,0]],[[7074,5129],[13,0]],[[7087,5129],[0,-33]],[[7087,5096],[-13,0],[0,33]],[[7237,5129],[12,0],[0,-33],[-12,0],[0,33]],[[7624,5129],[38,0],[0,-33],[-38,0],[0,33]],[[8037,5096],[-13,0]],[[8024,5096],[0,33],[13,0],[0,-33]],[[6437,5774],[0,-33],[12,0]],[[6487,5741],[12,0],[0,33],[13,0],[0,-33]],[[6649,5516],[-12,0],[0,-33]],[[6562,5354],[25,0],[0,-32],[-25,0]],[[6549,5258],[-25,0]],[[6524,5258],[0,32],[-12,0],[0,-32],[-88,0],[0,32],[-25,0],[0,-32],[-25,0],[0,-33],[-12,0],[0,-32],[-38,0],[0,-32],[-12,0],[0,-65],[-13,0],[0,-32],[-12,0],[0,65],[-25,0],[0,96],[-25,0],[0,162],[-13,0],[0,64],[-12,0],[0,-32],[-25,0],[0,32]],[[6187,5451],[-13,0],[0,32],[-12,0],[0,65],[12,0],[0,32],[-12,0],[0,32],[12,0],[0,33],[-12,0],[0,32],[-13,0],[0,-65],[-12,0],[0,97],[12,0],[0,32],[-37,0]],[[6112,5741],[0,33]],[[3300,5161],[0,-97]],[[3300,5064],[-13,0]],[[3287,5064],[0,65],[-12,0],[0,161],[12,0],[0,-97],[25,0],[0,-32]],[[5524,6193],[25,0],[0,32]],[[5687,6257],[87,0]],[[5774,6225],[38,0],[0,-32]],[[5949,5935],[0,-65]],[[5974,5838],[0,-32],[13,0],[0,-65],[12,0],[0,-64]],[[5999,5677],[-12,0],[0,-32],[-13,0],[0,-33],[-25,0],[0,-32],[-12,0],[0,-32],[-13,0],[0,-65],[-12,0],[0,33],[-13,0],[0,-65]],[[5899,5451],[-12,0],[0,32],[-13,0],[0,65],[13,0],[0,32],[-25,0],[0,-32],[-25,0],[0,-32],[-13,0],[0,-33],[-12,0],[0,97],[-50,0],[0,-32],[12,0],[0,-65],[-25,0],[0,33],[-50,0],[0,-97],[25,0],[0,32],[38,0],[0,-64],[12,0],[0,32],[13,0],[0,32],[12,0],[0,-64],[25,0],[0,-33],[-50,0],[0,-32],[-12,0],[0,-64],[25,0],[0,-33],[-13,0],[0,-32],[88,0],[0,-32],[-13,0],[0,-32],[-50,0],[0,-33],[-50,0],[0,33],[-25,0],[0,-33],[-50,0],[0,65],[-12,0],[0,97],[-13,0],[0,64],[13,0],[0,65],[-25,0],[0,-33],[-13,0],[0,-32],[13,0],[0,-32],[-50,0]],[[5587,5290],[0,32]],[[5587,5322],[-13,0],[0,65],[-12,0],[0,64]],[[5562,5451],[-13,0],[0,-97],[-12,0],[0,-32],[-25,0],[0,-32],[-13,0],[0,64],[25,0],[0,33],[-12,0],[0,32],[-38,0],[0,64],[-37,0],[0,-32],[25,0],[0,-97],[-25,0],[0,-32],[12,0],[0,-32]],[[5449,5290],[-25,0],[0,-65],[13,0],[0,-32],[12,0],[0,-32],[25,0],[0,-32],[25,0],[0,-33],[-125,0],[0,-32],[-25,0],[0,32],[-62,0],[0,33],[-38,0],[0,32],[-12,0],[0,64],[25,0],[0,33],[-13,0],[0,32],[13,0],[0,64],[-13,0],[0,33],[-25,0],[0,32],[-12,0],[0,32],[12,0],[0,32],[-25,0],[0,-32],[-12,0],[0,-32]],[[5174,5354],[0,-32],[-12,0],[0,-32],[-25,0],[0,-32],[-25,0],[0,-33],[-25,0],[0,65],[25,0],[0,64],[-25,0]],[[5087,5354],[0,65],[-13,0],[0,32],[-25,0],[0,32],[-12,0],[0,33],[-50,0]],[[4987,5516],[0,-33],[-25,0],[0,-32],[-12,0],[0,-32],[-13,0],[0,-32]],[[4937,5387],[25,0],[0,-33],[-12,0],[0,-64],[12,0],[0,-65],[-25,0],[0,-32],[-75,0],[0,32],[-25,0],[0,-32],[-12,0],[0,32],[-13,0],[0,33],[-37,0],[0,-33],[-38,0],[0,65],[-37,0],[0,64],[-38,0],[0,-64],[-25,0],[0,-32],[-62,0],[0,32],[-13,0],[0,64]],[[4562,5354],[-12,0]],[[4550,5483],[-38,0],[0,33],[13,0],[0,96],[12,0],[0,65],[13,0],[0,64],[12,0],[0,33],[13,0],[0,32],[12,0],[0,97],[25,0],[0,64],[13,0],[0,32]],[[4625,5999],[12,0],[0,33],[38,0],[0,-33]],[[2687,5096],[13,0],[0,-32]],[[2700,5064],[-13,0]],[[2687,5064],[0,32]],[[3312,5064],[-12,0]],[[3300,5064],[0,32],[12,0],[0,-32]],[[2425,5129],[12,0]],[[2437,5129],[0,-97]],[[2437,5032],[-12,0],[0,32],[-13,0],[0,32],[-12,0],[0,33],[-13,0]],[[4350,5225],[25,0],[0,-96],[-13,0],[0,-65],[-12,0],[0,-32],[-50,0],[0,64],[37,0],[0,33],[13,0],[0,96]],[[2512,5064],[13,0]],[[2525,5064],[0,-32]],[[2525,5032],[-13,0],[0,32]],[[3300,5064],[0,-32],[-13,0],[0,32]],[[7762,5064],[12,0],[0,-32],[-12,0],[0,32]],[[8037,5096],[0,-64]],[[8037,5032],[-25,0],[0,32],[12,0]],[[8024,5064],[0,32]],[[8399,5032],[0,32],[13,0],[0,-32],[-13,0]],[[2437,5129],[25,0]],[[2462,5129],[0,-33],[13,0],[0,-32]],[[2475,5064],[25,0]],[[2500,5064],[0,-64]],[[2500,5000],[-25,0],[0,32]],[[2475,5032],[-38,0]],[[2500,5064],[12,0]],[[2525,5032],[0,-32]],[[2525,5000],[-25,0]],[[2700,5064],[0,-64],[-13,0],[0,64]],[[2437,5032],[13,0]],[[2450,5032],[0,-32]],[[2450,5000],[-13,0],[0,32]],[[6124,5032],[0,-32],[-12,0],[0,32],[12,0]],[[7087,5032],[12,0]],[[7099,5032],[0,-32]],[[7099,5000],[-12,0]],[[7087,5000],[0,32]],[[3312,5064],[0,-97]],[[3312,4967],[-12,0],[0,97]],[[2450,5032],[25,0]],[[2500,5000],[0,-33]],[[2500,4967],[-38,0]],[[2462,4967],[0,33],[-12,0]],[[5362,5032],[25,0],[0,-65],[-13,0],[0,33],[-12,0],[0,32]],[[2462,4967],[-12,0],[0,33]],[[2500,5000],[12,0]],[[2512,5000],[0,-33],[-12,0]],[[2600,5000],[12,0]],[[2612,5000],[0,-33],[-12,0]],[[2600,4967],[0,33]],[[7224,5000],[13,0]],[[7237,5000],[0,-33]],[[7237,4967],[-13,0]],[[7224,4967],[0,33]],[[7787,5000],[12,0]],[[7799,5000],[0,-33]],[[7799,4967],[-12,0]],[[7787,4967],[0,33]],[[6124,5064],[38,0],[0,-64],[12,0]],[[6174,5000],[0,-33],[25,0],[0,-32],[-37,0],[0,32],[-13,0],[0,33],[-12,0],[0,32],[-13,0]],[[6124,5032],[0,32]],[[2525,4967],[12,0]],[[2537,4967],[0,-32]],[[2537,4935],[-12,0]],[[2525,4935],[0,32]],[[2575,4935],[-38,0]],[[2537,4967],[13,0]],[[2550,4967],[0,33],[25,0],[0,-65]],[[3312,4967],[0,-32],[-25,0],[0,32],[25,0]],[[3350,4935],[-13,0]],[[3337,4935],[0,32],[13,0],[0,-32]],[[7799,4967],[0,-32]],[[7799,4935],[-12,0]],[[7787,4935],[0,32]],[[7949,4935],[-12,0],[0,32],[12,0],[0,-32]],[[7087,5096],[0,-96]],[[7099,5000],[0,-33]],[[7099,4967],[13,0],[0,-64],[-25,0],[0,64],[-13,0],[0,33],[-12,0]],[[7062,5000],[0,32],[-13,0],[0,64],[13,0]],[[8462,4967],[0,-32],[12,0]],[[8474,4935],[0,-32],[-25,0],[0,64],[13,0]],[[2575,4935],[0,-32]],[[2575,4903],[-25,0],[0,32],[25,0]],[[3350,4935],[0,-32],[-13,0],[0,32]],[[5387,4935],[12,0],[0,-32],[-12,0],[0,32]],[[7724,4935],[13,0],[0,-32],[-13,0]],[[7724,4903],[0,32]],[[7799,4935],[0,-32],[-12,0],[0,32]],[[7949,4935],[13,0],[0,-32],[-13,0],[0,32]],[[8374,4935],[13,0],[0,-32],[-13,0],[0,32]],[[4525,5000],[25,0],[0,-97],[12,0],[0,-33],[-25,0]],[[4537,4870],[0,33],[-12,0]],[[4525,4903],[0,97]],[[7237,4967],[0,-97],[-13,0],[0,97]],[[6474,4935],[38,0],[0,-32],[12,0],[0,-33],[-50,0],[0,65]],[[3050,4903],[12,0],[0,-33]],[[3062,4870],[-12,0]],[[3050,4870],[0,33]],[[4537,4870],[-12,0],[0,33]],[[5974,4903],[13,0],[0,-33],[-13,0],[0,33]],[[3025,4903],[25,0]],[[3050,4870],[-13,0]],[[3037,4870],[0,-32],[-12,0],[0,65]],[[3300,4838],[-13,0]],[[3287,4838],[0,32],[-12,0]],[[3275,4870],[0,33],[25,0],[0,-65]],[[7724,4903],[0,-65]],[[7724,4838],[-12,0]],[[7712,4838],[0,65],[12,0]],[[3287,4838],[-12,0],[0,32]],[[7074,4870],[13,0]],[[7087,4870],[0,-32],[-13,0],[0,32]],[[7149,4870],[13,0],[0,-32],[-13,0],[0,32]],[[7187,4870],[0,-32]],[[7187,4838],[-13,0]],[[7174,4838],[0,32],[13,0]],[[3112,4806],[-12,0],[0,32]],[[3100,4838],[-25,0],[0,65],[37,0],[0,-97]],[[7912,4870],[12,0]],[[7924,4870],[0,-32],[-12,0],[0,-32],[-13,0]],[[7899,4806],[0,32]],[[7899,4838],[-12,0],[0,32],[12,0],[0,33],[13,0],[0,-33]],[[2587,4838],[13,0],[0,-32]],[[2600,4806],[-13,0],[0,32]],[[2625,4838],[12,0],[0,-32],[-12,0]],[[2625,4806],[0,32]],[[2937,4838],[0,-32]],[[2937,4806],[-12,0]],[[2925,4806],[0,32],[12,0]],[[6349,4838],[13,0]],[[6362,4838],[0,-32],[-13,0],[0,32]],[[6424,4838],[13,0]],[[6437,4838],[0,-32],[-13,0],[0,32]],[[7724,4838],[0,-32],[-12,0],[0,32]],[[8424,4838],[25,0],[0,-32],[-25,0],[0,32]],[[2587,5000],[13,0]],[[2600,5000],[0,-65]],[[2600,4935],[12,0],[0,-32],[13,0]],[[2625,4903],[0,-129]],[[2625,4774],[-13,0]],[[2612,4774],[0,32],[-12,0]],[[2587,4838],[0,32],[-25,0],[0,33],[13,0]],[[2575,4935],[12,0],[0,65]],[[4537,4838],[25,0],[0,-64]],[[4562,4774],[-25,0],[0,64]],[[4712,4838],[25,0],[0,-64],[-25,0],[0,64]],[[3200,4806],[0,-32]],[[3200,4774],[-25,0]],[[3175,4774],[0,32],[25,0]],[[3200,4806],[12,0]],[[3212,4806],[0,-32]],[[3212,4774],[-12,0]],[[3212,4806],[25,0],[0,-32],[-25,0]],[[3250,4806],[12,0],[0,-32],[-12,0],[0,32]],[[6274,4806],[0,-32]],[[6274,4774],[-12,0],[0,32],[12,0]],[[7574,5000],[13,0],[0,-194],[-13,0],[0,-65],[-12,0],[0,194],[12,0],[0,65]],[[2937,4806],[25,0],[0,-32],[-12,0],[0,-33]],[[2950,4741],[-13,0],[0,65]],[[7924,4870],[13,0]],[[7937,4870],[0,-96]],[[7937,4774],[-13,0]],[[7924,4774],[0,-33],[-12,0],[0,33],[-13,0]],[[7899,4774],[0,32]],[[7974,4806],[0,-65]],[[7974,4741],[-25,0]],[[7949,4741],[0,33]],[[7949,4774],[-12,0]],[[7937,4774],[0,32]],[[7937,4806],[12,0],[0,32],[13,0],[0,-32],[12,0]],[[3162,4774],[13,0]],[[3175,4774],[0,-33],[-13,0]],[[3162,4741],[0,33]],[[4600,4741],[-13,0]],[[4587,4741],[0,33],[13,0],[0,-33]],[[5612,4774],[12,0],[0,-33],[-12,0],[0,33]],[[7874,4774],[0,-33]],[[7874,4741],[-12,0],[0,33],[12,0]],[[2912,4806],[0,-97]],[[2912,4709],[-12,0]],[[2900,4709],[0,97],[12,0]],[[2912,4806],[13,0]],[[2925,4806],[0,-97]],[[2925,4709],[-13,0]],[[3037,4870],[25,0]],[[3062,4870],[0,-96]],[[3062,4774],[-12,0],[0,-33]],[[3050,4741],[-25,0]],[[3025,4741],[0,-32]],[[3025,4709],[-38,0]],[[2987,4709],[0,65],[13,0],[0,32],[-25,0]],[[2975,4806],[0,64],[12,0],[0,33],[38,0]],[[3137,4774],[13,0]],[[3150,4774],[0,-65]],[[3150,4709],[-13,0]],[[3137,4709],[0,65]],[[3150,4774],[12,0]],[[3162,4741],[25,0]],[[3187,4741],[0,-32]],[[3187,4709],[-37,0]],[[6424,4709],[0,65],[13,0],[0,-65],[-13,0]],[[2900,4709],[-13,0]],[[2887,4709],[0,32],[13,0],[0,-32]],[[2950,4741],[25,0],[0,-32],[-25,0],[0,32]],[[3050,4741],[25,0],[0,-32],[-25,0]],[[3050,4709],[0,32]],[[3300,4838],[25,0],[0,-64],[-13,0],[0,-65]],[[3312,4709],[-37,0],[0,32],[12,0]],[[3287,4741],[0,65],[13,0],[0,32]],[[4600,4741],[0,-32]],[[4600,4709],[-13,0],[0,32]],[[4600,4741],[12,0],[0,-32]],[[4612,4709],[-12,0]],[[7874,4741],[25,0]],[[7899,4741],[0,-32],[-25,0],[0,32]],[[3050,4709],[-13,0],[0,-32]],[[3037,4677],[-12,0]],[[3025,4677],[0,64]],[[7237,5064],[0,-64]],[[7224,5000],[0,-291],[-25,0],[0,-32]],[[7199,4677],[-25,0],[0,32],[-12,0],[0,32],[25,0],[0,65],[12,0],[0,32]],[[7199,4838],[-12,0]],[[7187,4838],[0,97]],[[7187,4935],[-25,0],[0,65],[25,0],[0,64],[50,0]],[[2650,4677],[0,32],[12,0],[0,65],[13,0],[0,-65],[12,0],[0,-32],[-37,0]],[[3000,4709],[12,0]],[[3012,4709],[0,-32]],[[3012,4677],[-12,0]],[[3000,4677],[0,32]],[[3012,4709],[13,0]],[[3025,4709],[0,-32]],[[3025,4677],[-13,0]],[[3050,4709],[0,-32],[-13,0]],[[3262,4709],[0,-32]],[[3262,4677],[-12,0]],[[3250,4677],[0,32],[12,0]],[[5637,4741],[12,0],[0,-64],[-50,0],[0,32],[38,0],[0,32]],[[7249,4677],[-37,0]],[[7212,4677],[0,32],[37,0],[0,-32]],[[7712,4709],[12,0]],[[7724,4709],[0,-32],[-12,0],[0,32]],[[7787,4677],[-13,0],[0,32],[13,0],[0,-32]],[[8299,4709],[13,0],[0,-32],[-13,0],[0,32]],[[8462,4677],[0,32],[12,0],[0,-32],[-12,0]],[[7937,4741],[37,0]],[[7974,4741],[0,-64],[-12,0],[0,-32],[-13,0]],[[7949,4645],[0,64],[-12,0],[0,32]],[[6412,4709],[12,0]],[[6424,4709],[0,-64],[-12,0],[0,64]],[[3162,4677],[13,0],[0,-32],[-13,0],[0,32]],[[4712,4645],[-12,0],[0,32],[12,0],[0,-32]],[[7199,4677],[13,0]],[[7212,4677],[0,-32],[-13,0]],[[7199,4645],[0,32]],[[7562,4677],[25,0],[0,-32],[-25,0],[0,32]],[[8462,4677],[0,-32],[-13,0]],[[8449,4645],[0,32],[13,0]],[[3112,4806],[0,-65]],[[3112,4741],[-12,0],[0,-32],[-13,0],[0,-32],[-25,0],[0,-32],[-12,0],[0,-33],[-13,0]],[[3037,4612],[0,65]],[[3062,4774],[0,64],[38,0]],[[2787,4645],[13,0]],[[2800,4645],[0,-33],[-13,0],[0,33]],[[3037,4612],[-25,0],[0,33],[13,0],[0,32]],[[3262,4645],[0,-33]],[[3262,4612],[-12,0],[0,33],[12,0]],[[3262,4645],[13,0],[0,-33],[-13,0]],[[7112,4645],[12,0]],[[7124,4645],[0,-33],[-12,0],[0,33]],[[8449,4645],[0,-33],[-12,0]],[[8437,4612],[0,33],[12,0]],[[2925,4580],[0,97],[25,0],[0,-32],[-13,0],[0,-65],[-12,0]],[[2675,4645],[0,-65]],[[2675,4580],[-13,0],[0,65],[13,0]],[[3062,4612],[13,0],[0,-32],[-13,0],[0,32]],[[3350,4612],[12,0],[0,-32],[-12,0]],[[3350,4580],[0,32]],[[4975,4612],[12,0]],[[4987,4612],[0,-32]],[[4987,4580],[-12,0]],[[4975,4580],[0,32]],[[5537,4612],[12,0],[0,-32],[-12,0],[0,32]],[[7274,4580],[-12,0]],[[7262,4580],[0,32],[12,0],[0,-32]],[[7162,6225],[12,0]],[[7287,6064],[0,-32]],[[7287,6032],[87,0]],[[7412,5967],[37,0]],[[7449,5967],[0,-32],[38,0],[0,-32],[75,0]],[[7562,5903],[0,-33],[-63,0],[0,-32],[-12,0],[0,-32],[75,0],[0,-65],[-25,0],[0,-96],[12,0],[0,-33],[13,0],[0,-96],[-13,0]],[[7549,5516],[0,64]],[[7549,5580],[-50,0]],[[7437,5516],[-13,0],[0,-65],[-12,0],[0,-32],[-13,0],[0,-32],[-25,0],[0,-33],[-12,0],[0,-32],[-13,0],[0,-32],[-25,0],[0,-32],[-12,0],[0,-33],[-13,0],[0,33]],[[7287,5354],[12,0]],[[7287,5387],[0,64]],[[7299,5451],[0,65]],[[7349,5612],[0,97]],[[7349,5709],[-50,0]],[[7274,5709],[-12,0]],[[7237,5645],[12,0]],[[7249,5612],[-25,0]],[[7224,5612],[0,-64]],[[7237,5548],[0,-32]],[[7224,5483],[-25,0]],[[7187,5419],[25,0]],[[7287,5225],[0,-64],[-25,0],[0,-32],[-25,0]],[[7237,5129],[0,-65]],[[7187,4935],[0,-65]],[[7174,4838],[25,0]],[[7199,4645],[-25,0],[0,-65],[-12,0],[0,-32],[-25,0],[0,32],[-13,0],[0,65]],[[7112,4645],[0,96],[-13,0],[0,65],[-12,0],[0,64]],[[7074,4870],[0,65],[-12,0],[0,65]],[[7099,4967],[0,65]],[[7087,5032],[0,97]],[[7062,5419],[-25,0]],[[7049,5451],[0,65]],[[7012,5483],[0,65]],[[7012,5580],[0,32]],[[6999,5612],[0,129]],[[7049,5741],[0,65]],[[7112,5903],[0,32]],[[7137,5935],[0,64]],[[7137,6161],[0,32]],[[7137,5870],[0,-96]],[[7149,5774],[0,64]],[[7149,5838],[13,0]],[[7362,5580],[-13,0]],[[7374,5548],[0,97]],[[2862,4645],[13,0],[0,-97]],[[2875,4548],[-13,0],[0,97]],[[4662,4645],[0,-33],[-12,0],[0,-64],[-13,0]],[[4637,4548],[0,32],[-12,0],[0,65],[37,0]],[[3350,4580],[25,0],[0,-32]],[[3375,4548],[-38,0]],[[3337,4548],[0,64],[13,0]],[[4775,4580],[-13,0],[0,-32],[-37,0],[0,32],[25,0],[0,32],[25,0],[0,-32]],[[4775,4580],[12,0],[0,-32],[-12,0],[0,32]],[[5024,4580],[13,0],[0,-32],[-13,0],[0,32]],[[8249,4580],[13,0],[0,-64]],[[8262,4516],[-13,0]],[[8249,4516],[0,32],[-12,0]],[[8237,4548],[0,64],[12,0],[0,-32]],[[4912,4548],[-12,0],[0,-32],[-13,0],[0,32],[-12,0],[0,32],[37,0],[0,-32]],[[3137,4548],[13,0],[0,-32],[-13,0],[0,32]],[[3200,4516],[-13,0]],[[3187,4516],[0,32],[13,0],[0,-32]],[[3225,4516],[-13,0]],[[3212,4516],[0,32],[13,0],[0,-32]],[[5362,4580],[12,0],[0,-32],[13,0],[0,-32],[-50,0],[0,32],[25,0],[0,32]],[[5699,4548],[13,0],[0,-32],[-13,0],[0,32]],[[7799,4548],[0,-32],[-12,0]],[[7787,4516],[0,32],[12,0]],[[8249,4516],[-12,0]],[[8237,4516],[0,32]],[[2900,4580],[25,0]],[[2925,4580],[0,-32],[-13,0],[0,-65]],[[2912,4483],[-12,0]],[[2900,4483],[0,97]],[[7599,4483],[0,33],[-12,0]],[[7587,4516],[0,64],[12,0],[0,-32],[13,0],[0,-65],[-13,0]],[[4912,4548],[25,0],[0,-65],[-12,0],[0,33],[-13,0],[0,32]],[[7274,4548],[13,0],[0,-65],[-13,0],[0,65]],[[2750,4516],[12,0],[0,-33],[-12,0],[0,33]],[[2937,4483],[0,33],[13,0],[0,-33],[-13,0]],[[2975,4483],[-13,0],[0,33],[13,0],[0,-33]],[[3225,4516],[12,0],[0,-33]],[[3237,4483],[-12,0],[0,33]],[[4837,4516],[13,0],[0,-33],[-13,0],[0,33]],[[5074,4548],[0,-65]],[[5074,4483],[-25,0]],[[5049,4483],[0,33],[13,0],[0,32],[12,0]],[[5099,4483],[-12,0],[0,33],[12,0],[0,-33]],[[5624,4516],[13,0],[0,-33],[-13,0],[0,33]],[[7599,4483],[-12,0],[0,33]],[[7762,4516],[0,-33],[-13,0],[0,33],[13,0]],[[7249,4677],[0,-32],[13,0],[0,-65]],[[7274,4580],[0,-129]],[[7274,4451],[-25,0],[0,97],[-12,0],[0,32],[-13,0],[0,32],[-12,0]],[[7212,4612],[0,65]],[[3162,4516],[13,0]],[[3175,4516],[0,-65],[-13,0]],[[3162,4451],[0,65]],[[4700,4516],[0,-65]],[[4700,4451],[-25,0],[0,32],[-13,0],[0,33],[38,0]],[[4737,4516],[63,0],[0,-33],[-13,0],[0,-32],[-25,0],[0,32],[-25,0],[0,33]],[[2875,4483],[0,-32]],[[2875,4451],[-13,0],[0,32],[13,0]],[[5099,4483],[13,0]],[[5112,4483],[0,-32],[-13,0]],[[5099,4451],[0,32]],[[5412,4483],[12,0],[0,-32],[-12,0],[0,32]],[[7274,4451],[0,-32],[-62,0],[0,193]],[[5987,4612],[25,0],[0,-32],[12,0],[0,-161],[-12,0],[0,64],[-13,0],[0,-32],[-12,0],[0,32],[-13,0],[0,33],[-12,0],[0,64],[25,0],[0,32]],[[8262,4516],[12,0],[0,-97]],[[8274,4419],[-12,0],[0,97]],[[2975,4483],[25,0],[0,-32]],[[3000,4451],[-13,0],[0,-32],[-12,0]],[[2975,4419],[0,64]],[[5074,4483],[0,-32]],[[5074,4451],[-12,0],[0,-32],[-13,0]],[[5049,4419],[0,64]],[[5274,4419],[0,32],[-12,0]],[[5262,4451],[0,32],[12,0],[0,33],[13,0],[0,-33],[12,0],[0,33],[25,0],[0,-33],[-12,0],[0,-32],[-13,0],[0,-32],[-25,0]],[[6062,4483],[37,0],[0,-64],[-37,0],[0,64]],[[2837,4451],[13,0],[0,-32],[-13,0]],[[2837,4419],[0,32]],[[3237,4483],[13,0]],[[3250,4483],[0,-32]],[[3250,4451],[12,0],[0,-32],[-37,0],[0,32],[12,0],[0,32]],[[4700,4451],[0,-32]],[[4700,4419],[-13,0],[0,32],[13,0]],[[5274,4419],[-12,0],[0,32]],[[7637,4419],[0,32],[25,0],[0,-32],[-25,0]],[[8374,5419],[25,0],[0,-65]],[[8399,5322],[0,-64],[13,0],[0,-65]],[[8399,5193],[0,-64],[-12,0],[0,-33],[12,0],[0,-64]],[[8399,5032],[63,0],[0,-65]],[[8474,4935],[13,0],[0,-97],[12,0],[0,-97],[13,0],[0,-129],[12,0],[0,-129],[-12,0],[0,-32],[-13,0],[0,-64],[-37,0],[0,32],[-25,0],[0,97],[-25,0],[0,-65],[-38,0]],[[8374,4451],[0,97],[13,0],[0,32],[12,0],[0,32],[13,0],[0,33],[-13,0],[0,32],[-12,0],[0,64],[-13,0],[0,65],[13,0],[0,32],[-13,0],[0,32],[-25,0],[0,-32],[-12,0],[0,-32],[-13,0],[0,-32],[13,0],[0,-33],[-13,0],[0,-32],[-25,0]],[[8299,4709],[0,-64],[-12,0],[0,-33],[-13,0],[0,-32],[-25,0]],[[8249,4580],[0,65],[13,0],[0,32],[12,0],[0,32],[13,0],[0,32],[12,0],[0,65],[13,0],[0,32],[12,0],[0,65],[25,0],[0,32],[-12,0],[0,32],[-13,0],[0,33],[13,0],[0,32],[-13,0],[0,161],[13,0],[0,129]],[[8349,5354],[13,0],[0,33]],[[8399,4935],[0,-32],[13,0],[0,32],[-13,0]],[[8462,4677],[-25,0],[0,-65]],[[2937,4838],[38,0],[0,-32]],[[2987,4709],[13,0]],[[3000,4677],[25,0]],[[3037,4612],[0,-32],[-12,0],[0,-32],[12,0],[0,-32],[-12,0],[0,-65],[-25,0]],[[2975,4419],[-13,0],[0,-32]],[[2962,4387],[-25,0],[0,96]],[[2937,4483],[-25,0]],[[2900,4580],[0,-32]],[[2900,4548],[-25,0]],[[2875,4548],[0,129],[12,0],[0,32]],[[2887,4709],[38,0]],[[5049,4419],[-25,0]],[[5024,4419],[0,-32]],[[5024,4387],[-24,0]],[[5000,4387],[0,96],[12,0],[0,-32],[25,0],[0,32],[12,0]],[[3325,4451],[12,0],[0,-64],[-12,0],[0,64]],[[4700,4451],[25,0]],[[4725,4451],[0,-64],[-13,0],[0,32],[-12,0]],[[2975,4419],[0,-32],[-13,0]],[[3062,4419],[25,0],[0,-32],[-25,0],[0,32]],[[3150,4419],[25,0],[0,-32],[-25,0],[0,32]],[[3525,4419],[12,0],[0,-32],[-12,0]],[[3525,4387],[0,32]],[[5024,4419],[13,0],[0,-32],[-13,0]],[[8312,4387],[-25,0]],[[8287,4387],[0,32],[25,0],[0,-32]],[[2887,4483],[25,0]],[[2912,4483],[0,-32],[13,0],[0,-97],[-13,0]],[[2912,4354],[0,33],[-25,0]],[[2887,4387],[0,96]],[[3287,4387],[0,-33]],[[3287,4354],[-12,0],[0,33],[12,0]],[[5000,4387],[0,-33],[-13,0]],[[4987,4354],[0,33],[13,0]],[[5199,4354],[0,33],[13,0],[0,-33],[-13,0]],[[5274,4387],[0,-33],[-12,0],[0,33],[12,0]],[[5349,4419],[25,0],[0,-65],[-37,0],[0,33],[12,0],[0,32]],[[8212,4387],[-13,0],[0,-33]],[[8199,4354],[-25,0],[0,33],[13,0],[0,32],[25,0],[0,-32]],[[8312,4387],[12,0]],[[8324,4387],[0,-33]],[[8324,4354],[-12,0]],[[8312,4354],[0,33]],[[8374,4451],[0,-64],[-25,0],[0,-33],[-25,0]],[[8324,4387],[13,0],[0,96],[25,0],[0,-32],[12,0]],[[2900,4548],[0,-65]],[[2900,4483],[-13,0]],[[2887,4483],[0,-161]],[[2887,4322],[-12,0]],[[2875,4322],[0,226]],[[2837,4387],[13,0],[0,-65],[-13,0]],[[2837,4322],[0,65]],[[5312,4387],[12,0],[0,-65],[-12,0],[0,65]],[[3175,4354],[12,0],[0,-32],[-12,0],[0,32]],[[3287,4354],[13,0]],[[3300,4354],[0,-32]],[[3300,4322],[-13,0],[0,32]],[[3400,4354],[0,-32],[-13,0]],[[3387,4322],[0,32],[13,0]],[[3412,4354],[13,0],[0,-32],[-13,0],[0,32]],[[3462,4354],[13,0],[0,-32],[-13,0],[0,32]],[[5199,4354],[0,-32]],[[5199,4322],[-50,0]],[[5149,4322],[0,32],[13,0]],[[5162,4354],[0,33],[12,0],[0,-33],[25,0]],[[8299,4354],[13,0]],[[8312,4354],[0,-32],[-13,0],[0,32]],[[8524,4354],[13,0],[0,-32]],[[8537,4322],[-13,0],[0,32]],[[3550,4354],[0,-64]],[[3550,4290],[-13,0],[0,64],[13,0]],[[3550,4354],[25,0],[0,-32]],[[3575,4322],[-13,0],[0,-32],[-12,0]],[[3050,4322],[12,0]],[[3062,4322],[0,-32]],[[3062,4290],[-12,0]],[[3050,4290],[0,32]],[[3387,4322],[0,-32],[-25,0]],[[3362,4290],[0,32],[25,0]],[[5149,4322],[13,0]],[[5162,4322],[0,-32]],[[5162,4290],[-13,0],[0,32]],[[5162,4322],[12,0]],[[5174,4322],[0,-32]],[[5174,4290],[-12,0]],[[5174,4322],[13,0]],[[5187,4322],[0,-32]],[[5187,4290],[-13,0]],[[5187,4322],[12,0]],[[5199,4322],[0,-32]],[[5199,4290],[-12,0]],[[5199,4322],[25,0]],[[5224,4322],[0,-32]],[[5224,4290],[-25,0]],[[5224,4322],[13,0]],[[5237,4322],[0,-32]],[[5237,4290],[-13,0]],[[7999,4322],[0,-32],[-12,0]],[[7987,4290],[0,32],[12,0]],[[2962,4387],[0,-65],[-12,0],[0,-32],[-25,0],[0,-32],[-13,0],[0,96]],[[8537,4322],[0,-64],[-25,0],[0,96],[12,0]],[[3575,4322],[12,0],[0,-64]],[[3587,4258],[-12,0],[0,64]],[[2850,4290],[12,0]],[[2862,4290],[0,-32]],[[2862,4258],[-12,0]],[[2850,4258],[0,32]],[[3350,4290],[12,0]],[[3362,4290],[0,-32],[-12,0]],[[3350,4258],[0,32]],[[5237,4290],[12,0],[0,-32]],[[5249,4258],[-12,0],[0,32]],[[7999,4322],[13,0],[0,-64]],[[8012,4258],[-25,0]],[[7987,4258],[0,32]],[[8149,4258],[-12,0]],[[8137,4258],[0,32],[12,0],[0,-32]],[[2912,4354],[-12,0],[0,-64],[-13,0],[0,-65]],[[2887,4225],[-12,0]],[[2875,4225],[0,97]],[[2887,4322],[0,65]],[[8274,4290],[13,0],[0,-65],[-25,0]],[[8262,4225],[0,97],[12,0],[0,-32]],[[8474,4290],[25,0],[0,-65],[-25,0],[0,65]],[[3137,4709],[50,0]],[[3187,4741],[13,0],[0,-32]],[[3200,4709],[12,0],[0,32],[13,0],[0,-32],[12,0],[0,-32]],[[3237,4677],[25,0]],[[3262,4677],[0,-32]],[[3262,4612],[0,-32],[13,0],[0,-64]],[[3275,4516],[-25,0]],[[3250,4516],[0,-33]],[[3212,4516],[-12,0]],[[3187,4516],[-25,0]],[[3162,4516],[0,-33]],[[3162,4483],[-25,0],[0,-64],[-12,0],[0,-32]],[[3125,4387],[-13,0]],[[3112,4387],[0,-33],[-12,0],[0,-32]],[[3100,4322],[-50,0]],[[3050,4290],[-13,0]],[[3037,4290],[0,-32],[-25,0]],[[3012,4258],[0,-33]],[[3012,4225],[-50,0],[0,33],[13,0],[0,64],[12,0],[0,65],[13,0],[0,64]],[[3112,4741],[0,33],[25,0]],[[3187,4258],[13,0],[0,-33],[-13,0],[0,33]],[[5249,4258],[0,-33],[-25,0],[0,33],[25,0]],[[5799,4225],[-12,0]],[[5787,4225],[0,33],[12,0],[0,-33]],[[8012,4258],[0,-33]],[[8012,4225],[-25,0],[0,33]],[[5499,4258],[13,0]],[[5512,4258],[0,-65]],[[5512,4193],[-13,0],[0,65]],[[7949,4193],[0,32]],[[7949,4225],[-12,0],[0,33],[25,0],[0,-65],[-13,0]],[[2837,4193],[-12,0],[0,32],[12,0],[0,-32]],[[2900,4225],[12,0]],[[2912,4225],[0,-32]],[[2912,4193],[-12,0]],[[2900,4193],[0,32]],[[5462,4225],[12,0],[0,-32],[-12,0],[0,32]],[[5799,4225],[0,-32],[-12,0],[0,32]],[[7887,4225],[0,-32]],[[7887,4193],[-13,0]],[[7874,4193],[0,32],[13,0]],[[7887,4225],[12,0],[0,-32]],[[7899,4193],[-12,0]],[[7949,4193],[-25,0],[0,32],[25,0]],[[8012,4225],[25,0],[0,-32],[-25,0],[0,32]],[[8099,4225],[0,-32],[-12,0]],[[8087,4193],[0,32],[12,0]],[[8137,4258],[0,-65],[-25,0],[0,32]],[[8112,4225],[12,0],[0,33],[13,0]],[[3287,4419],[13,0],[0,-32],[12,0],[0,-33],[25,0],[0,-32],[13,0]],[[3350,4322],[0,-161]],[[3350,4161],[-25,0]],[[3325,4161],[0,32],[-25,0],[0,32]],[[3300,4225],[-13,0]],[[3287,4225],[0,65],[13,0]],[[3300,4290],[0,64]],[[3287,4354],[0,65]],[[2862,4322],[13,0]],[[2875,4225],[25,0]],[[2900,4193],[-13,0]],[[2887,4193],[0,-32],[-12,0],[0,32],[-13,0],[0,-32],[-12,0]],[[2850,4161],[0,97]],[[2862,4258],[0,64]],[[3200,4774],[87,0],[0,-33]],[[3312,4709],[0,-32],[13,0],[0,-32],[12,0],[0,-97]],[[3375,4548],[0,-32],[25,0],[0,-33],[12,0],[0,-32],[88,0],[0,-32],[12,0]],[[3512,4419],[0,-32],[-12,0],[0,-97],[12,0],[0,-32],[-12,0],[0,-33],[-13,0],[0,-64],[-12,0],[0,32],[-38,0],[0,65],[13,0],[0,129],[-13,0],[0,32],[-12,0],[0,-32],[-13,0],[0,-33]],[[3412,4354],[-12,0]],[[3400,4354],[0,33],[-13,0],[0,32],[-12,0],[0,-32],[-25,0],[0,32],[12,0],[0,32],[-12,0],[0,32],[-25,0],[0,65],[-13,0],[0,32],[-25,0],[0,-32],[13,0],[0,-32]],[[3300,4516],[-25,0]],[[3262,4645],[0,64]],[[3250,4677],[-13,0]],[[3200,4709],[0,65]],[[3587,4258],[0,-33],[-25,0]],[[3562,4225],[0,-32],[-12,0],[0,-32],[-25,0],[0,64],[12,0],[0,33],[13,0],[0,32]],[[7649,4225],[25,0],[0,-64],[-25,0],[0,64]],[[2812,4193],[0,-32],[-12,0]],[[2800,4161],[0,32],[12,0]],[[5662,4193],[12,0],[0,-32],[-12,0],[0,32]],[[7899,4193],[0,-32]],[[7899,4161],[-12,0],[0,32]],[[8274,4193],[0,-32],[-12,0],[0,32],[12,0]],[[8574,4193],[13,0],[0,-32],[-13,0],[0,32]],[[3387,4129],[0,129],[25,0],[0,-65],[13,0],[0,-32],[-25,0],[0,-32],[-13,0]],[[3062,4322],[50,0]],[[3112,4322],[0,-32],[-12,0],[0,-65],[-13,0],[0,-32],[-12,0],[0,-32],[-13,0],[0,-32],[-12,0],[0,32],[-50,0],[0,32],[12,0]],[[3012,4193],[0,65]],[[3037,4290],[25,0]],[[3262,4161],[13,0],[0,-32],[-13,0],[0,32]],[[7824,4161],[13,0],[0,-32],[-13,0],[0,32]],[[8224,4161],[13,0],[0,-32],[-13,0],[0,32]],[[2850,4161],[0,-65],[-13,0]],[[2837,4096],[0,65],[13,0]],[[3100,4161],[25,0],[0,-65],[-13,0],[0,33],[-12,0],[0,32]],[[3437,4161],[25,0],[0,-65],[-25,0],[0,65]],[[5474,4161],[13,0],[0,-65],[-13,0],[0,65]],[[8049,4161],[38,0],[0,-65]],[[8087,4096],[-13,0],[0,33],[-25,0],[0,32]],[[2862,4129],[13,0],[0,-33],[-13,0],[0,33]],[[3000,4129],[12,0],[0,-33],[-12,0],[0,33]],[[3387,4129],[0,-33],[-12,0],[0,33],[12,0]],[[5199,4129],[13,0],[0,-33],[-13,0],[0,33]],[[5862,4129],[0,-33]],[[5862,4096],[-13,0]],[[5849,4096],[0,33],[13,0]],[[8274,4129],[25,0],[0,-33],[-25,0]],[[8274,4096],[0,33]],[[8349,4129],[13,0],[0,-33],[-13,0],[0,33]],[[8462,4129],[0,-33]],[[8462,4096],[-13,0],[0,33],[13,0]],[[5262,4064],[-13,0]],[[5249,4064],[0,65],[13,0],[0,-65]],[[3250,4064],[0,32],[12,0],[0,-32],[-12,0]],[[8024,4064],[-12,0]],[[8012,4064],[0,32],[12,0],[0,-32]],[[8537,4064],[-13,0]],[[8524,4064],[0,32],[13,0],[0,-32]],[[3075,4032],[0,32],[12,0],[0,32],[13,0],[0,-64],[-25,0]],[[5912,4032],[-13,0],[0,32],[13,0],[0,-32]],[[6212,4032],[-13,0],[0,32],[13,0],[0,-32]],[[7887,4032],[-13,0],[0,32],[13,0],[0,-32]],[[8237,4032],[0,32],[12,0],[0,-32],[-12,0]],[[2775,4000],[-13,0]],[[2762,4000],[0,64],[13,0],[0,-64]],[[3150,4064],[0,-32],[12,0],[0,-32],[-25,0],[0,64],[13,0]],[[8587,4064],[0,-64],[-13,0]],[[8574,4000],[0,64],[13,0]],[[3250,4032],[12,0]],[[3262,4032],[0,-32]],[[3262,4000],[-12,0]],[[3250,4000],[0,32]],[[3437,4032],[13,0],[0,-32],[-13,0],[0,32]],[[3612,4032],[0,-32],[-25,0]],[[3587,4000],[0,32],[25,0]],[[5174,4032],[25,0],[0,-32],[-25,0],[0,32]],[[5912,4032],[12,0]],[[5924,4032],[0,-32]],[[5924,4000],[-12,0]],[[5912,4000],[0,32]],[[5924,4032],[13,0]],[[5937,4032],[0,-32]],[[5937,4000],[-13,0]],[[5974,4032],[13,0],[0,-32],[-13,0],[0,32]],[[8012,4032],[12,0]],[[8024,4032],[0,-32],[-12,0],[0,32]],[[8237,4032],[0,-32],[-13,0],[0,32],[13,0]],[[8387,4000],[-25,0]],[[8362,4000],[0,32],[12,0],[0,32],[13,0],[0,-64]],[[8624,4032],[0,-32],[-12,0]],[[8612,4000],[0,32],[12,0]],[[3012,3967],[-12,0],[0,65],[-13,0],[0,32],[38,0],[0,-32],[-13,0],[0,-65]],[[6037,3967],[0,33],[12,0],[0,-33],[-12,0]],[[2962,4161],[13,0],[0,-129],[-13,0],[0,-32],[13,0],[0,-33],[-25,0],[0,-32],[-13,0],[0,97],[13,0],[0,32],[-13,0],[0,32],[13,0],[0,33],[12,0],[0,32]],[[3625,4000],[37,0],[0,-33],[-12,0]],[[3650,3967],[0,-32],[-13,0],[0,32],[-12,0],[0,33]],[[5462,4000],[12,0],[0,-65],[-12,0],[0,65]],[[5887,4000],[25,0]],[[5912,4000],[0,-65],[-25,0],[0,65]],[[5937,4000],[12,0],[0,-65],[-12,0]],[[5937,3935],[0,65]],[[3012,3967],[25,0],[0,-32],[-25,0],[0,32]],[[5249,4000],[13,0],[0,-65],[-25,0]],[[5237,3935],[0,32],[12,0],[0,33]],[[5962,3967],[25,0],[0,-32],[-25,0],[0,32]],[[6037,3967],[0,-32],[-13,0],[0,32],[13,0]],[[7874,3967],[13,0],[0,-32],[-13,0],[0,32]],[[8212,3967],[12,0],[0,-32],[-12,0],[0,32]],[[8724,3967],[13,0],[0,-32]],[[8737,3935],[-13,0]],[[8724,3935],[0,32]],[[3350,4290],[0,32]],[[3287,4419],[0,-32]],[[3300,4322],[0,-32]],[[3287,4225],[-37,0]],[[3250,4225],[0,33],[-13,0],[0,32],[-25,0],[0,32],[-12,0],[0,-32],[-13,0],[0,-32]],[[3187,4258],[-25,0],[0,-65],[25,0],[0,-32],[63,0],[0,32],[37,0],[0,-64],[13,0],[0,-33],[12,0],[0,-32],[-12,0],[0,-32],[12,0],[0,-32],[-12,0],[0,-33],[12,0],[0,-64],[-25,0]],[[3287,3903],[0,32],[-25,0]],[[3262,3935],[0,97]],[[3250,4032],[0,32]],[[3250,4064],[-25,0],[0,32],[-25,0],[0,-32],[-50,0]],[[3150,4064],[0,65],[12,0],[0,32],[-25,0],[0,32],[-12,0],[0,32],[12,0],[0,33],[13,0],[0,96],[-13,0],[0,33]],[[3137,4387],[-12,0]],[[3162,4483],[0,-32]],[[3175,4516],[50,0]],[[3250,4451],[0,65]],[[3250,4516],[50,0]],[[3512,4419],[13,0]],[[3525,4387],[25,0],[0,-33]],[[3562,4225],[38,0],[0,-32]],[[3600,4193],[-25,0],[0,-32],[12,0],[0,-65],[-12,0],[0,-32],[-13,0],[0,32],[-25,0],[0,-64],[13,0],[0,-32],[-13,0],[0,-33],[-12,0],[0,97],[-38,0],[0,32],[-12,0],[0,-64],[12,0],[0,-32],[-12,0],[0,-65],[12,0],[0,-32],[-25,0],[0,32],[-25,0],[0,-32],[-12,0],[0,32],[-25,0],[0,32],[-13,0],[0,-32],[-12,0],[0,-32]],[[3375,3903],[-50,0],[0,129],[37,0],[0,32],[-25,0],[0,97]],[[3337,4161],[13,0]],[[3350,4161],[0,97]],[[5787,3903],[-13,0],[0,64],[13,0],[0,33],[12,0],[0,-65],[-12,0],[0,-32]],[[3150,3903],[-13,0]],[[3137,3903],[0,32],[13,0],[0,-32]],[[3287,3903],[-25,0],[0,32]],[[7824,3903],[-12,0],[0,32],[12,0],[0,-32]],[[8024,3935],[13,0],[0,-32]],[[8037,3903],[-13,0],[0,32]],[[8099,3903],[0,32],[13,0],[0,-32],[-13,0]],[[8274,3935],[0,-32],[-12,0]],[[8262,3903],[0,32],[12,0]],[[8524,3935],[13,0],[0,-32],[-13,0]],[[8524,3903],[0,32]],[[8562,3903],[-13,0],[0,32],[13,0],[0,-32]],[[8724,3935],[0,-32],[-25,0],[0,32],[25,0]],[[8737,3935],[12,0]],[[8749,3935],[0,-32]],[[8749,3903],[-12,0],[0,32]],[[8787,3903],[0,32],[12,0],[0,-32],[-12,0]],[[2475,4064],[12,0],[0,-32],[13,0],[0,-32],[-13,0],[0,-33],[38,0],[0,-64],[-13,0],[0,-32],[-12,0],[0,32],[-50,0],[0,129],[25,0],[0,32]],[[2575,5548],[25,0],[0,-65],[-13,0],[0,-32],[-12,0],[0,-32]],[[2575,5354],[0,-32],[-13,0],[0,-64]],[[2550,5258],[0,-97],[125,0],[0,-32],[-13,0]],[[2687,5096],[0,-355],[13,0],[0,-32],[25,0],[0,-32],[12,0],[0,-32],[13,0],[0,32],[25,0],[0,32],[50,0],[0,-32],[25,0],[0,-32],[12,0]],[[2875,4548],[0,-65]],[[2875,4451],[0,-129]],[[2862,4322],[0,-32]],[[2850,4290],[0,-129]],[[2837,4096],[-25,0],[0,-64],[-12,0]],[[2800,4032],[0,-161]],[[2800,3871],[-25,0]],[[2775,3871],[0,32],[-13,0],[0,-32],[-12,0]],[[2750,3871],[0,96],[12,0],[0,33]],[[2775,4000],[0,96],[25,0],[0,65]],[[2812,4193],[25,0]],[[2837,4193],[0,129]],[[2837,4387],[0,32]],[[2837,4451],[0,32],[-12,0],[0,65],[-13,0],[0,32],[-12,0],[0,65]],[[2787,4645],[0,-129],[-62,0],[0,32],[-13,0],[0,32],[-37,0]],[[2675,4645],[-25,0],[0,32]],[[2650,4677],[-38,0],[0,97]],[[2625,4774],[0,32]],[[2625,4838],[0,65]],[[2600,4935],[0,32]],[[2612,5000],[-25,0]],[[2550,4967],[-25,0]],[[2525,4935],[-13,0],[0,65]],[[2512,5000],[13,0]],[[2525,5000],[0,64]],[[2525,5064],[-50,0]],[[2462,5129],[-12,0]],[[2437,5258],[0,64]],[[2450,5322],[0,65],[37,0]],[[9149,3935],[13,0],[0,-64],[-13,0],[0,64]],[[3137,3903],[0,-32]],[[3137,3871],[-12,0],[0,32],[12,0]],[[3150,3903],[0,-32],[-13,0]],[[3375,3903],[12,0],[0,-32]],[[3387,3871],[-12,0],[0,32]],[[3400,3871],[0,32],[12,0],[0,-32],[-12,0]],[[3762,3903],[13,0],[0,-32]],[[3775,3871],[-13,0],[0,32]],[[5237,3903],[12,0]],[[5249,3903],[0,-32],[-12,0],[0,32]],[[5787,3903],[12,0],[0,-32],[-12,0]],[[5787,3871],[0,32]],[[5949,3903],[13,0],[0,-32],[-13,0],[0,32]],[[7824,3903],[13,0],[0,-32]],[[7837,3871],[-13,0],[0,32]],[[8037,3903],[0,-32],[-25,0],[0,32],[25,0]],[[8574,4193],[0,-64],[13,0],[0,-65]],[[8574,4000],[-12,0],[0,-33],[12,0],[0,-64],[-12,0]],[[8562,3903],[0,-32],[-38,0],[0,32]],[[8524,3935],[0,129]],[[8537,4064],[0,97],[12,0],[0,32],[25,0]],[[8624,3903],[13,0],[0,-32]],[[8637,3871],[-13,0],[0,32]],[[8749,3903],[13,0],[0,-32]],[[8762,3871],[-13,0],[0,32]],[[5874,3903],[0,-65]],[[5874,3838],[-12,0],[0,33],[-13,0],[0,32],[25,0]],[[8099,3903],[0,-65],[-12,0],[0,65],[12,0]],[[2750,3871],[0,-33],[-13,0]],[[2737,3838],[0,33],[13,0]],[[2787,3871],[13,0]],[[2800,3871],[0,-33]],[[2800,3838],[-13,0],[0,33]],[[3387,3871],[13,0]],[[3400,3871],[0,-33],[-13,0],[0,33]],[[3712,3871],[13,0],[0,-33],[-13,0],[0,33]],[[5787,3871],[0,-33],[-25,0],[0,33],[25,0]],[[7737,3871],[12,0],[0,-33]],[[7749,3838],[-12,0],[0,33]],[[7912,3871],[0,-33],[-13,0],[0,33],[13,0]],[[8249,3871],[0,-33]],[[8249,3838],[-12,0],[0,33],[12,0]],[[8424,3871],[0,-33]],[[8424,3838],[-12,0],[0,33],[12,0]],[[8424,3871],[13,0]],[[8437,3871],[0,-33]],[[8437,3838],[-13,0]],[[8537,3871],[12,0],[0,-33],[-12,0],[0,33]],[[8762,3871],[12,0]],[[8774,3871],[0,-33],[-12,0],[0,33]],[[8887,3871],[12,0],[0,-33],[-12,0]],[[8887,3838],[0,33]],[[5387,3935],[25,0],[0,-32],[12,0],[0,-97],[-37,0],[0,129]],[[3075,4032],[0,-32],[50,0],[0,-33],[50,0],[0,-32]],[[3175,3935],[-13,0],[0,-32],[-12,0]],[[3137,3871],[0,-33],[-12,0],[0,-32],[-75,0],[0,32],[-13,0],[0,33],[25,0],[0,32],[13,0],[0,64],[-13,0],[0,65],[13,0]],[[3312,3871],[13,0],[0,-65],[-13,0],[0,65]],[[5937,3935],[0,-64],[-13,0],[0,-33],[-37,0],[0,-32],[-13,0]],[[5874,3806],[0,65]],[[5874,3871],[38,0],[0,32],[12,0],[0,32],[13,0]],[[7837,3871],[37,0],[0,-33],[-12,0],[0,-32],[-25,0],[0,65]],[[9062,3871],[50,0],[0,-65],[-13,0],[0,32],[-37,0],[0,33]],[[3362,3838],[13,0],[0,-32],[-13,0],[0,32]],[[3837,3838],[13,0],[0,-32],[-13,0]],[[3837,3806],[0,32]],[[6137,3838],[12,0],[0,-32],[-12,0]],[[6137,3806],[0,32]],[[8299,3806],[-12,0]],[[8287,3806],[0,32],[12,0],[0,-32]],[[8674,3838],[13,0],[0,-32],[-13,0],[0,32]],[[9224,3806],[-12,0],[0,32],[12,0],[0,-32]],[[3287,3903],[0,-32],[-37,0],[0,-33],[25,0],[0,-64],[-25,0],[0,32],[-25,0],[0,65],[-13,0],[0,-33],[-25,0],[0,33],[-12,0],[0,64]],[[3175,3935],[25,0],[0,32],[-13,0],[0,65],[13,0],[0,-32],[12,0],[0,-33],[13,0],[0,-32],[12,0],[0,32],[13,0],[0,-32],[12,0]],[[3812,3838],[13,0]],[[3825,3838],[0,-64],[-13,0],[0,64]],[[5287,3838],[0,-64]],[[5287,3774],[-13,0],[0,32],[-12,0],[0,32],[25,0]],[[8124,3838],[13,0],[0,-64],[-13,0],[0,64]],[[3725,3806],[12,0],[0,-32],[-12,0],[0,32]],[[3750,3806],[12,0],[0,-32],[-12,0],[0,32]],[[7799,3806],[13,0]],[[7812,3806],[0,-32],[-13,0],[0,32]],[[8487,3806],[12,0],[0,-32],[-12,0]],[[8487,3774],[0,32]],[[8524,3806],[13,0]],[[8537,3806],[0,-32]],[[8537,3774],[-13,0]],[[8524,3774],[0,32]],[[8537,3806],[12,0]],[[8549,3806],[0,-32]],[[8549,3774],[-12,0]],[[8774,3774],[-12,0],[0,32],[12,0],[0,-32]],[[9162,3806],[25,0],[0,-32]],[[9187,3774],[-25,0],[0,32]],[[9224,3806],[25,0],[0,-32]],[[9249,3774],[-25,0]],[[9224,3774],[0,32]],[[8162,3742],[-13,0]],[[8149,3742],[0,129],[-12,0],[0,32],[12,0],[0,32],[25,0],[0,-32],[13,0],[0,-32],[-25,0],[0,-65],[12,0],[0,-32],[-12,0],[0,-32]],[[8099,3806],[13,0],[0,-64]],[[8112,3742],[-13,0],[0,64]],[[3112,3774],[13,0],[0,-32],[-13,0],[0,32]],[[7987,3742],[-13,0]],[[7974,3742],[0,32],[13,0],[0,-32]],[[8287,3774],[12,0],[0,-32]],[[8299,3742],[-12,0],[0,32]],[[8799,3742],[-12,0],[0,32],[12,0],[0,-32]],[[9237,3774],[12,0]],[[9249,3774],[0,-32]],[[9249,3742],[-12,0],[0,32]],[[8524,3774],[25,0]],[[8549,3806],[88,0],[0,-97],[-25,0],[0,33],[-25,0],[0,-33],[-38,0],[0,33],[-12,0],[0,-33],[-38,0],[0,33],[-12,0],[0,32]],[[8487,3806],[0,32],[-50,0]],[[8437,3871],[12,0],[0,32],[63,0],[0,-97],[12,0]],[[3462,3742],[13,0],[0,-33],[-13,0],[0,33]],[[3800,3742],[0,-33],[-13,0],[0,33],[13,0]],[[3937,3709],[0,33],[13,0],[0,-33],[-13,0]],[[5787,3742],[0,-33],[-13,0],[0,33],[13,0]],[[7937,3742],[12,0],[0,-33]],[[7949,3709],[-12,0],[0,33]],[[9024,3742],[13,0],[0,-33],[-13,0]],[[9024,3709],[0,33]],[[5412,3677],[0,32],[-13,0],[0,65],[38,0],[0,-97],[-25,0]],[[8237,4516],[25,0]],[[8274,4419],[0,32],[13,0],[0,-64]],[[8299,4354],[0,-64],[-25,0]],[[8262,4225],[12,0],[0,-32]],[[8274,4193],[13,0],[0,-64],[-13,0]],[[8274,4096],[38,0],[0,-64]],[[8312,4032],[-38,0],[0,-97]],[[8262,3903],[-13,0],[0,-32]],[[8249,3838],[0,-32],[-12,0],[0,-97]],[[8237,3709],[-38,0],[0,-32],[-25,0],[0,65],[-12,0]],[[8149,3742],[-37,0]],[[8099,3806],[0,-32],[-50,0],[0,129],[-12,0]],[[8024,3935],[0,97]],[[8012,4032],[0,32]],[[8024,4064],[0,97],[25,0]],[[8087,4096],[0,97]],[[8099,4225],[13,0]],[[8149,4258],[0,64],[13,0],[0,32],[37,0]],[[8212,4387],[0,64],[12,0],[0,32],[13,0],[0,33]],[[3737,3742],[38,0],[0,-33],[-13,0],[0,-32],[-25,0],[0,65]],[[6062,3742],[12,0],[0,-65],[-12,0],[0,65]],[[8762,3742],[12,0]],[[8774,3742],[0,-65],[-12,0]],[[8762,3677],[0,65]],[[5299,3709],[13,0],[0,-32]],[[5312,3677],[-13,0],[0,32]],[[5449,3709],[13,0],[0,-32],[-13,0],[0,32]],[[8237,3709],[0,-32],[-25,0],[0,32],[25,0]],[[8762,3709],[0,-32]],[[8762,3677],[-13,0]],[[8749,3677],[0,32],[13,0]],[[9262,3677],[-13,0]],[[9249,3677],[0,32],[13,0],[0,-32]],[[5337,3645],[-13,0]],[[5324,3645],[0,32],[-12,0]],[[5299,3709],[0,33],[-12,0],[0,32]],[[5287,3774],[25,0],[0,32],[12,0],[0,-32],[13,0],[0,-32],[-13,0],[0,-33],[13,0],[0,-64]],[[8799,3742],[50,0],[0,-33],[50,0],[0,-32],[13,0],[0,-32]],[[8912,3645],[-38,0],[0,32]],[[8874,3677],[-87,0]],[[8787,3677],[0,32],[12,0],[0,33]],[[3137,3677],[13,0],[0,-32],[-13,0]],[[3137,3645],[0,32]],[[3312,3677],[13,0],[0,-32],[-13,0],[0,32]],[[3487,3645],[-12,0]],[[3475,3645],[0,32],[12,0],[0,-32]],[[3550,3645],[-25,0],[0,32],[25,0],[0,-32]],[[3787,3677],[13,0],[0,-32],[-13,0],[0,32]],[[3975,3677],[12,0],[0,-32],[-12,0]],[[3975,3645],[0,32]],[[5674,3677],[13,0],[0,-32],[-13,0],[0,32]],[[5787,3677],[12,0],[0,-32],[-12,0],[0,32]],[[5862,3677],[12,0],[0,-32],[-12,0],[0,32]],[[8824,3677],[13,0]],[[8837,3677],[0,-32]],[[8837,3645],[-13,0],[0,32]],[[9199,3645],[-12,0]],[[9187,3645],[0,32],[12,0],[0,-32]],[[2787,3677],[13,0]],[[2800,3677],[0,-64]],[[2800,3613],[-13,0]],[[2787,3613],[0,64]],[[5412,3677],[0,-32],[-13,0],[0,-32],[-12,0],[0,64],[25,0]],[[6099,3677],[0,-64]],[[6099,3613],[-12,0]],[[6087,3613],[0,64],[12,0]],[[2775,3645],[12,0]],[[2787,3645],[0,-32]],[[2787,3613],[-12,0]],[[2775,3613],[0,32]],[[5337,3645],[0,-32],[-13,0],[0,32]],[[8712,3613],[-25,0],[0,32],[25,0],[0,-32]],[[8737,3645],[0,-32],[-13,0]],[[8724,3613],[0,32],[13,0]],[[8912,3645],[25,0],[0,-32]],[[8937,3613],[-25,0],[0,32]],[[9162,3645],[0,-32]],[[9162,3613],[-13,0],[0,32],[13,0]],[[2800,3645],[12,0]],[[2812,3645],[0,-65]],[[2812,3580],[-12,0]],[[2800,3580],[0,65]],[[7849,3645],[0,-65],[-25,0],[0,65],[25,0]],[[8424,3580],[0,65],[13,0],[0,-65],[-13,0]],[[8974,3645],[25,0],[0,-32],[-12,0],[0,-33],[-13,0],[0,65]],[[9224,3645],[13,0],[0,-65],[-13,0]],[[9224,3580],[0,65]],[[2737,3613],[13,0],[0,-33],[-13,0]],[[2737,3580],[0,33]],[[6074,3613],[13,0]],[[6087,3613],[0,-33]],[[6087,3580],[-13,0],[0,33]],[[9074,3580],[-12,0]],[[9062,3580],[0,33],[12,0],[0,-33]],[[3487,3645],[0,-97],[-12,0]],[[3475,3548],[0,97]],[[5337,3645],[12,0]],[[5349,3645],[0,-97]],[[5349,3548],[-12,0]],[[5337,3548],[0,97]],[[5824,3645],[0,-97],[-12,0],[0,97],[12,0]],[[2800,3613],[0,-65]],[[2800,3548],[-13,0],[0,65]],[[3287,3709],[13,0],[0,-96],[-13,0],[0,-33],[-25,0],[0,-32],[-12,0],[0,65],[12,0],[0,32],[13,0],[0,32],[12,0],[0,32]],[[3400,3548],[0,65],[12,0],[0,-65],[-12,0]],[[5912,3613],[25,0],[0,-65],[-25,0],[0,65]],[[8137,3580],[-13,0],[0,-32]],[[8124,3548],[-12,0],[0,65],[25,0],[0,-33]],[[8712,3613],[0,-33]],[[8712,3580],[-13,0],[0,-32],[-25,0],[0,65],[38,0]],[[2812,3613],[25,0],[0,-65]],[[2837,3548],[-37,0]],[[2800,3548],[0,32]],[[2812,3580],[0,33]],[[6049,3548],[0,32],[13,0],[0,-32],[-13,0]],[[8137,3580],[0,-32],[-13,0]],[[9087,3580],[12,0],[0,-32],[-12,0],[0,32]],[[9337,3548],[-13,0]],[[9324,3548],[0,32],[13,0],[0,-32]],[[8462,4129],[25,0],[0,-65],[-13,0],[0,-32],[-12,0],[0,-32],[-63,0],[0,-33],[38,0],[0,-96]],[[8437,3871],[-50,0],[0,-33],[12,0],[0,-32],[13,0],[0,-64],[12,0],[0,-162]],[[8424,3580],[-50,0],[0,65],[-12,0],[0,64],[-13,0],[0,-193],[-12,0]],[[8337,3516],[0,64],[-25,0],[0,162],[-13,0]],[[8287,3774],[0,32]],[[8299,3806],[0,129],[13,0],[0,97]],[[8312,4032],[12,0],[0,32],[13,0],[0,32],[125,0]],[[8362,4000],[-25,0],[0,-33],[12,0],[0,-32],[13,0],[0,32],[12,0],[0,33],[13,0]],[[6099,3613],[0,-97]],[[6099,3516],[-12,0]],[[6087,3516],[0,97]],[[3137,3645],[0,-65],[-12,0],[0,-32],[-13,0],[0,-32],[-12,0],[0,64],[12,0],[0,33],[13,0],[0,32],[12,0]],[[9037,3580],[12,0],[0,-32],[13,0],[0,-32]],[[9062,3516],[-25,0]],[[9037,3516],[0,64]],[[2812,3548],[13,0]],[[2825,3548],[0,-32]],[[2825,3516],[-13,0]],[[2812,3516],[0,32]],[[3062,3516],[0,32],[13,0],[0,-32],[-13,0]],[[5399,3516],[0,32],[13,0],[0,65],[25,0],[0,-33],[-13,0],[0,-64],[-25,0]],[[8024,3548],[25,0],[0,-32],[-25,0]],[[8024,3516],[0,32]],[[9337,3548],[0,-32],[-13,0],[0,-32]],[[9324,3484],[-12,0]],[[9312,3484],[0,32],[-13,0],[0,32],[-12,0],[0,97],[12,0],[0,-32],[25,0],[0,-65]],[[8837,3645],[25,0],[0,-32],[-13,0],[0,-129]],[[8849,3484],[-12,0]],[[8837,3484],[0,96],[-13,0],[0,33],[13,0]],[[8837,3613],[0,32]],[[3000,3677],[25,0],[0,-32],[-13,0],[0,-32],[-12,0],[0,-65],[25,0],[0,-32],[-50,0],[0,-32],[-13,0],[0,96],[13,0],[0,65],[25,0],[0,32]],[[8737,3645],[12,0],[0,-129]],[[8749,3516],[-12,0],[0,-32]],[[8737,3484],[-13,0]],[[8724,3484],[0,64],[-12,0]],[[8712,3548],[0,32]],[[8712,3580],[12,0],[0,33]],[[2800,3548],[12,0]],[[2812,3548],[0,-64]],[[2812,3484],[-12,0],[0,64]],[[3212,3548],[25,0],[0,-64],[-25,0],[0,64]],[[5349,3580],[13,0]],[[5362,3580],[0,-64]],[[5362,3516],[-13,0]],[[5349,3516],[0,-32],[-12,0],[0,64]],[[5349,3548],[0,32]],[[6037,3613],[37,0]],[[6087,3580],[0,-64]],[[6087,3516],[-13,0],[0,-32],[-12,0]],[[6062,3484],[0,32],[-13,0]],[[6049,3516],[0,32]],[[6049,3548],[-12,0],[0,65]],[[7912,3548],[12,0],[0,-64]],[[7924,3484],[-12,0],[0,64]],[[8724,3484],[-12,0],[0,64]],[[5362,3516],[12,0],[0,-32],[-12,0],[0,32]],[[6024,3516],[13,0],[0,-32]],[[6037,3484],[-13,0]],[[6024,3484],[0,32]],[[6062,3484],[-13,0]],[[6049,3484],[0,32]],[[8187,3516],[25,0],[0,-32],[-25,0],[0,32]],[[8337,3516],[25,0],[0,-32],[-25,0],[0,32]],[[8649,3516],[0,-32],[-12,0]],[[8637,3484],[0,32],[12,0]],[[8749,3516],[0,-32],[-12,0]],[[9037,3516],[12,0]],[[9049,3516],[0,-32],[-12,0]],[[9037,3484],[0,32]],[[3400,3548],[0,-32],[25,0]],[[3425,3516],[0,-32],[-38,0],[0,-33],[-12,0],[0,97],[25,0]],[[8174,3516],[13,0]],[[8187,3516],[0,-65],[-13,0]],[[8174,3451],[0,65]],[[8587,3451],[-25,0]],[[8562,3451],[0,65],[25,0],[0,-65]],[[6112,3451],[-13,0]],[[6099,3451],[0,33],[13,0],[0,-33]],[[8174,3484],[0,-33]],[[8174,3451],[-25,0]],[[8149,3451],[0,33],[25,0]],[[8374,3484],[13,0],[0,-33],[-13,0],[0,33]],[[8837,3484],[0,-33]],[[8837,3451],[-13,0]],[[8824,3451],[0,33],[13,0]],[[9324,3484],[0,-33],[-12,0],[0,33]],[[8837,3677],[37,0]],[[8937,3613],[0,-33],[-13,0],[0,-32],[-12,0],[0,-32],[12,0],[0,-32],[13,0],[0,-65]],[[8937,3419],[-38,0]],[[8899,3419],[0,32],[-37,0],[0,33]],[[8862,3484],[-13,0]],[[6099,3516],[0,-65]],[[6112,3451],[0,-32],[-25,0]],[[6087,3419],[0,97]],[[2812,3484],[13,0],[0,-33],[12,0],[0,-32],[-25,0],[0,65]],[[5912,3484],[25,0]],[[5937,3484],[0,-33]],[[5937,3451],[-13,0]],[[5924,3451],[0,-32]],[[5924,3419],[-12,0],[0,65]],[[6024,3484],[38,0]],[[6062,3484],[0,-33],[-25,0]],[[6037,3451],[0,-32]],[[6037,3419],[-13,0]],[[6024,3419],[0,65]],[[8524,3484],[13,0]],[[8537,3484],[0,-65],[-13,0],[0,65]],[[8637,3484],[0,-65],[-13,0]],[[8624,3419],[0,65],[13,0]],[[5812,3451],[12,0],[0,-32],[-12,0],[0,32]],[[5887,3451],[12,0]],[[5899,3451],[0,-32]],[[5899,3419],[-12,0],[0,32]],[[5937,3451],[12,0]],[[5949,3451],[0,-32]],[[5949,3419],[-12,0]],[[5937,3419],[0,32]],[[5999,3451],[13,0],[0,-32]],[[6012,3419],[-13,0]],[[5999,3419],[0,32]],[[8299,3451],[13,0],[0,-32],[-13,0],[0,32]],[[8412,3451],[12,0],[0,-32],[-12,0]],[[8412,3419],[0,32]],[[8449,3451],[25,0],[0,-32],[-25,0],[0,32]],[[8587,3451],[25,0],[0,-32],[-25,0]],[[8587,3419],[0,32]],[[8837,3451],[0,-32]],[[8837,3419],[-13,0]],[[8824,3419],[0,32]],[[9087,3419],[-13,0],[0,32],[13,0],[0,-32]],[[2937,3451],[13,0],[0,-64],[-13,0],[0,64]],[[3162,3451],[0,33],[-25,0],[0,-33],[-50,0],[0,-32],[25,0],[0,-32],[-37,0],[0,32],[-13,0],[0,32],[13,0],[0,33],[-13,0],[0,32]],[[3062,3516],[-12,0],[0,-65],[-13,0],[0,129],[13,0],[0,33],[-13,0],[0,32],[25,0],[0,32],[75,0]],[[3137,3677],[0,97],[13,0],[0,-65],[12,0],[0,33],[13,0],[0,-33],[37,0],[0,-32],[-12,0],[0,-32],[12,0],[0,-65],[-25,0],[0,-32],[13,0],[0,-32],[-13,0],[0,-32],[-12,0],[0,-33],[-13,0]],[[3625,3387],[0,64],[12,0],[0,33],[13,0],[0,-97],[-25,0]],[[8949,3451],[13,0],[0,-64]],[[8962,3387],[-13,0]],[[8949,3387],[0,64]],[[3337,3419],[13,0],[0,-32],[-13,0],[0,32]],[[5699,3419],[13,0],[0,-32],[-13,0],[0,32]],[[5849,3419],[13,0]],[[5862,3419],[0,-32]],[[5862,3387],[-13,0],[0,32]],[[5949,3419],[0,-32]],[[5949,3387],[-12,0]],[[5937,3387],[0,32]],[[6037,3419],[0,-32]],[[6037,3387],[-13,0],[0,32]],[[8387,3419],[12,0],[0,-32]],[[8399,3387],[-12,0],[0,32]],[[8587,3419],[0,-32],[-13,0],[0,32],[13,0]],[[8649,3516],[25,0],[0,-65],[-12,0],[0,-32],[-13,0],[0,-32],[-25,0],[0,32]],[[8824,3419],[0,-32]],[[8824,3387],[-12,0],[0,32],[12,0]],[[8837,3419],[0,-32]],[[8837,3387],[-13,0]],[[8837,3419],[25,0],[0,-32]],[[8862,3387],[-25,0]],[[9087,3419],[12,0],[0,-32],[-12,0],[0,32]],[[9462,3419],[12,0],[0,-32]],[[9474,3387],[-12,0],[0,32]],[[8937,3613],[12,0],[0,-65],[13,0],[0,-32],[12,0],[0,-32],[13,0],[0,-65]],[[8987,3419],[12,0],[0,-64],[-12,0]],[[8987,3355],[0,32]],[[8987,3387],[-25,0]],[[8949,3451],[0,-32]],[[8949,3419],[-12,0]],[[9337,3548],[25,0],[0,-32],[12,0],[0,-32],[13,0],[0,-65],[12,0]],[[9399,3419],[0,-64],[-37,0],[0,32],[-25,0],[0,97],[-13,0]],[[5899,3484],[13,0]],[[5924,3419],[0,-32]],[[5924,3387],[-12,0],[0,-32],[-13,0]],[[5899,3355],[0,129]],[[2887,3355],[-12,0]],[[2875,3355],[0,32],[12,0],[0,-32]],[[3262,3387],[0,-32],[-12,0],[0,32],[12,0]],[[3787,3387],[13,0],[0,-32],[-13,0],[0,32]],[[6049,3387],[13,0],[0,-32],[-13,0],[0,32]],[[6099,3387],[0,-32]],[[6099,3355],[-12,0]],[[6087,3355],[0,32],[12,0]],[[6099,3387],[13,0],[0,-32]],[[6112,3355],[-13,0]],[[9049,3387],[13,0],[0,-32]],[[9062,3355],[-13,0],[0,32]],[[9149,3355],[-25,0]],[[9124,3355],[0,32],[25,0],[0,-32]],[[9237,3387],[0,-32]],[[9237,3355],[-13,0]],[[9224,3355],[0,32],[13,0]],[[8837,3484],[25,0]],[[8899,3419],[50,0]],[[8949,3419],[0,-32]],[[8949,3387],[38,0]],[[8987,3355],[-13,0],[0,-33]],[[8974,3322],[-62,0]],[[8912,3322],[0,33]],[[8912,3355],[-25,0],[0,32],[-25,0]],[[8837,3419],[0,65]],[[3750,3387],[25,0],[0,-65],[-13,0],[0,33],[-12,0],[0,32]],[[8424,3387],[25,0],[0,-32],[-12,0]],[[8437,3355],[0,-33],[-13,0]],[[8424,3322],[0,65]],[[9237,3387],[12,0],[0,-65],[-12,0]],[[9237,3322],[0,65]],[[2887,3355],[0,-33]],[[2887,3322],[-12,0],[0,33]],[[2887,3355],[13,0],[0,-33],[-13,0]],[[2937,3355],[25,0],[0,-33],[-25,0],[0,33]],[[3162,3451],[0,-32],[38,0],[0,-97],[-63,0],[0,33],[13,0],[0,96],[12,0]],[[3462,3355],[13,0],[0,-33],[-13,0],[0,33]],[[3662,3355],[13,0],[0,-33],[-13,0],[0,33]],[[5999,3355],[13,0]],[[6012,3355],[0,-33]],[[6012,3322],[-13,0]],[[5999,3322],[0,33]],[[8912,3322],[-13,0],[0,33],[13,0]],[[8987,3355],[0,-33],[-13,0]],[[9062,3355],[12,0]],[[9074,3355],[0,-33]],[[9074,3322],[-12,0],[0,33]],[[9237,3355],[0,-33]],[[9237,3322],[-13,0],[0,33]],[[9474,3387],[13,0],[0,-65]],[[9487,3322],[-25,0],[0,33],[12,0],[0,32]],[[3550,3645],[0,-32],[-13,0],[0,-33],[-37,0],[0,-32],[12,0],[0,-32],[13,0],[0,-32],[12,0],[0,-65],[13,0],[0,97],[12,0]],[[3562,3516],[0,-32],[13,0],[0,-65],[-13,0],[0,-32],[13,0],[0,-32],[-13,0],[0,-33]],[[3562,3322],[-12,0],[0,-32],[-50,0],[0,32],[-13,0],[0,194],[-12,0],[0,32]],[[3487,3645],[13,0],[0,32],[12,0],[0,32],[50,0],[0,-32],[13,0],[0,-32],[-25,0]],[[5999,3419],[25,0]],[[6037,3387],[0,-65]],[[6037,3322],[-13,0]],[[6024,3322],[0,-32]],[[6024,3290],[-12,0]],[[6012,3290],[0,65]],[[5999,3355],[0,64]],[[3050,3290],[-13,0],[0,32],[13,0],[0,-32]],[[3562,3322],[13,0],[0,-32],[-13,0],[0,32]],[[9074,3322],[13,0]],[[9087,3322],[0,-32],[-13,0],[0,32]],[[9162,3290],[-13,0]],[[9149,3290],[0,32],[13,0],[0,-32]],[[9487,3322],[12,0],[0,-32]],[[9499,3290],[-12,0],[0,32]],[[9074,3355],[38,0]],[[9112,3355],[0,-65],[12,0],[0,-32]],[[9124,3258],[-37,0],[0,64]],[[3475,3548],[-50,0],[0,-32]],[[3425,3516],[12,0],[0,-32],[25,0],[0,-33],[-12,0],[0,-32],[-13,0],[0,-32],[13,0],[0,-32],[-13,0],[0,-33],[-12,0],[0,33],[-13,0],[0,32],[-12,0],[0,-65],[-13,0],[0,33],[-75,0],[0,-97],[-12,0],[0,32],[-13,0],[0,32],[13,0],[0,65],[-38,0]],[[3262,3387],[0,32],[-12,0],[0,32],[37,0],[0,-32],[13,0],[0,32],[50,0],[0,33],[12,0],[0,32],[-12,0],[0,32],[-13,0],[0,65],[13,0],[0,32],[12,0],[0,32],[38,0],[0,32],[25,0],[0,-96],[12,0],[0,-33],[13,0],[0,33],[12,0],[0,32],[13,0]],[[6037,3322],[12,0],[0,-64],[-12,0],[0,64]],[[6074,3322],[13,0],[0,-32],[12,0],[0,-32],[-25,0],[0,64]],[[3050,3290],[12,0],[0,-32],[-12,0],[0,32]],[[3162,3290],[13,0],[0,-32],[-13,0],[0,32]],[[3600,3290],[12,0],[0,-32],[-12,0]],[[3600,3258],[0,32]],[[8424,3258],[-12,0],[0,32],[12,0],[0,-32]],[[8624,4032],[25,0],[0,-65],[13,0],[0,33],[37,0],[0,-33],[25,0]],[[8737,3935],[0,-97],[12,0],[0,-64],[25,0]],[[8774,3774],[0,97]],[[8762,3871],[0,64],[-13,0]],[[8749,3935],[0,32],[38,0],[0,-64]],[[8787,3903],[75,0],[0,-32],[25,0]],[[8887,3838],[50,0],[0,-32],[25,0],[0,-32],[37,0],[0,-32],[25,0]],[[9024,3709],[38,0],[0,-129]],[[9074,3580],[0,65],[25,0],[0,-32],[63,0]],[[9162,3645],[12,0],[0,-32],[13,0],[0,32]],[[9199,3645],[0,64],[25,0],[0,33],[-25,0],[0,32],[-12,0]],[[9162,3806],[0,32],[37,0],[0,-32],[25,0]],[[9224,3774],[13,0]],[[9249,3742],[0,-65]],[[9262,3677],[0,-32],[-38,0]],[[9224,3580],[-12,0],[0,-32],[-25,0],[0,-32],[-38,0],[0,32],[-25,0],[0,32],[-12,0],[0,-64],[-13,0],[0,-65],[25,0],[0,-96]],[[9149,3355],[0,-65]],[[9162,3290],[0,65],[25,0],[0,64],[12,0],[0,-129],[13,0],[0,-32],[-38,0]],[[9174,3258],[0,-33]],[[9174,3225],[-25,0],[0,33],[-25,0]],[[9112,3355],[-50,0]],[[9049,3387],[0,32],[-62,0]],[[8787,3677],[37,0]],[[8837,3613],[-38,0],[0,32],[-25,0],[0,97]],[[8762,3742],[0,-33]],[[8749,3677],[-12,0],[0,32],[-25,0],[0,-32],[-25,0],[0,32],[-13,0],[0,65],[-12,0],[0,97],[-25,0]],[[8624,3903],[0,-65],[-25,0],[0,97],[13,0],[0,65]],[[9037,3580],[0,-96]],[[9049,3516],[13,0]],[[5774,3258],[0,-33],[-25,0],[0,130],[-12,0],[0,64],[12,0],[0,-32],[25,0],[0,-32],[-12,0],[0,-97],[12,0]],[[5799,3225],[-12,0],[0,33],[-13,0]],[[5774,3258],[0,64],[13,0],[0,33],[12,0],[0,-130]],[[3400,3258],[25,0],[0,-33],[-25,0],[0,33]],[[3875,3258],[12,0],[0,-33],[-12,0],[0,33]],[[5612,3290],[0,-65]],[[5612,3225],[-50,0]],[[5562,3225],[0,33],[12,0],[0,97],[13,0],[0,-33],[12,0],[0,-32],[13,0]],[[9174,3258],[25,0],[0,-33],[-25,0]],[[9249,3225],[-12,0],[0,33],[12,0],[0,-33]],[[9499,3290],[0,-32],[13,0],[0,-65],[-25,0],[0,32],[-13,0],[0,33],[-25,0],[0,32],[-25,0],[0,32],[-12,0],[0,97],[-13,0]],[[9399,3419],[0,65],[13,0],[0,-33],[25,0],[0,-32],[25,0]],[[9424,3387],[0,-32],[13,0],[0,32],[-13,0]],[[6524,5258],[13,0],[0,-65],[-63,0]],[[6474,5161],[-12,0],[0,-32]],[[6449,5096],[-12,0],[0,-32],[-38,0],[0,-32],[-37,0],[0,-32],[-25,0],[0,-33],[-25,0],[0,-32],[-50,0],[0,-32],[-25,0],[0,-33],[-25,0],[0,-64],[12,0],[0,-32],[50,0]],[[6274,4806],[38,0],[0,32],[12,0],[0,-32],[13,0],[0,32],[12,0]],[[6362,4838],[37,0],[0,32],[38,0],[0,-32]],[[6424,4838],[0,-129]],[[6412,4709],[0,-97],[-13,0],[0,-64],[-12,0],[0,-65],[-13,0],[0,-64],[-12,0],[0,-32],[-13,0],[0,-65],[-12,0],[0,-32],[-13,0],[0,-32],[-12,0],[0,-65],[-25,0],[0,-32],[-13,0],[0,-32],[-25,0],[0,-33],[-12,0],[0,-32],[-13,0],[0,-32],[-12,0]],[[6212,4032],[0,-32],[-13,0],[0,-33],[-12,0],[0,-32],[-13,0],[0,-32],[-12,0],[0,-65],[-25,0]],[[6137,3806],[-13,0],[0,-64],[-12,0],[0,-162],[-13,0],[0,97]],[[6087,3613],[-50,0]],[[6049,3548],[0,-64]],[[6049,3484],[-12,0]],[[6024,3516],[0,-97]],[[6024,3419],[-12,0]],[[5999,3451],[0,-129]],[[6012,3322],[0,-32]],[[6012,3290],[-13,0]],[[5999,3290],[0,-65],[-25,0],[0,-32]],[[5974,3193],[-12,0]],[[5962,3193],[0,32],[-13,0]],[[5949,3225],[0,33]],[[5949,3258],[-12,0],[0,32],[12,0],[0,32],[-12,0]],[[5937,3322],[0,65]],[[5949,3387],[0,64]],[[5937,3484],[-38,0]],[[5899,3484],[0,64]],[[5899,3548],[-12,0],[0,32],[12,0],[0,33],[-12,0],[0,32],[25,0],[0,64],[-13,0],[0,33],[-12,0],[0,32],[-38,0],[0,-32],[-12,0],[0,-97],[-13,0]],[[5824,3645],[0,32],[-12,0],[0,65],[-25,0]],[[5787,3742],[0,32],[-13,0],[0,32],[25,0],[0,32],[13,0],[0,65],[12,0],[0,129],[13,0],[0,64]],[[5837,4096],[25,0]],[[5862,4096],[0,97]],[[5862,4193],[-38,0],[0,32],[-25,0]],[[5787,4225],[-13,0],[0,33],[-25,0],[0,-33],[-12,0],[0,33],[-38,0],[0,32],[13,0],[0,32],[-13,0],[0,32],[-12,0],[0,-32],[-38,0],[0,32],[13,0],[0,65],[-25,0],[0,-32],[-13,0],[0,-33],[-12,0],[0,-32],[-13,0],[0,-32],[-37,0],[0,-32],[12,0],[0,-33],[-62,0]],[[5512,4225],[0,33]],[[5512,4258],[25,0]],[[5537,4258],[0,64],[-13,0],[0,-32],[-50,0],[0,32],[-37,0],[0,-32],[-13,0],[0,-32],[-12,0],[0,32],[-38,0],[0,32],[-37,0],[0,-32],[-38,0],[0,64],[-12,0],[0,33],[-13,0]],[[5274,4387],[0,32]],[[5262,4451],[-25,0],[0,-32],[-50,0],[0,32],[-13,0],[0,32],[-12,0],[0,129],[-13,0],[0,65],[-50,0],[0,64],[-37,0],[0,33],[-25,0],[0,-65],[12,0],[0,-32],[-37,0],[0,-32],[-12,0],[0,-33]],[[5000,4612],[-25,0]],[[4975,4580],[-13,0]],[[4962,4580],[0,32],[-12,0],[0,33],[12,0],[0,32],[-25,0],[0,-32],[-25,0],[0,32],[-12,0],[0,-32],[-13,0],[0,32],[-25,0],[0,-32],[-25,0],[0,32],[13,0],[0,64],[-38,0],[0,33],[-62,0],[0,-33],[-13,0],[0,-64],[-12,0],[0,-32],[-13,0]],[[4712,4645],[0,-33],[-25,0],[0,65],[-50,0],[0,32],[25,0],[0,97],[-37,0],[0,32],[-13,0],[0,-64],[13,0],[0,-65],[-13,0]],[[4587,4741],[-12,0],[0,33],[-13,0]],[[4537,4838],[0,32]],[[4525,5000],[0,32],[-13,0],[0,64],[13,0],[0,33],[12,0],[0,129],[13,0],[0,96]],[[5999,5677],[0,-32],[13,0],[0,-33],[12,0]],[[6037,5580],[0,-193],[12,0],[0,-33],[13,0],[0,-32],[12,0],[0,-32],[13,0],[0,-32]],[[6087,5193],[0,32],[12,0],[0,-64],[25,0],[0,-65],[13,0],[0,-32],[-13,0]],[[6174,5000],[13,0],[0,64],[-13,0],[0,161]],[[6174,5225],[-12,0],[0,33],[-13,0],[0,64],[-12,0],[0,32],[-13,0],[0,65],[-25,0],[0,32],[-12,0],[0,65],[-13,0],[0,129],[-12,0],[0,64]],[[6062,5709],[-25,0],[0,32],[-13,0],[0,65],[-12,0],[0,64]],[[5887,4000],[0,-129],[-13,0]],[[5874,3871],[0,32]],[[5874,3838],[0,-32]],[[5937,4032],[-25,0]],[[8974,3225],[-12,0],[0,-32],[-25,0]],[[8937,3193],[0,97],[25,0],[0,-32],[12,0],[0,-33]],[[7874,5967],[0,65]],[[8012,6064],[0,-32]],[[8012,6032],[25,0]],[[8037,5903],[50,0]],[[8087,5903],[0,-97]],[[8087,5806],[25,0]],[[8112,5806],[0,-65]],[[8062,5580],[0,-32]],[[8049,5516],[-50,0],[0,-33],[-25,0],[0,97]],[[7949,5354],[0,-32],[13,0],[0,-32],[12,0],[0,-65]],[[7974,5225],[25,0],[0,-32],[13,0],[0,-32],[12,0],[0,-97]],[[8037,5032],[0,-65],[12,0],[0,-64],[-12,0],[0,-97],[-13,0],[0,-32],[-12,0],[0,-33],[-25,0],[0,-32],[-13,0],[0,97]],[[7937,4806],[0,64]],[[7937,4870],[-25,0]],[[7899,4838],[0,-64]],[[7924,4774],[25,0]],[[7949,4741],[-12,0]],[[7949,4645],[-12,0],[0,-33],[-13,0],[0,-32],[-25,0],[0,161]],[[7874,4774],[-25,0],[0,64],[-12,0],[0,32],[-38,0],[0,130]],[[7787,5000],[0,-162],[-13,0],[0,-64],[-12,0],[0,-97],[25,0]],[[7787,4677],[0,-97],[12,0],[0,-32]],[[7787,4516],[37,0],[0,-33],[13,0],[0,-32],[12,0],[0,-32],[25,0],[0,-226]],[[7899,4161],[0,-65],[13,0],[0,-96],[12,0],[0,-33],[-12,0],[0,-96]],[[7912,3871],[12,0],[0,32],[25,0],[0,-32],[13,0],[0,-33],[12,0],[0,-32],[13,0],[0,32],[25,0],[0,-96],[-25,0]],[[7974,3742],[-37,0]],[[7949,3709],[0,-129],[63,0],[0,-32],[12,0]],[[8024,3516],[38,0],[0,32],[62,0]],[[8124,3548],[0,-32],[50,0]],[[8174,3516],[0,-32]],[[8149,3451],[63,0],[0,-32],[50,0],[0,32],[25,0],[0,-32],[100,0]],[[8399,3387],[0,64],[13,0]],[[8412,3419],[75,0],[0,65],[37,0]],[[8537,3484],[12,0],[0,-33],[13,0]],[[8562,3451],[0,-64],[-25,0],[0,-32],[-25,0],[0,-33],[-25,0],[0,-32],[-13,0],[0,-32],[-25,0],[0,-33],[-25,0],[0,-32],[-25,0],[0,32],[-25,0],[0,33],[50,0]],[[8424,3258],[0,64]],[[8437,3355],[25,0],[0,32],[-38,0]],[[8424,3387],[0,-32],[-75,0],[0,-33],[13,0],[0,-64],[-50,0],[0,32],[-13,0],[0,65],[-25,0],[0,-33],[-37,0],[0,33],[-88,0],[0,32],[-87,0],[0,32],[-75,0],[0,32],[-38,0],[0,33],[-25,0]],[[7924,3484],[0,96],[-12,0],[0,-32]],[[7912,3548],[-13,0],[0,32],[-12,0],[0,33],[-25,0],[0,32],[-13,0]],[[7849,3645],[0,32],[-12,0],[0,32],[-13,0],[0,33],[-12,0],[0,64]],[[7799,3806],[0,-64],[-25,0],[0,64],[-12,0],[0,32],[-13,0]],[[7737,3871],[0,64],[-13,0],[0,97]],[[7724,4032],[-25,0],[0,32],[-12,0],[0,129],[12,0],[0,32],[-12,0],[0,33],[-25,0],[0,32],[-13,0],[0,32],[-12,0],[0,97]],[[7637,4419],[37,0],[0,-32],[50,0],[0,-33],[13,0],[0,-64],[25,0],[0,-32],[12,0],[0,-33],[13,0],[0,-32],[12,0],[0,65],[-12,0],[0,96],[-13,0],[0,65],[-12,0],[0,97]],[[7762,4516],[-25,0],[0,32],[-13,0],[0,161]],[[7712,4709],[0,32],[12,0],[0,162]],[[7724,4935],[0,32],[-12,0],[0,162],[-13,0],[0,64],[-12,0],[0,-32],[-13,0],[0,-32],[-62,0],[0,225]],[[7587,5354],[0,65],[-13,0],[0,32],[-12,0]],[[7549,5483],[0,33]],[[7449,5967],[38,0]],[[7487,5999],[100,0]],[[7724,4032],[13,0],[0,97],[-25,0],[0,-33],[12,0],[0,-64]],[[7887,4032],[0,-32],[12,0],[0,32],[-12,0]],[[7787,3838],[0,65],[-13,0],[0,64],[-12,0],[0,33],[-13,0],[0,-65],[13,0],[0,-64],[12,0],[0,-33],[13,0]],[[7787,3838],[0,-32],[12,0]],[[7799,3806],[0,32],[-12,0]],[[9624,3193],[-25,0],[0,65],[25,0],[0,-65]],[[2925,3193],[-13,0]],[[2912,3193],[0,32],[13,0],[0,-32]],[[3037,3193],[0,32],[13,0],[0,-32],[-13,0]],[[3600,3225],[0,-32]],[[3600,3193],[-13,0]],[[3587,3193],[0,32],[13,0]],[[3600,3225],[12,0],[0,-32]],[[3612,3193],[-12,0]],[[3700,3225],[12,0],[0,-32],[-12,0],[0,32]],[[5587,3225],[25,0]],[[5612,3225],[0,-32]],[[5612,3193],[-25,0]],[[5587,3193],[0,32]],[[5962,3193],[-13,0]],[[5949,3193],[0,32]],[[6124,3225],[13,0]],[[6137,3225],[0,-32],[-13,0],[0,32]],[[8674,3225],[13,0],[0,-32]],[[8687,3193],[-13,0],[0,32]],[[9249,3225],[13,0],[0,-32],[-13,0]],[[9249,3193],[0,32]],[[3212,3225],[38,0],[0,-32],[12,0],[0,-32],[-62,0],[0,32],[12,0],[0,32]],[[3537,3193],[13,0],[0,-32],[-13,0],[0,32]],[[5549,3193],[13,0]],[[5562,3193],[0,-32],[-13,0],[0,32]],[[5624,3193],[13,0]],[[5637,3193],[0,-32]],[[5637,3161],[-13,0],[0,32]],[[5887,3193],[12,0],[0,-32],[-12,0],[0,32]],[[8649,3193],[13,0],[0,-32]],[[8662,3161],[-13,0],[0,32]],[[8687,3193],[12,0],[0,-32],[-12,0]],[[8687,3161],[0,32]],[[8787,3161],[-13,0],[0,32],[13,0],[0,-32]],[[9249,3193],[25,0],[0,32],[13,0],[0,-64],[-38,0],[0,32]],[[3037,3193],[0,-64],[-12,0],[0,32],[-25,0],[0,64],[12,0],[0,-32],[25,0]],[[2937,3129],[0,32],[-12,0]],[[2925,3161],[0,32]],[[2925,3193],[12,0],[0,32],[13,0],[0,-32],[37,0],[0,-64],[-25,0],[0,32],[-12,0],[0,-32],[-13,0]],[[9437,3193],[25,0],[0,-64],[-13,0],[0,32],[-12,0],[0,32]],[[9624,3193],[25,0],[0,-64],[-25,0],[0,64]],[[2937,3129],[-12,0]],[[2925,3129],[0,32]],[[5449,3161],[0,-32],[-12,0],[0,32],[12,0]],[[5949,3161],[13,0]],[[5962,3161],[0,-32]],[[5962,3129],[-13,0]],[[5949,3129],[0,32]],[[6374,3129],[-12,0],[0,32],[12,0],[0,-32]],[[5537,3193],[12,0]],[[5562,3193],[12,0]],[[5574,3193],[0,-97]],[[5574,3096],[-12,0]],[[5562,3096],[0,33],[-25,0],[0,-33]],[[5537,3096],[-13,0],[0,65],[13,0],[0,32]],[[5987,3161],[12,0],[0,-65]],[[5999,3096],[-12,0],[0,65]],[[8937,3129],[12,0],[0,-33],[-25,0]],[[8924,3096],[0,65],[13,0],[0,-32]],[[3050,3129],[12,0],[0,-33],[-12,0],[0,33]],[[3112,3129],[13,0]],[[3125,3129],[0,-33]],[[3125,3096],[-13,0]],[[3112,3096],[0,33]],[[3400,3129],[12,0],[0,-33],[-12,0],[0,33]],[[3587,3129],[13,0],[0,-33],[-13,0],[0,33]],[[5562,3096],[-25,0]],[[5624,3129],[13,0]],[[5637,3129],[0,-33]],[[5637,3096],[-13,0]],[[5624,3096],[0,33]],[[5762,3129],[12,0],[0,-33],[-12,0],[0,33]],[[5862,3129],[12,0],[0,-33],[-12,0],[0,33]],[[5912,3129],[12,0],[0,-33],[-12,0],[0,33]],[[6374,3129],[0,-33]],[[6374,3096],[-25,0]],[[6349,3096],[0,33],[25,0]],[[6374,3129],[13,0],[0,-33]],[[6387,3096],[-13,0]],[[8687,3096],[0,33],[12,0],[0,-33],[-12,0]],[[8774,3129],[13,0],[0,-33],[-13,0],[0,33]],[[5937,3451],[0,-129]],[[5949,3258],[0,-65]],[[5949,3193],[25,0]],[[5999,3290],[25,0]],[[6024,3290],[0,-97]],[[6024,3193],[-37,0],[0,-32]],[[5987,3161],[-38,0]],[[5949,3161],[0,-97]],[[5949,3064],[-12,0],[0,161],[-13,0]],[[5924,3225],[0,226]],[[5399,3193],[13,0],[0,-97],[12,0],[0,-32],[-25,0],[0,129]],[[6187,3193],[25,0],[0,-64],[12,0],[0,32],[13,0],[0,-32],[25,0],[0,-65],[-25,0],[0,32],[-38,0],[0,33],[-12,0],[0,64]],[[8724,3161],[13,0]],[[8737,3161],[0,-65],[12,0],[0,-32],[-25,0],[0,97]],[[3125,3096],[0,-32]],[[3125,3064],[-13,0]],[[3112,3064],[0,32]],[[3700,3096],[12,0],[0,-32],[-12,0],[0,32]],[[5574,3096],[0,-32]],[[5574,3064],[-12,0]],[[5562,3064],[0,32]],[[6374,3096],[0,-32],[-25,0]],[[6349,3064],[0,32]],[[3375,3064],[-13,0]],[[3362,3064],[0,-32]],[[3362,3032],[-25,0]],[[3337,3032],[0,129],[-12,0],[0,64],[25,0],[0,-64],[12,0],[0,-32],[13,0],[0,-65]],[[5962,3129],[0,-97]],[[5962,3032],[-13,0]],[[5949,3032],[0,97]],[[8624,3129],[50,0],[0,-33]],[[8674,3096],[13,0]],[[8687,3096],[0,-32],[-13,0],[0,-32],[-12,0],[0,32],[-13,0],[0,-32],[-12,0],[0,32],[-13,0],[0,65]],[[8987,3129],[0,-65],[12,0],[0,-32]],[[8999,3032],[-25,0],[0,97],[13,0]],[[3525,3064],[-13,0],[0,-32]],[[3512,3032],[-12,0]],[[3500,3032],[0,32]],[[3500,3064],[-13,0],[0,32],[13,0],[0,33],[12,0],[0,-33],[13,0],[0,-32]],[[5962,3096],[12,0],[0,-64]],[[5974,3032],[-12,0]],[[5962,3032],[0,64]],[[6387,3096],[12,0],[0,-64]],[[6399,3032],[-12,0],[0,64]],[[3437,3064],[13,0],[0,-32],[-13,0],[0,32]],[[3525,3064],[0,-32]],[[3525,3032],[-13,0]],[[3525,3064],[12,0]],[[3537,3064],[0,-32]],[[3537,3032],[-12,0]],[[5787,3064],[12,0],[0,-32],[-12,0],[0,32]],[[8812,3000],[-25,0],[0,32],[-13,0],[0,32],[-12,0],[0,65],[-13,0],[0,32]],[[8749,3161],[38,0]],[[8787,3161],[0,64],[12,0],[0,-96],[13,0],[0,-33],[-13,0],[0,-64],[13,0],[0,-32]],[[3100,3000],[-13,0],[0,32],[-12,0],[0,64],[12,0],[0,-32],[13,0],[0,-64]],[[3287,3032],[-12,0],[0,-32]],[[3275,3000],[-13,0]],[[3262,3000],[0,32],[-12,0],[0,32]],[[3250,3064],[-25,0]],[[3225,3064],[0,32],[25,0],[0,33],[12,0],[0,-33],[13,0],[0,-32],[12,0],[0,-32]],[[3875,3000],[-13,0],[0,96],[38,0],[0,-32],[-25,0],[0,-64]],[[5999,3096],[13,0],[0,33],[12,0],[0,32],[13,0],[0,-65],[-13,0],[0,-32],[25,0],[0,-64],[-37,0],[0,64],[-13,0],[0,32]],[[5649,3000],[0,32],[-12,0]],[[5637,3032],[0,32]],[[5637,3064],[12,0]],[[5649,3064],[0,32],[13,0],[0,33],[12,0],[0,-97],[-12,0],[0,-32],[-13,0]],[[3287,3032],[0,-32],[-12,0]],[[3487,3000],[-12,0]],[[3475,3000],[0,32],[12,0],[0,-32]],[[5512,3032],[12,0],[0,-32],[-12,0],[0,32]],[[5649,3000],[-12,0]],[[5637,3000],[0,32]],[[5987,3032],[12,0],[0,-32],[-12,0],[0,32]],[[6324,3032],[13,0],[0,-32]],[[6337,3000],[-13,0],[0,32]],[[8724,3032],[13,0],[0,-32],[-13,0],[0,32]],[[250,3000],[0,-33],[-38,0],[0,33],[-25,0],[0,64],[38,0],[0,-32],[12,0],[0,-32],[13,0]],[[6399,3032],[0,-65]],[[6399,2967],[-25,0]],[[6374,2967],[0,65],[-25,0],[0,32]],[[8924,3064],[13,0],[0,-32],[12,0],[0,-32],[-12,0],[0,-33],[-13,0]],[[8924,2967],[0,97]],[[3600,3064],[12,0],[0,-97],[-25,0],[0,65],[13,0],[0,32]],[[3100,3000],[12,0],[0,-33]],[[3112,2967],[-12,0],[0,33]],[[3875,3000],[12,0],[0,-33],[-12,0],[0,33]],[[6112,3129],[25,0],[0,-65]],[[6137,3064],[-13,0],[0,-129],[-12,0]],[[6112,2935],[0,129],[-13,0],[0,32],[13,0],[0,33]],[[3212,3064],[38,0]],[[3262,3000],[-50,0]],[[3212,3000],[0,-33],[-12,0],[0,-32],[-13,0],[0,32],[-12,0],[0,33],[-13,0],[0,-33],[-12,0],[0,65],[-13,0],[0,32],[13,0],[0,32],[25,0],[0,33],[12,0],[0,-33],[25,0],[0,-32]],[[5537,3064],[12,0],[0,-64],[13,0]],[[5562,3000],[0,-65]],[[5562,2935],[-13,0]],[[5549,2935],[0,32],[-12,0],[0,97]],[[3362,3064],[38,0]],[[3400,3064],[0,-32],[12,0],[0,-32],[-12,0],[0,-65],[-38,0],[0,32],[-12,0],[0,65]],[[3350,3032],[12,0]],[[250,3000],[12,0],[0,-65],[-12,0],[0,65]],[[2875,2967],[12,0],[0,-32]],[[2887,2935],[-12,0],[0,32]],[[3112,2967],[13,0],[0,-32],[-13,0],[0,32]],[[3512,2967],[13,0],[0,-32],[-13,0],[0,32]],[[3550,2967],[12,0],[0,-32],[-12,0],[0,32]],[[5949,2967],[13,0],[0,-32],[-13,0],[0,32]],[[6337,2967],[0,-32]],[[6337,2935],[-38,0]],[[6299,2935],[0,32],[38,0]],[[6337,2967],[25,0]],[[6362,2967],[0,-32]],[[6362,2935],[-25,0]],[[8662,2967],[12,0],[0,-32],[-12,0],[0,32]],[[8737,2935],[0,32],[25,0],[0,-32],[-25,0]],[[8987,2967],[12,0],[0,-32],[-12,0],[0,32]],[[3287,3032],[25,0],[0,-65],[-12,0],[0,-64],[-13,0],[0,32],[-12,0],[0,65]],[[5549,2935],[-37,0]],[[5512,2935],[0,-32]],[[5512,2903],[-38,0]],[[5474,2903],[0,32],[-12,0]],[[5462,2935],[0,65]],[[5462,3000],[12,0],[0,-33],[13,0],[0,33],[12,0],[0,64],[38,0]],[[3850,2967],[12,0],[0,-64],[-12,0],[0,64]],[[6387,2967],[12,0]],[[6399,2967],[0,-64]],[[6399,2903],[-12,0]],[[6387,2903],[0,64]],[[3325,2903],[-13,0],[0,32],[13,0],[0,-32]],[[5337,2903],[-13,0]],[[5324,2903],[0,32],[13,0],[0,-32]],[[5737,2935],[25,0],[0,-32],[-25,0],[0,32]],[[5912,2935],[25,0],[0,-32],[-25,0],[0,32]],[[6299,2935],[13,0]],[[6312,2935],[0,-32]],[[6312,2903],[-13,0],[0,32]],[[6412,2903],[-13,0]],[[6399,2903],[0,32],[13,0],[0,-32]],[[8487,2935],[12,0],[0,-32],[-12,0],[0,32]],[[8737,2935],[0,-32],[-13,0],[0,32],[13,0]],[[5524,2935],[13,0]],[[5537,2935],[0,-64]],[[5537,2871],[-13,0],[0,64]],[[5537,2935],[25,0]],[[5562,2935],[0,-32]],[[5562,2903],[-13,0],[0,-32]],[[5549,2871],[-12,0]],[[6112,2935],[0,-64],[-13,0],[0,64],[13,0]],[[8924,2935],[13,0],[0,-32],[12,0],[0,-32],[-25,0]],[[8924,2871],[0,64]],[[3325,2903],[12,0],[0,-32],[-12,0]],[[3325,2871],[0,32]],[[5562,3064],[25,0]],[[5587,3064],[0,-32],[12,0],[0,-32],[13,0],[0,-65],[-13,0]],[[5599,2935],[0,-32]],[[5599,2903],[-12,0],[0,-32]],[[5587,2871],[-38,0]],[[5562,2903],[0,97]],[[5537,3064],[0,32]],[[5599,2903],[0,-32]],[[5599,2871],[-12,0]],[[6124,2903],[13,0]],[[6137,2903],[0,-32],[-13,0],[0,32]],[[6387,2903],[0,-32],[-13,0],[0,32],[13,0]],[[3175,2838],[-25,0],[0,33],[-13,0],[0,32],[38,0],[0,-65]],[[3662,2903],[13,0],[0,-32],[12,0],[0,-33],[-25,0],[0,65]],[[8587,2838],[-25,0],[0,33],[-13,0],[0,32],[13,0]],[[8562,2903],[0,64],[25,0],[0,-129]],[[8649,2903],[13,0],[0,-65],[-13,0],[0,65]],[[3075,2871],[12,0],[0,-33],[-12,0],[0,33]],[[3325,2871],[0,-33]],[[3325,2838],[-25,0]],[[3300,2838],[0,33],[25,0]],[[5549,2871],[0,-33],[-12,0],[0,33]],[[6037,2838],[-13,0],[0,33],[13,0],[0,-33]],[[6237,2871],[0,-33],[-13,0]],[[6224,2838],[0,33],[13,0]],[[6249,2871],[13,0],[0,-33]],[[6262,2838],[-13,0],[0,33]],[[6337,2838],[-13,0]],[[6324,2838],[0,33],[13,0],[0,-33]],[[3875,2935],[12,0],[0,-129],[-12,0],[0,129]],[[4962,4580],[25,0]],[[4987,4612],[13,0]],[[5537,4258],[-38,0]],[[5512,4193],[0,32]],[[5862,4193],[0,-64]],[[5849,4096],[-12,0]],[[5899,3548],[0,-97]],[[5899,3451],[-25,0]],[[5874,3451],[0,-96],[-12,0]],[[5862,3355],[0,64]],[[5862,3419],[-25,0]],[[5837,3419],[0,-32],[-25,0],[0,-32],[12,0],[0,-33],[13,0],[0,-32],[-13,0],[0,-32],[25,0],[0,-33],[-50,0]],[[5799,3225],[0,-96],[13,0],[0,-33],[12,0],[0,-32],[13,0],[0,-64],[-88,0],[0,-33],[-37,0],[0,-32],[-13,0],[0,-32],[-12,0],[0,-32],[12,0],[0,-33],[-12,0],[0,-32],[-38,0],[0,32],[-12,0],[0,33],[12,0],[0,64],[13,0],[0,32],[-13,0],[0,33]],[[5649,3064],[-25,0]],[[5624,3064],[0,32]],[[5637,3096],[0,97]],[[5637,3193],[-25,0]],[[5612,3193],[0,97]],[[5562,3225],[25,0]],[[5587,3193],[-50,0]],[[5462,3000],[0,-33]],[[5462,2967],[-25,0],[0,65],[12,0],[0,32],[25,0],[0,32],[13,0],[0,65],[-38,0]],[[5449,3161],[0,64],[-37,0],[0,33],[-13,0],[0,97],[-12,0],[0,129],[12,0],[0,32]],[[5399,3516],[-12,0],[0,32],[-13,0],[0,32]],[[5374,3580],[-25,0]],[[5349,3580],[0,65]],[[5287,3838],[-38,0],[0,65]],[[5237,3903],[0,32]],[[5249,4000],[0,64]],[[5262,4064],[0,194],[-13,0]],[[5237,4322],[-38,0]],[[5162,4354],[-25,0],[0,65],[-25,0],[0,64]],[[5099,4451],[-25,0]],[[5074,4451],[0,97]],[[4987,4354],[-25,0],[0,-32],[-37,0],[0,32],[-88,0],[0,-32],[-25,0],[0,-32],[-37,0],[0,32],[-38,0],[0,32],[-12,0],[0,97]],[[4700,4516],[-63,0],[0,32]],[[4662,4645],[-50,0],[0,64]],[[9049,2806],[-12,0]],[[9037,2806],[0,65],[12,0],[0,-65]],[[12,2806],[-12,0]],[[0,2806],[0,32],[12,0],[0,-32]],[[2950,2838],[0,-32]],[[2950,2806],[-13,0],[0,32],[13,0]],[[3275,2806],[-25,0],[0,32],[25,0],[0,-32]],[[3312,2838],[13,0]],[[3325,2838],[0,-32]],[[3325,2806],[-13,0]],[[3312,2806],[0,32]],[[3325,2838],[12,0],[0,-32]],[[3337,2806],[-12,0]],[[3375,2838],[12,0],[0,-32]],[[3387,2806],[-12,0]],[[3375,2806],[0,32]],[[5574,2838],[13,0],[0,-32],[-13,0],[0,32]],[[6037,2838],[25,0]],[[6062,2838],[0,-32],[-25,0]],[[6037,2806],[0,32]],[[6124,2838],[0,-32],[-12,0]],[[6112,2806],[0,32],[12,0]],[[6299,2838],[0,-32]],[[6299,2806],[-12,0]],[[6287,2806],[0,32],[12,0]],[[6374,2838],[13,0],[0,-32],[-13,0]],[[6374,2806],[0,32]],[[8874,2838],[13,0],[0,-32],[-13,0],[0,32]],[[3175,2838],[25,0],[0,-64],[-13,0],[0,32],[-12,0],[0,32]],[[6374,2967],[13,0]],[[6387,2903],[25,0]],[[6412,2903],[0,-65],[-38,0]],[[6374,2806],[-12,0],[0,-32],[-13,0]],[[6349,2774],[0,64]],[[6349,2838],[13,0]],[[6362,2838],[0,129]],[[6362,2967],[-50,0],[0,33],[25,0]],[[6324,3032],[0,32],[25,0]],[[8874,2838],[0,-64],[-12,0]],[[8862,2774],[0,64],[12,0]],[[12,2806],[0,-32],[-12,0],[0,32]],[[3325,2806],[0,-32]],[[3325,2774],[-13,0]],[[3312,2774],[0,32]],[[3337,2806],[13,0],[0,-32]],[[3350,2774],[-13,0],[0,32]],[[3837,2838],[13,0],[0,-64],[-25,0],[0,32],[12,0],[0,32]],[[5374,2806],[13,0],[0,-32],[-13,0],[0,32]],[[6037,2806],[0,-32],[-25,0],[0,32],[25,0]],[[6112,2806],[0,-32],[-13,0]],[[6099,2774],[0,32],[13,0]],[[5512,2935],[12,0]],[[5549,2871],[25,0]],[[5574,2871],[0,-33]],[[5574,2838],[-12,0],[0,-32],[-13,0],[0,-32],[13,0],[0,-32],[-38,0],[0,32],[-12,0],[0,64],[-25,0],[0,-64],[-13,0],[0,32],[-25,0],[0,32],[-12,0],[0,33],[12,0],[0,32],[13,0],[0,-32],[25,0],[0,32]],[[5487,2903],[25,0]],[[6062,2838],[12,0],[0,-32],[13,0],[0,-32]],[[6087,2774],[-13,0],[0,-32],[-75,0]],[[5999,2742],[0,96],[13,0],[0,65],[50,0],[0,32],[25,0],[0,-32],[-13,0],[0,-32],[-12,0],[0,-33]],[[3350,2774],[0,-32]],[[3350,2742],[-25,0]],[[3325,2742],[0,64]],[[3375,2806],[50,0]],[[3425,2806],[0,-32]],[[3425,2774],[-13,0],[0,-32]],[[3412,2742],[-25,0]],[[3387,2742],[0,32],[-12,0]],[[3375,2774],[0,32]],[[6374,2806],[25,0],[0,-32],[-12,0],[0,-32],[-13,0],[0,64]],[[25,2774],[12,0],[0,-32],[-12,0],[0,32]],[[3325,2774],[0,-32]],[[3325,2742],[-13,0]],[[3312,2742],[0,32]],[[3425,2774],[0,-32]],[[3425,2742],[-13,0]],[[3475,2774],[0,-32]],[[3475,2742],[-13,0],[0,32],[13,0]],[[8574,2774],[13,0],[0,-32],[-13,0],[0,32]],[[8712,2742],[-13,0],[0,32],[13,0],[0,-32]],[[9637,2967],[0,65],[25,0],[0,-97],[12,0],[0,-64],[13,0],[0,-162],[-25,0],[0,97],[-25,0],[0,65],[-13,0],[0,32],[-12,0],[0,64],[25,0]],[[9637,2967],[0,-32],[12,0],[0,32],[-12,0]],[[6349,2774],[0,-65]],[[6349,2709],[-25,0]],[[6324,2709],[0,65],[25,0]],[[9012,2774],[-13,0],[0,-32],[-37,0],[0,-33],[-13,0],[0,65],[13,0],[0,64],[12,0],[0,33],[13,0],[0,-33],[12,0],[0,-32],[13,0],[0,-32]],[[3337,2742],[25,0]],[[3362,2742],[0,-33]],[[3362,2709],[-25,0]],[[3337,2709],[0,33]],[[3400,2742],[12,0]],[[3412,2742],[0,-33],[-12,0],[0,33]],[[3912,2742],[13,0],[0,-33],[-13,0],[0,33]],[[5612,2742],[12,0],[0,-33],[-12,0],[0,33]],[[5849,2709],[0,33],[13,0],[0,-33],[-13,0]],[[6212,2742],[12,0],[0,-33],[-12,0]],[[6212,2709],[0,33]],[[8387,2742],[25,0],[0,-33]],[[8412,2709],[-25,0],[0,33]],[[8712,2742],[12,0],[0,-33]],[[8724,2709],[-12,0],[0,33]],[[8849,2742],[13,0],[0,-33],[-13,0],[0,33]],[[6312,2838],[37,0]],[[6324,2709],[13,0]],[[6337,2709],[0,-32]],[[6337,2677],[-25,0]],[[6312,2677],[0,161]],[[5849,2709],[0,-32],[-25,0],[0,129],[25,0],[0,-32],[-12,0],[0,-65],[12,0]],[[6349,2742],[13,0],[0,-65],[-13,0]],[[6349,2677],[0,65]],[[3337,2709],[0,-32],[-25,0],[0,32],[25,0]],[[3350,2709],[12,0]],[[3362,2709],[0,-32]],[[3362,2677],[-12,0]],[[3350,2677],[0,32]],[[3362,2709],[25,0],[0,-32]],[[3387,2677],[-25,0]],[[3725,2709],[0,-32],[-13,0],[0,32],[13,0]],[[5912,2709],[12,0],[0,-32],[-12,0],[0,32]],[[5987,2677],[-13,0]],[[5974,2677],[0,32],[13,0],[0,-32]],[[6337,2709],[12,0]],[[6349,2709],[0,-32]],[[6349,2677],[-12,0]],[[8612,2709],[12,0],[0,-32],[-12,0],[0,32]],[[9074,2677],[-12,0]],[[9062,2677],[0,32],[12,0],[0,-32]],[[8449,2806],[13,0],[0,-32],[12,0],[0,-32],[13,0],[0,-33],[12,0],[0,-64],[-25,0],[0,32],[-25,0],[0,32],[-25,0],[0,97],[-12,0],[0,-32],[-13,0]],[[8399,2774],[0,64],[25,0],[0,33],[25,0],[0,-65]],[[9049,2806],[13,0],[0,-129]],[[9074,2677],[0,-32],[-25,0]],[[9049,2645],[0,64],[-12,0]],[[9037,2709],[0,65]],[[9037,2774],[12,0],[0,32]],[[8537,2709],[50,0],[0,-32],[-13,0],[0,-32],[-12,0],[0,32],[-25,0],[0,32]],[[9049,2645],[-12,0]],[[9037,2645],[0,64]],[[162,2677],[13,0],[0,-32],[-13,0],[0,32]],[[3125,2677],[12,0],[0,-32],[-12,0],[0,32]],[[3387,2677],[13,0],[0,-32],[-13,0],[0,32]],[[5424,2677],[38,0],[0,-32],[-38,0],[0,32]],[[5637,2677],[25,0],[0,-32],[-25,0],[0,32]],[[5987,2677],[12,0],[0,-32],[-12,0],[0,32]],[[5587,2677],[25,0],[0,-64],[-13,0],[0,32],[-12,0],[0,32]],[[5974,2677],[0,-64],[-12,0],[0,64],[12,0]],[[6324,2677],[25,0]],[[6349,2677],[0,-64],[-12,0],[0,32],[-13,0]],[[6324,2645],[0,32]],[[3687,2645],[13,0],[0,-32],[-13,0],[0,32]],[[5699,2645],[63,0]],[[5762,2645],[0,-32]],[[5762,2613],[-63,0]],[[5699,2613],[0,32]],[[6362,2645],[12,0]],[[6374,2645],[0,-32],[-12,0],[0,32]],[[9987,2871],[12,0],[0,-97],[-12,0],[0,-97],[-25,0],[0,-64],[-25,0],[0,32],[12,0],[0,32],[-37,0],[0,65],[12,0],[0,32],[25,0],[0,64],[38,0],[0,33]],[[9962,2774],[0,-32],[12,0],[0,32],[-12,0]],[[6312,2903],[0,-32]],[[6312,2871],[-13,0]],[[6299,2871],[0,-33]],[[6287,2806],[-13,0]],[[6274,2806],[0,-32],[13,0],[0,-32],[12,0],[0,-97],[-12,0],[0,-32],[12,0],[0,-33],[-37,0],[0,33]],[[6262,2613],[-25,0]],[[6237,2613],[0,64]],[[6237,2677],[-25,0]],[[6212,2677],[0,32]],[[6212,2742],[0,64],[12,0],[0,32]],[[6237,2871],[12,0]],[[6262,2838],[0,65],[25,0],[0,32],[12,0]],[[8724,2709],[13,0],[0,-32],[25,0],[0,65],[12,0],[0,-65],[13,0],[0,-97],[-13,0],[0,65],[-12,0],[0,-32],[-13,0],[0,32],[-25,0],[0,64]],[[6237,2677],[0,-97]],[[6237,2580],[-13,0]],[[6224,2580],[0,65],[-12,0],[0,32]],[[9712,2580],[-25,0],[0,97],[25,0],[0,-97]],[[8387,2645],[0,-32],[25,0],[0,-33],[-50,0]],[[8362,2580],[0,65],[25,0]],[[3037,2613],[13,0]],[[3050,2613],[0,-33],[-13,0],[0,33]],[[5774,2613],[13,0],[0,-33],[-13,0],[0,33]],[[5824,2613],[13,0],[0,-33],[-13,0],[0,33]],[[5924,2580],[0,33],[13,0],[0,-33],[-13,0]],[[6237,2613],[12,0]],[[6249,2613],[0,-33]],[[6249,2580],[-12,0]],[[6237,2580],[0,33]],[[8799,2613],[13,0],[0,-33],[-13,0],[0,33]],[[9099,2580],[0,33],[13,0],[0,-33],[-13,0]],[[3787,2613],[13,0],[0,-65],[-13,0],[0,65]],[[3250,2580],[12,0],[0,-32],[-12,0],[0,32]],[[3687,2580],[13,0],[0,-32],[-13,0],[0,32]],[[5449,2580],[13,0],[0,-32],[-13,0],[0,32]],[[5924,2580],[0,-32],[-12,0],[0,32],[12,0]],[[6249,2580],[0,-32]],[[6249,2548],[-12,0]],[[6237,2548],[0,32]],[[8299,2580],[0,-32]],[[8299,2548],[-12,0],[0,32],[12,0]],[[9137,2580],[12,0],[0,-32]],[[9149,2548],[-12,0],[0,32]],[[9712,2580],[12,0],[0,-32],[-12,0],[0,32]],[[8887,2645],[25,0],[0,-129],[-13,0],[0,64],[-12,0],[0,65]],[[3100,2613],[12,0],[0,-33],[25,0],[0,-64],[-37,0],[0,97]],[[6587,2580],[12,0],[0,-64],[-12,0],[0,64]],[[6349,2548],[13,0]],[[6362,2548],[0,-32],[-13,0],[0,32]],[[8924,2548],[13,0],[0,-32],[-13,0],[0,32]],[[8962,2516],[-13,0],[0,32],[13,0],[0,-32]],[[8824,2645],[38,0],[0,-32],[12,0],[0,-33],[-12,0],[0,-96],[-38,0],[0,161]],[[3475,2806],[12,0],[0,-32],[13,0],[0,-32],[12,0],[0,-33],[-12,0],[0,-96],[-13,0],[0,-97],[-12,0],[0,-32],[-25,0],[0,32],[-13,0],[0,-32],[-12,0]],[[3425,2484],[0,32],[-13,0]],[[3412,2516],[0,64],[13,0],[0,-32],[25,0],[0,32],[12,0],[0,65],[13,0]],[[3475,2645],[0,161]],[[3312,2613],[38,0],[0,-97],[-13,0]],[[3337,2516],[0,-32]],[[3337,2484],[-37,0],[0,64],[12,0]],[[3312,2548],[0,65]],[[3837,2548],[25,0]],[[3862,2548],[0,-64]],[[3862,2484],[-25,0]],[[3837,2484],[0,64]],[[5699,2548],[0,-64],[-25,0]],[[5674,2484],[0,64],[25,0]],[[8724,2548],[13,0],[0,-64],[-13,0],[0,64]],[[3412,2516],[0,-32]],[[3412,2484],[-12,0],[0,32],[12,0]],[[3425,2484],[-13,0]],[[3512,2484],[-12,0],[0,32],[12,0],[0,-32]],[[3700,2516],[12,0],[0,-32],[-12,0],[0,32]],[[5987,2484],[-13,0]],[[5974,2484],[0,32],[13,0],[0,-32]],[[6224,2484],[0,32],[13,0],[0,-32],[-13,0]],[[8962,2516],[25,0],[0,-32],[-25,0],[0,32]],[[8999,2516],[13,0],[0,-32],[-13,0],[0,32]],[[9124,2580],[13,0]],[[9149,2548],[0,-97]],[[9149,2451],[-12,0],[0,33],[-13,0],[0,96]],[[125,2516],[25,0],[0,-65],[-25,0],[0,65]],[[6524,2516],[38,0],[0,-65],[-38,0],[0,65]],[[5449,2484],[13,0],[0,-33],[-13,0],[0,33]],[[5474,2484],[13,0],[0,-33],[-13,0],[0,33]],[[6212,2484],[12,0]],[[6224,2484],[0,-33],[-12,0],[0,33]],[[8199,2451],[-12,0],[0,33],[12,0],[0,-33]],[[8749,2484],[13,0],[0,-33],[-13,0],[0,33]],[[9162,2451],[-13,0]],[[9149,2451],[0,33],[13,0],[0,-33]],[[9662,2451],[-25,0]],[[9637,2451],[0,97],[12,0],[0,-32],[13,0],[0,-32],[12,0],[0,-65],[-12,0],[0,32]],[[3425,2484],[0,-65],[-13,0],[0,65]],[[6312,2935],[50,0]],[[6362,2935],[0,-97]],[[6362,2838],[-25,0]],[[6324,2838],[-12,0]],[[6312,2677],[12,0]],[[6324,2677],[0,-64]],[[6324,2613],[-12,0],[0,-33],[12,0],[0,-64],[-12,0]],[[6312,2516],[0,-97]],[[6312,2419],[-25,0]],[[6287,2419],[0,32],[-25,0]],[[6262,2451],[0,33],[37,0],[0,32],[-12,0],[0,32]],[[6287,2548],[-38,0]],[[6249,2548],[0,65]],[[6249,2613],[13,0]],[[6274,2806],[25,0]],[[6299,2806],[0,65]],[[6312,2871],[0,64]],[[8274,2419],[-25,0],[0,65],[13,0],[0,-33],[12,0],[0,-32]],[[3337,2451],[0,-32]],[[3337,2419],[-12,0]],[[3325,2419],[0,32],[12,0]],[[3687,2451],[13,0],[0,-32],[-13,0],[0,32]],[[3825,2451],[0,-32]],[[3825,2419],[-13,0]],[[3812,2419],[0,32],[13,0]],[[6262,2451],[0,-32],[-25,0],[0,32],[25,0]],[[8162,2451],[0,-32],[-13,0]],[[8149,2419],[0,32],[13,0]],[[9162,2451],[0,-32],[-13,0],[0,32]],[[5337,3000],[12,0],[0,-97],[13,0],[0,-32],[-13,0],[0,-33],[25,0],[0,-32]],[[5374,2806],[-25,0],[0,-97],[25,0],[0,-129],[63,0],[0,-64],[-13,0],[0,32],[-25,0],[0,-32],[13,0],[0,-97],[12,0],[0,-32],[-25,0]],[[5399,2387],[0,97]],[[5399,2484],[-37,0],[0,64],[-13,0],[0,65],[-12,0],[0,32],[-13,0],[0,258]],[[5337,2903],[0,97]],[[9637,2451],[0,-32],[12,0],[0,-32]],[[9649,2387],[-50,0],[0,32],[-12,0],[0,32],[-13,0],[0,33],[-12,0],[0,32],[-13,0],[0,64],[25,0],[0,-32],[13,0],[0,-32],[12,0],[0,-32],[25,0],[0,-33],[13,0]],[[5399,2387],[-12,0],[0,32],[-13,0],[0,65],[25,0]],[[5699,2548],[13,0],[0,-32],[12,0],[0,-65],[-12,0],[0,-32],[-13,0],[0,-32],[-12,0]],[[5687,2387],[0,64],[-13,0],[0,33]],[[3287,2580],[25,0]],[[3312,2580],[0,-32]],[[3337,2484],[0,-33]],[[3325,2419],[-13,0]],[[3312,2419],[0,-32]],[[3312,2387],[-12,0]],[[3300,2387],[0,32]],[[3300,2419],[-38,0]],[[3262,2419],[0,32],[13,0],[0,97],[12,0]],[[3287,2548],[0,32]],[[3762,2451],[0,-64]],[[3762,2387],[-12,0],[0,64],[12,0]],[[9662,2451],[0,-64]],[[9662,2387],[-13,0]],[[9649,2387],[0,64],[13,0]],[[3275,2419],[25,0]],[[3300,2387],[-25,0],[0,32]],[[6299,2419],[13,0]],[[6312,2419],[0,-32]],[[6312,2387],[-13,0],[0,32]],[[6337,2419],[12,0]],[[6349,2419],[0,-32],[-12,0],[0,32]],[[8274,2419],[25,0],[0,-32],[-25,0]],[[8274,2387],[0,32]],[[3350,2484],[37,0],[0,-65],[-12,0],[0,-64],[-25,0],[0,129]],[[3250,2419],[25,0]],[[3300,2387],[0,-32]],[[3300,2355],[-50,0]],[[3250,2355],[0,64]],[[9187,2419],[12,0],[0,-64]],[[9199,2355],[-12,0]],[[9187,2355],[0,64]],[[3837,2387],[13,0],[0,-32],[-13,0]],[[3837,2355],[0,32]],[[5612,2387],[0,-32],[-13,0],[0,32],[13,0]],[[5687,2387],[0,-32],[-13,0],[0,32],[13,0]],[[8274,2387],[0,-32],[-12,0],[0,32],[12,0]],[[8737,2387],[25,0],[0,-32],[-25,0],[0,32]],[[9662,2387],[0,-32],[-13,0],[0,32]],[[3037,2419],[13,0],[0,-97],[-13,0]],[[3037,2322],[0,97]],[[8212,2451],[12,0],[0,-64],[13,0],[0,-32],[-38,0],[0,-33],[-12,0],[0,33],[-38,0]],[[8149,2355],[0,64]],[[8162,2451],[37,0]],[[8199,2451],[0,97],[13,0],[0,-97]],[[5712,2645],[-13,0]],[[5699,2613],[-12,0]],[[5687,2613],[0,-33],[12,0],[0,-32]],[[5674,2484],[-12,0],[0,-65],[-13,0],[0,-97],[-87,0],[0,33],[-13,0],[0,32],[13,0],[0,97],[-25,0],[0,32],[25,0],[0,32],[-25,0],[0,65],[12,0],[0,-33],[13,0],[0,33],[25,0],[0,-33],[25,0],[0,-32],[12,0],[0,-32],[-25,0],[0,-32],[-25,0],[0,-33],[25,0],[0,-32],[13,0],[0,-32]],[[5612,2387],[25,0],[0,32],[-13,0],[0,32],[13,0],[0,65],[12,0],[0,32],[13,0],[0,65],[12,0],[0,96],[13,0],[0,-32],[25,0],[0,-32]],[[3312,2387],[0,-65]],[[3312,2322],[-25,0]],[[3287,2322],[0,33]],[[3287,2355],[13,0]],[[3562,2355],[25,0],[0,-33],[-25,0],[0,33]],[[3837,2355],[0,-33],[-12,0]],[[3825,2322],[0,33],[12,0]],[[8299,2580],[25,0]],[[8324,2580],[0,-32],[13,0],[0,-32],[12,0],[0,-32],[13,0],[0,-33],[-13,0],[0,-32],[-12,0],[0,-97],[-38,0],[0,33],[25,0],[0,32],[-12,0],[0,64],[-13,0],[0,65],[-25,0],[0,32]],[[8274,2548],[25,0]],[[9199,2355],[0,-33],[-12,0]],[[9187,2322],[0,33]],[[3475,2290],[-13,0],[0,65],[13,0],[0,-65]],[[3900,2709],[0,-161],[-13,0],[0,-64],[-12,0],[0,-33],[-13,0],[0,-64],[-25,0]],[[3825,2322],[-63,0]],[[3762,2322],[0,-32]],[[3762,2290],[-12,0],[0,65]],[[3750,2355],[12,0]],[[3762,2355],[0,64]],[[3762,2419],[63,0]],[[3825,2419],[0,65]],[[3825,2484],[37,0]],[[3862,2548],[-12,0]],[[3850,2548],[0,32],[12,0],[0,97],[13,0],[0,32],[25,0]],[[6312,2355],[0,-65]],[[6312,2290],[-13,0]],[[6299,2290],[0,65],[13,0]],[[8712,2355],[12,0],[0,-65],[-12,0],[0,65]],[[3662,2322],[13,0],[0,-32],[-13,0],[0,32]],[[3737,2322],[0,-32]],[[3737,2290],[-12,0]],[[3725,2290],[0,32],[12,0]],[[3762,2322],[13,0],[0,-32],[-13,0]],[[5862,2322],[12,0],[0,-32],[-12,0],[0,32]],[[5999,2322],[0,-32]],[[5999,2290],[-12,0],[0,32],[12,0]],[[6324,2322],[13,0]],[[6337,2322],[0,-32],[-13,0],[0,32]],[[8987,2387],[25,0],[0,-32],[12,0],[0,-97],[-12,0],[0,32],[-13,0],[0,65],[-12,0],[0,32]],[[3275,2355],[12,0]],[[3287,2322],[13,0]],[[3300,2322],[0,-32],[12,0],[0,-32]],[[3312,2258],[-37,0]],[[3275,2258],[0,32]],[[3275,2290],[-13,0],[0,32]],[[3262,2322],[13,0]],[[3275,2322],[0,33]],[[3725,2290],[0,-32]],[[3725,2258],[-38,0]],[[3687,2258],[0,64],[13,0],[0,33],[12,0],[0,-65],[13,0]],[[3475,2290],[12,0],[0,-32],[-12,0],[0,32]],[[3737,2290],[0,-32]],[[3737,2258],[-12,0]],[[6312,2290],[0,-32]],[[6312,2258],[-13,0]],[[6299,2258],[0,32]],[[9137,2290],[12,0],[0,-32],[-12,0],[0,32]],[[3362,2226],[0,32],[-12,0],[0,32],[-13,0],[0,32],[63,0],[0,-96],[-38,0]],[[3250,2258],[12,0],[0,-32],[-12,0],[0,32]],[[5662,2258],[12,0],[0,-32],[-12,0],[0,32]],[[9262,2226],[-13,0]],[[9249,2226],[0,32],[13,0],[0,-32]],[[3275,2258],[25,0]],[[3300,2258],[0,-65]],[[3300,2193],[-13,0],[0,33],[-12,0]],[[3275,2226],[0,32]],[[3537,2193],[-12,0]],[[3525,2193],[0,65],[12,0],[0,-65]],[[3562,2193],[0,33],[-12,0],[0,32],[25,0],[0,-65],[-13,0]],[[3675,2226],[12,0],[0,-33],[-12,0],[0,33]],[[5962,2193],[-13,0]],[[5949,2193],[0,33],[13,0],[0,-33]],[[6212,2226],[12,0]],[[6224,2226],[0,-33],[-12,0],[0,33]],[[6374,2806],[0,-161]],[[6362,2645],[0,-97]],[[6349,2548],[0,-129]],[[6337,2419],[0,-97]],[[6324,2322],[0,-96],[-12,0],[0,-33],[-25,0]],[[6287,2193],[0,33],[12,0]],[[6299,2226],[0,32]],[[6312,2258],[0,258]],[[6324,2613],[0,32]],[[6349,2742],[0,32]],[[6299,2290],[0,-64]],[[6287,2193],[-13,0]],[[6274,2193],[0,-32]],[[6274,2161],[-12,0],[0,65]],[[6262,2226],[-25,0],[0,64],[-13,0],[0,32],[25,0],[0,33],[25,0],[0,32],[13,0],[0,-97],[12,0]],[[5849,2226],[13,0],[0,-65],[-13,0],[0,65]],[[9137,2226],[12,0],[0,-65],[-12,0],[0,65]],[[3537,2193],[0,-32],[-12,0],[0,32]],[[6274,2193],[25,0],[0,-32],[-25,0]],[[8462,2193],[25,0],[0,-32],[-25,0],[0,32]],[[8637,2193],[12,0],[0,-32],[-12,0],[0,32]],[[6237,2548],[50,0]],[[6287,2419],[12,0]],[[6312,2387],[0,-32]],[[6262,2226],[0,-97],[-13,0],[0,32],[-25,0],[0,65]],[[6212,2226],[0,32],[-13,0],[0,129],[-12,0],[0,32],[12,0],[0,65],[13,0]],[[6212,2484],[0,64],[12,0],[0,32]],[[3012,4225],[0,-32]],[[3112,4322],[-12,0]],[[3112,4387],[25,0]],[[3250,4064],[0,-64]],[[3262,4000],[0,-65]],[[3250,4225],[50,0]],[[3325,4161],[12,0]],[[3600,4193],[0,-32],[12,0],[0,-32],[13,0],[0,-65],[-13,0],[0,-32]],[[3587,4000],[38,0]],[[3650,3967],[62,0],[0,-32],[38,0],[0,-32],[12,0]],[[3775,3871],[0,-33],[25,0]],[[3800,3838],[0,-96]],[[3800,3742],[25,0],[0,-65],[-13,0],[0,-32],[13,0],[0,-32],[-13,0],[0,-33],[-25,0],[0,-32],[13,0],[0,-32],[12,0],[0,-65],[-25,0],[0,33],[-12,0],[0,32],[-13,0],[0,32],[-12,0],[0,65],[12,0],[0,32],[-50,0],[0,-65],[-12,0],[0,33],[-13,0],[0,64],[-12,0],[0,-32],[-38,0],[0,32],[-12,0],[0,-64],[-25,0],[0,-33],[12,0],[0,-32],[-50,0],[0,-32]],[[3562,3516],[25,0],[0,-65],[13,0],[0,-64],[25,0]],[[3625,3387],[0,-32],[-13,0],[0,-33],[-12,0]],[[3600,3322],[0,-97]],[[3587,3193],[-12,0]],[[3575,3193],[0,32],[-13,0],[0,-96],[13,0],[0,-33],[-13,0],[0,-32]],[[3562,3064],[-37,0]],[[3500,3064],[0,-64]],[[3500,3000],[-13,0]],[[3475,3000],[-25,0]],[[3450,3000],[0,-33],[-25,0],[0,-64],[-13,0],[0,-97]],[[3412,2806],[-12,0]],[[3400,2806],[0,65],[-38,0],[0,-97],[-12,0]],[[3300,2838],[12,0]],[[3312,2838],[0,-64]],[[3312,2774],[-25,0],[0,32],[-12,0]],[[3275,2806],[0,-32],[-25,0],[0,-32],[12,0],[0,-33],[13,0],[0,-32],[12,0]],[[3287,2677],[0,-129]],[[3262,2419],[-12,0]],[[3250,2355],[25,0]],[[3275,2322],[-38,0]],[[3237,2322],[0,-32],[-12,0],[0,-32],[12,0],[0,-65],[-37,0],[0,-64],[-13,0],[0,32],[-12,0],[0,97],[12,0],[0,64],[13,0],[0,97],[12,0],[0,290],[-12,0],[0,33],[-25,0],[0,32],[-13,0],[0,32],[-50,0],[0,65],[-12,0],[0,32],[-13,0],[0,64],[-25,0],[0,65],[-25,0],[0,32],[-62,0],[0,-32],[-13,0],[0,32],[-12,0],[0,32],[-13,0],[0,33]],[[2912,3193],[-12,0]],[[2900,3193],[0,97],[-13,0],[0,32]],[[2875,3355],[-13,0],[0,64],[-12,0],[0,65],[-13,0],[0,32]],[[2837,3516],[-12,0]],[[2825,3548],[12,0]],[[2812,3613],[0,32]],[[2800,3645],[0,32]],[[2787,3677],[0,-32]],[[2775,3645],[0,97]],[[2775,3742],[12,0],[0,32],[13,0],[0,-32],[12,0],[0,64],[13,0],[0,129],[12,0],[0,161]],[[2887,4193],[25,0]],[[2912,4225],[-25,0]],[[3337,3032],[13,0]],[[3400,3064],[-25,0]],[[3112,3129],[0,-65]],[[3125,3064],[0,65]],[[3212,3000],[63,0]],[[3225,3064],[-13,0]],[[3300,2258],[37,0]],[[3337,2258],[0,-32],[25,0]],[[3362,2226],[0,-33],[13,0],[0,-64],[-25,0],[0,32],[-13,0],[0,32],[-12,0],[0,33],[-25,0]],[[3300,2226],[0,32]],[[3075,2258],[-25,0],[0,-97],[-13,0],[0,-32],[-12,0]],[[3025,2129],[0,64],[12,0],[0,97],[-12,0],[0,65],[12,0],[0,-33]],[[3037,2419],[0,32],[13,0],[0,33],[-13,0],[0,64],[13,0],[0,-32]],[[3050,2516],[25,0],[0,32],[-13,0],[0,65],[25,0],[0,-226],[-12,0],[0,-65],[-13,0],[0,-32],[13,0],[0,-32]],[[5587,2161],[12,0],[0,-32],[-12,0],[0,32]],[[5637,2161],[0,-32]],[[5637,2129],[-13,0],[0,32],[13,0]],[[5637,2161],[12,0],[0,-32]],[[5649,2129],[-12,0]],[[5912,2161],[12,0],[0,-32]],[[5924,2129],[-12,0],[0,32]],[[3600,2226],[12,0],[0,-33],[13,0],[0,-32],[-25,0],[0,-64],[-13,0],[0,96],[13,0],[0,33]],[[3287,2161],[25,0],[0,-32],[-12,0],[0,-32],[-13,0],[0,64]],[[5649,2129],[13,0],[0,-32],[-13,0],[0,32]],[[8487,2129],[12,0],[0,-32],[-12,0],[0,32]],[[8587,2129],[12,0],[0,-32],[-12,0],[0,32]],[[8662,2129],[12,0],[0,-32],[-12,0],[0,32]],[[3125,2064],[-13,0]],[[3112,2064],[0,65]],[[3112,2129],[-12,0]],[[3100,2129],[0,32],[-25,0],[0,97]],[[3075,2258],[25,0],[0,32],[-13,0],[0,32],[25,0],[0,-32],[25,0],[0,-129],[-12,0],[0,-97]],[[3087,2129],[25,0]],[[3112,2064],[-12,0]],[[3100,2064],[0,33],[-13,0],[0,32]],[[5849,2129],[13,0],[0,-65],[-13,0],[0,65]],[[5924,2097],[0,-33]],[[5924,2064],[-25,0]],[[5899,2064],[0,33],[25,0]],[[9262,2226],[0,-194]],[[9262,2032],[-25,0]],[[9237,2032],[0,65],[-13,0],[0,32],[13,0],[0,32],[12,0],[0,65]],[[8162,2097],[0,-65],[-13,0],[0,65],[13,0]],[[9274,2032],[-12,0]],[[9262,2032],[0,65],[12,0],[0,-65]],[[5912,2064],[12,0]],[[5924,2064],[0,-32],[-12,0],[0,32]],[[3100,2064],[0,-64]],[[3100,2000],[-13,0]],[[3087,2000],[0,64],[13,0]],[[3025,2000],[-13,0]],[[3012,2000],[0,32],[13,0],[0,-32]],[[5737,2000],[0,32],[12,0],[0,-32],[-12,0]],[[3162,2064],[25,0],[0,-96],[-12,0],[0,64],[-13,0],[0,32]],[[3087,2000],[0,-32]],[[3087,1968],[-12,0]],[[3075,1968],[0,32],[12,0]],[[3412,2000],[13,0],[0,-32],[-13,0],[0,32]],[[5424,2000],[13,0],[0,-32]],[[5437,1968],[-13,0],[0,32]],[[5549,2000],[13,0],[0,-32],[-13,0],[0,32]],[[5912,2000],[0,-32]],[[5912,1968],[-13,0]],[[5899,1968],[0,32],[13,0]],[[3962,3193],[0,-97],[-12,0],[0,-32],[-13,0],[0,-32],[-12,0],[0,-258],[-13,0],[0,-97],[-12,0],[0,32]],[[3850,2548],[-13,0]],[[3837,2484],[-12,0]],[[3825,2484],[0,-33]],[[3812,2419],[-50,0]],[[3762,2419],[0,32]],[[3762,2387],[0,-32]],[[3750,2355],[0,-97],[-13,0]],[[3737,2258],[0,64]],[[3687,2258],[13,0],[0,-32],[-25,0]],[[3675,2226],[0,-65],[-13,0],[0,-193],[-12,0],[0,-33],[-13,0],[0,33]],[[3637,1968],[-12,0],[0,32],[-13,0],[0,32],[-12,0],[0,32],[-50,0],[0,97],[12,0],[0,32]],[[3562,2193],[-25,0]],[[3525,2193],[-13,0],[0,-161],[-12,0],[0,-64],[-25,0],[0,32],[-25,0],[0,32],[12,0],[0,32],[-12,0],[0,97],[-13,0],[0,32],[25,0],[0,-32],[13,0],[0,65],[-38,0],[0,64],[-25,0],[0,32],[13,0],[0,33],[12,0],[0,96],[13,0],[0,-64],[50,0],[0,32],[-13,0],[0,32],[25,0],[0,33]],[[3512,2484],[25,0],[0,-33],[13,0],[0,65],[12,0],[0,32],[13,0],[0,32],[12,0],[0,-32],[75,0],[0,65],[-75,0],[0,64],[25,0],[0,65],[-87,0],[0,64],[25,0],[0,97],[75,0],[0,-32],[12,0],[0,-65],[25,0],[0,-97],[25,0],[0,33],[38,0],[0,-33]],[[3725,2709],[12,0],[0,-64],[13,0],[0,-32],[25,0],[0,64],[-13,0],[0,32],[13,0],[0,33],[12,0],[0,129],[13,0],[0,32],[12,0],[0,129],[13,0],[0,64],[12,0],[0,33],[13,0],[0,32],[12,0],[0,32],[13,0],[0,-32],[25,0],[0,-32],[12,0],[0,-33],[13,0],[0,33],[12,0],[0,32],[13,0],[0,32],[12,0]],[[3100,2000],[0,-65]],[[3100,1935],[-13,0]],[[3087,1935],[0,65]],[[9087,2000],[0,-65],[-13,0],[0,65],[13,0]],[[3075,1968],[0,-33],[-13,0],[0,33],[13,0]],[[5437,1968],[25,0],[0,-33]],[[5462,1935],[-25,0],[0,33]],[[8362,1968],[12,0],[0,-33],[-12,0],[0,33]],[[5637,2129],[0,-65],[12,0],[0,-32],[25,0],[0,-64],[-12,0],[0,-33],[-13,0],[0,-32]],[[5649,1903],[-25,0]],[[5624,1903],[0,32],[-12,0]],[[5612,1935],[0,33],[-38,0],[0,64],[-25,0],[0,32],[-12,0],[0,129],[-13,0],[0,65],[-25,0],[0,32],[75,0],[0,-64],[25,0],[0,32],[50,0],[0,-32],[-12,0],[0,-65]],[[5624,1903],[-12,0],[0,32]],[[5737,2000],[0,-97],[-13,0],[0,-32],[-37,0],[0,32],[-13,0],[0,32],[13,0],[0,33],[12,0],[0,32],[38,0]],[[9224,1935],[13,0],[0,-64]],[[9237,1871],[-13,0]],[[9224,1871],[0,64]],[[5649,1903],[0,-32],[-25,0],[0,32]],[[5649,1903],[13,0],[0,-64],[-50,0],[0,32],[-25,0],[0,32],[-13,0],[0,32],[38,0]],[[3200,1935],[12,0],[0,-64],[-12,0],[0,-32],[-13,0],[0,64],[13,0],[0,32]],[[3625,1871],[0,-32],[-25,0]],[[3600,1839],[0,32],[-13,0]],[[3587,1871],[0,-32]],[[3587,1839],[-12,0]],[[3575,1839],[0,32]],[[3575,1871],[-13,0],[0,32],[13,0],[0,32],[12,0],[0,-32],[13,0],[0,32],[12,0],[0,-64],[13,0]],[[3050,1871],[12,0],[0,-32],[-12,0],[0,32]],[[3500,1871],[12,0],[0,-32],[-12,0],[0,32]],[[3525,1871],[12,0],[0,-32],[-12,0],[0,32]],[[3600,1839],[12,0],[0,-33]],[[3612,1806],[-25,0]],[[3587,1806],[0,65]],[[3250,1839],[25,0],[0,-33],[-25,0],[0,33]],[[5499,1774],[-25,0],[0,65],[-12,0],[0,64],[-13,0],[0,32],[13,0]],[[5424,2000],[0,32],[-12,0],[0,97],[-13,0],[0,193]],[[5399,2322],[13,0],[0,33],[12,0],[0,-65],[25,0],[0,-226],[13,0],[0,33],[12,0],[0,-33],[38,0],[0,-32],[12,0],[0,-32],[-12,0],[0,-32],[12,0],[0,-33],[-25,0],[0,-96],[13,0],[0,-33],[-13,0],[0,-32]],[[3337,1871],[13,0],[0,-97],[-13,0],[0,97]],[[3587,1839],[0,-65]],[[3587,1774],[-12,0]],[[3575,1774],[0,65]],[[8374,1806],[-12,0],[0,-32],[-25,0],[0,65],[37,0],[0,-33]],[[3587,1806],[13,0]],[[3600,1806],[0,-32]],[[3600,1774],[-13,0]],[[3587,1774],[0,32]],[[3600,1806],[12,0]],[[3612,1806],[0,-32],[-12,0]],[[8187,1806],[12,0]],[[8199,1806],[0,-32],[-12,0],[0,32]],[[8374,1806],[13,0],[0,-32],[-13,0],[0,32]],[[9137,1806],[12,0],[0,-32],[-12,0],[0,32]],[[3050,1774],[12,0],[0,-32],[-12,0],[0,32]],[[3137,1742],[13,0],[0,-32],[-13,0],[0,32]],[[3562,1710],[-12,0],[0,32],[12,0],[0,-32]],[[5487,1742],[12,0]],[[5499,1742],[0,-32],[-12,0],[0,32]],[[5624,1710],[0,32],[13,0],[0,-32],[-13,0]],[[5687,1710],[-25,0],[0,32],[25,0],[0,-32]],[[8224,1742],[13,0]],[[8237,1742],[0,-32]],[[8237,1710],[-13,0]],[[8224,1710],[0,32]],[[9199,1742],[13,0]],[[9212,1742],[0,-65]],[[9212,1677],[-13,0]],[[9199,1677],[0,65]],[[3000,1710],[12,0],[0,-33]],[[3012,1677],[-12,0]],[[3000,1677],[0,33]],[[5687,1710],[12,0],[0,-33],[-12,0],[0,33]],[[8237,1710],[0,-33]],[[8237,1677],[-13,0]],[[8224,1677],[0,33]],[[9049,1710],[-12,0],[0,-33],[-25,0],[0,33],[12,0],[0,32],[25,0],[0,-32]],[[9049,1710],[13,0],[0,-33]],[[9062,1677],[-13,0],[0,33]],[[3012,1871],[13,0],[0,-129],[12,0],[0,-97],[-12,0],[0,32],[-13,0]],[[3000,1710],[0,129],[12,0],[0,32]],[[9274,2000],[0,-97],[-12,0],[0,-97],[-13,0],[0,-129],[-12,0],[0,-32],[-25,0]],[[9212,1645],[0,97]],[[9199,1742],[0,32]],[[9199,1774],[25,0],[0,65],[-25,0],[0,32]],[[9199,1871],[38,0]],[[9224,1935],[0,33]],[[9224,1968],[25,0],[0,32],[25,0]],[[5624,1710],[0,-33],[-37,0],[0,-32],[-25,0],[0,32],[-13,0],[0,33],[-12,0],[0,32],[25,0],[0,-32],[62,0]],[[3012,1677],[0,-32],[-12,0]],[[3000,1645],[0,32]],[[5812,1677],[0,-32],[-13,0]],[[5799,1645],[0,32],[13,0]],[[5487,1677],[12,0],[0,-64],[-12,0],[0,64]],[[5887,1968],[25,0]],[[5912,1968],[0,-33],[-13,0],[0,-32],[-25,0],[0,-64],[-12,0],[0,-33],[-13,0],[0,-64],[-12,0],[0,-32],[-25,0],[0,-33]],[[5799,1645],[-12,0],[0,-32],[-13,0],[0,64]],[[5774,1677],[13,0],[0,33],[12,0],[0,32],[13,0],[0,32],[12,0],[0,32],[13,0],[0,33],[-13,0],[0,32],[13,0],[0,32],[25,0],[0,32],[25,0],[0,33]],[[9174,1677],[13,0]],[[9187,1677],[0,-64]],[[9187,1613],[-13,0]],[[9174,1613],[0,64]],[[3550,1645],[0,-32],[-13,0]],[[3537,1613],[0,32],[13,0]],[[5612,1645],[12,0],[0,-32],[-12,0],[0,32]],[[8199,1645],[13,0],[0,-32]],[[8212,1613],[-13,0],[0,32]],[[9187,1645],[25,0]],[[9212,1645],[0,-32]],[[9212,1613],[-25,0]],[[9187,1613],[0,32]],[[9212,1645],[12,0],[0,-32],[-12,0]],[[3412,1613],[13,0],[0,-33],[-13,0],[0,33]],[[3525,1613],[12,0]],[[3537,1613],[0,-33],[-12,0],[0,33]],[[5637,1613],[12,0],[0,-33],[-12,0],[0,33]],[[8749,1580],[0,33],[13,0],[0,-33],[-13,0]],[[8812,1613],[12,0],[0,-33],[-12,0],[0,33]],[[3000,1548],[-13,0]],[[2987,1548],[0,32],[13,0],[0,-32]],[[5724,1580],[13,0],[0,-32],[-13,0]],[[5724,1548],[0,32]],[[8224,1580],[13,0],[0,-32],[-13,0],[0,32]],[[8337,1548],[-25,0]],[[8312,1548],[0,32],[25,0],[0,-32]],[[8412,1580],[0,-32]],[[8412,1548],[-13,0]],[[8399,1548],[0,32],[13,0]],[[9199,1580],[13,0]],[[9212,1580],[0,-32],[-13,0],[0,32]],[[8687,3161],[37,0]],[[8737,3161],[12,0]],[[8812,3000],[0,-33],[-38,0],[0,-32],[13,0],[0,-32],[25,0],[0,-32],[12,0],[0,-33],[13,0],[0,-32],[25,0],[0,-32]],[[8862,2774],[25,0],[0,-32],[12,0],[0,32],[13,0],[0,64],[12,0],[0,33]],[[8924,2935],[0,32]],[[8924,3064],[0,32]],[[8937,3129],[0,64]],[[8974,3225],[0,-64],[13,0],[0,-32]],[[8999,3032],[0,-32],[25,0],[0,-97]],[[9024,2903],[-25,0],[0,-32],[25,0],[0,-97],[-12,0]],[[9012,2774],[0,-32],[12,0],[0,-65],[-12,0],[0,-32],[12,0],[0,-32],[13,0],[0,-33],[-13,0],[0,-32],[13,0],[0,-64],[12,0],[0,-33],[25,0],[0,-96],[-25,0],[0,-65],[13,0],[0,-32],[-13,0],[0,-32],[13,0],[0,-33],[12,0],[0,97],[25,0],[0,-32],[-12,0],[0,-32],[37,0],[0,-65],[-12,0],[0,-64],[-25,0],[0,32],[-13,0],[0,32],[-12,0],[0,-32],[-13,0],[0,32],[-12,0],[0,-97],[12,0],[0,33],[13,0],[0,-33],[12,0],[0,-32],[13,0],[0,-32]],[[9087,2000],[25,0],[0,-32],[-13,0],[0,-97],[-25,0],[0,32],[-37,0],[0,-64],[-13,0],[0,-33],[13,0],[0,-32],[12,0],[0,32],[63,0],[0,-32],[-13,0],[0,-32],[-12,0],[0,32],[-13,0],[0,-97],[-12,0]],[[9062,1677],[0,-64],[-25,0],[0,-65],[-25,0],[0,-32]],[[9012,1516],[-63,0]],[[8949,1516],[0,32],[-62,0],[0,32],[-25,0],[0,97],[-13,0],[0,65],[-12,0],[0,-65],[-13,0],[0,-32],[-12,0],[0,-32]],[[8812,1613],[-13,0],[0,32],[-50,0],[0,32],[-12,0],[0,33],[-50,0],[0,-33]],[[8687,1677],[-25,0],[0,33],[-88,0],[0,-33],[-75,0],[0,-32],[-25,0],[0,-32],[-25,0],[0,-33],[-12,0],[0,-32],[-25,0]],[[8412,1548],[0,65]],[[8412,1613],[-25,0],[0,32],[-13,0],[0,-32],[-37,0],[0,32],[-13,0],[0,32],[-12,0],[0,65],[-13,0],[0,32],[-12,0],[0,32],[-13,0],[0,33],[-25,0],[0,32],[-12,0],[0,32],[-13,0],[0,32],[-12,0],[0,33],[-13,0],[0,32],[-37,0]],[[8162,2000],[0,97]],[[8162,2097],[-25,0],[0,32],[-13,0],[0,64],[25,0],[0,33],[-12,0],[0,64],[12,0],[0,65]],[[8212,2451],[0,65],[25,0],[0,32],[37,0]],[[8324,2580],[13,0],[0,33],[25,0],[0,-33]],[[8387,2645],[-13,0],[0,64],[38,0]],[[8387,2742],[0,64],[12,0],[0,-32]],[[8449,2806],[0,129],[13,0],[0,32],[25,0],[0,33],[12,0],[0,32],[50,0],[0,-32],[13,0],[0,-97]],[[8587,2838],[0,162],[12,0],[0,64],[13,0],[0,65],[-13,0],[0,32],[13,0],[0,64],[12,0],[0,-32],[13,0],[0,32],[37,0]],[[8649,3193],[0,-64],[-25,0]],[[8674,3096],[0,65],[-12,0]],[[3300,1742],[25,0],[0,-97],[25,0],[0,-32],[25,0],[0,-97],[-13,0],[0,32],[-12,0],[0,32],[-13,0],[0,33],[-25,0],[0,32],[-12,0],[0,32],[12,0],[0,33],[-12,0],[0,32]],[[5362,3580],[12,0]],[[5462,2967],[0,-32]],[[5474,2903],[13,0]],[[5574,2871],[25,0]],[[5599,2871],[0,64]],[[5587,3064],[-13,0]],[[5574,3064],[0,129]],[[5574,3193],[50,0]],[[5637,3161],[0,-32]],[[5624,3129],[0,-65]],[[5624,3064],[13,0]],[[5637,3064],[0,-64]],[[5837,3419],[12,0]],[[5862,3387],[0,-32]],[[5874,3451],[13,0]],[[5899,3419],[0,-64]],[[5924,3387],[0,-162]],[[5949,3064],[0,-32]],[[5949,3032],[25,0]],[[5962,3096],[0,65]],[[5962,3161],[25,0]],[[6024,3193],[0,129]],[[6037,3322],[0,129]],[[6087,3419],[12,0],[0,-32]],[[6087,3355],[25,0]],[[6112,3355],[0,-65],[12,0],[0,-32],[13,0],[0,-33]],[[6124,3225],[0,-96],[-12,0]],[[6137,3064],[0,-161]],[[6124,2903],[0,-65]],[[6099,2774],[-12,0]],[[5999,2742],[50,0],[0,-33],[-12,0],[0,-32],[-13,0],[0,-32],[-12,0],[0,-32],[-25,0],[0,-33],[-13,0],[0,-96]],[[5987,2484],[0,-65],[12,0],[0,-97]],[[5999,2290],[0,-32],[-12,0],[0,-32],[-13,0],[0,-33],[-12,0]],[[5949,2193],[-12,0],[0,-32],[-25,0]],[[5924,2129],[0,-32]],[[5899,2064],[13,0]],[[5912,2064],[0,-64]],[[5899,1968],[-12,0]],[[5774,1677],[0,-97],[-50,0]],[[5724,1548],[-25,0],[0,-32],[-12,0]],[[5687,1516],[0,32]],[[5687,1548],[-63,0],[0,-32],[-100,0]],[[5524,1516],[0,32],[-12,0],[0,32],[-13,0]],[[5499,1580],[0,162]],[[5487,1742],[0,32],[12,0]],[[5399,2322],[0,65]],[[5337,3000],[0,64],[12,0],[0,32],[13,0],[0,33],[12,0],[0,96],[-12,0],[0,97],[-13,0],[0,65],[13,0],[0,32],[-13,0],[0,97]],[[5687,2613],[75,0]],[[5762,2645],[-50,0]],[[8224,1613],[0,-33]],[[8224,1580],[-25,0]],[[8199,1580],[0,-64]],[[8199,1516],[-12,0],[0,97],[37,0]],[[9212,1613],[0,-33]],[[9199,1580],[0,-64]],[[9199,1516],[-12,0],[0,97]],[[5524,1516],[-25,0],[0,64]],[[5687,1516],[-13,0],[0,32],[13,0]],[[8199,1548],[13,0]],[[8212,1548],[0,-32],[-13,0]],[[8199,1516],[0,32]],[[8412,1613],[0,-33]],[[8399,1548],[-62,0]],[[8312,1548],[12,0],[0,-32],[-25,0]],[[8299,1516],[0,-32]],[[8299,1484],[-25,0]],[[8274,1484],[0,32],[-12,0],[0,-32]],[[8262,1484],[-50,0],[0,64]],[[8199,1548],[0,32]],[[8224,1613],[-12,0]],[[8199,1645],[0,32],[13,0],[0,33],[-13,0],[0,96]],[[8187,1806],[0,97],[-13,0],[0,65],[-12,0],[0,32]],[[8224,1742],[0,-65]],[[8237,1677],[0,65]],[[9137,1484],[0,64],[12,0],[0,-64],[-12,0]],[[5524,1516],[50,0],[0,-32],[-50,0],[0,32]],[[8274,1484],[-12,0]],[[8299,1516],[13,0],[0,-32],[-13,0]],[[8949,1516],[0,-32],[-25,0],[0,32],[25,0]],[[9012,1516],[25,0],[0,-32],[-25,0],[0,32]],[[2987,1451],[-12,0]],[[2975,1451],[0,33],[12,0],[0,-33]],[[3412,1484],[13,0],[0,-33],[-13,0],[0,33]],[[8824,1484],[13,0]],[[8837,1484],[0,-33]],[[8837,1451],[-13,0],[0,33]],[[9187,1484],[12,0]],[[9199,1484],[0,-33],[-12,0],[0,33]],[[8837,1484],[25,0]],[[8862,1484],[0,-65]],[[8862,1419],[-25,0]],[[8837,1419],[0,65]],[[9124,1484],[13,0]],[[9137,1484],[0,-65]],[[9137,1419],[-13,0]],[[9124,1419],[0,65]],[[8799,1419],[-12,0],[0,32],[12,0],[0,-32]],[[8899,1451],[38,0],[0,-32],[-38,0],[0,32]],[[3037,1451],[0,-64]],[[3037,1387],[-12,0]],[[3025,1387],[0,32],[-13,0],[0,32],[25,0]],[[2975,1387],[-13,0]],[[2962,1387],[0,32],[13,0],[0,-32]],[[8799,1419],[25,0],[0,-32],[-25,0],[0,32]],[[3037,1387],[0,-32]],[[3037,1355],[-12,0],[0,32]],[[3062,1322],[-12,0],[0,33],[-13,0]],[[3037,1355],[0,64]],[[3037,1419],[13,0],[0,65],[12,0],[0,-162]],[[9887,1322],[-13,0],[0,65],[-25,0]],[[9849,1387],[0,32],[13,0],[0,32],[12,0],[0,-32],[13,0],[0,-97]],[[9062,1355],[12,0],[0,-33],[13,0],[0,-32],[-25,0],[0,65]],[[8874,1322],[13,0]],[[8887,1322],[0,-32],[-13,0],[0,32]],[[3062,1322],[0,-64]],[[3062,1258],[-12,0],[0,32],[-13,0]],[[3037,1290],[0,65]],[[3062,1322],[25,0],[0,33],[-12,0],[0,96],[12,0],[0,-32],[38,0],[0,-97],[-25,0],[0,-32],[-13,0],[0,-32],[-25,0]],[[3162,1258],[-37,0],[0,32],[12,0],[0,65],[25,0],[0,-97]],[[3175,1258],[0,32],[25,0],[0,-32],[-25,0]],[[8912,1258],[-13,0]],[[8899,1258],[0,32],[13,0],[0,-32]],[[9137,1290],[12,0],[0,-32],[-12,0]],[[9137,1258],[0,32]],[[9037,2774],[0,-129]],[[9037,2645],[62,0],[0,-65]],[[9099,2580],[25,0]],[[9162,2451],[12,0],[0,-32],[13,0]],[[9187,2419],[0,-97]],[[9187,2322],[25,0],[0,-32],[12,0],[0,-32],[13,0],[0,-32],[12,0]],[[9237,2032],[37,0]],[[9274,2032],[0,-32]],[[9224,1968],[0,-97]],[[9224,1871],[-25,0]],[[9199,1774],[0,-97]],[[9212,1677],[0,-32]],[[9187,1645],[0,32]],[[9174,1677],[0,-97]],[[9174,1580],[-12,0],[0,-32],[12,0],[0,-64],[-12,0],[0,-33],[-13,0],[0,-96],[-25,0],[0,32],[-12,0],[0,32]],[[9112,1419],[25,0]],[[9137,1484],[-38,0]],[[9099,1484],[0,-33],[-12,0],[0,-64],[-38,0],[0,-32],[-12,0],[0,-97]],[[9037,1258],[-25,0]],[[9012,1258],[0,97]],[[9012,1355],[-38,0],[0,-33],[13,0],[0,-32],[12,0],[0,-32],[-37,0],[0,32],[-25,0],[0,-64]],[[8937,1226],[-13,0],[0,32],[-12,0]],[[8899,1258],[-12,0],[0,64]],[[8874,1322],[0,97],[-12,0]],[[8862,1484],[-38,0]],[[8837,1451],[0,-32]],[[8837,1419],[-38,0]],[[8799,1419],[0,97],[13,0],[0,32],[-25,0],[0,-64],[-38,0],[0,96]],[[8749,1580],[-12,0],[0,33],[-13,0],[0,32],[-12,0],[0,32],[-25,0]],[[9024,2903],[0,64],[13,0],[0,-161]],[[3162,1258],[13,0]],[[3175,1258],[0,-32]],[[3175,1226],[-13,0],[0,32]],[[9012,1258],[12,0]],[[9024,1258],[0,-32]],[[9024,1226],[-12,0]],[[9012,1226],[0,32]],[[9087,1258],[12,0],[0,-32],[-12,0]],[[9087,1226],[0,32]],[[9012,1355],[0,-129]],[[9012,1226],[-13,0],[0,-33]],[[8999,1193],[-25,0]],[[8974,1193],[0,33]],[[8974,1226],[-37,0]],[[2950,1226],[12,0],[0,-33]],[[2962,1193],[-12,0]],[[2950,1193],[0,33]],[[3175,1226],[12,0]],[[3187,1226],[0,-33]],[[3187,1193],[-12,0],[0,33]],[[8974,1193],[-12,0],[0,33],[12,0]],[[9049,1226],[0,-33]],[[9049,1193],[-12,0],[0,33],[12,0]],[[9074,1226],[13,0]],[[9087,1226],[0,-33],[-13,0],[0,33]],[[9962,1290],[-13,0],[0,-32],[-12,0],[0,-32],[-13,0],[0,-33],[-25,0],[0,-32],[-12,0],[0,129]],[[9887,1290],[37,0],[0,32],[38,0],[0,-32]],[[9199,1516],[0,-32]],[[9187,1484],[0,-65],[-13,0],[0,-129],[-37,0]],[[9137,1258],[-50,0]],[[9074,1226],[0,-65],[-12,0],[0,32],[-13,0]],[[9049,1226],[-25,0]],[[9024,1258],[13,0]],[[9099,1484],[25,0]],[[9124,1419],[-12,0]],[[9174,1580],[0,33]],[[2962,1193],[0,-32]],[[2962,1161],[-12,0]],[[2950,1161],[0,32]],[[3000,1161],[0,32],[12,0],[0,-32],[-12,0]],[[8999,1193],[13,0],[0,-32]],[[9012,1161],[-13,0]],[[8999,1161],[0,32]],[[3187,1226],[13,0]],[[3200,1226],[0,-33],[12,0]],[[3212,1193],[0,-64]],[[3212,1129],[-12,0],[0,32],[-13,0]],[[3187,1161],[0,65]],[[8999,1193],[0,-64]],[[8999,1129],[-12,0]],[[8987,1129],[0,64],[12,0]],[[3087,1161],[0,-32],[-37,0],[0,32],[37,0]],[[9112,1161],[0,-32]],[[9112,1129],[-13,0]],[[9099,1129],[0,32],[13,0]],[[9112,1161],[12,0],[0,-32]],[[9124,1129],[-12,0]],[[2962,1193],[13,0],[0,-32],[25,0]],[[3000,1161],[0,-64],[-13,0],[0,32],[-25,0]],[[2962,1129],[0,64]],[[3037,1161],[0,-64]],[[3037,1097],[-12,0],[0,64],[12,0]],[[2950,1097],[-13,0]],[[2937,1097],[0,32],[13,0],[0,-32]],[[8999,1129],[0,-32]],[[8999,1097],[-12,0],[0,32]],[[3212,1129],[0,-32]],[[3212,1097],[13,0],[0,-33]],[[3225,1064],[-25,0]],[[3200,1064],[0,33],[-13,0]],[[3187,1097],[0,64]],[[9124,1129],[0,-65]],[[9124,1064],[-12,0]],[[9112,1064],[0,65]],[[9037,1097],[12,0],[0,-33],[-12,0]],[[9037,1064],[0,33]],[[9087,1097],[0,-33]],[[9087,1064],[-13,0]],[[9074,1064],[0,33],[13,0]],[[9087,1097],[12,0],[0,-33]],[[9099,1064],[-12,0]],[[3037,1097],[13,0],[0,-65],[-13,0]],[[3037,1032],[0,65]],[[3200,1064],[0,-32]],[[3200,1032],[-13,0],[0,32],[13,0]],[[3200,1064],[12,0]],[[3212,1064],[0,-32]],[[3212,1032],[-12,0]],[[3212,1064],[13,0]],[[3225,1064],[0,-32]],[[3225,1032],[-13,0]],[[3225,1064],[25,0],[0,-32]],[[3250,1032],[-25,0]],[[3275,1064],[0,-32],[-13,0]],[[3262,1032],[0,32],[13,0]],[[9062,1064],[12,0]],[[9074,1064],[0,-32],[-12,0],[0,32]],[[9112,1129],[0,-97]],[[9112,1032],[-25,0],[0,32]],[[9099,1064],[0,65]],[[9824,1032],[-12,0]],[[9812,1032],[0,32],[12,0],[0,-32]],[[9887,1322],[0,33],[12,0],[0,-33],[13,0],[0,-32],[-25,0]],[[9962,1290],[0,-64],[-13,0],[0,-65],[-25,0],[0,-64],[-12,0],[0,-33],[-13,0],[0,-32],[-12,0],[0,-32],[-38,0],[0,129],[-12,0],[0,32],[-13,0],[0,65],[13,0],[0,32],[12,0],[0,64],[-12,0],[0,33],[-13,0],[0,64],[-12,0],[0,32],[-13,0],[0,33],[-12,0],[0,64],[25,0],[0,-32],[37,0],[0,-129]],[[3037,1032],[0,-32],[-12,0]],[[3025,1000],[0,32],[12,0]],[[2775,3742],[0,-129]],[[2812,3484],[0,32]],[[2812,3516],[25,0]],[[2900,3193],[25,0]],[[2925,3193],[0,-64]],[[3237,2322],[25,0]],[[3275,2290],[0,-64]],[[3300,2193],[0,33]],[[3337,2258],[-25,0]],[[3300,2322],[12,0]],[[3312,2322],[0,97]],[[3312,2419],[25,0]],[[3337,2419],[0,97]],[[3312,2613],[0,-33]],[[3287,2580],[0,97]],[[3312,2742],[25,0]],[[3337,2709],[13,0]],[[3350,2677],[37,0]],[[3362,2742],[-12,0]],[[3400,2806],[-13,0]],[[3375,2838],[0,-64]],[[3387,2742],[13,0]],[[3425,2742],[0,64]],[[3425,2806],[-13,0]],[[3450,3000],[50,0]],[[3500,3000],[0,32]],[[3500,3032],[37,0]],[[3537,3064],[25,0]],[[3575,3193],[37,0]],[[3600,3225],[0,33]],[[3600,3290],[0,32]],[[3800,3838],[12,0]],[[3825,3838],[12,0]],[[3837,3806],[75,0],[0,-32],[25,0],[0,-65]],[[3937,3709],[25,0],[0,-32],[13,0]],[[3975,3645],[50,0],[0,-32],[12,0],[0,-258],[-12,0],[0,-65],[-13,0],[0,-32],[-12,0],[0,-33],[-13,0],[0,-32],[-12,0],[0,-32],[-13,0],[0,32]],[[3637,1968],[0,-65],[-12,0],[0,-32]],[[3575,1871],[0,-97]],[[3575,1774],[25,0]],[[3600,1774],[0,-32],[-13,0],[0,-32],[-25,0]],[[3562,1710],[0,-33],[-12,0],[0,-32]],[[3525,1613],[0,-65],[-13,0],[0,-32],[-12,0],[0,-32],[-88,0]],[[3412,1484],[0,-65],[25,0],[0,-97],[-12,0],[0,-32],[-13,0],[0,-32],[-12,0],[0,-32],[-38,0],[0,-33],[-75,0],[0,-64],[-12,0],[0,-65]],[[3262,1032],[-12,0]],[[3212,1097],[0,96]],[[3200,1226],[-25,0]],[[3187,1193],[0,-96]],[[3200,1032],[0,-32],[-38,0]],[[3162,1000],[0,32],[13,0],[0,65],[-13,0],[0,32],[-37,0],[0,64],[-25,0],[0,-32],[-13,0]],[[3087,1161],[0,32],[-12,0],[0,33],[-13,0],[0,32]],[[3037,1419],[0,32]],[[3025,1387],[-25,0],[0,-97],[-13,0],[0,32],[-12,0],[0,33]],[[2975,1355],[-13,0],[0,32]],[[2975,1387],[0,64]],[[2987,1451],[0,97]],[[3000,1548],[0,97]],[[3012,1871],[0,129]],[[3025,2000],[0,129]],[[3050,2516],[0,97]],[[3037,2613],[0,64],[-12,0],[0,32],[-13,0],[0,33],[-12,0],[0,32],[-25,0],[0,32],[-25,0]],[[2950,2838],[-25,0],[0,33],[-25,0],[0,64],[-13,0]],[[2875,2967],[0,65],[-13,0],[0,64],[-12,0],[0,65],[-13,0],[0,64],[-12,0],[0,65],[-13,0],[0,65],[-12,0],[0,64],[-13,0],[0,32],[-12,0],[0,65],[-25,0],[0,32],[-13,0],[0,32]],[[2737,3613],[0,129],[13,0],[0,32],[12,0],[0,32],[-25,0],[0,32]],[[2775,3871],[12,0]],[[2800,3838],[0,194]],[[3475,2806],[0,-32]],[[3475,2742],[0,-97]],[[3100,2129],[-13,0]],[[3100,2064],[25,0]],[[3087,1968],[0,-33]],[[3100,1935],[0,129]],[[9762,1032],[0,-32],[-13,0]],[[9749,1000],[0,32],[13,0]],[[9037,1064],[25,0]],[[9112,1032],[0,32]],[[9124,1064],[0,-64]],[[9124,1000],[-25,0],[0,-32]],[[9099,968],[-12,0],[0,32]],[[9087,1000],[-38,0]],[[9049,1000],[0,-32],[-12,0]],[[9037,968],[0,64]],[[9037,1032],[-13,0]],[[9024,1032],[0,65],[13,0]],[[9062,1000],[12,0]],[[9074,1000],[0,-32]],[[9074,968],[-12,0]],[[9062,968],[0,32]],[[9124,1000],[0,-32]],[[9124,968],[-25,0]],[[9012,1161],[0,-32],[12,0],[0,-97]],[[9037,1032],[0,-97],[-13,0],[0,65],[-12,0],[0,97],[-13,0]],[[8999,1097],[0,64]],[[2937,935],[-12,0]],[[2925,935],[0,33],[12,0],[0,-33]],[[9074,968],[0,-33]],[[9074,935],[-12,0]],[[9062,935],[0,33]],[[9099,968],[13,0]],[[9112,968],[0,-33]],[[9112,935],[-13,0],[0,33]],[[9112,968],[12,0]],[[9124,968],[0,-33],[-12,0]],[[2962,935],[13,0],[0,-32],[-13,0],[0,32]],[[9824,1032],[0,65],[13,0],[0,-33],[12,0],[0,-96],[-12,0],[0,32]],[[9837,1000],[-50,0],[0,-32],[-13,0],[0,-33],[-25,0],[0,-32],[-25,0],[0,-32],[-12,0]],[[9712,871],[0,64],[25,0],[0,33],[12,0],[0,32]],[[9762,1032],[12,0],[0,65],[13,0],[0,32],[25,0],[0,-97]],[[9037,903],[12,0],[0,-32]],[[9049,871],[-12,0],[0,32]],[[9049,1000],[13,0]],[[9062,1000],[0,-65]],[[9074,935],[0,65]],[[9074,1000],[13,0]],[[9112,935],[0,-64],[-25,0],[0,-32],[-13,0]],[[9074,839],[0,32]],[[9074,871],[-25,0]],[[9037,903],[0,65]],[[3037,1355],[0,-194]],[[3025,1000],[-25,0],[0,-32],[-13,0],[0,-65],[13,0],[0,-32],[-75,0],[0,-32],[-13,0]],[[2912,839],[0,64],[13,0],[0,32]],[[2937,935],[0,162]],[[2950,1097],[0,64]],[[2962,1161],[0,-32]],[[2950,1226],[0,129],[25,0]],[[9074,839],[-12,0],[0,32],[12,0]],[[87,871],[25,0],[0,-65],[-12,0],[0,33],[-13,0],[0,32]],[[9699,839],[-25,0],[0,-33],[-25,0]],[[9649,806],[0,33],[13,0],[0,32],[37,0],[0,-32]],[[9649,806],[0,-129]],[[9649,677],[-37,0],[0,65],[12,0],[0,32],[13,0],[0,32],[12,0]],[[9837,1000],[0,-65],[-13,0],[0,-32],[-12,0],[0,-64],[-38,0],[0,-33],[-12,0],[0,-64],[-13,0],[0,-65],[-25,0],[0,-32],[-62,0]],[[9662,645],[0,32],[-13,0]],[[9699,839],[0,64],[13,0],[0,-32]],[[2950,677],[12,0],[0,-32],[13,0],[0,-32],[-13,0],[0,-32],[-12,0],[0,96]],[[9662,645],[12,0],[0,-32],[-12,0],[0,-32],[-13,0],[0,96]],[[2900,516],[-13,0]],[[2887,516],[0,32],[13,0],[0,-32]],[[3025,1000],[0,-97],[12,0],[0,-97],[-12,0],[0,-96],[-13,0],[0,-33],[-12,0],[0,-64],[-13,0],[0,-65],[13,0],[0,-32],[-13,0],[0,-32],[-12,0]],[[2975,484],[0,32]],[[2975,516],[-13,0],[0,32],[-12,0],[0,-32],[-13,0],[0,-32]],[[2937,484],[-37,0]],[[2900,484],[0,-32]],[[2900,452],[-13,0],[0,64]],[[2900,516],[0,97],[-13,0],[0,64],[13,0],[0,33],[12,0],[0,32],[13,0],[0,32],[-13,0],[0,65]],[[2900,484],[50,0]],[[2950,484],[0,-65],[-13,0],[0,-32]],[[2937,387],[-12,0],[0,32],[-13,0],[0,33],[-12,0]],[[2937,387],[13,0]],[[2950,387],[0,-32]],[[2950,355],[-13,0],[0,32]],[[2975,516],[0,-97]],[[2975,419],[-13,0]],[[2962,419],[0,-32],[13,0],[0,-32],[-13,0],[0,-32]],[[2962,323],[-12,0]],[[2950,323],[0,64]],[[2950,484],[-13,0]],[[2962,419],[25,0]],[[2987,419],[0,-32],[13,0],[0,-32],[12,0],[0,-32]],[[3012,323],[-50,0]],[[2900,290],[12,0]],[[2912,290],[0,-32],[-12,0],[0,32]],[[3312,355],[38,0],[0,-32],[12,0],[0,32],[13,0],[0,-32],[25,0],[0,-33],[-13,0],[0,-32],[-25,0],[0,-32],[-25,0],[0,32],[-12,0],[0,-32],[-25,0],[0,97],[12,0],[0,32]],[[2900,355],[25,0],[0,-32],[12,0],[0,-97],[13,0],[0,-32],[-13,0]],[[2937,194],[0,-33],[-12,0],[0,33],[-13,0],[0,96]],[[2900,290],[0,65]],[[2950,355],[0,-97]],[[2950,258],[12,0],[0,32],[13,0],[0,-32],[12,0],[0,-32],[-25,0],[0,-65],[-12,0],[0,-32]],[[2950,129],[-13,0],[0,65]],[[2900,355],[0,97]],[[2950,129],[50,0],[0,-32]],[[3000,97],[-50,0],[0,32]],[[3025,97],[-13,0],[0,32],[13,0],[0,-32]],[[3050,65],[0,32],[25,0],[0,-32],[-25,0]],[[3025,97],[12,0],[0,-32],[13,0]],[[3050,65],[0,-33]],[[3050,32],[-38,0],[0,33],[13,0]],[[3025,65],[0,32]],[[3162,1000],[75,0],[0,-97],[-37,0],[0,-32],[-13,0],[0,-32],[13,0],[0,-33],[-13,0],[0,-32],[-25,0],[0,-32],[-25,0],[0,-97],[50,0],[0,-64],[-12,0],[0,-65],[-25,0],[0,-32],[-25,0],[0,-97],[-25,0],[0,-32],[-13,0],[0,-32],[13,0],[0,-65],[12,0],[0,-97],[25,0],[0,-32],[25,0],[0,-32],[63,0],[0,-32],[-13,0],[0,-33],[-12,0],[0,33],[-13,0],[0,-33],[-62,0],[0,-32],[-63,0]],[[3062,0],[0,32],[-12,0]],[[3025,65],[-38,0],[0,32],[13,0]],[[2950,258],[0,65]],[[2950,323],[62,0]],[[2987,419],[-12,0]],[[2975,419],[0,65]],[[3037,1097],[0,193]],[[3062,0],[-12,0],[0,32]]]}