{"type":"Topology","bbox":[-180,-55.80007200000001,180,83.699928],"transform":{"scale":[0.036003600360036005,0.01395139513951395],"translate":[-180,-55.80007200000001]},"objects":{"anthromes":{"type":"GeometryCollection","geometries":[{"type":"Polygon","arcs":[[0,1]],"properties":{"anthrome":63}},{"type":"Polygon","arcs":[[2]],"properties":{"anthrome":63}},{"type":"Polygon","arcs":[[3]],"properties":{"anthrome":63}},{"type":"Polygon","arcs":[[4]],"properties":{"anthrome":62}},{"type":"Polygon","arcs":[[5]],"properties":{"anthrome":63}},{"type":"Polygon","arcs":[[6]],"properties":{"anthrome":62}},{"type":"Polygon","arcs":[[7,8]],"properties":{"anthrome":62}},{"type":"Polygon","arcs":[[9,10]],"properties":{"anthrome":62}},{"type":"Polygon","arcs":[[11,12]],"properties":{"anthrome":62}},{"type":"Polygon","arcs":[[13]],"properties":{"anthrome":63}},{"type":"Polygon","arcs":[[14,15,16,17,18],[-1,19],[-4]],"properties":{"anthrome":62}},{"type":"Polygon","arcs":[[20]],"properties":{"anthrome":63}},{"type":"Polygon","arcs":[[21,22]],"properties":{"anthrome":63}},{"type":"Polygon","arcs":[[23,24]],"properties":{"anthrome":63}},{"type":"Polygon","arcs":[[25,26,27]],"properties":{"anthrome":62}},{"type":"Polygon","arcs":[[28]],"properties":{"anthrome":62}},{"type":"Polygon","arcs":[[29,30]],"properties":{"anthrome":62}},{"type":"Polygon","arcs":[[31]],"properties":{"anthrome":63}},{"type":"Polygon","arcs":[[32]],"properties":{"anthrome":63}},{"type":"Polygon","arcs":[[-24,33]],"properties":{"anthrome":62}},{"type":"Polygon","arcs":[[34,35]],"properties":{"anthrome":62}},{"type":"Polygon","arcs":[[36]],"properties":{"anthrome":62}},{"type":"Polygon","arcs":[[37,38]],"properties":{"anthrome":63}},{"type":"Polygon","arcs":[[39,40]],"properties":{"anthrome":63}},{"type":"Polygon","arcs":[[41]],"properties":{"anthrome":62}},{"type":"Polygon","arcs":[[42,43,44]],"properties":{"anthrome":63}},{"type":"Polygon","arcs":[[45,46]],"properties":{"anthrome":63}},{"type":"Polygon","arcs":[[47]],"properties":{"anthrome":63}},{"type":"Polygon","arcs":[[48,49]],"properties":{"anthrome":63}},{"type":"Polygon","arcs":[[50,51]],"properties":{"anthrome":62}},{"type":"Polygon","arcs":[[52]],"properties":{"anthrome":63}},{"type":"Polygon","arcs":[[53,54]],"properties":{"anthrome":62}},{"type":"Polygon","arcs":[[55]],"properties":{"anthrome":54}},{"type":"Polygon","arcs":[[56]],"properties":{"anthrome":63}},{"type":"Polygon","arcs":[[57,-45,58,59]],"properties":{"anthrome":62}},{"type":"Polygon","arcs":[[60,61]],"properties":{"anthrome":63}},{"type":"Polygon","arcs":[[62,63]],"properties":{"anthrome":63}},{"type":"Polygon","arcs":[[64,65]],"properties":{"anthrome":62}},{"type":"Polygon","arcs":[[66]],"properties":{"anthrome":62}},{"type":"Polygon","arcs":[[67,68]],"properties":{"anthrome":63}},{"type":"Polygon","arcs":[[69]],"properties":{"anthrome":63}},{"type":"Polygon","arcs":[[70,71,72,73,-61]],"properties":{"anthrome":62}},{"type":"Polygon","arcs":[[74,75]],"properties":{"anthrome":63}},{"type":"Polygon","arcs":[[76]],"properties":{"anthrome":62}},{"type":"Polygon","arcs":[[77]],"properties":{"anthrome":63}},{"type":"Polygon","arcs":[[78,79]],"properties":{"anthrome":62}},{"type":"Polygon","arcs":[[80,-49,81,-47,82,83,84,85,86,-75,87,-63,88]],"properties":{"anthrome":62}},{"type":"Polygon","arcs":[[-12,89,-60,90,91,92,93,-73,94,-71,95],[-42],[-51,-52]],"properties":{"anthrome":63}},{"type":"Polygon","arcs":[[96,97,98]],"properties":{"anthrome":63}},{"type":"Polygon","arcs":[[99,100]],"properties":{"anthrome":62}},{"type":"Polygon","arcs":[[101,-79,102,103]],"properties":{"anthrome":63}},{"type":"Polygon","arcs":[[104,105,106]],"properties":{"anthrome":62}},{"type":"Polygon","arcs":[[-98,107]],"properties":{"anthrome":62}},{"type":"Polygon","arcs":[[-106,108]],"properties":{"anthrome":63}},{"type":"Polygon","arcs":[[-86,109]],"properties":{"anthrome":63}},{"type":"Polygon","arcs":[[110,111]],"properties":{"anthrome":62}},{"type":"Polygon","arcs":[[112,113]],"properties":{"anthrome":62}},{"type":"Polygon","arcs":[[114]],"properties":{"anthrome":62}},{"type":"Polygon","arcs":[[115,-101,116,117]],"properties":{"anthrome":63}},{"type":"Polygon","arcs":[[118,119,120,121,122,123]],"properties":{"anthrome":62}},{"type":"Polygon","arcs":[[124]],"properties":{"anthrome":62}},{"type":"Polygon","arcs":[[125,-104,126,-92]],"properties":{"anthrome":62}},{"type":"Polygon","arcs":[[127]],"properties":{"anthrome":63}},{"type":"Polygon","arcs":[[128,-122]],"properties":{"anthrome":63}},{"type":"Polygon","arcs":[[129,130]],"properties":{"anthrome":62}},{"type":"Polygon","arcs":[[131,132]],"properties":{"anthrome":54}},{"type":"Polygon","arcs":[[133,134]],"properties":{"anthrome":62}},{"type":"Polygon","arcs":[[135,-134]],"properties":{"anthrome":63}},{"type":"Polygon","arcs":[[136,-118,137,-97]],"properties":{"anthrome":62}},{"type":"Polygon","arcs":[[138,139]],"properties":{"anthrome":62}},{"type":"Polygon","arcs":[[140,141]],"properties":{"anthrome":62}},{"type":"Polygon","arcs":[[142,143]],"properties":{"anthrome":62}},{"type":"Polygon","arcs":[[144]],"properties":{"anthrome":63}},{"type":"Polygon","arcs":[[145,146]],"properties":{"anthrome":63}},{"type":"Polygon","arcs":[[147,148]],"properties":{"anthrome":63}},{"type":"Polygon","arcs":[[149,150]],"properties":{"anthrome":63}},{"type":"Polygon","arcs":[[151,152]],"properties":{"anthrome":62}},{"type":"Polygon","arcs":[[153,154]],"properties":{"anthrome":62}},{"type":"Polygon","arcs":[[155,156]],"properties":{"anthrome":61}},{"type":"Polygon","arcs":[[157,158]],"properties":{"anthrome":63}},{"type":"Polygon","arcs":[[159]],"properties":{"anthrome":54}},{"type":"Polygon","arcs":[[160,161]],"properties":{"anthrome":63}},{"type":"Polygon","arcs":[[162]],"properties":{"anthrome":63}},{"type":"Polygon","arcs":[[163]],"properties":{"anthrome":63}},{"type":"Polygon","arcs":[[164,165,166]],"properties":{"anthrome":63}},{"type":"Polygon","arcs":[[167,168]],"properties":{"anthrome":62}},{"type":"Polygon","arcs":[[169,170]],"properties":{"anthrome":54}},{"type":"Polygon","arcs":[[171]],"properties":{"anthrome":54}},{"type":"Polygon","arcs":[[172]],"properties":{"anthrome":63}},{"type":"Polygon","arcs":[[173]],"properties":{"anthrome":63}},{"type":"Polygon","arcs":[[174]],"properties":{"anthrome":63}},{"type":"Polygon","arcs":[[175]],"properties":{"anthrome":54}},{"type":"Polygon","arcs":[[176,177]],"properties":{"anthrome":63}},{"type":"Polygon","arcs":[[178,179]],"properties":{"anthrome":63}},{"type":"Polygon","arcs":[[180]],"properties":{"anthrome":54}},{"type":"Polygon","arcs":[[181,182]],"properties":{"anthrome":54}},{"type":"Polygon","arcs":[[-157,183,184,185,186,187]],"properties":{"anthrome":62}},{"type":"Polygon","arcs":[[-133,188,-144,-153,-169,189,190,-142,191,192]],"properties":{"anthrome":63}},{"type":"Polygon","arcs":[[193]],"properties":{"anthrome":54}},{"type":"Polygon","arcs":[[194]],"properties":{"anthrome":62}},{"type":"Polygon","arcs":[[195]],"properties":{"anthrome":63}},{"type":"Polygon","arcs":[[196]],"properties":{"anthrome":62}},{"type":"Polygon","arcs":[[197,198]],"properties":{"anthrome":62}},{"type":"Polygon","arcs":[[199,200]],"properties":{"anthrome":61}},{"type":"Polygon","arcs":[[201]],"properties":{"anthrome":61}},{"type":"Polygon","arcs":[[202,203]],"properties":{"anthrome":54}},{"type":"Polygon","arcs":[[204,205]],"properties":{"anthrome":54}},{"type":"Polygon","arcs":[[206,207]],"properties":{"anthrome":54}},{"type":"Polygon","arcs":[[208]],"properties":{"anthrome":54}},{"type":"Polygon","arcs":[[209,210]],"properties":{"anthrome":53}},{"type":"Polygon","arcs":[[211,212]],"properties":{"anthrome":61}},{"type":"Polygon","arcs":[[213,214]],"properties":{"anthrome":61}},{"type":"Polygon","arcs":[[215]],"properties":{"anthrome":62}},{"type":"Polygon","arcs":[[216]],"properties":{"anthrome":62}},{"type":"Polygon","arcs":[[217]],"properties":{"anthrome":62}},{"type":"Polygon","arcs":[[218,219,-214,220]],"properties":{"anthrome":62}},{"type":"Polygon","arcs":[[221,-219]],"properties":{"anthrome":63}},{"type":"Polygon","arcs":[[222,223]],"properties":{"anthrome":54}},{"type":"Polygon","arcs":[[224,225]],"properties":{"anthrome":63}},{"type":"Polygon","arcs":[[226]],"properties":{"anthrome":63}},{"type":"Polygon","arcs":[[227,228,229,230]],"properties":{"anthrome":53}},{"type":"Polygon","arcs":[[231,232,233,234]],"properties":{"anthrome":62}},{"type":"Polygon","arcs":[[235,-233]],"properties":{"anthrome":63}},{"type":"Polygon","arcs":[[236]],"properties":{"anthrome":54}},{"type":"Polygon","arcs":[[237,238]],"properties":{"anthrome":62}},{"type":"Polygon","arcs":[[239,240]],"properties":{"anthrome":61}},{"type":"Polygon","arcs":[[-190,241,242,243]],"properties":{"anthrome":62}},{"type":"Polygon","arcs":[[244,245,-229,246,-200]],"properties":{"anthrome":62}},{"type":"Polygon","arcs":[[247]],"properties":{"anthrome":62}},{"type":"Polygon","arcs":[[248]],"properties":{"anthrome":62}},{"type":"Polygon","arcs":[[249,250,251,252]],"properties":{"anthrome":63}},{"type":"Polygon","arcs":[[253,-251]],"properties":{"anthrome":62}},{"type":"Polygon","arcs":[[254]],"properties":{"anthrome":62}},{"type":"Polygon","arcs":[[255,256]],"properties":{"anthrome":61}},{"type":"Polygon","arcs":[[-230,257,258,259]],"properties":{"anthrome":62}},{"type":"Polygon","arcs":[[260,261,262]],"properties":{"anthrome":53}},{"type":"Polygon","arcs":[[263,264,265]],"properties":{"anthrome":54}},{"type":"Polygon","arcs":[[-243,266]],"properties":{"anthrome":54}},{"type":"Polygon","arcs":[[267]],"properties":{"anthrome":62}},{"type":"Polygon","arcs":[[268]],"properties":{"anthrome":61}},{"type":"Polygon","arcs":[[269]],"properties":{"anthrome":62}},{"type":"Polygon","arcs":[[270]],"properties":{"anthrome":62}},{"type":"Polygon","arcs":[[271,272,273,274]],"properties":{"anthrome":54}},{"type":"Polygon","arcs":[[275,276,277,-273]],"properties":{"anthrome":53}},{"type":"Polygon","arcs":[[-240,278,279,280]],"properties":{"anthrome":54}},{"type":"Polygon","arcs":[[281]],"properties":{"anthrome":53}},{"type":"Polygon","arcs":[[282,283]],"properties":{"anthrome":62}},{"type":"Polygon","arcs":[[284,285,286,287]],"properties":{"anthrome":54}},{"type":"Polygon","arcs":[[288,289]],"properties":{"anthrome":63}},{"type":"Polygon","arcs":[[290,291,292,293,294]],"properties":{"anthrome":62}},{"type":"Polygon","arcs":[[295,296,297,298,299,300]],"properties":{"anthrome":61}},{"type":"Polygon","arcs":[[301,302]],"properties":{"anthrome":62}},{"type":"Polygon","arcs":[[303]],"properties":{"anthrome":62}},{"type":"Polygon","arcs":[[304,305]],"properties":{"anthrome":54}},{"type":"Polygon","arcs":[[306,307,308,309]],"properties":{"anthrome":53}},{"type":"Polygon","arcs":[[310,311,312,-286]],"properties":{"anthrome":62}},{"type":"Polygon","arcs":[[313]],"properties":{"anthrome":63}},{"type":"Polygon","arcs":[[314]],"properties":{"anthrome":63}},{"type":"Polygon","arcs":[[315]],"properties":{"anthrome":63}},{"type":"Polygon","arcs":[[316,317]],"properties":{"anthrome":61}},{"type":"Polygon","arcs":[[318,319,-293]],"properties":{"anthrome":53}},{"type":"Polygon","arcs":[[320,321,322,-298]],"properties":{"anthrome":53}},{"type":"Polygon","arcs":[[-259,323,324]],"properties":{"anthrome":53}},{"type":"Polygon","arcs":[[325,326,327]],"properties":{"anthrome":62}},{"type":"Polygon","arcs":[[328,329,330]],"properties":{"anthrome":53}},{"type":"Polygon","arcs":[[331,332]],"properties":{"anthrome":62}},{"type":"Polygon","arcs":[[333,334]],"properties":{"anthrome":54}},{"type":"Polygon","arcs":[[335,336]],"properties":{"anthrome":61}},{"type":"Polygon","arcs":[[337,338,339]],"properties":{"anthrome":53}},{"type":"Polygon","arcs":[[340]],"properties":{"anthrome":62}},{"type":"Polygon","arcs":[[341]],"properties":{"anthrome":53}},{"type":"Polygon","arcs":[[342,343]],"properties":{"anthrome":54}},{"type":"Polygon","arcs":[[344,345]],"properties":{"anthrome":62}},{"type":"Polygon","arcs":[[346,347,348,349]],"properties":{"anthrome":62}},{"type":"Polygon","arcs":[[350,351]],"properties":{"anthrome":53}},{"type":"Polygon","arcs":[[352,353]],"properties":{"anthrome":62}},{"type":"Polygon","arcs":[[354,355,356]],"properties":{"anthrome":53}},{"type":"Polygon","arcs":[[357,358,359,360]],"properties":{"anthrome":54}},{"type":"Polygon","arcs":[[-350,361,362,363]],"properties":{"anthrome":53}},{"type":"Polygon","arcs":[[364,365]],"properties":{"anthrome":53}},{"type":"Polygon","arcs":[[-288,366,-308,367,368,369,-305,370,-223,371]],"properties":{"anthrome":62}},{"type":"Polygon","arcs":[[372,373,374]],"properties":{"anthrome":61}},{"type":"Polygon","arcs":[[375,-374]],"properties":{"anthrome":62}},{"type":"Polygon","arcs":[[376]],"properties":{"anthrome":62}},{"type":"Polygon","arcs":[[377]],"properties":{"anthrome":53}},{"type":"Polygon","arcs":[[378,379,-356]],"properties":{"anthrome":54}},{"type":"Polygon","arcs":[[380,381,-330]],"properties":{"anthrome":54}},{"type":"Polygon","arcs":[[382,383]],"properties":{"anthrome":54}},{"type":"Polygon","arcs":[[384,385]],"properties":{"anthrome":54}},{"type":"Polygon","arcs":[[386,387]],"properties":{"anthrome":62}},{"type":"Polygon","arcs":[[388,389,-332]],"properties":{"anthrome":54}},{"type":"Polygon","arcs":[[390,391,392]],"properties":{"anthrome":54}},{"type":"Polygon","arcs":[[393]],"properties":{"anthrome":53}},{"type":"Polygon","arcs":[[394]],"properties":{"anthrome":53}},{"type":"Polygon","arcs":[[395,396,397]],"properties":{"anthrome":53}},{"type":"Polygon","arcs":[[398,399,400,-359]],"properties":{"anthrome":53}},{"type":"Polygon","arcs":[[401]],"properties":{"anthrome":53}},{"type":"Polygon","arcs":[[402]],"properties":{"anthrome":53}},{"type":"Polygon","arcs":[[403,404,405,406]],"properties":{"anthrome":54}},{"type":"Polygon","arcs":[[407,408]],"properties":{"anthrome":53}},{"type":"Polygon","arcs":[[409,410]],"properties":{"anthrome":62}},{"type":"Polygon","arcs":[[411]],"properties":{"anthrome":62}},{"type":"Polygon","arcs":[[412,413]],"properties":{"anthrome":53}},{"type":"Polygon","arcs":[[414,415,416,417]],"properties":{"anthrome":54}},{"type":"Polygon","arcs":[[418,419]],"properties":{"anthrome":62}},{"type":"Polygon","arcs":[[420]],"properties":{"anthrome":63}},{"type":"Polygon","arcs":[[421,422]],"properties":{"anthrome":62}},{"type":"Polygon","arcs":[[423,424]],"properties":{"anthrome":61}},{"type":"Polygon","arcs":[[425]],"properties":{"anthrome":61}},{"type":"Polygon","arcs":[[426,-325,427,428,429,430,431,432,-322]],"properties":{"anthrome":62}},{"type":"Polygon","arcs":[[433,-430]],"properties":{"anthrome":61}},{"type":"Polygon","arcs":[[434,435]],"properties":{"anthrome":54}},{"type":"Polygon","arcs":[[436,437]],"properties":{"anthrome":62}},{"type":"Polygon","arcs":[[438]],"properties":{"anthrome":54}},{"type":"Polygon","arcs":[[439]],"properties":{"anthrome":54}},{"type":"Polygon","arcs":[[440,441,442,-241,443,444,-275,445,446,-416,447,448,449,-213,450,451]],"properties":{"anthrome":62}},{"type":"Polygon","arcs":[[452]],"properties":{"anthrome":53}},{"type":"Polygon","arcs":[[453,454,455,456]],"properties":{"anthrome":54}},{"type":"Polygon","arcs":[[457,458]],"properties":{"anthrome":62}},{"type":"Polygon","arcs":[[459,460,461,-385]],"properties":{"anthrome":61}},{"type":"Polygon","arcs":[[462,-337,463,464,465]],"properties":{"anthrome":62}},{"type":"Polygon","arcs":[[466,467]],"properties":{"anthrome":62}},{"type":"Polygon","arcs":[[468,469]],"properties":{"anthrome":62}},{"type":"Polygon","arcs":[[470]],"properties":{"anthrome":62}},{"type":"Polygon","arcs":[[471]],"properties":{"anthrome":63}},{"type":"Polygon","arcs":[[472,473,474]],"properties":{"anthrome":61}},{"type":"Polygon","arcs":[[475,476,-473]],"properties":{"anthrome":43}},{"type":"Polygon","arcs":[[477,478,479,480]],"properties":{"anthrome":43}},{"type":"Polygon","arcs":[[-434,481,482,-479]],"properties":{"anthrome":53}},{"type":"Polygon","arcs":[[483]],"properties":{"anthrome":53}},{"type":"Polygon","arcs":[[484]],"properties":{"anthrome":53}},{"type":"Polygon","arcs":[[485,486]],"properties":{"anthrome":53}},{"type":"Polygon","arcs":[[487]],"properties":{"anthrome":53}},{"type":"Polygon","arcs":[[488,489,-461,490]],"properties":{"anthrome":62}},{"type":"Polygon","arcs":[[491,492]],"properties":{"anthrome":53}},{"type":"Polygon","arcs":[[493,494]],"properties":{"anthrome":61}},{"type":"Polygon","arcs":[[495,496]],"properties":{"anthrome":54}},{"type":"Polygon","arcs":[[497]],"properties":{"anthrome":63}},{"type":"Polygon","arcs":[[498,499,500]],"properties":{"anthrome":62}},{"type":"Polygon","arcs":[[501]],"properties":{"anthrome":61}},{"type":"Polygon","arcs":[[502]],"properties":{"anthrome":62}},{"type":"Polygon","arcs":[[503,504]],"properties":{"anthrome":53}},{"type":"Polygon","arcs":[[505,506,507,508,509]],"properties":{"anthrome":62}},{"type":"Polygon","arcs":[[510]],"properties":{"anthrome":53}},{"type":"Polygon","arcs":[[511]],"properties":{"anthrome":62}},{"type":"Polygon","arcs":[[512,-509]],"properties":{"anthrome":54}},{"type":"Polygon","arcs":[[513]],"properties":{"anthrome":62}},{"type":"Polygon","arcs":[[514]],"properties":{"anthrome":63}},{"type":"Polygon","arcs":[[515]],"properties":{"anthrome":63}},{"type":"Polygon","arcs":[[516,517]],"properties":{"anthrome":62}},{"type":"Polygon","arcs":[[518,519,520]],"properties":{"anthrome":61}},{"type":"Polygon","arcs":[[-474,521,522]],"properties":{"anthrome":43}},{"type":"Polygon","arcs":[[523]],"properties":{"anthrome":53}},{"type":"Polygon","arcs":[[524]],"properties":{"anthrome":53}},{"type":"Polygon","arcs":[[525]],"properties":{"anthrome":61}},{"type":"Polygon","arcs":[[526,527,528,529]],"properties":{"anthrome":61}},{"type":"Polygon","arcs":[[530,531,532,-528]],"properties":{"anthrome":53}},{"type":"Polygon","arcs":[[533,534,-532]],"properties":{"anthrome":62}},{"type":"Polygon","arcs":[[535,536]],"properties":{"anthrome":54}},{"type":"Polygon","arcs":[[537,538,539,540]],"properties":{"anthrome":54}},{"type":"Polygon","arcs":[[541]],"properties":{"anthrome":61}},{"type":"Polygon","arcs":[[542]],"properties":{"anthrome":61}},{"type":"Polygon","arcs":[[543]],"properties":{"anthrome":62}},{"type":"Polygon","arcs":[[544]],"properties":{"anthrome":62}},{"type":"Polygon","arcs":[[545]],"properties":{"anthrome":62}},{"type":"Polygon","arcs":[[546,547,548,549]],"properties":{"anthrome":53}},{"type":"Polygon","arcs":[[550,551,552,-548]],"properties":{"anthrome":54}},{"type":"Polygon","arcs":[[553,554,-552]],"properties":{"anthrome":62}},{"type":"Polygon","arcs":[[555,556,557,558]],"properties":{"anthrome":54}},{"type":"Polygon","arcs":[[559,560,561,562]],"properties":{"anthrome":53}},{"type":"Polygon","arcs":[[563,564,565,566]],"properties":{"anthrome":63}},{"type":"Polygon","arcs":[[567,568]],"properties":{"anthrome":62}},{"type":"Polygon","arcs":[[569,-438,570,-487,571,572,573,574]],"properties":{"anthrome":54}},{"type":"Polygon","arcs":[[575,-375,576,577,578]],"properties":{"anthrome":62}},{"type":"Polygon","arcs":[[579]],"properties":{"anthrome":63}},{"type":"Polygon","arcs":[[580,581,582]],"properties":{"anthrome":53}},{"type":"Polygon","arcs":[[583,584,-407,585,586,587,588,589,590,591,-557,592,593,594,-455,595,596],[-502]],"properties":{"anthrome":62}},{"type":"Polygon","arcs":[[597,598,599]],"properties":{"anthrome":53}},{"type":"Polygon","arcs":[[600,601]],"properties":{"anthrome":53}},{"type":"Polygon","arcs":[[602,603]],"properties":{"anthrome":53}},{"type":"Polygon","arcs":[[604,605]],"properties":{"anthrome":61}},{"type":"Polygon","arcs":[[-520,606,607]],"properties":{"anthrome":62}},{"type":"Polygon","arcs":[[608,609,610]],"properties":{"anthrome":61}},{"type":"Polygon","arcs":[[-529,611,612,613]],"properties":{"anthrome":53}},{"type":"Polygon","arcs":[[614,615]],"properties":{"anthrome":53}},{"type":"Polygon","arcs":[[616,617]],"properties":{"anthrome":53}},{"type":"Polygon","arcs":[[618,619,620]],"properties":{"anthrome":53}},{"type":"Polygon","arcs":[[621,622,623,624]],"properties":{"anthrome":54}},{"type":"Polygon","arcs":[[625]],"properties":{"anthrome":61}},{"type":"Polygon","arcs":[[626]],"properties":{"anthrome":62}},{"type":"Polygon","arcs":[[627]],"properties":{"anthrome":53}},{"type":"Polygon","arcs":[[628]],"properties":{"anthrome":53}},{"type":"Polygon","arcs":[[629,630,631,632]],"properties":{"anthrome":62}},{"type":"Polygon","arcs":[[633,634,-631]],"properties":{"anthrome":54}},{"type":"Polygon","arcs":[[635]],"properties":{"anthrome":53}},{"type":"Polygon","arcs":[[-558,636,637]],"properties":{"anthrome":53}},{"type":"Polygon","arcs":[[638,-591]],"properties":{"anthrome":61}},{"type":"Polygon","arcs":[[639,640,641]],"properties":{"anthrome":54}},{"type":"Polygon","arcs":[[642]],"properties":{"anthrome":62}},{"type":"Polygon","arcs":[[-171,643,644,-206,645,646,-335,647,-497,648,649,650,651,652,-623,653,654,-494,655,656,-389,657,-203,658,659]],"properties":{"anthrome":62}},{"type":"Polygon","arcs":[[660,661,662]],"properties":{"anthrome":61}},{"type":"Polygon","arcs":[[663]],"properties":{"anthrome":62}},{"type":"Polygon","arcs":[[664]],"properties":{"anthrome":61}},{"type":"Polygon","arcs":[[665]],"properties":{"anthrome":53}},{"type":"Polygon","arcs":[[666,667]],"properties":{"anthrome":61}},{"type":"Polygon","arcs":[[668,669,-294,-432,670,671,672,-611,673,674,675,-522,-477,-424,676,677,-317],[-426]],"properties":{"anthrome":53}},{"type":"Polygon","arcs":[[678]],"properties":{"anthrome":53}},{"type":"Polygon","arcs":[[679]],"properties":{"anthrome":53}},{"type":"Polygon","arcs":[[680]],"properties":{"anthrome":61}},{"type":"Polygon","arcs":[[681]],"properties":{"anthrome":53}},{"type":"Polygon","arcs":[[682]],"properties":{"anthrome":61}},{"type":"Polygon","arcs":[[683]],"properties":{"anthrome":61}},{"type":"Polygon","arcs":[[684,685,686,687]],"properties":{"anthrome":53}},{"type":"Polygon","arcs":[[688,689,690,-650]],"properties":{"anthrome":61}},{"type":"Polygon","arcs":[[691,692,-690]],"properties":{"anthrome":53}},{"type":"Polygon","arcs":[[693,694,695,696]],"properties":{"anthrome":54}},{"type":"Polygon","arcs":[[-632,697,698]],"properties":{"anthrome":53}},{"type":"Polygon","arcs":[[699,-642,700,701,-639]],"properties":{"anthrome":53}},{"type":"Polygon","arcs":[[702,703]],"properties":{"anthrome":62}},{"type":"Polygon","arcs":[[704,-567,705,706,707,708,709]],"properties":{"anthrome":62}},{"type":"Polygon","arcs":[[-606,710]],"properties":{"anthrome":62}},{"type":"Polygon","arcs":[[711,712]],"properties":{"anthrome":54}},{"type":"Polygon","arcs":[[713]],"properties":{"anthrome":53}},{"type":"Polygon","arcs":[[714,715,716,717]],"properties":{"anthrome":53}},{"type":"Polygon","arcs":[[718]],"properties":{"anthrome":61}},{"type":"Polygon","arcs":[[719,720]],"properties":{"anthrome":61}},{"type":"Polygon","arcs":[[721,722]],"properties":{"anthrome":61}},{"type":"Polygon","arcs":[[723,724,725,-722]],"properties":{"anthrome":54}},{"type":"Polygon","arcs":[[726]],"properties":{"anthrome":61}},{"type":"Polygon","arcs":[[727]],"properties":{"anthrome":53}},{"type":"Polygon","arcs":[[728,729,730,731,732]],"properties":{"anthrome":53}},{"type":"Polygon","arcs":[[733,734,735,736,737,-730,738]],"properties":{"anthrome":62}},{"type":"Polygon","arcs":[[739]],"properties":{"anthrome":53}},{"type":"Polygon","arcs":[[740,741,742]],"properties":{"anthrome":54}},{"type":"Polygon","arcs":[[743,744]],"properties":{"anthrome":53}},{"type":"Polygon","arcs":[[745,746,747,748]],"properties":{"anthrome":53}},{"type":"Polygon","arcs":[[749]],"properties":{"anthrome":62}},{"type":"Polygon","arcs":[[750]],"properties":{"anthrome":62}},{"type":"Polygon","arcs":[[751]],"properties":{"anthrome":62}},{"type":"Polygon","arcs":[[752]],"properties":{"anthrome":53}},{"type":"Polygon","arcs":[[753,754,755,756],[-498]],"properties":{"anthrome":62}},{"type":"Polygon","arcs":[[757]],"properties":{"anthrome":53}},{"type":"Polygon","arcs":[[758]],"properties":{"anthrome":61}},{"type":"Polygon","arcs":[[759,760]],"properties":{"anthrome":62}},{"type":"Polygon","arcs":[[761,762]],"properties":{"anthrome":53}},{"type":"Polygon","arcs":[[763,764]],"properties":{"anthrome":53}},{"type":"Polygon","arcs":[[765,766]],"properties":{"anthrome":62}},{"type":"Polygon","arcs":[[767,768,769,770]],"properties":{"anthrome":62}},{"type":"Polygon","arcs":[[771]],"properties":{"anthrome":61}},{"type":"Polygon","arcs":[[772,773]],"properties":{"anthrome":54}},{"type":"Polygon","arcs":[[774,775,776]],"properties":{"anthrome":61}},{"type":"Polygon","arcs":[[777,778]],"properties":{"anthrome":61}},{"type":"Polygon","arcs":[[779,780,781,782]],"properties":{"anthrome":43}},{"type":"Polygon","arcs":[[783]],"properties":{"anthrome":61}},{"type":"Polygon","arcs":[[784,785]],"properties":{"anthrome":61}},{"type":"Polygon","arcs":[[786,787]],"properties":{"anthrome":53}},{"type":"Polygon","arcs":[[788,789,790]],"properties":{"anthrome":53}},{"type":"Polygon","arcs":[[791]],"properties":{"anthrome":61}},{"type":"Polygon","arcs":[[792]],"properties":{"anthrome":53}},{"type":"Polygon","arcs":[[-762,793]],"properties":{"anthrome":61}},{"type":"Polygon","arcs":[[794]],"properties":{"anthrome":62}},{"type":"Polygon","arcs":[[795,796]],"properties":{"anthrome":61}},{"type":"Polygon","arcs":[[797,-616,-718,-788,798,799,800,801,802,803,804,805,-612],[-682]],"properties":{"anthrome":61}},{"type":"Polygon","arcs":[[806,807]],"properties":{"anthrome":53}},{"type":"Polygon","arcs":[[808,809,810,811]],"properties":{"anthrome":54}},{"type":"Polygon","arcs":[[812,813]],"properties":{"anthrome":62}},{"type":"Polygon","arcs":[[814]],"properties":{"anthrome":53}},{"type":"Polygon","arcs":[[815]],"properties":{"anthrome":62}},{"type":"Polygon","arcs":[[816,817,818,-769]],"properties":{"anthrome":63}},{"type":"Polygon","arcs":[[819,820]],"properties":{"anthrome":61}},{"type":"Polygon","arcs":[[821]],"properties":{"anthrome":53}},{"type":"Polygon","arcs":[[822,823,824,-783,825,826,827,828,829,-725,-675,830,831,-672]],"properties":{"anthrome":62}},{"type":"Polygon","arcs":[[832]],"properties":{"anthrome":61}},{"type":"Polygon","arcs":[[833]],"properties":{"anthrome":61}},{"type":"Polygon","arcs":[[-802,834]],"properties":{"anthrome":53}},{"type":"Polygon","arcs":[[835,836,-800]],"properties":{"anthrome":53}},{"type":"Polygon","arcs":[[-799,837,838]],"properties":{"anthrome":53}},{"type":"Polygon","arcs":[[839]],"properties":{"anthrome":53}},{"type":"Polygon","arcs":[[840,841,842,843]],"properties":{"anthrome":62}},{"type":"Polygon","arcs":[[844,845,-842]],"properties":{"anthrome":61}},{"type":"Polygon","arcs":[[846]],"properties":{"anthrome":53}},{"type":"Polygon","arcs":[[847]],"properties":{"anthrome":53}},{"type":"Polygon","arcs":[[848]],"properties":{"anthrome":62}},{"type":"Polygon","arcs":[[849]],"properties":{"anthrome":62}},{"type":"Polygon","arcs":[[850]],"properties":{"anthrome":62}},{"type":"Polygon","arcs":[[851,852,853,854,-810,855,856]],"properties":{"anthrome":62}},{"type":"Polygon","arcs":[[857,858,859,860,-773],[-822]],"properties":{"anthrome":62}},{"type":"Polygon","arcs":[[861,-779,862,863,864,865,866,867,-776]],"properties":{"anthrome":53}},{"type":"Polygon","arcs":[[868]],"properties":{"anthrome":53}},{"type":"Polygon","arcs":[[869]],"properties":{"anthrome":62}},{"type":"Polygon","arcs":[[870,-854,871]],"properties":{"anthrome":61}},{"type":"Polygon","arcs":[[872,873,874,875]],"properties":{"anthrome":63}},{"type":"Polygon","arcs":[[876,877]],"properties":{"anthrome":62}},{"type":"Polygon","arcs":[[878,879,880,-877]],"properties":{"anthrome":54}},{"type":"Polygon","arcs":[[881,882,883,-880]],"properties":{"anthrome":62}},{"type":"Polygon","arcs":[[884]],"properties":{"anthrome":53}},{"type":"Polygon","arcs":[[-771,885,886,887]],"properties":{"anthrome":54}},{"type":"Polygon","arcs":[[888,889]],"properties":{"anthrome":62}},{"type":"Polygon","arcs":[[890,891,892,893]],"properties":{"anthrome":62}},{"type":"Polygon","arcs":[[894,895,896]],"properties":{"anthrome":62}},{"type":"Polygon","arcs":[[897,898,899]],"properties":{"anthrome":53}},{"type":"Polygon","arcs":[[900,901]],"properties":{"anthrome":54}},{"type":"Polygon","arcs":[[902]],"properties":{"anthrome":53}},{"type":"Polygon","arcs":[[903]],"properties":{"anthrome":62}},{"type":"Polygon","arcs":[[904]],"properties":{"anthrome":54}},{"type":"Polygon","arcs":[[905]],"properties":{"anthrome":62}},{"type":"Polygon","arcs":[[-794,906,907,908,909,910]],"properties":{"anthrome":53}},{"type":"Polygon","arcs":[[911,912,913,914]],"properties":{"anthrome":54}},{"type":"Polygon","arcs":[[915,916,917]],"properties":{"anthrome":62}},{"type":"Polygon","arcs":[[918,919,920]],"properties":{"anthrome":62}},{"type":"Polygon","arcs":[[921]],"properties":{"anthrome":62}},{"type":"Polygon","arcs":[[922]],"properties":{"anthrome":53}},{"type":"Polygon","arcs":[[-469,923,-602,924,-713,925,-765,926,927,928,929,930,931,932,-857,933,-812,934,935],[-512]],"properties":{"anthrome":61}},{"type":"Polygon","arcs":[[936,-931,937,-874]],"properties":{"anthrome":62}},{"type":"Polygon","arcs":[[-928,938,939,940,941,942]],"properties":{"anthrome":54}},{"type":"Polygon","arcs":[[943,-199,944,-284,945,-423,946,-518,947,948,949],[-197],[-255]],"properties":{"anthrome":63}},{"type":"Polygon","arcs":[[950,951,952,953]],"properties":{"anthrome":62}},{"type":"Polygon","arcs":[[954,955,956,957,958]],"properties":{"anthrome":43}},{"type":"Polygon","arcs":[[959]],"properties":{"anthrome":53}},{"type":"Polygon","arcs":[[960,961]],"properties":{"anthrome":53}},{"type":"Polygon","arcs":[[962,963,964]],"properties":{"anthrome":62}},{"type":"Polygon","arcs":[[965]],"properties":{"anthrome":53}},{"type":"Polygon","arcs":[[966]],"properties":{"anthrome":53}},{"type":"Polygon","arcs":[[967]],"properties":{"anthrome":62}},{"type":"Polygon","arcs":[[968]],"properties":{"anthrome":62}},{"type":"Polygon","arcs":[[969,970]],"properties":{"anthrome":63}},{"type":"Polygon","arcs":[[971,972,973,974]],"properties":{"anthrome":62}},{"type":"Polygon","arcs":[[975,976,-973]],"properties":{"anthrome":63}},{"type":"Polygon","arcs":[[977,978]],"properties":{"anthrome":61}},{"type":"Polygon","arcs":[[979,980,-952]],"properties":{"anthrome":53}},{"type":"Polygon","arcs":[[981,982,983,-980]],"properties":{"anthrome":62}},{"type":"Polygon","arcs":[[984]],"properties":{"anthrome":61}},{"type":"Polygon","arcs":[[985,986,987]],"properties":{"anthrome":61}},{"type":"Polygon","arcs":[[988,-986]],"properties":{"anthrome":53}},{"type":"Polygon","arcs":[[989]],"properties":{"anthrome":53}},{"type":"Polygon","arcs":[[990]],"properties":{"anthrome":54}},{"type":"Polygon","arcs":[[991,992]],"properties":{"anthrome":62}},{"type":"Polygon","arcs":[[993,994]],"properties":{"anthrome":53}},{"type":"Polygon","arcs":[[995]],"properties":{"anthrome":62}},{"type":"Polygon","arcs":[[996]],"properties":{"anthrome":62}},{"type":"Polygon","arcs":[[997]],"properties":{"anthrome":53}},{"type":"Polygon","arcs":[[998]],"properties":{"anthrome":53}},{"type":"Polygon","arcs":[[999]],"properties":{"anthrome":62}},{"type":"Polygon","arcs":[[1000,1001,1002,1003]],"properties":{"anthrome":62}},{"type":"Polygon","arcs":[[1004,1005,1006,-1002]],"properties":{"anthrome":63}},{"type":"Polygon","arcs":[[1007,1008]],"properties":{"anthrome":62}},{"type":"Polygon","arcs":[[1009,1010,1011,1012]],"properties":{"anthrome":53}},{"type":"Polygon","arcs":[[1013,1014,1015]],"properties":{"anthrome":53}},{"type":"Polygon","arcs":[[1016,1017,1018,1019,1020,1021,-864]],"properties":{"anthrome":62}},{"type":"Polygon","arcs":[[1022]],"properties":{"anthrome":61}},{"type":"Polygon","arcs":[[1023,1024,-838,1025,-790]],"properties":{"anthrome":61}},{"type":"Polygon","arcs":[[1026,-918,1027,1028,1029,1030]],"properties":{"anthrome":53}},{"type":"Polygon","arcs":[[-942,1031,1032,1033]],"properties":{"anthrome":53}},{"type":"Polygon","arcs":[[1034]],"properties":{"anthrome":53}},{"type":"Polygon","arcs":[[1035,1036]],"properties":{"anthrome":61}},{"type":"Polygon","arcs":[[1037]],"properties":{"anthrome":61}},{"type":"Polygon","arcs":[[1038,1039]],"properties":{"anthrome":61}},{"type":"Polygon","arcs":[[1040]],"properties":{"anthrome":53}},{"type":"Polygon","arcs":[[1041]],"properties":{"anthrome":53}},{"type":"Polygon","arcs":[[1042]],"properties":{"anthrome":53}},{"type":"Polygon","arcs":[[1043]],"properties":{"anthrome":62}},{"type":"Polygon","arcs":[[1044]],"properties":{"anthrome":61}},{"type":"Polygon","arcs":[[1045,1046]],"properties":{"anthrome":62}},{"type":"Polygon","arcs":[[1047,1048]],"properties":{"anthrome":54}},{"type":"Polygon","arcs":[[1049,1050,1051,-1048]],"properties":{"anthrome":53}},{"type":"Polygon","arcs":[[-940,1052,1053]],"properties":{"anthrome":61}},{"type":"Polygon","arcs":[[1054,1055]],"properties":{"anthrome":53}},{"type":"Polygon","arcs":[[1056,1057]],"properties":{"anthrome":53}},{"type":"Polygon","arcs":[[1058]],"properties":{"anthrome":61}},{"type":"Polygon","arcs":[[-974,1059,1060,1061]],"properties":{"anthrome":63}},{"type":"Polygon","arcs":[[1062,1063,1064,-1019]],"properties":{"anthrome":54}},{"type":"Polygon","arcs":[[-889,1065,-1064,1066,-1017]],"properties":{"anthrome":53}},{"type":"Polygon","arcs":[[1067,1068]],"properties":{"anthrome":61}},{"type":"Polygon","arcs":[[1069]],"properties":{"anthrome":61}},{"type":"Polygon","arcs":[[1070,1071]],"properties":{"anthrome":53}},{"type":"Polygon","arcs":[[1072]],"properties":{"anthrome":61}},{"type":"Polygon","arcs":[[1073,1074,1075]],"properties":{"anthrome":61}},{"type":"Polygon","arcs":[[1076,1077,1078]],"properties":{"anthrome":62}},{"type":"Polygon","arcs":[[1079,1080,1081]],"properties":{"anthrome":62}},{"type":"Polygon","arcs":[[1082]],"properties":{"anthrome":53}},{"type":"Polygon","arcs":[[1083]],"properties":{"anthrome":61}},{"type":"Polygon","arcs":[[1084,1085]],"properties":{"anthrome":61}},{"type":"Polygon","arcs":[[1086,1087]],"properties":{"anthrome":53}},{"type":"Polygon","arcs":[[1088,1089,-1029]],"properties":{"anthrome":62}},{"type":"Polygon","arcs":[[1090]],"properties":{"anthrome":53}},{"type":"Polygon","arcs":[[-22,1091,-41,1092,1093,1094,1095,-392,1096,1097,1098,1099,1100,1101,-747,1102,-695,1103,1104,1105,1106,-538,1107,1108,1109,1110,1111,1112,-207,1113,-182,1114,-69,1115,-39,1116],[-48],[-70],[-181],[-237],[-269],[-440],[-542],[-543],[-626],[-792]],"properties":{"anthrome":62}},{"type":"Polygon","arcs":[[-655,1117,-625,1118,-652,1119,1120,-841,-732,1121,-737,1122,-686,-619],[-740]],"properties":{"anthrome":61}},{"type":"Polygon","arcs":[[1123,1124,1125,1126,1127,1128]],"properties":{"anthrome":62}},{"type":"Polygon","arcs":[[-1124,1129,1130,1131]],"properties":{"anthrome":61}},{"type":"Polygon","arcs":[[1132,-1009,1133,-1013,1134,1135,1136,1137,1138,1139]],"properties":{"anthrome":61}},{"type":"Polygon","arcs":[[1140,1141,1142,1143,1144,-1051]],"properties":{"anthrome":62}},{"type":"Polygon","arcs":[[1145,1146,-1144]],"properties":{"anthrome":61}},{"type":"Polygon","arcs":[[1147,1148]],"properties":{"anthrome":53}},{"type":"Polygon","arcs":[[1149,1150,1151]],"properties":{"anthrome":53}},{"type":"Polygon","arcs":[[1152,1153]],"properties":{"anthrome":53}},{"type":"Polygon","arcs":[[1154]],"properties":{"anthrome":61}},{"type":"Polygon","arcs":[[1155,1156,1157]],"properties":{"anthrome":52}},{"type":"Polygon","arcs":[[-1020,1158,1159,1160]],"properties":{"anthrome":54}},{"type":"Polygon","arcs":[[-1065,1161,-1159]],"properties":{"anthrome":53}},{"type":"Polygon","arcs":[[1162]],"properties":{"anthrome":61}},{"type":"Polygon","arcs":[[1163]],"properties":{"anthrome":61}},{"type":"Polygon","arcs":[[1164]],"properties":{"anthrome":61}},{"type":"Polygon","arcs":[[1165]],"properties":{"anthrome":53}},{"type":"Polygon","arcs":[[1166,1167,-1126]],"properties":{"anthrome":54}},{"type":"Polygon","arcs":[[1168]],"properties":{"anthrome":61}},{"type":"Polygon","arcs":[[1169]],"properties":{"anthrome":61}},{"type":"Polygon","arcs":[[1170]],"properties":{"anthrome":62}},{"type":"Polygon","arcs":[[1171]],"properties":{"anthrome":62}},{"type":"Polygon","arcs":[[1172]],"properties":{"anthrome":62}},{"type":"Polygon","arcs":[[1173]],"properties":{"anthrome":61}},{"type":"Polygon","arcs":[[1174,1175]],"properties":{"anthrome":61}},{"type":"Polygon","arcs":[[1176,-1138,1177,1178]],"properties":{"anthrome":53}},{"type":"Polygon","arcs":[[1179,1180,-1136]],"properties":{"anthrome":62}},{"type":"Polygon","arcs":[[1181,1182,1183]],"properties":{"anthrome":53}},{"type":"Polygon","arcs":[[1184,1185,1186,1187]],"properties":{"anthrome":62}},{"type":"Polygon","arcs":[[1188,-818,1189,-821,1190,-861,1191,1192,1193,1194,1195,1196,-1036,1197,-887]],"properties":{"anthrome":53}},{"type":"Polygon","arcs":[[1198,1199,1200,1201,1202,1203,1204,1205,1206,-866]],"properties":{"anthrome":63}},{"type":"Polygon","arcs":[[-1158,1207,1208]],"properties":{"anthrome":54}},{"type":"Polygon","arcs":[[1209,1210,1211]],"properties":{"anthrome":52}},{"type":"Polygon","arcs":[[1212]],"properties":{"anthrome":53}},{"type":"Polygon","arcs":[[1213]],"properties":{"anthrome":53}},{"type":"Polygon","arcs":[[1214,1215,1216,1217]],"properties":{"anthrome":54}},{"type":"Polygon","arcs":[[1218,1219,1220]],"properties":{"anthrome":53}},{"type":"Polygon","arcs":[[1221]],"properties":{"anthrome":53}},{"type":"Polygon","arcs":[[1222,1223]],"properties":{"anthrome":53}},{"type":"Polygon","arcs":[[1224,1225,1226,1227]],"properties":{"anthrome":63}},{"type":"Polygon","arcs":[[1228,-1204,1229,1230]],"properties":{"anthrome":53}},{"type":"Polygon","arcs":[[1231,-1202]],"properties":{"anthrome":54}},{"type":"Polygon","arcs":[[1232]],"properties":{"anthrome":53}},{"type":"Polygon","arcs":[[1233]],"properties":{"anthrome":61}},{"type":"Polygon","arcs":[[1234]],"properties":{"anthrome":53}},{"type":"Polygon","arcs":[[1235]],"properties":{"anthrome":53}},{"type":"Polygon","arcs":[[1236]],"properties":{"anthrome":62}},{"type":"Polygon","arcs":[[1237]],"properties":{"anthrome":62}},{"type":"Polygon","arcs":[[1238]],"properties":{"anthrome":53}},{"type":"Polygon","arcs":[[1239,1240]],"properties":{"anthrome":53}},{"type":"Polygon","arcs":[[1241,-1206,1242,-1231,1243,1244,1245,1246,-1060,-977]],"properties":{"anthrome":62}},{"type":"Polygon","arcs":[[1247,1248]],"properties":{"anthrome":62}},{"type":"Polygon","arcs":[[1249]],"properties":{"anthrome":62}},{"type":"Polygon","arcs":[[1250,1251,1252,1253,1254]],"properties":{"anthrome":62}},{"type":"Polygon","arcs":[[1255]],"properties":{"anthrome":61}},{"type":"Polygon","arcs":[[-1254,1256,1257]],"properties":{"anthrome":63}},{"type":"Polygon","arcs":[[1258]],"properties":{"anthrome":53}},{"type":"Polygon","arcs":[[1259]],"properties":{"anthrome":63}},{"type":"Polygon","arcs":[[1260,1261,1262,-1245]],"properties":{"anthrome":53}},{"type":"Polygon","arcs":[[1263,1264,1265,-1262]],"properties":{"anthrome":63}},{"type":"Polygon","arcs":[[1266,-1265]],"properties":{"anthrome":62}},{"type":"Polygon","arcs":[[1267,1268]],"properties":{"anthrome":42}},{"type":"Polygon","arcs":[[1269,1270]],"properties":{"anthrome":52}},{"type":"Polygon","arcs":[[1271,1272,1273]],"properties":{"anthrome":61}},{"type":"Polygon","arcs":[[1274]],"properties":{"anthrome":61}},{"type":"Polygon","arcs":[[1275,1276]],"properties":{"anthrome":61}},{"type":"Polygon","arcs":[[1277]],"properties":{"anthrome":61}},{"type":"Polygon","arcs":[[1278]],"properties":{"anthrome":61}},{"type":"Polygon","arcs":[[1279]],"properties":{"anthrome":53}},{"type":"Polygon","arcs":[[1280,1281,1282]],"properties":{"anthrome":53}},{"type":"Polygon","arcs":[[1283]],"properties":{"anthrome":53}},{"type":"Polygon","arcs":[[1284]],"properties":{"anthrome":61}},{"type":"Polygon","arcs":[[1285]],"properties":{"anthrome":61}},{"type":"Polygon","arcs":[[1286,1287]],"properties":{"anthrome":61}},{"type":"Polygon","arcs":[[1288]],"properties":{"anthrome":54}},{"type":"Polygon","arcs":[[1289]],"properties":{"anthrome":53}},{"type":"Polygon","arcs":[[1290,1291,1292,1293,1294,1295,1296]],"properties":{"anthrome":53}},{"type":"Polygon","arcs":[[-1187,1297,1298,1299]],"properties":{"anthrome":61}},{"type":"Polygon","arcs":[[1300,1301,1302,1303]],"properties":{"anthrome":61}},{"type":"Polygon","arcs":[[1304,1305,1306,-1302]],"properties":{"anthrome":62}},{"type":"Polygon","arcs":[[1307,1308,1309,1310]],"properties":{"anthrome":43}},{"type":"Polygon","arcs":[[1311]],"properties":{"anthrome":61}},{"type":"Polygon","arcs":[[1312]],"properties":{"anthrome":53}},{"type":"Polygon","arcs":[[1313]],"properties":{"anthrome":61}},{"type":"Polygon","arcs":[[1314]],"properties":{"anthrome":53}},{"type":"Polygon","arcs":[[1315,1316,1317,1318]],"properties":{"anthrome":53}},{"type":"Polygon","arcs":[[1319,1320,1321,1322,1323,-1317]],"properties":{"anthrome":54}},{"type":"Polygon","arcs":[[1324,1325]],"properties":{"anthrome":53}},{"type":"Polygon","arcs":[[1326,1327,1328,1329,1330,1331,1332]],"properties":{"anthrome":63}},{"type":"Polygon","arcs":[[1333,1334,-1329]],"properties":{"anthrome":61}},{"type":"Polygon","arcs":[[1335,1336,1337]],"properties":{"anthrome":61}},{"type":"Polygon","arcs":[[1338,1339]],"properties":{"anthrome":42}},{"type":"Polygon","arcs":[[1340,1341,1342,-1339,1343,-1268]],"properties":{"anthrome":52}},{"type":"Polygon","arcs":[[-1211,-1271,1344,1345,-1342,1346]],"properties":{"anthrome":53}},{"type":"Polygon","arcs":[[1347,1348]],"properties":{"anthrome":52}},{"type":"Polygon","arcs":[[-1273,1349,1350,-1348]],"properties":{"anthrome":53}},{"type":"Polygon","arcs":[[1351,1352]],"properties":{"anthrome":61}},{"type":"Polygon","arcs":[[1353]],"properties":{"anthrome":61}},{"type":"Polygon","arcs":[[1354]],"properties":{"anthrome":53}},{"type":"Polygon","arcs":[[1355,1356]],"properties":{"anthrome":53}},{"type":"Polygon","arcs":[[1357]],"properties":{"anthrome":53}},{"type":"Polygon","arcs":[[1358]],"properties":{"anthrome":61}},{"type":"Polygon","arcs":[[1359]],"properties":{"anthrome":61}},{"type":"Polygon","arcs":[[1360]],"properties":{"anthrome":61}},{"type":"Polygon","arcs":[[1361,1362,1363,-1323]],"properties":{"anthrome":61}},{"type":"Polygon","arcs":[[1364,1365,1366,-1363]],"properties":{"anthrome":53}},{"type":"Polygon","arcs":[[1367,1368,1369,-1366]],"properties":{"anthrome":61}},{"type":"Polygon","arcs":[[-1287,1370,-1369]],"properties":{"anthrome":53}},{"type":"Polygon","arcs":[[1371]],"properties":{"anthrome":53}},{"type":"Polygon","arcs":[[1372,1373,1374]],"properties":{"anthrome":62}},{"type":"Polygon","arcs":[[1375]],"properties":{"anthrome":61}},{"type":"Polygon","arcs":[[-1294,1376,1377,1378]],"properties":{"anthrome":54}},{"type":"Polygon","arcs":[[1379]],"properties":{"anthrome":63}},{"type":"Polygon","arcs":[[1380,1381]],"properties":{"anthrome":53}},{"type":"Polygon","arcs":[[1382,1383,-993,1384,1385,-1078,-994,1386,-1283,-1357,1387,1388,1389,1390,1391,1392],[-1235]],"properties":{"anthrome":54}},{"type":"Polygon","arcs":[[-1282,1393,1394,1395]],"properties":{"anthrome":62}},{"type":"Polygon","arcs":[[1396,1397,1398,1399]],"properties":{"anthrome":61}},{"type":"Polygon","arcs":[[1400,1401]],"properties":{"anthrome":62}},{"type":"Polygon","arcs":[[1402,1403]],"properties":{"anthrome":62}},{"type":"Polygon","arcs":[[1404,1405,1406,1407,1408]],"properties":{"anthrome":53}},{"type":"Polygon","arcs":[[1409]],"properties":{"anthrome":53}},{"type":"Polygon","arcs":[[1410,1411,1412]],"properties":{"anthrome":63}},{"type":"Polygon","arcs":[[1413,1414]],"properties":{"anthrome":62}},{"type":"Polygon","arcs":[[1415,1416,-1277,1417,-1353,1418,1419,1420],[-1073],[-1163],[-1275]],"properties":{"anthrome":53}},{"type":"Polygon","arcs":[[1421]],"properties":{"anthrome":61}},{"type":"Polygon","arcs":[[1422]],"properties":{"anthrome":54}},{"type":"Polygon","arcs":[[1423,-1390]],"properties":{"anthrome":53}},{"type":"Polygon","arcs":[[1424]],"properties":{"anthrome":61}},{"type":"Polygon","arcs":[[1425,1426,1427,1428]],"properties":{"anthrome":54}},{"type":"Polygon","arcs":[[1429,1430]],"properties":{"anthrome":53}},{"type":"Polygon","arcs":[[1431]],"properties":{"anthrome":62}},{"type":"Polygon","arcs":[[1432,1433,1434,1435]],"properties":{"anthrome":53}},{"type":"Polygon","arcs":[[1436,1437,1438,-1434]],"properties":{"anthrome":54}},{"type":"Polygon","arcs":[[1439,1440,1441,1442,1443]],"properties":{"anthrome":61}},{"type":"Polygon","arcs":[[1444,-1224,1445,-1228,1446,1447,1448,1449,1450,1451,1452,-1336,1453]],"properties":{"anthrome":62}},{"type":"Polygon","arcs":[[1454,1455]],"properties":{"anthrome":52}},{"type":"Polygon","arcs":[[1456]],"properties":{"anthrome":54}},{"type":"Polygon","arcs":[[1457,1458,1459,1460]],"properties":{"anthrome":62}},{"type":"Polygon","arcs":[[1461,1462,1463,1464]],"properties":{"anthrome":53}},{"type":"Polygon","arcs":[[1465,1466,1467]],"properties":{"anthrome":62}},{"type":"Polygon","arcs":[[1468]],"properties":{"anthrome":61}},{"type":"Polygon","arcs":[[1469,-1450,1470,1471]],"properties":{"anthrome":63}},{"type":"Polygon","arcs":[[-1412,1472,1473,1474]],"properties":{"anthrome":62}},{"type":"Polygon","arcs":[[1475,1476,1477,-1473]],"properties":{"anthrome":63}},{"type":"Polygon","arcs":[[1478,1479,-1477]],"properties":{"anthrome":62}},{"type":"Polygon","arcs":[[1480]],"properties":{"anthrome":62}},{"type":"Polygon","arcs":[[1481,1482]],"properties":{"anthrome":61}},{"type":"Polygon","arcs":[[1483,1484,1485]],"properties":{"anthrome":52}},{"type":"Polygon","arcs":[[-829,1486,1487,-982,-951,1488,1489,1490,-1274,-1349,1491,1492,1493,1494,1495,-1270,-1210,-1068,-978,1496],[-1070]],"properties":{"anthrome":53}},{"type":"Polygon","arcs":[[1497,-1493]],"properties":{"anthrome":61}},{"type":"Polygon","arcs":[[1498]],"properties":{"anthrome":61}},{"type":"Polygon","arcs":[[1499,1500]],"properties":{"anthrome":54}},{"type":"Polygon","arcs":[[-1424,1501,1502,1503]],"properties":{"anthrome":54}},{"type":"Polygon","arcs":[[1504]],"properties":{"anthrome":54}},{"type":"Polygon","arcs":[[1505]],"properties":{"anthrome":61}},{"type":"Polygon","arcs":[[1506,1507]],"properties":{"anthrome":63}},{"type":"Polygon","arcs":[[1508,1509,1510,1511]],"properties":{"anthrome":54}},{"type":"Polygon","arcs":[[-1428,1512,1513]],"properties":{"anthrome":61}},{"type":"Polygon","arcs":[[1514,1515,1516,1517]],"properties":{"anthrome":61}},{"type":"Polygon","arcs":[[1518,-1442,1519,1520]],"properties":{"anthrome":53}},{"type":"Polygon","arcs":[[1521]],"properties":{"anthrome":62}},{"type":"Polygon","arcs":[[1522]],"properties":{"anthrome":61}},{"type":"Polygon","arcs":[[1523]],"properties":{"anthrome":62}},{"type":"Polygon","arcs":[[1524,1525,1526,1527]],"properties":{"anthrome":63}},{"type":"Polygon","arcs":[[1528]],"properties":{"anthrome":54}},{"type":"Polygon","arcs":[[1529,1530]],"properties":{"anthrome":62}},{"type":"Polygon","arcs":[[1531,-1326,-1407,1532,-1468,1533,1534,-1530,-1403,1535]],"properties":{"anthrome":54}},{"type":"Polygon","arcs":[[1536,1537,1538]],"properties":{"anthrome":63}},{"type":"Polygon","arcs":[[-1381,1539]],"properties":{"anthrome":61}},{"type":"Polygon","arcs":[[1540]],"properties":{"anthrome":53}},{"type":"Polygon","arcs":[[1541,1542,1543,1544]],"properties":{"anthrome":61}},{"type":"Polygon","arcs":[[1545,1546]],"properties":{"anthrome":61}},{"type":"Polygon","arcs":[[1547,1548,1549,1550]],"properties":{"anthrome":62}},{"type":"Polygon","arcs":[[1551]],"properties":{"anthrome":62}},{"type":"Polygon","arcs":[[1552,1553]],"properties":{"anthrome":62}},{"type":"Polygon","arcs":[[1554]],"properties":{"anthrome":62}},{"type":"Polygon","arcs":[[-1527,1555]],"properties":{"anthrome":62}},{"type":"Polygon","arcs":[[-1482,1556,1557]],"properties":{"anthrome":52}},{"type":"Polygon","arcs":[[-1496,1558,1559,1560,1561,1562,1563,-1345]],"properties":{"anthrome":61}},{"type":"Polygon","arcs":[[1564,1565,1566,1567]],"properties":{"anthrome":52}},{"type":"Polygon","arcs":[[1568,1569,1570,-1566]],"properties":{"anthrome":61}},{"type":"Polygon","arcs":[[1571]],"properties":{"anthrome":61}},{"type":"Polygon","arcs":[[1572]],"properties":{"anthrome":61}},{"type":"Polygon","arcs":[[1573]],"properties":{"anthrome":61}},{"type":"Polygon","arcs":[[1574]],"properties":{"anthrome":61}},{"type":"Polygon","arcs":[[1575]],"properties":{"anthrome":61}},{"type":"Polygon","arcs":[[1576]],"properties":{"anthrome":61}},{"type":"Polygon","arcs":[[-1503,1577,1578,1579]],"properties":{"anthrome":62}},{"type":"Polygon","arcs":[[1580]],"properties":{"anthrome":53}},{"type":"Polygon","arcs":[[1581,1582,1583,1584]],"properties":{"anthrome":53}},{"type":"Polygon","arcs":[[1585,1586,1587]],"properties":{"anthrome":61}},{"type":"Polygon","arcs":[[1588,1589,1590]],"properties":{"anthrome":53}},{"type":"Polygon","arcs":[[1591]],"properties":{"anthrome":54}},{"type":"Polygon","arcs":[[-1511,1592,1593,1594]],"properties":{"anthrome":61}},{"type":"Polygon","arcs":[[1595,1596,1597]],"properties":{"anthrome":54}},{"type":"Polygon","arcs":[[1598,1599,-1597]],"properties":{"anthrome":53}},{"type":"Polygon","arcs":[[-1441,1600,1601,1602]],"properties":{"anthrome":53}},{"type":"Polygon","arcs":[[-1464,1603,1604,-1601]],"properties":{"anthrome":61}},{"type":"Polygon","arcs":[[1605]],"properties":{"anthrome":53}},{"type":"Polygon","arcs":[[-1370,1606,1607,1608]],"properties":{"anthrome":53}},{"type":"Polygon","arcs":[[-1449,1609,1610,1611,1612,1613]],"properties":{"anthrome":63}},{"type":"Polygon","arcs":[[1614,1615]],"properties":{"anthrome":61}},{"type":"Polygon","arcs":[[1616]],"properties":{"anthrome":53}},{"type":"Polygon","arcs":[[1617,1618,1619]],"properties":{"anthrome":62}},{"type":"Polygon","arcs":[[1620,1621,1622,1623]],"properties":{"anthrome":54}},{"type":"Polygon","arcs":[[1624,1625,1626,-1622]],"properties":{"anthrome":53}},{"type":"Polygon","arcs":[[1627,1628]],"properties":{"anthrome":63}},{"type":"Polygon","arcs":[[-1538,1629,1630,-1628]],"properties":{"anthrome":53}},{"type":"Polygon","arcs":[[-1471,-1614,1631,1632,1633,1634]],"properties":{"anthrome":54}},{"type":"Polygon","arcs":[[1635,-1612]],"properties":{"anthrome":62}},{"type":"Polygon","arcs":[[1636,1637,1638]],"properties":{"anthrome":62}},{"type":"Polygon","arcs":[[1639]],"properties":{"anthrome":62}},{"type":"Polygon","arcs":[[1640]],"properties":{"anthrome":53}},{"type":"Polygon","arcs":[[1641,1642]],"properties":{"anthrome":63}},{"type":"Polygon","arcs":[[-1343,1643,1644,1645,1646,-1557,-1455]],"properties":{"anthrome":53}},{"type":"Polygon","arcs":[[1647,-1645]],"properties":{"anthrome":62}},{"type":"Polygon","arcs":[[1648,1649,1650]],"properties":{"anthrome":52}},{"type":"Polygon","arcs":[[1651]],"properties":{"anthrome":61}},{"type":"Polygon","arcs":[[1652]],"properties":{"anthrome":61}},{"type":"Polygon","arcs":[[1653]],"properties":{"anthrome":61}},{"type":"Polygon","arcs":[[1654]],"properties":{"anthrome":61}},{"type":"Polygon","arcs":[[1655]],"properties":{"anthrome":61}},{"type":"Polygon","arcs":[[1656]],"properties":{"anthrome":53}},{"type":"Polygon","arcs":[[1657]],"properties":{"anthrome":53}},{"type":"Polygon","arcs":[[1658]],"properties":{"anthrome":53}},{"type":"Polygon","arcs":[[1659,1660,1661]],"properties":{"anthrome":53}},{"type":"Polygon","arcs":[[1662,1663,1664,1665]],"properties":{"anthrome":61}},{"type":"Polygon","arcs":[[1666,1667,1668,-1664]],"properties":{"anthrome":53}},{"type":"Polygon","arcs":[[-1587,1669,1670,1671]],"properties":{"anthrome":54}},{"type":"Polygon","arcs":[[1672,1673]],"properties":{"anthrome":62}},{"type":"Polygon","arcs":[[1674]],"properties":{"anthrome":61}},{"type":"Polygon","arcs":[[1675]],"properties":{"anthrome":54}},{"type":"Polygon","arcs":[[-1602,1676,1677]],"properties":{"anthrome":61}},{"type":"Polygon","arcs":[[1678,1679,1680,1681]],"properties":{"anthrome":54}},{"type":"Polygon","arcs":[[1682,1683,1684,1685]],"properties":{"anthrome":53}},{"type":"Polygon","arcs":[[-1544,1686,1687,1688]],"properties":{"anthrome":53}},{"type":"Polygon","arcs":[[1689,1690,-262,1691,-266,-328,1692,-357,1693,1694,1695,-1421,-1420,1696,1697,1698,1699,1700,1701,-1492,1702,-1309,-1308,-1491,-1490,1703,1704,-1072,1705,-957,1706,1707,-781,1708,-824,1709,-481,1710,-482,-429,1711,-246],[-377],[-378],[-484],[-485],[-524],[-525],[-666],[-679],[-714],[-680],[-1233]],"properties":{"anthrome":61}},{"type":"Polygon","arcs":[[1712,1713,-1508,1714,1715,-1586,1716,1717,-1668,1718,1719,1720,1721,1722,1723,1724,1725,-1582,1726,1727],[-1505],[-1506]],"properties":{"anthrome":62}},{"type":"Polygon","arcs":[[1728,1729,1730,1731,-1607,-1371]],"properties":{"anthrome":61}},{"type":"Polygon","arcs":[[1732]],"properties":{"anthrome":61}},{"type":"Polygon","arcs":[[1733,-1547,1734,1735,1736,1737,1738,1739,-1610]],"properties":{"anthrome":62}},{"type":"Polygon","arcs":[[1740,-1738]],"properties":{"anthrome":63}},{"type":"Polygon","arcs":[[1741]],"properties":{"anthrome":61}},{"type":"Polygon","arcs":[[1742]],"properties":{"anthrome":53}},{"type":"Polygon","arcs":[[1743,-1722]],"properties":{"anthrome":53}},{"type":"Polygon","arcs":[[-1682,1744,1745,1746]],"properties":{"anthrome":62}},{"type":"Polygon","arcs":[[1747]],"properties":{"anthrome":62}},{"type":"Polygon","arcs":[[1748,1749,1750,1751]],"properties":{"anthrome":62}},{"type":"Polygon","arcs":[[1752,1753]],"properties":{"anthrome":53}},{"type":"Polygon","arcs":[[1754,1755]],"properties":{"anthrome":61}},{"type":"Polygon","arcs":[[1756]],"properties":{"anthrome":52}},{"type":"Polygon","arcs":[[1757,1758,1759]],"properties":{"anthrome":52}},{"type":"Polygon","arcs":[[1760,1761]],"properties":{"anthrome":61}},{"type":"Polygon","arcs":[[1762]],"properties":{"anthrome":61}},{"type":"Polygon","arcs":[[1763,1764]],"properties":{"anthrome":61}},{"type":"Polygon","arcs":[[1765]],"properties":{"anthrome":61}},{"type":"Polygon","arcs":[[1766,1767,1768,1769]],"properties":{"anthrome":54}},{"type":"Polygon","arcs":[[1770]],"properties":{"anthrome":54}},{"type":"Polygon","arcs":[[1771]],"properties":{"anthrome":61}},{"type":"Polygon","arcs":[[1772,1773]],"properties":{"anthrome":53}},{"type":"Polygon","arcs":[[1774]],"properties":{"anthrome":53}},{"type":"Polygon","arcs":[[1775,1776]],"properties":{"anthrome":53}},{"type":"Polygon","arcs":[[1777]],"properties":{"anthrome":53}},{"type":"Polygon","arcs":[[-1665,1778,1779,1780]],"properties":{"anthrome":53}},{"type":"Polygon","arcs":[[1781,-1731,1782,1783]],"properties":{"anthrome":62}},{"type":"Polygon","arcs":[[1784,1785]],"properties":{"anthrome":54}},{"type":"Polygon","arcs":[[1786,1787]],"properties":{"anthrome":61}},{"type":"Polygon","arcs":[[1788,-1677,-1605,1789,-1462,1790,-1444,1791,1792,-1515,-1298,1793]],"properties":{"anthrome":62}},{"type":"Polygon","arcs":[[1794,1795,1796]],"properties":{"anthrome":61}},{"type":"Polygon","arcs":[[1797,1798]],"properties":{"anthrome":53}},{"type":"Polygon","arcs":[[1799,1800,1801,1802]],"properties":{"anthrome":53}},{"type":"Polygon","arcs":[[1803,1804,-1801]],"properties":{"anthrome":61}},{"type":"Polygon","arcs":[[1805,-113,1806,-131,1807,1808,1809,1810,-120,1811,-55,1812,-124,1813,1814,-139,1815,-111,1816,1817,1818,-28,1819,-35,1820,-31,1821,-11,1822,-9,1823],[1824],[-19,-18,-17,-16,1825],[-5],[-7],[-37],[-56],[1826],[-65,1827],[-67],[-77],[1828],[1829],[1830],[1831]],"properties":{"anthrome":63}},{"type":"Polygon","arcs":[[1832,1833,-1539,-1629,1834,1835,1836,1837,1838]],"properties":{"anthrome":62}},{"type":"Polygon","arcs":[[1839,1840,-909,1841,-1140,1842,-1179,1843,1844,1845,1846,1847,-1400,1848,-1426,1849,-1513,-1398,-1299,-1518,1850,-1598,1851,-1788,1852,-1786,1853,1854,1855,1856,-1729,-1288,1857,-1321,1858,1859,1860,-961,1861,1862],[-1085,-1086],[-1174],[-1176,-1175],[-1240,-1241],[-1289],[1863,-1594,1864,-1509],[-1592],[-1675],[-1676]],"properties":{"anthrome":62}},{"type":"Polygon","arcs":[[-1702,1865,1866,-1758,-1650,1867,-1570,-1498]],"properties":{"anthrome":53}},{"type":"Polygon","arcs":[[1868,1869]],"properties":{"anthrome":53}},{"type":"Polygon","arcs":[[1870,-1686,1871,1872,1873,1874,1875,1876,-1797,1877]],"properties":{"anthrome":62}},{"type":"Polygon","arcs":[[1878,1879,1880]],"properties":{"anthrome":54}},{"type":"Polygon","arcs":[[1881,1882,1883,1884]],"properties":{"anthrome":53}},{"type":"Polygon","arcs":[[1885,1886,1887,1888]],"properties":{"anthrome":63}},{"type":"Polygon","arcs":[[-1613,1889,-1887]],"properties":{"anthrome":62}},{"type":"Polygon","arcs":[[1890]],"properties":{"anthrome":62}},{"type":"Polygon","arcs":[[1891,1892]],"properties":{"anthrome":53}},{"type":"Polygon","arcs":[[-1762,1893]],"properties":{"anthrome":53}},{"type":"Polygon","arcs":[[1894]],"properties":{"anthrome":61}},{"type":"Polygon","arcs":[[1895]],"properties":{"anthrome":53}},{"type":"Polygon","arcs":[[-1723,1896,1897]],"properties":{"anthrome":53}},{"type":"Polygon","arcs":[[1898]],"properties":{"anthrome":61}},{"type":"Polygon","arcs":[[1899]],"properties":{"anthrome":54}},{"type":"Polygon","arcs":[[1900]],"properties":{"anthrome":62}},{"type":"Polygon","arcs":[[1901,1902,1903,-1837]],"properties":{"anthrome":63}},{"type":"Polygon","arcs":[[-1330,1904,1905,1906,-1903,1907,-1835,-1631,1908]],"properties":{"anthrome":61}},{"type":"Polygon","arcs":[[-1751,1909,1910,1911]],"properties":{"anthrome":54}},{"type":"Polygon","arcs":[[1912,1913,1914]],"properties":{"anthrome":61}},{"type":"Polygon","arcs":[[1915,1916,1917,1918]],"properties":{"anthrome":61}},{"type":"Polygon","arcs":[[1919,1920,1921,-1917]],"properties":{"anthrome":62}},{"type":"Polygon","arcs":[[1922,1923]],"properties":{"anthrome":61}},{"type":"Polygon","arcs":[[1924,1925,1926]],"properties":{"anthrome":61}},{"type":"Polygon","arcs":[[-1759,1927]],"properties":{"anthrome":42}},{"type":"Polygon","arcs":[[1928,1929]],"properties":{"anthrome":61}},{"type":"Polygon","arcs":[[1930,1931]],"properties":{"anthrome":61}},{"type":"Polygon","arcs":[[1932,1933,1934]],"properties":{"anthrome":61}},{"type":"Polygon","arcs":[[1935]],"properties":{"anthrome":54}},{"type":"Polygon","arcs":[[1936]],"properties":{"anthrome":53}},{"type":"Polygon","arcs":[[1937]],"properties":{"anthrome":61}},{"type":"Polygon","arcs":[[1938]],"properties":{"anthrome":53}},{"type":"Polygon","arcs":[[1939]],"properties":{"anthrome":53}},{"type":"Polygon","arcs":[[1940]],"properties":{"anthrome":53}},{"type":"Polygon","arcs":[[1941]],"properties":{"anthrome":62}},{"type":"Polygon","arcs":[[-1853,1942,1943]],"properties":{"anthrome":53}},{"type":"Polygon","arcs":[[-1796,1944,1945]],"properties":{"anthrome":53}},{"type":"Polygon","arcs":[[1946,-1875]],"properties":{"anthrome":54}},{"type":"Polygon","arcs":[[1947,-1805,1948,1949,1950],[1951,-1688,1952,-1542],[-1606]],"properties":{"anthrome":62}},{"type":"Polygon","arcs":[[1953,-1624,-1882,1954,1955,1956],[-1900]],"properties":{"anthrome":62}},{"type":"Polygon","arcs":[[-1881,1957,1958,1959]],"properties":{"anthrome":53}},{"type":"Polygon","arcs":[[1960,1961]],"properties":{"anthrome":61}},{"type":"Polygon","arcs":[[1962,-1551,1963,-1639,1964,1965,1966,1967,1968,-1921,1969,-1919,1970,-1914,1971,-1736]],"properties":{"anthrome":63}},{"type":"Polygon","arcs":[[1972]],"properties":{"anthrome":61}},{"type":"Polygon","arcs":[[1973]],"properties":{"anthrome":61}},{"type":"Polygon","arcs":[[1974]],"properties":{"anthrome":53}},{"type":"Polygon","arcs":[[1975]],"properties":{"anthrome":53}},{"type":"Polygon","arcs":[[1976]],"properties":{"anthrome":53}},{"type":"Polygon","arcs":[[1977,1978]],"properties":{"anthrome":53}},{"type":"Polygon","arcs":[[1979]],"properties":{"anthrome":53}},{"type":"Polygon","arcs":[[1980,-1959]],"properties":{"anthrome":61}},{"type":"Polygon","arcs":[[-1884,1981,1982]],"properties":{"anthrome":54}},{"type":"Polygon","arcs":[[1983,1984]],"properties":{"anthrome":53}},{"type":"Polygon","arcs":[[1985,-1912,1986,1987,1988,1989,1990]],"properties":{"anthrome":63}},{"type":"Polygon","arcs":[[1991,1992,-1988]],"properties":{"anthrome":62}},{"type":"Polygon","arcs":[[-1968,1993]],"properties":{"anthrome":61}},{"type":"Polygon","arcs":[[1994]],"properties":{"anthrome":63}},{"type":"Polygon","arcs":[[1995]],"properties":{"anthrome":61}},{"type":"Polygon","arcs":[[-1892,1996]],"properties":{"anthrome":61}},{"type":"Polygon","arcs":[[1997,1998,1999]],"properties":{"anthrome":61}},{"type":"Polygon","arcs":[[2000,2001,2002]],"properties":{"anthrome":33}},{"type":"Polygon","arcs":[[2003]],"properties":{"anthrome":51}},{"type":"Polygon","arcs":[[2004]],"properties":{"anthrome":61}},{"type":"Polygon","arcs":[[2005]],"properties":{"anthrome":61}},{"type":"Polygon","arcs":[[2006]],"properties":{"anthrome":61}},{"type":"Polygon","arcs":[[2007]],"properties":{"anthrome":53}},{"type":"Polygon","arcs":[[2008]],"properties":{"anthrome":53}},{"type":"Polygon","arcs":[[2009,-1856,2010,2011,2012]],"properties":{"anthrome":53}},{"type":"Polygon","arcs":[[2013,2014,2015]],"properties":{"anthrome":54}},{"type":"Polygon","arcs":[[2016,2017,-2014]],"properties":{"anthrome":53}},{"type":"Polygon","arcs":[[2018,2019]],"properties":{"anthrome":53}},{"type":"Polygon","arcs":[[2020,2021]],"properties":{"anthrome":53}},{"type":"Polygon","arcs":[[2022]],"properties":{"anthrome":61}},{"type":"Polygon","arcs":[[2023,2024,2025,2026,2027,2028,2029]],"properties":{"anthrome":52}},{"type":"Polygon","arcs":[[2030,-1338,2031,-1452,2032,2033,-1634,2034,-1986,2035,2036,2037,2038,-1906,-1905,-1335],[-1469]],"properties":{"anthrome":53}},{"type":"Polygon","arcs":[[2039,2040,-1486,2041,-1561,2042,2043,2044,-1998,2045,2046,2047,-2025,-1644]],"properties":{"anthrome":62}},{"type":"Polygon","arcs":[[2048,2049,-1966]],"properties":{"anthrome":61}},{"type":"Polygon","arcs":[[2050]],"properties":{"anthrome":53}},{"type":"Polygon","arcs":[[2051,2052,-162,2053,-177,-146,2054,2055,-226,2056,-253,2057,2058,-179,2059,-149,2060,-158,-1815,2061,-290,2062,2063,-1810,-1809,2064,-151,2065,-950,2066,-1528,2067,2068,2069,-1642,2070,-796,2071,-720,2072,-667,2073,2074,-971,2075,2076,2077,2078,2079,2080,2081,-605,2082,2083],[-166,-165,-167],[-173],[-174],[-175],[-227],[-315],[-316],[2084],[2085],[-421],[-472],[2086],[2087],[-515],[-516],[-580],[-665],[-719],[-1023],[2088],[-1059],[2089,2090],[-1155],[2091],[-1260],[-1380]],"properties":{"anthrome":62}},{"type":"Polygon","arcs":[[-2003,2092,2093]],"properties":{"anthrome":61}},{"type":"Polygon","arcs":[[2094,-388,2095,2096,-620,-685,2097,-734,2098,-733,-844,2099,-894,2100,2101,2102,-1382,2103,2104,2105,-618,-536,2106,-492,2107,-302],[-960],[-728],[-840],[-869],[-990],[-1041],[-1042],[-1043],[-1044],[-1166],[-1313],[-1213],[-1280],[-1355]],"properties":{"anthrome":61}},{"type":"Polygon","arcs":[[2108]],"properties":{"anthrome":61}},{"type":"Polygon","arcs":[[2109]],"properties":{"anthrome":61}},{"type":"Polygon","arcs":[[2110,2111,2112,2113]],"properties":{"anthrome":53}},{"type":"Polygon","arcs":[[2114]],"properties":{"anthrome":53}},{"type":"Polygon","arcs":[[2115,-1990,2116,-2037]],"properties":{"anthrome":61}},{"type":"Polygon","arcs":[[2117,2118,2119,-2049]],"properties":{"anthrome":63}},{"type":"Polygon","arcs":[[2120,2121,2122]],"properties":{"anthrome":62}},{"type":"Polygon","arcs":[[2123,2124]],"properties":{"anthrome":62}},{"type":"Polygon","arcs":[[2125]],"properties":{"anthrome":62}},{"type":"Polygon","arcs":[[-2029,2126]],"properties":{"anthrome":42}},{"type":"Polygon","arcs":[[2127,2128,-2027]],"properties":{"anthrome":61}},{"type":"Polygon","arcs":[[2129,2130]],"properties":{"anthrome":42}},{"type":"Polygon","arcs":[[2131,2132,-2002]],"properties":{"anthrome":52}},{"type":"Polygon","arcs":[[2133]],"properties":{"anthrome":54}},{"type":"Polygon","arcs":[[2134]],"properties":{"anthrome":61}},{"type":"Polygon","arcs":[[2135]],"properties":{"anthrome":53}},{"type":"Polygon","arcs":[[2136]],"properties":{"anthrome":61}},{"type":"Polygon","arcs":[[2137,2138]],"properties":{"anthrome":53}},{"type":"Polygon","arcs":[[2139,2140,2141,-2112]],"properties":{"anthrome":54}},{"type":"Polygon","arcs":[[2142,2143,2144,-2141]],"properties":{"anthrome":53}},{"type":"Polygon","arcs":[[2145,2146]],"properties":{"anthrome":62}},{"type":"Polygon","arcs":[[2147,2148,2149,-2146]],"properties":{"anthrome":54}},{"type":"Polygon","arcs":[[-2018,2150,2151]],"properties":{"anthrome":61}},{"type":"Polygon","arcs":[[2152,2153,2154]],"properties":{"anthrome":53}},{"type":"Polygon","arcs":[[2155,2156,2157,2158,2159,2160,2161,2162,-1965]],"properties":{"anthrome":62}},{"type":"Polygon","arcs":[[2163,2164]],"properties":{"anthrome":53}},{"type":"Polygon","arcs":[[2165,2166,2167,2168,2169,2170],[-1286],[-1361]],"properties":{"anthrome":53}},{"type":"Polygon","arcs":[[2171,2172,2173,2174,2175]],"properties":{"anthrome":52}},{"type":"Polygon","arcs":[[2176,-2123,2177,2178,-2160]],"properties":{"anthrome":63}},{"type":"Polygon","arcs":[[2179]],"properties":{"anthrome":53}},{"type":"Polygon","arcs":[[2180,2181,2182]],"properties":{"anthrome":52}},{"type":"Polygon","arcs":[[2183,-1651,-1760,2184,2185,-1999,-1926,-1925,2186,-2044],[-1757]],"properties":{"anthrome":53}},{"type":"Polygon","arcs":[[2187]],"properties":{"anthrome":61}},{"type":"Polygon","arcs":[[2188]],"properties":{"anthrome":61}},{"type":"Polygon","arcs":[[2189,-1944,2190,2191,2192,2193]],"properties":{"anthrome":61}},{"type":"Polygon","arcs":[[2194,2195,2196]],"properties":{"anthrome":61}},{"type":"Polygon","arcs":[[2197,2198,2199]],"properties":{"anthrome":53}},{"type":"Polygon","arcs":[[2200]],"properties":{"anthrome":53}},{"type":"Polygon","arcs":[[2201,2202,2203]],"properties":{"anthrome":62}},{"type":"Polygon","arcs":[[2204]],"properties":{"anthrome":53}},{"type":"Polygon","arcs":[[2205,2206]],"properties":{"anthrome":62}},{"type":"Polygon","arcs":[[2207,2208]],"properties":{"anthrome":62}},{"type":"Polygon","arcs":[[2209,2210]],"properties":{"anthrome":61}},{"type":"Polygon","arcs":[[2211,2212,2213]],"properties":{"anthrome":61}},{"type":"Polygon","arcs":[[2214,2215,2216]],"properties":{"anthrome":43}},{"type":"Polygon","arcs":[[-2047,2217,2218]],"properties":{"anthrome":61}},{"type":"Polygon","arcs":[[2219,2220]],"properties":{"anthrome":61}},{"type":"Polygon","arcs":[[2221]],"properties":{"anthrome":53}},{"type":"Polygon","arcs":[[2222]],"properties":{"anthrome":61}},{"type":"Polygon","arcs":[[2223,2224,-2174]],"properties":{"anthrome":61}},{"type":"Polygon","arcs":[[2225]],"properties":{"anthrome":61}},{"type":"Polygon","arcs":[[2226]],"properties":{"anthrome":61}},{"type":"Polygon","arcs":[[2227]],"properties":{"anthrome":61}},{"type":"Polygon","arcs":[[2228,2229]],"properties":{"anthrome":53}},{"type":"Polygon","arcs":[[2230,-2192]],"properties":{"anthrome":62}},{"type":"Polygon","arcs":[[-2015,2231,2232,-2149]],"properties":{"anthrome":53}},{"type":"Polygon","arcs":[[-2154,2233,2234,2235]],"properties":{"anthrome":54}},{"type":"Polygon","arcs":[[2236,-2162,2237,2238,2239,-2203,2240,-2119]],"properties":{"anthrome":54}},{"type":"Polygon","arcs":[[2241,-2219,2242,2243,2244]],"properties":{"anthrome":53}},{"type":"Polygon","arcs":[[2245]],"properties":{"anthrome":61}},{"type":"Polygon","arcs":[[2246,2247]],"properties":{"anthrome":53}},{"type":"Polygon","arcs":[[2248,2249,2250,2251]],"properties":{"anthrome":53}},{"type":"Polygon","arcs":[[2252]],"properties":{"anthrome":63}},{"type":"Polygon","arcs":[[2253]],"properties":{"anthrome":61}},{"type":"Polygon","arcs":[[-2240,2254]],"properties":{"anthrome":62}},{"type":"Polygon","arcs":[[2255,-2238]],"properties":{"anthrome":53}},{"type":"Polygon","arcs":[[2256,2257,2258,2259]],"properties":{"anthrome":53}},{"type":"Polygon","arcs":[[2260,2261,2262,-2258]],"properties":{"anthrome":54}},{"type":"Polygon","arcs":[[2263]],"properties":{"anthrome":53}},{"type":"Polygon","arcs":[[-2216,2264,2265]],"properties":{"anthrome":61}},{"type":"Polygon","arcs":[[2266,2267,2268]],"properties":{"anthrome":61}},{"type":"Polygon","arcs":[[2269]],"properties":{"anthrome":52}},{"type":"Polygon","arcs":[[2270,2271,2272,2273]],"properties":{"anthrome":61}},{"type":"Polygon","arcs":[[2274]],"properties":{"anthrome":54}},{"type":"Polygon","arcs":[[2275]],"properties":{"anthrome":62}},{"type":"Polygon","arcs":[[2276,2277,2278]],"properties":{"anthrome":54}},{"type":"Polygon","arcs":[[2279,2280]],"properties":{"anthrome":54}},{"type":"Polygon","arcs":[[2281,2282]],"properties":{"anthrome":54}},{"type":"Polygon","arcs":[[2283,2284,2285,2286]],"properties":{"anthrome":53}},{"type":"Polygon","arcs":[[2287,2288,2289,-2285]],"properties":{"anthrome":62}},{"type":"Polygon","arcs":[[2290]],"properties":{"anthrome":54}},{"type":"Polygon","arcs":[[2291,2292,-1923,2293]],"properties":{"anthrome":62}},{"type":"Polygon","arcs":[[2294]],"properties":{"anthrome":62}},{"type":"Polygon","arcs":[[2295,-2236,2296,2297,2298]],"properties":{"anthrome":53}},{"type":"Polygon","arcs":[[2299,2300,2301,2302,-2262,2303,-2178]],"properties":{"anthrome":62}},{"type":"Polygon","arcs":[[2304,2305]],"properties":{"anthrome":61}},{"type":"Polygon","arcs":[[2306,2307,2308]],"properties":{"anthrome":53}},{"type":"Polygon","arcs":[[2309,2310,2311]],"properties":{"anthrome":62}},{"type":"Polygon","arcs":[[2312,2313]],"properties":{"anthrome":62}},{"type":"Polygon","arcs":[[2314,2315,-2301]],"properties":{"anthrome":63}},{"type":"Polygon","arcs":[[2316]],"properties":{"anthrome":62}},{"type":"Polygon","arcs":[[2317]],"properties":{"anthrome":62}},{"type":"Polygon","arcs":[[2318,2319]],"properties":{"anthrome":62}},{"type":"Polygon","arcs":[[2320,2321]],"properties":{"anthrome":61}},{"type":"Polygon","arcs":[[2322,2323,2324]],"properties":{"anthrome":61}},{"type":"Polygon","arcs":[[2325,2326]],"properties":{"anthrome":33}},{"type":"Polygon","arcs":[[-2273,2327,2328,2329]],"properties":{"anthrome":52}},{"type":"Polygon","arcs":[[2330]],"properties":{"anthrome":52}},{"type":"Polygon","arcs":[[2331]],"properties":{"anthrome":61}},{"type":"Polygon","arcs":[[2332]],"properties":{"anthrome":61}},{"type":"Polygon","arcs":[[2333,2334,2335]],"properties":{"anthrome":54}},{"type":"Polygon","arcs":[[2336,2337,2338,2339]],"properties":{"anthrome":62}},{"type":"Polygon","arcs":[[2340,2341,-2338]],"properties":{"anthrome":54}},{"type":"Polygon","arcs":[[2342,2343]],"properties":{"anthrome":54}},{"type":"Polygon","arcs":[[2344,2345,2346]],"properties":{"anthrome":62}},{"type":"Polygon","arcs":[[2347,2348,2349,-2345,-2282,2350]],"properties":{"anthrome":53}},{"type":"Polygon","arcs":[[2351,2352,-2349]],"properties":{"anthrome":61}},{"type":"Polygon","arcs":[[2353,2354,2355,2356]],"properties":{"anthrome":54}},{"type":"Polygon","arcs":[[2357,2358,2359,2360]],"properties":{"anthrome":53}},{"type":"Polygon","arcs":[[2361,2362,2363]],"properties":{"anthrome":53}},{"type":"Polygon","arcs":[[2364]],"properties":{"anthrome":61}},{"type":"Polygon","arcs":[[2365,2366,2367,2368]],"properties":{"anthrome":54}},{"type":"Polygon","arcs":[[2369,2370,2371,2372,2373,2374,2375,2376,2377,-2289]],"properties":{"anthrome":54}},{"type":"Polygon","arcs":[[2378,2379,2380,2381]],"properties":{"anthrome":62}},{"type":"Polygon","arcs":[[2382,2383]],"properties":{"anthrome":62}},{"type":"Polygon","arcs":[[2384]],"properties":{"anthrome":61}},{"type":"Polygon","arcs":[[2385]],"properties":{"anthrome":61}},{"type":"Polygon","arcs":[[2386,2387,2388,2389]],"properties":{"anthrome":61}},{"type":"Polygon","arcs":[[2390,2391,2392]],"properties":{"anthrome":33}},{"type":"Polygon","arcs":[[2393]],"properties":{"anthrome":61}},{"type":"Polygon","arcs":[[2394,2395]],"properties":{"anthrome":43}},{"type":"Polygon","arcs":[[2396]],"properties":{"anthrome":61}},{"type":"Polygon","arcs":[[2397]],"properties":{"anthrome":54}},{"type":"Polygon","arcs":[[2398]],"properties":{"anthrome":52}},{"type":"Polygon","arcs":[[2399]],"properties":{"anthrome":53}},{"type":"Polygon","arcs":[[2400]],"properties":{"anthrome":61}},{"type":"Polygon","arcs":[[2401]],"properties":{"anthrome":61}},{"type":"Polygon","arcs":[[2402]],"properties":{"anthrome":61}},{"type":"Polygon","arcs":[[-2339,2403,2404,2405]],"properties":{"anthrome":54}},{"type":"Polygon","arcs":[[2406,2407]],"properties":{"anthrome":54}},{"type":"Polygon","arcs":[[2408,2409,2410,2411]],"properties":{"anthrome":53}},{"type":"Polygon","arcs":[[2412,2413,2414,-2410]],"properties":{"anthrome":54}},{"type":"Polygon","arcs":[[2415,2416,2417]],"properties":{"anthrome":62}},{"type":"Polygon","arcs":[[2418,2419,-2358,2420,2421,2422]],"properties":{"anthrome":61}},{"type":"Polygon","arcs":[[-2396,2423,2424]],"properties":{"anthrome":52}},{"type":"Polygon","arcs":[[2425,2426,2427,2428]],"properties":{"anthrome":54}},{"type":"Polygon","arcs":[[2429,2430,2431,2432]],"properties":{"anthrome":52}},{"type":"Polygon","arcs":[[2433,2434,2435]],"properties":{"anthrome":33}},{"type":"Polygon","arcs":[[2436]],"properties":{"anthrome":54}},{"type":"Polygon","arcs":[[2437,2438,2439]],"properties":{"anthrome":54}},{"type":"Polygon","arcs":[[2440,2441,2442]],"properties":{"anthrome":53}},{"type":"Polygon","arcs":[[2443,-2155,-2296,2444,2445,2446,2447,2448,-2360,2449,2450,2451,-2151,2452]],"properties":{"anthrome":62}},{"type":"Polygon","arcs":[[2453,2454,2455]],"properties":{"anthrome":54}},{"type":"Polygon","arcs":[[-2381,2456,2457,2458]],"properties":{"anthrome":53}},{"type":"Polygon","arcs":[[2459,2460,2461,2462]],"properties":{"anthrome":63}},{"type":"Polygon","arcs":[[2463]],"properties":{"anthrome":63}},{"type":"Polygon","arcs":[[2464]],"properties":{"anthrome":62}},{"type":"Polygon","arcs":[[2465]],"properties":{"anthrome":53}},{"type":"Polygon","arcs":[[2466,2467]],"properties":{"anthrome":63}},{"type":"Polygon","arcs":[[2468,2469]],"properties":{"anthrome":33}},{"type":"Polygon","arcs":[[2470,-2424]],"properties":{"anthrome":33}},{"type":"Polygon","arcs":[[2471,2472,2473,2474]],"properties":{"anthrome":62}},{"type":"Polygon","arcs":[[2475]],"properties":{"anthrome":61}},{"type":"Polygon","arcs":[[2476,2477,2478]],"properties":{"anthrome":54}},{"type":"Polygon","arcs":[[2479,2480,2481,2482]],"properties":{"anthrome":61}},{"type":"Polygon","arcs":[[2483,2484,2485,2486]],"properties":{"anthrome":54}},{"type":"Polygon","arcs":[[2487,2488,2489,-2485]],"properties":{"anthrome":62}},{"type":"Polygon","arcs":[[2490,-2279,2491,2492]],"properties":{"anthrome":53}},{"type":"Polygon","arcs":[[2493,-2447]],"properties":{"anthrome":61}},{"type":"Polygon","arcs":[[2494,2495,2496]],"properties":{"anthrome":62}},{"type":"Polygon","arcs":[[2497,2498,2499,2500,2501]],"properties":{"anthrome":53}},{"type":"Polygon","arcs":[[2502,2503,-2456,2504,2505]],"properties":{"anthrome":62}},{"type":"Polygon","arcs":[[2506,2507]],"properties":{"anthrome":61}},{"type":"Polygon","arcs":[[2508,2509]],"properties":{"anthrome":52}},{"type":"Polygon","arcs":[[2510,2511,2512,2513,2514,2515,2516,2517,2518]],"properties":{"anthrome":61}},{"type":"Polygon","arcs":[[2519]],"properties":{"anthrome":61}},{"type":"Polygon","arcs":[[2520,-2357,2521,-2412,2522,2523,2524,-2352]],"properties":{"anthrome":62}},{"type":"Polygon","arcs":[[2525,2526,2527,2528,-2251,2529,2530]],"properties":{"anthrome":62}},{"type":"Polygon","arcs":[[2531,2532]],"properties":{"anthrome":61}},{"type":"Polygon","arcs":[[-2462,2533,2534,2535]],"properties":{"anthrome":53}},{"type":"Polygon","arcs":[[2536,2537,2538]],"properties":{"anthrome":43}},{"type":"Polygon","arcs":[[2539]],"properties":{"anthrome":52}},{"type":"Polygon","arcs":[[2540]],"properties":{"anthrome":53}},{"type":"Polygon","arcs":[[2541,2542,2543,2544]],"properties":{"anthrome":54}},{"type":"Polygon","arcs":[[2545,-2517,2546]],"properties":{"anthrome":54}},{"type":"Polygon","arcs":[[2547,-2515]],"properties":{"anthrome":53}},{"type":"Polygon","arcs":[[2548,2549,2550,-2513]],"properties":{"anthrome":53}},{"type":"Polygon","arcs":[[2551]],"properties":{"anthrome":61}},{"type":"Polygon","arcs":[[2552,2553,2554]],"properties":{"anthrome":62}},{"type":"Polygon","arcs":[[2555,2556,2557,2558]],"properties":{"anthrome":62}},{"type":"Polygon","arcs":[[2559]],"properties":{"anthrome":62}},{"type":"Polygon","arcs":[[-2448,2560,2561,2562]],"properties":{"anthrome":61}},{"type":"Polygon","arcs":[[2563,2564,2565,2566,2567]],"properties":{"anthrome":54}},{"type":"Polygon","arcs":[[-2479,2568,-2555,2569,2570,2571,-2564]],"properties":{"anthrome":53}},{"type":"Polygon","arcs":[[2572,-2375,2573,2574,2575,-2414]],"properties":{"anthrome":62}},{"type":"Polygon","arcs":[[-2467,2576,2577]],"properties":{"anthrome":62}},{"type":"Polygon","arcs":[[2578,2579,2580,-2577]],"properties":{"anthrome":61}},{"type":"Polygon","arcs":[[2581,-2580]],"properties":{"anthrome":62}},{"type":"Polygon","arcs":[[2582,2583,2584,-2431,2585,2586,2587]],"properties":{"anthrome":33}},{"type":"Polygon","arcs":[[2588,2589]],"properties":{"anthrome":43}},{"type":"Polygon","arcs":[[2590,2591,2592,2593]],"properties":{"anthrome":53}},{"type":"Polygon","arcs":[[2594,2595,2596]],"properties":{"anthrome":61}},{"type":"Polygon","arcs":[[2597,2598,2599,-2561,-2494]],"properties":{"anthrome":53}},{"type":"Polygon","arcs":[[2600,2601,2602,-2496]],"properties":{"anthrome":53}},{"type":"Polygon","arcs":[[2603,-2260,2604,-2302,2605,2606,-2536,2607,2608,2609,2610,-2503,-2313,-2256]],"properties":{"anthrome":61}},{"type":"Polygon","arcs":[[2611,2612]],"properties":{"anthrome":63}},{"type":"Polygon","arcs":[[2613]],"properties":{"anthrome":53}},{"type":"Polygon","arcs":[[2614,2615,2616,2617]],"properties":{"anthrome":32}},{"type":"Polygon","arcs":[[2618,2619,2620,-2616]],"properties":{"anthrome":51}},{"type":"Polygon","arcs":[[2621,2622,2623,-2620]],"properties":{"anthrome":33}},{"type":"Polygon","arcs":[[2624]],"properties":{"anthrome":52}},{"type":"Polygon","arcs":[[2625]],"properties":{"anthrome":52}},{"type":"Polygon","arcs":[[2626]],"properties":{"anthrome":52}},{"type":"Polygon","arcs":[[2627,2628]],"properties":{"anthrome":52}},{"type":"Polygon","arcs":[[2629,2630,2631,2632]],"properties":{"anthrome":53}},{"type":"Polygon","arcs":[[2633,2634,2635,-2631,2636,2637,2638,2639],[-2400],[-2541]],"properties":{"anthrome":61}},{"type":"Polygon","arcs":[[-2544,2640,2641]],"properties":{"anthrome":62}},{"type":"Polygon","arcs":[[2642,2643,2644]],"properties":{"anthrome":62}},{"type":"Polygon","arcs":[[2645,2646]],"properties":{"anthrome":62}},{"type":"Polygon","arcs":[[2647,2648,2649]],"properties":{"anthrome":62}},{"type":"Polygon","arcs":[[2650,2651,-2613,2652,2653,2654,2655,2656,-2460,2657],[-2464]],"properties":{"anthrome":62}},{"type":"Polygon","arcs":[[2658,2659]],"properties":{"anthrome":53}},{"type":"Polygon","arcs":[[2660]],"properties":{"anthrome":62}},{"type":"Polygon","arcs":[[2661]],"properties":{"anthrome":33}},{"type":"Polygon","arcs":[[2662,-2655,2663]],"properties":{"anthrome":61}},{"type":"Polygon","arcs":[[2664,2665,2666,2667,-2623]],"properties":{"anthrome":51}},{"type":"Polygon","arcs":[[2668,2669,2670]],"properties":{"anthrome":52}},{"type":"Polygon","arcs":[[2671,2672]],"properties":{"anthrome":61}},{"type":"Polygon","arcs":[[2673,2674,2675,2676]],"properties":{"anthrome":53}},{"type":"Polygon","arcs":[[2677,2678]],"properties":{"anthrome":61}},{"type":"Polygon","arcs":[[2679,2680,2681]],"properties":{"anthrome":54}},{"type":"Polygon","arcs":[[2682,2683,2684]],"properties":{"anthrome":61}},{"type":"Polygon","arcs":[[-2617,2685,2686]],"properties":{"anthrome":51}},{"type":"Polygon","arcs":[[2687,2688]],"properties":{"anthrome":43}},{"type":"Polygon","arcs":[[2689]],"properties":{"anthrome":52}},{"type":"Polygon","arcs":[[2690]],"properties":{"anthrome":34}},{"type":"Polygon","arcs":[[2691,2692,2693]],"properties":{"anthrome":52}},{"type":"Polygon","arcs":[[2694,2695,2696]],"properties":{"anthrome":53}},{"type":"Polygon","arcs":[[-2644,2697]],"properties":{"anthrome":54}},{"type":"Polygon","arcs":[[2698]],"properties":{"anthrome":62}},{"type":"Polygon","arcs":[[2699]],"properties":{"anthrome":62}},{"type":"Polygon","arcs":[[-2422,-2563,2700,2701,2702,2703,2704,2705,2706,-2499,2707]],"properties":{"anthrome":62}},{"type":"Polygon","arcs":[[2708,2709]],"properties":{"anthrome":61}},{"type":"Polygon","arcs":[[2710,-2566,2711,2712,2713,2714]],"properties":{"anthrome":62}},{"type":"Polygon","arcs":[[2715,-2680,2716,2717]],"properties":{"anthrome":53}},{"type":"Polygon","arcs":[[-2306,-2210,2718,-2214,2719,2720,-2587,2721,-2433,2722,2723,2724,2725,2726,2727,2728,-2507,2729],[-2385]],"properties":{"anthrome":53}},{"type":"Polygon","arcs":[[2730,2731,2732,2733]],"properties":{"anthrome":61}},{"type":"Polygon","arcs":[[2734,2735,2736]],"properties":{"anthrome":52}},{"type":"Polygon","arcs":[[2737]],"properties":{"anthrome":54}},{"type":"Polygon","arcs":[[-2600,2738,2739,2740,2741]],"properties":{"anthrome":62}},{"type":"Polygon","arcs":[[2742,2743]],"properties":{"anthrome":62}},{"type":"Polygon","arcs":[[2744,2745,2746,2747]],"properties":{"anthrome":63}},{"type":"Polygon","arcs":[[2748,2749,2750,-2746]],"properties":{"anthrome":62}},{"type":"Polygon","arcs":[[-2664,2751,-2678,-2608]],"properties":{"anthrome":53}},{"type":"Polygon","arcs":[[2752]],"properties":{"anthrome":62}},{"type":"Polygon","arcs":[[2753,2754,2755]],"properties":{"anthrome":53}},{"type":"Polygon","arcs":[[2756,2757,-2755]],"properties":{"anthrome":33}},{"type":"Polygon","arcs":[[2758,2759,2760]],"properties":{"anthrome":33}},{"type":"Polygon","arcs":[[2761]],"properties":{"anthrome":33}},{"type":"Polygon","arcs":[[2762,2763,2764]],"properties":{"anthrome":33}},{"type":"Polygon","arcs":[[2765,2766,2767,-2764]],"properties":{"anthrome":61}},{"type":"Polygon","arcs":[[2768,-2767]],"properties":{"anthrome":52}},{"type":"Polygon","arcs":[[2769]],"properties":{"anthrome":54}},{"type":"Polygon","arcs":[[2770,2771,2772]],"properties":{"anthrome":54}},{"type":"Polygon","arcs":[[2773,2774,2775]],"properties":{"anthrome":54}},{"type":"Polygon","arcs":[[2776]],"properties":{"anthrome":53}},{"type":"Polygon","arcs":[[2777]],"properties":{"anthrome":61}},{"type":"Polygon","arcs":[[2778]],"properties":{"anthrome":61}},{"type":"Polygon","arcs":[[2779,2780,2781]],"properties":{"anthrome":61}},{"type":"Polygon","arcs":[[2782,-2780]],"properties":{"anthrome":53}},{"type":"Polygon","arcs":[[2783,2784,2785,-2672,-2532,2786]],"properties":{"anthrome":53}},{"type":"Polygon","arcs":[[2787,2788,-2709]],"properties":{"anthrome":53}},{"type":"Polygon","arcs":[[2789,-2298,2790,-2648,2791,2792,2793,2794,-2740,2795,-2598,-2446]],"properties":{"anthrome":61}},{"type":"Polygon","arcs":[[2796,2797,2798,2799]],"properties":{"anthrome":61}},{"type":"Polygon","arcs":[[-2725,-2756,2800,2801,2802]],"properties":{"anthrome":33}},{"type":"Polygon","arcs":[[2803,2804]],"properties":{"anthrome":61}},{"type":"Polygon","arcs":[[2805,-2776,2806,2807,2808,2809]],"properties":{"anthrome":34}},{"type":"Polygon","arcs":[[2810,2811,2812]],"properties":{"anthrome":61}},{"type":"Polygon","arcs":[[2813]],"properties":{"anthrome":53}},{"type":"Polygon","arcs":[[2814,2815,2816]],"properties":{"anthrome":63}},{"type":"Polygon","arcs":[[2817,-2798,2818,-2816]],"properties":{"anthrome":62}},{"type":"Polygon","arcs":[[2819,2820,2821]],"properties":{"anthrome":62}},{"type":"Polygon","arcs":[[2822,2823,2824,2825]],"properties":{"anthrome":51}},{"type":"Polygon","arcs":[[2826,2827]],"properties":{"anthrome":53}},{"type":"Polygon","arcs":[[2828]],"properties":{"anthrome":61}},{"type":"Polygon","arcs":[[-2809,2829,2830]],"properties":{"anthrome":54}},{"type":"Polygon","arcs":[[2831,2832,-2807]],"properties":{"anthrome":53}},{"type":"Polygon","arcs":[[2833,2834,2835,-2832,-2775]],"properties":{"anthrome":34}},{"type":"Polygon","arcs":[[2836]],"properties":{"anthrome":52}},{"type":"Polygon","arcs":[[2837]],"properties":{"anthrome":53}},{"type":"Polygon","arcs":[[-2570,2838,-2698,2839,2840,2841,-2811,2842,2843,2844,2845,2846]],"properties":{"anthrome":62}},{"type":"Polygon","arcs":[[2847,2848,-2844]],"properties":{"anthrome":53}},{"type":"Polygon","arcs":[[2849,2850]],"properties":{"anthrome":61}},{"type":"Polygon","arcs":[[-2781,2851,-2850]],"properties":{"anthrome":53}},{"type":"Polygon","arcs":[[2852,2853]],"properties":{"anthrome":53}},{"type":"Polygon","arcs":[[2854,2855,2856,2857]],"properties":{"anthrome":54}},{"type":"Polygon","arcs":[[2858,2859,2860]],"properties":{"anthrome":61}},{"type":"Polygon","arcs":[[-2795,2861,-2860]],"properties":{"anthrome":62}},{"type":"Polygon","arcs":[[2862]],"properties":{"anthrome":61}},{"type":"Polygon","arcs":[[2863,2864,2865]],"properties":{"anthrome":52}},{"type":"Polygon","arcs":[[2866,2867,2868]],"properties":{"anthrome":61}},{"type":"Polygon","arcs":[[2869]],"properties":{"anthrome":62}},{"type":"Polygon","arcs":[[2870]],"properties":{"anthrome":53}},{"type":"Polygon","arcs":[[2871,2872,2873,2874]],"properties":{"anthrome":61}},{"type":"Polygon","arcs":[[2875,2876,2877]],"properties":{"anthrome":53}},{"type":"Polygon","arcs":[[2878,2879,2880]],"properties":{"anthrome":53}},{"type":"Polygon","arcs":[[-2821,2881,2882]],"properties":{"anthrome":53}},{"type":"Polygon","arcs":[[2883,2884]],"properties":{"anthrome":33}},{"type":"Polygon","arcs":[[2885,2886]],"properties":{"anthrome":54}},{"type":"Polygon","arcs":[[2887,2888,2889,-2886]],"properties":{"anthrome":61}},{"type":"Polygon","arcs":[[2890,2891]],"properties":{"anthrome":51}},{"type":"Polygon","arcs":[[2892]],"properties":{"anthrome":51}},{"type":"Polygon","arcs":[[2893,2894]],"properties":{"anthrome":53}},{"type":"Polygon","arcs":[[2895]],"properties":{"anthrome":53}},{"type":"Polygon","arcs":[[2896]],"properties":{"anthrome":52}},{"type":"Polygon","arcs":[[2897]],"properties":{"anthrome":52}},{"type":"Polygon","arcs":[[2898,2899,2900]],"properties":{"anthrome":52}},{"type":"Polygon","arcs":[[2901,2902]],"properties":{"anthrome":53}},{"type":"Polygon","arcs":[[2903,2904]],"properties":{"anthrome":34}},{"type":"Polygon","arcs":[[2905]],"properties":{"anthrome":53}},{"type":"Polygon","arcs":[[2906,2907]],"properties":{"anthrome":54}},{"type":"Polygon","arcs":[[2908,2909,-2907]],"properties":{"anthrome":53}},{"type":"Polygon","arcs":[[2910,2911,2912]],"properties":{"anthrome":54}},{"type":"Polygon","arcs":[[2913]],"properties":{"anthrome":53}},{"type":"Polygon","arcs":[[2914]],"properties":{"anthrome":53}},{"type":"Polygon","arcs":[[2915,2916]],"properties":{"anthrome":61}},{"type":"Polygon","arcs":[[2917,2918]],"properties":{"anthrome":61}},{"type":"Polygon","arcs":[[2919]],"properties":{"anthrome":54}},{"type":"Polygon","arcs":[[2920,-2820,2921]],"properties":{"anthrome":53}},{"type":"Polygon","arcs":[[2922,2923,2924,2925]],"properties":{"anthrome":53}},{"type":"Polygon","arcs":[[2926]],"properties":{"anthrome":53}},{"type":"Polygon","arcs":[[2927]],"properties":{"anthrome":52}},{"type":"Polygon","arcs":[[2928]],"properties":{"anthrome":62}},{"type":"Polygon","arcs":[[2929]],"properties":{"anthrome":53}},{"type":"Polygon","arcs":[[2930]],"properties":{"anthrome":62}},{"type":"Polygon","arcs":[[2931,2932]],"properties":{"anthrome":61}},{"type":"Polygon","arcs":[[2933,2934,2935,2936]],"properties":{"anthrome":54}},{"type":"Polygon","arcs":[[2937]],"properties":{"anthrome":54}},{"type":"Polygon","arcs":[[2938,2939]],"properties":{"anthrome":34}},{"type":"Polygon","arcs":[[2940]],"properties":{"anthrome":61}},{"type":"Polygon","arcs":[[2941,2942,2943,2944]],"properties":{"anthrome":62}},{"type":"Polygon","arcs":[[2945,2946,2947]],"properties":{"anthrome":54}},{"type":"Polygon","arcs":[[2948,2949,2950,2951]],"properties":{"anthrome":53}},{"type":"Polygon","arcs":[[2952,2953,2954,-2950]],"properties":{"anthrome":54}},{"type":"Polygon","arcs":[[2955]],"properties":{"anthrome":53}},{"type":"Polygon","arcs":[[2956]],"properties":{"anthrome":53}},{"type":"Polygon","arcs":[[2957]],"properties":{"anthrome":61}},{"type":"Polygon","arcs":[[2958,2959]],"properties":{"anthrome":61}},{"type":"Polygon","arcs":[[2960]],"properties":{"anthrome":62}},{"type":"Polygon","arcs":[[2961,2962,2963]],"properties":{"anthrome":53}},{"type":"Polygon","arcs":[[2964,2965]],"properties":{"anthrome":53}},{"type":"Polygon","arcs":[[2966,2967]],"properties":{"anthrome":53}},{"type":"Polygon","arcs":[[2968,2969,2970,2971]],"properties":{"anthrome":53}},{"type":"Polygon","arcs":[[2972,2973,2974,2975,2976,-2912]],"properties":{"anthrome":62}},{"type":"Polygon","arcs":[[2977]],"properties":{"anthrome":53}},{"type":"Polygon","arcs":[[2978]],"properties":{"anthrome":61}},{"type":"Polygon","arcs":[[2979,2980]],"properties":{"anthrome":32}},{"type":"Polygon","arcs":[[2981,2982,2983]],"properties":{"anthrome":61}},{"type":"Polygon","arcs":[[2984,2985,2986,-2982]],"properties":{"anthrome":51}},{"type":"Polygon","arcs":[[2987]],"properties":{"anthrome":51}},{"type":"Polygon","arcs":[[2988]],"properties":{"anthrome":52}},{"type":"Polygon","arcs":[[-2936,2989]],"properties":{"anthrome":53}},{"type":"Polygon","arcs":[[2990]],"properties":{"anthrome":53}},{"type":"Polygon","arcs":[[2991]],"properties":{"anthrome":34}},{"type":"Polygon","arcs":[[2992]],"properties":{"anthrome":61}},{"type":"Polygon","arcs":[[2993,2994,2995,2996,2997,2998,2999,3000,3001,3002,3003,3004,-2550],[-2777]],"properties":{"anthrome":54}},{"type":"Polygon","arcs":[[3005,3006,3007,3008]],"properties":{"anthrome":53}},{"type":"Polygon","arcs":[[3009,3010,3011]],"properties":{"anthrome":62}},{"type":"Polygon","arcs":[[3012,3013]],"properties":{"anthrome":61}},{"type":"Polygon","arcs":[[3014,3015]],"properties":{"anthrome":53}},{"type":"Polygon","arcs":[[3016]],"properties":{"anthrome":61}},{"type":"Polygon","arcs":[[3017,3018]],"properties":{"anthrome":62}},{"type":"Polygon","arcs":[[-2963,3019,3020,3021]],"properties":{"anthrome":61}},{"type":"Polygon","arcs":[[3022]],"properties":{"anthrome":52}},{"type":"Polygon","arcs":[[-2910,3023,3024,3025,3026,3027]],"properties":{"anthrome":54}},{"type":"Polygon","arcs":[[3028]],"properties":{"anthrome":62}},{"type":"Polygon","arcs":[[3029,3030,3031,3032,3033,3034,-2943]],"properties":{"anthrome":54}},{"type":"Polygon","arcs":[[-2916,3035,3036,3037,3038,3039,3040,3041],[-3017]],"properties":{"anthrome":53}},{"type":"Polygon","arcs":[[3042,-3019,3043,-3022,3044,3045,3046,3047]],"properties":{"anthrome":53}},{"type":"Polygon","arcs":[[3048,3049]],"properties":{"anthrome":53}},{"type":"Polygon","arcs":[[3050,3051,3052]],"properties":{"anthrome":33}},{"type":"Polygon","arcs":[[3053]],"properties":{"anthrome":53}},{"type":"Polygon","arcs":[[3054]],"properties":{"anthrome":52}},{"type":"Polygon","arcs":[[3055]],"properties":{"anthrome":53}},{"type":"Polygon","arcs":[[3056,3057,-3032]],"properties":{"anthrome":53}},{"type":"Polygon","arcs":[[3058,3059,3060]],"properties":{"anthrome":53}},{"type":"Polygon","arcs":[[3061,3062,3063]],"properties":{"anthrome":53}},{"type":"Polygon","arcs":[[3064,3065,3066,3067]],"properties":{"anthrome":61}},{"type":"Polygon","arcs":[[3068,3069,3070,-3066]],"properties":{"anthrome":62}},{"type":"Polygon","arcs":[[-2976,3071,3072,-3070]],"properties":{"anthrome":53}},{"type":"Polygon","arcs":[[3073,3074,3075]],"properties":{"anthrome":62}},{"type":"Polygon","arcs":[[3076,3077]],"properties":{"anthrome":62}},{"type":"Polygon","arcs":[[3078,3079]],"properties":{"anthrome":53}},{"type":"Polygon","arcs":[[3080,3081,3082,3083]],"properties":{"anthrome":53}},{"type":"Polygon","arcs":[[3084]],"properties":{"anthrome":53}},{"type":"Polygon","arcs":[[3085]],"properties":{"anthrome":62}},{"type":"Polygon","arcs":[[-2971,3086]],"properties":{"anthrome":54}},{"type":"Polygon","arcs":[[3087,3088,-3045]],"properties":{"anthrome":61}},{"type":"Polygon","arcs":[[-3021,3089,-3088]],"properties":{"anthrome":53}},{"type":"Polygon","arcs":[[3090,3091,-2696,-2572,3092,-2846,3093,-2913,-2948,3094,-3009,3095,-3064,3096,3097,3098,-3061,3099,3100,3101,-2945,3102,3103,3104,-2909,3105],[-2929]],"properties":{"anthrome":61}},{"type":"Polygon","arcs":[[3106,3107,3108,3109]],"properties":{"anthrome":53}},{"type":"Polygon","arcs":[[3110,3111,3112,3113]],"properties":{"anthrome":52}},{"type":"Polygon","arcs":[[3114,3115,3116,3117]],"properties":{"anthrome":53}},{"type":"Polygon","arcs":[[3118,3119,3120]],"properties":{"anthrome":53}},{"type":"Polygon","arcs":[[3121]],"properties":{"anthrome":53}},{"type":"Polygon","arcs":[[-3052,3122,3123]],"properties":{"anthrome":52}},{"type":"Polygon","arcs":[[3124,-3123]],"properties":{"anthrome":33}},{"type":"Polygon","arcs":[[3125,3126]],"properties":{"anthrome":53}},{"type":"Polygon","arcs":[[3127,3128,3129]],"properties":{"anthrome":61}},{"type":"Polygon","arcs":[[3130]],"properties":{"anthrome":53}},{"type":"Polygon","arcs":[[3131]],"properties":{"anthrome":52}},{"type":"Polygon","arcs":[[3132]],"properties":{"anthrome":62}},{"type":"Polygon","arcs":[[3133]],"properties":{"anthrome":53}},{"type":"Polygon","arcs":[[3134,3135,3136]],"properties":{"anthrome":53}},{"type":"Polygon","arcs":[[3137]],"properties":{"anthrome":54}},{"type":"Polygon","arcs":[[3138,3139,3140,3141]],"properties":{"anthrome":62}},{"type":"Polygon","arcs":[[3142,3143,-3097]],"properties":{"anthrome":53}},{"type":"Polygon","arcs":[[-3075,3144,3145,3146]],"properties":{"anthrome":61}},{"type":"Polygon","arcs":[[3147,3148,-3116]],"properties":{"anthrome":61}},{"type":"Polygon","arcs":[[3149,3150]],"properties":{"anthrome":52}},{"type":"Polygon","arcs":[[-3080,-3015,3151,3152,3153,3154]],"properties":{"anthrome":61}},{"type":"Polygon","arcs":[[-3083,3155,3156,3157]],"properties":{"anthrome":62}},{"type":"Polygon","arcs":[[3158]],"properties":{"anthrome":53}},{"type":"Polygon","arcs":[[3159,3160,3161,3162]],"properties":{"anthrome":54}},{"type":"Polygon","arcs":[[3163,3164,3165,3166]],"properties":{"anthrome":62}},{"type":"Polygon","arcs":[[3167,3168,-3165]],"properties":{"anthrome":61}},{"type":"Polygon","arcs":[[3169]],"properties":{"anthrome":61}},{"type":"Polygon","arcs":[[3170,3171,3172,3173,3174,3175,3176]],"properties":{"anthrome":61}},{"type":"Polygon","arcs":[[-3105,3177,3178,3179,3180,-3024]],"properties":{"anthrome":53}},{"type":"Polygon","arcs":[[3181,3182]],"properties":{"anthrome":53}},{"type":"Polygon","arcs":[[-3037,3183,3184,3185]],"properties":{"anthrome":54}},{"type":"Polygon","arcs":[[3186]],"properties":{"anthrome":63}},{"type":"Polygon","arcs":[[3187]],"properties":{"anthrome":61}},{"type":"Polygon","arcs":[[3188,3189,3190,3191]],"properties":{"anthrome":53}},{"type":"Polygon","arcs":[[3192,3193,3194,3195]],"properties":{"anthrome":62}},{"type":"Polygon","arcs":[[3196]],"properties":{"anthrome":62}},{"type":"Polygon","arcs":[[3197]],"properties":{"anthrome":54}},{"type":"Polygon","arcs":[[3198]],"properties":{"anthrome":62}},{"type":"Polygon","arcs":[[3199]],"properties":{"anthrome":62}},{"type":"Polygon","arcs":[[3200]],"properties":{"anthrome":54}},{"type":"Polygon","arcs":[[3201,-3175,3202,3203]],"properties":{"anthrome":62}},{"type":"Polygon","arcs":[[3204,-3173,3205]],"properties":{"anthrome":53}},{"type":"Polygon","arcs":[[3206,3207,3208,3209]],"properties":{"anthrome":54}},{"type":"Polygon","arcs":[[3210,3211,-3208]],"properties":{"anthrome":53}},{"type":"Polygon","arcs":[[-3146,3212,3213,3214]],"properties":{"anthrome":53}},{"type":"Polygon","arcs":[[3215,3216]],"properties":{"anthrome":52}},{"type":"Polygon","arcs":[[3217]],"properties":{"anthrome":62}},{"type":"Polygon","arcs":[[3218,3219]],"properties":{"anthrome":54}},{"type":"Polygon","arcs":[[3220,3221,3222,3223]],"properties":{"anthrome":54}},{"type":"Polygon","arcs":[[3224,-3040,3225,-3196,3226,3227,3228]],"properties":{"anthrome":61}},{"type":"Polygon","arcs":[[3229,3230,3231,3232]],"properties":{"anthrome":62}},{"type":"Polygon","arcs":[[-2685,3233,-2727,3234,-2884,3235,-2981,3236,3237]],"properties":{"anthrome":52}},{"type":"Polygon","arcs":[[3238]],"properties":{"anthrome":63}},{"type":"Polygon","arcs":[[3239]],"properties":{"anthrome":63}},{"type":"Polygon","arcs":[[3240,3241]],"properties":{"anthrome":33}},{"type":"Polygon","arcs":[[3242,3243,3244,3245]],"properties":{"anthrome":61}},{"type":"Polygon","arcs":[[3246,3247,3248,3249]],"properties":{"anthrome":61}},{"type":"Polygon","arcs":[[3250,3251,3252,3253]],"properties":{"anthrome":53}},{"type":"Polygon","arcs":[[3254,-2960,-3229,3255,3256,3257,-3220,3258,3259]],"properties":{"anthrome":53}},{"type":"Polygon","arcs":[[-2501,3260,-2706,3261,-2878,3262,-2703,3263,-2676,3264,-2964,3265,-3048,3266,3267,3268,3269,3270,3271,-3119,-2970,3272,-2856,3273,-2784,3274],[-2961]],"properties":{"anthrome":61}},{"type":"Polygon","arcs":[[3275,3276,-3269]],"properties":{"anthrome":53}},{"type":"Polygon","arcs":[[3277,3278,3279]],"properties":{"anthrome":51}},{"type":"Polygon","arcs":[[-2983,3280,3281,3282,3283,-3278,3284]],"properties":{"anthrome":53}},{"type":"Polygon","arcs":[[3285,3286,3287]],"properties":{"anthrome":53}},{"type":"Polygon","arcs":[[3288]],"properties":{"anthrome":61}},{"type":"Polygon","arcs":[[3289]],"properties":{"anthrome":52}},{"type":"Polygon","arcs":[[3290,3291]],"properties":{"anthrome":52}},{"type":"Polygon","arcs":[[3292,3293,3294,3295,3296,3297,3298,3299],[-3138]],"properties":{"anthrome":62}},{"type":"Polygon","arcs":[[3300,3301,3302]],"properties":{"anthrome":53}},{"type":"Polygon","arcs":[[-3249,3303,-3301]],"properties":{"anthrome":54}},{"type":"Polygon","arcs":[[3304,3305,3306,3307]],"properties":{"anthrome":61}},{"type":"Polygon","arcs":[[-3223,3308,3309,3310]],"properties":{"anthrome":53}},{"type":"Polygon","arcs":[[-2169,-1870,-2248,-2369,-2407,-2343,-2281,3311,-2278,3312,-2493,3313,3314,3315,3316,3317,3318,3319,3320,3321,-3189,-3115,3322,3323,-3078,3324,-3074,-3010,3325,3326,3327,-2974,-2842,3328,3329,3330,3331,3332,3333,3334,3335],[-1776,-1777],[-1976],[-1940],[-2276],[3336,3337,-2952,3338,3339,-2967],[-2930],[-2956],[-2957]],"properties":{"anthrome":61}},{"type":"Polygon","arcs":[[3340,3341,3342,3343,3344]],"properties":{"anthrome":62}},{"type":"Polygon","arcs":[[-3232,3345,3346,3347]],"properties":{"anthrome":53}},{"type":"Polygon","arcs":[[3348,3349,3350]],"properties":{"anthrome":62}},{"type":"Polygon","arcs":[[3351,3352,3353,3354,3355,3356]],"properties":{"anthrome":62}},{"type":"Polygon","arcs":[[3357,-3343,3358,3359]],"properties":{"anthrome":61}},{"type":"Polygon","arcs":[[3360,3361]],"properties":{"anthrome":61}},{"type":"Polygon","arcs":[[3362,3363,3364]],"properties":{"anthrome":53}},{"type":"Polygon","arcs":[[3365,3366,3367,3368]],"properties":{"anthrome":53}},{"type":"Polygon","arcs":[[3369]],"properties":{"anthrome":51}},{"type":"Polygon","arcs":[[3370,3371]],"properties":{"anthrome":51}},{"type":"Polygon","arcs":[[3372,3373]],"properties":{"anthrome":51}},{"type":"Polygon","arcs":[[3374]],"properties":{"anthrome":62}},{"type":"Polygon","arcs":[[3375]],"properties":{"anthrome":62}},{"type":"Polygon","arcs":[[3376]],"properties":{"anthrome":34}},{"type":"Polygon","arcs":[[3377]],"properties":{"anthrome":62}},{"type":"Polygon","arcs":[[3378]],"properties":{"anthrome":54}},{"type":"Polygon","arcs":[[3379,3380,3381,3382]],"properties":{"anthrome":53}},{"type":"Polygon","arcs":[[3383,3384,3385,-3381]],"properties":{"anthrome":61}},{"type":"Polygon","arcs":[[3386,3387,3388]],"properties":{"anthrome":61}},{"type":"Polygon","arcs":[[-3248,3389]],"properties":{"anthrome":53}},{"type":"Polygon","arcs":[[3390,3391,3392]],"properties":{"anthrome":53}},{"type":"Polygon","arcs":[[3393]],"properties":{"anthrome":54}},{"type":"Polygon","arcs":[[3394]],"properties":{"anthrome":61}},{"type":"Polygon","arcs":[[-3354,3395,3396]],"properties":{"anthrome":53}},{"type":"Polygon","arcs":[[3397,3398]],"properties":{"anthrome":62}},{"type":"Polygon","arcs":[[3399]],"properties":{"anthrome":62}},{"type":"Polygon","arcs":[[-3310,3400,3401]],"properties":{"anthrome":61}},{"type":"Polygon","arcs":[[-3270,3402,-3401]],"properties":{"anthrome":53}},{"type":"Polygon","arcs":[[3403,3404,-3026,3405,-3180,3406,3407,-3209,3408,3409,3410,-3349,-3293]],"properties":{"anthrome":61}},{"type":"Polygon","arcs":[[3411,3412,-3362,3413,3414,3415]],"properties":{"anthrome":53}},{"type":"Polygon","arcs":[[3416,3417]],"properties":{"anthrome":51}},{"type":"Polygon","arcs":[[3418,3419,3420,3421]],"properties":{"anthrome":51}},{"type":"Polygon","arcs":[[3422,3423,3424,3425]],"properties":{"anthrome":62}},{"type":"Polygon","arcs":[[3426]],"properties":{"anthrome":62}},{"type":"Polygon","arcs":[[3427,3428,3429]],"properties":{"anthrome":53}},{"type":"Polygon","arcs":[[3430,3431]],"properties":{"anthrome":61}},{"type":"Polygon","arcs":[[3432,3433,-3431]],"properties":{"anthrome":53}},{"type":"Polygon","arcs":[[3434]],"properties":{"anthrome":62}},{"type":"Polygon","arcs":[[3435,3436,3437,-3414]],"properties":{"anthrome":61}},{"type":"Polygon","arcs":[[3438,3439]],"properties":{"anthrome":61}},{"type":"Polygon","arcs":[[3440]],"properties":{"anthrome":53}},{"type":"Polygon","arcs":[[3441,3442,3443]],"properties":{"anthrome":53}},{"type":"Polygon","arcs":[[3444,3445,3446]],"properties":{"anthrome":63}},{"type":"Polygon","arcs":[[3447,3448]],"properties":{"anthrome":51}},{"type":"Polygon","arcs":[[3449,3450]],"properties":{"anthrome":53}},{"type":"Polygon","arcs":[[3451,3452,3453]],"properties":{"anthrome":53}},{"type":"Polygon","arcs":[[3454]],"properties":{"anthrome":62}},{"type":"Polygon","arcs":[[3455]],"properties":{"anthrome":62}},{"type":"Polygon","arcs":[[3456,3457]],"properties":{"anthrome":54}},{"type":"Polygon","arcs":[[-3300,3458,-3137,3459,-3297,3460,3461,3462,3463,3464,-3206,3465],[-3134]],"properties":{"anthrome":61}},{"type":"Polygon","arcs":[[3466,3467]],"properties":{"anthrome":54}},{"type":"Polygon","arcs":[[3468]],"properties":{"anthrome":53}},{"type":"Polygon","arcs":[[3469,3470,3471]],"properties":{"anthrome":53}},{"type":"Polygon","arcs":[[3472,3473,3474,3475]],"properties":{"anthrome":52}},{"type":"Polygon","arcs":[[3476,-3068,3477,3478,-3011,3479,-3250,-3303,3480,3481,3482,3483,3484,3485,3486,-3409,-3212,3487,-3143,-3063]],"properties":{"anthrome":54}},{"type":"Polygon","arcs":[[3488]],"properties":{"anthrome":61}},{"type":"Polygon","arcs":[[3489]],"properties":{"anthrome":53}},{"type":"Polygon","arcs":[[3490,3491]],"properties":{"anthrome":53}},{"type":"Polygon","arcs":[[3492]],"properties":{"anthrome":53}},{"type":"Polygon","arcs":[[3493,3494]],"properties":{"anthrome":53}},{"type":"Polygon","arcs":[[3495,-2584,3496,-3126,3497,3498,3499,-3241,-3125,-3051,3500,-2932,3501,-2758,3502,-2724]],"properties":{"anthrome":52}},{"type":"Polygon","arcs":[[3503]],"properties":{"anthrome":52}},{"type":"Polygon","arcs":[[3504,3505,3506]],"properties":{"anthrome":52}},{"type":"Polygon","arcs":[[3507]],"properties":{"anthrome":53}},{"type":"Polygon","arcs":[[3508,3509,3510,3511]],"properties":{"anthrome":52}},{"type":"Polygon","arcs":[[3512,3513,-3510]],"properties":{"anthrome":53}},{"type":"Polygon","arcs":[[3514,3515,3516,3517]],"properties":{"anthrome":54}},{"type":"Polygon","arcs":[[3518,3519,3520,3521]],"properties":{"anthrome":62}},{"type":"Polygon","arcs":[[3522,3523,3524,-3520]],"properties":{"anthrome":54}},{"type":"Polygon","arcs":[[3525,3526,-3484]],"properties":{"anthrome":53}},{"type":"Polygon","arcs":[[3527,3528]],"properties":{"anthrome":62}},{"type":"Polygon","arcs":[[-3471,3529,3530]],"properties":{"anthrome":54}},{"type":"Polygon","arcs":[[3531,3532,3533,3534,3535]],"properties":{"anthrome":53}},{"type":"Polygon","arcs":[[3536,3537,-3398,3538,3539,3540,3541,3542,3543,3544]],"properties":{"anthrome":61}},{"type":"Polygon","arcs":[[3545,3546,-3204,3547,-3464,3548,-3522,3549,3550,3551,-3387,3552,3553,3554,-3385,3555,-3383,3556,3557,3558,3559,3560,3561,-3244,3562]],"properties":{"anthrome":54}},{"type":"Polygon","arcs":[[3563,3564]],"properties":{"anthrome":61}},{"type":"Polygon","arcs":[[-3544,3565,3566,-3564]],"properties":{"anthrome":53}},{"type":"Polygon","arcs":[[3567,3568,3569]],"properties":{"anthrome":42}},{"type":"Polygon","arcs":[[3570,3571,-3396,3572,3573,3574,3575,3576,3577,3578]],"properties":{"anthrome":54}},{"type":"Polygon","arcs":[[3579,3580,3581,-3575]],"properties":{"anthrome":53}},{"type":"Polygon","arcs":[[3582]],"properties":{"anthrome":61}},{"type":"Polygon","arcs":[[3583]],"properties":{"anthrome":53}},{"type":"Polygon","arcs":[[3584]],"properties":{"anthrome":61}},{"type":"Polygon","arcs":[[3585]],"properties":{"anthrome":51}},{"type":"Polygon","arcs":[[3586,3587]],"properties":{"anthrome":61}},{"type":"Polygon","arcs":[[3588,3589,3590,3591]],"properties":{"anthrome":53}},{"type":"Polygon","arcs":[[3592,3593,3594,-3590]],"properties":{"anthrome":52}},{"type":"Polygon","arcs":[[3595]],"properties":{"anthrome":62}},{"type":"Polygon","arcs":[[3596,3597,3598,3599]],"properties":{"anthrome":53}},{"type":"Polygon","arcs":[[3600,3601,-3598]],"properties":{"anthrome":54}},{"type":"Polygon","arcs":[[3602,3603,3604]],"properties":{"anthrome":62}},{"type":"Polygon","arcs":[[3605,3606,3607,3608]],"properties":{"anthrome":61}},{"type":"Polygon","arcs":[[3609]],"properties":{"anthrome":53}},{"type":"Polygon","arcs":[[3610,3611,-3540]],"properties":{"anthrome":53}},{"type":"Polygon","arcs":[[3612,3613]],"properties":{"anthrome":61}},{"type":"Polygon","arcs":[[-3294,-3351,3614,-3410,3615,3616,-3295]],"properties":{"anthrome":54}},{"type":"Polygon","arcs":[[-3161,3617,3618,3619,3620,3621,3622,3623,3624,3625]],"properties":{"anthrome":53}},{"type":"Polygon","arcs":[[3626,-902,3627,3628,-3336,3629,-2336,3630,-3333,3631,-2487,3632,3633,-3330,3634,-2840,-2643,-2645,-2839,-2554,3635,-2477,-2568,3636,-2715,3637,-3106,-2908,-3028,3638,-3404,-3466,-3172,3639,-2999,3640,-2869,3641,-2996,3642,-2519,3643,-2547,-3004,3644,-2874,-2873,3645,-3001,3646,-3177,3647,-3546,3648,-3246,3649,-3561,3650,3651,-3518,3652,3653,3654,3655,3656,3657,3658,3659,-2597,3660,3661,-2640,3662,3663,3664,3665,3666,3667,3668,3669,3670,3671],[-1084],[-1169],[-1170],[-1256],[-1285],[-1314],[-1360],[-1359],[-1425],[-1733],[-1938],[-2110],[-2189],[-2137],[-2227],[-2228],[-2365],[-2332],[-2333],[-2401],[-2402],[-2403],[3672,-2559,-2558,3673,-2480,3674,-2440],[-2552],[-2520],[-2476],[-2778],[-2920],[-2779],[-2941],[-2993],[-3201],[-3379],[-3457,-3458]],"properties":{"anthrome":53}},{"type":"Polygon","arcs":[[3675]],"properties":{"anthrome":51}},{"type":"Polygon","arcs":[[3676,3677]],"properties":{"anthrome":53}},{"type":"Polygon","arcs":[[3678,3679,3680]],"properties":{"anthrome":53}},{"type":"Polygon","arcs":[[3681,3682,3683,3684,3685,3686,3687,3688]],"properties":{"anthrome":51}},{"type":"Polygon","arcs":[[3689,3690,3691,3692]],"properties":{"anthrome":51}},{"type":"Polygon","arcs":[[3693,-382,-384,3694,-436,3695,-575,3696,-805,-804,3697,-785,3698,-987,3699,-1039,-1076,-1075,3700,3701,-1025,3702,-662,3703,3704,-2105,-2104,-1540,-2103,-2102,3705,-892,3706,-845,-1121,3707,-743,3708,3709,3710,3711,-1392,-1391,3712,3713,3714,3715,3716,3717,3718,3719,3720,3721,3722,-2629,-2692,3723,3724,3725,3726,3727,3728,3729,3730,3731,3732,-2935,3733,-2866,3734,3735,3736,-3114,3737,3738,3739,3740,3741,3742,3743,-3507,3744,3745,3746,3747,3748,3749,3750,3751,3752,-2733,3753,-2670,3754,3755,-2093,-2133,3756,-1929,3757,3758,-1695,-1694,-380],[-526],[-681],[-759],[-727],[-784],[-833],[-834],[-985],[-1038],[-1045],[-991],[-1164],[-1165],[-1234],[-1278],[-1279],[-1312],[-1523],[-1354],[-1572],[-1422],[-1457],[-1423],[-1499],[-1501,-1500],[3759,3760,-1616],[-1573],[-1574],[-1575],[-1576],[-1577],[-1653],[-1654],[-1655],[-1742],[3761,-1935,3762,-1767,-1770],[-1656],[-1763],[-1765,-1764],[-1766],[-1771],[-1895],[-1772],[-2176,3763,3764,3765,-1931,3766],[-1973],[-1974],[-1936],[-2004],[-2005],[-2006],[-2007],[-2109],[-2134],[-2135],[-2188],[-2226],[-2246],[-2270],[3767,-2329,3768,-2271],[-2275],[-2509,3769,3770],[-2331],[-2398],[-2399],[-2437],[-2540],[-2625],[-2626],[3771,-2773,3772,-2737],[-2738],[-2627],[-2690],[-2691],[-3023],[-2770],[-2897],[-2898],[-2928],[-2938],[-2989],[-3055],[-3132],[-3198],[-3289],[-3290],[-3504]],"properties":{"anthrome":53}},{"type":"Polygon","arcs":[[3773,3774,3775]],"properties":{"anthrome":54}},{"type":"Polygon","arcs":[[3776]],"properties":{"anthrome":62}},{"type":"Polygon","arcs":[[3777]],"properties":{"anthrome":62}},{"type":"Polygon","arcs":[[3778,3779,-3559,3780,3781,3782,3783,3784,-3516]],"properties":{"anthrome":62}},{"type":"Polygon","arcs":[[3785,-3390,3786,3787,-3601,-3529,3788,-3600,3789,3790,3791,3792,3793,3794,3795,3796,3797,3798,-3527,3799,-3482]],"properties":{"anthrome":61}},{"type":"Polygon","arcs":[[3800,-3793]],"properties":{"anthrome":62}},{"type":"Polygon","arcs":[[3801,3802,3803,3804]],"properties":{"anthrome":54}},{"type":"Polygon","arcs":[[3805,3806,-3621]],"properties":{"anthrome":61}},{"type":"Polygon","arcs":[[3807]],"properties":{"anthrome":62}},{"type":"Polygon","arcs":[[3808]],"properties":{"anthrome":62}},{"type":"Polygon","arcs":[[3809]],"properties":{"anthrome":53}},{"type":"Polygon","arcs":[[3810,3811]],"properties":{"anthrome":63}},{"type":"Polygon","arcs":[[3812,3813]],"properties":{"anthrome":32}},{"type":"Polygon","arcs":[[3814,-3691,3815,3816]],"properties":{"anthrome":32}},{"type":"Polygon","arcs":[[3817,3818,3819,3820,-3748]],"properties":{"anthrome":54}},{"type":"Polygon","arcs":[[3821]],"properties":{"anthrome":62}},{"type":"Polygon","arcs":[[3822,-3658]],"properties":{"anthrome":54}},{"type":"Polygon","arcs":[[3823,-3799,3824,3825,3826]],"properties":{"anthrome":53}},{"type":"Polygon","arcs":[[3827,3828,3829,-3797]],"properties":{"anthrome":53}},{"type":"Polygon","arcs":[[3830,3831,-3791]],"properties":{"anthrome":54}},{"type":"Polygon","arcs":[[-3582,3832,3833,3834]],"properties":{"anthrome":54}},{"type":"Polygon","arcs":[[3835,3836,3837,3838]],"properties":{"anthrome":53}},{"type":"Polygon","arcs":[[3839,3840,3841]],"properties":{"anthrome":61}},{"type":"Polygon","arcs":[[-3542,3842,3843,3844,3845,-3567,3846]],"properties":{"anthrome":54}},{"type":"Polygon","arcs":[[-3613,3847,3848]],"properties":{"anthrome":53}},{"type":"Polygon","arcs":[[3849,3850,3851,3852,-3440,3853,3854,3855,-3361,3856]],"properties":{"anthrome":53}},{"type":"Polygon","arcs":[[3857,-155,3858,-187,-186,3859,-756,-755,3860,-239,-449,3861,-418,3862,-446,-466,3863,3864,-444,-281,3865,-340,3866,-443,-442,-441,3867,-468,3868,-411,3869,-343,3870,-346,3871,-505,3872,-363,3873,-348,3874,-366,3875,-352,3876,-414,3877,-569,3878,-1047,3879,-1402,3880,3881,-1375,3882,-1436,3883,-1951,3884,3885,-1799,3886,-1873,3887,-1684,3888,-1878,3889,-2021,3890,3891,-2453,3892,-1794,-1186,3893,-1088,-1184,3894,-1845,-1181,-964,3895,-915,3896,-907,-763,-911,3897,-1840,-1863,3898,3899,-1004,3900,3901,-1860,3902,-1319,3903,-1461,-1460,3904,-1783,-2013,3905,-2144,3906,-2114,3907,-2230,3908,3909,-2531,3910,-2249,3911,-2528,-2527,3912,-3260,3913,-3257,3914,3915,3916,-3472,3917,3918,-3619,3919,-3163,3920,-3625,-3624,3921,-3802,3922,-3836,3923,3924,3925,-3581,3926,-3573,-3353,3927,-3183,3928,-3357,3929,3930,-3157,3931,-3081,-3016,-3079,3932,3933,-2852,-2783,3934,3935,-2366,-2247,-1869,-2168,-2167,3936,-2287,3937,-2377,3938,-2307,3939,3940,-2348,3941,-2347,3942,-2524,-2523,-2575,3943,3944,-2310,3945,-2371,3946,-2171,-2170,-3629,3947,-3672,-3671,-3670,-3669,-3668,-3667,-3666,-3665,3948,3949,-3719,-3718,-3717,-3716,-3715,3950,3951,3952,3953,-1378,3954,-1292,3955,-1080,-1129,-995,-1077,3956,-897,3957,-1383,3958,-3711,-3710,3959,3960,-1109,3961,-540,3962,3963,-808,3964,-1105,3965,-697,3966,-749,3967,-1101,-1100,-1099,-1098,3968,3969,-1095,-1094],[-216],[-195],[-209],[-217],[-304],[-248],[-268],[-270],[-271],[3970,-457,3971,-594,3972,3973,-637,-592,-702,3974,3975,-590,3976,-599,3977,-587,3978,-409,3979,-405,3980,-584,-597],[-282],[3981,-398,3982,-400,3983],[-341],[-342],[-394],[-395],[-402],[-403],[-412],[-453],[3984,3985,-554,-499],[-503],[-511],[3986,-563,3987,-704,3988,3989,-707,3990,-565,3991,-710],[-544],[-664],[-545],[-546],[-627],[-628],[-629],[3992,-698,-635,3993],[-636],[-643],[-760,-761],[-750],[-751],[-752],[-753],[-793],[-795],[-847],[-848],[-849],[-870],[-850],[-851],[-900,-899,-898],[-903],[-904],[-905],[-906],[-1031,3994,3995,3996],[-1248,-1249],[3997,-1015,3998,-919],[-922],[-923],[-996],[-997],[-998],[-999],[-1000],[-1083],[-1091],[-1214],[-1171],[-1172],[-1173],[-1236],[-1237],[-1238],[-1239],[-1284],[-1315],[-1290],[-1358],[-1372],[3999,-1584,4000,-1725,4001,-1897,4002,-1779,4003,-1670,-1716,4004,-1713,-1728],[4005,-1746,4006,-1680,4007,-1431],[-1432],[-1541],[-1659],[-1617],[-1581],[4008,-1662,4009,-1618],[4010,-1674,4011,-1589,-1591],[-1657],[-1658],[-1743],[-1778],[-1774,-1773],[-1775],[-1896],[-1975],[-1937],[-1939],[-1941],[-1977],[-1978,-1979],[-1942],[-1980],[-2008],[-2009],[-2136],[-2138,-2139],[-2418,4012,-2442,4013],[-2560],[-2646,-2647],[-2699],[-2700],[-2814],[-2853,-2854],[-2914],[-2915],[-3086],[-3085],[-3159],[-3218],[-3490],[-3469],[-3610]],"properties":{"anthrome":61}},{"type":"Polygon","arcs":[[4014,4015]],"properties":{"anthrome":61}},{"type":"Polygon","arcs":[[4016,4017,4018,-3775]],"properties":{"anthrome":53}},{"type":"Polygon","arcs":[[4019]],"properties":{"anthrome":61}},{"type":"Polygon","arcs":[[4020]],"properties":{"anthrome":61}},{"type":"Polygon","arcs":[[4021]],"properties":{"anthrome":62}},{"type":"Polygon","arcs":[[4022]],"properties":{"anthrome":62}},{"type":"Polygon","arcs":[[4023]],"properties":{"anthrome":62}},{"type":"Polygon","arcs":[[4024,4025]],"properties":{"anthrome":61}},{"type":"Polygon","arcs":[[4026]],"properties":{"anthrome":33}},{"type":"Polygon","arcs":[[4027,4028]],"properties":{"anthrome":33}},{"type":"Polygon","arcs":[[4029,4030,4031,4032]],"properties":{"anthrome":51}},{"type":"Polygon","arcs":[[4033,4034,4035,-4031]],"properties":{"anthrome":32}},{"type":"Polygon","arcs":[[4036,4037,4038,-3820]],"properties":{"anthrome":53}},{"type":"Polygon","arcs":[[4039]],"properties":{"anthrome":62}},{"type":"Polygon","arcs":[[4040,4041,4042]],"properties":{"anthrome":62}},{"type":"Polygon","arcs":[[4043,4044,4045]],"properties":{"anthrome":53}},{"type":"Polygon","arcs":[[4046]],"properties":{"anthrome":42}},{"type":"Polygon","arcs":[[4047,4048]],"properties":{"anthrome":54}},{"type":"Polygon","arcs":[[4049]],"properties":{"anthrome":54}},{"type":"Polygon","arcs":[[4050,4051,4052]],"properties":{"anthrome":52}},{"type":"Polygon","arcs":[[-3838,4053,4054,4055]],"properties":{"anthrome":54}},{"type":"Polygon","arcs":[[-3804,4056,4057,-4054]],"properties":{"anthrome":53}},{"type":"Polygon","arcs":[[4058]],"properties":{"anthrome":62}},{"type":"Polygon","arcs":[[4059]],"properties":{"anthrome":53}},{"type":"Polygon","arcs":[[4060,4061,4062]],"properties":{"anthrome":51}},{"type":"Polygon","arcs":[[-3850,4063,4064]],"properties":{"anthrome":61}},{"type":"Polygon","arcs":[[4065,4066,-3680]],"properties":{"anthrome":61}},{"type":"Polygon","arcs":[[4067,4068,-3686,4069,4070,4071,4072,4073,-3811]],"properties":{"anthrome":32}},{"type":"Polygon","arcs":[[4074,4075,4076,-4072]],"properties":{"anthrome":52}},{"type":"Polygon","arcs":[[4077]],"properties":{"anthrome":53}},{"type":"Polygon","arcs":[[4078,-3795,4079,4080,4081,4082,4083,4084,4085,-3829]],"properties":{"anthrome":54}},{"type":"Polygon","arcs":[[-3918,-3531,4086,-3840,4087,4088,4089,4090,-3807,4091]],"properties":{"anthrome":62}},{"type":"Polygon","arcs":[[4092]],"properties":{"anthrome":53}},{"type":"Polygon","arcs":[[4093]],"properties":{"anthrome":33}},{"type":"Polygon","arcs":[[4094]],"properties":{"anthrome":53}},{"type":"Polygon","arcs":[[4095]],"properties":{"anthrome":62}},{"type":"Polygon","arcs":[[4096]],"properties":{"anthrome":53}},{"type":"Polygon","arcs":[[4097]],"properties":{"anthrome":54}},{"type":"Polygon","arcs":[[4098,-4083,4099,4100]],"properties":{"anthrome":62}},{"type":"Polygon","arcs":[[4101]],"properties":{"anthrome":61}},{"type":"Polygon","arcs":[[4102,4103,4104]],"properties":{"anthrome":54}},{"type":"Polygon","arcs":[[4105,4106,-4090]],"properties":{"anthrome":54}},{"type":"Polygon","arcs":[[4107,4108]],"properties":{"anthrome":54}},{"type":"Polygon","arcs":[[4109,-3576,-3835,4110,4111,4112,4113,4114,4115,4116,4117]],"properties":{"anthrome":52}},{"type":"Polygon","arcs":[[4118,4119,4120]],"properties":{"anthrome":61}},{"type":"Polygon","arcs":[[4121,4122,4123,-4120]],"properties":{"anthrome":53}},{"type":"Polygon","arcs":[[4124,-4074,4125,4126,4127,4128,4129,-4025]],"properties":{"anthrome":51}},{"type":"Polygon","arcs":[[4130]],"properties":{"anthrome":33}},{"type":"Polygon","arcs":[[4131,4132,4133]],"properties":{"anthrome":62}},{"type":"Polygon","arcs":[[4134,4135]],"properties":{"anthrome":53}},{"type":"Polygon","arcs":[[4136]],"properties":{"anthrome":61}},{"type":"Polygon","arcs":[[4137]],"properties":{"anthrome":62}},{"type":"Polygon","arcs":[[4138]],"properties":{"anthrome":61}},{"type":"Polygon","arcs":[[-4075,4139,4140,4141]],"properties":{"anthrome":32}},{"type":"Polygon","arcs":[[4142]],"properties":{"anthrome":54}},{"type":"Polygon","arcs":[[4143]],"properties":{"anthrome":62}},{"type":"Polygon","arcs":[[4144,4145,4146,4147]],"properties":{"anthrome":53}},{"type":"Polygon","arcs":[[4148,4149,4150,-4146]],"properties":{"anthrome":54}},{"type":"Polygon","arcs":[[4151]],"properties":{"anthrome":42}},{"type":"Polygon","arcs":[[4152]],"properties":{"anthrome":54}},{"type":"Polygon","arcs":[[4153,4154,4155]],"properties":{"anthrome":52}},{"type":"Polygon","arcs":[[4156,-4154]],"properties":{"anthrome":33}},{"type":"Polygon","arcs":[[4157,4158,-4113]],"properties":{"anthrome":33}},{"type":"Polygon","arcs":[[4159]],"properties":{"anthrome":52}},{"type":"Polygon","arcs":[[-3535,4160,4161,4162,4163,4164,-4122,4165]],"properties":{"anthrome":61}},{"type":"Polygon","arcs":[[-4136,4166,4167]],"properties":{"anthrome":61}},{"type":"Polygon","arcs":[[4168]],"properties":{"anthrome":53}},{"type":"Polygon","arcs":[[4169,4170]],"properties":{"anthrome":53}},{"type":"Polygon","arcs":[[4171,-3447,4172,4173,4174,4175,4176,-4171,4177,-3494,-3443,-3367]],"properties":{"anthrome":61}},{"type":"Polygon","arcs":[[4178,-4176]],"properties":{"anthrome":53}},{"type":"Polygon","arcs":[[4179]],"properties":{"anthrome":62}},{"type":"Polygon","arcs":[[4180]],"properties":{"anthrome":54}},{"type":"Polygon","arcs":[[4181,4182,4183]],"properties":{"anthrome":42}},{"type":"Polygon","arcs":[[4184,-4167]],"properties":{"anthrome":53}},{"type":"Polygon","arcs":[[-4124,4185,4186,4187]],"properties":{"anthrome":54}},{"type":"Polygon","arcs":[[4188]],"properties":{"anthrome":54}},{"type":"Polygon","arcs":[[4189]],"properties":{"anthrome":54}},{"type":"Polygon","arcs":[[4190]],"properties":{"anthrome":61}},{"type":"Polygon","arcs":[[4191,4192]],"properties":{"anthrome":32}},{"type":"Polygon","arcs":[[-4155,4193]],"properties":{"anthrome":33}},{"type":"Polygon","arcs":[[4194,4195]],"properties":{"anthrome":33}},{"type":"Polygon","arcs":[[4196,4197,-3677,4198,-3434]],"properties":{"anthrome":61}},{"type":"Polygon","arcs":[[4199,4200]],"properties":{"anthrome":51}},{"type":"Polygon","arcs":[[-3916,4201,4202,4203,-4107,4204,4205,-3841]],"properties":{"anthrome":53}},{"type":"Polygon","arcs":[[4206,4207]],"properties":{"anthrome":62}},{"type":"Polygon","arcs":[[4208,4209,4210,4211,4212]],"properties":{"anthrome":52}},{"type":"Polygon","arcs":[[4213,4214,4215,4216]],"properties":{"anthrome":62}},{"type":"Polygon","arcs":[[-4203,4217,4218]],"properties":{"anthrome":61}},{"type":"Polygon","arcs":[[4219,4220,4221,4222]],"properties":{"anthrome":61}},{"type":"Polygon","arcs":[[4223,4224,4225,-4221]],"properties":{"anthrome":53}},{"type":"Polygon","arcs":[[4226]],"properties":{"anthrome":54}},{"type":"Polygon","arcs":[[4227,4228]],"properties":{"anthrome":61}},{"type":"Polygon","arcs":[[4229,4230]],"properties":{"anthrome":33}},{"type":"Polygon","arcs":[[4231]],"properties":{"anthrome":33}},{"type":"Polygon","arcs":[[4232]],"properties":{"anthrome":62}},{"type":"Polygon","arcs":[[4233]],"properties":{"anthrome":54}},{"type":"Polygon","arcs":[[4234,4235,4236]],"properties":{"anthrome":54}},{"type":"Polygon","arcs":[[4237]],"properties":{"anthrome":33}},{"type":"Polygon","arcs":[[4238]],"properties":{"anthrome":54}},{"type":"Polygon","arcs":[[4239,4240,-4215]],"properties":{"anthrome":53}},{"type":"Polygon","arcs":[[4241]],"properties":{"anthrome":61}},{"type":"Polygon","arcs":[[4242]],"properties":{"anthrome":62}},{"type":"Polygon","arcs":[[4243,4244,4245]],"properties":{"anthrome":63}},{"type":"Polygon","arcs":[[4246,4247,-4015,4248,4249,4250,4251,4252,-4174]],"properties":{"anthrome":53}},{"type":"Polygon","arcs":[[4253]],"properties":{"anthrome":54}},{"type":"Polygon","arcs":[[4254,4255]],"properties":{"anthrome":54}},{"type":"Polygon","arcs":[[4256]],"properties":{"anthrome":62}},{"type":"Polygon","arcs":[[4257]],"properties":{"anthrome":53}},{"type":"Polygon","arcs":[[4258,4259]],"properties":{"anthrome":54}},{"type":"Polygon","arcs":[[4260,-4250]],"properties":{"anthrome":61}},{"type":"Polygon","arcs":[[4261]],"properties":{"anthrome":33}},{"type":"Polygon","arcs":[[4262]],"properties":{"anthrome":54}},{"type":"Polygon","arcs":[[4263,4264,4265,4266]],"properties":{"anthrome":53}},{"type":"Polygon","arcs":[[4267,4268,4269,-4265]],"properties":{"anthrome":54}},{"type":"Polygon","arcs":[[4270]],"properties":{"anthrome":51}},{"type":"Polygon","arcs":[[4271]],"properties":{"anthrome":62}},{"type":"Polygon","arcs":[[4272,4273,4274]],"properties":{"anthrome":52}},{"type":"Polygon","arcs":[[-4218,4275,4276]],"properties":{"anthrome":53}},{"type":"Polygon","arcs":[[4277]],"properties":{"anthrome":61}},{"type":"Polygon","arcs":[[4278,4279,4280,4281,4282,4283,4284,4285,-4196,4286,4287]],"properties":{"anthrome":52}},{"type":"Polygon","arcs":[[4288,4289,-4256,4290]],"properties":{"anthrome":53}},{"type":"Polygon","arcs":[[4291,4292,4293]],"properties":{"anthrome":61}},{"type":"Polygon","arcs":[[4294,4295],[-4189],[-4227]],"properties":{"anthrome":62}},{"type":"Polygon","arcs":[[4296]],"properties":{"anthrome":62}},{"type":"Polygon","arcs":[[4297]],"properties":{"anthrome":54}},{"type":"Polygon","arcs":[[4298]],"properties":{"anthrome":53}},{"type":"Polygon","arcs":[[4299,4300]],"properties":{"anthrome":62}},{"type":"Polygon","arcs":[[4301]],"properties":{"anthrome":62}},{"type":"Polygon","arcs":[[4302,4303,4304,4305]],"properties":{"anthrome":62}},{"type":"Polygon","arcs":[[4306,4307,4308]],"properties":{"anthrome":61}},{"type":"Polygon","arcs":[[4309,4310]],"properties":{"anthrome":53}},{"type":"Polygon","arcs":[[4311,4312,4313,-4255]],"properties":{"anthrome":53}},{"type":"Polygon","arcs":[[4314]],"properties":{"anthrome":61}},{"type":"Polygon","arcs":[[4315]],"properties":{"anthrome":61}},{"type":"Polygon","arcs":[[4316,4317,4318,4319]],"properties":{"anthrome":33}},{"type":"Polygon","arcs":[[4320]],"properties":{"anthrome":51}},{"type":"Polygon","arcs":[[4321,4322]],"properties":{"anthrome":54}},{"type":"Polygon","arcs":[[4323]],"properties":{"anthrome":51}},{"type":"Polygon","arcs":[[4324,4325]],"properties":{"anthrome":51}},{"type":"Polygon","arcs":[[4326,4327]],"properties":{"anthrome":62}},{"type":"Polygon","arcs":[[4328,4329]],"properties":{"anthrome":62}},{"type":"Polygon","arcs":[[4330]],"properties":{"anthrome":62}},{"type":"Polygon","arcs":[[4331]],"properties":{"anthrome":62}},{"type":"Polygon","arcs":[[4332]],"properties":{"anthrome":62}},{"type":"Polygon","arcs":[[4333]],"properties":{"anthrome":54}},{"type":"Polygon","arcs":[[4334,4335,4336]],"properties":{"anthrome":52}},{"type":"Polygon","arcs":[[4337,4338]],"properties":{"anthrome":52}},{"type":"Polygon","arcs":[[4339,4340,4341,-4338,-4274,4342]],"properties":{"anthrome":54}},{"type":"Polygon","arcs":[[4343]],"properties":{"anthrome":61}},{"type":"Polygon","arcs":[[4344]],"properties":{"anthrome":54}},{"type":"Polygon","arcs":[[-2280,-2344,-2408,-2368,4345,-3935,-2782,-2851,-3934,-3933,-3155,4346,-3151,-3217,4347,4348,-3578,4349,-4118,4350,4351,4352,-4053,4353,4354,-4156,4355,4356,4357,4358,4359,4360,-3607,4361,4362,4363,4364,-3316,4365,-2404,-2342],[-2958],[-3014,-3013],[-3394],[-3395],[-3489]],"properties":{"anthrome":53}},{"type":"Polygon","arcs":[[4366,4367,4368]],"properties":{"anthrome":53}},{"type":"Polygon","arcs":[[4369]],"properties":{"anthrome":62}},{"type":"Polygon","arcs":[[4370]],"properties":{"anthrome":61}},{"type":"Polygon","arcs":[[4371,4372,4373]],"properties":{"anthrome":51}},{"type":"Polygon","arcs":[[4374]],"properties":{"anthrome":62}},{"type":"Polygon","arcs":[[4375,4376,-4358]],"properties":{"anthrome":52}},{"type":"Polygon","arcs":[[4377]],"properties":{"anthrome":61}},{"type":"Polygon","arcs":[[4378,4379,4380]],"properties":{"anthrome":62}},{"type":"Polygon","arcs":[[4381,4382,4383]],"properties":{"anthrome":63}},{"type":"Polygon","arcs":[[4384,-310,4385,-312,4386,-579,4387,-604,4388,-577,4389,-458,4390,-353,4391,-2083,-711,-2082,4392,-2080,-2079,4393,-2207,4394,-2124,-2069,4395,4396,-2209,4397,-2292,4398,-2320,-2384,4399,-3050,4400,-3369,4401,-3365,4402,4403,4404,4405,-3681,4406,4407,-4384,4408,4409,4410,4411,4412,4413,-3857,-3413,4414,-3110,4415,-2923,4416,4417,-3536,4418,4419,4420,-3424,4421,4422,-3345,4423,4424,-3433,4425,-2965,4426,4427,-2654,4428,-2651,-2300,-2122,4429,-2158,4430,-1754,4431,-2156,-1638,4432,-1549,4433,-1479,-1415,4434,-1411,4435,-1734,-1448,4436,-1226,4437,-1150,-1152,4438,4439,-1333,4440,-1839,4441,4442,4443,4444,-2363,4445,-2750,4446,4447,4448,4449,-2198,-2200,4450,-1984,4451,-1883,4452,-1626,4453,4454,4455,-1405,4456,4457,-1220,4458,-1148,4459,-1055,4460,4461,-883,4462,4463,-767,4464,-507,-506,-369],[-419,-420],[-471],[-514],[-758],[-815],[-816],[-885],[-1522],[-967],[-1035],[-968],[-969],[-1057,-1058],[4465,4466,4467,-1252,4468,-1154],[-1222],[-1259],[-1410],[-1481],[4469],[-1552],[-1554,-1553],[-1555],[-1640],[-1641],[-1901],[-2051],[-2115],[-2180],[-2201],[-2295],[-2205],[-2253],[-2264],[-2659,-2660],[-2317],[-2318],[-2465],[-2466],[-2661],[4470,4471,-2718],[-2614],[4472,-2882,-2921],[-2753],[-2927],[-2931],[4473],[4474],[4475,-3347,4476,-3230],[-3122],[-3441],[-3493],[-3810],[-4169],[-4093]],"properties":{"anthrome":61}},{"type":"Polygon","arcs":[[4477]],"properties":{"anthrome":32}},{"type":"Polygon","arcs":[[4478]],"properties":{"anthrome":51}},{"type":"Polygon","arcs":[[4479,4480,4481]],"properties":{"anthrome":32}},{"type":"Polygon","arcs":[[4482]],"properties":{"anthrome":51}},{"type":"Polygon","arcs":[[4483,4484]],"properties":{"anthrome":51}},{"type":"Polygon","arcs":[[4485]],"properties":{"anthrome":51}},{"type":"Polygon","arcs":[[4486,4487,4488]],"properties":{"anthrome":33}},{"type":"Polygon","arcs":[[4489,4490]],"properties":{"anthrome":62}},{"type":"Polygon","arcs":[[4491,4492]],"properties":{"anthrome":62}},{"type":"Polygon","arcs":[[4493,4494]],"properties":{"anthrome":62}},{"type":"Polygon","arcs":[[4495]],"properties":{"anthrome":53}},{"type":"Polygon","arcs":[[4496]],"properties":{"anthrome":32}},{"type":"Polygon","arcs":[[4497,-4114,-4213,-4212,4498,4499,4500,4501,4502,4503],[-4298],[-4239]],"properties":{"anthrome":33}},{"type":"Polygon","arcs":[[4504,4505]],"properties":{"anthrome":52}},{"type":"Polygon","arcs":[[4506,4507]],"properties":{"anthrome":61}},{"type":"Polygon","arcs":[[-3227,-3545,-3565,-3846,4508,-4108,4509,4510,4511,4512]],"properties":{"anthrome":53}},{"type":"Polygon","arcs":[[-3622,-4091,-4204,-4217,4513,-4277,4514,4515,4516,4517,4518,4519,-4057]],"properties":{"anthrome":61}},{"type":"Polygon","arcs":[[4520,-4281,4521,4522,4523,4524]],"properties":{"anthrome":54}},{"type":"Polygon","arcs":[[4525,4526,4527]],"properties":{"anthrome":51}},{"type":"Polygon","arcs":[[4528,4529]],"properties":{"anthrome":54}},{"type":"Polygon","arcs":[[4530,4531,4532,4533]],"properties":{"anthrome":52}},{"type":"Polygon","arcs":[[4534,-4516]],"properties":{"anthrome":53}},{"type":"Polygon","arcs":[[4535,4536,4537]],"properties":{"anthrome":53}},{"type":"Polygon","arcs":[[4538,4539,4540]],"properties":{"anthrome":53}},{"type":"Polygon","arcs":[[4541]],"properties":{"anthrome":62}},{"type":"Polygon","arcs":[[4542]],"properties":{"anthrome":62}},{"type":"Polygon","arcs":[[4543]],"properties":{"anthrome":51}},{"type":"Polygon","arcs":[[4544,4545]],"properties":{"anthrome":32}},{"type":"Polygon","arcs":[[4546,4547]],"properties":{"anthrome":61}},{"type":"Polygon","arcs":[[4548,4549,4550,-4487,4551,4552]],"properties":{"anthrome":54}},{"type":"Polygon","arcs":[[4553,4554]],"properties":{"anthrome":62}},{"type":"Polygon","arcs":[[4555]],"properties":{"anthrome":62}},{"type":"Polygon","arcs":[[4556,4557]],"properties":{"anthrome":62}},{"type":"Polygon","arcs":[[4558]],"properties":{"anthrome":62}},{"type":"Polygon","arcs":[[4559,4560,4561,4562]],"properties":{"anthrome":54}},{"type":"Polygon","arcs":[[4563]],"properties":{"anthrome":53}},{"type":"Polygon","arcs":[[4564,4565,4566]],"properties":{"anthrome":32}},{"type":"Polygon","arcs":[[4567]],"properties":{"anthrome":52}},{"type":"Polygon","arcs":[[4568,4569,4570]],"properties":{"anthrome":54}},{"type":"Polygon","arcs":[[4571]],"properties":{"anthrome":61}},{"type":"Polygon","arcs":[[4572,4573]],"properties":{"anthrome":53}},{"type":"Polygon","arcs":[[4574,4575,4576]],"properties":{"anthrome":52}},{"type":"Polygon","arcs":[[4577,4578,-4575]],"properties":{"anthrome":61}},{"type":"Polygon","arcs":[[4579]],"properties":{"anthrome":62}},{"type":"Polygon","arcs":[[4580]],"properties":{"anthrome":62}},{"type":"Polygon","arcs":[[4581]],"properties":{"anthrome":62}},{"type":"Polygon","arcs":[[4582,4583,4584]],"properties":{"anthrome":61}},{"type":"Polygon","arcs":[[4585]],"properties":{"anthrome":61}},{"type":"Polygon","arcs":[[4586,4587]],"properties":{"anthrome":62}},{"type":"Polygon","arcs":[[4588,4589,4590,4591,-4566]],"properties":{"anthrome":54}},{"type":"Polygon","arcs":[[4592,4593,-4590]],"properties":{"anthrome":52}},{"type":"Polygon","arcs":[[4594,4595,4596,4597]],"properties":{"anthrome":53}},{"type":"Polygon","arcs":[[4598,4599,4600]],"properties":{"anthrome":53}},{"type":"Polygon","arcs":[[4601,4602,4603,4604]],"properties":{"anthrome":53}},{"type":"Polygon","arcs":[[4605]],"properties":{"anthrome":53}},{"type":"Polygon","arcs":[[4606,4607]],"properties":{"anthrome":61}},{"type":"Polygon","arcs":[[4608,4609]],"properties":{"anthrome":61}},{"type":"Polygon","arcs":[[4610]],"properties":{"anthrome":51}},{"type":"Polygon","arcs":[[4611,4612]],"properties":{"anthrome":32}},{"type":"Polygon","arcs":[[4613,4614]],"properties":{"anthrome":61}},{"type":"Polygon","arcs":[[4615,4616]],"properties":{"anthrome":52}},{"type":"Polygon","arcs":[[4617]],"properties":{"anthrome":62}},{"type":"Polygon","arcs":[[4618]],"properties":{"anthrome":62}},{"type":"Polygon","arcs":[[4619]],"properties":{"anthrome":62}},{"type":"Polygon","arcs":[[-4592,4620]],"properties":{"anthrome":32}},{"type":"Polygon","arcs":[[4621,4622]],"properties":{"anthrome":61}},{"type":"Polygon","arcs":[[4623]],"properties":{"anthrome":53}},{"type":"Polygon","arcs":[[4624]],"properties":{"anthrome":62}},{"type":"Polygon","arcs":[[4625,4626,-4512,4627,4628,4629,4630]],"properties":{"anthrome":52}},{"type":"Polygon","arcs":[[4631,4632,4633,4634]],"properties":{"anthrome":54}},{"type":"Polygon","arcs":[[4635,4636,4637,4638]],"properties":{"anthrome":61}},{"type":"Polygon","arcs":[[4639]],"properties":{"anthrome":53}},{"type":"Polygon","arcs":[[4640]],"properties":{"anthrome":62}},{"type":"Polygon","arcs":[[4641,4642,4643,4644]],"properties":{"anthrome":53}},{"type":"Polygon","arcs":[[4645,4646,4647]],"properties":{"anthrome":61}},{"type":"Polygon","arcs":[[4648]],"properties":{"anthrome":32}},{"type":"Polygon","arcs":[[4649]],"properties":{"anthrome":33}},{"type":"Polygon","arcs":[[4650,4651]],"properties":{"anthrome":51}},{"type":"Polygon","arcs":[[4652,4653]],"properties":{"anthrome":61}},{"type":"Polygon","arcs":[[4654,4655,-4653]],"properties":{"anthrome":53}},{"type":"Polygon","arcs":[[4656,-4616,4657,4658]],"properties":{"anthrome":53}},{"type":"Polygon","arcs":[[4659,4660]],"properties":{"anthrome":63}},{"type":"Polygon","arcs":[[4661]],"properties":{"anthrome":62}},{"type":"Polygon","arcs":[[4662,4663,4664,4665]],"properties":{"anthrome":32}},{"type":"Polygon","arcs":[[4666,4667,4668,-4664]],"properties":{"anthrome":51}},{"type":"Polygon","arcs":[[4669,4670]],"properties":{"anthrome":54}},{"type":"Polygon","arcs":[[4671,4672,-4629]],"properties":{"anthrome":61}},{"type":"Polygon","arcs":[[4673,4674,-4672]],"properties":{"anthrome":52}},{"type":"Polygon","arcs":[[4675,4676]],"properties":{"anthrome":53}},{"type":"Polygon","arcs":[[4677,-4291,-4314,4678,4679,4680,-4538,-4605,4681,4682,-4632,4683,4684,4685,4686,4687,4688,4689,4690,4691,-4310,4692]],"properties":{"anthrome":61}},{"type":"Polygon","arcs":[[4693,4694,4695,4696,4697],[-4640]],"properties":{"anthrome":61}},{"type":"Polygon","arcs":[[4698]],"properties":{"anthrome":53}},{"type":"Polygon","arcs":[[4699]],"properties":{"anthrome":62}},{"type":"Polygon","arcs":[[4700,4701,4702,4703,4704,-4561]],"properties":{"anthrome":62}},{"type":"Polygon","arcs":[[4705,4706]],"properties":{"anthrome":61}},{"type":"Polygon","arcs":[[-4686,4707,4708]],"properties":{"anthrome":53}},{"type":"Polygon","arcs":[[4709,4710,4711,4712]],"properties":{"anthrome":53}},{"type":"Polygon","arcs":[[-4644,4713]],"properties":{"anthrome":54}},{"type":"Polygon","arcs":[[4714]],"properties":{"anthrome":61}},{"type":"Polygon","arcs":[[4715]],"properties":{"anthrome":61}},{"type":"Polygon","arcs":[[4716,4717]],"properties":{"anthrome":62}},{"type":"Polygon","arcs":[[4718,4719,4720,-4717]],"properties":{"anthrome":51}},{"type":"Polygon","arcs":[[4721,4722,-4720]],"properties":{"anthrome":52}},{"type":"Polygon","arcs":[[4723,4724,4725]],"properties":{"anthrome":61}},{"type":"Polygon","arcs":[[4726,-4724]],"properties":{"anthrome":32}},{"type":"Polygon","arcs":[[4727,4728]],"properties":{"anthrome":32}},{"type":"Polygon","arcs":[[4729,4730]],"properties":{"anthrome":51}},{"type":"Polygon","arcs":[[4731]],"properties":{"anthrome":51}},{"type":"Polygon","arcs":[[4732,4733]],"properties":{"anthrome":61}},{"type":"Polygon","arcs":[[4734]],"properties":{"anthrome":62}},{"type":"Polygon","arcs":[[4735,4736,4737,4738]],"properties":{"anthrome":62}},{"type":"Polygon","arcs":[[4739,4740,4741,4742]],"properties":{"anthrome":62}},{"type":"Polygon","arcs":[[4743,4744,4745,-4741]],"properties":{"anthrome":54}},{"type":"Polygon","arcs":[[4746,4747,4748]],"properties":{"anthrome":51}},{"type":"Polygon","arcs":[[4749]],"properties":{"anthrome":61}},{"type":"Polygon","arcs":[[4750,4751]],"properties":{"anthrome":61}},{"type":"Polygon","arcs":[[4752,4753,4754,4755,4756,4757]],"properties":{"anthrome":53}},{"type":"Polygon","arcs":[[4758,4759]],"properties":{"anthrome":62}},{"type":"Polygon","arcs":[[4760,4761]],"properties":{"anthrome":61}},{"type":"Polygon","arcs":[[4762]],"properties":{"anthrome":32}},{"type":"Polygon","arcs":[[4763]],"properties":{"anthrome":53}},{"type":"Polygon","arcs":[[4764,-4739,4765,4766]],"properties":{"anthrome":53}},{"type":"Polygon","arcs":[[4767,4768,4769,4770,4771]],"properties":{"anthrome":62}},{"type":"Polygon","arcs":[[4772,4773,4774,-4769]],"properties":{"anthrome":54}},{"type":"Polygon","arcs":[[4775,4776,4777]],"properties":{"anthrome":54}},{"type":"Polygon","arcs":[[4778,4779]],"properties":{"anthrome":62}},{"type":"Polygon","arcs":[[4780,4781,4782,4783]],"properties":{"anthrome":62}},{"type":"Polygon","arcs":[[4784,4785]],"properties":{"anthrome":61}},{"type":"Polygon","arcs":[[4786]],"properties":{"anthrome":61}},{"type":"Polygon","arcs":[[4787]],"properties":{"anthrome":61}},{"type":"Polygon","arcs":[[4788,4789,4790]],"properties":{"anthrome":52}},{"type":"Polygon","arcs":[[-4725,4791,4792]],"properties":{"anthrome":51}},{"type":"Polygon","arcs":[[4793,4794,4795,4796]],"properties":{"anthrome":51}},{"type":"Polygon","arcs":[[4797]],"properties":{"anthrome":51}},{"type":"Polygon","arcs":[[4798,4799,4800]],"properties":{"anthrome":33}},{"type":"Polygon","arcs":[[4801,4802,4803]],"properties":{"anthrome":51}},{"type":"Polygon","arcs":[[4804]],"properties":{"anthrome":54}},{"type":"Polygon","arcs":[[-4756,4805]],"properties":{"anthrome":61}},{"type":"Polygon","arcs":[[4806,-4754]],"properties":{"anthrome":52}},{"type":"Polygon","arcs":[[4807,4808]],"properties":{"anthrome":62}},{"type":"Polygon","arcs":[[4809]],"properties":{"anthrome":62}},{"type":"Polygon","arcs":[[4810,4811,4812,4813]],"properties":{"anthrome":51}},{"type":"Polygon","arcs":[[4814]],"properties":{"anthrome":61}},{"type":"Polygon","arcs":[[4815,4816,4817]],"properties":{"anthrome":61}},{"type":"Polygon","arcs":[[4818]],"properties":{"anthrome":61}},{"type":"Polygon","arcs":[[4819,4820,-4379,4821,-4689,-4595,4822,-4698,-4697,4823,4824,4825,4826,4827,4828,-4185,-4135,4829]],"properties":{"anthrome":54}},{"type":"Polygon","arcs":[[4830,4831,4832,4833,-4634,4834]],"properties":{"anthrome":62}},{"type":"Polygon","arcs":[[4835,4836,4837,4838,4839,4840,4841]],"properties":{"anthrome":42}},{"type":"Polygon","arcs":[[4842,-4623,4843,4844,4845,4846,4847,4848,-4674,-4628]],"properties":{"anthrome":53}},{"type":"Polygon","arcs":[[-4712,4849,4850,4851]],"properties":{"anthrome":61}},{"type":"Polygon","arcs":[[4852,-4850]],"properties":{"anthrome":53}},{"type":"Polygon","arcs":[[4853,4854,4855]],"properties":{"anthrome":52}},{"type":"Polygon","arcs":[[-4841,4856,4857,4858]],"properties":{"anthrome":52}},{"type":"Polygon","arcs":[[4859]],"properties":{"anthrome":53}},{"type":"Polygon","arcs":[[-4847,4860,4861]],"properties":{"anthrome":52}},{"type":"Polygon","arcs":[[4862,4863]],"properties":{"anthrome":62}},{"type":"Polygon","arcs":[[4864,4865,4866,4867]],"properties":{"anthrome":61}},{"type":"Polygon","arcs":[[4868,4869,4870,-4866]],"properties":{"anthrome":54}},{"type":"Polygon","arcs":[[4871,4872]],"properties":{"anthrome":62}},{"type":"Polygon","arcs":[[4873,4874]],"properties":{"anthrome":33}},{"type":"Polygon","arcs":[[4875,4876]],"properties":{"anthrome":51}},{"type":"Polygon","arcs":[[4877,4878]],"properties":{"anthrome":33}},{"type":"Polygon","arcs":[[4879,4880,4881]],"properties":{"anthrome":54}},{"type":"Polygon","arcs":[[-4839,4882,4883]],"properties":{"anthrome":54}},{"type":"Polygon","arcs":[[4884,4885,-4837]],"properties":{"anthrome":43}},{"type":"Polygon","arcs":[[4886,4887,4888,4889]],"properties":{"anthrome":51}},{"type":"Polygon","arcs":[[-4807,4890,4891]],"properties":{"anthrome":33}},{"type":"Polygon","arcs":[[4892,4893,4894,-4891]],"properties":{"anthrome":52}},{"type":"Polygon","arcs":[[4895,4896,4897]],"properties":{"anthrome":62}},{"type":"Polygon","arcs":[[4898]],"properties":{"anthrome":62}},{"type":"Polygon","arcs":[[4899]],"properties":{"anthrome":54}},{"type":"Polygon","arcs":[[4900,4901,4902,4903]],"properties":{"anthrome":32}},{"type":"Polygon","arcs":[[4904,4905]],"properties":{"anthrome":61}},{"type":"Polygon","arcs":[[4906,-4826,4907,4908,4909,4910]],"properties":{"anthrome":61}},{"type":"Polygon","arcs":[[-4868,4911,4912,4913]],"properties":{"anthrome":54}},{"type":"Polygon","arcs":[[4914,4915,4916,4917]],"properties":{"anthrome":61}},{"type":"Polygon","arcs":[[4918,4919,4920]],"properties":{"anthrome":61}},{"type":"Polygon","arcs":[[4921,-4872,4922,4923,4924]],"properties":{"anthrome":54}},{"type":"Polygon","arcs":[[-4800,-4877,4925,4926,4927]],"properties":{"anthrome":61}},{"type":"Polygon","arcs":[[4928]],"properties":{"anthrome":54}},{"type":"Polygon","arcs":[[4929,-4752,4930,4931,-4845]],"properties":{"anthrome":52}},{"type":"Polygon","arcs":[[4932]],"properties":{"anthrome":61}},{"type":"Polygon","arcs":[[4933,-4910]],"properties":{"anthrome":53}},{"type":"Polygon","arcs":[[4934,-4541,4935,4936,4937,4938,-4784,-4914,4939,4940,-4853,-4711,4941,4942,-4603,4943,4944],[-4606]],"properties":{"anthrome":61}},{"type":"Polygon","arcs":[[4945]],"properties":{"anthrome":61}},{"type":"Polygon","arcs":[[4946,4947]],"properties":{"anthrome":33}},{"type":"Polygon","arcs":[[-4838,4948,4949]],"properties":{"anthrome":33}},{"type":"Polygon","arcs":[[-4886,4950,4951,-4949]],"properties":{"anthrome":42}},{"type":"Polygon","arcs":[[4952,-4951]],"properties":{"anthrome":53}},{"type":"Polygon","arcs":[[-4889,4953,4954,4955]],"properties":{"anthrome":62}},{"type":"Polygon","arcs":[[4956,4957]],"properties":{"anthrome":33}},{"type":"Polygon","arcs":[[4958,4959,4960,4961]],"properties":{"anthrome":53}},{"type":"Polygon","arcs":[[4962,4963,-4960]],"properties":{"anthrome":43}},{"type":"Polygon","arcs":[[4964,4965]],"properties":{"anthrome":61}},{"type":"Polygon","arcs":[[4966,4967]],"properties":{"anthrome":62}},{"type":"Polygon","arcs":[[4968,4969,4970]],"properties":{"anthrome":52}},{"type":"Polygon","arcs":[[4971,4972,4973,4974]],"properties":{"anthrome":54}},{"type":"Polygon","arcs":[[4975,4976,4977,-4973]],"properties":{"anthrome":62}},{"type":"Polygon","arcs":[[4978,4979,4980,4981]],"properties":{"anthrome":62}},{"type":"Polygon","arcs":[[4982,4983,4984]],"properties":{"anthrome":52}},{"type":"Polygon","arcs":[[4985,4986,4987,4988]],"properties":{"anthrome":51}},{"type":"Polygon","arcs":[[-3926,4989,-4105,4990,-4518,-4517,4991,4992,4993,4994,-4671,4995,-4668,-4594,4996,-4501,4997,-4335,4998,-4210,4999,5000,5001,-3833],[-4102],[-4160],[5002,5003,-4340,5004,-4275,-4339,-4506,5005,-4283,5006,5007,-4531,5008,-4571,5009,-4523,5010,-4279,-4288],[-4568],[-4572],[-4750]],"properties":{"anthrome":53}},{"type":"Polygon","arcs":[[5011]],"properties":{"anthrome":61}},{"type":"Polygon","arcs":[[-4861,5012,5013,5014]],"properties":{"anthrome":54}},{"type":"Polygon","arcs":[[-4932,5015,5016]],"properties":{"anthrome":61}},{"type":"Polygon","arcs":[[5017]],"properties":{"anthrome":53}},{"type":"Polygon","arcs":[[5018,-3616,5019,-3570,5020,5021,-3827,5022,5023,-4101,5024,-4081,5025,-4049,-3832,-3602,5026,5027,5028,5029,5030,-4134,5031,5032,5033,-4306,5034,5035,5036,-4982,5037,-4977,5038,-4975,5039,5040,5041,5042,5043,5044,5045,5046,5047,5048,5049,-4563,5050,5051,-3558,5052,-3554,5053,5054,-3551,5055,-3524,-3467,5056],[-4047],[-4050],[-4098],[-4181],[-4148,5057,-4150,5058],[-4152],[5059,-4236,5060,-4182],[-4153],[-4234],[-4254],[-4334],[-4772,-4771,5061,-4774,5062]],"properties":{"anthrome":43}},{"type":"Polygon","arcs":[[5063,5064]],"properties":{"anthrome":62}},{"type":"Polygon","arcs":[[5065,5066,5067,5068,-4926]],"properties":{"anthrome":54}},{"type":"Polygon","arcs":[[-4846,5069,5070,-5013]],"properties":{"anthrome":52}},{"type":"Polygon","arcs":[[5071,5072,5073,5074]],"properties":{"anthrome":54}},{"type":"Polygon","arcs":[[5075,5076]],"properties":{"anthrome":54}},{"type":"Polygon","arcs":[[5077]],"properties":{"anthrome":62}},{"type":"Polygon","arcs":[[5078]],"properties":{"anthrome":61}},{"type":"Polygon","arcs":[[5079,5080]],"properties":{"anthrome":61}},{"type":"Polygon","arcs":[[5081,5082,5083,5084]],"properties":{"anthrome":51}},{"type":"Polygon","arcs":[[-4924,5085,5086,5087]],"properties":{"anthrome":62}},{"type":"Polygon","arcs":[[5088,5089]],"properties":{"anthrome":33}},{"type":"Polygon","arcs":[[-5068,5090]],"properties":{"anthrome":33}},{"type":"Polygon","arcs":[[5091,5092,5093,5094]],"properties":{"anthrome":33}},{"type":"Polygon","arcs":[[5095,5096]],"properties":{"anthrome":33}},{"type":"Polygon","arcs":[[-4660,5097,5098,5099,5100,5101,-4963,5102,5103,5104]],"properties":{"anthrome":53}},{"type":"Polygon","arcs":[[-4970,5105,5106,5107]],"properties":{"anthrome":63}},{"type":"Polygon","arcs":[[5108,5109,5110,-5106]],"properties":{"anthrome":62}},{"type":"Polygon","arcs":[[5111,5112,5113,-5110]],"properties":{"anthrome":63}},{"type":"Polygon","arcs":[[5114]],"properties":{"anthrome":54}},{"type":"Polygon","arcs":[[5115,5116,5117,-5041]],"properties":{"anthrome":62}},{"type":"Polygon","arcs":[[5118,5119,5120]],"properties":{"anthrome":53}},{"type":"Polygon","arcs":[[5121]],"properties":{"anthrome":52}},{"type":"Polygon","arcs":[[5122,5123]],"properties":{"anthrome":53}},{"type":"Polygon","arcs":[[5124,-4601,5125,5126,-4780,5127,-4832,-4943,5128,5129,-4864,5130,5131,5132,5133]],"properties":{"anthrome":54}},{"type":"Polygon","arcs":[[-4818,5134,5135,5136,5137,-4905,5138]],"properties":{"anthrome":53}},{"type":"Polygon","arcs":[[5139,5140,5141,5142,-5093]],"properties":{"anthrome":61}},{"type":"Polygon","arcs":[[-5137,5143]],"properties":{"anthrome":61}},{"type":"Polygon","arcs":[[5144,5145]],"properties":{"anthrome":53}},{"type":"Polygon","arcs":[[5146]],"properties":{"anthrome":61}},{"type":"Polygon","arcs":[[5147,5148,5149,5150,5151,-5073]],"properties":{"anthrome":62}},{"type":"Polygon","arcs":[[5152]],"properties":{"anthrome":61}},{"type":"Polygon","arcs":[[-5087,5153,5154]],"properties":{"anthrome":32}},{"type":"Polygon","arcs":[[5155,5156,5157,5158]],"properties":{"anthrome":52}},{"type":"Polygon","arcs":[[-5067,5159]],"properties":{"anthrome":31}},{"type":"Polygon","arcs":[[5160]],"properties":{"anthrome":61}},{"type":"Polygon","arcs":[[5161,5162,5163,5164]],"properties":{"anthrome":32}},{"type":"Polygon","arcs":[[5165,5166,5167,-5163]],"properties":{"anthrome":41}},{"type":"Polygon","arcs":[[5168,5169,5170]],"properties":{"anthrome":32}},{"type":"Polygon","arcs":[[5171,5172,5173,5174]],"properties":{"anthrome":32}},{"type":"Polygon","arcs":[[5175,5176,5177,-5173]],"properties":{"anthrome":33}},{"type":"Polygon","arcs":[[5178,-5177]],"properties":{"anthrome":43}},{"type":"Polygon","arcs":[[5179,5180,5181,5182]],"properties":{"anthrome":52}},{"type":"Polygon","arcs":[[5183,5184,5185,-5181]],"properties":{"anthrome":33}},{"type":"Polygon","arcs":[[5186,5187]],"properties":{"anthrome":61}},{"type":"Polygon","arcs":[[5188,5189,5190]],"properties":{"anthrome":62}},{"type":"Polygon","arcs":[[5191]],"properties":{"anthrome":62}},{"type":"Polygon","arcs":[[5192]],"properties":{"anthrome":54}},{"type":"Polygon","arcs":[[5193,5194,5195]],"properties":{"anthrome":53}},{"type":"Polygon","arcs":[[5196,-4920,-5081,5197,5198]],"properties":{"anthrome":52}},{"type":"Polygon","arcs":[[5199,5200,5201,5202]],"properties":{"anthrome":33}},{"type":"Polygon","arcs":[[5203,5204,5205,5206]],"properties":{"anthrome":61}},{"type":"Polygon","arcs":[[5207,5208]],"properties":{"anthrome":54}},{"type":"Polygon","arcs":[[5209,5210,5211,5212]],"properties":{"anthrome":51}},{"type":"Polygon","arcs":[[5213,5214,5215,5216]],"properties":{"anthrome":51}},{"type":"Polygon","arcs":[[5217,5218,-5215,5219]],"properties":{"anthrome":54}},{"type":"Polygon","arcs":[[5220,5221]],"properties":{"anthrome":52}},{"type":"Polygon","arcs":[[-5188,5222,5223]],"properties":{"anthrome":52}},{"type":"Polygon","arcs":[[-5048,5224,-4742,5225,-4703,5226]],"properties":{"anthrome":54}},{"type":"Polygon","arcs":[[5227]],"properties":{"anthrome":54}},{"type":"Polygon","arcs":[[5228]],"properties":{"anthrome":32}},{"type":"Polygon","arcs":[[5229]],"properties":{"anthrome":54}},{"type":"Polygon","arcs":[[5230]],"properties":{"anthrome":54}},{"type":"Polygon","arcs":[[5231,5232,5233]],"properties":{"anthrome":54}},{"type":"Polygon","arcs":[[5234,5235,5236,5237]],"properties":{"anthrome":61}},{"type":"Polygon","arcs":[[-5158,5238,5239]],"properties":{"anthrome":33}},{"type":"Polygon","arcs":[[5240,5241,5242]],"properties":{"anthrome":51}},{"type":"Polygon","arcs":[[5243]],"properties":{"anthrome":33}},{"type":"Polygon","arcs":[[5244,5245,5246]],"properties":{"anthrome":51}},{"type":"Polygon","arcs":[[5247,5248,5249,5250]],"properties":{"anthrome":32}},{"type":"Polygon","arcs":[[5251,5252,-5249]],"properties":{"anthrome":51}},{"type":"Polygon","arcs":[[5253]],"properties":{"anthrome":51}},{"type":"Polygon","arcs":[[5254,5255,5256]],"properties":{"anthrome":32}},{"type":"Polygon","arcs":[[5257,5258,5259,5260]],"properties":{"anthrome":32}},{"type":"Polygon","arcs":[[5261,5262,5263,-5259]],"properties":{"anthrome":43}},{"type":"Polygon","arcs":[[5264,5265]],"properties":{"anthrome":32}},{"type":"Polygon","arcs":[[5266,5267,5268]],"properties":{"anthrome":63}},{"type":"Polygon","arcs":[[5269]],"properties":{"anthrome":62}},{"type":"Polygon","arcs":[[5270]],"properties":{"anthrome":54}},{"type":"Polygon","arcs":[[5271]],"properties":{"anthrome":51}},{"type":"Polygon","arcs":[[5272]],"properties":{"anthrome":53}},{"type":"Polygon","arcs":[[-4897,-4966,5273,5274,5275]],"properties":{"anthrome":53}},{"type":"Polygon","arcs":[[5276]],"properties":{"anthrome":52}},{"type":"Polygon","arcs":[[5277,5278]],"properties":{"anthrome":54}},{"type":"Polygon","arcs":[[5279,-5266,5280,5281,5282,5283,5284,5285,5286,-5263]],"properties":{"anthrome":51}},{"type":"Polygon","arcs":[[5287]],"properties":{"anthrome":53}},{"type":"Polygon","arcs":[[5288]],"properties":{"anthrome":54}},{"type":"Polygon","arcs":[[5289,5290,5291,5292]],"properties":{"anthrome":54}},{"type":"Polygon","arcs":[[5293,5294,5295,-5291]],"properties":{"anthrome":61}},{"type":"Polygon","arcs":[[5296]],"properties":{"anthrome":52}},{"type":"Polygon","arcs":[[-5242,5297,5298]],"properties":{"anthrome":12}},{"type":"Polygon","arcs":[[5299,5300]],"properties":{"anthrome":33}},{"type":"Polygon","arcs":[[5301]],"properties":{"anthrome":51}},{"type":"Polygon","arcs":[[5302,5303,5304]],"properties":{"anthrome":62}},{"type":"Polygon","arcs":[[-5250,5305,5306]],"properties":{"anthrome":51}},{"type":"Polygon","arcs":[[5307,-5286,5308,5309]],"properties":{"anthrome":52}},{"type":"Polygon","arcs":[[5310,5311,5312]],"properties":{"anthrome":53}},{"type":"Polygon","arcs":[[5313]],"properties":{"anthrome":32}},{"type":"Polygon","arcs":[[5314]],"properties":{"anthrome":53}},{"type":"Polygon","arcs":[[5315,5316]],"properties":{"anthrome":52}},{"type":"Polygon","arcs":[[5317,5318,-5202,5319,5320,5321,-5085,5322,5323,5324,5325,5326,5327,-4795]],"properties":{"anthrome":54}},{"type":"Polygon","arcs":[[5328,-4962,5329,5330,5331,5332,5333,5334,-5282,5335,-4957]],"properties":{"anthrome":52}},{"type":"Polygon","arcs":[[5336,5337,5338,5339,5340,-5150,5341]],"properties":{"anthrome":54}},{"type":"Polygon","arcs":[[5342,5343,5344,5345]],"properties":{"anthrome":54}},{"type":"Polygon","arcs":[[-5340,5346,5347,5348]],"properties":{"anthrome":61}},{"type":"Polygon","arcs":[[5349,5350,5351,5352]],"properties":{"anthrome":61}},{"type":"Polygon","arcs":[[5353,5354,5355,5356,5357,5358,5359,-5256]],"properties":{"anthrome":51}},{"type":"Polygon","arcs":[[5360,5361]],"properties":{"anthrome":62}},{"type":"Polygon","arcs":[[5362,5363,-5351]],"properties":{"anthrome":54}},{"type":"Polygon","arcs":[[5364,5365]],"properties":{"anthrome":32}},{"type":"Polygon","arcs":[[5366,5367,5368]],"properties":{"anthrome":53}},{"type":"Polygon","arcs":[[5369,5370,5371,5372]],"properties":{"anthrome":33}},{"type":"Polygon","arcs":[[5373,5374,5375]],"properties":{"anthrome":42}},{"type":"Polygon","arcs":[[-5359,5376,-5374]],"properties":{"anthrome":52}},{"type":"Polygon","arcs":[[5377,5378]],"properties":{"anthrome":32}},{"type":"Polygon","arcs":[[5379,5380]],"properties":{"anthrome":52}},{"type":"Polygon","arcs":[[5381]],"properties":{"anthrome":62}},{"type":"Polygon","arcs":[[5382]],"properties":{"anthrome":54}},{"type":"Polygon","arcs":[[5383]],"properties":{"anthrome":54}},{"type":"Polygon","arcs":[[5384,5385,5386,5387,5388,-5317,5389,5390,5391,5392,5393,5394]],"properties":{"anthrome":51}},{"type":"Polygon","arcs":[[5395]],"properties":{"anthrome":51}},{"type":"Polygon","arcs":[[-4851,5396,5397,5398,5399,-5131]],"properties":{"anthrome":53}},{"type":"Polygon","arcs":[[5400,-5327,5401,-5366,5402,5403,5404,5405]],"properties":{"anthrome":52}},{"type":"Polygon","arcs":[[5406,5407,5408,5409,5410,5411,5412]],"properties":{"anthrome":51}},{"type":"Polygon","arcs":[[5413,-5097,-5175,5414,5415,-5376,5416,-5371,5417,5418,5419,5420,-5408,5421,5422,-5306,-5253,-5170,5423,5424,-5218],[-5254]],"properties":{"anthrome":52}},{"type":"Polygon","arcs":[[5425]],"properties":{"anthrome":54}},{"type":"Polygon","arcs":[[5426,-5411,5427,5428,5429,5430,5431]],"properties":{"anthrome":32}},{"type":"Polygon","arcs":[[5432]],"properties":{"anthrome":54}},{"type":"Polygon","arcs":[[5433,5434]],"properties":{"anthrome":51}},{"type":"Polygon","arcs":[[5435,5436]],"properties":{"anthrome":61}},{"type":"Polygon","arcs":[[5437,5438,5439,5440]],"properties":{"anthrome":61}},{"type":"Polygon","arcs":[[5441,5442,5443,-5439]],"properties":{"anthrome":54}},{"type":"Polygon","arcs":[[5444,5445,5446,-5404]],"properties":{"anthrome":54}},{"type":"Polygon","arcs":[[5447,5448,-5446]],"properties":{"anthrome":32}},{"type":"Polygon","arcs":[[5449,5450]],"properties":{"anthrome":61}},{"type":"Polygon","arcs":[[5451,5452]],"properties":{"anthrome":33}},{"type":"Polygon","arcs":[[5453,5454,5455,-5344]],"properties":{"anthrome":51}},{"type":"Polygon","arcs":[[5456,5457,5458]],"properties":{"anthrome":51}},{"type":"Polygon","arcs":[[5459]],"properties":{"anthrome":61}},{"type":"Polygon","arcs":[[5460,5461,5462]],"properties":{"anthrome":43}},{"type":"Polygon","arcs":[[5463,5464,5465,-5462]],"properties":{"anthrome":33}},{"type":"Polygon","arcs":[[-5410,5466]],"properties":{"anthrome":52}},{"type":"Polygon","arcs":[[5467]],"properties":{"anthrome":62}},{"type":"Polygon","arcs":[[5468,5469,5470]],"properties":{"anthrome":32}},{"type":"Polygon","arcs":[[5471,5472,5473]],"properties":{"anthrome":51}},{"type":"Polygon","arcs":[[5474,5475,5476,5477]],"properties":{"anthrome":52}},{"type":"Polygon","arcs":[[5478]],"properties":{"anthrome":54}},{"type":"Polygon","arcs":[[5479,5480,5481,5482,5483]],"properties":{"anthrome":52}},{"type":"Polygon","arcs":[[-5428,-5467,5484,5485,5486]],"properties":{"anthrome":51}},{"type":"Polygon","arcs":[[5487,5488,5489,5490]],"properties":{"anthrome":32}},{"type":"Polygon","arcs":[[5491,5492,5493]],"properties":{"anthrome":61}},{"type":"Polygon","arcs":[[-5447,5494,5495]],"properties":{"anthrome":32}},{"type":"Polygon","arcs":[[5496]],"properties":{"anthrome":32}},{"type":"Polygon","arcs":[[5497,5498,-5482]],"properties":{"anthrome":54}},{"type":"Polygon","arcs":[[-5458,5499,5500]],"properties":{"anthrome":61}},{"type":"Polygon","arcs":[[5501,5502]],"properties":{"anthrome":51}},{"type":"Polygon","arcs":[[5503,5504,5505,5506]],"properties":{"anthrome":42}},{"type":"Polygon","arcs":[[-5430,5507,5508,5509]],"properties":{"anthrome":42}},{"type":"Polygon","arcs":[[5510,5511,5512,-5485]],"properties":{"anthrome":32}},{"type":"Polygon","arcs":[[-5477,5513,5514]],"properties":{"anthrome":53}},{"type":"Polygon","arcs":[[5515]],"properties":{"anthrome":32}},{"type":"Polygon","arcs":[[5516,5517]],"properties":{"anthrome":51}},{"type":"Polygon","arcs":[[5518,5519,-5517]],"properties":{"anthrome":32}},{"type":"Polygon","arcs":[[5520,5521,5522]],"properties":{"anthrome":51}},{"type":"Polygon","arcs":[[5523,5524]],"properties":{"anthrome":61}},{"type":"Polygon","arcs":[[5525,-4928,-5089,5526,-5480,5527,5528,5529,5530,5531,5532,-5156,-5064,-4874]],"properties":{"anthrome":54}},{"type":"Polygon","arcs":[[5533,-5338,5534,5535,5536,-5348]],"properties":{"anthrome":53}},{"type":"Polygon","arcs":[[5537,5538,-5518,5539,5540,5541,5542]],"properties":{"anthrome":32}},{"type":"Polygon","arcs":[[5543,5544,5545]],"properties":{"anthrome":54}},{"type":"Polygon","arcs":[[5546,5547,5548]],"properties":{"anthrome":33}},{"type":"Polygon","arcs":[[5549,5550,5551,5552]],"properties":{"anthrome":61}},{"type":"Polygon","arcs":[[5553,-5523,5554,5555,-5551]],"properties":{"anthrome":32}},{"type":"Polygon","arcs":[[5556,5557,-5536]],"properties":{"anthrome":61}},{"type":"Polygon","arcs":[[5558,5559,5560,-5557]],"properties":{"anthrome":53}},{"type":"Polygon","arcs":[[5561,5562,5563]],"properties":{"anthrome":61}},{"type":"Polygon","arcs":[[5564]],"properties":{"anthrome":53}},{"type":"Polygon","arcs":[[5565]],"properties":{"anthrome":52}},{"type":"Polygon","arcs":[[5566,5567,5568]],"properties":{"anthrome":54}},{"type":"Polygon","arcs":[[-5530,5569]],"properties":{"anthrome":33}},{"type":"Polygon","arcs":[[5570,5571,5572]],"properties":{"anthrome":61}},{"type":"Polygon","arcs":[[5573,5574]],"properties":{"anthrome":42}},{"type":"Polygon","arcs":[[-5506,5575,5576,5577]],"properties":{"anthrome":32}},{"type":"Polygon","arcs":[[5578,5579]],"properties":{"anthrome":62}},{"type":"Polygon","arcs":[[5580]],"properties":{"anthrome":63}},{"type":"Polygon","arcs":[[5581]],"properties":{"anthrome":63}},{"type":"Polygon","arcs":[[5582]],"properties":{"anthrome":62}},{"type":"Polygon","arcs":[[5583,5584,5585]],"properties":{"anthrome":32}},{"type":"Polygon","arcs":[[5586,5587]],"properties":{"anthrome":62}},{"type":"Polygon","arcs":[[5588,-5540]],"properties":{"anthrome":51}},{"type":"Polygon","arcs":[[5589,5590]],"properties":{"anthrome":51}},{"type":"Polygon","arcs":[[-4166,-4119,-4121,-4188,-4678,5591,-4830,-4168,5592,-4309,5593,5594,-4911,5595,-5206,-5349,5596,5597,-5437,-5494,5598,5599,-4706,5600,-4197,-4425,5601,-3360,5602,5603,5604,-3426,5605,-4420,-4419],[-3583],[-4020],[-4021],[-4137],[-4933],[-5147]],"properties":{"anthrome":53}},{"type":"Polygon","arcs":[[5606,5607,5608,5609,-5559,-5535]],"properties":{"anthrome":54}},{"type":"Polygon","arcs":[[5610,5611,5612]],"properties":{"anthrome":52}},{"type":"Polygon","arcs":[[5613,5614]],"properties":{"anthrome":42}},{"type":"Polygon","arcs":[[5615,5616,5617]],"properties":{"anthrome":52}},{"type":"Polygon","arcs":[[5618,5619,5620]],"properties":{"anthrome":53}},{"type":"Polygon","arcs":[[5621]],"properties":{"anthrome":62}},{"type":"Polygon","arcs":[[-5558,5622,5623]],"properties":{"anthrome":53}},{"type":"Polygon","arcs":[[-5561,5624,5625,-5623]],"properties":{"anthrome":61}},{"type":"Polygon","arcs":[[5626]],"properties":{"anthrome":61}},{"type":"Polygon","arcs":[[-5545,5627,5628,5629]],"properties":{"anthrome":61}},{"type":"Polygon","arcs":[[5630,5631,5632]],"properties":{"anthrome":54}},{"type":"Polygon","arcs":[[5633]],"properties":{"anthrome":62}},{"type":"Polygon","arcs":[[5634,5635]],"properties":{"anthrome":62}},{"type":"Polygon","arcs":[[5636]],"properties":{"anthrome":52}},{"type":"Polygon","arcs":[[-5568,5637]],"properties":{"anthrome":32}},{"type":"Polygon","arcs":[[5638]],"properties":{"anthrome":62}},{"type":"Polygon","arcs":[[5639,5640,5641]],"properties":{"anthrome":61}},{"type":"Polygon","arcs":[[5642,5643,5644,-5640]],"properties":{"anthrome":32}},{"type":"Polygon","arcs":[[5645]],"properties":{"anthrome":62}},{"type":"Polygon","arcs":[[5646]],"properties":{"anthrome":54}},{"type":"Polygon","arcs":[[5647]],"properties":{"anthrome":54}},{"type":"Polygon","arcs":[[5648,5649,5650]],"properties":{"anthrome":32}},{"type":"Polygon","arcs":[[5651,5652]],"properties":{"anthrome":51}},{"type":"Polygon","arcs":[[5653,5654,5655,5656,5657,5658,5659,5660],[-4900],[-5433]],"properties":{"anthrome":62}},{"type":"Polygon","arcs":[[5661,5662,5663,5664,5665,5666,-5300]],"properties":{"anthrome":54}},{"type":"Polygon","arcs":[[5667,5668]],"properties":{"anthrome":42}},{"type":"Polygon","arcs":[[5669,-5588,5670,5671,5672,5673,5674]],"properties":{"anthrome":54}},{"type":"Polygon","arcs":[[5675,5676]],"properties":{"anthrome":52}},{"type":"Polygon","arcs":[[5677,5678]],"properties":{"anthrome":51}},{"type":"Polygon","arcs":[[5679]],"properties":{"anthrome":54}},{"type":"Polygon","arcs":[[5680,5681,5682,5683]],"properties":{"anthrome":62}},{"type":"Polygon","arcs":[[5684,5685,5686,5687]],"properties":{"anthrome":54}},{"type":"Polygon","arcs":[[5688]],"properties":{"anthrome":61}},{"type":"Polygon","arcs":[[5689]],"properties":{"anthrome":52}},{"type":"Polygon","arcs":[[5690,5691]],"properties":{"anthrome":54}},{"type":"Polygon","arcs":[[5692,5693]],"properties":{"anthrome":54}},{"type":"Polygon","arcs":[[5694]],"properties":{"anthrome":32}},{"type":"Polygon","arcs":[[5695]],"properties":{"anthrome":62}},{"type":"Polygon","arcs":[[5696,5697]],"properties":{"anthrome":51}},{"type":"Polygon","arcs":[[5698]],"properties":{"anthrome":53}},{"type":"Polygon","arcs":[[5699,5700,-5688,5701,5702]],"properties":{"anthrome":61}},{"type":"Polygon","arcs":[[5703,-5398,5704,-5352,5705,5706,5707,5708,5709,5710,5711],[-5627]],"properties":{"anthrome":54}},{"type":"Polygon","arcs":[[-5626,5712,5713]],"properties":{"anthrome":53}},{"type":"Polygon","arcs":[[5714,5715]],"properties":{"anthrome":32}},{"type":"Polygon","arcs":[[5716,5717,5718]],"properties":{"anthrome":51}},{"type":"Polygon","arcs":[[5719,5720,5721]],"properties":{"anthrome":62}},{"type":"Polygon","arcs":[[5722,5723,5724]],"properties":{"anthrome":54}},{"type":"Polygon","arcs":[[5725]],"properties":{"anthrome":54}},{"type":"Polygon","arcs":[[-5710,5726]],"properties":{"anthrome":53}},{"type":"Polygon","arcs":[[5727]],"properties":{"anthrome":62}},{"type":"Polygon","arcs":[[5728,5729]],"properties":{"anthrome":32}},{"type":"Polygon","arcs":[[5730,5731,5732]],"properties":{"anthrome":32}},{"type":"Polygon","arcs":[[5733,-5664]],"properties":{"anthrome":42}},{"type":"Polygon","arcs":[[5734,5735,5736]],"properties":{"anthrome":32}},{"type":"Polygon","arcs":[[5737]],"properties":{"anthrome":33}},{"type":"Polygon","arcs":[[5738,5739,5740,5741]],"properties":{"anthrome":32}},{"type":"Polygon","arcs":[[5742,5743,5744,-5740]],"properties":{"anthrome":51}},{"type":"Polygon","arcs":[[5745,5746,5747,5748]],"properties":{"anthrome":32}},{"type":"Polygon","arcs":[[5749,5750,5751]],"properties":{"anthrome":32}},{"type":"Polygon","arcs":[[5752,5753]],"properties":{"anthrome":61}},{"type":"Polygon","arcs":[[5754,5755]],"properties":{"anthrome":61}},{"type":"Polygon","arcs":[[5756,5757]],"properties":{"anthrome":52}},{"type":"Polygon","arcs":[[-5676,5758,5759]],"properties":{"anthrome":61}},{"type":"Polygon","arcs":[[-5609,5760,5761,5762,5763,5764,-5713]],"properties":{"anthrome":61}},{"type":"Polygon","arcs":[[5765,5766,5767,5768,-5686]],"properties":{"anthrome":53}},{"type":"Polygon","arcs":[[-5727,5769]],"properties":{"anthrome":54}},{"type":"Polygon","arcs":[[5770,5771,5772]],"properties":{"anthrome":41}},{"type":"Polygon","arcs":[[5773,-5737,5774,5775,5776]],"properties":{"anthrome":52}},{"type":"Polygon","arcs":[[5777,5778,5779,5780]],"properties":{"anthrome":32}},{"type":"Polygon","arcs":[[5781,5782,5783,5784]],"properties":{"anthrome":54}},{"type":"Polygon","arcs":[[-5721,5785,5786]],"properties":{"anthrome":54}},{"type":"Polygon","arcs":[[5787,5788,5789,-5786]],"properties":{"anthrome":53}},{"type":"Polygon","arcs":[[-5765,5790,5791]],"properties":{"anthrome":53}},{"type":"Polygon","arcs":[[5792,5793,5794]],"properties":{"anthrome":61}},{"type":"Polygon","arcs":[[5795,-5767]],"properties":{"anthrome":54}},{"type":"Polygon","arcs":[[5796]],"properties":{"anthrome":61}},{"type":"Polygon","arcs":[[5797]],"properties":{"anthrome":62}},{"type":"Polygon","arcs":[[5798,5799]],"properties":{"anthrome":52}},{"type":"Polygon","arcs":[[5800,5801]],"properties":{"anthrome":62}},{"type":"Polygon","arcs":[[5802,5803]],"properties":{"anthrome":62}},{"type":"Polygon","arcs":[[5804,5805,5806,5807]],"properties":{"anthrome":54}},{"type":"Polygon","arcs":[[5808,5809,-5806]],"properties":{"anthrome":61}},{"type":"Polygon","arcs":[[5810,5811]],"properties":{"anthrome":33}},{"type":"Polygon","arcs":[[5812,5813]],"properties":{"anthrome":42}},{"type":"Polygon","arcs":[[5814]],"properties":{"anthrome":54}},{"type":"Polygon","arcs":[[5815,5816]],"properties":{"anthrome":54}},{"type":"Polygon","arcs":[[5817,5818,5819]],"properties":{"anthrome":32}},{"type":"Polygon","arcs":[[5820,5821,5822]],"properties":{"anthrome":32}},{"type":"Polygon","arcs":[[5823,5824,-5778]],"properties":{"anthrome":51}},{"type":"Polygon","arcs":[[5825,-5824]],"properties":{"anthrome":61}},{"type":"Polygon","arcs":[[5826,5827]],"properties":{"anthrome":62}},{"type":"Polygon","arcs":[[5828,5829,5830,5831]],"properties":{"anthrome":62}},{"type":"Polygon","arcs":[[5832]],"properties":{"anthrome":54}},{"type":"Polygon","arcs":[[5833,5834,5835,5836]],"properties":{"anthrome":63}},{"type":"Polygon","arcs":[[5837,5838,-5575,5839,5840,5841,5842,5843,5844,5845,-5615,-5502,5846]],"properties":{"anthrome":54}},{"type":"Polygon","arcs":[[5847,5848,5849,-5631,5850,-5703,5851,5852,5853,-5795,5854,5855,5856,5857,5858,5859,5860,5861,5862,-5295],[-5441,5863,-5443,5864]],"properties":{"anthrome":53}},{"type":"Polygon","arcs":[[5865,-2590,5866,-2689,5867,-2765,5868,-2895,-2827,5869,-3751,-3750,5870,-4038,5871,5872,-3746,5873,-3776,5874,5875,5876,5877,5878,5879,5880,-5279,5881,-5369,-5838,5882,5883,-5845,-5663,5884,-5211,5885,-4953,5886,-4842,-4804,5887,5888,-4656,5889,-4547,-4485,5890,-4546,5891,-4734,5892,-4878,-4948,-5095,5893,-5142,-5141,-5247,5894,-5453,-5549,5895,-5694,5896,5897,5898,-5729,5899,-5692,5900,-5644,5901,-5450,5902,5903,-5243,5904,-5208,-5066,-4876,-4799,-4730,-4651,5905,5906,-4925,-5324,5907,-5083,5908,-5321,5909,-5200,5910,5911,5912,5913,-4230,-4192,-4129,5914,-4140,-4071,5915,5916,-3814,5917,-3683,5918,-3283,5919,-3128,5920,-2987,-2986,5921,-2891,-2804,5922,-2389,5923,-2435,5924,-2393,-2470,5925,5926,5927,-2686,5928,-2667,5929,-2537,5930,5931,-2267,5932,-2131,-2221,5933,-2325,5934,5935,-2185,-1928,-1867,5936,-1700,5937,-2165,5938,-1698],[-2222],[-2223],[5939,-2825,-2824,5940,-2759],[-2762],[-2893],[-2896],[-2988],[-3054],[-3417,-3418],[-3421,5941,-3287,5942,-3422],[-3131],[-3370],[-3372,-3371],[-3373,-3374],[-3449,-3448],[-3676],[5943,-4029,5944,-4062,-4061],[5945,-3817,5946,-3693],[-4027],[-4201,-4200],[-4033,5947,-4035,5948],[-4078],[-4131],[-4094],[-4095],[-4143],[5949,5950,-4550,5951,-4613,5952,-4553],[-4232],[-4262],[-4263],[-4267,5953,-4269,5954],[-4271],[-4299],[-4374,5955,-4319,-4318,5956],[-4321],[-4322,-4323],[-4324],[-4326,-4325],[-4478],[-4479],[-4528,5957,-4481,5958],[-4529,-4530],[-4483],[-4486],[-4544],[-4611],[-4649],[-4650],[-4763],[-4732],[-4805],[-5244],[-5302]],"properties":{"anthrome":52}},{"type":"Polygon","arcs":[[5959,5960,5961,5962,5963,5964,5965]],"properties":{"anthrome":42}},{"type":"Polygon","arcs":[[5966,5967,-5490,5968,-5586,5969,-5674,5970,5971,5972,5973,5974,5975],[-5516]],"properties":{"anthrome":51}},{"type":"Polygon","arcs":[[5976,-5804,5977,5978,5979]],"properties":{"anthrome":32}},{"type":"Polygon","arcs":[[5980,5981,5982,5983,5984,5985,-5843]],"properties":{"anthrome":42}},{"type":"Polygon","arcs":[[5986]],"properties":{"anthrome":62}},{"type":"Polygon","arcs":[[5987,-5857,5988,5989]],"properties":{"anthrome":62}},{"type":"Polygon","arcs":[[5990,5991,5992]],"properties":{"anthrome":61}},{"type":"Polygon","arcs":[[5993,5994,5995,5996]],"properties":{"anthrome":32}},{"type":"Polygon","arcs":[[5997]],"properties":{"anthrome":54}},{"type":"Polygon","arcs":[[-5807,5998,5999]],"properties":{"anthrome":33}},{"type":"Polygon","arcs":[[6000,6001]],"properties":{"anthrome":62}},{"type":"Polygon","arcs":[[6002,-5964]],"properties":{"anthrome":33}},{"type":"Polygon","arcs":[[6003,6004,6005]],"properties":{"anthrome":43}},{"type":"Polygon","arcs":[[6006,6007,6008,-6005]],"properties":{"anthrome":42}},{"type":"Polygon","arcs":[[6009,6010,-6008]],"properties":{"anthrome":43}},{"type":"Polygon","arcs":[[6011,6012,6013]],"properties":{"anthrome":32}},{"type":"Polygon","arcs":[[6014,6015,6016,-6013]],"properties":{"anthrome":33}},{"type":"Polygon","arcs":[[6017,6018,6019,6020]],"properties":{"anthrome":33}},{"type":"Polygon","arcs":[[6021,6022,-6019]],"properties":{"anthrome":32}},{"type":"Polygon","arcs":[[6023,6024,6025,6026]],"properties":{"anthrome":52}},{"type":"Polygon","arcs":[[6027,6028,6029,-6025]],"properties":{"anthrome":33}},{"type":"Polygon","arcs":[[-5827,6030,6031,-6029]],"properties":{"anthrome":32}},{"type":"Polygon","arcs":[[6032,-6031]],"properties":{"anthrome":52}},{"type":"Polygon","arcs":[[6033]],"properties":{"anthrome":51}},{"type":"Polygon","arcs":[[-5831,6034,6035,6036]],"properties":{"anthrome":32}},{"type":"Polygon","arcs":[[6037]],"properties":{"anthrome":32}},{"type":"Polygon","arcs":[[6038]],"properties":{"anthrome":63}},{"type":"Polygon","arcs":[[6039]],"properties":{"anthrome":62}},{"type":"Polygon","arcs":[[6040]],"properties":{"anthrome":54}},{"type":"Polygon","arcs":[[6041,6042,6043,6044]],"properties":{"anthrome":32}},{"type":"Polygon","arcs":[[6045,6046,-6043]],"properties":{"anthrome":61}},{"type":"Polygon","arcs":[[6047,6048]],"properties":{"anthrome":54}},{"type":"Polygon","arcs":[[-5790,6049]],"properties":{"anthrome":62}},{"type":"Polygon","arcs":[[-5985,6050,6051]],"properties":{"anthrome":43}},{"type":"Polygon","arcs":[[6052,6053,6054]],"properties":{"anthrome":54}},{"type":"Polygon","arcs":[[6055,6056,6057,6058,6059,6060,6061]],"properties":{"anthrome":33}},{"type":"Polygon","arcs":[[6062]],"properties":{"anthrome":32}},{"type":"Polygon","arcs":[[6063]],"properties":{"anthrome":51}},{"type":"Polygon","arcs":[[6064,6065,6066]],"properties":{"anthrome":51}},{"type":"Polygon","arcs":[[6067,6068,6069]],"properties":{"anthrome":61}},{"type":"Polygon","arcs":[[6070]],"properties":{"anthrome":54}},{"type":"Polygon","arcs":[[-5996,6071]],"properties":{"anthrome":61}},{"type":"Polygon","arcs":[[6072]],"properties":{"anthrome":62}},{"type":"Polygon","arcs":[[6073,6074,6075,6076]],"properties":{"anthrome":42}},{"type":"Polygon","arcs":[[6077,6078,6079,-6075]],"properties":{"anthrome":43}},{"type":"Polygon","arcs":[[6080,6081,6082,6083]],"properties":{"anthrome":61}},{"type":"Polygon","arcs":[[6084,6085,6086,-6082]],"properties":{"anthrome":33}},{"type":"Polygon","arcs":[[-5963,6087]],"properties":{"anthrome":62}},{"type":"Polygon","arcs":[[-5817,-6053,-6055,6088,6089],[-5815]],"properties":{"anthrome":52}},{"type":"Polygon","arcs":[[6090,6091,6092]],"properties":{"anthrome":43}},{"type":"Polygon","arcs":[[6093]],"properties":{"anthrome":52}},{"type":"Polygon","arcs":[[6094]],"properties":{"anthrome":33}},{"type":"Polygon","arcs":[[-6032,6095,6096]],"properties":{"anthrome":52}},{"type":"Polygon","arcs":[[6097,6098,6099,6100]],"properties":{"anthrome":33}},{"type":"Polygon","arcs":[[6101]],"properties":{"anthrome":63}},{"type":"Polygon","arcs":[[6102,6103,6104]],"properties":{"anthrome":63}},{"type":"Polygon","arcs":[[6105,6106,-6104]],"properties":{"anthrome":62}},{"type":"Polygon","arcs":[[6107,6108]],"properties":{"anthrome":63}},{"type":"Polygon","arcs":[[6109,6110,6111,6112]],"properties":{"anthrome":51}},{"type":"Polygon","arcs":[[6113]],"properties":{"anthrome":32}},{"type":"Polygon","arcs":[[6114]],"properties":{"anthrome":32}},{"type":"Polygon","arcs":[[6115]],"properties":{"anthrome":53}},{"type":"Polygon","arcs":[[-5993,6116,6117]],"properties":{"anthrome":53}},{"type":"Polygon","arcs":[[6118,-5796,6119]],"properties":{"anthrome":62}},{"type":"Polygon","arcs":[[6120,6121]],"properties":{"anthrome":53}},{"type":"Polygon","arcs":[[6122,6123]],"properties":{"anthrome":32}},{"type":"Polygon","arcs":[[6124]],"properties":{"anthrome":54}},{"type":"Polygon","arcs":[[6125,6126,6127,6128,6129]],"properties":{"anthrome":41}},{"type":"Polygon","arcs":[[6130,6131,-6066,6132,6133,6134]],"properties":{"anthrome":54}},{"type":"Polygon","arcs":[[6135,6136,6137,6138]],"properties":{"anthrome":43}},{"type":"Polygon","arcs":[[6139,-6137]],"properties":{"anthrome":33}},{"type":"Polygon","arcs":[[6140,6141,6142]],"properties":{"anthrome":62}},{"type":"Polygon","arcs":[[6143,6144,6145,6146]],"properties":{"anthrome":33}},{"type":"Polygon","arcs":[[6147,6148]],"properties":{"anthrome":33}},{"type":"Polygon","arcs":[[6149,6150]],"properties":{"anthrome":32}},{"type":"Polygon","arcs":[[6151,6152]],"properties":{"anthrome":41}},{"type":"Polygon","arcs":[[6153,6154]],"properties":{"anthrome":63}},{"type":"Polygon","arcs":[[6155,6156,6157,6158]],"properties":{"anthrome":63}},{"type":"Polygon","arcs":[[6159]],"properties":{"anthrome":62}},{"type":"Polygon","arcs":[[6160,6161,6162,6163]],"properties":{"anthrome":63}},{"type":"Polygon","arcs":[[6164,6165,6166]],"properties":{"anthrome":54}},{"type":"Polygon","arcs":[[6167]],"properties":{"anthrome":32}},{"type":"Polygon","arcs":[[6168,6169,6170]],"properties":{"anthrome":52}},{"type":"Polygon","arcs":[[6171,6172]],"properties":{"anthrome":32}},{"type":"Polygon","arcs":[[6173]],"properties":{"anthrome":61}},{"type":"Polygon","arcs":[[6174,-6133]],"properties":{"anthrome":62}},{"type":"Polygon","arcs":[[-6093,6175,6176]],"properties":{"anthrome":52}},{"type":"Polygon","arcs":[[6177,-6097,-6153,6178,6179,6180,-6127]],"properties":{"anthrome":54}},{"type":"Polygon","arcs":[[6181,6182,6183,6184,6185]],"properties":{"anthrome":51}},{"type":"Polygon","arcs":[[6186]],"properties":{"anthrome":62}},{"type":"Polygon","arcs":[[6187,6188,6189]],"properties":{"anthrome":42}},{"type":"Polygon","arcs":[[6190,-6105,6191]],"properties":{"anthrome":62}},{"type":"Polygon","arcs":[[-5044,-5043,6192,6193,6194,6195,-6164,6196,6197,6198,6199,6200,6201,6202,-5837,6203,6204,6205,6206,-5226,-4746,6207],[-5115],[-5193],[-5228],[-5271],[-5383],[-5384],[-5647],[-5648],[-5833],[-6041]],"properties":{"anthrome":62}},{"type":"Polygon","arcs":[[6208,6209,-6045,6210,-6173,6211,6212,6213,6214,-6169,6215,6216,6217,6218,-5748,6219,-5784,-5751],[-6114],[-6115]],"properties":{"anthrome":51}},{"type":"Polygon","arcs":[[6220,6221]],"properties":{"anthrome":62}},{"type":"Polygon","arcs":[[6222,6223,6224]],"properties":{"anthrome":53}},{"type":"Polygon","arcs":[[-6142,6225,6226]],"properties":{"anthrome":54}},{"type":"Polygon","arcs":[[6227,6228,6229]],"properties":{"anthrome":32}},{"type":"Polygon","arcs":[[6230]],"properties":{"anthrome":32}},{"type":"Polygon","arcs":[[-6129,6231,6232,6233]],"properties":{"anthrome":32}},{"type":"Polygon","arcs":[[6234]],"properties":{"anthrome":54}},{"type":"Polygon","arcs":[[6235,6236,6237]],"properties":{"anthrome":42}},{"type":"Polygon","arcs":[[6238,6239,6240,-6237]],"properties":{"anthrome":43}},{"type":"Polygon","arcs":[[6241,6242,6243]],"properties":{"anthrome":43}},{"type":"Polygon","arcs":[[6244]],"properties":{"anthrome":63}},{"type":"Polygon","arcs":[[6245,6246,6247]],"properties":{"anthrome":62}},{"type":"Polygon","arcs":[[6248,6249,6250,-6247]],"properties":{"anthrome":63}},{"type":"Polygon","arcs":[[6251,6252,6253,6254]],"properties":{"anthrome":63}},{"type":"Polygon","arcs":[[6255,6256]],"properties":{"anthrome":51}},{"type":"Polygon","arcs":[[-5972,-6219,6257,-6184,6258]],"properties":{"anthrome":32}},{"type":"Polygon","arcs":[[-6218,6259]],"properties":{"anthrome":32}},{"type":"Polygon","arcs":[[6260,6261,-6213]],"properties":{"anthrome":32}},{"type":"Polygon","arcs":[[6262]],"properties":{"anthrome":51}},{"type":"Polygon","arcs":[[6263,6264]],"properties":{"anthrome":53}},{"type":"Polygon","arcs":[[6265,6266,6267,6268,6269,6270,6271,6272]],"properties":{"anthrome":32}},{"type":"Polygon","arcs":[[6273,6274,6275,6276,6277,6278]],"properties":{"anthrome":32}},{"type":"Polygon","arcs":[[-5015,-5146,6279,-5679,6280,6281,-6131,-6049,6282,6283,6284,6285,6286,-5717,-5590,6287,-5434,6288,-5136],[-6064]],"properties":{"anthrome":52}},{"type":"Polygon","arcs":[[6289,6290,6291]],"properties":{"anthrome":62}},{"type":"Polygon","arcs":[[6292,6293,6294]],"properties":{"anthrome":42}},{"type":"Polygon","arcs":[[6295,6296,6297,-6294]],"properties":{"anthrome":51}},{"type":"Polygon","arcs":[[6298,6299,-6297]],"properties":{"anthrome":42}},{"type":"Polygon","arcs":[[6300,6301,6302,-6238,6303,6304,6305]],"properties":{"anthrome":54}},{"type":"Polygon","arcs":[[6306,6307,6308,6309]],"properties":{"anthrome":62}},{"type":"Polygon","arcs":[[6310]],"properties":{"anthrome":62}},{"type":"Polygon","arcs":[[6311,6312,6313]],"properties":{"anthrome":62}},{"type":"Polygon","arcs":[[6314]],"properties":{"anthrome":62}},{"type":"Polygon","arcs":[[-6291,6315]],"properties":{"anthrome":54}},{"type":"Polygon","arcs":[[6316]],"properties":{"anthrome":33}},{"type":"Polygon","arcs":[[6317,6318]],"properties":{"anthrome":51}},{"type":"Polygon","arcs":[[-6229,6319,6320,6321]],"properties":{"anthrome":52}},{"type":"Polygon","arcs":[[6322,-6320]],"properties":{"anthrome":32}},{"type":"Polygon","arcs":[[6323,6324]],"properties":{"anthrome":54}},{"type":"Polygon","arcs":[[6325]],"properties":{"anthrome":43}},{"type":"Polygon","arcs":[[-6306,6326,6327]],"properties":{"anthrome":33}},{"type":"Polygon","arcs":[[6328,6329]],"properties":{"anthrome":62}},{"type":"Polygon","arcs":[[-6254,6330,6331,6332]],"properties":{"anthrome":62}},{"type":"Polygon","arcs":[[6333]],"properties":{"anthrome":62}},{"type":"Polygon","arcs":[[6334,6335,6336,6337]],"properties":{"anthrome":51}},{"type":"Polygon","arcs":[[6338]],"properties":{"anthrome":51}},{"type":"Polygon","arcs":[[6339,-6214,6340,-6217,6341]],"properties":{"anthrome":32}},{"type":"Polygon","arcs":[[6342,6343,6344]],"properties":{"anthrome":61}},{"type":"Polygon","arcs":[[6345,-6135,6346,6347,-6284]],"properties":{"anthrome":51}},{"type":"Polygon","arcs":[[6348,-6273,6349,6350,6351,6352]],"properties":{"anthrome":54}},{"type":"Polygon","arcs":[[-6352,6353]],"properties":{"anthrome":32}},{"type":"Polygon","arcs":[[6354,-6277,6355,6356]],"properties":{"anthrome":54}},{"type":"Polygon","arcs":[[6357]],"properties":{"anthrome":62}},{"type":"Polygon","arcs":[[6358,6359]],"properties":{"anthrome":32}},{"type":"Polygon","arcs":[[6360,6361,6362,6363]],"properties":{"anthrome":62}},{"type":"Polygon","arcs":[[6364,6365,6366,6367,6368]],"properties":{"anthrome":41}},{"type":"Polygon","arcs":[[6369,-4994,6370,-5525,6371,6372,-6345,6373,6374,6375,-5756,6376,-5753,6377,6378,6379,6380,-5472,-5474,-5519,-5539,6381,-5388,6382,6383,6384,-4813,-4812,-4748],[-4929],[-5288],[-5273],[-5396],[-5699],[-6116],[-6263]],"properties":{"anthrome":52}},{"type":"Polygon","arcs":[[6385,6386]],"properties":{"anthrome":53}},{"type":"Polygon","arcs":[[6387,6388,6389,6390]],"properties":{"anthrome":53}},{"type":"Polygon","arcs":[[6391]],"properties":{"anthrome":62}},{"type":"Polygon","arcs":[[6392,6393]],"properties":{"anthrome":52}},{"type":"Polygon","arcs":[[6394,6395,-6356]],"properties":{"anthrome":32}},{"type":"Polygon","arcs":[[-6276,6396,6397,-6395]],"properties":{"anthrome":33}},{"type":"Polygon","arcs":[[6398]],"properties":{"anthrome":32}},{"type":"Polygon","arcs":[[6399,6400,6401]],"properties":{"anthrome":62}},{"type":"Polygon","arcs":[[6402,6403,6404]],"properties":{"anthrome":33}},{"type":"Polygon","arcs":[[6405]],"properties":{"anthrome":41}},{"type":"Polygon","arcs":[[6406,6407,6408,-6366]],"properties":{"anthrome":32}},{"type":"Polygon","arcs":[[6409]],"properties":{"anthrome":51}},{"type":"Polygon","arcs":[[6410,6411]],"properties":{"anthrome":62}},{"type":"Polygon","arcs":[[6412]],"properties":{"anthrome":62}},{"type":"Polygon","arcs":[[6413,6414,6415,6416]],"properties":{"anthrome":51}},{"type":"Polygon","arcs":[[6417,6418,6419,6420]],"properties":{"anthrome":52}},{"type":"Polygon","arcs":[[6421,6422,-6419]],"properties":{"anthrome":51}},{"type":"Polygon","arcs":[[-6375,6423]],"properties":{"anthrome":61}},{"type":"Polygon","arcs":[[6424,6425,6426]],"properties":{"anthrome":61}},{"type":"Polygon","arcs":[[6427,6428,6429,6430]],"properties":{"anthrome":61}},{"type":"Polygon","arcs":[[6431,6432,6433,-6429]],"properties":{"anthrome":62}},{"type":"Polygon","arcs":[[6434,-6433]],"properties":{"anthrome":61}},{"type":"Polygon","arcs":[[6435,-5683,6436,-5859,6437,-5990,6438,6439,6440,-5853,-5769,-6118,6441,6442,-6119,-6292,6443,6444,6445,6446,6447,-6389,6448,-6312,6449,6450],[-6315]],"properties":{"anthrome":54}},{"type":"Polygon","arcs":[[6451,-6362,6452,6453,6454]],"properties":{"anthrome":54}},{"type":"Polygon","arcs":[[6455,6456]],"properties":{"anthrome":62}},{"type":"Polygon","arcs":[[6457,6458,6459,6460]],"properties":{"anthrome":61}},{"type":"Polygon","arcs":[[6461,6462,6463,-6459]],"properties":{"anthrome":53}},{"type":"Polygon","arcs":[[6464,6465,6466]],"properties":{"anthrome":54}},{"type":"Polygon","arcs":[[6467,6468,6469]],"properties":{"anthrome":23}},{"type":"Polygon","arcs":[[6470,6471,6472,-6468]],"properties":{"anthrome":54}},{"type":"Polygon","arcs":[[-6351,6473,6474,-6472]],"properties":{"anthrome":41}},{"type":"Polygon","arcs":[[6475,-6453]],"properties":{"anthrome":62}},{"type":"Polygon","arcs":[[6476]],"properties":{"anthrome":32}},{"type":"Polygon","arcs":[[6477]],"properties":{"anthrome":51}},{"type":"Polygon","arcs":[[6478]],"properties":{"anthrome":62}},{"type":"Polygon","arcs":[[6479]],"properties":{"anthrome":62}},{"type":"Polygon","arcs":[[6480]],"properties":{"anthrome":62}},{"type":"Polygon","arcs":[[-6420,6481,6482]],"properties":{"anthrome":51}},{"type":"Polygon","arcs":[[6483,6484]],"properties":{"anthrome":54}},{"type":"Polygon","arcs":[[6485,6486]],"properties":{"anthrome":52}},{"type":"Polygon","arcs":[[6487,6488,6489]],"properties":{"anthrome":42}},{"type":"Polygon","arcs":[[6490,-6286,6491,-6431,6492,-6487,6493,6494,6495,-5757]],"properties":{"anthrome":51}},{"type":"Polygon","arcs":[[6496]],"properties":{"anthrome":62}},{"type":"Polygon","arcs":[[6497]],"properties":{"anthrome":54}},{"type":"Polygon","arcs":[[6498,6499,6500,6501]],"properties":{"anthrome":61}},{"type":"Polygon","arcs":[[6502]],"properties":{"anthrome":54}},{"type":"Polygon","arcs":[[6503]],"properties":{"anthrome":43}},{"type":"Polygon","arcs":[[6504,-6185,6505,6506,6507,-6423,6508,-6421,6509,-6415,6510,6511]],"properties":{"anthrome":32}},{"type":"Polygon","arcs":[[6512,6513,6514]],"properties":{"anthrome":51}},{"type":"Polygon","arcs":[[6515]],"properties":{"anthrome":53}},{"type":"Polygon","arcs":[[6516,6517,6518,6519]],"properties":{"anthrome":53}},{"type":"Polygon","arcs":[[6520,6521,6522,-6518]],"properties":{"anthrome":61}},{"type":"Polygon","arcs":[[6523,6524]],"properties":{"anthrome":32}},{"type":"Polygon","arcs":[[6525,6526]],"properties":{"anthrome":62}},{"type":"Polygon","arcs":[[6527,6528]],"properties":{"anthrome":43}},{"type":"Polygon","arcs":[[6529,6530]],"properties":{"anthrome":62}},{"type":"Polygon","arcs":[[6531,6532]],"properties":{"anthrome":54}},{"type":"Polygon","arcs":[[6533,6534,6535]],"properties":{"anthrome":32}},{"type":"Polygon","arcs":[[6536]],"properties":{"anthrome":52}},{"type":"Polygon","arcs":[[6537,6538,6539,6540]],"properties":{"anthrome":62}},{"type":"Polygon","arcs":[[6541,6542]],"properties":{"anthrome":54}},{"type":"Polygon","arcs":[[6543,6544,6545,6546]],"properties":{"anthrome":32}},{"type":"Polygon","arcs":[[6547]],"properties":{"anthrome":32}},{"type":"Polygon","arcs":[[6548]],"properties":{"anthrome":62}},{"type":"Polygon","arcs":[[6549]],"properties":{"anthrome":62}},{"type":"Polygon","arcs":[[6550]],"properties":{"anthrome":54}},{"type":"Polygon","arcs":[[6551,6552,6553,6554]],"properties":{"anthrome":61}},{"type":"Polygon","arcs":[[6555,6556,6557,-6553]],"properties":{"anthrome":51}},{"type":"Polygon","arcs":[[-6279,6558,-6357,-6467,6559,6560,6561,-6529,6562,6563,6564,6565]],"properties":{"anthrome":42}},{"type":"Polygon","arcs":[[6566]],"properties":{"anthrome":62}},{"type":"Polygon","arcs":[[6567,6568,6569,-6524]],"properties":{"anthrome":52}},{"type":"Polygon","arcs":[[6570,6571,6572]],"properties":{"anthrome":51}},{"type":"Polygon","arcs":[[6573]],"properties":{"anthrome":52}},{"type":"Polygon","arcs":[[6574,6575,6576]],"properties":{"anthrome":54}},{"type":"Polygon","arcs":[[6577,6578,-6576]],"properties":{"anthrome":61}},{"type":"Polygon","arcs":[[6579,6580,6581]],"properties":{"anthrome":54}},{"type":"Polygon","arcs":[[6582,6583,6584,-6580]],"properties":{"anthrome":53}},{"type":"Polygon","arcs":[[6585,6586]],"properties":{"anthrome":61}},{"type":"Polygon","arcs":[[6587,6588]],"properties":{"anthrome":62}},{"type":"Polygon","arcs":[[6589,6590]],"properties":{"anthrome":62}},{"type":"Polygon","arcs":[[6591]],"properties":{"anthrome":54}},{"type":"Polygon","arcs":[[6592,6593,6594,6595]],"properties":{"anthrome":33}},{"type":"Polygon","arcs":[[6596,-6594]],"properties":{"anthrome":62}},{"type":"Polygon","arcs":[[6597,6598]],"properties":{"anthrome":33}},{"type":"Polygon","arcs":[[6599,6600,6601]],"properties":{"anthrome":32}},{"type":"Polygon","arcs":[[6602]],"properties":{"anthrome":54}},{"type":"Polygon","arcs":[[-6540,6603,6604,6605]],"properties":{"anthrome":43}},{"type":"Polygon","arcs":[[6606,6607,6608]],"properties":{"anthrome":54}},{"type":"Polygon","arcs":[[6609,6610,6611]],"properties":{"anthrome":52}},{"type":"Polygon","arcs":[[6612,6613]],"properties":{"anthrome":32}},{"type":"Polygon","arcs":[[6614,6615]],"properties":{"anthrome":61}},{"type":"Polygon","arcs":[[6616]],"properties":{"anthrome":61}},{"type":"Polygon","arcs":[[6617,6618,-6501,-6577,6619,6620]],"properties":{"anthrome":62}},{"type":"Polygon","arcs":[[-6426,6621,6622,6623,6624,-6484]],"properties":{"anthrome":51}},{"type":"Polygon","arcs":[[-6060,6625,6626,6627,6628,-6401,6629,-6325,6630,6631,-6535,-6602,6632,6633,6634,6635,6636,-6271,6637,-6145,6638,-6149,6639,6640]],"properties":{"anthrome":42}},{"type":"Polygon","arcs":[[6641,-6609,6642,6643,6644,6645]],"properties":{"anthrome":43}},{"type":"Polygon","arcs":[[-6546,6646,6647,6648]],"properties":{"anthrome":41}},{"type":"Polygon","arcs":[[6649]],"properties":{"anthrome":32}},{"type":"Polygon","arcs":[[6650]],"properties":{"anthrome":62}},{"type":"Polygon","arcs":[[6651,-6588]],"properties":{"anthrome":54}},{"type":"Polygon","arcs":[[6652,6653,6654]],"properties":{"anthrome":42}},{"type":"Polygon","arcs":[[6655,6656]],"properties":{"anthrome":32}},{"type":"Polygon","arcs":[[6657,6658]],"properties":{"anthrome":62}},{"type":"Polygon","arcs":[[6659]],"properties":{"anthrome":32}},{"type":"Polygon","arcs":[[6660]],"properties":{"anthrome":62}},{"type":"Polygon","arcs":[[6661,-6561,6662,6663,6664,6665]],"properties":{"anthrome":43}},{"type":"Polygon","arcs":[[6666]],"properties":{"anthrome":54}},{"type":"Polygon","arcs":[[6667,-6369,-6368,6668,6669,6670,6671,6672,6673,-6608,6674,-6543,6675,-6646,6676,6677,6678,-6404,6679,-6304,-6241,6680,6681,6682,6683,-6244,6684,6685],[-6406],[-6504]],"properties":{"anthrome":42}},{"type":"Polygon","arcs":[[6686]],"properties":{"anthrome":53}},{"type":"Polygon","arcs":[[6687,6688]],"properties":{"anthrome":62}},{"type":"Polygon","arcs":[[6689]],"properties":{"anthrome":62}},{"type":"Polygon","arcs":[[6690,6691]],"properties":{"anthrome":33}},{"type":"Polygon","arcs":[[6692,6693]],"properties":{"anthrome":42}},{"type":"Polygon","arcs":[[6694,6695]],"properties":{"anthrome":62}},{"type":"Polygon","arcs":[[-6645,6696,6697]],"properties":{"anthrome":42}},{"type":"Polygon","arcs":[[6698]],"properties":{"anthrome":33}},{"type":"Polygon","arcs":[[6699,6700,6701]],"properties":{"anthrome":42}},{"type":"Polygon","arcs":[[6702,6703,6704]],"properties":{"anthrome":52}},{"type":"Polygon","arcs":[[6705,6706,6707]],"properties":{"anthrome":32}},{"type":"Polygon","arcs":[[6708]],"properties":{"anthrome":52}},{"type":"Polygon","arcs":[[6709]],"properties":{"anthrome":32}},{"type":"Polygon","arcs":[[6710,6711]],"properties":{"anthrome":61}},{"type":"Polygon","arcs":[[6712,-6533,6713,6714,-6636,6715,6716,6717,6718,6719]],"properties":{"anthrome":32}},{"type":"Polygon","arcs":[[6720,6721,6722,6723]],"properties":{"anthrome":41}},{"type":"Polygon","arcs":[[6724,6725]],"properties":{"anthrome":62}},{"type":"Polygon","arcs":[[6726]],"properties":{"anthrome":32}},{"type":"Polygon","arcs":[[6727]],"properties":{"anthrome":62}},{"type":"Polygon","arcs":[[6728]],"properties":{"anthrome":62}},{"type":"Polygon","arcs":[[6729]],"properties":{"anthrome":42}},{"type":"Polygon","arcs":[[6730,6731,6732]],"properties":{"anthrome":42}},{"type":"Polygon","arcs":[[6733]],"properties":{"anthrome":54}},{"type":"Polygon","arcs":[[6734]],"properties":{"anthrome":62}},{"type":"Polygon","arcs":[[6735,6736]],"properties":{"anthrome":62}},{"type":"Polygon","arcs":[[6737,6738,6739]],"properties":{"anthrome":42}},{"type":"Polygon","arcs":[[6740]],"properties":{"anthrome":42}},{"type":"Polygon","arcs":[[6741]],"properties":{"anthrome":54}},{"type":"Polygon","arcs":[[6742,6743]],"properties":{"anthrome":54}},{"type":"Polygon","arcs":[[6744]],"properties":{"anthrome":62}},{"type":"Polygon","arcs":[[6745,6746,6747,6748]],"properties":{"anthrome":54}},{"type":"Polygon","arcs":[[6749,-5195,-5120,6750,6751,6752,-5392,6753,-5488,6754,-5967,-5976,6755,-5651,6756,6757,-6182,6758,-6512,6759,-6257,6760,-6417,6761,-6483,6762,6763,6764,6765,6766,6767,6768,-6747,6769,6770,6771,6772,6773,-6336,6774,6775,6776,-6113,6777,-6167,6778,6779,6780,6781,-5470,6782,6783],[-5272],[-5742,6784,-5744,6785],[-6063],[-6168],[-6339]],"properties":{"anthrome":52}},{"type":"Polygon","arcs":[[-4597,6786,-5133,6787,6788,-5712,-5711,-5770,-5709,6789,-5563,6790,-5706,-5364,6791,-5232,6792,6793,-5077,-4913,6794,-4870,6795,6796,-4714,6797,6798,-5238,6799,6800,-5546,-6451,6801,6802,6803,6804,6805,6806,-6068,6807,-5724,6808,6809,-5607,-5337,-4825,6810,6811,-4778,6812],[-5230],[-5289],[-5231],[-5680],[-5726],[-6071],[-6498]],"properties":{"anthrome":62}},{"type":"Polygon","arcs":[[6813,6814]],"properties":{"anthrome":54}},{"type":"Polygon","arcs":[[6815]],"properties":{"anthrome":32}},{"type":"Polygon","arcs":[[6816,6817]],"properties":{"anthrome":51}},{"type":"Polygon","arcs":[[6818,6819]],"properties":{"anthrome":62}},{"type":"Polygon","arcs":[[6820,6821]],"properties":{"anthrome":54}},{"type":"Polygon","arcs":[[6822,6823,6824,6825]],"properties":{"anthrome":54}},{"type":"Polygon","arcs":[[6826]],"properties":{"anthrome":62}},{"type":"Polygon","arcs":[[6827,6828]],"properties":{"anthrome":54}},{"type":"Polygon","arcs":[[6829,6830]],"properties":{"anthrome":22}},{"type":"Polygon","arcs":[[6831]],"properties":{"anthrome":42}},{"type":"Polygon","arcs":[[6832,6833]],"properties":{"anthrome":54}},{"type":"Polygon","arcs":[[6834,6835]],"properties":{"anthrome":54}},{"type":"Polygon","arcs":[[-6743,6836,-6835]],"properties":{"anthrome":32}},{"type":"Polygon","arcs":[[6837,6838,6839]],"properties":{"anthrome":52}},{"type":"Polygon","arcs":[[6840,6841]],"properties":{"anthrome":52}},{"type":"Polygon","arcs":[[6842]],"properties":{"anthrome":32}},{"type":"Polygon","arcs":[[6843,6844,6845,6846]],"properties":{"anthrome":32}},{"type":"Polygon","arcs":[[6847,6848,6849,-6845]],"properties":{"anthrome":23}},{"type":"Polygon","arcs":[[-6402,6850,-6725,-6634,6851,-6600,-6534,6852,-6631]],"properties":{"anthrome":54}},{"type":"Polygon","arcs":[[6853,6854]],"properties":{"anthrome":52}},{"type":"Polygon","arcs":[[6855]],"properties":{"anthrome":62}},{"type":"Polygon","arcs":[[6856]],"properties":{"anthrome":53}},{"type":"Polygon","arcs":[[6857,6858,6859]],"properties":{"anthrome":43}},{"type":"Polygon","arcs":[[6860,6861,6862]],"properties":{"anthrome":42}},{"type":"Polygon","arcs":[[6863]],"properties":{"anthrome":62}},{"type":"Polygon","arcs":[[6864,6865,6866]],"properties":{"anthrome":54}},{"type":"Polygon","arcs":[[6867,6868]],"properties":{"anthrome":62}},{"type":"Polygon","arcs":[[6869,-6696,6870,6871,6872,-6658,6873,-6598]],"properties":{"anthrome":54}},{"type":"Polygon","arcs":[[6874]],"properties":{"anthrome":54}},{"type":"Polygon","arcs":[[6875]],"properties":{"anthrome":62}},{"type":"Polygon","arcs":[[6876,6877,-6744,-6836,6878,-6865,-6867,6879,6880,6881],[-6742],[-6833,-6834]],"properties":{"anthrome":32}},{"type":"Polygon","arcs":[[6882]],"properties":{"anthrome":12}},{"type":"Polygon","arcs":[[6883]],"properties":{"anthrome":54}},{"type":"Polygon","arcs":[[6884,6885,-6880]],"properties":{"anthrome":54}},{"type":"Polygon","arcs":[[-6866,6886,-6885]],"properties":{"anthrome":32}},{"type":"Polygon","arcs":[[6887,6888,6889,6890]],"properties":{"anthrome":32}},{"type":"Polygon","arcs":[[6891]],"properties":{"anthrome":52}},{"type":"Polygon","arcs":[[6892,6893,6894]],"properties":{"anthrome":52}},{"type":"Polygon","arcs":[[6895,6896]],"properties":{"anthrome":32}},{"type":"Polygon","arcs":[[6897,-6495,-6616,6898,-6817,-6711,6899,-6344,6900,-6624,-6623,6901,6902],[-6174],[6903,-6557,6904,6905,-6515]],"properties":{"anthrome":52}},{"type":"Polygon","arcs":[[-4856,6906,-4792,6907,6908,-5405,-5496,6909,-5716,6910,6911,-5802,6912,-5980,6913,-6077,-6566,6914,6915,6916,6917,-6590,-6526,-6488,6918,-6394,6919,6920,6921,-6655,-6694,-6733,6922,6923,6924,-6858,6925,6926,6927,-6691,6928,-6569,6929,6930,-6123,-5995,6931,-5800,6932,6933,-5635,6934],[-5277],[-5566],[-5637],[-5690],[-6730]],"properties":{"anthrome":54}},{"type":"Polygon","arcs":[[6935,-6596,6936,-6657,6937,6938,6939,6940,-6664,6941],[-6735],[-6827]],"properties":{"anthrome":54}},{"type":"Polygon","arcs":[[6942,6943,6944]],"properties":{"anthrome":42}},{"type":"Polygon","arcs":[[6945,-6826,6946,6947,6948,6949,6950]],"properties":{"anthrome":42}},{"type":"Polygon","arcs":[[6951,-6891,6952,6953,6954,6955]],"properties":{"anthrome":52}},{"type":"Polygon","arcs":[[6956,6957,6958,6959,6960,6961]],"properties":{"anthrome":32}},{"type":"Polygon","arcs":[[6962]],"properties":{"anthrome":62}},{"type":"Polygon","arcs":[[6963,6964,6965]],"properties":{"anthrome":61}},{"type":"Polygon","arcs":[[-6862,-6950,6966,6967,6968]],"properties":{"anthrome":54}},{"type":"Polygon","arcs":[[-6881,6969,6970]],"properties":{"anthrome":54}},{"type":"Polygon","arcs":[[-6886,6971,-6970]],"properties":{"anthrome":32}},{"type":"Polygon","arcs":[[6972,6973,6974]],"properties":{"anthrome":32}},{"type":"Polygon","arcs":[[6975,6976,6977,6978]],"properties":{"anthrome":52}},{"type":"Polygon","arcs":[[6979,6980]],"properties":{"anthrome":32}},{"type":"Polygon","arcs":[[6981,6982]],"properties":{"anthrome":61}},{"type":"Polygon","arcs":[[6983,6984,6985,6986,6987]],"properties":{"anthrome":54}},{"type":"Polygon","arcs":[[-6868,6988,6989,6990]],"properties":{"anthrome":54}},{"type":"Polygon","arcs":[[-6927,6991,6992,-6989]],"properties":{"anthrome":42}},{"type":"Polygon","arcs":[[6993]],"properties":{"anthrome":54}},{"type":"Polygon","arcs":[[6994,6995]],"properties":{"anthrome":62}},{"type":"Polygon","arcs":[[6996,6997]],"properties":{"anthrome":62}},{"type":"Polygon","arcs":[[6998,-6895,-6979,6999,7000,7001]],"properties":{"anthrome":54}},{"type":"Polygon","arcs":[[7002,7003]],"properties":{"anthrome":62}},{"type":"Polygon","arcs":[[7004,7005,7006]],"properties":{"anthrome":62}},{"type":"Polygon","arcs":[[7007,7008,7009,-6986]],"properties":{"anthrome":62}},{"type":"Polygon","arcs":[[7010,7011,7012,-7009]],"properties":{"anthrome":61}},{"type":"Polygon","arcs":[[7013,7014,7015,7016]],"properties":{"anthrome":54}},{"type":"Polygon","arcs":[[7017,7018]],"properties":{"anthrome":62}},{"type":"Polygon","arcs":[[7019]],"properties":{"anthrome":42}},{"type":"Polygon","arcs":[[7020,7021,7022]],"properties":{"anthrome":54}},{"type":"Polygon","arcs":[[7023]],"properties":{"anthrome":62}},{"type":"Polygon","arcs":[[7024,-6179,7025],[-6235],[-6326],[-6503]],"properties":{"anthrome":62}},{"type":"Polygon","arcs":[[7026,7027,7028,7029,7030]],"properties":{"anthrome":52}},{"type":"Polygon","arcs":[[-6316,7031,-6582,7032,-6584,7033,7034,7035,7036,7037,-6444],[-6821,-6822],[-6875]],"properties":{"anthrome":62}},{"type":"Polygon","arcs":[[7038,7039,7040]],"properties":{"anthrome":32}},{"type":"Polygon","arcs":[[7041,7042]],"properties":{"anthrome":61}},{"type":"Polygon","arcs":[[7043,7044]],"properties":{"anthrome":32}},{"type":"Polygon","arcs":[[7045]],"properties":{"anthrome":53}},{"type":"Polygon","arcs":[[7046]],"properties":{"anthrome":54}},{"type":"Polygon","arcs":[[7047,-7015]],"properties":{"anthrome":63}},{"type":"Polygon","arcs":[[7048,7049]],"properties":{"anthrome":62}},{"type":"Polygon","arcs":[[7050]],"properties":{"anthrome":54}},{"type":"Polygon","arcs":[[-6971,7051,7052]],"properties":{"anthrome":32}},{"type":"Polygon","arcs":[[7053,7054,7055,7056]],"properties":{"anthrome":32}},{"type":"Polygon","arcs":[[7057]],"properties":{"anthrome":52}},{"type":"Polygon","arcs":[[7058,7059,7060]],"properties":{"anthrome":32}},{"type":"Polygon","arcs":[[7061]],"properties":{"anthrome":53}},{"type":"Polygon","arcs":[[7062,-6954,7063,-7057,7064,7065,7066]],"properties":{"anthrome":51}},{"type":"Polygon","arcs":[[7067]],"properties":{"anthrome":52}},{"type":"Polygon","arcs":[[7068,7069]],"properties":{"anthrome":54}},{"type":"Polygon","arcs":[[7070]],"properties":{"anthrome":62}},{"type":"Polygon","arcs":[[7071]],"properties":{"anthrome":53}},{"type":"Polygon","arcs":[[7072,7073]],"properties":{"anthrome":61}},{"type":"Polygon","arcs":[[7074,7075,7076,-7049]],"properties":{"anthrome":54}},{"type":"Polygon","arcs":[[7077,7078]],"properties":{"anthrome":54}},{"type":"Polygon","arcs":[[7079]],"properties":{"anthrome":54}},{"type":"Polygon","arcs":[[7080,7081]],"properties":{"anthrome":62}},{"type":"Polygon","arcs":[[7082,7083]],"properties":{"anthrome":32}},{"type":"Polygon","arcs":[[7084]],"properties":{"anthrome":52}},{"type":"Polygon","arcs":[[7085,7086,7087]],"properties":{"anthrome":31}},{"type":"Polygon","arcs":[[7088,7089,7090]],"properties":{"anthrome":32}},{"type":"Polygon","arcs":[[7091,7092,7093,7094,7095,7096,-7069,7097]],"properties":{"anthrome":62}},{"type":"Polygon","arcs":[[7098,7099,7100,7101,7102,7103,7104]],"properties":{"anthrome":52}},{"type":"Polygon","arcs":[[7105,-6489,-6527,7106,-6815,7107,-6951,-6861,7108,-6968,-7023,7109,7110,7111,7112,7113,7114,7115,7116,-6992,-6944,7117,-6924,7118,-6731,-6693,-6654,7119,-6921]],"properties":{"anthrome":43}},{"type":"Polygon","arcs":[[-7018,7120,7121,7122]],"properties":{"anthrome":54}},{"type":"Polygon","arcs":[[-7056,7123]],"properties":{"anthrome":51}},{"type":"Polygon","arcs":[[7124,7125]],"properties":{"anthrome":62}},{"type":"Polygon","arcs":[[-7076,7126,7127,7128]],"properties":{"anthrome":62}},{"type":"Polygon","arcs":[[7129]],"properties":{"anthrome":62}},{"type":"Polygon","arcs":[[-7097,7130]],"properties":{"anthrome":54}},{"type":"Polygon","arcs":[[7131,-7095]],"properties":{"anthrome":54}},{"type":"Polygon","arcs":[[7132]],"properties":{"anthrome":62}},{"type":"Polygon","arcs":[[7133]],"properties":{"anthrome":54}},{"type":"Polygon","arcs":[[7134,7135]],"properties":{"anthrome":32}},{"type":"Polygon","arcs":[[7136,7137]],"properties":{"anthrome":51}},{"type":"Polygon","arcs":[[7138,7139,7140]],"properties":{"anthrome":32}},{"type":"Polygon","arcs":[[-7090,7141,7142,-7139]],"properties":{"anthrome":31}},{"type":"Polygon","arcs":[[7143,7144]],"properties":{"anthrome":32}},{"type":"Polygon","arcs":[[-6717,7145,-6726,7146,-7092,-7098,7147,-6830,7148,-6737,7149,7150,-6738,7151,-6721,7152],[-6876],[-6883]],"properties":{"anthrome":54}},{"type":"Polygon","arcs":[[7153]],"properties":{"anthrome":54}},{"type":"Polygon","arcs":[[-7116,7154,7155,7156]],"properties":{"anthrome":54}},{"type":"Polygon","arcs":[[7157,7158,7159,-7093]],"properties":{"anthrome":54}},{"type":"Polygon","arcs":[[-7127,7160]],"properties":{"anthrome":54}},{"type":"Polygon","arcs":[[7161]],"properties":{"anthrome":62}},{"type":"Polygon","arcs":[[7162]],"properties":{"anthrome":62}},{"type":"Polygon","arcs":[[7163,7164]],"properties":{"anthrome":62}},{"type":"Polygon","arcs":[[-7128,7165]],"properties":{"anthrome":54}},{"type":"Polygon","arcs":[[-7094,7166,7167,7168]],"properties":{"anthrome":54}},{"type":"Polygon","arcs":[[-7160,7169,-7167]],"properties":{"anthrome":62}},{"type":"Polygon","arcs":[[7170]],"properties":{"anthrome":54}},{"type":"Polygon","arcs":[[7171,7172]],"properties":{"anthrome":54}},{"type":"Polygon","arcs":[[7173,7174]],"properties":{"anthrome":31}},{"type":"Polygon","arcs":[[7175,7176]],"properties":{"anthrome":54}},{"type":"Polygon","arcs":[[7177,7178,7179,7180]],"properties":{"anthrome":54}},{"type":"Polygon","arcs":[[7181]],"properties":{"anthrome":51}},{"type":"Polygon","arcs":[[7182]],"properties":{"anthrome":54}},{"type":"Polygon","arcs":[[7183,7184,7185,-7113]],"properties":{"anthrome":54}},{"type":"Polygon","arcs":[[-7096,7186,7187]],"properties":{"anthrome":54}},{"type":"Polygon","arcs":[[7188,7189,7190]],"properties":{"anthrome":53}},{"type":"Polygon","arcs":[[7191,7192]],"properties":{"anthrome":54}},{"type":"Polygon","arcs":[[-7168,7193]],"properties":{"anthrome":62}},{"type":"Polygon","arcs":[[7194,7195]],"properties":{"anthrome":32}},{"type":"Polygon","arcs":[[7196,7197,7198]],"properties":{"anthrome":52}},{"type":"Polygon","arcs":[[7199]],"properties":{"anthrome":23}},{"type":"Polygon","arcs":[[7200,7201,7202,7203]],"properties":{"anthrome":52}},{"type":"Polygon","arcs":[[7204,7205,7206]],"properties":{"anthrome":51}},{"type":"Polygon","arcs":[[7207,-7031,-7030,7208,7209,7210,7211,7212,7213],[-7068]],"properties":{"anthrome":53}},{"type":"Polygon","arcs":[[7214,7215,7216,7217]],"properties":{"anthrome":23}},{"type":"Polygon","arcs":[[7218,7219]],"properties":{"anthrome":62}},{"type":"Polygon","arcs":[[-7170,7220,7221]],"properties":{"anthrome":54}},{"type":"Polygon","arcs":[[7222,7223,7224,7225]],"properties":{"anthrome":32}},{"type":"Polygon","arcs":[[7226,7227,7228,7229]],"properties":{"anthrome":32}},{"type":"Polygon","arcs":[[7230,7231]],"properties":{"anthrome":62}},{"type":"Polygon","arcs":[[7232,7233,7234]],"properties":{"anthrome":62}},{"type":"Polygon","arcs":[[7235]],"properties":{"anthrome":54}},{"type":"Polygon","arcs":[[7236,7237,7238]],"properties":{"anthrome":62}},{"type":"Polygon","arcs":[[7239,7240]],"properties":{"anthrome":32}},{"type":"Polygon","arcs":[[7241,7242,7243,7244]],"properties":{"anthrome":32}},{"type":"Polygon","arcs":[[7245,7246,7247,-7243]],"properties":{"anthrome":23}},{"type":"Polygon","arcs":[[-7203,7248,7249,7250]],"properties":{"anthrome":53}},{"type":"Polygon","arcs":[[7251]],"properties":{"anthrome":51}},{"type":"Polygon","arcs":[[7252,7253]],"properties":{"anthrome":54}},{"type":"Polygon","arcs":[[7254]],"properties":{"anthrome":32}},{"type":"Polygon","arcs":[[7255,7256]],"properties":{"anthrome":54}},{"type":"Polygon","arcs":[[7257,7258]],"properties":{"anthrome":51}},{"type":"Polygon","arcs":[[-6260,-6341,-6262,7259,7260,-6847,7261,7262,-6897,-6983,-7045,-7145,7263,7264,7265,7266,7267,-6981,7268,-6960,-6959,7269,7270,-6706,7271,7272,-6506,-6258],[-6613,-6614],[-6650],[-6710],[-6709],[-6855,-6854],[-6843]],"properties":{"anthrome":51}},{"type":"Polygon","arcs":[[7273,7274]],"properties":{"anthrome":62}},{"type":"Polygon","arcs":[[7275]],"properties":{"anthrome":53}},{"type":"Polygon","arcs":[[7276,7277]],"properties":{"anthrome":62}},{"type":"Polygon","arcs":[[7278]],"properties":{"anthrome":54}},{"type":"Polygon","arcs":[[7279,7280]],"properties":{"anthrome":54}},{"type":"Polygon","arcs":[[7281,7282,7283]],"properties":{"anthrome":54}},{"type":"Polygon","arcs":[[7284,7285,7286]],"properties":{"anthrome":62}},{"type":"Polygon","arcs":[[7287,7288]],"properties":{"anthrome":33}},{"type":"Polygon","arcs":[[7289,7290,7291]],"properties":{"anthrome":62}},{"type":"Polygon","arcs":[[7292,7293,7294]],"properties":{"anthrome":51}},{"type":"Polygon","arcs":[[7295,7296,7297,7298]],"properties":{"anthrome":52}},{"type":"Polygon","arcs":[[7299,7300,7301,-7297]],"properties":{"anthrome":32}},{"type":"Polygon","arcs":[[7302,7303]],"properties":{"anthrome":23}},{"type":"Polygon","arcs":[[-7225,7304,7305,7306]],"properties":{"anthrome":33}},{"type":"Polygon","arcs":[[7307]],"properties":{"anthrome":51}},{"type":"Polygon","arcs":[[7308,-7265]],"properties":{"anthrome":61}},{"type":"Polygon","arcs":[[7309,-6771,7310,-6749,7311,-6842,-6769,7312,-6962,-6961,7313,7314,7315,7316,7317,-7254,7318,7319,7320,-7055,-7054,-6889,7321,7322,7323,7324,7325,7326],[-6892],[-7002,-7001,7327,-6977,-6976,-6894,7328],[-7058],[7329,-7088,7330,-7061],[-7255]],"properties":{"anthrome":51}},{"type":"Polygon","arcs":[[-4067,7331,7332,7333,-4610,7334,7335,-4791,7336,-5199,7337,-5613,-5612,7338,-6587,7339,7340,7341,7342,-6966,7343,-7017,7344,-7042,7345,7346,-6988,7347,7348,7349,-4915,7350,-4647,7351,-4585,7352,-4762,7353,7354,-4064,-4414,7355,-4229,7356,-4412,7357,-4410,7358,-4785,7359,-4607,7360,7361,-4407],[-4139],[-4371],[7362],[-4315],[-4586],[7363],[-4715],[-4716],[-4787],[-4788],[-4946],[-5079],[-5153],[-5426],[-5689],[-5797]],"properties":{"anthrome":53}},{"type":"Polygon","arcs":[[7364]],"properties":{"anthrome":53}},{"type":"Polygon","arcs":[[7365,7366,7367]],"properties":{"anthrome":53}},{"type":"Polygon","arcs":[[7368]],"properties":{"anthrome":54}},{"type":"Polygon","arcs":[[7369,7370,7371]],"properties":{"anthrome":41}},{"type":"Polygon","arcs":[[7372,7373,7374]],"properties":{"anthrome":42}},{"type":"Polygon","arcs":[[7375]],"properties":{"anthrome":32}},{"type":"Polygon","arcs":[[7376,7377]],"properties":{"anthrome":23}},{"type":"Polygon","arcs":[[7378]],"properties":{"anthrome":52}},{"type":"Polygon","arcs":[[7379]],"properties":{"anthrome":52}},{"type":"Polygon","arcs":[[7380]],"properties":{"anthrome":53}},{"type":"Polygon","arcs":[[7381,7382]],"properties":{"anthrome":61}},{"type":"Polygon","arcs":[[7383]],"properties":{"anthrome":54}},{"type":"Polygon","arcs":[[7384]],"properties":{"anthrome":54}},{"type":"Polygon","arcs":[[7385]],"properties":{"anthrome":43}},{"type":"Polygon","arcs":[[7386]],"properties":{"anthrome":54}},{"type":"Polygon","arcs":[[7387,7388]],"properties":{"anthrome":54}},{"type":"Polygon","arcs":[[-7283,7389]],"properties":{"anthrome":62}},{"type":"Polygon","arcs":[[7390,7391,7392]],"properties":{"anthrome":23}},{"type":"Polygon","arcs":[[7393]],"properties":{"anthrome":51}},{"type":"Polygon","arcs":[[7394,7395,7396]],"properties":{"anthrome":52}},{"type":"Polygon","arcs":[[7397,7398,7399,7400]],"properties":{"anthrome":51}},{"type":"Polygon","arcs":[[-7266,7401,7402,-7399]],"properties":{"anthrome":61}},{"type":"Polygon","arcs":[[7403]],"properties":{"anthrome":23}},{"type":"Polygon","arcs":[[7404,-7299,7405,7406,7407,7408,-7294]],"properties":{"anthrome":32}},{"type":"Polygon","arcs":[[7409]],"properties":{"anthrome":52}},{"type":"Polygon","arcs":[[7410]],"properties":{"anthrome":54}},{"type":"Polygon","arcs":[[7411,7412]],"properties":{"anthrome":54}},{"type":"Polygon","arcs":[[7413,7414,7415]],"properties":{"anthrome":23}},{"type":"Polygon","arcs":[[7416,7417]],"properties":{"anthrome":52}},{"type":"Polygon","arcs":[[-7316,7418,7419,7420]],"properties":{"anthrome":54}},{"type":"Polygon","arcs":[[7421,7422,7423,-7419]],"properties":{"anthrome":51}},{"type":"Polygon","arcs":[[7424,7425,7426]],"properties":{"anthrome":51}},{"type":"Polygon","arcs":[[-7073,7427,-7191,7428,-7235,7429,7430,7431,-7341,7432]],"properties":{"anthrome":54}},{"type":"Polygon","arcs":[[-7431,7433,7434,7435]],"properties":{"anthrome":62}},{"type":"Polygon","arcs":[[7436,7437]],"properties":{"anthrome":54}},{"type":"Polygon","arcs":[[7438,7439,7440,-7397,7441,7442,7443,-7422,-7315]],"properties":{"anthrome":54}},{"type":"Polygon","arcs":[[-7435,7444]],"properties":{"anthrome":61}},{"type":"Polygon","arcs":[[7445,7446,-7371,7447,-7286]],"properties":{"anthrome":54}},{"type":"Polygon","arcs":[[7448,-7378,7449,7450,-7416,7451,7452,7453,7454,7455],[-7394]],"properties":{"anthrome":12}},{"type":"Polygon","arcs":[[7456,7457,7458]],"properties":{"anthrome":54}},{"type":"Polygon","arcs":[[7459]],"properties":{"anthrome":62}},{"type":"Polygon","arcs":[[7460]],"properties":{"anthrome":52}},{"type":"Polygon","arcs":[[7461]],"properties":{"anthrome":52}},{"type":"Polygon","arcs":[[7462,7463]],"properties":{"anthrome":54}},{"type":"Polygon","arcs":[[7464,7465]],"properties":{"anthrome":62}},{"type":"Polygon","arcs":[[7466,7467]],"properties":{"anthrome":33}},{"type":"Polygon","arcs":[[7468,7469]],"properties":{"anthrome":32}},{"type":"Polygon","arcs":[[7470,7471]],"properties":{"anthrome":32}},{"type":"Polygon","arcs":[[7472,7473,-7459,7474]],"properties":{"anthrome":33}},{"type":"Polygon","arcs":[[7475]],"properties":{"anthrome":51}},{"type":"Polygon","arcs":[[7476]],"properties":{"anthrome":61}},{"type":"Polygon","arcs":[[-6629,7477,-6454,7478,7479,-7413,-7464,7480,-7282,-7221,-7159,-7158,-7147,-6851],[-6603],[-6884],[-6994],[-7080],[-7171],[-7411]],"properties":{"anthrome":62}},{"type":"Polygon","arcs":[[7481]],"properties":{"anthrome":54}},{"type":"Polygon","arcs":[[7482,7483,7484,7485]],"properties":{"anthrome":53}},{"type":"Polygon","arcs":[[7486,7487]],"properties":{"anthrome":12}},{"type":"Polygon","arcs":[[7488]],"properties":{"anthrome":61}},{"type":"Polygon","arcs":[[7489]],"properties":{"anthrome":54}},{"type":"Polygon","arcs":[[7490,7491]],"properties":{"anthrome":51}},{"type":"Polygon","arcs":[[7492]],"properties":{"anthrome":52}},{"type":"Polygon","arcs":[[7493,7494]],"properties":{"anthrome":62}},{"type":"Polygon","arcs":[[7495,7496,7497]],"properties":{"anthrome":53}},{"type":"Polygon","arcs":[[7498,7499,7500]],"properties":{"anthrome":53}},{"type":"Polygon","arcs":[[7501]],"properties":{"anthrome":54}},{"type":"Polygon","arcs":[[7502]],"properties":{"anthrome":62}},{"type":"Polygon","arcs":[[7503,7504,7505,7506]],"properties":{"anthrome":42}},{"type":"Polygon","arcs":[[7507,7508,-7505]],"properties":{"anthrome":62}},{"type":"Polygon","arcs":[[7509]],"properties":{"anthrome":32}},{"type":"Polygon","arcs":[[7510,7511,7512]],"properties":{"anthrome":52}},{"type":"Polygon","arcs":[[7513,7514,7515,7516]],"properties":{"anthrome":32}},{"type":"Polygon","arcs":[[7517]],"properties":{"anthrome":51}},{"type":"Polygon","arcs":[[7518,7519,7520,7521,7522,-7425]],"properties":{"anthrome":32}},{"type":"Polygon","arcs":[[7523]],"properties":{"anthrome":54}},{"type":"Polygon","arcs":[[7524]],"properties":{"anthrome":54}},{"type":"Polygon","arcs":[[7525]],"properties":{"anthrome":54}},{"type":"Polygon","arcs":[[7526]],"properties":{"anthrome":54}},{"type":"Polygon","arcs":[[7527]],"properties":{"anthrome":52}},{"type":"Polygon","arcs":[[7528,7529]],"properties":{"anthrome":54}},{"type":"Polygon","arcs":[[7530]],"properties":{"anthrome":53}},{"type":"Polygon","arcs":[[7531,7532]],"properties":{"anthrome":54}},{"type":"Polygon","arcs":[[7533]],"properties":{"anthrome":54}},{"type":"Polygon","arcs":[[7534]],"properties":{"anthrome":62}},{"type":"Polygon","arcs":[[7535,7536,7537]],"properties":{"anthrome":54}},{"type":"Polygon","arcs":[[-7506,7538,7539]],"properties":{"anthrome":43}},{"type":"Polygon","arcs":[[7540,7541]],"properties":{"anthrome":32}},{"type":"Polygon","arcs":[[7542]],"properties":{"anthrome":62}},{"type":"Polygon","arcs":[[-7516,7543,7544,7545]],"properties":{"anthrome":52}},{"type":"Polygon","arcs":[[7546]],"properties":{"anthrome":32}},{"type":"Polygon","arcs":[[7547]],"properties":{"anthrome":53}},{"type":"Polygon","arcs":[[7548]],"properties":{"anthrome":51}},{"type":"Polygon","arcs":[[7549,7550]],"properties":{"anthrome":51}},{"type":"Polygon","arcs":[[7551,7552,7553,7554,7555,7556]],"properties":{"anthrome":52}},{"type":"Polygon","arcs":[[-7485,7557]],"properties":{"anthrome":61}},{"type":"Polygon","arcs":[[7558,7559,7560,-7555]],"properties":{"anthrome":53}},{"type":"Polygon","arcs":[[7561]],"properties":{"anthrome":61}},{"type":"Polygon","arcs":[[7562,7563,7564]],"properties":{"anthrome":61}},{"type":"Polygon","arcs":[[7565]],"properties":{"anthrome":62}},{"type":"Polygon","arcs":[[7566]],"properties":{"anthrome":54}},{"type":"Polygon","arcs":[[7567,7568]],"properties":{"anthrome":32}},{"type":"Polygon","arcs":[[-7545,7569,7570,7571]],"properties":{"anthrome":32}},{"type":"Polygon","arcs":[[7572,7573,7574,7575]],"properties":{"anthrome":54}},{"type":"Polygon","arcs":[[7576,7577,7578,7579]],"properties":{"anthrome":12}},{"type":"Polygon","arcs":[[7580,7581,7582,-7578]],"properties":{"anthrome":32}},{"type":"Polygon","arcs":[[7583,-7267,-7398,-7401,-7427,7584,-7522,7585,-7492,-7551,7586,7587,-7256,7588,7589,-7179,-7143,7590,-7091,-7141,7591,7592,-7440,7593],[-7062],[-7182],[-7259,-7258]],"properties":{"anthrome":52}},{"type":"Polygon","arcs":[[7594,7595,7596]],"properties":{"anthrome":32}},{"type":"Polygon","arcs":[[-6996,7597,7598,7599,-7480],[-7133]],"properties":{"anthrome":54}},{"type":"Polygon","arcs":[[7600]],"properties":{"anthrome":53}},{"type":"Polygon","arcs":[[7601,7602,7603,7604]],"properties":{"anthrome":54}},{"type":"Polygon","arcs":[[-7561,7605,7606]],"properties":{"anthrome":52}},{"type":"Polygon","arcs":[[7607]],"properties":{"anthrome":43}},{"type":"Polygon","arcs":[[7608,7609]],"properties":{"anthrome":32}},{"type":"Polygon","arcs":[[7610,7611,7612,7613]],"properties":{"anthrome":32}},{"type":"Polygon","arcs":[[7614]],"properties":{"anthrome":52}},{"type":"Polygon","arcs":[[7615]],"properties":{"anthrome":54}},{"type":"Polygon","arcs":[[7616]],"properties":{"anthrome":32}},{"type":"Polygon","arcs":[[7617,7618]],"properties":{"anthrome":61}},{"type":"Polygon","arcs":[[7619,7620,7621,7622,7623,7624,7625]],"properties":{"anthrome":53}},{"type":"Polygon","arcs":[[7626,7627]],"properties":{"anthrome":53}},{"type":"Polygon","arcs":[[7628,7629]],"properties":{"anthrome":54}},{"type":"Polygon","arcs":[[7630,-7614,7631,7632,7633,7634]],"properties":{"anthrome":54}},{"type":"Polygon","arcs":[[7635,7636,7637]],"properties":{"anthrome":23}},{"type":"Polygon","arcs":[[-5597,-5537,-5624,-5714,-5792,7638,7639,7640,-6806,7641,7642,7643,7644,-7231,7645,7646,-7494,7647,-7274,7648,-7125,7649,-7003,7650,-6819,7651,7652,-6456,7653,-6387,7654,-6221,-6121,7655,-5788,-5720,7656,7657,-5492,7658],[-6516],[-6687],[-6857],[-7601]],"properties":{"anthrome":54}},{"type":"Polygon","arcs":[[7659,7660]],"properties":{"anthrome":33}},{"type":"Polygon","arcs":[[7661,7662]],"properties":{"anthrome":52}},{"type":"Polygon","arcs":[[7663,7664,7665,7666]],"properties":{"anthrome":54}},{"type":"Polygon","arcs":[[7667,7668,7669,-7665]],"properties":{"anthrome":61}},{"type":"Polygon","arcs":[[7670,7671]],"properties":{"anthrome":61}},{"type":"Polygon","arcs":[[7672,7673,7674]],"properties":{"anthrome":54}},{"type":"Polygon","arcs":[[7675,7676,7677]],"properties":{"anthrome":12}},{"type":"Polygon","arcs":[[7678]],"properties":{"anthrome":32}},{"type":"Polygon","arcs":[[7679,7680]],"properties":{"anthrome":51}},{"type":"Polygon","arcs":[[-7564,7681]],"properties":{"anthrome":53}},{"type":"Polygon","arcs":[[7682,-7634,7683,7684,7685]],"properties":{"anthrome":32}},{"type":"Polygon","arcs":[[7686]],"properties":{"anthrome":53}},{"type":"Polygon","arcs":[[7687]],"properties":{"anthrome":54}},{"type":"Polygon","arcs":[[7688,7689]],"properties":{"anthrome":54}},{"type":"Polygon","arcs":[[7690,7691]],"properties":{"anthrome":54}},{"type":"Polygon","arcs":[[7692,7693,7694]],"properties":{"anthrome":54}},{"type":"Polygon","arcs":[[7695,7696]],"properties":{"anthrome":61}},{"type":"Polygon","arcs":[[7697,7698]],"properties":{"anthrome":54}},{"type":"Polygon","arcs":[[7699,7700]],"properties":{"anthrome":62}},{"type":"Polygon","arcs":[[7701,7702,7703]],"properties":{"anthrome":52}},{"type":"Polygon","arcs":[[7704]],"properties":{"anthrome":54}},{"type":"Polygon","arcs":[[7705,7706]],"properties":{"anthrome":54}},{"type":"Polygon","arcs":[[7707]],"properties":{"anthrome":12}},{"type":"Polygon","arcs":[[7708]],"properties":{"anthrome":12}},{"type":"Polygon","arcs":[[-7628,7709,7710,7711,-7680,7712]],"properties":{"anthrome":52}},{"type":"Polygon","arcs":[[7713]],"properties":{"anthrome":54}},{"type":"Polygon","arcs":[[7714,7715,7716]],"properties":{"anthrome":53}},{"type":"Polygon","arcs":[[7717,-7715]],"properties":{"anthrome":61}},{"type":"Polygon","arcs":[[7718,7719,7720]],"properties":{"anthrome":52}},{"type":"Polygon","arcs":[[7721]],"properties":{"anthrome":54}},{"type":"Polygon","arcs":[[7722]],"properties":{"anthrome":54}},{"type":"Polygon","arcs":[[7723,-7605,7724,7725,7726,7727,7728,7729,-7674,7730,7731,7732,-7574]],"properties":{"anthrome":52}},{"type":"Polygon","arcs":[[7733,-7711]],"properties":{"anthrome":54}},{"type":"Polygon","arcs":[[7734]],"properties":{"anthrome":61}},{"type":"Polygon","arcs":[[7735,7736]],"properties":{"anthrome":51}},{"type":"Polygon","arcs":[[7737,7738,7739]],"properties":{"anthrome":32}},{"type":"Polygon","arcs":[[7740,7741]],"properties":{"anthrome":61}},{"type":"Polygon","arcs":[[7742]],"properties":{"anthrome":61}},{"type":"Polygon","arcs":[[7743]],"properties":{"anthrome":61}},{"type":"Polygon","arcs":[[7744,7745]],"properties":{"anthrome":54}},{"type":"Polygon","arcs":[[7746,7747]],"properties":{"anthrome":61}},{"type":"Polygon","arcs":[[7748,7749,7750,-7747]],"properties":{"anthrome":54}},{"type":"Polygon","arcs":[[7751]],"properties":{"anthrome":61}},{"type":"Polygon","arcs":[[7752]],"properties":{"anthrome":54}},{"type":"Polygon","arcs":[[7753]],"properties":{"anthrome":54}},{"type":"Polygon","arcs":[[7754,7755,7756]],"properties":{"anthrome":54}},{"type":"Polygon","arcs":[[-7706,7757,7758,-7755]],"properties":{"anthrome":52}},{"type":"Polygon","arcs":[[7759,7760,7761,-7758]],"properties":{"anthrome":54}},{"type":"Polygon","arcs":[[7762,7763,-7728]],"properties":{"anthrome":32}},{"type":"Polygon","arcs":[[7764]],"properties":{"anthrome":61}},{"type":"Polygon","arcs":[[7765,7766,7767]],"properties":{"anthrome":52}},{"type":"Polygon","arcs":[[7768,7769,7770,7771]],"properties":{"anthrome":52}},{"type":"Polygon","arcs":[[7772,-7374,7773,-7504,7774,-7539,-7509,-7542,7775,7776,7777],[-7608]],"properties":{"anthrome":54}},{"type":"Polygon","arcs":[[7778,-2594,7779,-2633,7780,-2635,-2642,-3660,-3659,-4043,7781,-3655,7782,7783,-4046,7784,-3781,-5052,7785,-4704,-6207,-6206,-6205,7786,-5835,7787,-6202,-6201,7788,-6109,7789,-6199,-6198,7790,-6162,7791,-6195,-6194,7792,-5117,7793,-4980,7794,-5036,7795,-4304,7796,-5033,7797,7798,-5030,7799,-3604,7800,-5027,7801,-3429,7802,7803,-3214,7804,7805,7806,7807,7808,-3191,7809,-3321,7810,-3251,7811,-3305,7812,-3392,7813,-3318,7814,-4364,-4363,7815,-3609,7816,-4360,7817,7818,-4356,-4194,-4157,-4355,7819,7820,-4352,7821,-4116,7822,-4504,-4503,7823,-4567,-4621,-4666,7824,-4749,7825,-4904,7826,-4989,7827,7828,-5386,7829,-4983,7830,-5394,7831,-6752,7832,-5121,-5194,7833,-6784,7834,7835,-6781,-6780,7836,7837,-6776,7838,-6338,7839,-6773,7840,-7327,7841,-6705,7842,-6840,7843,-7323,7844,-6956,7845,-7067,7846,7847,7848,-7475,7849,7850,7851,-7626,7852,7853,7854,-7100,7855,7856,7857,-7040,7858,7859,7860,7861,7862,7863,7864,-7470,-7511,7865,7866,7867,7868,7869,7870,-7467,7871,-7466,7872,-7239,7873,-7292,7874,-7288,7875,-7081,7876,-6998,7877,7878,-6995,-7479,-6476,-6361,7879,-6058,7880,-5822,7881,-6062,7882,7883,7884,-6268,7885,7886,7887,-5820,7888,-6021,7889,-6016,-6090,7890,7891,-6011,7892,-5813,7893,7894,-5668,7895,-5465,7896,-5879,7897,7898,-4955,7899,7900,-5305,7901,-5432,7902,-5617,-5513,7903,-5419,7904,-5373,7905,-5357,7906,-5379,7907,-5381,7908,-5284,7909,-5334,7910,-5312,7911,7912,7913,-5183,7914,7915,-5221,-5099,7916,-5275,7917,7918,-5362,7919,7920,-5621,7921,-5780,7922,7923,-6151,-6234,7924,-7026,-6152,-6096,-6033,7925,-5657,-5656,7926,-5654,-5661,-5660,7927,-4967,7928,-4808,7929,-4587,-4494,-4300,7930,-4330,-4493,-4558,7931,-5104,-5103,7932,-4894,7933,-4758,7934,-4659,7935,-4327,7936,-4555,-4614,7937,-5877,-5876,-5875,-4019,7938,-3743,-3742,-3741,7939,-3292,7940,-3739,7941,-3112,7942,-3736,-2990,-3733,-3732,7943,-2900,7944,-3729,-2903,7945,7946,-3725,7947,-2693,7948,-3722,-3721],[-2904,-2905],[-2837],[-2871],[-2838],[-2906],[-2939,-2940],[-2991],[-2992],[-3056],[-3133],[-3199],[-3200],[7949,-3476,-3475,7950,-3454],[-3375],[-3376],[-3377],[-3378],[-3427],[7951,-3512,7952,-3513,-3451],[-3455],[-3456],[-3508],[-3778],[-3592,7953,-3594,7954],[-3596],[-3777],[-3822],[-4208,-4207],[-4040],[-4096],[-4097],[-4180],[-4144],[-4243],[-4297],[-4233],[-4625],[-4238],[-4272],[-4580],[-4302],[-4490,7955],[-4331],[-4332],[-4333],[-4375],[-4581],[-4759,-4760],[-4496],[-4497],[-4556],[-4559],[-4564],[-4618],[-4619],[-4620],[-4700],[-4662],[-4860],[-4764],[-4767,7956,-4737,7957],[-4810],[-4899],[7958,7959,-5113,7960,-4969],[-5165,7961,-5167,7962],[7963,-5268,7964,-5189],[-5192],[-5229],[-5270],[-5314],[-5315],[7965,7966,-5475],[-5382],[-5468],[7967,-5577,7968,-5504],[-5582],[-5622],[-5583],[-5646],[-5695],[7969,7970,7971,7972,7973,-5829,7974,7975,-6101,-6328,7976,7977,-6538,7978,7979,-6677,-6698,7980,-6643,-6674,-6673,7981,7982,-6702,7983,7984,-6670,7985,-6408,7986,-6686],[-5696],[-5738],[-5987],[-6034],[-6038],[-6039],[-6040],[-6094],[-6095],[-6102],[-6192,-6107,7987],[-6155,-6154],[-6310,-6309,7988,-6158,-6157,7989],[-6160],[-6231],[-6245],[-6248,-6330,7990,-6250,7991],[7992,-6332,7993,-6252],[-6311],[-6358],[-6334],[-6410],[-6567],[-6412,-6411],[-6413],[-6497],[-6477],[-6478],[-6479],[-6480],[-6481],[-6537],[-6548],[-6573,-6882,-7053,-7052,-6972,-6887,-6879,-6837,-6878,7994,-6610,7995,-6571],[-6549],[-6550],[-6660],[-6661],[-6727],[-6728],[-6699],[-6741],[-6816],[-6745],[-6856],[-6832],[-6864],[-7024],[-7071],[-7083,-7084],[-7085],[-7135,-7136],[-7174,-7175],[-7195,-7196],[7996,-7250,7997,-7201],[-7240,-7241],[-7376],[-7379],[-7417,-7418],[-7510],[-7543]],"properties":{"anthrome":54}},{"type":"Polygon","arcs":[[7998]],"properties":{"anthrome":54}},{"type":"Polygon","arcs":[[7999,8000]],"properties":{"anthrome":32}},{"type":"Polygon","arcs":[[8001]],"properties":{"anthrome":53}},{"type":"Polygon","arcs":[[8002,8003]],"properties":{"anthrome":33}},{"type":"Polygon","arcs":[[8004,8005]],"properties":{"anthrome":32}},{"type":"Polygon","arcs":[[8006]],"properties":{"anthrome":52}},{"type":"Polygon","arcs":[[8007,8008]],"properties":{"anthrome":52}},{"type":"Polygon","arcs":[[-7229,-7588,8009,-7597,-7619,8010,8011,8012,8013,8014,-7443,8015,8016]],"properties":{"anthrome":51}},{"type":"Polygon","arcs":[[8017,8018]],"properties":{"anthrome":53}},{"type":"Polygon","arcs":[[8019,8020]],"properties":{"anthrome":61}},{"type":"Polygon","arcs":[[8021]],"properties":{"anthrome":54}},{"type":"Polygon","arcs":[[-7759,8022,8023,8024]],"properties":{"anthrome":51}},{"type":"Polygon","arcs":[[-7762,8025,8026,-8023]],"properties":{"anthrome":52}},{"type":"Polygon","arcs":[[-7729,8027,-8026]],"properties":{"anthrome":32}},{"type":"Polygon","arcs":[[8028,8029,8030]],"properties":{"anthrome":54}},{"type":"Polygon","arcs":[[8031]],"properties":{"anthrome":61}},{"type":"Polygon","arcs":[[8032]],"properties":{"anthrome":54}},{"type":"Polygon","arcs":[[8033]],"properties":{"anthrome":53}},{"type":"Polygon","arcs":[[8034,8035]],"properties":{"anthrome":51}},{"type":"Polygon","arcs":[[8036,8037]],"properties":{"anthrome":62}},{"type":"Polygon","arcs":[[8038]],"properties":{"anthrome":51}},{"type":"Polygon","arcs":[[8039,8040,8041]],"properties":{"anthrome":54}},{"type":"Polygon","arcs":[[8042,8043,-8020]],"properties":{"anthrome":53}},{"type":"Polygon","arcs":[[8044]],"properties":{"anthrome":62}},{"type":"Polygon","arcs":[[8045,8046,8047,8048]],"properties":{"anthrome":54}},{"type":"Polygon","arcs":[[8049]],"properties":{"anthrome":54}},{"type":"Polygon","arcs":[[-7408,-7472,8050,8051,8052,-7686,-7569,-7610,-8001,8053,8054,8055,8056,8057,-7870,8058,-7703,8059,-7867,8060,-7512,-7469],[-7723]],"properties":{"anthrome":51}},{"type":"Polygon","arcs":[[8061,-8057]],"properties":{"anthrome":52}},{"type":"Polygon","arcs":[[8062,8063,8064,-8055]],"properties":{"anthrome":61}},{"type":"Polygon","arcs":[[8065,8066,8067,-8064]],"properties":{"anthrome":32}},{"type":"Polygon","arcs":[[8068]],"properties":{"anthrome":32}},{"type":"Polygon","arcs":[[8069]],"properties":{"anthrome":52}},{"type":"Polygon","arcs":[[-8027,8070,8071]],"properties":{"anthrome":51}},{"type":"Polygon","arcs":[[8072]],"properties":{"anthrome":32}},{"type":"Polygon","arcs":[[-8019,8073,8074]],"properties":{"anthrome":61}},{"type":"Polygon","arcs":[[-7742,8075,8076,8077,8078,8079,8080,8081]],"properties":{"anthrome":52}},{"type":"Polygon","arcs":[[8082,8083,8084,8085]],"properties":{"anthrome":32}},{"type":"Polygon","arcs":[[8086,8087]],"properties":{"anthrome":54}},{"type":"Polygon","arcs":[[8088,8089,8090,8091,8092,-8028]],"properties":{"anthrome":52}},{"type":"Polygon","arcs":[[8093,8094,8095,8096,8097]],"properties":{"anthrome":54}},{"type":"Polygon","arcs":[[8098]],"properties":{"anthrome":61}},{"type":"Polygon","arcs":[[8099,8100,8101]],"properties":{"anthrome":32}},{"type":"Polygon","arcs":[[8102,8103,8104]],"properties":{"anthrome":32}},{"type":"Polygon","arcs":[[8105,-8078,8106]],"properties":{"anthrome":54}},{"type":"Polygon","arcs":[[8107,8108]],"properties":{"anthrome":33}},{"type":"Polygon","arcs":[[8109,8110,-8037]],"properties":{"anthrome":54}},{"type":"Polygon","arcs":[[8111,8112,8113]],"properties":{"anthrome":63}},{"type":"Polygon","arcs":[[8114,8115]],"properties":{"anthrome":54}},{"type":"Polygon","arcs":[[8116]],"properties":{"anthrome":62}},{"type":"Polygon","arcs":[[8117]],"properties":{"anthrome":62}},{"type":"Polygon","arcs":[[8118]],"properties":{"anthrome":54}},{"type":"Polygon","arcs":[[-8062,8119]],"properties":{"anthrome":61}},{"type":"Polygon","arcs":[[8120,8121,8122,8123]],"properties":{"anthrome":52}},{"type":"Polygon","arcs":[[8124]],"properties":{"anthrome":54}},{"type":"Polygon","arcs":[[8125,8126]],"properties":{"anthrome":32}},{"type":"Polygon","arcs":[[8127,8128]],"properties":{"anthrome":61}},{"type":"Polygon","arcs":[[8129,8130,8131]],"properties":{"anthrome":52}},{"type":"Polygon","arcs":[[-8096,8132]],"properties":{"anthrome":32}},{"type":"Polygon","arcs":[[-7630,-7667,8133,-7669,8134,-7672,8135,8136,8137,8138,8139,-8113,8140,-8040,8141,-7750,8142,-7693,8143,8144,-7692,-7746,8145]],"properties":{"anthrome":53}},{"type":"Polygon","arcs":[[8146]],"properties":{"anthrome":54}},{"type":"Polygon","arcs":[[8147]],"properties":{"anthrome":43}},{"type":"Polygon","arcs":[[8148,8149,8150,8151]],"properties":{"anthrome":54}},{"type":"Polygon","arcs":[[8152,8153,-8138]],"properties":{"anthrome":61}},{"type":"Polygon","arcs":[[8154,8155]],"properties":{"anthrome":32}},{"type":"Polygon","arcs":[[8156,8157,8158]],"properties":{"anthrome":32}},{"type":"Polygon","arcs":[[-8123,8159,8160,8161]],"properties":{"anthrome":54}},{"type":"Polygon","arcs":[[-8085,8162,8163,-8160]],"properties":{"anthrome":51}},{"type":"Polygon","arcs":[[-7320,8164,8165,8166,8167,-8014,8168,-8098,8169,8170,8171,8172,-7621,8173,-7851,-7850,-7458,8174,8175,-7848,8176,-7065,-7124,-7321],[-7137,-7138],[-7176,-7177],[8177,-7306,8178,-7206,8179],[-7252],[-7308],[-7476],[-7490],[-7518],[-7548],[-7549],[-7617],[-7679]],"properties":{"anthrome":52}},{"type":"Polygon","arcs":[[8180,8181,8182]],"properties":{"anthrome":52}},{"type":"Polygon","arcs":[[8183]],"properties":{"anthrome":52}},{"type":"Polygon","arcs":[[8184,8185,8186,-8074]],"properties":{"anthrome":53}},{"type":"Polygon","arcs":[[8187,8188,8189,-7368,8190,8191,-7498,8192,8193,8194,8195,8196,8197,-8003,-7689,-7660,8198,-7529,8199,8200,-7212],[-7276],[-7381]],"properties":{"anthrome":52}},{"type":"Polygon","arcs":[[8201,8202,8203,8204]],"properties":{"anthrome":54}},{"type":"Polygon","arcs":[[8205,8206,8207,8208,8209]],"properties":{"anthrome":54}},{"type":"Polygon","arcs":[[8210,-8107,8211,8212,-8080]],"properties":{"anthrome":51}},{"type":"Polygon","arcs":[[8213,8214,8215,8216]],"properties":{"anthrome":54}},{"type":"Polygon","arcs":[[8217,8218]],"properties":{"anthrome":62}},{"type":"Polygon","arcs":[[8219]],"properties":{"anthrome":61}},{"type":"Polygon","arcs":[[-8197,8220]],"properties":{"anthrome":33}},{"type":"Polygon","arcs":[[8221]],"properties":{"anthrome":52}},{"type":"Polygon","arcs":[[8222,8223,8224,8225]],"properties":{"anthrome":32}},{"type":"Polygon","arcs":[[8226,8227]],"properties":{"anthrome":33}},{"type":"Polygon","arcs":[[8228]],"properties":{"anthrome":61}},{"type":"Polygon","arcs":[[8229]],"properties":{"anthrome":61}},{"type":"Polygon","arcs":[[8230]],"properties":{"anthrome":54}},{"type":"Polygon","arcs":[[8231,8232,8233]],"properties":{"anthrome":54}},{"type":"Polygon","arcs":[[8234,-8232]],"properties":{"anthrome":62}},{"type":"Polygon","arcs":[[8235]],"properties":{"anthrome":54}},{"type":"Polygon","arcs":[[8236,8237]],"properties":{"anthrome":32}},{"type":"Polygon","arcs":[[-8131,8238,8239,8240,-8182]],"properties":{"anthrome":54}},{"type":"Polygon","arcs":[[8241,8242]],"properties":{"anthrome":61}},{"type":"Polygon","arcs":[[8243]],"properties":{"anthrome":54}},{"type":"Polygon","arcs":[[8244]],"properties":{"anthrome":54}},{"type":"Polygon","arcs":[[-8186,8245]],"properties":{"anthrome":61}},{"type":"Polygon","arcs":[[8246,8247]],"properties":{"anthrome":54}},{"type":"Polygon","arcs":[[8248,8249]],"properties":{"anthrome":62}},{"type":"Polygon","arcs":[[8250,8251,8252]],"properties":{"anthrome":32}},{"type":"Polygon","arcs":[[-8164,8253,8254]],"properties":{"anthrome":54}},{"type":"Polygon","arcs":[[8255,8256,8257,-8254]],"properties":{"anthrome":51}},{"type":"Polygon","arcs":[[8258,8259,8260,-8257]],"properties":{"anthrome":52}},{"type":"Polygon","arcs":[[8261,8262,8263,8264]],"properties":{"anthrome":52}},{"type":"Polygon","arcs":[[8265,8266,8267,8268]],"properties":{"anthrome":54}},{"type":"Polygon","arcs":[[8269,8270]],"properties":{"anthrome":52}},{"type":"Polygon","arcs":[[8271,8272]],"properties":{"anthrome":54}},{"type":"Polygon","arcs":[[-8233,8273,8274,-8272]],"properties":{"anthrome":62}},{"type":"Polygon","arcs":[[8275,8276]],"properties":{"anthrome":54}},{"type":"Polygon","arcs":[[-8209,8277,8278,8279]],"properties":{"anthrome":32}},{"type":"Polygon","arcs":[[8280]],"properties":{"anthrome":54}},{"type":"Polygon","arcs":[[8281,8282]],"properties":{"anthrome":32}},{"type":"Polygon","arcs":[[-8240,8283,8284,8285]],"properties":{"anthrome":52}},{"type":"Polygon","arcs":[[8286,8287]],"properties":{"anthrome":32}},{"type":"Polygon","arcs":[[8288,8289,-8101,8290,8291,8292,8293,8294,-8226,8295,8296,8297,-8267,8298,8299,8300,8301,-8196,8302],[-8222]],"properties":{"anthrome":51}},{"type":"Polygon","arcs":[[8303,8304,8305,8306,8307,-8262,8308,8309,-7770]],"properties":{"anthrome":54}},{"type":"Polygon","arcs":[[8310,8311,8312,8313]],"properties":{"anthrome":52}},{"type":"Polygon","arcs":[[8314,8315,-8312]],"properties":{"anthrome":54}},{"type":"Polygon","arcs":[[-8301,8316]],"properties":{"anthrome":32}},{"type":"Polygon","arcs":[[8317]],"properties":{"anthrome":52}},{"type":"Polygon","arcs":[[8318,8319]],"properties":{"anthrome":61}},{"type":"Polygon","arcs":[[8320,8321]],"properties":{"anthrome":52}},{"type":"Polygon","arcs":[[8322,8323]],"properties":{"anthrome":61}},{"type":"Polygon","arcs":[[8324]],"properties":{"anthrome":62}},{"type":"Polygon","arcs":[[8325]],"properties":{"anthrome":62}},{"type":"Polygon","arcs":[[8326,8327]],"properties":{"anthrome":54}},{"type":"Polygon","arcs":[[8328]],"properties":{"anthrome":62}},{"type":"Polygon","arcs":[[8329]],"properties":{"anthrome":32}},{"type":"Polygon","arcs":[[8330,8331,8332,8333]],"properties":{"anthrome":32}},{"type":"Polygon","arcs":[[8334]],"properties":{"anthrome":32}},{"type":"Polygon","arcs":[[8335,8336]],"properties":{"anthrome":54}},{"type":"Polygon","arcs":[[8337,8338,8339]],"properties":{"anthrome":54}},{"type":"Polygon","arcs":[[8340,8341,8342,8343]],"properties":{"anthrome":54}},{"type":"Polygon","arcs":[[8344,8345]],"properties":{"anthrome":61}},{"type":"Polygon","arcs":[[8346,8347]],"properties":{"anthrome":61}},{"type":"Polygon","arcs":[[8348,8349,8350]],"properties":{"anthrome":54}},{"type":"Polygon","arcs":[[8351,-8314,8352,8353,-8341,8354]],"properties":{"anthrome":51}},{"type":"Polygon","arcs":[[8355]],"properties":{"anthrome":53}},{"type":"Polygon","arcs":[[8356,8357,8358]],"properties":{"anthrome":54}},{"type":"Polygon","arcs":[[8359]],"properties":{"anthrome":51}},{"type":"Polygon","arcs":[[8360]],"properties":{"anthrome":61}},{"type":"Polygon","arcs":[[8361,8362,8363,8364]],"properties":{"anthrome":52}},{"type":"Polygon","arcs":[[8365,-8363,-8321]],"properties":{"anthrome":53}},{"type":"Polygon","arcs":[[8366]],"properties":{"anthrome":54}},{"type":"Polygon","arcs":[[8367]],"properties":{"anthrome":54}},{"type":"Polygon","arcs":[[8368]],"properties":{"anthrome":62}},{"type":"Polygon","arcs":[[8369,8370,8371]],"properties":{"anthrome":54}},{"type":"Polygon","arcs":[[8372,8373]],"properties":{"anthrome":32}},{"type":"Polygon","arcs":[[-8343,8374,8375]],"properties":{"anthrome":62}},{"type":"Polygon","arcs":[[8376,8377,8378,-8345]],"properties":{"anthrome":52}},{"type":"Polygon","arcs":[[8379,-8271,-8322,-8362,8380,-8359,8381,8382,-8349,-8153]],"properties":{"anthrome":53}},{"type":"Polygon","arcs":[[-8158,-8253,8383,8384,8385,8386,8387,-8373,-8332,8388,8389,8390]],"properties":{"anthrome":54}},{"type":"Polygon","arcs":[[8391,8392,8393]],"properties":{"anthrome":53}},{"type":"Polygon","arcs":[[8394,8395,8396,8397]],"properties":{"anthrome":61}},{"type":"Polygon","arcs":[[8398,8399,8400,8401,-8323]],"properties":{"anthrome":53}},{"type":"Polygon","arcs":[[8402,8403,8404,-8306]],"properties":{"anthrome":52}},{"type":"Polygon","arcs":[[8405,8406]],"properties":{"anthrome":32}},{"type":"Polygon","arcs":[[8407]],"properties":{"anthrome":52}},{"type":"Polygon","arcs":[[-8392,8408]],"properties":{"anthrome":54}},{"type":"Polygon","arcs":[[8409,-8382]],"properties":{"anthrome":61}},{"type":"Polygon","arcs":[[-8401,8410]],"properties":{"anthrome":54}},{"type":"Polygon","arcs":[[8411]],"properties":{"anthrome":53}},{"type":"Polygon","arcs":[[8412,8413]],"properties":{"anthrome":53}},{"type":"Polygon","arcs":[[8414]],"properties":{"anthrome":62}},{"type":"Polygon","arcs":[[8415,8416]],"properties":{"anthrome":62}},{"type":"Polygon","arcs":[[8417,8418,8419]],"properties":{"anthrome":54}},{"type":"Polygon","arcs":[[-8371,8420,-8418]],"properties":{"anthrome":62}},{"type":"Polygon","arcs":[[-8388,8421]],"properties":{"anthrome":32}},{"type":"Polygon","arcs":[[8422,8423,8424,8425]],"properties":{"anthrome":54}},{"type":"Polygon","arcs":[[8426,8427]],"properties":{"anthrome":53}},{"type":"Polygon","arcs":[[8428,8429,8430]],"properties":{"anthrome":51}},{"type":"Polygon","arcs":[[8431]],"properties":{"anthrome":53}},{"type":"Polygon","arcs":[[8432]],"properties":{"anthrome":62}},{"type":"Polygon","arcs":[[8433,8434]],"properties":{"anthrome":62}},{"type":"Polygon","arcs":[[8435]],"properties":{"anthrome":62}},{"type":"Polygon","arcs":[[-8387,8436,8437,8438]],"properties":{"anthrome":32}},{"type":"Polygon","arcs":[[8439,8440,8441]],"properties":{"anthrome":61}},{"type":"Polygon","arcs":[[-8024,-8072,8442,-8092,8443,8444,8445,-8283,8446,8447,8448,8449,8450,-8260,8451,8452]],"properties":{"anthrome":54}},{"type":"Polygon","arcs":[[8453,8454]],"properties":{"anthrome":61}},{"type":"Polygon","arcs":[[8455,8456]],"properties":{"anthrome":62}},{"type":"Polygon","arcs":[[8457,8458,8459]],"properties":{"anthrome":42}},{"type":"Polygon","arcs":[[-8427,8460,8461]],"properties":{"anthrome":52}},{"type":"Polygon","arcs":[[8462,8463]],"properties":{"anthrome":33}},{"type":"Polygon","arcs":[[8464]],"properties":{"anthrome":54}},{"type":"Polygon","arcs":[[8465]],"properties":{"anthrome":62}},{"type":"Polygon","arcs":[[8466,8467]],"properties":{"anthrome":43}},{"type":"Polygon","arcs":[[8468]],"properties":{"anthrome":54}},{"type":"Polygon","arcs":[[8469,8470,8471,8472]],"properties":{"anthrome":32}},{"type":"Polygon","arcs":[[-8441,8473,8474]],"properties":{"anthrome":54}},{"type":"Polygon","arcs":[[-7481,8475,8476,8477,8478,8479,-8460,8480,8481,8482,8483,8484,-8155,8485,-8005,8486,8487],[-7535],[-8118]],"properties":{"anthrome":54}},{"type":"Polygon","arcs":[[8488,8489,-2925,8490,-3108,8491,-3416,8492,-3437,8493,-3855,8494,-3852,8495,-7354,8496,8497,-4917,8498,-7349,8499,-7165,-7220,-7278,8500,-7663,8501,-8082,8502,-8036,8503,-8212,8504,8505,-8227,8506,8507,8508,-8431,8509,8510,8511,8512,8513,8514,-8297,8515,-8224,8516,8517,-8104,8518,-8292,8519,8520,-8289,8521,-7736,8522,-8194,8523,8524,8525,8526,-8189,8527,-7210,8528,-7028,8529,-7214,8530,-8200,8531,8532,8533,8534,-7005,8535,-6804,8536,-6225,8537,8538,-6461,8539,-6621,-6620,-6579,8540,-7036,-7035,8541,-7032,-6290,-6120,-5766,-5849,8542,-5236,8543,-6798,-4643,-4642,8544,-4636,-4639,8545,-6796,-4782,8546,-4938,-4937,8547,8548,8549,-4293,8550,-4223,8551,8552,-4369,8553,-4945,8554,-4537,8555,-4680,8556,-4312,8557,-4162,8558,-3533],[-2978],[-3435],[-3584],[-3808],[-3809],[-4022],[-4023],[-4296,-4295],[-4024],[-4138],[-4257],[-4258],[-4370],[-4542],[-4582],[-4543],[-4641],[-4699],[-5018],[-5565],[-5634],[-5728],[-6187],[-6689,-6688],[-6690],[-6729],[-6963],[-7046],[-7072],[-7461],[8559,-7556,-7607,8560,8561,-7553,8562,-7499],[8563,-7738,8564,-7721],[-8318],[-8360],[-8408]],"properties":{"anthrome":54}},{"type":"Polygon","arcs":[[-8333,-8374,-8422,-8439,8565,8566,8567,-8470,8568,8569,8570,8571]],"properties":{"anthrome":54}},{"type":"Polygon","arcs":[[8572]],"properties":{"anthrome":62}},{"type":"Polygon","arcs":[[-8570,8573,8574,8575,8576],[-8469]],"properties":{"anthrome":51}},{"type":"Polygon","arcs":[[8577]],"properties":{"anthrome":51}},{"type":"Polygon","arcs":[[-8483,8578]],"properties":{"anthrome":62}},{"type":"Polygon","arcs":[[8579,8580]],"properties":{"anthrome":33}},{"type":"Polygon","arcs":[[8581]],"properties":{"anthrome":54}},{"type":"Polygon","arcs":[[8582,8583,8584]],"properties":{"anthrome":42}},{"type":"Polygon","arcs":[[8585]],"properties":{"anthrome":62}},{"type":"Polygon","arcs":[[8586,8587,8588]],"properties":{"anthrome":54}},{"type":"Polygon","arcs":[[-8472,8589,8590]],"properties":{"anthrome":51}},{"type":"Polygon","arcs":[[8591,8592]],"properties":{"anthrome":32}},{"type":"Polygon","arcs":[[8593,8594]],"properties":{"anthrome":61}},{"type":"Polygon","arcs":[[8595,-8269,8596,-8514,8597,8598,8599,-8580,8600,-8463,8601,-8406,8602,-8300]],"properties":{"anthrome":52}},{"type":"Polygon","arcs":[[-8413,8603,8604,8605]],"properties":{"anthrome":51}},{"type":"Polygon","arcs":[[8606,8607,8608,8609]],"properties":{"anthrome":43}},{"type":"Polygon","arcs":[[8610,8611,8612,-8599]],"properties":{"anthrome":51}},{"type":"Polygon","arcs":[[8613]],"properties":{"anthrome":52}},{"type":"Polygon","arcs":[[8614,8615,8616,8617]],"properties":{"anthrome":51}},{"type":"Polygon","arcs":[[8618,8619,8620,-8616]],"properties":{"anthrome":61}},{"type":"Polygon","arcs":[[8621]],"properties":{"anthrome":54}},{"type":"Polygon","arcs":[[8622,8623]],"properties":{"anthrome":34}},{"type":"Polygon","arcs":[[8624,-8605]],"properties":{"anthrome":61}},{"type":"Polygon","arcs":[[8625,8626,8627]],"properties":{"anthrome":42}},{"type":"Polygon","arcs":[[8628,8629]],"properties":{"anthrome":53}},{"type":"Polygon","arcs":[[-7438,-7447,8630,-7538,-7537,8631,-7777,8632,8633,-8088,-8277,8634,-8372,-8420,8635,8636,8637,8638,-8589,8639,8640,8641,8642,-8607,-8478,-8477,-8476,-7463,-7412,-7600,-7599,-7598,-7879],[-7134],[-7173,-7172],[-7567],[-7722],[-8119],[-8147]],"properties":{"anthrome":62}},{"type":"Polygon","arcs":[[8643,-8248,8644,-8454,8645,8646,8647,-8397,8648,8649]],"properties":{"anthrome":53}},{"type":"Polygon","arcs":[[8650,8651,8652]],"properties":{"anthrome":53}},{"type":"Polygon","arcs":[[8653]],"properties":{"anthrome":43}},{"type":"Polygon","arcs":[[8654,-8640]],"properties":{"anthrome":54}},{"type":"Polygon","arcs":[[-8575,-8591,8655,8656,-8576]],"properties":{"anthrome":54}},{"type":"Polygon","arcs":[[8657]],"properties":{"anthrome":32}},{"type":"Polygon","arcs":[[8658,8659,8660]],"properties":{"anthrome":61}},{"type":"Polygon","arcs":[[8661,8662,8663]],"properties":{"anthrome":42}},{"type":"Polygon","arcs":[[8664,8665,8666,8667]],"properties":{"anthrome":41}},{"type":"Polygon","arcs":[[8668,8669]],"properties":{"anthrome":61}},{"type":"Polygon","arcs":[[8670]],"properties":{"anthrome":61}},{"type":"Polygon","arcs":[[8671,8672,8673]],"properties":{"anthrome":61}},{"type":"Polygon","arcs":[[-8048,8674,8675,-8215,8676,8677,8678,8679,8680,-8662,-8627,8681,8682,8683,8684,-8204,8685,8686,8687]],"properties":{"anthrome":43}},{"type":"Polygon","arcs":[[8688,-8468,8689,8690,8691,8692,8693,-8637]],"properties":{"anthrome":54}},{"type":"Polygon","arcs":[[8694,-6564,8695,-6666,8696,-6940,-6939,8697,-6872,8698,-6829,8699,-7148,-7070,-7131,-7188,8700,-7280,-7389,8701,8702,8703,8704,8705,8706,8707,-8234,-8273,8708,8709,8710,-8678,8711,-8217,8712,8713,-8046,8714,-8687,8715,-8202,8716,-7698,8717,-7532,8718,-7192,8719,8720,-7156,8721,8722,-7185,8723,-7111,8724,-7021,8725,-6948,8726,-6824,-6814,-6917,-6916],[-6592],[-6667],[-6734],[-7183],[-7154],[-7051],[-7078,-7079],[-7482],[-7236],[-7369],[-7279],[-7384],[-7385],[-7386],[-7387],[-7525],[-7526],[-7527],[-7502],[-7534],[-7714],[-7999],[-8033],[-7753],[-7754],[-8022],[-8050],[-8115,-8116],[-8244],[-8231],[-8327,-8328],[-8368]],"properties":{"anthrome":62}},{"type":"Polygon","arcs":[[8727,-8629,8728,8729,8730,-8474]],"properties":{"anthrome":52}},{"type":"Polygon","arcs":[[8731,-8691]],"properties":{"anthrome":43}},{"type":"Polygon","arcs":[[8732,8733,8734]],"properties":{"anthrome":61}},{"type":"Polygon","arcs":[[8735,8736,8737]],"properties":{"anthrome":54}},{"type":"Polygon","arcs":[[8738]],"properties":{"anthrome":52}},{"type":"Polygon","arcs":[[8739,8740,8741]],"properties":{"anthrome":32}},{"type":"Polygon","arcs":[[8742,8743]],"properties":{"anthrome":53}},{"type":"Polygon","arcs":[[8744]],"properties":{"anthrome":62}},{"type":"Polygon","arcs":[[8745,8746]],"properties":{"anthrome":51}},{"type":"Polygon","arcs":[[8747,8748,-8746]],"properties":{"anthrome":52}},{"type":"Polygon","arcs":[[8749]],"properties":{"anthrome":32}},{"type":"Polygon","arcs":[[8750]],"properties":{"anthrome":51}},{"type":"Polygon","arcs":[[8751]],"properties":{"anthrome":33}},{"type":"Polygon","arcs":[[8752,8753,8754]],"properties":{"anthrome":43}},{"type":"Polygon","arcs":[[8755]],"properties":{"anthrome":32}},{"type":"Polygon","arcs":[[8756,8757,8758]],"properties":{"anthrome":32}},{"type":"Polygon","arcs":[[8759,8760,8761,8762]],"properties":{"anthrome":32}},{"type":"Polygon","arcs":[[-8741,8763,8764,-8761]],"properties":{"anthrome":62}},{"type":"Polygon","arcs":[[8765,8766,8767,8768]],"properties":{"anthrome":54}},{"type":"Polygon","arcs":[[-8673,8769,8770,8771,8772,8773]],"properties":{"anthrome":54}},{"type":"Polygon","arcs":[[8774]],"properties":{"anthrome":61}},{"type":"Polygon","arcs":[[8775]],"properties":{"anthrome":52}},{"type":"Polygon","arcs":[[8776]],"properties":{"anthrome":54}},{"type":"Polygon","arcs":[[-8734,8777]],"properties":{"anthrome":62}},{"type":"Polygon","arcs":[[8778,8779]],"properties":{"anthrome":33}},{"type":"Polygon","arcs":[[8780]],"properties":{"anthrome":54}},{"type":"Polygon","arcs":[[8781]],"properties":{"anthrome":43}},{"type":"Polygon","arcs":[[8782,8783]],"properties":{"anthrome":43}},{"type":"Polygon","arcs":[[8784,8785]],"properties":{"anthrome":51}},{"type":"Polygon","arcs":[[8786,8787]],"properties":{"anthrome":61}},{"type":"Polygon","arcs":[[8788,8789]],"properties":{"anthrome":42}},{"type":"Polygon","arcs":[[8790,-8666,8791,8792],[-8781]],"properties":{"anthrome":42}},{"type":"Polygon","arcs":[[8793,8794,8795]],"properties":{"anthrome":12}},{"type":"Polygon","arcs":[[8796,8797,8798,-8795]],"properties":{"anthrome":23}},{"type":"Polygon","arcs":[[8799]],"properties":{"anthrome":53}},{"type":"Polygon","arcs":[[-8650,8800,-8395,8801,-8647,8802,8803,8804,8805,8806,8807,-8787,-8779,8808,-8620,8809,-8618,8810,8811,-8511,8812,8813,-8508,8814,-8320,8815,-8110,8816],[-8039],[-8582],[-8622],[-8751],[-8777]],"properties":{"anthrome":52}},{"type":"Polygon","arcs":[[8817,-8796,8818,8819,8820]],"properties":{"anthrome":62}},{"type":"Polygon","arcs":[[8821,-8807]],"properties":{"anthrome":54}},{"type":"Polygon","arcs":[[8822]],"properties":{"anthrome":53}},{"type":"Polygon","arcs":[[-8799,8823,8824,-8819]],"properties":{"anthrome":34}},{"type":"Polygon","arcs":[[8825,8826,8827,8828]],"properties":{"anthrome":62}},{"type":"Polygon","arcs":[[8829,8830,8831]],"properties":{"anthrome":61}},{"type":"Polygon","arcs":[[-8609,8832,-8642,8833,-8755,8834,-8737,-8655,-8588,8835,8836,-8693,8837,-8784,8838,8839,8840],[-8782]],"properties":{"anthrome":42}},{"type":"Polygon","arcs":[[8841,-8763,8842,8843,8844,8845,8846,8847,8848,8849,8850,8851,8852]],"properties":{"anthrome":54}},{"type":"Polygon","arcs":[[8853]],"properties":{"anthrome":53}},{"type":"Polygon","arcs":[[-8850,8854,8855,8856]],"properties":{"anthrome":32}},{"type":"Polygon","arcs":[[8857,8858]],"properties":{"anthrome":61}},{"type":"Polygon","arcs":[[8859,8860]],"properties":{"anthrome":52}},{"type":"Polygon","arcs":[[8861,8862,8863]],"properties":{"anthrome":33}},{"type":"Polygon","arcs":[[8864,8865,-8847]],"properties":{"anthrome":32}},{"type":"Polygon","arcs":[[8866,8867]],"properties":{"anthrome":61}},{"type":"Polygon","arcs":[[-8828,8868,8869]],"properties":{"anthrome":61}},{"type":"Polygon","arcs":[[8870,8871,8872]],"properties":{"anthrome":61}},{"type":"Polygon","arcs":[[8873]],"properties":{"anthrome":61}},{"type":"Polygon","arcs":[[-8479,8874,-8840,8875,8876,8877,8878,8879,-8797,8880,-8482,8881,8882]],"properties":{"anthrome":41}},{"type":"Polygon","arcs":[[8883,8884]],"properties":{"anthrome":53}},{"type":"Polygon","arcs":[[-8845,8885]],"properties":{"anthrome":51}},{"type":"Polygon","arcs":[[8886]],"properties":{"anthrome":43}},{"type":"Polygon","arcs":[[8887,8888,8889,8890]],"properties":{"anthrome":42}},{"type":"Polygon","arcs":[[8891,8892,8893,8894,-8862]],"properties":{"anthrome":41}},{"type":"Polygon","arcs":[[8895,8896,8897]],"properties":{"anthrome":61}},{"type":"Polygon","arcs":[[8898,8899,-8889]],"properties":{"anthrome":43}},{"type":"Polygon","arcs":[[8900]],"properties":{"anthrome":62}},{"type":"Polygon","arcs":[[8901,-8877]],"properties":{"anthrome":34}},{"type":"Polygon","arcs":[[8902,-8894,8903]],"properties":{"anthrome":42}},{"type":"Polygon","arcs":[[8904]],"properties":{"anthrome":32}},{"type":"Polygon","arcs":[[8905]],"properties":{"anthrome":32}},{"type":"Polygon","arcs":[[8906,8907]],"properties":{"anthrome":53}},{"type":"Polygon","arcs":[[8908,-8898,8909,8910]],"properties":{"anthrome":62}},{"type":"Polygon","arcs":[[8911]],"properties":{"anthrome":51}},{"type":"Polygon","arcs":[[8912,8913,8914]],"properties":{"anthrome":63}},{"type":"Polygon","arcs":[[8915,8916]],"properties":{"anthrome":53}},{"type":"Polygon","arcs":[[8917,8918,8919,8920]],"properties":{"anthrome":52}},{"type":"Polygon","arcs":[[8921]],"properties":{"anthrome":61}},{"type":"Polygon","arcs":[[8922,8923]],"properties":{"anthrome":61}},{"type":"Polygon","arcs":[[8924,8925]],"properties":{"anthrome":32}},{"type":"Polygon","arcs":[[8926,8927]],"properties":{"anthrome":52}},{"type":"Polygon","arcs":[[-8866,8928,8929,8930]],"properties":{"anthrome":54}},{"type":"Polygon","arcs":[[8931,8932,8933]],"properties":{"anthrome":54}},{"type":"Polygon","arcs":[[8934,8935]],"properties":{"anthrome":62}},{"type":"Polygon","arcs":[[8936,8937,8938,8939]],"properties":{"anthrome":61}},{"type":"Polygon","arcs":[[8940,8941]],"properties":{"anthrome":61}},{"type":"Polygon","arcs":[[8942,8943,-8941]],"properties":{"anthrome":52}},{"type":"Polygon","arcs":[[8944,8945,8946]],"properties":{"anthrome":61}},{"type":"Polygon","arcs":[[8947,8948,8949]],"properties":{"anthrome":61}},{"type":"Polygon","arcs":[[8950,8951]],"properties":{"anthrome":62}},{"type":"Polygon","arcs":[[8952,8953]],"properties":{"anthrome":62}},{"type":"Polygon","arcs":[[-8914,8954]],"properties":{"anthrome":33}},{"type":"Polygon","arcs":[[8955]],"properties":{"anthrome":61}},{"type":"Polygon","arcs":[[8956,-7772,8957,-7766,8958,-8264,8959,8960,-8404,-8462,-8731,8961,-8772,8962,8963,8964,8965,8966,8967,-8871,-8831,8968,8969,8970,8971,8972,-8132,-8181,8973,8974,8975,8976,-8768,8977,8978,8979,-8151,8980,8981,8982,-8172],[-8184]],"properties":{"anthrome":53}},{"type":"Polygon","arcs":[[8983,8984,-8921,8985,8986,8987,8988,-8935,8989,-8860,-8806]],"properties":{"anthrome":54}},{"type":"Polygon","arcs":[[8990,8991,8992]],"properties":{"anthrome":53}},{"type":"Polygon","arcs":[[8993,8994,8995,8996]],"properties":{"anthrome":51}},{"type":"Polygon","arcs":[[-8945,-8947,8997,8998,8999],[-8922]],"properties":{"anthrome":53}},{"type":"Polygon","arcs":[[9000]],"properties":{"anthrome":53}},{"type":"Polygon","arcs":[[9001,9002,9003,9004]],"properties":{"anthrome":32}},{"type":"Polygon","arcs":[[9005,9006,9007]],"properties":{"anthrome":53}},{"type":"Polygon","arcs":[[9008,9009,9010,-9006]],"properties":{"anthrome":61}},{"type":"Polygon","arcs":[[9011]],"properties":{"anthrome":61}},{"type":"Polygon","arcs":[[9012,9013,9014,-8949]],"properties":{"anthrome":53}},{"type":"Polygon","arcs":[[9015,9016]],"properties":{"anthrome":42}},{"type":"Polygon","arcs":[[9017,9018]],"properties":{"anthrome":62}},{"type":"Polygon","arcs":[[9019]],"properties":{"anthrome":23}},{"type":"Polygon","arcs":[[9020]],"properties":{"anthrome":52}},{"type":"Polygon","arcs":[[9021,9022,9023,9024,9025]],"properties":{"anthrome":54}},{"type":"Polygon","arcs":[[9026,9027,9028,9029]],"properties":{"anthrome":52}},{"type":"Polygon","arcs":[[9030,9031,9032]],"properties":{"anthrome":52}},{"type":"Polygon","arcs":[[9033,9034,9035,-8930]],"properties":{"anthrome":23}},{"type":"Polygon","arcs":[[9036,-8967,9037,9038,9039,9040,9041]],"properties":{"anthrome":54}},{"type":"Polygon","arcs":[[9042,9043,9044,9045]],"properties":{"anthrome":32}},{"type":"Polygon","arcs":[[9046,-9024]],"properties":{"anthrome":52}},{"type":"Polygon","arcs":[[-9011,9047,9048]],"properties":{"anthrome":53}},{"type":"Polygon","arcs":[[9049,9050]],"properties":{"anthrome":53}},{"type":"Polygon","arcs":[[9051,9052]],"properties":{"anthrome":52}},{"type":"Polygon","arcs":[[9053]],"properties":{"anthrome":62}},{"type":"Polygon","arcs":[[9054,9055]],"properties":{"anthrome":61}},{"type":"Polygon","arcs":[[9056,9057]],"properties":{"anthrome":53}},{"type":"Polygon","arcs":[[-9005,9058,9059,9060,9061,9062]],"properties":{"anthrome":54}},{"type":"Polygon","arcs":[[-8911,9063,9064,9065,9066,9067,9068,9069,9070,9071,9072,9073,9074]],"properties":{"anthrome":54}},{"type":"Polygon","arcs":[[9075,9076,9077,9078]],"properties":{"anthrome":52}},{"type":"Polygon","arcs":[[9079]],"properties":{"anthrome":62}},{"type":"Polygon","arcs":[[9080,9081]],"properties":{"anthrome":62}},{"type":"Polygon","arcs":[[9082,9083,9084,-9047]],"properties":{"anthrome":54}},{"type":"Polygon","arcs":[[9085,9086,-9071]],"properties":{"anthrome":53}},{"type":"Polygon","arcs":[[9087,9088,9089]],"properties":{"anthrome":53}},{"type":"Polygon","arcs":[[9090,9091,9092]],"properties":{"anthrome":61}},{"type":"Polygon","arcs":[[-9050,9093,9094]],"properties":{"anthrome":54}},{"type":"Polygon","arcs":[[9095,9096,-9094]],"properties":{"anthrome":53}},{"type":"Polygon","arcs":[[9097,9098,9099]],"properties":{"anthrome":53}},{"type":"Polygon","arcs":[[9100,9101,9102]],"properties":{"anthrome":42}},{"type":"Polygon","arcs":[[9103,-7622,-8031,9104,9105,-8149,9106,-8979,9107,-8766,9108,-8976,9109,-8340,9110,9111,-8426,9112,-8653,9113,-8970,9114,-8832,-8873,9115,-9042,9116,-8994,9117,-8934,-8993,9118,-8908,9119,-8826,9120,-8917,9121,9122,9123,-8867,9124,9125,-8336,9126,-8128,9127,9128],[-8034],[-7616],[-8245],[-8578],[-8800]],"properties":{"anthrome":52}},{"type":"Polygon","arcs":[[-8939,9129,9130,9131,9132,9133,9134,9135,-8988,9136]],"properties":{"anthrome":52}},{"type":"Polygon","arcs":[[-8999,9137,9138,9139,-9066,9140]],"properties":{"anthrome":52}},{"type":"Polygon","arcs":[[9141,9142]],"properties":{"anthrome":52}},{"type":"Polygon","arcs":[[9143,9144,9145,9146]],"properties":{"anthrome":43}},{"type":"Polygon","arcs":[[9147,-9035,9148,9149,9150]],"properties":{"anthrome":54}},{"type":"Polygon","arcs":[[9151,9152,-9135]],"properties":{"anthrome":53}},{"type":"Polygon","arcs":[[-9045,9153,9154,9155,-9133,9156]],"properties":{"anthrome":51}},{"type":"Polygon","arcs":[[9157,9158]],"properties":{"anthrome":53}},{"type":"Polygon","arcs":[[-9081,9159,9160]],"properties":{"anthrome":54}},{"type":"Polygon","arcs":[[-9062,9161,9162,-9160]],"properties":{"anthrome":53}},{"type":"Polygon","arcs":[[9163,9164,9165,9166]],"properties":{"anthrome":61}},{"type":"Polygon","arcs":[[9167,9168,9169,-9165]],"properties":{"anthrome":62}},{"type":"Polygon","arcs":[[9170,9171,9172]],"properties":{"anthrome":61}},{"type":"Polygon","arcs":[[9173,9174,9175]],"properties":{"anthrome":52}},{"type":"Polygon","arcs":[[9176]],"properties":{"anthrome":62}},{"type":"Polygon","arcs":[[9177]],"properties":{"anthrome":42}},{"type":"Polygon","arcs":[[9178,9179,9180]],"properties":{"anthrome":42}},{"type":"Polygon","arcs":[[9181,9182]],"properties":{"anthrome":32}},{"type":"Polygon","arcs":[[9183,9184]],"properties":{"anthrome":51}},{"type":"Polygon","arcs":[[9185,9186]],"properties":{"anthrome":61}},{"type":"Polygon","arcs":[[9187,9188]],"properties":{"anthrome":61}},{"type":"Polygon","arcs":[[9189]],"properties":{"anthrome":61}},{"type":"Polygon","arcs":[[9190]],"properties":{"anthrome":61}},{"type":"Polygon","arcs":[[9191,-8888,9192,9193,9194,9195,9196,9197,9198,9199,9200,9201,-8790,9202,9203]],"properties":{"anthrome":43}},{"type":"Polygon","arcs":[[9204,9205,9206,9207,9208,9209,-9087]],"properties":{"anthrome":52}},{"type":"Polygon","arcs":[[9210,9211]],"properties":{"anthrome":62}},{"type":"Polygon","arcs":[[9212,9213]],"properties":{"anthrome":53}},{"type":"Polygon","arcs":[[9214]],"properties":{"anthrome":53}},{"type":"Polygon","arcs":[[9215]],"properties":{"anthrome":53}},{"type":"Polygon","arcs":[[9216,-9196,9217,9218]],"properties":{"anthrome":42}},{"type":"Polygon","arcs":[[9219]],"properties":{"anthrome":42}},{"type":"Polygon","arcs":[[9220,9221,9222]],"properties":{"anthrome":61}},{"type":"Polygon","arcs":[[9223]],"properties":{"anthrome":61}},{"type":"Polygon","arcs":[[9224,9225]],"properties":{"anthrome":61}},{"type":"Polygon","arcs":[[-9068,9226,9227,9228,9229,-9207,9230]],"properties":{"anthrome":53}},{"type":"Polygon","arcs":[[9231,9232,9233]],"properties":{"anthrome":54}},{"type":"Polygon","arcs":[[9234,9235]],"properties":{"anthrome":53}},{"type":"Polygon","arcs":[[9236,-9235]],"properties":{"anthrome":54}},{"type":"Polygon","arcs":[[9237,9238,9239,9240]],"properties":{"anthrome":52}},{"type":"Polygon","arcs":[[9241,9242,-9239]],"properties":{"anthrome":54}},{"type":"Polygon","arcs":[[9243,9244]],"properties":{"anthrome":54}},{"type":"Polygon","arcs":[[9245,9246]],"properties":{"anthrome":53}},{"type":"Polygon","arcs":[[9247,9248]],"properties":{"anthrome":61}},{"type":"Polygon","arcs":[[9249,9250,-8660,9251,9252,9253,9254,9255,-9155,9256,9257,9258,9259,-8919,9260,9261,-8804]],"properties":{"anthrome":53}},{"type":"Polygon","arcs":[[-9255,9262]],"properties":{"anthrome":61}},{"type":"Polygon","arcs":[[9263,9264,9265,9266,9267]],"properties":{"anthrome":52}},{"type":"Polygon","arcs":[[9268,9269,9270,9271]],"properties":{"anthrome":52}},{"type":"Polygon","arcs":[[9272]],"properties":{"anthrome":53}},{"type":"Polygon","arcs":[[9273,9274,9275]],"properties":{"anthrome":53}},{"type":"Polygon","arcs":[[9276]],"properties":{"anthrome":62}},{"type":"Polygon","arcs":[[9277,9278]],"properties":{"anthrome":61}},{"type":"Polygon","arcs":[[9279,9280]],"properties":{"anthrome":33}},{"type":"Polygon","arcs":[[-8933,9281,9282,-9039,9283,-8965,-9058,9284,-9246,9285,9286,-8991]],"properties":{"anthrome":52}},{"type":"Polygon","arcs":[[9287,-7105,9288,-7218,-7217,9289,-7102,9290,-7854,9291,-7624,9292,-9129,9293,9294,-8009,9295,-8127,9296,-8238,9297,9298,-8448,9299,-8445,9300,-8090,9301,9302,-7726,9303,-7603,9304,-7576,9305,-7732,9306,9307,-7760,-7707,-7757,9308,9309,-8121,9310,-8161,-8255,-8450,-8593,9311,-8670,-8742,9312,-8759,9313,-8852,9314,-8856,9315,-8848,9316,-8926,9317,-9151,-9223,9318,-9278,-9244,9319,-8923,9320,-8749,9321,-8656,-8567,9322,9323,-8385,9324,-8251,-8157,9325,-8390,9326,9327,9328,-8279,9329,-8207,9330,-8067,-8000,-7609,-7568,-7685,9331,9332,-7612,-7571,9333,-7514,-7471,-7407,9334,-7301,9335,9336,-7198,9337,-7861,9338,-6974,9339,9340,-7857],[-7200],[9341,-7391,9342,-7453,9343,9344,-7487,-7451,9345,-7456],[-7245,9346,-7247,9347],[-7404],[-7304,-7303],[-7410],[-7547],[-7580,9348,-7582,9349],[-7615],[9350,-7678,9351,-7636],[-7688],[-7705],[-7708],[-8007],[-8069],[-8070],[-8073],[-8125],[-8236],[-8281],[-8614],[-8750],[-8739],[-8756],[-8906],[-9020]],"properties":{"anthrome":51}},{"type":"Polygon","arcs":[[9352,9353,9354,9355,9356,9357]],"properties":{"anthrome":53}},{"type":"Polygon","arcs":[[9358,9359]],"properties":{"anthrome":54}},{"type":"Polygon","arcs":[[9360,9361]],"properties":{"anthrome":33}},{"type":"Polygon","arcs":[[9362,9363,9364,9365]],"properties":{"anthrome":54}},{"type":"Polygon","arcs":[[9366,9367,-9356]],"properties":{"anthrome":54}},{"type":"Polygon","arcs":[[9368]],"properties":{"anthrome":51}},{"type":"Polygon","arcs":[[9369,9370]],"properties":{"anthrome":52}},{"type":"Polygon","arcs":[[9371,9372,9373,-9370,9374,9375,-9122]],"properties":{"anthrome":53}},{"type":"Polygon","arcs":[[-9159,9376,9377,9378,-9361,9379,-9253,9380,-9214,9381]],"properties":{"anthrome":52}},{"type":"Polygon","arcs":[[9382,9383,9384]],"properties":{"anthrome":51}},{"type":"Polygon","arcs":[[9385,9386,9387,9388]],"properties":{"anthrome":61}},{"type":"Polygon","arcs":[[9389,-9379]],"properties":{"anthrome":53}},{"type":"Polygon","arcs":[[9390]],"properties":{"anthrome":53}},{"type":"Polygon","arcs":[[9391,9392]],"properties":{"anthrome":53}},{"type":"Polygon","arcs":[[9393,9394]],"properties":{"anthrome":53}},{"type":"Polygon","arcs":[[9395,9396,9397,9398]],"properties":{"anthrome":53}},{"type":"Polygon","arcs":[[9399,9400,9401,-9397]],"properties":{"anthrome":52}},{"type":"Polygon","arcs":[[9402]],"properties":{"anthrome":53}},{"type":"Polygon","arcs":[[9403]],"properties":{"anthrome":62}},{"type":"Polygon","arcs":[[9404,9405]],"properties":{"anthrome":61}},{"type":"Polygon","arcs":[[9406,9407]],"properties":{"anthrome":53}},{"type":"Polygon","arcs":[[-9388,9408,9409]],"properties":{"anthrome":63}},{"type":"Polygon","arcs":[[9410,9411,9412,9413]],"properties":{"anthrome":54}},{"type":"Polygon","arcs":[[9414]],"properties":{"anthrome":42}},{"type":"Polygon","arcs":[[9415,9416]],"properties":{"anthrome":52}},{"type":"Polygon","arcs":[[9417,9418,9419,9420]],"properties":{"anthrome":54}},{"type":"Polygon","arcs":[[9421]],"properties":{"anthrome":61}},{"type":"Polygon","arcs":[[9422]],"properties":{"anthrome":54}},{"type":"Polygon","arcs":[[9423,9424]],"properties":{"anthrome":53}},{"type":"Polygon","arcs":[[9425,9426]],"properties":{"anthrome":52}},{"type":"Polygon","arcs":[[9427]],"properties":{"anthrome":54}},{"type":"Polygon","arcs":[[9428]],"properties":{"anthrome":53}},{"type":"Polygon","arcs":[[9429]],"properties":{"anthrome":62}},{"type":"Polygon","arcs":[[-9416,9430]],"properties":{"anthrome":61}},{"type":"Polygon","arcs":[[9431,9432]],"properties":{"anthrome":61}},{"type":"Polygon","arcs":[[9433,9434]],"properties":{"anthrome":61}},{"type":"Polygon","arcs":[[9435,-9073,9436,-9167,9437,9438,9439,-9234,9440,9441,9442,9443,-9083,-9023]],"properties":{"anthrome":53}},{"type":"Polygon","arcs":[[9444,9445,9446,-9399,9447,9448,9449,9450,9451]],"properties":{"anthrome":54}},{"type":"Polygon","arcs":[[9452,-9053,9453,9454,9455,9456,-9414,9457,9458,9459,-9421,9460,9461,9462,-9401,9463,-9446,-9243,9464,-9241,9465,9466,-9142,9467]],"properties":{"anthrome":53}},{"type":"Polygon","arcs":[[9468,9469,9470]],"properties":{"anthrome":53}},{"type":"Polygon","arcs":[[9471,9472,9473]],"properties":{"anthrome":54}},{"type":"Polygon","arcs":[[9474,9475]],"properties":{"anthrome":52}},{"type":"Polygon","arcs":[[9476,9477,9478,9479]],"properties":{"anthrome":54}},{"type":"Polygon","arcs":[[9480,9481,9482]],"properties":{"anthrome":53}},{"type":"Polygon","arcs":[[9483]],"properties":{"anthrome":52}},{"type":"Polygon","arcs":[[9484,9485,9486]],"properties":{"anthrome":52}},{"type":"Polygon","arcs":[[9487,9488,9489]],"properties":{"anthrome":51}},{"type":"Polygon","arcs":[[9490]],"properties":{"anthrome":53}},{"type":"Polygon","arcs":[[9491]],"properties":{"anthrome":42}},{"type":"Polygon","arcs":[[9492]],"properties":{"anthrome":53}},{"type":"Polygon","arcs":[[-9188,9493,-9408,9494,9495,-9432,-9373]],"properties":{"anthrome":52}},{"type":"Polygon","arcs":[[9496,9497,9498]],"properties":{"anthrome":51}},{"type":"Polygon","arcs":[[9499,9500,9501]],"properties":{"anthrome":51}},{"type":"Polygon","arcs":[[9502,9503,9504]],"properties":{"anthrome":52}},{"type":"Polygon","arcs":[[9505]],"properties":{"anthrome":53}},{"type":"Polygon","arcs":[[9506,-9185,9507,-9280,9508,-9405,9509,-9497,-9499,9510,-9182],[-9369]],"properties":{"anthrome":52}},{"type":"Polygon","arcs":[[9511,9512]],"properties":{"anthrome":61}},{"type":"Polygon","arcs":[[9513,9514,9515,9516]],"properties":{"anthrome":53}},{"type":"Polygon","arcs":[[9517,9518,9519]],"properties":{"anthrome":53}},{"type":"Polygon","arcs":[[9520,9521]],"properties":{"anthrome":62}},{"type":"Polygon","arcs":[[-9504,9522]],"properties":{"anthrome":54}},{"type":"Polygon","arcs":[[9523]],"properties":{"anthrome":42}},{"type":"Polygon","arcs":[[9524]],"properties":{"anthrome":61}},{"type":"Polygon","arcs":[[9525,-8348,9526,-8594,9527,9528,-8859,9529,9530,9531,9532,-8378,9533,-8242],[-8776],[-8874],[9534],[-8956],[-9191],[-9248,-9225,9535]],"properties":{"anthrome":53}},{"type":"Polygon","arcs":[[9536,9537,-9502,9538,9539]],"properties":{"anthrome":54}},{"type":"Polygon","arcs":[[-9479,9540,9541]],"properties":{"anthrome":53}},{"type":"Polygon","arcs":[[9542,9543,9544,9545]],"properties":{"anthrome":53}},{"type":"Polygon","arcs":[[9546,9547,9548,-9521,-9486]],"properties":{"anthrome":54}},{"type":"Polygon","arcs":[[-9516,9549,9550,9551]],"properties":{"anthrome":54}},{"type":"Polygon","arcs":[[9552]],"properties":{"anthrome":62}},{"type":"Polygon","arcs":[[9553]],"properties":{"anthrome":53}},{"type":"Polygon","arcs":[[9554]],"properties":{"anthrome":53}},{"type":"Polygon","arcs":[[9555,9556,9557]],"properties":{"anthrome":43}},{"type":"Polygon","arcs":[[9558,9559]],"properties":{"anthrome":52}},{"type":"Polygon","arcs":[[9560,9561,9562]],"properties":{"anthrome":52}},{"type":"Polygon","arcs":[[9563]],"properties":{"anthrome":51}},{"type":"Polygon","arcs":[[9564]],"properties":{"anthrome":53}},{"type":"Polygon","arcs":[[9565,9566]],"properties":{"anthrome":53}},{"type":"Polygon","arcs":[[9567]],"properties":{"anthrome":61}},{"type":"Polygon","arcs":[[9568,9569]],"properties":{"anthrome":43}},{"type":"Polygon","arcs":[[9570,9571,9572,9573,9574]],"properties":{"anthrome":51}},{"type":"Polygon","arcs":[[9575,-9572]],"properties":{"anthrome":54}},{"type":"Polygon","arcs":[[9576]],"properties":{"anthrome":54}},{"type":"Polygon","arcs":[[9577,9578]],"properties":{"anthrome":52}},{"type":"Polygon","arcs":[[-9562,9579]],"properties":{"anthrome":61}},{"type":"Polygon","arcs":[[9580,9581]],"properties":{"anthrome":61}},{"type":"Polygon","arcs":[[9582,9583,9584,9585]],"properties":{"anthrome":54}},{"type":"Polygon","arcs":[[9586,9587]],"properties":{"anthrome":61}},{"type":"Polygon","arcs":[[9588]],"properties":{"anthrome":61}},{"type":"Polygon","arcs":[[9589,9590,9591,9592,-9488,-9490,9593,9594,-9385,9595,-9540,-9570,9596,9597,9598,9599,9600,-9419,9601,-9459,9602,-9412,9603,9604,9605,-9366,9606,9607,-9354,9608,9609],[-9428],[-9555]],"properties":{"anthrome":52}},{"type":"Polygon","arcs":[[9610,9611,9612]],"properties":{"anthrome":32}},{"type":"Polygon","arcs":[[9613]],"properties":{"anthrome":53}},{"type":"Polygon","arcs":[[9614,9615,9616]],"properties":{"anthrome":53}},{"type":"Polygon","arcs":[[9617,9618]],"properties":{"anthrome":61}},{"type":"Polygon","arcs":[[9619,9620]],"properties":{"anthrome":61}},{"type":"Polygon","arcs":[[9621,9622,9623,9624,-9576]],"properties":{"anthrome":51}},{"type":"Polygon","arcs":[[9625,9626,9627,9628]],"properties":{"anthrome":53}},{"type":"Polygon","arcs":[[9629,9630]],"properties":{"anthrome":52}},{"type":"Polygon","arcs":[[9631]],"properties":{"anthrome":52}},{"type":"Polygon","arcs":[[9632]],"properties":{"anthrome":61}},{"type":"Polygon","arcs":[[9633,9634]],"properties":{"anthrome":61}},{"type":"Polygon","arcs":[[9635,9636,9637,-9266,9638,-9450,9639,-9599,-9598,9640,9641,9642,-9548,9643,9644,-9474,9645,-9359,9646]],"properties":{"anthrome":53}},{"type":"Polygon","arcs":[[-9642,9647]],"properties":{"anthrome":52}},{"type":"Polygon","arcs":[[9648,-9573,-9625,9649,9650,-9592]],"properties":{"anthrome":54}},{"type":"Polygon","arcs":[[9651,9652,9653,-9557]],"properties":{"anthrome":42}},{"type":"Polygon","arcs":[[9654,9655,9656,-9476,9657,9658,9659,9660,9661,-9587,9662,-9512,9663,-9377]],"properties":{"anthrome":53}},{"type":"Polygon","arcs":[[9664,9665,9666,9667]],"properties":{"anthrome":51}},{"type":"Polygon","arcs":[[9668,9669,9670,9671]],"properties":{"anthrome":53}},{"type":"Polygon","arcs":[[9672,9673,-9650]],"properties":{"anthrome":53}},{"type":"Polygon","arcs":[[-9624,9674,9675,-9673]],"properties":{"anthrome":54}},{"type":"Polygon","arcs":[[9676,9677,9678,-9675]],"properties":{"anthrome":61}},{"type":"Polygon","arcs":[[9679,9680,-9678]],"properties":{"anthrome":53}},{"type":"Polygon","arcs":[[9681]],"properties":{"anthrome":52}},{"type":"Polygon","arcs":[[9682,9683]],"properties":{"anthrome":61}},{"type":"Polygon","arcs":[[9684,-9621,9685,9686,9687]],"properties":{"anthrome":53}},{"type":"Polygon","arcs":[[-9635,9688]],"properties":{"anthrome":52}},{"type":"Polygon","arcs":[[9689,9690,9691,9692]],"properties":{"anthrome":52}},{"type":"Polygon","arcs":[[9693,-9691]],"properties":{"anthrome":53}},{"type":"Polygon","arcs":[[9694]],"properties":{"anthrome":61}},{"type":"Polygon","arcs":[[9695,9696,9697]],"properties":{"anthrome":61}},{"type":"Polygon","arcs":[[9698]],"properties":{"anthrome":61}},{"type":"Polygon","arcs":[[9699,9700,9701,9702]],"properties":{"anthrome":52}},{"type":"Polygon","arcs":[[-9523,9703,9704,9705,-9628,9706,9707,9708,-9681,9709,9710,9711],[-9577]],"properties":{"anthrome":52}},{"type":"Polygon","arcs":[[9712,9713,9714,9715,-9683]],"properties":{"anthrome":53}},{"type":"Polygon","arcs":[[9716]],"properties":{"anthrome":61}},{"type":"Polygon","arcs":[[9717]],"properties":{"anthrome":54}},{"type":"Polygon","arcs":[[9718,9719,9720]],"properties":{"anthrome":32}},{"type":"Polygon","arcs":[[9721,-9079,9722,-9088,9723,9724,9725,9726,-9236,9727,9728,9729,-9518,-9424,-9395,9730,-9393,9731,9732,9733,9734,9735,9736,9737,9738,-9672,9739,9740,9741,9742,-9541,-9441,-9229,9743,-9138],[-9215],[-9273],[-9391],[-9553]],"properties":{"anthrome":54}},{"type":"Polygon","arcs":[[9744]],"properties":{"anthrome":61}},{"type":"Polygon","arcs":[[9745]],"properties":{"anthrome":54}},{"type":"Polygon","arcs":[[9746,9747]],"properties":{"anthrome":53}},{"type":"Polygon","arcs":[[-9715,9748]],"properties":{"anthrome":61}},{"type":"Polygon","arcs":[[9749,-9579,9750,9751,9752,-9630,9753],[-9682]],"properties":{"anthrome":53}},{"type":"Polygon","arcs":[[9754,9755,-9025,-9085,9756,-9443,9757,-9477,9758,9759,9760,9761,-9668,9762,9763,9764,9765,-9694,-9611,9766,-9583,9767,-9656,9768,9769,-9060],[-9423],[9770,-9551,9771,-9514],[-9564]],"properties":{"anthrome":52}},{"type":"Polygon","arcs":[[9772,-9697,9773,9774,9775,-9687]],"properties":{"anthrome":52}},{"type":"Polygon","arcs":[[9776,9777,9778]],"properties":{"anthrome":61}},{"type":"Polygon","arcs":[[9779,9780]],"properties":{"anthrome":63}},{"type":"Polygon","arcs":[[9781]],"properties":{"anthrome":61}},{"type":"Polygon","arcs":[[9782]],"properties":{"anthrome":61}},{"type":"Polygon","arcs":[[-9747,9783]],"properties":{"anthrome":54}},{"type":"Polygon","arcs":[[-9780,9784]],"properties":{"anthrome":53}},{"type":"Polygon","arcs":[[9785]],"properties":{"anthrome":61}},{"type":"Polygon","arcs":[[-9545,9786,9787,9788,9789,9790,9791,9792,9793,9794,-9615,9795]],"properties":{"anthrome":54}},{"type":"Polygon","arcs":[[-9659,9796,-9720,9797,-9766,9798,9799,9800,9801,9802,9803,9804,9805,9806]],"properties":{"anthrome":54}},{"type":"Polygon","arcs":[[9807,-9703,9808,9809,9810,9811],[-9745]],"properties":{"anthrome":53}},{"type":"Polygon","arcs":[[-9776,9812,9813,9814]],"properties":{"anthrome":53}},{"type":"Polygon","arcs":[[9815,9816]],"properties":{"anthrome":52}},{"type":"Polygon","arcs":[[9817,-9816]],"properties":{"anthrome":53}},{"type":"Polygon","arcs":[[9818,9819]],"properties":{"anthrome":62}},{"type":"Polygon","arcs":[[9820,9821,-9813]],"properties":{"anthrome":52}},{"type":"Polygon","arcs":[[9822,9823,9824,9825]],"properties":{"anthrome":53}},{"type":"Polygon","arcs":[[9826]],"properties":{"anthrome":61}},{"type":"Polygon","arcs":[[9827]],"properties":{"anthrome":61}},{"type":"Polygon","arcs":[[-9803,9828,9829,9830]],"properties":{"anthrome":53}},{"type":"Polygon","arcs":[[9831,9832,9833,-9741,9834,-9670]],"properties":{"anthrome":61}},{"type":"Polygon","arcs":[[-9801,9835,9836,9837]],"properties":{"anthrome":52}},{"type":"Polygon","arcs":[[9838]],"properties":{"anthrome":52}},{"type":"Polygon","arcs":[[9839,9840]],"properties":{"anthrome":53}},{"type":"Polygon","arcs":[[9841]],"properties":{"anthrome":61}},{"type":"Polygon","arcs":[[9842,9843]],"properties":{"anthrome":61}},{"type":"Polygon","arcs":[[9844]],"properties":{"anthrome":61}},{"type":"Polygon","arcs":[[9845,-9092,9846,-9427,9847,9848,9849,9850,-9789,9851,9852,9853,-9728,-9237,9854,-9173,9855,-9725,9856,-9028],[-9484],[-9589],[-9568],[-9619,-9618],[-9695]],"properties":{"anthrome":53}},{"type":"Polygon","arcs":[[-9661,9857,-9806,9858,9859,-9819,9860,9861]],"properties":{"anthrome":52}},{"type":"Polygon","arcs":[[9862,-9859]],"properties":{"anthrome":54}},{"type":"Polygon","arcs":[[9863,9864,9865,9866]],"properties":{"anthrome":61}},{"type":"Polygon","arcs":[[9867]],"properties":{"anthrome":52}},{"type":"Polygon","arcs":[[9868]],"properties":{"anthrome":61}},{"type":"Polygon","arcs":[[-9830,9869,9870]],"properties":{"anthrome":54}},{"type":"Polygon","arcs":[[9871]],"properties":{"anthrome":61}},{"type":"Polygon","arcs":[[9872]],"properties":{"anthrome":53}},{"type":"Polygon","arcs":[[9873]],"properties":{"anthrome":54}},{"type":"Polygon","arcs":[[9874]],"properties":{"anthrome":61}},{"type":"Polygon","arcs":[[9875,9876]],"properties":{"anthrome":61}},{"type":"Polygon","arcs":[[9877,9878]],"properties":{"anthrome":52}},{"type":"Polygon","arcs":[[9879,9880]],"properties":{"anthrome":53}},{"type":"Polygon","arcs":[[9881,9882]],"properties":{"anthrome":43}},{"type":"Polygon","arcs":[[9883]],"properties":{"anthrome":52}},{"type":"Polygon","arcs":[[9884,9885]],"properties":{"anthrome":61}},{"type":"Polygon","arcs":[[-9805,9886,9887,9888,-9863]],"properties":{"anthrome":52}},{"type":"Polygon","arcs":[[9889,9890,9891,9892]],"properties":{"anthrome":52}},{"type":"Polygon","arcs":[[9893,9894]],"properties":{"anthrome":61}},{"type":"Polygon","arcs":[[9895,-9891]],"properties":{"anthrome":61}},{"type":"Polygon","arcs":[[9896,9897,9898]],"properties":{"anthrome":53}},{"type":"Polygon","arcs":[[9899,9900,9901]],"properties":{"anthrome":53}},{"type":"Polygon","arcs":[[9902]],"properties":{"anthrome":52}},{"type":"Polygon","arcs":[[9903]],"properties":{"anthrome":53}},{"type":"Polygon","arcs":[[9904]],"properties":{"anthrome":61}},{"type":"Polygon","arcs":[[9905,9906]],"properties":{"anthrome":61}},{"type":"Polygon","arcs":[[9907,-9792,9908,9909,9910,9911]],"properties":{"anthrome":52}},{"type":"Polygon","arcs":[[9912,9913,9914,9915]],"properties":{"anthrome":53}},{"type":"Polygon","arcs":[[9916,9917,9918,-9876]],"properties":{"anthrome":52}},{"type":"Polygon","arcs":[[9919,9920]],"properties":{"anthrome":61}},{"type":"Polygon","arcs":[[9921,9922,9923]],"properties":{"anthrome":61}},{"type":"Polygon","arcs":[[9924,9925,9926,9927]],"properties":{"anthrome":54}},{"type":"Polygon","arcs":[[9928]],"properties":{"anthrome":53}},{"type":"Polygon","arcs":[[9929,9930,9931]],"properties":{"anthrome":61}},{"type":"Polygon","arcs":[[9932]],"properties":{"anthrome":54}},{"type":"Polygon","arcs":[[9933,9934,9935,9936]],"properties":{"anthrome":52}},{"type":"Polygon","arcs":[[9937,9938,9939,-9935]],"properties":{"anthrome":62}},{"type":"Polygon","arcs":[[9940]],"properties":{"anthrome":53}},{"type":"Polygon","arcs":[[9941,9942]],"properties":{"anthrome":53}},{"type":"Polygon","arcs":[[9943,9944]],"properties":{"anthrome":61}},{"type":"Polygon","arcs":[[9945]],"properties":{"anthrome":61}},{"type":"Polygon","arcs":[[9946,9947,9948,9949,9950]],"properties":{"anthrome":52}},{"type":"Polygon","arcs":[[-9950,9951]],"properties":{"anthrome":61}},{"type":"Polygon","arcs":[[9952,-9948]],"properties":{"anthrome":61}},{"type":"Polygon","arcs":[[9953,9954]],"properties":{"anthrome":52}},{"type":"Polygon","arcs":[[9955,9956,9957]],"properties":{"anthrome":61}},{"type":"Polygon","arcs":[[9958,9959]],"properties":{"anthrome":53}},{"type":"Polygon","arcs":[[9960]],"properties":{"anthrome":61}},{"type":"Polygon","arcs":[[9961,-9866,9962,9963,9964,9965,9966,9967,-9952,9968,9969,-9896,9970]],"properties":{"anthrome":52}},{"type":"Polygon","arcs":[[9971,9972]],"properties":{"anthrome":54}},{"type":"Polygon","arcs":[[9973]],"properties":{"anthrome":61}},{"type":"Polygon","arcs":[[9974,9975]],"properties":{"anthrome":62}},{"type":"Polygon","arcs":[[9976,9977]],"properties":{"anthrome":62}},{"type":"Polygon","arcs":[[9978]],"properties":{"anthrome":52}},{"type":"Polygon","arcs":[[9979]],"properties":{"anthrome":61}},{"type":"Polygon","arcs":[[9980,9981]],"properties":{"anthrome":54}},{"type":"Polygon","arcs":[[9982,9983,9984,9985]],"properties":{"anthrome":52}},{"type":"Polygon","arcs":[[9986,9987,9988,-9984]],"properties":{"anthrome":53}},{"type":"Polygon","arcs":[[9989]],"properties":{"anthrome":52}},{"type":"Polygon","arcs":[[9990]],"properties":{"anthrome":54}},{"type":"Polygon","arcs":[[9991,9992,-9543,9993,-9567,-9617,9994,-9794,9995,-9701,9996,-9812,-9811,9997,-9911,-9955,9998,9999,10000,10001,10002,-9925,10003,-9951,10004,-9897,10005,-9966,10006,10007,10008,-9736,10009,-9482,10010,10011,-9470,10012,-9425,-9520,10013,10014,-9853],[-9554],[-9614],[-9839],[-9884]],"properties":{"anthrome":61}},{"type":"Polygon","arcs":[[-9825,-9841,-9881,-9902,10015,-9932,-9958,10016,10017,10018,10019,10020]],"properties":{"anthrome":52}},{"type":"Polygon","arcs":[[-9927,10021,10022,10023,10024,-9953]],"properties":{"anthrome":52}},{"type":"Polygon","arcs":[[10025,10026,10027]],"properties":{"anthrome":54}},{"type":"Polygon","arcs":[[10028,10029]],"properties":{"anthrome":52}},{"type":"Polygon","arcs":[[10030,-10001,10031,-10024]],"properties":{"anthrome":53}},{"type":"Polygon","arcs":[[10032,10033,-10028,10034,10035]],"properties":{"anthrome":52}},{"type":"Polygon","arcs":[[10036,10037,10038,10039]],"properties":{"anthrome":54}},{"type":"Polygon","arcs":[[10040]],"properties":{"anthrome":61}},{"type":"Polygon","arcs":[[10041,10042]],"properties":{"anthrome":61}},{"type":"Polygon","arcs":[[10043,10044]],"properties":{"anthrome":61}},{"type":"Polygon","arcs":[[10045]],"properties":{"anthrome":54}},{"type":"Polygon","arcs":[[10046,10047]],"properties":{"anthrome":61}},{"type":"Polygon","arcs":[[10048]],"properties":{"anthrome":61}},{"type":"Polygon","arcs":[[10049]],"properties":{"anthrome":54}},{"type":"Polygon","arcs":[[10050,10051,-10026,10052,10053,10054]],"properties":{"anthrome":52}},{"type":"Polygon","arcs":[[10055]],"properties":{"anthrome":52}},{"type":"Polygon","arcs":[[10056,10057]],"properties":{"anthrome":52}},{"type":"Polygon","arcs":[[-10029,10058,-10057]],"properties":{"anthrome":61}},{"type":"Polygon","arcs":[[10059,10060]],"properties":{"anthrome":61}},{"type":"Polygon","arcs":[[10061,10062]],"properties":{"anthrome":61}},{"type":"Polygon","arcs":[[10063]],"properties":{"anthrome":52}},{"type":"Polygon","arcs":[[10064,10065]],"properties":{"anthrome":54}},{"type":"Polygon","arcs":[[10066,10067]],"properties":{"anthrome":53}},{"type":"Polygon","arcs":[[10068]],"properties":{"anthrome":61}},{"type":"Polygon","arcs":[[10069,-9907,10070,-10044,10071,-9894,10072,-9878,10073]],"properties":{"anthrome":53}},{"type":"Polygon","arcs":[[10074]],"properties":{"anthrome":61}},{"type":"Polygon","arcs":[[-9496,10075,10076,10077,10078,10079,-10065,10080,10081,10082,10083],[-9632],[-9842],[-9905],[10084],[-9991]],"properties":{"anthrome":53}},{"type":"Polygon","arcs":[[10085,-9688,-9815,10086,-9821,-9775,10087,-9823,10088,-10020,10089,10090,10091,10092,-9954,-9910,10093,10094,-9850,-9849],[-9873],[-9929]],"properties":{"anthrome":61}},{"type":"Polygon","arcs":[[-9915,10095,10096,10097,-9920,10098]],"properties":{"anthrome":52}},{"type":"Polygon","arcs":[[10099,10100]],"properties":{"anthrome":53}},{"type":"Polygon","arcs":[[10101,10102,10103]],"properties":{"anthrome":62}},{"type":"Polygon","arcs":[[10104]],"properties":{"anthrome":54}},{"type":"Polygon","arcs":[[-10054,10105,10106,10107]],"properties":{"anthrome":54}},{"type":"Polygon","arcs":[[10108,10109]],"properties":{"anthrome":61}},{"type":"Polygon","arcs":[[10110,10111,10112]],"properties":{"anthrome":61}},{"type":"Polygon","arcs":[[10113,10114,-10077]],"properties":{"anthrome":54}},{"type":"Polygon","arcs":[[10115,10116]],"properties":{"anthrome":63}},{"type":"Polygon","arcs":[[10117,10118,10119,-10116]],"properties":{"anthrome":61}},{"type":"Polygon","arcs":[[10120]],"properties":{"anthrome":61}},{"type":"Polygon","arcs":[[10121,10122]],"properties":{"anthrome":61}},{"type":"Polygon","arcs":[[10123,10124]],"properties":{"anthrome":52}},{"type":"Polygon","arcs":[[10125,10126,-10124]],"properties":{"anthrome":34}},{"type":"Polygon","arcs":[[10127,-10082,10128,-10037,10129,10130,10131,-9959,-9942,10132,-10109,10133,10134,-9751],[10135]],"properties":{"anthrome":52}},{"type":"Polygon","arcs":[[10136]],"properties":{"anthrome":54}},{"type":"Polygon","arcs":[[-9892,-9970,10137,-10030,-10058,10138,10139,10140,10141]],"properties":{"anthrome":61}},{"type":"Polygon","arcs":[[10142]],"properties":{"anthrome":61}},{"type":"Polygon","arcs":[[10143,10144,10145]],"properties":{"anthrome":62}},{"type":"Polygon","arcs":[[-10080,10146,10147,10148]],"properties":{"anthrome":54}},{"type":"Polygon","arcs":[[-10103,10149,10150]],"properties":{"anthrome":33}},{"type":"Polygon","arcs":[[10151]],"properties":{"anthrome":61}},{"type":"Polygon","arcs":[[10152,10153]],"properties":{"anthrome":62}},{"type":"Polygon","arcs":[[10154,10155]],"properties":{"anthrome":62}},{"type":"Polygon","arcs":[[10156,10157]],"properties":{"anthrome":61}},{"type":"Polygon","arcs":[[-10127,10158]],"properties":{"anthrome":53}},{"type":"Polygon","arcs":[[10159,10160,10161]],"properties":{"anthrome":52}},{"type":"Polygon","arcs":[[10162]],"properties":{"anthrome":61}},{"type":"Polygon","arcs":[[-9949,-10025,10163,-9969]],"properties":{"anthrome":61}},{"type":"Polygon","arcs":[[10164,10165]],"properties":{"anthrome":53}},{"type":"Polygon","arcs":[[10166,10167]],"properties":{"anthrome":54}},{"type":"Polygon","arcs":[[10168]],"properties":{"anthrome":54}},{"type":"Polygon","arcs":[[10169]],"properties":{"anthrome":54}},{"type":"Polygon","arcs":[[10170,10171]],"properties":{"anthrome":62}},{"type":"Polygon","arcs":[[10172,10173,10174,10175]],"properties":{"anthrome":54}},{"type":"Polygon","arcs":[[10176,10177,10178,-10174]],"properties":{"anthrome":61}},{"type":"Polygon","arcs":[[-10161,10179,10180]],"properties":{"anthrome":61}},{"type":"Polygon","arcs":[[10181,10182,10183]],"properties":{"anthrome":32}},{"type":"Polygon","arcs":[[10184,-9435,10185,10186,10187,10188,10189,-10043,10190,10191,10192,-9944,10193,-9885,10194,-9844,10195,10196,-9581,10197],[-9845],[-10041],[-10069]],"properties":{"anthrome":53}},{"type":"Polygon","arcs":[[10198,10199,10200]],"properties":{"anthrome":52}},{"type":"Polygon","arcs":[[10201]],"properties":{"anthrome":61}},{"type":"Polygon","arcs":[[10202]],"properties":{"anthrome":52}},{"type":"Polygon","arcs":[[10203,10204]],"properties":{"anthrome":61}},{"type":"Polygon","arcs":[[10205,10206]],"properties":{"anthrome":61}},{"type":"Polygon","arcs":[[10207,10208]],"properties":{"anthrome":53}},{"type":"Polygon","arcs":[[10209,10210]],"properties":{"anthrome":61}},{"type":"Polygon","arcs":[[10211]],"properties":{"anthrome":54}},{"type":"Polygon","arcs":[[10212,10213]],"properties":{"anthrome":52}},{"type":"Polygon","arcs":[[10214,10215,10216]],"properties":{"anthrome":12}},{"type":"Polygon","arcs":[[10217,10218,10219,10220,10221,-10106]],"properties":{"anthrome":52}},{"type":"Polygon","arcs":[[10222,10223]],"properties":{"anthrome":54}},{"type":"Polygon","arcs":[[-10176,10224,-10178,10225,-10171,10226,-10119,10227]],"properties":{"anthrome":53}},{"type":"Polygon","arcs":[[10228]],"properties":{"anthrome":61}},{"type":"Polygon","arcs":[[10229]],"properties":{"anthrome":54}},{"type":"Polygon","arcs":[[10230]],"properties":{"anthrome":62}},{"type":"Polygon","arcs":[[10231]],"properties":{"anthrome":52}},{"type":"Polygon","arcs":[[10232]],"properties":{"anthrome":52}},{"type":"Polygon","arcs":[[10233,10234,-10219]],"properties":{"anthrome":54}},{"type":"Polygon","arcs":[[10235]],"properties":{"anthrome":53}},{"type":"Polygon","arcs":[[10236,10237,10238,-10192]],"properties":{"anthrome":52}},{"type":"Polygon","arcs":[[10239,10240]],"properties":{"anthrome":61}},{"type":"Polygon","arcs":[[-10039,-10066,-10149,10241,10242,10243,10244,10245,10246]],"properties":{"anthrome":53}},{"type":"Polygon","arcs":[[10247]],"properties":{"anthrome":54}},{"type":"Polygon","arcs":[[10248,10249]],"properties":{"anthrome":54}},{"type":"Polygon","arcs":[[10250,10251]],"properties":{"anthrome":62}},{"type":"Polygon","arcs":[[10252,10253,10254,10255]],"properties":{"anthrome":52}},{"type":"Polygon","arcs":[[10256,10257,10258]],"properties":{"anthrome":54}},{"type":"Polygon","arcs":[[-10224,10259,10260]],"properties":{"anthrome":53}},{"type":"Polygon","arcs":[[10261]],"properties":{"anthrome":53}},{"type":"Polygon","arcs":[[10262]],"properties":{"anthrome":61}},{"type":"Polygon","arcs":[[10263,10264]],"properties":{"anthrome":54}},{"type":"Polygon","arcs":[[10265,-10184,10266,-10217,10267,-10264,10268,10269,10270,10271]],"properties":{"anthrome":53}},{"type":"Polygon","arcs":[[10272,10273,10274,10275,-10251,10276,10277]],"properties":{"anthrome":54}},{"type":"Polygon","arcs":[[10278,10279,10280,10281,10282]],"properties":{"anthrome":52}},{"type":"Polygon","arcs":[[10283,10284,10285,10286]],"properties":{"anthrome":52}},{"type":"Polygon","arcs":[[10287]],"properties":{"anthrome":52}},{"type":"Polygon","arcs":[[10288,10289]],"properties":{"anthrome":54}},{"type":"Polygon","arcs":[[10290,10291,10292]],"properties":{"anthrome":54}},{"type":"Polygon","arcs":[[10293,10294]],"properties":{"anthrome":52}},{"type":"Polygon","arcs":[[10295,10296]],"properties":{"anthrome":61}},{"type":"Polygon","arcs":[[10297]],"properties":{"anthrome":53}},{"type":"Polygon","arcs":[[10298]],"properties":{"anthrome":54}},{"type":"Polygon","arcs":[[10299,10300]],"properties":{"anthrome":62}},{"type":"Polygon","arcs":[[-10255,10301,10302,10303]],"properties":{"anthrome":53}},{"type":"Polygon","arcs":[[10304,10305]],"properties":{"anthrome":54}},{"type":"Polygon","arcs":[[10306]],"properties":{"anthrome":54}},{"type":"Polygon","arcs":[[-10282,10307,10308]],"properties":{"anthrome":54}},{"type":"Polygon","arcs":[[10309,10310,10311]],"properties":{"anthrome":53}},{"type":"Polygon","arcs":[[10312]],"properties":{"anthrome":54}},{"type":"Polygon","arcs":[[10313,10314,10315]],"properties":{"anthrome":52}},{"type":"Polygon","arcs":[[10316,-10314]],"properties":{"anthrome":53}},{"type":"Polygon","arcs":[[10317,10318]],"properties":{"anthrome":61}},{"type":"Polygon","arcs":[[10319,10320,10321,10322,10323,10324]],"properties":{"anthrome":54}},{"type":"Polygon","arcs":[[10325]],"properties":{"anthrome":53}},{"type":"Polygon","arcs":[[-10275,10326]],"properties":{"anthrome":53}},{"type":"Polygon","arcs":[[10327,10328]],"properties":{"anthrome":33}},{"type":"Polygon","arcs":[[10329]],"properties":{"anthrome":61}},{"type":"Polygon","arcs":[[10330,10331]],"properties":{"anthrome":61}},{"type":"Polygon","arcs":[[10332]],"properties":{"anthrome":61}},{"type":"Polygon","arcs":[[10333,10334]],"properties":{"anthrome":54}},{"type":"Polygon","arcs":[[10335,10336]],"properties":{"anthrome":61}},{"type":"Polygon","arcs":[[10337,-9924,10338,10339,10340,10341,10342,10343]],"properties":{"anthrome":53}},{"type":"Polygon","arcs":[[10344,-10306,10345,-10323,10346,10347,10348,10349,10350,10351]],"properties":{"anthrome":52}},{"type":"Polygon","arcs":[[10352]],"properties":{"anthrome":52}},{"type":"Polygon","arcs":[[10353]],"properties":{"anthrome":61}},{"type":"Polygon","arcs":[[10354,10355,10356,10357]],"properties":{"anthrome":52}},{"type":"Polygon","arcs":[[10358,10359]],"properties":{"anthrome":52}},{"type":"Polygon","arcs":[[10360,10361]],"properties":{"anthrome":61}},{"type":"Polygon","arcs":[[10362,10363]],"properties":{"anthrome":52}},{"type":"Polygon","arcs":[[10364,10365]],"properties":{"anthrome":62}},{"type":"Polygon","arcs":[[10366]],"properties":{"anthrome":52}},{"type":"Polygon","arcs":[[10367,10368,10369,10370]],"properties":{"anthrome":54}},{"type":"Polygon","arcs":[[10371,10372]],"properties":{"anthrome":54}},{"type":"Polygon","arcs":[[10373,10374,10375]],"properties":{"anthrome":53}},{"type":"Polygon","arcs":[[-10296,10376,10377]],"properties":{"anthrome":53}},{"type":"Polygon","arcs":[[-10311,10378]],"properties":{"anthrome":61}},{"type":"Polygon","arcs":[[10379,-10209,10380,-10207,10381,-10204,-10261,10382,10383,10384,10385,-10328,-10317,-10243,10386,10387,10388,-10114,10389,-10067]],"properties":{"anthrome":52}},{"type":"Polygon","arcs":[[10390]],"properties":{"anthrome":61}},{"type":"Polygon","arcs":[[10391]],"properties":{"anthrome":53}},{"type":"Polygon","arcs":[[10392,10393]],"properties":{"anthrome":61}},{"type":"Polygon","arcs":[[10394,10395]],"properties":{"anthrome":53}},{"type":"Polygon","arcs":[[10396,10397]],"properties":{"anthrome":53}},{"type":"Polygon","arcs":[[10398,10399]],"properties":{"anthrome":52}},{"type":"Polygon","arcs":[[10400]],"properties":{"anthrome":52}},{"type":"Polygon","arcs":[[10401]],"properties":{"anthrome":54}},{"type":"Polygon","arcs":[[10402,-10393]],"properties":{"anthrome":51}},{"type":"Polygon","arcs":[[-10357,10403,10404,10405]],"properties":{"anthrome":53}},{"type":"Polygon","arcs":[[10406]],"properties":{"anthrome":54}},{"type":"Polygon","arcs":[[10407,10408,10409,10410]],"properties":{"anthrome":53}},{"type":"Polygon","arcs":[[10411,10412,10413,-10409]],"properties":{"anthrome":54}},{"type":"Polygon","arcs":[[-10363,10414,10415]],"properties":{"anthrome":61}},{"type":"Polygon","arcs":[[10416,10417]],"properties":{"anthrome":61}},{"type":"Polygon","arcs":[[-10342,10418,10419,-10210,10420,-10157,10421]],"properties":{"anthrome":52}},{"type":"Polygon","arcs":[[10422,10423,10424,10425]],"properties":{"anthrome":51}},{"type":"Polygon","arcs":[[-10270,-10362,10426,10427,10428,-10374,10429,-10336,10430,-10318,10431]],"properties":{"anthrome":52}},{"type":"Polygon","arcs":[[10432]],"properties":{"anthrome":52}},{"type":"Polygon","arcs":[[10433,10434,10435]],"properties":{"anthrome":53}},{"type":"Polygon","arcs":[[10436,10437,-10435,10438,-10350]],"properties":{"anthrome":54}},{"type":"Polygon","arcs":[[-10375,10439,10440]],"properties":{"anthrome":52}},{"type":"Polygon","arcs":[[10441]],"properties":{"anthrome":52}},{"type":"Polygon","arcs":[[10442]],"properties":{"anthrome":52}},{"type":"Polygon","arcs":[[10443]],"properties":{"anthrome":52}},{"type":"Polygon","arcs":[[10444,10445]],"properties":{"anthrome":61}},{"type":"Polygon","arcs":[[10446,10447]],"properties":{"anthrome":61}},{"type":"Polygon","arcs":[[-10414,10448,10449]],"properties":{"anthrome":53}},{"type":"Polygon","arcs":[[10450,-10428]],"properties":{"anthrome":33}},{"type":"Polygon","arcs":[[10451,10452,10453,10454,10455,10456,-10331]],"properties":{"anthrome":53}},{"type":"Polygon","arcs":[[10457,10458,10459,10460]],"properties":{"anthrome":53}},{"type":"Polygon","arcs":[[10461]],"properties":{"anthrome":52}},{"type":"Polygon","arcs":[[10462,-10426,10463,10464],[-10402]],"properties":{"anthrome":53}},{"type":"Polygon","arcs":[[10465,10466,10467]],"properties":{"anthrome":61}},{"type":"Polygon","arcs":[[-10455,10468]],"properties":{"anthrome":54}},{"type":"Polygon","arcs":[[10469,-10417,10470,10471,10472,-10397]],"properties":{"anthrome":52}},{"type":"Polygon","arcs":[[10473,10474,10475,10476]],"properties":{"anthrome":61}},{"type":"Polygon","arcs":[[10477,10478,10479]],"properties":{"anthrome":53}},{"type":"Polygon","arcs":[[10480,10481]],"properties":{"anthrome":62}},{"type":"Polygon","arcs":[[10482]],"properties":{"anthrome":53}},{"type":"Polygon","arcs":[[10483,10484,10485]],"properties":{"anthrome":52}},{"type":"Polygon","arcs":[[10486,10487,10488,10489]],"properties":{"anthrome":52}},{"type":"Polygon","arcs":[[10490,10491,10492,-10488]],"properties":{"anthrome":51}},{"type":"Polygon","arcs":[[10493]],"properties":{"anthrome":51}},{"type":"Polygon","arcs":[[10494]],"properties":{"anthrome":61}},{"type":"Polygon","arcs":[[10495,10496]],"properties":{"anthrome":61}},{"type":"Polygon","arcs":[[10497,10498]],"properties":{"anthrome":61}},{"type":"Polygon","arcs":[[10499,-10453]],"properties":{"anthrome":61}},{"type":"Polygon","arcs":[[10500,10501,10502,10503]],"properties":{"anthrome":54}},{"type":"Polygon","arcs":[[10504]],"properties":{"anthrome":61}},{"type":"Polygon","arcs":[[10505,10506]],"properties":{"anthrome":52}},{"type":"Polygon","arcs":[[10507]],"properties":{"anthrome":52}},{"type":"Polygon","arcs":[[10508,10509,10510]],"properties":{"anthrome":54}},{"type":"Polygon","arcs":[[-10497,10511,10512,10513]],"properties":{"anthrome":53}},{"type":"Polygon","arcs":[[10514,10515,10516,-10471]],"properties":{"anthrome":61}},{"type":"Polygon","arcs":[[10517,10518,10519]],"properties":{"anthrome":52}},{"type":"Polygon","arcs":[[10520,10521,10522,10523]],"properties":{"anthrome":61}},{"type":"Polygon","arcs":[[10524]],"properties":{"anthrome":52}},{"type":"Polygon","arcs":[[10525,10526]],"properties":{"anthrome":61}},{"type":"Polygon","arcs":[[10527,10528,10529,-10526]],"properties":{"anthrome":53}},{"type":"Polygon","arcs":[[10530,10531,10532]],"properties":{"anthrome":52}},{"type":"Polygon","arcs":[[-10472,10533]],"properties":{"anthrome":53}},{"type":"Polygon","arcs":[[10534]],"properties":{"anthrome":61}},{"type":"Polygon","arcs":[[10535,10536,-10293,10537,10538,10539]],"properties":{"anthrome":52}},{"type":"Polygon","arcs":[[10540,-10018,10541,-9956,10542,-9973,10543,-10061,10544,10545,10546,10547,10548,10549,10550,10551,-10297,10552,10553,10554,10555,-10091],[-10105],[-10169],[-10170],[-10229],[-10248],[-10230],[-10299]],"properties":{"anthrome":53}},{"type":"Polygon","arcs":[[-10425,10556,10557]],"properties":{"anthrome":53}},{"type":"Polygon","arcs":[[10558,10559,-10123,10560,-10214,10561,10562,-10371,10563,-10355,10564,10565,10566,-10527,10567,10568,-10447,10569,-10250,10570],[-10046],[-10212],[-10290,-10289],[-10333],[-10335,-10334]],"properties":{"anthrome":53}},{"type":"Polygon","arcs":[[10571,10572,10573,10574,10575]],"properties":{"anthrome":53}},{"type":"Polygon","arcs":[[10576,10577]],"properties":{"anthrome":52}},{"type":"Polygon","arcs":[[10578,10579]],"properties":{"anthrome":61}},{"type":"Polygon","arcs":[[-10503,10580,10581,10582,10583,10584]],"properties":{"anthrome":53}},{"type":"Polygon","arcs":[[10585]],"properties":{"anthrome":54}},{"type":"Polygon","arcs":[[10586]],"properties":{"anthrome":53}},{"type":"Polygon","arcs":[[10587]],"properties":{"anthrome":53}},{"type":"Polygon","arcs":[[10588]],"properties":{"anthrome":61}},{"type":"Polygon","arcs":[[10589,10590]],"properties":{"anthrome":61}},{"type":"Polygon","arcs":[[10591]],"properties":{"anthrome":61}},{"type":"Polygon","arcs":[[10592,10593]],"properties":{"anthrome":53}},{"type":"Polygon","arcs":[[10594,10595,10596]],"properties":{"anthrome":53}},{"type":"Polygon","arcs":[[10597,10598,10599,-10583]],"properties":{"anthrome":54}},{"type":"Polygon","arcs":[[10600,10601,10602,-10516,10603]],"properties":{"anthrome":53}},{"type":"Polygon","arcs":[[10604,-10601]],"properties":{"anthrome":61}},{"type":"Polygon","arcs":[[10605,10606,10607]],"properties":{"anthrome":52}},{"type":"Polygon","arcs":[[10608]],"properties":{"anthrome":61}},{"type":"Polygon","arcs":[[10609,10610,10611],[-10295,-10294],[-10433],[-10442]],"properties":{"anthrome":61}},{"type":"Polygon","arcs":[[10612,10613,10614]],"properties":{"anthrome":53}},{"type":"Polygon","arcs":[[10615,10616,10617]],"properties":{"anthrome":53}},{"type":"Polygon","arcs":[[10618,10619,10620,10621,10622]],"properties":{"anthrome":53}},{"type":"Polygon","arcs":[[10623]],"properties":{"anthrome":52}},{"type":"Polygon","arcs":[[10624]],"properties":{"anthrome":54}},{"type":"Polygon","arcs":[[10625,10626,10627]],"properties":{"anthrome":61}},{"type":"Polygon","arcs":[[10628]],"properties":{"anthrome":53}},{"type":"Polygon","arcs":[[10629,10630]],"properties":{"anthrome":52}},{"type":"Polygon","arcs":[[10631,10632]],"properties":{"anthrome":53}},{"type":"Polygon","arcs":[[10633,10634]],"properties":{"anthrome":53}},{"type":"Polygon","arcs":[[10635,10636]],"properties":{"anthrome":61}},{"type":"Polygon","arcs":[[10637,10638,10639]],"properties":{"anthrome":51}},{"type":"Polygon","arcs":[[10640]],"properties":{"anthrome":54}},{"type":"Polygon","arcs":[[10641,-10579,-10498]],"properties":{"anthrome":53}},{"type":"Polygon","arcs":[[10642,10643]],"properties":{"anthrome":53}},{"type":"Polygon","arcs":[[-10596,10644,10645,-10643]],"properties":{"anthrome":54}},{"type":"Polygon","arcs":[[10646,10647,-10645]],"properties":{"anthrome":53}},{"type":"Polygon","arcs":[[-10602,10648,10649]],"properties":{"anthrome":61}},{"type":"Polygon","arcs":[[10650,10651,10652,-10649]],"properties":{"anthrome":53}},{"type":"Polygon","arcs":[[-10621,10653,10654]],"properties":{"anthrome":61}},{"type":"Polygon","arcs":[[10655,10656]],"properties":{"anthrome":61}},{"type":"Polygon","arcs":[[10657,-10241,10658,-10410,-10450,10659,10660,10661,10662,-10599,10663,10664,-10501,10665,10666,-10573,10667,10668,-10369,10669,-10562],[-10326],[-10407]],"properties":{"anthrome":52}},{"type":"Polygon","arcs":[[10670,-10446,10671,10672,-10490,10673,-10524,10674,10675,10676,10677,10678,-10631,10679,-10578,10680,-10484,10681,-10384],[-10444]],"properties":{"anthrome":51}},{"type":"Polygon","arcs":[[-10566,10682,-10405,10683,10684,-10576,10685,-10533,10686,10687,10688,-10616,10689,10690,10691,-10528,-10567]],"properties":{"anthrome":61}},{"type":"Polygon","arcs":[[10692,10693,10694,10695]],"properties":{"anthrome":52}},{"type":"Polygon","arcs":[[10696,-10662,10697]],"properties":{"anthrome":53}},{"type":"Polygon","arcs":[[10698,10699]],"properties":{"anthrome":33}},{"type":"Polygon","arcs":[[10700,10701,10702]],"properties":{"anthrome":52}},{"type":"Polygon","arcs":[[10703]],"properties":{"anthrome":62}},{"type":"Polygon","arcs":[[10704]],"properties":{"anthrome":53}},{"type":"Polygon","arcs":[[10705,10706,10707]],"properties":{"anthrome":53}},{"type":"Polygon","arcs":[[10708,10709,-10706]],"properties":{"anthrome":62}},{"type":"Polygon","arcs":[[-10679,10710]],"properties":{"anthrome":52}},{"type":"Polygon","arcs":[[10711,10712,-10677]],"properties":{"anthrome":52}},{"type":"Polygon","arcs":[[10713,10714,-10712]],"properties":{"anthrome":51}},{"type":"Polygon","arcs":[[10715,10716,10717]],"properties":{"anthrome":61}},{"type":"Polygon","arcs":[[10718,10719,10720]],"properties":{"anthrome":61}},{"type":"Polygon","arcs":[[10721,-10694,10722,-10720]],"properties":{"anthrome":53}},{"type":"Polygon","arcs":[[10723,10724]],"properties":{"anthrome":61}},{"type":"Polygon","arcs":[[-10653,10725]],"properties":{"anthrome":61}},{"type":"Polygon","arcs":[[-10568,-10530,10726,-10691,10727,10728,-10688,10729,10730,10731,10732,-10647,-10595,10733]],"properties":{"anthrome":54}},{"type":"Polygon","arcs":[[10734,10735,10736]],"properties":{"anthrome":53}},{"type":"Polygon","arcs":[[10737,10738]],"properties":{"anthrome":32}},{"type":"Polygon","arcs":[[10739]],"properties":{"anthrome":61}},{"type":"Polygon","arcs":[[10740,10741,10742]],"properties":{"anthrome":61}},{"type":"Polygon","arcs":[[10743,10744,10745]],"properties":{"anthrome":53}},{"type":"Polygon","arcs":[[10746]],"properties":{"anthrome":61}},{"type":"Polygon","arcs":[[10747]],"properties":{"anthrome":53}},{"type":"Polygon","arcs":[[10748]],"properties":{"anthrome":53}},{"type":"Polygon","arcs":[[10749,10750]],"properties":{"anthrome":53}},{"type":"Polygon","arcs":[[10751,10752,10753]],"properties":{"anthrome":52}},{"type":"Polygon","arcs":[[10754,10755,-10753]],"properties":{"anthrome":53}},{"type":"Polygon","arcs":[[-10732,10756]],"properties":{"anthrome":53}},{"type":"Polygon","arcs":[[10757,-10730]],"properties":{"anthrome":62}},{"type":"Polygon","arcs":[[-10723,10758,10759]],"properties":{"anthrome":61}},{"type":"Polygon","arcs":[[-10724,10760,10761]],"properties":{"anthrome":52}},{"type":"Polygon","arcs":[[-10699,10762,10763,10764]],"properties":{"anthrome":53}},{"type":"Polygon","arcs":[[-10738,10765]],"properties":{"anthrome":61}},{"type":"Polygon","arcs":[[-10551,10766,10767,-10377,-10552],[-10298]],"properties":{"anthrome":61}},{"type":"Polygon","arcs":[[10768,10769,10770,10771]],"properties":{"anthrome":52}},{"type":"Polygon","arcs":[[10772,10773,10774,-10654,10775,-10656]],"properties":{"anthrome":53}},{"type":"Polygon","arcs":[[10776,10777]],"properties":{"anthrome":53}},{"type":"Polygon","arcs":[[10778,-10754,10779,10780]],"properties":{"anthrome":53}},{"type":"Polygon","arcs":[[-10639,10781,10782,10783]],"properties":{"anthrome":53}},{"type":"Polygon","arcs":[[-10661,-10762,10784,10785,10786]],"properties":{"anthrome":53}},{"type":"Polygon","arcs":[[10787,10788,10789,10790]],"properties":{"anthrome":61}},{"type":"Polygon","arcs":[[10791]],"properties":{"anthrome":61}},{"type":"Polygon","arcs":[[10792,10793]],"properties":{"anthrome":62}},{"type":"Polygon","arcs":[[10794,10795,-10785]],"properties":{"anthrome":54}},{"type":"Polygon","arcs":[[10796]],"properties":{"anthrome":53}},{"type":"Polygon","arcs":[[10797,-10698,-10787,10798,10799,10800,-10793,-10759,-10693]],"properties":{"anthrome":54}},{"type":"Polygon","arcs":[[10801,10802,10803,-10789]],"properties":{"anthrome":53}},{"type":"Polygon","arcs":[[10804,-10553,-10378,10805,10806,10807,-10745,10808,10809,10810,10811,10812,10813,-10478,10814,10815],[-10392],[10816,-10507,10817,-10460,-10459,-10458],[-10624]],"properties":{"anthrome":61}},{"type":"Polygon","arcs":[[10818]],"properties":{"anthrome":53}},{"type":"Polygon","arcs":[[10819]],"properties":{"anthrome":53}},{"type":"Polygon","arcs":[[10820,-10633,10821,-10635,10822,-10637,10823,-10591,10824,-10783,10825,-10780,-10756,10826,-10718,10827,10828,10829,-10777,10830,-10751,10831,-10714,-10676]],"properties":{"anthrome":52}},{"type":"Polygon","arcs":[[-10804,10832]],"properties":{"anthrome":61}},{"type":"Polygon","arcs":[[10833]],"properties":{"anthrome":61}},{"type":"Polygon","arcs":[[10834,10835]],"properties":{"anthrome":62}},{"type":"Polygon","arcs":[[-10829,10836]],"properties":{"anthrome":53}},{"type":"Polygon","arcs":[[-10826,10837]],"properties":{"anthrome":53}},{"type":"Polygon","arcs":[[10838]],"properties":{"anthrome":54}},{"type":"Polygon","arcs":[[10839,10840]],"properties":{"anthrome":54}},{"type":"Polygon","arcs":[[10841,10842,10843]],"properties":{"anthrome":52}},{"type":"Polygon","arcs":[[-10765,-10764,10844,10845,10846,10847,10848,-10800,10849,10850],[-10797]],"properties":{"anthrome":52}},{"type":"Polygon","arcs":[[10851,10852,10853,-10774]],"properties":{"anthrome":61}},{"type":"Polygon","arcs":[[10854]],"properties":{"anthrome":61}},{"type":"Polygon","arcs":[[10855]],"properties":{"anthrome":52}},{"type":"Polygon","arcs":[[10856]],"properties":{"anthrome":52}},{"type":"Polygon","arcs":[[-10848,10857]],"properties":{"anthrome":33}},{"type":"Polygon","arcs":[[10858,-10846]],"properties":{"anthrome":54}},{"type":"Polygon","arcs":[[10859]],"properties":{"anthrome":54}},{"type":"Polygon","arcs":[[10860,10861,-10853]],"properties":{"anthrome":53}},{"type":"Polygon","arcs":[[10862,10863]],"properties":{"anthrome":54}},{"type":"Polygon","arcs":[[-10093,10864,-10555,10865,-10816,10866,10867,-10813,10868,10869,10870,-10741,-10743,10871,10872,10873,-10803,10874,10875,10876,10877,10878,-10475,10879,10880,10881,-10139,-10059,-10138,-10164,10882,-9999],[-10143],[-10152],[-10202],[-10611,-10610,-10612],[-10391],[-10505]],"properties":{"anthrome":52}},{"type":"Polygon","arcs":[[10883,-10843,10884]],"properties":{"anthrome":53}},{"type":"Polygon","arcs":[[10885,10886]],"properties":{"anthrome":53}},{"type":"Polygon","arcs":[[10887,10888]],"properties":{"anthrome":61}},{"type":"Polygon","arcs":[[10889,10890,10891]],"properties":{"anthrome":61}},{"type":"Polygon","arcs":[[10892,10893,-10890]],"properties":{"anthrome":62}},{"type":"Polygon","arcs":[[10894]],"properties":{"anthrome":62}},{"type":"Polygon","arcs":[[10895,10896,10897]],"properties":{"anthrome":61}},{"type":"Polygon","arcs":[[10898,10899]],"properties":{"anthrome":54}},{"type":"Polygon","arcs":[[10900,10901]],"properties":{"anthrome":61}},{"type":"Polygon","arcs":[[-10862,10902]],"properties":{"anthrome":61}},{"type":"Polygon","arcs":[[10903,10904,-10886]],"properties":{"anthrome":61}},{"type":"Polygon","arcs":[[10905,10906,10907,10908]],"properties":{"anthrome":52}},{"type":"Polygon","arcs":[[10909]],"properties":{"anthrome":61}},{"type":"Polygon","arcs":[[10910]],"properties":{"anthrome":61}},{"type":"Polygon","arcs":[[10911]],"properties":{"anthrome":54}},{"type":"Polygon","arcs":[[10912]],"properties":{"anthrome":53}},{"type":"Polygon","arcs":[[10913,10914]],"properties":{"anthrome":61}},{"type":"Polygon","arcs":[[10915,10916]],"properties":{"anthrome":54}},{"type":"Polygon","arcs":[[10917]],"properties":{"anthrome":63}},{"type":"Polygon","arcs":[[10918]],"properties":{"anthrome":52}},{"type":"Polygon","arcs":[[10919]],"properties":{"anthrome":61}},{"type":"Polygon","arcs":[[10920,10921,10922]],"properties":{"anthrome":53}},{"type":"Polygon","arcs":[[10923]],"properties":{"anthrome":61}},{"type":"Polygon","arcs":[[10924]],"properties":{"anthrome":53}},{"type":"Polygon","arcs":[[10925]],"properties":{"anthrome":52}},{"type":"Polygon","arcs":[[10926,10927,10928,10929]],"properties":{"anthrome":61}},{"type":"Polygon","arcs":[[10930]],"properties":{"anthrome":61}},{"type":"Polygon","arcs":[[10931,-10922]],"properties":{"anthrome":61}},{"type":"Polygon","arcs":[[10932,10933,10934,10935]],"properties":{"anthrome":61}},{"type":"Polygon","arcs":[[10936,10937]],"properties":{"anthrome":53}},{"type":"Polygon","arcs":[[10938,10939]],"properties":{"anthrome":54}},{"type":"Polygon","arcs":[[10940,10941]],"properties":{"anthrome":32}},{"type":"Polygon","arcs":[[10942]],"properties":{"anthrome":61}},{"type":"Polygon","arcs":[[10943,10944,10945,10946]],"properties":{"anthrome":52}},{"type":"Polygon","arcs":[[10947]],"properties":{"anthrome":61}},{"type":"Polygon","arcs":[[10948]],"properties":{"anthrome":62}},{"type":"Polygon","arcs":[[10949]],"properties":{"anthrome":54}},{"type":"Polygon","arcs":[[10950]],"properties":{"anthrome":53}},{"type":"Polygon","arcs":[[10951]],"properties":{"anthrome":53}},{"type":"Polygon","arcs":[[10952]],"properties":{"anthrome":54}},{"type":"Polygon","arcs":[[10953]],"properties":{"anthrome":62}},{"type":"Polygon","arcs":[[10954,10955,10956,10957,10958,10959,10960]],"properties":{"anthrome":53}},{"type":"Polygon","arcs":[[10961,10962,10963]],"properties":{"anthrome":53}},{"type":"Polygon","arcs":[[10964]],"properties":{"anthrome":61}},{"type":"Polygon","arcs":[[10965,10966]],"properties":{"anthrome":54}},{"type":"Polygon","arcs":[[-10929,10967,10968,10969]],"properties":{"anthrome":62}},{"type":"Polygon","arcs":[[10970,10971,10972,10973]],"properties":{"anthrome":54}},{"type":"Polygon","arcs":[[10974]],"properties":{"anthrome":52}},{"type":"Polygon","arcs":[[10975,10976,10977]],"properties":{"anthrome":52}},{"type":"Polygon","arcs":[[10978,10979]],"properties":{"anthrome":61}},{"type":"Polygon","arcs":[[10980,10981,10982,10983]],"properties":{"anthrome":52}},{"type":"Polygon","arcs":[[10984,10985,10986,10987]],"properties":{"anthrome":61}},{"type":"Polygon","arcs":[[10988,10989,10990]],"properties":{"anthrome":54}},{"type":"Polygon","arcs":[[10991,10992]],"properties":{"anthrome":61}},{"type":"Polygon","arcs":[[10993,10994,10995,10996]],"properties":{"anthrome":61}},{"type":"Polygon","arcs":[[10997,10998,10999]],"properties":{"anthrome":53}},{"type":"Polygon","arcs":[[11000,11001]],"properties":{"anthrome":53}},{"type":"Polygon","arcs":[[11002,11003,11004,11005]],"properties":{"anthrome":52}},{"type":"Polygon","arcs":[[11006,11007,11008,-11004]],"properties":{"anthrome":61}},{"type":"Polygon","arcs":[[11009]],"properties":{"anthrome":54}},{"type":"Polygon","arcs":[[11010,11011,-10994]],"properties":{"anthrome":53}},{"type":"Polygon","arcs":[[11012,11013,11014,-11011]],"properties":{"anthrome":61}},{"type":"Polygon","arcs":[[11015,11016,11017,11018]],"properties":{"anthrome":52}},{"type":"Polygon","arcs":[[11019]],"properties":{"anthrome":54}},{"type":"Polygon","arcs":[[11020,11021]],"properties":{"anthrome":61}},{"type":"Polygon","arcs":[[11022,11023,11024],[-10954]],"properties":{"anthrome":54}},{"type":"Polygon","arcs":[[11025,11026,11027,11028,11029,11030]],"properties":{"anthrome":61}},{"type":"Polygon","arcs":[[11031,11032,11033,11034,11035]],"properties":{"anthrome":61}},{"type":"Polygon","arcs":[[11036,11037,11038]],"properties":{"anthrome":54}},{"type":"Polygon","arcs":[[11039]],"properties":{"anthrome":53}},{"type":"Polygon","arcs":[[11040,-11032]],"properties":{"anthrome":53}},{"type":"Polygon","arcs":[[11041,11042]],"properties":{"anthrome":61}},{"type":"Polygon","arcs":[[11043]],"properties":{"anthrome":53}},{"type":"Polygon","arcs":[[11044]],"properties":{"anthrome":54}},{"type":"Polygon","arcs":[[11045,11046,11047,11048,11049,-11027,11050,11051]],"properties":{"anthrome":52}},{"type":"Polygon","arcs":[[11052,11053,-11030,11054,11055,11056]],"properties":{"anthrome":52}},{"type":"Polygon","arcs":[[11057,11058]],"properties":{"anthrome":54}},{"type":"Polygon","arcs":[[11059,11060,11061,11062]],"properties":{"anthrome":52}},{"type":"Polygon","arcs":[[11063,11064]],"properties":{"anthrome":61}},{"type":"Polygon","arcs":[[-11050,11065]],"properties":{"anthrome":61}},{"type":"Polygon","arcs":[[11066,11067,-11061]],"properties":{"anthrome":53}},{"type":"Polygon","arcs":[[11068]],"properties":{"anthrome":54}},{"type":"Polygon","arcs":[[11069,11070,11071]],"properties":{"anthrome":53}},{"type":"Polygon","arcs":[[11072]],"properties":{"anthrome":54}},{"type":"Polygon","arcs":[[11073,-11034,11074,11075,11076]],"properties":{"anthrome":54}},{"type":"Polygon","arcs":[[11077,11078,11079,-10986]],"properties":{"anthrome":54}},{"type":"Polygon","arcs":[[11080,11081,11082]],"properties":{"anthrome":53}},{"type":"Polygon","arcs":[[11083,11084,11085]],"properties":{"anthrome":53}},{"type":"Polygon","arcs":[[11086,11087]],"properties":{"anthrome":62}},{"type":"Polygon","arcs":[[-11049,11088,11089]],"properties":{"anthrome":61}},{"type":"Polygon","arcs":[[11090]],"properties":{"anthrome":53}},{"type":"Polygon","arcs":[[11091]],"properties":{"anthrome":53}},{"type":"Polygon","arcs":[[11092,11093]],"properties":{"anthrome":62}},{"type":"Polygon","arcs":[[11094,11095,11096,11097]],"properties":{"anthrome":61}},{"type":"Polygon","arcs":[[11098]],"properties":{"anthrome":53}},{"type":"Polygon","arcs":[[11099]],"properties":{"anthrome":54}},{"type":"Polygon","arcs":[[11100]],"properties":{"anthrome":54}},{"type":"Polygon","arcs":[[11101]],"properties":{"anthrome":54}},{"type":"Polygon","arcs":[[11102,-11041]],"properties":{"anthrome":61}},{"type":"Polygon","arcs":[[11103,11104,11105]],"properties":{"anthrome":54}},{"type":"Polygon","arcs":[[11106,11107]],"properties":{"anthrome":54}},{"type":"Polygon","arcs":[[11108]],"properties":{"anthrome":61}},{"type":"Polygon","arcs":[[11109]],"properties":{"anthrome":53}},{"type":"Polygon","arcs":[[11110]],"properties":{"anthrome":53}},{"type":"Polygon","arcs":[[11111]],"properties":{"anthrome":54}},{"type":"Polygon","arcs":[[11112]],"properties":{"anthrome":54}},{"type":"Polygon","arcs":[[-11085,11113]],"properties":{"anthrome":61}},{"type":"Polygon","arcs":[[11114]],"properties":{"anthrome":53}},{"type":"Polygon","arcs":[[11115,11116]],"properties":{"anthrome":54}},{"type":"Polygon","arcs":[[11117,11118]],"properties":{"anthrome":54}},{"type":"Polygon","arcs":[[-11105,11119,11120,11121]],"properties":{"anthrome":53}},{"type":"Polygon","arcs":[[11122,11123]],"properties":{"anthrome":53}},{"type":"Polygon","arcs":[[11124,11125]],"properties":{"anthrome":62}},{"type":"Polygon","arcs":[[11126,11127,11128,11129]],"properties":{"anthrome":61}},{"type":"Polygon","arcs":[[11130]],"properties":{"anthrome":62}},{"type":"Polygon","arcs":[[11131,11132]],"properties":{"anthrome":54}},{"type":"Polygon","arcs":[[11133]],"properties":{"anthrome":54}},{"type":"Polygon","arcs":[[-11129,11134,11135]],"properties":{"anthrome":52}},{"type":"Polygon","arcs":[[11136,11137,11138]],"properties":{"anthrome":54}},{"type":"Polygon","arcs":[[11139]],"properties":{"anthrome":54}},{"type":"Polygon","arcs":[[11140,11141,11142]],"properties":{"anthrome":61}},{"type":"Polygon","arcs":[[11143,11144,11145,-11141]],"properties":{"anthrome":53}},{"type":"Polygon","arcs":[[11146]],"properties":{"anthrome":53}},{"type":"Polygon","arcs":[[11147,11148,11149,11150,-11120,11151]],"properties":{"anthrome":54}},{"type":"Polygon","arcs":[[-9784,11152,11153,-10036,11154,-10051,11155,11156,-10221,11157,11158,11159,-10379,11160,11161,11162,11163,11164,11165,11166,-11096,11167,11168,11169,-11017,11170,11171,11172,-10438,11173,-10348,11174,-10321,11175,-10286,11176,-10258,11177,11178,-10325,11179,-10254,11180,-10278,-10167,11181,-10062,11182,-9981,11183,-9882,11184,-9708,11185,11186,11187,-9779,11188,11189],[-9783],[-9827],[-9868],[-9869],[-9974],[-10137],[-10203],[-10232],[-10233],[-10288],[-10307],[-10313],[-10367],[-10399,-10400],[-10401],[-10443],[-10462],[-10508],[-10586],[-10625],[-10839],[-10840,-10841],[-10912],[-10950],[-11020]],"properties":{"anthrome":53}},{"type":"Polygon","arcs":[[11190,11191]],"properties":{"anthrome":53}},{"type":"Polygon","arcs":[[11192,11193]],"properties":{"anthrome":61}},{"type":"Polygon","arcs":[[11194,11195]],"properties":{"anthrome":61}},{"type":"Polygon","arcs":[[11196,11197]],"properties":{"anthrome":62}},{"type":"Polygon","arcs":[[11198]],"properties":{"anthrome":54}},{"type":"Polygon","arcs":[[11199,11200,11201,11202]],"properties":{"anthrome":62}},{"type":"Polygon","arcs":[[11203,11204,-11201]],"properties":{"anthrome":54}},{"type":"Polygon","arcs":[[11205,11206,11207]],"properties":{"anthrome":53}},{"type":"Polygon","arcs":[[11208,11209,11210]],"properties":{"anthrome":53}},{"type":"Polygon","arcs":[[11211]],"properties":{"anthrome":53}},{"type":"Polygon","arcs":[[11212,11213,11214]],"properties":{"anthrome":54}},{"type":"Polygon","arcs":[[11215,11216]],"properties":{"anthrome":62}},{"type":"Polygon","arcs":[[11217]],"properties":{"anthrome":53}},{"type":"Polygon","arcs":[[11218]],"properties":{"anthrome":62}},{"type":"Polygon","arcs":[[11219,11220]],"properties":{"anthrome":61}},{"type":"Polygon","arcs":[[11221]],"properties":{"anthrome":52}},{"type":"Polygon","arcs":[[11222,11223]],"properties":{"anthrome":54}},{"type":"Polygon","arcs":[[-11195,11224]],"properties":{"anthrome":70}},{"type":"Polygon","arcs":[[-11202,11225,11226,11227]],"properties":{"anthrome":54}},{"type":"Polygon","arcs":[[11228,11229]],"properties":{"anthrome":62}},{"type":"Polygon","arcs":[[11230]],"properties":{"anthrome":54}},{"type":"Polygon","arcs":[[11231]],"properties":{"anthrome":54}},{"type":"Polygon","arcs":[[11232,11233]],"properties":{"anthrome":62}},{"type":"Polygon","arcs":[[11234,11235]],"properties":{"anthrome":62}},{"type":"Polygon","arcs":[[11236]],"properties":{"anthrome":61}},{"type":"Polygon","arcs":[[-11220,11237]],"properties":{"anthrome":53}},{"type":"Polygon","arcs":[[11238,11239,11240]],"properties":{"anthrome":53}},{"type":"Polygon","arcs":[[11241,11242,11243],[-11140],[-11215,-11214,-11213],[-11232]],"properties":{"anthrome":53}},{"type":"Polygon","arcs":[[-11205,-11230,11244,11245,11246]],"properties":{"anthrome":61}},{"type":"Polygon","arcs":[[11247,11248,11249,11250,11251,11252]],"properties":{"anthrome":62}},{"type":"Polygon","arcs":[[11253,11254,11255,11256,11257]],"properties":{"anthrome":53}},{"type":"Polygon","arcs":[[11258]],"properties":{"anthrome":61}},{"type":"Polygon","arcs":[[-11227,11259,11260,11261]],"properties":{"anthrome":53}},{"type":"Polygon","arcs":[[11262,11263,-11250]],"properties":{"anthrome":61}},{"type":"Polygon","arcs":[[11264,11265]],"properties":{"anthrome":62}},{"type":"Polygon","arcs":[[11266,11267,-11256]],"properties":{"anthrome":52}},{"type":"Polygon","arcs":[[11268,11269,-11267]],"properties":{"anthrome":53}},{"type":"Polygon","arcs":[[11270,11271]],"properties":{"anthrome":61}},{"type":"Polygon","arcs":[[11272]],"properties":{"anthrome":54}},{"type":"Polygon","arcs":[[11273]],"properties":{"anthrome":54}},{"type":"Polygon","arcs":[[11274,-11114,11275,-11193,11276]],"properties":{"anthrome":53}},{"type":"Polygon","arcs":[[11277,11278]],"properties":{"anthrome":53}},{"type":"Polygon","arcs":[[11279]],"properties":{"anthrome":54}},{"type":"Polygon","arcs":[[11280,11281,11282,11283]],"properties":{"anthrome":53}},{"type":"Polygon","arcs":[[11284,11285]],"properties":{"anthrome":61}},{"type":"Polygon","arcs":[[11286,11287]],"properties":{"anthrome":53}},{"type":"Polygon","arcs":[[11288,11289,11290]],"properties":{"anthrome":53}},{"type":"Polygon","arcs":[[11291,-11278]],"properties":{"anthrome":61}},{"type":"Polygon","arcs":[[11292]],"properties":{"anthrome":53}},{"type":"Polygon","arcs":[[11293,11294]],"properties":{"anthrome":54}},{"type":"Polygon","arcs":[[11295,11296]],"properties":{"anthrome":54}},{"type":"Polygon","arcs":[[11297]],"properties":{"anthrome":54}},{"type":"Polygon","arcs":[[11298]],"properties":{"anthrome":53}},{"type":"Polygon","arcs":[[11299]],"properties":{"anthrome":52}},{"type":"Polygon","arcs":[[11300]],"properties":{"anthrome":61}},{"type":"Polygon","arcs":[[11301]],"properties":{"anthrome":53}},{"type":"Polygon","arcs":[[11302,11303,11304,11305]],"properties":{"anthrome":62}},{"type":"Polygon","arcs":[[11306,11307,-11304]],"properties":{"anthrome":53}},{"type":"Polygon","arcs":[[11308]],"properties":{"anthrome":52}},{"type":"Polygon","arcs":[[11309]],"properties":{"anthrome":53}},{"type":"Polygon","arcs":[[11310,11311]],"properties":{"anthrome":53}},{"type":"Polygon","arcs":[[11312]],"properties":{"anthrome":54}},{"type":"Polygon","arcs":[[11313,11314]],"properties":{"anthrome":61}},{"type":"Polygon","arcs":[[11315,11316]],"properties":{"anthrome":54}},{"type":"Polygon","arcs":[[11317,-11314,11318,11319,11320,11321]],"properties":{"anthrome":53}},{"type":"Polygon","arcs":[[11322,11323,11324,11325]],"properties":{"anthrome":53}},{"type":"Polygon","arcs":[[11326]],"properties":{"anthrome":54}},{"type":"Polygon","arcs":[[-11320,11327,11328]],"properties":{"anthrome":62}},{"type":"Polygon","arcs":[[11329]],"properties":{"anthrome":54}},{"type":"Polygon","arcs":[[11330]],"properties":{"anthrome":62}},{"type":"Polygon","arcs":[[11331]],"properties":{"anthrome":53}},{"type":"Polygon","arcs":[[11332,11333,11334,11335]],"properties":{"anthrome":53}},{"type":"Polygon","arcs":[[11336,11337,11338,-11334,11339,11340,-11287,-11269,-11255,11341]],"properties":{"anthrome":52}},{"type":"Polygon","arcs":[[11342]],"properties":{"anthrome":62}},{"type":"Polygon","arcs":[[11343]],"properties":{"anthrome":53}},{"type":"Polygon","arcs":[[11344,11345,11346]],"properties":{"anthrome":53}},{"type":"Polygon","arcs":[[11347,11348,-11345]],"properties":{"anthrome":61}},{"type":"Polygon","arcs":[[11349]],"properties":{"anthrome":53}},{"type":"Polygon","arcs":[[11350,11351]],"properties":{"anthrome":52}},{"type":"Polygon","arcs":[[-11335,11352,11353,11354]],"properties":{"anthrome":52}},{"type":"Polygon","arcs":[[11355]],"properties":{"anthrome":54}},{"type":"Polygon","arcs":[[11356]],"properties":{"anthrome":53}},{"type":"Polygon","arcs":[[11357]],"properties":{"anthrome":61}},{"type":"Polygon","arcs":[[11358]],"properties":{"anthrome":54}},{"type":"Polygon","arcs":[[11359,11360]],"properties":{"anthrome":54}},{"type":"Polygon","arcs":[[-11346,11361,11362]],"properties":{"anthrome":61}},{"type":"Polygon","arcs":[[-11349,11363,11364,-11362]],"properties":{"anthrome":53}},{"type":"Polygon","arcs":[[11365,11366]],"properties":{"anthrome":62}},{"type":"Polygon","arcs":[[11367]],"properties":{"anthrome":62}},{"type":"Polygon","arcs":[[11368]],"properties":{"anthrome":51}},{"type":"Polygon","arcs":[[11369]],"properties":{"anthrome":53}},{"type":"Polygon","arcs":[[11370]],"properties":{"anthrome":53}},{"type":"Polygon","arcs":[[11371]],"properties":{"anthrome":53}},{"type":"Polygon","arcs":[[11372]],"properties":{"anthrome":54}},{"type":"Polygon","arcs":[[11373]],"properties":{"anthrome":62}},{"type":"Polygon","arcs":[[11374,11375]],"properties":{"anthrome":53}},{"type":"Polygon","arcs":[[11376,11377,11378,11379,11380,11381,11382,11383,-11353,-11339,11384],[-11356]],"properties":{"anthrome":53}},{"type":"Polygon","arcs":[[11385]],"properties":{"anthrome":54}},{"type":"Polygon","arcs":[[11386,11387,11388,11389]],"properties":{"anthrome":52}},{"type":"Polygon","arcs":[[11390,-11381,11391,-11388]],"properties":{"anthrome":54}},{"type":"Polygon","arcs":[[11392]],"properties":{"anthrome":53}},{"type":"Polygon","arcs":[[11393,11394]],"properties":{"anthrome":62}},{"type":"Polygon","arcs":[[11395,11396]],"properties":{"anthrome":61}},{"type":"Polygon","arcs":[[11397]],"properties":{"anthrome":53}},{"type":"Polygon","arcs":[[-11325,11398,11399,11400]],"properties":{"anthrome":54}},{"type":"Polygon","arcs":[[11401]],"properties":{"anthrome":54}},{"type":"Polygon","arcs":[[11402]],"properties":{"anthrome":62}},{"type":"Polygon","arcs":[[11403]],"properties":{"anthrome":61}},{"type":"Polygon","arcs":[[11404,11405,11406]],"properties":{"anthrome":53}},{"type":"Polygon","arcs":[[11407]],"properties":{"anthrome":54}},{"type":"Polygon","arcs":[[11408]],"properties":{"anthrome":54}},{"type":"Polygon","arcs":[[11409]],"properties":{"anthrome":54}},{"type":"Polygon","arcs":[[11410,11411,11412,11413]],"properties":{"anthrome":53}},{"type":"Polygon","arcs":[[11414]],"properties":{"anthrome":52}},{"type":"Polygon","arcs":[[11415,11416,11417,11418]],"properties":{"anthrome":62}},{"type":"Polygon","arcs":[[11419,11420,11421]],"properties":{"anthrome":52}},{"type":"Polygon","arcs":[[-11389,11422,-11421]],"properties":{"anthrome":53}},{"type":"Polygon","arcs":[[11423,11424,11425]],"properties":{"anthrome":54}},{"type":"Polygon","arcs":[[11426]],"properties":{"anthrome":51}},{"type":"Polygon","arcs":[[11427]],"properties":{"anthrome":62}},{"type":"Polygon","arcs":[[11428]],"properties":{"anthrome":54}},{"type":"Polygon","arcs":[[11429,11430]],"properties":{"anthrome":52}},{"type":"Polygon","arcs":[[11431,11432]],"properties":{"anthrome":53}},{"type":"Polygon","arcs":[[-11412,11433,-11432]],"properties":{"anthrome":54}},{"type":"Polygon","arcs":[[11434]],"properties":{"anthrome":53}},{"type":"Polygon","arcs":[[11435]],"properties":{"anthrome":54}},{"type":"Polygon","arcs":[[11436,11437]],"properties":{"anthrome":62}},{"type":"Polygon","arcs":[[11438]],"properties":{"anthrome":54}},{"type":"Polygon","arcs":[[11439]],"properties":{"anthrome":54}},{"type":"Polygon","arcs":[[11440,-11397,11441,11442]],"properties":{"anthrome":53}},{"type":"Polygon","arcs":[[11443,11444]],"properties":{"anthrome":54}},{"type":"Polygon","arcs":[[11445,-11444]],"properties":{"anthrome":62}},{"type":"Polygon","arcs":[[11446]],"properties":{"anthrome":61}},{"type":"Polygon","arcs":[[11447]],"properties":{"anthrome":62}},{"type":"Polygon","arcs":[[11448]],"properties":{"anthrome":54}},{"type":"Polygon","arcs":[[11449,11450]],"properties":{"anthrome":62}},{"type":"Polygon","arcs":[[11451,11452]],"properties":{"anthrome":53}},{"type":"Polygon","arcs":[[11453]],"properties":{"anthrome":62}},{"type":"Polygon","arcs":[[-11434,11454]],"properties":{"anthrome":53}},{"type":"Polygon","arcs":[[11455]],"properties":{"anthrome":62}},{"type":"Polygon","arcs":[[11456]],"properties":{"anthrome":54}},{"type":"Polygon","arcs":[[11457,11458,11459]],"properties":{"anthrome":53}},{"type":"Polygon","arcs":[[11460,11461,11462,11463]],"properties":{"anthrome":54}},{"type":"Polygon","arcs":[[11464,11465,11466]],"properties":{"anthrome":54}},{"type":"Polygon","arcs":[[11467,11468]],"properties":{"anthrome":62}},{"type":"Polygon","arcs":[[-11450,11469]],"properties":{"anthrome":53}},{"type":"Polygon","arcs":[[11470,11471,11472]],"properties":{"anthrome":62}},{"type":"Polygon","arcs":[[11473]],"properties":{"anthrome":53}},{"type":"Polygon","arcs":[[11474,11475,11476,11477,11478,11479]],"properties":{"anthrome":51}},{"type":"Polygon","arcs":[[-11472,11480]],"properties":{"anthrome":54}},{"type":"Polygon","arcs":[[11481,11482,-11418,11483,-11460,11484,11485,11486,11487,11488,11489,11490]],"properties":{"anthrome":61}},{"type":"Polygon","arcs":[[11491]],"properties":{"anthrome":52}},{"type":"Polygon","arcs":[[11492,11493]],"properties":{"anthrome":54}},{"type":"Polygon","arcs":[[11494,-11488,11495]],"properties":{"anthrome":53}},{"type":"Polygon","arcs":[[-11463,11496,11497]],"properties":{"anthrome":53}},{"type":"Polygon","arcs":[[-11479,11498]],"properties":{"anthrome":52}},{"type":"Polygon","arcs":[[11499,-11477]],"properties":{"anthrome":52}},{"type":"Polygon","arcs":[[11500]],"properties":{"anthrome":62}},{"type":"Polygon","arcs":[[11501,11502]],"properties":{"anthrome":62}},{"type":"Polygon","arcs":[[11503,11504]],"properties":{"anthrome":54}},{"type":"Polygon","arcs":[[11505]],"properties":{"anthrome":61}},{"type":"Polygon","arcs":[[11506,-11496,11507,11508,11509]],"properties":{"anthrome":54}},{"type":"Polygon","arcs":[[11510,11511,11512]],"properties":{"anthrome":62}},{"type":"Polygon","arcs":[[-11478,11513,11514]],"properties":{"anthrome":61}},{"type":"Polygon","arcs":[[11515]],"properties":{"anthrome":54}},{"type":"Polygon","arcs":[[11516]],"properties":{"anthrome":54}},{"type":"Polygon","arcs":[[11517,11518,-11468,11519,11520]],"properties":{"anthrome":54}},{"type":"Polygon","arcs":[[-11487,11521,11522,11523,11524,-11508]],"properties":{"anthrome":62}},{"type":"Polygon","arcs":[[11525]],"properties":{"anthrome":54}},{"type":"Polygon","arcs":[[11526,11527]],"properties":{"anthrome":53}},{"type":"Polygon","arcs":[[11528,11529,11530,-11394]],"properties":{"anthrome":54}},{"type":"Polygon","arcs":[[-11512,11531,11532]],"properties":{"anthrome":53}},{"type":"Polygon","arcs":[[11533,11534]],"properties":{"anthrome":54}},{"type":"Polygon","arcs":[[11535]],"properties":{"anthrome":62}},{"type":"Polygon","arcs":[[11536]],"properties":{"anthrome":54}},{"type":"Polygon","arcs":[[11537,-11499,-11515,-11528,11538,11539,11540,11541,11542]],"properties":{"anthrome":51}},{"type":"Polygon","arcs":[[11543]],"properties":{"anthrome":54}},{"type":"Polygon","arcs":[[11544]],"properties":{"anthrome":62}},{"type":"Polygon","arcs":[[11545,11546,11547]],"properties":{"anthrome":54}},{"type":"Polygon","arcs":[[11548,11549,11550]],"properties":{"anthrome":54}},{"type":"Polygon","arcs":[[11551,-11540]],"properties":{"anthrome":61}},{"type":"Polygon","arcs":[[11552]],"properties":{"anthrome":62}},{"type":"Polygon","arcs":[[11553,11554]],"properties":{"anthrome":62}},{"type":"Polygon","arcs":[[11555]],"properties":{"anthrome":54}},{"type":"Polygon","arcs":[[11556,11557,-11279,11558,11559,-11426,11560,11561,-11467,11562,11563,-11494,11564,-11542,11565,11566,-11551,11567,11568,11569,-11546,11570,11571,-11498,11572,11573,11574,-11423,11575,-11379,11576,11577,11578,-11407,11579,11580,-11323,-11289,-11240,11581,11582,11583,-11082,-10999,11584,-11038,-11037,11585],[-11069],[11586,11587,-11150,11588,-11209,11589,-11152,-11104],[-11231],[-11369],[-11436]],"properties":{"anthrome":52}},{"type":"Polygon","arcs":[[11590,-11524,11591,11592,11593,11594,11595,11596,11597]],"properties":{"anthrome":61}},{"type":"Polygon","arcs":[[11598,11599,11600,-11568]],"properties":{"anthrome":54}},{"type":"Polygon","arcs":[[11601,11602]],"properties":{"anthrome":62}},{"type":"Polygon","arcs":[[11603,11604,11605]],"properties":{"anthrome":54}},{"type":"Polygon","arcs":[[-11550,11606,11607,-11599]],"properties":{"anthrome":62}},{"type":"Polygon","arcs":[[11608]],"properties":{"anthrome":62}},{"type":"Polygon","arcs":[[11609]],"properties":{"anthrome":62}},{"type":"Polygon","arcs":[[11610]],"properties":{"anthrome":62}},{"type":"Polygon","arcs":[[11611]],"properties":{"anthrome":62}},{"type":"Polygon","arcs":[[11612,11613]],"properties":{"anthrome":61}},{"type":"Polygon","arcs":[[11614,-11422,-11575,11615,-11464,-11572,11616,11617,11618,11619,11620,11621,-11606,11622,11623,11624],[-11492],[-11537]],"properties":{"anthrome":53}},{"type":"Polygon","arcs":[[11625,11626,11627,11628]],"properties":{"anthrome":53}},{"type":"Polygon","arcs":[[11629,11630]],"properties":{"anthrome":54}},{"type":"Polygon","arcs":[[11631]],"properties":{"anthrome":54}},{"type":"Polygon","arcs":[[11632]],"properties":{"anthrome":54}},{"type":"Polygon","arcs":[[11633,11634]],"properties":{"anthrome":53}},{"type":"Polygon","arcs":[[-10979,11635,-11108,11636,-11271,11637,-11502,11638,11639,11640,-11021,11641]],"properties":{"anthrome":53}},{"type":"Polygon","arcs":[[11642,11643,-11534,11644,11645]],"properties":{"anthrome":62}},{"type":"Polygon","arcs":[[11646,11647]],"properties":{"anthrome":53}},{"type":"Polygon","arcs":[[11648]],"properties":{"anthrome":53}},{"type":"Polygon","arcs":[[11649]],"properties":{"anthrome":62}},{"type":"Polygon","arcs":[[-11630,11650]],"properties":{"anthrome":52}},{"type":"Polygon","arcs":[[11651]],"properties":{"anthrome":54}},{"type":"Polygon","arcs":[[11652]],"properties":{"anthrome":54}},{"type":"Polygon","arcs":[[-11640,11653,-11602,11654,-11375,11655,-11235,11656,11657,-11145,-11125,11658],[-11147],[-11218]],"properties":{"anthrome":54}},{"type":"Polygon","arcs":[[-9760,-9743,11659,-9833,11660,-9738,11661,-10008,11662,-9964,11663,-9864,11664,-9971,-9890,11665,-10141,11666,-10881,11667,-10477,11668,-10878,-10877,11669,-10790,-10833,-10874,-10873,11670,-10870,11671,-10811,11672,-10908,11673,-10807,-10806,-10768,-10767,11674,11675,-10892,11676,11677,11678,-10997,11679,11680,-11043,11681,11682,11683,11684,-11229,-11204,-11137,-11139,11685,11686,11687,11688,11689,-11490,11690,-11510,11691,-11598,11692,11693,11694,-11430,11695,-11351,11696,11697,11698,-11028,-11066,-11090,11699,11700,11701,-10944,11702,-10933,11703,-11052,11704,11705,11706,11707,11708,-10981,11709,11710,-10769,11711,11712,11713,11714,11715,11716,11717,11718,11719,11720,11721,-9888,11722,-9870,-9837,11723,11724,-9764,11725,-9666,11726,-9761],[-9961],[-9872],[-9946],[-9980],[-10609],[-10740],[-10747],[-10792],[-10834],[-10855],[-10924],[-10888,-10889],[-10910],[11727,-11079,11728,-10988],[-10911],[-10943],[-11076,11729,-11103,-11036,11730,-11077],[-10948],[-11010],[-11109],[11731,11732,-11127],[-11119,-11118],[-11222],[-11199],[-11386],[-11415]],"properties":{"anthrome":53}},{"type":"Polygon","arcs":[[11733,11734,11735]],"properties":{"anthrome":62}},{"type":"Polygon","arcs":[[11736]],"properties":{"anthrome":54}},{"type":"Polygon","arcs":[[11737,11738]],"properties":{"anthrome":62}},{"type":"Polygon","arcs":[[11739]],"properties":{"anthrome":54}},{"type":"Polygon","arcs":[[11740]],"properties":{"anthrome":53}},{"type":"Polygon","arcs":[[11741]],"properties":{"anthrome":54}},{"type":"Polygon","arcs":[[11742]],"properties":{"anthrome":54}},{"type":"Polygon","arcs":[[11743]],"properties":{"anthrome":54}},{"type":"Polygon","arcs":[[11744,11745,11746,11747,11748,11749]],"properties":{"anthrome":62}},{"type":"Polygon","arcs":[[11750,11751],[-11737]],"properties":{"anthrome":62}},{"type":"Polygon","arcs":[[11752,-11747,11753,11754]],"properties":{"anthrome":63}},{"type":"Polygon","arcs":[[11755]],"properties":{"anthrome":53}},{"type":"Polygon","arcs":[[-11613,11756,11757,11758]],"properties":{"anthrome":53}},{"type":"Polygon","arcs":[[11759]],"properties":{"anthrome":54}},{"type":"Polygon","arcs":[[11760,11761]],"properties":{"anthrome":61}},{"type":"Polygon","arcs":[[11762,11763,11764]],"properties":{"anthrome":52}},{"type":"Polygon","arcs":[[11765,11766,11767]],"properties":{"anthrome":63}},{"type":"Polygon","arcs":[[11768,11769]],"properties":{"anthrome":62}},{"type":"Polygon","arcs":[[11770,11771,11772,-11765,11773,11774,11775]],"properties":{"anthrome":53}},{"type":"Polygon","arcs":[[11776]],"properties":{"anthrome":53}},{"type":"Polygon","arcs":[[-11774,11777,11778]],"properties":{"anthrome":52}},{"type":"Polygon","arcs":[[11779,11780,11781]],"properties":{"anthrome":63}},{"type":"Polygon","arcs":[[11782]],"properties":{"anthrome":53}},{"type":"Polygon","arcs":[[11783,11784]],"properties":{"anthrome":54}},{"type":"Polygon","arcs":[[11785,11786,11787]],"properties":{"anthrome":62}},{"type":"Polygon","arcs":[[-11784,11788,11789]],"properties":{"anthrome":62}},{"type":"Polygon","arcs":[[-11648,11790,11791,11792,-11631,11793,11794,11795,11796,-11621],[-11526],[-11632],[-11740]],"properties":{"anthrome":52}},{"type":"Polygon","arcs":[[-11767,11797,11798,11799]],"properties":{"anthrome":62}},{"type":"Polygon","arcs":[[11800]],"properties":{"anthrome":54}},{"type":"Polygon","arcs":[[11801]],"properties":{"anthrome":63}},{"type":"Polygon","arcs":[[11802]],"properties":{"anthrome":54}},{"type":"Polygon","arcs":[[11803,11804,11805]],"properties":{"anthrome":61}},{"type":"Polygon","arcs":[[11806]],"properties":{"anthrome":62}},{"type":"Polygon","arcs":[[11807,11808]],"properties":{"anthrome":52}},{"type":"Polygon","arcs":[[11809]],"properties":{"anthrome":52}},{"type":"Polygon","arcs":[[11810]],"properties":{"anthrome":52}},{"type":"Polygon","arcs":[[11811]],"properties":{"anthrome":62}},{"type":"Polygon","arcs":[[11812]],"properties":{"anthrome":53}},{"type":"Polygon","arcs":[[11813]],"properties":{"anthrome":54}},{"type":"Polygon","arcs":[[11814,11815,11816,11817]],"properties":{"anthrome":62}},{"type":"Polygon","arcs":[[11818,11819,11820,-11816]],"properties":{"anthrome":53}},{"type":"Polygon","arcs":[[11821,11822,-11820]],"properties":{"anthrome":62}},{"type":"Polygon","arcs":[[11823,11824]],"properties":{"anthrome":62}},{"type":"Polygon","arcs":[[11825]],"properties":{"anthrome":54}},{"type":"Polygon","arcs":[[11826]],"properties":{"anthrome":62}},{"type":"Polygon","arcs":[[11827]],"properties":{"anthrome":63}},{"type":"Polygon","arcs":[[11828,11829,11830,11831]],"properties":{"anthrome":52}},{"type":"Polygon","arcs":[[11832]],"properties":{"anthrome":62}},{"type":"Polygon","arcs":[[11833,11834,11835,11836]],"properties":{"anthrome":53}},{"type":"Polygon","arcs":[[11837,11838,-11830]],"properties":{"anthrome":53}},{"type":"Polygon","arcs":[[11839,11840,11841,11842]],"properties":{"anthrome":61}},{"type":"Polygon","arcs":[[-11831,11843,11844,11845]],"properties":{"anthrome":62}},{"type":"Polygon","arcs":[[-11836,11846,11847,11848]],"properties":{"anthrome":62}},{"type":"Polygon","arcs":[[11849]],"properties":{"anthrome":54}},{"type":"Polygon","arcs":[[11850,11851]],"properties":{"anthrome":54}},{"type":"Polygon","arcs":[[11852,11853,-11840,11854,11855,11856,-11804,11857,11858]],"properties":{"anthrome":53}},{"type":"Polygon","arcs":[[-11845,11859,11860,11861]],"properties":{"anthrome":61}},{"type":"Polygon","arcs":[[11862]],"properties":{"anthrome":62}},{"type":"Polygon","arcs":[[11863,11864]],"properties":{"anthrome":61}},{"type":"Polygon","arcs":[[11865,11866,-11865,11867,11868]],"properties":{"anthrome":53}},{"type":"Polygon","arcs":[[11869,11870,11871,11872]],"properties":{"anthrome":61}},{"type":"Polygon","arcs":[[11873,11874]],"properties":{"anthrome":62}},{"type":"Polygon","arcs":[[11875,11876]],"properties":{"anthrome":62}},{"type":"Polygon","arcs":[[11877,11878,11879,11880]],"properties":{"anthrome":53}},{"type":"Polygon","arcs":[[11881,-11879]],"properties":{"anthrome":54}},{"type":"Polygon","arcs":[[11882,11883]],"properties":{"anthrome":62}},{"type":"Polygon","arcs":[[11884]],"properties":{"anthrome":62}},{"type":"Polygon","arcs":[[11885]],"properties":{"anthrome":62}},{"type":"Polygon","arcs":[[11886,11887]],"properties":{"anthrome":62}},{"type":"Polygon","arcs":[[11888,11889]],"properties":{"anthrome":62}},{"type":"Polygon","arcs":[[11890]],"properties":{"anthrome":53}},{"type":"Polygon","arcs":[[11891,11892]],"properties":{"anthrome":62}},{"type":"Polygon","arcs":[[11893,11894,11895]],"properties":{"anthrome":53}},{"type":"Polygon","arcs":[[11896,11897]],"properties":{"anthrome":53}},{"type":"Polygon","arcs":[[-10900,-10917,11898,-10967,11899,-11023,11900,11901,-11116,11902,-11058,11903,-10939,11904,-10863,11905,-10993,11906,11907,11908,11909,11910,11911,11912,11913,11914,11915,11916,11917,11918,-11518,11919,-11530,11920,-11360,11921,-11294,11922,-11316,11923,-11132,11924],[11925,-10991,-10990,11926,-10914],[-10953],[-11045],[-11100],[-11101],[-11102],[-11112],[-11113],[-11134],[-11280],[-11273],[-11274],[-11297,-11296],[-11359],[-11298],[-11327],[-11313],[-11410],[-11402],[-11373],[-11429],[-11408],[-11409],[-11439],[-11440],[-11457],[-11449],[-11505,-11504],[-11516],[-11517],[-11556],[-11544],[-11652],[-11653],[-11742],[-11743],[-11744],[-11801],[-11803],[-11814],[-11826],[-11850],[-11852,-11851]],"properties":{"anthrome":62}},{"type":"Polygon","arcs":[[11927]],"properties":{"anthrome":53}},{"type":"Polygon","arcs":[[11928,11929,11930,11931]],"properties":{"anthrome":53}},{"type":"Polygon","arcs":[[-11880,11932,-11897,11933,11934]],"properties":{"anthrome":54}},{"type":"Polygon","arcs":[[11935,11936,11937]],"properties":{"anthrome":62}},{"type":"Polygon","arcs":[[11938,-7701,11939,-8457,11940,-8821,11941,11942,-8879,11943,-9018,11944,-8952,11945,-8953,11946,-9211,11947,11948,-10156,11949,11950,-10465,-10464,-10558,11951,-10708,11952,11953,-11072,-11071,11954,-11123,11955,-11217,-11234,11956,-11242,-11244,11957,-11437,11958,-11555,11959,-11635,11960,-11739,11961,-11788,11962,-11869,11963,-11890,11964,11965,11966,-11790,11967,-11471,11968,-11093,11969,-10481,11970,-10303,11971,11972,-10436,-11173,-11172,11973,-11019,11974,-11169,11975,-11098,11976,-11166,-11165,11977,-10628,11978,-11162,-11161,-10310,11979,-10279,-10218,-10053,-10034,11980,-11153,-9748,-11190,11981,11982,-11187,11983,-9626,11984,-9705,-9704,-9503,-9505,-9712,11985,-9622,-9571,11986,-9610,11987,11988,-9269,11989,-9276,-9606,11990,-9455,11991,11992,-9268,11993,-9637,11994,-9174,-9096,-9051,11995,-9014,11996,11997,-8884,11998,-8584,11999,-8683,12000,-8628,-8664,12001,-8680,12002,-8710,-8709,-8275,-8274,-8235,-8708,-8707,-8706,-8705,-8704,-8703],[-8117],[-8219,-8218],[-8249,-8250],[-8325],[-8326],[-8329],[-8369],[-8415],[-8416,-8417],[-8433],[-8434,-8435],[-8436],[-8466],[-8586],[12003,-8668,12004,-8793],[-8654],[-8752],[12005,-9201,-9200,12006,-9103,12007,12008,-9219,12009,-9194,12010,12011,-8899,-9192,-9204],[-8887],[-8901],[-9001],[12012,-9100,12013,-9033],[-9017,-9016],[-9054],[-9177],[-9146,12014,-9179,12015,-9147],[-9178],[-9216],[-9220],[-9277],[-9493],[-9403],[-9415],[-9404],[-9429],[-9430],[-9491],[-9492],[-9506],[-9524],[-9565],[12016,-9653,12017],[-9903],[-9904],[-9937,-9975,12018,12019,-10101,12020,-10144,-9977,-9939,12021],[-9941],[-9986,12022,-9988,12023],[-9990],[-10064],[-10236],[-10483],[12024,12025,-11001,12026,12027,-10957,12028,-10896,12029,-10961],[-10587],[-10588],[-10629],[-10705],[-10749],[-10819],[-10820],[12030,-10976,12031,-10964],[-10913],[-10926],[-10938,-10937],[-11040],[-10951],[-10952],[-11044],[-11099],[-11110],[-11111],[-11115],[-11212],[-11299],[-11293],[-11310],[-11311,-11312],[-11343],[-11350],[-11344],[-11357],[-11370],[-11371],[-11372],[-11393],[-11428],[-11456],[-11553],[-11751,-11752],[-11611],[-11612],[-11649],[-11756],[-11863]],"properties":{"anthrome":54}},{"type":"Polygon","arcs":[[-11917,12032,-11896,12033,-11893,12034,12035,12036,12037,12038,-11936,12039,-11930,-11929,12040,-11876,12041,-11824,12042],[12043,-11848,12044,-11834],[-11891]],"properties":{"anthrome":54}},{"type":"Polygon","arcs":[[12045]],"properties":{"anthrome":53}},{"type":"Polygon","arcs":[[-11966,12046]],"properties":{"anthrome":62}},{"type":"Polygon","arcs":[[12047,-12038]],"properties":{"anthrome":53}},{"type":"Polygon","arcs":[[12048,-12036]],"properties":{"anthrome":62}},{"type":"Polygon","arcs":[[12049]],"properties":{"anthrome":62}},{"type":"Polygon","arcs":[[12050]],"properties":{"anthrome":62}},{"type":"Polygon","arcs":[[12051,12052]],"properties":{"anthrome":62}},{"type":"Polygon","arcs":[[12053]],"properties":{"anthrome":62}},{"type":"Polygon","arcs":[[12054,12055,12056]],"properties":{"anthrome":62}},{"type":"Polygon","arcs":[[12057,12058]],"properties":{"anthrome":54}},{"type":"Polygon","arcs":[[12059,12060,12061,12062]],"properties":{"anthrome":53}},{"type":"Polygon","arcs":[[12063,12064,12065,12066]],"properties":{"anthrome":61}},{"type":"Polygon","arcs":[[12067]],"properties":{"anthrome":62}},{"type":"Polygon","arcs":[[12068]],"properties":{"anthrome":62}},{"type":"Polygon","arcs":[[12069,12070,12071]],"properties":{"anthrome":53}},{"type":"Polygon","arcs":[[12072,12073]],"properties":{"anthrome":53}},{"type":"Polygon","arcs":[[12074]],"properties":{"anthrome":62}},{"type":"Polygon","arcs":[[-12071,12075,12076,12077]],"properties":{"anthrome":61}},{"type":"Polygon","arcs":[[12078,12079,12080]],"properties":{"anthrome":62}},{"type":"Polygon","arcs":[[12081,12082]],"properties":{"anthrome":61}},{"type":"Polygon","arcs":[[12083]],"properties":{"anthrome":61}},{"type":"Polygon","arcs":[[12084,12085]],"properties":{"anthrome":62}},{"type":"Polygon","arcs":[[12086,12087,12088,12089]],"properties":{"anthrome":52}},{"type":"Polygon","arcs":[[-12079,12090,12091,12092]],"properties":{"anthrome":54}},{"type":"Polygon","arcs":[[-12091,12093]],"properties":{"anthrome":62}},{"type":"Polygon","arcs":[[12094]],"properties":{"anthrome":62}},{"type":"Polygon","arcs":[[12095]],"properties":{"anthrome":62}},{"type":"Polygon","arcs":[[12096,12097]],"properties":{"anthrome":53}},{"type":"Polygon","arcs":[[12098,12099]],"properties":{"anthrome":61}},{"type":"Polygon","arcs":[[-11191,-11322,12100,12101,12102,-11443,-11470,12103,12104,12105,-11759,12106,12107,-11859,12108,12109,-11856,12110,-11842,12111,-11878,12112,-11870,12113,12114,12115,-12065,12116,12117,12118,12119,12120,12121,-12098,12122,-12085,12123,-12061,12124,-12057,12125,12126,12127,12128,-11914,-11913,-11912,-11911,-11910,-11909,-11908,12129],[-11609],[-11650],[-11827],[-11885],[-11886],[-12046],[-12050],[-12051],[-12069]],"properties":{"anthrome":54}},{"type":"Polygon","arcs":[[12130,12131,12132,12133]],"properties":{"anthrome":52}},{"type":"Polygon","arcs":[[12134,12135,12136]],"properties":{"anthrome":61}},{"type":"Polygon","arcs":[[12137,12138,12139,12140]],"properties":{"anthrome":62}},{"type":"Polygon","arcs":[[12141,12142]],"properties":{"anthrome":54}},{"type":"Polygon","arcs":[[12143,12144,12145,12146,12147,-12121]],"properties":{"anthrome":53}},{"type":"Polygon","arcs":[[12148,12149,12150]],"properties":{"anthrome":53}},{"type":"Polygon","arcs":[[-12147,12151]],"properties":{"anthrome":61}},{"type":"Polygon","arcs":[[12152,12153]],"properties":{"anthrome":61}},{"type":"Polygon","arcs":[[12154,12155]],"properties":{"anthrome":62}},{"type":"Polygon","arcs":[[12156,12157]],"properties":{"anthrome":61}},{"type":"Polygon","arcs":[[-11872,-11935,12158,-12058,12159,-12100,12160,-12143,-12155,12161,-12153,12162,-12139,12163,-12118,12164,-12067,12165,-12115,12166],[-12084]],"properties":{"anthrome":53}},{"type":"Polygon","arcs":[[12167,12168,12169]],"properties":{"anthrome":62}},{"type":"Polygon","arcs":[[12170]],"properties":{"anthrome":54}},{"type":"Polygon","arcs":[[12171,12172,12173]],"properties":{"anthrome":62}},{"type":"Polygon","arcs":[[12174,12175,12176,12177,12178]],"properties":{"anthrome":61}},{"type":"Polygon","arcs":[[12179,12180,12181]],"properties":{"anthrome":54}},{"type":"Polygon","arcs":[[12182]],"properties":{"anthrome":54}},{"type":"Polygon","arcs":[[12183,12184,12185]],"properties":{"anthrome":54}},{"type":"Polygon","arcs":[[12186,12187,-12184]],"properties":{"anthrome":53}},{"type":"Polygon","arcs":[[12188,12189]],"properties":{"anthrome":54}},{"type":"Polygon","arcs":[[12190,12191]],"properties":{"anthrome":54}},{"type":"Polygon","arcs":[[12192,12193]],"properties":{"anthrome":61}},{"type":"Polygon","arcs":[[-12181,12194,12195]],"properties":{"anthrome":61}},{"type":"Polygon","arcs":[[-12178,12196,12197,12198,12199,12200]],"properties":{"anthrome":53}},{"type":"Polygon","arcs":[[-12188,12201,12202,12203]],"properties":{"anthrome":54}},{"type":"Polygon","arcs":[[12204,12205]],"properties":{"anthrome":53}},{"type":"Polygon","arcs":[[12206,12207,12208]],"properties":{"anthrome":62}},{"type":"Polygon","arcs":[[12209,12210,-12207]],"properties":{"anthrome":54}},{"type":"Polygon","arcs":[[12211,12212]],"properties":{"anthrome":54}},{"type":"Polygon","arcs":[[12213,12214]],"properties":{"anthrome":62}},{"type":"Polygon","arcs":[[12215,12216,12217,-12214]],"properties":{"anthrome":61}},{"type":"Polygon","arcs":[[12218,12219,12220,-12217]],"properties":{"anthrome":62}},{"type":"Polygon","arcs":[[12221,12222,-12220]],"properties":{"anthrome":53}},{"type":"Polygon","arcs":[[12223,12224]],"properties":{"anthrome":62}},{"type":"Polygon","arcs":[[12225,12226]],"properties":{"anthrome":53}},{"type":"Polygon","arcs":[[-12185,12227,12228,-12211,12229]],"properties":{"anthrome":53}},{"type":"Polygon","arcs":[[12230,12231]],"properties":{"anthrome":62}},{"type":"Polygon","arcs":[[-12082,12232,-12157,12233]],"properties":{"anthrome":62}},{"type":"Polygon","arcs":[[12234,12235,12236,12237]],"properties":{"anthrome":61}},{"type":"Polygon","arcs":[[12238,12239]],"properties":{"anthrome":62}},{"type":"Polygon","arcs":[[-12206,12240,-12227,-12208,-12229,12241,-12203,12242,12243,12244,12245,12246,12247,12248,12249]],"properties":{"anthrome":52}},{"type":"Polygon","arcs":[[12250,12251,12252,12253]],"properties":{"anthrome":62}},{"type":"Polygon","arcs":[[12254,12255,-12244]],"properties":{"anthrome":54}},{"type":"Polygon","arcs":[[-12173,12256,-12249,12257,12258]],"properties":{"anthrome":53}},{"type":"Polygon","arcs":[[12259,12260]],"properties":{"anthrome":62}},{"type":"Polygon","arcs":[[12261,12262]],"properties":{"anthrome":61}},{"type":"Polygon","arcs":[[12263]],"properties":{"anthrome":61}},{"type":"Polygon","arcs":[[12264,12265]],"properties":{"anthrome":62}},{"type":"Polygon","arcs":[[12266]],"properties":{"anthrome":62}},{"type":"Polygon","arcs":[[-12253,12267,12268,12269]],"properties":{"anthrome":52}},{"type":"Polygon","arcs":[[12270,12271,12272]],"properties":{"anthrome":53}},{"type":"Polygon","arcs":[[12273,12274,-12272]],"properties":{"anthrome":61}},{"type":"Polygon","arcs":[[12275]],"properties":{"anthrome":61}},{"type":"Polygon","arcs":[[12276,12277,12278,12279,-12265,12280]],"properties":{"anthrome":54}},{"type":"Polygon","arcs":[[-12231,12281,12282,12283,-12239,12284]],"properties":{"anthrome":61}},{"type":"Polygon","arcs":[[12285,12286]],"properties":{"anthrome":62}},{"type":"Polygon","arcs":[[12287,12288,-12269,12289,12290,-12245,-12273,12291,12292,12293,-12286,12294,-12247]],"properties":{"anthrome":54}},{"type":"Polygon","arcs":[[-12293,12295]],"properties":{"anthrome":62}},{"type":"Polygon","arcs":[[12296,12297,-11721,-11720,12298,-10199,12299,12300,-10540,12301,-11713,12302,-10771,12303,12304,-10983,12305,-11708,12306,-11006,12307,12308,-11056,12309,-11698,12310,-11694,12311,-11596,12312,-11628,12313,-11735,12314,-11593,12315,12316,12317,12318,-11416,12319,-11482,12320,-11689,-11688,-11262,12321,-11284,12322,-11306,12323,-11307,-11282,12324,-11245,-11685,12325,-11206,12326,-11252,12327,-11286,-11264,12328,12329,-11683,12330,12331,12332,-11014,12333,-11678,12334,-10893,12335,-10835,12336,-11675,-10550,12337,-10518,12338,-10547,-10546,12339,-10166,12340,-10154,12341,12342,-10301,12343,-11557,12344,-11000,-11081,12345,-11583,12346,-11241,-11291,-11290,-11326,-11578,12347,-11377,12348,-11337,12349,-11258,12350,12351,12352,12353,12354,12355,12356,-11625,-11624,12357,12358,-11776,12359,-11778,-11764,12360,-11772,12361,-11794,-11651,-11793,-11792,12362,-11809,12363,12364,-11818,12365,12366,-11875,-11883,12367,12368,-12225,12369,-12222,-12198,12370,-12176,12371,-12151,12372,-12200,-12215,12373,-12260,12374,12375,12376,12377,-12094,-12081,12378,-12072,-12087,12379,12380,-12131,12381,-12073,12382,-12052,12383,-11887,12384,-11861,12385,-11839,12386,12387,-11769,12388,-11643,-11646,12389,-11366,12390,-11197,12391,-11087,12392,-10941,12393,-10365,12394,12395,-10097,12396,-9913],[-9979],[12397,-10615,12398,-10606],[-10703,12399,-10736,12400],[-10704],[-10748],[-10856],[-10895],[-10949],[-10975],[12401,12402,-11063],[-11091],[-11092],[-11131],[12403,-11266,12404,-11413,-11433,-11455,-11411],[-11302],[-11309],[-11331],[-11332],[-11368],[-11403],[-11435],[-11454],[-11545],[-11750,-11749,12405,-11755,12406,-11745],[-11610],[-11741],[-11782,-11781,12407,-11799,12408,-11768],[-11777],[-11783],[-11802],[-11807],[-11813],[-11810],[-11811],[-11812],[-11828],[-11833],[-11928],[-12095],[-12096],[-12137,-12136,-12135],[-12267]],"properties":{"anthrome":54}},{"type":"Polygon","arcs":[[12409]],"properties":{"anthrome":63}},{"type":"Polygon","arcs":[[12410,12411,12412,12413]],"properties":{"anthrome":61}},{"type":"Polygon","arcs":[[12414]],"properties":{"anthrome":62}},{"type":"Polygon","arcs":[[12415,12416]],"properties":{"anthrome":61}},{"type":"Polygon","arcs":[[-12376,12417]],"properties":{"anthrome":62}},{"type":"Polygon","arcs":[[-12092,-12378,-12377,12418,12419,-12412,12420,12421,-12278,12422,-12236,-12212,12423],[-12183]],"properties":{"anthrome":62}},{"type":"Polygon","arcs":[[12424,12425,12426,12427]],"properties":{"anthrome":61}},{"type":"Polygon","arcs":[[12428,12429]],"properties":{"anthrome":61}},{"type":"Polygon","arcs":[[12430,12431]],"properties":{"anthrome":62}},{"type":"Polygon","arcs":[[12432,12433,-12429,-12416,12434,-12283]],"properties":{"anthrome":62}},{"type":"Polygon","arcs":[[12435,12436,12437,12438]],"properties":{"anthrome":54}},{"type":"Polygon","arcs":[[12439]],"properties":{"anthrome":54}},{"type":"Polygon","arcs":[[-12434,12440]],"properties":{"anthrome":61}},{"type":"Polygon","arcs":[[12441]],"properties":{"anthrome":62}},{"type":"Polygon","arcs":[[12442]],"properties":{"anthrome":54}},{"type":"Polygon","arcs":[[12443]],"properties":{"anthrome":62}},{"type":"Polygon","arcs":[[12444]],"properties":{"anthrome":54}},{"type":"Polygon","arcs":[[12445]],"properties":{"anthrome":62}},{"type":"Polygon","arcs":[[12446,12447]],"properties":{"anthrome":54}},{"type":"Polygon","arcs":[[-12077,12448,-12192,-12213,-12235,12449,12450,12451,-12414,12452,-12425,12453,-12436,12454,12455,12456,12457,12458,-12262,12459,-12193,12460,-12169,-12168,12461,-12133,12462,12463,-12089,12464],[-12171],[-12190,-12189],[-12264],[-12276],[-12440]],"properties":{"anthrome":53}},{"type":"Polygon","arcs":[[12465,-12457]],"properties":{"anthrome":54}},{"type":"Polygon","arcs":[[-12447,12466,12467]],"properties":{"anthrome":61}},{"type":"Polygon","arcs":[[-12458,12468,12469,12470]],"properties":{"anthrome":54}},{"type":"Polygon","arcs":[[12471,12472,12473,12474,12475,12476,12477,-12456,12478,-12438,12479],[-12443],[-12445]],"properties":{"anthrome":62}},{"type":"Polygon","arcs":[[12480,12481]],"properties":{"anthrome":62}},{"type":"Polygon","arcs":[[12482,12483,12484,12485]],"properties":{"anthrome":61}},{"type":"Polygon","arcs":[[12486,12487,12488]],"properties":{"anthrome":54}},{"type":"Polygon","arcs":[[12489,12490]],"properties":{"anthrome":62}},{"type":"Polygon","arcs":[[12491,12492]],"properties":{"anthrome":62}},{"type":"Polygon","arcs":[[-12466,-12478,12493,-12486,12494,12495,12496,-12487,-12469]],"properties":{"anthrome":63}},{"type":"Polygon","arcs":[[12497,12498,-12495]],"properties":{"anthrome":54}},{"type":"Polygon","arcs":[[-12475,12499,12500,-12498,-12485,12501]],"properties":{"anthrome":53}},{"type":"Polygon","arcs":[[12502,12503]],"properties":{"anthrome":62}},{"type":"Polygon","arcs":[[12504,12505,12506,12507]],"properties":{"anthrome":62}},{"type":"Polygon","arcs":[[-12496,12508,12509]],"properties":{"anthrome":54}},{"type":"Polygon","arcs":[[12510,12511]],"properties":{"anthrome":62}},{"type":"Polygon","arcs":[[-12470,-12489,12512,12513,12514,12515,12516]],"properties":{"anthrome":53}},{"type":"Polygon","arcs":[[-12507,12517]],"properties":{"anthrome":53}},{"type":"Polygon","arcs":[[12518]],"properties":{"anthrome":62}},{"type":"Polygon","arcs":[[-12516,12519,12520,12521,-12505,12522]],"properties":{"anthrome":54}},{"type":"Polygon","arcs":[[12523]],"properties":{"anthrome":62}},{"type":"Polygon","arcs":[[12524,12525]],"properties":{"anthrome":62}},{"type":"Polygon","arcs":[[12526,12527,12528]],"properties":{"anthrome":62}},{"type":"Polygon","arcs":[[-12499,12529,12530,12531,12532,-12528,12533,12534,-12514,12535,-12509]],"properties":{"anthrome":61}},{"type":"Polygon","arcs":[[12536,12537]],"properties":{"anthrome":61}},{"type":"Polygon","arcs":[[12538,12539]],"properties":{"anthrome":62}},{"type":"Polygon","arcs":[[12540,12541,12542,-12539]],"properties":{"anthrome":54}},{"type":"Polygon","arcs":[[12543,12544]],"properties":{"anthrome":63}},{"type":"Polygon","arcs":[[12545]],"properties":{"anthrome":54}},{"type":"Polygon","arcs":[[12546,-12432,12547,12548,-12482,-12493,-12504,-12512,12549,-12525,12550,12551,12552,12553,12554,12555,-12530,-12501,12556,-12490,-12474,-12473,12557,12558,-12419],[-12444],[-12446],[-12519]],"properties":{"anthrome":54}},{"type":"Polygon","arcs":[[12559,-12555,12560,12561,-12545,12562,12563,12564,-12537,-12532]],"properties":{"anthrome":62}},{"type":"Polygon","arcs":[[-12565,12565,12566,12567]],"properties":{"anthrome":53}},{"type":"Polygon","arcs":[[12568,12569]],"properties":{"anthrome":62}},{"type":"Polygon","arcs":[[-12543,12570,12571]],"properties":{"anthrome":61}},{"type":"Polygon","arcs":[[12572,-12553]],"properties":{"anthrome":62}},{"type":"Polygon","arcs":[[12573,-12561,12574,12575,12576,12577]],"properties":{"anthrome":54}},{"type":"Polygon","arcs":[[-12576,12578]],"properties":{"anthrome":63}}]}},"arcs":[[[2600,9773],[0,-64],[-13,0]],[[2587,9709],[0,64],[13,0]],[[2237,9773],[13,0],[0,-32],[12,0],[0,-32],[-37,0],[0,32],[12,0],[0,32]],[[2712,9676],[-25,0],[0,65],[13,0],[0,-32],[12,0],[0,-33]],[[2562,9676],[13,0],[0,-32],[-13,0],[0,32]],[[5574,9741],[150,0],[0,-65],[-62,0],[0,-32],[-13,0],[0,32],[-50,0],[0,-32],[13,0],[0,-64],[-38,0],[0,161]],[[2300,9580],[0,32],[25,0],[0,-32],[-25,0]],[[2450,9580],[-13,0]],[[2437,9580],[0,32],[13,0],[0,-32]],[[2525,9580],[-13,0]],[[2512,9580],[0,32],[13,0],[0,-32]],[[1825,9547],[0,65]],[[1825,9612],[25,0],[0,32],[62,0],[0,32],[38,0],[0,-32],[25,0],[0,-32],[-13,0],[0,-32],[-12,0],[0,-33],[-125,0]],[[2387,9580],[25,0],[0,-33],[-25,0],[0,33]],[[2450,9838],[12,0],[0,-33],[50,0]],[[2512,9805],[0,-32],[50,0],[0,32],[50,0],[0,-32],[88,0],[0,32],[12,0],[0,-32],[25,0],[0,-32],[-12,0],[0,-32],[37,0],[0,-33],[-50,0]],[[2712,9676],[0,-32],[13,0],[0,-32],[-13,0],[0,-32],[-12,0],[0,-33],[-38,0]],[[2662,9547],[0,33],[13,0],[0,32],[12,0],[0,32],[-37,0],[0,65],[-13,0],[0,-65],[-37,0],[0,32],[-13,0],[0,33]],[[2587,9709],[-75,0],[0,32],[-50,0],[0,32],[-12,0],[0,65]],[[2600,9773],[-25,0],[0,-32],[12,0],[0,-32]],[[5299,9741],[238,0],[0,-161],[-38,0],[0,-65],[-87,0],[0,65],[-63,0],[0,64],[-50,0],[0,97]],[[7874,9547],[0,-32],[-12,0],[0,65]],[[7862,9580],[-100,0],[0,32],[12,0],[0,32],[-150,0],[0,32],[-12,0],[0,33],[175,0],[0,-33],[50,0],[0,33],[12,0],[0,-33],[63,0],[0,-32],[12,0],[0,-32],[-12,0],[0,-32],[12,0],[0,-33],[-50,0]],[[2087,9515],[0,32]],[[2087,9547],[-37,0],[0,33],[37,0],[0,32],[-12,0],[0,32],[-13,0],[0,65],[88,0],[0,-33],[75,0],[0,-32],[12,0],[0,-32],[13,0],[0,-65],[-100,0],[0,33],[-50,0],[0,-33],[12,0],[0,-32],[-25,0]],[[2375,9612],[0,-32],[12,0]],[[2387,9580],[0,-65],[-12,0]],[[2375,9515],[0,32],[-38,0],[0,33],[25,0],[0,32],[13,0]],[[2512,9580],[0,-65],[-50,0],[0,65],[50,0]],[[2550,9515],[0,65],[25,0]],[[2575,9580],[0,32],[25,0],[0,-32],[25,0],[0,-33],[-63,0],[0,-32],[-12,0]],[[1837,9515],[0,32],[13,0],[0,-32],[-13,0]],[[1862,9547],[50,0],[0,-32],[-50,0],[0,32]],[[2087,9515],[-25,0],[0,32],[25,0]],[[2537,9547],[0,-32]],[[2537,9515],[-12,0],[0,32],[12,0]],[[2662,9547],[0,-32],[-25,0],[0,32],[25,0]],[[7837,9547],[12,0],[0,-32]],[[7849,9515],[-12,0],[0,32]],[[7937,9547],[12,0],[0,-32],[-12,0]],[[7937,9515],[0,32]],[[1737,9483],[0,32],[13,0],[0,-32],[-13,0]],[[1825,9515],[12,0]],[[1837,9515],[0,-32],[-12,0]],[[1825,9483],[0,32]],[[2262,9515],[25,0],[0,-32]],[[2287,9483],[-25,0],[0,32]],[[7937,9515],[0,-32],[-13,0],[0,32],[13,0]],[[2237,9515],[0,-32],[-12,0],[0,-32],[-13,0],[0,32],[-25,0],[0,-32],[-25,0]],[[2162,9451],[0,64],[75,0]],[[1737,9483],[0,-32],[-12,0]],[[1725,9451],[0,32],[12,0]],[[2025,9483],[25,0],[0,-32],[-25,0],[0,32]],[[2587,9451],[-12,0]],[[2575,9451],[0,32],[12,0],[0,-32]],[[2700,9483],[12,0],[0,-32],[-12,0],[0,32]],[[9237,9483],[12,0],[0,-32],[-12,0],[0,32]],[[1787,9515],[38,0]],[[1825,9483],[50,0],[0,-32],[-25,0]],[[1850,9451],[0,-33],[-13,0],[0,33],[-50,0],[0,64]],[[1650,9515],[0,-32],[-13,0],[0,-32],[50,0],[0,-33]],[[1687,9418],[-100,0],[0,33],[-12,0],[0,32],[37,0],[0,32],[38,0]],[[2125,9451],[0,-33]],[[2125,9418],[-13,0],[0,33],[13,0]],[[2437,9451],[0,-33],[-12,0]],[[2425,9418],[0,33],[12,0]],[[2637,9451],[13,0],[0,-33],[-13,0],[0,33]],[[7699,9451],[25,0],[0,-33]],[[7724,9418],[-25,0],[0,33]],[[7974,9451],[25,0],[0,-33],[-25,0],[0,33]],[[1650,9515],[12,0],[0,-32]],[[1662,9483],[38,0],[0,-32],[25,0]],[[1725,9451],[0,-65]],[[1725,9386],[-50,0],[0,32],[12,0]],[[2150,9418],[0,-32]],[[2150,9386],[-13,0],[0,32],[13,0]],[[2325,9386],[0,32],[25,0],[0,-32],[-25,0]],[[8762,9418],[25,0],[0,-32],[-25,0],[0,32]],[[1975,9354],[0,64]],[[1975,9418],[-38,0],[0,33],[-12,0],[0,64],[62,0],[0,-32],[25,0],[0,-32],[63,0],[0,-65],[-13,0],[0,-32],[-87,0]],[[2087,9515],[50,0],[0,-32],[25,0],[0,-32]],[[2237,9515],[25,0]],[[2287,9483],[0,-32],[13,0]],[[2300,9451],[0,-97]],[[2300,9354],[-88,0]],[[2212,9354],[0,32]],[[2212,9386],[-62,0]],[[2150,9418],[-25,0]],[[2125,9451],[-38,0],[0,64]],[[1825,9547],[-25,0],[0,-32],[-13,0]],[[1850,9451],[37,0]],[[1887,9451],[0,-65],[-87,0],[0,-32]],[[1800,9354],[-50,0]],[[1750,9354],[0,32],[-25,0]],[[1725,9451],[-13,0],[0,32],[-50,0]],[[1650,9515],[0,32],[62,0],[0,33],[88,0],[0,32],[25,0]],[[8874,9451],[0,-33],[-25,0],[0,-32],[13,0],[0,-32],[-25,0]],[[8837,9354],[0,32],[-25,0]],[[8812,9386],[0,65],[37,0],[0,32],[13,0],[0,-32],[12,0]],[[8949,9451],[63,0],[0,-33],[25,0],[0,-32],[-13,0],[0,-32],[-37,0]],[[8987,9354],[0,32],[-25,0],[0,32],[-13,0],[0,33]],[[1925,9418],[50,0]],[[1975,9354],[-38,0],[0,32]],[[1937,9386],[-12,0],[0,32]],[[2125,9418],[0,-64],[-13,0]],[[2112,9354],[0,32],[-25,0]],[[2087,9386],[0,32],[38,0]],[[8837,9354],[-38,0],[0,64],[13,0],[0,-32]],[[2112,9354],[-25,0],[0,32]],[[2212,9354],[-12,0],[0,32],[12,0]],[[2325,9386],[0,-32]],[[2325,9354],[-13,0],[0,32],[13,0]],[[2775,9386],[12,0],[0,-32]],[[2787,9354],[-12,0],[0,32]],[[6574,9354],[-25,0],[0,32],[25,0],[0,-32]],[[8899,9451],[50,0]],[[8987,9354],[-100,0],[0,32]],[[8887,9386],[12,0],[0,65]],[[2537,9418],[63,0]],[[2600,9418],[0,-32],[12,0],[0,-32],[-50,0],[0,-32]],[[2562,9322],[-25,0]],[[2537,9322],[0,32],[-25,0],[0,-32]],[[2512,9322],[-25,0]],[[2487,9322],[0,129],[38,0],[0,-65],[12,0],[0,32]],[[9049,9418],[113,0],[0,-32],[25,0],[0,-32],[-38,0],[0,-32],[-25,0],[0,32],[-62,0],[0,32],[-13,0],[0,32]],[[1887,9451],[25,0],[0,-33],[13,0]],[[1937,9386],[0,-64],[-125,0],[0,32],[-12,0]],[[2300,9354],[0,-32],[-25,0],[0,32],[25,0]],[[2537,9322],[-25,0]],[[2712,9322],[-37,0]],[[2675,9322],[0,32],[37,0],[0,-32]],[[6662,9322],[-13,0]],[[6649,9322],[0,32],[13,0],[0,-32]],[[7387,9354],[0,-32]],[[7387,9322],[-13,0],[0,32],[13,0]],[[7387,9354],[12,0],[0,-32],[-12,0]],[[8874,9451],[25,0]],[[8887,9386],[0,-64],[-50,0],[0,32]],[[2375,9322],[0,-33]],[[2375,9289],[-25,0],[0,33],[25,0]],[[6524,9322],[13,0],[0,-33]],[[6537,9289],[-13,0],[0,33]],[[6612,9322],[25,0],[0,-33],[-25,0]],[[6612,9289],[0,33]],[[1787,9257],[0,32],[13,0],[0,-32],[-13,0]],[[2050,9289],[0,-32],[-25,0]],[[2025,9257],[0,32],[25,0]],[[2312,9289],[0,-32],[-12,0]],[[2300,9257],[0,32],[12,0]],[[2675,9289],[37,0]],[[2712,9289],[0,-32],[-37,0],[0,32]],[[6612,9289],[0,-32],[-13,0]],[[6599,9257],[0,32],[13,0]],[[8274,9289],[25,0],[0,-32],[-25,0]],[[8274,9257],[0,32]],[[8462,9289],[12,0]],[[8474,9289],[0,-32],[-12,0],[0,32]],[[2375,9289],[0,-32],[-13,0],[0,-32],[-25,0]],[[2337,9225],[0,64],[38,0]],[[8874,9289],[13,0],[0,-64],[-13,0],[0,64]],[[1825,9257],[12,0],[0,-32],[-12,0]],[[1825,9225],[0,32]],[[1850,9257],[50,0],[0,-32],[-50,0],[0,32]],[[2062,9225],[0,32],[13,0],[0,-32],[-13,0]],[[2612,9257],[0,-32]],[[2612,9225],[-12,0]],[[2600,9225],[0,32],[12,0]],[[6599,9257],[0,-32],[-37,0]],[[6562,9225],[0,32],[37,0]],[[6987,9257],[12,0],[0,-32],[-12,0]],[[6987,9225],[0,32]],[[7062,9257],[12,0],[0,-64],[-12,0],[0,64]],[[2037,9225],[13,0],[0,-32],[-13,0],[0,32]],[[2600,9225],[0,-32],[-13,0],[0,32],[13,0]],[[2612,9225],[25,0],[0,-32],[-25,0],[0,32]],[[8912,9193],[-13,0],[0,32],[13,0],[0,-32]],[[2025,9257],[0,-32],[-13,0],[0,-65],[-12,0],[0,33],[-88,0]],[[1912,9193],[0,64],[50,0],[0,-32],[25,0],[0,32],[38,0]],[[2250,9322],[0,-33],[-50,0],[0,-32],[25,0],[0,-32],[-13,0],[0,-32],[-25,0],[0,-33]],[[2187,9160],[-25,0],[0,33],[-25,0],[0,64],[38,0],[0,32],[12,0],[0,33],[63,0]],[[7662,9225],[12,0],[0,-65],[-12,0],[0,65]],[[7162,9193],[0,-33]],[[7162,9160],[-25,0],[0,33],[25,0]],[[8474,9289],[13,0],[0,-32],[25,0],[0,32],[25,0],[0,-32],[50,0],[0,-32],[12,0],[0,-97],[-12,0]],[[8587,9128],[0,32]],[[8587,9160],[-38,0]],[[8549,9160],[0,33],[-75,0],[0,32],[-37,0],[0,-65],[-13,0],[0,33],[-25,0],[0,32]],[[8399,9225],[13,0],[0,32],[12,0],[0,32],[38,0]],[[6649,9322],[-37,0]],[[6562,9225],[-25,0],[0,-32],[-25,0],[0,-33],[-13,0],[0,-32],[-25,0],[0,65],[25,0],[0,32],[13,0]],[[6512,9225],[0,97],[12,0]],[[6537,9289],[0,65],[37,0]],[[6574,9354],[0,64],[75,0],[0,33],[113,0],[0,32],[62,0],[0,32],[88,0],[0,-64],[-50,0],[0,-33],[-88,0],[0,-32],[-75,0],[0,-32],[-12,0],[0,-32],[-25,0]],[[6899,9128],[-12,0],[0,32],[12,0],[0,-32]],[[8549,9160],[0,-32],[13,0],[0,-32],[-25,0],[0,64],[12,0]],[[2237,9128],[50,0],[0,-32],[-50,0],[0,32]],[[2900,9128],[12,0],[0,-32],[-12,0],[0,32]],[[3012,9128],[13,0],[0,-32],[-13,0]],[[3012,9096],[0,32]],[[5712,9128],[0,-32]],[[5712,9096],[-13,0],[0,32],[13,0]],[[5774,9096],[0,32],[13,0],[0,-32],[-13,0]],[[6862,9128],[0,-32],[-13,0]],[[6849,9096],[0,32],[13,0]],[[6999,9128],[13,0],[0,-32],[-13,0]],[[6999,9096],[0,32]],[[7112,9128],[25,0],[0,-32]],[[7137,9096],[-25,0],[0,32]],[[8174,9128],[13,0],[0,-32],[-13,0],[0,32]],[[8587,9128],[25,0],[0,-32],[-25,0]],[[8587,9096],[0,32]],[[8724,9128],[13,0]],[[8737,9128],[0,-32],[-13,0],[0,32]],[[25,9096],[-13,0],[0,-32]],[[12,9064],[-12,0],[0,96],[25,0],[0,-64]],[[8487,9160],[25,0],[0,-32],[12,0],[0,-32],[-12,0],[0,-32],[-13,0],[0,64],[-12,0],[0,32]],[[8412,9128],[37,0],[0,-32],[-12,0],[0,-32],[-25,0],[0,64]],[[9962,9128],[37,0],[0,-64],[-37,0],[0,64]],[[75,9096],[-13,0],[0,-32]],[[62,9064],[-50,0]],[[25,9096],[0,32],[50,0],[0,-32]],[[75,9096],[0,-32],[-13,0]],[[562,9096],[0,-32]],[[562,9064],[-12,0],[0,32],[12,0]],[[2137,9096],[13,0],[0,-32],[-13,0]],[[2137,9064],[0,32]],[[2387,9096],[13,0],[0,-32],[-13,0],[0,32]],[[5637,9096],[12,0]],[[5649,9096],[0,-32]],[[5649,9064],[-12,0]],[[5637,9064],[0,32]],[[5774,9096],[50,0]],[[5824,9096],[0,-32]],[[5824,9064],[-50,0]],[[5774,9064],[0,32]],[[5824,9096],[25,0],[0,-32],[-25,0]],[[7637,9064],[-13,0],[0,32],[13,0],[0,-32]],[[8649,9096],[13,0]],[[8662,9096],[0,-32],[-13,0],[0,32]],[[8924,9064],[-37,0]],[[8887,9064],[0,32],[37,0],[0,-32]],[[6562,9225],[0,-32],[-13,0],[0,-65],[13,0],[0,-32],[37,0],[0,-65],[-75,0]],[[6524,9031],[0,33]],[[6524,9064],[-50,0],[0,32],[-50,0],[0,64],[25,0],[0,33],[13,0],[0,32],[12,0],[0,32],[25,0],[0,32],[13,0],[0,-64]],[[5712,9128],[12,0],[0,-32],[25,0]],[[5749,9096],[0,-32],[-12,0],[0,-33],[-13,0],[0,33],[-75,0]],[[5649,9096],[63,0]],[[8137,9096],[25,0],[0,-65],[-25,0],[0,65]],[[1475,9031],[-38,0],[0,33],[38,0],[0,-33]],[[2187,9064],[25,0]],[[2212,9064],[0,-33]],[[2212,9031],[-25,0]],[[2187,9031],[0,33]],[[2212,9064],[13,0],[0,-33],[-13,0]],[[2912,9064],[13,0],[0,-33],[-13,0],[0,33]],[[5562,9064],[0,-33]],[[5562,9031],[-38,0],[0,33],[38,0]],[[5649,9064],[0,-33]],[[5649,9031],[-12,0]],[[5637,9031],[0,33]],[[5774,9064],[13,0]],[[5787,9064],[0,-33],[-13,0]],[[5774,9031],[0,33]],[[5862,9064],[12,0],[0,-33]],[[5874,9031],[-12,0]],[[5862,9031],[0,33]],[[6524,9031],[-12,0],[0,33],[12,0]],[[7762,9064],[12,0],[0,-33],[-12,0],[0,33]],[[8074,9064],[13,0],[0,-33],[-13,0],[0,33]],[[8337,9064],[12,0],[0,-33],[-12,0],[0,33]],[[8387,9031],[-25,0],[0,33],[25,0],[0,-33]],[[8749,9064],[38,0]],[[8787,9064],[0,-33]],[[8787,9031],[-38,0]],[[8749,9031],[0,33]],[[8787,9064],[25,0]],[[8812,9064],[0,-33]],[[8812,9031],[-25,0]],[[8924,9064],[0,-33]],[[8924,9031],[-37,0]],[[8887,9031],[0,33]],[[9362,9031],[0,33],[12,0],[0,-33],[-12,0]],[[3075,9096],[25,0],[0,-32],[25,0],[0,-65],[-25,0]],[[3100,8999],[0,32],[-25,0],[0,65]],[[812,9064],[50,0]],[[862,9064],[0,-33],[-12,0],[0,-32]],[[850,8999],[-25,0]],[[825,8999],[0,32],[-13,0],[0,33]],[[2450,9064],[12,0],[0,-65],[-12,0]],[[2450,8999],[0,65]],[[5562,9064],[25,0]],[[5587,9064],[0,-33]],[[5587,9031],[-13,0],[0,-32]],[[5574,8999],[-12,0]],[[5562,8999],[0,65]],[[5637,9096],[0,-65]],[[5637,9031],[-38,0]],[[5599,9031],[0,-32]],[[5599,8999],[-12,0]],[[5587,8999],[0,65]],[[5587,9064],[12,0],[0,32],[38,0]],[[6662,9031],[0,-32]],[[6662,8999],[-38,0],[0,65],[25,0],[0,-33],[13,0]],[[7812,9096],[25,0],[0,-65],[-13,0],[0,-32],[-37,0],[0,65],[25,0],[0,32]],[[475,9031],[0,-32],[-13,0]],[[462,8999],[0,32],[13,0]],[[650,9031],[12,0]],[[662,9031],[0,-32]],[[662,8999],[-12,0]],[[650,8999],[0,32]],[[862,9064],[50,0],[0,-33],[25,0]],[[937,9031],[0,-32]],[[937,8999],[-87,0]],[[1262,9031],[13,0],[0,-32],[-13,0],[0,32]],[[2675,9031],[12,0],[0,-32],[-12,0],[0,32]],[[2700,9031],[12,0],[0,-32],[-12,0],[0,32]],[[5512,9031],[0,-32]],[[5512,8999],[-13,0],[0,32],[13,0]],[[5587,9031],[0,-32]],[[5587,8999],[-13,0]],[[5599,9031],[25,0]],[[5624,9031],[0,-32]],[[5624,8999],[-25,0]],[[5649,9031],[0,-32]],[[5649,8999],[-12,0],[0,32]],[[5862,9031],[0,-32]],[[5862,8999],[-25,0]],[[5837,8999],[0,32],[25,0]],[[5874,9031],[13,0]],[[5887,9031],[0,-32],[-13,0]],[[5874,8999],[0,32]],[[6862,9031],[0,-32],[-13,0]],[[6849,8999],[0,32],[13,0]],[[7024,9031],[0,-32]],[[7024,8999],[-12,0],[0,32],[12,0]],[[8762,9031],[12,0]],[[8774,9031],[0,-32],[-12,0],[0,32]],[[8912,9031],[12,0]],[[8924,9031],[0,-32]],[[8924,8999],[-12,0],[0,32]],[[8999,9031],[0,-32],[-25,0],[0,32],[25,0]],[[9362,9031],[0,-32],[-13,0],[0,32],[13,0]],[[9662,9031],[0,-32]],[[9662,8999],[-13,0],[0,32],[13,0]],[[9699,9031],[13,0],[0,-32]],[[9712,8999],[-13,0],[0,32]],[[9737,9031],[37,0]],[[9774,9031],[0,-32]],[[9774,8999],[-37,0]],[[9737,8999],[0,32]],[[9899,9031],[13,0],[0,-32],[-13,0]],[[9899,8999],[0,32]],[[1412,8999],[-62,0],[0,-32],[-25,0],[0,64]],[[1325,9031],[62,0],[0,33],[25,0],[0,-65]],[[5824,8999],[25,0]],[[5849,8999],[0,-32]],[[5849,8967],[-37,0],[0,64],[12,0],[0,-32]],[[8387,9031],[25,0]],[[8412,9031],[0,-32],[-13,0],[0,-32]],[[8399,8967],[-12,0]],[[8387,8967],[0,64]],[[9737,8999],[12,0]],[[9749,8999],[0,-32]],[[9749,8967],[-25,0],[0,64],[13,0]],[[9812,9031],[12,0]],[[9824,9031],[0,-64],[-12,0],[0,64]],[[825,8999],[-163,0]],[[662,9031],[-137,0]],[[525,9031],[0,-32],[-38,0],[0,-32],[-25,0]],[[462,8967],[0,32]],[[475,9031],[12,0],[0,33],[75,0]],[[562,9096],[63,0],[0,32],[75,0],[0,-32],[75,0],[0,-32],[37,0]],[[1100,8999],[25,0]],[[1125,8999],[0,-32]],[[1125,8967],[-25,0],[0,32]],[[1125,8999],[25,0],[0,-32],[-25,0]],[[5674,8999],[13,0],[0,-32],[-13,0],[0,32]],[[5749,8999],[50,0],[0,-32],[-50,0],[0,32]],[[5849,8999],[13,0]],[[5862,8999],[0,-32],[-13,0]],[[5887,9031],[37,0],[0,-32]],[[5924,8999],[-25,0],[0,-32],[-25,0],[0,32]],[[5924,8999],[13,0],[0,-32],[-13,0]],[[5924,8967],[0,32]],[[6349,8999],[0,-32],[-12,0]],[[6337,8967],[0,32],[12,0]],[[6724,8999],[13,0]],[[6737,8999],[0,-32],[-13,0],[0,32]],[[6862,9031],[12,0],[0,-64]],[[6874,8967],[-25,0],[0,32]],[[7637,8999],[12,0]],[[7649,8999],[0,-32],[-12,0]],[[7637,8967],[0,32]],[[7862,8999],[25,0],[0,-32],[-25,0],[0,32]],[[8224,8999],[13,0],[0,-32],[-13,0],[0,32]],[[8387,8999],[0,-32]],[[8387,8967],[-13,0]],[[8374,8967],[0,32],[13,0]],[[8412,9031],[12,0]],[[8424,9031],[0,-32],[25,0],[0,-32]],[[8449,8967],[-50,0]],[[8474,8999],[25,0],[0,-32],[-25,0],[0,32]],[[9012,8999],[12,0],[0,-32],[-12,0],[0,32]],[[9262,8999],[12,0]],[[9274,8999],[0,-32]],[[9274,8967],[-12,0]],[[9262,8967],[0,32]],[[9312,8967],[-25,0]],[[9287,8967],[0,32],[25,0],[0,-32]],[[9474,8999],[13,0]],[[9487,8999],[0,-32],[-13,0],[0,32]],[[9774,8999],[13,0],[0,-32],[-13,0],[0,32]],[[9974,8999],[13,0],[0,-32],[-13,0]],[[9974,8967],[0,32]],[[8674,9031],[25,0]],[[8699,9031],[0,-32],[-12,0],[0,-32],[-13,0],[0,-32]],[[8674,8935],[-12,0]],[[8662,8935],[0,32],[-13,0],[0,32],[25,0],[0,32]],[[525,8935],[-13,0]],[[512,8935],[0,32],[13,0],[0,-32]],[[2500,8967],[0,-32],[-13,0],[0,32],[13,0]],[[3137,8999],[13,0],[0,-64]],[[3150,8935],[-38,0],[0,32],[25,0],[0,32]],[[5412,8967],[0,-32],[-13,0]],[[5399,8935],[0,32],[13,0]],[[5462,8967],[12,0],[0,-32],[-12,0],[0,32]],[[5624,9031],[13,0]],[[5649,8999],[0,-32]],[[5649,8967],[-25,0],[0,-32],[-25,0]],[[5599,8935],[0,32],[-12,0],[0,-32]],[[5587,8935],[-38,0]],[[5549,8935],[0,32],[25,0],[0,32]],[[5574,8999],[50,0]],[[5599,8935],[-12,0]],[[5949,8967],[13,0]],[[5962,8967],[0,-32],[-13,0],[0,32]],[[6024,8967],[13,0],[0,-32],[-13,0]],[[6024,8935],[0,32]],[[6387,8967],[12,0],[0,-32],[-12,0],[0,32]],[[7087,8967],[25,0],[0,-32],[-25,0],[0,32]],[[9287,9096],[0,-32],[-25,0],[0,-33],[-50,0],[0,33],[-100,0]],[[9112,9064],[0,32],[-25,0],[0,32],[-50,0],[0,-32],[12,0],[0,-32],[-37,0],[0,-33],[-13,0]],[[8999,9031],[0,33],[-75,0]],[[8887,9064],[-13,0],[0,32],[-25,0],[0,-32]],[[8849,9064],[-100,0]],[[8749,9031],[-12,0],[0,-32],[-25,0],[0,-32],[-13,0],[0,-32]],[[8699,8935],[-25,0]],[[8699,9031],[-12,0]],[[8687,9031],[0,65],[-25,0]],[[8662,9096],[0,32],[12,0],[0,32],[25,0],[0,-32],[25,0]],[[8737,9128],[137,0],[0,32],[-12,0],[0,33],[50,0]],[[8912,9193],[0,64],[-13,0],[0,32],[88,0],[0,-64],[37,0],[0,-32],[138,0],[0,-33],[12,0],[0,-32],[50,0],[0,-32],[63,0]],[[8887,8967],[12,0],[0,-32],[-12,0],[0,32]],[[9099,8967],[50,0]],[[9149,8967],[0,-32]],[[9149,8935],[-50,0]],[[9099,8935],[0,32]],[[1287,8999],[0,-32],[-37,0],[0,-32],[25,0],[0,-33],[-38,0],[0,33],[-25,0],[0,32]],[[1212,8967],[13,0],[0,32],[62,0]],[[6349,8999],[25,0],[0,-64]],[[6374,8935],[-12,0],[0,-33]],[[6362,8902],[-25,0],[0,65]],[[8749,9031],[13,0]],[[8774,9031],[38,0]],[[8812,9031],[0,-32]],[[8812,8999],[-13,0],[0,-64],[-50,0],[0,-33],[-12,0],[0,33],[-13,0],[0,32],[25,0],[0,64]],[[9399,9096],[38,0],[0,-32],[12,0],[0,-65],[13,0]],[[9462,8999],[0,-64],[12,0],[0,-33],[-50,0],[0,33],[-12,0],[0,-33],[-13,0],[0,65],[25,0],[0,64],[-12,0],[0,33],[-13,0],[0,32]],[[37,8935],[0,-33],[-12,0]],[[25,8902],[0,33],[12,0]],[[525,8935],[25,0],[0,-33],[-25,0],[0,33]],[[2637,8902],[-12,0],[0,33],[12,0],[0,-33]],[[5387,8935],[0,-33]],[[5387,8902],[-13,0]],[[5374,8902],[0,33],[13,0]],[[5387,8935],[12,0]],[[5399,8935],[0,-33],[-12,0]],[[5562,8935],[25,0]],[[5587,8935],[0,-33]],[[5587,8902],[-25,0]],[[5562,8902],[0,33]],[[5599,8935],[0,-33]],[[5599,8902],[-12,0]],[[5699,8935],[13,0],[0,-33],[-13,0],[0,33]],[[5799,8935],[13,0],[0,-33],[-13,0],[0,33]],[[6062,8935],[12,0],[0,-33],[-12,0]],[[6062,8902],[0,33]],[[6212,8935],[0,-33],[-13,0],[0,33],[13,0]],[[6387,8967],[0,-65]],[[6387,8902],[-25,0]],[[6374,8935],[0,32],[13,0]],[[6537,8935],[0,-33]],[[6537,8902],[-13,0],[0,33],[13,0]],[[6912,8935],[0,-33]],[[6912,8902],[-13,0],[0,33],[13,0]],[[7037,8935],[12,0],[0,-33]],[[7049,8902],[-12,0],[0,33]],[[8562,8902],[0,33],[12,0],[0,-33],[-12,0]],[[9037,8935],[50,0],[0,-33]],[[9087,8902],[-50,0]],[[9037,8902],[0,33]],[[9174,8902],[0,33],[25,0],[0,-33],[-25,0]],[[9374,8935],[13,0],[0,-33],[-13,0],[0,33]],[[9724,8935],[13,0],[0,-33]],[[9737,8902],[-13,0],[0,33]],[[462,8967],[0,-32],[50,0]],[[512,8935],[0,-33],[-75,0],[0,33],[-12,0],[0,-33],[-25,0]],[[400,8902],[0,-32],[-13,0]],[[387,8870],[0,32],[-12,0],[0,-32]],[[375,8870],[-13,0],[0,65],[13,0],[0,32],[87,0]],[[9487,8935],[12,0],[0,-65],[-12,0],[0,65]],[[25,8902],[0,-32],[-13,0],[0,32],[13,0]],[[387,8870],[-12,0]],[[612,8902],[13,0],[0,-32],[-13,0],[0,32]],[[2325,8902],[12,0],[0,-32],[-12,0],[0,32]],[[2637,8902],[13,0],[0,-32],[-13,0],[0,32]],[[3187,8902],[13,0]],[[3200,8902],[0,-32],[-13,0],[0,32]],[[5362,8902],[0,-32]],[[5362,8870],[-13,0]],[[5349,8870],[0,32],[13,0]],[[5387,8902],[0,-32]],[[5387,8870],[-13,0],[0,32]],[[5599,8902],[13,0],[0,-32],[-13,0],[0,32]],[[5749,8870],[0,32],[13,0],[0,-32],[-13,0]],[[5949,8902],[13,0],[0,-32],[-13,0],[0,32]],[[6087,8902],[12,0]],[[6099,8902],[0,-32]],[[6099,8870],[-12,0]],[[6087,8870],[0,32]],[[6099,8902],[13,0]],[[6112,8902],[0,-32]],[[6112,8870],[-13,0]],[[6112,8902],[12,0],[0,-32]],[[6124,8870],[-12,0]],[[6387,8902],[0,-32],[-13,0]],[[6374,8870],[0,32],[13,0]],[[7099,8902],[13,0]],[[7112,8902],[0,-32]],[[7112,8870],[-13,0]],[[7099,8870],[0,32]],[[7149,8870],[0,32],[13,0],[0,-32],[-13,0]],[[7212,8902],[25,0],[0,-32],[-25,0],[0,32]],[[8224,8902],[25,0],[0,-32],[-25,0],[0,32]],[[8912,8902],[12,0],[0,-32],[-12,0],[0,32]],[[8937,8902],[25,0],[0,-32],[-25,0],[0,32]],[[9037,8902],[12,0]],[[9049,8902],[0,-32]],[[9049,8870],[-12,0]],[[9037,8870],[0,32]],[[9049,8902],[38,0]],[[9087,8902],[0,-32]],[[9087,8870],[-38,0]],[[9087,8902],[12,0],[0,-32]],[[9099,8870],[-12,0]],[[9162,8902],[12,0]],[[9174,8902],[0,-32]],[[9174,8870],[-12,0]],[[9162,8870],[0,32]],[[9737,8902],[50,0]],[[9787,8902],[0,-32]],[[9787,8870],[-50,0]],[[9737,8870],[0,32]],[[9937,8902],[12,0]],[[9949,8902],[0,-32]],[[9949,8870],[-12,0]],[[9937,8870],[0,32]],[[9999,8902],[0,-32]],[[9999,8870],[-12,0],[0,32],[12,0]],[[5999,8967],[25,0]],[[6024,8935],[38,0]],[[6062,8902],[25,0]],[[6087,8902],[0,-64]],[[6087,8838],[-38,0]],[[6049,8838],[0,32],[-37,0],[0,32],[-13,0],[0,65]],[[1000,9031],[75,0],[0,-32],[25,0]],[[1125,8967],[0,-32],[-75,0],[0,-33],[-113,0],[0,-32],[-62,0],[0,-32],[-13,0],[0,32]],[[862,8870],[-137,0]],[[725,8870],[0,-32],[-50,0],[0,64],[200,0],[0,33],[12,0],[0,32],[63,0],[0,32],[12,0],[0,-32],[75,0],[0,32],[-37,0],[0,32]],[[3025,8902],[12,0],[0,-64],[-12,0],[0,64]],[[5362,8902],[12,0]],[[5374,8902],[0,-64],[-12,0]],[[5362,8838],[0,64]],[[9112,9064],[0,-33],[-13,0],[0,-32],[25,0],[0,32],[25,0],[0,-32]],[[9149,8999],[113,0]],[[9262,8967],[75,0]],[[9337,8967],[0,-32],[-25,0],[0,-33]],[[9312,8902],[-25,0]],[[9287,8902],[0,33]],[[9287,8935],[-25,0],[0,-33],[-13,0],[0,-32]],[[9249,8870],[-12,0],[0,-32]],[[9237,8838],[-50,0],[0,32],[-13,0]],[[9174,8902],[-37,0]],[[9137,8902],[0,33]],[[9137,8935],[12,0]],[[9149,8967],[-62,0]],[[9087,8967],[0,32],[-25,0],[0,32],[25,0],[0,33],[25,0]],[[9287,8902],[12,0]],[[9299,8902],[0,-64],[-12,0]],[[9287,8838],[0,64]],[[137,8870],[13,0],[0,-32],[-13,0]],[[137,8838],[0,32]],[[800,8870],[37,0]],[[837,8870],[0,-32],[-37,0],[0,32]],[[1487,8870],[13,0],[0,-32]],[[1500,8838],[-13,0],[0,32]],[[5362,8870],[0,-32]],[[5362,8838],[-13,0],[0,32]],[[5424,8870],[13,0]],[[5437,8870],[0,-32]],[[5437,8838],[-13,0],[0,32]],[[6099,8870],[0,-32]],[[6099,8838],[-12,0]],[[6087,8838],[0,32]],[[6124,8870],[13,0],[0,-32]],[[6137,8838],[-13,0],[0,32]],[[6362,8870],[12,0]],[[6374,8870],[0,-32],[-12,0],[0,32]],[[6912,8902],[0,-64],[-50,0]],[[6862,8838],[0,32],[25,0]],[[6887,8870],[0,32],[25,0]],[[6924,8870],[25,0]],[[6949,8870],[0,-32]],[[6949,8838],[-25,0]],[[6924,8838],[0,32]],[[7149,8870],[0,-32],[-25,0],[0,32],[25,0]],[[7374,8870],[25,0],[0,-32],[-25,0],[0,32]],[[7824,8870],[13,0],[0,-32],[-13,0],[0,32]],[[8699,8870],[13,0],[0,-32],[-13,0],[0,32]],[[8724,8870],[13,0]],[[8737,8870],[0,-32]],[[8737,8838],[-13,0]],[[8724,8838],[0,32]],[[8737,8870],[12,0]],[[8749,8870],[0,-32],[-12,0]],[[9012,8870],[12,0],[0,-32],[-12,0],[0,32]],[[9174,8870],[0,-32],[-12,0]],[[9162,8838],[0,32]],[[9249,8870],[0,-32],[-12,0]],[[9262,8870],[12,0]],[[9274,8870],[0,-32]],[[9274,8838],[-12,0],[0,32]],[[9687,8870],[12,0],[0,-32],[-12,0],[0,32]],[[6987,9225],[37,0],[0,-97]],[[7024,9128],[-25,0]],[[6999,9096],[25,0]],[[7024,9096],[0,-65]],[[7024,8999],[0,-64],[13,0]],[[7049,8902],[0,-32],[-50,0]],[[6999,8870],[0,-32],[-12,0],[0,-32]],[[6987,8806],[-25,0]],[[6962,8806],[0,32]],[[6962,8838],[-13,0]],[[6949,8870],[-12,0]],[[6937,8870],[0,32],[-25,0]],[[6912,8935],[-25,0]],[[6887,8935],[0,32],[-13,0]],[[6862,9031],[0,33],[-13,0],[0,32]],[[6862,9128],[37,0]],[[6899,9128],[0,65],[13,0],[0,32],[25,0],[0,32],[50,0]],[[6212,8935],[75,0],[0,-33],[12,0],[0,-64],[-50,0]],[[6249,8838],[0,-32]],[[6249,8806],[-37,0],[0,129]],[[8862,8806],[-13,0],[0,96],[13,0],[0,-96]],[[1975,8870],[12,0],[0,-32],[13,0],[0,-32],[-25,0],[0,64]],[[5674,8870],[25,0],[0,-64],[-12,0],[0,32],[-13,0],[0,32]],[[2987,8838],[0,-32]],[[2987,8806],[-12,0],[0,32],[12,0]],[[5512,9031],[50,0]],[[5562,9031],[0,-32]],[[5549,8935],[-50,0]],[[5499,8935],[0,-33],[-37,0],[0,-32]],[[5462,8870],[-38,0]],[[5437,8838],[0,-32]],[[5437,8806],[-50,0]],[[5387,8806],[0,32],[12,0],[0,32],[-12,0]],[[5412,8967],[25,0],[0,32],[12,0],[0,-32],[13,0]],[[5462,8967],[0,32],[50,0]],[[5749,8870],[0,-64],[-37,0],[0,32],[12,0],[0,32],[25,0]],[[5774,8838],[13,0],[0,-32],[-13,0],[0,32]],[[6037,8806],[-75,0],[0,32],[12,0],[0,32],[13,0],[0,-32],[50,0],[0,-32]],[[6099,8838],[13,0],[0,-32],[-13,0],[0,32]],[[6149,8838],[13,0],[0,-32],[-13,0],[0,32]],[[6324,8806],[-12,0],[0,32],[12,0],[0,-32]],[[6849,8838],[13,0]],[[6862,8838],[0,-32]],[[6862,8806],[-13,0]],[[6849,8806],[0,32]],[[6999,8870],[38,0],[0,-32],[-25,0]],[[7012,8838],[0,-32]],[[7012,8806],[-25,0]],[[7012,8838],[12,0],[0,-32]],[[7024,8806],[-12,0]],[[7199,8838],[13,0]],[[7212,8838],[0,-32]],[[7212,8806],[-13,0]],[[7199,8806],[0,32]],[[8737,8838],[0,-32],[-13,0]],[[8724,8806],[0,32]],[[9249,8870],[13,0]],[[9274,8838],[0,-32]],[[9274,8806],[-37,0],[0,32]],[[9724,8870],[25,0]],[[9749,8870],[0,-32],[13,0],[0,-32],[-50,0],[0,32],[12,0],[0,32]],[[9899,8902],[38,0]],[[9937,8870],[25,0]],[[9962,8870],[0,-64],[-75,0],[0,-33],[-13,0],[0,33],[-25,0],[0,32],[-25,0],[0,32],[-12,0],[0,-32],[-25,0]],[[9787,8838],[0,64]],[[9787,8902],[50,0]],[[9837,8902],[0,33],[50,0],[0,-65],[12,0],[0,32]],[[1500,8838],[0,-65],[-13,0],[0,33],[-12,0],[0,64],[12,0]],[[162,8838],[25,0]],[[187,8838],[0,-65],[-25,0],[0,65]],[[5574,8838],[25,0],[0,-65],[-12,0],[0,33],[-13,0],[0,32]],[[6137,8838],[12,0]],[[6149,8838],[0,-65]],[[6149,8773],[-12,0]],[[6137,8773],[0,65]],[[1725,8773],[-50,0],[0,33],[50,0],[0,-33]],[[2962,8806],[0,-33]],[[2962,8773],[-12,0],[0,33],[12,0]],[[5362,8806],[0,-33]],[[5362,8773],[-13,0],[0,33],[13,0]],[[5362,8806],[25,0]],[[5387,8806],[0,-33]],[[5387,8773],[-25,0]],[[5949,8773],[-37,0],[0,33],[37,0],[0,-33]],[[6574,8806],[13,0],[0,-33],[-13,0],[0,33]],[[6824,8870],[0,-32]],[[6824,8838],[-25,0],[0,-32]],[[6799,8806],[-50,0]],[[6749,8806],[0,-33]],[[6749,8773],[-25,0],[0,33],[13,0],[0,32],[12,0],[0,32],[75,0]],[[6824,8902],[25,0]],[[6849,8902],[0,-96]],[[6849,8806],[-37,0]],[[6812,8806],[0,-33],[-25,0],[0,33]],[[6787,8806],[12,0]],[[6824,8838],[0,64]],[[6887,8806],[12,0],[0,-33],[-12,0],[0,33]],[[6999,8806],[13,0]],[[7012,8806],[0,-33],[-13,0]],[[6999,8773],[0,33]],[[7024,8806],[25,0],[0,-33]],[[7049,8773],[-25,0],[0,33]],[[7224,8806],[25,0]],[[7249,8806],[0,-33]],[[7249,8773],[-25,0]],[[7224,8773],[0,33]],[[8974,8773],[-12,0],[0,33],[12,0],[0,-33]],[[9037,8773],[-38,0],[0,33],[38,0],[0,-33]],[[9412,8806],[50,0],[0,-33],[-50,0],[0,33]],[[9487,8806],[12,0],[0,-33],[-12,0],[0,33]],[[8587,9096],[12,0]],[[8599,9096],[0,-65],[13,0],[0,-32],[-13,0],[0,-32],[-12,0],[0,-97],[-13,0],[0,-64],[-12,0],[0,-65],[-25,0],[0,32],[-13,0],[0,97],[13,0],[0,-32],[25,0],[0,64]],[[8562,8902],[-13,0],[0,33],[-25,0],[0,32],[25,0],[0,32],[13,0],[0,32],[12,0],[0,33],[13,0]],[[8587,9064],[0,32]],[[575,8806],[12,0],[0,-65],[-12,0],[0,65]],[[5874,8806],[13,0],[0,-65],[-13,0],[0,65]],[[8887,8741],[-13,0],[0,32],[-12,0],[0,33]],[[8862,8806],[12,0],[0,32],[13,0],[0,-32],[12,0],[0,-33],[-12,0],[0,-32]],[[9199,8741],[0,32],[-12,0]],[[9187,8773],[0,33],[25,0],[0,-65],[-13,0]],[[275,8773],[12,0]],[[287,8773],[0,-32],[-12,0],[0,32]],[[375,8773],[37,0]],[[412,8773],[0,-32],[-37,0],[0,32]],[[4350,8773],[37,0]],[[4387,8773],[0,-32]],[[4387,8741],[-37,0]],[[4350,8741],[0,32]],[[4425,8741],[0,32],[25,0],[0,-32],[-25,0]],[[4475,8773],[0,-32],[-13,0]],[[4462,8741],[0,32],[13,0]],[[4512,8773],[13,0]],[[4525,8773],[0,-32],[-13,0]],[[4512,8741],[0,32]],[[4587,8773],[13,0],[0,-32],[-13,0]],[[4587,8741],[0,32]],[[5437,8773],[25,0]],[[5462,8773],[0,-32]],[[5462,8741],[-25,0]],[[5437,8741],[0,32]],[[5949,8773],[13,0],[0,-32],[-13,0],[0,32]],[[5974,8773],[25,0],[0,-32]],[[5999,8741],[-25,0],[0,32]],[[6137,8773],[0,-32],[-13,0]],[[6124,8741],[0,32],[13,0]],[[6149,8773],[13,0]],[[6162,8773],[0,-32]],[[6162,8741],[-13,0],[0,32]],[[7524,8741],[0,32],[13,0],[0,-32],[-13,0]],[[8974,8773],[13,0],[0,-32],[-13,0],[0,32]],[[9199,8741],[-12,0],[0,32]],[[9949,8773],[13,0],[0,-32],[-13,0],[0,32]],[[2937,8773],[0,-64]],[[2937,8709],[-12,0],[0,64],[12,0]],[[6099,8870],[25,0]],[[6124,8741],[-12,0]],[[6112,8741],[0,32],[-25,0],[0,-32],[-13,0],[0,-32]],[[6074,8709],[-12,0]],[[6062,8709],[0,32]],[[6062,8741],[-38,0]],[[6024,8741],[0,32],[13,0],[0,33]],[[6037,8806],[37,0],[0,32]],[[6074,8838],[25,0]],[[7124,8773],[13,0]],[[7137,8773],[0,-64],[-13,0],[0,64]],[[37,8741],[13,0]],[[50,8741],[0,-32]],[[50,8709],[-13,0]],[[37,8709],[0,32]],[[362,8709],[-25,0]],[[337,8709],[0,32],[25,0],[0,-32]],[[687,8741],[25,0],[0,-32],[-25,0],[0,32]],[[1112,8741],[25,0],[0,-32],[-25,0],[0,32]],[[4387,8773],[13,0],[0,-64]],[[4400,8709],[-25,0],[0,32]],[[4375,8741],[12,0]],[[4412,8741],[13,0]],[[4425,8741],[0,-32],[-13,0],[0,32]],[[4487,8741],[13,0],[0,-32],[-13,0],[0,32]],[[5499,8935],[38,0]],[[5537,8935],[0,-33],[-13,0],[0,-32],[-12,0],[0,-32],[-13,0],[0,-32],[-25,0],[0,-33]],[[5474,8773],[-37,0]],[[5437,8741],[-13,0]],[[5424,8741],[0,-32]],[[5424,8709],[-37,0]],[[5387,8709],[0,32],[12,0],[0,32]],[[5399,8773],[-12,0]],[[5437,8806],[0,64]],[[5437,8870],[25,0]],[[5699,8741],[25,0],[0,-32],[-25,0],[0,32]],[[5924,8741],[13,0],[0,-32],[-13,0],[0,32]],[[6062,8709],[-25,0],[0,32],[25,0]],[[6112,8741],[-13,0],[0,-32]],[[6099,8709],[-25,0]],[[6124,8741],[0,-32],[-12,0]],[[6112,8709],[0,32]],[[6649,8773],[13,0],[0,-64],[-25,0],[0,32],[12,0],[0,32]],[[6749,8773],[25,0],[0,-32]],[[6774,8741],[-12,0],[0,-32]],[[6762,8709],[-25,0]],[[6737,8709],[0,32],[12,0],[0,32]],[[6774,8741],[0,-32]],[[6774,8709],[-12,0]],[[7062,8741],[12,0],[0,-32],[-12,0],[0,32]],[[8049,8709],[-12,0],[0,32],[12,0],[0,-32]],[[8587,8709],[0,32],[12,0],[0,-32],[-12,0]],[[9524,8709],[0,32],[13,0],[0,-32],[-13,0]],[[9849,8741],[13,0],[0,-32],[-13,0],[0,32]],[[87,8741],[0,-64]],[[87,8677],[-12,0]],[[75,8677],[0,32]],[[75,8709],[-25,0]],[[50,8741],[-25,0]],[[25,8741],[0,32],[25,0],[0,33],[12,0],[0,-65],[25,0]],[[4475,8773],[37,0]],[[4512,8773],[0,-96]],[[4512,8677],[-50,0]],[[4462,8677],[0,64]],[[4525,8773],[62,0]],[[4587,8741],[25,0],[0,-64]],[[4612,8677],[-25,0],[0,32],[-12,0],[0,32],[-25,0],[0,-32]],[[4550,8709],[-25,0]],[[4525,8709],[0,-32]],[[4525,8677],[-13,0]],[[4512,8677],[0,64]],[[6599,8677],[0,64],[13,0],[0,-64],[-13,0]],[[8887,8741],[25,0],[0,-64],[-13,0],[0,32],[-12,0],[0,32]],[[37,8709],[38,0]],[[75,8677],[-38,0],[0,32]],[[87,8709],[13,0]],[[100,8709],[0,-32]],[[100,8677],[-13,0]],[[87,8677],[0,32]],[[337,8709],[0,-32]],[[337,8677],[-12,0],[0,32],[12,0]],[[337,8709],[38,0]],[[375,8709],[0,-32]],[[375,8677],[-38,0]],[[375,8709],[12,0]],[[387,8709],[0,-32]],[[387,8677],[-12,0]],[[787,8709],[13,0],[0,-32],[-13,0],[0,32]],[[4350,8741],[12,0]],[[4362,8741],[0,-64]],[[4362,8677],[-50,0],[0,32],[13,0],[0,32],[12,0],[0,32],[13,0]],[[4625,8677],[-13,0]],[[4612,8677],[0,32],[13,0],[0,-32]],[[6699,8709],[25,0]],[[6724,8709],[0,-32]],[[6724,8677],[-25,0]],[[6699,8677],[0,32]],[[7099,8709],[0,-32]],[[7099,8677],[-12,0]],[[7087,8677],[0,32],[12,0]],[[8049,8709],[13,0]],[[8062,8709],[0,-32],[-13,0]],[[8049,8677],[0,32]],[[8387,8709],[25,0]],[[8412,8709],[0,-32],[-25,0],[0,32]],[[8462,8709],[12,0],[0,-32],[-12,0],[0,32]],[[8587,8709],[0,-32],[-13,0],[0,32],[13,0]],[[8774,8677],[-25,0],[0,32],[25,0],[0,-32]],[[8924,8709],[25,0],[0,-32],[-25,0],[0,32]],[[9199,8741],[0,-32],[13,0],[0,-32]],[[9212,8677],[-50,0]],[[9162,8677],[0,32]],[[9162,8709],[12,0]],[[9174,8709],[0,64],[13,0]],[[9237,8709],[12,0]],[[9249,8709],[0,-32]],[[9249,8677],[-12,0]],[[9237,8677],[0,32]],[[9474,8709],[13,0]],[[9487,8709],[0,-32]],[[9487,8677],[-13,0],[0,32]],[[9599,8709],[13,0],[0,-32]],[[9612,8677],[-13,0]],[[9599,8677],[0,32]],[[9624,8677],[0,32],[13,0],[0,-32],[-13,0]],[[9662,8709],[25,0],[0,-32],[-25,0],[0,32]],[[37,8935],[25,0],[0,-33],[38,0],[0,-32],[37,0]],[[137,8838],[25,0]],[[187,8838],[13,0],[0,-32],[50,0],[0,-33],[25,0]],[[287,8773],[13,0],[0,-64],[-25,0],[0,-32],[-38,0]],[[237,8677],[0,32],[-37,0]],[[200,8709],[0,-65]],[[200,8644],[-38,0]],[[162,8644],[0,33],[-37,0],[0,32]],[[125,8709],[-38,0]],[[87,8709],[0,32]],[[25,8741],[12,0]],[[37,8709],[-12,0],[0,-32],[-25,0]],[[0,8677],[0,290],[25,0],[0,-65]],[[100,8709],[25,0]],[[162,8644],[-50,0],[0,33],[-12,0]],[[237,8677],[-12,0],[0,-33]],[[225,8644],[-13,0]],[[212,8644],[0,33]],[[212,8677],[-12,0]],[[200,8677],[0,32]],[[2750,9289],[112,0],[0,-32],[25,0],[0,-32],[25,0],[0,-32],[38,0],[0,-33],[50,0],[0,-32],[12,0]],[[3012,9096],[63,0]],[[3100,8999],[37,0]],[[3150,8935],[0,-33],[37,0]],[[3200,8902],[12,0],[0,-32],[25,0],[0,-32],[50,0],[0,-32],[13,0],[0,-65],[-13,0],[0,-32],[-12,0],[0,-32],[-25,0],[0,-33],[-50,0]],[[3200,8644],[0,65]],[[3200,8709],[12,0],[0,32],[-37,0],[0,32],[-13,0],[0,33],[-37,0],[0,32],[-38,0],[0,-32],[-12,0],[0,32],[-25,0],[0,161],[-150,0],[0,32],[-13,0],[0,33],[-12,0],[0,32],[-13,0],[0,-32],[-12,0],[0,96],[-13,0],[0,33],[13,0],[0,32],[-63,0],[0,32],[-37,0],[0,32]],[[5349,8709],[25,0],[0,-32]],[[5374,8677],[-12,0],[0,-33]],[[5362,8644],[-13,0]],[[5349,8644],[0,65]],[[5399,8709],[25,0]],[[5424,8709],[0,-32]],[[5424,8677],[-12,0],[0,-33]],[[5412,8644],[-13,0]],[[5399,8644],[0,65]],[[6424,8806],[75,0],[0,-65],[25,0],[0,32],[13,0],[0,33],[25,0],[0,-33],[-13,0],[0,-32],[-12,0],[0,-64],[-25,0],[0,-33],[-25,0],[0,33],[-13,0],[0,32],[13,0],[0,32],[-25,0],[0,-64],[-25,0],[0,32],[-13,0],[0,32],[-12,0],[0,32],[12,0],[0,33]],[[9062,8709],[25,0],[0,-65],[-13,0],[0,33],[-12,0]],[[9062,8677],[0,32]],[[9249,8709],[13,0]],[[9262,8709],[0,-65],[-13,0]],[[9249,8644],[0,65]],[[0,8677],[12,0],[0,-33],[-12,0],[0,33]],[[487,8644],[-12,0],[0,33],[12,0],[0,-33]],[[1850,8677],[12,0],[0,-33],[-12,0],[0,33]],[[1887,8677],[25,0],[0,-33],[-25,0],[0,33]],[[2675,8677],[37,0],[0,-33],[-37,0]],[[2675,8644],[0,33]],[[4425,8677],[12,0]],[[4437,8677],[0,-33]],[[4437,8644],[-12,0]],[[4425,8644],[0,33]],[[4437,8677],[13,0]],[[4450,8677],[0,-33],[-13,0]],[[5299,8677],[0,-33],[-12,0]],[[5287,8644],[0,33],[12,0]],[[5374,8677],[0,-33]],[[5374,8644],[-12,0]],[[5374,8677],[25,0]],[[5399,8677],[0,-33]],[[5399,8644],[-25,0]],[[5749,8677],[13,0],[0,-33],[-13,0],[0,33]],[[5987,8677],[0,-33]],[[5987,8644],[-13,0]],[[5974,8644],[0,33],[13,0]],[[5987,8677],[12,0],[0,-33],[-12,0]],[[6262,8677],[12,0],[0,-33],[-12,0],[0,33]],[[6962,8677],[0,-33],[-13,0],[0,33],[13,0]],[[7062,8677],[12,0]],[[7074,8677],[0,-33],[-12,0],[0,33]],[[7137,8644],[-25,0]],[[7112,8644],[0,33],[25,0],[0,-33]],[[7224,8677],[13,0],[0,-33],[-13,0],[0,33]],[[7499,8677],[0,-33],[-12,0],[0,33],[12,0]],[[7937,8677],[12,0],[0,-33],[-12,0],[0,33]],[[8049,8677],[0,-33],[-12,0],[0,33],[12,0]],[[8774,8677],[13,0],[0,-33],[-13,0],[0,33]],[[9037,8677],[12,0]],[[9049,8677],[0,-33]],[[9049,8644],[-12,0]],[[9037,8644],[0,33]],[[9049,8677],[13,0]],[[9062,8677],[0,-33]],[[9062,8644],[-13,0]],[[9187,8677],[12,0]],[[9199,8677],[0,-33],[-12,0],[0,33]],[[9212,8677],[37,0]],[[9249,8677],[0,-33]],[[9249,8644],[-37,0]],[[9212,8644],[0,33]],[[9599,8677],[25,0]],[[9624,8677],[0,-33],[-25,0]],[[9599,8644],[0,33]],[[4612,8677],[0,-33]],[[4612,8644],[-25,0]],[[4587,8644],[0,-32]],[[4587,8612],[-25,0]],[[4562,8612],[0,97]],[[4562,8709],[-12,0]],[[2062,8612],[-12,0],[0,97],[12,0],[0,-32],[25,0],[0,-33],[-25,0],[0,-32]],[[6162,8773],[50,0]],[[6212,8773],[0,-96],[-13,0],[0,-65],[-12,0],[0,32],[-38,0],[0,33],[-37,0],[0,32]],[[6124,8741],[38,0]],[[9449,8709],[25,0]],[[9487,8677],[0,-33]],[[9487,8644],[-25,0],[0,-32]],[[9462,8612],[-13,0]],[[9449,8612],[0,97]],[[212,8677],[0,-65]],[[212,8612],[-12,0]],[[200,8612],[0,65]],[[875,8644],[0,33],[50,0],[0,-65],[-13,0],[0,32],[-37,0]],[[4337,8677],[0,-65]],[[4337,8612],[-12,0],[0,65],[12,0]],[[5849,8677],[38,0],[0,-65],[-25,0],[0,32],[-13,0],[0,33]],[[6062,8644],[-13,0],[0,-32],[-25,0],[0,32],[-12,0]],[[6012,8644],[0,33],[50,0],[0,-33]],[[6374,8677],[25,0],[0,-33],[13,0],[0,-32],[-38,0],[0,65]],[[6549,8612],[0,65],[13,0],[0,-65],[-13,0]],[[6599,8677],[0,-65],[-12,0],[0,32],[-13,0],[0,33],[25,0]],[[6687,8644],[-25,0],[0,-32],[-13,0],[0,65],[38,0],[0,-33]],[[6749,8677],[13,0],[0,-33],[12,0],[0,-32],[-25,0],[0,65]],[[9999,8677],[0,-65],[-12,0]],[[9987,8612],[0,65],[12,0]],[[150,8644],[0,-32]],[[150,8612],[-25,0],[0,32],[25,0]],[[150,8644],[25,0]],[[175,8644],[0,-32]],[[175,8612],[-25,0]],[[225,8644],[0,-32],[-13,0]],[[212,8612],[0,32]],[[487,8644],[13,0],[0,-32]],[[500,8612],[-13,0],[0,32]],[[875,8644],[0,-32],[-13,0]],[[862,8612],[0,32],[13,0]],[[2175,8644],[12,0],[0,-32],[-12,0],[0,32]],[[4437,8644],[0,-32]],[[4437,8612],[-12,0]],[[4425,8612],[0,32]],[[4587,8644],[13,0]],[[4600,8644],[0,-32]],[[4600,8612],[-13,0]],[[4625,8677],[0,-65],[-25,0]],[[4600,8644],[12,0]],[[5287,8644],[0,-32],[-13,0]],[[5274,8612],[0,32],[13,0]],[[5337,8612],[-13,0],[0,32],[13,0],[0,-32]],[[5374,8644],[13,0]],[[5387,8644],[0,-32],[-13,0],[0,32]],[[5524,8644],[38,0],[0,-32],[-38,0],[0,32]],[[6062,8644],[25,0]],[[6087,8644],[0,-32]],[[6087,8612],[-25,0],[0,32]],[[7099,8644],[13,0]],[[7112,8644],[0,-32],[-13,0]],[[7099,8612],[0,32]],[[7187,8644],[12,0],[0,-32]],[[7199,8612],[-12,0]],[[7187,8612],[0,32]],[[7962,8644],[12,0],[0,-32],[-12,0],[0,32]],[[8324,8644],[13,0],[0,-32],[-13,0],[0,32]],[[9137,8612],[-25,0]],[[9112,8612],[0,32],[25,0],[0,-32]],[[9387,8612],[-25,0]],[[9362,8612],[0,32],[25,0],[0,-32]],[[9487,8644],[0,-32]],[[9487,8612],[-25,0]],[[9937,8644],[12,0],[0,-32],[-12,0],[0,32]],[[7874,9547],[63,0]],[[7937,9515],[37,0],[0,-32],[13,0],[0,32],[112,0],[0,-32],[50,0],[0,-32],[13,0],[0,-65],[-13,0],[0,-97],[-75,0]],[[8074,9289],[0,-32],[-25,0],[0,-32],[-12,0],[0,32],[-38,0],[0,-32],[-12,0],[0,-32],[-88,0],[0,-33],[150,0],[0,-32],[13,0],[0,-64],[12,0]],[[8074,9064],[0,32],[25,0],[0,-32],[13,0],[0,-97],[-75,0],[0,-32],[-13,0],[0,32],[-12,0],[0,-65],[-25,0],[0,33],[-13,0],[0,32],[-12,0],[0,-32],[-25,0],[0,32],[-25,0],[0,32],[12,0],[0,65],[-12,0],[0,-33],[-25,0],[0,33],[-38,0],[0,32],[25,0],[0,32],[-12,0],[0,32],[-25,0],[0,-32],[-13,0],[0,32],[-50,0],[0,-32],[-12,0],[0,32],[-25,0],[0,-32],[-25,0],[0,-32],[-38,0],[0,-32],[-12,0],[0,-33],[-13,0],[0,33],[-12,0]],[[7637,9064],[0,-97]],[[7649,8999],[13,0]],[[7662,8999],[0,-32],[12,0],[0,32],[13,0],[0,-32],[25,0],[0,-32],[12,0],[0,32],[13,0],[0,-32],[12,0],[0,-33],[25,0],[0,-32],[13,0],[0,-32],[-38,0],[0,-32],[13,0],[0,-33],[25,0],[0,33],[37,0],[0,-65],[-12,0],[0,-32],[-13,0],[0,-32],[-12,0],[0,-33],[-25,0],[0,-32],[-38,0],[0,-32],[-37,0],[0,32],[-25,0],[0,32],[-25,0],[0,-32],[-13,0],[0,32],[-100,0],[0,-32],[-12,0],[0,65],[-13,0]],[[7499,8677],[0,32],[25,0],[0,32]],[[7524,8741],[-37,0],[0,32],[-13,0],[0,33],[-25,0],[0,32],[13,0],[0,32],[12,0],[0,32],[-25,0],[0,-32],[-12,0],[0,32],[-13,0],[0,33],[-25,0],[0,-33],[-25,0],[0,-32]],[[7374,8870],[-75,0],[0,-32],[-25,0],[0,32],[-12,0],[0,-64],[12,0],[0,-33]],[[7274,8773],[-25,0]],[[7249,8806],[-37,0]],[[7212,8838],[-25,0]],[[7187,8838],[0,-65],[-13,0],[0,-32],[-12,0],[0,32]],[[7162,8773],[-50,0]],[[7112,8773],[0,129]],[[7099,8902],[0,-64]],[[7099,8838],[-12,0],[0,32],[-25,0]],[[7062,8870],[0,65],[-25,0]],[[7037,8935],[0,96],[12,0],[0,33],[-12,0],[0,32],[-13,0]],[[7024,9096],[0,32]],[[7024,9128],[13,0],[0,32],[37,0],[0,65],[25,0],[0,-129],[38,0]],[[7112,9128],[0,32],[50,0]],[[7162,9193],[25,0],[0,32],[25,0],[0,-32],[25,0],[0,32],[-13,0],[0,32],[13,0],[0,32],[162,0],[0,97],[50,0],[0,32],[125,0],[0,33],[125,0]],[[7724,9418],[0,65],[75,0],[0,32],[13,0],[0,32],[25,0]],[[7849,9515],[0,65],[13,0]],[[6937,8870],[-13,0]],[[6924,8838],[38,0]],[[6962,8806],[-38,0]],[[6924,8806],[0,-33],[-12,0],[0,-32],[-38,0],[0,32],[-12,0],[0,-32],[-13,0],[0,32],[-12,0],[0,-64],[-13,0],[0,-32],[13,0],[0,-33],[50,0],[0,-32],[-13,0],[0,-32],[-12,0],[0,32],[-75,0],[0,32],[12,0],[0,97],[-25,0]],[[6749,8806],[38,0]],[[6812,8806],[50,0]],[[7187,8644],[-13,0]],[[7174,8644],[0,-32]],[[7174,8612],[-25,0],[0,-32]],[[7149,8580],[-12,0]],[[7137,8580],[0,64]],[[7137,8644],[25,0],[0,33],[25,0],[0,-33]],[[7187,8644],[0,-64]],[[7187,8580],[-13,0]],[[7174,8580],[0,64]],[[9174,8677],[13,0]],[[9199,8677],[13,0]],[[9212,8644],[25,0]],[[9237,8644],[0,-32],[-25,0],[0,-32]],[[9212,8580],[-13,0]],[[9199,8580],[0,32]],[[9199,8612],[-37,0]],[[9162,8612],[0,32],[12,0],[0,33]],[[175,8644],[25,0]],[[200,8644],[0,-32]],[[200,8612],[-13,0]],[[187,8612],[0,-32]],[[187,8580],[-25,0],[0,32],[13,0]],[[187,8612],[25,0]],[[212,8612],[0,-32],[-25,0]],[[525,8612],[0,-32]],[[525,8580],[-13,0],[0,32],[13,0]],[[862,8612],[0,-32]],[[862,8580],[-12,0]],[[850,8580],[0,32],[12,0]],[[975,8580],[-38,0]],[[937,8580],[0,32],[38,0],[0,-32]],[[2062,8612],[13,0],[0,-32],[-13,0],[0,32]],[[4375,8612],[25,0]],[[4400,8612],[0,-32]],[[4400,8580],[-25,0],[0,32]],[[4587,8612],[0,-32]],[[4587,8580],[-25,0]],[[4562,8580],[0,32]],[[4600,8612],[0,-32],[-13,0]],[[5474,8612],[38,0],[0,-32],[-38,0],[0,32]],[[6087,8612],[12,0],[0,-32],[-12,0],[0,32]],[[6112,8612],[12,0],[0,-32],[-12,0],[0,32]],[[6299,8612],[13,0],[0,-32],[-13,0],[0,32]],[[7174,8612],[0,-32]],[[7174,8580],[-25,0]],[[8087,8612],[12,0],[0,-32],[-12,0],[0,32]],[[8262,8612],[37,0],[0,-32],[-37,0],[0,32]],[[8787,8612],[12,0],[0,-32],[-12,0],[0,32]],[[8937,8612],[12,0],[0,-32],[-12,0],[0,32]],[[8999,8580],[-12,0],[0,32],[12,0],[0,-32]],[[9112,8612],[0,-32],[-13,0],[0,32],[13,0]],[[9137,8612],[25,0]],[[9162,8612],[0,-32],[-25,0],[0,32]],[[9187,8612],[12,0]],[[9199,8580],[-12,0]],[[9187,8580],[0,32]],[[9237,8644],[12,0]],[[9249,8644],[0,-64],[-37,0]],[[9362,8612],[0,-32]],[[9362,8580],[-13,0]],[[9349,8580],[0,32],[13,0]],[[9374,8612],[25,0]],[[9399,8612],[0,-32]],[[9399,8580],[-25,0]],[[9374,8580],[0,32]],[[4362,8741],[13,0]],[[4400,8709],[0,32],[12,0]],[[4425,8741],[37,0]],[[4462,8677],[-37,0]],[[4425,8677],[0,-65]],[[4425,8612],[25,0]],[[4450,8612],[0,-64],[-50,0]],[[4400,8548],[0,64]],[[4400,8612],[-63,0]],[[4337,8677],[25,0]],[[4525,8709],[37,0]],[[4562,8709],[0,-129]],[[4562,8580],[-25,0]],[[4537,8580],[0,-32]],[[4537,8548],[-25,0]],[[4512,8548],[0,32]],[[4512,8580],[-37,0]],[[4475,8580],[0,32],[-13,0],[0,65]],[[4462,8677],[63,0]],[[4400,8580],[0,-32]],[[4400,8548],[-38,0],[0,64],[13,0]],[[5274,8612],[0,-64]],[[5274,8548],[-12,0]],[[5262,8548],[0,64],[12,0]],[[6549,8612],[0,-32],[-12,0],[0,-32],[-13,0],[0,64],[25,0]],[[8562,8548],[-25,0],[0,64],[12,0],[0,-32],[13,0],[0,-32]],[[9362,8612],[12,0]],[[9374,8612],[0,-64]],[[9374,8548],[-12,0]],[[9362,8548],[0,64]],[[487,8580],[13,0]],[[500,8580],[0,-32]],[[500,8548],[-13,0],[0,32]],[[537,8580],[13,0],[0,-32],[-13,0],[0,32]],[[862,8580],[13,0]],[[875,8580],[0,-32],[-13,0],[0,32]],[[900,8580],[25,0]],[[925,8580],[0,-32]],[[925,8548],[-25,0]],[[900,8548],[0,32]],[[4487,8580],[25,0]],[[4512,8548],[-25,0]],[[4487,8548],[0,32]],[[4537,8580],[13,0],[0,-32],[-13,0]],[[5349,8548],[0,32],[13,0],[0,-32],[-13,0]],[[5962,8580],[12,0],[0,-32],[-12,0],[0,32]],[[7099,8580],[13,0],[0,-32],[-13,0],[0,32]],[[7949,8580],[13,0],[0,-32],[-13,0],[0,32]],[[8812,8548],[0,32],[12,0],[0,-32],[-12,0]],[[8999,8580],[13,0],[0,-32],[-13,0],[0,32]],[[9049,8580],[13,0],[0,-32],[-13,0],[0,32]],[[9337,8580],[0,-32],[-13,0]],[[9324,8548],[0,32],[13,0]],[[4450,8677],[12,0]],[[4475,8580],[12,0]],[[4487,8548],[-25,0]],[[4462,8548],[0,-33]],[[4462,8515],[-12,0],[0,97]],[[4450,8612],[-13,0]],[[9524,8709],[0,-32],[13,0],[0,-33],[12,0],[0,-96],[-25,0],[0,-33],[-37,0],[0,97]],[[9487,8612],[12,0],[0,97],[25,0]],[[225,8580],[62,0],[0,-32],[38,0],[0,-33],[-100,0],[0,65]],[[962,8580],[25,0]],[[987,8580],[0,-32],[13,0],[0,-33]],[[1000,8515],[-25,0]],[[975,8515],[0,33],[-13,0]],[[962,8548],[0,32]],[[8312,8580],[12,0],[0,-65],[-12,0],[0,65]],[[975,8515],[-13,0]],[[962,8515],[0,33]],[[1025,8548],[12,0],[0,-33],[-12,0],[0,33]],[[3112,8515],[-25,0],[0,33],[25,0],[0,-33]],[[4462,8548],[13,0]],[[4475,8548],[0,-33]],[[4475,8515],[-13,0]],[[4475,8548],[12,0]],[[4487,8548],[0,-33]],[[4487,8515],[-12,0]],[[4487,8548],[13,0],[0,-33],[-13,0]],[[5199,8548],[0,-33]],[[5199,8515],[-12,0],[0,33],[12,0]],[[5274,8548],[13,0],[0,-33],[-13,0]],[[5274,8515],[0,33]],[[5337,8548],[0,-33]],[[5337,8515],[-13,0]],[[5324,8515],[0,33],[13,0]],[[5474,8515],[0,33],[13,0],[0,-33],[-13,0]],[[5537,8548],[12,0],[0,-33],[-12,0]],[[5537,8515],[0,33]],[[5899,8548],[13,0],[0,-33],[-13,0],[0,33]],[[6037,8548],[37,0],[0,-33],[-37,0],[0,33]],[[6499,8548],[13,0],[0,-33],[-13,0],[0,33]],[[7137,8548],[0,-33]],[[7137,8515],[-13,0]],[[7124,8515],[0,33],[13,0]],[[7849,8548],[13,0],[0,-33],[-13,0],[0,33]],[[8112,8515],[-13,0],[0,33],[13,0],[0,-33]],[[8674,8515],[-37,0],[0,33],[37,0],[0,-33]],[[9187,8515],[-13,0]],[[9174,8515],[0,33],[13,0],[0,-33]],[[9324,8548],[0,-33],[-12,0],[0,33],[12,0]],[[9649,8548],[25,0],[0,-33],[-25,0],[0,33]],[[7187,8612],[37,0]],[[7224,8612],[0,-64],[-12,0],[0,-33],[-25,0],[0,-32]],[[7187,8483],[-13,0]],[[7174,8483],[0,32],[-12,0],[0,33],[-25,0]],[[7137,8548],[0,32]],[[7137,8580],[50,0]],[[7187,8580],[0,32]],[[9399,8580],[0,-97]],[[9399,8483],[-12,0],[0,65],[-13,0]],[[9374,8548],[0,32]],[[437,8548],[13,0]],[[450,8548],[0,-65]],[[450,8483],[-13,0]],[[437,8483],[0,65]],[[450,8548],[12,0]],[[462,8548],[0,-65]],[[462,8483],[-12,0]],[[5337,8548],[12,0]],[[5349,8548],[0,-65]],[[5349,8483],[-12,0]],[[5337,8483],[0,65]],[[6262,8548],[0,-33],[12,0],[0,-32],[-37,0],[0,32],[-25,0],[0,33],[50,0]],[[6499,8548],[-12,0],[0,-33],[-38,0],[0,-32],[-25,0],[0,32],[-12,0],[0,33],[12,0],[0,32],[50,0],[0,32],[38,0],[0,-32],[-13,0],[0,-32]],[[8199,8548],[25,0],[0,-65],[-12,0],[0,32],[-13,0],[0,33]],[[8812,8548],[0,-65],[-13,0],[0,32],[-25,0],[0,33],[38,0]],[[9074,8548],[25,0]],[[9099,8548],[0,-65]],[[9099,8483],[-25,0]],[[9074,8483],[0,65]],[[9099,8548],[13,0]],[[9112,8548],[0,-33]],[[9112,8515],[12,0]],[[9124,8515],[0,-32]],[[9124,8483],[-25,0]],[[437,8515],[0,-32]],[[437,8483],[-12,0],[0,32],[12,0]],[[837,8548],[0,-33]],[[837,8515],[-25,0]],[[812,8515],[0,-32]],[[812,8483],[-37,0]],[[775,8483],[0,32]],[[775,8515],[25,0]],[[800,8515],[0,33],[37,0]],[[812,8515],[13,0]],[[825,8515],[0,-32],[-13,0]],[[837,8515],[25,0],[0,-32]],[[862,8483],[-25,0]],[[837,8483],[0,32]],[[5174,8515],[0,-32]],[[5174,8483],[-12,0],[0,32],[12,0]],[[5199,8548],[25,0]],[[5224,8548],[0,-33],[-12,0],[0,-32]],[[5212,8483],[-38,0]],[[5174,8515],[25,0]],[[5274,8515],[-25,0],[0,-32]],[[5249,8483],[-37,0]],[[5224,8548],[-12,0],[0,32],[50,0],[0,-32]],[[5324,8515],[0,-32]],[[5324,8483],[-12,0],[0,32],[12,0]],[[5337,8515],[0,-32]],[[5337,8483],[-13,0]],[[5512,8515],[12,0],[0,-32],[-12,0]],[[5512,8483],[0,32]],[[5762,8515],[12,0],[0,-32],[-12,0],[0,32]],[[6712,8515],[12,0],[0,-32],[-12,0],[0,32]],[[7124,8515],[0,-32]],[[7124,8483],[-12,0],[0,32],[12,0]],[[7449,8515],[25,0],[0,-32],[-25,0],[0,32]],[[8112,8515],[12,0],[0,-32],[-12,0],[0,32]],[[8249,8548],[13,0],[0,-65],[-25,0],[0,32],[12,0],[0,33]],[[8674,8515],[13,0],[0,-32],[-13,0],[0,32]],[[9124,8515],[13,0]],[[9137,8515],[0,-32]],[[9137,8483],[-13,0]],[[9137,8515],[12,0]],[[9149,8515],[0,-32]],[[9149,8483],[-12,0]],[[9149,8515],[25,0]],[[9174,8515],[0,-32]],[[9174,8483],[-25,0]],[[9187,8515],[0,-32],[-13,0]],[[9624,8515],[13,0],[0,-32],[-13,0],[0,32]],[[9924,8515],[0,-32]],[[9924,8483],[-37,0]],[[9887,8483],[0,32],[37,0]],[[5587,8548],[0,-97],[-13,0],[0,97],[13,0]],[[7174,8483],[-12,0]],[[7162,8483],[0,-32],[-13,0],[0,32],[-12,0]],[[7137,8483],[0,65]],[[3112,8515],[50,0],[0,-64],[-25,0],[0,32],[-25,0],[0,32]],[[6574,8451],[-25,0]],[[6549,8451],[0,32],[-12,0],[0,32],[12,0],[0,33],[13,0],[0,-33],[37,0],[0,-32],[-25,0],[0,-32]],[[7024,8709],[13,0],[0,-32]],[[7037,8677],[25,0]],[[7074,8677],[25,0]],[[7099,8677],[0,-65]],[[7137,8644],[0,-96]],[[7124,8483],[0,-32]],[[7124,8451],[-37,0]],[[7087,8451],[0,32],[-13,0],[0,-32]],[[7074,8451],[-12,0]],[[7062,8451],[0,64],[25,0],[0,33],[-88,0],[0,32],[13,0],[0,32],[-25,0],[0,32],[12,0],[0,33],[25,0]],[[7024,8677],[0,32]],[[7137,8515],[0,-64]],[[7137,8451],[-13,0]],[[7124,8451],[0,64]],[[9349,8548],[25,0]],[[9374,8548],[0,-33],[-12,0],[0,-64],[-25,0]],[[9337,8451],[0,64]],[[9337,8515],[12,0],[0,33]],[[9974,8515],[25,0],[0,-32],[-12,0],[0,-32],[-50,0]],[[9937,8451],[0,64],[25,0],[0,-32],[12,0],[0,32]],[[412,8451],[-25,0]],[[387,8451],[0,32],[25,0],[0,-32]],[[462,8515],[13,0],[0,-64]],[[475,8451],[-38,0]],[[437,8451],[0,32]],[[437,8483],[25,0]],[[462,8483],[0,32]],[[550,8483],[12,0],[0,-32],[-12,0],[0,32]],[[987,8483],[13,0],[0,-32]],[[1000,8451],[-13,0]],[[987,8451],[0,32]],[[1050,8451],[-38,0]],[[1012,8451],[0,32],[38,0],[0,-32]],[[5624,8741],[0,-64],[-25,0],[0,-97],[-12,0],[0,-32]],[[5587,8548],[-50,0]],[[5537,8515],[-25,0]],[[5512,8483],[-13,0],[0,-32],[-37,0]],[[5462,8451],[0,32],[12,0],[0,32]],[[5474,8515],[-12,0],[0,33],[-13,0],[0,32],[-12,0],[0,-65],[12,0],[0,-32],[-50,0],[0,-32],[-12,0],[0,64],[-13,0],[0,65],[50,0],[0,32],[25,0],[0,32],[63,0],[0,33],[-25,0],[0,64],[12,0],[0,-32],[50,0],[0,-32],[38,0],[0,32],[12,0],[0,32],[25,0]],[[5812,8451],[0,32],[12,0],[0,-32],[-12,0]],[[7037,8451],[-13,0],[0,32],[13,0],[0,-32]],[[7087,8451],[-13,0]],[[8087,8483],[12,0],[0,-32],[-12,0],[0,32]],[[9324,8483],[13,0]],[[9337,8483],[0,-32]],[[9337,8451],[-13,0]],[[9324,8451],[0,32]],[[9549,8483],[0,-32],[-25,0]],[[9524,8451],[0,32],[25,0]],[[9562,8483],[12,0],[0,-32],[-12,0],[0,32]],[[9899,8483],[13,0]],[[9912,8483],[0,-32]],[[9912,8451],[-13,0]],[[9899,8451],[0,32]],[[9912,8483],[12,0]],[[9924,8483],[0,-32]],[[9924,8451],[-12,0]],[[9449,8515],[0,-96]],[[9449,8419],[-12,0]],[[9437,8419],[0,32]],[[9437,8451],[-13,0]],[[9424,8451],[0,64],[25,0]],[[837,8580],[25,0]],[[875,8580],[25,0]],[[900,8548],[50,0]],[[950,8548],[0,-33],[-50,0],[0,-64],[37,0],[0,-32]],[[937,8419],[-62,0]],[[875,8419],[0,32]],[[875,8451],[-25,0]],[[850,8451],[0,32]],[[850,8483],[12,0]],[[837,8515],[0,65]],[[5174,8483],[0,-32],[-25,0],[0,-32],[-12,0]],[[5137,8419],[0,64],[37,0]],[[6974,8451],[0,32],[38,0],[0,-64],[-25,0],[0,32],[-13,0]],[[9112,8483],[37,0]],[[9149,8483],[0,-64]],[[9149,8419],[-12,0]],[[9137,8419],[0,32],[-25,0],[0,32]],[[9449,8483],[13,0]],[[9462,8483],[0,-64]],[[9462,8419],[-13,0]],[[9449,8419],[0,64]],[[450,8451],[12,0]],[[462,8451],[0,-32]],[[462,8419],[-12,0],[0,32]],[[812,8451],[13,0],[0,-32],[-13,0],[0,32]],[[862,8451],[13,0]],[[875,8419],[-13,0]],[[862,8419],[0,32]],[[1000,8451],[0,-32]],[[1000,8419],[-13,0]],[[987,8419],[0,32]],[[1000,8451],[50,0]],[[1050,8451],[0,-32]],[[1050,8419],[-50,0]],[[1050,8451],[25,0],[0,-32]],[[1075,8419],[-25,0]],[[1300,8419],[-13,0],[0,32],[13,0],[0,-32]],[[5137,8419],[-13,0]],[[5124,8419],[0,32],[13,0],[0,-32]],[[5262,8451],[0,-32]],[[5262,8419],[-13,0]],[[5249,8419],[0,32],[13,0]],[[5387,8709],[12,0]],[[5399,8709],[0,-32]],[[5349,8709],[0,-97]],[[5349,8612],[-12,0]],[[5337,8612],[0,-64]],[[5324,8483],[0,-32]],[[5324,8451],[-12,0],[0,-32]],[[5312,8419],[-38,0]],[[5274,8419],[0,32]],[[5274,8451],[13,0],[0,32],[-13,0],[0,32]],[[5299,8677],[25,0],[0,64],[13,0],[0,32],[62,0]],[[5324,8451],[0,-32],[-12,0]],[[5999,8419],[-37,0],[0,32],[37,0],[0,-32]],[[7037,8451],[25,0]],[[7062,8451],[0,-32],[-25,0],[0,32]],[[7087,8451],[0,-32]],[[7087,8419],[-13,0]],[[7074,8419],[0,32]],[[8899,8451],[13,0],[0,-32],[-13,0],[0,32]],[[8937,8451],[0,-32],[-13,0],[0,32],[13,0]],[[8962,8451],[12,0]],[[8974,8451],[0,-32],[-12,0],[0,32]],[[9274,8451],[13,0]],[[9287,8451],[0,-32]],[[9287,8419],[-13,0]],[[9274,8419],[0,32]],[[9337,8451],[0,-32],[-13,0]],[[9324,8419],[0,32]],[[9399,8483],[13,0]],[[9412,8483],[0,-64]],[[9412,8419],[-38,0]],[[9374,8419],[0,32],[25,0],[0,32]],[[9412,8451],[25,0]],[[9437,8419],[-25,0]],[[9412,8419],[0,32]],[[1537,8419],[-62,0],[0,-33],[-63,0],[0,33],[-12,0],[0,64],[-13,0],[0,32],[-12,0],[0,33],[-25,0],[0,32],[-38,0],[0,32],[-150,0],[0,32],[-12,0],[0,33],[25,0],[0,32],[12,0],[0,-32],[113,0],[0,32],[25,0],[0,-32],[125,0],[0,-33],[12,0],[0,-32],[13,0],[0,-64],[37,0],[0,-33],[13,0],[0,-32],[12,0],[0,-64]],[[6974,8451],[0,-65],[-75,0],[0,33],[-25,0],[0,32],[-12,0],[0,-32],[-13,0],[0,64],[-25,0],[0,32],[25,0],[0,33],[38,0],[0,-33],[37,0],[0,-32],[13,0],[0,-32],[37,0]],[[2762,8483],[38,0],[0,-64],[-13,0],[0,-33],[-12,0],[0,33],[-13,0],[0,64]],[[3162,8677],[25,0],[0,-33],[13,0]],[[3200,8644],[0,-32],[12,0],[0,-32],[13,0],[0,-65],[-13,0],[0,-129],[-25,0]],[[3187,8386],[0,33],[-12,0]],[[3175,8419],[0,64],[12,0],[0,32],[-12,0],[0,33],[-13,0],[0,32],[-12,0],[0,32],[12,0],[0,65]],[[4787,8483],[38,0],[0,-97],[-25,0],[0,33],[-13,0],[0,64]],[[387,8451],[0,-65]],[[387,8386],[-12,0],[0,65],[12,0]],[[437,8548],[0,-33]],[[437,8451],[13,0]],[[462,8419],[0,-33]],[[462,8386],[-75,0]],[[412,8451],[0,97],[25,0]],[[775,8451],[0,-65]],[[775,8386],[-13,0]],[[762,8386],[0,65],[13,0]],[[6574,8451],[0,-32],[-12,0],[0,-33],[-13,0],[0,65]],[[7899,8419],[0,32],[25,0],[0,-65],[-12,0],[0,33],[-13,0]],[[9724,8451],[13,0]],[[9737,8451],[0,-65]],[[9737,8386],[-13,0]],[[9724,8386],[0,65]],[[987,8419],[50,0]],[[1037,8419],[0,-33],[-50,0],[0,33]],[[1100,8419],[12,0]],[[1112,8419],[0,-33]],[[1112,8386],[-12,0]],[[1100,8386],[0,33]],[[1162,8386],[0,33],[13,0],[0,-33],[-13,0]],[[1300,8419],[12,0],[0,-33],[-12,0]],[[1300,8386],[0,33]],[[1537,8419],[13,0],[0,-33],[-13,0],[0,33]],[[3187,8386],[-12,0],[0,33]],[[5137,8419],[0,-33],[-13,0]],[[5124,8386],[0,33]],[[5274,8451],[0,-65]],[[5274,8386],[-37,0]],[[5237,8386],[0,33]],[[5237,8419],[25,0]],[[5262,8419],[0,64]],[[5262,8483],[-13,0]],[[5274,8419],[13,0]],[[5287,8419],[0,-33]],[[5287,8386],[-13,0]],[[5274,8386],[0,33]],[[5287,8419],[25,0]],[[5312,8419],[0,-33]],[[5312,8386],[-25,0]],[[5812,8451],[0,-32],[-13,0],[0,-33],[-25,0],[0,33],[13,0],[0,64],[12,0],[0,-32],[13,0]],[[5999,8419],[13,0],[0,-33],[-13,0],[0,33]],[[6049,8419],[13,0],[0,-33],[-13,0],[0,33]],[[6124,8419],[25,0],[0,-33],[-25,0],[0,33]],[[6199,8419],[13,0],[0,-33],[-13,0],[0,33]],[[6362,8386],[0,33],[25,0],[0,-33],[-25,0]],[[7087,8419],[0,-33]],[[7087,8386],[-13,0]],[[7074,8386],[0,33]],[[7899,8419],[0,-33],[-12,0],[0,33],[12,0]],[[8837,8419],[25,0]],[[8862,8419],[0,-33]],[[8862,8386],[-25,0]],[[8837,8386],[0,33]],[[8987,8419],[12,0],[0,-33]],[[8999,8386],[-12,0]],[[8987,8386],[0,33]],[[9137,8419],[0,-33]],[[9137,8386],[-38,0]],[[9099,8386],[0,33],[38,0]],[[9249,8386],[-12,0],[0,33],[12,0],[0,-33]],[[9287,8419],[0,-33]],[[9287,8386],[-13,0]],[[9274,8386],[0,33]],[[9349,8419],[13,0]],[[9362,8419],[0,-33]],[[9362,8386],[-13,0],[0,33]],[[9362,8419],[12,0]],[[9374,8419],[0,-33],[-12,0]],[[9449,8419],[0,-33]],[[9449,8386],[-12,0]],[[9437,8386],[0,33]],[[9462,8419],[0,-33]],[[9462,8386],[-13,0]],[[9749,8419],[13,0],[0,-33],[-13,0],[0,33]],[[9174,8483],[0,-32],[-12,0],[0,-97]],[[9162,8354],[-13,0]],[[9149,8354],[0,129]],[[937,8419],[0,-33],[-12,0],[0,-32]],[[925,8354],[-13,0]],[[912,8354],[0,32],[-25,0],[0,-32]],[[887,8354],[-12,0]],[[875,8354],[0,65]],[[5874,8386],[-12,0],[0,-32]],[[5862,8354],[-13,0],[0,65],[25,0],[0,-33]],[[7774,8419],[13,0],[0,-65],[-13,0],[0,65]],[[8799,8419],[13,0],[0,-33],[12,0],[0,-32]],[[8824,8354],[-25,0]],[[8799,8354],[0,65]],[[487,8386],[13,0]],[[500,8386],[0,-32]],[[500,8354],[-13,0]],[[487,8354],[0,32]],[[500,8386],[12,0]],[[512,8386],[0,-32]],[[512,8354],[-12,0]],[[762,8386],[0,-32]],[[762,8354],[-25,0],[0,32],[25,0]],[[775,8386],[0,-32]],[[775,8354],[-13,0]],[[875,8354],[-25,0]],[[850,8354],[0,32]],[[850,8386],[12,0]],[[862,8386],[0,33]],[[912,8354],[-25,0]],[[1137,8386],[25,0]],[[1162,8386],[0,-32]],[[1162,8354],[-25,0],[0,32]],[[1300,8386],[0,-32],[-13,0],[0,32],[13,0]],[[1800,8386],[0,-32],[-13,0],[0,32],[13,0]],[[2825,8386],[0,-32]],[[2825,8354],[-13,0],[0,32],[13,0]],[[5212,8483],[0,-32],[-13,0],[0,-32],[13,0],[0,-33],[-13,0],[0,-32],[-12,0]],[[5187,8354],[0,32],[-25,0],[0,-32]],[[5162,8354],[-38,0]],[[5124,8354],[0,32]],[[5187,8354],[-25,0]],[[5287,8386],[12,0]],[[5299,8386],[0,-32]],[[5299,8354],[-12,0],[0,32]],[[5899,8386],[0,-32],[-12,0],[0,32],[12,0]],[[6249,8386],[13,0],[0,-32],[-13,0],[0,32]],[[6362,8386],[0,-32],[-13,0],[0,32],[13,0]],[[6424,8354],[-12,0],[0,32],[12,0],[0,-32]],[[6824,8354],[0,32],[38,0],[0,-32],[-38,0]],[[7149,8354],[-25,0],[0,32],[25,0],[0,-32]],[[7612,8386],[25,0],[0,-32],[-25,0],[0,32]],[[7749,8419],[13,0],[0,-65],[-25,0],[0,32],[12,0],[0,33]],[[8799,8386],[0,-32]],[[8799,8354],[-12,0]],[[8787,8354],[0,32],[12,0]],[[8949,8386],[13,0]],[[8962,8386],[0,-32]],[[8962,8354],[-13,0]],[[8949,8354],[0,32]],[[8962,8386],[12,0]],[[8974,8386],[0,-32]],[[8974,8354],[-12,0]],[[8999,8386],[0,-32]],[[8999,8354],[-12,0]],[[8987,8354],[0,32]],[[9087,8386],[37,0]],[[9124,8386],[0,-32],[-37,0],[0,32]],[[9199,8386],[13,0],[0,-32],[-13,0],[0,32]],[[9249,8386],[13,0],[0,-32],[-13,0],[0,32]],[[9449,8386],[0,-32],[-12,0]],[[9437,8354],[0,32]],[[9562,8386],[12,0]],[[9574,8386],[0,-32]],[[9574,8354],[-12,0]],[[9562,8354],[0,32]],[[9637,8386],[12,0]],[[9649,8386],[0,-32]],[[9649,8354],[-12,0]],[[9637,8354],[0,32]],[[9737,8386],[0,-32]],[[9737,8354],[-13,0]],[[9724,8354],[0,32]],[[5749,9096],[25,0]],[[5774,9096],[0,-65]],[[5787,9064],[75,0]],[[5837,8999],[-13,0]],[[5849,8967],[0,-32],[13,0],[0,-33],[37,0],[0,-64],[-25,0],[0,32],[-12,0],[0,-32],[-13,0],[0,32],[-12,0],[0,-32],[-25,0],[0,-32],[-13,0],[0,-65],[-12,0],[0,32],[-13,0],[0,-64],[-12,0],[0,32],[-25,0],[0,32],[-38,0],[0,-32]],[[5699,8741],[-12,0],[0,32],[-13,0],[0,33],[-12,0],[0,-65],[-13,0],[0,-32]],[[5649,8709],[13,0],[0,-32],[-25,0],[0,32],[-13,0],[0,32]],[[5462,8451],[-25,0]],[[5437,8451],[0,-65],[12,0],[0,-32],[-25,0],[0,32],[-12,0],[0,-64]],[[5412,8322],[-38,0]],[[5374,8322],[0,32],[-25,0]],[[5349,8354],[0,65]],[[5349,8419],[-12,0],[0,32],[-13,0]],[[5324,8483],[25,0]],[[5349,8612],[0,32]],[[5349,8644],[25,0]],[[5387,8644],[25,0]],[[5424,8677],[0,64]],[[5424,8741],[38,0]],[[5462,8773],[12,0]],[[5537,8935],[25,0]],[[5562,8902],[37,0]],[[5649,8967],[0,97]],[[8899,8451],[0,32],[38,0],[0,-32]],[[8937,8451],[25,0]],[[8974,8451],[50,0]],[[9024,8451],[0,-32],[13,0],[0,-33],[-38,0]],[[8987,8419],[0,-65]],[[8987,8354],[-13,0]],[[8974,8386],[-25,0]],[[8949,8386],[0,-64]],[[8949,8322],[-25,0]],[[8924,8322],[0,64],[-25,0],[0,-64]],[[8899,8322],[-12,0],[0,32],[-13,0]],[[8874,8354],[0,-32]],[[8874,8322],[-12,0]],[[8862,8322],[0,97]],[[8837,8419],[0,32]],[[8837,8451],[12,0],[0,32],[13,0],[0,-32],[37,0]],[[9187,8515],[12,0],[0,-64],[-12,0],[0,-129]],[[9187,8322],[-13,0]],[[9174,8322],[0,32]],[[9174,8354],[-12,0]],[[8212,8451],[50,0],[0,-65],[12,0],[0,-32],[-25,0],[0,32],[-12,0],[0,-32],[-25,0],[0,-32],[-25,0],[0,97],[25,0],[0,32]],[[937,8419],[50,0]],[[1037,8419],[13,0]],[[1050,8419],[0,-33],[12,0],[0,-32],[-75,0],[0,-32]],[[987,8322],[-12,0]],[[975,8322],[0,64],[-13,0],[0,-64]],[[962,8322],[-25,0],[0,32]],[[937,8354],[-12,0]],[[975,8322],[-13,0]],[[6474,8386],[63,0],[0,-32],[-13,0],[0,-32],[-12,0],[0,32],[-25,0],[0,-32],[-13,0],[0,64]],[[7937,8386],[12,0],[0,-32],[13,0],[0,-32],[-25,0],[0,64]],[[8924,8322],[-25,0]],[[9562,8354],[-13,0]],[[9549,8354],[0,-32],[-12,0]],[[9537,8322],[0,64],[25,0]],[[187,8354],[25,0],[0,-32],[-25,0],[0,32]],[[850,8354],[12,0]],[[862,8354],[0,-32]],[[862,8322],[-12,0]],[[850,8322],[0,32]],[[1275,8322],[-38,0]],[[1237,8322],[0,32],[38,0],[0,-32]],[[5124,8354],[13,0]],[[5137,8354],[0,-32],[-13,0],[0,32]],[[5237,8322],[0,32],[12,0],[0,-32],[-12,0]],[[5299,8354],[13,0],[0,-32]],[[5312,8322],[-13,0]],[[5299,8322],[0,32]],[[5562,8354],[12,0],[0,-32]],[[5574,8322],[-12,0],[0,32]],[[5974,8354],[13,0],[0,-32],[-13,0],[0,32]],[[6424,8354],[13,0],[0,-32],[-13,0]],[[6424,8322],[0,32]],[[6449,8354],[13,0],[0,-32],[-13,0],[0,32]],[[6824,8354],[0,-32],[-50,0]],[[6774,8322],[0,32]],[[6774,8354],[13,0]],[[6787,8354],[0,32],[12,0],[0,-32],[25,0]],[[6887,8354],[50,0],[0,-32],[-50,0],[0,32]],[[6999,8322],[-12,0],[0,32],[12,0],[0,-32]],[[7149,8354],[25,0],[0,-32]],[[7174,8322],[-25,0],[0,32]],[[7662,8354],[12,0],[0,-32],[-12,0],[0,32]],[[8374,8322],[-37,0]],[[8337,8322],[0,32],[37,0],[0,-32]],[[8737,8386],[25,0],[0,-32],[12,0],[0,-32],[-50,0],[0,32],[13,0],[0,32]],[[8962,8354],[0,-32]],[[8962,8322],[-13,0]],[[8949,8322],[0,32]],[[9149,8354],[25,0]],[[9174,8322],[-25,0]],[[9149,8322],[0,32]],[[9287,8322],[-13,0]],[[9274,8322],[0,32],[13,0],[0,-32]],[[9312,8354],[25,0],[0,-32],[-25,0]],[[9312,8322],[0,32]],[[9499,8419],[0,-65],[-37,0],[0,-32],[-25,0],[0,32]],[[9462,8386],[0,97]],[[9449,8483],[0,32]],[[9424,8451],[-12,0]],[[9412,8451],[0,32]],[[9399,8580],[13,0],[0,32],[25,0],[0,-32],[-13,0],[0,-32],[38,0],[0,32],[12,0],[0,-129],[38,0],[0,-32],[-13,0]],[[9612,8354],[0,-32]],[[9612,8322],[-13,0]],[[9599,8322],[0,32],[13,0]],[[9687,8322],[-13,0]],[[9674,8322],[0,32],[13,0],[0,-32]],[[9699,8354],[13,0]],[[9712,8354],[0,-32]],[[9712,8322],[-13,0]],[[9699,8322],[0,32]],[[9712,8354],[12,0]],[[9724,8354],[0,-32],[-12,0]],[[3525,8935],[-25,0],[0,32],[-13,0],[0,129],[-25,0],[0,64],[-25,0],[0,194],[-50,0],[0,64],[-87,0],[0,33],[-100,0],[0,-33],[-25,0],[0,33],[-13,0],[0,-33],[-50,0],[0,33],[-50,0],[0,32],[-37,0],[0,32],[-38,0],[0,65],[-12,0],[0,64],[62,0],[0,32],[138,0],[0,33],[-50,0],[0,64],[-38,0],[0,-32],[-37,0],[0,-32],[-75,0],[0,-33],[-38,0],[0,-64],[-25,0],[0,-32],[-62,0],[0,-33],[-13,0],[0,-32],[13,0],[0,-32],[-38,0],[0,-65],[-12,0],[0,-64],[-13,0]],[[2775,9386],[0,-64],[-63,0]],[[2675,9322],[-25,0],[0,-65]],[[2650,9257],[-38,0]],[[2612,9257],[0,32],[-25,0],[0,33]],[[2587,9322],[-25,0]],[[2600,9418],[25,0],[0,33],[-38,0]],[[2575,9451],[-25,0],[0,-33],[-13,0]],[[2487,9322],[13,0],[0,-65],[-25,0],[0,-32],[-38,0]],[[2437,9225],[0,32],[-37,0],[0,32],[-25,0]],[[2375,9322],[-38,0],[0,32],[-12,0]],[[2325,9386],[-25,0],[0,65]],[[2300,9451],[25,0],[0,32],[-25,0],[0,32],[12,0],[0,32],[-12,0],[0,33]],[[2300,9580],[-25,0],[0,32],[-13,0],[0,64],[50,0],[0,-32],[63,0],[0,-32]],[[2375,9515],[162,0]],[[2537,9547],[13,0],[0,-32]],[[2575,9580],[-50,0]],[[2512,9580],[-62,0]],[[2437,9580],[-12,0],[0,32],[-38,0],[0,64],[-37,0],[0,33],[-13,0],[0,32],[-12,0],[0,64],[25,0],[0,33],[87,0],[0,32],[38,0],[0,32],[137,0],[0,32],[50,0],[0,-32],[38,0],[0,32],[25,0],[0,33],[525,0],[0,-33],[62,0],[0,-32],[263,0],[0,32],[87,0],[0,33],[113,0],[0,32],[450,0],[0,-32],[137,0],[0,-65],[38,0],[0,-64],[37,0],[0,32],[13,0],[0,32],[37,0],[0,-32],[13,0],[0,32],[12,0],[0,-32],[138,0],[0,-65],[-113,0],[0,-64],[-12,0],[0,-32],[-50,0],[0,-65],[-50,0],[0,-32],[25,0],[0,-161],[12,0],[0,-33],[13,0],[0,-32],[-25,0],[0,-97],[-25,0],[0,-32],[-13,0],[0,-32],[-12,0],[0,-65],[-13,0],[0,-32],[13,0],[0,-97],[-13,0],[0,-32],[-50,0],[0,-32],[-12,0],[0,-32],[-100,0],[0,-33],[-13,0],[0,-32],[-125,0],[0,-32],[-12,0],[0,-32],[-13,0],[0,-65],[-50,0],[0,-32],[-112,0],[0,-65],[-38,0],[0,-129],[-25,0],[0,-96],[-12,0],[0,-65],[-13,0],[0,-65],[-75,0],[0,33],[-25,0],[0,32],[-62,0],[0,32],[-13,0],[0,33],[-25,0],[0,32],[-12,0],[0,64],[-25,0],[0,65],[-25,0],[0,64],[-13,0],[0,33],[-12,0],[0,32],[-25,0],[0,161],[12,0],[0,32],[13,0],[0,33]],[[3250,9870],[0,-32],[37,0],[0,32],[-37,0]],[[2512,9805],[-37,0],[0,33],[-25,0]],[[2725,9483],[0,-32],[12,0],[0,32],[-12,0]],[[2437,9451],[-50,0],[0,-33],[25,0],[0,-96],[38,0],[0,32],[-13,0],[0,32],[-12,0],[0,32]],[[3500,9160],[0,-64],[25,0],[0,64],[-25,0]],[[4312,9064],[0,32],[-12,0],[0,-32],[12,0]],[[4312,9064],[0,-33],[13,0],[0,33],[-13,0]],[[3525,8935],[50,0],[0,64],[-13,0],[0,-32],[-37,0],[0,-32]],[[762,8515],[13,0]],[[775,8515],[0,-64]],[[762,8354],[0,-32]],[[762,8322],[-25,0]],[[737,8322],[0,-33]],[[737,8289],[-12,0]],[[725,8289],[0,97],[-13,0],[0,65],[13,0],[0,32],[37,0],[0,32]],[[9037,8773],[37,0],[0,-32],[38,0],[0,-32]],[[9112,8709],[50,0]],[[9162,8677],[12,0]],[[9162,8612],[25,0]],[[9187,8580],[25,0]],[[9212,8580],[0,-32],[12,0],[0,-33],[25,0],[0,33],[50,0],[0,64],[13,0],[0,32],[25,0],[0,-64]],[[9337,8580],[25,0]],[[9362,8580],[0,-32]],[[9362,8548],[-13,0]],[[9337,8515],[0,-32]],[[9324,8483],[0,-64]],[[9374,8419],[-25,0]],[[9362,8386],[0,-32],[-50,0]],[[9312,8322],[-25,0]],[[9274,8322],[-62,0]],[[9212,8322],[0,-33]],[[9212,8289],[-13,0],[0,33]],[[9199,8322],[-12,0]],[[9174,8515],[-62,0]],[[9112,8548],[-25,0]],[[9087,8548],[0,64],[-25,0]],[[9062,8612],[0,65]],[[9062,8709],[0,32]],[[9062,8741],[-25,0],[0,32]],[[9274,8451],[0,-65]],[[9287,8386],[0,65]],[[5349,8419],[0,-130]],[[5349,8289],[-25,0],[0,33],[-12,0]],[[5299,8386],[13,0]],[[8487,8386],[0,-64],[25,0],[0,-33],[-38,0]],[[8474,8289],[0,65],[-12,0],[0,32],[25,0]],[[9587,8386],[50,0]],[[9637,8354],[25,0]],[[9662,8354],[0,-32]],[[9662,8322],[-25,0]],[[9637,8322],[0,-33]],[[9637,8289],[-25,0]],[[9612,8289],[0,65]],[[9599,8322],[-12,0],[0,64]],[[412,8354],[13,0]],[[425,8354],[0,-65],[-13,0]],[[412,8289],[0,65]],[[462,8354],[25,0]],[[487,8354],[0,-32],[-12,0],[0,-33]],[[475,8289],[-13,0]],[[462,8289],[0,65]],[[862,8354],[13,0]],[[875,8354],[0,-65]],[[875,8289],[-13,0]],[[862,8289],[0,65]],[[887,8354],[0,-65],[-12,0]],[[3087,8354],[38,0],[0,-32],[-13,0],[0,-33],[-25,0],[0,65]],[[4975,8289],[-25,0]],[[4950,8289],[0,65],[12,0],[0,32],[25,0],[0,-64],[-12,0],[0,-33]],[[5574,8322],[0,-33],[-37,0],[0,65],[25,0]],[[6974,8289],[-25,0],[0,65],[25,0],[0,-65]],[[8562,8354],[0,-32],[-25,0],[0,-33],[-13,0],[0,65],[38,0]],[[8899,8322],[0,-33],[-25,0]],[[8874,8289],[0,65]],[[350,8322],[12,0],[0,-33],[-12,0],[0,33]],[[437,8322],[13,0],[0,-33],[-13,0],[0,33]],[[550,8289],[0,33],[12,0],[0,32],[38,0],[0,-32],[-25,0],[0,-33],[-25,0]],[[737,8322],[13,0]],[[750,8322],[0,-33]],[[750,8289],[-13,0]],[[812,8483],[0,-32]],[[812,8451],[-12,0],[0,-32],[-13,0],[0,-33],[13,0],[0,-32],[-13,0],[0,-32],[-12,0]],[[775,8322],[0,-33],[-25,0]],[[750,8322],[12,0]],[[775,8354],[0,129]],[[862,8322],[0,-33]],[[862,8289],[-12,0]],[[850,8289],[0,33]],[[975,8322],[37,0]],[[1012,8322],[0,-33]],[[1012,8289],[-37,0],[0,33]],[[1025,8322],[12,0]],[[1037,8322],[0,-33]],[[1037,8289],[-12,0]],[[1025,8289],[0,33]],[[1037,8322],[13,0]],[[1050,8322],[0,-33]],[[1050,8289],[-13,0]],[[3200,8322],[0,-33],[-25,0]],[[3175,8289],[0,33],[25,0]],[[5212,8322],[25,0]],[[5237,8322],[0,-33],[-25,0]],[[5212,8289],[0,33]],[[5312,8322],[0,-33],[-13,0],[0,33]],[[5587,8322],[12,0],[0,-33]],[[5599,8289],[-12,0],[0,33]],[[5799,8322],[0,-33]],[[5799,8289],[-12,0],[0,33],[12,0]],[[6762,8354],[12,0]],[[6774,8354],[0,-65]],[[6774,8289],[-62,0],[0,33],[12,0],[0,32],[13,0],[0,-32],[25,0],[0,32]],[[6837,8322],[12,0],[0,-33],[-12,0],[0,33]],[[7324,8322],[13,0],[0,-33],[-13,0],[0,33]],[[7424,8322],[0,-33],[-12,0],[0,33],[12,0]],[[8074,8322],[0,-33],[-12,0],[0,33],[12,0]],[[8374,8322],[13,0],[0,-33],[-13,0],[0,33]],[[8699,8289],[0,33],[13,0],[0,-33],[-13,0]],[[8999,8322],[13,0],[0,-33],[-13,0],[0,33]],[[9312,8322],[0,-33]],[[9312,8289],[-25,0],[0,33]],[[9612,8322],[0,-33]],[[9612,8289],[-13,0],[0,33]],[[9637,8322],[12,0],[0,-33],[-12,0]],[[9849,8451],[25,0],[0,-32],[-37,0],[0,-33],[-25,0],[0,-32],[-38,0],[0,-32],[-25,0],[0,-33],[-37,0],[0,33]],[[9724,8354],[-25,0]],[[9699,8354],[0,65]],[[9699,8419],[-12,0],[0,-33],[-13,0],[0,65],[13,0],[0,32],[75,0],[0,-32],[75,0],[0,32],[12,0],[0,-32]],[[9724,8451],[0,-97]],[[9737,8354],[0,97]],[[387,8386],[100,0]],[[462,8354],[0,-97]],[[462,8257],[-37,0],[0,97]],[[425,8354],[-38,0],[0,32]],[[412,8289],[-25,0]],[[387,8289],[0,-32]],[[387,8257],[-25,0],[0,97],[50,0]],[[887,8354],[50,0]],[[937,8354],[0,-65],[-25,0],[0,-32],[-25,0],[0,97]],[[1050,8419],[50,0]],[[1100,8386],[37,0]],[[1162,8354],[0,-97]],[[1162,8257],[-25,0],[0,32],[-25,0],[0,-32]],[[1112,8257],[-25,0]],[[1087,8257],[0,32]],[[1087,8289],[-37,0]],[[1050,8322],[-25,0]],[[1025,8289],[-13,0]],[[1012,8322],[-25,0]],[[6424,8322],[0,-33],[-25,0],[0,-32],[-12,0],[0,65],[37,0]],[[6687,8322],[12,0],[0,-65],[-12,0],[0,65]],[[7262,8257],[0,65],[37,0],[0,-33],[-12,0],[0,-32],[-25,0]],[[8337,8322],[0,-33],[-13,0],[0,-32],[-12,0],[0,32],[-13,0],[0,33],[38,0]],[[8812,8322],[12,0],[0,-65],[-12,0],[0,65]],[[8862,8322],[0,-65],[-13,0]],[[8849,8257],[0,65],[13,0]],[[9099,8322],[13,0],[0,-65],[-13,0],[0,65]],[[387,8289],[13,0],[0,-32],[-13,0]],[[475,8289],[0,-32],[-13,0]],[[462,8257],[0,32]],[[500,8289],[0,-32],[-13,0]],[[487,8257],[0,32],[13,0]],[[825,8322],[25,0]],[[850,8289],[-13,0]],[[837,8289],[0,-32]],[[837,8257],[-25,0]],[[812,8257],[0,32],[13,0]],[[825,8289],[0,33]],[[837,8289],[25,0]],[[862,8289],[0,-32],[-25,0]],[[1087,8257],[-25,0],[0,32],[25,0]],[[2775,8322],[12,0],[0,-65],[-25,0],[0,32],[13,0],[0,33]],[[4912,8257],[0,32],[13,0],[0,-32],[-13,0]],[[4975,8289],[0,-32],[-25,0],[0,32]],[[5199,8289],[13,0]],[[5212,8289],[0,-32],[-13,0]],[[5199,8257],[0,32]],[[5662,8289],[12,0]],[[5674,8289],[0,-32],[-12,0]],[[5662,8257],[0,32]],[[5824,8289],[13,0],[0,-32],[-13,0],[0,32]],[[6187,8289],[12,0],[0,-32],[-12,0],[0,32]],[[6287,8289],[25,0],[0,-32],[-25,0],[0,32]],[[6774,8289],[13,0],[0,-32],[-13,0],[0,32]],[[6999,8289],[25,0],[0,-32],[-25,0],[0,32]],[[8699,8289],[0,-32],[-25,0],[0,32],[25,0]],[[9174,8322],[25,0]],[[9212,8289],[0,-32]],[[9212,8257],[-88,0]],[[9124,8257],[0,32],[50,0],[0,33]],[[9462,8289],[0,-32]],[[9462,8257],[-13,0]],[[9449,8257],[0,32],[13,0]],[[9462,8289],[12,0],[0,-32]],[[9474,8257],[-12,0]],[[9537,8289],[12,0],[0,-32],[-12,0]],[[9537,8257],[0,32]],[[9587,8289],[0,-32]],[[9587,8257],[-13,0],[0,32],[13,0]],[[9612,8289],[12,0],[0,-32],[-12,0],[0,32]],[[5137,8354],[50,0]],[[5187,8354],[0,-32],[-13,0],[0,-33],[13,0]],[[5187,8289],[0,-32]],[[5187,8257],[-13,0],[0,-32]],[[5174,8225],[-12,0]],[[5162,8225],[0,32],[-25,0]],[[5137,8257],[0,97]],[[825,8515],[12,0]],[[837,8483],[13,0]],[[850,8451],[12,0]],[[862,8451],[0,-65]],[[850,8386],[0,-64]],[[825,8322],[0,32]],[[825,8354],[12,0],[0,32],[-25,0],[0,-64],[-12,0],[0,-65],[-13,0],[0,-32]],[[787,8225],[-12,0]],[[775,8225],[0,97]],[[5212,8483],[50,0]],[[5262,8483],[0,-32]],[[5249,8419],[-12,0]],[[5237,8386],[-13,0]],[[5224,8386],[0,-32],[-12,0]],[[5212,8354],[0,-65]],[[5199,8289],[0,-64]],[[5199,8225],[-12,0]],[[5187,8225],[0,64]],[[1162,8257],[0,-32]],[[1162,8225],[-37,0],[0,32],[-13,0]],[[1900,8289],[12,0],[0,-64],[-12,0],[0,64]],[[1750,9354],[0,-32],[37,0],[0,-65]],[[1787,9257],[38,0]],[[1825,9225],[87,0],[0,-32]],[[2050,9289],[12,0],[0,-64]],[[2062,9225],[25,0],[0,-32],[13,0],[0,-97],[37,0]],[[2137,9064],[50,0]],[[2187,9031],[13,0],[0,-64]],[[2200,8967],[50,0],[0,32],[12,0],[0,32],[38,0],[0,-32],[12,0],[0,129],[-100,0],[0,32],[-25,0]],[[2250,9322],[62,0],[0,-33]],[[2300,9257],[25,0],[0,-97],[25,0],[0,33],[-13,0],[0,32]],[[2437,9225],[13,0],[0,-32],[-38,0],[0,-65],[13,0],[0,-32],[12,0],[0,-32],[13,0]],[[2450,8999],[50,0],[0,-32]],[[2500,8967],[62,0],[0,-97],[25,0],[0,32],[25,0],[0,97],[-37,0],[0,32],[-38,0],[0,33],[-25,0],[0,32],[-25,0],[0,97],[13,0],[0,32],[12,0],[0,32],[13,0],[0,32],[50,0],[0,33],[12,0]],[[2650,9257],[0,32],[25,0]],[[2712,9289],[38,0]],[[3200,8709],[0,-32],[-25,0],[0,32],[-13,0],[0,32],[-25,0],[0,-32],[13,0],[0,-32],[12,0]],[[3175,8419],[-50,0],[0,32],[-63,0],[0,32],[-12,0],[0,-32],[-13,0],[0,32],[-12,0],[0,32],[-25,0],[0,33],[-25,0],[0,32],[-38,0],[0,32],[-37,0],[0,-32],[-25,0],[0,-65],[-13,0],[0,-32],[63,0],[0,32],[25,0],[0,-32],[37,0],[0,-32],[25,0],[0,-32],[13,0],[0,-33],[50,0],[0,-97]],[[3075,8289],[-25,0],[0,-32],[-38,0],[0,-32],[-25,0],[0,64],[-12,0],[0,-32],[-38,0],[0,-32],[-75,0],[0,32],[-37,0]],[[2825,8257],[0,32],[12,0],[0,65],[-12,0]],[[2825,8386],[12,0],[0,33],[-12,0],[0,64],[12,0],[0,32],[-25,0],[0,65],[13,0],[0,97],[12,0],[0,32],[100,0]],[[2937,8773],[25,0]],[[2962,8806],[25,0]],[[2987,8838],[-75,0],[0,-32],[-62,0],[0,96],[12,0],[0,33],[-12,0],[0,64],[-13,0],[0,-32],[-12,0],[0,-65],[-13,0],[0,-32],[-12,0],[0,32],[-13,0],[0,65],[-37,0]],[[2750,8967],[0,-65],[-25,0],[0,-32],[25,0],[0,-64],[-13,0],[0,-33],[-25,0],[0,-32],[-25,0],[0,-64],[-12,0]],[[2675,8644],[62,0],[0,-32],[38,0],[0,-64],[-13,0],[0,-33],[-25,0],[0,-32],[-12,0],[0,-32],[-63,0],[0,64]],[[2662,8515],[-50,0],[0,33],[-37,0],[0,64]],[[2575,8612],[-13,0],[0,-32],[-62,0],[0,-32],[-13,0],[0,-65],[-37,0],[0,-32],[-25,0],[0,-32],[-25,0],[0,-65],[-13,0],[0,65]],[[2387,8419],[-12,0],[0,64],[-13,0],[0,97],[-75,0],[0,32],[-62,0],[0,-32],[12,0],[0,-32],[13,0],[0,-33],[-100,0],[0,-32],[12,0],[0,-32],[25,0],[0,-32],[38,0],[0,-33],[25,0],[0,-32],[12,0],[0,-65],[-12,0],[0,33],[-13,0],[0,-33],[-25,0],[0,33],[-50,0],[0,32],[-12,0],[0,32],[-38,0],[0,33],[-50,0],[0,32],[-25,0],[0,32],[-25,0],[0,65],[13,0],[0,32],[-25,0],[0,64],[12,0],[0,33],[-25,0],[0,-33],[-12,0],[0,33],[-25,0],[0,-33],[-25,0],[0,65],[-63,0],[0,32],[-25,0],[0,32],[-37,0],[0,33],[-63,0],[0,-33],[-12,0]],[[1725,8773],[0,-32],[-25,0],[0,-32],[-13,0],[0,32]],[[1687,8741],[-37,0],[0,32],[-63,0]],[[1587,8773],[0,65],[-12,0],[0,-32],[-13,0],[0,64],[-37,0],[0,-32],[-25,0]],[[1487,8870],[0,32],[-25,0],[0,-32],[-12,0],[0,65],[37,0],[0,32],[-12,0],[0,64]],[[1475,9031],[12,0],[0,-32],[25,0],[0,32],[50,0],[0,-32],[13,0],[0,32],[62,0],[0,-32],[63,0],[0,-32],[37,0],[0,64],[-12,0],[0,33],[-25,0],[0,32],[12,0],[0,32],[-25,0],[0,32],[-25,0],[0,-64],[-62,0],[0,-32],[-25,0],[0,32],[-25,0],[0,32],[-25,0],[0,32],[-13,0],[0,65],[25,0],[0,129],[213,0]],[[2750,8967],[0,32],[-25,0],[0,-32],[25,0]],[[2200,8967],[-13,0],[0,-65],[-50,0],[0,-32],[100,0],[0,65],[-12,0],[0,-33],[-25,0],[0,65]],[[1837,8902],[0,-32],[88,0],[0,32],[-88,0]],[[1950,8902],[0,-32],[12,0],[0,32],[-12,0]],[[2587,8644],[13,0],[0,33],[-13,0],[0,-33]],[[2575,8612],[12,0],[0,32]],[[2587,8644],[-12,0],[0,-32]],[[2662,8515],[50,0],[0,33],[-12,0],[0,32],[-13,0],[0,-32],[-25,0],[0,-33]],[[5662,8257],[-13,0],[0,-32],[-12,0],[0,32]],[[5637,8257],[-13,0],[0,32],[38,0]],[[6662,9031],[25,0],[0,-32],[37,0]],[[6737,8999],[62,0],[0,-32],[38,0],[0,-32],[50,0]],[[6887,8935],[0,-65]],[[6849,8838],[0,64]],[[6824,8902],[0,-32]],[[6737,8709],[-38,0]],[[6699,8677],[13,0]],[[6712,8677],[0,-33],[-25,0]],[[6687,8644],[0,-32],[-13,0],[0,-32],[-12,0],[0,-32],[25,0],[0,32],[12,0],[0,-32],[63,0],[0,32],[37,0],[0,-32],[-12,0],[0,-65],[25,0],[0,-32],[-113,0],[0,-32],[25,0],[0,-33],[-50,0],[0,33],[-12,0],[0,-97],[-13,0],[0,-97],[-12,0],[0,32],[-13,0],[0,32],[13,0],[0,33],[-13,0],[0,32],[-12,0],[0,65],[-25,0],[0,32],[-13,0]],[[6549,8451],[-25,0],[0,32],[-37,0],[0,-32],[-75,0],[0,32],[-25,0],[0,65],[-13,0],[0,32],[-50,0],[0,-65],[50,0],[0,-64],[-12,0],[0,32],[-13,0],[0,-32],[-12,0],[0,-32],[-38,0],[0,129],[-37,0]],[[6262,8548],[0,32],[-13,0],[0,64],[-12,0],[0,129],[100,0],[0,65],[12,0],[0,32]],[[6349,8870],[13,0]],[[6387,8902],[37,0],[0,33],[13,0],[0,-33],[12,0],[0,33],[50,0],[0,-33],[38,0]],[[6537,8935],[112,0],[0,-33],[13,0],[0,33],[12,0],[0,32],[-25,0],[0,32],[13,0]],[[6912,8225],[-25,0],[0,64],[25,0],[0,-64]],[[7437,8289],[50,0],[0,-32],[-13,0],[0,-32],[-12,0],[0,32],[-25,0],[0,32]],[[8974,8257],[13,0]],[[8987,8257],[0,-32]],[[8987,8225],[-25,0]],[[8962,8225],[0,64],[12,0],[0,-32]],[[587,8257],[13,0],[0,-32],[-13,0],[0,32]],[[825,8354],[0,-65]],[[812,8257],[13,0],[0,-32],[-38,0]],[[1162,8257],[38,0]],[[1200,8257],[0,-32]],[[1200,8225],[-38,0]],[[1275,8257],[12,0]],[[1287,8257],[0,-32]],[[1287,8225],[-12,0],[0,32]],[[2825,8257],[0,-32],[-13,0]],[[2812,8225],[0,32],[13,0]],[[3075,8225],[0,32],[12,0],[0,-32],[-12,0]],[[5162,8225],[-25,0],[0,32]],[[5187,8257],[0,-32]],[[5187,8225],[-13,0]],[[5299,8257],[0,-32],[-12,0]],[[5287,8225],[0,32],[12,0]],[[5674,8289],[38,0]],[[5712,8289],[0,-64],[-50,0],[0,32]],[[5999,8257],[38,0],[0,-32],[-38,0],[0,32]],[[6237,8257],[12,0],[0,-32],[-12,0],[0,32]],[[7099,8257],[13,0],[0,-32],[-13,0],[0,32]],[[7624,8257],[13,0],[0,-32],[-13,0],[0,32]],[[8849,8257],[0,-32]],[[8849,8225],[-12,0],[0,32],[12,0]],[[8987,8257],[12,0]],[[8999,8257],[0,-32]],[[8999,8225],[-12,0]],[[8999,8257],[38,0]],[[9037,8257],[0,-32]],[[9037,8225],[-38,0]],[[9437,8257],[0,-32]],[[9437,8225],[-13,0],[0,32],[13,0]],[[9437,8257],[12,0]],[[9449,8257],[0,-32]],[[9449,8225],[-12,0]],[[9474,8257],[0,-32],[-12,0]],[[9462,8225],[0,32]],[[9537,8257],[0,-32]],[[9537,8225],[-13,0]],[[9524,8225],[0,32],[13,0]],[[1162,8354],[25,0],[0,-65],[13,0],[0,33]],[[1200,8322],[50,0]],[[1250,8322],[0,-33],[12,0],[0,-32]],[[1262,8257],[-12,0]],[[1250,8257],[0,-32],[12,0],[0,-32]],[[1262,8193],[-25,0]],[[1237,8193],[0,64]],[[1237,8257],[-75,0]],[[5399,8322],[38,0]],[[5437,8322],[0,-97],[-25,0],[0,-32],[-13,0],[0,129]],[[8637,8193],[-13,0]],[[8624,8193],[0,64],[-25,0],[0,65],[13,0],[0,64],[-25,0],[0,-32],[-25,0]],[[8562,8354],[0,32],[-75,0]],[[8487,8386],[0,33],[12,0],[0,64],[25,0],[0,32]],[[8524,8515],[13,0],[0,-32],[25,0],[0,65]],[[8562,8548],[37,0],[0,32],[138,0],[0,-32],[25,0],[0,-65],[-38,0],[0,-64],[-25,0],[0,-33],[-12,0],[0,33],[-25,0],[0,-65],[-13,0],[0,32],[-25,0],[0,-32],[13,0],[0,-32],[12,0],[0,-65],[13,0],[0,-32],[-25,0],[0,-32]],[[5749,8289],[25,0]],[[5774,8289],[0,-64]],[[5774,8225],[-12,0],[0,-32]],[[5762,8193],[-13,0]],[[5749,8193],[0,96]],[[1250,8257],[25,0]],[[1287,8225],[0,-32]],[[1287,8193],[-25,0]],[[1687,8257],[13,0],[0,-64],[-13,0],[0,64]],[[4912,8257],[0,-64]],[[4912,8193],[-12,0]],[[4900,8193],[0,64],[12,0]],[[5224,8386],[63,0]],[[5299,8322],[-37,0],[0,-97],[-25,0],[0,-32],[-25,0],[0,32],[-13,0]],[[5199,8225],[0,32]],[[5212,8322],[0,32]],[[6562,8257],[12,0],[0,-64],[-12,0],[0,64]],[[7187,8257],[12,0],[0,-64],[-12,0],[0,64]],[[9212,8322],[75,0]],[[9312,8289],[0,-64],[-75,0]],[[9237,8225],[0,-32]],[[9237,8193],[-38,0],[0,32],[-12,0],[0,32],[25,0]],[[9212,8257],[0,65]],[[9537,8257],[50,0]],[[9587,8257],[0,-64],[-50,0]],[[9537,8193],[0,64]],[[550,8289],[0,-32],[-13,0],[0,-32],[-12,0],[0,-32]],[[525,8193],[-25,0],[0,32],[12,0]],[[512,8225],[0,64],[38,0]],[[612,8193],[0,32],[13,0],[0,-32],[-13,0]],[[1162,8225],[13,0]],[[1175,8225],[0,-32]],[[1175,8193],[-13,0],[0,32]],[[1925,8193],[0,32],[12,0],[0,-32],[-12,0]],[[2412,8225],[13,0],[0,-32]],[[2425,8193],[-13,0],[0,32]],[[3100,8225],[12,0]],[[3112,8225],[0,-32],[-12,0],[0,32]],[[4862,8225],[0,-32],[-12,0]],[[4850,8193],[0,32],[12,0]],[[4887,8225],[13,0],[0,-32]],[[4900,8193],[-13,0]],[[4887,8193],[0,32]],[[5162,8225],[0,-32]],[[5162,8193],[-13,0]],[[5149,8193],[0,32],[13,0]],[[5199,8225],[0,-32]],[[5199,8193],[-12,0],[0,32]],[[5287,8225],[0,-32],[-13,0]],[[5274,8193],[0,32],[13,0]],[[5324,8225],[13,0],[0,-32],[-13,0],[0,32]],[[5349,8225],[13,0],[0,-32],[-13,0],[0,32]],[[5774,8225],[0,-32]],[[5774,8193],[-12,0]],[[6062,8193],[-13,0],[0,32],[13,0],[0,-32]],[[7162,8225],[12,0],[0,-32],[-12,0],[0,32]],[[8099,8225],[13,0],[0,-32],[-13,0],[0,32]],[[8937,8225],[12,0],[0,-32],[-12,0]],[[8937,8193],[0,32]],[[9237,8225],[12,0],[0,-32],[-12,0]],[[9462,8257],[0,-64]],[[9462,8193],[-50,0],[0,32],[37,0]],[[9537,8225],[0,-32]],[[9537,8193],[-13,0]],[[9524,8193],[0,32]],[[1200,8257],[37,0]],[[1237,8193],[-25,0],[0,-33]],[[1212,8160],[-25,0]],[[1187,8160],[0,33],[-12,0]],[[1175,8225],[25,0]],[[5162,8225],[25,0]],[[5199,8193],[0,-33]],[[5199,8160],[-37,0]],[[5162,8160],[0,65]],[[6749,8225],[38,0],[0,-65],[-13,0],[0,33],[-25,0],[0,32]],[[8474,8289],[0,-32],[-12,0],[0,-32],[-13,0],[0,-32],[-25,0],[0,-33],[-12,0]],[[8412,8160],[0,65],[12,0],[0,32],[13,0],[0,32],[37,0]],[[8849,8225],[13,0]],[[8862,8225],[0,-65]],[[8862,8160],[-13,0]],[[8849,8160],[0,65]],[[687,8193],[25,0],[0,-33],[-25,0],[0,33]],[[775,8193],[12,0],[0,-33],[-12,0],[0,33]],[[1187,8160],[-12,0],[0,33]],[[1237,8193],[0,-33],[-25,0]],[[1250,8193],[12,0]],[[1262,8193],[0,-33]],[[1262,8160],[-12,0]],[[1250,8160],[0,33]],[[1262,8193],[13,0]],[[1275,8193],[0,-33]],[[1275,8160],[-13,0]],[[1762,8193],[25,0],[0,-33],[-25,0],[0,33]],[[5162,8193],[0,-33]],[[5162,8160],[-13,0],[0,33]],[[5299,8193],[13,0]],[[5312,8193],[0,-33],[-13,0]],[[5299,8160],[0,33]],[[5749,8193],[0,-33],[-25,0],[0,33],[25,0]],[[6062,8193],[12,0]],[[6074,8193],[0,-33]],[[6074,8160],[-12,0]],[[6062,8160],[0,33]],[[6837,8193],[12,0],[0,-33],[-12,0],[0,33]],[[8237,8193],[12,0],[0,-33],[-12,0],[0,33]],[[8299,8193],[13,0]],[[8312,8193],[0,-33]],[[8312,8160],[-13,0],[0,33]],[[8362,8160],[-13,0]],[[8349,8160],[0,33],[13,0],[0,-33]],[[8474,8193],[13,0],[0,-33],[-13,0]],[[8474,8160],[0,33]],[[8587,8193],[12,0]],[[8599,8193],[0,-33]],[[8599,8160],[-12,0]],[[8587,8160],[0,33]],[[8599,8193],[25,0]],[[8624,8193],[0,-33]],[[8624,8160],[-25,0]],[[8912,8193],[12,0],[0,-33],[-12,0],[0,33]],[[3250,8193],[0,-65],[-38,0],[0,32],[-12,0],[0,33],[-13,0],[0,64]],[[3187,8257],[-12,0],[0,32]],[[3200,8322],[-13,0],[0,32],[25,0],[0,-32],[13,0],[0,-33],[12,0],[0,-32],[13,0],[0,-32],[12,0],[0,-32],[-12,0]],[[1512,8225],[13,0],[0,-32],[12,0],[0,-33],[13,0],[0,-32],[-25,0],[0,32],[-13,0],[0,65]],[[9499,8225],[25,0]],[[9524,8193],[-12,0],[0,-65]],[[9512,8128],[-13,0]],[[9499,8128],[0,97]],[[1287,8225],[13,0],[0,-32],[25,0],[0,-33]],[[1325,8160],[-25,0],[0,-32]],[[1300,8128],[-13,0],[0,32]],[[1287,8160],[-12,0]],[[1275,8193],[12,0]],[[4825,8193],[25,0]],[[4850,8193],[0,-33],[-13,0],[0,-32],[-12,0],[0,65]],[[8549,8193],[25,0],[0,-33],[-12,0],[0,-32]],[[8562,8128],[-13,0]],[[8549,8128],[0,65]],[[8662,8193],[12,0],[0,-33],[13,0],[0,-32]],[[8687,8128],[-25,0]],[[8662,8128],[0,65]],[[1212,8160],[0,-32]],[[1212,8128],[-12,0],[0,32],[12,0]],[[1325,8160],[0,-32]],[[1325,8128],[-25,0]],[[1462,8160],[13,0],[0,-32],[-13,0],[0,32]],[[2912,8160],[13,0],[0,-32],[-13,0],[0,32]],[[3262,8160],[25,0],[0,-32]],[[3287,8128],[-25,0],[0,32]],[[5199,8160],[0,-32]],[[5199,8128],[-25,0],[0,32],[25,0]],[[5212,8160],[12,0],[0,-32]],[[5224,8128],[-12,0]],[[5212,8128],[0,32]],[[5299,8160],[0,-32]],[[5299,8128],[-25,0],[0,32],[25,0]],[[6074,8160],[0,-32]],[[6074,8128],[-12,0]],[[6062,8128],[0,32]],[[6087,8160],[37,0],[0,-32],[-37,0],[0,32]],[[7624,8160],[13,0],[0,-32],[-13,0],[0,32]],[[8187,8160],[12,0],[0,-32],[-12,0],[0,32]],[[8224,8160],[0,-32]],[[8224,8128],[-12,0]],[[8212,8128],[0,32],[12,0]],[[8312,8160],[25,0]],[[8337,8160],[0,-32]],[[8337,8128],[-25,0]],[[8312,8128],[0,32]],[[8337,8160],[12,0]],[[8349,8160],[0,-32],[-12,0]],[[8362,8160],[12,0],[0,-32]],[[8374,8128],[-12,0],[0,32]],[[8474,8160],[0,-32]],[[8474,8128],[-25,0]],[[8449,8128],[0,32],[25,0]],[[8474,8225],[38,0],[0,-32],[12,0],[0,-33]],[[8524,8160],[-12,0],[0,-32]],[[8512,8128],[-38,0]],[[8474,8193],[0,32]],[[8524,8160],[0,-32]],[[8524,8128],[-12,0]],[[8537,8160],[12,0]],[[8549,8160],[0,-32]],[[8549,8128],[-12,0]],[[8537,8128],[0,32]],[[9437,8160],[12,0]],[[9449,8160],[0,-32]],[[9449,8128],[-12,0]],[[9437,8128],[0,32]],[[775,8193],[0,-97],[-13,0]],[[762,8096],[0,64]],[[762,8160],[-25,0],[0,33],[38,0]],[[7649,8193],[13,0],[0,-33],[12,0],[0,-64],[-12,0],[0,32],[-13,0],[0,65]],[[8412,8160],[0,-64],[-13,0]],[[8399,8096],[0,32]],[[8399,8128],[-12,0]],[[8387,8128],[0,32],[25,0]],[[8624,8193],[25,0]],[[8649,8193],[0,-33],[13,0]],[[8662,8160],[0,-32]],[[8662,8128],[-13,0]],[[8649,8128],[0,-32]],[[8649,8096],[-12,0],[0,32]],[[8637,8128],[-25,0]],[[8612,8128],[0,32]],[[8612,8160],[12,0]],[[1300,8128],[12,0]],[[1312,8128],[0,-32]],[[1312,8096],[-12,0]],[[1300,8096],[0,32]],[[3287,8128],[13,0],[0,-32]],[[3300,8096],[-13,0],[0,32]],[[4850,8128],[12,0],[0,-32],[-12,0],[0,32]],[[4950,8128],[12,0],[0,-32],[-12,0],[0,32]],[[5224,8128],[13,0]],[[5237,8128],[0,-32]],[[5237,8096],[-13,0]],[[5224,8096],[0,32]],[[5299,8128],[13,0]],[[5312,8128],[0,-32],[-13,0]],[[5299,8096],[0,32]],[[5474,8128],[13,0],[0,-32],[-13,0],[0,32]],[[5537,8128],[0,-32],[-13,0]],[[5524,8096],[0,32],[13,0]],[[5674,8096],[-12,0],[0,32],[12,0],[0,-32]],[[5849,8128],[13,0],[0,-32],[-13,0],[0,32]],[[6149,8128],[38,0],[0,-32],[-38,0],[0,32]],[[7212,8128],[12,0],[0,-32],[-12,0],[0,32]],[[7349,8128],[25,0],[0,-32],[-25,0],[0,32]],[[7724,8128],[13,0],[0,-32],[-13,0],[0,32]],[[7762,8096],[0,32],[12,0],[0,-32],[-12,0]],[[8337,8128],[0,-32]],[[8337,8096],[-25,0]],[[8312,8096],[0,32]],[[8374,8128],[13,0]],[[8387,8128],[0,-32],[-13,0],[0,32]],[[8562,8128],[25,0]],[[8587,8128],[0,-32]],[[8587,8096],[-25,0]],[[8562,8096],[0,32]],[[8587,8128],[12,0]],[[8599,8128],[0,-32]],[[8599,8096],[-12,0]],[[8687,8128],[12,0]],[[8699,8128],[0,-32]],[[8699,8096],[-12,0],[0,32]],[[9399,8193],[50,0]],[[9449,8193],[0,-33]],[[9437,8160],[0,-96]],[[9437,8064],[-38,0]],[[9399,8064],[0,129]],[[5524,8096],[-12,0],[0,-32]],[[5512,8064],[-13,0],[0,96],[38,0],[0,-32]],[[1312,8128],[13,0]],[[1325,8128],[0,-64]],[[1325,8064],[-13,0]],[[1312,8064],[0,64]],[[4875,8128],[50,0]],[[4925,8128],[0,-64]],[[4925,8064],[-13,0]],[[4912,8064],[0,32],[-37,0],[0,32]],[[5237,8128],[12,0]],[[5249,8128],[0,-64],[-12,0]],[[5237,8064],[0,64]],[[6574,8128],[13,0],[0,-64],[-13,0],[0,64]],[[8149,8128],[0,-64]],[[8149,8064],[-25,0]],[[8124,8064],[0,32],[-12,0],[0,32],[37,0]],[[8699,8128],[25,0]],[[8724,8128],[0,-64],[-25,0]],[[8699,8064],[0,64]],[[9537,8322],[0,-65]],[[9499,8225],[0,-32]],[[9499,8193],[-12,0],[0,-33],[-13,0],[0,-32],[-12,0],[0,-32]],[[9462,8096],[-13,0],[0,-32]],[[9449,8064],[-12,0]],[[9437,8064],[0,64]],[[9449,8128],[0,65]],[[9449,8193],[13,0]],[[9462,8193],[0,32]],[[9474,8257],[13,0],[0,32],[37,0],[0,33],[13,0]],[[1250,8096],[12,0]],[[1262,8096],[0,-32]],[[1262,8064],[-12,0],[0,32]],[[1312,8096],[0,-32]],[[1312,8064],[-12,0]],[[1300,8064],[0,32]],[[1325,8096],[12,0]],[[1337,8096],[0,-32]],[[1337,8064],[-12,0]],[[1325,8064],[0,32]],[[1350,8096],[12,0],[0,-32],[-12,0],[0,32]],[[1450,8096],[12,0],[0,-32],[-12,0],[0,32]],[[1725,8096],[12,0],[0,-32],[-12,0],[0,32]],[[2800,8064],[-25,0]],[[2775,8064],[0,32],[25,0],[0,-32]],[[5299,8096],[0,-32],[-12,0]],[[5287,8064],[0,32],[12,0]],[[5524,8096],[0,-32],[-12,0]],[[7162,8096],[25,0]],[[7187,8096],[0,-32]],[[7187,8064],[-25,0]],[[7162,8064],[0,32]],[[7762,8096],[0,-32],[-13,0],[0,32],[13,0]],[[8062,8096],[25,0],[0,-32]],[[8087,8064],[-25,0]],[[8062,8064],[0,32]],[[8149,8096],[13,0]],[[8162,8096],[0,-32]],[[8162,8064],[-13,0]],[[8149,8064],[0,32]],[[8199,8096],[13,0]],[[8212,8096],[0,-32]],[[8212,8064],[-13,0]],[[8199,8064],[0,32]],[[8212,8096],[50,0]],[[8262,8096],[0,-32]],[[8262,8064],[-50,0]],[[8274,8193],[25,0]],[[8312,8160],[0,-96]],[[8312,8064],[-38,0],[0,32],[25,0],[0,32],[-37,0],[0,32],[12,0],[0,33]],[[9462,8096],[0,-32],[-13,0]],[[9499,8096],[13,0]],[[9512,8096],[0,-32],[-13,0]],[[9499,8064],[0,32]],[[9399,8193],[0,-162]],[[9399,8031],[-12,0]],[[9387,8031],[0,97]],[[9387,8128],[-13,0],[0,32]],[[9374,8160],[13,0],[0,33],[12,0]],[[1212,8128],[25,0],[0,-32]],[[1237,8096],[13,0]],[[1262,8064],[0,-33]],[[1262,8031],[-25,0],[0,33],[-12,0],[0,32],[-13,0],[0,32]],[[4825,8096],[0,-65],[-13,0]],[[4812,8031],[0,65],[13,0]],[[5699,8096],[0,-32],[-12,0],[0,-33],[-25,0],[0,33],[-13,0]],[[5649,8064],[0,32],[50,0]],[[7499,8128],[0,-64]],[[7499,8064],[-25,0]],[[7474,8064],[0,-33]],[[7474,8031],[-12,0]],[[7462,8031],[0,33],[-13,0],[0,-33]],[[7449,8031],[-12,0]],[[7437,8031],[0,33]],[[7437,8064],[-13,0]],[[7424,8064],[0,32],[13,0],[0,32],[-25,0],[0,32],[-25,0],[0,33],[37,0],[0,32],[13,0],[0,-32],[75,0],[0,32],[12,0],[0,-32],[13,0],[0,-65],[-38,0]],[[7599,8096],[13,0],[0,-32],[12,0],[0,-33],[-25,0],[0,65]],[[8524,8160],[13,0]],[[8537,8128],[25,0]],[[8562,8096],[-25,0],[0,-32],[12,0],[0,-33],[-25,0],[0,33],[-50,0]],[[8474,8064],[0,32],[25,0],[0,32]],[[8499,8128],[25,0]],[[8912,8225],[0,-97],[-25,0],[0,-32],[-25,0],[0,-32],[-13,0],[0,-33],[-12,0],[0,33]],[[8837,8064],[-13,0],[0,-33],[-25,0]],[[8799,8031],[0,65],[25,0],[0,32],[25,0]],[[8849,8128],[0,32]],[[8862,8160],[0,33]],[[8862,8193],[25,0],[0,32],[25,0]],[[9337,8096],[0,-65],[-13,0]],[[9324,8031],[0,65],[13,0]],[[1337,8064],[0,-33]],[[1337,8031],[-12,0]],[[1325,8031],[0,33]],[[5337,8064],[12,0]],[[5349,8064],[0,-33]],[[5349,8031],[-12,0],[0,33]],[[5649,8064],[0,-33],[-12,0],[0,33],[12,0]],[[7212,8031],[0,33],[12,0],[0,-33],[-12,0]],[[7262,8064],[12,0]],[[7274,8064],[0,-33]],[[7274,8031],[-12,0]],[[7262,8031],[0,33]],[[7412,8064],[25,0]],[[7437,8031],[-25,0],[0,33]],[[7462,8031],[-13,0]],[[7474,8064],[13,0]],[[7487,8064],[0,-33]],[[7487,8031],[-13,0]],[[7549,8096],[25,0],[0,-32],[-12,0],[0,-33],[-25,0],[0,33],[12,0],[0,32]],[[8074,8064],[25,0]],[[8099,8064],[0,-33],[-25,0]],[[8074,8031],[0,33]],[[8137,8064],[25,0]],[[8162,8064],[0,-33]],[[8162,8031],[-25,0]],[[8137,8031],[0,33]],[[8474,8064],[0,-33],[-12,0],[0,33],[12,0]],[[9449,8064],[0,-33]],[[9449,8031],[-12,0]],[[9437,8031],[0,33]],[[8062,8096],[-13,0],[0,-97]],[[8049,7999],[-12,0]],[[8037,7999],[0,32],[-13,0]],[[8024,8031],[0,65]],[[8024,8096],[13,0],[0,32],[25,0],[0,-32]],[[8062,8064],[12,0]],[[8074,8031],[-12,0]],[[8062,8031],[0,-32]],[[8062,7999],[-13,0]],[[8599,8128],[38,0]],[[8649,8096],[0,-32]],[[8649,8064],[-50,0],[0,-65],[-12,0],[0,32],[-13,0],[0,33],[-12,0],[0,32]],[[8562,8096],[37,0]],[[2800,8064],[0,-65]],[[2800,7999],[-25,0],[0,65]],[[2800,8064],[12,0]],[[2812,8064],[0,-65]],[[2812,7999],[-12,0]],[[2812,8064],[13,0],[0,-65],[-13,0]],[[4912,8257],[25,0],[0,-32],[-12,0],[0,-65],[25,0],[0,-96],[-13,0],[0,-33],[-12,0]],[[4925,8031],[0,-32],[-25,0],[0,65]],[[4900,8064],[25,0]],[[4925,8128],[-38,0]],[[4887,8128],[0,32],[25,0]],[[4912,8160],[0,97]],[[5462,8064],[0,-65],[-13,0]],[[5449,7999],[0,65],[13,0]],[[7137,8064],[50,0]],[[7187,8064],[0,-33]],[[7187,8031],[-25,0]],[[7162,8031],[0,-32],[-13,0],[0,32],[-12,0],[0,33]],[[7274,7999],[0,65]],[[7274,8064],[13,0]],[[7287,8064],[0,64],[25,0],[0,-97],[-25,0],[0,-32],[-13,0]],[[9462,8096],[25,0],[0,-65],[-13,0]],[[9474,8031],[0,-32]],[[9474,7999],[-12,0],[0,32],[-13,0]],[[9512,8096],[12,0]],[[9524,8096],[0,-97]],[[9524,7999],[-25,0],[0,65]],[[1237,8193],[13,0]],[[1250,8160],[37,0]],[[1300,8128],[0,-64]],[[1300,8064],[25,0]],[[1325,8031],[-38,0],[0,-32]],[[1287,7999],[-37,0],[0,32],[12,0]],[[1262,8031],[0,65]],[[1262,8096],[-25,0]],[[1400,8031],[0,-32]],[[1400,7999],[-13,0],[0,32],[13,0]],[[1900,8031],[0,-32],[-13,0],[0,32],[13,0]],[[5287,8031],[12,0]],[[5299,8031],[0,-32]],[[5299,7999],[-12,0]],[[5287,7999],[0,32]],[[5299,8031],[13,0]],[[5312,8031],[0,-32]],[[5312,7999],[-13,0]],[[5312,8031],[12,0]],[[5324,8031],[0,-32]],[[5324,7999],[-12,0]],[[6224,8031],[-12,0],[0,-32],[-25,0],[0,32],[12,0],[0,33],[25,0],[0,-33]],[[6224,8031],[13,0],[0,-32],[-13,0],[0,32]],[[6649,8031],[13,0],[0,-32],[-13,0],[0,32]],[[6724,7999],[-37,0]],[[6687,7999],[0,32],[37,0],[0,-32]],[[7199,8031],[13,0]],[[7212,8031],[0,-32]],[[7212,7999],[-13,0]],[[7199,7999],[0,32]],[[7262,8096],[0,-65]],[[7262,8031],[-13,0],[0,-32]],[[7249,7999],[-37,0]],[[7212,8031],[-25,0]],[[7187,8031],[0,65]],[[7187,8096],[12,0]],[[7199,8096],[0,32],[-12,0],[0,32],[25,0],[0,33],[12,0],[0,32],[13,0],[0,-97],[25,0],[0,32],[12,0],[0,-64],[-12,0]],[[7274,8031],[0,-32]],[[7274,7999],[-12,0],[0,32]],[[8137,8031],[0,-32]],[[8137,7999],[-13,0]],[[8124,7999],[0,32],[13,0]],[[8799,8031],[0,-32],[-25,0]],[[8774,7999],[0,32],[25,0]],[[9524,8031],[13,0],[0,-32]],[[9537,7999],[-13,0]],[[9524,7999],[0,32]],[[1325,8160],[12,0],[0,-32],[38,0],[0,-64],[12,0],[0,64],[38,0],[0,-32],[-13,0],[0,-32],[-12,0]],[[1400,8064],[0,-33]],[[1400,7999],[0,-32]],[[1400,7967],[-25,0],[0,32],[-25,0]],[[1350,7999],[0,32]],[[1350,8031],[-13,0]],[[1337,8031],[0,65]],[[1325,8096],[0,64]],[[1925,8193],[0,-33],[12,0],[0,-64],[-12,0],[0,32],[-13,0],[0,-64],[13,0],[0,-97],[-13,0],[0,64],[-12,0]],[[1900,8031],[0,33],[-13,0],[0,32],[13,0],[0,64],[12,0],[0,33],[13,0]],[[2925,8064],[62,0],[0,-33],[13,0],[0,-32],[-13,0],[0,-32],[-12,0],[0,32],[-13,0],[0,-32],[-12,0],[0,32],[-25,0],[0,65]],[[5224,7967],[-12,0],[0,97],[12,0],[0,-97]],[[1325,8031],[25,0]],[[1350,7999],[-13,0],[0,-32],[-12,0],[0,64]],[[5324,8031],[25,0]],[[5349,8031],[0,-64]],[[5349,7967],[-12,0],[0,32]],[[5337,7999],[-13,0]],[[5587,8031],[12,0]],[[5599,8031],[0,-64],[-12,0]],[[5587,7967],[0,64]],[[9324,8031],[0,-64],[-12,0]],[[9312,7967],[0,64],[12,0]],[[9424,8031],[25,0]],[[9449,8031],[0,-64]],[[9449,7967],[-25,0]],[[9424,7967],[0,64]],[[1287,7999],[13,0],[0,-32],[-13,0]],[[1287,7967],[0,32]],[[1712,7999],[13,0],[0,-32]],[[1725,7967],[-13,0]],[[1712,7967],[0,32]],[[4800,7999],[12,0],[0,-32]],[[4812,7967],[-12,0]],[[4800,7967],[0,32]],[[5299,7999],[0,-32],[-12,0]],[[5287,7967],[0,32]],[[5399,7999],[13,0],[0,-32],[-13,0]],[[5399,7967],[0,32]],[[6162,7999],[12,0],[0,-32],[-12,0],[0,32]],[[6424,7967],[0,32],[13,0],[0,-32],[-13,0]],[[6674,7999],[13,0]],[[6687,7999],[0,-32],[-13,0]],[[6674,7967],[0,32]],[[8024,7999],[25,0]],[[8049,7999],[0,-32],[-25,0]],[[8024,7967],[0,32]],[[8137,7999],[0,-32],[-13,0],[0,32]],[[8612,7999],[50,0],[0,-32],[-50,0],[0,32]],[[8774,7999],[0,-32],[-12,0],[0,32],[12,0]],[[9437,8031],[-13,0]],[[9424,8031],[0,-32]],[[9424,7999],[-12,0]],[[9412,7999],[0,-32]],[[9412,7967],[-38,0]],[[9374,7967],[0,32],[13,0]],[[9387,7999],[0,32]],[[9399,8031],[0,33]],[[9612,7999],[0,-32],[-13,0]],[[9599,7967],[0,32],[13,0]],[[8024,8064],[0,-33]],[[8037,7999],[-13,0]],[[8024,7999],[0,-64]],[[8024,7935],[-12,0]],[[8012,7935],[0,129],[12,0]],[[1737,7967],[-12,0]],[[1712,7999],[0,-64]],[[1712,7935],[-37,0],[0,32],[-25,0],[0,32],[-13,0],[0,32],[113,0],[0,-32],[25,0],[0,-32],[-25,0],[0,-32],[-13,0],[0,32]],[[4862,8225],[25,0]],[[4887,8193],[25,0]],[[4912,8193],[0,-33]],[[4887,8128],[-12,0]],[[4912,8064],[-25,0]],[[4887,8064],[0,-33],[-12,0],[0,-32],[-13,0],[0,-32]],[[4862,7967],[-12,0]],[[4850,7967],[0,-32]],[[4850,7935],[-13,0],[0,32]],[[4837,7967],[-25,0]],[[4812,7967],[0,64]],[[4825,8096],[-25,0],[0,-32],[-13,0],[0,96],[13,0],[0,33],[12,0],[0,32],[25,0],[0,-32],[-12,0]],[[5574,8031],[13,0]],[[5587,8031],[0,-96]],[[5587,7935],[-13,0]],[[5574,7935],[0,96]],[[6299,7935],[-25,0]],[[6274,7935],[0,64]],[[6274,7999],[-12,0],[0,32],[25,0],[0,-64],[12,0],[0,-32]],[[6612,8031],[12,0],[0,-32],[13,0],[0,-64],[-25,0],[0,96]],[[9474,7999],[0,-32]],[[9474,7967],[13,0],[0,-32]],[[9487,7935],[-38,0]],[[9449,7935],[0,96]],[[500,7999],[0,-64]],[[500,7935],[-25,0],[0,64],[25,0]],[[500,7967],[12,0]],[[512,7967],[0,-32]],[[512,7935],[-12,0]],[[500,7935],[0,32]],[[512,7967],[13,0]],[[525,7967],[0,-32]],[[525,7935],[-13,0]],[[1350,7999],[0,-64],[-63,0],[0,32]],[[3262,7967],[13,0],[0,-32],[-13,0],[0,32]],[[4862,7967],[38,0]],[[4900,7967],[0,-32]],[[4900,7935],[-38,0],[0,32]],[[4900,7967],[12,0]],[[4912,7967],[0,-32],[-12,0]],[[5262,7967],[12,0],[0,-32]],[[5274,7935],[-12,0]],[[5262,7935],[0,32]],[[5349,7967],[13,0],[0,-32],[-13,0],[0,32]],[[5374,7967],[13,0]],[[5387,7967],[0,-32]],[[5387,7935],[-13,0],[0,32]],[[5387,7967],[12,0]],[[5399,7967],[0,-32]],[[5399,7935],[-12,0]],[[5399,7967],[25,0],[0,-32],[-25,0]],[[6212,7967],[12,0],[0,-32],[-12,0],[0,32]],[[6274,7967],[0,-32]],[[6274,7935],[-12,0]],[[6262,7935],[0,32],[12,0]],[[6399,7967],[13,0]],[[6412,7967],[0,-32],[-13,0]],[[6399,7935],[0,32]],[[7499,7967],[13,0],[0,-32],[-13,0],[0,32]],[[7774,8064],[50,0],[0,-33],[-12,0],[0,-32],[-13,0],[0,-32],[-12,0],[0,-32],[-25,0],[0,32],[12,0],[0,32],[13,0],[0,32],[-13,0],[0,33]],[[7812,7967],[12,0],[0,-32],[-12,0],[0,32]],[[8487,7967],[0,-32]],[[8487,7935],[-13,0]],[[8474,7935],[0,32],[13,0]],[[8487,7967],[37,0],[0,-32],[-37,0]],[[9349,8128],[13,0],[0,-64],[-13,0],[0,-65],[13,0],[0,-64]],[[9362,7935],[-50,0]],[[9312,7935],[0,32]],[[9337,8096],[12,0],[0,32]],[[9612,7999],[12,0],[0,-64]],[[9624,7935],[-25,0],[0,32]],[[9499,8193],[0,-65]],[[9512,8128],[0,32],[25,0],[0,-96],[12,0],[0,-65],[-12,0]],[[9524,8031],[0,65]],[[9524,8096],[-25,0]],[[9499,8096],[0,-129],[13,0],[0,-65],[-13,0]],[[9499,7902],[0,33],[-12,0]],[[9474,7967],[0,64]],[[437,7967],[38,0],[0,-65],[-13,0]],[[462,7902],[0,33]],[[462,7935],[-25,0]],[[437,7935],[0,32]],[[4900,7935],[0,-33]],[[4900,7902],[-50,0]],[[4850,7902],[0,65]],[[5224,7967],[13,0],[0,-65]],[[5237,7902],[-13,0],[0,65]],[[6362,7967],[37,0]],[[6399,7935],[-12,0],[0,-33]],[[6387,7902],[-13,0]],[[6374,7902],[0,33],[-12,0]],[[6362,7935],[0,32]],[[8087,7967],[12,0],[0,-65]],[[8099,7902],[-12,0]],[[8087,7902],[0,65]],[[8537,7967],[12,0],[0,-65],[-12,0],[0,65]],[[437,7935],[13,0]],[[450,7935],[0,-33]],[[450,7902],[-13,0],[0,33]],[[450,7935],[12,0]],[[462,7902],[-12,0]],[[1400,7935],[12,0],[0,-33]],[[1412,7902],[-12,0]],[[1400,7902],[0,33]],[[5262,7935],[25,0]],[[5287,7935],[0,-33]],[[5287,7902],[-25,0]],[[5262,7902],[0,33]],[[5462,7935],[0,-33],[-13,0]],[[5449,7902],[0,33],[13,0]],[[5549,7902],[-12,0],[0,33],[12,0],[0,-33]],[[6374,7902],[-12,0]],[[6362,7902],[0,33]],[[6399,7935],[0,-33]],[[6399,7902],[-12,0]],[[6412,7967],[12,0]],[[6424,7967],[0,-65]],[[6424,7902],[-25,0]],[[6712,7935],[12,0],[0,-33],[-12,0],[0,33]],[[6999,7935],[13,0],[0,-33],[-13,0],[0,33]],[[8074,8031],[0,-32],[50,0]],[[8137,7999],[75,0],[0,-32]],[[8212,7967],[-25,0]],[[8187,7967],[0,-32],[-38,0],[0,-33],[-50,0]],[[8087,7967],[0,-32]],[[8087,7935],[-13,0],[0,-33]],[[8074,7902],[-25,0]],[[8049,7902],[0,33],[13,0]],[[8062,7935],[0,96]],[[8087,7935],[0,-33]],[[8087,7902],[-13,0]],[[8474,7935],[0,-33]],[[8474,7902],[-12,0],[0,33],[12,0]],[[8487,7935],[0,-33],[-13,0]],[[8612,7902],[-25,0]],[[8587,7902],[0,33],[25,0],[0,-33]],[[9312,7935],[25,0]],[[9337,7935],[0,-33]],[[9337,7902],[-25,0]],[[9312,7902],[0,33]],[[9474,7935],[13,0]],[[9487,7935],[0,-33]],[[9487,7902],[-13,0],[0,33]],[[9499,7902],[-12,0]],[[9624,7935],[0,32],[13,0],[0,-65],[-25,0],[0,33],[12,0]],[[6074,7870],[-12,0]],[[6062,7870],[0,32]],[[6062,7902],[-38,0],[0,65],[-50,0],[0,64],[38,0],[0,33],[50,0],[0,-33],[12,0],[0,-32],[38,0],[0,-97],[-38,0],[0,-32]],[[7574,7870],[0,32]],[[7574,7902],[-12,0]],[[7562,7902],[0,33],[-13,0],[0,32],[13,0],[0,32],[25,0],[0,-129],[-13,0]],[[437,7967],[0,-97],[-25,0],[0,65],[13,0],[0,32],[12,0]],[[6949,7935],[13,0],[0,-33],[12,0],[0,-32],[-25,0],[0,65]],[[7449,7967],[25,0]],[[7474,7967],[0,-65],[-12,0],[0,-32],[-38,0]],[[7424,7870],[0,65],[25,0]],[[7449,7935],[0,32]],[[9399,7967],[13,0]],[[9412,7967],[0,-65]],[[9412,7902],[-13,0],[0,-32],[-12,0],[0,65],[12,0],[0,32]],[[9449,7935],[25,0]],[[9474,7935],[0,-65],[-25,0]],[[9449,7870],[0,65]],[[1412,7902],[0,-32],[-12,0]],[[1400,7870],[0,32]],[[4837,7902],[13,0]],[[4850,7902],[0,-32],[-13,0],[0,32]],[[4887,7902],[0,-32]],[[4887,7870],[-25,0],[0,32],[25,0]],[[4887,7902],[13,0]],[[4900,7902],[0,-32]],[[4900,7870],[-13,0]],[[5237,7902],[12,0],[0,-32]],[[5249,7870],[-12,0],[0,32]],[[5287,7902],[25,0],[0,-32],[-25,0],[0,32]],[[5412,7902],[37,0]],[[5449,7902],[0,-32],[-37,0],[0,32]],[[5487,7902],[12,0],[0,-32],[-12,0],[0,32]],[[5574,7902],[25,0],[0,-32],[-25,0],[0,32]],[[5624,7902],[25,0],[0,-32],[-25,0],[0,32]],[[6274,7902],[13,0]],[[6287,7902],[0,-32],[-13,0]],[[6274,7870],[0,32]],[[6362,7902],[25,0]],[[6387,7902],[0,-32],[-25,0],[0,32]],[[6924,7967],[0,-65],[-12,0],[0,-32],[-38,0]],[[6874,7870],[0,32],[25,0],[0,33],[13,0],[0,32],[12,0]],[[7262,7902],[12,0],[0,-32],[-12,0],[0,32]],[[7837,7902],[0,-32]],[[7837,7870],[-13,0],[0,32],[13,0]],[[7837,7902],[37,0],[0,-32]],[[7874,7870],[-37,0]],[[8062,7902],[12,0]],[[8074,7902],[0,-32],[-12,0]],[[8062,7870],[0,32]],[[8587,7902],[0,-32],[-13,0],[0,32],[13,0]],[[8612,7902],[12,0],[0,-32],[-12,0],[0,32]],[[8974,7870],[-25,0]],[[8949,7870],[0,32],[25,0],[0,-32]],[[9312,7902],[12,0]],[[9324,7902],[0,-32],[-12,0],[0,32]],[[7424,7870],[0,-32],[-25,0],[0,32],[-12,0],[0,32],[-25,0],[0,33],[-38,0],[0,64],[50,0],[0,-32],[25,0],[0,-65],[13,0],[0,-32],[12,0]],[[1400,7967],[25,0],[0,-32],[12,0],[0,32],[25,0],[0,-32],[25,0],[0,-33],[25,0],[0,-64],[-12,0],[0,32],[-25,0],[0,32],[-63,0]],[[1400,7935],[0,32]],[[1837,7935],[63,0],[0,-33],[100,0],[0,-32],[-25,0],[0,-32]],[[1975,7838],[-25,0]],[[1950,7838],[0,32],[-38,0],[0,-32],[-12,0],[0,32],[-63,0]],[[1837,7870],[0,65]],[[1562,7838],[-12,0],[0,32],[-13,0],[0,32],[25,0],[0,-64]],[[5837,7902],[12,0],[0,-64],[-12,0],[0,64]],[[7999,7902],[25,0],[0,-32],[-12,0],[0,-32],[-13,0],[0,64]],[[8262,7870],[-13,0],[0,-32],[-12,0],[0,64],[25,0],[0,-32]],[[3237,7902],[25,0],[0,-64],[-37,0],[0,32],[12,0],[0,32]],[[4900,7870],[12,0],[0,-32]],[[4912,7838],[-12,0],[0,32]],[[6062,7870],[25,0]],[[6087,7870],[0,-32]],[[6087,7838],[-25,0]],[[6062,7838],[0,32]],[[6212,7838],[-13,0],[0,32],[13,0],[0,-32]],[[6874,7870],[0,-32],[-12,0]],[[6862,7838],[0,32],[12,0]],[[7474,7870],[13,0],[0,-32],[-13,0],[0,32]],[[7924,7870],[13,0]],[[7937,7870],[0,-32]],[[7937,7838],[-13,0]],[[7924,7838],[0,32]],[[8062,7870],[0,-32]],[[8062,7838],[-13,0]],[[8049,7838],[0,32],[13,0]],[[8187,7870],[12,0]],[[8199,7870],[0,-32]],[[8199,7838],[-12,0]],[[8187,7838],[0,32]],[[8199,7870],[13,0]],[[8212,7870],[0,-32]],[[8212,7838],[-13,0]],[[8262,7870],[12,0],[0,-32],[-12,0],[0,32]],[[8312,7870],[25,0],[0,-32],[-25,0],[0,32]],[[8462,7838],[-13,0],[0,32],[13,0],[0,-32]],[[8912,7870],[12,0],[0,-32]],[[8924,7838],[-12,0],[0,32]],[[9374,7838],[-12,0],[0,32],[12,0],[0,-32]],[[9449,7870],[0,-32]],[[9449,7838],[-12,0]],[[9437,7838],[0,32],[12,0]],[[1387,7902],[0,-32],[-12,0],[0,-32],[12,0]],[[1387,7838],[0,-32],[-25,0],[0,96],[25,0]],[[8212,7902],[12,0],[0,-96],[-12,0]],[[8212,7806],[0,96]],[[9324,7902],[25,0]],[[9349,7902],[0,-64],[-12,0],[0,-32]],[[9337,7806],[-13,0]],[[9324,7806],[0,96]],[[8074,7902],[25,0]],[[8099,7902],[0,-32],[-12,0],[0,-32],[-13,0]],[[8074,7838],[0,-32]],[[8074,7806],[-12,0]],[[8062,7806],[0,64]],[[1850,7838],[12,0],[0,-32],[-12,0],[0,32]],[[2775,7838],[12,0],[0,-32],[-12,0],[0,32]],[[4837,7838],[0,-32]],[[4837,7806],[-12,0],[0,32],[12,0]],[[5149,7838],[0,-32]],[[5149,7806],[-25,0]],[[5124,7806],[0,32],[25,0]],[[5149,7838],[25,0]],[[5174,7838],[0,-32]],[[5174,7806],[-25,0]],[[5224,7838],[13,0],[0,-32],[-13,0],[0,32]],[[5637,7838],[12,0],[0,-32],[-12,0],[0,32]],[[6087,7838],[0,-32],[-25,0],[0,32]],[[6374,7838],[13,0],[0,-32],[-13,0],[0,32]],[[6862,7838],[0,-32],[-13,0],[0,32],[13,0]],[[7437,7838],[12,0],[0,-32],[-12,0],[0,32]],[[7487,8064],[12,0]],[[7499,8064],[0,-33]],[[7499,8031],[25,0],[0,-64],[13,0],[0,-32],[-13,0],[0,-33]],[[7524,7902],[50,0]],[[7574,7902],[0,-64]],[[7574,7838],[-12,0],[0,-32]],[[7562,7806],[-63,0]],[[7499,7806],[0,32],[13,0],[0,64],[-25,0],[0,65]],[[7487,7967],[-38,0]],[[7449,7967],[0,32]],[[7449,7999],[-12,0],[0,32]],[[7437,8031],[50,0]],[[8037,7838],[25,0]],[[8062,7838],[0,-32]],[[8062,7806],[-25,0]],[[8037,7806],[0,32]],[[8099,7838],[13,0],[0,-32]],[[8112,7806],[-13,0]],[[8099,7806],[0,32]],[[8462,7838],[12,0]],[[8474,7838],[0,-32],[-12,0],[0,32]],[[8562,7806],[-13,0]],[[8549,7806],[0,32],[13,0],[0,-32]],[[8949,7838],[13,0],[0,-32],[-13,0],[0,32]],[[9399,7838],[13,0]],[[9412,7838],[0,-32],[-13,0],[0,32]],[[9449,7838],[0,-32]],[[9449,7806],[-12,0]],[[9437,7806],[0,32]],[[5649,7967],[50,0],[0,-32],[13,0],[0,32],[12,0],[0,-32],[50,0],[0,-65],[25,0],[0,-32],[-37,0],[0,-65],[-13,0],[0,33],[-12,0],[0,64],[-13,0],[0,32],[-62,0],[0,33],[-13,0],[0,32]],[[7874,7870],[0,-64],[-12,0]],[[7862,7806],[0,-33]],[[7862,7773],[-13,0]],[[7849,7773],[0,65]],[[7849,7838],[-12,0],[0,32]],[[350,7902],[37,0],[0,-64],[-12,0],[0,-32],[-50,0],[0,-33],[-25,0],[0,65],[25,0],[0,32],[12,0],[0,-32],[13,0],[0,64]],[[7937,7870],[12,0]],[[7949,7870],[0,-64]],[[7949,7806],[-12,0],[0,-33]],[[7937,7773],[-25,0]],[[7912,7773],[0,65]],[[7912,7838],[25,0]],[[8974,7870],[0,-32],[13,0],[0,-32]],[[8987,7806],[-13,0]],[[8974,7806],[0,-33]],[[8974,7773],[-37,0]],[[8937,7773],[0,65]],[[8937,7838],[12,0]],[[8949,7838],[0,32]],[[9374,7838],[25,0]],[[9412,7838],[25,0]],[[9437,7806],[-13,0],[0,-33]],[[9424,7773],[-37,0]],[[9387,7773],[0,33]],[[9387,7806],[-13,0],[0,32]],[[3462,7806],[0,-33]],[[3462,7773],[-12,0],[0,33],[12,0]],[[4862,7806],[13,0],[0,-33]],[[4875,7773],[-13,0]],[[4862,7773],[0,33]],[[5174,7806],[13,0],[0,-33],[-13,0],[0,33]],[[5937,7773],[0,33],[12,0],[0,-33],[-12,0]],[[6099,7806],[13,0],[0,-33],[-13,0],[0,33]],[[7949,7806],[0,-33]],[[7949,7773],[-12,0]],[[7974,7806],[0,-33]],[[7974,7773],[-12,0]],[[7962,7773],[0,33],[12,0]],[[8012,7806],[12,0]],[[8024,7806],[0,-33],[-12,0]],[[8012,7773],[0,33]],[[8037,7806],[12,0]],[[8049,7806],[0,-33]],[[8049,7773],[-12,0]],[[8037,7773],[0,33]],[[8049,7806],[13,0]],[[8062,7806],[0,-33]],[[8062,7773],[-13,0]],[[8074,7806],[0,-33]],[[8074,7773],[-12,0]],[[8112,7806],[12,0],[0,-33]],[[8124,7773],[-12,0]],[[8112,7773],[0,33]],[[8162,7773],[-13,0]],[[8149,7773],[0,33],[13,0],[0,-33]],[[8537,7806],[12,0]],[[8549,7806],[0,-33],[-12,0],[0,33]],[[8562,7806],[12,0]],[[8574,7806],[0,-33]],[[8574,7773],[-12,0]],[[8562,7773],[0,33]],[[8674,7806],[13,0],[0,-33],[-13,0],[0,33]],[[8724,7773],[0,33],[13,0],[0,32],[25,0],[0,-65],[-38,0]],[[9337,7806],[0,-33],[-13,0],[0,33]],[[9437,7806],[0,-33]],[[9437,7773],[-13,0]],[[9449,7806],[0,-33],[-12,0]],[[7962,7935],[62,0]],[[8024,7935],[0,32]],[[8062,7999],[0,-64]],[[8049,7902],[13,0]],[[8049,7838],[-12,0]],[[8037,7806],[-25,0]],[[8012,7773],[-13,0],[0,-32]],[[7999,7741],[-25,0]],[[7974,7741],[0,65]],[[7962,7773],[-13,0]],[[7949,7773],[0,97]],[[7949,7870],[-25,0]],[[7924,7838],[-12,0]],[[7912,7838],[0,-32]],[[7912,7806],[-13,0],[0,32],[-12,0],[0,32],[-13,0]],[[7837,7902],[0,162],[12,0],[0,-33],[63,0],[0,-32],[50,0],[0,-64]],[[2137,7741],[-25,0]],[[2112,7741],[0,65],[-75,0],[0,-33],[-25,0],[0,33],[-25,0],[0,32]],[[1987,7838],[25,0]],[[2012,7838],[0,32],[25,0],[0,-32],[13,0],[0,32],[12,0],[0,-32],[75,0],[0,-32],[-12,0],[0,-33],[12,0],[0,-32]],[[6012,7806],[-13,0]],[[5999,7806],[0,-65]],[[5999,7741],[-12,0]],[[5987,7741],[0,97],[12,0],[0,32],[13,0],[0,-64]],[[8174,7806],[25,0],[0,-33]],[[8199,7773],[-12,0],[0,-32]],[[8187,7741],[-13,0]],[[8174,7741],[0,65]],[[9337,7806],[12,0],[0,-33],[13,0],[0,-32]],[[9362,7741],[-25,0]],[[9337,7741],[0,65]],[[2187,7741],[0,32],[13,0],[0,-32],[-13,0]],[[4875,7773],[0,-32]],[[4875,7741],[-13,0],[0,32]],[[4875,7773],[12,0],[0,-32],[-12,0]],[[5037,7806],[0,-33],[-13,0],[0,-32],[-24,0],[0,32],[12,0]],[[5012,7773],[0,33],[25,0]],[[5149,7773],[13,0],[0,-32]],[[5162,7741],[-13,0]],[[5149,7741],[0,32]],[[5412,7773],[25,0],[0,-32],[-25,0],[0,32]],[[5937,7773],[0,-32],[-13,0],[0,32],[13,0]],[[7249,7741],[0,32],[13,0],[0,-32],[-13,0]],[[7662,7773],[12,0],[0,-32],[-12,0],[0,32]],[[7737,7773],[0,-32]],[[7737,7741],[-38,0]],[[7699,7741],[0,32],[38,0]],[[7774,7741],[-12,0],[0,32],[12,0],[0,-32]],[[7949,7773],[25,0]],[[7974,7773],[0,-32]],[[7974,7741],[-25,0]],[[7949,7741],[0,32]],[[8012,7773],[0,-32]],[[8012,7741],[-13,0]],[[8124,7773],[0,-32]],[[8124,7741],[-12,0]],[[8112,7741],[0,32]],[[8199,7773],[0,-32]],[[8199,7741],[-12,0]],[[8499,7806],[0,-65]],[[8499,7741],[-25,0],[0,32],[13,0],[0,33],[12,0]],[[8562,7806],[0,-65]],[[8562,7741],[-63,0]],[[8499,7741],[0,32]],[[8499,7773],[25,0],[0,33],[13,0]],[[8574,7773],[0,-32]],[[8574,7741],[-12,0]],[[8562,7741],[0,32]],[[8724,7773],[0,-32],[-25,0],[0,32],[25,0]],[[8799,7806],[0,-65]],[[8799,7741],[-25,0]],[[8774,7741],[0,32]],[[8774,7773],[13,0],[0,33],[12,0]],[[9387,7773],[12,0]],[[9399,7773],[0,-32]],[[9399,7741],[-12,0]],[[9387,7741],[0,32]],[[9399,7773],[13,0],[0,-32]],[[9412,7741],[-13,0]],[[1350,7902],[0,-129],[12,0],[0,-64],[-25,0],[0,32],[-12,0],[0,32],[-13,0],[0,33],[-12,0],[0,129],[37,0],[0,-33],[13,0]],[[7512,7806],[12,0]],[[7524,7806],[0,-33],[50,0],[0,-32],[13,0]],[[7587,7741],[0,-32]],[[7587,7709],[-50,0]],[[7537,7709],[0,32]],[[7537,7741],[-25,0]],[[7512,7741],[0,65]],[[7912,7806],[0,-33]],[[7912,7773],[12,0]],[[7924,7773],[0,-32],[-25,0],[0,-32],[-25,0],[0,32],[-12,0]],[[7862,7741],[0,65]],[[8637,7741],[-25,0]],[[8612,7741],[0,65],[12,0],[0,-33],[25,0],[0,-64],[-12,0],[0,32]],[[8987,7806],[0,-97]],[[8987,7709],[-13,0]],[[8974,7709],[0,97]],[[150,7709],[0,64],[25,0],[0,-32],[-13,0],[0,-32],[-12,0]],[[4712,7773],[0,-64],[-12,0],[0,64],[12,0]],[[8199,7773],[13,0]],[[8212,7773],[0,-64]],[[8212,7709],[-13,0]],[[8199,7709],[0,64]],[[8962,7773],[12,0]],[[8974,7773],[0,-64]],[[8974,7709],[-12,0]],[[8962,7709],[0,64]],[[150,7709],[-13,0],[0,32],[13,0],[0,-32]],[[5674,7741],[25,0],[0,-32],[-25,0],[0,32]],[[7174,7741],[25,0],[0,-32],[-25,0],[0,32]],[[7249,7741],[0,-32],[-12,0],[0,32],[12,0]],[[7349,7741],[0,-32],[-12,0],[0,32],[12,0]],[[7524,7741],[13,0]],[[7537,7709],[-13,0]],[[7524,7709],[0,32]],[[7612,7709],[-25,0]],[[7587,7741],[12,0],[0,32],[13,0],[0,-64]],[[7949,7741],[13,0]],[[7962,7741],[0,-32]],[[7962,7709],[-13,0]],[[7949,7709],[0,32]],[[7962,7741],[25,0]],[[7987,7741],[0,-32],[-25,0]],[[8124,7741],[0,-32]],[[8124,7709],[-12,0]],[[8112,7709],[0,32]],[[8499,7741],[13,0]],[[8512,7741],[0,-32],[-13,0],[0,32]],[[8749,7709],[-12,0],[0,32],[12,0],[0,-32]],[[8874,7741],[13,0]],[[8887,7741],[0,-32],[-13,0],[0,32]],[[9337,7741],[12,0]],[[9349,7741],[0,-32]],[[9349,7709],[-12,0]],[[9337,7709],[0,32]],[[8924,7838],[13,0]],[[8937,7773],[25,0]],[[8962,7709],[-25,0]],[[8937,7709],[0,-32],[-13,0]],[[8924,7677],[0,161]],[[1712,7773],[50,0],[0,-32],[13,0],[0,-64],[-13,0]],[[1762,7677],[0,32]],[[1762,7709],[-25,0],[0,32],[-25,0]],[[1712,7741],[0,32]],[[4800,7967],[37,0]],[[4850,7935],[0,-33]],[[4837,7902],[0,-64]],[[4837,7806],[0,-65],[-12,0],[0,-32],[-50,0],[0,-32],[-63,0],[0,96]],[[4712,7773],[13,0],[0,33],[-13,0],[0,96],[38,0],[0,65],[37,0],[0,32],[13,0]],[[50,7741],[12,0],[0,-64],[-12,0],[0,64]],[[75,7741],[25,0],[0,-64],[-25,0],[0,64]],[[4875,7741],[0,-64]],[[4875,7677],[-25,0],[0,64],[25,0]],[[7474,7773],[0,-64]],[[7474,7709],[-12,0],[0,-32]],[[7462,7677],[-13,0]],[[7449,7677],[0,64],[13,0],[0,32],[12,0]],[[8112,7741],[0,-64]],[[8112,7677],[-13,0]],[[8099,7677],[0,32],[-12,0]],[[8087,7709],[0,32],[25,0]],[[8262,7741],[12,0]],[[8274,7741],[0,-64]],[[8274,7677],[-12,0]],[[8262,7677],[0,64]],[[8862,7870],[50,0]],[[8924,7677],[-62,0]],[[8862,7677],[0,64]],[[8862,7741],[12,0]],[[8887,7741],[25,0]],[[8912,7741],[0,65],[-25,0],[0,-33],[-13,0],[0,33],[-25,0],[0,32],[13,0],[0,32]],[[9387,8128],[0,-129]],[[9374,7967],[25,0]],[[9412,7902],[0,97]],[[9424,7999],[0,-32]],[[9449,7967],[0,-97]],[[9437,7838],[-63,0]],[[9387,7806],[0,-65]],[[9387,7741],[-13,0]],[[9374,7741],[0,-64]],[[9374,7677],[-25,0]],[[9349,7677],[0,64]],[[9349,7741],[13,0]],[[9349,7902],[-12,0]],[[9337,7935],[25,0]],[[9349,8128],[0,32],[25,0]],[[9374,7741],[38,0]],[[9412,7741],[0,-32],[-13,0],[0,-32],[-25,0]],[[5087,7709],[0,-32]],[[5087,7677],[-13,0]],[[5074,7677],[0,32],[13,0]],[[5149,7806],[0,-65]],[[5149,7741],[-12,0]],[[5137,7741],[0,-32],[-25,0],[0,-32]],[[5112,7677],[-25,0]],[[5087,7709],[12,0],[0,32],[13,0],[0,32],[12,0],[0,33]],[[5412,7709],[12,0]],[[5424,7709],[0,-32],[-12,0]],[[5412,7677],[0,32]],[[5824,7709],[25,0],[0,-32],[-25,0],[0,32]],[[5924,7677],[-50,0],[0,32],[50,0],[0,-32]],[[5987,7709],[12,0]],[[5999,7709],[0,-32],[-12,0],[0,32]],[[7812,7806],[0,-65],[25,0],[0,-32]],[[7837,7709],[-38,0],[0,32],[-25,0]],[[7774,7741],[0,-32],[-37,0],[0,-32]],[[7737,7677],[-25,0]],[[7712,7677],[0,32],[12,0],[0,32]],[[7724,7741],[13,0]],[[7737,7741],[0,65]],[[7737,7806],[-25,0],[0,32],[-25,0],[0,32],[37,0],[0,-32],[63,0],[0,-32],[25,0]],[[8087,7709],[0,-32]],[[8087,7677],[-13,0]],[[8074,7677],[0,32],[13,0]],[[8099,7677],[-12,0]],[[8237,7709],[25,0]],[[8262,7709],[0,-32]],[[8262,7677],[-25,0]],[[8237,7677],[0,32]],[[9349,7709],[0,-32]],[[9349,7677],[-12,0]],[[9337,7677],[0,32]],[[8349,8160],[-37,0]],[[8312,8193],[-38,0]],[[8312,8064],[0,32]],[[8312,8096],[12,0]],[[8324,8096],[0,-32],[13,0],[0,-33],[-38,0],[0,-32],[-37,0],[0,-64],[12,0],[0,32],[50,0],[0,32],[25,0],[0,32],[13,0],[0,-32],[25,0],[0,-32],[-25,0],[0,-32],[25,0],[0,-33],[12,0],[0,33],[38,0],[0,-33],[-25,0],[0,-64],[-13,0],[0,32],[-12,0],[0,-32],[-13,0],[0,-65],[-12,0],[0,-32],[-13,0],[0,-32],[-12,0],[0,-65]],[[8337,7644],[-13,0]],[[8324,7644],[0,65],[-12,0],[0,-32],[-13,0],[0,-33],[-12,0],[0,33]],[[8287,7677],[-13,0]],[[8274,7677],[0,96]],[[8274,7773],[-50,0],[0,-32],[-12,0]],[[8212,7741],[0,32]],[[8174,7806],[0,-33]],[[8174,7773],[-12,0]],[[8149,7773],[-25,0]],[[8099,7838],[0,-65]],[[8099,7773],[-25,0]],[[8074,7773],[0,65]],[[8187,7967],[50,0]],[[8237,7967],[0,64],[25,0]],[[8262,8031],[0,65]],[[8262,8096],[-25,0]],[[8237,8096],[0,32]],[[8237,8128],[-13,0]],[[8224,8128],[0,97]],[[8224,8225],[38,0],[0,32],[12,0],[0,65],[13,0],[0,64],[12,0],[0,33],[-25,0],[0,32],[38,0],[0,-32],[62,0],[0,-33],[50,0],[0,-32],[13,0],[0,32],[12,0],[0,33],[-25,0],[0,32],[-75,0],[0,32],[38,0],[0,65],[37,0],[0,-33],[50,0],[0,33],[13,0],[0,-33],[37,0]],[[8212,7902],[0,-32]],[[8212,7870],[-25,0]],[[8187,7838],[25,0]],[[8212,7838],[0,-32]],[[1525,7709],[0,-65]],[[1525,7644],[-13,0]],[[1512,7644],[0,33]],[[1512,7677],[-25,0]],[[1487,7677],[0,64],[13,0],[0,-32],[25,0]],[[1762,7709],[0,-65]],[[1762,7644],[-25,0],[0,33],[-12,0],[0,32],[-13,0]],[[1712,7709],[0,32]],[[7837,7709],[12,0],[0,-32],[38,0]],[[7887,7677],[0,-33]],[[7887,7644],[-50,0],[0,65]],[[8599,7741],[25,0]],[[8624,7741],[0,-64],[-12,0],[0,-33],[-13,0]],[[8599,7644],[0,33],[-12,0]],[[8587,7677],[0,32]],[[8587,7709],[12,0]],[[8599,7709],[0,32]],[[1500,7677],[12,0]],[[1512,7644],[-12,0]],[[1500,7644],[0,33]],[[2225,7677],[0,-33]],[[2225,7644],[-13,0],[0,33],[13,0]],[[3362,7677],[38,0],[0,-33]],[[3400,7644],[-38,0]],[[3362,7644],[0,33]],[[3462,7741],[0,-64]],[[3462,7677],[-25,0],[0,-33],[-25,0]],[[3412,7644],[0,33],[13,0]],[[3425,7677],[0,32],[25,0],[0,32],[12,0]],[[5112,7677],[12,0],[0,-33],[-12,0],[0,33]],[[5274,7677],[13,0],[0,-33]],[[5287,7644],[-13,0],[0,33]],[[5312,7677],[0,-33],[-13,0]],[[5299,7644],[0,33],[13,0]],[[6749,7677],[13,0],[0,-33],[-13,0],[0,33]],[[6774,7677],[13,0],[0,-33],[-13,0],[0,33]],[[6974,7677],[25,0],[0,-33],[-25,0],[0,33]],[[7124,7677],[13,0],[0,-33],[-13,0],[0,33]],[[7362,7644],[0,33],[12,0],[0,-33],[-12,0]],[[7549,7677],[13,0]],[[7562,7677],[0,-33]],[[7562,7644],[-13,0]],[[7549,7644],[0,33]],[[7562,7677],[25,0]],[[7587,7677],[0,-33]],[[7587,7644],[-25,0]],[[7599,7677],[25,0],[0,-33]],[[7624,7644],[-25,0]],[[7599,7644],[0,33]],[[8112,7677],[0,-33],[-13,0],[0,33]],[[8237,7677],[12,0]],[[8249,7677],[0,-33],[-12,0]],[[8237,7644],[0,33]],[[8374,7644],[0,33],[13,0],[0,32],[12,0],[0,-32],[13,0],[0,-33],[-38,0]],[[8474,7709],[13,0],[0,-65],[-25,0],[0,33],[12,0],[0,32]],[[8599,7644],[-12,0]],[[8587,7644],[0,33]],[[8999,7644],[-12,0]],[[8987,7644],[0,33],[12,0],[0,-33]],[[9312,7644],[0,33],[12,0],[0,-33],[-12,0]],[[9349,7677],[0,-33]],[[9349,7644],[-12,0],[0,33]],[[9374,7677],[0,-33],[-25,0]],[[7812,7806],[37,0]],[[7849,7806],[0,-33]],[[7862,7773],[0,-32]],[[7924,7773],[25,0]],[[7949,7773],[0,-64]],[[7962,7709],[0,-32],[-25,0],[0,-33],[-25,0],[0,-32]],[[7912,7612],[-25,0]],[[7887,7612],[0,65]],[[2162,7741],[25,0]],[[2187,7741],[0,-64],[13,0],[0,32],[25,0],[0,-32]],[[2225,7644],[0,-32]],[[2225,7612],[-25,0]],[[2200,7612],[0,32],[-25,0],[0,65],[-13,0],[0,32]],[[5274,7677],[-37,0],[0,-33],[-38,0],[0,-32],[-25,0],[0,32],[-12,0],[0,97]],[[5162,7741],[12,0],[0,-32],[63,0],[0,32],[12,0],[0,65],[13,0],[0,-65],[12,0],[0,-64]],[[5399,7709],[13,0]],[[5412,7709],[0,-65]],[[5412,7644],[25,0],[0,-32],[-100,0],[0,32],[-13,0],[0,33],[-12,0]],[[5312,7677],[0,32],[-13,0],[0,32],[25,0],[0,32],[13,0],[0,-64],[25,0],[0,-32],[37,0],[0,32]],[[1537,7677],[25,0]],[[1562,7677],[0,-33],[13,0],[0,-32]],[[1575,7612],[-25,0]],[[1550,7612],[0,32],[-13,0],[0,33]],[[7212,7677],[12,0],[0,-65],[-12,0],[0,65]],[[8137,7677],[37,0]],[[8174,7677],[0,-33],[-25,0],[0,-32],[-12,0]],[[8137,7612],[0,65]],[[1437,7644],[0,-32]],[[1437,7612],[-12,0],[0,32],[12,0]],[[1437,7644],[38,0]],[[1475,7644],[0,-32],[-38,0]],[[1925,7644],[12,0],[0,-32],[-12,0],[0,32]],[[2225,7644],[12,0]],[[2237,7644],[0,-32]],[[2237,7612],[-12,0]],[[2275,7612],[-13,0]],[[2262,7612],[0,32],[13,0],[0,-32]],[[2400,7644],[12,0],[0,-32],[-12,0],[0,32]],[[3400,7644],[12,0]],[[3412,7644],[0,-32],[-12,0]],[[3400,7612],[0,32]],[[3462,7644],[0,-32]],[[3462,7612],[-12,0]],[[3450,7612],[0,32],[12,0]],[[5287,7644],[12,0]],[[5299,7644],[0,-32],[-12,0],[0,32]],[[5974,7612],[-12,0]],[[5962,7612],[0,32],[12,0],[0,-32]],[[6024,7612],[0,32]],[[6024,7644],[13,0]],[[6037,7644],[0,33],[25,0],[0,-33],[-13,0],[0,-32],[-25,0]],[[7149,7644],[25,0],[0,-32],[-25,0],[0,32]],[[7237,7644],[12,0],[0,-32],[-12,0],[0,32]],[[7362,7644],[0,-32]],[[7362,7612],[-13,0],[0,32],[13,0]],[[7737,7806],[0,-33]],[[7699,7741],[25,0]],[[7712,7677],[12,0]],[[7724,7677],[0,-65]],[[7724,7612],[-87,0]],[[7637,7612],[0,32],[12,0],[0,65]],[[7649,7709],[-37,0]],[[7587,7741],[0,97],[12,0],[0,97],[50,0],[0,32],[25,0],[0,32],[38,0],[0,-32],[12,0],[0,32],[25,0],[0,-32],[-12,0],[0,-32],[12,0],[0,-33],[25,0],[0,-32],[38,0],[0,-64]],[[7724,7644],[13,0],[0,-32],[-13,0]],[[7724,7612],[0,32]],[[8712,7644],[25,0],[0,-32],[-25,0],[0,32]],[[8874,7644],[0,-32]],[[8874,7612],[-25,0]],[[8849,7612],[0,32],[25,0]],[[6012,7644],[12,0]],[[6024,7644],[0,-64]],[[6024,7580],[-12,0]],[[6012,7580],[0,64]],[[8024,7806],[13,0]],[[8037,7773],[62,0]],[[8099,7773],[0,33]],[[8112,7806],[0,-65]],[[8074,7677],[-25,0]],[[8049,7677],[0,-33],[-50,0],[0,-32]],[[7999,7612],[-12,0]],[[7987,7612],[0,-32]],[[7987,7580],[-38,0]],[[7949,7580],[0,32]],[[7949,7612],[-37,0]],[[7987,7741],[25,0]],[[8424,7580],[0,64],[13,0],[0,-64],[-13,0]],[[8662,7580],[0,64],[12,0],[0,33],[25,0],[0,-33],[-12,0],[0,-32],[12,0],[0,-32],[-37,0]],[[9312,7644],[37,0]],[[9349,7644],[0,-32],[-12,0],[0,-32],[-25,0],[0,64]],[[3275,7580],[-25,0],[0,32],[25,0],[0,-32]],[[3400,7612],[0,-32]],[[3400,7580],[-13,0],[0,32],[13,0]],[[4887,8064],[13,0]],[[4925,8031],[25,0],[0,-32],[12,0],[0,-32],[13,0],[0,-32],[12,0],[0,-33],[13,0],[0,-32],[12,0],[0,-97]],[[5037,7806],[12,0],[0,-129],[-12,0]],[[5037,7677],[0,-33],[-13,0],[0,-32]],[[5024,7612],[-112,0],[0,-32],[-75,0],[0,32],[13,0],[0,32],[12,0],[0,33],[13,0]],[[4862,7806],[0,32],[50,0]],[[4900,7870],[0,65]],[[4912,7967],[-50,0]],[[5699,7580],[0,32],[13,0],[0,-32],[-13,0]],[[5874,7612],[0,-32]],[[5874,7580],[-37,0]],[[5837,7580],[0,32],[12,0],[0,32],[13,0],[0,-32],[12,0]],[[5912,7612],[0,-32],[-13,0],[0,32],[13,0]],[[5949,7612],[25,0]],[[5974,7612],[0,-32]],[[5974,7580],[-25,0]],[[5949,7580],[0,32]],[[5974,7612],[13,0],[0,-32]],[[5987,7580],[-13,0]],[[7362,7612],[50,0]],[[7412,7612],[0,-32]],[[7412,7580],[-50,0]],[[7362,7580],[0,32]],[[7662,7612],[37,0]],[[7699,7612],[0,-32]],[[7699,7580],[-37,0]],[[7662,7580],[0,32]],[[7699,7612],[25,0]],[[7724,7612],[0,-32]],[[7724,7580],[-25,0]],[[7987,7612],[25,0]],[[8012,7612],[0,-32],[-25,0]],[[8112,7580],[-25,0]],[[8087,7580],[0,32],[25,0],[0,-32]],[[8874,7612],[0,-32]],[[8874,7580],[-25,0],[0,32]],[[1800,7902],[12,0]],[[1812,7902],[0,-96],[13,0],[0,-129],[12,0],[0,-65],[13,0],[0,-32],[12,0],[0,-32]],[[1862,7548],[-37,0]],[[1825,7548],[0,64],[-13,0]],[[1812,7612],[0,32],[-12,0],[0,129],[-13,0],[0,33],[-12,0],[0,32],[-13,0],[0,32],[38,0],[0,32]],[[8962,7709],[25,0]],[[8987,7709],[0,-65]],[[8999,7644],[0,-32],[13,0],[0,-32]],[[9012,7580],[-13,0],[0,-32]],[[8999,7548],[-12,0]],[[8987,7548],[0,32],[-13,0]],[[8974,7580],[0,64]],[[8974,7644],[-12,0]],[[8962,7644],[0,65]],[[7474,7741],[13,0],[0,-32],[12,0],[0,32]],[[7499,7741],[25,0]],[[7524,7709],[125,0]],[[7637,7612],[25,0]],[[7662,7580],[-38,0]],[[7624,7580],[0,32],[-12,0],[0,32]],[[7612,7644],[12,0]],[[7599,7677],[0,-65]],[[7599,7612],[-25,0],[0,32]],[[7574,7644],[13,0]],[[7587,7677],[-38,0]],[[7549,7644],[-12,0]],[[7537,7644],[0,-32],[-25,0],[0,-32],[-25,0],[0,-32],[-38,0]],[[7449,7548],[0,32],[-12,0]],[[7437,7580],[0,64]],[[7437,7644],[37,0],[0,33]],[[7474,7677],[-12,0]],[[7474,7709],[0,32]],[[8962,7644],[0,-96]],[[8962,7548],[-13,0],[0,96],[13,0]],[[8974,7644],[0,-96]],[[8974,7548],[-12,0]],[[7937,7612],[12,0]],[[7949,7612],[0,-64]],[[7949,7548],[-12,0],[0,64]],[[8562,7709],[25,0]],[[8587,7709],[0,-65]],[[8599,7644],[0,-32]],[[8599,7612],[-12,0]],[[8587,7612],[0,-32],[12,0],[0,-32]],[[8599,7548],[-62,0]],[[8537,7548],[0,64]],[[8537,7612],[12,0],[0,65],[13,0]],[[8562,7677],[0,32]],[[8587,7612],[25,0]],[[8612,7612],[0,-64]],[[8612,7548],[-13,0]],[[1762,7580],[13,0],[0,-32],[-13,0],[0,32]],[[2237,7580],[13,0],[0,-32],[-13,0],[0,32]],[[4850,7580],[12,0],[0,-32],[-12,0],[0,32]],[[4937,7580],[38,0],[0,-32],[-38,0],[0,32]],[[5000,7580],[0,-32]],[[5000,7548],[-13,0],[0,32],[13,0]],[[5987,7580],[12,0]],[[5999,7580],[0,-32]],[[5999,7548],[-12,0]],[[5987,7548],[0,32]],[[5999,7580],[13,0]],[[6012,7580],[0,-32]],[[6012,7548],[-13,0]],[[6199,7580],[13,0],[0,-32],[-13,0],[0,32]],[[8099,7580],[13,0]],[[8112,7580],[0,-32]],[[8112,7548],[-13,0]],[[8099,7548],[0,32]],[[8112,7580],[25,0]],[[8137,7580],[0,-32],[-25,0]],[[8237,7580],[12,0]],[[8249,7580],[0,-32],[-12,0]],[[8237,7548],[0,32]],[[8399,7580],[25,0]],[[8424,7580],[0,-32]],[[8424,7548],[-25,0]],[[8399,7548],[0,32]],[[8662,7580],[0,-32],[-13,0],[0,32],[13,0]],[[9012,7580],[0,-32]],[[9012,7548],[-13,0]],[[9312,7548],[-25,0]],[[9287,7548],[0,32],[12,0],[0,32],[13,0],[0,-64]],[[7887,7644],[0,-32]],[[7912,7612],[0,-32],[-13,0],[0,-32],[-12,0],[0,-33],[-25,0],[0,65],[-13,0],[0,-32],[-12,0],[0,32],[-38,0],[0,32],[-50,0],[0,65]],[[7749,7677],[-12,0]],[[8799,7741],[0,-32]],[[8799,7709],[13,0],[0,-97],[12,0],[0,32],[13,0]],[[8837,7644],[0,-64]],[[8837,7580],[-25,0],[0,-65]],[[8812,7515],[-25,0]],[[8787,7515],[0,129]],[[8787,7644],[-13,0],[0,33],[-25,0],[0,32]],[[8749,7709],[25,0]],[[8774,7709],[0,32]],[[8349,8709],[38,0]],[[8412,8709],[37,0]],[[8449,8709],[0,-65],[-50,0],[0,-64],[25,0],[0,32],[13,0],[0,-32],[12,0],[0,32],[38,0],[0,32],[12,0],[0,-32],[25,0],[0,-97]],[[8224,8225],[0,-65]],[[8212,8128],[25,0]],[[8237,8096],[-38,0]],[[8199,8064],[63,0]],[[8262,8064],[0,-33]],[[8237,7967],[-25,0]],[[8099,8064],[-12,0]],[[8024,8096],[0,-32]],[[8012,7935],[-50,0]],[[7849,7838],[0,-32]],[[7524,7806],[38,0]],[[7574,7838],[0,32]],[[7562,7902],[-38,0]],[[7499,8031],[0,97]],[[7424,8064],[-12,0]],[[7449,7999],[0,-64]],[[7474,7967],[13,0]],[[7499,7806],[13,0]],[[7512,7741],[-13,0]],[[7474,7741],[0,32]],[[7449,7677],[25,0]],[[7437,7644],[0,-32]],[[7437,7612],[-75,0]],[[7362,7580],[37,0]],[[7399,7580],[0,-32]],[[7399,7548],[-12,0]],[[7387,7548],[0,-33]],[[7387,7515],[-13,0]],[[7374,7515],[0,33],[-12,0],[0,-33]],[[7362,7515],[-25,0],[0,33],[-38,0],[0,64],[-12,0],[0,65],[25,0],[0,32],[12,0],[0,97],[25,0],[0,-65]],[[7349,7741],[38,0],[0,32],[12,0],[0,33],[-12,0],[0,32],[-13,0],[0,32],[-12,0],[0,-32],[-13,0],[0,32],[-12,0],[0,-32],[-50,0],[0,32],[37,0],[0,32],[-12,0],[0,33],[-13,0],[0,32],[-25,0],[0,32]],[[7287,8064],[-25,0]],[[7262,8064],[0,32]],[[7199,8096],[-37,0]],[[7162,8096],[0,64]],[[7162,8160],[-13,0],[0,-64],[-37,0],[0,64],[12,0],[0,65],[13,0],[0,32],[37,0],[0,65]],[[7174,8322],[13,0],[0,-33],[62,0],[0,-32],[13,0]],[[7262,8257],[0,-32],[37,0],[0,32],[13,0],[0,-32],[62,0],[0,32],[13,0],[0,65],[12,0],[0,32],[25,0],[0,-32]],[[7424,8322],[13,0],[0,32],[12,0],[0,32],[13,0],[0,-64],[37,0],[0,32],[13,0],[0,-32],[12,0],[0,32],[13,0],[0,-65],[37,0],[0,33],[13,0],[0,32],[12,0],[0,-97],[25,0]],[[7624,8257],[0,32],[25,0],[0,-32],[13,0],[0,32],[12,0],[0,-32],[38,0],[0,32],[37,0],[0,-32],[13,0],[0,32],[62,0],[0,-32],[50,0],[0,-32],[25,0],[0,-32],[13,0],[0,-65],[25,0],[0,32],[37,0],[0,33],[25,0],[0,-33],[13,0],[0,33],[37,0],[0,-33],[13,0],[0,65],[12,0],[0,-32],[13,0],[0,32],[12,0]],[[8099,8225],[0,32],[38,0],[0,-32],[-13,0],[0,-32],[38,0],[0,32],[-13,0],[0,32],[13,0],[0,32],[12,0],[0,65],[-12,0],[0,32],[12,0],[0,33],[-25,0],[0,-33],[-12,0],[0,-32],[-13,0],[0,32],[-25,0],[0,-64],[-25,0]],[[8074,8322],[0,64],[-37,0],[0,33],[12,0],[0,32],[13,0],[0,32],[-25,0],[0,65],[-13,0],[0,32],[13,0],[0,32],[25,0],[0,-32],[12,0],[0,64],[25,0],[0,65],[-37,0]],[[8062,8709],[0,64],[75,0],[0,-32],[12,0],[0,-32],[-25,0],[0,-97],[13,0],[0,32],[25,0],[0,-32],[12,0],[0,-32],[-12,0],[0,-97],[12,0],[0,65],[13,0],[0,32],[12,0],[0,32],[25,0],[0,-32],[13,0],[0,97],[25,0],[0,32],[25,0],[0,-32],[25,0],[0,32],[-13,0],[0,32],[25,0],[0,32],[25,0],[0,-64]],[[8124,8064],[13,0]],[[8162,8031],[0,65]],[[8149,8096],[0,32]],[[5224,7515],[0,97],[25,0],[0,-32],[-12,0],[0,-65],[-13,0]],[[1475,7580],[12,0],[0,-65]],[[1487,7515],[-12,0],[0,65]],[[3150,7612],[0,-64],[37,0]],[[3187,7548],[0,-33],[-50,0]],[[3137,7515],[0,33],[-12,0],[0,32],[12,0],[0,32],[13,0]],[[5037,7677],[37,0]],[[5074,7677],[0,-33],[25,0],[0,-32],[13,0],[0,-32],[-25,0],[0,-32]],[[5087,7548],[-75,0]],[[5012,7548],[0,-33]],[[5012,7515],[-12,0]],[[5000,7515],[0,65]],[[5000,7580],[24,0],[0,32]],[[5024,7612],[13,0],[0,65]],[[5499,7515],[-12,0]],[[5487,7515],[0,33]],[[5487,7548],[-25,0]],[[5462,7548],[0,32],[50,0],[0,-32],[-13,0],[0,-33]],[[5862,8999],[12,0]],[[5924,8967],[25,0]],[[5962,8967],[37,0]],[[6049,8838],[25,0]],[[6024,8741],[-25,0]],[[5974,8773],[0,-129]],[[5987,8644],[0,-32],[25,0],[0,32]],[[6087,8644],[12,0],[0,65]],[[6099,8709],[13,0]],[[6212,8773],[12,0],[0,33],[25,0]],[[6249,8838],[25,0],[0,-32],[50,0]],[[6324,8806],[0,64],[25,0]],[[6712,8677],[12,0]],[[6724,8709],[50,0]],[[6924,8806],[75,0]],[[6999,8773],[-25,0]],[[6974,8773],[0,-32],[-12,0],[0,32],[-13,0],[0,-32],[-12,0],[0,-32],[25,0],[0,-32]],[[6962,8677],[12,0],[0,32],[13,0],[0,32],[37,0]],[[7024,8741],[0,-64]],[[7074,8451],[0,-65]],[[7074,8386],[-12,0]],[[7062,8386],[0,-64],[-13,0],[0,32],[-25,0],[0,-32],[-25,0]],[[6999,8322],[0,-33]],[[6999,8289],[-25,0]],[[6974,8289],[0,-32],[-25,0],[0,-32],[-37,0]],[[6912,8225],[0,-65],[62,0],[0,-32],[25,0],[0,32],[13,0],[0,33],[12,0],[0,-33],[13,0],[0,-32],[12,0],[0,-32],[13,0],[0,32],[12,0],[0,-32],[25,0],[0,-32]],[[7099,8064],[25,0]],[[7124,8064],[0,-33],[-12,0],[0,-32],[-88,0],[0,32],[-12,0],[0,33],[-13,0],[0,-33],[-12,0],[0,-32],[-25,0],[0,32],[-13,0],[0,33],[-12,0],[0,-97],[-13,0]],[[6924,7967],[0,32],[-62,0],[0,-32],[-13,0],[0,64],[-25,0],[0,-32],[-12,0],[0,-32],[-13,0],[0,32],[-37,0],[0,-32],[-13,0],[0,32]],[[6749,7999],[-25,0]],[[6674,7999],[0,-64]],[[6674,7935],[-12,0],[0,-33],[-25,0],[0,-32],[-13,0],[0,-64],[-12,0],[0,-65],[-13,0],[0,-32],[-25,0],[0,64],[-12,0],[0,33],[-13,0],[0,32],[13,0],[0,64],[-25,0],[0,33],[-13,0],[0,32],[-12,0],[0,32],[-25,0],[0,-32],[12,0],[0,-65],[13,0],[0,-32],[-25,0],[0,65],[-13,0],[0,32],[-12,0],[0,-65],[-25,0],[0,33],[-13,0]],[[6424,7935],[0,32]],[[6424,7967],[-62,0]],[[6362,7967],[0,-65]],[[6362,7902],[-13,0],[0,33],[-25,0],[0,-33]],[[6324,7902],[-50,0]],[[6274,7902],[0,-64]],[[6274,7838],[13,0],[0,-65],[-25,0],[0,33],[-13,0],[0,32],[13,0],[0,64],[-13,0],[0,-32],[-12,0],[0,-32],[-25,0]],[[6212,7838],[0,-32],[-25,0],[0,32],[-25,0],[0,32],[-38,0],[0,-32],[-37,0]],[[6087,7870],[-13,0]],[[6062,7902],[0,-64]],[[6062,7838],[-13,0],[0,-32]],[[6049,7806],[-37,0]],[[5987,7741],[25,0]],[[6012,7741],[0,-32]],[[6012,7709],[-50,0]],[[5962,7709],[0,-32],[-38,0]],[[5924,7677],[0,-65],[-12,0]],[[5912,7612],[0,32],[-38,0]],[[5874,7644],[0,-32]],[[5837,7580],[-25,0]],[[5812,7580],[0,32],[-13,0]],[[5799,7612],[0,-32]],[[5799,7580],[-75,0],[0,-32],[-12,0],[0,-33]],[[5712,7515],[-13,0]],[[5699,7515],[0,65]],[[5699,7580],[-12,0],[0,32],[-13,0],[0,65],[-12,0],[0,64],[-13,0],[0,32],[-25,0],[0,33],[-25,0],[0,32],[-25,0],[0,-32],[-37,0],[0,32],[12,0],[0,32],[13,0],[0,32]],[[5562,7902],[-13,0]],[[5549,7902],[0,65],[25,0],[0,-32]],[[5587,7935],[0,32]],[[5599,8031],[-25,0]],[[5574,8031],[0,65],[13,0],[0,32],[12,0],[0,97],[13,0],[0,32],[25,0]],[[5712,8289],[-113,0]],[[5587,8322],[0,226]],[[5587,8548],[25,0],[0,32],[12,0],[0,32],[38,0],[0,32],[12,0],[0,65],[-25,0]],[[5862,8354],[0,-32],[37,0],[0,64]],[[5899,8386],[-25,0]],[[6787,8354],[-25,0]],[[6774,8289],[0,33]],[[5749,8193],[25,0]],[[5774,8193],[0,96]],[[5774,8289],[25,0]],[[5799,8322],[-75,0],[0,-33],[25,0]],[[6062,8193],[0,-65]],[[6074,8128],[0,65]],[[5699,8096],[-25,0]],[[5674,8096],[0,64],[-37,0],[0,-32],[12,0],[0,-64]],[[6274,7999],[0,-32]],[[6262,7935],[37,0]],[[5824,7580],[38,0]],[[5862,7580],[0,-32],[-13,0],[0,-33]],[[5849,7515],[-25,0],[0,65]],[[6787,7580],[50,0],[0,-32],[-13,0],[0,-33],[-37,0],[0,65]],[[6899,7612],[25,0],[0,-32],[-12,0],[0,-32],[25,0],[0,-33],[-50,0],[0,65],[12,0],[0,32]],[[7412,7612],[25,0]],[[7437,7612],[0,-32]],[[7449,7548],[-25,0]],[[7424,7548],[0,-33]],[[7424,7515],[-25,0]],[[7399,7515],[0,65]],[[7399,7580],[13,0]],[[8049,7677],[50,0]],[[8112,7677],[25,0]],[[8137,7677],[0,-97]],[[8087,7580],[12,0]],[[8099,7548],[-12,0]],[[8087,7548],[0,-33]],[[8087,7515],[-25,0]],[[8062,7515],[0,65],[-25,0],[0,-65]],[[8037,7515],[-13,0]],[[8024,7515],[0,33]],[[8024,7548],[-25,0]],[[7999,7548],[0,-33]],[[7999,7515],[-12,0]],[[7987,7515],[0,65]],[[8012,7612],[-13,0]],[[8062,7515],[-25,0]],[[8762,7580],[25,0]],[[8787,7580],[0,-65]],[[8787,7515],[-25,0]],[[8762,7515],[0,65]],[[8837,7580],[0,-32]],[[8837,7548],[-13,0],[0,-33],[-12,0]],[[1937,7548],[13,0],[0,-33],[-13,0],[0,33]],[[2025,7515],[-13,0],[0,33],[13,0],[0,-33]],[[2662,7548],[13,0],[0,-33],[-13,0],[0,33]],[[4950,7548],[0,-33],[-25,0]],[[4925,7515],[0,33],[25,0]],[[5024,7548],[25,0]],[[5049,7548],[0,-33],[-25,0],[0,33]],[[5474,7548],[13,0]],[[5487,7515],[-13,0]],[[5474,7515],[0,33]],[[5799,7580],[0,-32]],[[5799,7548],[-62,0]],[[5737,7548],[0,-33]],[[5737,7515],[-25,0]],[[6349,7515],[-12,0],[0,33],[12,0],[0,-33]],[[7374,7515],[-12,0]],[[7974,7580],[13,0]],[[7987,7515],[-25,0]],[[7962,7515],[0,33]],[[7962,7548],[12,0],[0,32]],[[7999,7548],[13,0]],[[8012,7548],[0,-33]],[[8012,7515],[-13,0]],[[8087,7548],[25,0]],[[8112,7548],[0,-33],[-25,0]],[[8612,7548],[0,-33]],[[8612,7515],[-13,0]],[[8599,7515],[0,33]],[[8749,7548],[13,0]],[[8762,7548],[0,-33]],[[8762,7515],[-13,0]],[[8749,7515],[0,33]],[[8862,7548],[12,0]],[[8874,7548],[0,-33],[-12,0]],[[8862,7515],[0,33]],[[8987,7548],[25,0]],[[9012,7548],[0,-33]],[[9012,7515],[-50,0]],[[8962,7515],[0,33]],[[8974,7548],[0,32]],[[9312,7548],[0,-33],[-25,0]],[[9287,7515],[0,33]],[[2362,7515],[-12,0]],[[2350,7515],[0,-32]],[[2350,7483],[-13,0],[0,32],[-25,0],[0,97]],[[2312,7612],[-37,0]],[[2262,7612],[-12,0]],[[2250,7612],[0,32]],[[2250,7644],[-25,0]],[[2225,7677],[50,0],[0,32],[25,0],[0,-32],[12,0],[0,-33],[13,0],[0,-32],[25,0],[0,-32],[25,0],[0,-32],[-13,0],[0,-33]],[[8074,9289],[200,0]],[[8274,9257],[63,0],[0,-32],[62,0]],[[8587,9160],[0,-96]],[[8599,9096],[50,0]],[[8687,9031],[-13,0]],[[8662,8935],[37,0]],[[8812,8999],[0,65]],[[8812,9064],[37,0]],[[8887,9031],[25,0]],[[8924,8999],[0,65]],[[9287,9096],[112,0]],[[9462,8999],[12,0]],[[9487,8999],[175,0]],[[9662,9031],[37,0]],[[9712,8999],[0,-64],[12,0]],[[9737,8902],[0,65],[12,0]],[[9749,8999],[25,0]],[[9774,9031],[38,0]],[[9824,9031],[75,0]],[[9899,8999],[75,0]],[[9974,8967],[25,0],[0,-65]],[[9999,8870],[0,-193]],[[9987,8612],[-13,0],[0,-64],[13,0],[0,-33],[-13,0]],[[9937,8451],[-13,0]],[[9924,8451],[0,64]],[[9887,8483],[12,0]],[[9899,8451],[-50,0]],[[9699,8419],[0,-97]],[[9699,8322],[-12,0]],[[9674,8322],[-12,0]],[[9662,8354],[-13,0]],[[9649,8386],[-62,0]],[[9599,8322],[0,-65],[-12,0]],[[9587,8289],[-50,0]],[[9537,8289],[0,33]],[[9474,8257],[0,65],[13,0],[0,32],[25,0],[0,32],[-13,0],[0,33]],[[9399,8612],[-12,0]],[[9349,8580],[-12,0]],[[9262,8709],[-25,0]],[[9237,8677],[-25,0]],[[9174,8709],[-62,0]],[[9062,8741],[0,-64]],[[9062,8677],[-25,0]],[[9037,8644],[25,0]],[[9062,8644],[0,-32]],[[9087,8548],[-13,0]],[[9074,8483],[38,0]],[[9149,8419],[0,-97]],[[9124,8257],[25,0],[0,-32],[-112,0]],[[9037,8257],[-63,0]],[[8962,8225],[-25,0]],[[8937,8193],[-25,0]],[[8912,8193],[0,32]],[[8862,8193],[0,32]],[[8849,8225],[0,-97]],[[8837,8064],[0,-65],[-25,0],[0,-32],[25,0],[0,-65],[-13,0],[0,-32],[25,0],[0,32],[50,0],[0,-32],[-37,0]],[[8912,7741],[-50,0]],[[8862,7677],[50,0],[0,-162],[-13,0],[0,33]],[[8899,7548],[-25,0]],[[8874,7548],[0,96]],[[8849,7612],[-12,0]],[[8837,7612],[0,32]],[[8799,7709],[0,97]],[[8774,7773],[0,-64]],[[8787,7644],[0,-64]],[[8762,7580],[0,-32]],[[8749,7548],[0,-65]],[[8749,7483],[-12,0]],[[8737,7483],[0,32],[-113,0],[0,33],[-12,0]],[[8612,7612],[-13,0]],[[8624,7741],[13,0]],[[8612,7741],[-13,0]],[[8599,7709],[-37,0]],[[8562,7709],[0,32]],[[8574,7741],[0,65]],[[8537,7806],[0,64],[-13,0],[0,-32],[-50,0]],[[8474,7838],[0,64]],[[8487,7967],[0,32],[-25,0],[0,-32],[-13,0],[0,32],[-12,0],[0,32],[-38,0]],[[8399,8031],[0,65]],[[8624,8193],[-37,0]],[[8587,8160],[25,0]],[[8612,8128],[-50,0]],[[8549,8193],[0,-33]],[[8549,8160],[-25,0]],[[8474,8225],[0,-65]],[[8449,8128],[50,0]],[[8649,8064],[0,64]],[[8649,8128],[38,0]],[[8662,8193],[0,-33]],[[8649,8193],[-12,0]],[[8449,8709],[-100,0]],[[7162,8160],[0,-96]],[[7162,8064],[-63,0]],[[7062,8386],[25,0]],[[7087,8386],[0,65]],[[7087,8451],[50,0]],[[7137,8451],[0,32]],[[7162,8483],[25,0]],[[7224,8612],[-25,0]],[[7099,8644],[0,65]],[[7087,8677],[-50,0]],[[7024,8709],[0,32]],[[6974,8773],[75,0]],[[7049,8773],[0,65],[13,0],[0,32]],[[7099,8838],[0,32]],[[7112,8870],[0,-97]],[[7112,8773],[12,0]],[[7137,8773],[25,0]],[[7187,8838],[12,0]],[[7199,8806],[25,0]],[[7224,8773],[50,0]],[[7662,8999],[-25,0]],[[7637,8999],[0,65]],[[9087,8967],[12,0]],[[9099,8935],[38,0]],[[9137,8902],[25,0]],[[9162,8902],[0,-64]],[[9274,8806],[0,64]],[[9274,8870],[-25,0]],[[9287,8935],[0,-97]],[[9299,8902],[13,0]],[[9337,8967],[-25,0]],[[9287,8967],[-13,0]],[[9274,8999],[-125,0]],[[8387,9031],[0,-32]],[[8374,8967],[75,0]],[[8424,9031],[-37,0]],[[9037,8935],[0,-65]],[[9037,8870],[62,0]],[[9837,8902],[-100,0]],[[9737,8870],[-13,0]],[[9749,8870],[38,0]],[[9787,8870],[0,-32]],[[9962,8870],[-13,0]],[[9949,8902],[-50,0]],[[8724,8870],[0,-64]],[[8749,8870],[-25,0]],[[9449,8612],[38,0]],[[9487,8612],[0,97]],[[9487,8709],[-38,0]],[[9599,8709],[0,-65]],[[9624,8677],[-12,0]],[[8837,8451],[0,-65]],[[8862,8386],[0,-64]],[[8874,8322],[0,-33]],[[8899,8322],[63,0]],[[8962,8354],[37,0]],[[9024,8451],[-87,0]],[[9524,8451],[13,0],[0,-129]],[[9549,8354],[25,0]],[[9574,8386],[-25,0],[0,97]],[[8799,8419],[0,-33]],[[8787,8354],[37,0]],[[9099,8386],[-12,0]],[[9124,8386],[13,0]],[[8699,8096],[0,-32]],[[8724,8128],[-37,0]],[[3537,7483],[-25,0]],[[3512,7483],[0,65],[13,0],[0,-33],[12,0],[0,-32]],[[5862,7580],[12,0]],[[5874,7580],[0,-32]],[[5874,7548],[25,0],[0,-65],[-12,0],[0,32],[-38,0]],[[1737,7515],[25,0],[0,-32],[-25,0],[0,32]],[[1800,7483],[-13,0],[0,32],[13,0],[0,-32]],[[1962,7515],[13,0],[0,-32],[-13,0],[0,32]],[[1987,7515],[13,0],[0,-32],[-13,0],[0,32]],[[2137,7515],[13,0],[0,-32],[-13,0],[0,32]],[[4875,7515],[0,-32],[-13,0]],[[4862,7483],[0,32],[13,0]],[[5112,7483],[0,32],[12,0],[0,-32],[-12,0]],[[5162,7515],[0,-32]],[[5162,7483],[-13,0],[0,32],[13,0]],[[5449,7515],[13,0]],[[5462,7515],[0,-32]],[[5462,7483],[-13,0]],[[5449,7483],[0,32]],[[5462,7515],[12,0]],[[5474,7515],[0,-32]],[[5474,7483],[-12,0]],[[5737,7548],[12,0]],[[5749,7548],[0,-33],[25,0],[0,-32],[-50,0],[0,32]],[[5724,7515],[13,0]],[[6412,7483],[0,32],[12,0],[0,-32],[-12,0]],[[7362,7515],[25,0]],[[7387,7515],[0,-32]],[[7387,7483],[-25,0],[0,32]],[[7412,7515],[12,0]],[[7424,7515],[0,-32]],[[7424,7483],[-12,0],[0,32]],[[7499,7548],[25,0],[0,-65],[-37,0],[0,32],[12,0],[0,33]],[[8074,7515],[13,0]],[[8087,7515],[0,-32],[-13,0],[0,32]],[[8174,7515],[13,0],[0,-32],[-13,0],[0,32]],[[8462,7515],[0,-32]],[[8462,7483],[-13,0]],[[8449,7483],[0,32],[13,0]],[[8762,7515],[0,-32]],[[8762,7483],[-13,0]],[[8749,7483],[0,32]],[[8787,7515],[0,-32]],[[8787,7483],[-25,0]],[[9012,7515],[0,-32],[-13,0],[0,32],[13,0]],[[9287,7515],[0,-32],[-13,0],[0,32],[13,0]],[[5162,7580],[12,0],[0,-32],[25,0],[0,-33]],[[5199,7515],[-25,0],[0,-64],[-12,0]],[[5162,7451],[0,129]],[[2362,7515],[0,-32],[25,0],[0,-32],[-37,0]],[[2350,7451],[0,64]],[[3187,7548],[13,0]],[[3200,7548],[0,-97],[-25,0],[0,32],[-13,0],[0,-32],[-25,0],[0,64]],[[4950,7548],[50,0]],[[5000,7548],[0,-33]],[[5012,7515],[0,-32]],[[5012,7483],[12,0],[0,-32],[-24,0]],[[5000,7451],[0,32],[-13,0],[0,32],[-25,0],[0,-32]],[[4962,7483],[-37,0]],[[4925,7483],[0,32]],[[5000,7451],[-25,0]],[[4975,7451],[0,32]],[[4975,7483],[-13,0]],[[5662,7515],[12,0],[0,-64],[-12,0],[0,64]],[[8012,7548],[12,0]],[[8024,7515],[38,0]],[[8062,7515],[0,-32],[-13,0],[0,-32]],[[8049,7451],[-62,0]],[[7987,7451],[0,32]],[[7987,7483],[-25,0]],[[7962,7483],[0,32]],[[7962,7515],[50,0]],[[8874,7580],[0,-32]],[[8862,7548],[0,-65]],[[8862,7483],[-25,0]],[[8837,7483],[0,-32]],[[8837,7451],[-25,0],[0,64]],[[8837,7548],[0,64]],[[2737,7483],[13,0],[0,-32],[-13,0],[0,32]],[[5112,7483],[0,-32],[-13,0],[0,32],[13,0]],[[5624,7483],[13,0],[0,-32],[-13,0],[0,32]],[[6737,7483],[25,0],[0,-32],[-25,0],[0,32]],[[7437,7483],[12,0],[0,-32],[-12,0],[0,32]],[[7737,7451],[0,32],[12,0],[0,-32],[-12,0]],[[7974,7483],[13,0]],[[7987,7451],[-13,0]],[[7974,7451],[0,32]],[[8637,7483],[25,0],[0,-32],[-25,0],[0,32]],[[8762,7483],[12,0]],[[8774,7483],[0,-32]],[[8774,7451],[-12,0],[0,32]],[[8837,7483],[12,0]],[[8849,7483],[0,-32],[-12,0]],[[8962,7483],[12,0]],[[8974,7483],[0,-32],[-12,0],[0,32]],[[8537,7644],[0,-96]],[[8599,7515],[-50,0]],[[8549,7515],[0,-64]],[[8549,7451],[-12,0],[0,-32]],[[8537,7419],[-13,0],[0,64]],[[8524,7483],[-12,0]],[[8512,7483],[0,32],[-13,0],[0,33]],[[8499,7548],[25,0]],[[8524,7548],[0,96],[13,0]],[[1800,7483],[12,0]],[[1812,7483],[0,-64]],[[1812,7419],[-12,0],[0,64]],[[1812,7483],[25,0]],[[1837,7483],[0,-64]],[[1837,7419],[-25,0]],[[4875,7515],[50,0]],[[4925,7483],[50,0]],[[4975,7483],[0,-64]],[[4975,7419],[-38,0]],[[4937,7419],[0,32],[-25,0],[0,32],[-25,0],[0,-32],[13,0],[0,-32]],[[4900,7419],[-38,0],[0,64]],[[5037,7483],[12,0],[0,-32],[13,0],[0,-32],[-25,0],[0,64]],[[8224,7483],[0,-32]],[[8224,7451],[13,0]],[[8237,7451],[0,-32],[-25,0],[0,64],[12,0]],[[1662,7451],[0,-32],[-12,0]],[[1650,7419],[0,32],[12,0]],[[1762,7451],[13,0],[0,-32],[-13,0],[0,32]],[[1975,7419],[-25,0],[0,32],[25,0],[0,-32]],[[3100,7451],[25,0],[0,-32],[-25,0],[0,32]],[[5000,7451],[0,-32]],[[5000,7419],[-25,0]],[[4975,7419],[0,32]],[[5812,7419],[-38,0],[0,32],[13,0],[0,32],[12,0],[0,-32],[13,0],[0,-32]],[[7324,7451],[25,0],[0,-32],[-25,0],[0,32]],[[7712,7451],[12,0]],[[7724,7451],[0,-32]],[[7724,7419],[-12,0]],[[7712,7419],[0,32]],[[7724,7451],[13,0]],[[7737,7451],[0,-32]],[[7737,7419],[-13,0]],[[7762,7451],[12,0],[0,-32],[-12,0],[0,32]],[[8124,7451],[13,0],[0,-32],[-13,0],[0,32]],[[8424,7451],[0,-32]],[[8424,7419],[-12,0]],[[8412,7419],[0,32],[12,0]],[[8424,7451],[13,0],[0,-32],[-13,0]],[[8549,7451],[0,-32]],[[8549,7419],[-12,0]],[[8574,7451],[13,0],[0,-32],[-13,0],[0,32]],[[1825,7548],[12,0]],[[1837,7548],[0,-33],[13,0],[0,-32],[12,0],[0,-32],[13,0]],[[1875,7451],[0,-65]],[[1875,7386],[-38,0]],[[1837,7386],[0,97]],[[1812,7483],[0,129]],[[1650,7419],[-13,0],[0,-33]],[[1637,7386],[-12,0],[0,129],[12,0],[0,33],[13,0],[0,-33],[12,0],[0,-64]],[[2787,7515],[63,0],[0,-32],[37,0],[0,-64],[-12,0],[0,32],[-25,0],[0,-32],[-25,0],[0,32],[-25,0],[0,-32],[12,0],[0,-33],[-37,0],[0,33],[-13,0],[0,64],[13,0],[0,-32],[12,0],[0,64]],[[3375,7386],[-25,0],[0,33],[-13,0],[0,32],[13,0],[0,64],[37,0]],[[3387,7515],[0,33],[25,0],[0,-33],[-12,0],[0,-32],[-13,0],[0,-32],[-12,0],[0,-65]],[[3462,7677],[0,-33]],[[3450,7612],[-13,0]],[[3437,7612],[0,-32],[-12,0],[0,-32],[25,0],[0,-33],[25,0],[0,-96],[-13,0],[0,-33]],[[3462,7386],[-37,0]],[[3425,7386],[0,65],[-25,0],[0,-65]],[[3400,7386],[-25,0]],[[3387,7515],[-25,0],[0,33],[13,0],[0,32],[25,0]],[[3425,7386],[-25,0]],[[6587,7451],[25,0],[0,-32],[-13,0],[0,-33],[-12,0],[0,65]],[[7562,7451],[25,0],[0,-32],[-13,0],[0,-33],[-12,0],[0,65]],[[7837,7451],[25,0],[0,-65]],[[7862,7386],[-25,0]],[[7837,7386],[0,65]],[[1650,7419],[0,-33],[-13,0]],[[1837,7419],[0,-33]],[[1837,7386],[-25,0]],[[1812,7386],[0,33]],[[2012,7386],[0,33],[25,0],[0,-33],[-25,0]],[[3275,7419],[12,0],[0,-33],[-12,0],[0,33]],[[3537,7419],[13,0],[0,-33],[-13,0],[0,33]],[[4900,7419],[25,0],[0,-33]],[[4925,7386],[-25,0],[0,33]],[[8424,7419],[0,-33],[-12,0],[0,33]],[[8662,7419],[12,0]],[[8674,7419],[0,-33],[-12,0],[0,33]],[[1475,7644],[12,0],[0,-32],[25,0],[0,-32],[-12,0],[0,-32],[25,0],[0,-33],[12,0],[0,-32],[13,0],[0,-32],[25,0],[0,32],[12,0],[0,-32],[13,0],[0,-32],[-25,0],[0,-33],[-25,0]],[[1550,7386],[0,-32],[-13,0],[0,65],[-12,0],[0,64],[-25,0],[0,32],[-13,0]],[[1475,7580],[0,-32],[-13,0],[0,32],[-25,0],[0,32]],[[5199,7515],[25,0]],[[5224,7515],[0,-32],[-12,0],[0,-64],[25,0],[0,32],[12,0],[0,-32],[13,0],[0,-33],[-50,0],[0,-32],[-13,0],[0,65],[-12,0],[0,32],[12,0],[0,64]],[[8899,7548],[0,-97],[-12,0],[0,-32],[-13,0],[0,-33],[-12,0],[0,-32],[-13,0]],[[8849,7354],[0,65],[-12,0]],[[8837,7419],[0,32]],[[8849,7483],[13,0]],[[8862,7483],[0,32]],[[6349,7515],[25,0],[0,-32],[38,0]],[[6412,7483],[0,-97],[-13,0],[0,-32],[-62,0],[0,65],[12,0],[0,32],[-25,0],[0,32],[25,0],[0,32]],[[8537,7419],[25,0]],[[8562,7419],[0,-65],[-13,0]],[[8549,7354],[0,32]],[[8549,7386],[-12,0]],[[8537,7386],[0,33]],[[8837,7419],[0,-33]],[[8837,7386],[-13,0],[0,-32]],[[8824,7354],[-25,0]],[[8799,7354],[0,65],[38,0]],[[8849,7354],[-12,0]],[[8837,7354],[0,65]],[[1900,7386],[12,0]],[[1912,7386],[0,-32]],[[1912,7354],[-12,0]],[[1900,7354],[0,32]],[[1912,7386],[13,0]],[[1925,7386],[0,-32]],[[1925,7354],[-13,0]],[[2012,7386],[0,-32],[-12,0],[0,32],[12,0]],[[2487,7419],[13,0],[0,-33],[12,0]],[[2512,7386],[0,-32],[-37,0],[0,32],[12,0],[0,33]],[[4925,7386],[12,0]],[[4937,7386],[0,-32],[-12,0],[0,32]],[[5074,7386],[13,0],[0,-32],[-13,0],[0,32]],[[6712,7386],[12,0],[0,-32],[-12,0],[0,32]],[[7774,7386],[25,0],[0,-32],[-25,0],[0,32]],[[7837,7386],[12,0]],[[7849,7386],[0,-32],[-12,0]],[[7837,7354],[0,32]],[[8437,7386],[12,0],[0,-32],[-12,0],[0,32]],[[8537,7386],[0,-32],[-13,0],[0,32],[13,0]],[[8837,7386],[0,-32]],[[8837,7354],[-13,0]],[[9212,7386],[25,0],[0,-32],[-25,0],[0,32]],[[6762,7419],[12,0],[0,-33],[38,0],[0,-64],[-13,0],[0,32],[-37,0],[0,65]],[[3425,7386],[12,0]],[[3437,7386],[0,-64]],[[3437,7322],[-12,0],[0,64]],[[3437,7612],[25,0]],[[3462,7612],[0,-32],[50,0],[0,-97]],[[3537,7483],[0,-129]],[[3537,7354],[-12,0],[0,-32]],[[3525,7322],[-38,0],[0,64],[-12,0],[0,-32],[-38,0]],[[3437,7354],[0,32]],[[3437,7386],[25,0]],[[7837,7354],[0,-32],[-25,0],[0,64],[12,0],[0,-32],[13,0]],[[1875,7354],[0,-32],[-25,0]],[[1850,7322],[0,32],[25,0]],[[1962,7354],[13,0],[0,-32],[-13,0],[0,32]],[[2300,7354],[12,0],[0,-32],[-12,0],[0,32]],[[3437,7354],[13,0],[0,-32],[-13,0]],[[3437,7322],[0,32]],[[3537,7354],[0,-32],[-12,0]],[[5012,7354],[12,0],[0,-32],[-12,0],[0,32]],[[5224,7322],[0,32],[13,0],[0,-32],[-13,0]],[[5262,7354],[12,0]],[[5274,7354],[0,-32]],[[5274,7322],[-12,0]],[[5262,7322],[0,32]],[[5274,7354],[25,0]],[[5299,7354],[0,-32]],[[5299,7322],[-25,0]],[[5449,7322],[-25,0],[0,32],[25,0],[0,-32]],[[6737,7354],[12,0],[0,-32],[-12,0],[0,32]],[[8612,7354],[0,-32]],[[8612,7322],[-13,0]],[[8599,7322],[0,32],[13,0]],[[8849,7354],[0,-32]],[[8849,7322],[-12,0],[0,32]],[[8924,7354],[13,0],[0,-32],[-13,0],[0,32]],[[8737,7386],[-13,0],[0,-32],[-25,0],[0,-32],[13,0],[0,-32]],[[8712,7290],[-25,0]],[[8687,7290],[0,32]],[[8687,7322],[-38,0]],[[8649,7322],[0,32],[-12,0],[0,-64]],[[8637,7290],[-13,0]],[[8624,7290],[0,129]],[[8624,7419],[38,0]],[[8674,7419],[13,0]],[[8687,7419],[0,32],[50,0],[0,-65]],[[1812,7386],[63,0]],[[1875,7386],[0,-32]],[[1850,7322],[-13,0],[0,-32],[-12,0],[0,64],[-13,0],[0,32]],[[1925,7386],[12,0]],[[1937,7386],[0,-96],[-12,0]],[[1925,7290],[0,96]],[[2025,7515],[12,0],[0,-64],[13,0],[0,-32],[12,0],[0,-65],[-12,0],[0,-64],[-13,0],[0,32],[-25,0],[0,-32],[-12,0],[0,32],[-13,0],[0,64],[-12,0],[0,33]],[[1975,7419],[12,0],[0,32],[38,0],[0,64]],[[6912,7419],[25,0],[0,-65],[12,0],[0,-64],[-12,0],[0,32],[-13,0],[0,-32],[-25,0],[0,32],[-12,0],[0,64],[25,0],[0,33]],[[8487,7290],[0,32],[-13,0],[0,64],[13,0],[0,-32],[12,0],[0,-64],[-12,0]],[[5474,7354],[13,0],[0,-64],[-13,0],[0,64]],[[6474,7354],[0,-64],[-12,0]],[[6462,7290],[0,32],[-25,0],[0,32],[37,0]],[[7212,7354],[25,0],[0,-64],[-13,0],[0,32],[-12,0],[0,32]],[[8237,7354],[37,0]],[[8274,7354],[0,-32],[-12,0],[0,-32],[-13,0],[0,32]],[[8249,7322],[-12,0]],[[8237,7322],[0,32]],[[1637,7322],[0,-32]],[[1637,7290],[-37,0]],[[1600,7290],[0,32],[37,0]],[[1775,7322],[12,0],[0,-32],[-12,0]],[[1775,7290],[0,32]],[[1875,7354],[12,0],[0,-64]],[[1887,7290],[-37,0]],[[1850,7290],[0,32]],[[3275,7322],[12,0],[0,-32],[-12,0],[0,32]],[[4962,7322],[0,-32],[-12,0],[0,32],[12,0]],[[4987,7322],[13,0]],[[5000,7322],[0,-32]],[[5000,7290],[-13,0]],[[4987,7290],[0,32]],[[5162,7322],[12,0],[0,-32],[-12,0],[0,32]],[[5224,7322],[0,-32],[-12,0]],[[5212,7290],[0,32],[12,0]],[[5399,7322],[13,0],[0,-32],[-13,0],[0,32]],[[5449,7322],[13,0],[0,-32],[-13,0]],[[5449,7290],[0,32]],[[5887,7322],[0,-32]],[[5887,7290],[-13,0],[0,32],[13,0]],[[6362,7322],[12,0],[0,-32],[-12,0]],[[6362,7290],[0,32]],[[6487,7322],[25,0],[0,-32],[-25,0],[0,32]],[[7049,7290],[0,32],[13,0],[0,-32],[-13,0]],[[7262,7290],[0,32],[12,0],[0,-32],[-12,0]],[[7612,7322],[12,0],[0,-32],[-12,0],[0,32]],[[8549,7322],[25,0],[0,-32]],[[8574,7290],[-25,0]],[[8549,7290],[0,32]],[[8599,7322],[0,-32]],[[8599,7290],[-12,0],[0,32],[12,0]],[[8612,7386],[12,0]],[[8624,7386],[0,-96]],[[8624,7290],[-25,0]],[[8612,7322],[0,64]],[[8987,7322],[0,32],[12,0],[0,-64],[-25,0],[0,32],[13,0]],[[9174,7322],[13,0],[0,-32],[-13,0],[0,32]],[[8399,8128],[0,-97]],[[8499,7773],[0,33]],[[8512,7741],[50,0]],[[8562,7741],[0,-64]],[[8537,7612],[0,32]],[[8524,7548],[-37,0]],[[8487,7548],[0,32],[12,0],[0,32],[-37,0]],[[8462,7612],[0,-97]],[[8449,7483],[-25,0]],[[8424,7483],[0,-32]],[[8412,7419],[-13,0],[0,-33],[-12,0]],[[8387,7386],[0,-64]],[[8387,7322],[-13,0],[0,-65]],[[8374,7257],[-12,0]],[[8362,7257],[0,65],[-13,0],[0,32],[-12,0],[0,32],[25,0],[0,33],[12,0],[0,96],[13,0],[0,33]],[[8387,7548],[37,0]],[[8424,7580],[-37,0]],[[8387,7580],[0,32],[-13,0],[0,32]],[[8374,7644],[-12,0],[0,-32],[-13,0],[0,32]],[[8349,7644],[-12,0]],[[8324,8096],[13,0]],[[1925,7322],[0,-65]],[[1925,7257],[-13,0]],[[1912,7257],[0,65],[13,0]],[[2062,7322],[25,0],[0,-65],[-12,0],[0,33],[-13,0],[0,32]],[[3062,7386],[38,0],[0,-96],[-13,0],[0,-33],[-37,0],[0,65],[12,0],[0,64]],[[4975,7322],[12,0]],[[4987,7322],[0,-65]],[[4987,7257],[-12,0],[0,65]],[[7349,7322],[13,0],[0,-65],[-13,0],[0,65]],[[8387,7322],[0,-65]],[[8387,7257],[-13,0]],[[9174,7322],[0,-65],[-25,0],[0,65],[25,0]],[[1737,7290],[25,0],[0,-33]],[[1762,7257],[-25,0]],[[1737,7257],[0,33]],[[2750,7290],[0,-33]],[[2750,7257],[-13,0]],[[2737,7257],[0,33],[13,0]],[[525,9031],[125,0]],[[650,8999],[287,0]],[[937,9031],[63,0]],[[725,8870],[75,0]],[[837,8870],[25,0]],[[1125,8967],[87,0]],[[1287,8999],[25,0],[0,32],[13,0]],[[1412,8999],[0,32],[63,0]],[[1587,8773],[50,0],[0,-64],[25,0],[0,32],[25,0]],[[2387,8419],[0,-97],[-12,0],[0,-97],[37,0]],[[2425,8193],[0,-33],[12,0],[0,-64],[13,0],[0,32],[50,0],[0,-32],[50,0],[0,-32],[12,0],[0,-33],[50,0],[0,-32],[25,0],[0,-32],[88,0],[0,-129],[25,0],[0,-32],[12,0],[0,-33],[-25,0],[0,-32],[25,0],[0,-32],[13,0],[0,32],[25,0],[0,129],[-13,0],[0,32],[-12,0],[0,33],[12,0],[0,32],[50,0],[0,32],[13,0],[0,32],[12,0],[0,97],[-12,0],[0,32],[-25,0],[0,33],[-13,0],[0,32]],[[3075,8289],[0,-64]],[[3075,8225],[25,0]],[[3112,8225],[13,0],[0,-32],[12,0],[0,32],[25,0],[0,32],[25,0]],[[3250,8193],[25,0],[0,-33],[-13,0]],[[3300,8096],[0,-32],[12,0],[0,-33],[25,0],[0,-64],[63,0],[0,-32],[12,0],[0,-65],[38,0],[0,-32],[12,0],[0,-32]],[[3462,7773],[0,-32]],[[3425,7677],[-63,0]],[[3362,7644],[13,0],[0,-32],[-25,0],[0,-32],[-75,0]],[[3275,7580],[0,-32],[12,0],[0,-33],[-12,0],[0,-32],[-13,0],[0,32],[-37,0]],[[3225,7515],[0,33],[-25,0]],[[3200,7548],[0,32],[-50,0],[0,32]],[[3137,7515],[-25,0],[0,33],[-12,0],[0,-33],[-25,0],[0,-32],[-13,0],[0,-32],[-12,0],[0,32],[-25,0],[0,32],[-13,0],[0,33],[-12,0],[0,-33],[-25,0],[0,-32],[12,0],[0,-32],[50,0],[0,-65],[-62,0],[0,-32],[-38,0],[0,-32],[-12,0],[0,32],[-38,0],[0,-32],[-12,0],[0,-32],[-38,0],[0,-33],[-37,0],[0,33],[12,0],[0,64],[-75,0],[0,-32],[13,0]],[[2750,7322],[0,-32]],[[2737,7257],[-75,0]],[[2662,7257],[0,65],[13,0],[0,32],[-25,0],[0,-32],[-13,0]],[[2637,7322],[0,64],[-37,0],[0,65],[-25,0],[0,32],[-13,0],[0,-32],[-12,0],[0,-32],[25,0],[0,-65],[-38,0]],[[2537,7354],[0,32]],[[2537,7386],[-12,0],[0,33],[-13,0]],[[2512,7419],[0,32],[13,0],[0,32],[-25,0],[0,-32],[-25,0],[0,-32],[-25,0],[0,32],[-38,0],[0,64],[-50,0]],[[2187,7741],[-50,0]],[[2012,7838],[-37,0]],[[1837,7935],[0,-33]],[[1837,7902],[-37,0]],[[1812,7612],[-12,0],[0,-32],[-13,0],[0,64],[-12,0],[0,-32],[-25,0],[0,-32],[-25,0],[0,32],[-13,0],[0,65],[-12,0],[0,32],[-38,0],[0,32],[-25,0],[0,65],[-37,0],[0,64],[-25,0],[0,-32],[-13,0]],[[1562,7838],[0,-65],[38,0],[0,-96],[12,0],[0,-65],[13,0],[0,-32],[-25,0],[0,32]],[[1600,7612],[-25,0]],[[1562,7677],[-37,0]],[[1525,7677],[0,32]],[[1487,7677],[-12,0]],[[1475,7677],[0,-33]],[[1437,7644],[0,65],[-12,0],[0,32],[-25,0],[0,32],[-13,0],[0,65]],[[1387,7902],[-37,0]],[[1350,7902],[0,97]],[[1400,7967],[0,97]],[[1287,8257],[-25,0]],[[1250,8322],[25,0]],[[1237,8322],[-37,0]],[[1162,8386],[-50,0]],[[1112,8419],[-37,0]],[[1012,8451],[-12,0]],[[987,8483],[0,-64]],[[950,8548],[-25,0]],[[925,8580],[-63,0]],[[850,8580],[-13,0]],[[837,8580],[0,-32]],[[800,8515],[-38,0]],[[725,8289],[25,0]],[[750,8289],[0,-64],[25,0]],[[775,8225],[0,-32]],[[775,8193],[-50,0],[0,-33],[37,0]],[[762,8096],[-12,0],[0,-32],[-25,0],[0,-33],[-13,0],[0,33],[-12,0],[0,64],[-25,0],[0,-32],[-13,0],[0,-32],[-25,0],[0,-33],[-25,0],[0,-32],[-37,0],[0,-32],[-38,0],[0,-32],[-12,0]],[[525,7967],[-25,0]],[[500,7967],[0,32]],[[500,7999],[-13,0],[0,32],[50,0],[0,33],[38,0],[0,32],[12,0],[0,32],[25,0],[0,65]],[[612,8193],[-12,0],[0,-33],[-25,0],[0,33],[-50,0]],[[512,8225],[-25,0],[0,32]],[[500,8289],[-25,0]],[[487,8354],[25,0]],[[512,8386],[-50,0]],[[462,8386],[0,65]],[[462,8451],[13,0]],[[462,8515],[0,33]],[[462,8548],[38,0]],[[500,8580],[25,0]],[[525,8612],[-25,0]],[[487,8644],[0,-64]],[[487,8580],[-12,0],[0,32],[-113,0],[0,65],[25,0]],[[387,8709],[-25,0]],[[362,8709],[0,64],[13,0]],[[412,8773],[38,0],[0,-32],[37,0],[0,32],[-25,0],[0,33],[-25,0],[0,32],[-37,0],[0,64]],[[937,8580],[25,0]],[[962,8580],[0,-65]],[[962,8515],[38,0]],[[987,8580],[-12,0]],[[1800,8386],[37,0],[0,65],[-12,0],[0,-32],[-25,0],[0,-33]],[[1712,7935],[0,32]],[[1712,7967],[25,0]],[[1400,7967],[0,-97]],[[2275,7806],[0,32],[-25,0],[0,-32],[25,0]],[[2275,7806],[0,-33],[12,0],[0,33],[-12,0]],[[1712,7773],[0,-64]],[[1762,7644],[0,33]],[[5000,7290],[12,0],[0,-33],[-12,0],[0,33]],[[5074,7290],[13,0],[0,-33],[-13,0],[0,33]],[[5137,7290],[12,0]],[[5149,7290],[0,-33],[-12,0]],[[5137,7257],[0,33]],[[5237,7290],[50,0],[0,-33],[-50,0],[0,33]],[[5362,7257],[-50,0]],[[5312,7257],[0,33],[50,0],[0,-33]],[[5449,7290],[0,-33],[-12,0],[0,33],[12,0]],[[5549,7290],[13,0],[0,-33]],[[5562,7257],[-13,0]],[[5549,7257],[0,33]],[[5999,7290],[0,-33],[-12,0]],[[5987,7257],[0,33],[12,0]],[[6362,7290],[0,-33],[-25,0]],[[6337,7257],[0,33],[25,0]],[[6462,7290],[0,-33],[-38,0]],[[6424,7257],[0,33],[38,0]],[[7262,7290],[0,-33],[-13,0],[0,33],[13,0]],[[8399,7290],[13,0],[0,-33],[-13,0],[0,33]],[[8474,7483],[50,0]],[[8549,7386],[0,-96]],[[8549,7290],[-12,0]],[[8537,7290],[0,-33]],[[8537,7257],[-50,0]],[[8487,7257],[0,33]],[[8487,7290],[-25,0],[0,129],[12,0],[0,64]],[[8599,7290],[13,0]],[[8612,7290],[0,-33],[-13,0],[0,33]],[[8937,7257],[-25,0]],[[8912,7257],[0,33],[25,0],[0,-33]],[[8962,7515],[12,0],[0,-32]],[[8962,7483],[0,-64],[12,0],[0,-33],[13,0],[0,-64]],[[8987,7322],[-25,0],[0,-32],[-13,0],[0,-65]],[[8949,7225],[-12,0]],[[8937,7225],[0,484]],[[8799,7354],[38,0]],[[8849,7322],[0,-32],[-50,0]],[[8799,7290],[0,-65]],[[8799,7225],[-25,0],[0,32],[-12,0],[0,-32],[-25,0],[0,161]],[[8737,7386],[12,0],[0,33],[25,0]],[[8774,7419],[0,64]],[[8774,7483],[13,0]],[[8674,7322],[13,0]],[[8687,7290],[12,0]],[[8699,7290],[0,-33],[-12,0],[0,-32]],[[8687,7225],[-13,0]],[[8674,7225],[0,97]],[[5124,7290],[13,0]],[[5137,7290],[0,-65]],[[5137,7225],[-13,0],[0,65]],[[5212,7290],[0,-33]],[[5212,7257],[-13,0],[0,-32],[-12,0],[0,65],[25,0]],[[8662,7290],[12,0]],[[8674,7290],[0,-65]],[[8674,7225],[-12,0]],[[8662,7225],[0,65]],[[8799,7290],[38,0],[0,-33],[-13,0],[0,-32],[-25,0]],[[1850,7257],[12,0]],[[1862,7257],[0,-32]],[[1862,7225],[-12,0],[0,32]],[[1950,7257],[12,0]],[[1962,7257],[0,-32]],[[1962,7225],[-12,0],[0,32]],[[2000,7225],[-13,0],[0,32],[13,0],[0,-32]],[[2112,7257],[25,0],[0,-32],[-25,0],[0,32]],[[5212,7257],[12,0],[0,-32],[-12,0],[0,32]],[[5324,7257],[25,0],[0,-32]],[[5349,7225],[-25,0],[0,32]],[[5362,7257],[12,0]],[[5374,7257],[0,-32],[-12,0],[0,32]],[[5612,7225],[-75,0]],[[5537,7225],[0,32]],[[5537,7257],[25,0]],[[5549,7290],[0,32]],[[5549,7322],[-12,0],[0,32],[-25,0],[0,32],[-13,0],[0,65],[13,0],[0,-32],[12,0],[0,-33],[25,0],[0,33],[13,0],[0,32],[50,0],[0,-226]],[[5824,7257],[13,0],[0,-32],[-13,0]],[[5824,7225],[0,32]],[[6274,7257],[13,0],[0,-32],[-13,0],[0,32]],[[6337,7257],[0,-32],[-13,0]],[[6324,7225],[0,32],[13,0]],[[6524,7225],[-12,0],[0,32],[12,0],[0,-32]],[[7549,7257],[25,0]],[[7574,7257],[0,-32]],[[7574,7225],[-25,0]],[[7549,7225],[0,32]],[[8362,7257],[0,-32],[-13,0],[0,32],[13,0]],[[8474,7257],[25,0]],[[8499,7257],[0,-32]],[[8499,7225],[-25,0],[0,32]],[[8624,7257],[13,0],[0,-32],[-13,0],[0,32]],[[8662,7257],[0,-32]],[[8662,7225],[-13,0]],[[8649,7225],[0,32],[13,0]],[[8712,7257],[12,0],[0,-32],[-12,0],[0,32]],[[8912,7257],[12,0]],[[8924,7257],[0,-32],[-12,0],[0,32]],[[8962,7257],[0,-32]],[[8962,7225],[-13,0]],[[8949,7225],[0,32],[13,0]],[[8962,7257],[12,0],[0,-32]],[[8974,7225],[-12,0]],[[7112,7225],[0,32],[-25,0],[0,33],[-13,0],[0,32],[13,0],[0,32],[37,0],[0,-32],[38,0],[0,32],[37,0],[0,-64],[-12,0],[0,-33],[-25,0],[0,33],[-13,0],[0,-97],[-25,0],[0,32],[-12,0]],[[6812,7290],[12,0],[0,-33],[25,0],[0,-64],[-12,0],[0,32],[-25,0],[0,65]],[[2037,7193],[0,64],[13,0],[0,-64],[-13,0]],[[2625,7225],[-38,0],[0,-32]],[[2587,7193],[-12,0],[0,64]],[[2575,7257],[37,0],[0,33],[25,0],[0,-33],[-12,0],[0,-32]],[[2750,7257],[25,0],[0,-64],[-13,0],[0,32],[-12,0],[0,32]],[[6424,7257],[0,-64]],[[6424,7193],[-50,0],[0,64],[50,0]],[[8499,7257],[25,0]],[[8524,7257],[0,-32],[13,0],[0,-32]],[[8537,7193],[-25,0]],[[8512,7193],[0,32],[-13,0]],[[8524,7257],[50,0]],[[8574,7257],[0,-64],[-37,0]],[[1712,7225],[13,0]],[[1725,7225],[0,-32]],[[1725,7193],[-13,0]],[[1712,7193],[0,32]],[[1762,7225],[13,0]],[[1775,7225],[0,-32]],[[1775,7193],[-13,0],[0,32]],[[1862,7225],[13,0]],[[1875,7225],[0,-32]],[[1875,7193],[-13,0]],[[1862,7193],[0,32]],[[1900,7225],[12,0],[0,-32],[-12,0],[0,32]],[[2725,7225],[12,0],[0,-32],[-12,0]],[[2725,7193],[0,32]],[[3275,7225],[12,0],[0,-32],[-12,0]],[[3275,7193],[0,32]],[[4987,7225],[13,0],[0,-32],[-13,0],[0,32]],[[5562,7225],[25,0]],[[5587,7225],[0,-32],[-25,0],[0,32]],[[5812,7225],[12,0]],[[5824,7225],[0,-32],[-12,0],[0,32]],[[5937,7225],[0,-32],[-13,0]],[[5924,7193],[0,32],[13,0]],[[6899,7193],[-25,0],[0,32],[25,0],[0,-32]],[[7112,7225],[0,-32],[-38,0],[0,32],[38,0]],[[7212,7225],[12,0],[0,-32],[-12,0],[0,32]],[[8512,7193],[-13,0],[0,32]],[[8974,7225],[13,0],[0,-32],[-13,0]],[[8974,7193],[0,32]],[[9074,7193],[0,32],[13,0],[0,32],[25,0],[0,33],[25,0],[0,-65],[-38,0],[0,-32],[-25,0]],[[7449,7386],[13,0],[0,-32],[12,0],[0,-32],[25,0],[0,-32],[13,0],[0,-65],[-13,0],[0,-64],[-25,0],[0,32],[-62,0],[0,32],[-38,0],[0,97],[75,0],[0,64]],[[8924,7257],[13,0]],[[8937,7257],[0,-32]],[[8949,7225],[0,-32]],[[8949,7193],[-12,0],[0,-32]],[[8937,7161],[-13,0]],[[8924,7161],[0,96]],[[1825,7225],[12,0]],[[1837,7225],[0,-64]],[[1837,7161],[-12,0]],[[1825,7161],[0,64]],[[2000,7225],[25,0]],[[2025,7225],[0,-64]],[[2025,7161],[-13,0]],[[2012,7161],[0,32],[-12,0],[0,32]],[[1687,7193],[13,0],[0,-32],[-13,0],[0,32]],[[1975,7161],[0,32],[12,0],[0,-32],[-12,0]],[[2025,7193],[12,0]],[[2037,7193],[0,-32]],[[2037,7161],[-12,0]],[[2025,7161],[0,32]],[[2587,7193],[13,0],[0,-32]],[[2600,7161],[-13,0]],[[2587,7161],[0,32]],[[5037,7161],[-25,0],[0,32],[25,0],[0,-32]],[[5062,7193],[12,0],[0,-32],[-12,0],[0,32]],[[5237,7193],[25,0],[0,-32]],[[5262,7161],[-25,0],[0,32]],[[5412,7193],[0,-32]],[[5412,7161],[-13,0],[0,32],[13,0]],[[5412,7193],[12,0]],[[5424,7193],[0,-32],[-12,0]],[[5974,7193],[-12,0],[0,-32],[-38,0],[0,32]],[[5937,7225],[25,0]],[[5962,7225],[0,32],[12,0],[0,-64]],[[6324,7161],[-12,0]],[[6312,7161],[0,32],[12,0],[0,-32]],[[6462,7193],[12,0],[0,-32],[-12,0],[0,32]],[[8512,7193],[12,0]],[[8524,7193],[0,-32]],[[8524,7161],[-12,0]],[[8512,7161],[0,32]],[[8524,7193],[13,0]],[[8537,7193],[0,-32]],[[8537,7161],[-13,0]],[[8599,7161],[-12,0]],[[8587,7161],[0,32],[12,0],[0,-32]],[[8949,7193],[0,-32]],[[8949,7161],[-12,0]],[[8949,7193],[13,0],[0,-32]],[[8962,7161],[-13,0]],[[9074,7193],[0,-32],[-50,0]],[[9024,7161],[0,32],[50,0]],[[1775,7386],[37,0]],[[1850,7290],[25,0]],[[1875,7290],[0,-33]],[[1875,7257],[-25,0]],[[1862,7193],[-25,0]],[[1837,7193],[0,32]],[[1825,7225],[0,-97]],[[1825,7128],[-38,0]],[[1787,7128],[0,33],[-12,0]],[[1775,7161],[0,64]],[[1775,7225],[-50,0]],[[1725,7225],[0,97],[12,0]],[[1737,7322],[0,-65]],[[1737,7257],[38,0]],[[1775,7257],[0,33]],[[1775,7322],[0,64]],[[1712,7257],[0,-129]],[[1712,7128],[-37,0]],[[1675,7128],[0,65]],[[1675,7193],[12,0]],[[1687,7193],[0,32],[13,0],[0,32],[12,0]],[[2100,7193],[25,0],[0,-65],[-13,0],[0,33],[-12,0],[0,32]],[[6287,7128],[-25,0],[0,65],[12,0],[0,-32],[13,0],[0,-33]],[[7574,7257],[25,0]],[[7599,7257],[0,-96]],[[7599,7161],[-12,0],[0,-33],[-25,0]],[[7562,7128],[0,65],[-13,0],[0,-32],[-25,0],[0,32],[13,0],[0,32]],[[7537,7225],[37,0]],[[1550,7128],[-13,0]],[[1537,7128],[0,33],[13,0],[0,-33]],[[1787,7128],[-12,0]],[[1775,7128],[0,33]],[[1900,7161],[12,0]],[[1912,7161],[0,-33]],[[1912,7128],[-12,0]],[[1900,7128],[0,33]],[[2037,7161],[0,-33],[-12,0],[0,33]],[[2862,7128],[0,33],[13,0],[0,-33],[-13,0]],[[2912,7161],[13,0],[0,-33],[-13,0],[0,33]],[[4775,7161],[0,-33]],[[4775,7128],[-13,0],[0,33],[13,0]],[[4775,7161],[12,0]],[[4787,7161],[0,-33]],[[4787,7128],[-12,0]],[[4787,7161],[13,0],[0,-33]],[[4800,7128],[-13,0]],[[4837,7161],[0,-33]],[[4837,7128],[-12,0]],[[4825,7128],[0,33],[12,0]],[[4837,7161],[13,0],[0,-33],[-13,0]],[[4962,7128],[-12,0]],[[4950,7128],[0,33],[12,0],[0,-33]],[[5262,7161],[12,0],[0,-33]],[[5274,7128],[-12,0],[0,33]],[[5299,7161],[13,0],[0,-33],[-13,0],[0,33]],[[5374,7161],[13,0],[0,-33]],[[5387,7128],[-13,0],[0,33]],[[6324,7161],[13,0],[0,-33],[-13,0],[0,33]],[[7324,7161],[38,0]],[[7362,7161],[0,-33]],[[7362,7128],[-38,0]],[[7324,7128],[0,33]],[[7624,7161],[13,0]],[[7637,7161],[0,-33]],[[7637,7128],[-13,0]],[[7624,7128],[0,33]],[[7637,7161],[25,0]],[[7662,7161],[0,-33]],[[7662,7128],[-25,0]],[[8487,7161],[12,0]],[[8499,7161],[0,-33],[-12,0]],[[8487,7128],[0,33]],[[8749,7128],[-12,0],[0,33],[12,0],[0,-33]],[[9037,7161],[12,0],[0,-33]],[[9049,7128],[-12,0],[0,33]],[[6149,7096],[-25,0]],[[6124,7096],[0,32],[-12,0],[0,-32]],[[6112,7096],[-13,0]],[[6099,7096],[0,32]],[[6099,7128],[-25,0],[0,33],[-25,0],[0,32],[-12,0]],[[6037,7193],[0,32],[87,0],[0,-32],[25,0],[0,-32],[25,0],[0,-33],[-25,0],[0,-32]],[[7049,7290],[0,-33],[13,0],[0,-32],[-63,0],[0,-64],[38,0],[0,-33],[-13,0],[0,-32],[-37,0],[0,32],[-25,0],[0,33],[-63,0],[0,32]],[[6899,7193],[63,0],[0,32],[25,0],[0,65],[25,0],[0,-33],[12,0],[0,33],[25,0]],[[2575,7161],[0,-65],[-13,0]],[[2562,7096],[0,65],[13,0]],[[5037,7161],[12,0],[0,-65],[-12,0],[0,65]],[[6199,7161],[13,0],[0,-33],[12,0],[0,-32],[-25,0],[0,65]],[[7312,7161],[12,0]],[[7324,7128],[13,0]],[[7337,7128],[0,-32],[-25,0],[0,65]],[[7762,7161],[75,0]],[[7837,7161],[0,-33]],[[7837,7128],[-13,0]],[[7824,7128],[0,-32],[-25,0],[0,32],[-25,0],[0,-32],[-12,0]],[[7762,7096],[0,65]],[[7837,7161],[50,0]],[[7887,7161],[0,-33],[-25,0],[0,-32],[-13,0],[0,32]],[[7849,7128],[-12,0]],[[1687,7128],[25,0]],[[1712,7128],[0,-32]],[[1712,7096],[-25,0],[0,32]],[[1800,7128],[12,0]],[[1812,7128],[0,-32],[-12,0],[0,32]],[[1950,7128],[37,0]],[[1987,7128],[0,-32]],[[1987,7096],[-37,0]],[[1950,7096],[0,32]],[[2725,7096],[-13,0]],[[2712,7096],[0,32],[13,0],[0,-32]],[[2787,7128],[13,0],[0,-32],[-13,0],[0,32]],[[2862,7128],[0,-32],[-12,0],[0,32],[12,0]],[[3062,7193],[0,-97],[-25,0]],[[3037,7096],[0,32]],[[3037,7128],[13,0],[0,97],[25,0],[0,-32],[-13,0]],[[4837,7128],[0,-32],[-12,0]],[[4825,7096],[0,32]],[[4912,7128],[38,0]],[[4950,7128],[0,-32]],[[4950,7096],[-38,0]],[[4912,7096],[0,32]],[[5187,7128],[12,0],[0,-32],[-12,0],[0,32]],[[5274,7128],[13,0],[0,-32]],[[5287,7096],[-13,0]],[[5274,7096],[0,32]],[[5462,7128],[0,-32]],[[5462,7096],[-13,0]],[[5449,7096],[0,32],[13,0]],[[5724,7161],[0,-65],[-62,0],[0,32],[12,0],[0,33],[50,0]],[[6099,7096],[-12,0],[0,32],[12,0]],[[6124,7096],[-12,0]],[[6424,7128],[0,-32],[-12,0]],[[6412,7096],[0,32],[12,0]],[[7524,7128],[13,0],[0,-32],[-13,0],[0,32]],[[8462,7128],[25,0]],[[8487,7128],[0,-32]],[[8487,7096],[-25,0]],[[8462,7096],[0,32]],[[8749,7128],[13,0],[0,-32],[-13,0],[0,32]],[[8912,7128],[12,0]],[[8924,7128],[0,-32]],[[8924,7096],[-12,0],[0,32]],[[9049,7128],[13,0],[0,-32],[-13,0],[0,32]],[[1775,7354],[0,-97]],[[1775,7257],[-13,0]],[[1737,7290],[0,32]],[[1712,7225],[0,32]],[[1675,7193],[0,-32]],[[1675,7161],[-25,0],[0,-97]],[[1650,7064],[-13,0],[0,64],[-12,0]],[[1625,7128],[0,162]],[[1625,7290],[12,0]],[[1637,7290],[0,96]],[[1662,7451],[13,0],[0,64],[12,0],[0,-64],[50,0],[0,-32],[13,0],[0,-65],[25,0]],[[1837,7193],[38,0]],[[1875,7193],[0,-32],[-13,0],[0,-33],[13,0],[0,-32],[-13,0],[0,-32],[-25,0],[0,64]],[[1837,7128],[-12,0]],[[1825,7128],[0,33]],[[1837,7161],[0,32]],[[5512,7128],[0,-32]],[[5512,7096],[-13,0],[0,-32]],[[5499,7064],[-12,0]],[[5487,7064],[0,32],[-13,0]],[[5474,7096],[0,32]],[[5474,7128],[-12,0]],[[5462,7128],[0,33],[25,0],[0,-33],[25,0]],[[8949,7225],[25,0]],[[8974,7193],[38,0],[0,-32],[12,0]],[[9024,7161],[0,-33],[-25,0],[0,-32],[-12,0],[0,32],[-13,0],[0,-32],[-12,0],[0,-32]],[[8962,7064],[-25,0]],[[8937,7064],[0,64],[-13,0]],[[8924,7128],[0,33]],[[8924,7161],[38,0]],[[1912,7128],[0,-64]],[[1912,7064],[-12,0]],[[1900,7064],[0,64]],[[1912,7128],[13,0],[0,-64],[-13,0]],[[4800,7128],[25,0]],[[4825,7128],[0,-64]],[[4825,7064],[-13,0],[0,32],[-12,0],[0,32]],[[5474,7128],[0,-64]],[[5474,7064],[-12,0]],[[5462,7064],[0,64]],[[8299,7193],[13,0],[0,-65],[-13,0],[0,-32],[-12,0],[0,-32],[-13,0],[0,64],[13,0],[0,33],[12,0],[0,32]],[[8937,7064],[-13,0]],[[8924,7064],[0,64]],[[1900,7096],[0,-32]],[[1900,7064],[-13,0],[0,32],[13,0]],[[1950,7096],[25,0]],[[1975,7096],[0,-32]],[[1975,7064],[-25,0]],[[1950,7064],[0,32]],[[1975,7096],[12,0]],[[1987,7096],[0,-32]],[[1987,7064],[-12,0]],[[5149,7096],[0,-32]],[[5149,7064],[-12,0],[0,32],[12,0]],[[5249,7096],[0,-32],[-12,0]],[[5237,7064],[0,32],[12,0]],[[5287,7096],[12,0],[0,-32]],[[5299,7064],[-12,0],[0,32]],[[5399,7064],[-12,0]],[[5387,7064],[0,32],[12,0],[0,-32]],[[5437,7096],[25,0]],[[5462,7096],[0,-32]],[[5462,7064],[-25,0],[0,32]],[[5487,7064],[-13,0]],[[5474,7064],[0,32]],[[5512,7096],[0,-32]],[[5512,7064],[-13,0]],[[5774,7096],[13,0]],[[5787,7096],[0,-32]],[[5787,7064],[-13,0]],[[5774,7064],[0,32]],[[6124,7096],[0,-32]],[[6124,7064],[-12,0],[0,32]],[[6124,7096],[38,0]],[[6162,7096],[0,-32]],[[6162,7064],[-38,0]],[[6324,7096],[13,0],[0,-32]],[[6337,7064],[-13,0]],[[6324,7064],[0,32]],[[6499,7096],[13,0],[0,-32],[-13,0],[0,32]],[[6749,7064],[0,32],[13,0],[0,-32],[-13,0]],[[8449,7128],[13,0]],[[8462,7128],[0,-64]],[[8462,7064],[-25,0]],[[8437,7064],[0,32],[12,0],[0,32]],[[8887,7064],[-13,0]],[[8874,7064],[0,32],[13,0],[0,-32]],[[1625,7257],[0,-129]],[[1650,7064],[0,-32]],[[1650,7032],[-25,0]],[[1625,7032],[0,32],[-13,0],[0,-32]],[[1612,7032],[-12,0],[0,32],[-13,0],[0,64],[13,0],[0,97],[12,0],[0,32],[13,0]],[[1950,7064],[12,0]],[[1962,7064],[0,-32],[-25,0]],[[1937,7032],[0,64],[13,0]],[[2587,7096],[13,0]],[[2600,7096],[0,-64]],[[2600,7032],[-13,0]],[[2587,7032],[0,64]],[[3037,7096],[13,0],[0,-64]],[[3050,7032],[-13,0]],[[3037,7032],[0,64]],[[5174,7064],[-25,0]],[[5149,7096],[-50,0],[0,-64]],[[5099,7032],[-12,0]],[[5087,7032],[0,32],[-13,0],[0,32],[13,0],[0,65],[12,0],[0,-33],[13,0],[0,33],[50,0],[0,-65],[12,0],[0,-32]],[[5299,7064],[0,-32]],[[5299,7032],[-25,0]],[[5274,7032],[0,64]],[[8487,7096],[25,0],[0,-32],[-13,0],[0,-32],[-12,0],[0,64]],[[9024,7161],[13,0]],[[9049,7128],[0,-64],[-50,0],[0,-32],[-25,0]],[[8974,7032],[0,32],[-12,0]],[[1550,7064],[12,0],[0,-32],[-12,0],[0,32]],[[1625,7032],[-13,0]],[[1900,7257],[50,0]],[[1962,7225],[0,-64]],[[1962,7161],[13,0]],[[1975,7161],[0,-33]],[[1975,7128],[-25,0]],[[1937,7032],[-25,0]],[[1912,7032],[0,32]],[[1912,7161],[-25,0]],[[1887,7161],[0,32],[-12,0]],[[1875,7225],[25,0]],[[1900,7225],[0,32]],[[2762,7032],[0,32],[25,0],[0,-32],[-25,0]],[[5399,7064],[13,0],[0,-32]],[[5412,7032],[-13,0],[0,32]],[[5499,7064],[0,-32]],[[5499,7032],[-12,0],[0,32]],[[5512,7064],[0,-32]],[[5512,7032],[-13,0]],[[5512,7064],[12,0],[0,-32],[-12,0]],[[5787,7064],[0,-32]],[[5787,7032],[-13,0]],[[5774,7032],[0,32]],[[6162,7064],[0,-32],[-13,0]],[[6149,7032],[0,32],[13,0]],[[6212,7064],[25,0]],[[6237,7064],[0,-32]],[[6237,7032],[-25,0]],[[6212,7032],[0,32]],[[6237,7064],[25,0],[0,-32]],[[6262,7032],[-25,0]],[[6337,7064],[12,0],[0,-32]],[[6349,7032],[-12,0],[0,32]],[[6462,7064],[0,-32],[-13,0]],[[6449,7032],[0,32],[13,0]],[[7174,7064],[13,0],[0,-32]],[[7187,7032],[-13,0]],[[7174,7032],[0,32]],[[7924,7064],[13,0]],[[7937,7064],[0,-32]],[[7937,7032],[-13,0]],[[7924,7032],[0,32]],[[7937,7064],[25,0]],[[7962,7064],[0,-32]],[[7962,7032],[-25,0]],[[7987,7064],[25,0]],[[8012,7064],[0,-32]],[[8012,7032],[-25,0]],[[7987,7032],[0,32]],[[8374,7064],[25,0],[0,-32]],[[8399,7032],[-25,0]],[[8374,7032],[0,32]],[[8449,7064],[13,0]],[[8462,7064],[0,-32]],[[8462,7032],[-13,0]],[[8449,7032],[0,32]],[[8737,7483],[25,0]],[[8774,7451],[0,-32]],[[8799,7225],[0,-32],[-12,0],[0,-32],[-13,0],[0,-33],[-25,0]],[[8749,7128],[0,-64],[-100,0],[0,-32],[-25,0]],[[8624,7032],[0,32],[13,0],[0,64],[-25,0],[0,33]],[[8612,7161],[-13,0]],[[8587,7161],[-50,0]],[[8574,7257],[-37,0]],[[8537,7290],[37,0]],[[8549,7322],[0,32]],[[8562,7419],[-13,0]],[[8549,7419],[0,96]],[[8549,7515],[63,0]],[[8687,7419],[-63,0]],[[8624,7419],[0,-33]],[[8612,7386],[0,-32]],[[8612,7290],[25,0]],[[8649,7322],[25,0]],[[8674,7322],[0,-32]],[[8662,7290],[0,-33]],[[8649,7225],[38,0]],[[8699,7290],[13,0]],[[8687,7064],[25,0],[0,-32],[-25,0],[0,32]],[[8937,7064],[0,-32]],[[8937,7032],[-13,0]],[[8924,7032],[0,32]],[[8974,7032],[-12,0]],[[8962,7032],[0,32]],[[2437,7161],[13,0],[0,-33],[25,0],[0,-32],[12,0],[0,-64],[13,0],[0,-33],[-25,0],[0,33],[-13,0],[0,32],[-12,0],[0,32],[-13,0],[0,65]],[[7724,7677],[25,0]],[[7912,7612],[25,0]],[[7949,7548],[0,32]],[[7949,7580],[25,0]],[[7962,7548],[0,-65]],[[7962,7483],[12,0]],[[7974,7451],[75,0]],[[8062,7515],[12,0]],[[8137,7580],[25,0],[0,32],[25,0],[0,-32]],[[8187,7580],[50,0]],[[8237,7580],[0,-65]],[[8237,7515],[-13,0]],[[8224,7515],[0,-32]],[[8237,7451],[12,0]],[[8249,7451],[0,-32],[25,0],[0,32],[13,0],[0,-32],[25,0],[0,-65]],[[8312,7354],[-75,0]],[[8237,7322],[-13,0]],[[8224,7322],[0,-65],[-50,0],[0,-32],[-75,0],[0,-97],[-12,0],[0,-32],[-13,0],[0,-32]],[[8074,7064],[-87,0]],[[7987,7032],[-25,0]],[[7962,7064],[-38,0]],[[7924,7032],[-12,0]],[[7912,7032],[0,-33]],[[7912,6999],[-63,0]],[[7849,6999],[0,33],[-25,0],[0,32],[-62,0],[0,32]],[[7762,7096],[-13,0],[0,32],[-25,0],[0,33],[-12,0],[0,32],[-50,0]],[[7662,7193],[0,-32]],[[7662,7161],[-38,0]],[[7624,7161],[0,32]],[[7624,7193],[-25,0]],[[7599,7193],[0,64]],[[7599,7257],[-50,0]],[[7549,7225],[-25,0]],[[7524,7225],[0,161],[-12,0],[0,33],[-25,0],[0,32],[-13,0],[0,32],[-12,0],[0,32],[-13,0],[0,33]],[[7537,7644],[37,0]],[[7599,7612],[0,32]],[[7599,7644],[13,0]],[[7624,7580],[100,0]],[[7724,7644],[0,33]],[[7712,7419],[25,0]],[[7737,7451],[-25,0]],[[7837,7451],[0,-97]],[[7849,7386],[13,0]],[[7824,7128],[25,0]],[[7887,7161],[-125,0]],[[5237,7064],[0,-65]],[[5237,6999],[-13,0],[0,65],[13,0]],[[5299,7064],[38,0],[0,-32],[12,0],[0,-33]],[[5349,6999],[-25,0]],[[5324,6999],[0,33]],[[5324,7032],[-25,0]],[[8962,7064],[0,-65]],[[8962,6999],[-13,0],[0,33],[-12,0]],[[1612,7032],[25,0]],[[1637,7032],[0,-33]],[[1637,6999],[-25,0]],[[1612,6999],[0,33]],[[1925,7032],[12,0]],[[1937,7032],[0,-33],[-12,0],[0,33]],[[2562,6999],[0,33],[13,0],[0,-33],[-13,0]],[[2762,7032],[0,-33],[-37,0],[0,33],[37,0]],[[3050,7032],[12,0],[0,-33]],[[3062,6999],[-12,0],[0,33]],[[5049,7032],[13,0]],[[5062,7032],[0,-33]],[[5062,6999],[-13,0]],[[5049,6999],[0,33]],[[5099,7032],[0,-33]],[[5099,6999],[-12,0]],[[5087,6999],[0,33]],[[5262,7032],[12,0]],[[5274,7032],[0,-33],[-12,0],[0,33]],[[5324,6999],[-12,0],[0,33],[12,0]],[[5412,7032],[25,0]],[[5437,7032],[0,-33]],[[5437,6999],[-25,0]],[[5412,6999],[0,33]],[[5974,7032],[13,0],[0,-33]],[[5987,6999],[-13,0],[0,33]],[[6324,7161],[0,-65]],[[6324,7096],[-12,0],[0,-32],[-13,0],[0,-32],[-12,0],[0,-33]],[[6287,6999],[-38,0]],[[6249,6999],[0,33]],[[6249,7032],[13,0]],[[6237,7064],[0,64],[12,0],[0,-32],[38,0],[0,32]],[[6287,7128],[25,0]],[[6312,7128],[0,33]],[[7187,7032],[0,-33]],[[7187,6999],[-13,0]],[[7174,6999],[0,33]],[[7187,7032],[25,0]],[[7212,7032],[0,-33]],[[7212,6999],[-25,0]],[[7212,7032],[25,0]],[[7237,7032],[0,-33]],[[7237,6999],[-25,0]],[[7799,6999],[0,33],[13,0],[0,-33],[-13,0]],[[7912,7032],[25,0]],[[7937,7032],[0,-33]],[[7937,6999],[-25,0]],[[8299,7032],[13,0]],[[8312,7032],[0,-33],[-13,0]],[[8299,6999],[0,33]],[[8874,7032],[0,-33],[-12,0],[0,33],[12,0]],[[8962,7032],[25,0],[0,-33],[-25,0]],[[8962,6999],[0,33]],[[1725,7225],[37,0]],[[1775,7193],[0,-65]],[[1775,7128],[25,0]],[[1812,7128],[25,0]],[[1887,7161],[13,0]],[[1900,7161],[0,-65]],[[1900,7064],[0,-65],[-13,0]],[[1887,6999],[0,-32]],[[1887,6967],[-12,0],[0,32],[-38,0],[0,33],[-25,0],[0,32],[-37,0],[0,32],[-25,0],[0,32],[-13,0],[0,33],[-12,0]],[[1725,7161],[0,64]],[[8924,7096],[0,-32]],[[8924,7064],[-25,0],[0,-97],[-12,0]],[[8887,6967],[0,65],[-13,0]],[[8874,7032],[0,32]],[[8887,7064],[0,64],[25,0]],[[5437,7032],[25,0],[0,-65]],[[5462,6967],[-13,0]],[[5449,6967],[0,32]],[[5449,6999],[-12,0]],[[8887,6967],[-13,0],[0,65]],[[8924,7032],[0,-65]],[[8924,6967],[-12,0],[0,65],[12,0]],[[1562,6999],[13,0],[0,-32],[-13,0],[0,32]],[[1637,7032],[13,0]],[[1650,7032],[0,-65]],[[1650,6967],[-25,0]],[[1625,6967],[0,32]],[[1625,6999],[12,0]],[[2700,6999],[12,0],[0,-32],[-12,0],[0,32]],[[5099,6999],[0,-32],[-12,0]],[[5087,6967],[0,32]],[[5237,6999],[12,0]],[[5249,6999],[0,-32]],[[5249,6967],[-12,0]],[[5237,6967],[0,32]],[[5349,6999],[0,-32],[-25,0],[0,32]],[[5537,6999],[0,-32],[-13,0],[0,32],[13,0]],[[5737,6999],[12,0]],[[5749,6999],[0,-32]],[[5749,6967],[-12,0]],[[5737,6967],[0,32]],[[5749,6999],[13,0]],[[5762,6999],[0,-32]],[[5762,6967],[-13,0]],[[5874,6999],[0,-32]],[[5874,6967],[-12,0]],[[5862,6967],[0,32],[12,0]],[[5987,6999],[12,0]],[[5999,6999],[0,-32]],[[5999,6967],[-12,0]],[[5987,6967],[0,32]],[[5999,6999],[13,0]],[[6012,6999],[0,-32]],[[6012,6967],[-13,0]],[[6012,6999],[25,0],[0,-32],[-25,0]],[[6262,6999],[12,0]],[[6274,6999],[0,-32]],[[6274,6967],[-12,0]],[[6262,6967],[0,32]],[[6274,6999],[13,0]],[[6287,6999],[0,-32]],[[6287,6967],[-13,0]],[[6362,6999],[12,0],[0,-32]],[[6374,6967],[-12,0],[0,32]],[[7149,6999],[13,0],[0,-32]],[[7162,6967],[-13,0]],[[7149,6967],[0,32]],[[7362,6999],[12,0],[0,-32],[-12,0],[0,32]],[[7537,6999],[12,0],[0,-32],[-12,0],[0,32]],[[8287,6999],[12,0]],[[8299,6999],[0,-32],[-12,0]],[[8287,6967],[0,32]],[[3037,7064],[0,-32]],[[3062,6999],[0,-64],[-100,0]],[[2962,6935],[0,290],[50,0],[0,-32],[-12,0],[0,-65],[-13,0],[0,-64],[50,0]],[[4975,7032],[25,0]],[[5000,7032],[0,-33]],[[5000,6999],[12,0],[0,-32],[-12,0],[0,-32],[-13,0],[0,64],[-12,0]],[[4975,6999],[0,33]],[[1612,6999],[13,0]],[[1625,6999],[0,-64]],[[1625,6935],[-13,0]],[[1612,6935],[0,64]],[[5349,6999],[13,0],[0,-64]],[[5362,6935],[-13,0],[0,64]],[[5537,6999],[12,0]],[[5549,6999],[0,-32],[13,0],[0,-32]],[[5562,6935],[-25,0]],[[5537,6935],[0,64]],[[5874,6999],[13,0]],[[5887,6999],[0,-64]],[[5887,6935],[-13,0]],[[5874,6935],[0,64]],[[5912,7032],[0,-97]],[[5912,6935],[-25,0]],[[5887,6999],[12,0],[0,33],[13,0]],[[6287,6999],[12,0],[0,-32],[13,0],[0,-32],[-25,0]],[[6287,6935],[0,64]],[[6374,6967],[0,-32],[-25,0]],[[6349,6935],[0,64],[13,0]],[[7624,7193],[0,-65]],[[7637,7128],[0,-32],[25,0],[0,-32],[12,0],[0,-129],[-37,0],[0,32],[-13,0],[0,-32],[-12,0],[0,32],[-13,0],[0,32],[13,0],[0,33],[-25,0],[0,32],[-25,0],[0,64]],[[7599,7161],[0,32]],[[7799,6999],[0,-64],[-12,0],[0,64],[12,0]],[[8174,6999],[25,0],[0,-32],[-12,0],[0,-32],[-13,0],[0,64]],[[1725,6967],[12,0],[0,-32],[-12,0],[0,32]],[[1825,6967],[12,0],[0,-32],[-12,0],[0,32]],[[1912,6967],[25,0],[0,-32]],[[1937,6935],[-25,0]],[[1912,6935],[0,32]],[[2037,6999],[13,0]],[[2050,6999],[0,-64]],[[2050,6935],[-25,0]],[[2025,6935],[0,32],[12,0],[0,32]],[[5249,6967],[0,-32]],[[5249,6935],[-12,0],[0,32]],[[5399,6967],[0,-32]],[[5399,6935],[-12,0]],[[5387,6935],[0,32],[12,0]],[[5449,6967],[0,-32],[-12,0],[0,32],[12,0]],[[5462,6967],[12,0]],[[5474,6967],[0,-32]],[[5474,6935],[-12,0],[0,32]],[[5837,6967],[12,0]],[[5849,6967],[0,-32]],[[5849,6935],[-12,0]],[[5837,6935],[0,32]],[[5849,6967],[13,0]],[[5862,6967],[0,-32],[-13,0]],[[5962,6967],[12,0],[0,-32],[-12,0],[0,32]],[[6012,6967],[12,0]],[[6024,6967],[0,-32],[-12,0]],[[6012,6935],[0,32]],[[6049,6967],[13,0]],[[6062,6967],[0,-32]],[[6062,6935],[-13,0]],[[6049,6935],[0,32]],[[6062,6967],[12,0]],[[6074,6967],[0,-32]],[[6074,6935],[-12,0]],[[6099,6967],[25,0]],[[6124,6967],[0,-32],[-25,0],[0,32]],[[7149,6967],[25,0]],[[7174,6967],[0,-32],[-25,0]],[[7149,6935],[0,32]],[[7249,6967],[13,0],[0,-32],[-13,0],[0,32]],[[7462,6967],[25,0],[0,-32],[-25,0],[0,32]],[[8274,6935],[-12,0],[0,32],[12,0],[0,-32]],[[8562,6935],[0,32],[12,0],[0,-32],[-12,0]],[[6349,7032],[0,-129]],[[6349,6903],[-12,0],[0,96],[-25,0],[0,33],[12,0]],[[6324,7032],[0,32]],[[4812,7032],[25,0],[0,-97],[-12,0],[0,-32],[-25,0],[0,32],[-13,0],[0,64],[25,0],[0,33]],[[5699,6967],[0,-64],[-25,0]],[[5674,6903],[0,32],[-12,0],[0,32],[12,0],[0,32],[13,0],[0,-32],[12,0]],[[6074,6967],[25,0]],[[6124,6967],[25,0]],[[6149,6967],[0,-32]],[[6149,6935],[-12,0]],[[6137,6935],[0,-32]],[[6137,6903],[-50,0]],[[6087,6903],[0,32]],[[6087,6935],[-13,0]],[[8562,6935],[0,-32],[-25,0],[0,64],[12,0],[0,-32],[13,0]],[[1787,6967],[25,0],[0,-32],[-12,0],[0,-32],[-38,0],[0,32],[25,0],[0,32]],[[2000,6935],[12,0]],[[2012,6935],[0,-32]],[[2012,6903],[-12,0]],[[2000,6903],[0,32]],[[2012,6935],[13,0]],[[2025,6935],[0,-32]],[[2025,6903],[-13,0]],[[5224,6935],[0,-32],[-12,0],[0,32],[12,0]],[[5399,6935],[0,-32]],[[5399,6903],[-12,0],[0,32]],[[5537,6935],[0,-32],[-13,0]],[[5524,6903],[0,32],[13,0]],[[5637,6935],[12,0],[0,-32],[-12,0],[0,32]],[[5787,6935],[0,-32]],[[5787,6903],[-13,0]],[[5774,6903],[0,32],[13,0]],[[5849,6935],[0,-32],[-12,0]],[[5837,6903],[0,32]],[[6049,6935],[38,0]],[[6087,6903],[-38,0]],[[6049,6903],[0,32]],[[6262,6935],[12,0]],[[6274,6935],[0,-32],[-12,0]],[[6262,6903],[0,32]],[[6912,6935],[12,0],[0,-32],[-12,0],[0,32]],[[7049,6935],[13,0],[0,-32],[-13,0],[0,32]],[[8387,6903],[-13,0]],[[8374,6903],[0,32],[13,0],[0,-32]],[[4950,7128],[25,0]],[[4975,7128],[0,-129]],[[5000,6999],[0,65]],[[5000,7064],[12,0],[0,-32]],[[5012,7032],[37,0]],[[5049,6999],[25,0]],[[5074,6999],[0,33],[13,0]],[[5087,7032],[0,-65]],[[5087,6967],[-25,0],[0,-32],[-25,0],[0,-32],[-75,0]],[[4962,6903],[0,-33],[-25,0],[0,226]],[[4937,7096],[13,0]],[[6162,7064],[50,0]],[[6212,7032],[37,0]],[[6249,7032],[0,-97]],[[6249,6935],[13,0]],[[6262,6935],[0,-65]],[[6262,6870],[-13,0],[0,33],[-12,0],[0,64],[-38,0],[0,32],[-12,0],[0,-32],[-25,0],[0,-32]],[[6162,6935],[-13,0]],[[6149,6967],[-12,0],[0,32],[12,0],[0,33]],[[1650,7064],[12,0],[0,-194]],[[1662,6870],[-12,0]],[[1650,6870],[0,65]],[[1650,6935],[-25,0]],[[1625,6935],[0,32]],[[1650,6967],[0,97]],[[5474,6967],[13,0],[0,-32],[25,0],[0,-32],[-13,0]],[[5499,6903],[0,-33]],[[5499,6870],[-25,0]],[[5474,6870],[0,97]],[[1650,6935],[0,-32]],[[1650,6903],[-13,0],[0,-33],[-12,0]],[[1625,6870],[0,65]],[[1912,6935],[38,0]],[[1950,6935],[0,-32],[-25,0],[0,-33]],[[1925,6870],[-13,0]],[[1912,6870],[0,65]],[[6024,6967],[25,0]],[[6049,6967],[0,-64]],[[6049,6903],[-12,0]],[[6037,6903],[0,-33]],[[6037,6870],[-13,0]],[[6024,6870],[0,33],[-12,0]],[[6012,6903],[0,32]],[[6399,6935],[13,0],[0,-65],[-13,0]],[[6399,6870],[0,65]],[[1950,6935],[12,0]],[[1962,6935],[0,-32],[13,0],[0,-33],[-50,0]],[[5012,6903],[12,0],[0,-33],[-12,0]],[[5012,6870],[0,33]],[[5662,6903],[25,0],[0,-33]],[[5687,6870],[-25,0]],[[5662,6870],[0,33]],[[5937,6903],[12,0]],[[5949,6903],[0,-33]],[[5949,6870],[-12,0]],[[5937,6870],[0,33]],[[6012,6903],[0,-33]],[[6012,6870],[-13,0]],[[5999,6870],[0,33],[13,0]],[[6024,6870],[-12,0]],[[6062,6903],[12,0]],[[6074,6903],[0,-33],[-12,0],[0,33]],[[6099,6903],[75,0]],[[6174,6903],[0,32],[13,0],[0,-65],[-88,0],[0,33]],[[7174,6903],[13,0],[0,-33],[-13,0],[0,33]],[[7587,6903],[25,0],[0,-33],[-25,0],[0,33]],[[7624,6903],[13,0],[0,-33],[-13,0],[0,33]],[[8374,7032],[38,0]],[[8412,7032],[0,-33],[25,0]],[[8437,6999],[0,-32]],[[8437,6967],[-13,0],[0,-32],[-12,0],[0,-32]],[[8412,6903],[-25,0]],[[8374,6903],[-12,0],[0,-33]],[[8362,6870],[-25,0],[0,33]],[[8337,6903],[12,0]],[[8349,6903],[0,96]],[[8349,6999],[25,0]],[[8374,6999],[0,33]],[[8449,6870],[0,33],[13,0],[0,-33],[-13,0]],[[1912,7064],[0,-226]],[[1912,6838],[-12,0],[0,97]],[[1900,6935],[-13,0]],[[1887,6935],[0,64]],[[4912,7096],[25,0]],[[4962,6903],[50,0]],[[5012,6870],[-25,0]],[[4987,6870],[0,-32]],[[4987,6838],[-75,0],[0,65],[-12,0],[0,32],[-13,0],[0,32],[25,0],[0,32],[13,0],[0,33],[-13,0]],[[4912,7032],[0,64]],[[5787,6967],[37,0]],[[5824,6967],[0,-32],[-12,0],[0,-32],[12,0],[0,-65]],[[5824,6838],[-12,0]],[[5812,6838],[0,32],[-13,0]],[[5799,6870],[0,33]],[[5799,6903],[-12,0]],[[5787,6903],[0,64]],[[5912,7032],[62,0]],[[5987,6967],[25,0]],[[6012,6967],[0,-64]],[[5999,6870],[-50,0]],[[5949,6903],[-25,0]],[[5924,6903],[0,-33],[-87,0]],[[5837,6870],[0,-32]],[[5837,6838],[-13,0]],[[5824,6967],[13,0]],[[5837,6967],[0,-64]],[[5874,6967],[0,-32]],[[5874,6935],[38,0]],[[2675,6935],[12,0],[0,-97],[-25,0],[0,65],[13,0],[0,32]],[[5762,6903],[37,0]],[[5799,6870],[-12,0]],[[5787,6870],[0,-32]],[[5787,6838],[-13,0]],[[5774,6838],[0,32]],[[5774,6870],[-12,0],[0,33]],[[6499,6903],[25,0],[0,-65],[-12,0],[0,32],[-13,0],[0,33]],[[8874,6903],[13,0],[0,-65],[-13,0]],[[8874,6838],[0,65]],[[1587,6870],[0,-32]],[[1587,6838],[-12,0],[0,32],[12,0]],[[2012,6870],[13,0]],[[2025,6870],[0,-32]],[[2025,6838],[-13,0]],[[2012,6838],[0,32]],[[2025,6870],[12,0]],[[2037,6870],[0,-32]],[[2037,6838],[-12,0]],[[4987,6870],[13,0]],[[5000,6870],[0,-32]],[[5000,6838],[-13,0]],[[5000,6870],[12,0]],[[5012,6870],[0,-32],[-12,0]],[[5412,6870],[12,0],[0,-32]],[[5424,6838],[-12,0],[0,32]],[[5474,6870],[0,-32]],[[5474,6838],[-12,0],[0,32],[12,0]],[[5499,6903],[25,0]],[[5524,6903],[0,-65],[-37,0]],[[5487,6838],[0,32],[12,0]],[[5549,6870],[0,-32]],[[5549,6838],[-12,0]],[[5537,6838],[0,32],[12,0]],[[5662,6870],[12,0],[0,-32],[-12,0],[0,32]],[[5687,6870],[12,0]],[[5699,6870],[0,-32]],[[5699,6838],[-12,0],[0,32]],[[5699,6870],[25,0]],[[5724,6870],[0,-32]],[[5724,6838],[-25,0]],[[5812,6838],[-13,0],[0,32]],[[7949,6870],[13,0],[0,-32],[-13,0],[0,32]],[[8137,6870],[25,0]],[[8162,6870],[0,-32],[-25,0]],[[8137,6838],[0,32]],[[8449,6870],[0,-32]],[[8449,6838],[-25,0]],[[8424,6838],[0,32],[25,0]],[[6287,6903],[12,0],[0,-33],[13,0],[0,-64]],[[6312,6806],[-13,0]],[[6299,6806],[0,32],[-12,0]],[[6287,6838],[0,65]],[[5062,6870],[62,0],[0,-32],[-25,0],[0,-32],[-37,0],[0,64]],[[5249,6870],[25,0]],[[5274,6870],[0,-32]],[[5274,6838],[-12,0],[0,-32]],[[5262,6806],[-13,0]],[[5249,6806],[0,64]],[[5812,6838],[0,-32]],[[5812,6806],[-25,0]],[[5787,6806],[0,64]],[[8287,6870],[37,0]],[[8324,6870],[0,-64],[-25,0]],[[8299,6806],[0,32],[-12,0]],[[8287,6838],[0,32]],[[1587,6838],[13,0]],[[1600,6838],[0,-32]],[[1600,6806],[-13,0],[0,32]],[[5000,6838],[0,-32],[-13,0]],[[4987,6806],[0,32]],[[5049,6806],[-12,0],[0,32],[12,0],[0,-32]],[[5274,6838],[0,-32]],[[5274,6806],[-12,0]],[[5549,6838],[0,-32]],[[5549,6806],[-12,0],[0,32]],[[5637,6838],[12,0],[0,-32],[-12,0]],[[5637,6806],[0,32]],[[5737,6838],[12,0]],[[5749,6838],[0,-32]],[[5749,6806],[-12,0]],[[5737,6806],[0,32]],[[5787,6838],[0,-32]],[[5787,6806],[-13,0]],[[5774,6806],[0,32]],[[5812,6838],[25,0]],[[5837,6838],[0,-32]],[[5837,6806],[-25,0]],[[6299,6806],[-12,0]],[[6287,6806],[0,32]],[[8249,6806],[-12,0],[0,32],[12,0],[0,-32]],[[8387,6838],[0,-32]],[[8387,6806],[-13,0],[0,32],[13,0]],[[8387,6838],[37,0]],[[8424,6838],[0,-32],[-37,0]],[[8487,6838],[12,0]],[[8499,6838],[0,-32]],[[8499,6806],[-12,0],[0,32]],[[8549,6838],[13,0],[0,-32],[-13,0]],[[8549,6806],[0,32]],[[5249,7096],[25,0]],[[5262,7032],[0,-65],[12,0],[0,-97]],[[5249,6870],[0,-96]],[[5249,6774],[-12,0]],[[5237,6774],[0,32],[-13,0]],[[5224,6806],[0,129]],[[5224,6935],[25,0]],[[5249,6935],[0,64]],[[1650,6903],[0,-33]],[[1662,6870],[0,-64]],[[1662,6806],[-12,0],[0,-32]],[[1650,6774],[-13,0],[0,32],[-12,0],[0,64]],[[8374,6903],[25,0]],[[8399,6903],[0,-33],[-12,0],[0,-32]],[[8387,6806],[0,-32]],[[8387,6774],[-25,0]],[[8362,6774],[0,96]],[[8362,6870],[12,0],[0,33]],[[2000,6870],[0,-96]],[[2000,6774],[-25,0]],[[1975,6774],[0,64],[12,0],[0,32],[13,0]],[[5474,6838],[13,0]],[[5487,6838],[0,-64],[-13,0]],[[5474,6774],[0,64]],[[8449,6838],[25,0]],[[8474,6838],[0,-64]],[[8474,6774],[-12,0]],[[8462,6774],[0,32],[-13,0],[0,32]],[[8474,6838],[13,0]],[[8499,6806],[0,-32]],[[8499,6774],[-25,0]],[[1662,6806],[0,-32]],[[1662,6774],[-12,0]],[[1662,6806],[13,0]],[[1675,6806],[0,-32]],[[1675,6774],[-13,0]],[[1900,6806],[12,0]],[[1912,6806],[0,-32],[-12,0]],[[1900,6774],[0,32]],[[2075,6806],[12,0],[0,-32],[-12,0],[0,32]],[[4875,6774],[0,32],[12,0],[0,-32],[-12,0]],[[5049,6806],[0,-32]],[[5049,6774],[-25,0]],[[5024,6774],[0,32],[25,0]],[[5237,6774],[-13,0],[0,32]],[[5249,6806],[25,0]],[[5274,6806],[0,-32],[-25,0]],[[5249,6774],[0,32]],[[5674,6806],[13,0],[0,-32]],[[5687,6774],[-13,0],[0,32]],[[5749,6806],[0,-32]],[[5749,6774],[-12,0]],[[5737,6774],[0,32]],[[6362,6806],[12,0]],[[6374,6806],[0,-32],[-12,0],[0,32]],[[6462,6806],[12,0],[0,-32],[-12,0],[0,32]],[[6999,6806],[13,0],[0,-32],[-13,0],[0,32]],[[7899,6806],[13,0],[0,-32],[-13,0],[0,32]],[[8249,6806],[13,0]],[[8262,6806],[0,-32]],[[8262,6774],[-13,0],[0,32]],[[8299,6806],[13,0],[0,-32],[-13,0]],[[8299,6774],[0,32]],[[8387,6806],[12,0],[0,-32],[-12,0]],[[8874,6806],[13,0],[0,-32],[-13,0]],[[8874,6774],[0,32]],[[1775,7386],[0,-32]],[[1637,7386],[0,-64]],[[1600,7290],[25,0]],[[1625,7290],[0,-33]],[[1612,7032],[0,-97]],[[1625,6870],[-13,0],[0,33],[-25,0]],[[1587,6903],[0,-33]],[[1600,6806],[0,-65]],[[1600,6741],[-38,0],[0,33],[-12,0],[0,96],[-13,0],[0,65],[13,0],[0,32],[-13,0],[0,161]],[[1550,7128],[0,258]],[[1475,7677],[25,0]],[[1500,7644],[25,0]],[[1525,7644],[0,33]],[[1525,7677],[12,0]],[[1550,7612],[50,0]],[[1662,6870],[25,0],[0,-32],[13,0],[0,-32],[-13,0]],[[1687,6806],[0,-65]],[[1687,6741],[-12,0]],[[1675,6741],[0,65]],[[2912,6774],[13,0],[0,-33],[-25,0]],[[2900,6741],[0,33],[-13,0],[0,32],[-12,0],[0,-65]],[[2875,6741],[-13,0],[0,33],[-12,0],[0,32],[-13,0],[0,32],[63,0],[0,-32],[12,0],[0,-32]],[[5624,6806],[13,0]],[[5637,6806],[0,-65],[-13,0],[0,65]],[[5774,6806],[38,0]],[[5812,6806],[0,-32],[-13,0],[0,-33],[-25,0]],[[5774,6741],[0,65]],[[6349,6806],[13,0]],[[6362,6806],[0,-65]],[[6362,6741],[-13,0],[0,65]],[[7124,6806],[13,0],[0,-65],[-13,0],[0,65]],[[1662,6774],[0,-33]],[[1662,6741],[-12,0],[0,33]],[[1675,6774],[0,-33]],[[1675,6741],[-13,0]],[[1875,6774],[12,0],[0,-33],[-12,0],[0,33]],[[2000,6774],[0,-33]],[[2000,6741],[-25,0]],[[1975,6741],[0,33]],[[2025,6774],[12,0],[0,-33]],[[2037,6741],[-12,0]],[[2025,6741],[0,33]],[[2125,6774],[12,0],[0,-33],[-12,0],[0,33]],[[4725,6774],[12,0],[0,-33]],[[4737,6741],[-12,0],[0,33]],[[4875,6774],[0,-33],[-13,0],[0,33],[13,0]],[[5049,6774],[0,-33],[-25,0],[0,33]],[[5362,6741],[0,33],[12,0],[0,-33],[-12,0]],[[5412,6774],[0,-33]],[[5412,6741],[-13,0]],[[5399,6741],[0,33],[13,0]],[[5412,6774],[12,0]],[[5424,6774],[0,-33]],[[5424,6741],[-12,0]],[[6787,6741],[0,33],[12,0],[0,-33],[-12,0]],[[7237,6741],[0,33],[12,0],[0,-33],[-12,0]],[[7374,6774],[13,0],[0,-33],[-13,0],[0,33]],[[8199,6774],[0,-33]],[[8199,6741],[-12,0]],[[8187,6741],[0,33],[12,0]],[[8362,6774],[12,0],[0,-33],[-12,0]],[[8362,6741],[0,33]],[[6749,7064],[-12,0],[0,-32],[-13,0],[0,64],[-12,0],[0,65],[-13,0],[0,-33],[-50,0],[0,33]],[[6649,7161],[25,0],[0,32],[13,0],[0,97],[-13,0],[0,-33],[-25,0],[0,-64],[-12,0],[0,32],[-13,0],[0,-258]],[[6624,6967],[13,0],[0,32],[12,0],[0,-32],[38,0],[0,-32],[37,0],[0,-65],[13,0],[0,-64],[25,0],[0,-32],[12,0],[0,-33],[13,0]],[[6787,6741],[0,-32],[-63,0],[0,32],[-25,0],[0,-32],[-12,0],[0,32],[-25,0],[0,-32],[-13,0],[0,32],[-50,0],[0,33],[-25,0],[0,32],[-12,0],[0,-32],[-13,0],[0,-33],[-25,0],[0,-32],[-37,0]],[[6487,6709],[0,97],[-25,0]],[[6462,6806],[0,161],[-13,0],[0,32]],[[6449,6999],[25,0],[0,33],[38,0],[0,-33],[12,0],[0,-32],[25,0],[0,161],[-12,0],[0,33],[-13,0],[0,64]],[[6524,7225],[13,0],[0,-32],[12,0],[0,64],[25,0],[0,33],[50,0],[0,-33],[13,0],[0,33],[25,0],[0,32],[12,0],[0,32],[13,0],[0,-32],[12,0],[0,-65],[13,0],[0,-32],[37,0],[0,32],[25,0],[0,-64],[50,0],[0,-32],[13,0],[0,-33],[25,0],[0,-64],[12,0],[0,-97],[-25,0],[0,32],[-12,0],[0,-32],[-25,0],[0,32],[-38,0],[0,-32],[13,0],[0,-97],[-13,0],[0,-32],[-25,0],[0,97],[13,0],[0,64],[-13,0],[0,65]],[[5537,6935],[75,0]],[[5612,6935],[0,-97],[-25,0],[0,-64]],[[5587,6774],[-13,0],[0,-65],[-12,0]],[[5562,6709],[0,97],[-13,0]],[[5549,6806],[0,64]],[[5549,6870],[-25,0],[0,33]],[[5712,6806],[12,0],[0,-97]],[[5724,6709],[-12,0],[0,97]],[[8262,6806],[37,0]],[[8299,6774],[-12,0],[0,-65]],[[8287,6709],[-13,0]],[[8274,6709],[0,32]],[[8274,6741],[-12,0]],[[8262,6741],[0,65]],[[8849,6709],[-12,0]],[[8837,6709],[0,65],[12,0],[0,-65]],[[8924,6774],[0,-65]],[[8924,6709],[-12,0],[0,65],[12,0]],[[1712,6709],[0,32],[13,0],[0,-32],[-13,0]],[[1975,6741],[12,0]],[[1987,6741],[0,-32]],[[1987,6709],[-12,0]],[[1975,6709],[0,32]],[[2050,6741],[12,0]],[[2062,6741],[0,-32]],[[2062,6709],[-12,0]],[[2050,6709],[0,32]],[[2875,6741],[12,0],[0,-32],[-12,0],[0,32]],[[4787,6741],[13,0],[0,-32],[-13,0],[0,32]],[[5362,6741],[37,0]],[[5399,6741],[0,-32],[-37,0],[0,32]],[[5462,6741],[0,-32],[-13,0]],[[5449,6709],[0,32],[13,0]],[[6299,6741],[13,0],[0,-32],[-13,0],[0,32]],[[7874,6741],[13,0],[0,-32],[-13,0],[0,32]],[[8312,6709],[-25,0]],[[8287,6709],[0,32],[25,0],[0,-32]],[[8574,6741],[0,-32],[-25,0],[0,32],[25,0]],[[2025,6806],[0,-65]],[[2025,6741],[25,0]],[[2050,6709],[-25,0]],[[2025,6709],[0,-32],[-13,0],[0,129],[13,0]],[[1875,6935],[25,0]],[[1912,6838],[0,32]],[[1925,6870],[0,-64]],[[1925,6806],[-25,0]],[[1900,6806],[0,-65]],[[1900,6741],[12,0],[0,-32],[-25,0],[0,-32],[-12,0]],[[1875,6677],[0,32],[-13,0]],[[1862,6709],[0,65],[13,0]],[[1875,6774],[0,32],[-13,0],[0,32],[25,0],[0,32],[-12,0],[0,65]],[[1675,6741],[0,-64]],[[1675,6677],[-13,0],[0,64]],[[4975,6741],[12,0],[0,-64],[-12,0]],[[4975,6677],[0,64]],[[8874,6774],[0,-65],[-12,0],[0,-32]],[[8862,6677],[-13,0]],[[8849,6677],[0,64],[13,0],[0,33],[12,0]],[[1600,6709],[0,-32]],[[1600,6677],[-13,0]],[[1587,6677],[0,32],[13,0]],[[1700,6709],[12,0]],[[1712,6709],[0,-32],[-12,0]],[[1700,6677],[0,32]],[[1812,6709],[13,0],[0,-32],[-13,0],[0,32]],[[1875,6677],[-13,0],[0,32]],[[2137,6709],[13,0],[0,-32],[-13,0],[0,32]],[[5337,6709],[12,0],[0,-32]],[[5349,6677],[-12,0],[0,32]],[[5412,6709],[25,0],[0,-32]],[[5437,6677],[-25,0]],[[5412,6677],[0,32]],[[5587,6774],[0,-97],[-25,0],[0,32]],[[6024,6709],[13,0]],[[6037,6709],[0,-32]],[[6037,6677],[-13,0],[0,32]],[[6062,6709],[12,0],[0,-32],[-12,0],[0,32]],[[8112,6709],[12,0]],[[8124,6709],[0,-32]],[[8124,6677],[-12,0]],[[8112,6677],[0,32]],[[8124,6709],[13,0]],[[8137,6709],[0,-32]],[[8137,6677],[-13,0]],[[8274,6709],[25,0]],[[8299,6709],[0,-32]],[[8299,6677],[-25,0]],[[8274,6677],[0,32]],[[8362,6741],[0,-32],[25,0]],[[8387,6709],[0,-32],[-63,0]],[[8324,6677],[0,32],[13,0],[0,32],[25,0]],[[8462,6709],[12,0],[0,-32]],[[8474,6677],[-12,0],[0,32]],[[8499,6709],[0,-32],[-12,0]],[[8487,6677],[0,32],[12,0]],[[8799,6709],[0,-32],[-12,0]],[[8787,6677],[0,32],[12,0]],[[8849,6709],[0,-32]],[[8849,6677],[-12,0],[0,32]],[[1687,6741],[0,-32]],[[1687,6709],[13,0]],[[1700,6709],[0,-65]],[[1700,6644],[-13,0]],[[1687,6644],[0,33],[-12,0]],[[2062,6741],[25,0],[0,-64],[13,0]],[[2100,6677],[0,-33]],[[2100,6644],[-25,0]],[[2075,6644],[0,65],[-13,0]],[[1875,6677],[0,-33],[-38,0],[0,65],[25,0]],[[5649,6709],[25,0]],[[5674,6709],[0,-32],[-12,0],[0,-33]],[[5662,6644],[-13,0],[0,65]],[[5999,6709],[25,0]],[[6037,6677],[0,-33]],[[6037,6644],[-38,0]],[[5999,6644],[0,65]],[[6399,6677],[-12,0],[0,-33]],[[6387,6644],[-13,0]],[[6374,6644],[0,33],[-12,0]],[[6362,6677],[0,32],[37,0],[0,-32]],[[8299,6709],[13,0]],[[8312,6709],[0,-32],[12,0]],[[8324,6677],[0,-33],[-25,0]],[[8299,6644],[0,65]],[[1600,6677],[0,-33]],[[1600,6644],[-13,0],[0,33]],[[1600,6677],[12,0]],[[1612,6677],[0,-33]],[[1612,6644],[-12,0]],[[1687,6644],[-12,0]],[[1675,6644],[0,33]],[[2037,6677],[13,0]],[[2050,6677],[0,-33]],[[2050,6644],[-13,0],[0,33]],[[2100,6677],[12,0],[0,-33],[-12,0]],[[2875,6677],[12,0],[0,-33],[-12,0],[0,33]],[[4750,6644],[-13,0],[0,33],[13,0],[0,-33]],[[4837,6644],[-25,0]],[[4812,6644],[0,33],[25,0],[0,-33]],[[5137,6677],[12,0],[0,-33],[-12,0]],[[5137,6644],[0,33]],[[5287,6677],[12,0]],[[5299,6677],[0,-33],[-12,0],[0,33]],[[5412,6677],[12,0]],[[5424,6677],[0,-33]],[[5424,6644],[-12,0]],[[5412,6644],[0,33]],[[5424,6677],[13,0]],[[5437,6677],[0,-33],[-13,0]],[[5712,6677],[12,0],[0,-33]],[[5724,6644],[-12,0],[0,33]],[[5749,6677],[0,-33]],[[5749,6644],[-12,0],[0,33],[12,0]],[[5837,6644],[-13,0],[0,33],[13,0],[0,-33]],[[5874,6644],[-25,0]],[[5849,6644],[0,33],[25,0],[0,-33]],[[5999,6677],[0,-33]],[[5999,6644],[-12,0]],[[5987,6644],[0,33],[12,0]],[[6162,6677],[12,0]],[[6174,6677],[0,-33],[-12,0]],[[6162,6644],[0,33]],[[6399,6677],[0,-33]],[[6399,6644],[-12,0]],[[6399,6677],[25,0],[0,-33],[-25,0]],[[6487,6644],[-13,0]],[[6474,6644],[0,33],[13,0],[0,-33]],[[6824,6677],[13,0]],[[6837,6677],[0,-33]],[[6837,6644],[-13,0]],[[6824,6644],[0,33]],[[7262,6644],[-13,0],[0,33],[13,0],[0,-33]],[[7499,6709],[0,-65]],[[7499,6644],[-62,0],[0,33],[-13,0],[0,-33]],[[7424,6644],[-37,0]],[[7387,6644],[0,33],[12,0],[0,32],[38,0],[0,32],[50,0],[0,-32],[12,0]],[[5637,6870],[25,0]],[[5662,6870],[0,-64],[12,0]],[[5687,6774],[0,-33],[-13,0]],[[5674,6741],[0,-32]],[[5674,6709],[-50,0]],[[5624,6709],[0,-32],[-12,0]],[[5612,6677],[0,-65],[-13,0],[0,32],[-12,0],[0,130]],[[5587,6774],[12,0],[0,32]],[[5599,6806],[25,0]],[[5637,6838],[0,32]],[[2025,6935],[50,0]],[[2075,6935],[0,-32],[-13,0],[0,-33],[13,0],[0,-32],[-13,0],[0,-32],[-12,0],[0,-32],[12,0],[0,-33]],[[2062,6741],[-25,0]],[[2025,6774],[0,32]],[[2025,6709],[37,0]],[[2062,6709],[0,-32]],[[2062,6677],[-25,0]],[[2050,6644],[0,-32]],[[2050,6612],[-25,0]],[[2025,6612],[0,32]],[[2025,6644],[-25,0]],[[2000,6644],[0,33],[-13,0]],[[1987,6677],[0,64]],[[1987,6741],[13,0]],[[2000,6741],[0,162]],[[2000,6903],[25,0]],[[2012,6838],[25,0]],[[2037,6870],[-25,0]],[[5437,8451],[50,0],[0,-97],[37,0],[0,-32],[13,0],[0,-65],[-13,0],[0,-32],[-25,0],[0,-32],[-25,0],[0,-162],[-12,0],[0,33]],[[5449,7999],[-50,0]],[[5399,7967],[-25,0]],[[5387,7935],[0,-33],[25,0]],[[5462,7935],[62,0],[0,-33],[38,0]],[[5699,7515],[25,0]],[[5749,7548],[50,0]],[[5799,7548],[0,64]],[[5812,7580],[12,0]],[[5849,7515],[0,-32],[-12,0],[0,-64],[-25,0]],[[5812,7419],[0,-65],[-13,0],[0,-32],[-25,0],[0,-32],[-25,0],[0,-65],[-25,0],[0,-64]],[[5724,7161],[50,0],[0,-33],[13,0],[0,-32]],[[5787,7096],[-50,0]],[[5737,7096],[0,-32],[-13,0],[0,-129],[25,0],[0,-65]],[[5749,6870],[-50,0]],[[5699,6870],[0,97]],[[5674,6903],[-12,0]],[[5637,6870],[0,-64]],[[5637,6806],[-38,0]],[[5612,6935],[-50,0]],[[5549,6999],[-37,0],[0,33]],[[5512,7064],[0,64]],[[5449,7096],[-12,0]],[[5437,7096],[0,32],[-25,0],[0,33]],[[5424,7193],[-50,0],[0,64]],[[5312,7257],[12,0]],[[5349,7225],[0,-64],[25,0]],[[5387,7128],[0,-64]],[[5412,6999],[37,0]],[[5474,6935],[0,-65]],[[5474,6774],[-12,0],[0,-33]],[[5449,6709],[-37,0]],[[5412,6709],[0,-97]],[[5412,6612],[-13,0],[0,32],[-37,0],[0,33],[-13,0]],[[5337,6709],[0,32],[25,0]],[[5399,6741],[25,0]],[[5424,6774],[13,0],[0,64],[-13,0]],[[5412,6870],[0,33],[-13,0]],[[5399,6903],[0,64]],[[5387,6935],[-25,0]],[[5237,7193],[0,-65],[-50,0]],[[5187,7128],[0,-64],[-13,0]],[[5074,6999],[-12,0]],[[5062,7032],[-50,0]],[[5000,7064],[0,-32]],[[4975,7032],[0,96]],[[4975,7128],[-13,0]],[[4962,7128],[0,194]],[[4962,7322],[-25,0],[0,64]],[[4937,7419],[63,0]],[[5012,7483],[0,65]],[[5012,7548],[12,0]],[[5049,7548],[38,0]],[[5074,7677],[38,0]],[[5137,7741],[25,0]],[[5149,7773],[0,33]],[[5174,7838],[13,0],[0,32],[62,0]],[[5224,7967],[0,129]],[[5237,8096],[0,-32]],[[5249,8128],[50,0]],[[5287,8064],[25,0],[0,-33]],[[5312,8031],[-25,0]],[[5287,8031],[0,-64]],[[5299,7999],[38,0]],[[5349,7967],[0,97]],[[5337,8064],[0,32],[-13,0],[0,32],[-12,0]],[[5312,8128],[0,65]],[[5299,8193],[0,64]],[[5274,8193],[-25,0],[0,-33],[-37,0]],[[5212,8128],[-13,0]],[[5199,8128],[0,97]],[[5349,8289],[0,65]],[[5374,8322],[25,0]],[[5437,8322],[-25,0]],[[5262,7967],[0,-65]],[[5287,7935],[-13,0]],[[5412,7644],[0,33]],[[5424,7709],[-25,0]],[[5162,7580],[0,-65]],[[5162,7483],[0,-32]],[[5462,7548],[12,0]],[[5474,7515],[25,0]],[[5449,7483],[25,0]],[[5474,7515],[-25,0]],[[5549,7322],[0,-65]],[[5549,7257],[-12,0]],[[5537,7225],[25,0]],[[5587,7225],[25,0]],[[5262,7322],[37,0]],[[5299,7354],[-37,0]],[[4987,7257],[0,33]],[[5000,7322],[-25,0]],[[5137,7225],[0,32]],[[5149,7290],[-25,0]],[[5674,6741],[25,0],[0,-64]],[[5699,6677],[13,0]],[[5712,6677],[0,-65]],[[5712,6612],[-13,0]],[[5699,6612],[0,32],[-12,0],[0,-32]],[[5687,6612],[-13,0]],[[5674,6612],[0,129]],[[8274,6935],[13,0]],[[8287,6935],[0,-97]],[[8299,6806],[-50,0]],[[8262,6774],[0,-33]],[[8274,6741],[0,-64]],[[8274,6677],[-25,0],[0,-33],[-12,0],[0,-32],[-25,0],[0,32],[-25,0],[0,33],[-13,0]],[[8174,6677],[0,64]],[[8174,6741],[25,0]],[[8199,6741],[0,65]],[[8199,6806],[13,0],[0,32],[12,0],[0,32],[13,0],[0,33],[12,0],[0,-33],[25,0],[0,65]],[[5274,6677],[13,0]],[[5299,6677],[13,0],[0,-65]],[[5312,6612],[-38,0]],[[5274,6612],[0,65]],[[5624,6709],[25,0]],[[5649,6709],[0,-97]],[[5649,6612],[-25,0]],[[5624,6612],[0,32]],[[5624,6644],[-12,0]],[[5612,6644],[0,33]],[[6712,6677],[12,0],[0,-65],[-12,0],[0,65]],[[2012,6644],[13,0]],[[2025,6612],[-13,0]],[[2012,6612],[0,32]],[[2075,6644],[12,0]],[[2087,6644],[0,-32]],[[2087,6612],[-12,0],[0,32]],[[4812,6644],[13,0]],[[4825,6644],[0,-32]],[[4825,6612],[-13,0]],[[4812,6612],[0,32]],[[5324,6644],[13,0],[0,-32],[-13,0],[0,32]],[[5424,6644],[0,-32],[-12,0]],[[5412,6612],[0,32]],[[5662,6644],[12,0],[0,-32]],[[5674,6612],[-12,0],[0,32]],[[5699,6612],[-12,0]],[[5724,6644],[25,0]],[[5749,6644],[0,-32]],[[5749,6612],[-25,0],[0,32]],[[5749,6644],[13,0]],[[5762,6644],[0,-32]],[[5762,6612],[-13,0]],[[5762,6644],[12,0]],[[5774,6644],[0,-32],[-12,0]],[[5849,6644],[13,0]],[[5862,6644],[0,-32]],[[5862,6612],[-13,0],[0,32]],[[5862,6644],[12,0]],[[5874,6644],[0,-32]],[[5874,6612],[-12,0]],[[5962,6644],[12,0]],[[5974,6644],[0,-32]],[[5974,6612],[-12,0]],[[5962,6612],[0,32]],[[5974,6644],[13,0]],[[5987,6644],[0,-32],[-13,0]],[[6412,6644],[37,0]],[[6449,6644],[0,-32]],[[6449,6612],[-37,0]],[[6412,6612],[0,32]],[[6449,6644],[25,0]],[[6474,6644],[0,-32]],[[6474,6612],[-25,0]],[[6487,6644],[0,-32]],[[6487,6612],[-13,0]],[[6487,6644],[12,0],[0,-32],[-12,0]],[[6512,6644],[12,0],[0,-32],[-12,0],[0,32]],[[6837,6644],[0,-32]],[[6837,6612],[-13,0]],[[6824,6612],[0,32]],[[6849,6612],[0,32],[13,0],[0,-32],[-13,0]],[[7062,6644],[12,0],[0,-32],[-12,0],[0,32]],[[7187,6644],[37,0],[0,-32],[-37,0],[0,32]],[[7599,6644],[13,0],[0,-32],[-13,0],[0,32]],[[8374,6644],[13,0]],[[8387,6644],[0,-32]],[[8387,6612],[-13,0]],[[8374,6612],[0,32]],[[8387,6644],[25,0]],[[8412,6644],[0,-32],[-25,0]],[[8887,6612],[-13,0]],[[8874,6612],[0,32],[13,0],[0,-32]],[[1612,6644],[0,-64],[-12,0],[0,64]],[[5624,6644],[0,-64]],[[5624,6580],[-12,0],[0,64]],[[5837,6644],[12,0]],[[5849,6644],[0,-64],[-12,0]],[[5837,6580],[0,64]],[[6149,6677],[13,0]],[[6162,6677],[0,-65]],[[6162,6612],[-13,0]],[[6149,6612],[0,-32]],[[6149,6580],[-25,0],[0,32],[-12,0]],[[6112,6612],[0,32]],[[6112,6644],[37,0],[0,33]],[[8124,6644],[13,0],[0,-32],[12,0],[0,-32],[-25,0],[0,64]],[[8837,6644],[12,0],[0,-64],[-12,0],[0,64]],[[8899,6644],[13,0],[0,-64]],[[8912,6580],[-13,0]],[[8899,6580],[0,64]],[[1700,6612],[12,0],[0,-32]],[[1712,6580],[-12,0]],[[1700,6580],[0,32]],[[1775,6612],[37,0],[0,-32],[-37,0],[0,32]],[[4825,6612],[0,-32],[-13,0],[0,32]],[[4862,6612],[13,0],[0,-32],[-13,0],[0,32]],[[5287,6612],[12,0]],[[5299,6612],[0,-32]],[[5299,6580],[-12,0]],[[5287,6580],[0,32]],[[5299,6612],[13,0]],[[5312,6612],[0,-32]],[[5312,6580],[-13,0]],[[5624,6612],[13,0]],[[5637,6612],[0,-32]],[[5637,6580],[-13,0]],[[5624,6580],[0,32]],[[5637,6612],[12,0]],[[5649,6612],[0,-32]],[[5649,6580],[-12,0]],[[5712,6612],[0,-32],[-13,0],[0,32]],[[5837,6580],[-38,0],[0,32],[13,0]],[[5812,6612],[0,65],[-13,0],[0,32],[13,0],[0,32],[25,0],[0,-32],[37,0],[0,65],[13,0],[0,-130],[-13,0]],[[5949,6612],[13,0]],[[5962,6612],[0,-32]],[[5962,6580],[-13,0],[0,32]],[[6224,6612],[25,0],[0,-32],[-25,0],[0,32]],[[6324,6612],[13,0],[0,-32],[-13,0],[0,32]],[[6487,6612],[0,-32],[-13,0]],[[6474,6580],[0,32]],[[6812,6612],[37,0]],[[6849,6612],[0,-32]],[[6849,6580],[-62,0]],[[6787,6580],[0,32],[12,0],[0,32],[13,0],[0,-32]],[[7124,6580],[-37,0],[0,32],[37,0],[0,-32]],[[7424,6612],[13,0]],[[7437,6612],[0,-32]],[[7437,6580],[-13,0],[0,32]],[[7437,6612],[12,0]],[[7449,6612],[0,-32],[-12,0]],[[7537,6580],[-13,0]],[[7524,6580],[0,32],[13,0],[0,-32]],[[8062,6612],[12,0]],[[8074,6612],[0,-32]],[[8074,6580],[-12,0]],[[8062,6580],[0,32]],[[8299,6612],[13,0],[0,-32],[-13,0],[0,32]],[[8337,6580],[-13,0],[0,32],[13,0],[0,-32]],[[8574,6612],[13,0],[0,-32],[-13,0],[0,32]],[[2087,6612],[0,-32]],[[2087,6580],[-12,0],[0,-32],[-13,0],[0,96],[13,0]],[[2112,6548],[0,64],[-12,0],[0,32]],[[2100,6677],[0,32],[25,0],[0,-65],[12,0],[0,-32],[-12,0],[0,-64],[-13,0]],[[1612,6612],[13,0],[0,-64]],[[1625,6548],[-13,0],[0,64]],[[4825,6612],[12,0],[0,-64],[-12,0]],[[4825,6548],[0,64]],[[5412,6612],[0,-64],[-25,0],[0,64],[25,0]],[[6412,6612],[12,0]],[[6424,6612],[0,-32],[13,0]],[[6437,6580],[0,-32]],[[6437,6548],[-25,0]],[[6412,6548],[0,64]],[[8887,6612],[12,0]],[[8899,6612],[0,-32]],[[8912,6580],[0,-32]],[[8912,6548],[-25,0]],[[8887,6548],[0,64]],[[5649,6580],[13,0]],[[5662,6580],[0,-32]],[[5662,6548],[-13,0]],[[5649,6548],[0,32]],[[5662,6580],[12,0],[0,-32],[-12,0]],[[5749,6580],[0,-32]],[[5749,6548],[-12,0]],[[5737,6548],[0,32],[12,0]],[[6062,6580],[12,0]],[[6074,6580],[0,-32]],[[6074,6548],[-12,0]],[[6062,6548],[0,32]],[[6087,6580],[12,0]],[[6099,6580],[0,-32],[-12,0],[0,32]],[[6412,6580],[0,-32]],[[6412,6548],[-13,0],[0,32],[13,0]],[[6474,6580],[0,-32]],[[6474,6548],[-25,0],[0,32],[25,0]],[[7124,6580],[13,0],[0,-32]],[[7137,6548],[-13,0],[0,32]],[[7199,6580],[13,0]],[[7212,6580],[0,-32]],[[7212,6548],[-13,0]],[[7199,6548],[0,32]],[[7462,6580],[12,0],[0,-32],[-12,0],[0,32]],[[7574,6580],[13,0]],[[7587,6580],[0,-32]],[[7587,6548],[-13,0]],[[7574,6548],[0,32]],[[8049,6580],[25,0]],[[8074,6580],[0,-32]],[[8074,6548],[-25,0],[0,32]],[[8087,6580],[12,0],[0,-32],[-12,0],[0,32]],[[8274,6580],[13,0],[0,-32]],[[8287,6548],[-13,0]],[[8274,6548],[0,32]],[[8337,6580],[12,0],[0,-32],[-12,0]],[[8337,6548],[0,32]],[[8712,6580],[0,-32],[-13,0],[0,32],[13,0]],[[8912,6580],[12,0],[0,-32],[-12,0]],[[5962,6580],[0,-65],[-25,0]],[[5937,6515],[0,65],[-50,0],[0,32],[62,0]],[[6424,6612],[50,0]],[[6474,6548],[0,-33]],[[6474,6515],[-37,0]],[[6437,6515],[0,65]],[[8162,6612],[12,0]],[[8174,6612],[0,-32]],[[8174,6580],[25,0],[0,-32],[-12,0],[0,-33]],[[8187,6515],[-25,0]],[[8162,6515],[0,97]],[[2137,6580],[13,0],[0,-65],[-13,0],[0,65]],[[5749,6580],[38,0]],[[5787,6580],[0,-32],[-25,0],[0,-33],[-13,0]],[[5749,6515],[0,65]],[[7412,6612],[12,0]],[[7437,6580],[0,-65],[-50,0],[0,65],[25,0],[0,32]],[[7849,6999],[50,0]],[[7899,6999],[0,-32],[-12,0],[0,-32],[12,0],[0,-32],[13,0],[0,32],[12,0],[0,-32],[13,0],[0,-33],[-13,0],[0,-32],[-12,0],[0,32],[-13,0],[0,-64]],[[7899,6806],[-50,0],[0,32],[-12,0],[0,-32],[-13,0],[0,32],[-62,0],[0,32],[12,0],[0,65],[-12,0],[0,-32],[-75,0],[0,-33],[-13,0],[0,33],[-25,0],[0,-33],[13,0],[0,-32],[12,0],[0,-32],[-62,0],[0,-32],[12,0],[0,-33],[-12,0],[0,-32],[37,0],[0,-65],[-25,0],[0,-32],[25,0],[0,-64],[-12,0],[0,32],[-25,0],[0,-32],[-13,0],[0,32]],[[7599,6580],[-25,0]],[[7574,6548],[-25,0]],[[7549,6548],[0,-33],[-62,0]],[[7487,6515],[0,65],[12,0],[0,-32],[13,0],[0,32]],[[7512,6580],[37,0]],[[7549,6580],[0,32],[13,0],[0,32],[37,0]],[[7599,6644],[0,33],[-25,0],[0,32],[13,0],[0,32],[-25,0],[0,33],[-38,0],[0,-33],[-12,0],[0,-32],[12,0],[0,-32],[-25,0]],[[7499,6677],[0,32]],[[7387,6644],[-13,0]],[[7374,6644],[0,33],[-25,0],[0,-33],[-12,0],[0,-32],[-63,0],[0,32],[-12,0]],[[7262,6644],[0,-32],[-25,0],[0,129]],[[7237,6741],[-13,0],[0,-32],[-12,0],[0,-32],[-25,0],[0,32],[-25,0],[0,97],[25,0],[0,32],[25,0],[0,32],[37,0],[0,33],[38,0],[0,32],[125,0],[0,-32],[25,0],[0,32],[-13,0],[0,32],[-25,0],[0,32],[50,0],[0,33],[-12,0],[0,64],[12,0],[0,-32],[75,0],[0,-32],[13,0],[0,32],[12,0],[0,64],[13,0]],[[7662,7128],[0,65]],[[8387,6709],[25,0],[0,-65]],[[8412,6644],[-38,0]],[[8374,6612],[-12,0],[0,-32],[-25,0]],[[8337,6548],[-25,0]],[[8312,6548],[0,-33]],[[8312,6515],[-13,0],[0,33]],[[8299,6548],[-12,0]],[[8274,6580],[0,-65]],[[8274,6515],[-25,0]],[[8249,6515],[0,33],[-12,0]],[[8237,6548],[0,32],[25,0],[0,64],[12,0],[0,33]],[[8299,6677],[0,-33]],[[1625,6548],[12,0]],[[1637,6548],[0,-33],[-12,0],[0,33]],[[1887,6548],[13,0]],[[1900,6548],[0,-33]],[[1900,6515],[-13,0],[0,33]],[[5749,6548],[0,-33]],[[5749,6515],[-12,0],[0,33]],[[5924,6548],[13,0],[0,-33]],[[5937,6515],[-13,0]],[[5924,6515],[0,33]],[[6349,6548],[13,0],[0,-33],[-13,0],[0,33]],[[6437,6548],[0,-33]],[[6437,6515],[-25,0]],[[6412,6515],[0,33]],[[6512,6548],[12,0],[0,-33],[-12,0],[0,33]],[[6799,6548],[13,0]],[[6812,6548],[0,-33]],[[6812,6515],[-13,0],[0,33]],[[6812,6548],[12,0]],[[6824,6548],[0,-33]],[[6824,6515],[-12,0]],[[6837,6548],[25,0]],[[6862,6548],[0,-33]],[[6862,6515],[-25,0],[0,33]],[[7137,6548],[12,0],[0,-33],[-12,0],[0,33]],[[7212,6548],[12,0]],[[7224,6548],[0,-33]],[[7224,6515],[-12,0],[0,33]],[[7224,6548],[25,0]],[[7249,6548],[0,-33]],[[7249,6515],[-25,0]],[[7274,6548],[13,0]],[[7287,6548],[0,-33]],[[7287,6515],[-13,0]],[[7274,6515],[0,33]],[[8137,6515],[-13,0]],[[8124,6515],[0,33],[13,0],[0,-33]],[[8237,6548],[-13,0],[0,-33],[-37,0]],[[8174,6580],[0,97]],[[8249,6515],[-12,0],[0,33]],[[8312,6548],[12,0],[0,-33]],[[8324,6515],[-12,0]],[[8562,6548],[12,0],[0,-33],[-12,0],[0,33]],[[8899,6548],[13,0]],[[8912,6548],[0,-33],[-13,0],[0,33]],[[6024,6644],[13,0]],[[6037,6644],[0,-32]],[[6037,6612],[12,0],[0,32],[13,0]],[[6062,6644],[0,-96]],[[6062,6548],[-13,0]],[[6049,6548],[0,-33],[-12,0],[0,-32],[-13,0]],[[6024,6483],[0,32]],[[6024,6515],[-12,0],[0,97],[12,0],[0,32]],[[5287,6580],[25,0]],[[5312,6580],[0,-97]],[[5312,6483],[-13,0]],[[5299,6483],[0,65]],[[5299,6548],[-12,0]],[[5287,6548],[0,32]],[[8924,6967],[0,32],[13,0],[0,-96],[12,0],[0,-129],[-12,0],[0,-33],[-13,0],[0,33]],[[8924,6709],[0,-65],[-25,0]],[[8899,6644],[0,-32]],[[8874,6612],[-12,0]],[[8862,6612],[0,-64],[-13,0],[0,-33],[-12,0],[0,-32]],[[8837,6483],[-13,0]],[[8824,6483],[0,32],[-12,0],[0,33],[-25,0],[0,32],[12,0],[0,32],[13,0],[0,32],[12,0]],[[8824,6644],[0,33],[38,0]],[[8874,6806],[0,32]],[[8874,6903],[0,32],[13,0],[0,32]],[[2112,6548],[0,-65],[-12,0]],[[2100,6483],[0,32],[-13,0]],[[2087,6515],[0,33],[25,0]],[[5649,6548],[38,0]],[[5687,6548],[0,-65]],[[5687,6483],[-13,0],[0,32],[-25,0],[0,33]],[[5687,6548],[12,0]],[[5699,6548],[0,-65]],[[5699,6483],[-12,0]],[[5699,6548],[38,0]],[[5737,6548],[0,-65],[-38,0]],[[6787,6580],[37,0]],[[6824,6580],[0,-32]],[[6824,6548],[-25,0]],[[6812,6515],[0,-32]],[[6812,6483],[-50,0]],[[6762,6483],[0,65],[25,0],[0,32]],[[7187,6580],[12,0]],[[7199,6580],[0,-65]],[[7199,6515],[-12,0],[0,-32]],[[7187,6483],[-13,0],[0,65],[13,0],[0,32]],[[7299,6483],[0,65],[13,0],[0,-33],[12,0],[0,-32],[-25,0]],[[1900,6515],[37,0],[0,-32]],[[1937,6483],[-37,0]],[[1900,6483],[0,32]],[[1962,6515],[13,0],[0,-32],[-13,0],[0,32]],[[2100,6483],[-13,0],[0,32]],[[5312,6483],[0,32],[12,0],[0,-32],[-12,0]],[[5924,6548],[0,-65]],[[5924,6483],[-37,0],[0,32],[12,0],[0,33],[25,0]],[[5937,6515],[0,-32]],[[5937,6483],[-13,0]],[[5924,6483],[0,32]],[[5937,6515],[12,0],[0,-32],[-12,0]],[[6099,6483],[-12,0]],[[6087,6483],[0,32],[12,0],[0,-32]],[[6549,6515],[13,0],[0,-32],[-13,0],[0,32]],[[6762,6483],[-38,0]],[[6724,6483],[0,32],[25,0],[0,65],[38,0]],[[7224,6515],[13,0]],[[7237,6515],[0,-32],[-13,0],[0,32]],[[7287,6515],[0,-32]],[[7287,6483],[-13,0]],[[7274,6483],[0,32]],[[7487,6515],[0,-32],[-13,0],[0,32],[13,0]],[[7999,6515],[13,0]],[[8012,6515],[0,-32]],[[8012,6483],[-13,0]],[[7999,6483],[0,32]],[[8037,6515],[12,0],[0,-32],[-12,0],[0,32]],[[8274,6548],[25,0]],[[8312,6515],[0,-32],[-63,0],[0,32]],[[8274,6515],[0,33]],[[8599,6515],[0,-32]],[[8599,6483],[-12,0]],[[8587,6483],[0,32],[12,0]],[[8862,6612],[25,0]],[[8887,6548],[12,0]],[[8899,6548],[0,-65],[-62,0]],[[5987,6644],[37,0]],[[6024,6515],[0,-64]],[[6024,6451],[-12,0]],[[6012,6451],[0,32],[-13,0],[0,97],[-12,0]],[[5987,6580],[0,64]],[[6012,6451],[-25,0],[0,129]],[[5274,6548],[25,0]],[[5299,6483],[-12,0],[0,-32]],[[5287,6451],[-13,0],[0,97]],[[7337,6548],[25,0],[0,-33],[-13,0],[0,-64],[-12,0],[0,97]],[[4825,6451],[-13,0]],[[4812,6451],[0,64],[13,0],[0,-64]],[[6149,6515],[38,0],[0,-64]],[[6187,6451],[-13,0],[0,32]],[[6174,6483],[-25,0]],[[6149,6483],[0,32]],[[6924,6483],[25,0]],[[6949,6483],[0,-32]],[[6949,6451],[-37,0]],[[6912,6451],[0,32],[-13,0]],[[6899,6483],[0,32],[25,0],[0,-32]],[[8499,7161],[113,0]],[[8624,7032],[13,0],[0,-33],[-25,0],[0,-96],[-25,0],[0,-33],[-13,0],[0,-32],[-25,0]],[[8549,6806],[25,0],[0,-65]],[[8574,6741],[13,0],[0,-32],[12,0],[0,-194]],[[8587,6483],[-25,0],[0,-32],[-63,0]],[[8499,6451],[0,32],[-12,0]],[[8487,6483],[0,32],[12,0],[0,33],[13,0],[0,32],[-13,0],[0,129]],[[8487,6677],[-13,0]],[[8462,6709],[0,65]],[[8462,6774],[37,0]],[[8499,6774],[0,64]],[[8499,6838],[-50,0]],[[8399,6903],[13,0]],[[8437,6967],[0,65]],[[8437,7032],[25,0]],[[8462,7032],[0,64]],[[1687,6451],[-25,0]],[[1662,6451],[0,32],[25,0],[0,-32]],[[1900,6483],[25,0]],[[1925,6483],[0,-32]],[[1925,6451],[-25,0]],[[1900,6451],[0,32]],[[4812,6451],[-12,0],[0,32],[12,0],[0,-32]],[[4887,6483],[0,-32]],[[4887,6451],[-12,0],[0,32],[12,0]],[[5299,6483],[0,-32]],[[5299,6451],[-12,0]],[[5312,6483],[0,-32]],[[5312,6451],[-13,0]],[[5924,6483],[0,-32],[-25,0],[0,32],[25,0]],[[6087,6483],[25,0]],[[6112,6483],[0,-32]],[[6112,6451],[-25,0],[0,32]],[[6699,6483],[13,0]],[[6712,6483],[0,-32],[-13,0]],[[6699,6451],[0,32]],[[6899,6483],[0,-32],[-12,0],[0,32],[12,0]],[[6949,6483],[13,0]],[[6962,6483],[0,-32]],[[6962,6451],[-13,0]],[[7074,6451],[-12,0],[0,32],[12,0],[0,-32]],[[7287,6483],[12,0]],[[7299,6483],[0,-32],[-12,0],[0,32]],[[7362,6483],[50,0],[0,-32],[-50,0],[0,32]],[[8099,6515],[13,0]],[[8112,6515],[0,-64]],[[8112,6451],[-25,0]],[[8087,6451],[0,32],[12,0],[0,32]],[[8124,6483],[13,0]],[[8137,6483],[0,-32]],[[8137,6451],[-13,0]],[[8124,6451],[0,32]],[[8137,6483],[12,0]],[[8149,6483],[0,-32],[-12,0]],[[8499,6451],[-12,0],[0,32]],[[8637,6483],[0,-32]],[[8637,6451],[-13,0]],[[8624,6451],[0,32],[13,0]],[[8812,6483],[25,0]],[[8837,6483],[0,-32]],[[8837,6451],[-25,0]],[[8812,6451],[0,32]],[[8837,6483],[12,0]],[[8849,6483],[0,-32]],[[8849,6451],[-12,0]],[[8849,6483],[13,0],[0,-32],[-13,0]],[[1975,6774],[0,-65]],[[1987,6709],[0,-32]],[[2000,6644],[12,0]],[[2012,6612],[38,0]],[[2050,6612],[0,65]],[[2050,6677],[12,0]],[[2087,6580],[0,64]],[[2087,6644],[13,0]],[[2087,6515],[-25,0],[0,-32],[-12,0],[0,-32],[-13,0],[0,-32],[-12,0],[0,129],[-13,0],[0,-33],[-12,0],[0,-64],[-13,0]],[[1987,6451],[0,-32]],[[1987,6419],[-25,0]],[[1962,6419],[0,32]],[[1962,6451],[-37,0]],[[1925,6483],[12,0]],[[1900,6515],[0,129]],[[1900,6644],[37,0],[0,33],[25,0],[0,64],[-12,0],[0,33],[25,0]],[[6137,6483],[37,0]],[[6187,6451],[0,-32]],[[6187,6419],[-25,0],[0,32],[-13,0],[0,-32],[-12,0]],[[6137,6419],[0,64]],[[1675,6451],[0,-32]],[[1675,6419],[-25,0],[0,32],[25,0]],[[1912,6451],[25,0]],[[1937,6451],[0,-32]],[[1937,6419],[-25,0]],[[1912,6419],[0,32]],[[1937,6451],[13,0]],[[1950,6451],[0,-32]],[[1950,6419],[-13,0]],[[5287,6451],[25,0]],[[5312,6451],[0,-32]],[[5312,6419],[-25,0],[0,32]],[[5999,6451],[0,-32]],[[5999,6419],[-25,0]],[[5974,6419],[0,32],[25,0]],[[5999,6451],[13,0]],[[6012,6451],[0,-32]],[[6012,6419],[-13,0]],[[6024,6451],[0,-32]],[[6024,6419],[-12,0]],[[6187,6451],[12,0],[0,-32],[-12,0]],[[7012,6419],[-13,0],[0,32],[13,0],[0,-32]],[[7074,6451],[13,0],[0,-32],[-13,0],[0,32]],[[7462,6451],[12,0],[0,-32],[-12,0],[0,32]],[[7487,6451],[12,0],[0,-32],[-12,0],[0,32]],[[7512,6451],[12,0],[0,-32],[-12,0],[0,32]],[[8137,6451],[0,-32]],[[8137,6419],[-13,0],[0,32]],[[8624,6451],[0,-32],[-25,0]],[[8599,6419],[0,32],[25,0]],[[8787,6451],[12,0],[0,-32],[-37,0]],[[8762,6419],[0,32],[12,0],[0,32],[13,0],[0,-32]],[[4887,6515],[25,0],[0,-32],[38,0],[0,-64]],[[4950,6419],[-50,0],[0,-33],[-13,0]],[[4887,6386],[0,129]],[[8799,6709],[25,0],[0,-65]],[[8824,6483],[-12,0]],[[8812,6451],[-25,0]],[[8762,6419],[25,0],[0,-33],[-50,0]],[[8737,6386],[0,33],[-13,0],[0,32],[-12,0],[0,64],[25,0],[0,33],[-13,0],[0,32]],[[8724,6580],[50,0],[0,32],[13,0],[0,65]],[[7424,6483],[13,0],[0,-97],[-13,0],[0,97]],[[1812,6451],[25,0],[0,-32],[-12,0],[0,-33],[-13,0],[0,65]],[[1950,6451],[12,0]],[[1962,6451],[0,-65]],[[1962,6386],[-12,0]],[[1950,6386],[0,65]],[[6512,6451],[12,0],[0,-32],[13,0],[0,-33],[-25,0],[0,65]],[[6762,6386],[-25,0],[0,65],[25,0],[0,-65]],[[8162,6548],[0,-33]],[[8187,6515],[0,-32],[-25,0],[0,-97]],[[8162,6386],[-25,0]],[[8137,6386],[0,65]],[[8149,6483],[-25,0]],[[8124,6451],[-12,0]],[[8112,6515],[37,0]],[[8149,6515],[0,33],[13,0]],[[8662,6451],[0,-65]],[[8662,6386],[-13,0]],[[8649,6386],[0,65],[13,0]],[[1750,6419],[12,0],[0,-33],[-12,0],[0,33]],[[1962,6419],[13,0]],[[1975,6419],[0,-33]],[[1975,6386],[-13,0]],[[1962,6386],[0,33]],[[1975,6419],[12,0]],[[1987,6419],[0,-33]],[[1987,6386],[-12,0]],[[4775,6419],[0,-33]],[[4775,6386],[-13,0],[0,33],[13,0]],[[4950,6419],[12,0],[0,-33]],[[4962,6386],[-12,0],[0,33]],[[5262,6386],[-13,0]],[[5249,6386],[0,33],[13,0],[0,-33]],[[5312,6419],[12,0],[0,-33],[-12,0]],[[5312,6386],[0,33]],[[5987,6419],[12,0]],[[5999,6419],[0,-33],[-12,0],[0,33]],[[6037,6419],[12,0],[0,-33]],[[6049,6386],[-12,0]],[[6037,6386],[0,33]],[[6337,6419],[12,0],[0,-33],[-12,0],[0,33]],[[6687,6419],[12,0]],[[6699,6419],[0,-33]],[[6699,6386],[-12,0]],[[6687,6386],[0,33]],[[6799,6386],[-12,0]],[[6787,6386],[0,33],[12,0],[0,-33]],[[6912,6419],[12,0]],[[6924,6419],[0,-33]],[[6924,6386],[-12,0]],[[6912,6386],[0,33]],[[6937,6419],[12,0],[0,-33],[-12,0],[0,33]],[[7312,6419],[12,0],[0,-33],[-12,0],[0,33]],[[7387,6419],[12,0],[0,-33],[-12,0],[0,33]],[[8524,6419],[13,0],[0,-33],[-13,0],[0,33]],[[8662,6419],[12,0]],[[8674,6419],[0,-33]],[[8674,6386],[-12,0]],[[8662,6386],[0,33]],[[8674,6419],[13,0]],[[8687,6419],[0,-33]],[[8687,6386],[-13,0]],[[5287,6548],[-13,0]],[[5312,6419],[0,-65]],[[5312,6354],[-13,0],[0,32]],[[5299,6386],[-37,0]],[[5249,6386],[-12,0]],[[5237,6386],[0,33],[-13,0]],[[5224,6419],[0,96]],[[5224,6515],[13,0],[0,33],[-13,0],[0,32],[63,0]],[[7187,6483],[25,0],[0,-32],[12,0],[0,-32],[-12,0],[0,-65],[-13,0],[0,32],[-12,0],[0,97]],[[4775,6419],[25,0]],[[4800,6419],[0,-65],[-13,0],[0,32]],[[4787,6386],[-12,0]],[[7012,6419],[25,0]],[[7037,6419],[0,-65]],[[7037,6354],[-25,0],[0,65]],[[8524,6419],[0,-65],[-25,0],[0,65],[25,0]],[[1962,6386],[25,0]],[[1987,6386],[0,-32]],[[1987,6354],[-25,0],[0,32]],[[1987,6386],[25,0]],[[2012,6386],[0,-32],[-25,0]],[[2062,6386],[0,-32]],[[2062,6354],[-12,0]],[[2050,6354],[0,32],[12,0]],[[2062,6386],[13,0]],[[2075,6386],[0,-32]],[[2075,6354],[-13,0]],[[2812,6386],[0,-32],[-12,0]],[[2800,6354],[0,32],[12,0]],[[4525,6386],[0,-32],[-13,0]],[[4512,6354],[0,32],[13,0]],[[4962,6386],[13,0],[0,-32],[-13,0]],[[4962,6354],[0,32]],[[5187,6386],[0,-32],[-13,0],[0,32],[13,0]],[[5337,6386],[12,0]],[[5349,6386],[0,-32]],[[5349,6354],[-12,0]],[[5337,6354],[0,32]],[[5349,6386],[25,0],[0,-32],[-25,0]],[[5599,6386],[0,-32]],[[5599,6354],[-12,0],[0,32],[12,0]],[[6049,6386],[13,0],[0,-32]],[[6062,6354],[-13,0]],[[6049,6354],[0,32]],[[6099,6386],[13,0],[0,-32],[-13,0],[0,32]],[[6699,6386],[0,-32]],[[6699,6354],[-12,0]],[[6687,6354],[0,32]],[[6812,6386],[12,0]],[[6824,6386],[0,-32],[-12,0]],[[6812,6354],[0,32]],[[7037,6386],[12,0],[0,-32]],[[7049,6354],[-12,0]],[[7037,6354],[0,32]],[[8312,6354],[-63,0]],[[8249,6354],[0,32],[38,0],[0,33],[12,0],[0,-33],[13,0],[0,-32]],[[8737,6386],[0,-32],[-25,0]],[[8712,6354],[0,32],[25,0]],[[8874,6386],[13,0],[0,-32],[-13,0],[0,32]],[[1925,6419],[25,0]],[[1950,6419],[0,-33]],[[1987,6354],[0,-32]],[[1987,6322],[-37,0],[0,32],[-25,0],[0,65]],[[8637,6451],[0,-65]],[[8637,6386],[12,0]],[[8649,6386],[0,-32],[-12,0],[0,-32],[-13,0],[0,32],[-12,0],[0,32],[-13,0]],[[8599,6386],[0,33]],[[6149,6580],[0,-97]],[[6149,6483],[-12,0]],[[6137,6483],[0,-32]],[[6137,6451],[-25,0]],[[6112,6483],[-13,0]],[[6087,6483],[-13,0],[0,-32],[-37,0]],[[6037,6451],[0,-65]],[[6049,6354],[-12,0]],[[6037,6354],[0,-32]],[[6037,6322],[-13,0]],[[6024,6322],[0,32],[-12,0],[0,32],[12,0]],[[6024,6386],[0,97]],[[6049,6548],[25,0]],[[6074,6580],[13,0]],[[6099,6580],[13,0]],[[6112,6580],[0,32]],[[6762,6386],[50,0]],[[6812,6354],[-25,0]],[[6787,6354],[0,-32]],[[6787,6322],[-25,0]],[[6762,6322],[0,64]],[[6924,6386],[0,-64]],[[6924,6322],[-12,0]],[[6912,6322],[0,64]],[[8249,6354],[0,-32],[-37,0],[0,32],[-13,0],[0,32],[25,0],[0,-32],[25,0]],[[1700,6354],[12,0],[0,-32],[-12,0],[0,32]],[[4525,6386],[12,0],[0,-64],[-25,0],[0,32]],[[4850,6354],[25,0]],[[4875,6354],[0,-32],[-25,0]],[[4850,6322],[0,32]],[[5412,6354],[12,0],[0,-32],[-12,0]],[[5412,6322],[0,32]],[[5562,6354],[0,-32],[-13,0]],[[5549,6322],[0,32],[13,0]],[[6974,6354],[13,0],[0,-32],[-13,0],[0,32]],[[7237,6354],[12,0],[0,-32],[-12,0],[0,32]],[[5274,6386],[25,0]],[[5312,6354],[0,-32]],[[5312,6322],[-13,0]],[[5299,6322],[0,-32]],[[5299,6290],[-25,0],[0,96]],[[5199,6354],[25,0],[0,-32],[13,0],[0,-32],[-38,0],[0,64]],[[6937,6483],[-13,0]],[[6912,6451],[25,0]],[[6937,6451],[0,-32]],[[6937,6419],[-25,0]],[[6912,6419],[0,-65]],[[6912,6354],[-13,0],[0,32],[-12,0],[0,-32],[-13,0],[0,-32],[-25,0],[0,-32],[-25,0],[0,32],[-12,0]],[[6812,6322],[0,32]],[[6824,6386],[-25,0]],[[6787,6386],[-25,0]],[[6762,6322],[-25,0],[0,32]],[[6737,6354],[-38,0]],[[6699,6354],[0,97]],[[6712,6483],[100,0]],[[6824,6515],[0,65]],[[6824,6580],[25,0]],[[6849,6580],[0,-32]],[[6849,6548],[-12,0]],[[6862,6515],[0,65]],[[6862,6580],[62,0],[0,64],[13,0],[0,33],[12,0],[0,64],[38,0],[0,-129],[-13,0],[0,-32],[13,0],[0,-32],[-13,0],[0,-33],[-37,0],[0,-32]],[[1775,6322],[12,0],[0,-32],[-12,0],[0,32]],[[1987,6322],[13,0],[0,-32],[-13,0]],[[1987,6290],[0,32]],[[2012,6322],[13,0],[0,-32],[-13,0],[0,32]],[[4737,6290],[-12,0]],[[4725,6290],[0,32],[12,0],[0,-32]],[[4850,6322],[0,-32],[-13,0]],[[4837,6290],[0,32],[13,0]],[[5687,6322],[12,0],[0,-32],[-12,0]],[[5687,6290],[0,32]],[[6787,6322],[0,-32]],[[6787,6290],[-25,0],[0,32]],[[6812,6322],[0,-32],[-13,0],[0,32],[13,0]],[[6899,6322],[25,0]],[[6924,6322],[0,-32]],[[6924,6290],[-25,0],[0,32]],[[7887,6322],[12,0]],[[7899,6322],[0,-32]],[[7899,6290],[-12,0],[0,32]],[[8099,6322],[13,0],[0,-32]],[[8112,6290],[-13,0]],[[8099,6290],[0,32]],[[8162,6290],[-13,0],[0,32],[13,0],[0,-32]],[[8312,6354],[12,0],[0,-64],[-25,0],[0,32],[13,0],[0,32]],[[8612,6322],[0,-32]],[[8612,6290],[-13,0],[0,32],[13,0]],[[5974,6419],[13,0]],[[5999,6419],[25,0]],[[6024,6419],[0,-33]],[[6024,6322],[-25,0]],[[5999,6322],[0,32],[-25,0]],[[5974,6354],[0,-97]],[[5974,6257],[-12,0]],[[5962,6257],[0,129],[12,0],[0,33]],[[5974,6322],[13,0]],[[5987,6322],[0,-65]],[[5987,6257],[-13,0]],[[5974,6257],[0,65]],[[6037,6322],[25,0],[0,-32],[-13,0],[0,-33]],[[6049,6257],[-12,0],[0,65]],[[6337,6322],[12,0],[0,-65],[-12,0],[0,65]],[[6462,6322],[12,0],[0,-32],[13,0],[0,-33],[-25,0],[0,65]],[[1987,6290],[0,-33],[-25,0],[0,33],[25,0]],[[4750,6290],[12,0],[0,-33],[-12,0],[0,33]],[[4837,6290],[0,-33]],[[4837,6257],[-12,0]],[[4825,6257],[0,33],[12,0]],[[5162,6290],[12,0],[0,-33],[-12,0],[0,33]],[[5387,6257],[-13,0],[0,33],[13,0],[0,-33]],[[5849,6290],[13,0]],[[5862,6290],[0,-33],[-13,0],[0,33]],[[5987,6290],[12,0],[0,-33]],[[5999,6257],[-12,0]],[[5987,6257],[0,33]],[[6862,6257],[0,33],[12,0],[0,-33],[-12,0]],[[7037,6257],[0,33],[12,0],[0,-33],[-12,0]],[[7087,6257],[-13,0]],[[7074,6257],[0,33],[13,0],[0,-33]],[[7187,6290],[12,0],[0,-33],[-12,0],[0,33]],[[8012,6290],[25,0]],[[8037,6290],[0,-33]],[[8037,6257],[-25,0]],[[8012,6257],[0,33]],[[8287,7032],[0,-65]],[[8312,7032],[12,0]],[[8324,7032],[0,-65],[25,0]],[[8349,6967],[0,-64]],[[8337,6903],[0,-65],[-13,0],[0,32]],[[8287,6870],[0,65]],[[8199,6806],[0,-32]],[[8187,6741],[-13,0]],[[8174,6741],[0,-129]],[[8162,6612],[0,-64]],[[8149,6515],[-12,0]],[[8124,6515],[-25,0]],[[8087,6451],[37,0]],[[8137,6419],[0,-33]],[[8137,6386],[-38,0]],[[8099,6386],[0,-96]],[[8099,6290],[38,0]],[[8137,6290],[0,-65]],[[8137,6225],[-63,0]],[[8074,6225],[0,32],[-37,0]],[[8037,6290],[-38,0]],[[7999,6290],[0,32],[-62,0],[0,32]],[[7937,6354],[-13,0]],[[7924,6354],[0,32],[-12,0],[0,33],[-13,0],[0,32],[13,0],[0,32],[37,0],[0,32],[13,0],[0,-32],[12,0],[0,32],[13,0],[0,-32]],[[7987,6483],[25,0]],[[8012,6515],[12,0]],[[8024,6515],[0,33],[-12,0],[0,32],[12,0],[0,32],[13,0],[0,32],[12,0],[0,-32]],[[8049,6612],[13,0]],[[8062,6580],[-13,0]],[[8074,6548],[0,96]],[[8074,6644],[13,0],[0,33],[12,0],[0,32],[13,0]],[[8112,6709],[0,65],[12,0],[0,-33],[13,0]],[[8137,6741],[0,97]],[[8162,6870],[50,0]],[[8212,6870],[0,97],[25,0],[0,32],[12,0],[0,33],[38,0]],[[8112,6677],[25,0]],[[8137,6709],[-25,0]],[[1725,7193],[0,-32]],[[1887,6967],[0,-32]],[[1887,6935],[-12,0]],[[1900,6741],[0,33]],[[1912,6806],[13,0]],[[1962,6935],[-25,0]],[[1912,6967],[0,65]],[[1912,7032],[13,0]],[[1962,7064],[25,0]],[[1987,7096],[13,0],[0,65]],[[2000,7161],[25,0]],[[2037,7161],[25,0],[0,-33],[13,0],[0,33],[12,0],[0,-33],[13,0],[0,-32],[-63,0],[0,-32],[25,0],[0,-32],[13,0],[0,-33]],[[2075,6999],[-38,0]],[[2025,6935],[-25,0]],[[2000,6935],[0,-65]],[[1900,6644],[0,-96]],[[1900,6548],[-88,0]],[[1812,6548],[0,-65],[38,0],[0,32],[12,0],[0,-96],[-12,0],[0,-33],[12,0],[0,-32],[25,0],[0,-64],[-25,0],[0,-65]],[[1862,6225],[-25,0],[0,32],[-25,0],[0,65]],[[1812,6322],[13,0],[0,32],[-25,0],[0,32],[-13,0],[0,33],[-12,0],[0,32],[-13,0],[0,64],[-37,0],[0,33],[12,0],[0,32]],[[1737,6580],[-25,0]],[[1700,6612],[0,65]],[[1712,6709],[-25,0]],[[1687,6709],[0,97]],[[1675,7161],[0,-33]],[[1675,7128],[12,0]],[[1712,7096],[0,97]],[[4962,6290],[0,-33],[-25,0],[0,-32],[-12,0],[0,32],[-13,0]],[[4912,6257],[0,33],[50,0]],[[6962,6290],[12,0],[0,-65],[-12,0],[0,65]],[[8612,6290],[25,0],[0,-33],[-13,0]],[[8624,6257],[0,-32],[-12,0],[0,65]],[[1750,6257],[12,0]],[[1762,6257],[0,-32],[-12,0],[0,32]],[[2125,6257],[0,-32],[-13,0]],[[2112,6225],[0,32],[13,0]],[[4900,6257],[12,0]],[[4912,6257],[0,-32]],[[4912,6225],[-12,0]],[[4900,6225],[0,32]],[[5387,6257],[12,0],[0,-32],[-12,0],[0,32]],[[5774,6257],[25,0],[0,-32],[-25,0]],[[5774,6225],[0,32]],[[5824,6257],[0,-32],[-12,0]],[[5812,6225],[0,32],[12,0]],[[6862,6257],[0,-32],[-13,0],[0,32],[13,0]],[[7037,6257],[0,-32]],[[7037,6225],[-25,0],[0,32],[25,0]],[[7074,6257],[0,-32]],[[7074,6225],[-12,0],[0,32],[12,0]],[[7087,6257],[0,-32],[-13,0]],[[7899,6257],[0,-32]],[[7899,6225],[-12,0]],[[7887,6225],[0,32],[12,0]],[[8024,6257],[13,0]],[[8037,6257],[0,-32],[-13,0],[0,32]],[[8274,6257],[13,0],[0,-32],[-13,0],[0,32]],[[8337,6257],[25,0]],[[8362,6257],[0,-32]],[[8362,6225],[-25,0]],[[8337,6225],[0,32]],[[8362,6257],[25,0]],[[8387,6257],[0,-32]],[[8387,6225],[-25,0]],[[6112,6451],[0,-32],[-25,0],[0,-97],[12,0],[0,-32],[25,0],[0,-33],[25,0],[0,-32],[13,0],[0,-32],[-38,0],[0,32],[-50,0],[0,32],[-25,0]],[[6037,6354],[25,0]],[[6037,6419],[0,32]],[[8162,6290],[62,0],[0,-33],[25,0],[0,-32],[-12,0],[0,-32],[-25,0],[0,32],[-25,0]],[[8187,6225],[0,32],[-25,0],[0,33]],[[6787,6257],[37,0],[0,-32],[13,0],[0,-32],[-50,0],[0,64]],[[1787,6225],[13,0],[0,-32],[-13,0],[0,32]],[[4750,6225],[12,0],[0,-32]],[[4762,6193],[-12,0]],[[4750,6193],[0,32]],[[4812,6225],[13,0],[0,-32]],[[4825,6193],[-13,0]],[[4812,6193],[0,32]],[[6499,6225],[13,0],[0,-32],[-13,0],[0,32]],[[7037,6225],[12,0],[0,-32]],[[7049,6193],[-12,0]],[[7037,6193],[0,32]],[[4725,6161],[-13,0]],[[4712,6161],[0,96],[13,0],[0,-96]],[[5599,6386],[25,0],[0,-32],[25,0],[0,-32],[38,0]],[[5687,6290],[62,0],[0,-33],[-62,0]],[[5687,6257],[0,-96],[-13,0],[0,32],[-12,0],[0,-32],[-25,0],[0,96],[12,0],[0,33],[-37,0],[0,-33],[-13,0],[0,65],[-12,0],[0,-32],[-13,0],[0,-65],[-25,0]],[[5549,6225],[0,97]],[[5562,6354],[37,0]],[[2112,6225],[0,-32],[13,0],[0,-32],[-25,0],[0,64],[12,0]],[[5924,6161],[-12,0],[0,64],[25,0],[0,-32],[-13,0],[0,-32]],[[7037,6354],[37,0]],[[7074,6354],[0,-32],[25,0],[0,-65],[-12,0]],[[7074,6225],[0,-32],[-25,0]],[[7037,6193],[-38,0],[0,-32]],[[6999,6161],[-12,0]],[[6987,6161],[0,64],[12,0],[0,97],[13,0],[0,-32],[12,0],[0,32],[13,0],[0,32]],[[5862,6193],[12,0],[0,-32],[-12,0],[0,32]],[[6174,6193],[13,0],[0,-32],[-13,0],[0,32]],[[7037,6193],[0,-32]],[[7037,6161],[-38,0]],[[7049,6193],[0,-32],[-12,0]],[[7899,6193],[13,0]],[[7912,6193],[0,-32]],[[7912,6161],[-13,0]],[[7899,6161],[0,32]],[[7924,6161],[0,32],[13,0],[0,-32],[-13,0]],[[8049,6193],[25,0]],[[8074,6193],[0,-32]],[[8074,6161],[-25,0],[0,32]],[[8337,6193],[62,0],[0,-32]],[[8399,6161],[-62,0],[0,32]],[[8712,6580],[12,0]],[[8712,6354],[-13,0],[0,-32],[-37,0],[0,-97],[-13,0],[0,-64],[-37,0],[0,32],[12,0],[0,64]],[[8612,6322],[-50,0],[0,32],[12,0],[0,32],[13,0],[0,97]],[[8599,6483],[0,-97]],[[8637,6386],[0,97]],[[8637,6483],[12,0],[0,32],[25,0],[0,33],[13,0],[0,64],[25,0],[0,-32]],[[8649,6386],[38,0]],[[8687,6419],[-25,0]],[[8662,6419],[0,32]],[[4825,7064],[0,32]],[[4837,7128],[75,0]],[[4912,7128],[0,-96]],[[4987,6806],[25,0],[0,-65],[-37,0]],[[4975,6677],[-13,0],[0,-33],[-12,0],[0,-32],[-88,0]],[[4862,6612],[0,-64],[100,0],[0,32],[38,0],[0,32],[24,0],[0,32],[75,0],[0,33],[38,0]],[[5137,6644],[25,0],[0,33],[112,0]],[[5274,6612],[13,0]],[[5224,6515],[0,-64]],[[5224,6451],[-12,0],[0,-32],[-13,0],[0,-33],[-12,0]],[[5187,6386],[0,33],[-50,0],[0,-65],[-13,0],[0,-32],[-12,0],[0,-32],[-13,0],[0,-33],[-12,0],[0,97],[-75,0],[0,-32],[-25,0],[0,-32],[-25,0]],[[4962,6290],[0,64]],[[4887,6515],[0,-32]],[[4887,6451],[0,-32]],[[4887,6419],[-12,0],[0,-33],[-13,0],[0,-32]],[[4862,6354],[-12,0]],[[4825,6257],[-38,0]],[[4787,6257],[0,-64]],[[4787,6193],[-25,0]],[[4750,6225],[0,-97]],[[4750,6128],[-13,0],[0,33],[-12,0]],[[4725,6161],[0,129]],[[4737,6290],[0,64],[13,0],[0,32],[37,0]],[[4800,6419],[-13,0],[0,32],[38,0]],[[4825,6451],[0,97]],[[4825,6644],[12,0]],[[4812,6644],[-62,0]],[[4750,6644],[0,97],[-13,0]],[[4725,6774],[0,32],[12,0],[0,64],[13,0],[0,162],[-13,0],[0,96],[63,0]],[[5312,6386],[25,0]],[[5337,6354],[75,0]],[[5412,6322],[25,0],[0,-65],[50,0],[0,-32],[25,0],[0,-32],[12,0]],[[5524,6193],[0,-32],[-125,0],[0,-33],[-12,0],[0,33],[-50,0]],[[5337,6161],[0,64],[12,0],[0,32],[-50,0]],[[5299,6257],[0,65]],[[5312,6322],[0,64]],[[4750,6193],[25,0]],[[4775,6193],[0,-32],[-13,0],[0,-33],[-12,0]],[[4750,6128],[0,65]],[[4887,6257],[13,0]],[[4900,6225],[-13,0]],[[4887,6225],[0,-32],[-25,0],[0,-32],[-12,0],[0,-33]],[[4850,6128],[-25,0]],[[4825,6128],[0,65]],[[4825,6193],[12,0],[0,32],[13,0],[0,32],[12,0],[0,33],[25,0],[0,-33]],[[7862,6193],[37,0]],[[7899,6161],[-12,0]],[[7887,6161],[0,-33],[-13,0],[0,33]],[[7874,6161],[-12,0]],[[7862,6161],[0,32]],[[8099,6225],[38,0]],[[8137,6225],[0,-32]],[[8137,6193],[25,0],[0,32],[25,0]],[[8187,6225],[0,-32],[12,0],[0,-32],[-25,0],[0,-33]],[[8174,6128],[-25,0],[0,33],[-25,0],[0,-33],[-12,0],[0,33],[-25,0]],[[8087,6161],[0,32],[12,0],[0,32]],[[2187,6161],[13,0],[0,-33],[-13,0],[0,33]],[[2512,6161],[13,0],[0,-33]],[[2525,6128],[-13,0]],[[2512,6128],[0,33]],[[4825,6128],[-25,0]],[[4800,6128],[0,33],[12,0]],[[4812,6161],[0,32]],[[6999,6161],[0,-33]],[[6999,6128],[-12,0],[0,33]],[[7037,6161],[0,-33],[-38,0]],[[7162,6161],[12,0]],[[7174,6161],[0,-33],[-12,0]],[[7162,6128],[0,33]],[[8074,6161],[13,0]],[[8087,6161],[0,-33]],[[8087,6128],[-13,0]],[[8074,6128],[0,33]],[[8237,6128],[-13,0]],[[8224,6128],[0,33],[13,0],[0,-33]],[[8399,6161],[13,0],[0,-33],[-13,0]],[[8399,6128],[0,33]],[[2450,6193],[0,-65]],[[2450,6128],[-25,0]],[[2425,6128],[0,-32]],[[2425,6096],[-13,0],[0,65]],[[2412,6161],[13,0],[0,32],[25,0]],[[4725,6161],[0,-65]],[[4725,6096],[-13,0]],[[4712,6096],[0,65]],[[4750,6128],[0,-32]],[[4750,6096],[-25,0]],[[6087,6161],[37,0],[0,-33],[-12,0],[0,-32],[-13,0],[0,32],[-12,0],[0,33]],[[6224,6161],[38,0],[0,-33],[-13,0],[0,-32]],[[6249,6096],[-25,0],[0,65]],[[6387,6161],[0,-33],[-38,0],[0,-32]],[[6349,6096],[-12,0],[0,65],[50,0]],[[8012,6193],[37,0]],[[8074,6128],[-25,0]],[[8049,6128],[0,-32]],[[8049,6096],[-25,0],[0,32],[-25,0],[0,33],[13,0],[0,32]],[[1775,6128],[12,0],[0,-32]],[[1787,6096],[-12,0],[0,32]],[[1862,6128],[13,0]],[[1875,6128],[0,-32],[-13,0]],[[1862,6096],[0,32]],[[2425,6128],[12,0]],[[2437,6128],[0,-32]],[[2437,6096],[-12,0]],[[2437,6128],[13,0]],[[2450,6128],[0,-32]],[[2450,6096],[-13,0]],[[2500,6128],[25,0]],[[2525,6128],[0,-32]],[[2525,6096],[-25,0]],[[2500,6096],[0,32]],[[4637,6096],[-25,0]],[[4612,6096],[0,32],[25,0],[0,-32]],[[4712,6096],[-12,0],[0,32],[12,0],[0,-32]],[[4800,6128],[0,-32]],[[4800,6096],[-13,0]],[[4787,6096],[0,32],[13,0]],[[6712,6128],[12,0],[0,-32],[-12,0],[0,32]],[[6424,6515],[50,0]],[[6474,6548],[25,0],[0,32],[63,0],[0,32],[12,0],[0,-97],[13,0],[0,-32],[-13,0],[0,-97],[13,0],[0,-32],[25,0],[0,-32],[12,0],[0,-32],[13,0],[0,-65],[37,0],[0,-161],[-12,0],[0,32],[-50,0],[0,97],[-25,0],[0,97],[-50,0],[0,-65],[-13,0],[0,65],[-12,0],[0,32],[-13,0],[0,32],[-12,0],[0,32],[-25,0],[0,33],[-13,0],[0,32],[-25,0],[0,64]],[[1975,6161],[25,0]],[[2000,6161],[0,-33],[12,0],[0,-64]],[[2012,6064],[-25,0]],[[1987,6064],[0,64],[-12,0]],[[1975,6128],[0,33]],[[2100,6483],[0,-32],[12,0],[0,-32],[13,0],[0,-33],[-25,0],[0,33],[-38,0],[0,-33]],[[2050,6354],[25,0]],[[2075,6386],[12,0]],[[2087,6386],[0,-64],[13,0],[0,-32],[12,0],[0,64],[13,0],[0,-32],[12,0],[0,-32],[-12,0],[0,-33]],[[2125,6257],[12,0],[0,-64],[13,0],[0,32],[12,0],[0,-64],[-12,0],[0,-33],[-13,0],[0,-64],[-12,0],[0,32],[-13,0],[0,32],[-50,0],[0,33],[25,0],[0,32],[-12,0],[0,64],[-13,0],[0,33],[-25,0],[0,64],[-12,0],[0,32]],[[2025,6386],[-38,0]],[[1987,6386],[0,65]],[[7137,6161],[12,0]],[[7149,6161],[0,-97],[-12,0]],[[7137,6064],[0,97]],[[2462,6128],[13,0]],[[2475,6128],[0,-64],[-13,0],[0,64]],[[8399,6128],[0,-64],[-12,0]],[[8387,6064],[0,64],[12,0]],[[2300,6064],[0,32],[12,0],[0,-32],[-12,0]],[[2500,6096],[0,-32],[-13,0],[0,32],[13,0]],[[2525,6128],[12,0],[0,-64],[-25,0],[0,32],[13,0]],[[4500,6096],[0,-32],[-13,0]],[[4487,6064],[0,32],[13,0]],[[5437,6064],[0,32],[12,0],[0,-32],[-12,0]],[[6999,6128],[0,-32],[-25,0],[0,-32],[-25,0]],[[6949,6064],[0,32],[13,0],[0,65],[25,0]],[[7912,6161],[12,0]],[[7924,6161],[0,-65],[13,0],[0,-32]],[[7937,6064],[-38,0]],[[7899,6064],[0,32],[13,0],[0,65]],[[8049,6096],[13,0],[0,-32],[-13,0],[0,32]],[[8137,6096],[0,-32]],[[8137,6064],[-25,0]],[[8112,6064],[0,32],[25,0]],[[8224,6064],[0,32],[13,0],[0,-32],[-13,0]],[[7849,6161],[25,0]],[[7887,6161],[25,0]],[[7899,6064],[-12,0],[0,-32],[-13,0]],[[7874,6032],[0,32]],[[7874,6064],[-12,0],[0,64],[-13,0],[0,33]],[[1975,6128],[0,-32],[-13,0],[0,-64],[-12,0],[0,96],[25,0]],[[5912,6096],[12,0],[0,-64]],[[5924,6032],[-12,0],[0,64]],[[6737,6096],[12,0],[0,-64],[-12,0],[0,64]],[[2300,6064],[0,-32],[-13,0],[0,32],[13,0]],[[2775,6032],[-13,0]],[[2762,6032],[0,32],[13,0],[0,-32]],[[4500,6096],[12,0],[0,-64]],[[4512,6032],[-25,0]],[[4487,6032],[0,32]],[[5437,6064],[0,-32],[-13,0]],[[5424,6032],[0,32],[13,0]],[[6037,6032],[0,32],[12,0],[0,-32],[-12,0]],[[6399,6064],[13,0]],[[6412,6064],[0,-32],[-13,0],[0,32]],[[6949,6064],[0,-32],[-12,0]],[[6937,6032],[0,32],[12,0]],[[7799,6064],[13,0],[0,-32],[-13,0],[0,32]],[[8124,6064],[13,0]],[[8137,6064],[0,-32]],[[8137,6032],[-13,0],[0,32]],[[8224,6064],[0,-32]],[[8224,6032],[-12,0]],[[8212,6032],[0,32],[12,0]],[[5924,6161],[38,0],[0,-65],[37,0]],[[5999,6096],[0,-32],[-12,0],[0,-65]],[[5987,5999],[-13,0]],[[5974,5999],[0,33],[-12,0],[0,-33]],[[5962,5999],[-25,0]],[[5937,5999],[0,33],[-13,0]],[[5912,6096],[0,32],[12,0],[0,33]],[[7224,6128],[50,0]],[[7274,6128],[0,-32],[25,0],[0,-32],[13,0]],[[7312,6064],[0,-65]],[[7312,5999],[-50,0]],[[7262,5999],[0,33]],[[7262,6032],[-25,0]],[[7237,6032],[0,32],[-13,0],[0,64]],[[4887,6419],[0,-33]],[[4962,6386],[0,-96]],[[4912,6257],[-25,0]],[[4812,6225],[0,-64]],[[4787,6096],[-12,0]],[[4775,6096],[0,-32]],[[4775,6064],[-38,0]],[[4737,6064],[0,-32],[-12,0],[0,-33]],[[4725,5999],[-25,0]],[[4700,5999],[0,33]],[[4700,6032],[-13,0]],[[4687,6032],[0,64],[63,0]],[[4775,6193],[12,0]],[[4787,6257],[50,0]],[[4875,6354],[-13,0]],[[4637,6096],[0,-32],[-12,0],[0,-65]],[[4625,5999],[-25,0]],[[4600,5999],[0,65],[12,0],[0,32]],[[7937,6064],[0,-32],[12,0],[0,-33],[-25,0],[0,33],[-25,0],[0,32]],[[1812,6032],[13,0],[0,-33]],[[1825,5999],[-13,0],[0,33]],[[4512,6032],[0,-33]],[[4512,5999],[-25,0]],[[4487,5999],[0,33]],[[4600,5999],[-13,0],[0,33],[13,0],[0,-33]],[[5937,5999],[-13,0],[0,33]],[[5974,5999],[-12,0]],[[6237,5999],[-13,0],[0,33],[13,0],[0,-33]],[[6262,5999],[0,33],[12,0],[0,-33],[-12,0]],[[6937,6032],[0,-33],[-25,0]],[[6912,5999],[0,33],[25,0]],[[8012,6032],[0,-33],[-13,0]],[[7999,5999],[0,33],[13,0]],[[8212,6032],[0,-33]],[[8212,5999],[-13,0]],[[8199,5999],[0,33],[13,0]],[[8224,6032],[0,-33]],[[8224,5999],[-12,0]],[[8387,6064],[0,-65],[-25,0],[0,33]],[[8362,6032],[12,0],[0,32],[13,0]],[[5999,6322],[38,0]],[[6049,6257],[0,-32],[-12,0],[0,-64],[12,0],[0,32],[25,0],[0,-65],[-75,0],[0,-32]],[[5912,6096],[-13,0],[0,65],[-12,0],[0,-33],[-13,0],[0,-32],[-12,0],[0,-129],[-13,0],[0,194],[-25,0],[0,32],[-12,0],[0,32]],[[5824,6257],[13,0],[0,33],[12,0]],[[5862,6290],[25,0],[0,-33],[62,0],[0,33],[13,0],[0,-33]],[[5962,6257],[37,0]],[[5987,6290],[0,32]],[[5974,6322],[0,32]],[[5337,6161],[0,-65],[62,0],[0,-32],[-12,0],[0,-32],[-13,0],[0,-65],[-12,0],[0,65],[-13,0],[0,32],[-12,0],[0,-32],[-13,0],[0,32],[-12,0],[0,-32],[-13,0],[0,-33],[-25,0],[0,129],[-12,0],[0,33],[75,0]],[[4700,6032],[0,-65]],[[4700,5967],[-13,0],[0,32],[-12,0]],[[4675,5999],[0,65],[12,0],[0,-32]],[[5999,6096],[13,0],[0,-32],[12,0],[0,-32],[13,0]],[[6037,6032],[0,-65],[-25,0]],[[6012,5967],[0,32],[-25,0]],[[4512,6032],[13,0],[0,32],[37,0],[0,-32],[13,0],[0,-65],[-25,0],[0,32],[-38,0]],[[1875,5967],[0,32],[12,0],[0,-32],[-12,0]],[[1925,5999],[0,-32],[-13,0],[0,32],[13,0]],[[2300,5999],[12,0],[0,-32],[-12,0]],[[2300,5967],[0,32]],[[4512,5999],[0,-32],[-25,0],[0,32]],[[5987,5999],[0,-32]],[[5987,5967],[-13,0]],[[5974,5967],[0,32]],[[6012,5967],[-25,0]],[[6062,5999],[12,0],[0,-32],[-12,0],[0,32]],[[6249,5999],[13,0]],[[6262,5999],[0,-32],[-13,0],[0,32]],[[6912,5999],[0,-32],[-13,0]],[[6899,5967],[0,32],[13,0]],[[7999,5999],[0,-32],[-12,0]],[[7987,5967],[0,32],[12,0]],[[8187,5999],[25,0]],[[8212,5999],[0,-32]],[[8212,5967],[-25,0]],[[8187,5967],[0,32]],[[8262,5967],[-13,0],[0,32],[13,0],[0,-32]],[[5012,6225],[12,0],[0,-64],[-12,0],[0,-33],[50,0],[0,33],[37,0],[0,-33],[13,0],[0,-96],[12,0],[0,-33],[-12,0],[0,-32],[-13,0],[0,32],[-50,0],[0,-64],[-12,0],[0,32],[-50,0],[0,97],[13,0],[0,129],[12,0],[0,32]],[[4737,6064],[25,0]],[[4762,6064],[0,-97],[-12,0],[0,-32],[-13,0],[0,32],[-25,0],[0,32]],[[4712,5999],[13,0]],[[5962,5999],[0,-32],[-13,0],[0,-32]],[[5949,5935],[-12,0],[0,64]],[[2762,5967],[25,0],[0,-32]],[[2787,5935],[-25,0]],[[2762,5935],[0,32]],[[4637,5967],[0,-32],[-25,0]],[[4612,5935],[0,32],[25,0]],[[5987,5967],[0,-32],[-13,0],[0,32]],[[6899,5967],[0,-32],[-12,0]],[[6887,5935],[0,32],[12,0]],[[7112,5967],[12,0]],[[7124,5967],[0,-32],[-12,0]],[[7112,5935],[0,32]],[[7224,5935],[-12,0],[0,32],[12,0],[0,-32]],[[7762,5967],[12,0]],[[7774,5967],[0,-32]],[[7774,5935],[-12,0]],[[7762,5935],[0,32]],[[7962,5967],[25,0]],[[7987,5967],[0,-32],[-25,0]],[[7962,5935],[0,32]],[[1925,6161],[50,0]],[[1987,6064],[13,0]],[[2000,6064],[0,-32]],[[2000,6032],[-13,0]],[[1987,6032],[0,-33],[13,0],[0,-32],[-13,0],[0,-32],[-12,0]],[[1975,5935],[0,-32]],[[1975,5903],[-13,0],[0,64],[-12,0],[0,32],[-13,0],[0,97],[-12,0],[0,65]],[[7249,6032],[13,0]],[[7262,6032],[0,-65]],[[7262,5967],[12,0],[0,-32],[25,0],[0,-32]],[[7299,5903],[-37,0],[0,32],[-13,0],[0,97]],[[2300,5967],[0,-64]],[[2300,5903],[-13,0],[0,64],[13,0]],[[6012,5967],[0,-32],[-13,0],[0,-32]],[[5999,5903],[-12,0],[0,64]],[[7949,5967],[13,0]],[[7962,5967],[0,-64]],[[7962,5903],[-13,0]],[[7949,5903],[0,64]],[[8187,5967],[12,0]],[[8199,5967],[0,-64]],[[8199,5903],[-12,0]],[[8187,5903],[0,64]],[[1912,5903],[-12,0]],[[1900,5903],[0,32],[12,0],[0,-32]],[[2775,5935],[12,0]],[[2787,5935],[0,-32]],[[2787,5903],[-12,0],[0,32]],[[5599,5935],[13,0],[0,-32],[-13,0],[0,32]],[[6574,5935],[0,-32]],[[6574,5903],[-12,0]],[[6562,5903],[0,32],[12,0]],[[6887,5935],[0,-32]],[[6887,5903],[-13,0],[0,32],[13,0]],[[7162,5935],[12,0]],[[7174,5935],[0,-32]],[[7174,5903],[-12,0]],[[7162,5903],[0,32]],[[7174,5935],[25,0]],[[7199,5935],[0,-32]],[[7199,5903],[-25,0]],[[7774,5935],[0,-32]],[[7774,5903],[-12,0]],[[7762,5903],[0,32]],[[7999,5903],[0,32],[25,0],[0,-32],[-25,0]],[[8074,5903],[-12,0]],[[8062,5903],[0,32],[12,0],[0,-32]],[[8124,5935],[13,0],[0,-32],[-13,0],[0,32]],[[8199,5935],[13,0],[0,-32],[-13,0]],[[8199,5903],[0,32]],[[8262,5967],[12,0],[0,-32],[13,0],[0,-32],[25,0],[0,-33]],[[8312,5870],[-38,0],[0,33],[-12,0],[0,64]],[[8324,6515],[0,-32],[25,0],[0,-64],[13,0],[0,-65],[12,0],[0,-32],[13,0],[0,-65]],[[8387,6257],[-50,0]],[[8337,6225],[50,0]],[[8387,6225],[0,-32],[-50,0]],[[8362,6032],[0,-97],[-13,0],[0,-32]],[[8349,5903],[-12,0],[0,-33]],[[8337,5870],[-13,0]],[[8324,5870],[0,65],[13,0],[0,32],[-25,0],[0,32],[-13,0],[0,33],[-12,0],[0,64],[-13,0],[0,32]],[[8274,6128],[-37,0]],[[8224,6128],[-50,0]],[[8137,6193],[0,97]],[[8137,6290],[-25,0]],[[8099,6322],[0,64]],[[8099,6386],[63,0]],[[1862,5903],[0,-33]],[[1862,5870],[-12,0],[0,33],[12,0]],[[2025,5870],[-25,0],[0,33],[25,0],[0,-33]],[[2300,5903],[12,0],[0,-33]],[[2312,5870],[-12,0],[0,33]],[[5124,5903],[13,0],[0,-33],[-13,0],[0,33]],[[5962,5870],[-13,0]],[[5949,5870],[0,33],[13,0],[0,-33]],[[5999,5903],[13,0],[0,-33]],[[6012,5870],[-13,0]],[[5999,5870],[0,33]],[[6412,5903],[12,0]],[[6424,5903],[0,-33],[-12,0]],[[6412,5870],[0,33]],[[6512,5903],[0,-33]],[[6512,5870],[-25,0],[0,33],[25,0]],[[6524,5903],[13,0],[0,-33]],[[6537,5870],[-13,0]],[[6524,5870],[0,33]],[[7087,5903],[12,0]],[[7099,5903],[0,-33],[-12,0]],[[7087,5870],[0,33]],[[7124,5903],[25,0]],[[7149,5903],[0,-33]],[[7149,5870],[-25,0]],[[7124,5870],[0,33]],[[7149,5903],[13,0]],[[7162,5903],[0,-33]],[[7162,5870],[-13,0]],[[7299,5903],[25,0],[0,-33]],[[7324,5870],[-25,0],[0,33]],[[7962,5903],[0,-33]],[[7962,5870],[-13,0]],[[7949,5870],[0,33]],[[7999,5903],[0,-33],[-12,0],[0,33],[12,0]],[[8349,5903],[0,-33],[-12,0]],[[7912,6354],[25,0]],[[7999,6290],[13,0]],[[8012,6257],[12,0]],[[8074,6225],[25,0]],[[8174,6128],[0,-96]],[[8174,6032],[-25,0],[0,-162],[-50,0],[0,-32]],[[8099,5838],[-12,0]],[[8087,5838],[0,65]],[[8087,5903],[-13,0]],[[8062,5903],[-25,0]],[[8037,5903],[0,129],[-25,0]],[[8012,6032],[0,32],[-13,0],[0,32],[-25,0],[0,-32],[-37,0]],[[7912,6193],[-38,0]],[[7874,6193],[0,32]],[[7874,6225],[25,0]],[[7899,6225],[0,97]],[[7899,6322],[13,0]],[[7912,6322],[0,32]],[[8049,6128],[38,0]],[[8074,6193],[-62,0]],[[8112,6064],[12,0]],[[8137,6032],[0,64]],[[3200,7548],[12,0],[0,-33],[13,0]],[[3225,7515],[0,-64],[-13,0],[0,-65]],[[3212,7386],[13,0],[0,-32],[75,0],[0,32],[25,0],[0,-64],[25,0],[0,-32],[-13,0],[0,-33],[-25,0],[0,-32],[-37,0]],[[3275,7193],[-38,0],[0,-32],[-25,0],[0,-33],[-25,0],[0,-32],[-25,0],[0,32],[-12,0],[0,65]],[[3150,7193],[-25,0],[0,-32],[-38,0],[0,-33],[-25,0],[0,65]],[[3037,7128],[0,-64]],[[2962,6935],[38,0],[0,-32],[-50,0],[0,-97],[-13,0],[0,-32],[-25,0]],[[2900,6741],[12,0],[0,-64],[-12,0],[0,-162],[-13,0],[0,-32],[-25,0],[0,-32],[-12,0],[0,-32],[-38,0],[0,-33]],[[2800,6354],[-13,0],[0,-32],[-12,0],[0,-32],[-25,0],[0,-194],[12,0],[0,-97]],[[2762,5999],[-25,0]],[[2737,5999],[0,-161]],[[2737,5838],[-12,0],[0,32],[-13,0],[0,33],[-12,0],[0,64],[-13,0],[0,65],[13,0],[0,32],[-13,0],[0,32],[-12,0],[0,32],[-25,0],[0,-32],[-25,0],[0,32],[-13,0],[0,33],[-100,0]],[[2512,6128],[-12,0]],[[2500,6096],[-25,0],[0,32]],[[2462,6128],[0,-32],[-12,0]],[[2450,6096],[0,97]],[[2412,6161],[0,-33],[-12,0],[0,-32],[-13,0]],[[2387,6096],[0,65],[-75,0],[0,-33],[-25,0],[0,33],[13,0],[0,32],[12,0],[0,97],[25,0],[0,96],[13,0],[0,33],[-25,0],[0,32],[12,0],[0,32],[13,0],[0,32],[25,0],[0,33],[-25,0],[0,64],[12,0],[0,32],[13,0],[0,65],[12,0],[0,32],[13,0],[0,33],[12,0],[0,32],[38,0],[0,-32],[25,0],[0,64],[12,0],[0,-32],[13,0],[0,-65],[12,0],[0,-32],[13,0],[0,32],[12,0],[0,-32],[13,0],[0,32],[12,0],[0,33],[25,0],[0,32],[-12,0],[0,64],[25,0],[0,97],[12,0],[0,32],[-12,0]],[[2600,6999],[0,97]],[[2587,7096],[0,65]],[[2600,7161],[0,64],[25,0]],[[2575,7257],[0,-96]],[[2562,7096],[-25,0],[0,65],[-12,0],[0,32],[-13,0],[0,-32],[-37,0],[0,64],[-25,0],[0,-32],[-25,0],[0,64],[-25,0],[0,-96],[-13,0],[0,64],[-12,0],[0,32],[-13,0],[0,65],[-25,0],[0,97],[13,0]],[[2350,7419],[0,32]],[[2512,7419],[-25,0]],[[2512,7386],[25,0]],[[2537,7354],[100,0],[0,-32]],[[2662,7257],[25,0],[0,-96],[25,0],[0,-65]],[[2725,7096],[0,97]],[[2725,7225],[0,32],[25,0]],[[2750,7257],[0,65]],[[3212,7386],[-12,0],[0,-32],[12,0],[0,32]],[[3150,7193],[12,0],[0,32],[-12,0],[0,-32]],[[2850,5838],[0,65],[-25,0],[0,-33],[-25,0],[0,65],[62,0],[0,-97],[-12,0]],[[2050,5903],[12,0]],[[2062,5903],[0,-65]],[[2062,5838],[-12,0],[0,65]],[[4762,5903],[13,0],[0,-65],[-13,0],[0,65]],[[6412,5903],[0,-65]],[[6412,5838],[-13,0]],[[6399,5838],[0,65],[13,0]],[[6574,5903],[0,-65]],[[6574,5838],[-12,0],[0,32]],[[6562,5870],[-13,0],[0,33],[25,0]],[[6887,5903],[12,0],[0,-65],[-12,0],[0,65]],[[7399,5903],[13,0]],[[7412,5903],[0,-65],[-13,0],[0,65]],[[7787,5838],[0,65],[12,0],[0,-65],[-12,0]],[[8587,6064],[25,0],[0,-65],[-25,0],[0,-64],[-13,0],[0,-32],[-12,0],[0,-65],[-25,0],[0,65],[12,0],[0,32],[13,0],[0,64],[12,0],[0,33],[13,0],[0,32]],[[2025,5870],[12,0],[0,-32],[-12,0],[0,32]],[[2850,5838],[-13,0]],[[2837,5838],[0,32],[13,0],[0,-32]],[[4687,5838],[0,32],[38,0],[0,-32],[-38,0]],[[5574,5870],[13,0],[0,-32],[-13,0],[0,32]],[[5649,5870],[13,0],[0,-32],[-13,0],[0,32]],[[5899,5870],[13,0],[0,-32],[-13,0],[0,32]],[[5962,5870],[12,0],[0,-32]],[[5974,5838],[-12,0],[0,32]],[[6012,5870],[0,-32],[-13,0],[0,32]],[[7324,5870],[13,0],[0,-32]],[[7337,5838],[-13,0]],[[7324,5838],[0,32]],[[7374,5870],[13,0],[0,-32],[-13,0],[0,32]],[[8187,5870],[0,-32]],[[8187,5838],[-13,0]],[[8174,5838],[0,32],[13,0]],[[8312,5870],[12,0]],[[8324,5870],[0,-32]],[[8324,5838],[-12,0]],[[8312,5838],[0,32]],[[8337,5870],[0,-32]],[[8337,5838],[-13,0]],[[7224,5935],[13,0],[0,-32],[12,0],[0,-33],[13,0],[0,-32],[12,0],[0,-32],[-25,0],[0,32],[-25,0],[0,97]],[[7099,5903],[25,0]],[[7124,5870],[13,0]],[[7137,5870],[0,-32],[-13,0],[0,-32]],[[7124,5806],[-25,0],[0,32],[-12,0]],[[7087,5838],[0,32]],[[7499,5870],[25,0],[0,-32],[13,0],[0,32],[25,0],[0,-32],[12,0],[0,-32],[-75,0],[0,64]],[[6062,5838],[12,0],[0,-32],[-12,0],[0,32]],[[6137,5838],[12,0],[0,-32],[-12,0]],[[6137,5806],[0,32]],[[7437,5838],[0,-32]],[[7437,5806],[-13,0]],[[7424,5806],[0,32],[13,0]],[[7787,5838],[0,-32],[-13,0]],[[7774,5806],[0,32],[13,0]],[[8099,5838],[0,-32]],[[8099,5806],[-12,0]],[[8087,5806],[0,32]],[[8099,5838],[13,0]],[[8112,5838],[0,-32]],[[8112,5806],[-13,0]],[[8312,5838],[0,-32]],[[8312,5806],[-13,0]],[[8299,5806],[0,32],[13,0]],[[2775,6032],[0,-65],[-13,0]],[[2762,5935],[13,0]],[[2787,5903],[0,-65],[-12,0],[0,-64],[-13,0]],[[2762,5774],[0,96],[-25,0]],[[2737,5870],[0,129]],[[2762,5999],[0,33]],[[2762,5774],[-12,0]],[[2750,5774],[0,64],[-13,0]],[[2737,5838],[0,32]],[[6349,6032],[13,0],[0,-33],[12,0],[0,-32],[13,0],[0,-32],[12,0],[0,-97]],[[6399,5838],[-12,0],[0,-32],[-13,0],[0,-32],[-12,0],[0,96],[12,0],[0,65],[-37,0],[0,32],[-13,0],[0,-32],[-25,0],[0,64],[50,0],[0,33]],[[8174,6032],[0,-97]],[[8174,5935],[13,0]],[[8187,5935],[0,-65]],[[8174,5838],[-37,0]],[[8137,5838],[0,-32],[-13,0],[0,-32],[-12,0]],[[8112,5774],[0,64]],[[2750,5774],[-13,0],[0,64]],[[6424,5903],[13,0],[0,-129]],[[6437,5774],[-25,0],[0,32],[-13,0],[0,32]],[[6412,5838],[0,32]],[[7374,5903],[25,0]],[[7412,5903],[37,0]],[[7449,5903],[0,-33],[-12,0],[0,-32]],[[7424,5806],[-12,0]],[[7412,5806],[0,-32],[-13,0],[0,32],[-50,0],[0,-32],[-12,0],[0,32],[-13,0]],[[7324,5806],[0,32]],[[7324,5838],[25,0]],[[7349,5838],[0,65],[-12,0],[0,64],[12,0],[0,-32],[25,0],[0,-32]],[[7899,5838],[0,-64]],[[7899,5774],[-12,0]],[[7887,5774],[0,64],[12,0]],[[1987,5806],[0,-32],[-12,0],[0,32],[12,0]],[[2225,5774],[-13,0],[0,32],[13,0],[0,-32]],[[2850,5806],[12,0],[0,-32],[-12,0],[0,32]],[[6137,5806],[0,-32],[-25,0]],[[6112,5774],[0,32],[25,0]],[[6737,5806],[62,0],[0,-32],[-62,0]],[[6737,5774],[0,32]],[[6849,5806],[0,-32]],[[6849,5774],[-12,0],[0,32],[12,0]],[[7087,5838],[0,-32],[-13,0],[0,-32],[-25,0]],[[7049,5774],[0,32],[13,0],[0,32],[25,0]],[[7124,5806],[13,0],[0,-32]],[[7137,5774],[-13,0],[0,32]],[[7874,5870],[25,0]],[[7899,5870],[0,-32]],[[7887,5774],[-25,0],[0,32],[12,0],[0,64]],[[7912,5806],[12,0],[0,-32],[-12,0],[0,32]],[[8387,5774],[0,32],[12,0],[0,-32],[-12,0]],[[6137,6451],[0,-32]],[[6187,6419],[0,-33],[25,0],[0,-32],[12,0],[0,-97],[13,0],[0,-64],[-13,0],[0,-32]],[[6224,6161],[-25,0],[0,-65],[13,0],[0,-64],[-13,0],[0,32],[-12,0],[0,-32],[-13,0],[0,32],[-37,0],[0,-97],[-13,0],[0,-32],[-12,0],[0,-32],[-25,0],[0,32],[-50,0],[0,-32],[12,0],[0,-33],[38,0],[0,-32],[12,0],[0,32],[25,0],[0,-32],[13,0]],[[6112,5774],[-25,0],[0,-33],[-38,0],[0,65],[-12,0],[0,32],[-13,0],[0,32],[-12,0]],[[5424,6032],[0,-33],[13,0],[0,-32],[-13,0],[0,-32],[13,0],[0,-65],[-13,0],[0,-32],[-12,0],[0,-97],[-13,0],[0,97],[-12,0],[0,32],[25,0],[0,65],[-13,0],[0,-32],[-12,0],[0,96],[12,0],[0,33],[25,0]],[[2837,5838],[0,-32],[13,0]],[[2850,5806],[0,-65]],[[2850,5741],[-25,0]],[[2825,5741],[0,97],[12,0]],[[7437,5838],[12,0],[0,-97],[-12,0]],[[7437,5741],[0,97]],[[2825,5741],[-13,0],[0,65],[13,0],[0,-65]],[[7974,5806],[25,0],[0,-32],[-12,0],[0,-33],[-13,0],[0,65]],[[8274,5806],[0,-65]],[[8274,5741],[-12,0],[0,33],[-25,0],[0,32],[37,0]],[[8474,5806],[13,0],[0,-65],[-13,0],[0,65]],[[1875,5774],[12,0],[0,-33]],[[1887,5741],[-12,0],[0,33]],[[2075,5774],[12,0]],[[2087,5774],[0,-33]],[[2087,5741],[-12,0],[0,33]],[[2225,5774],[12,0],[0,-33]],[[2237,5741],[-12,0]],[[2225,5741],[0,33]],[[5912,5774],[12,0],[0,-33],[-12,0],[0,33]],[[6449,5741],[0,33],[25,0],[0,-33],[-25,0]],[[6562,5774],[12,0]],[[6574,5774],[0,-33]],[[6574,5741],[-12,0]],[[6562,5741],[0,33]],[[6574,5774],[13,0],[0,-33]],[[6587,5741],[-13,0]],[[6887,5806],[12,0],[0,-65],[-25,0],[0,33],[13,0],[0,32]],[[7024,5774],[25,0]],[[7049,5774],[0,-33],[-25,0]],[[7024,5741],[0,33]],[[7137,5774],[12,0]],[[7149,5774],[0,-33]],[[7149,5741],[-12,0]],[[7137,5741],[0,33]],[[8037,5741],[-13,0],[0,33],[13,0],[0,-33]],[[8312,5838],[25,0]],[[8337,5838],[0,-32],[-13,0],[0,-32],[-12,0],[0,-33],[-38,0]],[[8274,5741],[0,33]],[[8274,5774],[13,0],[0,32]],[[8287,5806],[25,0]],[[8449,5774],[13,0],[0,-33],[-13,0],[0,33]],[[4687,5838],[0,-32],[13,0],[0,-32],[12,0],[0,-33],[-12,0],[0,-32],[-13,0],[0,32],[-25,0],[0,65],[13,0],[0,32],[12,0]],[[4837,5774],[38,0],[0,-33],[-25,0],[0,-32],[-13,0],[0,65]],[[5599,5774],[13,0],[0,-65],[-13,0],[0,65]],[[8449,5774],[0,-65],[-25,0],[0,65],[25,0]],[[2012,5741],[13,0]],[[2025,5741],[0,-32],[-13,0],[0,32]],[[2925,5709],[0,32],[12,0],[0,-32],[-12,0]],[[4562,5709],[-12,0]],[[4550,5709],[0,32],[12,0],[0,-32]],[[5637,5741],[12,0],[0,-32],[-12,0],[0,32]],[[6112,5741],[0,-32],[-13,0],[0,32],[13,0]],[[6449,5741],[38,0]],[[6487,5741],[0,-32]],[[6487,5709],[-38,0],[0,32]],[[6574,5741],[0,-32],[-12,0]],[[6562,5709],[0,32]],[[6587,5741],[12,0],[0,-32],[-12,0]],[[6587,5709],[0,32]],[[6949,5741],[13,0],[0,-32],[-13,0],[0,32]],[[7149,5741],[0,-32]],[[7149,5709],[-12,0]],[[7137,5709],[0,32]],[[7162,5741],[12,0],[0,-32],[-12,0],[0,32]],[[7924,5741],[13,0],[0,-32],[-13,0],[0,32]],[[8037,5741],[12,0],[0,-32],[-12,0],[0,32]],[[8274,5741],[13,0],[0,-32],[-13,0]],[[8274,5709],[0,32]],[[2225,5741],[37,0]],[[2262,5741],[0,-32]],[[2262,5709],[-25,0]],[[2237,5709],[0,-32]],[[2237,5677],[-12,0]],[[2225,5677],[0,64]],[[2850,5741],[0,-64],[-13,0],[0,32],[-12,0],[0,32]],[[2237,5709],[13,0]],[[2250,5709],[0,-32]],[[2250,5677],[-13,0]],[[2887,5709],[13,0],[0,-32],[-13,0],[0,32]],[[2925,5709],[0,-32]],[[2925,5677],[-13,0]],[[2912,5677],[0,32],[13,0]],[[6062,5709],[0,-32],[-13,0],[0,32],[13,0]],[[6487,5709],[12,0],[0,-32],[-12,0],[0,32]],[[7074,5677],[-25,0]],[[7049,5677],[0,32],[25,0],[0,-32]],[[7149,5709],[0,-32]],[[7149,5677],[-12,0]],[[7137,5677],[0,32]],[[7274,5709],[25,0]],[[7299,5709],[0,-32]],[[7299,5677],[-25,0]],[[7274,5677],[0,32]],[[7499,5709],[13,0]],[[7512,5709],[0,-32]],[[7512,5677],[-13,0]],[[7499,5677],[0,32]],[[7512,5709],[12,0]],[[7524,5709],[0,-32]],[[7524,5677],[-12,0]],[[8174,6128],[100,0]],[[8299,5806],[-12,0]],[[8274,5774],[0,32]],[[8274,5709],[-50,0]],[[8224,5709],[0,65],[-12,0],[0,-97],[-63,0],[0,32],[38,0],[0,32],[12,0],[0,162]],[[8199,5935],[0,32]],[[8199,5967],[13,0]],[[8224,5999],[0,65]],[[8199,5999],[-12,0]],[[8187,5999],[0,-64]],[[8174,5935],[0,193]],[[8262,5709],[12,0]],[[8274,5709],[0,-32],[-12,0]],[[8262,5677],[0,32]],[[6249,6096],[0,-97]],[[6249,5999],[-12,0]],[[6237,5999],[0,-96],[12,0],[0,32],[13,0],[0,-65],[12,0],[0,-32],[38,0],[0,-32],[-13,0],[0,-32],[13,0],[0,-33],[12,0],[0,-32],[-12,0],[0,-64],[-13,0],[0,96],[-12,0],[0,-32],[-13,0],[0,32],[-12,0],[0,-32],[-13,0],[0,32],[-12,0],[0,33],[-13,0],[0,-33],[-25,0],[0,33],[13,0],[0,32],[-38,0],[0,64],[-12,0],[0,33],[-13,0],[0,-33],[-12,0],[0,-32]],[[1937,5645],[0,64],[13,0],[0,-64],[-13,0]],[[7324,5709],[25,0]],[[7349,5709],[0,-32],[-12,0]],[[7337,5677],[0,-32]],[[7337,5645],[-13,0],[0,64]],[[2250,5677],[0,-32]],[[2250,5645],[-13,0],[0,32]],[[6599,5677],[13,0],[0,-32],[-13,0],[0,32]],[[7049,5677],[0,-32],[-12,0]],[[7037,5645],[0,32],[12,0]],[[7124,5677],[13,0]],[[7137,5677],[0,-32]],[[7137,5645],[-13,0]],[[7124,5645],[0,32]],[[7249,5645],[-12,0],[0,32],[12,0],[0,-32]],[[7637,5677],[25,0],[0,-32],[-25,0],[0,32]],[[8037,5677],[12,0],[0,-32],[-12,0],[0,32]],[[8262,5677],[0,-32],[-13,0]],[[8249,5645],[0,32],[13,0]],[[7749,5870],[-12,0]],[[7737,5870],[0,-64],[-25,0],[0,-97],[12,0],[0,-32],[-25,0],[0,-65],[-25,0]],[[7674,5612],[0,97],[13,0],[0,32],[-13,0],[0,33],[-12,0],[0,64],[12,0],[0,97]],[[7674,5935],[-25,0]],[[7649,5935],[0,32],[13,0],[0,32],[-38,0],[0,-32],[-12,0],[0,-32],[-75,0],[0,-32],[-13,0],[0,32],[-25,0],[0,-32],[-12,0],[0,32],[-25,0],[0,32]],[[7462,5967],[25,0]],[[7487,5967],[0,32],[100,0],[0,33],[37,0],[0,32],[13,0],[0,32],[12,0],[0,-32],[25,0],[0,-32],[13,0],[0,-33],[50,0],[0,-64],[12,0],[0,-65]],[[8387,5774],[0,-97],[-13,0],[0,-65],[-25,0]],[[8349,5612],[0,97],[13,0],[0,65],[25,0]],[[2712,5677],[75,0],[0,-32]],[[2787,5645],[-12,0],[0,-33],[-13,0],[0,33],[-12,0],[0,-33],[-13,0],[0,33],[-25,0],[0,32]],[[7099,5677],[25,0]],[[7124,5645],[-12,0]],[[7112,5645],[0,-33]],[[7112,5612],[-13,0]],[[7099,5612],[0,65]],[[7449,5677],[13,0],[0,-65]],[[7462,5612],[-13,0]],[[7449,5612],[0,65]],[[1675,6644],[25,0]],[[1700,6644],[0,-64]],[[1700,6580],[37,0]],[[1812,6322],[0,-97],[13,0],[0,-64],[12,0],[0,-33],[13,0],[0,-32],[12,0]],[[1862,6096],[0,-32],[13,0]],[[1875,6064],[0,-97]],[[1875,5967],[25,0],[0,-64]],[[1912,5903],[0,-65],[13,0],[0,-32],[12,0],[0,-32],[13,0],[0,-33],[12,0],[0,-129],[-25,0],[0,33]],[[1937,5645],[-12,0],[0,32],[-13,0],[0,32],[-12,0],[0,32],[-13,0]],[[1875,5774],[0,96],[-13,0]],[[1862,5903],[-37,0],[0,32],[-13,0],[0,32],[-12,0],[0,32],[25,0]],[[1812,6032],[0,32],[-12,0],[0,32],[-13,0]],[[1775,6128],[0,65],[-13,0],[0,64]],[[1750,6257],[0,33],[-13,0],[0,64],[-37,0]],[[1700,6354],[0,65],[-25,0]],[[1675,6451],[12,0]],[[1662,6451],[-25,0],[0,97]],[[1612,6612],[0,65]],[[1600,6709],[-25,0],[0,32],[25,0]],[[1600,6741],[0,97]],[[1587,6838],[0,65]],[[2037,5645],[13,0],[0,-33]],[[2050,5612],[-13,0],[0,33]],[[2287,5645],[0,-33]],[[2287,5612],[-12,0],[0,33],[12,0]],[[2787,5645],[13,0]],[[2800,5645],[0,-33]],[[2800,5612],[-13,0]],[[2787,5612],[0,33]],[[2800,5645],[12,0]],[[2812,5645],[0,-33]],[[2812,5612],[-12,0]],[[2825,5645],[12,0],[0,-33],[-12,0]],[[2825,5612],[0,33]],[[7249,5645],[63,0]],[[7312,5645],[0,-33],[-63,0]],[[7249,5612],[0,33]],[[7449,5645],[0,-33]],[[7449,5612],[-12,0]],[[7437,5612],[0,33],[12,0]],[[8012,5645],[12,0],[0,-33],[-12,0],[0,33]],[[8324,5645],[13,0]],[[8337,5645],[0,-33],[-13,0],[0,33]],[[2925,5677],[0,-32],[25,0],[0,-65],[-25,0],[0,32],[-13,0],[0,33],[-12,0],[0,96],[-25,0],[0,65],[25,0],[0,-32],[12,0],[0,-97]],[[7099,5741],[0,-129]],[[7112,5612],[0,-32]],[[7112,5580],[-25,0],[0,65],[-13,0],[0,32]],[[7074,5677],[13,0],[0,64],[12,0]],[[2975,5580],[-13,0],[0,65],[13,0],[0,-65]],[[7362,5645],[12,0],[0,-65],[-12,0],[0,65]],[[2050,5612],[12,0],[0,-32]],[[2062,5580],[-12,0],[0,32]],[[2687,5612],[0,-32],[-12,0]],[[2675,5580],[0,32],[12,0]],[[2725,5612],[0,-32]],[[2725,5580],[-13,0]],[[2712,5580],[0,32],[13,0]],[[2987,5580],[-12,0]],[[2975,5580],[0,32],[12,0],[0,-32]],[[4537,5580],[-12,0]],[[4525,5580],[0,32],[12,0],[0,-32]],[[6024,5612],[13,0],[0,-32]],[[6037,5580],[-13,0],[0,32]],[[6974,5612],[13,0]],[[6987,5612],[0,-32],[-13,0]],[[6974,5580],[0,32]],[[7162,5612],[12,0],[0,-32],[-12,0],[0,32]],[[7237,5580],[-13,0]],[[7224,5580],[0,32],[13,0],[0,-32]],[[7412,5612],[12,0],[0,-32],[-12,0],[0,32]],[[8162,5612],[25,0],[0,-32],[-25,0],[0,32]],[[8349,5612],[13,0]],[[8362,5612],[0,-64]],[[8362,5548],[-13,0],[0,32],[-12,0],[0,65]],[[8324,5645],[0,64],[13,0],[0,65],[12,0],[0,32],[13,0],[0,32],[25,0],[0,-64]],[[4787,5709],[38,0],[0,-64],[-13,0],[0,-65],[-12,0],[0,-32],[-13,0],[0,32],[-37,0],[0,65],[25,0],[0,32],[12,0],[0,32]],[[562,5612],[0,-64]],[[562,5548],[-12,0]],[[550,5548],[0,64],[12,0]],[[562,5612],[25,0],[0,-64],[-25,0]],[[2250,5612],[0,-64]],[[2250,5548],[-13,0]],[[2237,5548],[0,64],[13,0]],[[6287,5612],[12,0],[0,-64],[-12,0],[0,64]],[[6999,5612],[13,0],[0,-64],[-13,0],[0,64]],[[7299,5709],[25,0]],[[7337,5645],[0,-33]],[[7337,5612],[-13,0]],[[7324,5612],[0,-32]],[[7324,5580],[-62,0],[0,-32]],[[7262,5548],[-13,0]],[[7249,5548],[0,64]],[[7312,5645],[-25,0]],[[7287,5645],[0,32]],[[7287,5677],[12,0]],[[8362,5612],[25,0],[0,-64],[-25,0]],[[550,5548],[-13,0],[0,32],[13,0],[0,-32]],[[2112,5580],[13,0],[0,-32],[-13,0]],[[2112,5548],[0,32]],[[2250,5580],[12,0],[0,-32]],[[2262,5548],[-12,0]],[[2250,5548],[0,32]],[[2287,5580],[13,0],[0,-32]],[[2300,5548],[-13,0],[0,32]],[[2550,5580],[12,0],[0,-32],[-12,0],[0,32]],[[2575,5548],[0,32],[12,0],[0,-32],[-12,0]],[[2675,5580],[0,-32],[-13,0]],[[2662,5548],[0,32],[13,0]],[[2750,5580],[0,-32]],[[2750,5548],[-13,0],[0,32],[13,0]],[[2750,5580],[12,0]],[[2762,5580],[0,-32]],[[2762,5548],[-12,0]],[[2987,5580],[25,0],[0,-32],[-25,0],[0,32]],[[5712,5580],[12,0],[0,-32],[-12,0],[0,32]],[[5737,5580],[12,0],[0,-32],[-12,0],[0,32]],[[7224,5580],[0,-32]],[[7224,5548],[-25,0]],[[7199,5548],[0,32],[25,0]],[[7237,5580],[0,-32]],[[7237,5548],[-13,0]],[[7237,5580],[12,0]],[[7249,5580],[0,-32]],[[7249,5548],[-12,0]],[[7324,5580],[0,-32]],[[7324,5548],[-62,0]],[[7549,5580],[0,-32],[-12,0],[0,32],[12,0]],[[7912,5580],[12,0],[0,-32]],[[7924,5548],[-12,0]],[[7912,5548],[0,32]],[[7937,5580],[12,0]],[[7949,5580],[0,-32]],[[7949,5548],[-12,0]],[[7937,5548],[0,32]],[[6537,5870],[25,0]],[[6574,5838],[0,-64]],[[6562,5774],[0,-65]],[[6587,5709],[50,0],[0,-32],[12,0],[0,-32],[13,0],[0,-129],[-13,0]],[[6649,5516],[0,64],[-12,0],[0,32],[-13,0],[0,-32],[-25,0],[0,-32],[-12,0],[0,32],[-13,0],[0,65],[-12,0],[0,32],[-13,0],[0,-32],[-12,0],[0,64],[-13,0],[0,32],[-12,0]],[[6512,5741],[0,65],[12,0],[0,32],[13,0],[0,32]],[[7124,8064],[13,0]],[[7162,8031],[37,0]],[[7199,7999],[50,0]],[[7387,7483],[0,65]],[[7399,7548],[0,-33]],[[7399,7515],[13,0]],[[7424,7483],[0,65]],[[7524,7225],[13,0]],[[7374,6644],[50,0]],[[7499,6644],[0,33]],[[7549,6580],[-12,0]],[[7524,6580],[-12,0]],[[7549,6548],[38,0]],[[7587,6580],[12,0]],[[7899,6999],[38,0]],[[7937,7032],[75,0]],[[8012,7064],[62,0]],[[8224,7322],[25,0]],[[8274,7354],[38,0]],[[8249,7451],[-25,0]],[[8224,7451],[0,64]],[[8237,7515],[0,33]],[[8249,7580],[-62,0]],[[8137,7580],[0,32]],[[8174,7677],[-62,0]],[[8112,7677],[0,32]],[[8124,7709],[0,64]],[[8124,7773],[50,0]],[[8174,7773],[0,-32]],[[8174,7741],[25,0]],[[8199,7741],[0,-32]],[[8212,7709],[0,32]],[[8274,7773],[0,-32]],[[8262,7741],[0,-32]],[[8237,7709],[0,-65]],[[8249,7677],[38,0]],[[8324,7644],[25,0]],[[8387,7580],[12,0]],[[8399,7548],[-12,0]],[[8362,7257],[25,0]],[[8387,7257],[0,129]],[[8424,7483],[38,0]],[[8462,7483],[0,129]],[[8487,7548],[12,0]],[[8512,7483],[-38,0]],[[8487,7257],[-13,0]],[[8512,7161],[-25,0]],[[8487,7128],[-38,0]],[[8437,7064],[12,0]],[[8449,7032],[-12,0]],[[8437,7032],[0,-33]],[[8412,7032],[-13,0]],[[8374,7064],[0,-65]],[[8349,6999],[0,-32]],[[8324,7032],[-25,0]],[[8287,6999],[0,33]],[[8212,6870],[-75,0]],[[8137,6870],[0,-129]],[[8074,6644],[0,-32]],[[8074,6612],[-25,0]],[[8024,6515],[-25,0]],[[7999,6483],[-12,0]],[[7924,6354],[-12,0]],[[7912,6322],[-25,0]],[[7899,6290],[0,-33]],[[7887,6225],[-13,0]],[[7874,6193],[-12,0]],[[7862,6161],[-13,0]],[[7874,6064],[0,-97]],[[7874,5967],[-12,0],[0,-64],[25,0],[0,-33]],[[7887,5870],[-13,0]],[[7887,5774],[0,-97],[-13,0],[0,32],[-25,0],[0,-32],[-12,0],[0,32],[-13,0],[0,32],[-12,0],[0,33],[-25,0],[0,-65],[-13,0],[0,97]],[[7774,5806],[-12,0],[0,-32],[-13,0],[0,64],[13,0],[0,32]],[[7762,5870],[-13,0]],[[7487,5967],[-88,0]],[[7399,5967],[0,32],[-37,0],[0,33],[-50,0]],[[7312,6032],[0,32]],[[7274,6128],[-62,0]],[[7212,6128],[0,33],[-25,0],[0,32],[-13,0],[0,32],[-12,0],[0,32],[-13,0],[0,33],[-37,0],[0,-65],[25,0]],[[7137,6225],[0,-161]],[[7149,6161],[13,0]],[[7162,6161],[0,-162]],[[7162,5999],[-25,0],[0,-32]],[[7137,5967],[-25,0]],[[7112,5967],[0,-64]],[[7112,5903],[-25,0]],[[7087,5903],[0,-65]],[[7024,5774],[0,32]],[[7024,5806],[-12,0],[0,-32],[-13,0],[0,-162]],[[6999,5612],[-25,0]],[[6974,5612],[0,-64]],[[6974,5548],[-25,0],[0,-32]],[[6949,5516],[-25,0],[0,32],[-12,0],[0,97],[-13,0],[0,32],[-37,0],[0,97],[-13,0]],[[6849,5806],[-112,0]],[[6737,5774],[-50,0],[0,32],[-88,0],[0,32],[-12,0],[0,32],[-13,0],[0,65]],[[6562,5903],[-38,0]],[[6524,5870],[-12,0]],[[6512,5903],[-38,0],[0,32],[-25,0],[0,32],[-25,0],[0,32],[-12,0],[0,65]],[[6399,6064],[0,32],[-12,0],[0,65]],[[6349,6096],[0,-64]],[[6349,6032],[-12,0],[0,32],[-13,0],[0,97],[-12,0],[0,32],[-13,0],[0,-129],[-12,0],[0,32],[-38,0]],[[6149,6515],[0,97]],[[6162,6612],[0,32]],[[6174,6677],[-25,0]],[[6112,6644],[0,-64]],[[6112,6580],[-50,0]],[[6062,6580],[0,64]],[[6037,6612],[0,97]],[[6037,6709],[-38,0]],[[5999,6709],[0,-32]],[[5987,6644],[-25,0]],[[5962,6612],[-88,0]],[[5812,6612],[-25,0],[0,-32]],[[5787,6580],[-25,0],[0,32]],[[5774,6644],[-25,0]],[[5749,6677],[-50,0]],[[5699,6677],[0,32],[25,0]],[[5712,6806],[0,32],[12,0]],[[5724,6870],[25,0]],[[5737,7096],[37,0]],[[5774,7096],[0,-64]],[[5787,7032],[0,-33],[12,0],[0,-32],[-12,0]],[[5787,6967],[0,-32]],[[5774,6903],[-12,0]],[[5774,6870],[0,-129]],[[5837,6806],[0,64]],[[5924,6903],[13,0]],[[5937,6870],[100,0]],[[6037,6903],[25,0]],[[6074,6903],[25,0]],[[6174,6903],[-37,0]],[[6137,6935],[25,0]],[[6262,6870],[0,33]],[[6274,6935],[-25,0]],[[6249,6935],[0,64]],[[6249,6999],[13,0]],[[6262,6967],[25,0]],[[6287,6967],[0,-32]],[[6324,7096],[0,-64]],[[6349,6903],[0,32]],[[6349,6935],[50,0]],[[6399,6870],[-25,0],[0,-64]],[[6374,6806],[-25,0]],[[6362,6741],[0,-64]],[[6374,6644],[38,0]],[[6412,6644],[0,-64]],[[6412,6515],[12,0]],[[6487,6644],[0,65]],[[6624,6967],[0,194],[25,0]],[[6449,6999],[0,33]],[[6462,7064],[-50,0],[0,32]],[[6424,7128],[-25,0],[0,33],[-12,0],[0,32],[37,0]],[[6474,7354],[-62,0],[0,-32],[-50,0]],[[6324,7225],[-12,0],[0,-97]],[[6237,7064],[-75,0]],[[6162,7096],[-13,0]],[[6037,7193],[-13,0],[0,32],[-37,0],[0,-32],[-13,0]],[[5962,7225],[-63,0],[0,65],[-12,0]],[[5887,7322],[-25,0],[0,-32],[-13,0],[0,-33],[-25,0]],[[5812,7225],[0,-64],[-13,0],[0,-65],[-12,0]],[[5874,7548],[0,96]],[[5962,7709],[25,0]],[[5999,7709],[13,0]],[[6012,7741],[-13,0]],[[5999,7806],[50,0]],[[6274,7838],[0,32]],[[6287,7902],[37,0]],[[6387,7902],[37,0]],[[6424,7902],[0,33]],[[6674,7935],[0,32]],[[6687,7999],[62,0]],[[6037,7644],[-25,0]],[[6024,7580],[0,32]],[[5962,7612],[-13,0]],[[5949,7580],[38,0]],[[5987,7548],[25,0]],[[6012,7580],[-25,0]],[[5999,7290],[50,0],[0,32],[-62,0],[0,-65]],[[7337,7128],[25,0]],[[7362,7161],[-50,0]],[[7174,7064],[0,-65]],[[7174,6999],[63,0]],[[7237,7032],[-50,0]],[[5737,6967],[25,0]],[[5762,6999],[-25,0]],[[7149,6999],[0,-64]],[[7174,6967],[-12,0]],[[6287,6903],[0,-97]],[[6287,6806],[25,0]],[[5737,6838],[0,-64]],[[5749,6774],[0,64]],[[6862,6580],[0,-32]],[[6862,6548],[-13,0]],[[6849,6548],[0,64]],[[6849,6612],[-12,0]],[[6837,6612],[0,65]],[[6824,6677],[0,-65]],[[6824,6612],[-12,0]],[[6724,6483],[-25,0]],[[6699,6483],[0,-64]],[[6687,6419],[0,-65]],[[6687,6354],[50,0]],[[6787,6290],[0,64]],[[6912,6354],[0,-32]],[[6912,6322],[-13,0]],[[6924,6290],[0,129]],[[6924,6419],[13,0]],[[6937,6451],[25,0]],[[6962,6483],[-25,0]],[[7449,6612],[-37,0]],[[7199,6515],[0,33]],[[7212,6580],[-25,0]],[[7237,6515],[12,0]],[[7249,6548],[-37,0]],[[7274,6548],[0,-65]],[[7287,6483],[0,65]],[[7074,6354],[-25,0]],[[7037,6386],[0,33]],[[7762,5967],[0,-64]],[[7774,5903],[0,64]],[[5424,5677],[38,0],[0,-32],[25,0],[0,-33],[12,0],[0,-96],[-25,0],[0,32],[-12,0],[0,32],[-13,0],[0,32],[-12,0],[0,33],[-13,0],[0,32]],[[7037,5645],[0,-65],[12,0],[0,-32],[25,0],[0,-32],[-50,0]],[[7024,5516],[0,129],[13,0]],[[600,5580],[25,0],[0,-64],[-25,0],[0,64]],[[2062,5580],[13,0],[0,-64],[-13,0]],[[2062,5516],[0,64]],[[6074,5580],[13,0]],[[6087,5580],[0,-64],[-13,0],[0,64]],[[7387,5580],[12,0],[0,-64],[-12,0],[0,64]],[[7499,5548],[-12,0],[0,-32],[-13,0]],[[7474,5516],[0,64],[25,0],[0,-32]],[[8224,5709],[38,0]],[[8249,5645],[-12,0],[0,-33],[-75,0]],[[8162,5612],[0,-64],[-50,0],[0,-32],[-50,0]],[[8062,5516],[0,64]],[[8062,5580],[12,0],[0,32],[13,0],[0,-32],[12,0],[0,65],[13,0],[0,32],[12,0],[0,64],[-12,0]],[[8112,5741],[0,33]],[[8137,5838],[50,0]],[[8187,5838],[0,65]],[[637,5548],[13,0],[0,-32]],[[650,5516],[-13,0],[0,32]],[[2962,5548],[0,-32],[-12,0]],[[2950,5516],[0,32],[12,0]],[[5274,5548],[25,0],[0,-32],[-25,0],[0,32]],[[7237,5548],[0,-32]],[[7237,5516],[-13,0]],[[7224,5516],[0,32]],[[7249,5548],[0,-32]],[[7249,5516],[-12,0]],[[7262,5548],[0,-32],[-13,0]],[[7674,5612],[0,-96]],[[7674,5516],[-37,0]],[[7637,5516],[0,32],[25,0],[0,64],[12,0]],[[8124,5548],[13,0],[0,-32],[-13,0],[0,32]],[[4862,5612],[38,0],[0,-32],[12,0],[0,32],[13,0],[0,-64],[-50,0],[0,-32],[-13,0],[0,-33],[-12,0],[0,33],[-13,0],[0,64],[13,0],[0,-32],[12,0],[0,64]],[[7599,5709],[13,0],[0,-226],[-25,0],[0,33],[-13,0],[0,64],[13,0],[0,97],[12,0],[0,32]],[[2262,5516],[0,-33]],[[2262,5483],[-25,0],[0,33],[25,0]],[[2487,5516],[0,-33],[-12,0]],[[2475,5483],[0,33],[12,0]],[[2512,5516],[13,0],[0,-33],[-13,0],[0,33]],[[2837,5516],[0,-33]],[[2837,5483],[-25,0]],[[2812,5483],[0,33],[25,0]],[[2962,5548],[13,0],[0,-65],[-25,0]],[[2950,5483],[0,33]],[[4525,5516],[0,-33],[-13,0],[0,33],[13,0]],[[4562,5516],[50,0]],[[4612,5516],[0,-33]],[[4612,5483],[-50,0]],[[4562,5483],[0,33]],[[5574,5483],[0,33],[13,0],[0,-33],[-13,0]],[[7137,5774],[0,-97]],[[7137,5677],[-38,0]],[[7099,5677],[0,64]],[[7024,5516],[-25,0]],[[6999,5516],[0,-33]],[[6999,5483],[-25,0]],[[6974,5483],[0,33],[-12,0],[0,-33]],[[6962,5483],[-25,0],[0,33],[12,0]],[[6974,5548],[0,32]],[[6987,5612],[12,0]],[[7024,5806],[0,-65]],[[6974,5483],[-12,0]],[[6999,5516],[13,0]],[[7012,5516],[0,-33]],[[7012,5483],[-13,0]],[[7012,5516],[12,0]],[[7024,5516],[0,-33]],[[7024,5483],[-12,0]],[[7099,5516],[13,0],[0,-33],[-13,0],[0,33]],[[7174,5516],[13,0],[0,-33],[-13,0],[0,33]],[[7249,5516],[0,-33]],[[7249,5483],[-12,0],[0,33]],[[7324,5516],[13,0],[0,-33],[-13,0],[0,33]],[[650,5516],[0,-65]],[[650,5451],[-13,0],[0,32],[-12,0],[0,65],[12,0]],[[2300,5548],[0,-32],[12,0],[0,-65]],[[2312,5451],[-12,0]],[[2300,5451],[0,32]],[[2300,5483],[-25,0]],[[2275,5483],[0,-32],[-13,0]],[[2262,5451],[0,97]],[[2262,5548],[13,0],[0,32],[12,0]],[[7212,5548],[12,0]],[[7224,5548],[0,-97]],[[7224,5451],[-12,0]],[[7212,5451],[0,97]],[[6624,5516],[0,-65],[-12,0]],[[6612,5451],[0,65],[12,0]],[[7262,5548],[25,0]],[[7287,5548],[0,-65]],[[7287,5483],[-13,0]],[[7274,5483],[0,-32],[-25,0]],[[7249,5451],[0,65]],[[8062,5548],[0,-32]],[[8062,5516],[12,0],[0,-65],[-25,0]],[[8049,5451],[0,32],[-12,0]],[[8037,5483],[0,33],[12,0]],[[8049,5516],[0,32],[13,0]],[[2050,5483],[12,0],[0,-32],[-12,0],[0,32]],[[2125,5483],[12,0]],[[2137,5483],[0,-32],[-12,0]],[[2125,5451],[0,32]],[[2175,5483],[25,0]],[[2200,5483],[0,-32],[-25,0]],[[2175,5451],[0,32]],[[2287,5483],[13,0]],[[2300,5451],[-13,0],[0,32]],[[2325,5451],[-13,0]],[[2312,5451],[0,32],[13,0],[0,-32]],[[2487,5516],[13,0],[0,-65],[-25,0]],[[2475,5451],[0,32]],[[2812,5483],[13,0]],[[2825,5483],[0,-32]],[[2825,5451],[-13,0],[0,32]],[[5574,5483],[0,-32],[-12,0]],[[5562,5451],[0,32],[12,0]],[[5974,5483],[13,0],[0,-32],[-13,0],[0,32]],[[6112,5451],[0,32],[12,0],[0,-32],[-12,0]],[[6187,5451],[0,32],[12,0],[0,-32],[-12,0]],[[6974,5483],[0,-32],[-12,0],[0,32]],[[7199,5483],[13,0]],[[7212,5483],[0,-32]],[[7212,5451],[-13,0]],[[7199,5451],[0,32]],[[7349,5483],[13,0],[0,-32],[-13,0],[0,32]],[[7437,5516],[-13,0],[0,-65],[-25,0]],[[7399,5451],[0,32],[13,0],[0,65],[25,0],[0,-32]],[[7549,5483],[13,0],[0,-32]],[[7562,5451],[-13,0],[0,32]],[[7787,5483],[0,-32]],[[7787,5451],[-13,0]],[[7774,5451],[0,32],[13,0]],[[8049,5451],[-12,0],[0,32]],[[2787,5612],[25,0]],[[2812,5645],[13,0]],[[2825,5612],[25,0],[0,-32],[12,0],[0,-32],[38,0],[0,-32],[25,0],[0,-33],[25,0]],[[2950,5483],[0,-32]],[[2950,5451],[-13,0],[0,-32]],[[2937,5419],[-100,0]],[[2837,5419],[0,32],[-12,0]],[[2825,5483],[12,0]],[[2837,5516],[-50,0],[0,32],[-25,0]],[[2762,5580],[-37,0]],[[2725,5612],[-25,0],[0,-32],[12,0]],[[2712,5580],[0,-64],[-25,0],[0,96]],[[2662,5548],[-25,0],[0,32],[13,0],[0,65],[25,0],[0,32],[37,0]],[[6237,5483],[37,0],[0,-32],[-25,0],[0,-32],[-12,0],[0,64]],[[6624,5483],[25,0],[0,-32],[-12,0],[0,-32],[-13,0],[0,64]],[[7687,5483],[12,0]],[[7699,5483],[0,-64]],[[7699,5419],[-12,0]],[[7687,5419],[0,64]],[[2950,5451],[0,-32]],[[2950,5419],[-13,0]],[[6112,5451],[0,-32]],[[6112,5419],[-13,0],[0,32],[13,0]],[[7049,5451],[25,0],[0,-32]],[[7074,5419],[-25,0]],[[7049,5419],[0,32]],[[7212,5451],[0,-32]],[[7212,5419],[-13,0]],[[7199,5419],[0,32]],[[7224,5451],[0,-32]],[[7224,5419],[-12,0]],[[8037,5903],[50,0]],[[8087,5903],[0,-97]],[[8087,5806],[25,0]],[[8112,5806],[0,-65]],[[8062,5580],[0,-32]],[[8049,5516],[-50,0],[0,-33],[-25,0],[0,97]],[[7974,5580],[-12,0]],[[7962,5580],[0,65],[-25,0],[0,32],[-25,0],[0,-32],[-13,0],[0,-33],[-87,0],[0,-32],[12,0],[0,-64],[-12,0],[0,32],[-13,0],[0,-32],[-12,0],[0,32],[-13,0],[0,32],[-12,0],[0,65],[-13,0],[0,-226],[-37,0],[0,32],[25,0],[0,32],[-13,0],[0,33],[13,0],[0,32],[-13,0],[0,32],[13,0],[0,32],[-13,0],[0,33],[-12,0],[0,-65],[-25,0],[0,-32],[-13,0]],[[7674,5548],[0,64]],[[7737,5870],[25,0]],[[7899,5774],[0,96]],[[7899,5870],[-12,0]],[[7874,5967],[0,65]],[[7949,5967],[0,-97]],[[7962,5870],[0,65]],[[7987,5967],[-38,0]],[[7762,5451],[12,0]],[[7774,5451],[0,-32],[-12,0]],[[7762,5419],[0,32]],[[7837,5483],[12,0],[0,-64],[-37,0],[0,32],[25,0],[0,32]],[[650,5516],[25,0],[0,-33],[12,0],[0,-32],[13,0],[0,-64]],[[700,5387],[-13,0],[0,32],[-25,0]],[[662,5419],[0,32],[-12,0]],[[1987,6032],[38,0]],[[2025,6032],[0,-97],[12,0],[0,-32]],[[2037,5903],[13,0]],[[2062,5838],[0,-64]],[[2062,5774],[13,0]],[[2087,5741],[0,-32]],[[2087,5709],[13,0],[0,-32],[12,0]],[[2112,5677],[0,-194]],[[2112,5483],[-25,0],[0,-32],[13,0],[0,-64],[-25,0]],[[2075,5387],[0,32],[-13,0]],[[2062,5419],[0,97]],[[2037,5645],[0,32],[-12,0],[0,64]],[[2012,5741],[0,65],[-12,0],[0,32],[-25,0]],[[1975,5838],[0,97]],[[4525,5516],[12,0],[0,-33],[13,0]],[[4550,5483],[0,-96]],[[4550,5387],[-13,0]],[[4537,5387],[0,64],[-12,0],[0,65]],[[7012,5483],[25,0]],[[7037,5483],[0,-32],[-13,0]],[[7024,5451],[0,-64]],[[7024,5387],[-12,0]],[[7012,5387],[0,96]],[[2275,5483],[12,0]],[[2300,5451],[0,-32],[-13,0],[0,-32],[-12,0],[0,32],[-13,0]],[[2262,5419],[0,32]],[[4662,5387],[-37,0]],[[4625,5387],[0,64]],[[4625,5451],[12,0]],[[4637,5451],[0,65],[13,0],[0,-97],[12,0],[0,-32]],[[5899,5451],[13,0],[0,-64],[-13,0]],[[5899,5387],[0,64]],[[700,5387],[0,32],[12,0],[0,-32],[-12,0]],[[2075,5387],[-13,0],[0,32]],[[2175,5419],[0,-32],[-13,0],[0,32],[13,0]],[[2225,5419],[12,0]],[[2237,5419],[0,-32]],[[2237,5387],[-12,0]],[[2225,5387],[0,32]],[[2337,5387],[-12,0]],[[2325,5387],[0,32],[12,0],[0,-32]],[[2837,5419],[13,0],[0,-32],[-13,0],[0,32]],[[3087,5387],[-12,0],[0,32],[12,0],[0,-32]],[[4687,5387],[0,32],[13,0],[0,-32],[-13,0]],[[5187,5419],[0,-32]],[[5187,5387],[-13,0]],[[5174,5387],[0,32],[13,0]],[[5187,5419],[12,0],[0,-32],[-12,0]],[[7299,5419],[13,0],[0,-32],[-13,0],[0,32]],[[7387,5419],[12,0],[0,-32],[-12,0]],[[7387,5387],[0,32]],[[7787,5451],[0,-64]],[[7787,5387],[-25,0]],[[7762,5387],[0,32]],[[8374,5419],[0,-32],[-12,0]],[[8362,5387],[0,32],[12,0]],[[5599,5354],[0,97],[25,0],[0,-64],[-12,0],[0,-33],[-13,0]],[[7624,5451],[13,0],[0,-32],[12,0],[0,-65],[-12,0],[0,33],[-13,0],[0,64]],[[700,5387],[0,-33],[-38,0],[0,65]],[[2575,5419],[0,-65]],[[2575,5354],[-13,0],[0,65],[13,0]],[[5899,5387],[0,-33],[-25,0]],[[5874,5354],[0,65],[13,0],[0,-32],[12,0]],[[7074,5419],[38,0],[0,-32],[37,0],[0,-33],[-50,0]],[[7099,5354],[0,33]],[[7099,5387],[-25,0],[0,32]],[[7224,5419],[0,-65]],[[7224,5354],[-12,0],[0,65]],[[7224,5419],[13,0]],[[7237,5419],[0,-65]],[[7237,5354],[-13,0]],[[7237,5419],[25,0]],[[7262,5419],[0,-32],[-13,0],[0,-33]],[[7249,5354],[-12,0]],[[7912,5451],[12,0],[0,-64],[-12,0]],[[7912,5387],[0,-33]],[[7912,5354],[-13,0],[0,65],[13,0]],[[7912,5419],[0,32]],[[2137,5387],[13,0]],[[2150,5387],[0,-33]],[[2150,5354],[-13,0]],[[2137,5354],[0,33]],[[3087,5387],[13,0],[0,-33],[-13,0]],[[3087,5354],[0,33]],[[5174,5387],[0,-33]],[[5174,5354],[-12,0],[0,33],[12,0]],[[5187,5387],[0,-33]],[[5187,5354],[-13,0]],[[6612,5451],[0,-97],[-50,0]],[[6562,5354],[0,33],[25,0],[0,32],[12,0],[0,32],[13,0]],[[7024,5387],[0,-33]],[[7024,5354],[-12,0]],[[7012,5354],[0,33]],[[7187,5387],[12,0],[0,-33],[-12,0],[0,33]],[[7287,5387],[0,-33]],[[7287,5354],[-13,0],[0,33],[13,0]],[[7787,5387],[0,-33]],[[7787,5354],[-25,0]],[[7762,5354],[0,33]],[[8074,5387],[13,0]],[[8087,5387],[0,-33],[-13,0],[0,33]],[[2112,5516],[13,0]],[[2125,5516],[0,-65]],[[2137,5483],[13,0]],[[2150,5483],[0,-32],[12,0],[0,32]],[[2162,5483],[13,0]],[[2175,5483],[0,-64]],[[2175,5419],[50,0]],[[2225,5387],[25,0]],[[2250,5387],[0,-33],[-25,0],[0,-32],[-13,0],[0,65],[-25,0],[0,-33]],[[2187,5354],[-37,0]],[[2150,5387],[-25,0]],[[2125,5387],[0,-65],[-13,0]],[[2112,5322],[0,32]],[[2112,5354],[-37,0],[0,33]],[[2112,5483],[0,33]],[[7949,5580],[25,0]],[[7974,5580],[0,-129],[-12,0],[0,-32],[-13,0],[0,-65]],[[7949,5354],[-12,0],[0,-32]],[[7937,5322],[-25,0]],[[7912,5322],[0,65]],[[7912,5451],[0,97]],[[7912,5548],[37,0]],[[8037,5387],[12,0]],[[8049,5387],[0,-65]],[[8049,5322],[-12,0]],[[8037,5322],[0,65]],[[8049,5387],[25,0]],[[8074,5387],[0,-65],[-25,0]],[[2112,5322],[-12,0],[0,32],[12,0]],[[2300,5354],[12,0],[0,-32],[-12,0],[0,32]],[[2437,5354],[13,0],[0,-32]],[[2450,5322],[-13,0],[0,32]],[[3087,5354],[0,-32],[-12,0]],[[3075,5322],[0,32],[12,0]],[[3137,5354],[0,-32],[-12,0]],[[3125,5322],[0,32],[12,0]],[[5087,5354],[0,-32],[-13,0],[0,32],[13,0]],[[5187,5354],[12,0],[0,-32],[-12,0],[0,32]],[[5599,5354],[0,-32],[-12,0]],[[5587,5322],[0,32],[12,0]],[[5874,5354],[0,-32],[-25,0],[0,32],[25,0]],[[6149,5354],[0,-32],[-12,0],[0,32],[12,0]],[[7049,5354],[25,0]],[[7074,5354],[0,-32]],[[7074,5322],[-25,0]],[[7049,5322],[0,32]],[[7349,5354],[13,0],[0,-32],[-13,0],[0,32]],[[7587,5354],[25,0]],[[7612,5354],[0,-32],[-25,0],[0,32]],[[7749,5354],[38,0]],[[7787,5354],[0,-32]],[[7787,5322],[-38,0],[0,32]],[[8012,5354],[12,0]],[[8024,5354],[0,-32]],[[8024,5322],[-12,0]],[[8012,5322],[0,32]],[[8349,5354],[0,-32],[-12,0]],[[8337,5322],[0,32],[12,0]],[[8399,5354],[0,-32]],[[8399,5322],[-12,0],[0,32],[12,0]],[[2950,5419],[25,0],[0,-129]],[[2975,5290],[-13,0]],[[2962,5290],[0,97],[-12,0],[0,32]],[[8087,5387],[-50,0]],[[8037,5322],[25,0],[0,-32],[-38,0]],[[8024,5290],[0,64]],[[8012,5354],[0,65],[12,0],[0,32],[63,0],[0,-64]],[[2962,5290],[-37,0],[0,64],[37,0],[0,-64]],[[3050,5354],[0,-64]],[[3050,5290],[-13,0]],[[3037,5290],[0,32],[-12,0],[0,32],[25,0]],[[2262,5322],[13,0],[0,-32],[-13,0],[0,32]],[[2825,5290],[-13,0],[0,32],[13,0],[0,-32]],[[3050,5322],[25,0]],[[3075,5322],[0,-32]],[[3075,5290],[-25,0]],[[3050,5290],[0,32]],[[3087,5354],[25,0],[0,-64],[-37,0]],[[3237,5322],[13,0],[0,-32],[-13,0],[0,32]],[[5287,5322],[12,0],[0,-32],[-12,0],[0,32]],[[5812,5322],[25,0],[0,-32],[-25,0],[0,32]],[[6562,5322],[12,0],[0,-32]],[[6574,5290],[-12,0]],[[6562,5290],[0,32]],[[7074,5322],[13,0],[0,-32]],[[7087,5290],[-13,0],[0,32]],[[8024,5322],[0,-32]],[[8024,5290],[-12,0],[0,32]],[[8349,5354],[13,0],[0,-64]],[[8362,5290],[-25,0]],[[8337,5290],[0,32]],[[2950,5451],[100,0],[0,-32],[12,0],[0,-32],[25,0]],[[3050,5322],[0,32]],[[3037,5290],[-12,0],[0,-32]],[[3025,5258],[-25,0],[0,32],[-25,0]],[[7099,5387],[0,-65]],[[7099,5322],[13,0]],[[7112,5322],[0,-64]],[[7112,5258],[-13,0]],[[7099,5258],[0,32],[-12,0]],[[7074,5354],[-12,0]],[[7062,5354],[0,33],[-13,0]],[[7049,5387],[0,32]],[[2850,5258],[0,32]],[[2850,5290],[-25,0]],[[2825,5290],[0,64],[37,0],[0,-32],[25,0],[0,-64],[-37,0]],[[2487,5322],[13,0]],[[2500,5322],[0,-64]],[[2500,5258],[-13,0]],[[2487,5258],[0,64]],[[3137,5354],[38,0],[0,-32],[12,0],[0,-32]],[[3187,5290],[-12,0],[0,-32],[-13,0]],[[3162,5258],[0,32]],[[3162,5290],[-37,0],[0,32]],[[7949,5354],[0,-32],[13,0],[0,-64]],[[7962,5258],[-13,0],[0,32],[-25,0],[0,32]],[[7924,5322],[13,0]],[[2162,5290],[0,-32]],[[2162,5258],[-12,0],[0,32],[12,0]],[[2300,5290],[12,0],[0,-32],[-12,0],[0,32]],[[2850,5258],[-13,0],[0,32],[13,0]],[[3037,5290],[0,-32],[-12,0]],[[3162,5258],[-12,0],[0,32],[12,0]],[[3187,5290],[25,0],[0,-32],[-25,0],[0,32]],[[3287,5258],[-12,0]],[[3275,5258],[0,32],[12,0],[0,-32]],[[5449,5290],[13,0],[0,-32],[-13,0],[0,32]],[[5587,5290],[0,-32],[-38,0]],[[5549,5258],[0,32],[38,0]],[[6562,5290],[0,-32]],[[6562,5258],[-13,0]],[[6549,5258],[0,32],[13,0]],[[6574,5290],[0,-32],[-12,0]],[[7099,5258],[-12,0],[0,32]],[[7799,5290],[38,0]],[[7837,5290],[0,-32]],[[7837,5258],[-38,0]],[[7799,5258],[0,32]],[[7974,5258],[-12,0]],[[7962,5258],[0,32],[12,0],[0,-32]],[[2362,5258],[0,-33]],[[2362,5225],[-12,0]],[[2350,5225],[0,33],[12,0]],[[3262,5225],[-12,0],[0,33],[12,0],[0,-33]],[[4950,5258],[12,0],[0,-33],[-12,0],[0,33]],[[5549,5258],[0,-33],[-12,0]],[[5537,5225],[0,33],[12,0]],[[5824,5258],[13,0],[0,-33],[-13,0],[0,33]],[[7112,5258],[0,-33]],[[7112,5225],[-13,0]],[[7099,5225],[0,33]],[[7974,5258],[13,0],[0,-33]],[[7987,5225],[-13,0]],[[7974,5225],[0,33]],[[7249,5483],[0,-32]],[[7274,5483],[25,0]],[[7299,5483],[0,-32],[-12,0]],[[7287,5451],[0,-64]],[[7287,5354],[0,-96]],[[7287,5258],[12,0]],[[7299,5258],[0,-65],[-12,0]],[[7287,5193],[0,32],[-38,0],[0,33],[-25,0],[0,96]],[[7224,5354],[25,0]],[[7262,5419],[-38,0]],[[7224,5419],[0,97]],[[2550,5258],[12,0]],[[2562,5258],[0,-65],[-12,0],[0,65]],[[6087,5258],[0,-65]],[[6087,5193],[-13,0],[0,65],[13,0]],[[6224,5258],[0,-65]],[[6224,5193],[-25,0]],[[6199,5193],[0,65],[25,0]],[[7974,5258],[0,-65]],[[7974,5193],[-12,0],[0,65]],[[2212,5225],[0,-32]],[[2212,5193],[-12,0],[0,32],[12,0]],[[3262,5225],[13,0],[0,-32],[-13,0],[0,32]],[[5537,5225],[0,-32],[-13,0],[0,32],[13,0]],[[6537,5225],[0,-32],[-13,0]],[[6524,5193],[0,32],[13,0]],[[7049,5193],[-12,0],[0,32],[12,0],[0,-32]],[[7062,5225],[12,0]],[[7074,5225],[0,-32]],[[7074,5193],[-12,0]],[[7062,5193],[0,32]],[[7987,5225],[0,-32],[-13,0]],[[7974,5193],[0,32]],[[6112,5774],[0,-33]],[[6112,5741],[37,0],[0,-32],[-12,0],[0,-97],[12,0],[0,65],[13,0],[0,-32],[12,0],[0,-33],[-12,0],[0,-32],[12,0],[0,-32],[-37,0],[0,-32],[25,0],[0,-33],[12,0],[0,-32],[13,0]],[[6187,5451],[0,-32],[25,0],[0,32],[12,0],[0,-64],[13,0],[0,-162]],[[6237,5225],[-13,0]],[[6224,5225],[0,33]],[[6199,5193],[-12,0]],[[6187,5193],[0,-32],[-13,0]],[[6174,5161],[0,64]],[[6174,5225],[-12,0],[0,33],[-13,0],[0,96]],[[6149,5354],[-25,0],[0,65],[-12,0]],[[6112,5451],[-25,0],[0,129]],[[6074,5580],[0,65],[-12,0],[0,64]],[[6062,5709],[-25,0],[0,32],[-13,0],[0,65],[-12,0],[0,64]],[[1812,7902],[25,0]],[[1837,7902],[0,-32]],[[1950,7838],[37,0]],[[2112,7741],[50,0]],[[2200,7612],[37,0]],[[2237,7644],[13,0]],[[2250,7612],[62,0]],[[2350,7483],[0,-64]],[[2562,7096],[0,-97]],[[2562,6999],[25,0],[0,33]],[[2600,7032],[0,-33]],[[2387,6096],[-12,0],[0,-32],[-25,0],[0,-32],[-25,0],[0,-33],[-25,0]],[[2312,5870],[0,-64],[-25,0],[0,-161]],[[2287,5612],[0,-32]],[[2262,5548],[0,-32]],[[2262,5483],[0,-64]],[[2300,5451],[25,0]],[[2325,5451],[0,-64]],[[2337,5387],[0,-33],[-12,0]],[[2325,5354],[0,-64],[12,0],[0,32],[13,0],[0,-32],[12,0]],[[2362,5290],[0,-32]],[[2350,5225],[-25,0]],[[2325,5225],[0,-64],[-13,0]],[[2312,5161],[0,32]],[[2312,5193],[-12,0]],[[2300,5193],[0,32],[-38,0],[0,33],[-37,0],[0,32],[-38,0],[0,32],[-25,0],[0,32]],[[2162,5354],[25,0]],[[2250,5387],[-13,0]],[[2237,5419],[-62,0]],[[2175,5419],[0,32]],[[2200,5483],[-38,0]],[[2150,5483],[-25,0]],[[2125,5483],[0,33]],[[2112,5516],[0,32]],[[2112,5580],[0,97]],[[2087,5709],[0,65]],[[2087,5774],[-25,0]],[[2062,5774],[0,129]],[[2062,5903],[-25,0]],[[2025,6032],[-25,0]],[[2000,6064],[12,0]],[[2000,6161],[-75,0]],[[1975,5903],[0,-65]],[[2012,5741],[-25,0],[0,65]],[[1987,5806],[-25,0],[0,32],[-12,0],[0,65],[-13,0],[0,32],[-12,0],[0,64]],[[1925,5999],[-25,0],[0,33],[-13,0],[0,32],[-12,0]],[[1875,6064],[0,64]],[[1862,6128],[0,33],[-12,0],[0,64],[12,0]],[[1812,6548],[75,0]],[[1900,6515],[0,-64]],[[1900,6451],[12,0]],[[1912,6419],[13,0]],[[2012,6386],[13,0]],[[2087,6386],[-25,0]],[[2075,6935],[-25,0]],[[2050,6999],[25,0]],[[2025,7193],[0,32]],[[2012,7161],[-12,0]],[[1987,7128],[-12,0]],[[1962,7161],[0,96]],[[1962,7257],[-37,0]],[[1925,7257],[0,33]],[[1937,7386],[-37,0]],[[1900,7354],[25,0]],[[1925,7354],[0,-32]],[[1912,7257],[-12,0]],[[1900,7225],[-38,0]],[[1862,7257],[13,0]],[[1875,7290],[12,0]],[[1875,7354],[0,97]],[[1837,7548],[25,0]],[[2225,5774],[0,-97]],[[2250,5645],[0,64]],[[2250,5709],[12,0]],[[2262,5741],[-25,0]],[[2237,5548],[25,0]],[[2250,5580],[0,32]],[[7099,5225],[63,0]],[[7162,5225],[0,-64],[-88,0]],[[7074,5161],[0,64]],[[7062,5225],[0,33]],[[7062,5258],[-38,0]],[[7024,5258],[0,32],[25,0]],[[7049,5290],[0,32]],[[4287,5258],[25,0],[0,-33],[25,0],[0,-64],[-25,0],[0,32],[-25,0],[0,65]],[[7062,5258],[0,-65]],[[7062,5193],[-13,0]],[[7049,5193],[0,-32]],[[7049,5161],[-25,0],[0,97]],[[7674,5161],[-12,0],[0,97],[12,0],[0,-97]],[[6174,5161],[-12,0],[0,32],[-13,0],[0,32],[25,0]],[[2250,5193],[0,-32]],[[2250,5161],[-13,0],[0,32],[13,0]],[[2425,5161],[-25,0],[0,32],[25,0],[0,-32]],[[4537,5193],[13,0]],[[4550,5193],[0,-32],[-13,0]],[[4537,5161],[0,32]],[[5487,5193],[12,0],[0,-32],[-12,0],[0,32]],[[6324,5193],[13,0]],[[6337,5193],[0,-32],[-13,0]],[[6324,5161],[0,32]],[[7074,5193],[0,-32]],[[7074,5161],[-12,0],[0,32]],[[7287,5193],[0,-32],[-13,0]],[[7274,5161],[0,32],[13,0]],[[8399,5193],[13,0]],[[8412,5193],[0,-32],[-13,0],[0,32]],[[2125,5387],[12,0]],[[2137,5354],[25,0]],[[2300,5193],[-25,0]],[[2275,5193],[0,-32],[12,0],[0,-32]],[[2287,5129],[-25,0],[0,32],[-12,0]],[[2250,5193],[-38,0]],[[2212,5225],[-37,0],[0,33],[-13,0]],[[2162,5290],[-50,0],[0,32]],[[3287,5258],[0,-65],[25,0],[0,-32]],[[3312,5161],[-12,0],[0,-32]],[[3300,5129],[-25,0],[0,129]],[[6237,5225],[25,0],[0,-32],[12,0],[0,-64]],[[6274,5129],[-12,0]],[[6262,5129],[0,32],[-13,0],[0,32],[-12,0]],[[6237,5193],[0,32]],[[2275,5193],[37,0]],[[2312,5193],[0,-64]],[[2312,5129],[-25,0]],[[7187,5193],[12,0],[0,-64],[-12,0],[0,64]],[[2337,5161],[25,0]],[[2362,5161],[0,-32]],[[2362,5129],[-25,0]],[[2337,5129],[0,32]],[[2362,5161],[13,0]],[[2375,5161],[0,-32]],[[2375,5129],[-13,0]],[[2425,5161],[12,0],[0,-32],[-12,0],[0,32]],[[2662,5161],[13,0],[0,-32],[-13,0]],[[2662,5129],[0,32]],[[3312,5161],[0,-32],[-12,0]],[[4625,5161],[12,0]],[[4637,5161],[0,-32]],[[4637,5129],[-12,0],[0,32]],[[8024,5129],[-12,0]],[[8012,5129],[0,32],[12,0],[0,-32]],[[6437,5774],[0,-33],[12,0]],[[6487,5741],[12,0],[0,33],[13,0],[0,-33]],[[6649,5516],[-12,0],[0,-33],[-13,0]],[[6624,5483],[0,33]],[[6562,5354],[25,0],[0,-32],[-25,0]],[[6549,5258],[-25,0]],[[6524,5258],[0,32],[-12,0],[0,-65],[-13,0],[0,33],[-75,0],[0,32],[-25,0],[0,-32],[-25,0]],[[6374,5258],[0,-65]],[[6374,5193],[-50,0]],[[6324,5161],[-12,0],[0,-65]],[[6312,5096],[-25,0]],[[6287,5096],[0,33]],[[6287,5129],[-13,0]],[[2575,5548],[25,0],[0,-65],[-13,0],[0,-32],[-12,0],[0,-32]],[[2575,5354],[0,-32],[-13,0],[0,-64]],[[2550,5258],[0,-129]],[[2550,5129],[-13,0],[0,-33],[-25,0],[0,33],[-12,0],[0,32],[-13,0],[0,32],[-12,0],[0,97],[12,0]],[[2487,5290],[0,-32]],[[2500,5258],[0,32]],[[2500,5290],[12,0],[0,129],[25,0],[0,32],[13,0],[0,32],[12,0],[0,33],[13,0],[0,32]],[[7787,5258],[50,0]],[[7837,5258],[0,-65]],[[7837,5193],[-13,0],[0,-32],[-12,0],[0,-65],[-13,0],[0,65],[-12,0],[0,97]],[[4925,5161],[12,0],[0,-65],[-12,0],[0,65]],[[6324,5161],[0,-65],[-12,0]],[[7074,5161],[0,-32],[13,0],[0,-33]],[[7087,5096],[-50,0],[0,65],[12,0]],[[2337,5129],[0,-33],[-37,0],[0,33],[37,0]],[[2662,5129],[25,0],[0,-33]],[[2687,5096],[-25,0]],[[2662,5096],[0,33]],[[4637,5129],[13,0]],[[4650,5129],[0,-33]],[[4650,5096],[-13,0],[0,33]],[[5899,5129],[25,0]],[[5924,5129],[0,-33]],[[5924,5096],[-25,0]],[[5899,5096],[0,33]],[[7237,5129],[12,0],[0,-33],[-12,0]],[[7237,5096],[0,33]],[[7624,5129],[38,0],[0,-33],[-38,0],[0,33]],[[8024,5129],[13,0],[0,-33]],[[8037,5096],[-13,0]],[[8024,5096],[0,33]],[[4612,5483],[0,-32]],[[4612,5451],[13,0]],[[4625,5387],[62,0]],[[4687,5387],[0,-33],[50,0],[0,-32],[100,0],[0,-97]],[[4837,5225],[13,0]],[[4850,5225],[0,-129],[-100,0],[0,33],[-13,0],[0,-33],[-12,0],[0,33],[-25,0],[0,-33],[-13,0],[0,33],[-12,0],[0,-65],[-25,0]],[[4650,5064],[0,65]],[[4637,5161],[-25,0]],[[4612,5161],[0,32]],[[4612,5193],[-75,0]],[[4537,5193],[0,65],[13,0],[0,96],[-13,0],[0,33]],[[4550,5387],[0,64]],[[4550,5451],[12,0]],[[4562,5451],[0,32]],[[6524,5258],[13,0],[0,-33]],[[6524,5193],[-50,0]],[[6474,5193],[0,32],[-25,0],[0,-32],[-12,0],[0,-32],[-38,0]],[[6399,5161],[0,-32]],[[6399,5129],[-12,0],[0,-65],[-13,0]],[[6374,5064],[0,194]],[[5224,6451],[0,-32]],[[5237,6386],[37,0]],[[5299,6290],[0,-33]],[[5524,6193],[25,0],[0,32]],[[5687,6257],[87,0]],[[5774,6225],[38,0]],[[5949,5935],[0,-65]],[[5974,5838],[0,-32],[13,0],[0,-65],[12,0],[0,-64]],[[5999,5677],[-12,0],[0,-32],[-13,0],[0,-33],[-25,0],[0,-32],[-12,0],[0,-32],[-13,0],[0,-65],[-12,0],[0,33],[-13,0],[0,-65]],[[5899,5451],[-12,0],[0,32],[-13,0],[0,65],[13,0],[0,32],[-25,0],[0,-32],[-25,0],[0,-32],[-13,0],[0,-33],[-12,0],[0,97],[-50,0],[0,-32],[12,0],[0,-65],[-25,0],[0,33],[-50,0],[0,-97],[25,0],[0,32],[38,0],[0,-64],[12,0],[0,32],[13,0],[0,32],[12,0],[0,-64],[25,0],[0,-33],[-50,0],[0,-32],[-12,0],[0,-64],[25,0],[0,-33],[-13,0],[0,-32],[88,0],[0,-32],[-13,0],[0,-32],[-50,0],[0,-33],[-50,0],[0,33],[-25,0],[0,-33],[-12,0],[0,33],[-13,0],[0,-33],[-25,0],[0,65],[-12,0],[0,97],[-13,0],[0,64],[13,0],[0,65],[-25,0],[0,-33],[-13,0],[0,-32],[13,0],[0,-32],[-50,0]],[[5587,5290],[0,32]],[[5587,5322],[-13,0],[0,65],[-12,0],[0,64]],[[5562,5451],[-13,0],[0,-97],[-12,0],[0,-32],[-25,0],[0,-32],[-13,0],[0,64],[25,0],[0,33],[-12,0],[0,32],[-38,0],[0,64],[-37,0],[0,-32],[25,0],[0,-97],[-25,0],[0,-32],[12,0],[0,-32]],[[5449,5290],[-25,0],[0,-65],[13,0],[0,-32],[12,0],[0,-32],[25,0],[0,-32],[25,0],[0,-33],[-125,0],[0,-32],[-25,0],[0,32],[-50,0],[0,33],[-50,0],[0,32],[-12,0],[0,64],[25,0],[0,33],[-13,0],[0,32],[13,0],[0,97],[-38,0],[0,32],[-12,0],[0,32],[12,0],[0,32],[-25,0],[0,-32],[-12,0],[0,-32]],[[5174,5354],[0,-32],[-12,0],[0,-32],[-25,0],[0,-32],[-25,0],[0,-33],[-25,0],[0,65],[25,0],[0,64],[-25,0]],[[5087,5354],[0,65],[-13,0],[0,32],[-25,0],[0,32],[-12,0],[0,33],[-50,0],[0,64],[-25,0],[0,-64],[13,0],[0,-33],[-13,0],[0,-32],[-25,0],[0,-32],[-37,0],[0,-65],[12,0],[0,-32],[-12,0],[0,-97]],[[4900,5225],[-63,0]],[[4687,5387],[-25,0]],[[4637,5451],[-25,0]],[[4612,5451],[0,65]],[[4562,5516],[0,-65]],[[4550,5451],[0,32]],[[4525,5516],[0,64]],[[4537,5580],[0,97],[13,0],[0,32]],[[4562,5709],[0,65],[13,0],[0,32],[12,0],[0,97],[25,0],[0,32]],[[4637,5967],[-12,0],[0,32]],[[4625,5999],[12,0],[0,33],[38,0],[0,-33]],[[4700,5967],[0,32]],[[4700,5999],[12,0]],[[4762,6064],[13,0]],[[4775,6096],[25,0]],[[4800,6128],[50,0]],[[4887,6225],[25,0]],[[7987,5225],[12,0],[0,-32],[13,0],[0,-64]],[[8024,5129],[0,-65]],[[8024,5064],[-25,0]],[[7999,5064],[0,65],[-12,0],[0,32],[-13,0],[0,32]],[[6474,5193],[13,0],[0,-32],[-25,0],[0,-65],[-25,0],[0,-32],[-38,0],[0,97]],[[2687,5096],[13,0],[0,-32]],[[2700,5064],[-13,0]],[[2687,5064],[0,32]],[[6299,5096],[13,0]],[[6312,5096],[0,-32],[-13,0]],[[6299,5064],[0,32]],[[7174,5064],[-12,0],[0,32],[12,0],[0,-32]],[[7237,5096],[0,-32]],[[7237,5064],[-13,0]],[[7224,5064],[0,32],[13,0]],[[3300,5129],[0,-33],[12,0],[0,-64]],[[3312,5032],[-25,0],[0,97],[13,0]],[[4350,5225],[25,0],[0,-96],[-13,0],[0,-65],[-12,0],[0,-32],[-50,0],[0,64],[37,0],[0,33],[13,0],[0,96]],[[7062,5096],[0,-64]],[[7062,5032],[-13,0],[0,64],[13,0]],[[7062,5096],[12,0]],[[7074,5096],[0,-64],[-12,0]],[[7099,5096],[13,0],[0,-64],[-13,0],[0,64]],[[2475,5064],[12,0],[0,-32],[-12,0],[0,32]],[[5024,5064],[13,0],[0,-32],[-13,0],[0,32]],[[6274,5096],[25,0]],[[6299,5096],[0,-64]],[[6299,5032],[-37,0],[0,32],[12,0],[0,32]],[[7137,5064],[12,0],[0,-32],[-12,0],[0,32]],[[7174,5064],[13,0]],[[7187,5064],[0,-32]],[[7187,5032],[-13,0],[0,32]],[[7212,5064],[12,0]],[[7224,5064],[0,-32]],[[7224,5032],[-12,0]],[[7212,5032],[0,32]],[[7237,5064],[0,-32]],[[7237,5032],[-13,0]],[[7762,5064],[12,0]],[[7774,5064],[0,-32]],[[7774,5032],[-12,0]],[[7762,5032],[0,32]],[[8037,5096],[0,-64]],[[8037,5032],[-25,0]],[[8012,5032],[0,32]],[[8012,5064],[12,0]],[[8024,5064],[0,32]],[[8399,5032],[0,32],[13,0],[0,-32],[-13,0]],[[8349,5096],[13,0],[0,-32],[12,0],[0,-64],[-25,0],[0,96]],[[2500,5064],[12,0],[0,-32],[13,0],[0,-32],[-25,0],[0,64]],[[2700,5064],[0,-64],[-13,0],[0,64]],[[2450,5032],[0,-32]],[[2450,5000],[-13,0],[0,32],[13,0]],[[5962,5032],[25,0],[0,-32],[-25,0],[0,32]],[[6299,5032],[13,0],[0,-32],[-13,0],[0,32]],[[6362,5064],[0,-64],[-25,0],[0,32]],[[6337,5032],[12,0],[0,32],[13,0]],[[3312,5032],[0,-65]],[[3312,4967],[-12,0],[0,65],[12,0]],[[2450,5000],[12,0],[0,-33]],[[2462,4967],[-12,0],[0,33]],[[5412,4967],[-13,0]],[[5399,4967],[0,33],[13,0],[0,-33]],[[5937,5096],[-13,0]],[[5924,5129],[13,0]],[[5937,5129],[0,32],[37,0],[0,-32],[25,0],[0,64],[13,0],[0,-32],[12,0],[0,-32],[-12,0],[0,-129],[-13,0],[0,-33],[-62,0],[0,33],[12,0],[0,64],[-12,0],[0,32]],[[6174,5000],[13,0]],[[6187,5000],[0,-33]],[[6187,4967],[-13,0],[0,33]],[[6187,5000],[12,0]],[[6199,5000],[0,-33]],[[6199,4967],[-12,0]],[[7799,4967],[0,33],[13,0],[0,-33],[-13,0]],[[2500,5290],[0,32]],[[2487,5322],[0,-32]],[[2550,5129],[0,32],[12,0]],[[2562,5161],[0,-97],[25,0],[0,-32],[25,0],[0,-65],[-12,0]],[[2600,4967],[0,33]],[[2600,5000],[-13,0],[0,-65],[-12,0]],[[2575,4935],[0,32],[-13,0],[0,33],[-25,0],[0,-65]],[[2537,4935],[-25,0],[0,32],[-50,0]],[[2450,5032],[-25,0],[0,32],[-13,0],[0,32],[-12,0],[0,33],[-25,0]],[[2375,5161],[-38,0]],[[2337,5129],[-25,0]],[[2312,5129],[0,32]],[[2325,5225],[37,0]],[[2362,5225],[0,65]],[[2325,5354],[50,0],[0,-32],[25,0],[0,32],[37,0]],[[2450,5322],[0,65],[25,0],[0,64]],[[2487,5516],[0,32],[88,0]],[[6124,5064],[38,0],[0,-64],[12,0]],[[6187,4967],[0,-32]],[[6187,4935],[-25,0]],[[6162,4935],[0,32],[-13,0],[0,33],[-12,0],[0,32],[-13,0],[0,32]],[[2575,4935],[-38,0]],[[3312,4967],[0,-32],[-25,0],[0,32],[25,0]],[[6199,4967],[0,-32]],[[6199,4935],[-12,0]],[[7787,4967],[12,0]],[[7799,4967],[0,-32]],[[7799,4935],[-12,0]],[[7787,4935],[0,32]],[[7937,4967],[12,0]],[[7949,4967],[0,-32]],[[7949,4935],[-12,0],[0,32]],[[6262,5129],[25,0]],[[6287,5096],[-13,0]],[[6299,5032],[0,32]],[[6337,5193],[37,0]],[[6374,5193],[0,-129]],[[6399,5129],[0,-97],[-37,0],[0,32]],[[6337,5032],[0,-65],[-25,0],[0,-32],[-50,0],[0,-32],[-13,0]],[[6249,4903],[0,32],[-12,0]],[[6237,4935],[0,258]],[[7187,5064],[25,0]],[[7212,5032],[25,0]],[[7237,5032],[0,-65]],[[7237,4967],[-13,0]],[[7224,4967],[0,-32]],[[7224,4935],[-25,0],[0,-32]],[[7199,4903],[-12,0],[0,32],[-13,0]],[[7174,4935],[0,32]],[[7174,4967],[-12,0]],[[7162,4967],[0,33]],[[7162,5000],[25,0]],[[7187,5000],[0,64]],[[3337,4967],[13,0],[0,-64],[-13,0],[0,64]],[[7174,4967],[0,-64]],[[7174,4903],[-12,0]],[[7162,4903],[0,64]],[[8462,4967],[0,-32],[12,0]],[[8474,4935],[0,-32],[-25,0],[0,64],[13,0]],[[2575,4935],[0,-32]],[[2575,4903],[-25,0],[0,32],[25,0]],[[6487,4935],[0,-32]],[[6487,4903],[-13,0]],[[6474,4903],[0,32],[13,0]],[[7224,4935],[0,-32]],[[7224,4903],[-25,0]],[[7724,4935],[13,0],[0,-32],[-13,0]],[[7724,4903],[0,32]],[[7799,4935],[0,-32],[-12,0]],[[7787,4903],[0,32]],[[7949,4935],[13,0]],[[7962,4935],[0,-32]],[[7962,4903],[-13,0],[0,32]],[[8374,4935],[13,0],[0,-32],[-13,0],[0,32]],[[6237,5225],[0,-290]],[[6249,4903],[-25,0]],[[6224,4903],[0,-33]],[[6224,4870],[-12,0],[0,33]],[[6212,4903],[-13,0]],[[6199,4903],[0,97]],[[6187,5000],[0,64],[-13,0],[0,97]],[[6187,5193],[37,0]],[[6224,5193],[0,32]],[[4525,5000],[25,0],[0,-130]],[[4550,4870],[-25,0],[0,130]],[[7237,4967],[0,-97],[-13,0],[0,97]],[[5424,4935],[0,-65],[-12,0],[0,65],[12,0]],[[5487,4935],[25,0],[0,-32]],[[5512,4903],[-13,0],[0,-33]],[[5499,4870],[-12,0]],[[5487,4870],[0,65]],[[6487,4935],[25,0],[0,-65]],[[6512,4870],[-13,0]],[[6499,4870],[0,33]],[[6499,4903],[-12,0]],[[3050,4903],[12,0],[0,-33]],[[3062,4870],[-12,0]],[[3050,4870],[0,33]],[[5512,4903],[0,-33]],[[5512,4870],[-13,0]],[[5974,4903],[13,0],[0,-33],[-13,0],[0,33]],[[6224,4903],[13,0],[0,-33],[-13,0]],[[6474,4903],[25,0]],[[6499,4870],[-25,0],[0,33]],[[6512,4870],[0,33],[12,0],[0,-33],[-12,0]],[[7112,4903],[25,0],[0,-33],[-25,0],[0,33]],[[7849,4935],[0,-97],[-12,0],[0,32],[-13,0]],[[7824,4870],[0,130],[13,0],[0,32],[12,0],[0,-65],[-12,0],[0,-32],[12,0]],[[3025,4903],[25,0]],[[3050,4870],[-13,0]],[[3037,4870],[0,-32],[-12,0],[0,65]],[[3300,4838],[-25,0],[0,65],[25,0],[0,-65]],[[7724,4903],[0,-65]],[[7724,4838],[-12,0]],[[7712,4838],[0,65],[12,0]],[[7787,4903],[0,-65],[-13,0]],[[7774,4838],[0,32],[-12,0],[0,33],[25,0]],[[2612,4935],[25,0]],[[2637,4935],[0,-65],[13,0],[0,-32]],[[2650,4838],[-38,0]],[[2612,4838],[0,32],[13,0],[0,33],[-13,0],[0,32]],[[3100,4838],[-13,0],[0,32],[13,0],[0,-32]],[[7074,4870],[13,0]],[[7087,4870],[0,-32],[-13,0],[0,32]],[[7199,4870],[0,-32]],[[7199,4838],[-12,0],[0,32],[12,0]],[[8024,5032],[13,0]],[[8037,5032],[0,-65],[12,0],[0,-64],[-12,0],[0,-97],[-13,0],[0,226]],[[7224,4903],[0,-65]],[[7224,4838],[-12,0],[0,-32],[-13,0]],[[7199,4806],[0,97]],[[7912,4903],[0,-97]],[[7912,4806],[-13,0],[0,32],[-12,0]],[[7887,4838],[0,32],[12,0],[0,33],[13,0]],[[2587,4838],[13,0],[0,-32]],[[2600,4806],[-13,0],[0,32]],[[2625,4838],[12,0]],[[2637,4838],[0,-32]],[[2637,4806],[-12,0]],[[2625,4806],[0,32]],[[2937,4838],[0,-32]],[[2937,4806],[-12,0],[0,32],[12,0]],[[2937,4838],[38,0],[0,-32]],[[2975,4806],[-38,0]],[[3100,4838],[12,0]],[[3112,4838],[0,-32]],[[3112,4806],[-12,0],[0,32]],[[4537,4838],[13,0]],[[4550,4838],[0,-32],[-13,0]],[[4537,4806],[0,32]],[[6349,4838],[13,0]],[[6362,4838],[0,-32],[-13,0],[0,32]],[[6424,4838],[13,0]],[[6437,4838],[0,-32],[-13,0],[0,32]],[[7724,4838],[0,-32],[-12,0],[0,32]],[[8424,4838],[25,0],[0,-32],[-25,0],[0,32]],[[7962,5580],[-25,0]],[[7937,5548],[-13,0]],[[7912,5580],[0,-161]],[[7912,5354],[0,-32]],[[7912,5322],[12,0]],[[7999,5064],[13,0]],[[8012,5032],[12,0]],[[8024,5032],[0,-258],[-12,0]],[[8012,4774],[0,32],[-25,0],[0,32],[-13,0]],[[7974,4838],[0,-32]],[[7974,4806],[-12,0]],[[7962,4806],[0,129]],[[7949,4967],[-25,0]],[[7924,4967],[0,-32],[-12,0],[0,32],[-13,0],[0,65],[-12,0],[0,64],[25,0],[0,-64],[12,0],[0,32],[13,0],[0,97],[-13,0],[0,32],[-12,0],[0,65],[-13,0],[0,32],[-37,0],[0,32],[-25,0]],[[7837,5322],[0,-32]],[[7837,5290],[-50,0]],[[7787,5290],[0,193]],[[7762,5451],[0,-97]],[[7762,5354],[-25,0]],[[7737,5354],[0,-96],[25,0],[0,-33],[12,0],[0,-129],[-12,0]],[[7762,5096],[0,-64]],[[7774,5032],[0,-32]],[[7774,5000],[-25,0],[0,32],[-12,0],[0,32],[-13,0],[0,32],[13,0],[0,65],[-13,0],[0,32],[13,0],[0,32],[-13,0],[0,33],[-12,0],[0,64],[-13,0],[0,32],[-12,0]],[[7687,5354],[0,65]],[[7699,5419],[0,97]],[[7699,5516],[-25,0]],[[7674,5516],[0,32]],[[2600,5000],[0,-65]],[[2600,4935],[12,0]],[[2612,4838],[13,0]],[[2625,4838],[0,-64]],[[2625,4774],[-13,0]],[[2612,4774],[0,32],[-12,0]],[[2587,4838],[0,32],[-25,0],[0,33],[13,0]],[[7887,4838],[0,-64]],[[7887,4774],[-25,0]],[[7862,4774],[0,96],[12,0],[0,-32],[13,0]],[[7912,4870],[25,0]],[[7937,4870],[0,-96]],[[7937,4774],[-25,0]],[[7912,4774],[0,96]],[[3112,4806],[0,-32]],[[3112,4774],[-50,0]],[[3062,4774],[0,64],[13,0],[0,65],[37,0],[0,-65]],[[4712,4838],[25,0],[0,-64],[-25,0],[0,64]],[[2912,4806],[25,0]],[[2937,4806],[0,-32]],[[2937,4774],[-25,0]],[[2912,4774],[0,32]],[[3200,4806],[0,-32]],[[3200,4774],[-25,0]],[[3175,4774],[0,32],[25,0]],[[3200,4806],[12,0]],[[3212,4806],[0,-32]],[[3212,4774],[-12,0]],[[3250,4774],[0,32],[12,0],[0,-32],[-12,0]],[[4550,4838],[12,0]],[[4562,4838],[0,-64]],[[4562,4774],[-25,0],[0,32]],[[5624,4806],[13,0],[0,-32],[-13,0]],[[5624,4774],[0,32]],[[6274,4806],[0,-32]],[[6274,4774],[-12,0],[0,32],[12,0]],[[7162,4806],[12,0],[0,-32],[-12,0],[0,32]],[[7574,5000],[13,0],[0,-194],[-13,0],[0,-65],[-12,0],[0,194],[12,0],[0,65]],[[2937,4806],[25,0]],[[2962,4806],[0,-32]],[[2962,4774],[-12,0],[0,-33]],[[2950,4741],[-13,0]],[[2937,4741],[0,65]],[[3212,4806],[25,0],[0,-32],[13,0]],[[3250,4774],[0,-33]],[[3250,4741],[-38,0]],[[3212,4741],[0,65]],[[4662,4806],[0,-65]],[[4662,4741],[-37,0]],[[4625,4741],[0,33],[-13,0],[0,32],[50,0]],[[7224,4838],[0,-64]],[[7224,4774],[-12,0],[0,-33],[-13,0]],[[7199,4741],[0,65]],[[7962,4838],[0,-32]],[[7974,4806],[0,-65]],[[7974,4741],[-25,0],[0,33]],[[7949,4774],[-12,0]],[[7937,4774],[0,32]],[[7937,4806],[12,0],[0,32],[13,0]],[[2662,4774],[13,0]],[[2675,4774],[0,-33]],[[2675,4741],[-13,0]],[[2662,4741],[0,33]],[[2962,4774],[0,-33],[-12,0]],[[3212,4774],[0,-33]],[[3212,4741],[-12,0],[0,33]],[[4600,4741],[-13,0]],[[4587,4741],[0,33],[13,0],[0,-33]],[[4775,4774],[12,0]],[[4787,4774],[0,-33],[-12,0],[0,33]],[[5624,4774],[0,-33],[-12,0],[0,33],[12,0]],[[7862,4774],[12,0]],[[7874,4774],[0,-33],[-12,0],[0,33]],[[8012,4774],[0,-33],[-13,0]],[[7999,4741],[0,33],[13,0]],[[2912,4774],[13,0]],[[2925,4774],[0,-33],[-13,0]],[[2912,4741],[0,-32]],[[2912,4709],[-12,0]],[[2900,4709],[0,97],[12,0]],[[3037,4870],[25,0]],[[3062,4870],[0,-129]],[[3062,4741],[13,0]],[[3075,4741],[0,-32]],[[3075,4709],[-25,0]],[[3050,4709],[0,32]],[[3050,4741],[-25,0]],[[3025,4741],[0,-32]],[[3025,4709],[-38,0]],[[2987,4709],[0,65],[13,0],[0,32]],[[3000,4806],[-25,0]],[[2975,4806],[0,64],[12,0],[0,33],[38,0]],[[3137,4774],[38,0]],[[3175,4774],[0,-65]],[[3175,4709],[-38,0]],[[3137,4709],[0,65]],[[6424,4709],[0,65],[13,0],[0,-65],[-13,0]],[[2900,4709],[-13,0]],[[2887,4709],[0,32],[13,0],[0,-32]],[[2962,4774],[13,0]],[[2975,4774],[0,-65]],[[2975,4709],[-25,0],[0,32]],[[3025,4741],[12,0]],[[3037,4741],[0,-32],[-12,0]],[[3187,4741],[0,-32]],[[3187,4709],[-12,0]],[[3175,4709],[0,32],[12,0]],[[3300,4838],[25,0],[0,-64],[-13,0],[0,-65]],[[3312,4709],[-37,0],[0,32],[12,0]],[[3287,4741],[0,65],[13,0],[0,32]],[[4600,4741],[0,-32]],[[4600,4709],[-13,0],[0,32]],[[4600,4741],[12,0],[0,-32]],[[4612,4709],[-12,0]],[[4650,4741],[12,0]],[[4662,4741],[0,-32]],[[4662,4709],[-12,0],[0,32]],[[5462,4741],[25,0]],[[5487,4741],[0,-32]],[[5487,4709],[-25,0],[0,32]],[[7624,5935],[50,0]],[[7637,5516],[62,0]],[[7699,5516],[0,-33]],[[7687,5483],[0,-129]],[[7774,5000],[0,64]],[[7762,5064],[0,32]],[[7737,5354],[12,0]],[[7787,5322],[0,-32]],[[7787,5290],[12,0]],[[7799,5258],[-12,0]],[[7837,5193],[0,129]],[[7924,4967],[13,0]],[[7962,4903],[0,-65]],[[7937,4806],[0,64]],[[7912,4870],[0,33]],[[7862,4774],[-13,0],[0,161]],[[7824,4870],[-25,0],[0,97]],[[7787,4967],[0,-64]],[[7774,4838],[-12,0],[0,-32],[-13,0],[0,-65],[-12,0],[0,-32]],[[7737,4709],[-25,0]],[[7712,4709],[0,32],[12,0],[0,162]],[[7724,4935],[0,32],[-12,0],[0,162],[-13,0],[0,64],[-12,0],[0,-32],[-13,0]],[[7674,5161],[0,-32],[-62,0],[0,225]],[[7587,5354],[0,65],[-13,0],[0,32],[-12,0]],[[7549,5483],[0,33]],[[7549,5516],[13,0],[0,96],[-13,0],[0,33],[-12,0],[0,96],[50,0],[0,65],[12,0],[0,32],[13,0],[0,65],[12,0],[0,32]],[[2637,4806],[0,-32]],[[2637,4774],[25,0]],[[2662,4774],[0,-65]],[[2662,4709],[-12,0]],[[2650,4709],[0,32]],[[2650,4741],[-13,0],[0,-32],[-12,0],[0,-32]],[[2625,4677],[-13,0],[0,97]],[[2625,4774],[0,32]],[[3112,4774],[0,-65],[-25,0],[0,-32]],[[3087,4677],[-12,0]],[[3075,4677],[0,64]],[[3062,4741],[0,33]],[[4750,4741],[12,0],[0,-64],[-12,0]],[[4750,4677],[0,64]],[[5724,4741],[0,-64]],[[5724,4677],[-12,0]],[[5712,4677],[0,32],[-13,0]],[[5699,4709],[0,32],[25,0]],[[7199,4774],[0,-33]],[[7224,4774],[0,-65]],[[7224,4709],[-25,0],[0,-32]],[[7199,4677],[-25,0],[0,32],[-12,0],[0,32],[25,0],[0,33],[12,0]],[[2650,4741],[0,-64]],[[2650,4677],[-25,0]],[[2675,4741],[0,-32]],[[2675,4709],[12,0],[0,-32],[-37,0]],[[2650,4677],[0,32]],[[2662,4709],[0,32]],[[2800,4709],[25,0],[0,-32]],[[2825,4677],[-25,0],[0,32]],[[2900,4709],[0,-32]],[[2900,4677],[-13,0],[0,32]],[[2912,4709],[0,-32]],[[2912,4677],[-12,0]],[[3000,4709],[12,0]],[[3012,4709],[0,-32]],[[3012,4677],[-12,0]],[[3000,4677],[0,32]],[[3012,4709],[13,0]],[[3025,4709],[0,-32]],[[3025,4677],[-13,0]],[[3262,4709],[0,-32]],[[3262,4677],[-12,0]],[[3250,4677],[0,32],[12,0]],[[4612,4709],[25,0],[0,-32]],[[4637,4677],[-25,0]],[[4612,4677],[0,32]],[[5637,4741],[12,0],[0,-64],[-50,0],[0,32],[38,0],[0,32]],[[5699,4709],[0,-32],[-12,0],[0,32],[12,0]],[[5724,4709],[13,0],[0,-32]],[[5737,4677],[-13,0]],[[5724,4677],[0,32]],[[7224,4709],[0,-32],[-12,0]],[[7212,4677],[0,32],[12,0]],[[7237,4709],[12,0],[0,-32]],[[7249,4677],[-12,0],[0,32]],[[7712,4709],[12,0]],[[7724,4709],[0,-32],[-12,0],[0,32]],[[7787,4677],[-13,0]],[[7774,4677],[0,32],[13,0],[0,-32]],[[8299,4709],[13,0],[0,-32],[-13,0],[0,32]],[[8462,4677],[0,32],[12,0],[0,-32],[-12,0]],[[5624,4806],[-12,0],[0,32],[-50,0],[0,32],[-13,0],[0,33],[-12,0],[0,-33],[-13,0],[0,33],[-12,0]],[[5487,4935],[0,-97]],[[5487,4838],[-25,0],[0,-32],[25,0],[0,-32],[25,0],[0,32],[12,0],[0,-32],[13,0],[0,-33],[12,0],[0,-96]],[[5549,4645],[-25,0]],[[5524,4645],[0,32]],[[5524,4677],[-37,0]],[[5487,4677],[0,64]],[[5487,4741],[-13,0]],[[5474,4741],[0,33],[-25,0],[0,64],[-12,0],[0,65],[12,0],[0,32],[-25,0]],[[5424,4935],[0,32]],[[5424,4967],[-12,0]],[[5399,4967],[-12,0]],[[5387,4967],[0,65],[37,0],[0,-32],[50,0],[0,32],[25,0],[0,32],[75,0],[0,-32],[25,0],[0,32],[25,0],[0,-32],[-12,0],[0,-129],[12,0],[0,-97]],[[3037,4741],[13,0]],[[3050,4741],[0,-64]],[[3050,4677],[-13,0]],[[3037,4677],[0,-32]],[[3037,4645],[-12,0]],[[3025,4645],[0,64]],[[6412,4709],[12,0]],[[6424,4709],[0,-64],[-12,0],[0,64]],[[2762,4677],[13,0],[0,-32]],[[2775,4645],[-13,0],[0,32]],[[3162,4677],[13,0],[0,-32],[-13,0],[0,32]],[[4712,4645],[-12,0],[0,32],[12,0],[0,-32]],[[5499,4677],[25,0]],[[5524,4645],[-25,0]],[[5499,4645],[0,32]],[[5737,4677],[25,0],[0,-32],[-25,0],[0,32]],[[7199,4677],[13,0]],[[7212,4677],[0,-32],[-13,0]],[[7199,4645],[0,32]],[[7562,4677],[25,0],[0,-32],[-25,0],[0,32]],[[8462,4677],[0,-32],[-13,0]],[[8449,4645],[0,32],[13,0]],[[3075,4709],[0,-32]],[[3075,4677],[-13,0]],[[3062,4677],[0,-32],[-12,0],[0,-33],[-13,0]],[[3037,4612],[0,65]],[[3050,4677],[0,32]],[[3012,4645],[25,0]],[[3037,4645],[0,-33]],[[3037,4612],[-25,0],[0,33]],[[3262,4645],[0,-33]],[[3262,4612],[-12,0],[0,33],[12,0]],[[3262,4645],[13,0],[0,-33],[-13,0]],[[4762,4645],[13,0]],[[4775,4645],[0,-33]],[[4775,4612],[-13,0]],[[4762,4612],[0,33]],[[4775,4645],[12,0]],[[4787,4645],[0,-33],[-12,0]],[[7112,4645],[12,0],[0,-33]],[[7124,4612],[-12,0],[0,33]],[[7899,4645],[13,0],[0,-33],[-13,0]],[[7899,4612],[0,33]],[[8449,4645],[0,-33],[-12,0]],[[8437,4612],[0,33],[12,0]],[[2562,5161],[100,0]],[[2662,5161],[0,-65]],[[2687,5096],[0,-355],[13,0],[0,-32],[25,0],[0,-32],[12,0],[0,-32],[13,0],[0,-33]],[[2750,4612],[-38,0],[0,33],[-12,0],[0,-65]],[[2700,4580],[-25,0]],[[2675,4580],[0,65]],[[2675,4645],[-25,0],[0,32]],[[2675,4709],[0,65]],[[2675,4774],[-38,0]],[[2637,4774],[0,64]],[[2637,4838],[13,0]],[[2637,4935],[-37,0]],[[2600,4935],[0,32]],[[2675,4580],[-13,0],[0,65],[13,0]],[[4750,4677],[0,-97]],[[4750,4580],[-13,0]],[[4737,4580],[0,32],[-25,0]],[[4712,4612],[0,33]],[[4712,4645],[13,0],[0,32],[25,0]],[[5000,4645],[12,0]],[[5012,4645],[0,-65]],[[5012,4580],[-12,0]],[[5000,4580],[0,65]],[[3062,4612],[13,0],[0,-32],[-13,0],[0,32]],[[5000,4612],[0,-32]],[[5000,4580],[-13,0]],[[4987,4580],[0,32],[13,0]],[[5537,4612],[12,0],[0,-32],[-12,0],[0,32]],[[7124,4612],[13,0]],[[7137,4612],[0,-32],[-13,0],[0,32]],[[7274,4580],[-12,0]],[[7262,4580],[0,32],[12,0],[0,-32]],[[7912,4806],[0,-32]],[[7912,4774],[37,0]],[[7974,4741],[0,97]],[[7999,4741],[-12,0],[0,-32],[-13,0],[0,-32],[-12,0],[0,-32],[-25,0],[0,-33],[-13,0],[0,-32],[-25,0],[0,32]],[[7899,4645],[0,64],[-25,0],[0,65]],[[7874,4774],[13,0]],[[7212,6128],[12,0]],[[7237,6032],[12,0]],[[7262,5967],[0,32]],[[7312,5999],[0,33]],[[7399,5967],[63,0]],[[7649,5935],[-25,0]],[[7549,5516],[0,64]],[[7549,5580],[-25,0],[0,-32],[-25,0]],[[7474,5516],[-37,0]],[[7399,5451],[13,0],[0,-32],[-25,0]],[[7387,5387],[-13,0],[0,-33],[-25,0]],[[7349,5354],[0,-64],[-25,0],[0,-32],[-12,0],[0,-33],[-13,0],[0,33]],[[7287,5258],[0,193]],[[7299,5483],[-12,0]],[[7287,5548],[37,0]],[[7324,5548],[0,64]],[[7337,5612],[0,65]],[[7349,5709],[-75,0]],[[7274,5677],[13,0]],[[7287,5645],[-38,0]],[[7249,5645],[0,-65]],[[7199,5548],[13,0]],[[7212,5548],[0,-65]],[[7199,5483],[0,-64]],[[7274,5161],[-12,0],[0,-32],[-25,0]],[[7224,5064],[-50,0]],[[7187,5032],[0,-32]],[[7162,5000],[0,-97]],[[7174,4903],[0,32]],[[7199,4903],[0,-33]],[[7199,4838],[0,-64]],[[7199,4645],[-25,0],[0,-65],[-12,0],[0,-32],[-25,0],[0,64]],[[7112,4645],[0,96],[-13,0],[0,65],[-12,0],[0,64]],[[7074,4870],[0,65],[-12,0],[0,97]],[[7074,5096],[13,0]],[[7162,5225],[-50,0]],[[7112,5225],[0,97]],[[7099,5322],[0,32]],[[7049,5451],[0,-64]],[[7062,5354],[-13,0]],[[7049,5354],[0,-64]],[[7049,5290],[-37,0],[0,64]],[[7024,5354],[0,97]],[[7037,5483],[-13,0]],[[7112,5580],[0,65]],[[7112,5645],[25,0]],[[7149,5677],[0,97]],[[7137,5870],[25,0]],[[7162,5903],[-50,0]],[[7112,5903],[0,32]],[[7124,5967],[13,0]],[[7162,5999],[0,129]],[[7174,6161],[-37,0]],[[7137,6161],[0,64]],[[7349,5838],[-12,0]],[[7324,5870],[0,-64]],[[7412,5806],[25,0]],[[7437,5806],[0,-65]],[[7449,5903],[-75,0]],[[7162,5903],[37,0]],[[7199,5935],[-37,0]],[[7499,5677],[25,0]],[[7524,5709],[-25,0]],[[7449,5677],[0,-32]],[[7437,5612],[25,0]],[[5012,4677],[25,0]],[[5037,4677],[0,-32],[12,0],[0,-33],[-12,0]],[[5037,4612],[0,-32]],[[5037,4580],[-13,0],[0,-32]],[[5024,4548],[-12,0]],[[5012,4548],[0,129]],[[4662,4645],[0,-33],[-12,0],[0,-64],[-13,0]],[[4637,4548],[0,32],[-12,0],[0,65],[37,0]],[[2725,4580],[0,-32]],[[2725,4548],[-13,0],[0,32],[13,0]],[[4987,4580],[25,0]],[[5012,4580],[0,-32]],[[5012,4548],[-25,0]],[[4987,4548],[0,32]],[[5037,4580],[0,-32]],[[5037,4548],[-13,0]],[[7237,4548],[-13,0],[0,32],[13,0],[0,-32]],[[7724,4580],[13,0]],[[7737,4580],[0,-32],[-13,0],[0,32]],[[7774,4838],[0,-64],[-12,0],[0,-97],[12,0]],[[7774,4677],[0,-32],[-12,0],[0,-97],[-13,0],[0,-32]],[[7749,4516],[-12,0],[0,64]],[[7724,4580],[0,129]],[[7724,4709],[13,0]],[[2825,4677],[0,-65],[-13,0]],[[2812,4612],[0,-32],[-12,0],[0,32],[-13,0],[0,-96],[-37,0]],[[2750,4516],[0,64],[-13,0],[0,-32],[-12,0]],[[2725,4580],[-25,0]],[[2750,4612],[0,65],[12,0]],[[2775,4645],[0,64],[25,0]],[[5074,4612],[0,-96]],[[5074,4516],[-12,0]],[[5062,4516],[0,96],[12,0]],[[8249,4580],[13,0],[0,-64]],[[8262,4516],[-13,0]],[[8249,4516],[0,32],[-12,0]],[[8237,4548],[0,64],[12,0],[0,-32]],[[2750,4516],[-25,0],[0,32]],[[3137,4548],[13,0],[0,-32],[-13,0],[0,32]],[[3200,4516],[-13,0]],[[3187,4516],[0,32],[13,0],[0,-32]],[[3225,4516],[-13,0]],[[3212,4516],[0,32],[13,0],[0,-32]],[[4750,4548],[12,0]],[[4762,4548],[0,-32]],[[4762,4516],[-12,0]],[[4750,4516],[0,32]],[[4762,4548],[13,0]],[[4775,4548],[0,-32]],[[4775,4516],[-13,0]],[[5362,4580],[12,0],[0,-32],[13,0],[0,-32],[-50,0],[0,32],[25,0],[0,32]],[[5699,4548],[13,0],[0,-32],[-13,0],[0,32]],[[7287,4516],[-13,0]],[[7274,4516],[0,32],[13,0],[0,-32]],[[7799,4548],[0,-32],[-12,0]],[[7787,4516],[0,32],[12,0]],[[8249,4516],[-12,0]],[[8237,4516],[0,32]],[[4875,4580],[50,0]],[[4925,4580],[0,-32],[12,0],[0,-65],[-12,0],[0,33],[-38,0]],[[4887,4516],[0,32]],[[4887,4548],[-12,0],[0,32]],[[5837,4483],[-13,0],[0,33],[-12,0],[0,64],[12,0],[0,-32],[13,0],[0,-65]],[[7599,4483],[0,33],[-12,0]],[[7587,4516],[0,64],[12,0],[0,-32],[13,0],[0,-65],[-13,0]],[[4862,4548],[0,-32]],[[4862,4516],[-12,0],[0,-33],[-13,0],[0,33],[-12,0],[0,32]],[[4825,4548],[12,0]],[[4837,4548],[0,32],[13,0],[0,-32],[12,0]],[[2750,4516],[12,0],[0,-33],[-12,0],[0,33]],[[2962,4516],[13,0],[0,-33],[-13,0],[0,33]],[[3225,4516],[12,0],[0,-33]],[[3237,4483],[-12,0],[0,33]],[[3387,4516],[13,0],[0,-33],[-13,0]],[[3387,4483],[0,33]],[[5099,4483],[-12,0],[0,33],[12,0],[0,-33]],[[5299,4483],[0,33],[25,0],[0,-33],[-25,0]],[[5624,4516],[13,0],[0,-33],[-13,0],[0,33]],[[7599,4483],[-12,0],[0,33]],[[7749,4516],[13,0],[0,-33]],[[7762,4483],[-13,0],[0,33]],[[8262,4516],[12,0],[0,-33]],[[8274,4483],[-12,0],[0,33]],[[2962,4806],[38,0]],[[2987,4709],[13,0]],[[3000,4677],[25,0]],[[3025,4677],[0,-32]],[[3025,4645],[-13,0]],[[3037,4612],[0,-32],[-12,0],[0,-32],[12,0],[0,-32],[-12,0],[0,-65],[-25,0]],[[3000,4451],[0,161]],[[3000,4612],[-13,0],[0,33],[-25,0],[0,32],[13,0]],[[2975,4677],[0,97]],[[4750,4612],[25,0]],[[4775,4612],[0,-32],[12,0],[0,-32]],[[4787,4548],[-37,0]],[[4750,4516],[50,0]],[[4800,4516],[0,-33]],[[4800,4483],[-13,0],[0,-32],[-25,0],[0,32],[-25,0],[0,65],[-12,0],[0,32]],[[4725,4580],[25,0]],[[4750,4580],[0,32]],[[4750,4774],[25,0]],[[4787,4774],[25,0]],[[4812,4774],[0,-33],[38,0],[0,-64],[-13,0],[0,-65],[13,0],[0,33],[12,0],[0,32],[25,0],[0,-32],[13,0],[0,32],[12,0],[0,-32],[25,0],[0,32],[25,0],[0,-32],[-12,0]],[[4950,4645],[0,-65]],[[4950,4580],[-75,0]],[[4887,4548],[0,-65]],[[4887,4483],[-12,0],[0,-32],[-13,0]],[[4862,4451],[0,97]],[[4837,4548],[-37,0]],[[4800,4548],[0,-32]],[[4800,4516],[-25,0]],[[4775,4548],[12,0]],[[4787,4645],[-25,0]],[[4762,4612],[-12,0]],[[4750,4612],[0,65]],[[4750,4741],[0,33]],[[3162,4516],[13,0]],[[3175,4516],[0,-65],[-13,0]],[[3162,4451],[0,65]],[[4700,4516],[0,-65]],[[4700,4451],[-25,0],[0,32],[-13,0],[0,33],[13,0]],[[4675,4516],[0,32],[12,0],[0,-32],[13,0]],[[2875,4483],[0,-32]],[[2875,4451],[-13,0],[0,32],[13,0]],[[2987,4483],[13,0]],[[3000,4483],[0,-32]],[[3000,4451],[-13,0]],[[2987,4451],[0,32]],[[3137,4483],[13,0]],[[3150,4483],[0,-32],[-13,0]],[[3137,4451],[0,32]],[[3387,4483],[0,-32],[-12,0],[0,32],[12,0]],[[4700,4483],[12,0]],[[4712,4483],[0,-32],[-12,0]],[[4700,4451],[0,32]],[[5099,4483],[13,0]],[[5112,4483],[0,-32],[-13,0]],[[5099,4451],[0,32]],[[5412,4483],[12,0],[0,-32],[-12,0],[0,32]],[[5837,4483],[12,0],[0,-32],[-12,0],[0,32]],[[5987,4612],[25,0],[0,-32],[12,0],[0,-161],[-12,0],[0,64],[-13,0],[0,-32],[-12,0],[0,32],[-13,0],[0,33],[-12,0],[0,64],[25,0],[0,32]],[[7787,4677],[0,-97],[12,0],[0,-32]],[[7787,4516],[37,0],[0,-33],[13,0],[0,-64]],[[7837,4419],[-25,0],[0,32],[-25,0],[0,32],[-25,0]],[[7237,4548],[12,0],[0,-65],[-12,0],[0,-64]],[[7237,4419],[-25,0],[0,97]],[[7212,4516],[25,0],[0,32]],[[5074,4483],[0,-32]],[[5074,4451],[-12,0],[0,-32],[-13,0]],[[5049,4419],[0,64],[25,0]],[[5299,4483],[0,-32],[-12,0],[0,-32],[-13,0]],[[5274,4419],[0,32],[-12,0]],[[5262,4451],[0,32],[37,0]],[[6062,4483],[37,0],[0,-64],[-37,0],[0,64]],[[7224,4709],[13,0]],[[7249,4677],[0,-32],[13,0],[0,-65]],[[7274,4580],[0,-64]],[[7287,4516],[0,-33],[-13,0],[0,-64],[-37,0]],[[7212,4516],[0,161]],[[2837,4451],[13,0],[0,-32],[-13,0]],[[2837,4419],[0,32]],[[2962,4451],[13,0]],[[2975,4451],[0,-32]],[[2975,4419],[-13,0]],[[2962,4419],[0,32]],[[3237,4483],[13,0]],[[3250,4483],[0,-32]],[[3250,4451],[12,0],[0,-32],[-37,0],[0,32],[12,0],[0,32]],[[4700,4451],[0,-32]],[[4700,4419],[-13,0],[0,32],[13,0]],[[5274,4419],[-12,0],[0,32]],[[5862,4451],[12,0],[0,-32],[-12,0],[0,32]],[[7637,4419],[0,32],[25,0],[0,-32],[-25,0]],[[8374,5419],[25,0],[0,-65]],[[8399,5322],[0,-64],[13,0],[0,-65]],[[8399,5193],[0,-64],[-12,0],[0,-33],[12,0],[0,-64]],[[8399,5032],[63,0],[0,-65]],[[8474,4935],[13,0],[0,-97],[12,0],[0,-97],[13,0],[0,-129],[12,0],[0,-129],[-12,0],[0,-32],[-13,0],[0,-64],[-37,0],[0,32],[-25,0],[0,97],[-25,0],[0,-65],[-38,0]],[[8374,4451],[0,97],[13,0],[0,32],[12,0],[0,32],[13,0],[0,33],[-13,0],[0,32],[-12,0],[0,64],[-13,0],[0,65],[13,0],[0,32],[-13,0],[0,32],[-25,0],[0,-32],[-12,0],[0,-32],[-13,0],[0,-32],[13,0],[0,-33],[-13,0],[0,-32],[-25,0]],[[8299,4709],[0,-64],[-12,0],[0,-33],[-13,0],[0,-32],[-25,0]],[[8249,4580],[0,65],[13,0],[0,32],[12,0],[0,32],[13,0],[0,32],[12,0],[0,65],[13,0],[0,32],[12,0],[0,65],[25,0],[0,32],[-12,0],[0,32],[-13,0],[0,33],[13,0],[0,32],[-13,0],[0,161],[13,0],[0,97]],[[8362,5290],[0,97]],[[8399,4935],[0,-32],[13,0],[0,32],[-13,0]],[[8462,4677],[-25,0],[0,-65]],[[5037,4516],[37,0]],[[5074,4516],[0,-33]],[[5049,4419],[-12,0],[0,-32],[-37,0]],[[5000,4387],[0,96],[12,0],[0,-32],[25,0],[0,65]],[[3000,4451],[0,-64],[-13,0]],[[2987,4387],[0,64]],[[3287,4451],[25,0]],[[3312,4451],[0,-64]],[[3312,4387],[-12,0],[0,32],[-13,0]],[[3287,4419],[0,32]],[[4712,4483],[13,0]],[[4725,4483],[0,-32],[12,0],[0,-32],[-12,0]],[[4725,4419],[0,-32],[-13,0],[0,32],[-12,0]],[[2975,4419],[0,-32]],[[2975,4387],[-13,0]],[[2962,4387],[0,32]],[[3062,4419],[25,0],[0,-32],[-25,0],[0,32]],[[3150,4419],[25,0],[0,-32],[-25,0],[0,32]],[[4825,4387],[0,32],[12,0],[0,-32],[-12,0]],[[5887,4419],[12,0]],[[5899,4419],[0,-32],[-12,0]],[[5887,4387],[0,32]],[[7637,4419],[37,0],[0,-32],[-37,0]],[[7637,4387],[0,32]],[[7787,4419],[0,-32]],[[7787,4387],[-13,0]],[[7774,4387],[0,32],[13,0]],[[2925,4419],[12,0],[0,-32],[13,0],[0,-33],[-25,0],[0,65]],[[5349,4419],[25,0],[0,-65],[-25,0],[0,65]],[[3287,4387],[0,-33]],[[3287,4354],[-12,0],[0,33],[12,0]],[[3437,4354],[-25,0],[0,33],[25,0],[0,-33]],[[5000,4387],[0,-33],[-13,0]],[[4987,4354],[0,33],[13,0]],[[5187,4419],[25,0],[0,-32]],[[5212,4387],[-13,0],[0,-33]],[[5199,4354],[-25,0],[0,33]],[[5174,4387],[13,0]],[[5187,4387],[0,32]],[[5212,4387],[0,-33],[-13,0]],[[5274,4387],[0,-33],[-12,0],[0,33],[12,0]],[[7687,4387],[37,0],[0,-33]],[[7724,4354],[-37,0],[0,33]],[[7787,4387],[0,-33],[-13,0],[0,33]],[[8199,4419],[0,-65]],[[8199,4354],[-25,0],[0,33],[13,0],[0,32],[12,0]],[[2875,4548],[12,0],[0,-32],[13,0],[0,-33],[-13,0]],[[2887,4483],[0,-161]],[[2887,4322],[-12,0]],[[2875,4322],[0,226]],[[2837,4387],[13,0],[0,-65],[-13,0]],[[2837,4322],[0,65]],[[3375,4419],[12,0],[0,-32],[13,0],[0,-33],[-13,0],[0,-32],[-25,0],[0,65],[13,0],[0,32]],[[5187,4451],[0,-64]],[[5187,4387],[-25,0]],[[5162,4387],[0,-33]],[[5162,4354],[-25,0],[0,65],[-25,0],[0,64]],[[5099,4451],[-25,0]],[[5074,4451],[0,161]],[[5062,4516],[-25,0]],[[4987,4354],[-25,0],[0,-32],[-37,0],[0,32],[-88,0],[0,-32],[-12,0]],[[4825,4322],[0,65]],[[4825,4387],[-13,0],[0,32],[-12,0]],[[4800,4419],[0,129]],[[4800,4548],[25,0]],[[4862,4516],[0,-65]],[[4887,4483],[0,33]],[[4925,4580],[25,0]],[[4950,4580],[0,32]],[[4950,4612],[12,0],[0,-32],[25,0]],[[4987,4548],[50,0]],[[5037,4548],[0,64]],[[5037,4677],[12,0]],[[5049,4677],[0,32],[-12,0],[0,65],[25,0],[0,-33],[25,0],[0,-32],[12,0],[0,-32],[50,0],[0,-65],[13,0],[0,-129],[12,0],[0,-32],[13,0]],[[2887,4354],[13,0],[0,-32]],[[2900,4322],[-13,0]],[[2887,4322],[0,32]],[[3175,4354],[12,0],[0,-32],[-12,0],[0,32]],[[3287,4354],[13,0]],[[3300,4354],[0,-32]],[[3300,4322],[-13,0],[0,32]],[[3437,4354],[13,0],[0,-32],[-13,0]],[[3437,4322],[0,32]],[[3562,4354],[13,0],[0,-32]],[[3575,4322],[-13,0],[0,32]],[[5212,4387],[12,0]],[[5224,4387],[0,-65]],[[5224,4322],[-25,0]],[[5199,4322],[0,32]],[[5287,4354],[12,0]],[[5299,4354],[0,-32]],[[5299,4322],[-12,0]],[[5287,4322],[0,32]],[[7637,4354],[12,0]],[[7649,4354],[0,-32],[-12,0],[0,32]],[[7799,4354],[13,0],[0,-32],[-13,0],[0,32]],[[8299,4354],[13,0],[0,-32],[-13,0],[0,32]],[[8524,4354],[13,0],[0,-32]],[[8537,4322],[-13,0],[0,32]],[[4612,4677],[75,0]],[[4687,4677],[0,-65],[13,0],[0,-32],[12,0]],[[4712,4580],[0,32]],[[4737,4580],[-12,0]],[[4800,4483],[0,-64]],[[4825,4322],[-13,0],[0,-32],[-25,0]],[[4787,4290],[0,64],[-12,0]],[[4775,4354],[0,-32],[-38,0],[0,32],[-12,0],[0,65]],[[4725,4483],[-25,0]],[[4700,4483],[0,33]],[[4675,4516],[-38,0],[0,32]],[[4662,4645],[-50,0],[0,32]],[[4787,4290],[-12,0],[0,64]],[[5162,4387],[12,0]],[[5199,4322],[-25,0],[0,-32]],[[5174,4290],[-25,0],[0,64],[13,0]],[[5899,4419],[38,0]],[[5937,4419],[0,-32],[12,0],[0,32],[25,0],[0,-32],[13,0],[0,-33],[-38,0],[0,-32],[-12,0],[0,32],[-13,0],[0,-32],[-37,0],[0,-32],[-13,0],[0,64],[13,0]],[[5887,4354],[0,33]],[[2825,4677],[25,0],[0,-32],[12,0]],[[2862,4645],[0,-129],[13,0]],[[2875,4516],[0,-33]],[[2875,4451],[0,-129]],[[2875,4322],[-13,0]],[[2862,4322],[0,-32]],[[2862,4290],[-25,0]],[[2837,4290],[0,32]],[[2837,4387],[0,32]],[[2837,4451],[0,32],[-12,0],[0,65],[-13,0],[0,64]],[[2937,4322],[13,0]],[[2950,4322],[0,-32]],[[2950,4290],[-13,0]],[[2937,4290],[0,32]],[[3050,4322],[12,0]],[[3062,4322],[0,-32]],[[3062,4290],[-12,0]],[[3050,4290],[0,32]],[[5199,4322],[0,-32]],[[5199,4290],[-25,0]],[[5224,4322],[0,-32]],[[5224,4290],[-25,0]],[[5224,4322],[13,0]],[[5237,4322],[0,-32]],[[5237,4290],[-13,0]],[[5237,4322],[12,0]],[[5249,4322],[0,-32],[-12,0]],[[7662,4290],[0,32],[12,0],[0,-32],[-12,0]],[[7999,4322],[0,-32],[-12,0]],[[7987,4290],[0,32],[12,0]],[[3525,4419],[12,0],[0,-32],[13,0],[0,-33],[12,0]],[[3575,4322],[0,-32]],[[3575,4290],[-13,0],[0,-32],[-12,0]],[[3550,4258],[0,32],[-13,0],[0,64],[-12,0],[0,65]],[[8537,4322],[0,-64],[-25,0],[0,96],[12,0]],[[2875,4322],[25,0]],[[2900,4322],[0,-64]],[[2900,4258],[-25,0]],[[2875,4258],[0,64]],[[2900,4322],[12,0],[0,-64],[-12,0]],[[3437,4322],[0,-64],[-37,0],[0,64],[37,0]],[[3575,4322],[12,0],[0,-64]],[[3587,4258],[-12,0]],[[3575,4258],[0,64]],[[8149,4258],[-12,0],[0,32],[12,0],[0,-32]],[[3225,4290],[12,0]],[[3237,4290],[0,-65]],[[3237,4225],[-12,0]],[[3225,4225],[0,65]],[[5274,4419],[0,-32]],[[5274,4387],[13,0]],[[5287,4387],[0,-65]],[[5299,4322],[0,-64]],[[5299,4258],[-25,0],[0,-33],[-12,0]],[[5262,4225],[0,33],[-25,0],[0,32]],[[5249,4322],[-25,0]],[[5224,4322],[0,97]],[[5224,4419],[13,0],[0,32],[25,0]],[[7999,4322],[13,0],[0,-97]],[[8012,4225],[-13,0]],[[7999,4225],[0,33],[-12,0]],[[7987,4258],[0,32]],[[8274,4290],[13,0],[0,-65],[-13,0],[0,65]],[[8474,4290],[25,0],[0,-65],[-25,0],[0,65]],[[2875,4258],[12,0]],[[2887,4258],[0,-33],[-12,0]],[[2875,4225],[0,33]],[[3112,4774],[25,0]],[[3137,4709],[50,0]],[[3187,4741],[38,0]],[[3225,4741],[0,-32],[12,0],[0,-32]],[[3237,4677],[25,0]],[[3262,4677],[0,-32]],[[3262,4612],[0,-32],[13,0],[0,-64]],[[3275,4516],[-25,0]],[[3250,4516],[0,-33]],[[3212,4516],[-12,0]],[[3187,4516],[-25,0]],[[3162,4516],[0,-33]],[[3162,4483],[-25,0]],[[3137,4483],[0,-64]],[[3137,4419],[-12,0],[0,-32]],[[3125,4387],[-13,0]],[[3112,4387],[0,-33],[-12,0],[0,-32]],[[3100,4322],[-50,0]],[[3050,4290],[-13,0]],[[3037,4290],[0,-32],[-25,0]],[[3012,4258],[0,-33]],[[3012,4225],[-50,0],[0,33],[13,0],[0,64],[12,0],[0,65]],[[3062,4677],[25,0]],[[3187,4258],[13,0],[0,-33],[-13,0],[0,33]],[[5224,4258],[25,0],[0,-33],[-25,0],[0,33]],[[5799,4225],[-12,0]],[[5787,4225],[0,33],[12,0],[0,-33]],[[7999,4225],[-12,0],[0,33]],[[7637,4387],[50,0]],[[7724,4354],[0,-64],[-12,0],[0,-97]],[[7712,4193],[-13,0],[0,32],[-12,0],[0,33],[-25,0],[0,32]],[[7662,4290],[-13,0],[0,64]],[[7637,4354],[0,33]],[[2925,4774],[12,0]],[[2937,4774],[0,-33]],[[2975,4709],[0,-32]],[[3000,4612],[0,-129]],[[2987,4483],[0,-96]],[[2987,4387],[-12,0]],[[2975,4387],[0,-33],[-13,0],[0,-32]],[[2962,4322],[-25,0]],[[2937,4290],[-12,0]],[[2925,4290],[0,-65],[-13,0],[0,-32]],[[2912,4193],[-12,0]],[[2900,4193],[0,65]],[[2887,4354],[0,129]],[[2875,4548],[0,-32]],[[2862,4645],[13,0],[0,32],[37,0]],[[2912,4677],[0,64]],[[2962,4451],[0,-64]],[[2975,4387],[0,64]],[[3575,4290],[0,-32]],[[3587,4258],[0,-33],[-25,0]],[[3562,4225],[0,-32],[-12,0]],[[3550,4193],[0,65]],[[5499,4258],[13,0]],[[5512,4258],[0,-65]],[[5512,4193],[-13,0],[0,65]],[[7949,4193],[0,32]],[[7949,4225],[-12,0],[0,33],[25,0],[0,-65],[-13,0]],[[2837,4193],[-12,0],[0,32],[12,0],[0,-32]],[[5462,4225],[12,0],[0,-32],[-12,0],[0,32]],[[5799,4225],[0,-32],[-12,0],[0,32]],[[7949,4193],[-25,0],[0,32],[25,0]],[[8012,4225],[25,0],[0,-32],[-25,0],[0,32]],[[3312,4387],[0,-33]],[[3312,4354],[25,0]],[[3337,4354],[0,-64],[13,0]],[[3350,4290],[0,-129]],[[3350,4161],[-25,0]],[[3325,4161],[0,32],[-25,0],[0,32]],[[3300,4225],[-13,0]],[[3287,4225],[0,65],[13,0]],[[3300,4290],[0,64]],[[3287,4354],[0,65]],[[2875,4322],[0,-97]],[[2887,4258],[13,0]],[[2900,4193],[-13,0]],[[2887,4193],[0,-32]],[[2887,4161],[-12,0]],[[2875,4161],[0,32]],[[2875,4193],[-13,0]],[[2862,4193],[0,-32]],[[2862,4161],[-12,0]],[[2850,4161],[0,97],[12,0]],[[2862,4258],[0,64]],[[3212,4290],[13,0]],[[3225,4225],[25,0]],[[3250,4225],[0,-64]],[[3250,4161],[-63,0],[0,32],[-25,0],[0,65],[25,0]],[[3187,4258],[0,32],[13,0],[0,32],[12,0],[0,-32]],[[3550,4193],[-13,0],[0,-32]],[[3537,4161],[-12,0]],[[3525,4161],[0,64],[12,0],[0,33],[13,0]],[[7662,4225],[0,-64]],[[7662,4161],[-13,0],[0,64],[13,0]],[[7662,4225],[12,0],[0,-64],[-12,0]],[[2812,4193],[0,-32],[-12,0]],[[2800,4161],[0,32],[12,0]],[[3550,4193],[0,-32]],[[3550,4161],[-13,0]],[[3587,4193],[13,0]],[[3600,4193],[0,-32]],[[3600,4161],[-13,0]],[[3587,4161],[0,32]],[[5662,4193],[12,0],[0,-32],[-12,0],[0,32]],[[8574,4193],[13,0],[0,-32],[-13,0],[0,32]],[[2875,4193],[0,-64]],[[2875,4129],[-13,0]],[[2862,4129],[0,64]],[[3062,4322],[50,0]],[[3112,4322],[0,-32],[-12,0],[0,-65],[-13,0],[0,-32],[-12,0],[0,-32],[-13,0],[0,-32],[-12,0],[0,32],[-50,0],[0,32],[12,0]],[[3012,4193],[0,65]],[[3037,4290],[25,0]],[[2887,4161],[0,-32]],[[2887,4129],[-12,0]],[[2875,4129],[0,32]],[[3262,4161],[13,0],[0,-32],[-13,0],[0,32]],[[3600,4161],[12,0],[0,-32]],[[3612,4129],[-12,0],[0,32]],[[7824,4161],[13,0],[0,-32],[-13,0],[0,32]],[[8049,4161],[38,0],[0,-32]],[[8087,4129],[-38,0],[0,32]],[[8224,4161],[13,0],[0,-32],[-13,0],[0,32]],[[3250,4774],[37,0],[0,-33]],[[3312,4709],[0,-32],[13,0],[0,-32],[12,0],[0,-33],[25,0],[0,-32],[13,0],[0,-64],[12,0]],[[3387,4483],[25,0],[0,-32],[88,0],[0,-32],[12,0]],[[3512,4419],[0,-32],[-12,0],[0,-97],[12,0],[0,-32],[-12,0],[0,-65],[-13,0],[0,-32],[-25,0],[0,-65],[-25,0],[0,33],[-12,0],[0,32],[-25,0],[0,-32],[-13,0]],[[3387,4129],[0,161],[-25,0],[0,-32],[-12,0]],[[3350,4258],[0,32]],[[3337,4354],[-12,0]],[[3325,4354],[0,97],[12,0],[0,-64],[13,0],[0,32],[12,0],[0,32],[-12,0],[0,32],[-25,0],[0,33],[-13,0],[0,64],[-25,0],[0,-32],[13,0],[0,-32]],[[3300,4516],[-25,0]],[[3262,4645],[0,64]],[[3250,4677],[-13,0]],[[3225,4741],[25,0]],[[2862,4290],[0,-32]],[[2850,4161],[-13,0],[0,-65]],[[2837,4096],[-37,0],[0,65]],[[2812,4193],[25,0]],[[2837,4193],[0,97]],[[2850,4161],[0,-65],[-13,0]],[[3112,4161],[13,0]],[[3125,4161],[0,-65]],[[3125,4096],[-13,0]],[[3112,4096],[0,65]],[[5287,4161],[25,0],[0,-65],[-13,0],[0,33],[-12,0],[0,32]],[[5474,4161],[13,0],[0,-65],[-13,0],[0,65]],[[2875,4129],[0,-33],[-13,0]],[[2862,4096],[0,33]],[[3000,4129],[12,0],[0,-33],[-12,0],[0,33]],[[3387,4129],[0,-33],[-12,0],[0,33],[12,0]],[[5199,4129],[13,0],[0,-33],[-13,0],[0,33]],[[8349,4129],[13,0],[0,-33],[-13,0],[0,33]],[[8462,4129],[0,-33]],[[8462,4096],[-13,0],[0,33],[13,0]],[[8549,4129],[13,0],[0,-33],[-13,0],[0,-32],[-12,0]],[[8537,4064],[0,97],[12,0],[0,-32]],[[3612,4129],[13,0],[0,-65],[-13,0]],[[3612,4064],[0,65]],[[5262,4064],[-13,0]],[[5249,4064],[0,65],[13,0],[0,-65]],[[3250,4064],[0,32],[12,0],[0,-32],[-12,0]],[[8024,4064],[-12,0]],[[8012,4064],[0,32],[12,0],[0,-32]],[[2862,4161],[0,-97]],[[2862,4064],[-12,0],[0,-32],[-13,0]],[[2837,4032],[0,64]],[[3062,4096],[25,0]],[[3087,4096],[0,-32],[-12,0],[0,-32]],[[3075,4032],[-13,0]],[[3062,4032],[0,64]],[[8537,4032],[-13,0]],[[8524,4032],[0,64],[13,0],[0,-64]],[[3087,4096],[13,0],[0,-64],[-25,0]],[[3162,4064],[13,0],[0,-32]],[[3175,4032],[-13,0]],[[3162,4032],[0,32]],[[3612,4064],[0,-32]],[[3612,4032],[-12,0]],[[3600,4032],[0,32],[12,0]],[[5912,4032],[-13,0],[0,32],[13,0],[0,-32]],[[6212,4032],[-13,0],[0,32],[13,0],[0,-32]],[[7887,4032],[-13,0],[0,32],[13,0],[0,-32]],[[8587,4064],[0,-32]],[[8587,4032],[-13,0],[0,32],[13,0]],[[3250,4225],[50,0]],[[3325,4161],[12,0]],[[3337,4161],[0,-97],[25,0],[0,-32],[-37,0],[0,-32],[-13,0]],[[3312,4000],[0,96],[-12,0],[0,33],[-13,0],[0,64],[-37,0]],[[3250,4193],[0,32]],[[2812,4096],[0,-64],[-12,0]],[[2800,4032],[0,-32]],[[2800,4000],[-13,0],[0,32],[-12,0]],[[2775,4032],[0,64],[37,0]],[[8462,4129],[25,0],[0,-65],[-13,0],[0,-32],[-12,0],[0,-32],[-75,0]],[[8387,4000],[0,96]],[[8387,4096],[75,0]],[[2775,4000],[-13,0]],[[2762,4000],[0,64],[13,0],[0,-64]],[[8387,4064],[0,-64]],[[8387,4000],[-25,0]],[[8362,4000],[0,64],[25,0]],[[3250,4032],[12,0]],[[3262,4032],[0,-32]],[[3262,4000],[-12,0]],[[3250,4000],[0,32]],[[3437,4032],[13,0],[0,-32],[-13,0],[0,32]],[[3587,4032],[25,0]],[[3612,4032],[0,-32],[-25,0]],[[3587,4000],[0,32]],[[5174,4032],[25,0],[0,-32],[-25,0],[0,32]],[[5912,4032],[12,0]],[[5924,4032],[0,-32]],[[5924,4000],[-12,0]],[[5912,4000],[0,32]],[[5924,4032],[13,0]],[[5937,4032],[0,-32]],[[5937,4000],[-13,0]],[[5974,4032],[13,0],[0,-32],[-13,0],[0,32]],[[7749,4032],[13,0],[0,-32]],[[7762,4000],[-13,0],[0,32]],[[8012,4032],[12,0]],[[8024,4032],[0,-32],[-12,0],[0,32]],[[3012,3967],[-12,0],[0,65],[-13,0],[0,32],[38,0],[0,-32],[-13,0],[0,-65]],[[3250,4064],[0,-64]],[[3250,4000],[-13,0],[0,-33]],[[3237,3967],[-37,0]],[[3200,3967],[0,65],[-13,0]],[[3187,4032],[0,32],[13,0],[0,32],[25,0],[0,-32],[25,0]],[[3200,3967],[-13,0],[0,65]],[[3250,4000],[0,-33],[-13,0]],[[3312,4000],[0,-33]],[[3312,3967],[-12,0],[0,33],[12,0]],[[3587,4000],[0,-33]],[[3587,3967],[-12,0]],[[3575,3967],[0,33],[12,0]],[[7762,4000],[12,0]],[[7774,4000],[0,-33],[-12,0],[0,33]],[[2962,4161],[13,0],[0,-129],[-13,0],[0,-32],[13,0],[0,-33],[-25,0],[0,-32],[-13,0],[0,97],[13,0],[0,32],[-13,0],[0,32],[13,0],[0,33],[12,0],[0,32]],[[3112,4129],[0,-33]],[[3125,4096],[0,33]],[[3125,4129],[12,0]],[[3137,4129],[0,-129]],[[3137,4000],[25,0]],[[3162,4000],[0,32]],[[3162,4032],[25,0]],[[3200,3967],[0,-32],[-25,0]],[[3175,3935],[0,32],[-50,0],[0,33],[-50,0],[0,32]],[[3087,4096],[0,33],[25,0]],[[3625,4000],[37,0],[0,-33],[-12,0]],[[3650,3967],[0,-32],[-13,0],[0,32],[-12,0],[0,33]],[[5462,4000],[12,0],[0,-65],[-12,0],[0,65]],[[5887,4000],[25,0]],[[5912,4000],[0,-65],[-25,0],[0,65]],[[5937,4000],[12,0],[0,-65],[-12,0]],[[5937,3935],[0,65]],[[2825,3935],[-13,0],[0,32],[13,0],[0,-32]],[[3012,3967],[25,0],[0,-32],[-25,0],[0,32]],[[5249,4000],[13,0],[0,-65],[-25,0]],[[5237,3935],[0,32],[12,0],[0,33]],[[5962,3967],[12,0]],[[5974,3967],[0,-32]],[[5974,3935],[-12,0]],[[5962,3935],[0,32]],[[5974,3967],[13,0]],[[5987,3967],[0,-32]],[[5987,3935],[-13,0]],[[6024,3967],[13,0],[0,-32],[-13,0],[0,32]],[[7874,3967],[13,0],[0,-32],[-13,0],[0,32]],[[3325,4354],[-13,0]],[[3312,4354],[0,97]],[[3287,4451],[0,-64]],[[3300,4322],[0,-32]],[[3287,4225],[-50,0]],[[3237,4290],[-25,0]],[[3250,4161],[0,32]],[[3312,3967],[0,-64]],[[3312,3903],[-25,0]],[[3287,3903],[0,32]],[[3287,3935],[-25,0]],[[3262,3935],[0,97]],[[3250,4032],[0,32]],[[3187,4032],[-12,0]],[[3162,4064],[0,-64]],[[3137,4000],[0,96]],[[3137,4096],[13,0],[0,33],[12,0],[0,32],[-25,0],[0,32],[-12,0],[0,32],[12,0],[0,33],[13,0],[0,96],[-13,0],[0,33]],[[3137,4387],[-12,0]],[[3137,4419],[0,32]],[[3150,4483],[12,0]],[[3162,4483],[0,-32]],[[3175,4516],[50,0]],[[3250,4451],[0,65]],[[3250,4516],[50,0]],[[3600,4032],[-13,0]],[[3575,3967],[-13,0]],[[3562,3967],[0,-64],[-12,0],[0,32],[-13,0]],[[3537,3935],[0,65]],[[3537,4000],[13,0],[0,32],[-13,0],[0,64],[25,0],[0,-32],[13,0],[0,32],[12,0]],[[3587,4096],[0,65]],[[3262,4000],[0,-65]],[[3262,3935],[13,0]],[[3275,3935],[0,-32]],[[3275,3903],[-25,0],[0,32],[-13,0],[0,32]],[[5787,3903],[-13,0]],[[5774,3903],[0,64]],[[5774,3967],[13,0],[0,33],[12,0],[0,-65],[-12,0],[0,-32]],[[3150,3903],[-13,0]],[[3137,3903],[0,32],[13,0],[0,-32]],[[3275,3935],[12,0]],[[3287,3903],[-12,0]],[[5837,4064],[0,-32]],[[5837,4032],[-13,0],[0,-65],[-12,0],[0,-32],[12,0],[0,-32],[-37,0]],[[5774,3967],[0,65]],[[5774,4032],[38,0],[0,32],[25,0]],[[7812,3935],[12,0]],[[7824,3935],[0,-32]],[[7824,3903],[-12,0]],[[7812,3903],[0,32]],[[8099,3903],[0,32],[13,0],[0,-32],[-13,0]],[[8274,3935],[0,-32],[-12,0]],[[8262,3903],[0,32],[12,0]],[[8524,3935],[13,0],[0,-32],[-13,0]],[[8524,3903],[0,32]],[[8699,3935],[25,0],[0,-32],[-25,0],[0,32]],[[8749,3935],[0,-32]],[[8749,3903],[-12,0],[0,32],[12,0]],[[8787,3903],[0,32],[12,0],[0,-32],[-12,0]],[[2475,4064],[12,0],[0,-32],[13,0],[0,-32],[-13,0],[0,-33],[38,0],[0,-64],[-13,0],[0,-32],[-12,0],[0,32],[-50,0],[0,129],[25,0],[0,32]],[[5762,3935],[12,0]],[[5774,3935],[0,-32]],[[5787,3903],[0,-32]],[[5787,3871],[-25,0]],[[5762,3871],[0,64]],[[9149,3935],[13,0],[0,-64],[-13,0],[0,64]],[[3137,3903],[0,-32]],[[3137,3871],[-12,0],[0,32],[12,0]],[[3150,3903],[0,-32],[-13,0]],[[3762,3903],[13,0],[0,-32]],[[3775,3871],[-13,0],[0,32]],[[5237,3903],[12,0]],[[5249,3903],[0,-32],[-12,0],[0,32]],[[5949,3903],[13,0],[0,-32],[-13,0],[0,32]],[[7824,3903],[13,0],[0,-32]],[[7837,3871],[-13,0],[0,32]],[[7937,3903],[0,-32]],[[7937,3871],[-13,0],[0,32],[13,0]],[[8099,3903],[0,-32],[-12,0],[0,32],[12,0]],[[8574,4193],[0,-64],[13,0],[0,-65]],[[8587,4032],[0,-32],[-25,0],[0,-33],[12,0],[0,-64],[-12,0],[0,-32],[-38,0],[0,32]],[[8524,3935],[0,97]],[[8537,4032],[0,32]],[[8549,4129],[0,64],[25,0]],[[8749,3903],[13,0],[0,-32],[-13,0],[0,32]],[[7837,4419],[0,32],[12,0],[0,-32],[25,0],[0,-194],[25,0],[0,-129],[13,0],[0,-96],[12,0],[0,-33],[-12,0],[0,-96]],[[7912,3871],[-13,0],[0,-33]],[[7899,3838],[-25,0]],[[7874,3838],[0,33]],[[7874,3871],[-37,0]],[[7824,3903],[0,64]],[[7824,3967],[-25,0],[0,65],[-12,0]],[[7787,4032],[0,161],[12,0],[0,65],[-12,0],[0,161]],[[7787,4419],[-25,0],[0,64]],[[7887,4032],[0,-32],[12,0],[0,32],[-12,0]],[[3512,4419],[13,0]],[[3525,4161],[25,0]],[[3562,4225],[38,0],[0,-32]],[[3587,4193],[0,-97]],[[3537,4000],[0,-33]],[[3537,3967],[-12,0],[0,97],[-38,0],[0,32],[-12,0],[0,-64],[12,0],[0,-32],[-12,0],[0,-65],[12,0],[0,-32],[-25,0],[0,32],[-25,0],[0,-32],[-12,0],[0,32],[-25,0],[0,32],[-13,0],[0,-64],[25,0],[0,-32]],[[3412,3871],[-12,0]],[[3400,3871],[0,-33],[-13,0],[0,33],[-12,0],[0,32],[-50,0],[0,64],[-13,0]],[[3337,4161],[13,0]],[[3350,4161],[0,97]],[[2800,4000],[0,-97]],[[2800,3903],[-13,0],[0,-32],[13,0],[0,-33],[-25,0],[0,65],[-13,0],[0,-32],[-12,0]],[[2750,3871],[0,96],[12,0],[0,33]],[[2775,4000],[0,32]],[[5874,3903],[0,-65]],[[5874,3838],[-12,0],[0,33],[-13,0],[0,32],[25,0]],[[2750,3871],[0,-33]],[[2750,3838],[-13,0]],[[2737,3838],[0,33],[13,0]],[[3712,3871],[13,0],[0,-33],[-13,0],[0,33]],[[5787,3871],[0,-33]],[[5787,3838],[-25,0]],[[5762,3838],[0,33]],[[7737,3871],[12,0],[0,-33]],[[7749,3838],[-12,0],[0,33]],[[7787,3871],[12,0]],[[7799,3871],[0,-33],[-12,0]],[[7787,3838],[0,33]],[[7912,3871],[0,-33]],[[7912,3838],[-13,0]],[[8424,3871],[0,-33]],[[8424,3838],[-12,0],[0,33],[12,0]],[[8424,3871],[13,0]],[[8437,3871],[0,-33]],[[8437,3838],[-13,0]],[[8537,3871],[12,0],[0,-33],[-12,0],[0,33]],[[8887,3871],[12,0],[0,-33],[-12,0]],[[8887,3838],[0,33]],[[9099,3871],[0,-33]],[[9099,3838],[-37,0],[0,33],[37,0]],[[9099,3871],[13,0],[0,-33]],[[9112,3838],[-13,0]],[[7724,4354],[13,0],[0,-64],[25,0],[0,-32],[12,0],[0,-33],[13,0],[0,-193]],[[7824,3967],[0,-32]],[[7812,3935],[0,-64]],[[7812,3871],[-25,0]],[[7787,3871],[0,32],[-13,0],[0,97]],[[7749,4032],[0,-97],[13,0],[0,-64],[12,0],[0,-65],[-12,0],[0,32],[-13,0]],[[7737,3871],[0,64],[-13,0],[0,97]],[[7724,4032],[-25,0],[0,32],[-12,0],[0,129],[25,0]],[[7724,4032],[13,0],[0,97],[-25,0],[0,-33],[12,0],[0,-64]],[[5387,3935],[25,0],[0,-32],[12,0],[0,-97],[-37,0],[0,129]],[[3175,3935],[-13,0],[0,-32],[-12,0]],[[3137,3871],[0,-33],[-12,0],[0,-32]],[[3125,3806],[-75,0]],[[3050,3806],[0,32],[-13,0],[0,33],[25,0],[0,32],[13,0],[0,64],[-13,0]],[[3062,3967],[0,65]],[[3312,3871],[13,0],[0,-65],[-13,0],[0,65]],[[5937,3935],[0,-64],[-13,0],[0,-33],[-37,0],[0,-32],[-13,0]],[[5874,3806],[0,65]],[[5874,3871],[38,0],[0,32],[12,0],[0,32],[13,0]],[[7874,3871],[0,-65]],[[7874,3806],[-37,0]],[[7837,3806],[0,65]],[[2750,3838],[0,-32]],[[2750,3806],[-13,0],[0,32]],[[3362,3838],[13,0],[0,-32],[-13,0],[0,32]],[[3837,3838],[13,0],[0,-32],[-13,0]],[[3837,3806],[0,32]],[[6137,3838],[12,0],[0,-32],[-12,0]],[[6137,3806],[0,32]],[[8299,3806],[-12,0]],[[8287,3806],[0,32],[12,0],[0,-32]],[[9112,3838],[0,-32],[-13,0],[0,32]],[[9187,3838],[0,-32]],[[9187,3806],[-25,0]],[[9162,3806],[0,32],[25,0]],[[9224,3806],[-12,0],[0,32],[12,0],[0,-32]],[[3275,3903],[0,-32],[-25,0],[0,-33],[25,0],[0,-64],[-25,0],[0,32],[-25,0],[0,65],[-13,0],[0,-33],[-25,0],[0,33],[-12,0],[0,64]],[[3812,3838],[13,0]],[[3825,3838],[0,-64],[-13,0],[0,64]],[[5287,3838],[0,-64]],[[5287,3774],[-13,0],[0,32],[-12,0],[0,32],[25,0]],[[3725,3806],[12,0],[0,-32],[-12,0],[0,32]],[[3750,3806],[12,0],[0,-32],[-12,0],[0,32]],[[8487,3806],[12,0],[0,-32],[-12,0]],[[8487,3774],[0,32]],[[8524,3806],[13,0]],[[8537,3806],[0,-32]],[[8537,3774],[-13,0]],[[8524,3774],[0,32]],[[8537,3806],[12,0]],[[8549,3806],[0,-32]],[[8549,3774],[-12,0]],[[9187,3806],[0,-32]],[[9187,3774],[-25,0],[0,32]],[[9224,3806],[25,0],[0,-32]],[[9249,3774],[-25,0]],[[9224,3774],[0,32]],[[8237,4516],[25,0]],[[8274,4483],[0,-32],[13,0],[0,-32],[25,0],[0,-32],[25,0],[0,96],[25,0],[0,-32],[12,0]],[[8374,4451],[0,-64],[-25,0],[0,-33],[-50,0]],[[8299,4354],[0,-64],[-25,0]],[[8274,4290],[0,-97],[13,0],[0,-64],[12,0],[0,-33],[13,0],[0,-64]],[[8312,4032],[-38,0],[0,-97]],[[8262,3903],[-13,0],[0,-97],[-25,0]],[[8224,3806],[0,32],[-12,0],[0,33],[-13,0],[0,-65],[-12,0],[0,-64]],[[8187,3742],[-88,0],[0,32],[-50,0],[0,129],[-12,0],[0,-32],[-25,0],[0,32],[12,0],[0,129]],[[8012,4032],[0,32]],[[8024,4064],[0,97],[25,0]],[[8087,4129],[0,96],[37,0],[0,33],[25,0]],[[8149,4258],[0,64],[13,0],[0,32],[37,0]],[[8199,4419],[13,0],[0,32],[12,0],[0,32],[13,0],[0,33]],[[2787,3774],[13,0],[0,-32]],[[2800,3742],[-13,0]],[[2787,3742],[0,32]],[[3112,3774],[13,0],[0,-32],[-13,0],[0,32]],[[5649,3742],[-12,0],[0,32],[12,0],[0,-32]],[[7949,3774],[13,0],[0,-32]],[[7962,3742],[-13,0],[0,32]],[[7987,3742],[-13,0]],[[7974,3742],[0,32],[13,0],[0,-32]],[[8012,3774],[0,-32],[-13,0]],[[7999,3742],[0,32],[13,0]],[[8287,3774],[12,0],[0,-32]],[[8299,3742],[-12,0],[0,32]],[[8799,3742],[-12,0],[0,32],[12,0],[0,-32]],[[8987,3774],[12,0],[0,-32]],[[8999,3742],[-12,0],[0,32]],[[9237,3774],[12,0]],[[9249,3774],[0,-32]],[[9249,3742],[-12,0],[0,32]],[[5787,3871],[12,0],[0,-65],[-25,0],[0,-32],[13,0],[0,-32]],[[5787,3742],[-13,0],[0,-33]],[[5774,3709],[-25,0]],[[5749,3709],[0,129]],[[5749,3838],[38,0]],[[7949,3774],[0,-65]],[[7949,3709],[-12,0],[0,65],[12,0]],[[8524,3774],[25,0]],[[8549,3806],[88,0],[0,-97],[-25,0],[0,33],[-25,0],[0,-33],[-38,0],[0,33],[-12,0],[0,-33],[-38,0],[0,33],[-12,0],[0,32]],[[8487,3806],[0,32],[-50,0]],[[8437,3871],[12,0],[0,32],[63,0],[0,-97],[12,0]],[[3462,3742],[13,0],[0,-33],[-13,0],[0,33]],[[3800,3742],[0,-33],[-13,0],[0,33],[13,0]],[[3937,3709],[0,33],[13,0],[0,-33],[-13,0]],[[5587,3709],[0,33],[37,0],[0,-33],[-37,0]],[[5649,3742],[13,0],[0,-33],[-13,0],[0,33]],[[5787,3742],[0,-33]],[[5787,3709],[-13,0]],[[6062,3742],[12,0],[0,-33],[-12,0],[0,33]],[[8224,3806],[13,0],[0,-97]],[[8237,3709],[-63,0]],[[8174,3709],[0,33],[13,0]],[[9024,3742],[13,0],[0,-33],[-13,0]],[[9024,3709],[0,33]],[[7837,3806],[25,0]],[[7862,3806],[0,-32],[-13,0],[0,-65],[25,0],[0,-32]],[[7874,3677],[-37,0],[0,32],[-13,0],[0,33],[-12,0],[0,32],[-13,0],[0,-32],[-25,0],[0,96],[13,0]],[[7787,3838],[0,-32],[12,0],[0,65]],[[7799,3871],[13,0]],[[7812,3871],[0,32]],[[3737,3742],[38,0],[0,-33],[-13,0],[0,-32],[-25,0],[0,65]],[[8774,3742],[0,-65],[-12,0]],[[8762,3677],[0,65],[12,0]],[[5299,3709],[13,0],[0,-32]],[[5312,3677],[-13,0],[0,32]],[[5337,3709],[12,0]],[[5349,3709],[0,-32]],[[5349,3677],[-12,0]],[[5337,3677],[0,32]],[[5449,3709],[13,0]],[[5462,3709],[0,-32],[-13,0]],[[5449,3677],[0,32]],[[7949,3709],[0,-32]],[[7949,3677],[-37,0],[0,32],[12,0],[0,33],[-12,0],[0,64],[12,0],[0,32],[13,0],[0,-32],[12,0],[0,-32]],[[8174,3709],[25,0],[0,-32],[-25,0],[0,32]],[[8237,3709],[0,-32],[-25,0],[0,32],[25,0]],[[9262,3677],[-13,0]],[[9249,3677],[0,32],[13,0],[0,-32]],[[9187,3838],[12,0],[0,-32],[25,0]],[[9224,3774],[13,0]],[[9249,3742],[0,-65]],[[9262,3677],[0,-32],[-25,0]],[[9237,3645],[0,64]],[[9237,3709],[-13,0],[0,33],[-25,0],[0,32],[-12,0]],[[9187,3774],[0,64]],[[5324,3709],[13,0]],[[5337,3709],[0,-64]],[[5337,3645],[-13,0]],[[5324,3645],[0,32],[-12,0]],[[5299,3709],[0,33],[-12,0],[0,32]],[[5287,3774],[25,0],[0,32],[12,0],[0,-97]],[[5787,3742],[25,0]],[[5812,3742],[0,-97]],[[5812,3645],[-13,0]],[[5799,3645],[0,32],[-12,0]],[[5787,3677],[0,65]],[[5437,3709],[12,0]],[[5449,3709],[0,-64]],[[5449,3645],[-12,0]],[[5437,3645],[0,64]],[[5587,3709],[0,-64],[-13,0],[0,64],[13,0]],[[8799,3742],[50,0],[0,-33],[50,0],[0,-32],[13,0],[0,-32]],[[8912,3645],[-38,0],[0,32],[-87,0],[0,32],[12,0],[0,33]],[[2800,3677],[0,-32]],[[2800,3645],[-13,0]],[[2787,3645],[0,32],[13,0]],[[3137,3677],[13,0],[0,-32],[-13,0]],[[3137,3645],[0,32]],[[3487,3645],[-12,0]],[[3475,3645],[0,32],[12,0],[0,-32]],[[3550,3645],[-25,0],[0,32],[25,0],[0,-32]],[[3787,3677],[13,0],[0,-32],[-13,0],[0,32]],[[3975,3677],[12,0],[0,-32],[-12,0]],[[3975,3645],[0,32]],[[5349,3677],[0,-32]],[[5349,3645],[-12,0]],[[5337,3645],[0,32]],[[5362,3677],[12,0]],[[5374,3677],[0,-32],[-12,0],[0,32]],[[5674,3677],[13,0],[0,-32],[-13,0],[0,32]],[[5799,3645],[-12,0]],[[5787,3645],[0,32]],[[5812,3677],[12,0],[0,-32]],[[5824,3645],[-12,0]],[[5812,3645],[0,32]],[[5862,3677],[12,0],[0,-32],[-12,0],[0,32]],[[7874,3677],[0,-32]],[[7874,3645],[-25,0]],[[7849,3645],[0,32],[25,0]],[[7874,3677],[13,0],[0,-32],[-13,0]],[[9199,3645],[-12,0]],[[9187,3645],[0,32],[12,0],[0,-32]],[[5437,3774],[0,-97]],[[5437,3677],[-25,0],[0,-32]],[[5412,3645],[-13,0]],[[5399,3645],[0,-32],[-12,0],[0,64]],[[5387,3677],[12,0]],[[5399,3677],[0,97],[38,0]],[[9024,3677],[25,0],[0,-64],[-12,0],[0,32],[-13,0],[0,32]],[[5337,3645],[0,-32],[-13,0],[0,32]],[[7874,3645],[0,-32]],[[7874,3613],[-12,0],[0,32],[12,0]],[[8712,3613],[-25,0],[0,32],[25,0],[0,-32]],[[8737,3645],[0,-32],[-13,0]],[[8724,3613],[0,32],[13,0]],[[8849,3645],[13,0],[0,-32],[-13,0],[0,32]],[[8912,3645],[25,0],[0,-32]],[[8937,3613],[-25,0],[0,32]],[[9162,3645],[0,-32]],[[9162,3613],[-13,0],[0,32],[13,0]],[[8387,4096],[0,-32]],[[8362,4000],[-25,0],[0,-33],[12,0],[0,-32],[13,0],[0,32],[12,0],[0,33],[25,0],[0,-33],[38,0],[0,-96]],[[8437,3871],[-50,0],[0,-33],[12,0],[0,-32],[13,0],[0,-64],[12,0],[0,-162]],[[8424,3580],[-50,0],[0,65],[-12,0],[0,64],[-13,0],[0,65]],[[8349,3774],[25,0],[0,64],[-25,0],[0,33],[-25,0],[0,32],[-12,0]],[[8312,3903],[0,129]],[[8312,4032],[12,0],[0,32],[13,0],[0,32],[50,0]],[[5349,3677],[13,0]],[[5374,3677],[13,0]],[[5399,3645],[25,0]],[[5424,3645],[0,-32]],[[5424,3613],[-12,0]],[[5412,3613],[0,-33]],[[5412,3580],[-63,0]],[[5349,3580],[0,97]],[[7849,3645],[0,-65],[-25,0],[0,65],[25,0]],[[8424,3580],[0,65],[13,0],[0,-65],[-13,0]],[[8949,3645],[13,0]],[[8962,3645],[0,-65]],[[8962,3580],[-13,0]],[[8949,3580],[0,65]],[[9099,3580],[-25,0]],[[9074,3580],[0,65],[25,0],[0,-65]],[[9237,3645],[0,-65],[-13,0]],[[9224,3580],[0,65],[13,0]],[[9299,3580],[-12,0]],[[9287,3580],[0,65],[12,0],[0,-65]],[[2737,3613],[13,0],[0,-33],[-13,0]],[[2737,3580],[0,33]],[[5574,3580],[0,33],[13,0],[0,-33],[-13,0]],[[8999,3613],[-12,0]],[[8987,3613],[0,-33],[-25,0]],[[8962,3580],[0,33]],[[8962,3613],[12,0],[0,32],[25,0],[0,-32]],[[9074,3580],[-12,0]],[[9062,3580],[0,33],[12,0],[0,-33]],[[9112,3613],[0,-33]],[[9112,3580],[-13,0]],[[9099,3580],[0,33],[13,0]],[[3487,3645],[0,-97],[-12,0]],[[3475,3548],[0,97]],[[5824,3645],[0,-97],[-12,0],[0,97]],[[7937,3903],[12,0],[0,-32],[13,0],[0,-33],[12,0],[0,-32],[13,0],[0,32],[25,0],[0,-64]],[[7999,3742],[-12,0]],[[7974,3742],[-12,0]],[[7949,3677],[0,-97],[-12,0]],[[7937,3580],[0,-32],[-13,0]],[[7924,3548],[0,32],[-12,0],[0,-32]],[[7912,3548],[-13,0],[0,32],[-12,0],[0,33],[-13,0]],[[7862,3806],[12,0]],[[7874,3806],[0,32]],[[7874,3838],[38,0]],[[7912,3871],[25,0]],[[3287,3709],[13,0],[0,-32],[25,0],[0,-32],[-25,0],[0,-32],[-13,0],[0,-33],[-25,0],[0,-32],[-12,0],[0,65],[12,0],[0,32],[13,0],[0,32],[12,0],[0,32]],[[3400,3548],[0,65],[12,0],[0,-65],[-12,0]],[[8137,3580],[-13,0],[0,-32]],[[8124,3548],[-12,0],[0,65],[25,0],[0,-33]],[[8712,3613],[0,-33]],[[8712,3580],[-13,0],[0,-32],[-25,0],[0,65],[38,0]],[[9312,3613],[0,-65],[-13,0]],[[9299,3548],[0,65],[13,0]],[[5574,3580],[0,-32]],[[5574,3548],[-12,0],[0,32],[12,0]],[[5662,3548],[-13,0],[0,32],[13,0],[0,-32]],[[6049,3548],[0,32],[13,0],[0,-32],[-13,0]],[[8137,3580],[0,-32],[-13,0]],[[8962,3580],[0,-32]],[[8962,3548],[-13,0]],[[8949,3548],[0,32]],[[9037,3580],[12,0],[0,-32],[-12,0],[0,32]],[[9062,3580],[25,0]],[[9087,3580],[0,-32]],[[9087,3548],[-25,0]],[[9062,3548],[0,32]],[[9087,3580],[12,0]],[[9099,3580],[0,-32]],[[9099,3548],[-12,0]],[[9299,3580],[0,-32]],[[9299,3548],[-12,0],[0,32]],[[9337,3548],[-13,0]],[[9324,3548],[0,32],[13,0],[0,-32]],[[8349,3774],[0,-258],[-12,0]],[[8337,3516],[0,64],[-25,0],[0,162],[-13,0]],[[8287,3774],[0,32]],[[8299,3806],[0,129],[13,0],[0,-32]],[[6087,3613],[12,0]],[[6099,3613],[0,-97]],[[6099,3516],[-12,0]],[[6087,3516],[0,97]],[[9224,3580],[-12,0],[0,-32],[-50,0]],[[9162,3548],[0,-32]],[[9162,3516],[-13,0],[0,32],[-25,0],[0,32],[-12,0]],[[9112,3613],[50,0]],[[9162,3645],[12,0],[0,-32],[13,0],[0,32]],[[9199,3645],[0,64],[38,0]],[[3137,3645],[0,-65],[-12,0],[0,-32],[-13,0],[0,-32],[-12,0],[0,64],[12,0],[0,33],[13,0],[0,32],[12,0]],[[5374,3580],[25,0]],[[5399,3580],[0,-64]],[[5399,3516],[-12,0],[0,32],[-13,0],[0,32]],[[5412,3613],[25,0]],[[5437,3613],[0,-33],[-13,0],[0,-64],[-25,0]],[[5399,3580],[13,0]],[[9112,3580],[0,-64],[-13,0]],[[9099,3516],[0,64]],[[3062,3516],[0,32],[13,0],[0,-32],[-13,0]],[[5574,3548],[13,0],[0,-32],[-13,0],[0,32]],[[7949,3548],[13,0],[0,-32],[-13,0],[0,32]],[[8024,3548],[25,0],[0,-32],[-25,0]],[[8024,3516],[0,32]],[[8837,3548],[12,0],[0,-32],[-12,0]],[[8837,3516],[0,32]],[[9099,3548],[0,-32]],[[9099,3516],[-12,0],[0,32]],[[9162,3548],[25,0],[0,-32],[-25,0]],[[8737,3645],[12,0],[0,-129]],[[8749,3516],[-12,0],[0,-32]],[[8737,3484],[-13,0]],[[8724,3484],[0,64],[-12,0]],[[8712,3548],[0,32]],[[8712,3580],[12,0],[0,33]],[[3387,3548],[13,0]],[[3400,3548],[0,-32],[25,0]],[[3425,3516],[0,-32],[-38,0]],[[3387,3484],[0,64]],[[5662,3548],[12,0],[0,-64],[-12,0],[0,64]],[[6037,3613],[50,0]],[[6087,3516],[-13,0],[0,-32],[-25,0],[0,64]],[[6049,3548],[-12,0],[0,65]],[[7912,3548],[12,0]],[[7924,3548],[0,-64]],[[7924,3484],[-12,0],[0,64]],[[8724,3484],[-12,0],[0,64]],[[9312,3613],[12,0],[0,-65]],[[9337,3548],[0,-32],[-13,0],[0,-32]],[[9324,3484],[-12,0]],[[9312,3484],[0,32],[-13,0],[0,32]],[[3000,3677],[25,0]],[[3025,3677],[0,-32],[-13,0],[0,-32],[-12,0],[0,-65],[25,0],[0,-32],[-50,0],[0,-32],[-25,0]],[[2950,3484],[0,32]],[[2950,3516],[12,0],[0,64],[13,0],[0,65],[25,0],[0,32]],[[3350,3516],[12,0],[0,-32]],[[3362,3484],[-12,0]],[[3350,3484],[0,32]],[[5337,3516],[12,0]],[[5349,3516],[0,-32],[-12,0],[0,32]],[[5362,3516],[12,0],[0,-32],[-12,0],[0,32]],[[7924,3516],[13,0],[0,-32]],[[7937,3484],[-13,0]],[[7924,3484],[0,32]],[[8137,3516],[25,0]],[[8162,3516],[0,-32]],[[8162,3484],[-25,0]],[[8137,3484],[0,32]],[[8162,3516],[12,0]],[[8174,3516],[0,-32]],[[8174,3484],[-12,0]],[[8187,3516],[25,0],[0,-32],[-25,0],[0,32]],[[8337,3516],[25,0],[0,-32],[-25,0],[0,32]],[[8574,3516],[13,0],[0,-32]],[[8587,3484],[-13,0],[0,32]],[[8649,3516],[0,-32],[-12,0]],[[8637,3484],[0,32],[12,0]],[[8749,3516],[0,-32],[-12,0]],[[9037,3516],[12,0]],[[9049,3516],[0,-32]],[[9049,3484],[-12,0]],[[9037,3484],[0,32]],[[3212,3548],[25,0],[0,-97],[-12,0],[0,33],[-13,0],[0,64]],[[3387,3516],[0,-65]],[[3387,3451],[-12,0],[0,65],[12,0]],[[5599,3516],[13,0],[0,-65],[-13,0],[0,65]],[[8174,3516],[13,0]],[[8187,3516],[0,-65],[-13,0]],[[8174,3451],[0,65]],[[8587,3484],[0,-33]],[[8587,3451],[-25,0]],[[8562,3451],[0,65],[12,0]],[[9337,3548],[25,0],[0,-64]],[[9362,3484],[-13,0],[0,-33],[-12,0]],[[9337,3451],[0,33],[-13,0]],[[3800,3516],[12,0],[0,-65],[-25,0],[0,33]],[[3787,3484],[13,0]],[[3800,3484],[0,32]],[[8149,3484],[25,0]],[[8174,3484],[0,-33]],[[8174,3451],[-25,0]],[[8149,3451],[0,33]],[[8374,3484],[13,0],[0,-33],[-13,0],[0,33]],[[8924,3484],[0,-33]],[[8924,3451],[-12,0],[0,33],[12,0]],[[8924,3484],[13,0]],[[8937,3484],[0,-33]],[[8937,3451],[-13,0]],[[8987,3484],[12,0]],[[8999,3484],[0,-33]],[[8999,3451],[-12,0],[0,33]],[[9324,3484],[0,-33],[-12,0],[0,33]],[[9399,3451],[0,33],[13,0],[0,-33],[-13,0]],[[2775,3709],[25,0]],[[2800,3709],[0,-32]],[[2787,3645],[25,0]],[[2812,3645],[0,-65]],[[2812,3580],[-12,0],[0,-32],[25,0],[0,-97],[12,0],[0,-32],[-25,0],[0,65],[-12,0],[0,32],[-13,0],[0,97],[-12,0],[0,96]],[[3537,3967],[0,-32]],[[3562,3967],[25,0]],[[3587,4000],[38,0]],[[3650,3967],[62,0],[0,-32],[38,0],[0,-32],[12,0]],[[3775,3871],[0,-33],[25,0]],[[3800,3838],[0,-96]],[[3800,3742],[12,0],[0,-162],[-25,0],[0,-32],[13,0]],[[3800,3548],[0,-64]],[[3800,3484],[-25,0]],[[3775,3484],[0,32],[-13,0],[0,32],[-12,0],[0,65],[12,0],[0,32],[-50,0],[0,-65],[-12,0],[0,33],[-13,0],[0,64],[-12,0],[0,-32],[-38,0],[0,32],[-12,0],[0,-64],[-25,0],[0,-33],[12,0],[0,-32],[-50,0],[0,-32]],[[3562,3516],[-12,0],[0,-97],[-13,0],[0,65],[-12,0],[0,32],[-13,0],[0,32],[-12,0],[0,32],[37,0],[0,33],[13,0],[0,32]],[[3550,3645],[25,0],[0,32],[-13,0],[0,32],[-50,0],[0,-32],[-12,0],[0,-32],[-13,0]],[[3475,3645],[-13,0],[0,-32],[-12,0],[0,-33],[-13,0],[0,33],[-12,0],[0,96]],[[3425,3709],[-13,0]],[[3412,3709],[0,33],[13,0],[0,129]],[[3425,3871],[-13,0]],[[6099,3516],[0,-32],[13,0],[0,-65],[-25,0]],[[6087,3419],[0,97]],[[8749,3935],[0,32],[38,0],[0,-64]],[[8787,3903],[75,0],[0,-32],[25,0]],[[8887,3838],[50,0],[0,-32],[25,0],[0,-32],[25,0]],[[8999,3742],[0,-33],[-62,0],[0,-32],[75,0],[0,-64]],[[9012,3613],[-13,0]],[[8962,3613],[0,32]],[[8949,3645],[0,-32]],[[8949,3613],[-12,0]],[[8937,3613],[0,-33],[-13,0],[0,-32],[-12,0],[0,-32],[12,0],[0,-32]],[[8924,3451],[0,-32],[-25,0],[0,32],[-37,0],[0,33]],[[8862,3484],[-25,0],[0,32]],[[8837,3548],[0,32],[-13,0],[0,33],[-25,0],[0,32],[-25,0],[0,97]],[[8762,3677],[-25,0],[0,32],[-25,0],[0,-32],[-25,0],[0,32],[-13,0],[0,65],[-12,0],[0,97],[-38,0],[0,-33],[-25,0],[0,97],[13,0],[0,97],[37,0],[0,-65],[13,0],[0,33],[37,0],[0,-33],[38,0],[0,-129],[12,0],[0,-64],[13,0],[0,32],[12,0],[0,32],[-12,0],[0,97],[-13,0]],[[8974,3516],[50,0]],[[9024,3516],[0,-97]],[[9024,3419],[-25,0],[0,65]],[[8999,3484],[-25,0]],[[8974,3484],[0,32]],[[8024,3419],[-37,0],[0,32],[-13,0]],[[7974,3451],[0,33],[38,0],[0,-33],[12,0],[0,-32]],[[8637,3484],[0,-65],[-13,0]],[[8624,3419],[0,65],[13,0]],[[9049,3484],[0,-33]],[[9049,3451],[13,0]],[[9062,3451],[0,-32]],[[9062,3419],[-25,0]],[[9037,3419],[0,65]],[[5824,3419],[-12,0],[0,32],[12,0],[0,-32]],[[5887,3451],[12,0],[0,-32],[-12,0],[0,32]],[[5999,3451],[13,0],[0,-32],[-13,0],[0,32]],[[8299,3451],[13,0],[0,-32],[-13,0],[0,32]],[[8412,3451],[12,0],[0,-32],[-12,0]],[[8412,3419],[0,32]],[[8474,3419],[-25,0],[0,32],[25,0],[0,-32]],[[8587,3451],[25,0],[0,-32],[-25,0]],[[8587,3419],[0,32]],[[8824,3451],[13,0],[0,-32]],[[8837,3419],[-13,0]],[[8824,3419],[0,32]],[[9062,3451],[25,0]],[[9087,3451],[0,-32]],[[9087,3419],[-25,0]],[[9387,3451],[-25,0],[0,-32]],[[9362,3419],[-25,0]],[[9337,3419],[0,32]],[[9362,3484],[0,32],[12,0],[0,-32],[13,0],[0,-33]],[[9387,3451],[0,-32],[-25,0]],[[3637,3484],[13,0],[0,-97]],[[3650,3387],[-13,0]],[[3637,3387],[0,97]],[[2950,3451],[0,-64],[-13,0],[0,64],[13,0]],[[3162,3451],[0,33],[-25,0],[0,-33],[-50,0],[0,-32],[25,0],[0,-32],[-37,0],[0,32],[-13,0],[0,32],[13,0],[0,33],[-13,0],[0,32]],[[3062,3516],[-12,0],[0,-65],[-13,0],[0,129],[13,0],[0,33],[-13,0],[0,32],[25,0],[0,32],[75,0]],[[3137,3677],[0,97],[13,0],[0,-65],[12,0],[0,33],[13,0],[0,-33],[37,0],[0,-32],[-12,0],[0,-32],[12,0],[0,-65],[-25,0],[0,-32],[13,0],[0,-32],[-13,0],[0,-32],[-12,0],[0,-33],[-13,0]],[[3637,3451],[0,-64]],[[3637,3387],[-12,0]],[[3625,3387],[0,64],[12,0]],[[8949,3451],[13,0],[0,-64]],[[8962,3387],[-13,0]],[[8949,3387],[0,64]],[[9399,3451],[38,0],[0,-64]],[[9437,3387],[-13,0]],[[9424,3387],[0,32]],[[9424,3419],[-25,0]],[[9399,3419],[0,32]],[[3337,3419],[13,0],[0,-32],[-13,0],[0,32]],[[5699,3419],[13,0],[0,-32],[-13,0],[0,32]],[[5849,3419],[13,0]],[[5862,3419],[0,-32]],[[5862,3387],[-13,0],[0,32]],[[6024,3419],[13,0],[0,-32],[-13,0],[0,32]],[[8149,3387],[-75,0]],[[8074,3387],[0,32],[75,0],[0,-32]],[[8324,3419],[13,0]],[[8337,3419],[0,-32],[-13,0],[0,32]],[[8349,3419],[13,0]],[[8362,3419],[0,-32],[-13,0],[0,32]],[[8387,3419],[12,0],[0,-32]],[[8399,3387],[-12,0],[0,32]],[[8562,3451],[0,-64],[-25,0],[0,32]],[[8537,3419],[12,0]],[[8549,3419],[0,32],[13,0]],[[8587,3419],[0,-32],[-13,0],[0,32],[13,0]],[[8649,3516],[25,0],[0,-65],[-12,0],[0,-32],[-13,0],[0,-32],[-25,0],[0,32]],[[8824,3419],[0,-32]],[[8824,3387],[-12,0],[0,32],[12,0]],[[8837,3419],[0,-32]],[[8837,3387],[-13,0]],[[8837,3419],[25,0],[0,-32]],[[8862,3387],[-25,0]],[[9362,3419],[0,-32]],[[9362,3387],[-25,0],[0,32]],[[9362,3419],[37,0]],[[9399,3419],[0,-32]],[[9399,3387],[-37,0]],[[9424,3387],[-12,0]],[[9412,3387],[0,32],[12,0]],[[9462,3419],[0,-32],[-25,0]],[[9437,3387],[0,32],[25,0]],[[8999,3742],[25,0]],[[9024,3709],[38,0],[0,-161]],[[9099,3516],[0,-65],[25,0],[0,-96]],[[9124,3355],[-12,0]],[[9112,3355],[0,64]],[[9112,3419],[-25,0]],[[9087,3451],[-38,0]],[[9049,3451],[0,65]],[[9037,3516],[0,-97]],[[9037,3419],[-13,0]],[[9024,3516],[-62,0]],[[8962,3516],[0,64]],[[8987,3613],[25,0]],[[7937,3580],[75,0],[0,-32],[12,0]],[[8024,3516],[38,0],[0,32],[62,0]],[[8124,3548],[0,-32],[13,0]],[[8137,3484],[12,0]],[[8149,3451],[50,0]],[[8199,3451],[0,-32],[-12,0],[0,-32]],[[8187,3387],[-13,0],[0,-32]],[[8174,3355],[-12,0]],[[8162,3355],[0,32],[-13,0]],[[8074,3387],[-12,0],[0,32],[-38,0]],[[7974,3451],[-25,0],[0,33],[-12,0]],[[7924,3516],[0,32]],[[8949,3613],[0,-65]],[[8962,3548],[0,-32]],[[8962,3516],[12,0]],[[8974,3484],[13,0]],[[8999,3451],[0,-96],[-12,0]],[[8987,3355],[0,32]],[[8987,3387],[-25,0]],[[8949,3451],[0,-32]],[[8949,3419],[-12,0]],[[8937,3419],[0,65]],[[9087,3419],[0,-64],[-13,0]],[[9074,3355],[0,32]],[[9074,3387],[-25,0]],[[9049,3387],[0,32],[38,0]],[[9099,3419],[13,0]],[[9112,3355],[-13,0],[0,64]],[[9199,3355],[-12,0]],[[9187,3355],[0,64],[12,0],[0,-64]],[[3750,3387],[12,0]],[[3762,3387],[0,-32]],[[3762,3355],[-12,0],[0,32]],[[3787,3387],[13,0],[0,-32],[-13,0],[0,32]],[[6049,3387],[13,0],[0,-32],[-13,0],[0,32]],[[6099,3387],[0,-32]],[[6099,3355],[-12,0]],[[6087,3355],[0,32],[12,0]],[[6099,3387],[13,0],[0,-32]],[[6112,3355],[-13,0]],[[8162,3355],[-13,0],[0,32]],[[8187,3387],[0,-32]],[[8187,3355],[-13,0]],[[8187,3387],[25,0],[0,-32]],[[8212,3355],[-25,0]],[[8424,3387],[25,0],[0,-32]],[[8449,3355],[-25,0]],[[8424,3355],[0,32]],[[9049,3387],[13,0]],[[9062,3387],[0,-32]],[[9062,3355],[-13,0],[0,32]],[[9062,3387],[12,0]],[[9074,3355],[-12,0]],[[9149,3355],[-25,0]],[[9124,3355],[0,32],[25,0],[0,-32]],[[9399,3387],[0,-32],[-37,0],[0,32]],[[8937,3451],[0,-32]],[[8949,3419],[0,-32]],[[8949,3387],[38,0]],[[8987,3355],[-13,0],[0,-33]],[[8974,3322],[-62,0]],[[8912,3322],[0,33]],[[8912,3355],[-25,0],[0,32],[-25,0]],[[8824,3451],[0,33],[38,0]],[[3762,3387],[13,0]],[[3775,3387],[0,-65],[-13,0]],[[3762,3322],[0,65]],[[9237,3322],[0,33],[-13,0]],[[9224,3355],[0,32],[25,0],[0,-65],[-12,0]],[[2962,3355],[0,-33],[-25,0],[0,33],[25,0]],[[3162,3451],[0,-32],[38,0],[0,-97]],[[3200,3322],[-63,0]],[[3137,3322],[0,33],[13,0],[0,96],[12,0]],[[3287,3355],[13,0]],[[3300,3355],[0,-33],[-13,0]],[[3287,3322],[0,33]],[[3462,3355],[13,0],[0,-33],[-13,0],[0,33]],[[3662,3355],[13,0],[0,-33],[-13,0],[0,33]],[[5999,3355],[13,0],[0,-33],[-13,0],[0,33]],[[8274,3387],[0,-65],[-37,0],[0,33],[12,0]],[[8249,3355],[0,32],[25,0]],[[8437,3355],[12,0]],[[8449,3355],[0,-33]],[[8449,3322],[-12,0],[0,33]],[[8449,3355],[13,0],[0,-33]],[[8462,3322],[-13,0]],[[8912,3322],[-13,0],[0,33],[13,0]],[[8987,3355],[0,-33],[-13,0]],[[9074,3355],[0,-33]],[[9074,3322],[-12,0],[0,33]],[[9149,3355],[0,-33]],[[9149,3322],[-25,0],[0,33]],[[9199,3355],[0,-33]],[[9199,3322],[-12,0]],[[9187,3322],[0,33]],[[9237,3322],[-13,0],[0,33]],[[3562,3516],[0,-32],[13,0],[0,-65],[-13,0],[0,-32],[13,0],[0,-32],[-13,0],[0,-33]],[[3562,3322],[-12,0],[0,-32],[-50,0],[0,32],[-13,0],[0,194],[-12,0],[0,32]],[[2875,3387],[12,0],[0,-32],[13,0],[0,-33],[12,0],[0,33],[13,0],[0,-65]],[[2925,3290],[-38,0]],[[2887,3290],[0,32],[-12,0]],[[2875,3322],[0,65]],[[9462,3419],[12,0],[0,-32],[13,0],[0,-65],[12,0],[0,-32]],[[9499,3290],[-25,0],[0,32],[-12,0],[0,-32]],[[9462,3290],[-38,0],[0,32],[-12,0],[0,65]],[[9424,3387],[0,-32],[13,0],[0,32]],[[8324,3355],[0,-33],[-12,0]],[[8312,3322],[0,-32],[-13,0],[0,65],[25,0]],[[8424,3355],[13,0]],[[8449,3322],[0,-32]],[[8449,3290],[-25,0],[0,65]],[[8537,3419],[0,-64],[-25,0],[0,-33],[-25,0],[0,-32],[-13,0]],[[8474,3290],[0,65],[13,0],[0,32],[-13,0],[0,32]],[[8474,3419],[13,0],[0,65],[62,0],[0,-65]],[[9149,3322],[0,-32]],[[9149,3290],[-37,0]],[[9112,3290],[0,65]],[[3037,3322],[13,0]],[[3050,3322],[0,-32]],[[3050,3290],[-13,0]],[[3037,3290],[0,32]],[[3562,3322],[13,0],[0,-32],[-13,0],[0,32]],[[9074,3322],[13,0]],[[9087,3322],[0,-32],[-13,0],[0,32]],[[9149,3322],[13,0],[0,-32]],[[9162,3290],[-13,0]],[[9187,3322],[0,-32],[-13,0],[0,32],[13,0]],[[9087,3419],[12,0]],[[9112,3290],[12,0]],[[9124,3290],[0,-32]],[[9124,3258],[-37,0],[0,64]],[[3050,3322],[25,0]],[[3075,3322],[0,-64],[-13,0]],[[3062,3258],[0,32],[-12,0]],[[3400,3709],[25,0]],[[3475,3548],[-50,0],[0,-32]],[[3425,3516],[12,0],[0,-32],[25,0],[0,-33],[-12,0],[0,-32],[-13,0],[0,-32],[13,0],[0,-32],[-13,0],[0,-33],[-12,0],[0,33],[-13,0],[0,32],[-12,0],[0,-65],[-13,0],[0,33],[-75,0],[0,-97],[-12,0],[0,32],[-13,0]],[[3287,3290],[0,32]],[[3300,3355],[-25,0]],[[3275,3355],[0,32]],[[3275,3387],[-13,0],[0,-32],[-12,0]],[[3250,3355],[0,96]],[[3250,3451],[37,0],[0,-32],[13,0],[0,32],[37,0],[0,33]],[[3337,3484],[25,0]],[[3350,3516],[0,32]],[[3350,3548],[-13,0],[0,65],[13,0],[0,32],[12,0],[0,32],[38,0],[0,32]],[[3387,3548],[0,-32]],[[3387,3451],[0,33]],[[6037,3322],[12,0],[0,-64],[-12,0],[0,64]],[[6074,3322],[13,0],[0,-32],[12,0],[0,-32],[-25,0],[0,64]],[[8199,3451],[13,0],[0,-32],[50,0],[0,32],[25,0],[0,-32],[37,0]],[[8337,3419],[12,0]],[[8362,3419],[25,0]],[[8399,3387],[0,64],[13,0]],[[8412,3419],[62,0]],[[8474,3290],[-25,0]],[[8462,3322],[0,65],[-38,0]],[[8424,3355],[-75,0],[0,-65]],[[8349,3290],[-12,0],[0,-32]],[[8337,3258],[-25,0],[0,64]],[[8324,3355],[-50,0],[0,32]],[[8249,3355],[-37,0]],[[3062,3258],[-12,0],[0,32]],[[3162,3290],[25,0],[0,-32],[-25,0],[0,32]],[[3600,3290],[12,0],[0,-32],[-12,0]],[[3600,3258],[0,32]],[[8349,3290],[0,32],[13,0],[0,-64],[-25,0]],[[8474,3290],[0,-32],[-25,0],[0,32]],[[5774,3258],[0,-33],[-25,0],[0,130],[-12,0],[0,64],[12,0],[0,-32],[25,0],[0,-32],[-12,0],[0,-97],[12,0]],[[5799,3225],[-12,0],[0,33],[-13,0]],[[5774,3258],[0,64],[13,0],[0,33],[12,0],[0,-130]],[[8449,3290],[0,-65],[-12,0]],[[8437,3225],[0,33]],[[8437,3258],[-25,0],[0,32],[37,0]],[[9199,3322],[0,-32],[13,0],[0,-32],[-38,0]],[[9174,3258],[0,-33]],[[9174,3225],[-12,0]],[[9162,3225],[0,33]],[[9162,3258],[-38,0]],[[9124,3290],[38,0]],[[9162,3290],[0,65],[25,0]],[[9499,3290],[0,-32],[-12,0]],[[9487,3258],[0,-33]],[[9487,3225],[-13,0],[0,33],[-25,0],[0,32],[13,0]],[[3400,3258],[25,0],[0,-33],[-25,0],[0,33]],[[3875,3258],[12,0],[0,-33],[-12,0],[0,33]],[[8399,3258],[0,-33],[-25,0],[0,33],[25,0]],[[9162,3225],[-13,0],[0,33],[13,0]],[[9174,3258],[25,0],[0,-33],[-25,0]],[[9249,3225],[-12,0],[0,33],[12,0],[0,-33]],[[9487,3258],[25,0],[0,-33]],[[9512,3225],[-25,0]],[[8974,3225],[-12,0],[0,-32],[-25,0]],[[8937,3193],[0,97],[25,0],[0,-32],[12,0],[0,-33]],[[3400,3871],[25,0]],[[3412,3709],[-12,0]],[[3350,3548],[0,-64]],[[3350,3484],[-13,0]],[[3250,3451],[0,-64]],[[3250,3387],[-13,0],[0,-32],[-25,0],[0,-33]],[[3212,3322],[-12,0]],[[3137,3322],[13,0]],[[3150,3322],[0,-32],[-13,0],[0,-32],[-12,0],[0,-33],[-25,0],[0,-32],[-13,0],[0,32],[-25,0]],[[3062,3225],[0,33]],[[3075,3322],[-38,0]],[[3037,3322],[0,33]],[[3037,3355],[-25,0],[0,64],[-25,0],[0,-97],[-12,0],[0,33],[-13,0]],[[2962,3355],[0,96],[-12,0]],[[2950,3451],[0,33]],[[3025,3677],[12,0]],[[3037,3677],[0,32],[25,0],[0,97]],[[3062,3806],[63,0]],[[3275,3903],[37,0]],[[8399,3258],[38,0]],[[8437,3225],[-13,0],[0,-32],[-25,0],[0,65]],[[9624,3225],[-12,0],[0,-32]],[[9612,3193],[-13,0],[0,65],[25,0],[0,-33]],[[3062,3225],[0,-32],[-25,0]],[[3037,3193],[0,32],[25,0]],[[3600,3225],[0,-32]],[[3600,3193],[-13,0]],[[3587,3193],[0,32],[13,0]],[[3600,3225],[12,0],[0,-32]],[[3612,3193],[-12,0]],[[3700,3225],[12,0],[0,-32],[-12,0],[0,32]],[[5949,3225],[13,0],[0,-32]],[[5962,3193],[-13,0]],[[5949,3193],[0,32]],[[8674,3225],[13,0],[0,-32]],[[8687,3193],[-13,0],[0,32]],[[9249,3225],[13,0],[0,-32],[-13,0]],[[9249,3193],[0,32]],[[9512,3225],[0,-32],[-25,0],[0,32]],[[9624,3225],[0,-32]],[[9624,3193],[-12,0]],[[3275,3355],[12,0]],[[3287,3355],[0,-162]],[[3287,3193],[13,0],[0,-32],[-25,0]],[[3275,3161],[0,194]],[[3212,3225],[38,0],[0,-32],[12,0],[0,-32],[-62,0],[0,32],[12,0],[0,32]],[[3537,3193],[13,0],[0,-32],[-13,0],[0,32]],[[5549,3193],[13,0],[0,-32],[-13,0],[0,32]],[[5887,3193],[12,0],[0,-32],[-12,0],[0,32]],[[8649,3193],[13,0],[0,-32]],[[8662,3161],[-13,0],[0,32]],[[8687,3193],[12,0],[0,-32],[-12,0]],[[8687,3161],[0,32]],[[8787,3161],[-13,0],[0,32],[13,0],[0,-32]],[[9249,3193],[25,0],[0,32],[13,0],[0,-64],[-38,0],[0,32]],[[9449,3193],[0,-32],[-12,0],[0,32],[12,0]],[[9624,3193],[13,0]],[[9637,3193],[0,-32],[-13,0]],[[9624,3161],[0,32]],[[3037,3193],[0,-64],[-12,0],[0,32],[-25,0],[0,64],[12,0],[0,-32],[25,0]],[[9449,3193],[13,0],[0,-64],[-13,0],[0,64]],[[5449,3161],[0,-32],[-12,0],[0,32],[12,0]],[[5949,3161],[13,0]],[[5962,3161],[0,-32]],[[5962,3129],[-13,0]],[[5949,3129],[0,32]],[[6362,3161],[12,0],[0,-32],[-12,0],[0,32]],[[9637,3193],[12,0],[0,-64],[-25,0],[0,32]],[[3112,3161],[13,0]],[[3125,3161],[0,-65]],[[3125,3096],[-13,0]],[[3112,3096],[0,65]],[[5987,3161],[12,0],[0,-65]],[[5999,3096],[-12,0],[0,65]],[[8937,3129],[12,0],[0,-33],[-25,0]],[[8924,3096],[0,65],[13,0],[0,-32]],[[2850,3129],[12,0]],[[2862,3129],[0,-33],[-12,0],[0,33]],[[3050,3129],[12,0],[0,-33],[-12,0],[0,33]],[[3125,3129],[12,0]],[[3137,3129],[0,-33]],[[3137,3096],[-12,0]],[[3125,3096],[0,33]],[[3400,3129],[12,0],[0,-33],[-12,0],[0,33]],[[3587,3129],[13,0],[0,-33],[-13,0],[0,33]],[[5762,3129],[12,0],[0,-33],[-12,0],[0,33]],[[5862,3129],[12,0],[0,-33],[-12,0],[0,33]],[[5912,3129],[12,0],[0,-33],[-12,0],[0,33]],[[8687,3096],[0,33],[12,0],[0,-33],[-12,0]],[[8774,3129],[13,0],[0,-33],[-13,0],[0,33]],[[5949,3258],[0,-65]],[[5949,3193],[25,0]],[[5974,3193],[0,32],[25,0],[0,65],[25,0],[0,-97],[-37,0],[0,-32]],[[5987,3161],[-38,0]],[[5949,3161],[0,-97]],[[5949,3064],[-12,0]],[[5937,3064],[0,161],[-13,0],[0,194],[-12,0],[0,65],[25,0],[0,-33],[12,0],[0,-32],[-12,0],[0,-97],[12,0],[0,-32],[-12,0],[0,-32],[12,0]],[[5412,3193],[0,-129]],[[5412,3064],[-13,0]],[[5399,3064],[0,129],[13,0]],[[6187,3193],[25,0],[0,-64],[12,0],[0,32],[13,0],[0,-32],[25,0],[0,-65],[-25,0],[0,32],[-38,0],[0,33],[-12,0],[0,64]],[[8724,3161],[13,0]],[[8737,3161],[0,-65],[12,0],[0,-32],[-25,0],[0,97]],[[5962,3129],[0,-65]],[[5962,3064],[-13,0]],[[5949,3064],[0,65]],[[3112,3096],[25,0]],[[3137,3096],[0,-32]],[[3137,3064],[-25,0]],[[3112,3064],[0,32]],[[3700,3096],[12,0],[0,-32],[-12,0],[0,32]],[[5412,3096],[12,0],[0,-32]],[[5424,3064],[-12,0]],[[5412,3064],[0,32]],[[6399,3064],[-12,0]],[[6387,3064],[0,32],[12,0],[0,-32]],[[2900,3225],[50,0],[0,-32],[37,0],[0,-64],[13,0]],[[3000,3129],[0,-65]],[[3000,3064],[-25,0],[0,-32],[-13,0],[0,32],[-12,0],[0,32],[-13,0],[0,33],[-12,0],[0,64],[-25,0]],[[2900,3193],[0,32]],[[3375,3064],[-13,0]],[[3362,3064],[0,-32]],[[3362,3032],[-25,0]],[[3337,3032],[0,129],[-12,0],[0,64],[25,0],[0,-64],[12,0],[0,-32],[13,0],[0,-65]],[[8624,3129],[50,0],[0,-33]],[[8674,3096],[13,0]],[[8687,3096],[0,-32],[-13,0],[0,-32],[-12,0],[0,32],[-13,0],[0,-32],[-12,0],[0,32],[-13,0],[0,65]],[[8987,3129],[0,-65],[12,0],[0,-32]],[[8999,3032],[-25,0],[0,97],[13,0]],[[3525,3064],[-13,0],[0,-32]],[[3512,3032],[-12,0]],[[3500,3032],[0,32]],[[3500,3064],[-13,0],[0,32],[13,0],[0,33],[12,0],[0,-33],[13,0],[0,-32]],[[3862,3161],[0,-129]],[[3862,3032],[-37,0]],[[3825,3032],[0,64],[12,0],[0,33],[13,0],[0,32],[12,0]],[[5962,3096],[12,0],[0,-64],[-12,0]],[[5962,3032],[0,64]],[[3037,3064],[13,0]],[[3050,3064],[0,-32]],[[3050,3032],[-13,0]],[[3037,3032],[0,32]],[[3050,3064],[12,0]],[[3062,3064],[0,-32]],[[3062,3032],[-12,0]],[[3437,3064],[13,0],[0,-32],[-13,0],[0,32]],[[3525,3064],[0,-32]],[[3525,3032],[-13,0]],[[3525,3064],[12,0]],[[3537,3064],[0,-32]],[[3537,3032],[-12,0]],[[5449,3064],[13,0]],[[5462,3064],[0,-32]],[[5462,3032],[-13,0]],[[5449,3032],[0,32]],[[5787,3064],[12,0],[0,-32],[-12,0],[0,32]],[[6337,3064],[0,-32],[-13,0]],[[6324,3032],[0,32],[13,0]],[[8812,3000],[-25,0],[0,32],[-13,0],[0,32],[-12,0],[0,65],[-13,0],[0,32]],[[8749,3161],[38,0]],[[8787,3161],[0,64],[12,0],[0,-96],[13,0],[0,-33],[-13,0],[0,-64],[13,0],[0,-32]],[[3075,3096],[12,0]],[[3087,3096],[0,-32],[13,0],[0,-64]],[[3100,3000],[-13,0]],[[3087,3000],[0,32]],[[3087,3032],[-12,0]],[[3075,3032],[0,64]],[[3287,3032],[-12,0],[0,-32]],[[3275,3000],[-13,0]],[[3262,3000],[0,32],[-12,0],[0,32]],[[3250,3064],[-25,0]],[[3225,3064],[0,32],[25,0],[0,33],[12,0],[0,-33],[13,0],[0,-32],[12,0],[0,-32]],[[3862,3096],[38,0],[0,-32],[-25,0],[0,-64]],[[3875,3000],[-13,0]],[[3862,3000],[0,96]],[[5999,3096],[13,0],[0,33],[12,0],[0,32],[13,0],[0,-65],[-13,0],[0,-32],[25,0],[0,-64],[-37,0],[0,64],[-13,0],[0,32]],[[3287,3032],[0,-32],[-12,0]],[[3487,3000],[-12,0]],[[3475,3000],[0,32],[12,0],[0,-32]],[[5987,3032],[12,0],[0,-32],[-12,0],[0,32]],[[8724,3032],[13,0],[0,-32],[-13,0],[0,32]],[[3112,3129],[0,-65]],[[3112,3064],[13,0]],[[3125,3064],[0,-97]],[[3125,2967],[-13,0]],[[3112,2967],[0,33],[-12,0]],[[3087,3096],[13,0]],[[3100,3096],[0,33],[12,0]],[[3062,3064],[13,0]],[[3075,3064],[0,-32]],[[3087,3032],[0,-65]],[[3087,2967],[-25,0]],[[3062,2967],[0,97]],[[8924,3064],[13,0],[0,-32],[12,0],[0,-32],[-12,0],[0,-33],[-13,0]],[[8924,2967],[0,97]],[[3612,3064],[0,-64]],[[3612,3000],[-12,0],[0,-33]],[[3600,2967],[-13,0]],[[3587,2967],[0,65],[13,0],[0,32],[12,0]],[[9649,3032],[0,-65],[-12,0]],[[9637,2967],[0,65],[12,0]],[[3112,2967],[-12,0],[0,33]],[[3612,3000],[0,-33]],[[3612,2967],[-12,0]],[[3875,3000],[12,0],[0,-33],[-12,0],[0,33]],[[6112,3129],[25,0],[0,-65]],[[6137,3064],[-13,0],[0,-129],[-12,0]],[[6112,2935],[0,129],[-13,0],[0,32],[13,0],[0,33]],[[187,3064],[38,0],[0,-32],[12,0],[0,-32],[25,0],[0,-65],[-12,0],[0,32],[-38,0],[0,33],[-25,0],[0,64]],[[3212,3064],[38,0]],[[3262,3000],[-50,0]],[[3212,3000],[0,-33],[-12,0],[0,-32],[-13,0],[0,32],[-12,0],[0,33],[-13,0],[0,-33],[-12,0],[0,65],[-13,0],[0,32]],[[3137,3064],[13,0],[0,32],[25,0],[0,33],[12,0],[0,-33],[25,0],[0,-32]],[[3362,3064],[38,0]],[[3400,3064],[0,-32],[12,0],[0,-32],[-12,0],[0,-65],[-38,0],[0,32],[-12,0],[0,65]],[[3350,3032],[12,0]],[[3812,3032],[13,0]],[[3825,3032],[0,-65],[12,0],[0,-32],[-25,0]],[[3812,2935],[0,97]],[[9649,3032],[13,0],[0,-97]],[[9662,2935],[-13,0]],[[9649,2935],[0,97]],[[2875,2967],[12,0],[0,-32]],[[2887,2935],[-12,0],[0,32]],[[3125,2967],[0,-32]],[[3125,2935],[-13,0],[0,32]],[[3512,2967],[13,0],[0,-32],[-13,0],[0,32]],[[3550,2967],[12,0],[0,-32],[-12,0],[0,32]],[[5337,2967],[12,0],[0,-32]],[[5349,2935],[-12,0],[0,32]],[[5462,2967],[12,0]],[[5474,2967],[0,-32]],[[5474,2935],[-12,0]],[[5462,2935],[0,32]],[[5949,2967],[13,0],[0,-32],[-13,0],[0,32]],[[8662,2967],[12,0],[0,-32],[-12,0],[0,32]],[[8737,2935],[0,32],[25,0],[0,-32],[-25,0]],[[8987,2967],[12,0],[0,-32],[-12,0],[0,32]],[[3287,3032],[25,0],[0,-65],[-12,0],[0,-64],[-13,0],[0,32],[-12,0],[0,65]],[[3850,2967],[12,0],[0,-64]],[[3862,2903],[-12,0]],[[3850,2903],[0,64]],[[6399,2967],[0,-32],[13,0],[0,-32]],[[6412,2903],[-25,0],[0,64],[12,0]],[[3325,2903],[-13,0],[0,32],[13,0],[0,-32]],[[5737,2935],[25,0],[0,-32],[-25,0],[0,32]],[[5912,2935],[25,0],[0,-32],[-25,0],[0,32]],[[8487,2935],[12,0],[0,-32],[-12,0],[0,32]],[[8737,2935],[0,-32],[-13,0],[0,32],[13,0]],[[9662,2935],[0,-32],[-13,0],[0,32]],[[6112,2935],[0,-64],[-13,0],[0,64],[13,0]],[[8924,2935],[13,0],[0,-32],[12,0],[0,-32],[-25,0]],[[8924,2871],[0,64]],[[3325,2903],[12,0],[0,-32],[-12,0]],[[3325,2871],[0,32]],[[3862,2903],[0,-32]],[[3862,2871],[-12,0]],[[3850,2871],[0,32]],[[6124,2903],[13,0]],[[6137,2903],[0,-32],[-13,0],[0,32]],[[6274,2903],[0,-32],[-12,0]],[[6262,2871],[0,32],[12,0]],[[3137,2903],[38,0],[0,-65]],[[3175,2838],[-25,0]],[[3150,2838],[0,33],[-13,0]],[[3137,2871],[0,32]],[[3662,2903],[13,0],[0,-32],[12,0],[0,-33],[-25,0],[0,65]],[[8587,2838],[-25,0],[0,33],[-13,0],[0,32],[13,0]],[[8562,2903],[0,64],[25,0],[0,-129]],[[8649,2903],[13,0],[0,-65],[-13,0],[0,65]],[[3150,2838],[-13,0]],[[3137,2838],[0,33]],[[3325,2871],[0,-33]],[[3325,2838],[-25,0]],[[3300,2838],[0,33],[25,0]],[[6037,2838],[-13,0],[0,33],[13,0],[0,-33]],[[6237,2871],[0,-33]],[[6237,2838],[-13,0]],[[6224,2838],[0,33],[13,0]],[[6237,2871],[25,0]],[[6262,2871],[0,-33]],[[6262,2838],[-25,0]],[[6324,2871],[13,0],[0,-33],[-13,0],[0,33]],[[3887,2935],[0,-129]],[[3887,2806],[-12,0]],[[3875,2806],[0,65]],[[3875,2871],[-13,0]],[[3862,2903],[13,0],[0,32],[12,0]],[[5799,4225],[25,0],[0,-32],[25,0],[0,-32],[13,0],[0,-32],[-13,0],[0,-33],[-12,0]],[[5837,4096],[0,-32]],[[5774,4032],[0,-97]],[[5762,3935],[0,-97]],[[5762,3838],[-13,0]],[[5749,3709],[38,0]],[[5787,3709],[0,-64]],[[5787,3645],[25,0]],[[5824,3645],[13,0],[0,97],[12,0],[0,32],[38,0],[0,-32],[12,0],[0,-33],[13,0],[0,-64],[-25,0],[0,-32],[12,0],[0,-33],[-12,0],[0,-32],[12,0],[0,-64],[-12,0],[0,-33]],[[5887,3451],[-13,0],[0,-96],[-12,0]],[[5862,3355],[0,64]],[[5862,3419],[-38,0]],[[5824,3419],[0,-32],[-12,0],[0,-32],[12,0],[0,-33],[13,0],[0,-32],[-13,0],[0,-32],[25,0],[0,-33],[-50,0]],[[5799,3225],[0,-96],[13,0],[0,-33],[12,0],[0,-32],[13,0],[0,-64],[-88,0],[0,-33],[-37,0],[0,-32],[-13,0],[0,-32],[-12,0],[0,-32],[12,0],[0,-33],[-12,0],[0,-32],[-38,0],[0,32],[-12,0],[0,33],[12,0],[0,64],[13,0],[0,32],[-13,0],[0,65],[-12,0],[0,32],[-13,0],[0,65],[13,0],[0,32],[-13,0],[0,32],[-12,0],[0,32],[-13,0],[0,-32],[-25,0],[0,-129],[25,0],[0,-97],[13,0],[0,-32],[-13,0],[0,-64],[-37,0],[0,32],[-13,0],[0,32],[-25,0],[0,-32],[-37,0],[0,32]],[[5487,2935],[-13,0]],[[5474,2967],[-37,0]],[[5437,2967],[0,65]],[[5437,3032],[25,0]],[[5462,3064],[12,0]],[[5474,3064],[0,32],[13,0],[0,65],[-38,0]],[[5449,3161],[0,64],[-37,0],[0,33],[-13,0],[0,97],[-12,0],[0,129],[12,0],[0,32]],[[5437,3613],[-13,0]],[[5424,3645],[-12,0]],[[5437,3677],[0,-32]],[[5449,3645],[0,32]],[[5462,3709],[-25,0]],[[5437,3709],[0,65]],[[5399,3677],[-50,0]],[[5349,3709],[-25,0]],[[5287,3838],[-38,0],[0,65]],[[5237,3903],[0,32]],[[5249,4000],[0,64]],[[5262,4064],[0,161]],[[5299,4258],[0,32]],[[5299,4290],[38,0],[0,32],[37,0],[0,-32],[38,0],[0,-32],[12,0],[0,32],[13,0],[0,32],[37,0],[0,-32],[50,0],[0,32],[13,0],[0,-64]],[[5537,4258],[-38,0]],[[5512,4193],[0,32]],[[5512,4225],[62,0],[0,33],[-12,0],[0,32],[37,0],[0,32],[13,0],[0,32],[12,0],[0,33],[13,0],[0,32],[25,0],[0,-65],[-13,0],[0,-32],[38,0],[0,32],[12,0],[0,-32],[13,0],[0,-32],[-13,0],[0,-32],[38,0],[0,-33],[12,0],[0,33],[25,0],[0,-33],[13,0]],[[9049,2806],[-12,0]],[[9037,2806],[0,65],[12,0],[0,-65]],[[9687,2806],[-13,0]],[[9674,2806],[0,65],[13,0],[0,-65]],[[12,2806],[-12,0]],[[0,2806],[0,32],[12,0],[0,-32]],[[2950,2838],[0,-32]],[[2950,2806],[-13,0],[0,32],[13,0]],[[3275,2806],[-25,0],[0,32],[25,0],[0,-32]],[[3312,2838],[13,0]],[[3325,2838],[0,-32]],[[3325,2806],[-13,0]],[[3312,2806],[0,32]],[[3325,2838],[12,0],[0,-32]],[[3337,2806],[-12,0]],[[3375,2838],[12,0],[0,-32]],[[3387,2806],[-12,0]],[[3375,2806],[0,32]],[[3887,2838],[13,0],[0,-32]],[[3900,2806],[-13,0]],[[3887,2806],[0,32]],[[5574,2838],[13,0],[0,-32],[-13,0],[0,32]],[[6037,2838],[25,0]],[[6062,2838],[0,-32],[-25,0]],[[6037,2806],[0,32]],[[6124,2838],[0,-32],[-12,0]],[[6112,2806],[0,32],[12,0]],[[6287,2838],[12,0],[0,-32],[-12,0],[0,32]],[[8874,2838],[13,0],[0,-32],[-13,0],[0,32]],[[9962,2838],[0,-32],[-13,0]],[[9949,2806],[0,32],[13,0]],[[3175,2838],[12,0],[0,33],[13,0],[0,-97],[-13,0],[0,32],[-12,0],[0,32]],[[8874,2838],[0,-64],[-12,0]],[[8862,2774],[0,64],[12,0]],[[12,2806],[0,-32],[-12,0],[0,32]],[[3325,2806],[0,-32]],[[3325,2774],[-13,0]],[[3312,2774],[0,32]],[[3337,2806],[13,0],[0,-32]],[[3350,2774],[-13,0],[0,32]],[[3837,2838],[13,0],[0,-64],[-25,0],[0,32],[12,0],[0,32]],[[6037,2806],[0,-32],[-25,0],[0,32],[25,0]],[[6112,2806],[0,-32],[-13,0]],[[6099,2774],[0,32],[13,0]],[[6224,2774],[-12,0]],[[6212,2774],[0,32],[12,0],[0,-32]],[[6387,2774],[0,32],[12,0],[0,-32],[-12,0]],[[9962,2838],[25,0],[0,33],[12,0],[0,-97],[-50,0],[0,32]],[[3800,2871],[0,-33]],[[3800,2838],[12,0],[0,-32],[-12,0],[0,-64],[-13,0]],[[3787,2742],[0,129],[13,0]],[[6062,2838],[12,0],[0,-32],[13,0],[0,-32]],[[6087,2774],[-13,0],[0,-32],[-75,0]],[[5999,2742],[0,96],[13,0],[0,65],[50,0],[0,32],[25,0],[0,-32],[-13,0],[0,-32],[-12,0],[0,-33]],[[3350,2774],[0,-32]],[[3350,2742],[-25,0]],[[3325,2742],[0,64]],[[3375,2806],[50,0]],[[3425,2806],[0,-32]],[[3425,2774],[-13,0],[0,-32]],[[3412,2742],[-25,0]],[[3387,2742],[0,32],[-12,0]],[[3375,2774],[0,32]],[[3587,2871],[0,-33]],[[3587,2838],[13,0],[0,-64]],[[3600,2774],[-13,0],[0,-32]],[[3587,2742],[-62,0]],[[3525,2742],[0,64],[25,0],[0,32],[12,0],[0,65],[13,0],[0,-32],[12,0]],[[25,2774],[12,0],[0,-32],[-12,0],[0,32]],[[3325,2774],[0,-32]],[[3325,2742],[-13,0]],[[3312,2742],[0,32]],[[3425,2774],[0,-32]],[[3425,2742],[-13,0]],[[3475,2774],[0,-32]],[[3475,2742],[-13,0],[0,32],[13,0]],[[3600,2774],[0,-32]],[[3600,2742],[-13,0]],[[3600,2774],[12,0],[0,-32]],[[3612,2742],[-12,0]],[[6374,2774],[13,0]],[[6387,2774],[0,-32],[-13,0],[0,32]],[[8574,2774],[13,0],[0,-32],[-13,0],[0,32]],[[8712,2742],[-13,0],[0,32],[13,0],[0,-32]],[[9637,2967],[0,-32],[12,0]],[[9662,2935],[12,0],[0,-129]],[[9687,2806],[0,-97],[-25,0],[0,97],[-25,0],[0,65],[-13,0],[0,32],[-12,0],[0,64],[25,0]],[[3912,2742],[0,-33]],[[3912,2709],[-25,0],[0,33],[-12,0],[0,32],[25,0],[0,-32],[12,0]],[[9012,2774],[-13,0],[0,-32],[-37,0],[0,-33],[-13,0],[0,65],[13,0],[0,64],[12,0],[0,33],[13,0],[0,-33],[12,0],[0,-32],[13,0],[0,-32]],[[3337,2742],[25,0]],[[3362,2742],[0,-33]],[[3362,2709],[-25,0]],[[3337,2709],[0,33]],[[3400,2742],[12,0]],[[3412,2742],[0,-33],[-12,0],[0,33]],[[3612,2742],[25,0],[0,-33],[-25,0]],[[3612,2709],[0,33]],[[3787,2742],[0,-33]],[[3787,2709],[-12,0]],[[3775,2709],[0,33],[12,0]],[[3912,2742],[13,0],[0,-33],[-13,0]],[[5849,2709],[0,33],[13,0],[0,-33],[-13,0]],[[8387,2742],[25,0],[0,-33]],[[8412,2709],[-25,0],[0,33]],[[8712,2742],[12,0],[0,-33]],[[8724,2709],[-12,0],[0,33]],[[8849,2742],[13,0],[0,-33],[-13,0],[0,33]],[[5849,2709],[0,-32],[-25,0],[0,129],[25,0],[0,-32],[-12,0],[0,-65],[12,0]],[[9962,2677],[-50,0],[0,65],[12,0],[0,32],[38,0],[0,-97]],[[9962,2677],[0,65],[12,0],[0,32],[13,0],[0,-97],[-25,0]],[[3337,2709],[0,-32],[-25,0],[0,32],[25,0]],[[3350,2709],[12,0]],[[3362,2709],[0,-32]],[[3362,2677],[-12,0]],[[3350,2677],[0,32]],[[3362,2709],[25,0],[0,-32]],[[3387,2677],[-25,0]],[[3775,2709],[0,-32],[-13,0],[0,32],[13,0]],[[5912,2709],[12,0],[0,-32],[-12,0],[0,32]],[[5987,2677],[-13,0]],[[5974,2677],[0,32],[13,0],[0,-32]],[[8612,2709],[12,0],[0,-32],[-12,0],[0,32]],[[9074,2677],[-12,0]],[[9062,2677],[0,32],[12,0],[0,-32]],[[8449,2806],[13,0],[0,-32],[12,0],[0,-32],[13,0],[0,-33],[12,0],[0,-64],[-25,0],[0,32],[-25,0],[0,32],[-25,0],[0,97],[-12,0],[0,-32],[-13,0]],[[8399,2774],[0,64],[25,0],[0,33],[25,0],[0,-65]],[[9049,2806],[13,0],[0,-129]],[[9074,2677],[0,-32],[-25,0]],[[9049,2645],[0,64],[-12,0]],[[9037,2709],[0,65]],[[9037,2774],[12,0],[0,32]],[[3787,2709],[13,0]],[[3800,2709],[0,-64]],[[3800,2645],[-13,0]],[[3787,2645],[0,64]],[[8537,2709],[50,0],[0,-32],[-13,0],[0,-32],[-12,0],[0,32],[-25,0],[0,32]],[[9049,2645],[-12,0]],[[9037,2645],[0,64]],[[162,2677],[13,0],[0,-32],[-13,0],[0,32]],[[3125,2677],[12,0],[0,-32],[-12,0],[0,32]],[[3387,2677],[13,0],[0,-32],[-13,0],[0,32]],[[3587,2677],[13,0]],[[3600,2677],[0,-32]],[[3600,2645],[-13,0]],[[3587,2645],[0,32]],[[3587,2903],[13,0],[0,-32],[37,0],[0,-65],[25,0],[0,-97],[25,0]],[[3687,2709],[0,-32]],[[3687,2677],[-50,0],[0,-32],[-37,0]],[[3600,2677],[12,0]],[[3612,2677],[0,32]],[[3587,2838],[0,65]],[[5449,2677],[13,0],[0,-32],[-13,0],[0,32]],[[5987,2677],[12,0],[0,-32],[-12,0],[0,32]],[[9699,2677],[0,-32]],[[9699,2645],[-12,0]],[[9687,2645],[0,32],[12,0]],[[9699,2677],[13,0],[0,-32]],[[9712,2645],[-13,0]],[[5974,2677],[0,-64],[-12,0],[0,64],[12,0]],[[3212,2645],[13,0],[0,-32],[-13,0]],[[3212,2613],[0,32]],[[3600,2645],[0,-32]],[[3600,2613],[-13,0]],[[3587,2613],[0,32]],[[3687,2645],[13,0],[0,-32],[-13,0],[0,32]],[[5712,2645],[50,0],[0,-32],[-50,0],[0,32]],[[9962,2677],[0,-64],[-25,0],[0,32],[12,0],[0,32],[13,0]],[[8724,2709],[13,0],[0,-32],[25,0],[0,65],[12,0],[0,-65],[13,0],[0,-97],[-13,0],[0,65],[-12,0],[0,-32],[-13,0],[0,32],[-25,0],[0,64]],[[8387,2645],[0,-32],[25,0],[0,-33],[-50,0]],[[8362,2580],[0,65],[25,0]],[[9699,2645],[0,-65]],[[9699,2580],[-12,0],[0,65]],[[9712,2645],[0,-65]],[[9712,2580],[-13,0]],[[3037,2613],[13,0]],[[3050,2613],[0,-33],[-13,0],[0,33]],[[3112,2580],[-12,0],[0,33],[12,0],[0,-33]],[[3862,2613],[25,0],[0,-33],[-25,0],[0,33]],[[5774,2613],[13,0],[0,-33],[-13,0],[0,33]],[[5824,2613],[13,0],[0,-33],[-13,0],[0,33]],[[5924,2580],[0,33],[13,0],[0,-33],[-13,0]],[[8799,2613],[13,0],[0,-33],[-13,0],[0,33]],[[9099,2580],[0,33],[13,0],[0,-33],[-13,0]],[[6212,2742],[12,0],[0,-65],[13,0],[0,-64],[12,0],[0,-65],[-12,0],[0,32],[-13,0]],[[6224,2580],[0,65],[-12,0],[0,97]],[[3687,2742],[25,0]],[[3712,2742],[0,-97]],[[3712,2645],[13,0],[0,-65],[-13,0],[0,-32]],[[3712,2548],[-12,0]],[[3700,2548],[0,32]],[[3700,2580],[-38,0]],[[3662,2580],[0,33]],[[3662,2613],[-62,0]],[[3687,2677],[0,65]],[[3250,2548],[0,32],[12,0],[0,-32],[-12,0]],[[3662,2580],[25,0]],[[3687,2580],[0,-32]],[[3687,2548],[-25,0]],[[3662,2548],[0,32]],[[3687,2580],[13,0]],[[3700,2548],[-13,0]],[[5924,2580],[0,-32],[-12,0],[0,32],[12,0]],[[8299,2580],[0,-32]],[[8299,2548],[-12,0],[0,32],[12,0]],[[9137,2580],[12,0],[0,-32]],[[9149,2548],[-12,0],[0,32]],[[9712,2580],[12,0],[0,-32],[-12,0],[0,32]],[[3800,2645],[0,-129]],[[3800,2516],[-13,0]],[[3787,2516],[0,129]],[[8887,2645],[25,0],[0,-129],[-13,0],[0,64],[-12,0],[0,65]],[[3112,2580],[25,0],[0,-64],[-12,0],[0,32],[-13,0],[0,32]],[[6587,2580],[12,0],[0,-64],[-12,0],[0,64]],[[3787,2548],[0,-32]],[[3787,2516],[-12,0]],[[3775,2516],[0,32],[12,0]],[[8924,2548],[13,0],[0,-32],[-13,0],[0,32]],[[8962,2516],[-13,0],[0,32],[13,0],[0,-32]],[[8824,2645],[38,0],[0,-32],[12,0],[0,-33],[-12,0],[0,-96],[-38,0],[0,161]],[[3475,2806],[12,0],[0,-32],[13,0],[0,-32],[12,0],[0,-33],[-12,0],[0,-96],[-13,0],[0,-97],[-12,0],[0,-32],[-25,0],[0,32],[-13,0],[0,-32],[-12,0]],[[3425,2484],[0,32],[-13,0]],[[3412,2516],[0,64],[13,0],[0,-32],[25,0],[0,32],[12,0],[0,65],[13,0]],[[3475,2645],[0,161]],[[3250,2548],[0,-64],[-13,0],[0,64],[13,0]],[[3312,2613],[38,0],[0,-97],[-13,0]],[[3337,2516],[0,-32]],[[3337,2484],[-37,0],[0,64],[12,0]],[[3312,2548],[0,65]],[[3625,2548],[37,0]],[[3662,2548],[0,-32],[13,0],[0,-32]],[[3675,2484],[-25,0],[0,32],[-25,0],[0,32]],[[3687,2548],[0,-64],[-12,0]],[[3862,2548],[0,-64]],[[3862,2484],[-25,0]],[[3837,2484],[0,64],[25,0]],[[3875,2548],[12,0],[0,-64],[-12,0],[0,64]],[[5674,2484],[-12,0],[0,64],[12,0],[0,-64]],[[8724,2548],[13,0],[0,-64],[-13,0],[0,64]],[[3212,2516],[13,0],[0,-32],[-13,0]],[[3212,2484],[0,32]],[[3412,2516],[0,-32]],[[3412,2484],[-12,0],[0,32],[12,0]],[[3425,2484],[-13,0]],[[3512,2484],[-12,0],[0,32],[12,0],[0,-32]],[[3700,2516],[12,0],[0,-32],[-12,0],[0,32]],[[5987,2484],[-13,0]],[[5974,2484],[0,32],[13,0],[0,-32]],[[8962,2516],[25,0],[0,-32],[-25,0],[0,32]],[[8999,2516],[13,0],[0,-32],[-13,0],[0,32]],[[9124,2580],[13,0]],[[9149,2548],[0,-97]],[[9149,2451],[-12,0],[0,33],[-13,0],[0,96]],[[137,2516],[0,-65]],[[137,2451],[-12,0],[0,65],[12,0]],[[137,2516],[13,0],[0,-65],[-13,0]],[[6524,2516],[38,0],[0,-65],[-38,0],[0,65]],[[8199,2451],[-12,0],[0,33],[12,0],[0,-33]],[[8749,2484],[13,0],[0,-33],[-13,0],[0,33]],[[9162,2451],[-13,0]],[[9149,2451],[0,33],[13,0],[0,-33]],[[9662,2451],[-25,0]],[[9637,2451],[0,97],[12,0],[0,-32],[13,0],[0,-32],[12,0],[0,-65],[-12,0],[0,32]],[[3350,2484],[37,0],[0,-65],[-37,0],[0,65]],[[3425,2484],[0,-65],[-13,0],[0,65]],[[5674,2484],[25,0],[0,64],[13,0],[0,-32],[12,0],[0,-65],[-12,0],[0,-32],[-25,0],[0,32],[-13,0],[0,33]],[[8274,2419],[-25,0],[0,65],[13,0],[0,-33],[12,0],[0,-32]],[[3337,2451],[0,-32]],[[3337,2419],[-12,0]],[[3325,2419],[0,32],[12,0]],[[3687,2451],[13,0]],[[3700,2451],[0,-32]],[[3700,2419],[-13,0]],[[3687,2419],[0,32]],[[3825,2451],[0,-32]],[[3825,2419],[-13,0]],[[3812,2419],[0,32],[13,0]],[[8162,2451],[0,-32],[-13,0]],[[8149,2419],[0,32],[13,0]],[[9162,2451],[0,-32],[-13,0],[0,32]],[[5324,2903],[25,0],[0,-194],[13,0],[0,-96],[12,0],[0,-33],[13,0],[0,-32],[12,0],[0,-32],[13,0],[0,-97],[12,0],[0,-32],[-25,0]],[[5399,2387],[0,97]],[[5399,2484],[-37,0],[0,64],[-13,0],[0,65],[-12,0],[0,32],[-13,0],[0,258]],[[9637,2451],[0,-32],[12,0],[0,-32],[-50,0],[0,32],[-12,0],[0,32],[-13,0],[0,33],[-12,0],[0,32],[-13,0],[0,64],[25,0],[0,-32],[13,0],[0,-32],[12,0],[0,-32],[25,0],[0,-33],[13,0]],[[3825,2484],[37,0]],[[3862,2484],[0,-65]],[[3862,2419],[-12,0],[0,-32]],[[3850,2387],[-13,0]],[[3837,2387],[0,32],[-12,0]],[[3825,2419],[0,65]],[[5399,2387],[-12,0],[0,32],[-13,0],[0,65],[25,0]],[[3287,2580],[25,0]],[[3312,2580],[0,-32]],[[3337,2484],[0,-33]],[[3325,2419],[-13,0]],[[3312,2419],[0,-32]],[[3312,2387],[-12,0]],[[3300,2387],[0,32]],[[3300,2419],[-38,0]],[[3262,2419],[0,32],[13,0],[0,97],[12,0]],[[3287,2548],[0,32]],[[3625,2451],[25,0],[0,-64],[-13,0],[0,32],[-12,0],[0,32]],[[3762,2451],[0,-64]],[[3762,2387],[-12,0],[0,64],[12,0]],[[3275,2419],[25,0]],[[3300,2387],[-25,0],[0,32]],[[3700,2419],[0,-32]],[[3700,2387],[-13,0],[0,32]],[[3837,2387],[-12,0],[0,32]],[[3862,2419],[0,-32],[-12,0]],[[6187,2419],[12,0],[0,-32],[-12,0],[0,32]],[[6337,2419],[12,0]],[[6349,2419],[0,-32],[-12,0],[0,32]],[[8274,2419],[25,0],[0,-32],[-25,0]],[[8274,2387],[0,32]],[[9662,2451],[0,-96],[-13,0],[0,96],[13,0]],[[3250,2419],[25,0]],[[3300,2387],[0,-32]],[[3300,2355],[-50,0]],[[3250,2355],[0,64]],[[9187,2419],[12,0],[0,-64]],[[9199,2355],[-12,0]],[[9187,2355],[0,64]],[[3850,2387],[0,-32],[-13,0]],[[3837,2355],[0,32]],[[8274,2387],[0,-32],[-12,0],[0,32],[12,0]],[[8737,2387],[25,0],[0,-32],[-25,0],[0,32]],[[8212,2451],[12,0],[0,-64],[13,0],[0,-32],[-38,0],[0,-33],[-12,0],[0,33],[-38,0]],[[8149,2355],[0,64]],[[8162,2451],[37,0]],[[8199,2451],[0,97],[13,0],[0,-97]],[[3312,2387],[0,-65]],[[3312,2322],[-25,0]],[[3287,2322],[0,33]],[[3287,2355],[13,0]],[[3562,2355],[25,0],[0,-33],[-25,0],[0,33]],[[3837,2355],[0,-33],[-12,0]],[[3825,2322],[0,33],[12,0]],[[8299,2580],[25,0]],[[8324,2580],[0,-32],[13,0],[0,-32],[12,0],[0,-32],[13,0],[0,-33],[-13,0],[0,-32],[-12,0],[0,-97],[-38,0],[0,33],[25,0],[0,32],[-12,0],[0,64],[-13,0],[0,65],[-25,0],[0,32]],[[8274,2548],[25,0]],[[9199,2355],[0,-33],[-12,0]],[[9187,2322],[0,33]],[[3037,2419],[13,0],[0,-129],[-13,0]],[[3037,2290],[0,129]],[[3037,2290],[-12,0],[0,65],[12,0],[0,-65]],[[3475,2290],[-13,0],[0,65],[13,0],[0,-65]],[[3762,2419],[63,0]],[[3825,2322],[-63,0]],[[3762,2322],[0,-32]],[[3762,2290],[-12,0],[0,65]],[[3750,2355],[12,0]],[[3762,2355],[0,64]],[[8712,2355],[12,0],[0,-65],[-12,0],[0,65]],[[3112,2290],[-25,0],[0,32],[25,0],[0,-32]],[[3662,2322],[13,0],[0,-32]],[[3675,2290],[-13,0]],[[3662,2290],[0,32]],[[3737,2322],[0,-32]],[[3737,2290],[-12,0]],[[3725,2290],[0,32],[12,0]],[[3762,2322],[13,0],[0,-32],[-13,0]],[[5862,2322],[12,0],[0,-32],[-12,0],[0,32]],[[5999,2322],[0,-32]],[[5999,2290],[-12,0],[0,32],[12,0]],[[8987,2387],[25,0],[0,-32],[12,0],[0,-97],[-12,0],[0,32],[-13,0],[0,65],[-12,0],[0,32]],[[3862,3193],[13,0],[0,-32],[25,0],[0,-32],[12,0],[0,-33],[13,0],[0,33],[12,0],[0,32],[13,0],[0,32],[12,0]],[[3962,3193],[0,-97],[-12,0],[0,-32],[-13,0],[0,-32],[-12,0],[0,-258],[-13,0],[0,-32]],[[3912,2709],[0,-32],[-12,0],[0,-129],[-25,0]],[[3875,2548],[0,-97],[-13,0],[0,97]],[[3837,2484],[-12,0]],[[3825,2484],[0,-33]],[[3812,2419],[-50,0]],[[3762,2419],[0,32]],[[3762,2387],[0,-32]],[[3750,2355],[0,-97],[-13,0]],[[3737,2258],[0,64]],[[3725,2290],[-13,0],[0,65],[-12,0],[0,-33],[-13,0]],[[3687,2322],[0,-32]],[[3687,2290],[-12,0]],[[3662,2322],[0,33]],[[3662,2355],[13,0],[0,64],[12,0]],[[3700,2387],[0,64]],[[3700,2451],[-25,0]],[[3675,2451],[0,33]],[[3687,2548],[25,0]],[[3712,2645],[0,32]],[[3712,2677],[25,0],[0,-32],[13,0],[0,-32],[25,0],[0,32],[12,0]],[[3787,2645],[0,-97]],[[3775,2516],[25,0]],[[3800,2516],[0,193]],[[3800,2838],[0,65]],[[3800,2903],[12,0]],[[3812,2903],[0,32]],[[3862,3032],[0,-32]],[[3862,3096],[0,97]],[[3850,2967],[0,-96]],[[3850,2871],[25,0]],[[3875,2806],[25,0]],[[3887,2838],[0,97]],[[3275,2355],[12,0]],[[3287,2322],[13,0]],[[3300,2322],[0,-32],[12,0],[0,-32]],[[3312,2258],[-37,0]],[[3275,2258],[0,32]],[[3275,2290],[-13,0],[0,32]],[[3262,2322],[13,0]],[[3275,2322],[0,33]],[[3725,2290],[0,-32]],[[3725,2258],[-38,0]],[[3687,2258],[0,64]],[[6199,2322],[13,0]],[[6212,2322],[0,-64],[-13,0],[0,64]],[[3475,2290],[12,0]],[[3487,2290],[0,-32]],[[3487,2258],[-12,0],[0,32]],[[3737,2290],[0,-32]],[[3737,2258],[-12,0]],[[9137,2290],[12,0],[0,-32],[-12,0],[0,32]],[[3250,2258],[12,0],[0,-32],[-12,0],[0,32]],[[5637,2226],[0,32],[12,0],[0,-32],[-12,0]],[[5662,2258],[12,0],[0,-32],[-12,0],[0,32]],[[9262,2226],[-13,0]],[[9249,2226],[0,32],[13,0],[0,-32]],[[3562,2548],[63,0]],[[3675,2451],[12,0]],[[3662,2355],[0,-65]],[[3662,2290],[25,0]],[[3687,2290],[0,-32]],[[3687,2258],[13,0],[0,-32],[-25,0]],[[3675,2226],[0,32],[-50,0],[0,64],[12,0],[0,33],[-25,0],[0,32],[-62,0],[0,32],[-13,0],[0,-32],[-25,0],[0,-65],[-12,0],[0,-32]],[[3500,2290],[-25,0]],[[3487,2258],[0,-65]],[[3487,2193],[-12,0],[0,33],[-38,0],[0,64],[-25,0],[0,32],[13,0],[0,33],[12,0],[0,96],[13,0],[0,-64],[50,0],[0,32],[-13,0],[0,32],[25,0],[0,33]],[[3512,2484],[25,0],[0,-33],[13,0],[0,65],[12,0],[0,32]],[[3275,2258],[25,0]],[[3300,2258],[0,-65]],[[3300,2193],[-13,0],[0,33],[-12,0]],[[3275,2226],[0,32]],[[3537,2193],[-12,0]],[[3525,2193],[0,65],[12,0],[0,-65]],[[3562,2193],[0,33],[-12,0],[0,32],[25,0],[0,-65],[-13,0]],[[3675,2226],[12,0],[0,-33],[-12,0],[0,33]],[[5962,2193],[-13,0]],[[5949,2193],[0,33],[13,0],[0,-33]],[[6399,3064],[0,-97]],[[6412,2903],[0,-65],[-25,0],[0,-64]],[[6374,2774],[0,-161],[-12,0],[0,-97],[-13,0],[0,-97]],[[6337,2419],[0,-129],[-13,0],[0,-64],[-12,0],[0,-33],[-25,0]],[[6287,2193],[0,33],[12,0],[0,32],[13,0],[0,32],[-13,0],[0,65],[13,0],[0,32],[-13,0],[0,32],[13,0],[0,97],[12,0],[0,64],[-12,0],[0,33],[12,0],[0,64],[13,0],[0,32],[12,0],[0,129],[13,0],[0,97],[-25,0],[0,32]],[[6337,2967],[-25,0],[0,33],[12,0],[0,32]],[[6337,3064],[12,0],[0,65],[38,0],[0,-65]],[[3075,2258],[-25,0],[0,-97],[-13,0]],[[3037,2161],[0,129]],[[3037,2419],[0,32],[13,0],[0,33],[-13,0],[0,64],[13,0],[0,-32]],[[3050,2516],[25,0],[0,32],[-13,0],[0,65],[25,0],[0,-226],[-12,0],[0,-65],[-13,0],[0,-32],[13,0],[0,-32]],[[3675,2226],[0,-65],[-13,0],[0,32]],[[3662,2193],[-12,0],[0,33],[25,0]],[[5849,2226],[13,0],[0,-65],[-13,0],[0,65]],[[9137,2226],[12,0],[0,-65],[-12,0],[0,65]],[[3537,2193],[0,-32],[-12,0],[0,32]],[[8462,2193],[25,0],[0,-32],[-25,0],[0,32]],[[8637,2193],[12,0],[0,-32],[-12,0],[0,32]],[[6287,2193],[12,0],[0,-32],[-37,0],[0,-32],[-13,0],[0,32],[-25,0],[0,32],[-12,0],[0,129]],[[6199,2322],[0,162],[13,0],[0,64],[12,0],[0,32]],[[6212,2742],[0,32]],[[6224,2774],[0,64]],[[6224,2838],[38,0]],[[6274,2903],[13,0],[0,32],[12,0],[0,32],[38,0]],[[3012,4225],[0,-32]],[[3112,4322],[-12,0]],[[3112,4387],[25,0]],[[3137,4096],[0,33]],[[3125,4129],[0,32]],[[3112,4161],[0,-32]],[[3062,4096],[0,-129]],[[3050,3806],[12,0]],[[3037,3677],[-37,0]],[[2950,3516],[0,-65]],[[3037,3355],[0,-65]],[[3150,3322],[62,0]],[[3250,3387],[0,-32]],[[3275,3387],[0,-226]],[[3287,3193],[0,97]],[[3562,3516],[25,0],[0,-65],[13,0],[0,-64],[12,0],[0,-65],[-12,0]],[[3600,3322],[0,-97]],[[3587,3193],[-12,0]],[[3575,3193],[0,32],[-13,0],[0,-96],[13,0],[0,-33],[-13,0],[0,-32]],[[3562,3064],[-37,0]],[[3500,3064],[0,-64]],[[3500,3000],[-13,0]],[[3475,3000],[-25,0]],[[3450,3000],[0,-33],[-25,0],[0,-64],[-13,0],[0,-97]],[[3412,2806],[-12,0]],[[3400,2806],[0,65],[-38,0],[0,-97],[-12,0]],[[3300,2838],[12,0]],[[3312,2838],[0,-64]],[[3312,2774],[-25,0],[0,32],[-12,0]],[[3275,2806],[0,-32],[-25,0],[0,-32],[12,0],[0,-33],[13,0],[0,-32],[12,0]],[[3287,2677],[0,-129]],[[3262,2419],[-12,0]],[[3250,2355],[25,0]],[[3275,2322],[-38,0]],[[3237,2322],[0,-32],[-12,0],[0,-32],[12,0],[0,-65],[-37,0],[0,-64],[-13,0],[0,32],[-12,0],[0,97],[12,0],[0,64],[13,0],[0,97],[12,0]],[[3212,2419],[0,65]],[[3212,2516],[0,97]],[[3212,2645],[0,64]],[[3212,2709],[-12,0],[0,33],[-25,0],[0,32],[-13,0],[0,32],[-50,0],[0,65],[-12,0],[0,32],[-13,0]],[[3087,2903],[0,97]],[[3125,2935],[0,129]],[[3125,3064],[12,0]],[[3137,3064],[0,65]],[[3125,3129],[0,32]],[[3112,3161],[0,-32]],[[3100,3096],[-25,0]],[[3075,3096],[0,-32]],[[3075,3064],[-63,0]],[[3012,3064],[0,32],[-12,0]],[[3000,3096],[0,33]],[[2900,3225],[0,65]],[[2900,3290],[25,0]],[[2875,3387],[0,-32]],[[2875,3355],[-13,0],[0,64],[-12,0],[0,65],[-13,0],[0,64],[13,0],[0,32],[-13,0],[0,33],[-25,0]],[[2812,3613],[0,32]],[[2812,3645],[-12,0]],[[2800,3645],[0,64]],[[2800,3709],[-13,0]],[[2787,3709],[0,33]],[[2787,3742],[25,0]],[[2812,3742],[0,64],[13,0],[0,129]],[[2825,3935],[12,0]],[[2837,3935],[0,97]],[[2862,4064],[0,32]],[[2887,4129],[0,64]],[[2887,4193],[25,0]],[[2925,4290],[25,0]],[[2950,4322],[12,0]],[[3337,3032],[13,0]],[[3400,3064],[-25,0]],[[3212,3000],[63,0]],[[3225,3064],[-13,0]],[[3137,2903],[0,-65]],[[3137,2838],[38,0]],[[3300,2258],[37,0]],[[3337,2258],[0,-32],[25,0],[0,-33],[13,0],[0,-64],[-25,0],[0,32],[-13,0],[0,32],[-12,0],[0,33],[-25,0]],[[3300,2226],[0,32]],[[5599,2129],[-12,0],[0,32],[12,0],[0,-32]],[[5912,2161],[12,0],[0,-32]],[[5924,2129],[-12,0],[0,32]],[[3600,2258],[12,0],[0,-65],[13,0],[0,-32],[-25,0],[0,-64],[-13,0],[0,96],[13,0],[0,65]],[[3287,2161],[25,0],[0,-32],[-12,0],[0,-32],[-13,0],[0,64]],[[8487,2129],[12,0],[0,-32],[-12,0],[0,32]],[[8587,2129],[12,0],[0,-32],[-12,0],[0,32]],[[8662,2129],[12,0],[0,-32],[-12,0],[0,32]],[[3112,2290],[25,0],[0,-129],[-12,0],[0,-97]],[[3125,2064],[-13,0]],[[3112,2064],[0,65]],[[3112,2129],[-12,0]],[[3100,2129],[0,32],[-25,0],[0,97]],[[3075,2258],[37,0],[0,32]],[[5637,2226],[0,-65],[-13,0],[0,-32],[-25,0]],[[5599,2129],[0,-65],[-12,0],[0,33],[-13,0],[0,32],[-25,0],[0,64],[13,0],[0,33],[-13,0],[0,32],[13,0],[0,32],[12,0],[0,-64],[25,0],[0,32],[25,0],[0,-32],[13,0]],[[3087,2129],[25,0]],[[3112,2064],[-12,0]],[[3100,2064],[0,33],[-13,0],[0,32]],[[5849,2129],[13,0],[0,-65],[-13,0],[0,65]],[[9262,2226],[0,-194]],[[9262,2032],[-25,0]],[[9237,2032],[0,65],[-13,0],[0,32],[13,0],[0,32],[12,0],[0,65]],[[8162,2097],[0,-65],[-13,0],[0,65],[13,0]],[[9274,2032],[-12,0]],[[9262,2032],[0,65],[12,0],[0,-65]],[[3512,2064],[0,-32]],[[3512,2032],[-12,0]],[[3500,2032],[0,32],[12,0]],[[3100,2064],[0,-64]],[[3100,2000],[-13,0]],[[3087,2000],[0,64],[13,0]],[[3025,2000],[-13,0]],[[3012,2000],[0,32],[13,0],[0,-32]],[[3462,2161],[38,0]],[[3500,2161],[0,-32],[12,0]],[[3512,2129],[0,-65]],[[3500,2032],[-25,0]],[[3475,2032],[0,-32]],[[3475,2000],[-25,0],[0,32],[12,0],[0,32],[-12,0],[0,97],[-13,0],[0,32],[25,0],[0,-32]],[[3162,2064],[25,0],[0,-96],[-12,0],[0,64],[-13,0],[0,32]],[[3500,2032],[0,-64],[-25,0]],[[3475,1968],[0,64]],[[3087,2000],[0,-32]],[[3087,1968],[-12,0]],[[3075,1968],[0,32],[12,0]],[[3412,2000],[13,0],[0,-32],[-13,0],[0,32]],[[5424,2000],[13,0],[0,-32]],[[5437,1968],[-13,0],[0,32]],[[5912,2000],[0,-32]],[[5912,1968],[-13,0]],[[5899,1968],[0,32],[13,0]],[[5424,2000],[0,32],[-12,0],[0,97],[-13,0],[0,193]],[[5399,2322],[13,0],[0,33],[12,0],[0,-65],[13,0],[0,-64],[12,0],[0,-162],[38,0],[0,-32],[12,0],[0,-64],[13,0],[0,-33],[-38,0],[0,33],[-37,0]],[[3662,2193],[0,-225],[-12,0],[0,-33],[-13,0],[0,33]],[[3637,1968],[-12,0],[0,32],[-13,0],[0,32],[-12,0],[0,32],[-50,0],[0,97],[12,0],[0,32]],[[3562,2193],[-25,0]],[[3525,2193],[-13,0],[0,-32]],[[3512,2161],[-25,0]],[[3487,2161],[0,129]],[[3487,2290],[13,0]],[[3100,2000],[0,-65]],[[3100,1935],[-13,0]],[[3087,1935],[0,65]],[[9087,2000],[0,-65],[-13,0],[0,65],[13,0]],[[3075,1968],[0,-33],[-13,0],[0,33],[13,0]],[[8362,1968],[12,0],[0,-33],[-12,0],[0,33]],[[9224,1935],[13,0],[0,-64]],[[9237,1871],[-13,0]],[[9224,1871],[0,64]],[[3200,1935],[12,0],[0,-64],[-12,0],[0,-32],[-13,0],[0,64],[13,0],[0,32]],[[3625,1871],[0,-32],[-25,0]],[[3600,1839],[0,32],[-13,0],[0,-32],[-12,0],[0,32],[-13,0],[0,32],[13,0],[0,32],[12,0],[0,-32],[13,0],[0,32],[12,0],[0,-64],[13,0]],[[3500,1871],[12,0],[0,-32],[-12,0],[0,32]],[[3525,1871],[12,0],[0,-32],[-12,0],[0,32]],[[3250,1839],[25,0],[0,-33],[-25,0],[0,33]],[[3337,1871],[13,0],[0,-97],[-13,0],[0,97]],[[8374,1806],[-12,0],[0,-32],[-25,0],[0,65],[37,0],[0,-33]],[[3575,1806],[12,0]],[[3587,1806],[0,-32]],[[3587,1774],[-12,0]],[[3575,1774],[0,32]],[[3587,1806],[13,0]],[[3600,1806],[0,-32]],[[3600,1774],[-13,0]],[[3600,1806],[12,0]],[[3612,1806],[0,-32],[-12,0]],[[8187,1806],[12,0]],[[8199,1806],[0,-32],[-12,0],[0,32]],[[8374,1806],[13,0],[0,-32],[-13,0],[0,32]],[[9137,1806],[12,0],[0,-32],[-12,0],[0,32]],[[3050,1774],[12,0],[0,-32],[-12,0],[0,32]],[[3025,1839],[0,-33]],[[3025,1806],[-13,0],[0,-96]],[[3012,1710],[-12,0]],[[3000,1710],[0,129],[25,0]],[[3137,1742],[13,0],[0,-32],[-13,0],[0,32]],[[8224,1742],[13,0]],[[8237,1742],[0,-32]],[[8237,1710],[-13,0]],[[8224,1710],[0,32]],[[3025,1806],[0,-64]],[[3025,1742],[12,0],[0,-65],[-12,0],[0,33],[-13,0]],[[9199,1742],[13,0]],[[9212,1742],[0,-65]],[[9212,1677],[-13,0]],[[9199,1677],[0,65]],[[3012,1710],[0,-33]],[[3012,1677],[-12,0]],[[3000,1677],[0,33]],[[8237,1710],[0,-33]],[[8237,1677],[-13,0]],[[8224,1677],[0,33]],[[9049,1710],[-12,0],[0,-33],[-25,0],[0,33],[12,0],[0,32],[25,0],[0,-32]],[[9049,1710],[13,0],[0,-33]],[[9062,1677],[-13,0],[0,33]],[[9274,2000],[0,-97],[-12,0],[0,-97],[-13,0],[0,-129],[-12,0],[0,-32],[-25,0]],[[9212,1645],[0,97]],[[9199,1742],[0,32]],[[9199,1774],[25,0],[0,65],[-25,0],[0,32]],[[9199,1871],[38,0]],[[9224,1935],[0,33]],[[9224,1968],[25,0],[0,32],[25,0]],[[3012,1677],[0,-32]],[[3012,1645],[-12,0]],[[3000,1645],[0,32]],[[5574,1677],[13,0],[0,-32],[-13,0],[0,32]],[[5812,1677],[0,-32],[-13,0]],[[5799,1645],[0,32],[13,0]],[[5887,1968],[25,0]],[[5912,1968],[0,-33],[-13,0],[0,-32],[-25,0],[0,-64],[-12,0],[0,-33],[-13,0],[0,-64],[-12,0],[0,-32],[-25,0],[0,-33]],[[5799,1645],[-12,0],[0,-32],[-13,0],[0,64]],[[5774,1677],[13,0],[0,33],[12,0],[0,32],[13,0],[0,32],[12,0],[0,32],[13,0],[0,33],[-13,0],[0,32],[13,0],[0,32],[25,0],[0,32],[25,0],[0,33]],[[9174,1677],[13,0]],[[9187,1677],[0,-64]],[[9187,1613],[-13,0]],[[9174,1613],[0,64]],[[3550,1645],[0,-32],[-13,0]],[[3537,1613],[0,32],[13,0]],[[8199,1645],[13,0],[0,-32]],[[8212,1613],[-13,0],[0,32]],[[9187,1645],[25,0]],[[9212,1645],[0,-32]],[[9212,1613],[-25,0]],[[9187,1613],[0,32]],[[9212,1645],[12,0],[0,-32],[-12,0]],[[3525,1613],[12,0]],[[3537,1613],[0,-33],[-12,0],[0,33]],[[8749,1580],[0,33],[13,0],[0,-33],[-13,0]],[[8812,1613],[12,0],[0,-33],[-12,0],[0,33]],[[3000,1548],[-13,0]],[[2987,1548],[0,32],[13,0],[0,-32]],[[5724,1580],[13,0],[0,-32],[-13,0]],[[5724,1548],[0,32]],[[8224,1580],[13,0],[0,-32],[-13,0],[0,32]],[[8337,1548],[-25,0]],[[8312,1548],[0,32],[25,0],[0,-32]],[[8412,1580],[0,-32]],[[8412,1548],[-13,0]],[[8399,1548],[0,32],[13,0]],[[9199,1580],[13,0]],[[9212,1580],[0,-32],[-13,0],[0,32]],[[8687,3161],[37,0]],[[8737,3161],[12,0]],[[8812,3000],[0,-33],[-38,0],[0,-32],[13,0],[0,-32],[25,0],[0,-32],[12,0],[0,-33],[13,0],[0,-32],[25,0],[0,-32]],[[8862,2774],[25,0],[0,-32],[12,0],[0,32],[13,0],[0,64],[12,0],[0,33]],[[8924,2935],[0,32]],[[8924,3064],[0,32]],[[8937,3129],[0,64]],[[8974,3225],[0,-64],[13,0],[0,-32]],[[8999,3032],[0,-32],[25,0],[0,-97]],[[9024,2903],[-25,0],[0,-32],[25,0],[0,-97],[-12,0]],[[9012,2774],[0,-32],[12,0],[0,-65],[-12,0],[0,-32],[12,0],[0,-32],[13,0],[0,-33],[-13,0],[0,-32],[13,0],[0,-64],[12,0],[0,-33],[25,0],[0,-96],[-25,0],[0,-65],[13,0],[0,-32],[-13,0],[0,-32],[13,0],[0,-33],[12,0],[0,97],[25,0],[0,-32],[-12,0],[0,-32],[37,0],[0,-65],[-12,0],[0,-64],[-25,0],[0,32],[-13,0],[0,32],[-12,0],[0,-32],[-13,0],[0,32],[-12,0],[0,-97],[12,0],[0,33],[13,0],[0,-33],[12,0],[0,-32],[13,0],[0,-32]],[[9087,2000],[25,0],[0,-32],[-13,0],[0,-97],[-25,0],[0,32],[-37,0],[0,-64],[-13,0],[0,-33],[13,0],[0,-32],[12,0],[0,32],[63,0],[0,-32],[-13,0],[0,-32],[-12,0],[0,32],[-13,0],[0,-97],[-12,0]],[[9062,1677],[0,-64],[-25,0],[0,-65],[-25,0],[0,-32]],[[9012,1516],[-63,0]],[[8949,1516],[0,32],[-62,0],[0,32],[-25,0],[0,97],[-13,0],[0,65],[-12,0],[0,-65],[-13,0],[0,-32],[-12,0],[0,-32]],[[8812,1613],[-13,0],[0,32],[-50,0],[0,32],[-12,0],[0,33],[-50,0],[0,-33]],[[8687,1677],[-25,0],[0,33],[-88,0],[0,-33],[-75,0],[0,-32],[-25,0],[0,-32],[-25,0],[0,-33],[-12,0],[0,-32],[-25,0]],[[8412,1548],[0,65]],[[8412,1613],[-25,0],[0,32],[-13,0],[0,-32],[-37,0],[0,32],[-13,0],[0,32],[-12,0],[0,65],[-13,0],[0,32],[-12,0],[0,32],[-13,0],[0,33],[-25,0],[0,32],[-12,0],[0,32],[-13,0],[0,32],[-12,0],[0,33],[-13,0],[0,32],[-37,0]],[[8162,2000],[0,97]],[[8162,2097],[-25,0],[0,32],[-13,0],[0,64],[25,0],[0,33],[-12,0],[0,64],[12,0],[0,65]],[[8212,2451],[0,65],[25,0],[0,32],[37,0]],[[8324,2580],[13,0],[0,33],[25,0],[0,-33]],[[8387,2645],[-13,0],[0,64],[38,0]],[[8387,2742],[0,64],[12,0],[0,-32]],[[8449,2806],[0,129],[13,0],[0,32],[25,0],[0,33],[12,0],[0,32],[50,0],[0,-32],[13,0],[0,-97]],[[8587,2838],[0,162],[12,0],[0,64],[13,0],[0,65],[-13,0],[0,32],[13,0],[0,64],[12,0],[0,-32],[13,0],[0,32],[37,0]],[[8649,3193],[0,-64],[-25,0]],[[8674,3096],[0,65],[-12,0]],[[3300,1742],[25,0],[0,-97],[25,0],[0,-32],[25,0],[0,-97],[-13,0],[0,32],[-12,0],[0,32],[-13,0],[0,33],[-25,0],[0,32],[-12,0],[0,32],[12,0],[0,33],[-12,0],[0,32]],[[8224,1613],[0,-33]],[[8224,1580],[-25,0]],[[8199,1580],[0,-64]],[[8199,1516],[-12,0],[0,97],[37,0]],[[9212,1613],[0,-33]],[[9199,1580],[0,-64]],[[9199,1516],[-12,0],[0,97]],[[8199,1548],[13,0]],[[8212,1548],[0,-32],[-13,0]],[[8199,1516],[0,32]],[[5999,5677],[0,-32],[13,0],[0,-33],[12,0]],[[6037,5580],[0,-193],[12,0],[0,-33],[13,0],[0,-32],[12,0],[0,-32],[13,0],[0,-32]],[[6087,5193],[0,32],[12,0],[0,-64],[25,0],[0,-65],[13,0],[0,-32],[-13,0]],[[6162,4935],[37,0]],[[6199,4935],[0,-32]],[[6212,4903],[0,-97],[12,0],[0,-32],[50,0]],[[6274,4806],[38,0],[0,32],[12,0],[0,-32],[13,0],[0,32],[12,0]],[[6362,4838],[37,0],[0,32],[38,0],[0,-32]],[[6424,4838],[0,-129]],[[6412,4709],[0,-97],[-13,0],[0,-64],[-12,0],[0,-65],[-13,0],[0,-64],[-12,0],[0,-32],[-13,0],[0,-65],[-12,0],[0,-32],[-13,0],[0,-32],[-12,0],[0,-65],[-25,0],[0,-32],[-13,0],[0,-32],[-25,0],[0,-33],[-12,0],[0,-32],[-13,0],[0,-32],[-12,0]],[[6212,4032],[0,-32],[-13,0],[0,-33],[-12,0],[0,-32],[-13,0],[0,-32],[-12,0],[0,-65],[-25,0]],[[6137,3806],[-13,0],[0,-64],[-12,0],[0,-162],[-13,0],[0,33]],[[6099,3613],[-62,0]],[[6087,3419],[12,0],[0,-32]],[[6087,3355],[25,0]],[[6112,3355],[0,-65],[12,0],[0,-32],[13,0],[0,-65],[-13,0],[0,-64],[-12,0]],[[6137,3064],[0,-161]],[[6124,2903],[0,-65]],[[6099,2774],[-12,0]],[[5999,2742],[50,0],[0,-33],[-12,0],[0,-32],[-13,0],[0,-32],[-12,0],[0,-32],[-25,0],[0,-33],[-13,0],[0,-96]],[[5987,2484],[0,-65],[12,0],[0,-97]],[[5999,2290],[0,-32],[-12,0],[0,-32],[-13,0],[0,-33],[-12,0]],[[5949,2193],[-12,0],[0,-32],[-25,0]],[[5924,2129],[0,-97],[-12,0],[0,-32]],[[5899,1968],[-12,0]],[[5774,1677],[0,-97],[-50,0]],[[5724,1548],[-25,0],[0,-32],[-25,0],[0,32],[-50,0],[0,-32],[-50,0],[0,-32],[-37,0]],[[5537,1484],[0,32]],[[5537,1516],[-38,0],[0,97],[-12,0],[0,64],[12,0],[0,33],[-12,0],[0,64],[-13,0],[0,65],[-12,0],[0,64],[-13,0],[0,32],[-12,0],[0,33]],[[5399,2322],[0,65]],[[5324,2903],[0,32],[25,0]],[[5337,2967],[0,97],[12,0],[0,32],[13,0],[0,33],[12,0],[0,96],[-12,0],[0,97],[-13,0],[0,65],[13,0],[0,32],[-13,0],[0,97]],[[5337,3516],[0,129]],[[5349,3645],[0,-65]],[[5349,3580],[25,0]],[[5474,3064],[-25,0]],[[5449,3032],[-12,0]],[[5437,2967],[25,0]],[[5462,2935],[25,0]],[[5824,3419],[25,0]],[[5862,3387],[0,-32]],[[5812,3677],[0,65]],[[5837,4032],[0,64]],[[5512,4225],[0,33]],[[5512,4258],[25,0]],[[5299,4290],[0,64]],[[5287,4354],[0,33]],[[5224,4419],[0,-32]],[[5187,4419],[0,32]],[[5049,4677],[-37,0]],[[5012,4677],[0,-32]],[[5000,4645],[0,-33]],[[4950,4612],[0,33]],[[4812,4774],[-62,0]],[[4750,4774],[0,-97]],[[4712,4645],[0,-65]],[[4687,4677],[-50,0]],[[4587,4741],[-12,0],[0,33],[-13,0]],[[4562,4838],[-25,0]],[[4537,4838],[0,32],[13,0]],[[4525,5000],[0,32],[-13,0],[0,64],[13,0],[0,33],[12,0],[0,32]],[[4550,5193],[62,0]],[[4612,5161],[13,0]],[[4650,5096],[0,-32]],[[4850,5225],[50,0]],[[5937,5129],[-38,0]],[[5899,5096],[38,0]],[[5387,4967],[37,0]],[[5474,4741],[-12,0]],[[5487,4709],[0,-32]],[[5487,4677],[12,0]],[[5499,4645],[50,0]],[[5487,4838],[0,32]],[[5487,4870],[25,0]],[[4625,4741],[25,0]],[[4662,4709],[0,97]],[[5712,4677],[25,0]],[[5724,4709],[0,32]],[[5887,4419],[0,-65]],[[5937,4419],[-50,0]],[[5887,4000],[0,-129],[-13,0]],[[5874,3871],[0,32]],[[5874,3838],[0,-32]],[[5937,4032],[-25,0]],[[5962,3935],[25,0]],[[5987,3967],[-25,0]],[[5937,3064],[25,0]],[[5962,3064],[0,-32]],[[5962,3096],[0,65]],[[5962,3161],[25,0]],[[5974,3193],[-12,0]],[[5949,3225],[0,33]],[[5399,3064],[25,0]],[[5412,3096],[0,97]],[[8412,1613],[0,-33]],[[8399,1548],[-62,0]],[[8312,1548],[12,0],[0,-32],[-25,0]],[[8299,1516],[0,-32]],[[8299,1484],[-25,0]],[[8274,1484],[0,32],[-12,0],[0,-32]],[[8262,1484],[-50,0],[0,64]],[[8199,1548],[0,32]],[[8224,1613],[-12,0]],[[8199,1645],[0,32],[13,0],[0,33],[-13,0],[0,96]],[[8187,1806],[0,97],[-13,0],[0,65],[-12,0],[0,32]],[[8224,1742],[0,-65]],[[8237,1677],[0,65]],[[9137,1484],[0,64],[12,0],[0,-64],[-12,0]],[[5537,1484],[-13,0],[0,32],[13,0]],[[8274,1484],[-12,0]],[[8299,1516],[13,0],[0,-32],[-13,0]],[[8949,1516],[0,-32],[-25,0],[0,32],[25,0]],[[9012,1516],[25,0],[0,-32],[-25,0],[0,32]],[[2987,1451],[-12,0]],[[2975,1451],[0,33],[12,0],[0,-33]],[[3412,1484],[13,0],[0,-33],[-13,0],[0,33]],[[8824,1484],[13,0]],[[8837,1484],[0,-33]],[[8837,1451],[-13,0],[0,33]],[[9187,1484],[12,0]],[[9199,1484],[0,-33],[-12,0],[0,33]],[[8837,1484],[25,0]],[[8862,1484],[0,-65]],[[8862,1419],[-25,0]],[[8837,1419],[0,65]],[[9124,1484],[13,0]],[[9137,1484],[0,-65]],[[9137,1419],[-13,0]],[[9124,1419],[0,65]],[[8799,1419],[-12,0],[0,32],[12,0],[0,-32]],[[8899,1451],[38,0],[0,-32],[-38,0],[0,32]],[[3037,1451],[0,-64]],[[3037,1387],[-12,0]],[[3025,1387],[0,64],[12,0]],[[2975,1387],[-13,0]],[[2962,1387],[0,32],[13,0],[0,-32]],[[8799,1419],[25,0],[0,-32],[-25,0],[0,32]],[[3037,1387],[0,-32]],[[3037,1355],[-12,0]],[[3025,1355],[0,32]],[[3062,1322],[-12,0],[0,33],[-13,0]],[[3037,1355],[0,64]],[[3037,1419],[13,0],[0,65],[12,0],[0,-162]],[[9887,1322],[-13,0],[0,65],[-25,0]],[[9849,1387],[0,32],[13,0],[0,32],[12,0],[0,-32],[13,0],[0,-97]],[[9062,1355],[12,0],[0,-33],[13,0],[0,-32],[-25,0],[0,65]],[[8874,1322],[13,0]],[[8887,1322],[0,-32],[-13,0],[0,32]],[[3000,1387],[25,0]],[[3025,1387],[0,-129]],[[3025,1258],[-25,0]],[[3000,1258],[0,129]],[[3062,1322],[0,-64]],[[3062,1258],[-12,0],[0,32],[-13,0]],[[3037,1290],[0,65]],[[3062,1322],[25,0],[0,33],[-12,0],[0,96],[12,0],[0,-32],[38,0],[0,-64],[-13,0],[0,-33],[-12,0],[0,-32],[-13,0],[0,-32],[-25,0]],[[3162,1258],[-37,0],[0,32],[12,0],[0,65],[25,0],[0,-97]],[[3175,1258],[0,32],[25,0],[0,-32],[-25,0]],[[8912,1258],[-13,0]],[[8899,1258],[0,32],[13,0],[0,-32]],[[9137,1290],[12,0],[0,-32],[-12,0]],[[9137,1258],[0,32]],[[9037,2774],[0,-129]],[[9037,2645],[62,0],[0,-65]],[[9099,2580],[25,0]],[[9162,2451],[12,0],[0,-32],[13,0]],[[9187,2419],[0,-97]],[[9187,2322],[25,0],[0,-32],[12,0],[0,-32],[13,0],[0,-32],[12,0]],[[9237,2032],[37,0]],[[9274,2032],[0,-32]],[[9224,1968],[0,-97]],[[9224,1871],[-25,0]],[[9199,1774],[0,-97]],[[9212,1677],[0,-32]],[[9187,1645],[0,32]],[[9174,1677],[0,-97]],[[9174,1580],[-12,0],[0,-32],[12,0],[0,-64],[-12,0],[0,-33],[-13,0],[0,-96],[-25,0],[0,32],[-12,0],[0,32]],[[9112,1419],[25,0]],[[9137,1484],[-38,0]],[[9099,1484],[0,-33],[-12,0],[0,-64],[-38,0],[0,-32],[-12,0],[0,-97]],[[9037,1258],[-25,0]],[[9012,1258],[0,97]],[[9012,1355],[-38,0],[0,-33],[13,0],[0,-32],[12,0],[0,-32],[-37,0],[0,32],[-25,0],[0,-64]],[[8937,1226],[-13,0],[0,32],[-12,0]],[[8899,1258],[-12,0],[0,64]],[[8874,1322],[0,97],[-12,0]],[[8862,1484],[-38,0]],[[8837,1451],[0,-32]],[[8837,1419],[-38,0]],[[8799,1419],[0,97],[13,0],[0,32],[-25,0],[0,-64],[-38,0],[0,96]],[[8749,1580],[-12,0],[0,33],[-13,0],[0,32],[-12,0],[0,32],[-25,0]],[[9024,2903],[0,64],[13,0],[0,-161]],[[2975,1355],[0,-65]],[[2975,1290],[-13,0]],[[2962,1290],[0,-64],[-12,0]],[[2950,1226],[0,129],[25,0]],[[3162,1258],[13,0]],[[3175,1258],[0,-32]],[[3175,1226],[-13,0],[0,32]],[[9012,1258],[12,0]],[[9024,1258],[0,-32]],[[9024,1226],[-12,0]],[[9012,1226],[0,32]],[[9087,1258],[12,0],[0,-32],[-12,0]],[[9087,1226],[0,32]],[[9012,1355],[0,-129]],[[9012,1226],[-13,0],[0,-33]],[[8999,1193],[-25,0]],[[8974,1193],[0,33]],[[8974,1226],[-37,0]],[[3175,1226],[12,0]],[[3187,1226],[0,-33]],[[3187,1193],[-12,0],[0,33]],[[8974,1193],[-12,0],[0,33],[12,0]],[[9049,1226],[0,-33]],[[9049,1193],[-12,0],[0,33],[12,0]],[[9074,1226],[13,0]],[[9087,1226],[0,-33],[-13,0],[0,33]],[[9962,1290],[-13,0],[0,-32],[-12,0],[0,-32],[-13,0],[0,-33],[-25,0],[0,-32],[-12,0],[0,129]],[[9887,1290],[37,0],[0,32],[38,0],[0,-32]],[[9199,1516],[0,-32]],[[9187,1484],[0,-65],[-13,0],[0,-129],[-37,0]],[[9137,1258],[-50,0]],[[9074,1226],[0,-65],[-12,0],[0,32],[-13,0]],[[9049,1226],[-25,0]],[[9024,1258],[13,0]],[[9099,1484],[25,0]],[[9124,1419],[-12,0]],[[9174,1580],[0,33]],[[2950,1193],[12,0],[0,-32]],[[2962,1161],[-12,0]],[[2950,1161],[0,32]],[[3000,1161],[0,32],[12,0],[0,-32],[-12,0]],[[8999,1193],[13,0],[0,-32]],[[9012,1161],[-13,0]],[[8999,1161],[0,32]],[[3187,1226],[13,0]],[[3200,1226],[0,-33],[12,0]],[[3212,1193],[0,-64]],[[3212,1129],[-12,0],[0,32],[-13,0]],[[3187,1161],[0,65]],[[8999,1193],[0,-64]],[[8999,1129],[-12,0]],[[8987,1129],[0,64],[12,0]],[[3087,1161],[0,-32],[-37,0],[0,32],[37,0]],[[9112,1161],[0,-32]],[[9112,1129],[-13,0]],[[9099,1129],[0,32],[13,0]],[[9112,1161],[12,0],[0,-32]],[[9124,1129],[-12,0]],[[2962,1161],[38,0]],[[3000,1161],[0,-64],[-13,0],[0,32],[-25,0],[0,32]],[[3037,1161],[0,-64]],[[3037,1097],[-12,0],[0,64],[12,0]],[[2950,1097],[-13,0]],[[2937,1097],[0,32],[13,0],[0,-32]],[[8999,1129],[0,-32]],[[8999,1097],[-12,0],[0,32]],[[3212,1129],[0,-32]],[[3212,1097],[13,0],[0,-33]],[[3225,1064],[-25,0]],[[3200,1064],[0,33],[-13,0]],[[3187,1097],[0,64]],[[9124,1129],[0,-65]],[[9124,1064],[-12,0]],[[9112,1064],[0,65]],[[9037,1097],[12,0],[0,-33],[-12,0]],[[9037,1064],[0,33]],[[9087,1097],[0,-33]],[[9087,1064],[-13,0]],[[9074,1064],[0,33],[13,0]],[[9087,1097],[12,0],[0,-33]],[[9099,1064],[-12,0]],[[3037,1097],[13,0],[0,-65],[-13,0]],[[3037,1032],[0,65]],[[3200,1064],[0,-32]],[[3200,1032],[-13,0],[0,32],[13,0]],[[3200,1064],[12,0]],[[3212,1064],[0,-32]],[[3212,1032],[-12,0]],[[3212,1064],[13,0]],[[3225,1064],[0,-32]],[[3225,1032],[-13,0]],[[3225,1064],[25,0],[0,-32]],[[3250,1032],[-25,0]],[[3275,1064],[0,-32],[-13,0]],[[3262,1032],[0,32],[13,0]],[[9062,1064],[12,0]],[[9074,1064],[0,-32],[-12,0],[0,32]],[[9112,1129],[0,-97]],[[9112,1032],[-25,0],[0,32]],[[9099,1064],[0,65]],[[9824,1032],[-12,0]],[[9812,1032],[0,32],[12,0],[0,-32]],[[9887,1322],[0,33],[12,0],[0,-33],[13,0],[0,-32],[-25,0]],[[9962,1290],[0,-64],[-13,0],[0,-65],[-25,0],[0,-64],[-12,0],[0,-33],[-13,0],[0,-32],[-12,0],[0,-32],[-38,0],[0,129],[-12,0],[0,32],[-13,0],[0,65],[13,0],[0,32],[12,0],[0,64],[-12,0],[0,33],[-13,0],[0,64],[-12,0],[0,32],[-13,0],[0,33],[-12,0],[0,64],[25,0],[0,-32],[37,0],[0,-129]],[[3025,1032],[12,0]],[[3037,1032],[0,-32]],[[3037,1000],[-12,0]],[[3025,1000],[0,32]],[[9762,1032],[0,-32],[-13,0]],[[9749,1000],[0,32],[13,0]],[[9037,1064],[25,0]],[[9112,1032],[0,32]],[[9124,1064],[0,-64]],[[9124,1000],[-25,0],[0,-32]],[[9099,968],[-12,0],[0,32]],[[9087,1000],[-38,0]],[[9049,1000],[0,-32],[-12,0]],[[9037,968],[0,64]],[[9037,1032],[-13,0]],[[9024,1032],[0,65],[13,0]],[[9062,1000],[12,0]],[[9074,1000],[0,-32]],[[9074,968],[-12,0]],[[9062,968],[0,32]],[[9124,1000],[0,-32]],[[9124,968],[-25,0]],[[9012,1161],[0,-32],[12,0],[0,-97]],[[9037,1032],[0,-97],[-13,0],[0,65],[-12,0],[0,97],[-13,0]],[[8999,1097],[0,64]],[[3212,1000],[0,-65],[-12,0]],[[3200,935],[0,65],[12,0]],[[2937,935],[-12,0]],[[2925,935],[0,33],[12,0],[0,-33]],[[2987,968],[25,0],[0,-33],[-25,0],[0,33]],[[3025,968],[12,0],[0,-33],[-12,0]],[[3025,935],[0,33]],[[3175,968],[12,0],[0,-33],[-12,0],[0,33]],[[9074,968],[0,-33]],[[9074,935],[-12,0]],[[9062,935],[0,33]],[[9099,968],[13,0]],[[9112,968],[0,-33]],[[9112,935],[-13,0],[0,33]],[[9112,968],[12,0]],[[9124,968],[0,-33],[-12,0]],[[2962,935],[13,0],[0,-32],[-13,0],[0,32]],[[3025,1000],[50,0]],[[3075,1000],[0,-32],[12,0],[0,-33],[-37,0],[0,-32]],[[3050,903],[-25,0]],[[3025,903],[0,32]],[[3025,968],[0,32]],[[9824,1032],[0,65],[13,0],[0,-33],[12,0],[0,-96],[-12,0],[0,32]],[[9837,1000],[-50,0],[0,-32],[-13,0],[0,-33],[-25,0],[0,-32],[-25,0],[0,-32],[-12,0]],[[9712,871],[0,64],[25,0],[0,33],[12,0],[0,32]],[[9762,1032],[12,0],[0,65],[13,0],[0,32],[25,0],[0,-97]],[[9037,903],[12,0],[0,-32]],[[9049,871],[-12,0],[0,32]],[[9049,1000],[13,0]],[[9062,1000],[0,-65]],[[9074,935],[0,65]],[[9074,1000],[13,0]],[[9112,935],[0,-64],[-25,0],[0,-32],[-13,0]],[[9074,839],[0,32]],[[9074,871],[-25,0]],[[9037,903],[0,65]],[[9074,839],[-12,0],[0,32],[12,0]],[[2812,4096],[25,0]],[[2837,4096],[0,-161]],[[2812,3742],[-12,0]],[[2787,3774],[0,-65]],[[2787,3709],[-12,0]],[[2812,3580],[0,33]],[[2875,3355],[0,-33]],[[2887,3290],[13,0]],[[2900,3290],[0,-97]],[[3000,3064],[0,32]],[[3012,3064],[25,0]],[[3037,3032],[25,0]],[[3062,3032],[0,-65]],[[3087,2967],[0,-64]],[[3212,2709],[0,-290]],[[3237,2322],[25,0]],[[3275,2290],[0,-64]],[[3300,2193],[0,33]],[[3337,2258],[-25,0]],[[3300,2322],[12,0]],[[3312,2322],[0,97]],[[3312,2419],[25,0]],[[3337,2419],[0,97]],[[3312,2613],[0,-33]],[[3287,2580],[0,97]],[[3312,2742],[25,0]],[[3337,2709],[13,0]],[[3350,2677],[37,0]],[[3362,2742],[-12,0]],[[3400,2806],[-13,0]],[[3375,2838],[0,-64]],[[3387,2742],[13,0]],[[3425,2742],[0,64]],[[3425,2806],[-13,0]],[[3450,3000],[50,0]],[[3500,3000],[0,32]],[[3500,3032],[37,0]],[[3537,3064],[25,0]],[[3575,3193],[37,0]],[[3600,3225],[0,33]],[[3600,3290],[0,32]],[[3775,3484],[12,0]],[[3800,3516],[0,32]],[[3800,3838],[12,0]],[[3825,3838],[12,0]],[[3837,3806],[75,0],[0,-32],[25,0],[0,-65]],[[3937,3709],[25,0],[0,-32],[13,0]],[[3975,3645],[50,0],[0,-32],[12,0],[0,-258],[-12,0],[0,-65],[-13,0],[0,-32],[-12,0],[0,-33],[-13,0],[0,-32],[-12,0],[0,-32],[-13,0],[0,32]],[[3862,3193],[0,-32]],[[3812,3032],[0,-129]],[[3800,2903],[0,-32]],[[3712,2677],[0,65]],[[3687,2742],[0,-33]],[[3587,2903],[0,-32]],[[3525,2742],[87,0]],[[3612,2742],[0,-65]],[[3612,2677],[-25,0]],[[3587,2677],[0,-64]],[[3587,2613],[75,0]],[[3662,2613],[0,-65]],[[3662,2548],[-100,0]],[[3487,2193],[0,-32]],[[3487,2161],[-25,0]],[[3475,2000],[0,-32]],[[3512,2032],[0,97]],[[3500,2161],[12,0]],[[3637,1968],[0,-65],[-12,0],[0,-32]],[[3600,1839],[12,0],[0,-33]],[[3612,1806],[-37,0]],[[3575,1774],[25,0]],[[3600,1774],[0,-32],[-13,0],[0,-32],[-25,0],[0,-33],[-12,0],[0,-32]],[[3525,1613],[0,-65],[-13,0],[0,-32],[-12,0],[0,-32],[-88,0]],[[3412,1484],[0,-65],[25,0],[0,-97],[-12,0],[0,-32],[-13,0],[0,-32],[-12,0],[0,-32],[-38,0],[0,-33],[-75,0],[0,-64],[-12,0],[0,-65]],[[3262,1032],[-12,0]],[[3212,1097],[0,96]],[[3200,1226],[-25,0]],[[3187,1193],[0,-96]],[[3200,1032],[0,-97]],[[3212,1000],[25,0],[0,-97],[-37,0],[0,-32],[-13,0],[0,-65]],[[3187,806],[-25,0]],[[3162,806],[0,33],[-12,0],[0,32],[-25,0],[0,32],[12,0],[0,32],[13,0],[0,65],[12,0],[0,32],[13,0],[0,65],[-13,0],[0,32],[-37,0],[0,64],[-25,0],[0,-32],[-13,0]],[[3087,1161],[0,32],[-12,0],[0,33],[-13,0],[0,32]],[[3037,1419],[0,32]],[[3000,1387],[0,-97]],[[3000,1290],[-25,0]],[[2975,1355],[-13,0],[0,32]],[[2975,1387],[0,64]],[[2987,1451],[0,97]],[[3000,1548],[0,97]],[[3012,1645],[0,65]],[[3025,1742],[0,97]],[[3025,1839],[-13,0],[0,161]],[[3025,2000],[0,193],[12,0],[0,-32]],[[3050,2516],[0,97]],[[3037,2613],[0,64],[-12,0],[0,32],[-13,0],[0,33],[-12,0],[0,32],[-25,0],[0,32],[-25,0]],[[2950,2838],[-25,0],[0,33],[-25,0],[0,64],[-13,0]],[[2875,2967],[0,65],[-13,0],[0,97]],[[2850,3129],[0,32],[-13,0],[0,64],[-12,0],[0,65],[-13,0],[0,65],[-12,0],[0,64],[-13,0],[0,32],[-12,0],[0,65],[-25,0],[0,32],[-13,0],[0,32]],[[2737,3613],[0,129],[13,0],[0,32],[12,0],[0,32],[-12,0]],[[2750,3806],[0,65]],[[2800,3903],[0,129]],[[3637,3484],[0,-33]],[[3625,3387],[25,0]],[[3762,3355],[0,-33]],[[3775,3387],[-25,0]],[[3587,2967],[25,0]],[[3612,2967],[0,97]],[[3475,2806],[0,-32]],[[3475,2742],[0,-97]],[[3100,2129],[-13,0]],[[3100,2064],[25,0]],[[3087,1968],[0,-33]],[[3100,1935],[0,129]],[[87,871],[25,0],[0,-65],[-12,0],[0,33],[-13,0],[0,32]],[[3037,871],[0,-65]],[[3037,806],[-12,0]],[[3025,806],[0,33]],[[3025,839],[-13,0],[0,32],[25,0]],[[3187,806],[0,33],[13,0],[0,-33],[-13,0]],[[9699,839],[-25,0],[0,-33],[-25,0]],[[9649,806],[0,33],[13,0],[0,32],[37,0],[0,-32]],[[3187,806],[0,-32],[-25,0],[0,32]],[[3162,806],[-12,0],[0,-32],[-13,0],[0,32],[-25,0],[0,-32],[-12,0],[0,-32],[-38,0],[0,32],[-37,0]],[[3025,774],[0,32]],[[3037,806],[0,97]],[[3037,903],[13,0]],[[3075,1000],[-38,0]],[[3037,1097],[0,193]],[[3012,742],[13,0]],[[3025,742],[0,-32]],[[3025,710],[-13,0]],[[3012,710],[0,32]],[[9649,806],[0,-129]],[[9649,677],[-37,0],[0,65],[12,0],[0,32],[13,0],[0,32],[12,0]],[[3125,742],[12,0],[0,-65]],[[3137,677],[-25,0],[0,33],[13,0],[0,32]],[[9837,1000],[0,-65],[-13,0],[0,-32],[-12,0],[0,-64],[-38,0],[0,-33],[-12,0],[0,-64],[-13,0],[0,-65],[-25,0],[0,-32],[-62,0]],[[9662,645],[0,32],[-13,0]],[[9699,839],[0,64],[13,0],[0,-32]],[[3000,677],[12,0]],[[3012,677],[0,-32]],[[3012,645],[-12,0]],[[3000,645],[0,32]],[[2950,677],[25,0],[0,-64],[-13,0],[0,-32],[-12,0],[0,96]],[[9662,645],[12,0],[0,-32],[-12,0],[0,-32],[-13,0],[0,96]],[[3175,645],[12,0],[0,-64],[-12,0],[0,64]],[[3025,613],[25,0],[0,-65],[-13,0],[0,33],[-12,0],[0,32]],[[3100,613],[25,0],[0,-32],[-13,0],[0,-33],[-12,0],[0,65]],[[3000,581],[12,0],[0,-33],[-12,0],[0,33]],[[3150,581],[12,0],[0,-33],[-12,0],[0,33]],[[2900,516],[-13,0]],[[2887,516],[0,32],[13,0],[0,-32]],[[3037,1355],[0,-194]],[[3025,1032],[0,-129]],[[3025,903],[12,0]],[[3037,903],[0,-32]],[[3025,839],[0,-97]],[[3012,742],[0,-65]],[[3000,677],[0,-96]],[[3000,581],[-13,0],[0,-97],[-12,0]],[[2975,484],[0,64],[-25,0],[0,-64]],[[2950,484],[-50,0]],[[2900,484],[0,129],[-13,0],[0,64],[13,0],[0,33],[12,0],[0,32],[13,0],[0,32],[-13,0],[0,129],[13,0],[0,32]],[[2937,935],[0,162]],[[2950,1097],[0,64]],[[2950,1193],[0,33]],[[2962,1290],[38,0]],[[3000,1290],[0,-32]],[[3025,1258],[0,97]],[[2975,484],[-25,0]],[[2900,516],[0,-64]],[[2900,452],[-13,0],[0,64]],[[2950,484],[0,-65],[-13,0],[0,-32]],[[2937,387],[-12,0],[0,32],[-13,0],[0,33],[-12,0]],[[2900,452],[0,32]],[[3012,710],[25,0]],[[3037,710],[0,-33],[-12,0],[0,-32],[25,0],[0,32],[12,0],[0,-64],[13,0],[0,32],[25,0],[0,-32]],[[3100,613],[-13,0],[0,-65],[-12,0],[0,-32],[12,0],[0,-32],[13,0],[0,-32],[-13,0],[0,-33],[-25,0],[0,65],[-12,0],[0,32],[-13,0],[0,-97],[-12,0],[0,33],[-13,0],[0,32],[-12,0],[0,-97]],[[3000,387],[-13,0]],[[2987,387],[0,32]],[[2987,419],[-12,0]],[[2975,419],[0,65]],[[3000,581],[0,64]],[[3012,645],[0,65]],[[3112,387],[-12,0]],[[3100,387],[0,32],[12,0],[0,-32]],[[2962,419],[25,0]],[[2987,419],[0,-64]],[[2987,355],[-12,0]],[[2975,355],[0,32],[-13,0],[0,32]],[[2937,387],[13,0]],[[2950,387],[0,-32]],[[2950,355],[-13,0],[0,32]],[[3000,387],[12,0],[0,-32],[-12,0]],[[3000,355],[0,32]],[[3100,387],[0,-32],[-13,0]],[[3087,355],[0,32],[13,0]],[[2975,419],[-13,0]],[[2975,355],[-13,0],[0,-32]],[[2962,323],[-12,0]],[[2950,323],[0,64]],[[2975,355],[0,-32]],[[2975,323],[-13,0]],[[3000,387],[0,-64]],[[3000,323],[-25,0]],[[2987,355],[0,32]],[[3087,355],[0,-32]],[[3087,323],[-12,0],[0,32],[12,0]],[[2900,323],[12,0]],[[2912,323],[0,-33]],[[2912,290],[-12,0]],[[2900,290],[0,33]],[[2962,323],[0,-33],[-12,0]],[[2950,290],[0,33]],[[3087,323],[13,0],[0,-33]],[[3100,290],[-13,0],[0,33]],[[2950,355],[0,-97]],[[2950,258],[-13,0]],[[2937,258],[0,65]],[[2937,323],[-12,0],[0,32],[-25,0]],[[2900,355],[0,97]],[[2912,290],[0,-32],[-12,0],[0,32]],[[3062,290],[13,0],[0,-32],[-13,0],[0,32]],[[2937,323],[0,-97]],[[2937,226],[-25,0]],[[2912,226],[0,97]],[[2900,323],[0,32]],[[3312,355],[38,0],[0,-32],[12,0],[0,32],[13,0],[0,-32],[25,0],[0,-33],[-13,0],[0,-32],[-25,0],[0,-32],[-25,0],[0,32],[-12,0],[0,-32],[-25,0],[0,97],[12,0],[0,32]],[[3112,226],[-12,0]],[[3100,226],[0,32],[12,0],[0,-32]],[[2912,226],[38,0]],[[2950,226],[0,-32],[-13,0]],[[2937,194],[0,-33],[-12,0],[0,33],[-13,0],[0,32]],[[2975,323],[0,-65]],[[2975,258],[12,0]],[[2987,258],[0,-32],[-25,0],[0,-65],[-12,0],[0,-32]],[[2950,129],[-13,0],[0,65]],[[2950,226],[-13,0]],[[2937,226],[0,32]],[[2950,258],[0,32]],[[2950,129],[75,0],[0,-32]],[[3025,97],[-75,0],[0,32]],[[3012,97],[0,-32]],[[3012,65],[-25,0],[0,32],[25,0]],[[3012,97],[13,0]],[[3025,97],[0,-32]],[[3025,65],[-13,0]],[[3075,65],[-25,0]],[[3050,65],[0,32],[25,0],[0,-32]],[[3212,97],[13,0],[0,-32],[-13,0],[0,32]],[[3162,806],[0,-64],[-37,0]],[[3137,677],[0,-32],[38,0]],[[3175,645],[0,-129],[-25,0],[0,-32],[-25,0],[0,-97],[-13,0]],[[3100,290],[0,-64]],[[3112,226],[0,-65],[25,0],[0,-32],[25,0],[0,-32],[25,0]],[[3187,97],[0,-65],[-12,0]],[[3175,32],[0,33],[-13,0],[0,-33]],[[3162,32],[-37,0]],[[3125,32],[0,65],[-25,0],[0,32],[-13,0],[0,32],[-25,0],[0,33],[25,0],[0,32],[-37,0],[0,-32],[-13,0],[0,-33],[-12,0],[0,33],[-13,0],[0,64]],[[3012,258],[-37,0]],[[3000,323],[0,32]],[[3037,710],[-12,0]],[[3025,710],[0,64]],[[2987,258],[25,0]],[[3125,32],[-13,0],[0,33]],[[3112,65],[-37,0]],[[3050,65],[-13,0]],[[3037,65],[0,32]],[[3037,97],[-12,0]],[[3037,97],[0,-65]],[[3037,32],[-12,0]],[[3025,32],[0,65]],[[3187,97],[25,0]],[[3212,97],[0,-65],[-12,0],[0,33],[-13,0],[0,32]],[[3025,65],[0,-33]],[[3025,32],[-13,0],[0,33]],[[3175,32],[-13,0]],[[3037,65],[75,0]],[[3125,32],[0,-32],[-63,0]],[[3062,0],[0,32]],[[3062,32],[-25,0]],[[3037,32],[0,33]],[[3062,0],[-12,0],[0,32],[12,0]]]}