{"type":"Topology","bbox":[-180,-55.80007200000001,180,83.699928],"transform":{"scale":[0.036003600360036005,0.01395139513951395],"translate":[-180,-55.80007200000001]},"objects":{"anthromes":{"type":"GeometryCollection","geometries":[{"type":"Polygon","arcs":[[0,1]],"properties":{"anthrome":63}},{"type":"Polygon","arcs":[[2]],"properties":{"anthrome":63}},{"type":"Polygon","arcs":[[3]],"properties":{"anthrome":63}},{"type":"Polygon","arcs":[[4]],"properties":{"anthrome":62}},{"type":"Polygon","arcs":[[5]],"properties":{"anthrome":63}},{"type":"Polygon","arcs":[[6]],"properties":{"anthrome":62}},{"type":"Polygon","arcs":[[7,8]],"properties":{"anthrome":62}},{"type":"Polygon","arcs":[[9,10]],"properties":{"anthrome":62}},{"type":"Polygon","arcs":[[11,12]],"properties":{"anthrome":62}},{"type":"Polygon","arcs":[[13]],"properties":{"anthrome":63}},{"type":"Polygon","arcs":[[14,15,16,17,18],[-1,19],[-4]],"properties":{"anthrome":62}},{"type":"Polygon","arcs":[[20]],"properties":{"anthrome":63}},{"type":"Polygon","arcs":[[21,22]],"properties":{"anthrome":63}},{"type":"Polygon","arcs":[[23,24]],"properties":{"anthrome":63}},{"type":"Polygon","arcs":[[25,26,27]],"properties":{"anthrome":62}},{"type":"Polygon","arcs":[[28]],"properties":{"anthrome":62}},{"type":"Polygon","arcs":[[29,30]],"properties":{"anthrome":62}},{"type":"Polygon","arcs":[[31]],"properties":{"anthrome":63}},{"type":"Polygon","arcs":[[32]],"properties":{"anthrome":63}},{"type":"Polygon","arcs":[[-24,33]],"properties":{"anthrome":62}},{"type":"Polygon","arcs":[[34,35]],"properties":{"anthrome":62}},{"type":"Polygon","arcs":[[36]],"properties":{"anthrome":62}},{"type":"Polygon","arcs":[[37,38]],"properties":{"anthrome":63}},{"type":"Polygon","arcs":[[39,40]],"properties":{"anthrome":63}},{"type":"Polygon","arcs":[[41]],"properties":{"anthrome":62}},{"type":"Polygon","arcs":[[42,43,44]],"properties":{"anthrome":63}},{"type":"Polygon","arcs":[[45,46]],"properties":{"anthrome":63}},{"type":"Polygon","arcs":[[47]],"properties":{"anthrome":63}},{"type":"Polygon","arcs":[[48,49]],"properties":{"anthrome":63}},{"type":"Polygon","arcs":[[50,51]],"properties":{"anthrome":62}},{"type":"Polygon","arcs":[[52]],"properties":{"anthrome":63}},{"type":"Polygon","arcs":[[53,54]],"properties":{"anthrome":62}},{"type":"Polygon","arcs":[[55]],"properties":{"anthrome":54}},{"type":"Polygon","arcs":[[56]],"properties":{"anthrome":63}},{"type":"Polygon","arcs":[[57,-45,58,59]],"properties":{"anthrome":62}},{"type":"Polygon","arcs":[[60,61]],"properties":{"anthrome":63}},{"type":"Polygon","arcs":[[62,63]],"properties":{"anthrome":63}},{"type":"Polygon","arcs":[[64,65]],"properties":{"anthrome":62}},{"type":"Polygon","arcs":[[66]],"properties":{"anthrome":62}},{"type":"Polygon","arcs":[[67,68]],"properties":{"anthrome":63}},{"type":"Polygon","arcs":[[69]],"properties":{"anthrome":63}},{"type":"Polygon","arcs":[[70,71,72,73,-61]],"properties":{"anthrome":62}},{"type":"Polygon","arcs":[[74,75]],"properties":{"anthrome":63}},{"type":"Polygon","arcs":[[76]],"properties":{"anthrome":62}},{"type":"Polygon","arcs":[[77]],"properties":{"anthrome":63}},{"type":"Polygon","arcs":[[78,79]],"properties":{"anthrome":62}},{"type":"Polygon","arcs":[[80,-49,81,-47,82,83,84,85,86,-75,87,-63,88]],"properties":{"anthrome":62}},{"type":"Polygon","arcs":[[-12,89,-60,90,91,92,93,-73,94,-71,95],[-42],[-51,-52]],"properties":{"anthrome":63}},{"type":"Polygon","arcs":[[96,97,98]],"properties":{"anthrome":63}},{"type":"Polygon","arcs":[[99,100]],"properties":{"anthrome":62}},{"type":"Polygon","arcs":[[101,-79,102,103]],"properties":{"anthrome":63}},{"type":"Polygon","arcs":[[104,105,106]],"properties":{"anthrome":62}},{"type":"Polygon","arcs":[[-98,107]],"properties":{"anthrome":62}},{"type":"Polygon","arcs":[[-106,108]],"properties":{"anthrome":63}},{"type":"Polygon","arcs":[[-86,109]],"properties":{"anthrome":63}},{"type":"Polygon","arcs":[[110,111]],"properties":{"anthrome":62}},{"type":"Polygon","arcs":[[112,113]],"properties":{"anthrome":62}},{"type":"Polygon","arcs":[[114]],"properties":{"anthrome":62}},{"type":"Polygon","arcs":[[115,-101,116,117]],"properties":{"anthrome":63}},{"type":"Polygon","arcs":[[118,119,120,121,122,123]],"properties":{"anthrome":62}},{"type":"Polygon","arcs":[[124]],"properties":{"anthrome":62}},{"type":"Polygon","arcs":[[125,-104,126,-92]],"properties":{"anthrome":62}},{"type":"Polygon","arcs":[[127]],"properties":{"anthrome":63}},{"type":"Polygon","arcs":[[128,-122]],"properties":{"anthrome":63}},{"type":"Polygon","arcs":[[129,130]],"properties":{"anthrome":62}},{"type":"Polygon","arcs":[[131,132]],"properties":{"anthrome":54}},{"type":"Polygon","arcs":[[133,134]],"properties":{"anthrome":62}},{"type":"Polygon","arcs":[[135,-134]],"properties":{"anthrome":63}},{"type":"Polygon","arcs":[[136,-118,137,-97]],"properties":{"anthrome":62}},{"type":"Polygon","arcs":[[138,139]],"properties":{"anthrome":62}},{"type":"Polygon","arcs":[[140,141]],"properties":{"anthrome":62}},{"type":"Polygon","arcs":[[142,143]],"properties":{"anthrome":62}},{"type":"Polygon","arcs":[[144]],"properties":{"anthrome":63}},{"type":"Polygon","arcs":[[145,146]],"properties":{"anthrome":63}},{"type":"Polygon","arcs":[[147,148]],"properties":{"anthrome":63}},{"type":"Polygon","arcs":[[149,150]],"properties":{"anthrome":63}},{"type":"Polygon","arcs":[[151,152]],"properties":{"anthrome":62}},{"type":"Polygon","arcs":[[153,154]],"properties":{"anthrome":62}},{"type":"Polygon","arcs":[[155,156]],"properties":{"anthrome":61}},{"type":"Polygon","arcs":[[157,158]],"properties":{"anthrome":63}},{"type":"Polygon","arcs":[[159]],"properties":{"anthrome":54}},{"type":"Polygon","arcs":[[160,161]],"properties":{"anthrome":63}},{"type":"Polygon","arcs":[[162]],"properties":{"anthrome":63}},{"type":"Polygon","arcs":[[163]],"properties":{"anthrome":63}},{"type":"Polygon","arcs":[[164,165,166]],"properties":{"anthrome":63}},{"type":"Polygon","arcs":[[167,168]],"properties":{"anthrome":62}},{"type":"Polygon","arcs":[[169,170]],"properties":{"anthrome":54}},{"type":"Polygon","arcs":[[171]],"properties":{"anthrome":54}},{"type":"Polygon","arcs":[[172]],"properties":{"anthrome":63}},{"type":"Polygon","arcs":[[173]],"properties":{"anthrome":63}},{"type":"Polygon","arcs":[[174]],"properties":{"anthrome":63}},{"type":"Polygon","arcs":[[175]],"properties":{"anthrome":54}},{"type":"Polygon","arcs":[[176,177]],"properties":{"anthrome":63}},{"type":"Polygon","arcs":[[178,179]],"properties":{"anthrome":63}},{"type":"Polygon","arcs":[[180]],"properties":{"anthrome":54}},{"type":"Polygon","arcs":[[181,182]],"properties":{"anthrome":54}},{"type":"Polygon","arcs":[[-157,183,184,185,186,187]],"properties":{"anthrome":62}},{"type":"Polygon","arcs":[[-133,188,-144,-153,-169,189,190,-142,191,192]],"properties":{"anthrome":63}},{"type":"Polygon","arcs":[[193]],"properties":{"anthrome":54}},{"type":"Polygon","arcs":[[194]],"properties":{"anthrome":62}},{"type":"Polygon","arcs":[[195]],"properties":{"anthrome":63}},{"type":"Polygon","arcs":[[196]],"properties":{"anthrome":62}},{"type":"Polygon","arcs":[[197,198]],"properties":{"anthrome":62}},{"type":"Polygon","arcs":[[199,200]],"properties":{"anthrome":61}},{"type":"Polygon","arcs":[[201]],"properties":{"anthrome":61}},{"type":"Polygon","arcs":[[202,203]],"properties":{"anthrome":54}},{"type":"Polygon","arcs":[[204,205]],"properties":{"anthrome":54}},{"type":"Polygon","arcs":[[206,207]],"properties":{"anthrome":54}},{"type":"Polygon","arcs":[[208]],"properties":{"anthrome":54}},{"type":"Polygon","arcs":[[209,210]],"properties":{"anthrome":53}},{"type":"Polygon","arcs":[[211,212]],"properties":{"anthrome":61}},{"type":"Polygon","arcs":[[213,214]],"properties":{"anthrome":61}},{"type":"Polygon","arcs":[[215]],"properties":{"anthrome":62}},{"type":"Polygon","arcs":[[216]],"properties":{"anthrome":62}},{"type":"Polygon","arcs":[[217]],"properties":{"anthrome":62}},{"type":"Polygon","arcs":[[218,219,-214,220]],"properties":{"anthrome":62}},{"type":"Polygon","arcs":[[221,-219]],"properties":{"anthrome":63}},{"type":"Polygon","arcs":[[222,223]],"properties":{"anthrome":54}},{"type":"Polygon","arcs":[[224,225]],"properties":{"anthrome":63}},{"type":"Polygon","arcs":[[226]],"properties":{"anthrome":63}},{"type":"Polygon","arcs":[[227,228,229,230]],"properties":{"anthrome":53}},{"type":"Polygon","arcs":[[231,232,233,234]],"properties":{"anthrome":62}},{"type":"Polygon","arcs":[[235,-233]],"properties":{"anthrome":63}},{"type":"Polygon","arcs":[[236]],"properties":{"anthrome":54}},{"type":"Polygon","arcs":[[237,238]],"properties":{"anthrome":62}},{"type":"Polygon","arcs":[[239,240]],"properties":{"anthrome":61}},{"type":"Polygon","arcs":[[-190,241,242,243]],"properties":{"anthrome":62}},{"type":"Polygon","arcs":[[244,245,-229,246,-200]],"properties":{"anthrome":62}},{"type":"Polygon","arcs":[[247]],"properties":{"anthrome":62}},{"type":"Polygon","arcs":[[248]],"properties":{"anthrome":62}},{"type":"Polygon","arcs":[[249,250,251,252]],"properties":{"anthrome":63}},{"type":"Polygon","arcs":[[253,-251]],"properties":{"anthrome":62}},{"type":"Polygon","arcs":[[254]],"properties":{"anthrome":62}},{"type":"Polygon","arcs":[[255,256]],"properties":{"anthrome":61}},{"type":"Polygon","arcs":[[-230,257,258,259]],"properties":{"anthrome":62}},{"type":"Polygon","arcs":[[260,261,262]],"properties":{"anthrome":53}},{"type":"Polygon","arcs":[[263,264,265]],"properties":{"anthrome":54}},{"type":"Polygon","arcs":[[-243,266]],"properties":{"anthrome":54}},{"type":"Polygon","arcs":[[267]],"properties":{"anthrome":62}},{"type":"Polygon","arcs":[[268]],"properties":{"anthrome":61}},{"type":"Polygon","arcs":[[269]],"properties":{"anthrome":62}},{"type":"Polygon","arcs":[[270]],"properties":{"anthrome":62}},{"type":"Polygon","arcs":[[271,272,273,274]],"properties":{"anthrome":54}},{"type":"Polygon","arcs":[[275,276,277,-273]],"properties":{"anthrome":53}},{"type":"Polygon","arcs":[[-240,278,279,280]],"properties":{"anthrome":54}},{"type":"Polygon","arcs":[[281]],"properties":{"anthrome":53}},{"type":"Polygon","arcs":[[282,283]],"properties":{"anthrome":62}},{"type":"Polygon","arcs":[[284,285,286,287]],"properties":{"anthrome":54}},{"type":"Polygon","arcs":[[288,289]],"properties":{"anthrome":63}},{"type":"Polygon","arcs":[[290,291,292,293,294]],"properties":{"anthrome":62}},{"type":"Polygon","arcs":[[295,296,297,298,299,300]],"properties":{"anthrome":61}},{"type":"Polygon","arcs":[[301,302]],"properties":{"anthrome":62}},{"type":"Polygon","arcs":[[303]],"properties":{"anthrome":62}},{"type":"Polygon","arcs":[[304,305]],"properties":{"anthrome":54}},{"type":"Polygon","arcs":[[306,307,308,309]],"properties":{"anthrome":53}},{"type":"Polygon","arcs":[[310,311,312,-286]],"properties":{"anthrome":62}},{"type":"Polygon","arcs":[[313]],"properties":{"anthrome":63}},{"type":"Polygon","arcs":[[314]],"properties":{"anthrome":63}},{"type":"Polygon","arcs":[[315]],"properties":{"anthrome":63}},{"type":"Polygon","arcs":[[316,317]],"properties":{"anthrome":61}},{"type":"Polygon","arcs":[[318,319,-293]],"properties":{"anthrome":53}},{"type":"Polygon","arcs":[[320,321,322,-298]],"properties":{"anthrome":53}},{"type":"Polygon","arcs":[[-259,323,324]],"properties":{"anthrome":53}},{"type":"Polygon","arcs":[[325,326,327]],"properties":{"anthrome":62}},{"type":"Polygon","arcs":[[328,329,330]],"properties":{"anthrome":53}},{"type":"Polygon","arcs":[[331,332]],"properties":{"anthrome":62}},{"type":"Polygon","arcs":[[333,334]],"properties":{"anthrome":54}},{"type":"Polygon","arcs":[[335,336]],"properties":{"anthrome":61}},{"type":"Polygon","arcs":[[337,338,339]],"properties":{"anthrome":53}},{"type":"Polygon","arcs":[[340]],"properties":{"anthrome":62}},{"type":"Polygon","arcs":[[341]],"properties":{"anthrome":53}},{"type":"Polygon","arcs":[[342,343]],"properties":{"anthrome":54}},{"type":"Polygon","arcs":[[344,345]],"properties":{"anthrome":62}},{"type":"Polygon","arcs":[[346,347,348,349]],"properties":{"anthrome":62}},{"type":"Polygon","arcs":[[350,351]],"properties":{"anthrome":53}},{"type":"Polygon","arcs":[[352,353]],"properties":{"anthrome":62}},{"type":"Polygon","arcs":[[354,355,356]],"properties":{"anthrome":53}},{"type":"Polygon","arcs":[[357,358,359,360]],"properties":{"anthrome":54}},{"type":"Polygon","arcs":[[-350,361,362,363]],"properties":{"anthrome":53}},{"type":"Polygon","arcs":[[364,365]],"properties":{"anthrome":53}},{"type":"Polygon","arcs":[[-288,366,-308,367,368,369,-305,370,-223,371]],"properties":{"anthrome":62}},{"type":"Polygon","arcs":[[372,373,374]],"properties":{"anthrome":61}},{"type":"Polygon","arcs":[[375,-374]],"properties":{"anthrome":62}},{"type":"Polygon","arcs":[[376]],"properties":{"anthrome":62}},{"type":"Polygon","arcs":[[377]],"properties":{"anthrome":53}},{"type":"Polygon","arcs":[[378,379,-356]],"properties":{"anthrome":54}},{"type":"Polygon","arcs":[[380,381,-330]],"properties":{"anthrome":54}},{"type":"Polygon","arcs":[[382,383]],"properties":{"anthrome":54}},{"type":"Polygon","arcs":[[384,385]],"properties":{"anthrome":54}},{"type":"Polygon","arcs":[[386,387]],"properties":{"anthrome":62}},{"type":"Polygon","arcs":[[388,389,-332]],"properties":{"anthrome":54}},{"type":"Polygon","arcs":[[390,391,392]],"properties":{"anthrome":54}},{"type":"Polygon","arcs":[[393]],"properties":{"anthrome":53}},{"type":"Polygon","arcs":[[394]],"properties":{"anthrome":53}},{"type":"Polygon","arcs":[[395,396,397]],"properties":{"anthrome":53}},{"type":"Polygon","arcs":[[398,399,400,-359]],"properties":{"anthrome":53}},{"type":"Polygon","arcs":[[401]],"properties":{"anthrome":53}},{"type":"Polygon","arcs":[[402]],"properties":{"anthrome":53}},{"type":"Polygon","arcs":[[403,404,405,406]],"properties":{"anthrome":54}},{"type":"Polygon","arcs":[[407,408]],"properties":{"anthrome":53}},{"type":"Polygon","arcs":[[409,410]],"properties":{"anthrome":62}},{"type":"Polygon","arcs":[[411]],"properties":{"anthrome":62}},{"type":"Polygon","arcs":[[412,413]],"properties":{"anthrome":53}},{"type":"Polygon","arcs":[[414,415,416,417]],"properties":{"anthrome":54}},{"type":"Polygon","arcs":[[418,419]],"properties":{"anthrome":62}},{"type":"Polygon","arcs":[[420]],"properties":{"anthrome":63}},{"type":"Polygon","arcs":[[421,422]],"properties":{"anthrome":62}},{"type":"Polygon","arcs":[[423,424]],"properties":{"anthrome":61}},{"type":"Polygon","arcs":[[425]],"properties":{"anthrome":61}},{"type":"Polygon","arcs":[[426,-325,427,428,429,430,431,432,-322]],"properties":{"anthrome":62}},{"type":"Polygon","arcs":[[433,-430]],"properties":{"anthrome":61}},{"type":"Polygon","arcs":[[434,435]],"properties":{"anthrome":54}},{"type":"Polygon","arcs":[[436,437]],"properties":{"anthrome":62}},{"type":"Polygon","arcs":[[438]],"properties":{"anthrome":54}},{"type":"Polygon","arcs":[[439]],"properties":{"anthrome":54}},{"type":"Polygon","arcs":[[440,441,442,-241,443,444,-275,445,446,-416,447,448,449,-213,450,451]],"properties":{"anthrome":62}},{"type":"Polygon","arcs":[[452]],"properties":{"anthrome":53}},{"type":"Polygon","arcs":[[453,454,455,456]],"properties":{"anthrome":54}},{"type":"Polygon","arcs":[[457,458]],"properties":{"anthrome":62}},{"type":"Polygon","arcs":[[459,460,461,-385]],"properties":{"anthrome":61}},{"type":"Polygon","arcs":[[462,-337,463,464,465]],"properties":{"anthrome":62}},{"type":"Polygon","arcs":[[466,467]],"properties":{"anthrome":62}},{"type":"Polygon","arcs":[[468,469]],"properties":{"anthrome":62}},{"type":"Polygon","arcs":[[470]],"properties":{"anthrome":62}},{"type":"Polygon","arcs":[[471]],"properties":{"anthrome":63}},{"type":"Polygon","arcs":[[472,473,474]],"properties":{"anthrome":61}},{"type":"Polygon","arcs":[[475,476,-473]],"properties":{"anthrome":43}},{"type":"Polygon","arcs":[[477,478,479]],"properties":{"anthrome":43}},{"type":"Polygon","arcs":[[480]],"properties":{"anthrome":53}},{"type":"Polygon","arcs":[[481]],"properties":{"anthrome":53}},{"type":"Polygon","arcs":[[482,483]],"properties":{"anthrome":53}},{"type":"Polygon","arcs":[[484]],"properties":{"anthrome":53}},{"type":"Polygon","arcs":[[485,486,-461,487]],"properties":{"anthrome":62}},{"type":"Polygon","arcs":[[488,489]],"properties":{"anthrome":53}},{"type":"Polygon","arcs":[[490,491]],"properties":{"anthrome":61}},{"type":"Polygon","arcs":[[492,493]],"properties":{"anthrome":54}},{"type":"Polygon","arcs":[[494]],"properties":{"anthrome":63}},{"type":"Polygon","arcs":[[495,496,497]],"properties":{"anthrome":62}},{"type":"Polygon","arcs":[[498]],"properties":{"anthrome":61}},{"type":"Polygon","arcs":[[499]],"properties":{"anthrome":62}},{"type":"Polygon","arcs":[[500,501]],"properties":{"anthrome":53}},{"type":"Polygon","arcs":[[502,503,504,505,506]],"properties":{"anthrome":62}},{"type":"Polygon","arcs":[[507]],"properties":{"anthrome":53}},{"type":"Polygon","arcs":[[508]],"properties":{"anthrome":62}},{"type":"Polygon","arcs":[[509,-506]],"properties":{"anthrome":54}},{"type":"Polygon","arcs":[[510]],"properties":{"anthrome":62}},{"type":"Polygon","arcs":[[511]],"properties":{"anthrome":63}},{"type":"Polygon","arcs":[[512]],"properties":{"anthrome":63}},{"type":"Polygon","arcs":[[513,514]],"properties":{"anthrome":62}},{"type":"Polygon","arcs":[[515,516,517]],"properties":{"anthrome":61}},{"type":"Polygon","arcs":[[-474,518,519]],"properties":{"anthrome":43}},{"type":"Polygon","arcs":[[520]],"properties":{"anthrome":53}},{"type":"Polygon","arcs":[[521]],"properties":{"anthrome":53}},{"type":"Polygon","arcs":[[522]],"properties":{"anthrome":61}},{"type":"Polygon","arcs":[[523,524,525,526]],"properties":{"anthrome":61}},{"type":"Polygon","arcs":[[527,528,529,-525]],"properties":{"anthrome":53}},{"type":"Polygon","arcs":[[530,531,-529]],"properties":{"anthrome":62}},{"type":"Polygon","arcs":[[532,533]],"properties":{"anthrome":54}},{"type":"Polygon","arcs":[[534,535,536,537]],"properties":{"anthrome":54}},{"type":"Polygon","arcs":[[538]],"properties":{"anthrome":61}},{"type":"Polygon","arcs":[[539]],"properties":{"anthrome":61}},{"type":"Polygon","arcs":[[540]],"properties":{"anthrome":62}},{"type":"Polygon","arcs":[[541]],"properties":{"anthrome":62}},{"type":"Polygon","arcs":[[542]],"properties":{"anthrome":62}},{"type":"Polygon","arcs":[[543,544,545,546]],"properties":{"anthrome":53}},{"type":"Polygon","arcs":[[547,548,549,-545]],"properties":{"anthrome":54}},{"type":"Polygon","arcs":[[550,551,-549]],"properties":{"anthrome":62}},{"type":"Polygon","arcs":[[552,553,554,555]],"properties":{"anthrome":54}},{"type":"Polygon","arcs":[[556,557,558,559]],"properties":{"anthrome":53}},{"type":"Polygon","arcs":[[560,561,562,563]],"properties":{"anthrome":63}},{"type":"Polygon","arcs":[[564,565]],"properties":{"anthrome":62}},{"type":"Polygon","arcs":[[566,-438,567,-484,568,569,570,571]],"properties":{"anthrome":54}},{"type":"Polygon","arcs":[[572,-375,573,574,575]],"properties":{"anthrome":62}},{"type":"Polygon","arcs":[[576]],"properties":{"anthrome":63}},{"type":"Polygon","arcs":[[577,578,579]],"properties":{"anthrome":53}},{"type":"Polygon","arcs":[[580,581,-407,582,583,584,585,586,587,588,-554,589,590,591,-455,592,593],[-499]],"properties":{"anthrome":62}},{"type":"Polygon","arcs":[[594,595,596]],"properties":{"anthrome":53}},{"type":"Polygon","arcs":[[597,598]],"properties":{"anthrome":53}},{"type":"Polygon","arcs":[[599,600]],"properties":{"anthrome":53}},{"type":"Polygon","arcs":[[601,602]],"properties":{"anthrome":61}},{"type":"Polygon","arcs":[[-517,603,604]],"properties":{"anthrome":62}},{"type":"Polygon","arcs":[[605,606,607]],"properties":{"anthrome":61}},{"type":"Polygon","arcs":[[-526,608,609,610]],"properties":{"anthrome":53}},{"type":"Polygon","arcs":[[611,612]],"properties":{"anthrome":53}},{"type":"Polygon","arcs":[[613,614]],"properties":{"anthrome":53}},{"type":"Polygon","arcs":[[615,616,617]],"properties":{"anthrome":53}},{"type":"Polygon","arcs":[[618,619,620,621]],"properties":{"anthrome":54}},{"type":"Polygon","arcs":[[622]],"properties":{"anthrome":61}},{"type":"Polygon","arcs":[[623]],"properties":{"anthrome":62}},{"type":"Polygon","arcs":[[624]],"properties":{"anthrome":53}},{"type":"Polygon","arcs":[[625]],"properties":{"anthrome":53}},{"type":"Polygon","arcs":[[626,627,628,629]],"properties":{"anthrome":62}},{"type":"Polygon","arcs":[[630,631,-628]],"properties":{"anthrome":54}},{"type":"Polygon","arcs":[[632]],"properties":{"anthrome":53}},{"type":"Polygon","arcs":[[-555,633,634]],"properties":{"anthrome":53}},{"type":"Polygon","arcs":[[635,-588]],"properties":{"anthrome":61}},{"type":"Polygon","arcs":[[636,637,638]],"properties":{"anthrome":54}},{"type":"Polygon","arcs":[[639]],"properties":{"anthrome":62}},{"type":"Polygon","arcs":[[-171,640,641,-206,642,643,-335,644,-494,645,646,647,648,649,-620,650,651,-491,652,653,-389,654,-203,655,656]],"properties":{"anthrome":62}},{"type":"Polygon","arcs":[[657,658,659]],"properties":{"anthrome":61}},{"type":"Polygon","arcs":[[660]],"properties":{"anthrome":62}},{"type":"Polygon","arcs":[[661]],"properties":{"anthrome":61}},{"type":"Polygon","arcs":[[662]],"properties":{"anthrome":53}},{"type":"Polygon","arcs":[[663,664]],"properties":{"anthrome":61}},{"type":"Polygon","arcs":[[665,666,-294,-432,667,668,669,-608,670,671,672,-519,-477,-424,673,674,-317],[-426]],"properties":{"anthrome":53}},{"type":"Polygon","arcs":[[675]],"properties":{"anthrome":53}},{"type":"Polygon","arcs":[[676]],"properties":{"anthrome":53}},{"type":"Polygon","arcs":[[677]],"properties":{"anthrome":61}},{"type":"Polygon","arcs":[[678]],"properties":{"anthrome":53}},{"type":"Polygon","arcs":[[679]],"properties":{"anthrome":61}},{"type":"Polygon","arcs":[[680]],"properties":{"anthrome":61}},{"type":"Polygon","arcs":[[681,682,683,684]],"properties":{"anthrome":53}},{"type":"Polygon","arcs":[[685,686,687,-647]],"properties":{"anthrome":61}},{"type":"Polygon","arcs":[[688,689,-687]],"properties":{"anthrome":53}},{"type":"Polygon","arcs":[[690,691,692,693]],"properties":{"anthrome":54}},{"type":"Polygon","arcs":[[-629,694,695]],"properties":{"anthrome":53}},{"type":"Polygon","arcs":[[696,-639,697,698,-636]],"properties":{"anthrome":53}},{"type":"Polygon","arcs":[[699,700]],"properties":{"anthrome":62}},{"type":"Polygon","arcs":[[701,-564,702,703,704,705,706]],"properties":{"anthrome":62}},{"type":"Polygon","arcs":[[-603,707]],"properties":{"anthrome":62}},{"type":"Polygon","arcs":[[708,709]],"properties":{"anthrome":54}},{"type":"Polygon","arcs":[[710]],"properties":{"anthrome":53}},{"type":"Polygon","arcs":[[711,712,713,714]],"properties":{"anthrome":53}},{"type":"Polygon","arcs":[[715]],"properties":{"anthrome":61}},{"type":"Polygon","arcs":[[716,717]],"properties":{"anthrome":61}},{"type":"Polygon","arcs":[[718,719]],"properties":{"anthrome":61}},{"type":"Polygon","arcs":[[720,721,722,-719]],"properties":{"anthrome":54}},{"type":"Polygon","arcs":[[723]],"properties":{"anthrome":61}},{"type":"Polygon","arcs":[[724]],"properties":{"anthrome":53}},{"type":"Polygon","arcs":[[725,726,727,728,729]],"properties":{"anthrome":53}},{"type":"Polygon","arcs":[[730,731,732,733,734,-727,735]],"properties":{"anthrome":62}},{"type":"Polygon","arcs":[[736]],"properties":{"anthrome":53}},{"type":"Polygon","arcs":[[737,738,739]],"properties":{"anthrome":54}},{"type":"Polygon","arcs":[[740,741]],"properties":{"anthrome":53}},{"type":"Polygon","arcs":[[742,743,744,745]],"properties":{"anthrome":53}},{"type":"Polygon","arcs":[[746]],"properties":{"anthrome":62}},{"type":"Polygon","arcs":[[747]],"properties":{"anthrome":62}},{"type":"Polygon","arcs":[[748]],"properties":{"anthrome":62}},{"type":"Polygon","arcs":[[749]],"properties":{"anthrome":53}},{"type":"Polygon","arcs":[[750,751,752,753],[-495]],"properties":{"anthrome":62}},{"type":"Polygon","arcs":[[754]],"properties":{"anthrome":53}},{"type":"Polygon","arcs":[[755]],"properties":{"anthrome":61}},{"type":"Polygon","arcs":[[756,757]],"properties":{"anthrome":62}},{"type":"Polygon","arcs":[[758,759]],"properties":{"anthrome":53}},{"type":"Polygon","arcs":[[760,761]],"properties":{"anthrome":53}},{"type":"Polygon","arcs":[[762,763]],"properties":{"anthrome":62}},{"type":"Polygon","arcs":[[764,765,766,767]],"properties":{"anthrome":62}},{"type":"Polygon","arcs":[[768]],"properties":{"anthrome":61}},{"type":"Polygon","arcs":[[769,770]],"properties":{"anthrome":54}},{"type":"Polygon","arcs":[[771,772,773]],"properties":{"anthrome":61}},{"type":"Polygon","arcs":[[774,775]],"properties":{"anthrome":61}},{"type":"Polygon","arcs":[[776,777,778,779]],"properties":{"anthrome":43}},{"type":"Polygon","arcs":[[780]],"properties":{"anthrome":61}},{"type":"Polygon","arcs":[[781,782]],"properties":{"anthrome":61}},{"type":"Polygon","arcs":[[783,784]],"properties":{"anthrome":53}},{"type":"Polygon","arcs":[[785,786,787]],"properties":{"anthrome":53}},{"type":"Polygon","arcs":[[788]],"properties":{"anthrome":61}},{"type":"Polygon","arcs":[[789]],"properties":{"anthrome":53}},{"type":"Polygon","arcs":[[-759,790]],"properties":{"anthrome":61}},{"type":"Polygon","arcs":[[791]],"properties":{"anthrome":62}},{"type":"Polygon","arcs":[[792,793,794,-780,795,796,797,798,-672,799,800,-669]],"properties":{"anthrome":62}},{"type":"Polygon","arcs":[[801,802]],"properties":{"anthrome":61}},{"type":"Polygon","arcs":[[803,-613,-715,-785,804,805,806,807,808,809,810,811,-609],[-679]],"properties":{"anthrome":61}},{"type":"Polygon","arcs":[[812,813]],"properties":{"anthrome":53}},{"type":"Polygon","arcs":[[814,815,816,817]],"properties":{"anthrome":54}},{"type":"Polygon","arcs":[[818,819]],"properties":{"anthrome":62}},{"type":"Polygon","arcs":[[820]],"properties":{"anthrome":53}},{"type":"Polygon","arcs":[[821]],"properties":{"anthrome":62}},{"type":"Polygon","arcs":[[822,823,824,-766]],"properties":{"anthrome":63}},{"type":"Polygon","arcs":[[825,826]],"properties":{"anthrome":61}},{"type":"Polygon","arcs":[[827]],"properties":{"anthrome":53}},{"type":"Polygon","arcs":[[828]],"properties":{"anthrome":61}},{"type":"Polygon","arcs":[[829]],"properties":{"anthrome":61}},{"type":"Polygon","arcs":[[-808,830]],"properties":{"anthrome":53}},{"type":"Polygon","arcs":[[831,832,-806]],"properties":{"anthrome":53}},{"type":"Polygon","arcs":[[-805,833,834]],"properties":{"anthrome":53}},{"type":"Polygon","arcs":[[835]],"properties":{"anthrome":53}},{"type":"Polygon","arcs":[[836,837,838,839]],"properties":{"anthrome":62}},{"type":"Polygon","arcs":[[840,841,-838]],"properties":{"anthrome":61}},{"type":"Polygon","arcs":[[842]],"properties":{"anthrome":53}},{"type":"Polygon","arcs":[[843]],"properties":{"anthrome":53}},{"type":"Polygon","arcs":[[844]],"properties":{"anthrome":62}},{"type":"Polygon","arcs":[[845]],"properties":{"anthrome":62}},{"type":"Polygon","arcs":[[846]],"properties":{"anthrome":62}},{"type":"Polygon","arcs":[[847,848,849,850,-816,851,852]],"properties":{"anthrome":62}},{"type":"Polygon","arcs":[[853,854,855,856,-770],[-828]],"properties":{"anthrome":62}},{"type":"Polygon","arcs":[[857,-776,858,859,860,861,862,863,-773]],"properties":{"anthrome":53}},{"type":"Polygon","arcs":[[864]],"properties":{"anthrome":53}},{"type":"Polygon","arcs":[[865]],"properties":{"anthrome":62}},{"type":"Polygon","arcs":[[866,-850,867]],"properties":{"anthrome":61}},{"type":"Polygon","arcs":[[868,869,870,871]],"properties":{"anthrome":63}},{"type":"Polygon","arcs":[[872,873]],"properties":{"anthrome":62}},{"type":"Polygon","arcs":[[874,875,876,-873]],"properties":{"anthrome":54}},{"type":"Polygon","arcs":[[877,878,879,-876]],"properties":{"anthrome":62}},{"type":"Polygon","arcs":[[880]],"properties":{"anthrome":53}},{"type":"Polygon","arcs":[[-768,881,882,883]],"properties":{"anthrome":54}},{"type":"Polygon","arcs":[[884,885]],"properties":{"anthrome":62}},{"type":"Polygon","arcs":[[886,887,888,889]],"properties":{"anthrome":62}},{"type":"Polygon","arcs":[[890,891,892]],"properties":{"anthrome":62}},{"type":"Polygon","arcs":[[893,894,895]],"properties":{"anthrome":53}},{"type":"Polygon","arcs":[[896,897]],"properties":{"anthrome":54}},{"type":"Polygon","arcs":[[898]],"properties":{"anthrome":53}},{"type":"Polygon","arcs":[[899]],"properties":{"anthrome":62}},{"type":"Polygon","arcs":[[900]],"properties":{"anthrome":54}},{"type":"Polygon","arcs":[[901]],"properties":{"anthrome":62}},{"type":"Polygon","arcs":[[-791,902,903,904,905,906]],"properties":{"anthrome":53}},{"type":"Polygon","arcs":[[907,908,909,910]],"properties":{"anthrome":54}},{"type":"Polygon","arcs":[[911,912,913]],"properties":{"anthrome":62}},{"type":"Polygon","arcs":[[914,915,916]],"properties":{"anthrome":62}},{"type":"Polygon","arcs":[[917]],"properties":{"anthrome":62}},{"type":"Polygon","arcs":[[918]],"properties":{"anthrome":53}},{"type":"Polygon","arcs":[[-469,919,-599,920,-710,921,-762,922,923,924,925,926,927,928,-853,929,-818,930,931],[-509]],"properties":{"anthrome":61}},{"type":"Polygon","arcs":[[932,-927,933,-870]],"properties":{"anthrome":62}},{"type":"Polygon","arcs":[[-924,934,935,936,937,938]],"properties":{"anthrome":54}},{"type":"Polygon","arcs":[[939,-199,940,-284,941,-423,942,-515,943,944,945],[-197],[-255]],"properties":{"anthrome":63}},{"type":"Polygon","arcs":[[946,947,948,949]],"properties":{"anthrome":62}},{"type":"Polygon","arcs":[[950,951,952,953,954]],"properties":{"anthrome":43}},{"type":"Polygon","arcs":[[955]],"properties":{"anthrome":53}},{"type":"Polygon","arcs":[[956,957]],"properties":{"anthrome":53}},{"type":"Polygon","arcs":[[958,959,960]],"properties":{"anthrome":62}},{"type":"Polygon","arcs":[[961]],"properties":{"anthrome":53}},{"type":"Polygon","arcs":[[962]],"properties":{"anthrome":53}},{"type":"Polygon","arcs":[[963]],"properties":{"anthrome":62}},{"type":"Polygon","arcs":[[964]],"properties":{"anthrome":62}},{"type":"Polygon","arcs":[[965,966]],"properties":{"anthrome":63}},{"type":"Polygon","arcs":[[967,968,969,970]],"properties":{"anthrome":62}},{"type":"Polygon","arcs":[[971,972,-969]],"properties":{"anthrome":63}},{"type":"Polygon","arcs":[[973,974]],"properties":{"anthrome":61}},{"type":"Polygon","arcs":[[975,976,-948]],"properties":{"anthrome":53}},{"type":"Polygon","arcs":[[977,978,979,-976]],"properties":{"anthrome":62}},{"type":"Polygon","arcs":[[980]],"properties":{"anthrome":61}},{"type":"Polygon","arcs":[[981,982,983]],"properties":{"anthrome":61}},{"type":"Polygon","arcs":[[984,-982]],"properties":{"anthrome":53}},{"type":"Polygon","arcs":[[985]],"properties":{"anthrome":53}},{"type":"Polygon","arcs":[[986]],"properties":{"anthrome":54}},{"type":"Polygon","arcs":[[987,988]],"properties":{"anthrome":62}},{"type":"Polygon","arcs":[[989,990]],"properties":{"anthrome":53}},{"type":"Polygon","arcs":[[991]],"properties":{"anthrome":62}},{"type":"Polygon","arcs":[[992]],"properties":{"anthrome":62}},{"type":"Polygon","arcs":[[993]],"properties":{"anthrome":53}},{"type":"Polygon","arcs":[[994]],"properties":{"anthrome":53}},{"type":"Polygon","arcs":[[995]],"properties":{"anthrome":62}},{"type":"Polygon","arcs":[[996,997,998,999]],"properties":{"anthrome":62}},{"type":"Polygon","arcs":[[1000,1001,1002,-998]],"properties":{"anthrome":63}},{"type":"Polygon","arcs":[[1003,1004]],"properties":{"anthrome":62}},{"type":"Polygon","arcs":[[1005,1006,1007,1008]],"properties":{"anthrome":53}},{"type":"Polygon","arcs":[[1009,1010,1011]],"properties":{"anthrome":53}},{"type":"Polygon","arcs":[[1012,1013,1014,1015,1016,1017,-860]],"properties":{"anthrome":62}},{"type":"Polygon","arcs":[[1018]],"properties":{"anthrome":61}},{"type":"Polygon","arcs":[[1019,1020,-834,1021,-787]],"properties":{"anthrome":61}},{"type":"Polygon","arcs":[[1022,-914,1023,1024,1025,1026]],"properties":{"anthrome":53}},{"type":"Polygon","arcs":[[-938,1027,1028,1029]],"properties":{"anthrome":53}},{"type":"Polygon","arcs":[[1030]],"properties":{"anthrome":53}},{"type":"Polygon","arcs":[[1031,1032]],"properties":{"anthrome":61}},{"type":"Polygon","arcs":[[1033]],"properties":{"anthrome":61}},{"type":"Polygon","arcs":[[1034,1035]],"properties":{"anthrome":61}},{"type":"Polygon","arcs":[[1036]],"properties":{"anthrome":53}},{"type":"Polygon","arcs":[[1037]],"properties":{"anthrome":53}},{"type":"Polygon","arcs":[[1038]],"properties":{"anthrome":53}},{"type":"Polygon","arcs":[[1039]],"properties":{"anthrome":62}},{"type":"Polygon","arcs":[[1040]],"properties":{"anthrome":61}},{"type":"Polygon","arcs":[[1041,1042]],"properties":{"anthrome":62}},{"type":"Polygon","arcs":[[1043,1044]],"properties":{"anthrome":54}},{"type":"Polygon","arcs":[[1045,1046,1047,-1044]],"properties":{"anthrome":53}},{"type":"Polygon","arcs":[[-936,1048,1049]],"properties":{"anthrome":61}},{"type":"Polygon","arcs":[[1050,1051]],"properties":{"anthrome":53}},{"type":"Polygon","arcs":[[1052,1053]],"properties":{"anthrome":53}},{"type":"Polygon","arcs":[[1054]],"properties":{"anthrome":61}},{"type":"Polygon","arcs":[[-970,1055,1056,1057]],"properties":{"anthrome":63}},{"type":"Polygon","arcs":[[1058,1059,1060,-1015]],"properties":{"anthrome":54}},{"type":"Polygon","arcs":[[-885,1061,-1060,1062,-1013]],"properties":{"anthrome":53}},{"type":"Polygon","arcs":[[1063,1064]],"properties":{"anthrome":61}},{"type":"Polygon","arcs":[[1065]],"properties":{"anthrome":61}},{"type":"Polygon","arcs":[[1066,1067]],"properties":{"anthrome":53}},{"type":"Polygon","arcs":[[1068]],"properties":{"anthrome":61}},{"type":"Polygon","arcs":[[1069,1070,1071]],"properties":{"anthrome":61}},{"type":"Polygon","arcs":[[1072,1073,1074]],"properties":{"anthrome":62}},{"type":"Polygon","arcs":[[1075,1076,1077]],"properties":{"anthrome":62}},{"type":"Polygon","arcs":[[1078]],"properties":{"anthrome":53}},{"type":"Polygon","arcs":[[1079]],"properties":{"anthrome":61}},{"type":"Polygon","arcs":[[1080,1081]],"properties":{"anthrome":61}},{"type":"Polygon","arcs":[[1082,1083]],"properties":{"anthrome":53}},{"type":"Polygon","arcs":[[1084,1085,-1025]],"properties":{"anthrome":62}},{"type":"Polygon","arcs":[[1086]],"properties":{"anthrome":53}},{"type":"Polygon","arcs":[[-22,1087,-41,1088,1089,1090,1091,-392,1092,1093,1094,1095,1096,1097,-744,1098,-692,1099,1100,1101,1102,-535,1103,1104,1105,1106,1107,1108,-207,1109,-182,1110,-69,1111,-39,1112],[-48],[-70],[-181],[-237],[-269],[-440],[-539],[-540],[-623],[-789]],"properties":{"anthrome":62}},{"type":"Polygon","arcs":[[-652,1113,-622,1114,-649,1115,1116,-837,-729,1117,-734,1118,-683,-616],[-737]],"properties":{"anthrome":61}},{"type":"Polygon","arcs":[[1119,1120,1121,1122,1123,1124]],"properties":{"anthrome":62}},{"type":"Polygon","arcs":[[-1120,1125,1126,1127]],"properties":{"anthrome":61}},{"type":"Polygon","arcs":[[1128,-1005,1129,-1009,1130,1131,1132,1133,1134,1135]],"properties":{"anthrome":61}},{"type":"Polygon","arcs":[[1136,1137,1138,1139,1140,-1047]],"properties":{"anthrome":62}},{"type":"Polygon","arcs":[[1141,1142,-1140]],"properties":{"anthrome":61}},{"type":"Polygon","arcs":[[1143,1144]],"properties":{"anthrome":53}},{"type":"Polygon","arcs":[[1145,1146,1147]],"properties":{"anthrome":53}},{"type":"Polygon","arcs":[[1148,1149]],"properties":{"anthrome":53}},{"type":"Polygon","arcs":[[1150]],"properties":{"anthrome":61}},{"type":"Polygon","arcs":[[1151,1152,1153]],"properties":{"anthrome":52}},{"type":"Polygon","arcs":[[-1016,1154,1155,1156]],"properties":{"anthrome":54}},{"type":"Polygon","arcs":[[-1061,1157,-1155]],"properties":{"anthrome":53}},{"type":"Polygon","arcs":[[1158]],"properties":{"anthrome":61}},{"type":"Polygon","arcs":[[1159]],"properties":{"anthrome":61}},{"type":"Polygon","arcs":[[1160]],"properties":{"anthrome":61}},{"type":"Polygon","arcs":[[1161]],"properties":{"anthrome":53}},{"type":"Polygon","arcs":[[1162,1163,-1122]],"properties":{"anthrome":54}},{"type":"Polygon","arcs":[[1164]],"properties":{"anthrome":61}},{"type":"Polygon","arcs":[[1165]],"properties":{"anthrome":61}},{"type":"Polygon","arcs":[[1166]],"properties":{"anthrome":62}},{"type":"Polygon","arcs":[[1167]],"properties":{"anthrome":62}},{"type":"Polygon","arcs":[[1168]],"properties":{"anthrome":62}},{"type":"Polygon","arcs":[[1169]],"properties":{"anthrome":61}},{"type":"Polygon","arcs":[[1170,1171]],"properties":{"anthrome":61}},{"type":"Polygon","arcs":[[1172,-1134,1173,1174]],"properties":{"anthrome":53}},{"type":"Polygon","arcs":[[1175,1176,-1132]],"properties":{"anthrome":62}},{"type":"Polygon","arcs":[[1177,1178,1179]],"properties":{"anthrome":53}},{"type":"Polygon","arcs":[[1180,1181,1182,1183]],"properties":{"anthrome":62}},{"type":"Polygon","arcs":[[1184,-824,1185,-827,1186,-857,1187,1188,1189,1190,1191,1192,-1032,1193,-883]],"properties":{"anthrome":53}},{"type":"Polygon","arcs":[[1194,1195,1196,1197,1198,1199,1200,1201,1202,-862]],"properties":{"anthrome":63}},{"type":"Polygon","arcs":[[-1154,1203,1204]],"properties":{"anthrome":54}},{"type":"Polygon","arcs":[[1205]],"properties":{"anthrome":53}},{"type":"Polygon","arcs":[[1206]],"properties":{"anthrome":53}},{"type":"Polygon","arcs":[[1207,1208,1209,1210]],"properties":{"anthrome":54}},{"type":"Polygon","arcs":[[1211,1212,1213]],"properties":{"anthrome":53}},{"type":"Polygon","arcs":[[1214]],"properties":{"anthrome":53}},{"type":"Polygon","arcs":[[1215,1216]],"properties":{"anthrome":53}},{"type":"Polygon","arcs":[[1217,1218,1219,1220]],"properties":{"anthrome":63}},{"type":"Polygon","arcs":[[1221,-1200,1222,1223]],"properties":{"anthrome":53}},{"type":"Polygon","arcs":[[1224,-1198]],"properties":{"anthrome":54}},{"type":"Polygon","arcs":[[1225]],"properties":{"anthrome":53}},{"type":"Polygon","arcs":[[1226]],"properties":{"anthrome":61}},{"type":"Polygon","arcs":[[1227]],"properties":{"anthrome":53}},{"type":"Polygon","arcs":[[1228]],"properties":{"anthrome":53}},{"type":"Polygon","arcs":[[1229]],"properties":{"anthrome":62}},{"type":"Polygon","arcs":[[1230]],"properties":{"anthrome":62}},{"type":"Polygon","arcs":[[1231]],"properties":{"anthrome":53}},{"type":"Polygon","arcs":[[1232,1233]],"properties":{"anthrome":53}},{"type":"Polygon","arcs":[[1234,-1202,1235,-1224,1236,1237,1238,1239,-1056,-973]],"properties":{"anthrome":62}},{"type":"Polygon","arcs":[[1240,1241,1242]],"properties":{"anthrome":52}},{"type":"Polygon","arcs":[[1243,1244]],"properties":{"anthrome":62}},{"type":"Polygon","arcs":[[1245]],"properties":{"anthrome":62}},{"type":"Polygon","arcs":[[1246,1247,1248,1249,1250]],"properties":{"anthrome":62}},{"type":"Polygon","arcs":[[1251]],"properties":{"anthrome":61}},{"type":"Polygon","arcs":[[-1250,1252,1253]],"properties":{"anthrome":63}},{"type":"Polygon","arcs":[[1254]],"properties":{"anthrome":53}},{"type":"Polygon","arcs":[[1255]],"properties":{"anthrome":63}},{"type":"Polygon","arcs":[[1256,1257,1258,-1238]],"properties":{"anthrome":53}},{"type":"Polygon","arcs":[[1259,1260,1261,-1258]],"properties":{"anthrome":63}},{"type":"Polygon","arcs":[[1262,-1261]],"properties":{"anthrome":62}},{"type":"Polygon","arcs":[[1263,1264]],"properties":{"anthrome":42}},{"type":"Polygon","arcs":[[1265,1266,1267]],"properties":{"anthrome":61}},{"type":"Polygon","arcs":[[1268]],"properties":{"anthrome":61}},{"type":"Polygon","arcs":[[1269,1270]],"properties":{"anthrome":61}},{"type":"Polygon","arcs":[[1271]],"properties":{"anthrome":61}},{"type":"Polygon","arcs":[[1272]],"properties":{"anthrome":61}},{"type":"Polygon","arcs":[[1273]],"properties":{"anthrome":53}},{"type":"Polygon","arcs":[[1274,1275,1276]],"properties":{"anthrome":53}},{"type":"Polygon","arcs":[[1277]],"properties":{"anthrome":53}},{"type":"Polygon","arcs":[[1278]],"properties":{"anthrome":61}},{"type":"Polygon","arcs":[[1279]],"properties":{"anthrome":61}},{"type":"Polygon","arcs":[[1280,1281]],"properties":{"anthrome":61}},{"type":"Polygon","arcs":[[1282]],"properties":{"anthrome":54}},{"type":"Polygon","arcs":[[1283]],"properties":{"anthrome":53}},{"type":"Polygon","arcs":[[1284,1285,1286,1287,1288,1289,1290]],"properties":{"anthrome":53}},{"type":"Polygon","arcs":[[-1183,1291,1292,1293]],"properties":{"anthrome":61}},{"type":"Polygon","arcs":[[1294,1295,1296,1297]],"properties":{"anthrome":61}},{"type":"Polygon","arcs":[[1298,1299,1300,-1296]],"properties":{"anthrome":62}},{"type":"Polygon","arcs":[[1301,1302,1303,1304]],"properties":{"anthrome":43}},{"type":"Polygon","arcs":[[1305]],"properties":{"anthrome":61}},{"type":"Polygon","arcs":[[1306]],"properties":{"anthrome":53}},{"type":"Polygon","arcs":[[1307]],"properties":{"anthrome":61}},{"type":"Polygon","arcs":[[1308]],"properties":{"anthrome":53}},{"type":"Polygon","arcs":[[1309,1310,1311,1312]],"properties":{"anthrome":53}},{"type":"Polygon","arcs":[[1313,1314,1315,1316,1317,-1311]],"properties":{"anthrome":54}},{"type":"Polygon","arcs":[[1318,1319]],"properties":{"anthrome":53}},{"type":"Polygon","arcs":[[1320,1321,1322,1323,1324,1325,1326]],"properties":{"anthrome":63}},{"type":"Polygon","arcs":[[1327,1328,-1323]],"properties":{"anthrome":61}},{"type":"Polygon","arcs":[[1329,1330,1331]],"properties":{"anthrome":61}},{"type":"Polygon","arcs":[[1332,1333]],"properties":{"anthrome":42}},{"type":"Polygon","arcs":[[-1242,1334,1335,1336,1337]],"properties":{"anthrome":53}},{"type":"Polygon","arcs":[[1338,1339]],"properties":{"anthrome":52}},{"type":"Polygon","arcs":[[-1267,1340,1341,-1339]],"properties":{"anthrome":53}},{"type":"Polygon","arcs":[[1342,1343]],"properties":{"anthrome":61}},{"type":"Polygon","arcs":[[1344]],"properties":{"anthrome":61}},{"type":"Polygon","arcs":[[1345]],"properties":{"anthrome":53}},{"type":"Polygon","arcs":[[1346,1347]],"properties":{"anthrome":53}},{"type":"Polygon","arcs":[[1348]],"properties":{"anthrome":53}},{"type":"Polygon","arcs":[[1349]],"properties":{"anthrome":61}},{"type":"Polygon","arcs":[[1350]],"properties":{"anthrome":61}},{"type":"Polygon","arcs":[[1351]],"properties":{"anthrome":61}},{"type":"Polygon","arcs":[[1352,1353,1354,-1317]],"properties":{"anthrome":61}},{"type":"Polygon","arcs":[[1355,1356,1357,-1354]],"properties":{"anthrome":53}},{"type":"Polygon","arcs":[[1358,1359,1360,-1357]],"properties":{"anthrome":61}},{"type":"Polygon","arcs":[[-1281,1361,-1360]],"properties":{"anthrome":53}},{"type":"Polygon","arcs":[[1362]],"properties":{"anthrome":53}},{"type":"Polygon","arcs":[[1363,1364,1365]],"properties":{"anthrome":62}},{"type":"Polygon","arcs":[[1366]],"properties":{"anthrome":61}},{"type":"Polygon","arcs":[[-1288,1367,1368,1369]],"properties":{"anthrome":54}},{"type":"Polygon","arcs":[[1370]],"properties":{"anthrome":63}},{"type":"Polygon","arcs":[[1371,1372]],"properties":{"anthrome":53}},{"type":"Polygon","arcs":[[1373,1374,-989,1375,1376,-1074,-990,1377,-1277,-1348,1378,1379,1380,1381,1382,1383],[-1228]],"properties":{"anthrome":54}},{"type":"Polygon","arcs":[[-1276,1384,1385,1386]],"properties":{"anthrome":62}},{"type":"Polygon","arcs":[[1387,1388,1389,1390]],"properties":{"anthrome":61}},{"type":"Polygon","arcs":[[1391,1392]],"properties":{"anthrome":62}},{"type":"Polygon","arcs":[[1393,1394]],"properties":{"anthrome":62}},{"type":"Polygon","arcs":[[1395,1396,1397,1398,1399]],"properties":{"anthrome":53}},{"type":"Polygon","arcs":[[1400]],"properties":{"anthrome":53}},{"type":"Polygon","arcs":[[1401,1402,1403]],"properties":{"anthrome":63}},{"type":"Polygon","arcs":[[1404,1405]],"properties":{"anthrome":62}},{"type":"Polygon","arcs":[[1406,1407,-1271,1408,-1344,1409,1410,1411],[-1069],[-1159],[-1269]],"properties":{"anthrome":53}},{"type":"Polygon","arcs":[[1412]],"properties":{"anthrome":61}},{"type":"Polygon","arcs":[[1413]],"properties":{"anthrome":54}},{"type":"Polygon","arcs":[[1414,-1381]],"properties":{"anthrome":53}},{"type":"Polygon","arcs":[[1415]],"properties":{"anthrome":61}},{"type":"Polygon","arcs":[[1416,1417,1418,1419]],"properties":{"anthrome":54}},{"type":"Polygon","arcs":[[1420,1421]],"properties":{"anthrome":53}},{"type":"Polygon","arcs":[[1422]],"properties":{"anthrome":62}},{"type":"Polygon","arcs":[[1423,1424,1425,1426]],"properties":{"anthrome":53}},{"type":"Polygon","arcs":[[1427,1428,1429,-1425]],"properties":{"anthrome":54}},{"type":"Polygon","arcs":[[1430,1431,1432,1433,1434]],"properties":{"anthrome":61}},{"type":"Polygon","arcs":[[1435,-1217,1436,-1221,1437,1438,1439,1440,1441,1442,1443,-1330,1444]],"properties":{"anthrome":62}},{"type":"Polygon","arcs":[[1445]],"properties":{"anthrome":54}},{"type":"Polygon","arcs":[[1446,1447,1448,1449]],"properties":{"anthrome":62}},{"type":"Polygon","arcs":[[1450,1451,1452,1453]],"properties":{"anthrome":53}},{"type":"Polygon","arcs":[[1454,1455,1456]],"properties":{"anthrome":62}},{"type":"Polygon","arcs":[[1457]],"properties":{"anthrome":61}},{"type":"Polygon","arcs":[[1458,-1441,1459,1460]],"properties":{"anthrome":63}},{"type":"Polygon","arcs":[[-1403,1461,1462,1463]],"properties":{"anthrome":62}},{"type":"Polygon","arcs":[[1464,1465,1466,-1462]],"properties":{"anthrome":63}},{"type":"Polygon","arcs":[[1467,1468,-1466]],"properties":{"anthrome":62}},{"type":"Polygon","arcs":[[1469]],"properties":{"anthrome":62}},{"type":"Polygon","arcs":[[1470,1471,1472]],"properties":{"anthrome":52}},{"type":"Polygon","arcs":[[1473,1474,1475,-978,-947,1476,1477,1478,-1268,-1340,1479,1480,1481,1482,1483,-1241,-1064,-974,1484],[-1066]],"properties":{"anthrome":53}},{"type":"Polygon","arcs":[[1485,-1481]],"properties":{"anthrome":61}},{"type":"Polygon","arcs":[[1486]],"properties":{"anthrome":61}},{"type":"Polygon","arcs":[[1487,1488]],"properties":{"anthrome":54}},{"type":"Polygon","arcs":[[-1415,1489,1490,1491]],"properties":{"anthrome":54}},{"type":"Polygon","arcs":[[1492]],"properties":{"anthrome":54}},{"type":"Polygon","arcs":[[1493]],"properties":{"anthrome":61}},{"type":"Polygon","arcs":[[1494,1495]],"properties":{"anthrome":63}},{"type":"Polygon","arcs":[[1496,1497,1498,1499]],"properties":{"anthrome":54}},{"type":"Polygon","arcs":[[-1419,1500,1501]],"properties":{"anthrome":61}},{"type":"Polygon","arcs":[[1502,1503,1504,1505]],"properties":{"anthrome":61}},{"type":"Polygon","arcs":[[1506,-1433,1507,1508]],"properties":{"anthrome":53}},{"type":"Polygon","arcs":[[1509]],"properties":{"anthrome":62}},{"type":"Polygon","arcs":[[1510]],"properties":{"anthrome":61}},{"type":"Polygon","arcs":[[1511]],"properties":{"anthrome":62}},{"type":"Polygon","arcs":[[1512,1513,1514,1515]],"properties":{"anthrome":63}},{"type":"Polygon","arcs":[[1516]],"properties":{"anthrome":54}},{"type":"Polygon","arcs":[[1517,1518]],"properties":{"anthrome":62}},{"type":"Polygon","arcs":[[1519,-1320,-1398,1520,-1457,1521,1522,-1518,-1394,1523]],"properties":{"anthrome":54}},{"type":"Polygon","arcs":[[1524,1525,1526]],"properties":{"anthrome":63}},{"type":"Polygon","arcs":[[-1372,1527]],"properties":{"anthrome":61}},{"type":"Polygon","arcs":[[1528]],"properties":{"anthrome":53}},{"type":"Polygon","arcs":[[1529,1530,1531,1532]],"properties":{"anthrome":61}},{"type":"Polygon","arcs":[[1533,1534]],"properties":{"anthrome":61}},{"type":"Polygon","arcs":[[1535,1536,1537,1538]],"properties":{"anthrome":62}},{"type":"Polygon","arcs":[[1539]],"properties":{"anthrome":62}},{"type":"Polygon","arcs":[[1540,1541]],"properties":{"anthrome":62}},{"type":"Polygon","arcs":[[1542]],"properties":{"anthrome":62}},{"type":"Polygon","arcs":[[-1515,1543]],"properties":{"anthrome":62}},{"type":"Polygon","arcs":[[1544,1545,1546,1547]],"properties":{"anthrome":53}},{"type":"Polygon","arcs":[[1548,1549,-1546]],"properties":{"anthrome":62}},{"type":"Polygon","arcs":[[1550,-1549]],"properties":{"anthrome":53}},{"type":"Polygon","arcs":[[-1484,1551,1552,1553,1554,1555,1556,-1335]],"properties":{"anthrome":61}},{"type":"Polygon","arcs":[[1557,1558,1559,1560]],"properties":{"anthrome":52}},{"type":"Polygon","arcs":[[1561,1562,1563,-1559]],"properties":{"anthrome":61}},{"type":"Polygon","arcs":[[1564]],"properties":{"anthrome":61}},{"type":"Polygon","arcs":[[1565]],"properties":{"anthrome":61}},{"type":"Polygon","arcs":[[1566]],"properties":{"anthrome":61}},{"type":"Polygon","arcs":[[1567]],"properties":{"anthrome":61}},{"type":"Polygon","arcs":[[1568]],"properties":{"anthrome":61}},{"type":"Polygon","arcs":[[1569]],"properties":{"anthrome":61}},{"type":"Polygon","arcs":[[-1491,1570,1571,1572]],"properties":{"anthrome":62}},{"type":"Polygon","arcs":[[1573]],"properties":{"anthrome":53}},{"type":"Polygon","arcs":[[1574,1575,1576,1577]],"properties":{"anthrome":53}},{"type":"Polygon","arcs":[[1578,1579,1580]],"properties":{"anthrome":61}},{"type":"Polygon","arcs":[[1581,1582,1583]],"properties":{"anthrome":53}},{"type":"Polygon","arcs":[[1584]],"properties":{"anthrome":54}},{"type":"Polygon","arcs":[[-1499,1585,1586,1587]],"properties":{"anthrome":61}},{"type":"Polygon","arcs":[[1588,1589,1590]],"properties":{"anthrome":54}},{"type":"Polygon","arcs":[[1591,1592,-1590]],"properties":{"anthrome":53}},{"type":"Polygon","arcs":[[-1432,1593,1594,1595]],"properties":{"anthrome":53}},{"type":"Polygon","arcs":[[-1453,1596,1597,-1594]],"properties":{"anthrome":61}},{"type":"Polygon","arcs":[[1598]],"properties":{"anthrome":53}},{"type":"Polygon","arcs":[[-1361,1599,1600,1601]],"properties":{"anthrome":53}},{"type":"Polygon","arcs":[[-1440,1602,1603,1604,1605,1606]],"properties":{"anthrome":63}},{"type":"Polygon","arcs":[[1607,1608]],"properties":{"anthrome":61}},{"type":"Polygon","arcs":[[1609]],"properties":{"anthrome":53}},{"type":"Polygon","arcs":[[1610,1611,1612]],"properties":{"anthrome":62}},{"type":"Polygon","arcs":[[1613,1614,1615,1616]],"properties":{"anthrome":54}},{"type":"Polygon","arcs":[[1617,1618,1619,-1615]],"properties":{"anthrome":53}},{"type":"Polygon","arcs":[[1620,1621]],"properties":{"anthrome":63}},{"type":"Polygon","arcs":[[-1526,1622,1623,-1621]],"properties":{"anthrome":53}},{"type":"Polygon","arcs":[[-1460,-1607,1624,1625,1626,1627]],"properties":{"anthrome":54}},{"type":"Polygon","arcs":[[1628,-1605]],"properties":{"anthrome":62}},{"type":"Polygon","arcs":[[1629,1630,1631]],"properties":{"anthrome":62}},{"type":"Polygon","arcs":[[1632]],"properties":{"anthrome":62}},{"type":"Polygon","arcs":[[1633]],"properties":{"anthrome":53}},{"type":"Polygon","arcs":[[1634,1635]],"properties":{"anthrome":63}},{"type":"Polygon","arcs":[[1636,1637]],"properties":{"anthrome":62}},{"type":"Polygon","arcs":[[-1550,1638,1639]],"properties":{"anthrome":53}},{"type":"Polygon","arcs":[[1640,1641,1642]],"properties":{"anthrome":52}},{"type":"Polygon","arcs":[[1643]],"properties":{"anthrome":61}},{"type":"Polygon","arcs":[[1644]],"properties":{"anthrome":61}},{"type":"Polygon","arcs":[[1645]],"properties":{"anthrome":61}},{"type":"Polygon","arcs":[[1646]],"properties":{"anthrome":61}},{"type":"Polygon","arcs":[[1647]],"properties":{"anthrome":61}},{"type":"Polygon","arcs":[[1648]],"properties":{"anthrome":53}},{"type":"Polygon","arcs":[[1649]],"properties":{"anthrome":53}},{"type":"Polygon","arcs":[[1650]],"properties":{"anthrome":53}},{"type":"Polygon","arcs":[[1651,1652,1653]],"properties":{"anthrome":53}},{"type":"Polygon","arcs":[[1654,1655,1656,1657]],"properties":{"anthrome":61}},{"type":"Polygon","arcs":[[1658,1659,1660,-1656]],"properties":{"anthrome":53}},{"type":"Polygon","arcs":[[-1580,1661,1662,1663]],"properties":{"anthrome":54}},{"type":"Polygon","arcs":[[1664,1665]],"properties":{"anthrome":62}},{"type":"Polygon","arcs":[[1666]],"properties":{"anthrome":61}},{"type":"Polygon","arcs":[[1667]],"properties":{"anthrome":54}},{"type":"Polygon","arcs":[[-1595,1668,1669]],"properties":{"anthrome":61}},{"type":"Polygon","arcs":[[1670,1671,1672,1673]],"properties":{"anthrome":54}},{"type":"Polygon","arcs":[[1674,1675,1676,1677]],"properties":{"anthrome":53}},{"type":"Polygon","arcs":[[-1532,1678,1679,1680]],"properties":{"anthrome":53}},{"type":"Polygon","arcs":[[1681,1682,-262,1683,-266,-328,1684,-357,1685,1686,1687,-1412,-1411,1688,1689,1690,1691,1692,1693,-1480,1694,-1303,-1302,-1479,-1478,1695,1696,-1068,1697,-953,1698,1699,-778,1700,-794,1701,-480,-479,-429,1702,-246],[-377],[-378],[-481],[-482],[-521],[-522],[-663],[-676],[-711],[-677],[-1226]],"properties":{"anthrome":61}},{"type":"Polygon","arcs":[[1703,1704,-1496,1705,1706,-1579,1707,1708,-1660,1709,1710,1711,1712,1713,1714,1715,1716,-1575,1717,1718],[-1493],[-1494]],"properties":{"anthrome":62}},{"type":"Polygon","arcs":[[1719,1720,1721,1722,-1600,-1362]],"properties":{"anthrome":61}},{"type":"Polygon","arcs":[[1723]],"properties":{"anthrome":61}},{"type":"Polygon","arcs":[[1724,-1535,1725,1726,1727,1728,1729,1730,-1603]],"properties":{"anthrome":62}},{"type":"Polygon","arcs":[[1731,-1729]],"properties":{"anthrome":63}},{"type":"Polygon","arcs":[[1732,-1643,1733,1734,1735,1736,1737]],"properties":{"anthrome":53}},{"type":"Polygon","arcs":[[1738]],"properties":{"anthrome":61}},{"type":"Polygon","arcs":[[1739]],"properties":{"anthrome":53}},{"type":"Polygon","arcs":[[1740,-1713]],"properties":{"anthrome":53}},{"type":"Polygon","arcs":[[-1674,1741,1742,1743]],"properties":{"anthrome":62}},{"type":"Polygon","arcs":[[1744]],"properties":{"anthrome":62}},{"type":"Polygon","arcs":[[1745,1746,1747,1748]],"properties":{"anthrome":62}},{"type":"Polygon","arcs":[[1749,1750]],"properties":{"anthrome":53}},{"type":"Polygon","arcs":[[1751,1752]],"properties":{"anthrome":61}},{"type":"Polygon","arcs":[[1753,1754,1755,1756]],"properties":{"anthrome":53}},{"type":"Polygon","arcs":[[1757,1758,1759,-1755]],"properties":{"anthrome":52}},{"type":"Polygon","arcs":[[1760,-1736,1761,-1759]],"properties":{"anthrome":61}},{"type":"Polygon","arcs":[[1762,1763]],"properties":{"anthrome":61}},{"type":"Polygon","arcs":[[1764]],"properties":{"anthrome":52}},{"type":"Polygon","arcs":[[1765]],"properties":{"anthrome":61}},{"type":"Polygon","arcs":[[1766,1767]],"properties":{"anthrome":61}},{"type":"Polygon","arcs":[[1768]],"properties":{"anthrome":61}},{"type":"Polygon","arcs":[[1769,1770,1771,1772]],"properties":{"anthrome":54}},{"type":"Polygon","arcs":[[1773]],"properties":{"anthrome":54}},{"type":"Polygon","arcs":[[1774]],"properties":{"anthrome":61}},{"type":"Polygon","arcs":[[1775,1776]],"properties":{"anthrome":53}},{"type":"Polygon","arcs":[[1777]],"properties":{"anthrome":53}},{"type":"Polygon","arcs":[[1778,1779]],"properties":{"anthrome":53}},{"type":"Polygon","arcs":[[1780]],"properties":{"anthrome":53}},{"type":"Polygon","arcs":[[-1657,1781,1782,1783]],"properties":{"anthrome":53}},{"type":"Polygon","arcs":[[1784,-1722,1785,1786]],"properties":{"anthrome":62}},{"type":"Polygon","arcs":[[1787,1788]],"properties":{"anthrome":54}},{"type":"Polygon","arcs":[[1789,1790]],"properties":{"anthrome":61}},{"type":"Polygon","arcs":[[1791,-1669,-1598,1792,-1451,1793,-1435,1794,1795,-1503,-1292,1796]],"properties":{"anthrome":62}},{"type":"Polygon","arcs":[[1797,1798,1799]],"properties":{"anthrome":61}},{"type":"Polygon","arcs":[[1800,1801]],"properties":{"anthrome":53}},{"type":"Polygon","arcs":[[1802,1803,1804,1805]],"properties":{"anthrome":53}},{"type":"Polygon","arcs":[[1806,1807,-1804]],"properties":{"anthrome":61}},{"type":"Polygon","arcs":[[1808,-113,1809,-131,1810,1811,1812,1813,-120,1814,-55,1815,-124,1816,1817,-139,1818,-111,1819,1820,1821,-28,1822,-35,1823,-31,1824,-11,1825,-9,1826],[1827],[-19,-18,-17,-16,1828],[-5],[-7],[-37],[-56],[1829],[-65,1830],[-67],[-77],[1831],[1832],[1833],[1834]],"properties":{"anthrome":63}},{"type":"Polygon","arcs":[[1835,1836,-1527,-1622,1837,1838,1839,1840,1841]],"properties":{"anthrome":62}},{"type":"Polygon","arcs":[[1842,1843,-905,1844,-1136,1845,-1175,1846,1847,1848,1849,1850,-1391,1851,-1417,1852,-1501,-1389,-1293,-1506,1853,-1591,1854,-1791,1855,-1789,1856,1857,1858,1859,-1720,-1282,1860,-1315,1861,1862,1863,-957,1864,1865],[-1081,-1082],[-1170],[-1172,-1171],[-1233,-1234],[-1283],[1866,-1587,1867,-1497],[-1585],[-1667],[-1668]],"properties":{"anthrome":62}},{"type":"Polygon","arcs":[[-1694,1868,1869,1870,-1642,1871,-1563,-1486]],"properties":{"anthrome":53}},{"type":"Polygon","arcs":[[1872,1873]],"properties":{"anthrome":53}},{"type":"Polygon","arcs":[[1874,-1678,1875,1876,1877,1878,1879,1880,-1800,1881]],"properties":{"anthrome":62}},{"type":"Polygon","arcs":[[1882,1883,1884]],"properties":{"anthrome":54}},{"type":"Polygon","arcs":[[1885,1886,1887,1888]],"properties":{"anthrome":53}},{"type":"Polygon","arcs":[[1889,1890,1891,1892]],"properties":{"anthrome":63}},{"type":"Polygon","arcs":[[-1606,1893,-1891]],"properties":{"anthrome":62}},{"type":"Polygon","arcs":[[1894]],"properties":{"anthrome":62}},{"type":"Polygon","arcs":[[1895,1896]],"properties":{"anthrome":53}},{"type":"Polygon","arcs":[[-1871,1897,1898]],"properties":{"anthrome":42}},{"type":"Polygon","arcs":[[-1764,1899]],"properties":{"anthrome":53}},{"type":"Polygon","arcs":[[1900]],"properties":{"anthrome":61}},{"type":"Polygon","arcs":[[1901]],"properties":{"anthrome":53}},{"type":"Polygon","arcs":[[-1714,1902,1903]],"properties":{"anthrome":53}},{"type":"Polygon","arcs":[[1904]],"properties":{"anthrome":61}},{"type":"Polygon","arcs":[[1905]],"properties":{"anthrome":54}},{"type":"Polygon","arcs":[[1906]],"properties":{"anthrome":62}},{"type":"Polygon","arcs":[[1907,1908,1909,-1840]],"properties":{"anthrome":63}},{"type":"Polygon","arcs":[[-1324,1910,1911,1912,-1909,1913,-1838,-1624,1914]],"properties":{"anthrome":61}},{"type":"Polygon","arcs":[[-1748,1915,1916,1917]],"properties":{"anthrome":54}},{"type":"Polygon","arcs":[[1918,1919,1920]],"properties":{"anthrome":61}},{"type":"Polygon","arcs":[[1921,1922,1923,1924]],"properties":{"anthrome":61}},{"type":"Polygon","arcs":[[1925,1926,1927,-1923]],"properties":{"anthrome":62}},{"type":"Polygon","arcs":[[1928,1929]],"properties":{"anthrome":61}},{"type":"Polygon","arcs":[[1930,1931,1932]],"properties":{"anthrome":61}},{"type":"Polygon","arcs":[[1933,1934]],"properties":{"anthrome":61}},{"type":"Polygon","arcs":[[1935,1936]],"properties":{"anthrome":61}},{"type":"Polygon","arcs":[[1937,1938,1939]],"properties":{"anthrome":61}},{"type":"Polygon","arcs":[[1940]],"properties":{"anthrome":54}},{"type":"Polygon","arcs":[[1941]],"properties":{"anthrome":53}},{"type":"Polygon","arcs":[[1942]],"properties":{"anthrome":61}},{"type":"Polygon","arcs":[[1943]],"properties":{"anthrome":53}},{"type":"Polygon","arcs":[[1944]],"properties":{"anthrome":53}},{"type":"Polygon","arcs":[[1945]],"properties":{"anthrome":53}},{"type":"Polygon","arcs":[[1946]],"properties":{"anthrome":62}},{"type":"Polygon","arcs":[[-1856,1947,1948]],"properties":{"anthrome":53}},{"type":"Polygon","arcs":[[-1799,1949,1950]],"properties":{"anthrome":53}},{"type":"Polygon","arcs":[[1951,-1879]],"properties":{"anthrome":54}},{"type":"Polygon","arcs":[[1952,-1808,1953,1954,1955],[1956,-1680,1957,-1530],[-1599]],"properties":{"anthrome":62}},{"type":"Polygon","arcs":[[1958,-1617,-1886,1959,1960,1961],[-1906]],"properties":{"anthrome":62}},{"type":"Polygon","arcs":[[-1885,1962,1963,1964]],"properties":{"anthrome":53}},{"type":"Polygon","arcs":[[1965,1966]],"properties":{"anthrome":61}},{"type":"Polygon","arcs":[[1967,-1539,1968,-1632,1969,1970,1971,1972,1973,-1927,1974,-1925,1975,-1920,1976,-1727]],"properties":{"anthrome":63}},{"type":"Polygon","arcs":[[1977]],"properties":{"anthrome":61}},{"type":"Polygon","arcs":[[1978]],"properties":{"anthrome":61}},{"type":"Polygon","arcs":[[1979]],"properties":{"anthrome":53}},{"type":"Polygon","arcs":[[1980]],"properties":{"anthrome":53}},{"type":"Polygon","arcs":[[1981]],"properties":{"anthrome":53}},{"type":"Polygon","arcs":[[1982,1983]],"properties":{"anthrome":53}},{"type":"Polygon","arcs":[[1984]],"properties":{"anthrome":53}},{"type":"Polygon","arcs":[[1985,-1964]],"properties":{"anthrome":61}},{"type":"Polygon","arcs":[[-1888,1986,1987]],"properties":{"anthrome":54}},{"type":"Polygon","arcs":[[1988,1989]],"properties":{"anthrome":53}},{"type":"Polygon","arcs":[[1990,-1918,1991,1992,1993,1994,1995]],"properties":{"anthrome":63}},{"type":"Polygon","arcs":[[1996,1997,-1993]],"properties":{"anthrome":62}},{"type":"Polygon","arcs":[[-1973,1998]],"properties":{"anthrome":61}},{"type":"Polygon","arcs":[[1999]],"properties":{"anthrome":63}},{"type":"Polygon","arcs":[[2000]],"properties":{"anthrome":61}},{"type":"Polygon","arcs":[[-1896,2001]],"properties":{"anthrome":61}},{"type":"Polygon","arcs":[[2002,2003,2004]],"properties":{"anthrome":61}},{"type":"Polygon","arcs":[[2005,2006,2007]],"properties":{"anthrome":33}},{"type":"Polygon","arcs":[[2008]],"properties":{"anthrome":51}},{"type":"Polygon","arcs":[[2009]],"properties":{"anthrome":61}},{"type":"Polygon","arcs":[[2010]],"properties":{"anthrome":61}},{"type":"Polygon","arcs":[[2011]],"properties":{"anthrome":61}},{"type":"Polygon","arcs":[[2012]],"properties":{"anthrome":53}},{"type":"Polygon","arcs":[[2013]],"properties":{"anthrome":53}},{"type":"Polygon","arcs":[[2014,-1859,2015,2016,2017]],"properties":{"anthrome":53}},{"type":"Polygon","arcs":[[2018,2019,2020]],"properties":{"anthrome":54}},{"type":"Polygon","arcs":[[2021,2022,-2019]],"properties":{"anthrome":53}},{"type":"Polygon","arcs":[[2023,2024]],"properties":{"anthrome":53}},{"type":"Polygon","arcs":[[2025,2026]],"properties":{"anthrome":53}},{"type":"Polygon","arcs":[[2027]],"properties":{"anthrome":61}},{"type":"Polygon","arcs":[[2028,-1337,-1548,2029,-1638,2030,2031,2032,2033,2034,2035,-1752,2036,-1333,2037,-1264]],"properties":{"anthrome":52}},{"type":"Polygon","arcs":[[2038,-1332,2039,-1443,2040,2041,-1627,2042,-1991,2043,2044,2045,2046,-1912,-1911,-1329],[-1458]],"properties":{"anthrome":53}},{"type":"Polygon","arcs":[[2047,2048,-1473,2049,-1554,2050,-1738,-1754,2051,-2003,2052,2053,-2033,2054,-1639,-1551,-1545]],"properties":{"anthrome":62}},{"type":"Polygon","arcs":[[2055,2056,-1971]],"properties":{"anthrome":61}},{"type":"Polygon","arcs":[[2057]],"properties":{"anthrome":53}},{"type":"Polygon","arcs":[[2058,2059,-162,2060,-177,-146,2061,2062,-226,2063,-253,2064,2065,-179,2066,-149,2067,-158,-1818,2068,-290,2069,2070,-1813,-1812,2071,-151,2072,-946,2073,-1516,2074,2075,2076,-1635,2077,-802,2078,-717,2079,-664,2080,2081,-967,2082,2083,2084,2085,2086,2087,2088,-602,2089,2090],[-166,-165,-167],[-173],[-174],[-175],[-227],[-315],[-316],[2091],[2092],[-421],[-472],[2093],[2094],[-512],[-513],[-577],[-662],[-716],[-1019],[2095],[-1055],[2096,2097],[-1151],[2098],[-1256],[-1371]],"properties":{"anthrome":62}},{"type":"Polygon","arcs":[[-2008,2099,2100]],"properties":{"anthrome":61}},{"type":"Polygon","arcs":[[2101,-388,2102,2103,-617,-682,2104,-731,2105,-730,-840,2106,-890,2107,2108,2109,-1373,2110,2111,2112,-615,-533,2113,-489,2114,-302],[-956],[-725],[-836],[-865],[-986],[-1037],[-1038],[-1039],[-1040],[-1162],[-1307],[-1206],[-1274],[-1346]],"properties":{"anthrome":61}},{"type":"Polygon","arcs":[[2115]],"properties":{"anthrome":61}},{"type":"Polygon","arcs":[[2116]],"properties":{"anthrome":61}},{"type":"Polygon","arcs":[[2117,2118,2119,2120]],"properties":{"anthrome":53}},{"type":"Polygon","arcs":[[2121]],"properties":{"anthrome":53}},{"type":"Polygon","arcs":[[2122,-1995,2123,-2045]],"properties":{"anthrome":61}},{"type":"Polygon","arcs":[[2124,2125,2126,-2056]],"properties":{"anthrome":63}},{"type":"Polygon","arcs":[[2127,2128,2129]],"properties":{"anthrome":62}},{"type":"Polygon","arcs":[[2130,2131]],"properties":{"anthrome":62}},{"type":"Polygon","arcs":[[2132]],"properties":{"anthrome":62}},{"type":"Polygon","arcs":[[-2035,2133]],"properties":{"anthrome":42}},{"type":"Polygon","arcs":[[2134,2135]],"properties":{"anthrome":42}},{"type":"Polygon","arcs":[[2136,2137,-2007]],"properties":{"anthrome":52}},{"type":"Polygon","arcs":[[2138]],"properties":{"anthrome":54}},{"type":"Polygon","arcs":[[2139]],"properties":{"anthrome":61}},{"type":"Polygon","arcs":[[2140]],"properties":{"anthrome":53}},{"type":"Polygon","arcs":[[2141]],"properties":{"anthrome":61}},{"type":"Polygon","arcs":[[2142,2143]],"properties":{"anthrome":53}},{"type":"Polygon","arcs":[[2144,2145,2146,-2119]],"properties":{"anthrome":54}},{"type":"Polygon","arcs":[[2147,2148,2149,-2146]],"properties":{"anthrome":53}},{"type":"Polygon","arcs":[[2150,2151]],"properties":{"anthrome":62}},{"type":"Polygon","arcs":[[2152,2153,2154,-2151]],"properties":{"anthrome":54}},{"type":"Polygon","arcs":[[-2023,2155,2156]],"properties":{"anthrome":61}},{"type":"Polygon","arcs":[[2157,2158,2159]],"properties":{"anthrome":53}},{"type":"Polygon","arcs":[[2160,2161,2162,2163,2164,2165,2166,2167,-1970]],"properties":{"anthrome":62}},{"type":"Polygon","arcs":[[2168,2169]],"properties":{"anthrome":53}},{"type":"Polygon","arcs":[[2170,2171,2172,2173,2174,2175],[-1280],[-1352]],"properties":{"anthrome":53}},{"type":"Polygon","arcs":[[2176,2177,2178,2179,2180]],"properties":{"anthrome":52}},{"type":"Polygon","arcs":[[2181,-2130,2182,2183,-2165]],"properties":{"anthrome":63}},{"type":"Polygon","arcs":[[2184]],"properties":{"anthrome":53}},{"type":"Polygon","arcs":[[2185,2186,2187]],"properties":{"anthrome":52}},{"type":"Polygon","arcs":[[2188,2189,2190,-2004,-1932]],"properties":{"anthrome":53}},{"type":"Polygon","arcs":[[2191]],"properties":{"anthrome":61}},{"type":"Polygon","arcs":[[2192]],"properties":{"anthrome":61}},{"type":"Polygon","arcs":[[2193,-1949,2194,2195,2196,2197]],"properties":{"anthrome":61}},{"type":"Polygon","arcs":[[2198,2199,2200]],"properties":{"anthrome":61}},{"type":"Polygon","arcs":[[2201,2202,2203]],"properties":{"anthrome":53}},{"type":"Polygon","arcs":[[2204]],"properties":{"anthrome":53}},{"type":"Polygon","arcs":[[2205,2206,2207]],"properties":{"anthrome":62}},{"type":"Polygon","arcs":[[2208]],"properties":{"anthrome":53}},{"type":"Polygon","arcs":[[2209,2210]],"properties":{"anthrome":62}},{"type":"Polygon","arcs":[[2211,2212]],"properties":{"anthrome":62}},{"type":"Polygon","arcs":[[2213,2214]],"properties":{"anthrome":61}},{"type":"Polygon","arcs":[[2215,2216,2217]],"properties":{"anthrome":61}},{"type":"Polygon","arcs":[[2218,2219,2220]],"properties":{"anthrome":43}},{"type":"Polygon","arcs":[[-2054,2221,2222]],"properties":{"anthrome":61}},{"type":"Polygon","arcs":[[2223,2224]],"properties":{"anthrome":61}},{"type":"Polygon","arcs":[[2225]],"properties":{"anthrome":61}},{"type":"Polygon","arcs":[[2226,2227,-2179]],"properties":{"anthrome":61}},{"type":"Polygon","arcs":[[2228]],"properties":{"anthrome":61}},{"type":"Polygon","arcs":[[2229]],"properties":{"anthrome":61}},{"type":"Polygon","arcs":[[2230]],"properties":{"anthrome":61}},{"type":"Polygon","arcs":[[2231,2232]],"properties":{"anthrome":53}},{"type":"Polygon","arcs":[[2233,-2196]],"properties":{"anthrome":62}},{"type":"Polygon","arcs":[[-2020,2234,2235,-2154]],"properties":{"anthrome":53}},{"type":"Polygon","arcs":[[-2159,2236,2237,2238]],"properties":{"anthrome":54}},{"type":"Polygon","arcs":[[2239,-2167,2240,2241,2242,-2207,2243,-2126]],"properties":{"anthrome":54}},{"type":"Polygon","arcs":[[-2034,-2223,2244,2245,2246]],"properties":{"anthrome":53}},{"type":"Polygon","arcs":[[2247]],"properties":{"anthrome":61}},{"type":"Polygon","arcs":[[2248,2249]],"properties":{"anthrome":53}},{"type":"Polygon","arcs":[[2250,2251,2252,2253]],"properties":{"anthrome":53}},{"type":"Polygon","arcs":[[2254]],"properties":{"anthrome":63}},{"type":"Polygon","arcs":[[2255]],"properties":{"anthrome":61}},{"type":"Polygon","arcs":[[-2243,2256]],"properties":{"anthrome":62}},{"type":"Polygon","arcs":[[2257,-2241]],"properties":{"anthrome":53}},{"type":"Polygon","arcs":[[2258,2259,2260,2261]],"properties":{"anthrome":53}},{"type":"Polygon","arcs":[[2262,2263,2264,-2260]],"properties":{"anthrome":54}},{"type":"Polygon","arcs":[[2265]],"properties":{"anthrome":53}},{"type":"Polygon","arcs":[[-2220,2266,2267]],"properties":{"anthrome":61}},{"type":"Polygon","arcs":[[2268,2269,2270]],"properties":{"anthrome":61}},{"type":"Polygon","arcs":[[2271]],"properties":{"anthrome":52}},{"type":"Polygon","arcs":[[2272,2273,2274,2275]],"properties":{"anthrome":61}},{"type":"Polygon","arcs":[[2276,2277,2278,-2274]],"properties":{"anthrome":52}},{"type":"Polygon","arcs":[[2279]],"properties":{"anthrome":54}},{"type":"Polygon","arcs":[[2280]],"properties":{"anthrome":62}},{"type":"Polygon","arcs":[[2281,2282,2283]],"properties":{"anthrome":54}},{"type":"Polygon","arcs":[[2284,2285]],"properties":{"anthrome":54}},{"type":"Polygon","arcs":[[2286,2287]],"properties":{"anthrome":54}},{"type":"Polygon","arcs":[[2288,2289,2290,2291]],"properties":{"anthrome":53}},{"type":"Polygon","arcs":[[2292,2293,2294,-2290]],"properties":{"anthrome":62}},{"type":"Polygon","arcs":[[2295]],"properties":{"anthrome":54}},{"type":"Polygon","arcs":[[2296,2297,-1929,2298]],"properties":{"anthrome":62}},{"type":"Polygon","arcs":[[2299]],"properties":{"anthrome":62}},{"type":"Polygon","arcs":[[2300,-2239,2301,2302,2303]],"properties":{"anthrome":53}},{"type":"Polygon","arcs":[[2304,2305,2306,2307,-2264,2308,-2183]],"properties":{"anthrome":62}},{"type":"Polygon","arcs":[[2309,2310]],"properties":{"anthrome":61}},{"type":"Polygon","arcs":[[2311,2312,2313]],"properties":{"anthrome":53}},{"type":"Polygon","arcs":[[2314,2315,2316]],"properties":{"anthrome":62}},{"type":"Polygon","arcs":[[2317,2318]],"properties":{"anthrome":62}},{"type":"Polygon","arcs":[[2319,2320,-2306]],"properties":{"anthrome":63}},{"type":"Polygon","arcs":[[2321]],"properties":{"anthrome":62}},{"type":"Polygon","arcs":[[2322]],"properties":{"anthrome":62}},{"type":"Polygon","arcs":[[2323,2324]],"properties":{"anthrome":62}},{"type":"Polygon","arcs":[[2325,2326]],"properties":{"anthrome":61}},{"type":"Polygon","arcs":[[2327,2328,2329]],"properties":{"anthrome":61}},{"type":"Polygon","arcs":[[2330,2331]],"properties":{"anthrome":33}},{"type":"Polygon","arcs":[[-2275,2332,2333]],"properties":{"anthrome":52}},{"type":"Polygon","arcs":[[2334]],"properties":{"anthrome":52}},{"type":"Polygon","arcs":[[2335]],"properties":{"anthrome":61}},{"type":"Polygon","arcs":[[2336]],"properties":{"anthrome":61}},{"type":"Polygon","arcs":[[2337,2338,2339]],"properties":{"anthrome":54}},{"type":"Polygon","arcs":[[2340,2341,2342,2343]],"properties":{"anthrome":62}},{"type":"Polygon","arcs":[[2344,2345,-2342]],"properties":{"anthrome":54}},{"type":"Polygon","arcs":[[2346,2347]],"properties":{"anthrome":54}},{"type":"Polygon","arcs":[[2348,2349,2350]],"properties":{"anthrome":62}},{"type":"Polygon","arcs":[[2351,2352,2353,-2349,-2287,2354]],"properties":{"anthrome":53}},{"type":"Polygon","arcs":[[2355,2356,-2353]],"properties":{"anthrome":61}},{"type":"Polygon","arcs":[[2357,2358,2359,2360]],"properties":{"anthrome":54}},{"type":"Polygon","arcs":[[2361,2362,2363,2364]],"properties":{"anthrome":53}},{"type":"Polygon","arcs":[[2365,2366,2367]],"properties":{"anthrome":53}},{"type":"Polygon","arcs":[[2368]],"properties":{"anthrome":61}},{"type":"Polygon","arcs":[[2369]],"properties":{"anthrome":52}},{"type":"Polygon","arcs":[[2370,2371,2372,2373]],"properties":{"anthrome":54}},{"type":"Polygon","arcs":[[2374,2375,2376,2377,2378,2379,2380,2381,2382,-2294]],"properties":{"anthrome":54}},{"type":"Polygon","arcs":[[2383,2384,2385,2386]],"properties":{"anthrome":62}},{"type":"Polygon","arcs":[[2387,2388]],"properties":{"anthrome":62}},{"type":"Polygon","arcs":[[2389]],"properties":{"anthrome":61}},{"type":"Polygon","arcs":[[2390]],"properties":{"anthrome":61}},{"type":"Polygon","arcs":[[2391,2392,2393,2394]],"properties":{"anthrome":61}},{"type":"Polygon","arcs":[[2395,2396,2397]],"properties":{"anthrome":33}},{"type":"Polygon","arcs":[[2398]],"properties":{"anthrome":61}},{"type":"Polygon","arcs":[[2399,2400]],"properties":{"anthrome":43}},{"type":"Polygon","arcs":[[2401]],"properties":{"anthrome":61}},{"type":"Polygon","arcs":[[2402]],"properties":{"anthrome":54}},{"type":"Polygon","arcs":[[2403]],"properties":{"anthrome":52}},{"type":"Polygon","arcs":[[2404]],"properties":{"anthrome":53}},{"type":"Polygon","arcs":[[2405]],"properties":{"anthrome":61}},{"type":"Polygon","arcs":[[2406]],"properties":{"anthrome":61}},{"type":"Polygon","arcs":[[2407]],"properties":{"anthrome":61}},{"type":"Polygon","arcs":[[-2343,2408,2409,2410]],"properties":{"anthrome":54}},{"type":"Polygon","arcs":[[2411,2412]],"properties":{"anthrome":54}},{"type":"Polygon","arcs":[[2413,2414,2415,2416]],"properties":{"anthrome":53}},{"type":"Polygon","arcs":[[2417,2418,2419,-2415]],"properties":{"anthrome":54}},{"type":"Polygon","arcs":[[2420,2421,2422]],"properties":{"anthrome":62}},{"type":"Polygon","arcs":[[2423,2424,-2362,2425,2426,2427]],"properties":{"anthrome":61}},{"type":"Polygon","arcs":[[-2401,2428,2429]],"properties":{"anthrome":52}},{"type":"Polygon","arcs":[[2430,2431,2432,2433]],"properties":{"anthrome":54}},{"type":"Polygon","arcs":[[2434,2435,2436,2437]],"properties":{"anthrome":52}},{"type":"Polygon","arcs":[[2438,2439,2440]],"properties":{"anthrome":33}},{"type":"Polygon","arcs":[[2441]],"properties":{"anthrome":54}},{"type":"Polygon","arcs":[[2442,2443,2444]],"properties":{"anthrome":54}},{"type":"Polygon","arcs":[[2445,2446,2447]],"properties":{"anthrome":53}},{"type":"Polygon","arcs":[[2448,-2160,-2301,2449,2450,2451,2452,2453,-2364,2454,2455,2456,-2156,2457]],"properties":{"anthrome":62}},{"type":"Polygon","arcs":[[2458,2459,2460]],"properties":{"anthrome":54}},{"type":"Polygon","arcs":[[-2386,2461,2462,2463]],"properties":{"anthrome":53}},{"type":"Polygon","arcs":[[2464,2465,2466,2467]],"properties":{"anthrome":63}},{"type":"Polygon","arcs":[[2468]],"properties":{"anthrome":63}},{"type":"Polygon","arcs":[[2469]],"properties":{"anthrome":62}},{"type":"Polygon","arcs":[[2470]],"properties":{"anthrome":53}},{"type":"Polygon","arcs":[[2471,2472]],"properties":{"anthrome":63}},{"type":"Polygon","arcs":[[2473,2474]],"properties":{"anthrome":33}},{"type":"Polygon","arcs":[[2475,-2429]],"properties":{"anthrome":33}},{"type":"Polygon","arcs":[[2476,2477]],"properties":{"anthrome":52}},{"type":"Polygon","arcs":[[2478,2479,2480,2481]],"properties":{"anthrome":62}},{"type":"Polygon","arcs":[[2482]],"properties":{"anthrome":61}},{"type":"Polygon","arcs":[[2483,2484,2485]],"properties":{"anthrome":54}},{"type":"Polygon","arcs":[[2486,2487,2488,2489]],"properties":{"anthrome":61}},{"type":"Polygon","arcs":[[2490,2491,2492,2493]],"properties":{"anthrome":54}},{"type":"Polygon","arcs":[[2494,2495,2496,-2492]],"properties":{"anthrome":62}},{"type":"Polygon","arcs":[[2497,-2284,2498,2499]],"properties":{"anthrome":53}},{"type":"Polygon","arcs":[[2500,-2452]],"properties":{"anthrome":61}},{"type":"Polygon","arcs":[[2501,2502,2503]],"properties":{"anthrome":62}},{"type":"Polygon","arcs":[[2504,2505,2506,2507,2508]],"properties":{"anthrome":53}},{"type":"Polygon","arcs":[[2509,2510,-2461,2511,2512]],"properties":{"anthrome":62}},{"type":"Polygon","arcs":[[2513,2514]],"properties":{"anthrome":61}},{"type":"Polygon","arcs":[[2515,2516]],"properties":{"anthrome":52}},{"type":"Polygon","arcs":[[2517,2518,2519,2520,2521,2522,2523,2524,2525]],"properties":{"anthrome":61}},{"type":"Polygon","arcs":[[2526]],"properties":{"anthrome":61}},{"type":"Polygon","arcs":[[2527,-2361,2528,-2417,2529,2530,2531,-2356]],"properties":{"anthrome":62}},{"type":"Polygon","arcs":[[2532,2533,2534,2535,-2253,2536,2537]],"properties":{"anthrome":62}},{"type":"Polygon","arcs":[[2538,2539]],"properties":{"anthrome":61}},{"type":"Polygon","arcs":[[-2467,2540,2541,2542]],"properties":{"anthrome":53}},{"type":"Polygon","arcs":[[2543,2544,2545]],"properties":{"anthrome":32}},{"type":"Polygon","arcs":[[2546,2547,2548]],"properties":{"anthrome":43}},{"type":"Polygon","arcs":[[2549]],"properties":{"anthrome":52}},{"type":"Polygon","arcs":[[2550]],"properties":{"anthrome":52}},{"type":"Polygon","arcs":[[2551]],"properties":{"anthrome":53}},{"type":"Polygon","arcs":[[2552,2553,2554,2555]],"properties":{"anthrome":54}},{"type":"Polygon","arcs":[[2556,-2524,2557]],"properties":{"anthrome":54}},{"type":"Polygon","arcs":[[2558,-2522]],"properties":{"anthrome":53}},{"type":"Polygon","arcs":[[2559,2560,2561,-2520]],"properties":{"anthrome":53}},{"type":"Polygon","arcs":[[2562]],"properties":{"anthrome":61}},{"type":"Polygon","arcs":[[2563,2564,2565]],"properties":{"anthrome":62}},{"type":"Polygon","arcs":[[2566,2567,2568,2569]],"properties":{"anthrome":62}},{"type":"Polygon","arcs":[[2570]],"properties":{"anthrome":62}},{"type":"Polygon","arcs":[[-2453,2571,2572,2573]],"properties":{"anthrome":61}},{"type":"Polygon","arcs":[[2574,2575,2576,2577,2578]],"properties":{"anthrome":54}},{"type":"Polygon","arcs":[[-2486,2579,-2566,2580,2581,2582,-2575]],"properties":{"anthrome":53}},{"type":"Polygon","arcs":[[2583,-2380,2584,2585,2586,-2419]],"properties":{"anthrome":62}},{"type":"Polygon","arcs":[[-2472,2587,2588]],"properties":{"anthrome":62}},{"type":"Polygon","arcs":[[2589,2590,2591,-2588]],"properties":{"anthrome":61}},{"type":"Polygon","arcs":[[2592,-2591]],"properties":{"anthrome":62}},{"type":"Polygon","arcs":[[2593,2594,2595,-2436,2596,2597,2598]],"properties":{"anthrome":33}},{"type":"Polygon","arcs":[[2599,2600]],"properties":{"anthrome":43}},{"type":"Polygon","arcs":[[2601,2602,2603,2604]],"properties":{"anthrome":53}},{"type":"Polygon","arcs":[[2605,2606,2607]],"properties":{"anthrome":61}},{"type":"Polygon","arcs":[[2608,2609,2610,-2572,-2501]],"properties":{"anthrome":53}},{"type":"Polygon","arcs":[[2611,2612,2613,-2503]],"properties":{"anthrome":53}},{"type":"Polygon","arcs":[[2614,-2262,2615,-2307,2616,2617,-2543,2618,2619,2620,2621,-2510,-2318,-2258]],"properties":{"anthrome":61}},{"type":"Polygon","arcs":[[2622,2623]],"properties":{"anthrome":63}},{"type":"Polygon","arcs":[[2624]],"properties":{"anthrome":53}},{"type":"Polygon","arcs":[[2625,2626,2627]],"properties":{"anthrome":32}},{"type":"Polygon","arcs":[[-2545,2628,2629,-2626]],"properties":{"anthrome":51}},{"type":"Polygon","arcs":[[2630,2631,2632,-2629]],"properties":{"anthrome":33}},{"type":"Polygon","arcs":[[2633,2634,2635]],"properties":{"anthrome":52}},{"type":"Polygon","arcs":[[2636]],"properties":{"anthrome":52}},{"type":"Polygon","arcs":[[2637,2638]],"properties":{"anthrome":52}},{"type":"Polygon","arcs":[[2639,2640,2641,2642]],"properties":{"anthrome":53}},{"type":"Polygon","arcs":[[2643,2644,2645,-2641,2646,2647,2648,2649],[-2405],[-2552]],"properties":{"anthrome":61}},{"type":"Polygon","arcs":[[-2555,2650,2651]],"properties":{"anthrome":62}},{"type":"Polygon","arcs":[[2652,2653,2654]],"properties":{"anthrome":62}},{"type":"Polygon","arcs":[[2655,2656]],"properties":{"anthrome":62}},{"type":"Polygon","arcs":[[2657,2658,2659]],"properties":{"anthrome":62}},{"type":"Polygon","arcs":[[2660,2661,-2624,2662,2663,2664,2665,2666,-2465,2667],[-2469]],"properties":{"anthrome":62}},{"type":"Polygon","arcs":[[2668,2669]],"properties":{"anthrome":53}},{"type":"Polygon","arcs":[[2670]],"properties":{"anthrome":62}},{"type":"Polygon","arcs":[[2671]],"properties":{"anthrome":33}},{"type":"Polygon","arcs":[[2672,-2665,2673]],"properties":{"anthrome":61}},{"type":"Polygon","arcs":[[2674,2675,2676,2677,-2632]],"properties":{"anthrome":51}},{"type":"Polygon","arcs":[[2678,2679,2680,2681]],"properties":{"anthrome":52}},{"type":"Polygon","arcs":[[2682,2683]],"properties":{"anthrome":61}},{"type":"Polygon","arcs":[[2684,2685,2686,2687]],"properties":{"anthrome":53}},{"type":"Polygon","arcs":[[2688,2689]],"properties":{"anthrome":61}},{"type":"Polygon","arcs":[[2690,2691,2692]],"properties":{"anthrome":54}},{"type":"Polygon","arcs":[[2693,2694,2695]],"properties":{"anthrome":61}},{"type":"Polygon","arcs":[[2696,2697]],"properties":{"anthrome":43}},{"type":"Polygon","arcs":[[2698]],"properties":{"anthrome":52}},{"type":"Polygon","arcs":[[2699]],"properties":{"anthrome":52}},{"type":"Polygon","arcs":[[2700,2701]],"properties":{"anthrome":33}},{"type":"Polygon","arcs":[[2702,2703,2704]],"properties":{"anthrome":52}},{"type":"Polygon","arcs":[[2705,2706,2707]],"properties":{"anthrome":53}},{"type":"Polygon","arcs":[[-2654,2708]],"properties":{"anthrome":54}},{"type":"Polygon","arcs":[[2709]],"properties":{"anthrome":62}},{"type":"Polygon","arcs":[[2710]],"properties":{"anthrome":62}},{"type":"Polygon","arcs":[[-2427,-2574,2711,2712,2713,2714,2715,2716,2717,-2506,2718]],"properties":{"anthrome":62}},{"type":"Polygon","arcs":[[2719,2720]],"properties":{"anthrome":61}},{"type":"Polygon","arcs":[[2721,-2398,-2475,-2546,-2628,2722,2723,2724,2725,2726,2727,2728,-2394,2729,-2440]],"properties":{"anthrome":52}},{"type":"Polygon","arcs":[[2730,-2577,2731,2732,2733,2734]],"properties":{"anthrome":62}},{"type":"Polygon","arcs":[[2735,-2691,2736,2737]],"properties":{"anthrome":53}},{"type":"Polygon","arcs":[[-2311,-2214,2738,-2218,2739,2740,-2598,2741,-2438,2742,2743,2744,2745,2746,2747,2748,-2514,2749],[-2390]],"properties":{"anthrome":53}},{"type":"Polygon","arcs":[[2750,2751,2752,2753]],"properties":{"anthrome":61}},{"type":"Polygon","arcs":[[2754]],"properties":{"anthrome":54}},{"type":"Polygon","arcs":[[-2611,2755,2756,2757,2758]],"properties":{"anthrome":62}},{"type":"Polygon","arcs":[[2759,2760]],"properties":{"anthrome":62}},{"type":"Polygon","arcs":[[2761,2762,2763,2764]],"properties":{"anthrome":63}},{"type":"Polygon","arcs":[[2765,2766,2767,-2763]],"properties":{"anthrome":62}},{"type":"Polygon","arcs":[[-2674,2768,-2689,-2619]],"properties":{"anthrome":53}},{"type":"Polygon","arcs":[[2769]],"properties":{"anthrome":62}},{"type":"Polygon","arcs":[[2770,2771,2772]],"properties":{"anthrome":53}},{"type":"Polygon","arcs":[[2773,2774,-2772]],"properties":{"anthrome":33}},{"type":"Polygon","arcs":[[2775,2776,-2725]],"properties":{"anthrome":33}},{"type":"Polygon","arcs":[[2777]],"properties":{"anthrome":33}},{"type":"Polygon","arcs":[[2778,2779,2780]],"properties":{"anthrome":33}},{"type":"Polygon","arcs":[[2781,2782,2783,-2780]],"properties":{"anthrome":61}},{"type":"Polygon","arcs":[[2784,-2783]],"properties":{"anthrome":52}},{"type":"Polygon","arcs":[[2785]],"properties":{"anthrome":52}},{"type":"Polygon","arcs":[[2786]],"properties":{"anthrome":54}},{"type":"Polygon","arcs":[[2787,2788,2789]],"properties":{"anthrome":54}},{"type":"Polygon","arcs":[[2790,2791,2792]],"properties":{"anthrome":54}},{"type":"Polygon","arcs":[[2793,2794,2795]],"properties":{"anthrome":34}},{"type":"Polygon","arcs":[[2796]],"properties":{"anthrome":53}},{"type":"Polygon","arcs":[[2797]],"properties":{"anthrome":61}},{"type":"Polygon","arcs":[[2798]],"properties":{"anthrome":61}},{"type":"Polygon","arcs":[[2799,2800,2801]],"properties":{"anthrome":61}},{"type":"Polygon","arcs":[[2802,-2800]],"properties":{"anthrome":53}},{"type":"Polygon","arcs":[[2803,2804,2805,-2683,-2539,2806]],"properties":{"anthrome":53}},{"type":"Polygon","arcs":[[2807,2808,-2720]],"properties":{"anthrome":53}},{"type":"Polygon","arcs":[[2809,2810,2811,2812,2813,2814]],"properties":{"anthrome":52}},{"type":"Polygon","arcs":[[2815,-2303,2816,-2658,2817,2818,2819,2820,-2757,2821,-2609,-2451]],"properties":{"anthrome":61}},{"type":"Polygon","arcs":[[2822,2823,2824,2825]],"properties":{"anthrome":61}},{"type":"Polygon","arcs":[[-2745,-2773,2826,2827,2828]],"properties":{"anthrome":33}},{"type":"Polygon","arcs":[[-2728,2829]],"properties":{"anthrome":61}},{"type":"Polygon","arcs":[[2830,-2793,2831,2832,2833,2834]],"properties":{"anthrome":34}},{"type":"Polygon","arcs":[[2835,2836,2837]],"properties":{"anthrome":61}},{"type":"Polygon","arcs":[[2838]],"properties":{"anthrome":53}},{"type":"Polygon","arcs":[[2839,2840,2841]],"properties":{"anthrome":63}},{"type":"Polygon","arcs":[[2842,-2824,2843,-2841]],"properties":{"anthrome":62}},{"type":"Polygon","arcs":[[2844,2845,2846]],"properties":{"anthrome":62}},{"type":"Polygon","arcs":[[2847,2848]],"properties":{"anthrome":61}},{"type":"Polygon","arcs":[[2849]],"properties":{"anthrome":61}},{"type":"Polygon","arcs":[[2850]],"properties":{"anthrome":52}},{"type":"Polygon","arcs":[[-2834,2851,2852]],"properties":{"anthrome":54}},{"type":"Polygon","arcs":[[2853,2854,-2832]],"properties":{"anthrome":53}},{"type":"Polygon","arcs":[[2855,2856,2857,-2854,-2792]],"properties":{"anthrome":34}},{"type":"Polygon","arcs":[[2858]],"properties":{"anthrome":52}},{"type":"Polygon","arcs":[[2859]],"properties":{"anthrome":53}},{"type":"Polygon","arcs":[[-2581,2860,-2709,2861,2862,2863,-2836,2864,2865,2866,2867,2868]],"properties":{"anthrome":62}},{"type":"Polygon","arcs":[[2869,2870,-2866]],"properties":{"anthrome":53}},{"type":"Polygon","arcs":[[2871,2872]],"properties":{"anthrome":61}},{"type":"Polygon","arcs":[[-2801,2873,-2872]],"properties":{"anthrome":53}},{"type":"Polygon","arcs":[[2874,2875]],"properties":{"anthrome":53}},{"type":"Polygon","arcs":[[2876,2877,2878,2879]],"properties":{"anthrome":54}},{"type":"Polygon","arcs":[[2880,2881,2882]],"properties":{"anthrome":61}},{"type":"Polygon","arcs":[[-2821,2883,-2882]],"properties":{"anthrome":62}},{"type":"Polygon","arcs":[[2884]],"properties":{"anthrome":61}},{"type":"Polygon","arcs":[[2885,2886]],"properties":{"anthrome":53}},{"type":"Polygon","arcs":[[2887,2888,2889]],"properties":{"anthrome":61}},{"type":"Polygon","arcs":[[2890]],"properties":{"anthrome":62}},{"type":"Polygon","arcs":[[2891,2892,2893,2894]],"properties":{"anthrome":51}},{"type":"Polygon","arcs":[[2895,2896,2897,-2893]],"properties":{"anthrome":42}},{"type":"Polygon","arcs":[[2898,2899,2900,-2777,2901]],"properties":{"anthrome":51}},{"type":"Polygon","arcs":[[2902,2903,2904]],"properties":{"anthrome":53}},{"type":"Polygon","arcs":[[2905,2906,2907,2908]],"properties":{"anthrome":61}},{"type":"Polygon","arcs":[[2909,2910,2911]],"properties":{"anthrome":53}},{"type":"Polygon","arcs":[[2912,2913,2914]],"properties":{"anthrome":53}},{"type":"Polygon","arcs":[[-2846,2915,2916]],"properties":{"anthrome":53}},{"type":"Polygon","arcs":[[2917,2918]],"properties":{"anthrome":33}},{"type":"Polygon","arcs":[[2919,2920]],"properties":{"anthrome":54}},{"type":"Polygon","arcs":[[2921,2922,2923,-2920]],"properties":{"anthrome":61}},{"type":"Polygon","arcs":[[2924]],"properties":{"anthrome":52}},{"type":"Polygon","arcs":[[2925,2926,2927,2928]],"properties":{"anthrome":52}},{"type":"Polygon","arcs":[[2929,2930]],"properties":{"anthrome":53}},{"type":"Polygon","arcs":[[2931,2932]],"properties":{"anthrome":34}},{"type":"Polygon","arcs":[[2933,2934,2935]],"properties":{"anthrome":34}},{"type":"Polygon","arcs":[[2936]],"properties":{"anthrome":53}},{"type":"Polygon","arcs":[[2937,2938]],"properties":{"anthrome":54}},{"type":"Polygon","arcs":[[2939,2940,-2938]],"properties":{"anthrome":53}},{"type":"Polygon","arcs":[[2941,2942,2943]],"properties":{"anthrome":54}},{"type":"Polygon","arcs":[[2944]],"properties":{"anthrome":53}},{"type":"Polygon","arcs":[[2945]],"properties":{"anthrome":53}},{"type":"Polygon","arcs":[[2946,2947]],"properties":{"anthrome":61}},{"type":"Polygon","arcs":[[2948,2949]],"properties":{"anthrome":61}},{"type":"Polygon","arcs":[[2950,2951,2952,2953]],"properties":{"anthrome":52}},{"type":"Polygon","arcs":[[2954]],"properties":{"anthrome":54}},{"type":"Polygon","arcs":[[2955,-2845,2956]],"properties":{"anthrome":53}},{"type":"Polygon","arcs":[[2957,2958,2959,2960]],"properties":{"anthrome":53}},{"type":"Polygon","arcs":[[2961]],"properties":{"anthrome":53}},{"type":"Polygon","arcs":[[2962]],"properties":{"anthrome":52}},{"type":"Polygon","arcs":[[2963]],"properties":{"anthrome":62}},{"type":"Polygon","arcs":[[2964]],"properties":{"anthrome":53}},{"type":"Polygon","arcs":[[2965]],"properties":{"anthrome":62}},{"type":"Polygon","arcs":[[2966,2967]],"properties":{"anthrome":61}},{"type":"Polygon","arcs":[[2968,2969,2970,2971]],"properties":{"anthrome":42}},{"type":"Polygon","arcs":[[-2952,2972,2973]],"properties":{"anthrome":54}},{"type":"Polygon","arcs":[[2974]],"properties":{"anthrome":54}},{"type":"Polygon","arcs":[[2975,2976]],"properties":{"anthrome":34}},{"type":"Polygon","arcs":[[2977]],"properties":{"anthrome":61}},{"type":"Polygon","arcs":[[2978,2979,2980,2981]],"properties":{"anthrome":62}},{"type":"Polygon","arcs":[[2982,2983,2984]],"properties":{"anthrome":54}},{"type":"Polygon","arcs":[[2985,2986,2987,2988]],"properties":{"anthrome":53}},{"type":"Polygon","arcs":[[2989,2990,2991,-2987]],"properties":{"anthrome":54}},{"type":"Polygon","arcs":[[2992]],"properties":{"anthrome":53}},{"type":"Polygon","arcs":[[2993]],"properties":{"anthrome":53}},{"type":"Polygon","arcs":[[2994]],"properties":{"anthrome":61}},{"type":"Polygon","arcs":[[2995,2996]],"properties":{"anthrome":61}},{"type":"Polygon","arcs":[[2997]],"properties":{"anthrome":62}},{"type":"Polygon","arcs":[[2998,2999,3000]],"properties":{"anthrome":53}},{"type":"Polygon","arcs":[[3001,3002]],"properties":{"anthrome":53}},{"type":"Polygon","arcs":[[3003,3004]],"properties":{"anthrome":53}},{"type":"Polygon","arcs":[[3005,3006,3007,3008]],"properties":{"anthrome":53}},{"type":"Polygon","arcs":[[3009]],"properties":{"anthrome":33}},{"type":"Polygon","arcs":[[3010,3011,3012,3013,3014,-2943]],"properties":{"anthrome":62}},{"type":"Polygon","arcs":[[3015]],"properties":{"anthrome":53}},{"type":"Polygon","arcs":[[3016]],"properties":{"anthrome":61}},{"type":"Polygon","arcs":[[3017,3018]],"properties":{"anthrome":32}},{"type":"Polygon","arcs":[[3019,3020,3021]],"properties":{"anthrome":61}},{"type":"Polygon","arcs":[[3022,3023,3024,-3020]],"properties":{"anthrome":51}},{"type":"Polygon","arcs":[[3025,3026,3027]],"properties":{"anthrome":51}},{"type":"Polygon","arcs":[[3028]],"properties":{"anthrome":53}},{"type":"Polygon","arcs":[[-2973,3029]],"properties":{"anthrome":53}},{"type":"Polygon","arcs":[[3030]],"properties":{"anthrome":53}},{"type":"Polygon","arcs":[[3031]],"properties":{"anthrome":34}},{"type":"Polygon","arcs":[[3032]],"properties":{"anthrome":61}},{"type":"Polygon","arcs":[[3033,3034,3035,3036,3037,3038,3039,3040,3041,3042,3043,3044,-2561],[-2797]],"properties":{"anthrome":54}},{"type":"Polygon","arcs":[[3045,3046,3047,3048]],"properties":{"anthrome":53}},{"type":"Polygon","arcs":[[3049,3050,3051]],"properties":{"anthrome":62}},{"type":"Polygon","arcs":[[3052,3053]],"properties":{"anthrome":61}},{"type":"Polygon","arcs":[[3054,3055]],"properties":{"anthrome":53}},{"type":"Polygon","arcs":[[3056]],"properties":{"anthrome":61}},{"type":"Polygon","arcs":[[3057,3058]],"properties":{"anthrome":62}},{"type":"Polygon","arcs":[[-3000,3059,3060,3061]],"properties":{"anthrome":61}},{"type":"Polygon","arcs":[[3062,3063,3064]],"properties":{"anthrome":52}},{"type":"Polygon","arcs":[[-2941,3065,3066,3067,3068,3069]],"properties":{"anthrome":54}},{"type":"Polygon","arcs":[[3070]],"properties":{"anthrome":62}},{"type":"Polygon","arcs":[[3071]],"properties":{"anthrome":53}},{"type":"Polygon","arcs":[[3072,3073,3074]],"properties":{"anthrome":53}},{"type":"Polygon","arcs":[[3075,3076,3077,3078,3079,3080,-2980]],"properties":{"anthrome":54}},{"type":"Polygon","arcs":[[-2947,3081,3082,3083,3084,3085,3086,3087],[-3057]],"properties":{"anthrome":53}},{"type":"Polygon","arcs":[[3088,-3059,3089,-3062,3090,3091,3092,3093]],"properties":{"anthrome":53}},{"type":"Polygon","arcs":[[3094,3095]],"properties":{"anthrome":53}},{"type":"Polygon","arcs":[[3096,3097,3098]],"properties":{"anthrome":33}},{"type":"Polygon","arcs":[[3099]],"properties":{"anthrome":53}},{"type":"Polygon","arcs":[[3100]],"properties":{"anthrome":52}},{"type":"Polygon","arcs":[[3101]],"properties":{"anthrome":53}},{"type":"Polygon","arcs":[[3102,3103]],"properties":{"anthrome":33}},{"type":"Polygon","arcs":[[3104,3105]],"properties":{"anthrome":34}},{"type":"Polygon","arcs":[[3106,3107,-3078]],"properties":{"anthrome":53}},{"type":"Polygon","arcs":[[3108,3109,3110]],"properties":{"anthrome":53}},{"type":"Polygon","arcs":[[3111,3112,3113]],"properties":{"anthrome":53}},{"type":"Polygon","arcs":[[3114,3115,3116,3117]],"properties":{"anthrome":61}},{"type":"Polygon","arcs":[[3118,3119,3120,-3116]],"properties":{"anthrome":62}},{"type":"Polygon","arcs":[[-3014,3121,3122,-3120]],"properties":{"anthrome":53}},{"type":"Polygon","arcs":[[3123,3124,3125]],"properties":{"anthrome":62}},{"type":"Polygon","arcs":[[3126,3127]],"properties":{"anthrome":62}},{"type":"Polygon","arcs":[[3128,3129]],"properties":{"anthrome":53}},{"type":"Polygon","arcs":[[3130,3131,3132,3133]],"properties":{"anthrome":53}},{"type":"Polygon","arcs":[[3134]],"properties":{"anthrome":53}},{"type":"Polygon","arcs":[[3135]],"properties":{"anthrome":62}},{"type":"Polygon","arcs":[[-3008,3136]],"properties":{"anthrome":54}},{"type":"Polygon","arcs":[[3137,3138,-3091]],"properties":{"anthrome":61}},{"type":"Polygon","arcs":[[-3061,3139,-3138]],"properties":{"anthrome":53}},{"type":"Polygon","arcs":[[3140,3141,-2707,-2583,3142,-2868,3143,-2944,-2985,3144,-3049,3145,-3114,3146,3147,3148,-3111,3149,3150,3151,-2982,3152,3153,3154,-2940,3155],[-2964]],"properties":{"anthrome":61}},{"type":"Polygon","arcs":[[3156,3157,3158,3159]],"properties":{"anthrome":53}},{"type":"Polygon","arcs":[[3160,3161,3162,3163]],"properties":{"anthrome":53}},{"type":"Polygon","arcs":[[3164,3165,3166]],"properties":{"anthrome":53}},{"type":"Polygon","arcs":[[3167]],"properties":{"anthrome":53}},{"type":"Polygon","arcs":[[-3098,3168,3169]],"properties":{"anthrome":52}},{"type":"Polygon","arcs":[[3170,-3169]],"properties":{"anthrome":33}},{"type":"Polygon","arcs":[[3171,3172]],"properties":{"anthrome":53}},{"type":"Polygon","arcs":[[3173,3174,3175]],"properties":{"anthrome":61}},{"type":"Polygon","arcs":[[3176]],"properties":{"anthrome":53}},{"type":"Polygon","arcs":[[3177,3178]],"properties":{"anthrome":52}},{"type":"Polygon","arcs":[[3179,3180]],"properties":{"anthrome":34}},{"type":"Polygon","arcs":[[3181]],"properties":{"anthrome":62}},{"type":"Polygon","arcs":[[3182]],"properties":{"anthrome":53}},{"type":"Polygon","arcs":[[3183,3184,3185]],"properties":{"anthrome":53}},{"type":"Polygon","arcs":[[3186]],"properties":{"anthrome":54}},{"type":"Polygon","arcs":[[3187,3188,3189,3190]],"properties":{"anthrome":62}},{"type":"Polygon","arcs":[[3191,3192,-3147]],"properties":{"anthrome":53}},{"type":"Polygon","arcs":[[-3125,3193,3194,3195]],"properties":{"anthrome":61}},{"type":"Polygon","arcs":[[3196,3197,-3162]],"properties":{"anthrome":61}},{"type":"Polygon","arcs":[[-3130,-3055,3198,3199]],"properties":{"anthrome":61}},{"type":"Polygon","arcs":[[-3133,3200,3201,3202]],"properties":{"anthrome":62}},{"type":"Polygon","arcs":[[3203]],"properties":{"anthrome":53}},{"type":"Polygon","arcs":[[3204,3205,3206,3207]],"properties":{"anthrome":54}},{"type":"Polygon","arcs":[[3208,3209,3210,3211]],"properties":{"anthrome":62}},{"type":"Polygon","arcs":[[3212,3213,-3210]],"properties":{"anthrome":61}},{"type":"Polygon","arcs":[[3214]],"properties":{"anthrome":61}},{"type":"Polygon","arcs":[[3215,3216,3217,3218,3219,3220,3221]],"properties":{"anthrome":61}},{"type":"Polygon","arcs":[[-3155,3222,3223,3224,3225,-3066]],"properties":{"anthrome":53}},{"type":"Polygon","arcs":[[3226,3227]],"properties":{"anthrome":53}},{"type":"Polygon","arcs":[[-3083,3228,3229,3230]],"properties":{"anthrome":54}},{"type":"Polygon","arcs":[[3231]],"properties":{"anthrome":63}},{"type":"Polygon","arcs":[[3232]],"properties":{"anthrome":61}},{"type":"Polygon","arcs":[[3233]],"properties":{"anthrome":33}},{"type":"Polygon","arcs":[[3234,3235,3236,3237]],"properties":{"anthrome":53}},{"type":"Polygon","arcs":[[3238,3239,3240,3241]],"properties":{"anthrome":62}},{"type":"Polygon","arcs":[[3242]],"properties":{"anthrome":62}},{"type":"Polygon","arcs":[[3243]],"properties":{"anthrome":54}},{"type":"Polygon","arcs":[[3244,3245]],"properties":{"anthrome":34}},{"type":"Polygon","arcs":[[3246]],"properties":{"anthrome":62}},{"type":"Polygon","arcs":[[3247]],"properties":{"anthrome":62}},{"type":"Polygon","arcs":[[3248]],"properties":{"anthrome":54}},{"type":"Polygon","arcs":[[3249,-3220,3250,3251]],"properties":{"anthrome":62}},{"type":"Polygon","arcs":[[3252,-3218,3253]],"properties":{"anthrome":53}},{"type":"Polygon","arcs":[[3254,3255,3256,3257]],"properties":{"anthrome":54}},{"type":"Polygon","arcs":[[3258,3259,-3256]],"properties":{"anthrome":53}},{"type":"Polygon","arcs":[[-3195,3260,3261,3262]],"properties":{"anthrome":53}},{"type":"Polygon","arcs":[[3263]],"properties":{"anthrome":62}},{"type":"Polygon","arcs":[[3264,3265]],"properties":{"anthrome":54}},{"type":"Polygon","arcs":[[3266,3267,3268,3269]],"properties":{"anthrome":54}},{"type":"Polygon","arcs":[[3270,3271,3272,3273]],"properties":{"anthrome":52}},{"type":"Polygon","arcs":[[3274,-3086,3275,-3242,3276,3277,3278]],"properties":{"anthrome":61}},{"type":"Polygon","arcs":[[3279,3280,3281,3282]],"properties":{"anthrome":62}},{"type":"Polygon","arcs":[[-2696,3283,-2747,3284,-2918,3285,-3019,3286,3287]],"properties":{"anthrome":52}},{"type":"Polygon","arcs":[[3288]],"properties":{"anthrome":63}},{"type":"Polygon","arcs":[[3289]],"properties":{"anthrome":63}},{"type":"Polygon","arcs":[[3290,3291]],"properties":{"anthrome":33}},{"type":"Polygon","arcs":[[3292,3293,3294,3295]],"properties":{"anthrome":61}},{"type":"Polygon","arcs":[[3296,3297,3298,3299]],"properties":{"anthrome":61}},{"type":"Polygon","arcs":[[3300,3301,3302,3303]],"properties":{"anthrome":53}},{"type":"Polygon","arcs":[[3304,-2997,-3279,3305,3306,3307,-3266,3308,3309]],"properties":{"anthrome":53}},{"type":"Polygon","arcs":[[-2508,3310,-2717,3311,-2912,3312,-2714,3313,-2687,3314,-3001,3315,-3094,3316,3317,3318,3319,3320,3321,-3165,-3007,3322,-2878,3323,-2804,3324],[-2998]],"properties":{"anthrome":61}},{"type":"Polygon","arcs":[[3325,3326,-3319]],"properties":{"anthrome":53}},{"type":"Polygon","arcs":[[-3021,3327,3328,3329,3330,3331,3332,3333]],"properties":{"anthrome":53}},{"type":"Polygon","arcs":[[3334]],"properties":{"anthrome":61}},{"type":"Polygon","arcs":[[3335,3336,3337]],"properties":{"anthrome":52}},{"type":"Polygon","arcs":[[3338]],"properties":{"anthrome":34}},{"type":"Polygon","arcs":[[3339]],"properties":{"anthrome":34}},{"type":"Polygon","arcs":[[3340,3341]],"properties":{"anthrome":34}},{"type":"Polygon","arcs":[[3342,3343,3344]],"properties":{"anthrome":53}},{"type":"Polygon","arcs":[[-3299,3345,-3343]],"properties":{"anthrome":54}},{"type":"Polygon","arcs":[[3346,3347,3348,3349]],"properties":{"anthrome":61}},{"type":"Polygon","arcs":[[-3269,3350,3351,3352]],"properties":{"anthrome":53}},{"type":"Polygon","arcs":[[-2174,-1874,-2250,-2374,-2412,-2347,-2286,3353,-2283,3354,-2500,3355,3356,3357,3358,3359,3360,3361,3362,3363,-3235,-3161,3364,3365,-3128,3366,-3124,-3050,3367,3368,3369,-3012,-2864,3370,3371,3372,3373,3374,3375,3376,3377],[-1779,-1780],[-1981],[-1945],[-2281],[3378,3379,-2989,3380,3381,-3004],[-2965],[-2993],[-2994]],"properties":{"anthrome":61}},{"type":"Polygon","arcs":[[3382]],"properties":{"anthrome":34}},{"type":"Polygon","arcs":[[3383,3384,3385,3386,3387]],"properties":{"anthrome":62}},{"type":"Polygon","arcs":[[-3282,3388,3389,3390]],"properties":{"anthrome":53}},{"type":"Polygon","arcs":[[3391,3392,3393,3394,3395,3396,3397,3398,3399],[-3187]],"properties":{"anthrome":62}},{"type":"Polygon","arcs":[[3400,3401,3402]],"properties":{"anthrome":62}},{"type":"Polygon","arcs":[[3403,3404,3405,3406,3407,3408]],"properties":{"anthrome":62}},{"type":"Polygon","arcs":[[3409,-3386,3410,3411]],"properties":{"anthrome":61}},{"type":"Polygon","arcs":[[3412,3413]],"properties":{"anthrome":61}},{"type":"Polygon","arcs":[[3414,3415,3416]],"properties":{"anthrome":53}},{"type":"Polygon","arcs":[[3417,3418,3419,3420]],"properties":{"anthrome":53}},{"type":"Polygon","arcs":[[3421,3422,3423]],"properties":{"anthrome":52}},{"type":"Polygon","arcs":[[3424,3425]],"properties":{"anthrome":51}},{"type":"Polygon","arcs":[[3426,3427]],"properties":{"anthrome":51}},{"type":"Polygon","arcs":[[3428]],"properties":{"anthrome":62}},{"type":"Polygon","arcs":[[3429]],"properties":{"anthrome":62}},{"type":"Polygon","arcs":[[3430]],"properties":{"anthrome":62}},{"type":"Polygon","arcs":[[3431,3432,3433]],"properties":{"anthrome":34}},{"type":"Polygon","arcs":[[3434]],"properties":{"anthrome":54}},{"type":"Polygon","arcs":[[3435,3436,3437,3438]],"properties":{"anthrome":53}},{"type":"Polygon","arcs":[[3439,3440,3441,-3437]],"properties":{"anthrome":61}},{"type":"Polygon","arcs":[[3442,3443,3444]],"properties":{"anthrome":61}},{"type":"Polygon","arcs":[[-3298,3445]],"properties":{"anthrome":53}},{"type":"Polygon","arcs":[[3446,3447,3448]],"properties":{"anthrome":53}},{"type":"Polygon","arcs":[[3449]],"properties":{"anthrome":54}},{"type":"Polygon","arcs":[[3450]],"properties":{"anthrome":61}},{"type":"Polygon","arcs":[[-3406,3451,3452]],"properties":{"anthrome":53}},{"type":"Polygon","arcs":[[3453,3454]],"properties":{"anthrome":62}},{"type":"Polygon","arcs":[[3455]],"properties":{"anthrome":62}},{"type":"Polygon","arcs":[[-3352,3456,3457]],"properties":{"anthrome":61}},{"type":"Polygon","arcs":[[-3320,3458,-3457]],"properties":{"anthrome":53}},{"type":"Polygon","arcs":[[3459,3460,-3068,3461,-3225,3462,3463,-3257,3464,3465,3466,-3401,-3392]],"properties":{"anthrome":61}},{"type":"Polygon","arcs":[[3467,3468,-3414,3469,3470,3471]],"properties":{"anthrome":53}},{"type":"Polygon","arcs":[[3472,3473]],"properties":{"anthrome":51}},{"type":"Polygon","arcs":[[3474]],"properties":{"anthrome":51}},{"type":"Polygon","arcs":[[3475,3476,3477,3478]],"properties":{"anthrome":62}},{"type":"Polygon","arcs":[[-3337,3479,3480,3481,3482]],"properties":{"anthrome":53}},{"type":"Polygon","arcs":[[3483]],"properties":{"anthrome":34}},{"type":"Polygon","arcs":[[3484]],"properties":{"anthrome":62}},{"type":"Polygon","arcs":[[3485,3486,3487]],"properties":{"anthrome":53}},{"type":"Polygon","arcs":[[3488,3489]],"properties":{"anthrome":61}},{"type":"Polygon","arcs":[[3490,3491,-3489]],"properties":{"anthrome":53}},{"type":"Polygon","arcs":[[3492]],"properties":{"anthrome":62}},{"type":"Polygon","arcs":[[3493,3494,3495,-3470]],"properties":{"anthrome":61}},{"type":"Polygon","arcs":[[3496,3497]],"properties":{"anthrome":61}},{"type":"Polygon","arcs":[[3498]],"properties":{"anthrome":53}},{"type":"Polygon","arcs":[[3499,3500,3501]],"properties":{"anthrome":53}},{"type":"Polygon","arcs":[[3502,3503,3504]],"properties":{"anthrome":63}},{"type":"Polygon","arcs":[[3505,3506]],"properties":{"anthrome":51}},{"type":"Polygon","arcs":[[3507,3508,3509]],"properties":{"anthrome":53}},{"type":"Polygon","arcs":[[3510,3511]],"properties":{"anthrome":62}},{"type":"Polygon","arcs":[[3512]],"properties":{"anthrome":62}},{"type":"Polygon","arcs":[[3513,3514]],"properties":{"anthrome":54}},{"type":"Polygon","arcs":[[-3400,3515,-3186,3516,-3397,3517,3518,3519,3520,-3254,3521],[-3183]],"properties":{"anthrome":61}},{"type":"Polygon","arcs":[[3522,-3518]],"properties":{"anthrome":54}},{"type":"Polygon","arcs":[[3523]],"properties":{"anthrome":52}},{"type":"Polygon","arcs":[[3524]],"properties":{"anthrome":53}},{"type":"Polygon","arcs":[[3525,3526,3527]],"properties":{"anthrome":53}},{"type":"Polygon","arcs":[[3528,-382,-384,3529,-436,3530,-572,3531,-811,-810,3532,-782,3533,-983,3534,-1035,-1072,-1071,3535,3536,-1021,3537,-659,3538,3539,-2112,-2111,-1528,-2110,-2109,3540,-888,3541,-841,-1117,3542,-740,3543,3544,3545,3546,-1383,-1382,3547,3548,3549,3550,3551,3552,3553,3554,3555,3556,3557,-2639,-2703,3558,3559,3560,3561,3562,3563,-2702,3564,3565,3566,3567,-2810,-2815,3568,-2790,3569,-2812,3570,3571,3572,3573,-2954,3574,3575,3576,-3274,3577,3578,-3336,-3338,3579,3580,3581,3582,3583,3584,3585,3586,3587,3588,3589,-2753,3590,-2681,-2680,3591,3592,-2100,-2138,3593,-1934,3594,3595,-1687,-1686,-380],[-523],[-678],[-756],[-724],[-781],[-829],[-830],[-981],[-1034],[-1041],[-987],[-1160],[-1161],[-1227],[-1272],[-1273],[-1306],[-1511],[-1345],[-1565],[-1413],[-1446],[-1414],[-1487],[-1489,-1488],[3596,3597,-1609],[-1566],[-1567],[-1568],[-1569],[-1570],[-1645],[-1646],[-1647],[-1739],[3598,-1940,3599,-1770,-1773],[-1648],[-1765],[-1766],[-1768,-1767],[-1769],[-1774],[-1901],[-1775],[-2181,3600,3601,3602,-1936,3603],[-1978],[-1979],[-1941],[-2009],[-2010],[-2011],[-2012],[-2116],[-2139],[-2140],[-2192],[-2229],[-2248],[-2272],[3604,-2333,-2279,-2278,3605],[-2280],[-2517,3606,3607],[-2370],[-2335],[-2403],[-2404],[-2442],[-2478,-2477],[-2550],[-2551],[-2636,-2635,-2634],[-2755],[-2637],[-2699],[-2700],[-2786],[-3065,-3064,-3063],[-2787],[-2851],[-2925],[-2963],[-2975],[-3101],[-3178,-3179],[-3244],[-3335]],"properties":{"anthrome":53}},{"type":"Polygon","arcs":[[-3580,-3483,3608,3609,-3581]],"properties":{"anthrome":52}},{"type":"Polygon","arcs":[[3610,3611,3612,3613]],"properties":{"anthrome":52}},{"type":"Polygon","arcs":[[3614,-3118,3615,3616,-3051,3617,-3300,-3345,3618,3619,3620,3621,3622,3623,3624,-3465,-3260,3625,-3192,-3113]],"properties":{"anthrome":54}},{"type":"Polygon","arcs":[[3626]],"properties":{"anthrome":61}},{"type":"Polygon","arcs":[[3627]],"properties":{"anthrome":53}},{"type":"Polygon","arcs":[[3628,3629]],"properties":{"anthrome":53}},{"type":"Polygon","arcs":[[3630]],"properties":{"anthrome":53}},{"type":"Polygon","arcs":[[3631,3632]],"properties":{"anthrome":53}},{"type":"Polygon","arcs":[[3633,-2595,3634,-3172,3635,3636,3637,-3291,-3171,-3097,3638,-2967,3639,-2775,3640,-2744]],"properties":{"anthrome":52}},{"type":"Polygon","arcs":[[3641]],"properties":{"anthrome":53}},{"type":"Polygon","arcs":[[3642,3643,3644]],"properties":{"anthrome":52}},{"type":"Polygon","arcs":[[3645,3646,3647]],"properties":{"anthrome":53}},{"type":"Polygon","arcs":[[3648]],"properties":{"anthrome":34}},{"type":"Polygon","arcs":[[3649,3650,3651,3652]],"properties":{"anthrome":54}},{"type":"Polygon","arcs":[[3653,3654,3655,3656]],"properties":{"anthrome":62}},{"type":"Polygon","arcs":[[3657,3658,3659,-3655]],"properties":{"anthrome":54}},{"type":"Polygon","arcs":[[3660,3661,-3622]],"properties":{"anthrome":53}},{"type":"Polygon","arcs":[[3662,3663]],"properties":{"anthrome":62}},{"type":"Polygon","arcs":[[-3527,3664,3665]],"properties":{"anthrome":54}},{"type":"Polygon","arcs":[[3666,3667,3668,3669,3670]],"properties":{"anthrome":53}},{"type":"Polygon","arcs":[[3671,3672,-3454,3673,3674,3675,3676,3677,3678,3679]],"properties":{"anthrome":61}},{"type":"Polygon","arcs":[[3680,3681,-3252,3682,-3520,3683,-3657,3684,3685,3686,-3443,3687,3688,3689,-3441,3690,-3439,3691,3692,3693,3694,3695,3696,-3294,3697]],"properties":{"anthrome":54}},{"type":"Polygon","arcs":[[3698,3699]],"properties":{"anthrome":61}},{"type":"Polygon","arcs":[[-3679,3700,3701,-3699]],"properties":{"anthrome":53}},{"type":"Polygon","arcs":[[3702,3703,3704]],"properties":{"anthrome":42}},{"type":"Polygon","arcs":[[3705,3706,-3452,3707,3708,3709,3710,3711,3712,3713]],"properties":{"anthrome":54}},{"type":"Polygon","arcs":[[3714,3715,3716,-3710]],"properties":{"anthrome":53}},{"type":"Polygon","arcs":[[3717]],"properties":{"anthrome":61}},{"type":"Polygon","arcs":[[3718]],"properties":{"anthrome":53}},{"type":"Polygon","arcs":[[3719]],"properties":{"anthrome":61}},{"type":"Polygon","arcs":[[3720]],"properties":{"anthrome":51}},{"type":"Polygon","arcs":[[3721,3722]],"properties":{"anthrome":61}},{"type":"Polygon","arcs":[[3723,3724,3725]],"properties":{"anthrome":41}},{"type":"Polygon","arcs":[[3726,3727,3728,3729]],"properties":{"anthrome":53}},{"type":"Polygon","arcs":[[3730,3731,3732,3733]],"properties":{"anthrome":53}},{"type":"Polygon","arcs":[[3734,3735,3736,-3732]],"properties":{"anthrome":52}},{"type":"Polygon","arcs":[[3737]],"properties":{"anthrome":62}},{"type":"Polygon","arcs":[[3738,3739,3740,3741]],"properties":{"anthrome":53}},{"type":"Polygon","arcs":[[3742,3743,-3740]],"properties":{"anthrome":54}},{"type":"Polygon","arcs":[[3744,3745,3746]],"properties":{"anthrome":62}},{"type":"Polygon","arcs":[[3747,3748,3749,3750]],"properties":{"anthrome":61}},{"type":"Polygon","arcs":[[3751]],"properties":{"anthrome":53}},{"type":"Polygon","arcs":[[3752,3753,-3675]],"properties":{"anthrome":53}},{"type":"Polygon","arcs":[[3754,3755]],"properties":{"anthrome":61}},{"type":"Polygon","arcs":[[-3393,-3403,3756,-3466,3757,3758,-3394]],"properties":{"anthrome":54}},{"type":"Polygon","arcs":[[-3206,3759,3760,3761,3762,3763,3764,3765,3766,3767]],"properties":{"anthrome":53}},{"type":"Polygon","arcs":[[3768,-898,3769,3770,-3378,3771,-2340,3772,-3375,3773,-2494,3774,3775,-3372,3776,-2862,-2653,-2655,-2861,-2565,3777,-2484,-2579,3778,-2735,3779,-3156,-2939,-3070,3780,-3460,-3522,-3217,3781,-3039,3782,-2890,3783,-3036,3784,-2526,3785,-2558,-3044,3786,-2908,-2907,3787,-3041,3788,-3222,3789,-3681,3790,-3296,3791,-3696,3792,3793,-3653,3794,3795,3796,3797,3798,3799,3800,3801,-2608,3802,3803,-2650,3804,3805,3806,3807,3808,3809,3810,3811,3812,3813],[-1080],[-1165],[-1166],[-1252],[-1279],[-1308],[-1351],[-1350],[-1416],[-1724],[-1943],[-2117],[-2193],[-2142],[-2230],[-2231],[-2369],[-2336],[-2337],[-2406],[-2407],[-2408],[3814,-2570,-2569,3815,-2487,3816,-2445],[-2563],[-2527],[-2483],[-2798],[-2955],[-2799],[-2978],[-3033],[-3249],[-3435],[-3514,-3515]],"properties":{"anthrome":53}},{"type":"Polygon","arcs":[[3817]],"properties":{"anthrome":51}},{"type":"Polygon","arcs":[[3818,3819]],"properties":{"anthrome":53}},{"type":"Polygon","arcs":[[3820,3821,3822]],"properties":{"anthrome":53}},{"type":"Polygon","arcs":[[3823,-3423,3824,3825,3826,3827,3828,3829,3830,3831,3832,3833]],"properties":{"anthrome":51}},{"type":"Polygon","arcs":[[3834,3835,3836,3837]],"properties":{"anthrome":51}},{"type":"Polygon","arcs":[[3838,-3730,3839,3840,3841]],"properties":{"anthrome":54}},{"type":"Polygon","arcs":[[3842]],"properties":{"anthrome":62}},{"type":"Polygon","arcs":[[3843]],"properties":{"anthrome":62}},{"type":"Polygon","arcs":[[3844,3845,-3694,3846,3847,3848,3849,3850,-3651]],"properties":{"anthrome":62}},{"type":"Polygon","arcs":[[3851,-3446,3852,3853,-3743,-3664,3854,-3742,3855,3856,3857,3858,3859,3860,3861,3862,3863,3864,-3662,3865,-3620]],"properties":{"anthrome":61}},{"type":"Polygon","arcs":[[3866,-3859]],"properties":{"anthrome":62}},{"type":"Polygon","arcs":[[3867,3868,3869,3870]],"properties":{"anthrome":54}},{"type":"Polygon","arcs":[[3871,3872,-3763]],"properties":{"anthrome":61}},{"type":"Polygon","arcs":[[3873]],"properties":{"anthrome":62}},{"type":"Polygon","arcs":[[3874]],"properties":{"anthrome":62}},{"type":"Polygon","arcs":[[3875]],"properties":{"anthrome":53}},{"type":"Polygon","arcs":[[3876,3877]],"properties":{"anthrome":63}},{"type":"Polygon","arcs":[[3878,3879,-3829]],"properties":{"anthrome":32}},{"type":"Polygon","arcs":[[3880]],"properties":{"anthrome":33}},{"type":"Polygon","arcs":[[3881,-3836,3882,3883]],"properties":{"anthrome":32}},{"type":"Polygon","arcs":[[3884,3885,3886]],"properties":{"anthrome":54}},{"type":"Polygon","arcs":[[3887,3888,-3840]],"properties":{"anthrome":53}},{"type":"Polygon","arcs":[[-3729,3889,3890,-3888]],"properties":{"anthrome":52}},{"type":"Polygon","arcs":[[3891]],"properties":{"anthrome":62}},{"type":"Polygon","arcs":[[3892]],"properties":{"anthrome":43}},{"type":"Polygon","arcs":[[3893,-3800]],"properties":{"anthrome":54}},{"type":"Polygon","arcs":[[3894,-3865,3895,3896,3897]],"properties":{"anthrome":53}},{"type":"Polygon","arcs":[[3898,3899,3900,-3863]],"properties":{"anthrome":53}},{"type":"Polygon","arcs":[[3901,3902,-3857]],"properties":{"anthrome":54}},{"type":"Polygon","arcs":[[3903,3904,3905,3906]],"properties":{"anthrome":52}},{"type":"Polygon","arcs":[[-3717,3907,3908,-3905]],"properties":{"anthrome":54}},{"type":"Polygon","arcs":[[3909,3910,3911,3912]],"properties":{"anthrome":53}},{"type":"Polygon","arcs":[[3913,3914,3915]],"properties":{"anthrome":61}},{"type":"Polygon","arcs":[[-3677,3916,3917,3918,3919,-3702,3920]],"properties":{"anthrome":54}},{"type":"Polygon","arcs":[[-3755,3921,3922]],"properties":{"anthrome":53}},{"type":"Polygon","arcs":[[3923,-155,3924,-187,-186,3925,-753,-752,3926,-239,-449,3927,-418,3928,-446,-466,3929,3930,-444,-281,3931,-340,3932,-443,-442,-441,3933,-468,3934,-411,3935,-343,3936,-346,3937,-502,3938,-363,3939,-348,3940,-366,3941,-352,3942,-414,3943,-566,3944,-1043,3945,-1393,3946,3947,-1366,3948,-1427,3949,-1956,3950,3951,-1802,3952,-1877,3953,-1676,3954,-1882,3955,-2026,3956,3957,-2458,3958,-1797,-1182,3959,-1084,-1180,3960,-1848,-1177,-960,3961,-911,3962,-903,-760,-907,3963,-1843,-1866,3964,3965,-1000,3966,3967,-1863,3968,-1313,3969,-1450,-1449,3970,-1786,-2018,3971,-2149,3972,-2121,3973,-2233,3974,3975,-2538,3976,-2251,3977,-2535,-2534,3978,-3310,3979,-3307,3980,3981,3982,-3528,3983,3984,-3761,3985,-3208,3986,-3767,-3766,3987,-3868,3988,-3910,3989,3990,3991,-3716,3992,-3708,-3405,3993,-3228,3994,-3409,3995,3996,-3202,3997,-3131,-3056,-3129,3998,3999,-2874,-2803,4000,4001,-2371,-2249,-1873,-2173,-2172,4002,-2292,4003,-2382,4004,-2312,4005,4006,-2352,4007,-2351,4008,-2531,-2530,-2586,4009,4010,-2315,4011,-2376,4012,-2176,-2175,-3771,4013,-3814,-3813,-3812,-3811,-3810,-3809,-3808,-3807,4014,4015,-3554,-3553,-3552,-3551,-3550,4016,4017,4018,4019,-1369,4020,-1286,4021,-1076,-1125,-991,-1073,4022,-893,4023,-1374,4024,-3546,-3545,4025,4026,-1105,4027,-537,4028,4029,-814,4030,-1101,4031,-694,4032,-746,4033,-1097,-1096,-1095,-1094,4034,4035,-1091,-1090],[-216],[-195],[-209],[-217],[-304],[-248],[-268],[-270],[-271],[4036,-457,4037,-591,4038,4039,-634,-589,-699,4040,4041,-587,4042,-596,4043,-584,4044,-409,4045,-405,4046,-581,-594],[-282],[4047,-398,4048,-400,4049],[-341],[-342],[-394],[-395],[-402],[-403],[-412],[-453],[4050,4051,-551,-496],[-500],[-508],[4052,-560,4053,-701,4054,4055,-704,4056,-562,4057,-707],[-541],[-661],[-542],[-543],[-624],[-625],[-626],[4058,-695,-632,4059],[-633],[-640],[-757,-758],[-747],[-748],[-749],[-750],[-790],[-792],[-843],[-844],[-845],[-866],[-846],[-847],[-896,-895,-894],[-899],[-900],[-901],[-902],[-1027,4060,4061,4062],[-1244,-1245],[4063,-1011,4064,-915],[-918],[-919],[-992],[-993],[-994],[-995],[-996],[-1079],[-1087],[-1207],[-1167],[-1168],[-1169],[-1229],[-1230],[-1231],[-1232],[-1278],[-1309],[-1284],[-1349],[-1363],[4065,-1577,4066,-1716,4067,-1903,4068,-1782,4069,-1662,-1707,4070,-1704,-1719],[4071,-1743,4072,-1672,4073,-1422],[-1423],[-1529],[-1651],[-1610],[-1574],[4074,-1654,4075,-1611],[4076,-1666,4077,-1582,-1584],[-1649],[-1650],[-1740],[-1781],[-1777,-1776],[-1778],[-1902],[-1980],[-1942],[-1944],[-1946],[-1982],[-1983,-1984],[-1947],[-1985],[-2013],[-2014],[-2141],[-2143,-2144],[-2423,4078,-2447,4079],[-2571],[-2656,-2657],[-2710],[-2711],[-2839],[-2875,-2876],[-2945],[-2946],[-3136],[-3135],[-3204],[-3264],[-3628],[-3525],[-3752]],"properties":{"anthrome":61}},{"type":"Polygon","arcs":[[4080,4081]],"properties":{"anthrome":61}},{"type":"Polygon","arcs":[[4082,4083,-3890]],"properties":{"anthrome":53}},{"type":"Polygon","arcs":[[4084]],"properties":{"anthrome":61}},{"type":"Polygon","arcs":[[4085]],"properties":{"anthrome":61}},{"type":"Polygon","arcs":[[4086]],"properties":{"anthrome":62}},{"type":"Polygon","arcs":[[4087]],"properties":{"anthrome":62}},{"type":"Polygon","arcs":[[4088]],"properties":{"anthrome":62}},{"type":"Polygon","arcs":[[4089,4090]],"properties":{"anthrome":61}},{"type":"Polygon","arcs":[[4091]],"properties":{"anthrome":33}},{"type":"Polygon","arcs":[[4092,4093,4094]],"properties":{"anthrome":33}},{"type":"Polygon","arcs":[[4095,4096,4097]],"properties":{"anthrome":51}},{"type":"Polygon","arcs":[[4098,4099,4100,-4097]],"properties":{"anthrome":32}},{"type":"Polygon","arcs":[[4101]],"properties":{"anthrome":53}},{"type":"Polygon","arcs":[[4102]],"properties":{"anthrome":62}},{"type":"Polygon","arcs":[[4103,4104,4105]],"properties":{"anthrome":62}},{"type":"Polygon","arcs":[[4106,4107,4108]],"properties":{"anthrome":53}},{"type":"Polygon","arcs":[[4109]],"properties":{"anthrome":42}},{"type":"Polygon","arcs":[[4110,4111]],"properties":{"anthrome":54}},{"type":"Polygon","arcs":[[4112]],"properties":{"anthrome":54}},{"type":"Polygon","arcs":[[4113,4114,4115]],"properties":{"anthrome":52}},{"type":"Polygon","arcs":[[-3912,4116,4117,4118]],"properties":{"anthrome":54}},{"type":"Polygon","arcs":[[-3870,4119,4120,-4117]],"properties":{"anthrome":53}},{"type":"Polygon","arcs":[[4121]],"properties":{"anthrome":62}},{"type":"Polygon","arcs":[[4122]],"properties":{"anthrome":53}},{"type":"Polygon","arcs":[[4123,4124,4125,4126]],"properties":{"anthrome":51}},{"type":"Polygon","arcs":[[4127,4128,-3822]],"properties":{"anthrome":61}},{"type":"Polygon","arcs":[[4129,4130,-3830,4131,4132,4133,4134,-3877]],"properties":{"anthrome":32}},{"type":"Polygon","arcs":[[4135,-4133,4136,4137]],"properties":{"anthrome":52}},{"type":"Polygon","arcs":[[4138,-3861,4139,4140,4141,4142,4143,4144,4145,-3900]],"properties":{"anthrome":54}},{"type":"Polygon","arcs":[[-3984,-3666,4146,-3914,4147,4148,4149,4150,-3873,4151]],"properties":{"anthrome":62}},{"type":"Polygon","arcs":[[4152,4153,4154]],"properties":{"anthrome":61}},{"type":"Polygon","arcs":[[4155]],"properties":{"anthrome":53}},{"type":"Polygon","arcs":[[4156]],"properties":{"anthrome":52}},{"type":"Polygon","arcs":[[4157]],"properties":{"anthrome":33}},{"type":"Polygon","arcs":[[4158]],"properties":{"anthrome":51}},{"type":"Polygon","arcs":[[-4101,4159,4160]],"properties":{"anthrome":33}},{"type":"Polygon","arcs":[[4161]],"properties":{"anthrome":53}},{"type":"Polygon","arcs":[[4162]],"properties":{"anthrome":62}},{"type":"Polygon","arcs":[[4163]],"properties":{"anthrome":34}},{"type":"Polygon","arcs":[[4164]],"properties":{"anthrome":53}},{"type":"Polygon","arcs":[[4165]],"properties":{"anthrome":54}},{"type":"Polygon","arcs":[[4166,-4143,4167,4168]],"properties":{"anthrome":62}},{"type":"Polygon","arcs":[[4169]],"properties":{"anthrome":33}},{"type":"Polygon","arcs":[[4170]],"properties":{"anthrome":61}},{"type":"Polygon","arcs":[[4171,4172,4173]],"properties":{"anthrome":54}},{"type":"Polygon","arcs":[[4174,4175,-4150]],"properties":{"anthrome":54}},{"type":"Polygon","arcs":[[4176,4177]],"properties":{"anthrome":54}},{"type":"Polygon","arcs":[[4178,4179,4180,-3819,4181,-3492]],"properties":{"anthrome":61}},{"type":"Polygon","arcs":[[4182,4183,4184,4185,4186,4187]],"properties":{"anthrome":52}},{"type":"Polygon","arcs":[[4188,4189,4190]],"properties":{"anthrome":61}},{"type":"Polygon","arcs":[[4191,4192,4193,-4190]],"properties":{"anthrome":53}},{"type":"Polygon","arcs":[[4194]],"properties":{"anthrome":33}},{"type":"Polygon","arcs":[[4195,4196,4197]],"properties":{"anthrome":62}},{"type":"Polygon","arcs":[[4198,-4180]],"properties":{"anthrome":53}},{"type":"Polygon","arcs":[[4199,4200]],"properties":{"anthrome":53}},{"type":"Polygon","arcs":[[4201]],"properties":{"anthrome":61}},{"type":"Polygon","arcs":[[4202]],"properties":{"anthrome":62}},{"type":"Polygon","arcs":[[4203]],"properties":{"anthrome":61}},{"type":"Polygon","arcs":[[-4137,4204,4205]],"properties":{"anthrome":32}},{"type":"Polygon","arcs":[[4206]],"properties":{"anthrome":54}},{"type":"Polygon","arcs":[[4207,4208,4209,4210]],"properties":{"anthrome":62}},{"type":"Polygon","arcs":[[4211,4212,4213,-4209]],"properties":{"anthrome":34}},{"type":"Polygon","arcs":[[4214,4215,4216,-4213]],"properties":{"anthrome":62}},{"type":"Polygon","arcs":[[4217,4218,4219,4220]],"properties":{"anthrome":53}},{"type":"Polygon","arcs":[[4221,4222,4223,-4219]],"properties":{"anthrome":54}},{"type":"Polygon","arcs":[[4224]],"properties":{"anthrome":42}},{"type":"Polygon","arcs":[[4225]],"properties":{"anthrome":54}},{"type":"Polygon","arcs":[[4226,4227,-4186]],"properties":{"anthrome":33}},{"type":"Polygon","arcs":[[-3670,4228,4229,4230,4231,4232,-4192,4233]],"properties":{"anthrome":61}},{"type":"Polygon","arcs":[[-4201,4234,4235]],"properties":{"anthrome":61}},{"type":"Polygon","arcs":[[4236]],"properties":{"anthrome":53}},{"type":"Polygon","arcs":[[4237,-4135,4238,4239,4240,4241,4242,-4090],[-4157]],"properties":{"anthrome":51}},{"type":"Polygon","arcs":[[4243,4244]],"properties":{"anthrome":53}},{"type":"Polygon","arcs":[[4245,-3505,4246,4247,4248,4249,4250,-4245,4251,-3632,-3501,-3419]],"properties":{"anthrome":61}},{"type":"Polygon","arcs":[[4252,-4250]],"properties":{"anthrome":53}},{"type":"Polygon","arcs":[[4253]],"properties":{"anthrome":62}},{"type":"Polygon","arcs":[[4254]],"properties":{"anthrome":54}},{"type":"Polygon","arcs":[[4255]],"properties":{"anthrome":42}},{"type":"Polygon","arcs":[[4256,-4235]],"properties":{"anthrome":53}},{"type":"Polygon","arcs":[[-4194,4257,4258,4259]],"properties":{"anthrome":54}},{"type":"Polygon","arcs":[[4260]],"properties":{"anthrome":54}},{"type":"Polygon","arcs":[[4261]],"properties":{"anthrome":54}},{"type":"Polygon","arcs":[[4262]],"properties":{"anthrome":61}},{"type":"Polygon","arcs":[[4263,4264]],"properties":{"anthrome":32}},{"type":"Polygon","arcs":[[4265]],"properties":{"anthrome":33}},{"type":"Polygon","arcs":[[4266,4267]],"properties":{"anthrome":33}},{"type":"Polygon","arcs":[[4268,4269]],"properties":{"anthrome":51}},{"type":"Polygon","arcs":[[-3982,4270,4271,4272,-4176,4273,4274,-3915]],"properties":{"anthrome":53}},{"type":"Polygon","arcs":[[4275,-4199,4276]],"properties":{"anthrome":61}},{"type":"Polygon","arcs":[[4277,4278]],"properties":{"anthrome":62}},{"type":"Polygon","arcs":[[4279,4280,4281,4282,4283]],"properties":{"anthrome":52}},{"type":"Polygon","arcs":[[4284,4285,4286,4287]],"properties":{"anthrome":62}},{"type":"Polygon","arcs":[[-4272,4288,4289]],"properties":{"anthrome":61}},{"type":"Polygon","arcs":[[4290,4291,4292,4293]],"properties":{"anthrome":61}},{"type":"Polygon","arcs":[[4294,4295,4296,-4292]],"properties":{"anthrome":53}},{"type":"Polygon","arcs":[[4297]],"properties":{"anthrome":54}},{"type":"Polygon","arcs":[[4298,4299]],"properties":{"anthrome":61}},{"type":"Polygon","arcs":[[4300,4301]],"properties":{"anthrome":33}},{"type":"Polygon","arcs":[[4302]],"properties":{"anthrome":33}},{"type":"Polygon","arcs":[[4303]],"properties":{"anthrome":33}},{"type":"Polygon","arcs":[[4304]],"properties":{"anthrome":62}},{"type":"Polygon","arcs":[[4305]],"properties":{"anthrome":54}},{"type":"Polygon","arcs":[[4306]],"properties":{"anthrome":54}},{"type":"Polygon","arcs":[[4307,4308,-4286]],"properties":{"anthrome":53}},{"type":"Polygon","arcs":[[4309]],"properties":{"anthrome":61}},{"type":"Polygon","arcs":[[4310]],"properties":{"anthrome":62}},{"type":"Polygon","arcs":[[4311,4312,4313]],"properties":{"anthrome":63}},{"type":"Polygon","arcs":[[4314,4315,-4081,4316,4317,4318,4319,4320,-4248]],"properties":{"anthrome":53}},{"type":"Polygon","arcs":[[4321]],"properties":{"anthrome":54}},{"type":"Polygon","arcs":[[4322,4323]],"properties":{"anthrome":54}},{"type":"Polygon","arcs":[[4324]],"properties":{"anthrome":62}},{"type":"Polygon","arcs":[[4325]],"properties":{"anthrome":53}},{"type":"Polygon","arcs":[[4326,4327]],"properties":{"anthrome":54}},{"type":"Polygon","arcs":[[4328,-4318]],"properties":{"anthrome":61}},{"type":"Polygon","arcs":[[4329]],"properties":{"anthrome":33}},{"type":"Polygon","arcs":[[4330]],"properties":{"anthrome":32}},{"type":"Polygon","arcs":[[4331]],"properties":{"anthrome":54}},{"type":"Polygon","arcs":[[4332,4333,4334,4335]],"properties":{"anthrome":53}},{"type":"Polygon","arcs":[[4336,4337,4338,-4334]],"properties":{"anthrome":54}},{"type":"Polygon","arcs":[[4339]],"properties":{"anthrome":62}},{"type":"Polygon","arcs":[[4340,4341,4342,4343]],"properties":{"anthrome":52}},{"type":"Polygon","arcs":[[-4289,4344,4345]],"properties":{"anthrome":53}},{"type":"Polygon","arcs":[[4346]],"properties":{"anthrome":61}},{"type":"Polygon","arcs":[[4347,4348]],"properties":{"anthrome":33}},{"type":"Polygon","arcs":[[4349,4350,4351,4352,4353,4354,4355,4356,4357,-4268,4358,4359]],"properties":{"anthrome":52}},{"type":"Polygon","arcs":[[4360,4361,-4324,4362]],"properties":{"anthrome":53}},{"type":"Polygon","arcs":[[4363,4364,4365]],"properties":{"anthrome":61}},{"type":"Polygon","arcs":[[4366,4367],[-4261],[-4298]],"properties":{"anthrome":62}},{"type":"Polygon","arcs":[[4368]],"properties":{"anthrome":62}},{"type":"Polygon","arcs":[[4369,-4348]],"properties":{"anthrome":54}},{"type":"Polygon","arcs":[[4370]],"properties":{"anthrome":53}},{"type":"Polygon","arcs":[[4371,4372]],"properties":{"anthrome":62}},{"type":"Polygon","arcs":[[4373]],"properties":{"anthrome":62}},{"type":"Polygon","arcs":[[4374,4375,4376,4377]],"properties":{"anthrome":62}},{"type":"Polygon","arcs":[[4378,4379,4380]],"properties":{"anthrome":61}},{"type":"Polygon","arcs":[[4381,4382]],"properties":{"anthrome":53}},{"type":"Polygon","arcs":[[4383,4384,4385,-4323]],"properties":{"anthrome":53}},{"type":"Polygon","arcs":[[4386]],"properties":{"anthrome":61}},{"type":"Polygon","arcs":[[4387,4388]],"properties":{"anthrome":61}},{"type":"Polygon","arcs":[[4389,4390,4391,4392]],"properties":{"anthrome":51}},{"type":"Polygon","arcs":[[4393,4394,4395,-4391]],"properties":{"anthrome":33}},{"type":"Polygon","arcs":[[4396]],"properties":{"anthrome":51}},{"type":"Polygon","arcs":[[4397,4398]],"properties":{"anthrome":54}},{"type":"Polygon","arcs":[[4399]],"properties":{"anthrome":51}},{"type":"Polygon","arcs":[[4400,4401]],"properties":{"anthrome":62}},{"type":"Polygon","arcs":[[4402,4403]],"properties":{"anthrome":62}},{"type":"Polygon","arcs":[[4404]],"properties":{"anthrome":62}},{"type":"Polygon","arcs":[[4405]],"properties":{"anthrome":62}},{"type":"Polygon","arcs":[[4406]],"properties":{"anthrome":62}},{"type":"Polygon","arcs":[[4407]],"properties":{"anthrome":54}},{"type":"Polygon","arcs":[[4408,4409,4410,4411]],"properties":{"anthrome":52}},{"type":"Polygon","arcs":[[4412,4413,4414,4415,-4343,4416]],"properties":{"anthrome":54}},{"type":"Polygon","arcs":[[-4351,4417,4418,4419]],"properties":{"anthrome":53}},{"type":"Polygon","arcs":[[4420,-4418]],"properties":{"anthrome":52}},{"type":"Polygon","arcs":[[4421]],"properties":{"anthrome":61}},{"type":"Polygon","arcs":[[4422]],"properties":{"anthrome":54}},{"type":"Polygon","arcs":[[-2285,-2348,-2413,-2373,4423,-4001,-2802,-2873,-4000,-3999,-3200,4424,-3713,-3712,4425,4426,4427,-4116,4428,4429,4430,4431,4432,4433,4434,4435,-3749,4436,4437,4438,4439,-3358,4440,-2409,-2346],[-2995],[-3054,-3053],[-3450],[-3451],[-3627],[-3524]],"properties":{"anthrome":53}},{"type":"Polygon","arcs":[[4441]],"properties":{"anthrome":51}},{"type":"Polygon","arcs":[[4442,4443,4444]],"properties":{"anthrome":53}},{"type":"Polygon","arcs":[[4445]],"properties":{"anthrome":62}},{"type":"Polygon","arcs":[[4446]],"properties":{"anthrome":61}},{"type":"Polygon","arcs":[[4447]],"properties":{"anthrome":62}},{"type":"Polygon","arcs":[[4448,4449,-4433]],"properties":{"anthrome":52}},{"type":"Polygon","arcs":[[4450]],"properties":{"anthrome":61}},{"type":"Polygon","arcs":[[4451,4452,4453]],"properties":{"anthrome":62}},{"type":"Polygon","arcs":[[4454,4455,4456]],"properties":{"anthrome":63}},{"type":"Polygon","arcs":[[4457,-310,4458,-312,4459,-576,4460,-601,4461,-574,4462,-458,4463,-353,4464,-2090,-708,-2089,4465,-2087,-2086,4466,-2211,4467,-2131,-2076,4468,4469,-2213,4470,-2297,4471,-2325,-2389,4472,-3096,4473,-3421,4474,-3417,4475,4476,4477,4478,-3823,4479,4480,-4457,4481,4482,4483,4484,4485,4486,-3469,4487,-3160,4488,-2958,4489,4490,-3671,4491,4492,4493,-3477,4494,4495,-3388,4496,4497,-3491,4498,-3002,4499,4500,-2664,4501,-2661,-2305,-2129,4502,-2163,4503,-1751,4504,-2161,-1631,4505,-1537,4506,-1468,-1406,4507,-1402,4508,-1725,-1439,4509,-1219,4510,-1146,-1148,4511,4512,-1327,4513,-1842,4514,4515,4516,4517,-2367,4518,-2767,4519,4520,4521,4522,-2202,-2204,4523,-1989,4524,-1887,4525,-1619,4526,4527,4528,-1396,4529,4530,-1213,4531,-1144,4532,-1051,4533,4534,-879,4535,4536,-764,4537,-504,-503,-369],[-419,-420],[-471],[-511],[-755],[-821],[-822],[-881],[-1510],[-963],[-1031],[-964],[-965],[-1053,-1054],[4538,4539,4540,-1248,4541,-1150],[-1215],[-1255],[-1401],[-1470],[4542],[-1540],[-1542,-1541],[-1543],[-1633],[-1634],[-1907],[-2058],[-2122],[-2185],[-2205],[-2300],[-2209],[-2255],[-2266],[-2669,-2670],[-2322],[-2323],[-2470],[-2471],[-2671],[4543,4544,-2738],[-2625],[4545,-2916,-2956],[-2770],[-2962],[-2966],[4546],[4547],[4548,-3390,4549,-3280],[-3168],[-3499],[-3631],[-3876],[-4237],[-4156]],"properties":{"anthrome":61}},{"type":"Polygon","arcs":[[4550,4551,4552]],"properties":{"anthrome":32}},{"type":"Polygon","arcs":[[4553,4554,4555,4556]],"properties":{"anthrome":51}},{"type":"Polygon","arcs":[[4557,4558,4559,-4555]],"properties":{"anthrome":32}},{"type":"Polygon","arcs":[[4560,4561,4562]],"properties":{"anthrome":32}},{"type":"Polygon","arcs":[[4563,4564,4565]],"properties":{"anthrome":51}},{"type":"Polygon","arcs":[[4566,4567,4568,-4565]],"properties":{"anthrome":33}},{"type":"Polygon","arcs":[[4569,4570,4571]],"properties":{"anthrome":33}},{"type":"Polygon","arcs":[[4572,4573]],"properties":{"anthrome":62}},{"type":"Polygon","arcs":[[4574,4575]],"properties":{"anthrome":62}},{"type":"Polygon","arcs":[[4576,4577]],"properties":{"anthrome":62}},{"type":"Polygon","arcs":[[4578]],"properties":{"anthrome":53}},{"type":"Polygon","arcs":[[4579]],"properties":{"anthrome":32}},{"type":"Polygon","arcs":[[4580,-4284,-4283,4581,4582,4583,4584,4585,-4370,4586],[-4307]],"properties":{"anthrome":33}},{"type":"Polygon","arcs":[[4587,4588,4589,-4584]],"properties":{"anthrome":53}},{"type":"Polygon","arcs":[[4590,4591,4592,-4589]],"properties":{"anthrome":54}},{"type":"Polygon","arcs":[[4593,4594,4595]],"properties":{"anthrome":52}},{"type":"Polygon","arcs":[[4596,4597]],"properties":{"anthrome":61}},{"type":"Polygon","arcs":[[-3277,-3680,-3700,-3920,4598,-4177,4599,4600,4601,4602]],"properties":{"anthrome":53}},{"type":"Polygon","arcs":[[-3764,-4151,-4273,-4288,4603,-4346,4604,4605,4606,4607,4608,4609,-4120]],"properties":{"anthrome":61}},{"type":"Polygon","arcs":[[-4353,4610,-4419,4611,4612,4613]],"properties":{"anthrome":54}},{"type":"Polygon","arcs":[[4614,4615,4616]],"properties":{"anthrome":51}},{"type":"Polygon","arcs":[[4617,4618,4619,4620,4621]],"properties":{"anthrome":54}},{"type":"Polygon","arcs":[[4622,4623,4624,4625,4626,4627,4628,4629]],"properties":{"anthrome":51}},{"type":"Polygon","arcs":[[4630,4631,4632,-4625]],"properties":{"anthrome":32}},{"type":"Polygon","arcs":[[4633,4634,4635,4636]],"properties":{"anthrome":52}},{"type":"Polygon","arcs":[[4637,-4606]],"properties":{"anthrome":53}},{"type":"Polygon","arcs":[[4638,4639,4640]],"properties":{"anthrome":53}},{"type":"Polygon","arcs":[[4641,4642,4643]],"properties":{"anthrome":53}},{"type":"Polygon","arcs":[[4644]],"properties":{"anthrome":62}},{"type":"Polygon","arcs":[[4645]],"properties":{"anthrome":62}},{"type":"Polygon","arcs":[[4646,4647,4648,-4620]],"properties":{"anthrome":51}},{"type":"Polygon","arcs":[[4649,4650,-4629]],"properties":{"anthrome":33}},{"type":"Polygon","arcs":[[-4569,4651]],"properties":{"anthrome":61}},{"type":"Polygon","arcs":[[4652,4653,4654,-4570,4655,4656]],"properties":{"anthrome":54}},{"type":"Polygon","arcs":[[4657,4658]],"properties":{"anthrome":62}},{"type":"Polygon","arcs":[[4659]],"properties":{"anthrome":62}},{"type":"Polygon","arcs":[[4660,4661]],"properties":{"anthrome":62}},{"type":"Polygon","arcs":[[4662]],"properties":{"anthrome":62}},{"type":"Polygon","arcs":[[4663,4664,4665,4666]],"properties":{"anthrome":54}},{"type":"Polygon","arcs":[[4667]],"properties":{"anthrome":53}},{"type":"Polygon","arcs":[[4668]],"properties":{"anthrome":32}},{"type":"Polygon","arcs":[[4669,4670]],"properties":{"anthrome":54}},{"type":"Polygon","arcs":[[4671]],"properties":{"anthrome":52}},{"type":"Polygon","arcs":[[4672,4673,4674]],"properties":{"anthrome":54}},{"type":"Polygon","arcs":[[4675]],"properties":{"anthrome":61}},{"type":"Polygon","arcs":[[4676,4677]],"properties":{"anthrome":53}},{"type":"Polygon","arcs":[[4678,4679,4680]],"properties":{"anthrome":52}},{"type":"Polygon","arcs":[[4681,4682,-4679]],"properties":{"anthrome":61}},{"type":"Polygon","arcs":[[4683]],"properties":{"anthrome":62}},{"type":"Polygon","arcs":[[4684]],"properties":{"anthrome":62}},{"type":"Polygon","arcs":[[4685,4686,4687]],"properties":{"anthrome":61}},{"type":"Polygon","arcs":[[4688]],"properties":{"anthrome":61}},{"type":"Polygon","arcs":[[4689,4690]],"properties":{"anthrome":62}},{"type":"Polygon","arcs":[[4691,-4671,-4593,4692,4693,4694]],"properties":{"anthrome":52}},{"type":"Polygon","arcs":[[4695,4696,4697,4698]],"properties":{"anthrome":53}},{"type":"Polygon","arcs":[[4699,4700,4701]],"properties":{"anthrome":53}},{"type":"Polygon","arcs":[[4702,4703,4704,4705]],"properties":{"anthrome":53}},{"type":"Polygon","arcs":[[4706]],"properties":{"anthrome":53}},{"type":"Polygon","arcs":[[4707,4708]],"properties":{"anthrome":61}},{"type":"Polygon","arcs":[[4709,4710]],"properties":{"anthrome":61}},{"type":"Polygon","arcs":[[4711]],"properties":{"anthrome":51}},{"type":"Polygon","arcs":[[4712]],"properties":{"anthrome":33}},{"type":"Polygon","arcs":[[4713,4714,4715,4716,-4651]],"properties":{"anthrome":32}},{"type":"Polygon","arcs":[[4717,4718]],"properties":{"anthrome":32}},{"type":"Polygon","arcs":[[4719,4720]],"properties":{"anthrome":61}},{"type":"Polygon","arcs":[[4721,4722]],"properties":{"anthrome":52}},{"type":"Polygon","arcs":[[4723]],"properties":{"anthrome":62}},{"type":"Polygon","arcs":[[4724]],"properties":{"anthrome":62}},{"type":"Polygon","arcs":[[4725]],"properties":{"anthrome":62}},{"type":"Polygon","arcs":[[4726]],"properties":{"anthrome":62}},{"type":"Polygon","arcs":[[4727]],"properties":{"anthrome":32}},{"type":"Polygon","arcs":[[4728,4729]],"properties":{"anthrome":61}},{"type":"Polygon","arcs":[[4730]],"properties":{"anthrome":53}},{"type":"Polygon","arcs":[[4731]],"properties":{"anthrome":62}},{"type":"Polygon","arcs":[[4732,4733,-4602,4734,4735,4736,4737]],"properties":{"anthrome":52}},{"type":"Polygon","arcs":[[4738,4739,4740,4741]],"properties":{"anthrome":54}},{"type":"Polygon","arcs":[[4742,4743,4744,4745]],"properties":{"anthrome":61}},{"type":"Polygon","arcs":[[4746]],"properties":{"anthrome":53}},{"type":"Polygon","arcs":[[4747]],"properties":{"anthrome":62}},{"type":"Polygon","arcs":[[4748,4749,4750,4751]],"properties":{"anthrome":53}},{"type":"Polygon","arcs":[[4752,4753,4754]],"properties":{"anthrome":61}},{"type":"Polygon","arcs":[[4755,4756]],"properties":{"anthrome":32}},{"type":"Polygon","arcs":[[4757]],"properties":{"anthrome":33}},{"type":"Polygon","arcs":[[4758,4759]],"properties":{"anthrome":32}},{"type":"Polygon","arcs":[[4760]],"properties":{"anthrome":61}},{"type":"Polygon","arcs":[[4761,-4722,4762,4763]],"properties":{"anthrome":53}},{"type":"Polygon","arcs":[[4764]],"properties":{"anthrome":62}},{"type":"Polygon","arcs":[[4765,4766]],"properties":{"anthrome":63}},{"type":"Polygon","arcs":[[4767]],"properties":{"anthrome":62}},{"type":"Polygon","arcs":[[4768,4769,4770,4771]],"properties":{"anthrome":32}},{"type":"Polygon","arcs":[[4772]],"properties":{"anthrome":54}},{"type":"Polygon","arcs":[[4773,-4736]],"properties":{"anthrome":61}},{"type":"Polygon","arcs":[[4774,4775]],"properties":{"anthrome":53}},{"type":"Polygon","arcs":[[4776,-4363,-4386,4777,4778,4779,-4641,-4706,4780,4781,-4739,4782,4783,4784,4785,4786,4787,4788,4789,4790,-4382,4791]],"properties":{"anthrome":61}},{"type":"Polygon","arcs":[[4792,4793,4794,4795,4796],[-4747]],"properties":{"anthrome":61}},{"type":"Polygon","arcs":[[4797]],"properties":{"anthrome":53}},{"type":"Polygon","arcs":[[4798,4799,4800,4801]],"properties":{"anthrome":51}},{"type":"Polygon","arcs":[[4802,4803,4804,4805,4806,-4665]],"properties":{"anthrome":62}},{"type":"Polygon","arcs":[[4807,4808]],"properties":{"anthrome":61}},{"type":"Polygon","arcs":[[-4785,4809,4810]],"properties":{"anthrome":53}},{"type":"Polygon","arcs":[[4811,4812,4813,4814]],"properties":{"anthrome":53}},{"type":"Polygon","arcs":[[-4751,4815]],"properties":{"anthrome":54}},{"type":"Polygon","arcs":[[4816]],"properties":{"anthrome":61}},{"type":"Polygon","arcs":[[4817]],"properties":{"anthrome":61}},{"type":"Polygon","arcs":[[4818,4819]],"properties":{"anthrome":62}},{"type":"Polygon","arcs":[[4820,4821,4822,-4819]],"properties":{"anthrome":51}},{"type":"Polygon","arcs":[[4823,4824,-4822]],"properties":{"anthrome":52}},{"type":"Polygon","arcs":[[4825,4826,4827]],"properties":{"anthrome":61}},{"type":"Polygon","arcs":[[4828,-4826]],"properties":{"anthrome":32}},{"type":"Polygon","arcs":[[4829,4830]],"properties":{"anthrome":32}},{"type":"Polygon","arcs":[[4831,4832]],"properties":{"anthrome":51}},{"type":"Polygon","arcs":[[4833,4834,4835]],"properties":{"anthrome":33}},{"type":"Polygon","arcs":[[4836,4837,-4835]],"properties":{"anthrome":61}},{"type":"Polygon","arcs":[[4838]],"properties":{"anthrome":62}},{"type":"Polygon","arcs":[[4839,4840,4841,4842]],"properties":{"anthrome":62}},{"type":"Polygon","arcs":[[4843,4844,4845,4846]],"properties":{"anthrome":62}},{"type":"Polygon","arcs":[[4847,4848,4849,-4845]],"properties":{"anthrome":54}},{"type":"Polygon","arcs":[[4850]],"properties":{"anthrome":61}},{"type":"Polygon","arcs":[[-4737,4851,4852]],"properties":{"anthrome":53}},{"type":"Polygon","arcs":[[4853,4854]],"properties":{"anthrome":61}},{"type":"Polygon","arcs":[[4855,4856,4857,4858,4859,4860]],"properties":{"anthrome":53}},{"type":"Polygon","arcs":[[4861]],"properties":{"anthrome":62}},{"type":"Polygon","arcs":[[4862,4863]],"properties":{"anthrome":61}},{"type":"Polygon","arcs":[[4864]],"properties":{"anthrome":32}},{"type":"Polygon","arcs":[[4865]],"properties":{"anthrome":53}},{"type":"Polygon","arcs":[[4866,-4843,4867,4868]],"properties":{"anthrome":53}},{"type":"Polygon","arcs":[[4869,4870,4871,4872,4873]],"properties":{"anthrome":62}},{"type":"Polygon","arcs":[[4874,4875,4876,-4871]],"properties":{"anthrome":54}},{"type":"Polygon","arcs":[[4877,4878,4879]],"properties":{"anthrome":54}},{"type":"Polygon","arcs":[[4880,4881]],"properties":{"anthrome":62}},{"type":"Polygon","arcs":[[4882,4883,4884,4885]],"properties":{"anthrome":62}},{"type":"Polygon","arcs":[[4886,4887]],"properties":{"anthrome":61}},{"type":"Polygon","arcs":[[4888]],"properties":{"anthrome":61}},{"type":"Polygon","arcs":[[4889]],"properties":{"anthrome":61}},{"type":"Polygon","arcs":[[4890,4891,4892]],"properties":{"anthrome":52}},{"type":"Polygon","arcs":[[-4827,4893,4894]],"properties":{"anthrome":51}},{"type":"Polygon","arcs":[[4895,4896,4897,4898]],"properties":{"anthrome":51}},{"type":"Polygon","arcs":[[4899]],"properties":{"anthrome":51}},{"type":"Polygon","arcs":[[4900,4901,4902]],"properties":{"anthrome":32}},{"type":"Polygon","arcs":[[-4838,4903,4904]],"properties":{"anthrome":33}},{"type":"Polygon","arcs":[[4905,4906,4907]],"properties":{"anthrome":42}},{"type":"Polygon","arcs":[[4908,4909,4910,-4906]],"properties":{"anthrome":51}},{"type":"Polygon","arcs":[[4911]],"properties":{"anthrome":54}},{"type":"Polygon","arcs":[[-4859,4912]],"properties":{"anthrome":61}},{"type":"Polygon","arcs":[[4913,4914]],"properties":{"anthrome":62}},{"type":"Polygon","arcs":[[4915]],"properties":{"anthrome":62}},{"type":"Polygon","arcs":[[4916,4917,4918]],"properties":{"anthrome":51}},{"type":"Polygon","arcs":[[4919]],"properties":{"anthrome":61}},{"type":"Polygon","arcs":[[4920,4921,4922]],"properties":{"anthrome":61}},{"type":"Polygon","arcs":[[4923]],"properties":{"anthrome":61}},{"type":"Polygon","arcs":[[4924,4925,-4452,4926,-4788,-4696,4927,-4797,-4796,4928,4929,4930,4931,4932,4933,-4257,-4200,4934]],"properties":{"anthrome":54}},{"type":"Polygon","arcs":[[4935,4936,4937,4938,-4741,4939]],"properties":{"anthrome":62}},{"type":"Polygon","arcs":[[4940,4941,4942,4943,4944,4945,4946]],"properties":{"anthrome":42}},{"type":"Polygon","arcs":[[-4814,4947,4948,4949]],"properties":{"anthrome":61}},{"type":"Polygon","arcs":[[4950,-4948]],"properties":{"anthrome":53}},{"type":"Polygon","arcs":[[4951,4952,4953]],"properties":{"anthrome":52}},{"type":"Polygon","arcs":[[-4946,4954,4955,4956]],"properties":{"anthrome":52}},{"type":"Polygon","arcs":[[4957,4958,4959,4960,-4857]],"properties":{"anthrome":52}},{"type":"Polygon","arcs":[[4961]],"properties":{"anthrome":53}},{"type":"Polygon","arcs":[[4962,4963,4964,-4852,-4774]],"properties":{"anthrome":52}},{"type":"Polygon","arcs":[[4965,4966]],"properties":{"anthrome":62}},{"type":"Polygon","arcs":[[4967,4968,4969,4970]],"properties":{"anthrome":61}},{"type":"Polygon","arcs":[[4971,4972,4973,-4969]],"properties":{"anthrome":54}},{"type":"Polygon","arcs":[[4974,4975]],"properties":{"anthrome":62}},{"type":"Polygon","arcs":[[4976,4977]],"properties":{"anthrome":33}},{"type":"Polygon","arcs":[[4978,4979]],"properties":{"anthrome":51}},{"type":"Polygon","arcs":[[4980,4981,4982]],"properties":{"anthrome":54}},{"type":"Polygon","arcs":[[-4944,4983,4984]],"properties":{"anthrome":54}},{"type":"Polygon","arcs":[[4985,4986,-4942]],"properties":{"anthrome":43}},{"type":"Polygon","arcs":[[4987,4988,4989,4990]],"properties":{"anthrome":51}},{"type":"Polygon","arcs":[[-4961,4991]],"properties":{"anthrome":33}},{"type":"Polygon","arcs":[[4992,4993,4994]],"properties":{"anthrome":62}},{"type":"Polygon","arcs":[[4995]],"properties":{"anthrome":62}},{"type":"Polygon","arcs":[[4996]],"properties":{"anthrome":54}},{"type":"Polygon","arcs":[[4997,4998,4999,5000]],"properties":{"anthrome":32}},{"type":"Polygon","arcs":[[5001,5002]],"properties":{"anthrome":61}},{"type":"Polygon","arcs":[[5003,-4730,5004,5005,5006,-4963,-4735]],"properties":{"anthrome":53}},{"type":"Polygon","arcs":[[5007,-3907,5008,-3908,-3992,5009,-4174,5010,-4608,-4607,5011,5012,5013,-4694,5014,-4409,5015,-4281,5016,5017,-4184],[-4171],[5018,5019,-4413,5020,-4341,5021,-4595,5022,-4355,5023,-4634,5024,-4675,5025,-4612,-4421,-4350,-4360],[-4672],[-4676],[-4773],[-4851]],"properties":{"anthrome":53}},{"type":"Polygon","arcs":[[5026,-4931,5027,5028,5029,5030]],"properties":{"anthrome":61}},{"type":"Polygon","arcs":[[-4971,5031,5032,5033]],"properties":{"anthrome":54}},{"type":"Polygon","arcs":[[5034,5035,5036,5037]],"properties":{"anthrome":61}},{"type":"Polygon","arcs":[[5038,5039,5040]],"properties":{"anthrome":61}},{"type":"Polygon","arcs":[[5041,-4975,5042,5043,5044]],"properties":{"anthrome":54}},{"type":"Polygon","arcs":[[-4902,-4980,5045,5046,5047]],"properties":{"anthrome":61}},{"type":"Polygon","arcs":[[5048]],"properties":{"anthrome":54}},{"type":"Polygon","arcs":[[5049,-4855,5050,5051,-5006]],"properties":{"anthrome":52}},{"type":"Polygon","arcs":[[5052]],"properties":{"anthrome":61}},{"type":"Polygon","arcs":[[5053,-5030]],"properties":{"anthrome":53}},{"type":"Polygon","arcs":[[5054,-4644,5055,5056,5057,5058,-4886,-5034,5059,5060,-4951,-4813,5061,5062,-4704,5063,5064],[-4707]],"properties":{"anthrome":61}},{"type":"Polygon","arcs":[[5065]],"properties":{"anthrome":61}},{"type":"Polygon","arcs":[[-4943,5066,5067]],"properties":{"anthrome":41}},{"type":"Polygon","arcs":[[-4987,5068,5069,-5067]],"properties":{"anthrome":42}},{"type":"Polygon","arcs":[[5070,-5069]],"properties":{"anthrome":53}},{"type":"Polygon","arcs":[[-4990,5071,5072,5073]],"properties":{"anthrome":62}},{"type":"Polygon","arcs":[[5074,5075]],"properties":{"anthrome":33}},{"type":"Polygon","arcs":[[5076,5077,5078,5079]],"properties":{"anthrome":53}},{"type":"Polygon","arcs":[[5080,5081,5082,-5078]],"properties":{"anthrome":43}},{"type":"Polygon","arcs":[[5083,5084,5085]],"properties":{"anthrome":43}},{"type":"Polygon","arcs":[[5086,5087,5088]],"properties":{"anthrome":61}},{"type":"Polygon","arcs":[[5089,5090]],"properties":{"anthrome":62}},{"type":"Polygon","arcs":[[5091,5092,5093]],"properties":{"anthrome":52}},{"type":"Polygon","arcs":[[5094,5095,5096,5097]],"properties":{"anthrome":54}},{"type":"Polygon","arcs":[[5098,5099,5100,-5096]],"properties":{"anthrome":62}},{"type":"Polygon","arcs":[[5101,5102,5103,5104]],"properties":{"anthrome":62}},{"type":"Polygon","arcs":[[-5000,5105,5106,5107]],"properties":{"anthrome":51}},{"type":"Polygon","arcs":[[5108]],"properties":{"anthrome":61}},{"type":"Polygon","arcs":[[-4964,5109,5110,5111]],"properties":{"anthrome":54}},{"type":"Polygon","arcs":[[-5052,5112,5113]],"properties":{"anthrome":61}},{"type":"Polygon","arcs":[[5114]],"properties":{"anthrome":53}},{"type":"Polygon","arcs":[[-4766,5115,5116,5117,5118,5119,5120,5121]],"properties":{"anthrome":53}},{"type":"Polygon","arcs":[[5122,5123,5124,5125]],"properties":{"anthrome":33}},{"type":"Polygon","arcs":[[5126,-3758,5127,-3705,5128,5129,-3898,5130,5131,-4169,5132,-4141,5133,-4112,-3903,-3744,5134,5135,5136,5137,5138,-4198,5139,5140,5141,-4378,5142,5143,5144,-5105,5145,-5100,5146,-5098,5147,5148,5149,5150,5151,5152,5153,5154,5155,5156,-4667,5157,5158,-3693,5159,-3689,5160,5161,-3686,5162,-3659,-3523,-3396],[-4110],[-4113],[-4166],[-4255],[-4221,5163,-4223,5164],[-4225],[-4256],[-4226],[-4306],[-4322],[-4408],[-4874,-4873,5165,-4876,5166]],"properties":{"anthrome":43}},{"type":"Polygon","arcs":[[5167,5168]],"properties":{"anthrome":62}},{"type":"Polygon","arcs":[[-5007,5169,5170,-5110]],"properties":{"anthrome":52}},{"type":"Polygon","arcs":[[5171,5172,5173,5174]],"properties":{"anthrome":54}},{"type":"Polygon","arcs":[[5175,5176]],"properties":{"anthrome":54}},{"type":"Polygon","arcs":[[5177]],"properties":{"anthrome":62}},{"type":"Polygon","arcs":[[5178]],"properties":{"anthrome":61}},{"type":"Polygon","arcs":[[5179,5180]],"properties":{"anthrome":61}},{"type":"Polygon","arcs":[[5181,5182]],"properties":{"anthrome":51}},{"type":"Polygon","arcs":[[-5044,5183,5184,5185]],"properties":{"anthrome":62}},{"type":"Polygon","arcs":[[5186,5187]],"properties":{"anthrome":33}},{"type":"Polygon","arcs":[[5188]],"properties":{"anthrome":33}},{"type":"Polygon","arcs":[[5189,5190,5191]],"properties":{"anthrome":32}},{"type":"Polygon","arcs":[[5192,5193]],"properties":{"anthrome":33}},{"type":"Polygon","arcs":[[-4994,5194,5195,5196]],"properties":{"anthrome":53}},{"type":"Polygon","arcs":[[-5088,5197,5198,5199]],"properties":{"anthrome":52}},{"type":"Polygon","arcs":[[-5093,5200,5201,5202]],"properties":{"anthrome":63}},{"type":"Polygon","arcs":[[5203,5204,5205,-5201]],"properties":{"anthrome":62}},{"type":"Polygon","arcs":[[5206,5207,5208,-5205]],"properties":{"anthrome":63}},{"type":"Polygon","arcs":[[5209]],"properties":{"anthrome":54}},{"type":"Polygon","arcs":[[5210,5211,-5149]],"properties":{"anthrome":62}},{"type":"Polygon","arcs":[[5212]],"properties":{"anthrome":52}},{"type":"Polygon","arcs":[[5213,5214]],"properties":{"anthrome":53}},{"type":"Polygon","arcs":[[5215,5216]],"properties":{"anthrome":53}},{"type":"Polygon","arcs":[[5217,-4702,5218,5219,-4882,5220,-4937,-5063,5221,5222,-4967,5223,5224,5225,5226]],"properties":{"anthrome":54}},{"type":"Polygon","arcs":[[5227,5228,5229,5230,-5046]],"properties":{"anthrome":54}},{"type":"Polygon","arcs":[[-4923,5231,5232,5233,5234,-5002,5235]],"properties":{"anthrome":53}},{"type":"Polygon","arcs":[[5236,5237,5238,-5124]],"properties":{"anthrome":61}},{"type":"Polygon","arcs":[[-5234,5239]],"properties":{"anthrome":61}},{"type":"Polygon","arcs":[[5240]],"properties":{"anthrome":61}},{"type":"Polygon","arcs":[[5241,5242,5243,5244,5245,-5173]],"properties":{"anthrome":62}},{"type":"Polygon","arcs":[[5246]],"properties":{"anthrome":61}},{"type":"Polygon","arcs":[[-5185,5247,5248]],"properties":{"anthrome":32}},{"type":"Polygon","arcs":[[5249,5250,5251,5252]],"properties":{"anthrome":52}},{"type":"Polygon","arcs":[[-5191,5253,5254,5255]],"properties":{"anthrome":31}},{"type":"Polygon","arcs":[[5256,5257,-5254]],"properties":{"anthrome":51}},{"type":"Polygon","arcs":[[5258]],"properties":{"anthrome":61}},{"type":"Polygon","arcs":[[5259]],"properties":{"anthrome":32}},{"type":"Polygon","arcs":[[5260,5261,5262]],"properties":{"anthrome":32}},{"type":"Polygon","arcs":[[5263,5264,5265,5266]],"properties":{"anthrome":32}},{"type":"Polygon","arcs":[[5267,5268,5269,-5265]],"properties":{"anthrome":33}},{"type":"Polygon","arcs":[[5270,5271]],"properties":{"anthrome":43}},{"type":"Polygon","arcs":[[5272]],"properties":{"anthrome":32}},{"type":"Polygon","arcs":[[5273,5274,5275,5276]],"properties":{"anthrome":42}},{"type":"Polygon","arcs":[[5277,5278,5279,-5275]],"properties":{"anthrome":33}},{"type":"Polygon","arcs":[[5280,5281]],"properties":{"anthrome":61}},{"type":"Polygon","arcs":[[5282,5283,5284]],"properties":{"anthrome":62}},{"type":"Polygon","arcs":[[5285]],"properties":{"anthrome":62}},{"type":"Polygon","arcs":[[5286]],"properties":{"anthrome":54}},{"type":"Polygon","arcs":[[5287]],"properties":{"anthrome":32}},{"type":"Polygon","arcs":[[5288,5289,5290,5291]],"properties":{"anthrome":53}},{"type":"Polygon","arcs":[[5292,-5040,-5181,5293,5294]],"properties":{"anthrome":52}},{"type":"Polygon","arcs":[[5295,5296,5297,5298]],"properties":{"anthrome":33}},{"type":"Polygon","arcs":[[5299,5300,5301,5302]],"properties":{"anthrome":61}},{"type":"Polygon","arcs":[[5303,5304,5305,5306]],"properties":{"anthrome":51}},{"type":"Polygon","arcs":[[5307,5308,5309,5310]],"properties":{"anthrome":51}},{"type":"Polygon","arcs":[[5311,5312,-5309,5313]],"properties":{"anthrome":54}},{"type":"Polygon","arcs":[[5314,5315,5316,5317]],"properties":{"anthrome":32}},{"type":"Polygon","arcs":[[5318,5319,5320,5321]],"properties":{"anthrome":42}},{"type":"Polygon","arcs":[[5322,5323]],"properties":{"anthrome":52}},{"type":"Polygon","arcs":[[5324,-5282,5325,5326]],"properties":{"anthrome":52}},{"type":"Polygon","arcs":[[-5155,5327,-4846,5328,-4805,5329]],"properties":{"anthrome":54}},{"type":"Polygon","arcs":[[5330]],"properties":{"anthrome":54}},{"type":"Polygon","arcs":[[5331,5332,5333,5334,5335]],"properties":{"anthrome":51}},{"type":"Polygon","arcs":[[5336]],"properties":{"anthrome":54}},{"type":"Polygon","arcs":[[5337]],"properties":{"anthrome":54}},{"type":"Polygon","arcs":[[5338,5339,5340]],"properties":{"anthrome":54}},{"type":"Polygon","arcs":[[5341,5342,5343,5344]],"properties":{"anthrome":61}},{"type":"Polygon","arcs":[[-5252,5345,5346]],"properties":{"anthrome":33}},{"type":"Polygon","arcs":[[-5258,5347,5348]],"properties":{"anthrome":33}},{"type":"Polygon","arcs":[[5349,5350,-5348]],"properties":{"anthrome":51}},{"type":"Polygon","arcs":[[5351,5352,5353]],"properties":{"anthrome":33}},{"type":"Polygon","arcs":[[5354,5355,5356,5357]],"properties":{"anthrome":32}},{"type":"Polygon","arcs":[[5358,5359,-5356]],"properties":{"anthrome":51}},{"type":"Polygon","arcs":[[5360]],"properties":{"anthrome":51}},{"type":"Polygon","arcs":[[5361,5362,5363]],"properties":{"anthrome":32}},{"type":"Polygon","arcs":[[5364,5365,5366,-5363]],"properties":{"anthrome":43}},{"type":"Polygon","arcs":[[5367,5368]],"properties":{"anthrome":32}},{"type":"Polygon","arcs":[[5369,5370,5371]],"properties":{"anthrome":63}},{"type":"Polygon","arcs":[[5372]],"properties":{"anthrome":62}},{"type":"Polygon","arcs":[[5373]],"properties":{"anthrome":54}},{"type":"Polygon","arcs":[[5374]],"properties":{"anthrome":54}},{"type":"Polygon","arcs":[[5375]],"properties":{"anthrome":51}},{"type":"Polygon","arcs":[[5376]],"properties":{"anthrome":52}},{"type":"Polygon","arcs":[[-5199,5377,5378]],"properties":{"anthrome":53}},{"type":"Polygon","arcs":[[5379,5380,5381,5382,5383,-5352]],"properties":{"anthrome":51}},{"type":"Polygon","arcs":[[5384,5385]],"properties":{"anthrome":54}},{"type":"Polygon","arcs":[[5386,-5369,5387,5388,5389,5390,5391,5392,5393,-5366]],"properties":{"anthrome":51}},{"type":"Polygon","arcs":[[5394,5395]],"properties":{"anthrome":51}},{"type":"Polygon","arcs":[[5396]],"properties":{"anthrome":54}},{"type":"Polygon","arcs":[[5397,5398,5399,5400]],"properties":{"anthrome":54}},{"type":"Polygon","arcs":[[5401,5402,5403,-5399]],"properties":{"anthrome":61}},{"type":"Polygon","arcs":[[5404,5405,5406]],"properties":{"anthrome":51}},{"type":"Polygon","arcs":[[5407]],"properties":{"anthrome":52}},{"type":"Polygon","arcs":[[5408,5409]],"properties":{"anthrome":12}},{"type":"Polygon","arcs":[[5410,5411]],"properties":{"anthrome":32}},{"type":"Polygon","arcs":[[5412,5413]],"properties":{"anthrome":33}},{"type":"Polygon","arcs":[[5414]],"properties":{"anthrome":51}},{"type":"Polygon","arcs":[[5415,5416,5417]],"properties":{"anthrome":62}},{"type":"Polygon","arcs":[[-5357,5418]],"properties":{"anthrome":51}},{"type":"Polygon","arcs":[[5419,-5393,5420,5421]],"properties":{"anthrome":52}},{"type":"Polygon","arcs":[[5422,5423,5424]],"properties":{"anthrome":53}},{"type":"Polygon","arcs":[[5425]],"properties":{"anthrome":32}},{"type":"Polygon","arcs":[[5426]],"properties":{"anthrome":53}},{"type":"Polygon","arcs":[[5427,5428,5429,5430,5431,-5333,5432]],"properties":{"anthrome":52}},{"type":"Polygon","arcs":[[5433,5434,-5298,5435,5436,5437,-5183,5438,5439,5440,5441,5442,-4897]],"properties":{"anthrome":54}},{"type":"Polygon","arcs":[[5443,-5080,5444,-5082,5445,-5086,5446,5447,5448,5449,5450,5451,-5319,5452,5453,5454,5455,-5075]],"properties":{"anthrome":52}},{"type":"Polygon","arcs":[[5456,5457,5458,5459,5460,-5244,5461]],"properties":{"anthrome":54}},{"type":"Polygon","arcs":[[5462,5463,5464]],"properties":{"anthrome":54}},{"type":"Polygon","arcs":[[5465,5466,5467,5468,-5430]],"properties":{"anthrome":51}},{"type":"Polygon","arcs":[[-5460,5469,5470,5471]],"properties":{"anthrome":61}},{"type":"Polygon","arcs":[[5472,5473,5474,5475]],"properties":{"anthrome":61}},{"type":"Polygon","arcs":[[5476,-5364,-5422,5477,5478,5479,-5317,5480]],"properties":{"anthrome":51}},{"type":"Polygon","arcs":[[5481,5482]],"properties":{"anthrome":62}},{"type":"Polygon","arcs":[[5483,5484,-5474]],"properties":{"anthrome":54}},{"type":"Polygon","arcs":[[5485,5486]],"properties":{"anthrome":32}},{"type":"Polygon","arcs":[[5487,5488,5489,5490]],"properties":{"anthrome":51}},{"type":"Polygon","arcs":[[5491,5492]],"properties":{"anthrome":42}},{"type":"Polygon","arcs":[[5493,5494,5495]],"properties":{"anthrome":53}},{"type":"Polygon","arcs":[[5496,5497,5498,5499]],"properties":{"anthrome":32}},{"type":"Polygon","arcs":[[5500,5501,5502]],"properties":{"anthrome":42}},{"type":"Polygon","arcs":[[5503,5504]],"properties":{"anthrome":32}},{"type":"Polygon","arcs":[[5505,5506]],"properties":{"anthrome":52}},{"type":"Polygon","arcs":[[5507]],"properties":{"anthrome":62}},{"type":"Polygon","arcs":[[5508]],"properties":{"anthrome":54}},{"type":"Polygon","arcs":[[5509]],"properties":{"anthrome":54}},{"type":"Polygon","arcs":[[5510,5511,5512]],"properties":{"anthrome":51}},{"type":"Polygon","arcs":[[5513,5514,5515]],"properties":{"anthrome":32}},{"type":"Polygon","arcs":[[-4949,5516,5517,5518,5519,-5224]],"properties":{"anthrome":53}},{"type":"Polygon","arcs":[[5520,-5442,5521,-5487,5522,5523,5524,5525,-5405,5526,5527,5528]],"properties":{"anthrome":52}},{"type":"Polygon","arcs":[[5529,-5358,5530,5531,5532,5533,5534,5535]],"properties":{"anthrome":51}},{"type":"Polygon","arcs":[[5536,-5194,-5267,5537,5538,-5503,5539,-5498,5540,5541,5542,5543,-5531,-5419,-5360,-5262,5544,5545,-5312],[-5361]],"properties":{"anthrome":52}},{"type":"Polygon","arcs":[[5546]],"properties":{"anthrome":54}},{"type":"Polygon","arcs":[[-5382,5547,5548,5549]],"properties":{"anthrome":33}},{"type":"Polygon","arcs":[[5550,-5534,5551,5552,5553,5554,5555]],"properties":{"anthrome":32}},{"type":"Polygon","arcs":[[5556]],"properties":{"anthrome":54}},{"type":"Polygon","arcs":[[5557,5558]],"properties":{"anthrome":51}},{"type":"Polygon","arcs":[[5559,5560]],"properties":{"anthrome":61}},{"type":"Polygon","arcs":[[5561,5562,5563,5564]],"properties":{"anthrome":61}},{"type":"Polygon","arcs":[[5565,5566,5567,-5563]],"properties":{"anthrome":54}},{"type":"Polygon","arcs":[[5568,5569,5570,-5524]],"properties":{"anthrome":54}},{"type":"Polygon","arcs":[[5571,5572,-5570]],"properties":{"anthrome":32}},{"type":"Polygon","arcs":[[-5490,5573,5574]],"properties":{"anthrome":61}},{"type":"Polygon","arcs":[[5575,5576,5577,5578]],"properties":{"anthrome":51}},{"type":"Polygon","arcs":[[5579,5580,5581]],"properties":{"anthrome":51}},{"type":"Polygon","arcs":[[5582]],"properties":{"anthrome":61}},{"type":"Polygon","arcs":[[5583,5584,5585]],"properties":{"anthrome":43}},{"type":"Polygon","arcs":[[5586,5587,5588,-5585]],"properties":{"anthrome":33}},{"type":"Polygon","arcs":[[-5533,5589]],"properties":{"anthrome":52}},{"type":"Polygon","arcs":[[5590]],"properties":{"anthrome":62}},{"type":"Polygon","arcs":[[5591,5592,5593]],"properties":{"anthrome":32}},{"type":"Polygon","arcs":[[5594,5595,5596]],"properties":{"anthrome":32}},{"type":"Polygon","arcs":[[5597,5598]],"properties":{"anthrome":51}},{"type":"Polygon","arcs":[[5599,5600,5601,5602]],"properties":{"anthrome":52}},{"type":"Polygon","arcs":[[5603]],"properties":{"anthrome":54}},{"type":"Polygon","arcs":[[5604,5605,5606,5607,5608]],"properties":{"anthrome":52}},{"type":"Polygon","arcs":[[-5552,-5590,5609,5610,5611]],"properties":{"anthrome":51}},{"type":"Polygon","arcs":[[5612,5613,5614]],"properties":{"anthrome":32}},{"type":"Polygon","arcs":[[5615,5616,5617]],"properties":{"anthrome":61}},{"type":"Polygon","arcs":[[-5571,5618,5619]],"properties":{"anthrome":32}},{"type":"Polygon","arcs":[[5620,5621,-5607]],"properties":{"anthrome":54}},{"type":"Polygon","arcs":[[-5581,5622,5623]],"properties":{"anthrome":61}},{"type":"Polygon","arcs":[[5624,5625,-5623]],"properties":{"anthrome":42}},{"type":"Polygon","arcs":[[5626,5627]],"properties":{"anthrome":51}},{"type":"Polygon","arcs":[[5628,5629,5630,5631]],"properties":{"anthrome":42}},{"type":"Polygon","arcs":[[-5554,5632,5633,5634]],"properties":{"anthrome":42}},{"type":"Polygon","arcs":[[5635,5636,5637,-5610]],"properties":{"anthrome":32}},{"type":"Polygon","arcs":[[-5602,5638,5639]],"properties":{"anthrome":53}},{"type":"Polygon","arcs":[[5640]],"properties":{"anthrome":32}},{"type":"Polygon","arcs":[[5641,5642,5643]],"properties":{"anthrome":51}},{"type":"Polygon","arcs":[[5644,5645]],"properties":{"anthrome":61}},{"type":"Polygon","arcs":[[5646,-5048,-5187,5647,-5605,5648,5649,5650,5651,5652,5653,-5250,-5168,-4977]],"properties":{"anthrome":54}},{"type":"Polygon","arcs":[[5654,5655,-5493,5656,5657,5658,5659,-5625,-5580,5660,-5413]],"properties":{"anthrome":54}},{"type":"Polygon","arcs":[[5661,-5458,5662,5663,5664,-5471]],"properties":{"anthrome":53}},{"type":"Polygon","arcs":[[5665,5666,5667]],"properties":{"anthrome":54}},{"type":"Polygon","arcs":[[5668,5669,5670]],"properties":{"anthrome":33}},{"type":"Polygon","arcs":[[5671,-2601,5672,-2698,5673,-2781,5674,-2848,5675,-3588,-3587,-3586,5676,-3887,-3886,5677,-3584,5678,-3841,5679,5680,5681,5682,5683,5684,5685,-5386,5686,-5496,5687,5688,5689,5690,-5658,5691,5692,-5305,5693,-5071,5694,-4947,5695,5696,5697,-4623,-4630,-4717,5698,-4802,-4833,5699,5700,-5045,5701,-5437,5702,-5296,5703,5704,5705,-4552,5706,-4395,5707,-4393,5708,-4388,5709,-4301,-4264,-4242,-4241,5710,-4205,-4132,-3880,5711,-3827,5712,-3330,5713,-3174,5714,-3025,-3024,5715,-2972,5716,-3028,5717,5718,5719,-2900,5720,-2677,5721,-2547,5722,5723,-2269,5724,-2136,-2225,5725,-2330,5726,5727,-2190,5728,5729,5730,5731,-1692,5732,-2170,5733,-1690],[-2226],[-2778],[-3029],[-3072],[-3100],[-3473,-3474],[-3475],[-3177],[-3426,-3425],[-3427,-3428],[-3507,-3506],[-3818],[5734,-4093,-4095,5735,-4126,-4125,5736,-3724],[5737,-3884,5738,-3838],[-3881],[-4092],[-4270,-4269],[-4098,-4161,5739,5740],[-4102],[-4195],[-4158],[-4159],[-4162],[-4207],[5741,5742,-4654,5743,-4719,5744,-4657],[-4303],[-4304],[-4330],[-4331],[-4332],[-4336,5745,-4338,5746],[-4442],[-4371],[-4397],[-4398,-4399],[-4400],[-4557,5747,-4559,5748],[-4617,5749,-4562,5750],[5751,-4648,5752,-4618,-4622],[-4712],[-4713],[-4757,-4756],[-4758],[-4865],[-4912],[-5415]],"properties":{"anthrome":52}},{"type":"Polygon","arcs":[[5753,5754,5755]],"properties":{"anthrome":61}},{"type":"Polygon","arcs":[[5756,-5644,5757,5758,-5754]],"properties":{"anthrome":32}},{"type":"Polygon","arcs":[[5759,5760,-5664]],"properties":{"anthrome":61}},{"type":"Polygon","arcs":[[5761,5762,5763,-5760]],"properties":{"anthrome":53}},{"type":"Polygon","arcs":[[5764,5765,5766]],"properties":{"anthrome":61}},{"type":"Polygon","arcs":[[5767]],"properties":{"anthrome":53}},{"type":"Polygon","arcs":[[5768]],"properties":{"anthrome":52}},{"type":"Polygon","arcs":[[5769,5770]],"properties":{"anthrome":54}},{"type":"Polygon","arcs":[[-5651,5771]],"properties":{"anthrome":33}},{"type":"Polygon","arcs":[[5772,5773,5774]],"properties":{"anthrome":61}},{"type":"Polygon","arcs":[[5775,5776]],"properties":{"anthrome":42}},{"type":"Polygon","arcs":[[-5631,5777,5778,5779]],"properties":{"anthrome":32}},{"type":"Polygon","arcs":[[5780]],"properties":{"anthrome":32}},{"type":"Polygon","arcs":[[5781]],"properties":{"anthrome":32}},{"type":"Polygon","arcs":[[5782]],"properties":{"anthrome":52}},{"type":"Polygon","arcs":[[5783,5784]],"properties":{"anthrome":62}},{"type":"Polygon","arcs":[[5785]],"properties":{"anthrome":63}},{"type":"Polygon","arcs":[[5786]],"properties":{"anthrome":63}},{"type":"Polygon","arcs":[[5787]],"properties":{"anthrome":62}},{"type":"Polygon","arcs":[[5788,5789]],"properties":{"anthrome":62}},{"type":"Polygon","arcs":[[5790,5791]],"properties":{"anthrome":32}},{"type":"Polygon","arcs":[[5792,5793]],"properties":{"anthrome":51}},{"type":"Polygon","arcs":[[-4234,-4189,-4191,-4260,-4777,5794,-4935,-4236,5795,-4381,5796,5797,-5031,5798,-5302,-5472,5799,5800,-5561,-5618,5801,5802,-4808,5803,-4277,-4179,-4498,5804,-3412,5805,5806,5807,-3479,5808,-4493,-4492],[-3718],[-4085],[-4086],[-4202],[-5053],[-5241]],"properties":{"anthrome":53}},{"type":"Polygon","arcs":[[5809,5810,5811,5812,-5762,-5663]],"properties":{"anthrome":54}},{"type":"Polygon","arcs":[[5813,5814,5815]],"properties":{"anthrome":52}},{"type":"Polygon","arcs":[[-5515,5816,5817,5818,-5791,5819,5820,-5596]],"properties":{"anthrome":51}},{"type":"Polygon","arcs":[[5821,-5815]],"properties":{"anthrome":53}},{"type":"Polygon","arcs":[[5822,5823,5824,5825,5826]],"properties":{"anthrome":52}},{"type":"Polygon","arcs":[[5827,5828,5829]],"properties":{"anthrome":53}},{"type":"Polygon","arcs":[[5830]],"properties":{"anthrome":62}},{"type":"Polygon","arcs":[[-5761,5831,5832]],"properties":{"anthrome":53}},{"type":"Polygon","arcs":[[-5764,5833,5834,-5832]],"properties":{"anthrome":61}},{"type":"Polygon","arcs":[[5835]],"properties":{"anthrome":61}},{"type":"Polygon","arcs":[[-5667,5836,5837,5838]],"properties":{"anthrome":61}},{"type":"Polygon","arcs":[[5839,5840,5841]],"properties":{"anthrome":54}},{"type":"Polygon","arcs":[[5842]],"properties":{"anthrome":62}},{"type":"Polygon","arcs":[[5843,5844]],"properties":{"anthrome":62}},{"type":"Polygon","arcs":[[5845]],"properties":{"anthrome":52}},{"type":"Polygon","arcs":[[-5770,5846]],"properties":{"anthrome":32}},{"type":"Polygon","arcs":[[5847]],"properties":{"anthrome":32}},{"type":"Polygon","arcs":[[5848,5849,5850]],"properties":{"anthrome":61}},{"type":"Polygon","arcs":[[5851,5852,-5849]],"properties":{"anthrome":32}},{"type":"Polygon","arcs":[[5853]],"properties":{"anthrome":62}},{"type":"Polygon","arcs":[[5854]],"properties":{"anthrome":54}},{"type":"Polygon","arcs":[[5855,5856,5857]],"properties":{"anthrome":32}},{"type":"Polygon","arcs":[[5858,5859,-4760,-4836,-4905,-5126,5860,-5238,-5354,5861,5862,-5549,-5671,5863,5864,5865,5866,5867,-5488,-5409,5868,-5350,-5257,-5190,5869,-5228,-4979,-4901,5870,5871]],"properties":{"anthrome":52}},{"type":"Polygon","arcs":[[5872,5873,5874,5875,5876,5877,5878,5879],[-4997],[-5557]],"properties":{"anthrome":62}},{"type":"Polygon","arcs":[[5880,5881]],"properties":{"anthrome":42}},{"type":"Polygon","arcs":[[-5790,5882,5883,5884,5885]],"properties":{"anthrome":54}},{"type":"Polygon","arcs":[[5886,5887]],"properties":{"anthrome":52}},{"type":"Polygon","arcs":[[5888]],"properties":{"anthrome":54}},{"type":"Polygon","arcs":[[5889,5890,5891,5892]],"properties":{"anthrome":62}},{"type":"Polygon","arcs":[[5893,5894,5895,5896]],"properties":{"anthrome":54}},{"type":"Polygon","arcs":[[-5822,5897]],"properties":{"anthrome":61}},{"type":"Polygon","arcs":[[5898]],"properties":{"anthrome":52}},{"type":"Polygon","arcs":[[5899,5900,5901,5902]],"properties":{"anthrome":51}},{"type":"Polygon","arcs":[[5903,-5865]],"properties":{"anthrome":32}},{"type":"Polygon","arcs":[[5904,5905]],"properties":{"anthrome":54}},{"type":"Polygon","arcs":[[-5688,5906,-5777,5907,5908,5909,5910,-5627,5911]],"properties":{"anthrome":54}},{"type":"Polygon","arcs":[[-5826,5912,5913,5914]],"properties":{"anthrome":41}},{"type":"Polygon","arcs":[[5915,5916]],"properties":{"anthrome":32}},{"type":"Polygon","arcs":[[5917]],"properties":{"anthrome":32}},{"type":"Polygon","arcs":[[5918]],"properties":{"anthrome":32}},{"type":"Polygon","arcs":[[5919]],"properties":{"anthrome":62}},{"type":"Polygon","arcs":[[5920,5921]],"properties":{"anthrome":51}},{"type":"Polygon","arcs":[[5922,5923,-5897,5924,5925]],"properties":{"anthrome":61}},{"type":"Polygon","arcs":[[5926,-5518,5927,-5475,5928,5929,5930,5931,5932,5933,5934],[-5836]],"properties":{"anthrome":54}},{"type":"Polygon","arcs":[[-5835,5935,5936]],"properties":{"anthrome":53}},{"type":"Polygon","arcs":[[5937,5938]],"properties":{"anthrome":32}},{"type":"Polygon","arcs":[[5939,5940,5941,5942]],"properties":{"anthrome":52}},{"type":"Polygon","arcs":[[5943,-5903,5944,5945,5946,-5940]],"properties":{"anthrome":54}},{"type":"Polygon","arcs":[[5947,5948,5949]],"properties":{"anthrome":51}},{"type":"Polygon","arcs":[[5950,5951,5952]],"properties":{"anthrome":62}},{"type":"Polygon","arcs":[[5953,5954,5955]],"properties":{"anthrome":54}},{"type":"Polygon","arcs":[[5956]],"properties":{"anthrome":54}},{"type":"Polygon","arcs":[[-5933,5957]],"properties":{"anthrome":53}},{"type":"Polygon","arcs":[[5958]],"properties":{"anthrome":62}},{"type":"Polygon","arcs":[[-5942,5959]],"properties":{"anthrome":32}},{"type":"Polygon","arcs":[[5960,5961,5962,5963]],"properties":{"anthrome":32}},{"type":"Polygon","arcs":[[-5659,5964,-5905,5965]],"properties":{"anthrome":42}},{"type":"Polygon","arcs":[[5966,5967,5968]],"properties":{"anthrome":32}},{"type":"Polygon","arcs":[[5969]],"properties":{"anthrome":33}},{"type":"Polygon","arcs":[[5970,5971,5972,5973]],"properties":{"anthrome":32}},{"type":"Polygon","arcs":[[5974,5975,5976,5977]],"properties":{"anthrome":32}},{"type":"Polygon","arcs":[[5978,5979,5980,5981]],"properties":{"anthrome":32}},{"type":"Polygon","arcs":[[5982,5983,5984,-5980]],"properties":{"anthrome":51}},{"type":"Polygon","arcs":[[5985,5986,-5984]],"properties":{"anthrome":52}},{"type":"Polygon","arcs":[[5987,5988]],"properties":{"anthrome":61}},{"type":"Polygon","arcs":[[5989,5990]],"properties":{"anthrome":61}},{"type":"Polygon","arcs":[[-5887,5991,5992]],"properties":{"anthrome":61}},{"type":"Polygon","arcs":[[5993,5994,5995,-5691]],"properties":{"anthrome":54}},{"type":"Polygon","arcs":[[-5812,5996,5997,5998,5999,6000,-5936]],"properties":{"anthrome":61}},{"type":"Polygon","arcs":[[6001,6002,6003,6004,-5895]],"properties":{"anthrome":53}},{"type":"Polygon","arcs":[[-5958,6005]],"properties":{"anthrome":54}},{"type":"Polygon","arcs":[[6006,6007,6008,6009,-5946]],"properties":{"anthrome":52}},{"type":"Polygon","arcs":[[6010,6011,6012]],"properties":{"anthrome":41}},{"type":"Polygon","arcs":[[6013,-5969,6014,6015,6016]],"properties":{"anthrome":52}},{"type":"Polygon","arcs":[[6017,6018,6019,6020]],"properties":{"anthrome":32}},{"type":"Polygon","arcs":[[6021,6022,6023,6024]],"properties":{"anthrome":54}},{"type":"Polygon","arcs":[[-5952,6025,6026]],"properties":{"anthrome":54}},{"type":"Polygon","arcs":[[6027,6028,6029,-6026]],"properties":{"anthrome":53}},{"type":"Polygon","arcs":[[-6001,6030,6031]],"properties":{"anthrome":53}},{"type":"Polygon","arcs":[[6032,6033,6034]],"properties":{"anthrome":61}},{"type":"Polygon","arcs":[[6035,-6003]],"properties":{"anthrome":54}},{"type":"Polygon","arcs":[[6036]],"properties":{"anthrome":61}},{"type":"Polygon","arcs":[[6037]],"properties":{"anthrome":62}},{"type":"Polygon","arcs":[[6038,6039]],"properties":{"anthrome":52}},{"type":"Polygon","arcs":[[6040,6041]],"properties":{"anthrome":62}},{"type":"Polygon","arcs":[[6042,6043]],"properties":{"anthrome":62}},{"type":"Polygon","arcs":[[-5947,6044,6045]],"properties":{"anthrome":52}},{"type":"Polygon","arcs":[[-6010,6046,-6045]],"properties":{"anthrome":33}},{"type":"Polygon","arcs":[[6047,6048,6049,6050]],"properties":{"anthrome":54}},{"type":"Polygon","arcs":[[6051,6052,-6049]],"properties":{"anthrome":61}},{"type":"Polygon","arcs":[[6053,6054]],"properties":{"anthrome":33}},{"type":"Polygon","arcs":[[6055,6056]],"properties":{"anthrome":42}},{"type":"Polygon","arcs":[[6057]],"properties":{"anthrome":54}},{"type":"Polygon","arcs":[[6058,6059]],"properties":{"anthrome":54}},{"type":"Polygon","arcs":[[6060,6061,6062]],"properties":{"anthrome":32}},{"type":"Polygon","arcs":[[6063,6064,-6015]],"properties":{"anthrome":32}},{"type":"Polygon","arcs":[[6065,6066,6067]],"properties":{"anthrome":32}},{"type":"Polygon","arcs":[[6068,6069,-6018]],"properties":{"anthrome":51}},{"type":"Polygon","arcs":[[6070,-6069]],"properties":{"anthrome":61}},{"type":"Polygon","arcs":[[6071,6072]],"properties":{"anthrome":62}},{"type":"Polygon","arcs":[[6073]],"properties":{"anthrome":62}},{"type":"Polygon","arcs":[[6074,6075,6076,6077]],"properties":{"anthrome":62}},{"type":"Polygon","arcs":[[6078]],"properties":{"anthrome":54}},{"type":"Polygon","arcs":[[6079,6080,6081,6082]],"properties":{"anthrome":63}},{"type":"Polygon","arcs":[[6083,6084]],"properties":{"anthrome":32}},{"type":"Polygon","arcs":[[-5987,6085,6086,6087]],"properties":{"anthrome":51}},{"type":"Polygon","arcs":[[6088,6089,6090,-5840,6091,-5926,6092,6093,6094,-6035,6095,6096,6097,6098,6099,6100,6101,6102,6103,-5403],[-5565,6104,-5567,6105]],"properties":{"anthrome":53}},{"type":"Polygon","arcs":[[6106,6107,6108,6109,6110,6111,6112]],"properties":{"anthrome":42}},{"type":"Polygon","arcs":[[6113,-6044,6114,6115,6116]],"properties":{"anthrome":32}},{"type":"Polygon","arcs":[[6117,-5911,6118,6119,6120,6121,6122,-5995]],"properties":{"anthrome":42}},{"type":"Polygon","arcs":[[6123,-6098,6124,6125]],"properties":{"anthrome":62}},{"type":"Polygon","arcs":[[6126,6127,6128]],"properties":{"anthrome":61}},{"type":"Polygon","arcs":[[6129,6130,6131,6132]],"properties":{"anthrome":32}},{"type":"Polygon","arcs":[[6133]],"properties":{"anthrome":54}},{"type":"Polygon","arcs":[[6134,6135]],"properties":{"anthrome":32}},{"type":"Polygon","arcs":[[6136]],"properties":{"anthrome":42}},{"type":"Polygon","arcs":[[6137,6138]],"properties":{"anthrome":62}},{"type":"Polygon","arcs":[[6139,-6111]],"properties":{"anthrome":33}},{"type":"Polygon","arcs":[[6140,6141,6142]],"properties":{"anthrome":43}},{"type":"Polygon","arcs":[[6143,6144,6145,-6142]],"properties":{"anthrome":42}},{"type":"Polygon","arcs":[[6146,6147,-6145]],"properties":{"anthrome":43}},{"type":"Polygon","arcs":[[-6059,6148,6149]],"properties":{"anthrome":32}},{"type":"Polygon","arcs":[[6150,6151,6152,6153]],"properties":{"anthrome":33}},{"type":"Polygon","arcs":[[6154,6155,-6152]],"properties":{"anthrome":32}},{"type":"Polygon","arcs":[[-6065,6156]],"properties":{"anthrome":54}},{"type":"Polygon","arcs":[[6157,6158,6159]],"properties":{"anthrome":33}},{"type":"Polygon","arcs":[[6160,6161,6162,6163]],"properties":{"anthrome":32}},{"type":"Polygon","arcs":[[6164,6165,6166,-6162]],"properties":{"anthrome":42}},{"type":"Polygon","arcs":[[6167,6168,6169,6170]],"properties":{"anthrome":52}},{"type":"Polygon","arcs":[[6171,6172,6173,-6169]],"properties":{"anthrome":33}},{"type":"Polygon","arcs":[[6174]],"properties":{"anthrome":51}},{"type":"Polygon","arcs":[[-6077,6175,6176,6177]],"properties":{"anthrome":32}},{"type":"Polygon","arcs":[[6178]],"properties":{"anthrome":32}},{"type":"Polygon","arcs":[[6179]],"properties":{"anthrome":62}},{"type":"Polygon","arcs":[[6180]],"properties":{"anthrome":54}},{"type":"Polygon","arcs":[[6181]],"properties":{"anthrome":32}},{"type":"Polygon","arcs":[[6182,6183,6184,6185]],"properties":{"anthrome":32}},{"type":"Polygon","arcs":[[6186,6187,-6184]],"properties":{"anthrome":61}},{"type":"Polygon","arcs":[[6188]],"properties":{"anthrome":51}},{"type":"Polygon","arcs":[[6189,6190,6191]],"properties":{"anthrome":54}},{"type":"Polygon","arcs":[[6192,6193,6194,-6190]],"properties":{"anthrome":52}},{"type":"Polygon","arcs":[[6195,-5615,-5886,6196,-6085,6197,6198,6199,6200,6201,6202]],"properties":{"anthrome":51}},{"type":"Polygon","arcs":[[-6199,6203,6204]],"properties":{"anthrome":32}},{"type":"Polygon","arcs":[[-5982,6205,-6088,6206,-6186,6207,6208,6209,6210,-5976]],"properties":{"anthrome":52}},{"type":"Polygon","arcs":[[6211,6212,6213,-6193,6214]],"properties":{"anthrome":51}},{"type":"Polygon","arcs":[[-6030,6215]],"properties":{"anthrome":62}},{"type":"Polygon","arcs":[[-6123,6216,6217]],"properties":{"anthrome":43}},{"type":"Polygon","arcs":[[6218,6219,6220]],"properties":{"anthrome":54}},{"type":"Polygon","arcs":[[6221,6222,6223]],"properties":{"anthrome":52}},{"type":"Polygon","arcs":[[6224]],"properties":{"anthrome":51}},{"type":"Polygon","arcs":[[6225,6226,6227]],"properties":{"anthrome":61}},{"type":"Polygon","arcs":[[6228]],"properties":{"anthrome":54}},{"type":"Polygon","arcs":[[-6132,6229]],"properties":{"anthrome":61}},{"type":"Polygon","arcs":[[6230]],"properties":{"anthrome":62}},{"type":"Polygon","arcs":[[6231,6232,6233,6234]],"properties":{"anthrome":42}},{"type":"Polygon","arcs":[[6235,6236,6237,-6233]],"properties":{"anthrome":43}},{"type":"Polygon","arcs":[[6238,6239,6240,6241]],"properties":{"anthrome":61}},{"type":"Polygon","arcs":[[6242,6243,6244,-6240]],"properties":{"anthrome":33}},{"type":"Polygon","arcs":[[-6110,6245]],"properties":{"anthrome":43}},{"type":"Polygon","arcs":[[6246,6247,-5073,6248,6249,-5418,6250,-5556,6251,-5914,6252,6253,6254,-6148,6255,-6056,6256,6257,-5881,6258,-5588,6259,-5684],[-5260],[6260,-5779,6261,-5629]],"properties":{"anthrome":54}},{"type":"Polygon","arcs":[[-6060,-6219,-6221,6262,-6253,6263,6264],[-6058]],"properties":{"anthrome":52}},{"type":"Polygon","arcs":[[6265,6266,6267]],"properties":{"anthrome":43}},{"type":"Polygon","arcs":[[6268]],"properties":{"anthrome":52}},{"type":"Polygon","arcs":[[6269]],"properties":{"anthrome":33}},{"type":"Polygon","arcs":[[6270,6271,6272,6273]],"properties":{"anthrome":41}},{"type":"Polygon","arcs":[[6274,6275,6276,-6272]],"properties":{"anthrome":54}},{"type":"Polygon","arcs":[[6277,6278,6279,6280]],"properties":{"anthrome":33}},{"type":"Polygon","arcs":[[6281]],"properties":{"anthrome":63}},{"type":"Polygon","arcs":[[6282,6283,6284]],"properties":{"anthrome":63}},{"type":"Polygon","arcs":[[6285,6286,-6284]],"properties":{"anthrome":62}},{"type":"Polygon","arcs":[[6287,6288]],"properties":{"anthrome":63}},{"type":"Polygon","arcs":[[6289,6290,6291,6292]],"properties":{"anthrome":51}},{"type":"Polygon","arcs":[[6293]],"properties":{"anthrome":32}},{"type":"Polygon","arcs":[[6294,6295,6296]],"properties":{"anthrome":32}},{"type":"Polygon","arcs":[[-6195,6297,6298,6299]],"properties":{"anthrome":54}},{"type":"Polygon","arcs":[[-6129,6300,6301]],"properties":{"anthrome":53}},{"type":"Polygon","arcs":[[6302,-6036,6303]],"properties":{"anthrome":62}},{"type":"Polygon","arcs":[[-5973,6304,-6024,6305,-6210,6306,6307,6308,6309,6310,6311,6312,6313,-6084],[-6294]],"properties":{"anthrome":51}},{"type":"Polygon","arcs":[[6314,6315]],"properties":{"anthrome":53}},{"type":"Polygon","arcs":[[6316,6317]],"properties":{"anthrome":32}},{"type":"Polygon","arcs":[[6318]],"properties":{"anthrome":54}},{"type":"Polygon","arcs":[[6319,6320,6321,6322,-6308]],"properties":{"anthrome":32}},{"type":"Polygon","arcs":[[6323,6324]],"properties":{"anthrome":33}},{"type":"Polygon","arcs":[[6325,6326,6327]],"properties":{"anthrome":62}},{"type":"Polygon","arcs":[[6328,6329,6330,6331]],"properties":{"anthrome":41}},{"type":"Polygon","arcs":[[6332,6333,6334,-6330]],"properties":{"anthrome":33}},{"type":"Polygon","arcs":[[-6277,6335,6336,6337]],"properties":{"anthrome":41}},{"type":"Polygon","arcs":[[6338,6339]],"properties":{"anthrome":63}},{"type":"Polygon","arcs":[[6340,6341,6342,6343]],"properties":{"anthrome":63}},{"type":"Polygon","arcs":[[6344]],"properties":{"anthrome":62}},{"type":"Polygon","arcs":[[6345,6346,6347,6348]],"properties":{"anthrome":63}},{"type":"Polygon","arcs":[[6349,6350,6351]],"properties":{"anthrome":54}},{"type":"Polygon","arcs":[[6352]],"properties":{"anthrome":51}},{"type":"Polygon","arcs":[[6353,-6322,6354,-6310]],"properties":{"anthrome":52}},{"type":"Polygon","arcs":[[6355,6356]],"properties":{"anthrome":32}},{"type":"Polygon","arcs":[[6357,6358,6359]],"properties":{"anthrome":61}},{"type":"Polygon","arcs":[[6360,6361,6362,6363]],"properties":{"anthrome":32}},{"type":"Polygon","arcs":[[6364,-6362]],"properties":{"anthrome":62}},{"type":"Polygon","arcs":[[-6268,6365,6366]],"properties":{"anthrome":52}},{"type":"Polygon","arcs":[[6367,-6157,6368,-6329,6369,6370]],"properties":{"anthrome":32}},{"type":"Polygon","arcs":[[6371]],"properties":{"anthrome":62}},{"type":"Polygon","arcs":[[6372,6373,6374]],"properties":{"anthrome":42}},{"type":"Polygon","arcs":[[6375,-6338,6376,6377,6378,6379]],"properties":{"anthrome":32}},{"type":"Polygon","arcs":[[6380,-6285,6381]],"properties":{"anthrome":62}},{"type":"Polygon","arcs":[[-5151,-5150,6382,6383,6384,-6349,6385,6386,6387,6388,6389,6390,6391,-6083,6392,6393,6394,-5329,-4850,6395],[-5210],[-5287],[-5331],[-5374],[-5375],[-5509],[-5510],[-5855],[-6079],[-6181]],"properties":{"anthrome":62}},{"type":"Polygon","arcs":[[-6204,6396,6397,6398,6399,6400]],"properties":{"anthrome":51}},{"type":"Polygon","arcs":[[-6313,6401,6402,6403,6404,6405,6406]],"properties":{"anthrome":52}},{"type":"Polygon","arcs":[[6407]],"properties":{"anthrome":51}},{"type":"Polygon","arcs":[[-5112,-5215,6408,-5396,6409,-6215,-6192,6410,6411,6412,-5948,-5793,6413,-5558,6414,-5233],[-6225]],"properties":{"anthrome":52}},{"type":"Polygon","arcs":[[6415,6416]],"properties":{"anthrome":62}},{"type":"Polygon","arcs":[[6417,6418,6419]],"properties":{"anthrome":53}},{"type":"Polygon","arcs":[[-6327,6420,6421]],"properties":{"anthrome":54}},{"type":"Polygon","arcs":[[6422,6423,6424]],"properties":{"anthrome":32}},{"type":"Polygon","arcs":[[6425,6426,6427,-6378]],"properties":{"anthrome":54}},{"type":"Polygon","arcs":[[6428]],"properties":{"anthrome":54}},{"type":"Polygon","arcs":[[6429,6430,6431]],"properties":{"anthrome":42}},{"type":"Polygon","arcs":[[6432,6433,6434,-6431]],"properties":{"anthrome":43}},{"type":"Polygon","arcs":[[6435,6436,6437]],"properties":{"anthrome":43}},{"type":"Polygon","arcs":[[6438]],"properties":{"anthrome":63}},{"type":"Polygon","arcs":[[6439,6440,6441]],"properties":{"anthrome":62}},{"type":"Polygon","arcs":[[6442,6443,-6441]],"properties":{"anthrome":63}},{"type":"Polygon","arcs":[[6444,6445,6446,6447]],"properties":{"anthrome":63}},{"type":"Polygon","arcs":[[6448,6449]],"properties":{"anthrome":51}},{"type":"Polygon","arcs":[[6450,6451,6452,-6397,-6198]],"properties":{"anthrome":32}},{"type":"Polygon","arcs":[[-6404,6453,6454]],"properties":{"anthrome":32}},{"type":"Polygon","arcs":[[6455,6456,6457]],"properties":{"anthrome":52}},{"type":"Polygon","arcs":[[6458,6459,-6457]],"properties":{"anthrome":32}},{"type":"Polygon","arcs":[[6460,6461]],"properties":{"anthrome":53}},{"type":"Polygon","arcs":[[6462,6463,6464,6465,6466,6467]],"properties":{"anthrome":32}},{"type":"Polygon","arcs":[[6468,-6325,6469,6470,6471]],"properties":{"anthrome":42}},{"type":"Polygon","arcs":[[6472,6473,6474]],"properties":{"anthrome":62}},{"type":"Polygon","arcs":[[6475,6476,6477,-6471]],"properties":{"anthrome":51}},{"type":"Polygon","arcs":[[6478,6479,-6477]],"properties":{"anthrome":42}},{"type":"Polygon","arcs":[[6480,6481,6482,-6432,6483,6484,6485]],"properties":{"anthrome":54}},{"type":"Polygon","arcs":[[6486,6487,6488,6489]],"properties":{"anthrome":62}},{"type":"Polygon","arcs":[[6490]],"properties":{"anthrome":62}},{"type":"Polygon","arcs":[[6491,6492,6493]],"properties":{"anthrome":62}},{"type":"Polygon","arcs":[[6494]],"properties":{"anthrome":62}},{"type":"Polygon","arcs":[[-6474,6495]],"properties":{"anthrome":54}},{"type":"Polygon","arcs":[[6496]],"properties":{"anthrome":33}},{"type":"Polygon","arcs":[[6497,6498]],"properties":{"anthrome":51}},{"type":"Polygon","arcs":[[-6424,6499,6500,6501]],"properties":{"anthrome":52}},{"type":"Polygon","arcs":[[6502,-6500]],"properties":{"anthrome":32}},{"type":"Polygon","arcs":[[6503,6504]],"properties":{"anthrome":54}},{"type":"Polygon","arcs":[[-6486,6505,6506]],"properties":{"anthrome":33}},{"type":"Polygon","arcs":[[6507,6508]],"properties":{"anthrome":62}},{"type":"Polygon","arcs":[[-6447,6509,6510,6511]],"properties":{"anthrome":62}},{"type":"Polygon","arcs":[[6512]],"properties":{"anthrome":62}},{"type":"Polygon","arcs":[[6513,6514,6515,6516]],"properties":{"anthrome":51}},{"type":"Polygon","arcs":[[6517,-6458,6518,-6403,6519]],"properties":{"anthrome":32}},{"type":"Polygon","arcs":[[6520,6521,6522]],"properties":{"anthrome":61}},{"type":"Polygon","arcs":[[6523,-6466,6524,6525]],"properties":{"anthrome":54}},{"type":"Polygon","arcs":[[6526]],"properties":{"anthrome":62}},{"type":"Polygon","arcs":[[6527,6528]],"properties":{"anthrome":32}},{"type":"Polygon","arcs":[[6529,6530,6531,6532]],"properties":{"anthrome":62}},{"type":"Polygon","arcs":[[6533,6534,6535,6536,6537]],"properties":{"anthrome":41}},{"type":"Polygon","arcs":[[6538,6539,6540,6541]],"properties":{"anthrome":51}},{"type":"Polygon","arcs":[[6542,-6398,6543,6544,6545,6546,-6540,6547,6548]],"properties":{"anthrome":32}},{"type":"Polygon","arcs":[[6549,-5014,6550,-5646,6551,-6523,6552,6553,6554,-6356,-6296,-6295,6555,-5991,6556,-5988,6557,6558,6559,6560,-5599,6561,-5817,-5468,6562,6563,6564,6565,6566,6567,-4770],[-5049],[-6189],[-6408]],"properties":{"anthrome":52}},{"type":"Polygon","arcs":[[6568,6569]],"properties":{"anthrome":53}},{"type":"Polygon","arcs":[[6570,6571,6572,6573]],"properties":{"anthrome":53}},{"type":"Polygon","arcs":[[6574]],"properties":{"anthrome":62}},{"type":"Polygon","arcs":[[6575]],"properties":{"anthrome":51}},{"type":"Polygon","arcs":[[6576,6577]],"properties":{"anthrome":52}},{"type":"Polygon","arcs":[[6578,6579,-6525]],"properties":{"anthrome":32}},{"type":"Polygon","arcs":[[-6465,6580,6581,-6579]],"properties":{"anthrome":33}},{"type":"Polygon","arcs":[[6582]],"properties":{"anthrome":32}},{"type":"Polygon","arcs":[[6583,6584,6585]],"properties":{"anthrome":62}},{"type":"Polygon","arcs":[[6586]],"properties":{"anthrome":41}},{"type":"Polygon","arcs":[[6587,6588,6589,-6535]],"properties":{"anthrome":32}},{"type":"Polygon","arcs":[[6590]],"properties":{"anthrome":51}},{"type":"Polygon","arcs":[[6591,6592]],"properties":{"anthrome":62}},{"type":"Polygon","arcs":[[6593]],"properties":{"anthrome":62}},{"type":"Polygon","arcs":[[-6554,6594]],"properties":{"anthrome":61}},{"type":"Polygon","arcs":[[6595,6596]],"properties":{"anthrome":61}},{"type":"Polygon","arcs":[[6597]],"properties":{"anthrome":52}},{"type":"Polygon","arcs":[[6598,6599,6600,6601]],"properties":{"anthrome":61}},{"type":"Polygon","arcs":[[6602,6603,6604,-6600]],"properties":{"anthrome":62}},{"type":"Polygon","arcs":[[6605,-6604]],"properties":{"anthrome":61}},{"type":"Polygon","arcs":[[6606,-6371,6607,6608,6609,6610,6611]],"properties":{"anthrome":54}},{"type":"Polygon","arcs":[[-6611,6612,6613]],"properties":{"anthrome":32}},{"type":"Polygon","arcs":[[-6358,6614,6615,6616,6617,6618]],"properties":{"anthrome":52}},{"type":"Polygon","arcs":[[6619,-5892,6620,-6100,6621,-6126,6622,6623,6624,-6094,-6005,-6302,6625,6626,-6303,-6475,6627,6628,6629,6630,6631,-6572,6632,-6492,6633,6634],[-6495]],"properties":{"anthrome":54}},{"type":"Polygon","arcs":[[6635,-6531,6636,6637,6638]],"properties":{"anthrome":54}},{"type":"Polygon","arcs":[[6639,6640]],"properties":{"anthrome":62}},{"type":"Polygon","arcs":[[6641,6642,6643,6644]],"properties":{"anthrome":61}},{"type":"Polygon","arcs":[[6645,6646,6647,-6643]],"properties":{"anthrome":53}},{"type":"Polygon","arcs":[[6648,6649,6650]],"properties":{"anthrome":54}},{"type":"Polygon","arcs":[[6651,6652]],"properties":{"anthrome":23}},{"type":"Polygon","arcs":[[6653,-6637]],"properties":{"anthrome":62}},{"type":"Polygon","arcs":[[6654]],"properties":{"anthrome":32}},{"type":"Polygon","arcs":[[6655]],"properties":{"anthrome":51}},{"type":"Polygon","arcs":[[6656]],"properties":{"anthrome":62}},{"type":"Polygon","arcs":[[6657]],"properties":{"anthrome":62}},{"type":"Polygon","arcs":[[6658]],"properties":{"anthrome":62}},{"type":"Polygon","arcs":[[6659,6660]],"properties":{"anthrome":54}},{"type":"Polygon","arcs":[[6661,-6616]],"properties":{"anthrome":51}},{"type":"Polygon","arcs":[[6662]],"properties":{"anthrome":52}},{"type":"Polygon","arcs":[[6663,6664,6665]],"properties":{"anthrome":42}},{"type":"Polygon","arcs":[[6666]],"properties":{"anthrome":62}},{"type":"Polygon","arcs":[[6667]],"properties":{"anthrome":54}},{"type":"Polygon","arcs":[[6668,6669,6670,6671]],"properties":{"anthrome":61}},{"type":"Polygon","arcs":[[6672]],"properties":{"anthrome":54}},{"type":"Polygon","arcs":[[6673]],"properties":{"anthrome":43}},{"type":"Polygon","arcs":[[6674,6675,6676]],"properties":{"anthrome":32}},{"type":"Polygon","arcs":[[-6412,6677,6678,6679,6680,-6602,6681,6682,6683,-6359,6684],[-6598],[-6663]],"properties":{"anthrome":51}},{"type":"Polygon","arcs":[[6685]],"properties":{"anthrome":53}},{"type":"Polygon","arcs":[[6686,6687,6688,6689]],"properties":{"anthrome":53}},{"type":"Polygon","arcs":[[6690,6691,6692,-6688]],"properties":{"anthrome":61}},{"type":"Polygon","arcs":[[6693,6694]],"properties":{"anthrome":32}},{"type":"Polygon","arcs":[[6695,6696]],"properties":{"anthrome":62}},{"type":"Polygon","arcs":[[6697,6698]],"properties":{"anthrome":43}},{"type":"Polygon","arcs":[[6699,6700]],"properties":{"anthrome":62}},{"type":"Polygon","arcs":[[-6613,6701]],"properties":{"anthrome":54}},{"type":"Polygon","arcs":[[6702,6703,6704]],"properties":{"anthrome":32}},{"type":"Polygon","arcs":[[6705]],"properties":{"anthrome":52}},{"type":"Polygon","arcs":[[6706,6707,6708,6709]],"properties":{"anthrome":62}},{"type":"Polygon","arcs":[[6710,6711]],"properties":{"anthrome":54}},{"type":"Polygon","arcs":[[6712]],"properties":{"anthrome":32}},{"type":"Polygon","arcs":[[6713]],"properties":{"anthrome":62}},{"type":"Polygon","arcs":[[6714]],"properties":{"anthrome":62}},{"type":"Polygon","arcs":[[6715]],"properties":{"anthrome":33}},{"type":"Polygon","arcs":[[6716]],"properties":{"anthrome":52}},{"type":"Polygon","arcs":[[6717]],"properties":{"anthrome":61}},{"type":"Polygon","arcs":[[-6683,6718,6719,-6662]],"properties":{"anthrome":52}},{"type":"Polygon","arcs":[[-6468,6720,-6526,-6651,6721,6722,6723,-6699,6724,6725,6726,6727]],"properties":{"anthrome":42}},{"type":"Polygon","arcs":[[6728]],"properties":{"anthrome":62}},{"type":"Polygon","arcs":[[6729,6730,6731,-6694]],"properties":{"anthrome":52}},{"type":"Polygon","arcs":[[6732,6733,6734]],"properties":{"anthrome":51}},{"type":"Polygon","arcs":[[6735]],"properties":{"anthrome":52}},{"type":"Polygon","arcs":[[6736,6737,6738]],"properties":{"anthrome":54}},{"type":"Polygon","arcs":[[6739,6740,-6738]],"properties":{"anthrome":61}},{"type":"Polygon","arcs":[[6741,6742,6743]],"properties":{"anthrome":54}},{"type":"Polygon","arcs":[[6744,6745,6746,-6742]],"properties":{"anthrome":53}},{"type":"Polygon","arcs":[[6747,6748]],"properties":{"anthrome":61}},{"type":"Polygon","arcs":[[6749,6750]],"properties":{"anthrome":62}},{"type":"Polygon","arcs":[[6751,6752]],"properties":{"anthrome":62}},{"type":"Polygon","arcs":[[6753]],"properties":{"anthrome":54}},{"type":"Polygon","arcs":[[6754,6755,6756,6757]],"properties":{"anthrome":33}},{"type":"Polygon","arcs":[[6758,6759,-6756]],"properties":{"anthrome":62}},{"type":"Polygon","arcs":[[6760,6761]],"properties":{"anthrome":33}},{"type":"Polygon","arcs":[[6762,6763,6764]],"properties":{"anthrome":32}},{"type":"Polygon","arcs":[[6765]],"properties":{"anthrome":54}},{"type":"Polygon","arcs":[[-6709,6766,6767,6768]],"properties":{"anthrome":43}},{"type":"Polygon","arcs":[[6769,6770,6771]],"properties":{"anthrome":52}},{"type":"Polygon","arcs":[[6772]],"properties":{"anthrome":32}},{"type":"Polygon","arcs":[[6773]],"properties":{"anthrome":52}},{"type":"Polygon","arcs":[[6774,6775]],"properties":{"anthrome":61}},{"type":"Polygon","arcs":[[6776]],"properties":{"anthrome":61}},{"type":"Polygon","arcs":[[6777,6778,-6671,-6739,6779,6780]],"properties":{"anthrome":62}},{"type":"Polygon","arcs":[[6781,6782,6783]],"properties":{"anthrome":32}},{"type":"Polygon","arcs":[[6784,6785,6786,6787]],"properties":{"anthrome":41}},{"type":"Polygon","arcs":[[6788,6789,6790,6791,6792,-6585,6793,-6505,6794,6795,-6704,-6765,6796,6797,6798,6799,6800,6801,-6609,6802,6803,-6334]],"properties":{"anthrome":42}},{"type":"Polygon","arcs":[[6804,6805,6806,6807,6808]],"properties":{"anthrome":43}},{"type":"Polygon","arcs":[[6809]],"properties":{"anthrome":62}},{"type":"Polygon","arcs":[[6810,-6750]],"properties":{"anthrome":54}},{"type":"Polygon","arcs":[[6811,6812,6813]],"properties":{"anthrome":42}},{"type":"Polygon","arcs":[[6814,6815]],"properties":{"anthrome":32}},{"type":"Polygon","arcs":[[6816,6817]],"properties":{"anthrome":32}},{"type":"Polygon","arcs":[[6818,6819]],"properties":{"anthrome":62}},{"type":"Polygon","arcs":[[6820]],"properties":{"anthrome":32}},{"type":"Polygon","arcs":[[6821]],"properties":{"anthrome":62}},{"type":"Polygon","arcs":[[6822,6823,6824]],"properties":{"anthrome":52}},{"type":"Polygon","arcs":[[6825,6826]],"properties":{"anthrome":52}},{"type":"Polygon","arcs":[[6827,-6538,-6537,6828,6829,6830,6831,6832,6833,-6712,6834,-6809,6835,6836,6837,6838,-6484,-6435,6839,6840,6841,6842,-6438,6843,6844],[-6587],[-6674]],"properties":{"anthrome":42}},{"type":"Polygon","arcs":[[6845,-6723,6846,6847,6848,6849]],"properties":{"anthrome":43}},{"type":"Polygon","arcs":[[-6652,-6702,6850,-6801,6851,6852,6853]],"properties":{"anthrome":32}},{"type":"Polygon","arcs":[[6854]],"properties":{"anthrome":54}},{"type":"Polygon","arcs":[[6855]],"properties":{"anthrome":32}},{"type":"Polygon","arcs":[[6856]],"properties":{"anthrome":53}},{"type":"Polygon","arcs":[[6857,6858]],"properties":{"anthrome":62}},{"type":"Polygon","arcs":[[6859]],"properties":{"anthrome":62}},{"type":"Polygon","arcs":[[6860,6861]],"properties":{"anthrome":33}},{"type":"Polygon","arcs":[[6862]],"properties":{"anthrome":42}},{"type":"Polygon","arcs":[[6863,6864]],"properties":{"anthrome":42}},{"type":"Polygon","arcs":[[6865,6866]],"properties":{"anthrome":62}},{"type":"Polygon","arcs":[[6867,6868,6869,6870]],"properties":{"anthrome":41}},{"type":"Polygon","arcs":[[6871,6872,6873,-6869]],"properties":{"anthrome":32}},{"type":"Polygon","arcs":[[-6808,6874,6875]],"properties":{"anthrome":42}},{"type":"Polygon","arcs":[[6876]],"properties":{"anthrome":33}},{"type":"Polygon","arcs":[[6877,6878,6879]],"properties":{"anthrome":42}},{"type":"Polygon","arcs":[[6880,6881,6882]],"properties":{"anthrome":52}},{"type":"Polygon","arcs":[[6883,6884]],"properties":{"anthrome":61}},{"type":"Polygon","arcs":[[6885,6886]],"properties":{"anthrome":51}},{"type":"Polygon","arcs":[[6887,6888]],"properties":{"anthrome":62}},{"type":"Polygon","arcs":[[6889]],"properties":{"anthrome":62}},{"type":"Polygon","arcs":[[6890]],"properties":{"anthrome":62}},{"type":"Polygon","arcs":[[6891]],"properties":{"anthrome":42}},{"type":"Polygon","arcs":[[6892,6893,6894]],"properties":{"anthrome":42}},{"type":"Polygon","arcs":[[6895]],"properties":{"anthrome":54}},{"type":"Polygon","arcs":[[6896]],"properties":{"anthrome":62}},{"type":"Polygon","arcs":[[6897,6898]],"properties":{"anthrome":62}},{"type":"Polygon","arcs":[[6899]],"properties":{"anthrome":32}},{"type":"Polygon","arcs":[[6900]],"properties":{"anthrome":42}},{"type":"Polygon","arcs":[[6901]],"properties":{"anthrome":54}},{"type":"Polygon","arcs":[[6902]],"properties":{"anthrome":54}},{"type":"Polygon","arcs":[[6903]],"properties":{"anthrome":62}},{"type":"Polygon","arcs":[[6904,-5290,6905,6906,6907,-5334,-5513,6908,6909,-6203,6910,-5858,6911,6912,-6400,6913,-6549,6914,-6450,6915,-6542,6916,-6546,6917,6918,6919,6920,6921,6922,6923,6924,6925,6926,-6515,6927,6928,6929,-6293,6930,-6352,6931,6932,6933,-5593,6934,6935],[-5376],[-6182],[-6353]],"properties":{"anthrome":52}},{"type":"Polygon","arcs":[[-6522,6936,-6660,-6596,6937,-6618,-6617,-6720,6938,-6776,6939,-6827,6940,6941,6942,-6884,-6823,-6825,6943],[-6717],[-6718],[-6774]],"properties":{"anthrome":51}},{"type":"Polygon","arcs":[[-4698,6944,-5226,6945,6946,-5935,-5934,-6006,-5932,6947,-5766,6948,-5929,-5485,6949,-5339,6950,6951,-5177,-5033,6952,-4973,6953,6954,-4816,6955,6956,-5345,6957,6958,-5668,-6635,6959,6960,6961,6962,6963,6964,-6226,6965,-5955,6966,6967,-5810,-5457,-4930,6968,6969,-4880,6970],[-5337],[-5397],[-5338],[-5889],[-5957],[-6229],[-6668]],"properties":{"anthrome":62}},{"type":"Polygon","arcs":[[6971,6972]],"properties":{"anthrome":54}},{"type":"Polygon","arcs":[[6973]],"properties":{"anthrome":32}},{"type":"Polygon","arcs":[[6974,6975]],"properties":{"anthrome":62}},{"type":"Polygon","arcs":[[6976,6977]],"properties":{"anthrome":54}},{"type":"Polygon","arcs":[[6978,6979,6980,6981]],"properties":{"anthrome":54}},{"type":"Polygon","arcs":[[6982]],"properties":{"anthrome":62}},{"type":"Polygon","arcs":[[6983,6984]],"properties":{"anthrome":54}},{"type":"Polygon","arcs":[[6985,6986]],"properties":{"anthrome":12}},{"type":"Polygon","arcs":[[6987]],"properties":{"anthrome":42}},{"type":"Polygon","arcs":[[6988]],"properties":{"anthrome":41}},{"type":"Polygon","arcs":[[6989]],"properties":{"anthrome":42}},{"type":"Polygon","arcs":[[6990,6991]],"properties":{"anthrome":54}},{"type":"Polygon","arcs":[[6992,6993,6994]],"properties":{"anthrome":52}},{"type":"Polygon","arcs":[[6995]],"properties":{"anthrome":52}},{"type":"Polygon","arcs":[[6996,6997]],"properties":{"anthrome":32}},{"type":"Polygon","arcs":[[-6586,6998,-6888,-6798,6999,-6763,-6703,7000,-6795]],"properties":{"anthrome":54}},{"type":"Polygon","arcs":[[7001,7002]],"properties":{"anthrome":52}},{"type":"Polygon","arcs":[[7003]],"properties":{"anthrome":62}},{"type":"Polygon","arcs":[[-7003,7004,7005,-6922]],"properties":{"anthrome":51}},{"type":"Polygon","arcs":[[-6887,7006,7007,7008,-6942]],"properties":{"anthrome":52}},{"type":"Polygon","arcs":[[7009]],"properties":{"anthrome":53}},{"type":"Polygon","arcs":[[7010,7011,7012]],"properties":{"anthrome":43}},{"type":"Polygon","arcs":[[7013,7014,7015]],"properties":{"anthrome":42}},{"type":"Polygon","arcs":[[7016,7017]],"properties":{"anthrome":54}},{"type":"Polygon","arcs":[[7018]],"properties":{"anthrome":62}},{"type":"Polygon","arcs":[[7019,7020]],"properties":{"anthrome":54}},{"type":"Polygon","arcs":[[-4954,7021,-4894,7022,7023,-5528,7024,7025,-5525,-5620,7026,-5939,7027,7028,-6042,7029,-6117,7030,-6235,-6728,7031,7032,7033,7034,-6752,-6696,-6664,7035,-6578,7036,7037,7038,-6814,-6865,-6895,7039,7040,7041,-7011,7042,7043,7044,-6861,7045,-6731,7046,7047,-6317,-6131,7048,-6040,7049,7050,-5844,7051],[-5377],[-5769],[-5846],[-5899],[-6576],[-6863],[-6892]],"properties":{"anthrome":54}},{"type":"Polygon","arcs":[[7052,7053]],"properties":{"anthrome":62}},{"type":"Polygon","arcs":[[7054,-6867,7055,7056,7057,-6819,7058,-6761]],"properties":{"anthrome":54}},{"type":"Polygon","arcs":[[7059]],"properties":{"anthrome":54}},{"type":"Polygon","arcs":[[7060,-7018,7061,7062,7063,7064]],"properties":{"anthrome":43}},{"type":"Polygon","arcs":[[7065]],"properties":{"anthrome":12}},{"type":"Polygon","arcs":[[7066]],"properties":{"anthrome":62}},{"type":"Polygon","arcs":[[7067]],"properties":{"anthrome":54}},{"type":"Polygon","arcs":[[7068,7069,7070]],"properties":{"anthrome":54}},{"type":"Polygon","arcs":[[7071]],"properties":{"anthrome":52}},{"type":"Polygon","arcs":[[7072]],"properties":{"anthrome":52}},{"type":"Polygon","arcs":[[7073]],"properties":{"anthrome":32}},{"type":"Polygon","arcs":[[7074,7075]],"properties":{"anthrome":32}},{"type":"Polygon","arcs":[[7076,-7008]],"properties":{"anthrome":51}},{"type":"Polygon","arcs":[[7077,-6758,7078,-6816,7079,-6818,7080,-7065,7081,7082,7083,7084,-6848,7085],[-6897],[-6983]],"properties":{"anthrome":54}},{"type":"Polygon","arcs":[[7086,7087,7088,7089,7090,7091]],"properties":{"anthrome":42}},{"type":"Polygon","arcs":[[7092,7093,7094,7095,7096]],"properties":{"anthrome":52}},{"type":"Polygon","arcs":[[7097,7098,-7005,7099,7100,7101,7102,7103,7104]],"properties":{"anthrome":32}},{"type":"Polygon","arcs":[[7105]],"properties":{"anthrome":62}},{"type":"Polygon","arcs":[[7106,7107,7108]],"properties":{"anthrome":61}},{"type":"Polygon","arcs":[[-7015,-7091,7109,7110,7111]],"properties":{"anthrome":54}},{"type":"Polygon","arcs":[[7112,7113]],"properties":{"anthrome":54}},{"type":"Polygon","arcs":[[-7070,7114,-7113]],"properties":{"anthrome":32}},{"type":"Polygon","arcs":[[7115,7116,7117]],"properties":{"anthrome":32}},{"type":"Polygon","arcs":[[7118,7119]],"properties":{"anthrome":52}},{"type":"Polygon","arcs":[[-7096,7120,-7119]],"properties":{"anthrome":54}},{"type":"Polygon","arcs":[[7121,7122]],"properties":{"anthrome":61}},{"type":"Polygon","arcs":[[7123,7124,7125,7126,7127]],"properties":{"anthrome":54}},{"type":"Polygon","arcs":[[-7053,7128,7129,7130]],"properties":{"anthrome":54}},{"type":"Polygon","arcs":[[7131,7132,7133,-7129,-7044,7134]],"properties":{"anthrome":42}},{"type":"Polygon","arcs":[[7135]],"properties":{"anthrome":54}},{"type":"Polygon","arcs":[[7136,7137]],"properties":{"anthrome":62}},{"type":"Polygon","arcs":[[7138,7139]],"properties":{"anthrome":62}},{"type":"Polygon","arcs":[[7140,7141,7142,7143,7144,7145]],"properties":{"anthrome":54}},{"type":"Polygon","arcs":[[7146,7147]],"properties":{"anthrome":62}},{"type":"Polygon","arcs":[[7148,7149,7150]],"properties":{"anthrome":62}},{"type":"Polygon","arcs":[[7151,7152,7153,-7126]],"properties":{"anthrome":62}},{"type":"Polygon","arcs":[[7154,7155,7156,-7153]],"properties":{"anthrome":61}},{"type":"Polygon","arcs":[[7157,7158,7159,7160]],"properties":{"anthrome":54}},{"type":"Polygon","arcs":[[7161,7162]],"properties":{"anthrome":62}},{"type":"Polygon","arcs":[[7163]],"properties":{"anthrome":42}},{"type":"Polygon","arcs":[[7164,7165,7166]],"properties":{"anthrome":54}},{"type":"Polygon","arcs":[[7167]],"properties":{"anthrome":62}},{"type":"Polygon","arcs":[[7168,-7143,7169,7170]],"properties":{"anthrome":51}},{"type":"Polygon","arcs":[[7171,7172]],"properties":{"anthrome":32}},{"type":"Polygon","arcs":[[7173,-6427,7174],[-6429],[-6673]],"properties":{"anthrome":62}},{"type":"Polygon","arcs":[[-6496,7175,-6744,7176,-6746,7177,7178,7179,7180,7181,-6628],[-6977,-6978],[-7060]],"properties":{"anthrome":62}},{"type":"Polygon","arcs":[[7182,7183,7184]],"properties":{"anthrome":32}},{"type":"Polygon","arcs":[[7185,7186]],"properties":{"anthrome":61}},{"type":"Polygon","arcs":[[7187]],"properties":{"anthrome":53}},{"type":"Polygon","arcs":[[7188]],"properties":{"anthrome":54}},{"type":"Polygon","arcs":[[7189,-7159]],"properties":{"anthrome":63}},{"type":"Polygon","arcs":[[7190,7191]],"properties":{"anthrome":62}},{"type":"Polygon","arcs":[[7192]],"properties":{"anthrome":54}},{"type":"Polygon","arcs":[[7193,7194,7195,-7069,-7071,-7114,7196,7197],[-6902],[-6903],[-6991,-6992],[-7021,-7020]],"properties":{"anthrome":32}},{"type":"Polygon","arcs":[[7198,7199,7200,7201]],"properties":{"anthrome":52}},{"type":"Polygon","arcs":[[7202]],"properties":{"anthrome":32}},{"type":"Polygon","arcs":[[-7170,7203,7204]],"properties":{"anthrome":54}},{"type":"Polygon","arcs":[[7205]],"properties":{"anthrome":32}},{"type":"Polygon","arcs":[[7206]],"properties":{"anthrome":53}},{"type":"Polygon","arcs":[[-6925,7207,-7105,7208,-7146,7209,7210,7211,7212,-7199,7213,7214,-7094,7215,7216,7217,7218,7219,-6881],[-6996],[-7072],[-7073],[-7203]],"properties":{"anthrome":51}},{"type":"Polygon","arcs":[[7220,7221]],"properties":{"anthrome":54}},{"type":"Polygon","arcs":[[7222]],"properties":{"anthrome":62}},{"type":"Polygon","arcs":[[7223]],"properties":{"anthrome":53}},{"type":"Polygon","arcs":[[7224,7225]],"properties":{"anthrome":61}},{"type":"Polygon","arcs":[[7226,7227,7228,-7191]],"properties":{"anthrome":54}},{"type":"Polygon","arcs":[[7229,7230]],"properties":{"anthrome":54}},{"type":"Polygon","arcs":[[7231]],"properties":{"anthrome":54}},{"type":"Polygon","arcs":[[7232,7233]],"properties":{"anthrome":62}},{"type":"Polygon","arcs":[[7234,7235]],"properties":{"anthrome":32}},{"type":"Polygon","arcs":[[7236]],"properties":{"anthrome":52}},{"type":"Polygon","arcs":[[7237,7238,7239,7240]],"properties":{"anthrome":32}},{"type":"Polygon","arcs":[[7241,7242,7243]],"properties":{"anthrome":53}},{"type":"Polygon","arcs":[[7244,7245,7246,7247,7248,7249,-7221,7250]],"properties":{"anthrome":62}},{"type":"Polygon","arcs":[[7251,7252,7253,7254,7255,7256,7257]],"properties":{"anthrome":52}},{"type":"Polygon","arcs":[[7258,-6665,-6697,7259,-6973,-6979,7260,-7092,-7014,7261,-7111,-7167,7262,7263,7264,7265,7266,7267,7268,7269,-7133,7270,-7041,7271,-6893,-6864,-6813,7272,-7038]],"properties":{"anthrome":43}},{"type":"Polygon","arcs":[[-7162,7273,7274,7275]],"properties":{"anthrome":54}},{"type":"Polygon","arcs":[[7276,7277]],"properties":{"anthrome":32}},{"type":"Polygon","arcs":[[7278,7279]],"properties":{"anthrome":62}},{"type":"Polygon","arcs":[[-7228,7280,7281,7282]],"properties":{"anthrome":62}},{"type":"Polygon","arcs":[[7283]],"properties":{"anthrome":62}},{"type":"Polygon","arcs":[[-7250,7284]],"properties":{"anthrome":54}},{"type":"Polygon","arcs":[[7285,-7248]],"properties":{"anthrome":54}},{"type":"Polygon","arcs":[[7286]],"properties":{"anthrome":62}},{"type":"Polygon","arcs":[[7287]],"properties":{"anthrome":54}},{"type":"Polygon","arcs":[[7288,7289]],"properties":{"anthrome":32}},{"type":"Polygon","arcs":[[-7240,7290,7291,7292]],"properties":{"anthrome":31}},{"type":"Polygon","arcs":[[7293,7294]],"properties":{"anthrome":54}},{"type":"Polygon","arcs":[[7295,-6799,-6889,7296,-7245,-7251,7297,-6986,7298,-6899,7299,-6853],[-7066],[-7067]],"properties":{"anthrome":54}},{"type":"Polygon","arcs":[[7300]],"properties":{"anthrome":54}},{"type":"Polygon","arcs":[[-7269,7301,7302,7303]],"properties":{"anthrome":54}},{"type":"Polygon","arcs":[[7304,7305,7306,-7246]],"properties":{"anthrome":54}},{"type":"Polygon","arcs":[[-7281,7307]],"properties":{"anthrome":54}},{"type":"Polygon","arcs":[[7308]],"properties":{"anthrome":52}},{"type":"Polygon","arcs":[[-7295,7309,7310,7311]],"properties":{"anthrome":52}},{"type":"Polygon","arcs":[[7312]],"properties":{"anthrome":62}},{"type":"Polygon","arcs":[[7313]],"properties":{"anthrome":62}},{"type":"Polygon","arcs":[[7314,7315]],"properties":{"anthrome":62}},{"type":"Polygon","arcs":[[-7282,7316]],"properties":{"anthrome":54}},{"type":"Polygon","arcs":[[-7247,7317,7318,7319]],"properties":{"anthrome":54}},{"type":"Polygon","arcs":[[-7307,7320,-7318]],"properties":{"anthrome":62}},{"type":"Polygon","arcs":[[7321]],"properties":{"anthrome":54}},{"type":"Polygon","arcs":[[7322,7323]],"properties":{"anthrome":54}},{"type":"Polygon","arcs":[[7324,7325]],"properties":{"anthrome":31}},{"type":"Polygon","arcs":[[7326,7327,7328,7329]],"properties":{"anthrome":52}},{"type":"Polygon","arcs":[[7330,7331]],"properties":{"anthrome":53}},{"type":"Polygon","arcs":[[7332,7333,7334,7335]],"properties":{"anthrome":54}},{"type":"Polygon","arcs":[[7336]],"properties":{"anthrome":54}},{"type":"Polygon","arcs":[[7337,7338,7339,-7266]],"properties":{"anthrome":54}},{"type":"Polygon","arcs":[[-7249,7340,7341]],"properties":{"anthrome":54}},{"type":"Polygon","arcs":[[-7311,7342]],"properties":{"anthrome":51}},{"type":"Polygon","arcs":[[7343,7344,7345]],"properties":{"anthrome":53}},{"type":"Polygon","arcs":[[7346,7347]],"properties":{"anthrome":54}},{"type":"Polygon","arcs":[[-7319,7348]],"properties":{"anthrome":62}},{"type":"Polygon","arcs":[[7349,7350]],"properties":{"anthrome":32}},{"type":"Polygon","arcs":[[7351,7352,7353]],"properties":{"anthrome":52}},{"type":"Polygon","arcs":[[7354]],"properties":{"anthrome":23}},{"type":"Polygon","arcs":[[7355,7356,-6454,-6519,-6460,7357,-6998,7358,-7075,-7123,-7173,7359,-7278,7360,7361,7362,7363,-7100,-7002,-6921,7364,-6675,7365,7366,-6544,-6453],[-6773],[-6856],[-7074]],"properties":{"anthrome":51}},{"type":"Polygon","arcs":[[7367,7368,7369,7370]],"properties":{"anthrome":23}},{"type":"Polygon","arcs":[[7371,7372,7373]],"properties":{"anthrome":53}},{"type":"Polygon","arcs":[[7374,7375]],"properties":{"anthrome":62}},{"type":"Polygon","arcs":[[-7321,7376,7377]],"properties":{"anthrome":54}},{"type":"Polygon","arcs":[[7378,7379,7380,7381]],"properties":{"anthrome":54}},{"type":"Polygon","arcs":[[7382,7383,7384,7385]],"properties":{"anthrome":51}},{"type":"Polygon","arcs":[[7386]],"properties":{"anthrome":51}},{"type":"Polygon","arcs":[[7387,7388]],"properties":{"anthrome":62}},{"type":"Polygon","arcs":[[7389,7390,7391]],"properties":{"anthrome":62}},{"type":"Polygon","arcs":[[7392]],"properties":{"anthrome":43}},{"type":"Polygon","arcs":[[7393,7394,7395]],"properties":{"anthrome":62}},{"type":"Polygon","arcs":[[7396,7397]],"properties":{"anthrome":32}},{"type":"Polygon","arcs":[[7398,7399,7400,7401]],"properties":{"anthrome":32}},{"type":"Polygon","arcs":[[7402,7403,7404,-7400]],"properties":{"anthrome":23}},{"type":"Polygon","arcs":[[7405]],"properties":{"anthrome":53}},{"type":"Polygon","arcs":[[7406,7407,7408]],"properties":{"anthrome":54}},{"type":"Polygon","arcs":[[7409,-7101,7410,7411,7412,7413,7414,-7380,-7379,7415,7416],[-7206],[-7309]],"properties":{"anthrome":51}},{"type":"Polygon","arcs":[[7417,7418]],"properties":{"anthrome":62}},{"type":"Polygon","arcs":[[7419]],"properties":{"anthrome":53}},{"type":"Polygon","arcs":[[7420,7421]],"properties":{"anthrome":62}},{"type":"Polygon","arcs":[[7422]],"properties":{"anthrome":54}},{"type":"Polygon","arcs":[[7423,7424]],"properties":{"anthrome":54}},{"type":"Polygon","arcs":[[7425,7426,7427]],"properties":{"anthrome":54}},{"type":"Polygon","arcs":[[7428,7429,7430]],"properties":{"anthrome":62}},{"type":"Polygon","arcs":[[7431,7432]],"properties":{"anthrome":33}},{"type":"Polygon","arcs":[[7433,7434,7435]],"properties":{"anthrome":62}},{"type":"Polygon","arcs":[[7436,7437,7438]],"properties":{"anthrome":51}},{"type":"Polygon","arcs":[[7439,7440,7441,7442]],"properties":{"anthrome":52}},{"type":"Polygon","arcs":[[7443,7444,7445,-7441]],"properties":{"anthrome":32}},{"type":"Polygon","arcs":[[7446]],"properties":{"anthrome":23}},{"type":"Polygon","arcs":[[7447,7448]],"properties":{"anthrome":23}},{"type":"Polygon","arcs":[[7449,7450,7451,7452]],"properties":{"anthrome":52}},{"type":"Polygon","arcs":[[7453,7454]],"properties":{"anthrome":51}},{"type":"Polygon","arcs":[[-7362,7455,7456]],"properties":{"anthrome":61}},{"type":"Polygon","arcs":[[7457,-4300,7458,-4485,7459,-4483,7460,-4887,7461,-4708,7462,7463,-4480,-4129,7464,7465,7466,-4711,7467,7468,-4893,7469,-5295,7470,-5816,-5898,7471,-6749,7472,7473,7474,7475,-7109,7476,-7161,7477,-7186,7478,7479,-7128,7480,7481,7482,-5035,7483,-4754,7484,-4688,7485,-4864,7486,7487,-4154,7488,7489,7490,-3498,7491,7492,7493,-3413,-4487],[-4204],[-4447],[7494],[-4387],[-4689],[7495],[-4817],[-4818],[-4889],[-4890],[-5066],[-5179],[-5247],[-5547],[-6037]],"properties":{"anthrome":53}},{"type":"Polygon","arcs":[[7496,7497,7498,7499,7500,7501,7502,7503,-7448,-7370,7504,-7255,7505]],"properties":{"anthrome":51}},{"type":"Polygon","arcs":[[7506]],"properties":{"anthrome":53}},{"type":"Polygon","arcs":[[7507,7508,7509]],"properties":{"anthrome":53}},{"type":"Polygon","arcs":[[7510]],"properties":{"anthrome":54}},{"type":"Polygon","arcs":[[7511,7512,7513]],"properties":{"anthrome":41}},{"type":"Polygon","arcs":[[7514,7515,7516]],"properties":{"anthrome":42}},{"type":"Polygon","arcs":[[7517]],"properties":{"anthrome":32}},{"type":"Polygon","arcs":[[7518,7519]],"properties":{"anthrome":23}},{"type":"Polygon","arcs":[[7520]],"properties":{"anthrome":52}},{"type":"Polygon","arcs":[[7521,7522]],"properties":{"anthrome":61}},{"type":"Polygon","arcs":[[7523]],"properties":{"anthrome":54}},{"type":"Polygon","arcs":[[7524]],"properties":{"anthrome":54}},{"type":"Polygon","arcs":[[7525]],"properties":{"anthrome":43}},{"type":"Polygon","arcs":[[7526]],"properties":{"anthrome":54}},{"type":"Polygon","arcs":[[7527,7528]],"properties":{"anthrome":54}},{"type":"Polygon","arcs":[[-7427,7529]],"properties":{"anthrome":62}},{"type":"Polygon","arcs":[[-7504,7530,7531]],"properties":{"anthrome":23}},{"type":"Polygon","arcs":[[7532]],"properties":{"anthrome":51}},{"type":"Polygon","arcs":[[-7452,7533,7534,7535]],"properties":{"anthrome":53}},{"type":"Polygon","arcs":[[7536,7537,7538,7539]],"properties":{"anthrome":51}},{"type":"Polygon","arcs":[[7540,7541,7542,-7538]],"properties":{"anthrome":61}},{"type":"Polygon","arcs":[[7543]],"properties":{"anthrome":23}},{"type":"Polygon","arcs":[[7544,-7443,7545,7546,7547,7548,-7438]],"properties":{"anthrome":32}},{"type":"Polygon","arcs":[[7549]],"properties":{"anthrome":52}},{"type":"Polygon","arcs":[[7550]],"properties":{"anthrome":54}},{"type":"Polygon","arcs":[[7551,7552]],"properties":{"anthrome":54}},{"type":"Polygon","arcs":[[7553,7554,7555]],"properties":{"anthrome":23}},{"type":"Polygon","arcs":[[7556,7557]],"properties":{"anthrome":52}},{"type":"Polygon","arcs":[[7558,7559,7560]],"properties":{"anthrome":51}},{"type":"Polygon","arcs":[[-7225,7561,-7346,7562,-7392,7563,7564,7565,-7474,7566]],"properties":{"anthrome":54}},{"type":"Polygon","arcs":[[-7565,7567,7568,7569]],"properties":{"anthrome":62}},{"type":"Polygon","arcs":[[7570,7571]],"properties":{"anthrome":54}},{"type":"Polygon","arcs":[[7572,7573]],"properties":{"anthrome":33}},{"type":"Polygon","arcs":[[7574,-7573]],"properties":{"anthrome":54}},{"type":"Polygon","arcs":[[7575,7576,7577,7578,7579,7580,7581,-7561,7582,7583,-7413]],"properties":{"anthrome":54}},{"type":"Polygon","arcs":[[-7569,7584]],"properties":{"anthrome":61}},{"type":"Polygon","arcs":[[7585,7586,-7513,7587,-7430]],"properties":{"anthrome":54}},{"type":"Polygon","arcs":[[7588]],"properties":{"anthrome":62}},{"type":"Polygon","arcs":[[7589]],"properties":{"anthrome":52}},{"type":"Polygon","arcs":[[7590]],"properties":{"anthrome":52}},{"type":"Polygon","arcs":[[7591,7592]],"properties":{"anthrome":54}},{"type":"Polygon","arcs":[[7593,7594]],"properties":{"anthrome":62}},{"type":"Polygon","arcs":[[7595,7596]],"properties":{"anthrome":33}},{"type":"Polygon","arcs":[[7597,7598]],"properties":{"anthrome":32}},{"type":"Polygon","arcs":[[7599,7600]],"properties":{"anthrome":32}},{"type":"Polygon","arcs":[[7601]],"properties":{"anthrome":54}},{"type":"Polygon","arcs":[[7602]],"properties":{"anthrome":61}},{"type":"Polygon","arcs":[[-6793,7603,-6638,7604,7605,7606,7607,-7553,-7593,7608,-7426,-7377,-7306,-7305,-7297,-6999],[-6766],[-7068],[-7136],[-7232],[-7322],[-7551]],"properties":{"anthrome":62}},{"type":"Polygon","arcs":[[7609]],"properties":{"anthrome":54}},{"type":"Polygon","arcs":[[7610,7611,7612,7613]],"properties":{"anthrome":53}},{"type":"Polygon","arcs":[[7614,-7520,7615,-7500,7616,7617,-7556,7618,7619,7620,7621,-7502],[-7533]],"properties":{"anthrome":12}},{"type":"Polygon","arcs":[[7622]],"properties":{"anthrome":61}},{"type":"Polygon","arcs":[[7623,7624]],"properties":{"anthrome":51}},{"type":"Polygon","arcs":[[7625]],"properties":{"anthrome":52}},{"type":"Polygon","arcs":[[7626,7627]],"properties":{"anthrome":62}},{"type":"Polygon","arcs":[[7628,7629,7630]],"properties":{"anthrome":53}},{"type":"Polygon","arcs":[[7631,7632,7633]],"properties":{"anthrome":53}},{"type":"Polygon","arcs":[[7634]],"properties":{"anthrome":54}},{"type":"Polygon","arcs":[[7635]],"properties":{"anthrome":62}},{"type":"Polygon","arcs":[[7636,7637,7638,7639]],"properties":{"anthrome":42}},{"type":"Polygon","arcs":[[7640,7641,-7638]],"properties":{"anthrome":62}},{"type":"Polygon","arcs":[[7642]],"properties":{"anthrome":32}},{"type":"Polygon","arcs":[[7643,7644,7645]],"properties":{"anthrome":52}},{"type":"Polygon","arcs":[[7646,7647,7648,7649]],"properties":{"anthrome":32}},{"type":"Polygon","arcs":[[7650]],"properties":{"anthrome":54}},{"type":"Polygon","arcs":[[7651]],"properties":{"anthrome":54}},{"type":"Polygon","arcs":[[7652]],"properties":{"anthrome":54}},{"type":"Polygon","arcs":[[7653]],"properties":{"anthrome":54}},{"type":"Polygon","arcs":[[7654,7655,7656,7657,7658]],"properties":{"anthrome":32}},{"type":"Polygon","arcs":[[7659]],"properties":{"anthrome":52}},{"type":"Polygon","arcs":[[7660,7661]],"properties":{"anthrome":54}},{"type":"Polygon","arcs":[[7662]],"properties":{"anthrome":53}},{"type":"Polygon","arcs":[[7663,7664]],"properties":{"anthrome":54}},{"type":"Polygon","arcs":[[7665]],"properties":{"anthrome":54}},{"type":"Polygon","arcs":[[7666]],"properties":{"anthrome":62}},{"type":"Polygon","arcs":[[7667,7668,7669]],"properties":{"anthrome":54}},{"type":"Polygon","arcs":[[-7639,7670,7671]],"properties":{"anthrome":43}},{"type":"Polygon","arcs":[[7672,7673]],"properties":{"anthrome":32}},{"type":"Polygon","arcs":[[7674]],"properties":{"anthrome":62}},{"type":"Polygon","arcs":[[-7649,7675,7676,7677]],"properties":{"anthrome":52}},{"type":"Polygon","arcs":[[7678]],"properties":{"anthrome":32}},{"type":"Polygon","arcs":[[7679]],"properties":{"anthrome":32}},{"type":"Polygon","arcs":[[7680]],"properties":{"anthrome":32}},{"type":"Polygon","arcs":[[7681,7682,7683,7684,7685,7686]],"properties":{"anthrome":52}},{"type":"Polygon","arcs":[[-7613,7687]],"properties":{"anthrome":61}},{"type":"Polygon","arcs":[[7688,7689,7690,-7685]],"properties":{"anthrome":53}},{"type":"Polygon","arcs":[[7691]],"properties":{"anthrome":61}},{"type":"Polygon","arcs":[[7692,7693,7694]],"properties":{"anthrome":61}},{"type":"Polygon","arcs":[[7695]],"properties":{"anthrome":62}},{"type":"Polygon","arcs":[[7696]],"properties":{"anthrome":54}},{"type":"Polygon","arcs":[[7697,7698]],"properties":{"anthrome":32}},{"type":"Polygon","arcs":[[7699,7700,7701,7702]],"properties":{"anthrome":54}},{"type":"Polygon","arcs":[[7703]],"properties":{"anthrome":32}},{"type":"Polygon","arcs":[[7704,7705,7706,-7658,7707,-7625,7708,7709,7710,7711,-7579,7712,7713,-7407,7714,7715,-7334,-7333,7716,-7577,7717,-7411,-7364],[-7207],[7718,-7292,7719,-7238],[-7387],[-7455,-7454]],"properties":{"anthrome":52}},{"type":"Polygon","arcs":[[7720,7721,7722]],"properties":{"anthrome":32}},{"type":"Polygon","arcs":[[-7138,7723,7724,7725,-7608],[-7287]],"properties":{"anthrome":54}},{"type":"Polygon","arcs":[[7726]],"properties":{"anthrome":53}},{"type":"Polygon","arcs":[[7727,7728,7729,7730]],"properties":{"anthrome":54}},{"type":"Polygon","arcs":[[-7691,7731,7732]],"properties":{"anthrome":52}},{"type":"Polygon","arcs":[[7733]],"properties":{"anthrome":43}},{"type":"Polygon","arcs":[[7734,7735]],"properties":{"anthrome":32}},{"type":"Polygon","arcs":[[-7677,7736,7737,7738,7739,7740]],"properties":{"anthrome":32}},{"type":"Polygon","arcs":[[7741]],"properties":{"anthrome":52}},{"type":"Polygon","arcs":[[7742]],"properties":{"anthrome":54}},{"type":"Polygon","arcs":[[7743,7744]],"properties":{"anthrome":61}},{"type":"Polygon","arcs":[[7745,7746,7747,7748,7749,7750,-7328,7751,7752,-7499,7753,7754]],"properties":{"anthrome":53}},{"type":"Polygon","arcs":[[7755,7756]],"properties":{"anthrome":53}},{"type":"Polygon","arcs":[[7757,7758]],"properties":{"anthrome":54}},{"type":"Polygon","arcs":[[7759,-7739,7760,7761,7762,7763]],"properties":{"anthrome":54}},{"type":"Polygon","arcs":[[7764,7765,7766,7767]],"properties":{"anthrome":12}},{"type":"Polygon","arcs":[[7768,7769,7770,-7766]],"properties":{"anthrome":23}},{"type":"Polygon","arcs":[[-5800,-5665,-5833,-5937,-6032,7771,7772,7773,-6964,7774,7775,7776,7777,-7388,7778,7779,-7627,7780,-7418,7781,-7279,7782,-7147,7783,-6975,7784,7785,-6640,7786,-6570,7787,-6416,-6315,7788,-6028,-5951,7789,7790,-5616,7791],[-6686],[-6857],[-7010],[-7727]],"properties":{"anthrome":54}},{"type":"Polygon","arcs":[[7792,7793]],"properties":{"anthrome":33}},{"type":"Polygon","arcs":[[7794,7795]],"properties":{"anthrome":52}},{"type":"Polygon","arcs":[[7796,7797]],"properties":{"anthrome":54}},{"type":"Polygon","arcs":[[7798,7799]],"properties":{"anthrome":61}},{"type":"Polygon","arcs":[[7800,7801,7802]],"properties":{"anthrome":54}},{"type":"Polygon","arcs":[[7803]],"properties":{"anthrome":53}},{"type":"Polygon","arcs":[[7804,7805]],"properties":{"anthrome":51}},{"type":"Polygon","arcs":[[-7694,7806]],"properties":{"anthrome":53}},{"type":"Polygon","arcs":[[7807,-7763,7808,7809,7810]],"properties":{"anthrome":32}},{"type":"Polygon","arcs":[[7811]],"properties":{"anthrome":53}},{"type":"Polygon","arcs":[[7812]],"properties":{"anthrome":54}},{"type":"Polygon","arcs":[[7813,7814]],"properties":{"anthrome":54}},{"type":"Polygon","arcs":[[7815,7816]],"properties":{"anthrome":54}},{"type":"Polygon","arcs":[[7817,7818,7819]],"properties":{"anthrome":54}},{"type":"Polygon","arcs":[[7820,7821]],"properties":{"anthrome":61}},{"type":"Polygon","arcs":[[7822,7823]],"properties":{"anthrome":54}},{"type":"Polygon","arcs":[[7824,7825]],"properties":{"anthrome":62}},{"type":"Polygon","arcs":[[7826,7827,7828]],"properties":{"anthrome":52}},{"type":"Polygon","arcs":[[7829]],"properties":{"anthrome":54}},{"type":"Polygon","arcs":[[7830,7831]],"properties":{"anthrome":54}},{"type":"Polygon","arcs":[[7832]],"properties":{"anthrome":12}},{"type":"Polygon","arcs":[[7833]],"properties":{"anthrome":12}},{"type":"Polygon","arcs":[[-7757,7834,7835,7836,-7805,7837]],"properties":{"anthrome":52}},{"type":"Polygon","arcs":[[7838]],"properties":{"anthrome":54}},{"type":"Polygon","arcs":[[7839,7840,7841]],"properties":{"anthrome":53}},{"type":"Polygon","arcs":[[7842,-7840]],"properties":{"anthrome":61}},{"type":"Polygon","arcs":[[7843,7844,7845]],"properties":{"anthrome":52}},{"type":"Polygon","arcs":[[7846]],"properties":{"anthrome":54}},{"type":"Polygon","arcs":[[7847]],"properties":{"anthrome":54}},{"type":"Polygon","arcs":[[7848,-7731,7849,7850,7851,7852,7853,-7802,7854,7855,7856,-7701]],"properties":{"anthrome":52}},{"type":"Polygon","arcs":[[7857,-7836]],"properties":{"anthrome":54}},{"type":"Polygon","arcs":[[7858]],"properties":{"anthrome":61}},{"type":"Polygon","arcs":[[7859,7860,7861,7862]],"properties":{"anthrome":51}},{"type":"Polygon","arcs":[[7863,7864,7865]],"properties":{"anthrome":32}},{"type":"Polygon","arcs":[[7866,7867]],"properties":{"anthrome":61}},{"type":"Polygon","arcs":[[7868]],"properties":{"anthrome":61}},{"type":"Polygon","arcs":[[7869]],"properties":{"anthrome":61}},{"type":"Polygon","arcs":[[7870,7871]],"properties":{"anthrome":54}},{"type":"Polygon","arcs":[[7872,7873]],"properties":{"anthrome":61}},{"type":"Polygon","arcs":[[7874,7875,7876,-7873]],"properties":{"anthrome":54}},{"type":"Polygon","arcs":[[7877]],"properties":{"anthrome":61}},{"type":"Polygon","arcs":[[7878]],"properties":{"anthrome":54}},{"type":"Polygon","arcs":[[7879]],"properties":{"anthrome":54}},{"type":"Polygon","arcs":[[7880,7881,7882]],"properties":{"anthrome":54}},{"type":"Polygon","arcs":[[-7831,7883,7884,-7881]],"properties":{"anthrome":52}},{"type":"Polygon","arcs":[[7885,7886,7887,-7884]],"properties":{"anthrome":54}},{"type":"Polygon","arcs":[[7888]],"properties":{"anthrome":61}},{"type":"Polygon","arcs":[[7889,7890,7891,7892]],"properties":{"anthrome":52}},{"type":"Polygon","arcs":[[7893,-7516,7894,-7637,7895,-7671,-7642,-7674,7896,7897,7898],[-7734]],"properties":{"anthrome":54}},{"type":"Polygon","arcs":[[7899,-2605,7900,-2643,7901,-2645,-2652,-3802,-3801,-4106,7902,-3797,7903,7904,-4109,7905,-3847,-5159,7906,-4806,-6395,-6394,7907,-6081,7908,-6391,-6390,7909,-6289,7910,-6388,-6387,7911,-6347,7912,-6384,-6383,-5212,7913,-5103,7914,-5144,7915,-4376,7916,-5141,7917,7918,-5138,7919,-3746,7920,-5135,7921,-3487,7922,7923,-3262,7924,7925,7926,7927,7928,-3237,7929,-3363,7930,-3301,7931,-3347,7932,-3448,7933,-3360,7934,-4439,-4438,7935,-3751,7936,-4435,7937,7938,-4431,-4430,7939,7940,-4427,7941,-4188,7942,-4587,-4349,-4586,-4585,-4695,7943,-4772,7944,7945,-4919,7946,7947,7948,7949,7950,-5428,7951,-5336,7952,-6907,7953,-5292,7954,-6936,7955,7956,-6933,7957,7958,-6929,7959,-6517,7960,-6926,-6883,7961,7962,-6995,7963,-7217,7964,-7097,-7120,7965,-7201,7966,7967,-7574,7968,7969,7970,-7755,7971,-7497,7972,-7253,7973,7974,7975,7976,-7184,7977,7978,7979,7980,7981,7982,7983,-7599,-7644,7984,7985,7986,7987,7988,7989,-7596,7990,-7595,7991,-7396,7992,-7436,7993,-7432,7994,-7233,7995,-7140,7996,7997,-7137,-7607,7998,-6783,-6782,7999,-7605,-6654,-6530,8000,8001,-6369,-6064,-5968,8002,8003,-6063,8004,-6154,8005,-6149,-6265,8006,-5917,8007,8008,-5824,-5638,8009,-5542,8010,-5500,8011,-5478,-5505,8012,-5507,8013,-5391,8014,-5454,8015,-5321,8016,-5451,8017,-5424,8018,-5448,-5277,8019,8020,-5323,-5117,8021,-5196,-5379,8022,8023,-5483,8024,8025,-5830,8026,-6020,8027,8028,8029,-6380,8030,-7175,-6336,-6223,8031,8032,-5876,-5875,8033,-5873,-5880,-5879,8034,-5090,8035,-4914,8036,-4690,-4577,-4372,8037,-4404,-4576,-4662,8038,-5121,8039,-4959,8040,-4861,8041,-4764,8042,-4401,8043,-4659,-4720,8044,-5682,-5681,-5680,8045,-4083,8046,-3481,-3480,-3579,8047,-3272,8048,-3576,-3030,8049,-3573,-3572,8050,8051,-3074,8052,-2927,8053,-3567,-2931,8054,8055,-3562,8056,-2796,8057,-2886,-3560,8058,-2704,8059,-3557,-3556],[-2932,-2933],[-2859],[8060,-2936,8061,-2903],[-2860],[-2937],[-3010],[-2976,-2977],[-3031],[-3383],[-3032],[-3102],[-3103,-3104],[-3106,-3105],[-3234],[-3181,-3180],[-3182],[-3246,-3245],[-3247],[-3248],[-3339],[-3340],[-3342,-3341],[8062,-3614,-3613,8063,-3510],[-3429],[-3430],[-3484],[-3431],[-3434,8064,-3512,8065,-3432],[-3485],[8066,-3646,8067,-3645],[-3513],[-3642],[-3844],[-3649],[-3734,8068,-3736,8069],[-3738],[-3843],[-3892],[-3893],[-4279,-4278],[-4103],[-4163],[-4164],[-4165],[-4170],[-4254],[-4211,8070,-4216,8071],[-4311],[-4369],[-4266],[-4305],[-4732],[-4340],[-4725],[-4374],[-4573,8072],[-4405],[-4406],[-4407],[-4448],[-4684],[-4862],[-4579],[-4580],[-4660],[-4663],[-4668],[-4669],[-4724],[-4726],[-4727],[-4728],[-4765],[-4768],[-4962],[-4866],[-4869,8073,-4841,8074],[-4916],[-4996],[8075,8076,-5208,8077,-5092],[8078,-5371,8079,-5283],[-5286],[-5288],[-5373],[-5426],[-5427],[8080,8081,-5600],[-5508],[-5591],[-5781],[-5782],[-5783],[-5787],[-5831],[-5788],[-5854],[-5918],[-5919],[8082,8083,8084,8085,8086,-6075,8087,8088,-6281,-6507,8089,8090,-6707,8091,8092,-6836,-6876,8093,-6806,8094,-6833,8095,8096,-6880,8097,8098,-6830,8099,-6589,8100,-6845],[-5920],[-5970],[-6160,8101,-6067,8102],[-6074],[-6164,8103,-6166,8104],[-6175],[-6179],[-6180],[-6269],[-6270],[-6282],[-6382,-6287,8105],[-6340,-6339],[-6490,-6489,8106,8107,-6442,-6509,8108,-6443,-6342,8109],[-6345],[-6439],[8110,-6511,8111,-6445],[-6491],[-6527],[-6513],[-6591],[-6729],[-6593,-6592],[-6594],[-6667],[-6655],[-6656],[-6657],[-6658],[-6659],[-6706],[-6713],[-6735,-7198,-7197,-7115,-7196,-7195,8112,-6770,8113,-6733],[-6714],[-6715],[-6821],[-6822],[-6871,8114,-6873,8115],[-6890],[-6877],[-6900],[-6901],[-6974],[-6904],[-6988],[-6989],[-7004],[-6990],[-7019],[-7168],[-7223],[-7235,-7236],[-7237],[-7289,-7290],[-7325,-7326],[-7350,-7351],[-7397,-7398],[-7406],[-7518],[8116,-7535,8117,-7450],[-7557,-7558],[-7643],[-7675]],"properties":{"anthrome":54}},{"type":"Polygon","arcs":[[8118]],"properties":{"anthrome":54}},{"type":"Polygon","arcs":[[8119,8120]],"properties":{"anthrome":32}},{"type":"Polygon","arcs":[[8121]],"properties":{"anthrome":53}},{"type":"Polygon","arcs":[[8122,8123]],"properties":{"anthrome":33}},{"type":"Polygon","arcs":[[8124,8125]],"properties":{"anthrome":32}},{"type":"Polygon","arcs":[[8126]],"properties":{"anthrome":52}},{"type":"Polygon","arcs":[[8127,8128]],"properties":{"anthrome":52}},{"type":"Polygon","arcs":[[8129,-7711,8130,8131,8132,8133,8134,8135,8136,-7581]],"properties":{"anthrome":51}},{"type":"Polygon","arcs":[[8137,8138]],"properties":{"anthrome":53}},{"type":"Polygon","arcs":[[8139,8140]],"properties":{"anthrome":61}},{"type":"Polygon","arcs":[[8141]],"properties":{"anthrome":54}},{"type":"Polygon","arcs":[[-7885,8142,8143,8144]],"properties":{"anthrome":51}},{"type":"Polygon","arcs":[[-7888,8145,8146,-8143]],"properties":{"anthrome":52}},{"type":"Polygon","arcs":[[8147,8148,8149,-8146,-7853]],"properties":{"anthrome":32}},{"type":"Polygon","arcs":[[8150,8151,8152]],"properties":{"anthrome":54}},{"type":"Polygon","arcs":[[8153]],"properties":{"anthrome":61}},{"type":"Polygon","arcs":[[8154]],"properties":{"anthrome":54}},{"type":"Polygon","arcs":[[8155]],"properties":{"anthrome":53}},{"type":"Polygon","arcs":[[8156,8157]],"properties":{"anthrome":51}},{"type":"Polygon","arcs":[[8158,8159]],"properties":{"anthrome":62}},{"type":"Polygon","arcs":[[8160,8161,8162]],"properties":{"anthrome":54}},{"type":"Polygon","arcs":[[8163,8164,-8140]],"properties":{"anthrome":53}},{"type":"Polygon","arcs":[[8165]],"properties":{"anthrome":62}},{"type":"Polygon","arcs":[[8166,8167,8168,8169]],"properties":{"anthrome":54}},{"type":"Polygon","arcs":[[8170]],"properties":{"anthrome":54}},{"type":"Polygon","arcs":[[-7548,-7601,8171,8172,8173,-7811,-7699,-7736,-8121,8174,8175,8176,8177,8178,-7989,8179,-7828,8180,-7986,8181,-7645,-7598],[-7848]],"properties":{"anthrome":51}},{"type":"Polygon","arcs":[[8182,-8178]],"properties":{"anthrome":52}},{"type":"Polygon","arcs":[[8183,8184,8185,-8176]],"properties":{"anthrome":61}},{"type":"Polygon","arcs":[[8186,8187,8188,-8185]],"properties":{"anthrome":32}},{"type":"Polygon","arcs":[[8189]],"properties":{"anthrome":32}},{"type":"Polygon","arcs":[[8190]],"properties":{"anthrome":52}},{"type":"Polygon","arcs":[[-8147,8191,8192]],"properties":{"anthrome":51}},{"type":"Polygon","arcs":[[8193]],"properties":{"anthrome":32}},{"type":"Polygon","arcs":[[-8139,8194,8195]],"properties":{"anthrome":61}},{"type":"Polygon","arcs":[[-7868,8196,8197,8198,8199,8200,8201,8202]],"properties":{"anthrome":52}},{"type":"Polygon","arcs":[[8203,8204,8205,8206]],"properties":{"anthrome":32}},{"type":"Polygon","arcs":[[8207]],"properties":{"anthrome":51}},{"type":"Polygon","arcs":[[8208,8209]],"properties":{"anthrome":54}},{"type":"Polygon","arcs":[[8210,8211,8212,8213,8214,-8150]],"properties":{"anthrome":52}},{"type":"Polygon","arcs":[[8215,8216,8217]],"properties":{"anthrome":54}},{"type":"Polygon","arcs":[[8218]],"properties":{"anthrome":61}},{"type":"Polygon","arcs":[[8219,8220,8221]],"properties":{"anthrome":32}},{"type":"Polygon","arcs":[[8222,8223,8224]],"properties":{"anthrome":32}},{"type":"Polygon","arcs":[[8225,-8199,8226]],"properties":{"anthrome":54}},{"type":"Polygon","arcs":[[8227,8228]],"properties":{"anthrome":33}},{"type":"Polygon","arcs":[[8229,8230,-8159]],"properties":{"anthrome":54}},{"type":"Polygon","arcs":[[8231,8232,8233]],"properties":{"anthrome":63}},{"type":"Polygon","arcs":[[8234,8235]],"properties":{"anthrome":54}},{"type":"Polygon","arcs":[[8236]],"properties":{"anthrome":62}},{"type":"Polygon","arcs":[[8237]],"properties":{"anthrome":62}},{"type":"Polygon","arcs":[[8238]],"properties":{"anthrome":54}},{"type":"Polygon","arcs":[[-8183,8239]],"properties":{"anthrome":61}},{"type":"Polygon","arcs":[[8240,8241,8242,8243]],"properties":{"anthrome":52}},{"type":"Polygon","arcs":[[8244]],"properties":{"anthrome":54}},{"type":"Polygon","arcs":[[8245,8246]],"properties":{"anthrome":32}},{"type":"Polygon","arcs":[[8247,8248]],"properties":{"anthrome":61}},{"type":"Polygon","arcs":[[8249,8250]],"properties":{"anthrome":52}},{"type":"Polygon","arcs":[[8251,8252,8253,8254]],"properties":{"anthrome":51}},{"type":"Polygon","arcs":[[-7759,-7798,8255,-7800,8256,8257,8258,8259,8260,-8233,8261,-8161,8262,-7876,8263,-7818,8264,8265,-7817,-7872,8266]],"properties":{"anthrome":53}},{"type":"Polygon","arcs":[[8267]],"properties":{"anthrome":54}},{"type":"Polygon","arcs":[[8268]],"properties":{"anthrome":54}},{"type":"Polygon","arcs":[[8269]],"properties":{"anthrome":43}},{"type":"Polygon","arcs":[[8270,8271,8272,8273]],"properties":{"anthrome":54}},{"type":"Polygon","arcs":[[8274,8275,-8259]],"properties":{"anthrome":61}},{"type":"Polygon","arcs":[[8276,8277]],"properties":{"anthrome":32}},{"type":"Polygon","arcs":[[8278,8279,8280]],"properties":{"anthrome":32}},{"type":"Polygon","arcs":[[-8243,8281,8282,8283]],"properties":{"anthrome":54}},{"type":"Polygon","arcs":[[-8206,8284,8285,-8282]],"properties":{"anthrome":51}},{"type":"Polygon","arcs":[[8286,-7103,8287,-7417,8288,8289,8290,8291,8292,-8136,8293,-8218,8294,8295,8296,8297,-7747,8298,-7970,-7969,-7575,-7968,8299,-7331,8300,-7212,-7211,8301,8302,8303,-7204,-7142],[-7602],[-7804]],"properties":{"anthrome":52}},{"type":"Polygon","arcs":[[8304,8305,8306]],"properties":{"anthrome":52}},{"type":"Polygon","arcs":[[8307,8308]],"properties":{"anthrome":52}},{"type":"Polygon","arcs":[[8309,8310,8311,-8195]],"properties":{"anthrome":53}},{"type":"Polygon","arcs":[[8312,8313,8314,-7510,8315,8316,-7631,8317,8318,8319,-7863,8320,8321,8322,8323,-8252,8324,-8123,-7814,-7793,8325,-7661,8326,8327,-7374,-7243],[-7420]],"properties":{"anthrome":52}},{"type":"Polygon","arcs":[[8328,8329,8330,8331]],"properties":{"anthrome":54}},{"type":"Polygon","arcs":[[8332,8333,8334,8335,8336]],"properties":{"anthrome":54}},{"type":"Polygon","arcs":[[8337,-8227,8338,8339,-8201]],"properties":{"anthrome":51}},{"type":"Polygon","arcs":[[8340,8341,8342,8343]],"properties":{"anthrome":54}},{"type":"Polygon","arcs":[[8344,8345]],"properties":{"anthrome":62}},{"type":"Polygon","arcs":[[8346]],"properties":{"anthrome":61}},{"type":"Polygon","arcs":[[-8254,8347,8348]],"properties":{"anthrome":33}},{"type":"Polygon","arcs":[[8349]],"properties":{"anthrome":52}},{"type":"Polygon","arcs":[[8350,8351,8352,8353]],"properties":{"anthrome":32}},{"type":"Polygon","arcs":[[8354,8355]],"properties":{"anthrome":33}},{"type":"Polygon","arcs":[[8356]],"properties":{"anthrome":61}},{"type":"Polygon","arcs":[[8357]],"properties":{"anthrome":61}},{"type":"Polygon","arcs":[[8358]],"properties":{"anthrome":54}},{"type":"Polygon","arcs":[[8359,8360,8361]],"properties":{"anthrome":54}},{"type":"Polygon","arcs":[[8362,-8360]],"properties":{"anthrome":62}},{"type":"Polygon","arcs":[[8363]],"properties":{"anthrome":54}},{"type":"Polygon","arcs":[[8364,8365]],"properties":{"anthrome":32}},{"type":"Polygon","arcs":[[-8250,8366,8367,8368,-8306]],"properties":{"anthrome":54}},{"type":"Polygon","arcs":[[8369,8370]],"properties":{"anthrome":61}},{"type":"Polygon","arcs":[[8371]],"properties":{"anthrome":54}},{"type":"Polygon","arcs":[[8372]],"properties":{"anthrome":54}},{"type":"Polygon","arcs":[[-8311,8373]],"properties":{"anthrome":61}},{"type":"Polygon","arcs":[[8374,8375]],"properties":{"anthrome":54}},{"type":"Polygon","arcs":[[8376,8377]],"properties":{"anthrome":62}},{"type":"Polygon","arcs":[[8378,8379,8380]],"properties":{"anthrome":32}},{"type":"Polygon","arcs":[[-8286,8381,8382]],"properties":{"anthrome":54}},{"type":"Polygon","arcs":[[8383,8384,8385,-8382]],"properties":{"anthrome":51}},{"type":"Polygon","arcs":[[8386,8387,8388,-8385]],"properties":{"anthrome":52}},{"type":"Polygon","arcs":[[8389,8390,8391,8392]],"properties":{"anthrome":52}},{"type":"Polygon","arcs":[[8393,8394,8395,8396]],"properties":{"anthrome":54}},{"type":"Polygon","arcs":[[8397]],"properties":{"anthrome":54}},{"type":"Polygon","arcs":[[8398,8399]],"properties":{"anthrome":52}},{"type":"Polygon","arcs":[[8400,8401]],"properties":{"anthrome":54}},{"type":"Polygon","arcs":[[-8361,8402,8403,-8401]],"properties":{"anthrome":62}},{"type":"Polygon","arcs":[[8404,8405]],"properties":{"anthrome":54}},{"type":"Polygon","arcs":[[-8336,8406,8407,8408]],"properties":{"anthrome":32}},{"type":"Polygon","arcs":[[8409]],"properties":{"anthrome":54}},{"type":"Polygon","arcs":[[8410,8411]],"properties":{"anthrome":32}},{"type":"Polygon","arcs":[[8412,8413]],"properties":{"anthrome":32}},{"type":"Polygon","arcs":[[8414,8415,-8221,8416,8417,8418,8419,8420,-8354,8421,8422,8423,-8395,8424,8425,8426,8427,-8323,8428],[-8350]],"properties":{"anthrome":51}},{"type":"Polygon","arcs":[[8429,8430,8431,8432,8433,-8390,8434,8435,-7891]],"properties":{"anthrome":54}},{"type":"Polygon","arcs":[[8436,8437,8438,8439]],"properties":{"anthrome":52}},{"type":"Polygon","arcs":[[8440,8441,-8438]],"properties":{"anthrome":54}},{"type":"Polygon","arcs":[[-8427,8442]],"properties":{"anthrome":32}},{"type":"Polygon","arcs":[[8443]],"properties":{"anthrome":52}},{"type":"Polygon","arcs":[[8444,8445]],"properties":{"anthrome":61}},{"type":"Polygon","arcs":[[8446,8447,8448]],"properties":{"anthrome":52}},{"type":"Polygon","arcs":[[8449,8450]],"properties":{"anthrome":52}},{"type":"Polygon","arcs":[[8451,8452]],"properties":{"anthrome":61}},{"type":"Polygon","arcs":[[8453]],"properties":{"anthrome":62}},{"type":"Polygon","arcs":[[8454]],"properties":{"anthrome":62}},{"type":"Polygon","arcs":[[8455,8456]],"properties":{"anthrome":54}},{"type":"Polygon","arcs":[[8457,8458]],"properties":{"anthrome":62}},{"type":"Polygon","arcs":[[8459]],"properties":{"anthrome":32}},{"type":"Polygon","arcs":[[8460,8461,8462,8463]],"properties":{"anthrome":32}},{"type":"Polygon","arcs":[[8464]],"properties":{"anthrome":32}},{"type":"Polygon","arcs":[[8465,8466]],"properties":{"anthrome":54}},{"type":"Polygon","arcs":[[8467,8468,8469,8470]],"properties":{"anthrome":54}},{"type":"Polygon","arcs":[[8471,8472]],"properties":{"anthrome":54}},{"type":"Polygon","arcs":[[8473,8474,8475,8476]],"properties":{"anthrome":54}},{"type":"Polygon","arcs":[[8477,8478]],"properties":{"anthrome":61}},{"type":"Polygon","arcs":[[8479,8480]],"properties":{"anthrome":61}},{"type":"Polygon","arcs":[[8481,8482,8483]],"properties":{"anthrome":54}},{"type":"Polygon","arcs":[[8484,-8440,8485,8486,-8474,8487]],"properties":{"anthrome":51}},{"type":"Polygon","arcs":[[8488]],"properties":{"anthrome":53}},{"type":"Polygon","arcs":[[8489,8490,8491,8492]],"properties":{"anthrome":54}},{"type":"Polygon","arcs":[[8493,-8397,8494,8495,8496,-8426]],"properties":{"anthrome":52}},{"type":"Polygon","arcs":[[8497]],"properties":{"anthrome":51}},{"type":"Polygon","arcs":[[8498,8499,8500]],"properties":{"anthrome":51}},{"type":"Polygon","arcs":[[8501]],"properties":{"anthrome":61}},{"type":"Polygon","arcs":[[8502,8503,8504,8505]],"properties":{"anthrome":52}},{"type":"Polygon","arcs":[[8506,-8504,-8450]],"properties":{"anthrome":53}},{"type":"Polygon","arcs":[[8507]],"properties":{"anthrome":54}},{"type":"Polygon","arcs":[[8508]],"properties":{"anthrome":54}},{"type":"Polygon","arcs":[[8509]],"properties":{"anthrome":62}},{"type":"Polygon","arcs":[[8510,8511,8512]],"properties":{"anthrome":54}},{"type":"Polygon","arcs":[[8513,8514]],"properties":{"anthrome":32}},{"type":"Polygon","arcs":[[-8476,8515,8516]],"properties":{"anthrome":62}},{"type":"Polygon","arcs":[[8517,8518,8519,-8478]],"properties":{"anthrome":52}},{"type":"Polygon","arcs":[[8520,-8400,-8451,-8503,8521,8522,-8449,8523,8524,8525,-8482,-8275],[-8398]],"properties":{"anthrome":53}},{"type":"Polygon","arcs":[[-8280,-8381,8526,8527,8528,8529,8530,-8514,-8462,8531,8532,8533]],"properties":{"anthrome":54}},{"type":"Polygon","arcs":[[8534,8535,8536]],"properties":{"anthrome":53}},{"type":"Polygon","arcs":[[8537,8538,8539,8540]],"properties":{"anthrome":61}},{"type":"Polygon","arcs":[[8541,8542,8543,8544,-8452]],"properties":{"anthrome":53}},{"type":"Polygon","arcs":[[8545,8546,8547,-8432]],"properties":{"anthrome":52}},{"type":"Polygon","arcs":[[8548,8549]],"properties":{"anthrome":32}},{"type":"Polygon","arcs":[[8550]],"properties":{"anthrome":52}},{"type":"Polygon","arcs":[[-8535,8551]],"properties":{"anthrome":54}},{"type":"Polygon","arcs":[[8552,-8525]],"properties":{"anthrome":61}},{"type":"Polygon","arcs":[[-8544,8553]],"properties":{"anthrome":54}},{"type":"Polygon","arcs":[[8554]],"properties":{"anthrome":53}},{"type":"Polygon","arcs":[[8555,8556]],"properties":{"anthrome":53}},{"type":"Polygon","arcs":[[8557]],"properties":{"anthrome":62}},{"type":"Polygon","arcs":[[8558,8559]],"properties":{"anthrome":62}},{"type":"Polygon","arcs":[[8560,8561,8562]],"properties":{"anthrome":54}},{"type":"Polygon","arcs":[[-8512,8563,-8561]],"properties":{"anthrome":62}},{"type":"Polygon","arcs":[[-8531,8564]],"properties":{"anthrome":32}},{"type":"Polygon","arcs":[[8565,8566,8567,8568]],"properties":{"anthrome":54}},{"type":"Polygon","arcs":[[8569,8570]],"properties":{"anthrome":53}},{"type":"Polygon","arcs":[[8571,8572,8573]],"properties":{"anthrome":51}},{"type":"Polygon","arcs":[[8574]],"properties":{"anthrome":53}},{"type":"Polygon","arcs":[[8575]],"properties":{"anthrome":62}},{"type":"Polygon","arcs":[[8576,8577]],"properties":{"anthrome":62}},{"type":"Polygon","arcs":[[8578]],"properties":{"anthrome":62}},{"type":"Polygon","arcs":[[-8530,8579,8580,8581]],"properties":{"anthrome":32}},{"type":"Polygon","arcs":[[8582,8583,8584]],"properties":{"anthrome":61}},{"type":"Polygon","arcs":[[-8144,-8193,8585,-8214,8586,8587,8588,-8412,8589,8590,8591,8592,8593,-8388,8594,8595]],"properties":{"anthrome":54}},{"type":"Polygon","arcs":[[8596,8597]],"properties":{"anthrome":61}},{"type":"Polygon","arcs":[[8598,8599]],"properties":{"anthrome":62}},{"type":"Polygon","arcs":[[8600,8601,8602]],"properties":{"anthrome":42}},{"type":"Polygon","arcs":[[-8570,8603,8604]],"properties":{"anthrome":52}},{"type":"Polygon","arcs":[[8605,8606]],"properties":{"anthrome":33}},{"type":"Polygon","arcs":[[8607]],"properties":{"anthrome":54}},{"type":"Polygon","arcs":[[8608]],"properties":{"anthrome":62}},{"type":"Polygon","arcs":[[8609,8610]],"properties":{"anthrome":43}},{"type":"Polygon","arcs":[[8611]],"properties":{"anthrome":54}},{"type":"Polygon","arcs":[[8612,8613,8614,8615]],"properties":{"anthrome":32}},{"type":"Polygon","arcs":[[-8584,8616,8617]],"properties":{"anthrome":54}},{"type":"Polygon","arcs":[[-7609,8618,8619,8620,8621,8622,-8603,8623,8624,8625,8626,8627,-8277,8628,-8125,8629,8630],[-7667],[-8238]],"properties":{"anthrome":54}},{"type":"Polygon","arcs":[[8631,8632,-2960,8633,-3158,8634,-3472,8635,-3495,8636,-7493,8637,-7490,8638,8639,-7487,8640,8641,-5037,8642,-7482,8643,-7316,-7376,-7422,8644,-7796,8645,-8203,8646,-8158,8647,-8339,8648,8649,-8355,8650,8651,-8500,8652,8653,8654,-8574,8655,8656,8657,8658,8659,-8496,8660,-8423,8661,-8352,8662,8663,-8224,8664,-8418,8665,8666,-8415,8667,8668,-7861,8669,-8319,8670,8671,8672,8673,-8314,8674,-7244,-7373,8675,-8327,8676,8677,8678,8679,-7149,8680,-6962,8681,-6420,8682,8683,-6645,8684,-6781,-6780,-6741,8685,-7180,-7179,8686,-7176,-6473,-6304,-6002,-6090,8687,-5343,8688,-6956,-4750,-4749,8689,-4743,-4746,8690,-6954,-4884,8691,-5058,-5057,8692,8693,8694,-4365,8695,-4294,8696,8697,-4445,8698,-5065,8699,-4640,8700,-4779,8701,-4384,8702,-4230,8703,-3668],[-3016],[-3493],[-3719],[-3874],[-3875],[-4087],[-4088],[-4368,-4367],[-4089],[-4203],[-4325],[-4326],[-4446],[-4645],[-4685],[-4646],[-4748],[-4798],[-5115],[-5768],[-5843],[-5959],[-6372],[-6859,-6858],[-6860],[-6891],[-7106],[-7188],[-7224],[-7590],[8704,-7686,-7733,8705,8706,-7683,8707,-7632],[8708,-7864,8709,-7846],[-8444],[-8498],[-8551]],"properties":{"anthrome":54}},{"type":"Polygon","arcs":[[-8463,-8515,-8565,-8582,8710,8711,8712,-8613,8713,8714,8715,8716]],"properties":{"anthrome":54}},{"type":"Polygon","arcs":[[8717]],"properties":{"anthrome":62}},{"type":"Polygon","arcs":[[-8715,8718,8719,8720,8721],[-8612]],"properties":{"anthrome":51}},{"type":"Polygon","arcs":[[8722]],"properties":{"anthrome":51}},{"type":"Polygon","arcs":[[-8626,8723]],"properties":{"anthrome":62}},{"type":"Polygon","arcs":[[8724,8725]],"properties":{"anthrome":33}},{"type":"Polygon","arcs":[[8726]],"properties":{"anthrome":54}},{"type":"Polygon","arcs":[[8727,8728,8729]],"properties":{"anthrome":42}},{"type":"Polygon","arcs":[[8730]],"properties":{"anthrome":62}},{"type":"Polygon","arcs":[[8731,8732,8733]],"properties":{"anthrome":54}},{"type":"Polygon","arcs":[[-8615,8734,8735]],"properties":{"anthrome":51}},{"type":"Polygon","arcs":[[8736,8737]],"properties":{"anthrome":32}},{"type":"Polygon","arcs":[[8738,8739]],"properties":{"anthrome":61}},{"type":"Polygon","arcs":[[8740,8741,8742,-8725,8743,-8606,8744,-8549,-8660]],"properties":{"anthrome":52}},{"type":"Polygon","arcs":[[-8556,8745,8746,8747]],"properties":{"anthrome":51}},{"type":"Polygon","arcs":[[8748,8749,8750,8751]],"properties":{"anthrome":43}},{"type":"Polygon","arcs":[[8752,8753,8754,-8742]],"properties":{"anthrome":51}},{"type":"Polygon","arcs":[[8755,8756,8757]],"properties":{"anthrome":42}},{"type":"Polygon","arcs":[[8758]],"properties":{"anthrome":52}},{"type":"Polygon","arcs":[[8759,8760,8761]],"properties":{"anthrome":51}},{"type":"Polygon","arcs":[[8762,8763,8764]],"properties":{"anthrome":61}},{"type":"Polygon","arcs":[[8765,8766]],"properties":{"anthrome":34}},{"type":"Polygon","arcs":[[8767,-8747]],"properties":{"anthrome":61}},{"type":"Polygon","arcs":[[8768]],"properties":{"anthrome":43}},{"type":"Polygon","arcs":[[8769,8770]],"properties":{"anthrome":53}},{"type":"Polygon","arcs":[[-7572,-7587,8771,-7670,-7669,8772,-7898,8773,8774,-8210,-8406,8775,-8513,-8563,8776,8777,8778,8779,-8734,8780,8781,8782,8783,-8749,-8621,-8620,-8619,-7592,-7552,-7726,-7725,-7724,-7998],[-7288],[-7324,-7323],[-7697],[-7847],[-8239],[-8269]],"properties":{"anthrome":62}},{"type":"Polygon","arcs":[[8784,-8376,8785,-8597,8786,8787,8788,-8540,8789,8790,8791]],"properties":{"anthrome":53}},{"type":"Polygon","arcs":[[8792,8793,8794]],"properties":{"anthrome":53}},{"type":"Polygon","arcs":[[8795,-8781]],"properties":{"anthrome":54}},{"type":"Polygon","arcs":[[-8720,-8736,8796,8797,-8721]],"properties":{"anthrome":54}},{"type":"Polygon","arcs":[[8798]],"properties":{"anthrome":32}},{"type":"Polygon","arcs":[[8799,8800,8801]],"properties":{"anthrome":61}},{"type":"Polygon","arcs":[[8802,8803,8804]],"properties":{"anthrome":42}},{"type":"Polygon","arcs":[[8805]],"properties":{"anthrome":43}},{"type":"Polygon","arcs":[[8806]],"properties":{"anthrome":43}},{"type":"Polygon","arcs":[[8807,8808,8809,8810]],"properties":{"anthrome":41}},{"type":"Polygon","arcs":[[8811,8812]],"properties":{"anthrome":61}},{"type":"Polygon","arcs":[[8813]],"properties":{"anthrome":61}},{"type":"Polygon","arcs":[[8814,8815,8816]],"properties":{"anthrome":61}},{"type":"Polygon","arcs":[[-8169,8817,8818,-8342,8819,8820,8821,8822,8823,-8803,-8756,8824,8825,8826,8827,-8331,8828,8829,8830]],"properties":{"anthrome":43}},{"type":"Polygon","arcs":[[8831,-8611,8832,8833,8834,8835,8836,-8778]],"properties":{"anthrome":54}},{"type":"Polygon","arcs":[[8837,-6726,8838,-6850,8839,-7084,-7083,8840,-7063,8841,-7057,8842,-6985,8843,-7298,-7222,-7285,-7342,8844,-7424,-7529,8845,8846,8847,8848,8849,8850,8851,-8362,-8402,8852,8853,8854,-8821,8855,-8344,8856,8857,-8167,8858,-8830,8859,-8329,8860,-7823,8861,-7664,8862,-7347,8863,8864,-7303,8865,8866,-7339,8867,-7264,8868,-7165,8869,-7089,8870,-6980,-6972,-7034,-7033],[-6754],[-6855],[-6896],[-7337],[-7301],[-7193],[-7230,-7231],[-7610],[-7393],[-7511],[-7423],[-7524],[-7525],[-7526],[-7527],[-7652],[-7653],[-7654],[-7635],[-7666],[-7839],[-8119],[-8155],[-7879],[-7880],[-8142],[-8171],[-8268],[-8235,-8236],[-8372],[-8359],[-8456,-8457],[-8509]],"properties":{"anthrome":62}},{"type":"Polygon","arcs":[[8871,-8770,8872,8873,8874,-8617]],"properties":{"anthrome":52}},{"type":"Polygon","arcs":[[8875,-8834]],"properties":{"anthrome":43}},{"type":"Polygon","arcs":[[8876,8877,8878]],"properties":{"anthrome":61}},{"type":"Polygon","arcs":[[8879,8880,8881]],"properties":{"anthrome":43}},{"type":"Polygon","arcs":[[8882,8883,8884,8885]],"properties":{"anthrome":42}},{"type":"Polygon","arcs":[[8886,8887,8888]],"properties":{"anthrome":54}},{"type":"Polygon","arcs":[[8889,8890,8891]],"properties":{"anthrome":32}},{"type":"Polygon","arcs":[[8892,8893]],"properties":{"anthrome":53}},{"type":"Polygon","arcs":[[8894]],"properties":{"anthrome":62}},{"type":"Polygon","arcs":[[8895,8896]],"properties":{"anthrome":51}},{"type":"Polygon","arcs":[[8897,8898,-8896]],"properties":{"anthrome":52}},{"type":"Polygon","arcs":[[8899]],"properties":{"anthrome":32}},{"type":"Polygon","arcs":[[8900]],"properties":{"anthrome":51}},{"type":"Polygon","arcs":[[8901,8902]],"properties":{"anthrome":43}},{"type":"Polygon","arcs":[[8903]],"properties":{"anthrome":33}},{"type":"Polygon","arcs":[[8904,8905,8906]],"properties":{"anthrome":43}},{"type":"Polygon","arcs":[[8907]],"properties":{"anthrome":32}},{"type":"Polygon","arcs":[[8908,8909,8910]],"properties":{"anthrome":32}},{"type":"Polygon","arcs":[[8911,8912,8913,8914]],"properties":{"anthrome":32}},{"type":"Polygon","arcs":[[-8891,8915,8916,-8913]],"properties":{"anthrome":62}},{"type":"Polygon","arcs":[[8917,8918,8919,8920]],"properties":{"anthrome":54}},{"type":"Polygon","arcs":[[-8816,8921,8922,8923,8924,8925]],"properties":{"anthrome":54}},{"type":"Polygon","arcs":[[8926]],"properties":{"anthrome":61}},{"type":"Polygon","arcs":[[8927]],"properties":{"anthrome":52}},{"type":"Polygon","arcs":[[8928]],"properties":{"anthrome":54}},{"type":"Polygon","arcs":[[-8878,8929]],"properties":{"anthrome":62}},{"type":"Polygon","arcs":[[-8881,8930,8931,8932]],"properties":{"anthrome":42}},{"type":"Polygon","arcs":[[8933]],"properties":{"anthrome":43}},{"type":"Polygon","arcs":[[8934,8935]],"properties":{"anthrome":33}},{"type":"Polygon","arcs":[[8936]],"properties":{"anthrome":54}},{"type":"Polygon","arcs":[[8937]],"properties":{"anthrome":43}},{"type":"Polygon","arcs":[[8938,8939]],"properties":{"anthrome":43}},{"type":"Polygon","arcs":[[8940,8941]],"properties":{"anthrome":51}},{"type":"Polygon","arcs":[[8942,8943]],"properties":{"anthrome":61}},{"type":"Polygon","arcs":[[8944,8945,8946,8947]],"properties":{"anthrome":42}},{"type":"Polygon","arcs":[[8948,8949,8950]],"properties":{"anthrome":12}},{"type":"Polygon","arcs":[[8951,8952,8953,-8950]],"properties":{"anthrome":23}},{"type":"Polygon","arcs":[[8954]],"properties":{"anthrome":53}},{"type":"Polygon","arcs":[[-8792,-8791,8955,-8538,8956,-8788,8957,8958,8959,8960,8961,8962,-8943,-8935,8963,-8763,8964,-8762,8965,8966,-8657,8967,8968,-8654,8969,8970,8971,-8446,8972,-8230,8973],[-8208],[-8727],[-8901],[-8929]],"properties":{"anthrome":52}},{"type":"Polygon","arcs":[[8974,-8951,8975,8976,8977]],"properties":{"anthrome":62}},{"type":"Polygon","arcs":[[8978,-8962]],"properties":{"anthrome":54}},{"type":"Polygon","arcs":[[8979,-8809,8980,8981],[-8937]],"properties":{"anthrome":42}},{"type":"Polygon","arcs":[[8982]],"properties":{"anthrome":53}},{"type":"Polygon","arcs":[[-8954,8983,8984,-8976]],"properties":{"anthrome":34}},{"type":"Polygon","arcs":[[8985,8986]],"properties":{"anthrome":41}},{"type":"Polygon","arcs":[[8987,8988,8989,8990]],"properties":{"anthrome":62}},{"type":"Polygon","arcs":[[8991,8992,8993]],"properties":{"anthrome":61}},{"type":"Polygon","arcs":[[-8751,8994,-8783,8995,-8907,8996,-8888,-8796,-8733,8997,8998,-8836,8999,-8940,9000,-8987,9001,9002,9003],[-8938]],"properties":{"anthrome":42}},{"type":"Polygon","arcs":[[9004,-8915,9005,9006,9007,9008,9009,9010,9011,9012,9013,9014,9015]],"properties":{"anthrome":54}},{"type":"Polygon","arcs":[[9016]],"properties":{"anthrome":53}},{"type":"Polygon","arcs":[[-9013,9017,9018,9019]],"properties":{"anthrome":32}},{"type":"Polygon","arcs":[[9020,9021]],"properties":{"anthrome":61}},{"type":"Polygon","arcs":[[9022,9023]],"properties":{"anthrome":52}},{"type":"Polygon","arcs":[[9024,9025,9026]],"properties":{"anthrome":33}},{"type":"Polygon","arcs":[[9027,9028,9029,-9010]],"properties":{"anthrome":23}},{"type":"Polygon","arcs":[[9030,9031]],"properties":{"anthrome":61}},{"type":"Polygon","arcs":[[-8990,9032]],"properties":{"anthrome":61}},{"type":"Polygon","arcs":[[9033,9034,9035]],"properties":{"anthrome":61}},{"type":"Polygon","arcs":[[9036]],"properties":{"anthrome":61}},{"type":"Polygon","arcs":[[-8622,9037,-9003,9038,9039,9040,9041,9042,-8952,9043,-8625,9044,9045]],"properties":{"anthrome":41}},{"type":"Polygon","arcs":[[9046,9047]],"properties":{"anthrome":53}},{"type":"Polygon","arcs":[[9048,9049,9050]],"properties":{"anthrome":42}},{"type":"Polygon","arcs":[[9051,9052,9053,9054,-9025]],"properties":{"anthrome":41}},{"type":"Polygon","arcs":[[9055,9056,-9029,9057,-9008]],"properties":{"anthrome":51}},{"type":"Polygon","arcs":[[9058,9059,9060]],"properties":{"anthrome":61}},{"type":"Polygon","arcs":[[9061]],"properties":{"anthrome":62}},{"type":"Polygon","arcs":[[9062,-9040]],"properties":{"anthrome":34}},{"type":"Polygon","arcs":[[9063,-9054,9064]],"properties":{"anthrome":42}},{"type":"Polygon","arcs":[[9065]],"properties":{"anthrome":32}},{"type":"Polygon","arcs":[[9066]],"properties":{"anthrome":32}},{"type":"Polygon","arcs":[[9067]],"properties":{"anthrome":53}},{"type":"Polygon","arcs":[[9068,-9061,9069,9070]],"properties":{"anthrome":62}},{"type":"Polygon","arcs":[[9071]],"properties":{"anthrome":51}},{"type":"Polygon","arcs":[[9072,9073,9074]],"properties":{"anthrome":63}},{"type":"Polygon","arcs":[[9075,9076]],"properties":{"anthrome":53}},{"type":"Polygon","arcs":[[9077,9078,9079,9080]],"properties":{"anthrome":52}},{"type":"Polygon","arcs":[[9081,9082,9083]],"properties":{"anthrome":42}},{"type":"Polygon","arcs":[[9084,9085]],"properties":{"anthrome":61}},{"type":"Polygon","arcs":[[9086,9087]],"properties":{"anthrome":53}},{"type":"Polygon","arcs":[[9088]],"properties":{"anthrome":52}},{"type":"Polygon","arcs":[[9089,9090]],"properties":{"anthrome":52}},{"type":"Polygon","arcs":[[9091,9092,9093,9094]],"properties":{"anthrome":54}},{"type":"Polygon","arcs":[[9095,9096,9097,9098,9099]],"properties":{"anthrome":54}},{"type":"Polygon","arcs":[[9100,9101]],"properties":{"anthrome":62}},{"type":"Polygon","arcs":[[9102,9103,9104,9105]],"properties":{"anthrome":61}},{"type":"Polygon","arcs":[[9106,9107]],"properties":{"anthrome":61}},{"type":"Polygon","arcs":[[9108,9109,-9107]],"properties":{"anthrome":52}},{"type":"Polygon","arcs":[[9110,9111]],"properties":{"anthrome":61}},{"type":"Polygon","arcs":[[9112,9113]],"properties":{"anthrome":62}},{"type":"Polygon","arcs":[[9114,9115]],"properties":{"anthrome":62}},{"type":"Polygon","arcs":[[9116]],"properties":{"anthrome":23}},{"type":"Polygon","arcs":[[-9074,9117]],"properties":{"anthrome":33}},{"type":"Polygon","arcs":[[9118]],"properties":{"anthrome":61}},{"type":"Polygon","arcs":[[9119,-7893,9120,9121,-8392,9122,9123,-8547,-8605,-8875,9124,-8924,9125,9126,9127,9128,9129,9130,-9034,-8993,9131,9132,9133,9134,-8309,-8251,-8305,9135,-8468,9136,9137,9138,-8920,9139,9140,9141,-8273,9142,9143,9144,-8297],[-9089]],"properties":{"anthrome":53}},{"type":"Polygon","arcs":[[9145,9146,-9081,9147,9148,9149,9150,-9101,9151,-9023,-8961]],"properties":{"anthrome":54}},{"type":"Polygon","arcs":[[9152,-8884,9153,9154,9155,-9084,9156,9157,9158,-9049,9159,9160,9161,9162,-8945,9163,9164]],"properties":{"anthrome":43}},{"type":"Polygon","arcs":[[9165,9166,9167]],"properties":{"anthrome":53}},{"type":"Polygon","arcs":[[-9112,9168,9169,9170]],"properties":{"anthrome":53}},{"type":"Polygon","arcs":[[9171,9172,9173,9174]],"properties":{"anthrome":52}},{"type":"Polygon","arcs":[[9175]],"properties":{"anthrome":53}},{"type":"Polygon","arcs":[[9176,9177,9178,9179]],"properties":{"anthrome":32}},{"type":"Polygon","arcs":[[9180,9181,9182]],"properties":{"anthrome":53}},{"type":"Polygon","arcs":[[9183,9184,9185,-9181]],"properties":{"anthrome":61}},{"type":"Polygon","arcs":[[9186]],"properties":{"anthrome":61}},{"type":"Polygon","arcs":[[9187,9188,-9174]],"properties":{"anthrome":53}},{"type":"Polygon","arcs":[[9189]],"properties":{"anthrome":42}},{"type":"Polygon","arcs":[[9190,9191]],"properties":{"anthrome":62}},{"type":"Polygon","arcs":[[9192]],"properties":{"anthrome":23}},{"type":"Polygon","arcs":[[9193,9194,9195,9196,-9097,9197]],"properties":{"anthrome":51}},{"type":"Polygon","arcs":[[9198]],"properties":{"anthrome":52}},{"type":"Polygon","arcs":[[9199,9200,9201,9202,9203]],"properties":{"anthrome":54}},{"type":"Polygon","arcs":[[9204,9205,9206,9207]],"properties":{"anthrome":52}},{"type":"Polygon","arcs":[[9208,9209,9210]],"properties":{"anthrome":52}},{"type":"Polygon","arcs":[[9211,9212,9213,-9094]],"properties":{"anthrome":23}},{"type":"Polygon","arcs":[[9214,-9130,9215,9216,9217,9218,9219]],"properties":{"anthrome":54}},{"type":"Polygon","arcs":[[9220,9221,9222,9223]],"properties":{"anthrome":32}},{"type":"Polygon","arcs":[[9224,-9202]],"properties":{"anthrome":52}},{"type":"Polygon","arcs":[[-9186,9225,9226]],"properties":{"anthrome":53}},{"type":"Polygon","arcs":[[9227,9228]],"properties":{"anthrome":52}},{"type":"Polygon","arcs":[[9229,9230]],"properties":{"anthrome":52}},{"type":"Polygon","arcs":[[9231]],"properties":{"anthrome":62}},{"type":"Polygon","arcs":[[9232,9233]],"properties":{"anthrome":61}},{"type":"Polygon","arcs":[[9234,9235]],"properties":{"anthrome":53}},{"type":"Polygon","arcs":[[-9180,9236,9237,9238,9239,9240]],"properties":{"anthrome":54}},{"type":"Polygon","arcs":[[9241,9242,9243]],"properties":{"anthrome":61}},{"type":"Polygon","arcs":[[-9071,9244,9245,9246,9247,9248,9249,9250,9251,9252,9253,9254,9255]],"properties":{"anthrome":54}},{"type":"Polygon","arcs":[[9256,9257,9258,9259]],"properties":{"anthrome":52}},{"type":"Polygon","arcs":[[9260,9261,9262]],"properties":{"anthrome":42}},{"type":"Polygon","arcs":[[9263]],"properties":{"anthrome":62}},{"type":"Polygon","arcs":[[9264,9265]],"properties":{"anthrome":62}},{"type":"Polygon","arcs":[[9266,9267,9268,-9225]],"properties":{"anthrome":54}},{"type":"Polygon","arcs":[[9269,9270,-9252]],"properties":{"anthrome":53}},{"type":"Polygon","arcs":[[9271,9272,9273]],"properties":{"anthrome":53}},{"type":"Polygon","arcs":[[-9228,9274,9275]],"properties":{"anthrome":54}},{"type":"Polygon","arcs":[[9276,9277,-9275]],"properties":{"anthrome":53}},{"type":"Polygon","arcs":[[9278,9279,9280]],"properties":{"anthrome":53}},{"type":"Polygon","arcs":[[9281,9282]],"properties":{"anthrome":43}},{"type":"Polygon","arcs":[[9283,-7748,-8153,9284,9285,-8271,9286,-9141,9287,-8918,9288,-9138,9289,-8470,9290,-8368,9291,-8473,9292,9293,-8569,9294,-8795,9295,9296,-9133,9297,-8994,-9036,9298,-9220,9299,-9194,9300,-9100,-9168,9301,-9077,9302,-8988,9303,-9087,9304,9305,9306,9307,-9031,9308,9309,-8466,9310,-8248,9311,9312],[-8156],[-7743],[-8373],[-8723],[-8955],[-9068]],"properties":{"anthrome":52}},{"type":"Polygon","arcs":[[-9105,9313,9314,9315,9316,9317,9318,9319,-9150,9320]],"properties":{"anthrome":52}},{"type":"Polygon","arcs":[[-9170,9321,9322,9323,-9247,9324]],"properties":{"anthrome":52}},{"type":"Polygon","arcs":[[9325,-9213,9326,9327,9328]],"properties":{"anthrome":54}},{"type":"Polygon","arcs":[[9329,9330,-9319]],"properties":{"anthrome":53}},{"type":"Polygon","arcs":[[-9223,9331,9332,9333,-9317,9334]],"properties":{"anthrome":51}},{"type":"Polygon","arcs":[[9335,9336]],"properties":{"anthrome":53}},{"type":"Polygon","arcs":[[-9265,9337,9338]],"properties":{"anthrome":54}},{"type":"Polygon","arcs":[[-9240,9339,9340,-9338]],"properties":{"anthrome":53}},{"type":"Polygon","arcs":[[9341,9342,9343,9344]],"properties":{"anthrome":61}},{"type":"Polygon","arcs":[[9345,9346,9347,-9343]],"properties":{"anthrome":62}},{"type":"Polygon","arcs":[[9348,9349,9350]],"properties":{"anthrome":61}},{"type":"Polygon","arcs":[[9351,9352,9353]],"properties":{"anthrome":52}},{"type":"Polygon","arcs":[[9354]],"properties":{"anthrome":62}},{"type":"Polygon","arcs":[[9355]],"properties":{"anthrome":42}},{"type":"Polygon","arcs":[[9356,9357,9358]],"properties":{"anthrome":32}},{"type":"Polygon","arcs":[[9359,9360,-9357]],"properties":{"anthrome":51}},{"type":"Polygon","arcs":[[9361,9362]],"properties":{"anthrome":61}},{"type":"Polygon","arcs":[[9363,9364]],"properties":{"anthrome":61}},{"type":"Polygon","arcs":[[9365]],"properties":{"anthrome":61}},{"type":"Polygon","arcs":[[9366]],"properties":{"anthrome":61}},{"type":"Polygon","arcs":[[9367,9368,9369,9370,9371]],"properties":{"anthrome":43}},{"type":"Polygon","arcs":[[9372,9373,9374,9375,9376,9377,-9271]],"properties":{"anthrome":52}},{"type":"Polygon","arcs":[[9378,9379]],"properties":{"anthrome":42}},{"type":"Polygon","arcs":[[9380,9381]],"properties":{"anthrome":62}},{"type":"Polygon","arcs":[[9382,9383]],"properties":{"anthrome":53}},{"type":"Polygon","arcs":[[9384]],"properties":{"anthrome":53}},{"type":"Polygon","arcs":[[9385,9386,9387]],"properties":{"anthrome":52}},{"type":"Polygon","arcs":[[9388,-9369,9389]],"properties":{"anthrome":42}},{"type":"Polygon","arcs":[[9390,9391,9392]],"properties":{"anthrome":61}},{"type":"Polygon","arcs":[[9393]],"properties":{"anthrome":61}},{"type":"Polygon","arcs":[[9394,9395]],"properties":{"anthrome":61}},{"type":"Polygon","arcs":[[9396,9397,9398,9399,9400,9401]],"properties":{"anthrome":52}},{"type":"Polygon","arcs":[[-9249,9402,9403,9404,9405,-9375,9406]],"properties":{"anthrome":53}},{"type":"Polygon","arcs":[[-9401,9407,9408]],"properties":{"anthrome":53}},{"type":"Polygon","arcs":[[9409]],"properties":{"anthrome":43}},{"type":"Polygon","arcs":[[9410,9411,9412]],"properties":{"anthrome":54}},{"type":"Polygon","arcs":[[9413,9414]],"properties":{"anthrome":53}},{"type":"Polygon","arcs":[[9415,-9414]],"properties":{"anthrome":54}},{"type":"Polygon","arcs":[[9416,9417]],"properties":{"anthrome":54}},{"type":"Polygon","arcs":[[9418]],"properties":{"anthrome":42}},{"type":"Polygon","arcs":[[9419,9420]],"properties":{"anthrome":42}},{"type":"Polygon","arcs":[[9421,9422]],"properties":{"anthrome":12}},{"type":"Polygon","arcs":[[9423,9424]],"properties":{"anthrome":53}},{"type":"Polygon","arcs":[[9425,9426]],"properties":{"anthrome":61}},{"type":"Polygon","arcs":[[9427,9428,-8801,9429,9430,9431,9432,9433,-9333,9434,9435,9436,9437,-9079,9438,9439,-8959]],"properties":{"anthrome":53}},{"type":"Polygon","arcs":[[-9433,9440]],"properties":{"anthrome":61}},{"type":"Polygon","arcs":[[9441,9442,9443,9444,9445]],"properties":{"anthrome":52}},{"type":"Polygon","arcs":[[9446,9447,9448,9449]],"properties":{"anthrome":52}},{"type":"Polygon","arcs":[[9450,9451,9452,9453,-9448,-9387]],"properties":{"anthrome":53}},{"type":"Polygon","arcs":[[9454]],"properties":{"anthrome":53}},{"type":"Polygon","arcs":[[9455,9456,9457]],"properties":{"anthrome":53}},{"type":"Polygon","arcs":[[9458]],"properties":{"anthrome":62}},{"type":"Polygon","arcs":[[9459,9460]],"properties":{"anthrome":12}},{"type":"Polygon","arcs":[[9461,9462]],"properties":{"anthrome":33}},{"type":"Polygon","arcs":[[-9099,9463,9464,-9217,9465,-9128,-9236,9466,-9424,9467,9468,-9166]],"properties":{"anthrome":52}},{"type":"Polygon","arcs":[[9469,-7258,9470,-7371,-7449,9471,-7620,9472,9473,-7617,-7753,9474,-7330,9475,-7750,9476,-9313,9477,9478,-8129,9479,-8247,9480,-8366,9481,9482,-8591,9483,-8588,9484,-8212,9485,9486,-7851,9487,-7729,9488,-7703,9489,-7856,9490,9491,-7886,-7832,-7883,9492,9493,-8241,9494,-8283,-8383,-8593,-8738,9495,-8813,-8892,9496,-8911,9497,-9015,9498,-9019,9499,-9011,9500,-9329,-9393,9501,-9460,-9422,9502,-9085,9503,-8899,9504,-8797,-8712,9505,9506,-8528,9507,-8379,-8279,9508,-8533,9509,9510,9511,-8408,9512,-8334,9513,-8188,-8120,-7735,-7698,-7810,9514,9515,9516,-7647,-7600,-7547,9517,-7445,9518,9519,-7353,9520,-7980,9521,-7117,9522,9523,-7976,-7975],[-7355],[-7402,9524,-7404,9525],[-7544],[-7447],[-7550],[-7679],[-7680],[-7681],[-7704],[-7742],[-7768,9526,-7770,9527],[-7813],[-7830],[-7833],[-8127],[-8190],[-8191],[-8194],[-8245],[-8364],[-8410],[-8759],[-8900],[-8908],[-9067],[-9117],[-9193]],"properties":{"anthrome":51}},{"type":"Polygon","arcs":[[9528,9529]],"properties":{"anthrome":33}},{"type":"Polygon","arcs":[[9530,9531,9532]],"properties":{"anthrome":52}},{"type":"Polygon","arcs":[[9533,9534]],"properties":{"anthrome":54}},{"type":"Polygon","arcs":[[9535,9536,9537]],"properties":{"anthrome":54}},{"type":"Polygon","arcs":[[9538,9539,9540]],"properties":{"anthrome":54}},{"type":"Polygon","arcs":[[9541,9542]],"properties":{"anthrome":52}},{"type":"Polygon","arcs":[[9543,9544,9545,-9542,9546,9547,-9306]],"properties":{"anthrome":53}},{"type":"Polygon","arcs":[[-9337,9548,9549,9550,-9529,9551,-9431,9552,-9384,9553]],"properties":{"anthrome":52}},{"type":"Polygon","arcs":[[9554,9555]],"properties":{"anthrome":54}},{"type":"Polygon","arcs":[[9556,9557,9558]],"properties":{"anthrome":51}},{"type":"Polygon","arcs":[[9559,9560,9561,9562]],"properties":{"anthrome":61}},{"type":"Polygon","arcs":[[-9551,9563]],"properties":{"anthrome":53}},{"type":"Polygon","arcs":[[9564]],"properties":{"anthrome":53}},{"type":"Polygon","arcs":[[9565,9566]],"properties":{"anthrome":53}},{"type":"Polygon","arcs":[[9567,9568]],"properties":{"anthrome":53}},{"type":"Polygon","arcs":[[9569,9570,9571,9572]],"properties":{"anthrome":53}},{"type":"Polygon","arcs":[[9573,9574,9575,-9571]],"properties":{"anthrome":52}},{"type":"Polygon","arcs":[[9576,-9231,9577,9578,9579,9580,9581,9582,9583,9584,9585,-9575,9586,9587,-9417,9588,-9398,9589,9590]],"properties":{"anthrome":53}},{"type":"Polygon","arcs":[[9591,9592,9593,-9540]],"properties":{"anthrome":51}},{"type":"Polygon","arcs":[[9594]],"properties":{"anthrome":53}},{"type":"Polygon","arcs":[[9595]],"properties":{"anthrome":62}},{"type":"Polygon","arcs":[[9596,9597]],"properties":{"anthrome":61}},{"type":"Polygon","arcs":[[9598,9599]],"properties":{"anthrome":53}},{"type":"Polygon","arcs":[[-9562,9600,9601]],"properties":{"anthrome":62}},{"type":"Polygon","arcs":[[9602,9603,9604,9605]],"properties":{"anthrome":54}},{"type":"Polygon","arcs":[[9606]],"properties":{"anthrome":42}},{"type":"Polygon","arcs":[[9607]],"properties":{"anthrome":53}},{"type":"Polygon","arcs":[[9608,9609]],"properties":{"anthrome":52}},{"type":"Polygon","arcs":[[9610,9611,9612,-9583]],"properties":{"anthrome":54}},{"type":"Polygon","arcs":[[9613]],"properties":{"anthrome":61}},{"type":"Polygon","arcs":[[9614]],"properties":{"anthrome":54}},{"type":"Polygon","arcs":[[9615,9616]],"properties":{"anthrome":53}},{"type":"Polygon","arcs":[[9617,9618,9619]],"properties":{"anthrome":32}},{"type":"Polygon","arcs":[[9620,9621,9622]],"properties":{"anthrome":53}},{"type":"Polygon","arcs":[[9623,9624,9625]],"properties":{"anthrome":54}},{"type":"Polygon","arcs":[[-9558,9626,9627]],"properties":{"anthrome":54}},{"type":"Polygon","arcs":[[9628,9629,9630]],"properties":{"anthrome":54}},{"type":"Polygon","arcs":[[9631]],"properties":{"anthrome":52}},{"type":"Polygon","arcs":[[9632]],"properties":{"anthrome":62}},{"type":"Polygon","arcs":[[-9609,9633]],"properties":{"anthrome":61}},{"type":"Polygon","arcs":[[9634,9635]],"properties":{"anthrome":61}},{"type":"Polygon","arcs":[[9636,9637]],"properties":{"anthrome":61}},{"type":"Polygon","arcs":[[9638,-9254,9639,-9345,9640,9641,9642,-9413,9643,9644,9645,9646,-9267,-9201]],"properties":{"anthrome":53}},{"type":"Polygon","arcs":[[9647,-9588,9648,-9573,9649,9650,9651,9652,9653]],"properties":{"anthrome":54}},{"type":"Polygon","arcs":[[9654,9655,9656,9657,9658]],"properties":{"anthrome":54}},{"type":"Polygon","arcs":[[9659,9660,9661]],"properties":{"anthrome":53}},{"type":"Polygon","arcs":[[9662,9663]],"properties":{"anthrome":52}},{"type":"Polygon","arcs":[[9664,9665,9666,9667]],"properties":{"anthrome":54}},{"type":"Polygon","arcs":[[9668,9669,9670]],"properties":{"anthrome":53}},{"type":"Polygon","arcs":[[9671]],"properties":{"anthrome":52}},{"type":"Polygon","arcs":[[9672,9673]],"properties":{"anthrome":52}},{"type":"Polygon","arcs":[[9674,9675,9676]],"properties":{"anthrome":52}},{"type":"Polygon","arcs":[[-9630,9677,9678,9679]],"properties":{"anthrome":12}},{"type":"Polygon","arcs":[[9680,9681,-9678]],"properties":{"anthrome":51}},{"type":"Polygon","arcs":[[9682]],"properties":{"anthrome":53}},{"type":"Polygon","arcs":[[9683]],"properties":{"anthrome":42}},{"type":"Polygon","arcs":[[9684,-9628,9685,9686,9687]],"properties":{"anthrome":51}},{"type":"Polygon","arcs":[[9688,9689]],"properties":{"anthrome":51}},{"type":"Polygon","arcs":[[9690,9691,9692]],"properties":{"anthrome":52}},{"type":"Polygon","arcs":[[9693]],"properties":{"anthrome":53}},{"type":"Polygon","arcs":[[9694,9695,-9462,9696,-9597,9697,-9690,9698]],"properties":{"anthrome":52}},{"type":"Polygon","arcs":[[9699,9700,9701]],"properties":{"anthrome":53}},{"type":"Polygon","arcs":[[9702,9703]],"properties":{"anthrome":61}},{"type":"Polygon","arcs":[[9704,9705,9706,9707]],"properties":{"anthrome":53}},{"type":"Polygon","arcs":[[9708,9709,9710]],"properties":{"anthrome":53}},{"type":"Polygon","arcs":[[9711,9712]],"properties":{"anthrome":62}},{"type":"Polygon","arcs":[[9713,9714,9715]],"properties":{"anthrome":42}},{"type":"Polygon","arcs":[[-9692,9716]],"properties":{"anthrome":54}},{"type":"Polygon","arcs":[[9717]],"properties":{"anthrome":42}},{"type":"Polygon","arcs":[[9718]],"properties":{"anthrome":53}},{"type":"Polygon","arcs":[[9719]],"properties":{"anthrome":61}},{"type":"Polygon","arcs":[[-9701,9720]],"properties":{"anthrome":52}},{"type":"Polygon","arcs":[[9721]],"properties":{"anthrome":53}},{"type":"Polygon","arcs":[[9722,-8481,9723,-8739,9724,9725,-9022,9726,9727,9728,9729,-8519,9730,-8370],[-8928],[-9037],[9731],[-9119],[-9367],[-9426,-9395,9732]],"properties":{"anthrome":53}},{"type":"Polygon","arcs":[[9733,9734,-9715,9735,9736,9737,9738]],"properties":{"anthrome":54}},{"type":"Polygon","arcs":[[-9667,9739,9740]],"properties":{"anthrome":53}},{"type":"Polygon","arcs":[[9741,9742,9743,9744]],"properties":{"anthrome":53}},{"type":"Polygon","arcs":[[9745,9746,9747,-9712,-9676]],"properties":{"anthrome":54}},{"type":"Polygon","arcs":[[-9707,9748,9749,9750]],"properties":{"anthrome":54}},{"type":"Polygon","arcs":[[9751]],"properties":{"anthrome":62}},{"type":"Polygon","arcs":[[9752]],"properties":{"anthrome":53}},{"type":"Polygon","arcs":[[9753,9754,9755,9756]],"properties":{"anthrome":51}},{"type":"Polygon","arcs":[[9757,9758,9759]],"properties":{"anthrome":43}},{"type":"Polygon","arcs":[[9760]],"properties":{"anthrome":51}},{"type":"Polygon","arcs":[[9761]],"properties":{"anthrome":53}},{"type":"Polygon","arcs":[[9762,9763]],"properties":{"anthrome":53}},{"type":"Polygon","arcs":[[9764]],"properties":{"anthrome":61}},{"type":"Polygon","arcs":[[-9756,9765,9766]],"properties":{"anthrome":43}},{"type":"Polygon","arcs":[[9767,9768,9769,9770,9771,9772]],"properties":{"anthrome":51}},{"type":"Polygon","arcs":[[9773,-9770]],"properties":{"anthrome":54}},{"type":"Polygon","arcs":[[9774]],"properties":{"anthrome":54}},{"type":"Polygon","arcs":[[9775,9776]],"properties":{"anthrome":61}},{"type":"Polygon","arcs":[[9777,9778]],"properties":{"anthrome":61}},{"type":"Polygon","arcs":[[9779,9780,9781,9782]],"properties":{"anthrome":54}},{"type":"Polygon","arcs":[[9783,-9773,9784,9785,9786,-9681,-9629,9787,9788,9789,-9559,9790,-9626,9791,9792,9793,-9734,9794,-9754,9795,9796,9797,9798,9799,-9612,9800,9801,-9622,9802,-9604,9803,-9581,9804,9805,-9535,9806,-9538,9807,-9452,9808,9809],[9810,-9593,9811]],"properties":{"anthrome":52}},{"type":"Polygon","arcs":[[9812,9813,9814]],"properties":{"anthrome":52}},{"type":"Polygon","arcs":[[9815,9816]],"properties":{"anthrome":61}},{"type":"Polygon","arcs":[[9817]],"properties":{"anthrome":61}},{"type":"Polygon","arcs":[[9818,9819]],"properties":{"anthrome":52}},{"type":"Polygon","arcs":[[9820,9821,9822]],"properties":{"anthrome":32}},{"type":"Polygon","arcs":[[9823]],"properties":{"anthrome":53}},{"type":"Polygon","arcs":[[9824,9825,9826]],"properties":{"anthrome":53}},{"type":"Polygon","arcs":[[9827,9828]],"properties":{"anthrome":61}},{"type":"Polygon","arcs":[[9829,9830]],"properties":{"anthrome":61}},{"type":"Polygon","arcs":[[9831,9832,9833,9834,-9774]],"properties":{"anthrome":51}},{"type":"Polygon","arcs":[[9835,9836,9837,9838]],"properties":{"anthrome":53}},{"type":"Polygon","arcs":[[9839,9840,9841]],"properties":{"anthrome":43}},{"type":"Polygon","arcs":[[9842]],"properties":{"anthrome":61}},{"type":"Polygon","arcs":[[9843,9844]],"properties":{"anthrome":61}},{"type":"Polygon","arcs":[[9845,9846,9847,-9444,9848,-9652,9849,-9798,9850,9851,9852,-9747,9853,9854,-9657,9855,-9533,9856,9857,-9555,9858]],"properties":{"anthrome":53}},{"type":"Polygon","arcs":[[-9852,9859]],"properties":{"anthrome":52}},{"type":"Polygon","arcs":[[9860,-9771,-9835,9861,9862,-9786]],"properties":{"anthrome":54}},{"type":"Polygon","arcs":[[9863,9864,9865,9866,9867,9868,-9759]],"properties":{"anthrome":42}},{"type":"Polygon","arcs":[[9869,9870,9871,-9664,9872,9873,9874,9875,9876,-9816,9877,-9703,9878,-9549]],"properties":{"anthrome":53}},{"type":"Polygon","arcs":[[9879,9880,9881,9882]],"properties":{"anthrome":51}},{"type":"Polygon","arcs":[[9883,9884,9885,9886]],"properties":{"anthrome":53}},{"type":"Polygon","arcs":[[9887,9888,-9862]],"properties":{"anthrome":53}},{"type":"Polygon","arcs":[[-9834,9889,9890,-9888]],"properties":{"anthrome":54}},{"type":"Polygon","arcs":[[9891,9892,9893,-9890]],"properties":{"anthrome":61}},{"type":"Polygon","arcs":[[9894,9895,-9893]],"properties":{"anthrome":53}},{"type":"Polygon","arcs":[[9896,9897,9898,9899]],"properties":{"anthrome":53}},{"type":"Polygon","arcs":[[9900,9901]],"properties":{"anthrome":52}},{"type":"Polygon","arcs":[[9902,9903]],"properties":{"anthrome":61}},{"type":"Polygon","arcs":[[9904,-9831,9905,9906,9907]],"properties":{"anthrome":53}},{"type":"Polygon","arcs":[[-9364,9908,-9600,9909,9910,9911,-9776,9912,-9700,-9635,-9545],[-9722]],"properties":{"anthrome":52}},{"type":"Polygon","arcs":[[-9845,9913]],"properties":{"anthrome":52}},{"type":"Polygon","arcs":[[9914,9915,9916,9917]],"properties":{"anthrome":52}},{"type":"Polygon","arcs":[[9918,-9916]],"properties":{"anthrome":53}},{"type":"Polygon","arcs":[[9919]],"properties":{"anthrome":61}},{"type":"Polygon","arcs":[[9920,9921,9922]],"properties":{"anthrome":61}},{"type":"Polygon","arcs":[[-9899,9923,9924,9925]],"properties":{"anthrome":52}},{"type":"Polygon","arcs":[[9926]],"properties":{"anthrome":52}},{"type":"Polygon","arcs":[[9927]],"properties":{"anthrome":61}},{"type":"Polygon","arcs":[[9928,9929,9930,9931]],"properties":{"anthrome":52}},{"type":"Polygon","arcs":[[-9717,9932,9933,9934,-9838,9935,9936,9937,9938,9939,-9896,9940,9941,9942],[-9775]],"properties":{"anthrome":52}},{"type":"Polygon","arcs":[[-9820,9943,9944,9945,-9901,-9814]],"properties":{"anthrome":53}},{"type":"Polygon","arcs":[[9946,9947,9948,9949,-9903]],"properties":{"anthrome":53}},{"type":"Polygon","arcs":[[9950]],"properties":{"anthrome":61}},{"type":"Polygon","arcs":[[9951]],"properties":{"anthrome":54}},{"type":"Polygon","arcs":[[9952,9953,9954]],"properties":{"anthrome":32}},{"type":"Polygon","arcs":[[9955,-9260,9956,-9272,9957,9958,9959,9960,-9415,9961,9962,9963,-9709,-9616,-9569,9964,-9567,9965,9966,9967,9968,9969,9970,9971,9972,-9887,9973,9974,9975,9976,-9740,-9644,-9405,9977,-9322],[-9385],[-9455],[-9565],[-9752]],"properties":{"anthrome":54}},{"type":"Polygon","arcs":[[9978]],"properties":{"anthrome":61}},{"type":"Polygon","arcs":[[9979]],"properties":{"anthrome":54}},{"type":"Polygon","arcs":[[9980,9981]],"properties":{"anthrome":53}},{"type":"Polygon","arcs":[[-9945,9982]],"properties":{"anthrome":52}},{"type":"Polygon","arcs":[[-9949,9983]],"properties":{"anthrome":61}},{"type":"Polygon","arcs":[[9984,9985,-9203,-9269,9986,-9646,9987,-9665,9988,9989,9990,9991,-9883,9992,9993,9994,9995,-9919,-9821,9996,-9780,9997,-9871,9998,9999,-9238],[-9615],[10000,-9750,10001,-9705],[-9761]],"properties":{"anthrome":52}},{"type":"Polygon","arcs":[[10002,-9922,10003,10004,10005,-9907]],"properties":{"anthrome":52}},{"type":"Polygon","arcs":[[10006,10007]],"properties":{"anthrome":61}},{"type":"Polygon","arcs":[[10008,10009]],"properties":{"anthrome":52}},{"type":"Polygon","arcs":[[10010,10011]],"properties":{"anthrome":63}},{"type":"Polygon","arcs":[[10012]],"properties":{"anthrome":61}},{"type":"Polygon","arcs":[[10013]],"properties":{"anthrome":61}},{"type":"Polygon","arcs":[[-9981,10014]],"properties":{"anthrome":54}},{"type":"Polygon","arcs":[[-10011,10015]],"properties":{"anthrome":53}},{"type":"Polygon","arcs":[[10016]],"properties":{"anthrome":61}},{"type":"Polygon","arcs":[[-9744,10017,10018,10019,10020,10021,10022,10023,10024,10025,-9825,10026]],"properties":{"anthrome":54}},{"type":"Polygon","arcs":[[-9874,10027,-9954,10028,-9996,10029,10030,10031,10032,10033,10034,10035]],"properties":{"anthrome":54}},{"type":"Polygon","arcs":[[10036,-9932,10037,10038,10039,10040],[-9979]],"properties":{"anthrome":53}},{"type":"Polygon","arcs":[[-10006,10041,10042,10043]],"properties":{"anthrome":53}},{"type":"Polygon","arcs":[[10044]],"properties":{"anthrome":52}},{"type":"Polygon","arcs":[[10045,10046]],"properties":{"anthrome":62}},{"type":"Polygon","arcs":[[10047,-10033]],"properties":{"anthrome":52}},{"type":"Polygon","arcs":[[10048,10049,-10042]],"properties":{"anthrome":52}},{"type":"Polygon","arcs":[[10050,10051,10052,10053]],"properties":{"anthrome":53}},{"type":"Polygon","arcs":[[10054,10055,10056]],"properties":{"anthrome":52}},{"type":"Polygon","arcs":[[10057]],"properties":{"anthrome":61}},{"type":"Polygon","arcs":[[10058]],"properties":{"anthrome":61}},{"type":"Polygon","arcs":[[10059,10060,10061,-9975,10062,-9885]],"properties":{"anthrome":61}},{"type":"Polygon","arcs":[[-10048,10063,10064,10065]],"properties":{"anthrome":53}},{"type":"Polygon","arcs":[[10066,10067,-10064]],"properties":{"anthrome":52}},{"type":"Polygon","arcs":[[10068]],"properties":{"anthrome":52}},{"type":"Polygon","arcs":[[10069,10070]],"properties":{"anthrome":53}},{"type":"Polygon","arcs":[[10071,10072,10073]],"properties":{"anthrome":53}},{"type":"Polygon","arcs":[[10074]],"properties":{"anthrome":61}},{"type":"Polygon","arcs":[[10075,10076]],"properties":{"anthrome":61}},{"type":"Polygon","arcs":[[10077]],"properties":{"anthrome":61}},{"type":"Polygon","arcs":[[10078,-9243,10079,-9620,-9619,-9674,10080,10081,10082,10083,-10020,10084,10085,10086,-9962,-9416,10087,-9351,10088,-9959,10089,-9206],[-9672],[-9818],[-9765],[-9829,-9828],[-9920]],"properties":{"anthrome":53}},{"type":"Polygon","arcs":[[-9876,10090,-10035,10091,10092,-10046,10093,10094]],"properties":{"anthrome":52}},{"type":"Polygon","arcs":[[10095,-10092]],"properties":{"anthrome":54}},{"type":"Polygon","arcs":[[10096,10097,10098,10099]],"properties":{"anthrome":61}},{"type":"Polygon","arcs":[[10100]],"properties":{"anthrome":52}},{"type":"Polygon","arcs":[[10101]],"properties":{"anthrome":61}},{"type":"Polygon","arcs":[[-10065,10102,10103]],"properties":{"anthrome":54}},{"type":"Polygon","arcs":[[10104]],"properties":{"anthrome":61}},{"type":"Polygon","arcs":[[10105]],"properties":{"anthrome":53}},{"type":"Polygon","arcs":[[10106]],"properties":{"anthrome":54}},{"type":"Polygon","arcs":[[10107]],"properties":{"anthrome":61}},{"type":"Polygon","arcs":[[10108,10109]],"properties":{"anthrome":61}},{"type":"Polygon","arcs":[[10110,10111]],"properties":{"anthrome":52}},{"type":"Polygon","arcs":[[10112,10113]],"properties":{"anthrome":53}},{"type":"Polygon","arcs":[[10114,10115]],"properties":{"anthrome":43}},{"type":"Polygon","arcs":[[10116]],"properties":{"anthrome":52}},{"type":"Polygon","arcs":[[10117,10118]],"properties":{"anthrome":61}},{"type":"Polygon","arcs":[[-10034,10119,10120,10121,-10096]],"properties":{"anthrome":52}},{"type":"Polygon","arcs":[[10122,10123,10124,10125]],"properties":{"anthrome":52}},{"type":"Polygon","arcs":[[10126,10127]],"properties":{"anthrome":61}},{"type":"Polygon","arcs":[[10128,-10124]],"properties":{"anthrome":61}},{"type":"Polygon","arcs":[[10129,10130,10131]],"properties":{"anthrome":53}},{"type":"Polygon","arcs":[[10132,10133,10134]],"properties":{"anthrome":53}},{"type":"Polygon","arcs":[[10135]],"properties":{"anthrome":52}},{"type":"Polygon","arcs":[[10136]],"properties":{"anthrome":53}},{"type":"Polygon","arcs":[[10137]],"properties":{"anthrome":61}},{"type":"Polygon","arcs":[[10138,10139]],"properties":{"anthrome":61}},{"type":"Polygon","arcs":[[10140,10141,10142,10143]],"properties":{"anthrome":53}},{"type":"Polygon","arcs":[[10144,10145,10146,-10109]],"properties":{"anthrome":52}},{"type":"Polygon","arcs":[[10147,10148]],"properties":{"anthrome":61}},{"type":"Polygon","arcs":[[10149,10150,10151]],"properties":{"anthrome":61}},{"type":"Polygon","arcs":[[10152,10153,10154,10155]],"properties":{"anthrome":54}},{"type":"Polygon","arcs":[[10156]],"properties":{"anthrome":53}},{"type":"Polygon","arcs":[[10157,10158,10159]],"properties":{"anthrome":61}},{"type":"Polygon","arcs":[[10160]],"properties":{"anthrome":54}},{"type":"Polygon","arcs":[[10161,10162,10163,10164]],"properties":{"anthrome":52}},{"type":"Polygon","arcs":[[10165,10166,10167,-10163]],"properties":{"anthrome":62}},{"type":"Polygon","arcs":[[10168,10169]],"properties":{"anthrome":53}},{"type":"Polygon","arcs":[[10170,10171]],"properties":{"anthrome":61}},{"type":"Polygon","arcs":[[10172]],"properties":{"anthrome":61}},{"type":"Polygon","arcs":[[10173]],"properties":{"anthrome":52}},{"type":"Polygon","arcs":[[10174,10175]],"properties":{"anthrome":61}},{"type":"Polygon","arcs":[[10176]],"properties":{"anthrome":61}},{"type":"Polygon","arcs":[[10177,10178,10179]],"properties":{"anthrome":61}},{"type":"Polygon","arcs":[[10180]],"properties":{"anthrome":52}},{"type":"Polygon","arcs":[[10181,10182]],"properties":{"anthrome":53}},{"type":"Polygon","arcs":[[10183]],"properties":{"anthrome":61}},{"type":"Polygon","arcs":[[10184,-10099,10185,10186,10187,10188,10189,10190,-10176,10191,10192,-10129,10193]],"properties":{"anthrome":52}},{"type":"Polygon","arcs":[[10194,10195]],"properties":{"anthrome":54}},{"type":"Polygon","arcs":[[10196]],"properties":{"anthrome":61}},{"type":"Polygon","arcs":[[10197,10198]],"properties":{"anthrome":62}},{"type":"Polygon","arcs":[[10199,10200]],"properties":{"anthrome":62}},{"type":"Polygon","arcs":[[10201]],"properties":{"anthrome":52}},{"type":"Polygon","arcs":[[10202]],"properties":{"anthrome":61}},{"type":"Polygon","arcs":[[10203,10204]],"properties":{"anthrome":54}},{"type":"Polygon","arcs":[[10205]],"properties":{"anthrome":52}},{"type":"Polygon","arcs":[[10206]],"properties":{"anthrome":52}},{"type":"Polygon","arcs":[[10207]],"properties":{"anthrome":54}},{"type":"Polygon","arcs":[[10208,-10155,10209,10210,10211,10212,-10175,10213],[-10177]],"properties":{"anthrome":52}},{"type":"Polygon","arcs":[[10214,10215,-9742,10216,-9764,-9827,10217,-10025,10218,-9930,10219,-10041,-10040,10220,10221,10222,10223,10224,10225,-10153,10226,-10214,10227,-10130,10228,-10189,10229,10230,10231,-9970,10232,-9670,10233,10234,-9661,10235,-9617,-9711,10236,10237,-10086],[-9753],[-9824],[-10069],[-10117]],"properties":{"anthrome":61}},{"type":"Polygon","arcs":[[-10053,-10071,-10114,-10135,10238,-10160,-10180,10239,10240,10241,10242,10243]],"properties":{"anthrome":52}},{"type":"Polygon","arcs":[[10244,10245,10246]],"properties":{"anthrome":54}},{"type":"Polygon","arcs":[[10247,10248]],"properties":{"anthrome":52}},{"type":"Polygon","arcs":[[10249,-10224,10250,-10212]],"properties":{"anthrome":53}},{"type":"Polygon","arcs":[[10251]],"properties":{"anthrome":52}},{"type":"Polygon","arcs":[[10252,10253,10254,10255,-10247,10256,10257]],"properties":{"anthrome":52}},{"type":"Polygon","arcs":[[10258,10259,10260,10261]],"properties":{"anthrome":54}},{"type":"Polygon","arcs":[[10262]],"properties":{"anthrome":61}},{"type":"Polygon","arcs":[[10263,10264]],"properties":{"anthrome":61}},{"type":"Polygon","arcs":[[10265,10266]],"properties":{"anthrome":61}},{"type":"Polygon","arcs":[[10267]],"properties":{"anthrome":54}},{"type":"Polygon","arcs":[[10268,10269]],"properties":{"anthrome":61}},{"type":"Polygon","arcs":[[10270]],"properties":{"anthrome":61}},{"type":"Polygon","arcs":[[10271]],"properties":{"anthrome":54}},{"type":"Polygon","arcs":[[10272,10273,-10245,10274,10275,10276]],"properties":{"anthrome":52}},{"type":"Polygon","arcs":[[10277]],"properties":{"anthrome":52}},{"type":"Polygon","arcs":[[10278,10279]],"properties":{"anthrome":52}},{"type":"Polygon","arcs":[[-10248,10280,-10279]],"properties":{"anthrome":61}},{"type":"Polygon","arcs":[[10281,10282]],"properties":{"anthrome":61}},{"type":"Polygon","arcs":[[10283,10284]],"properties":{"anthrome":61}},{"type":"Polygon","arcs":[[10285]],"properties":{"anthrome":52}},{"type":"Polygon","arcs":[[10286,10287]],"properties":{"anthrome":54}},{"type":"Polygon","arcs":[[10288,10289]],"properties":{"anthrome":53}},{"type":"Polygon","arcs":[[10290]],"properties":{"anthrome":61}},{"type":"Polygon","arcs":[[10291,-10140,10292,-10266,10293,-10127,10294,-10111,10295]],"properties":{"anthrome":53}},{"type":"Polygon","arcs":[[10296]],"properties":{"anthrome":61}},{"type":"Polygon","arcs":[[10297,10298,10299,10300,-10287,10301,10302,10303,-10009,-9911,10304],[-10075],[-10138],[10305],[-10208]],"properties":{"anthrome":53}},{"type":"Polygon","arcs":[[10306,-9908,-10044,10307,-10049,-10005,10308,-10051,10309,-10243,10310,10311,10312,10313,10314,10315,-10083,-10082],[-10106],[-10157]],"properties":{"anthrome":61}},{"type":"Polygon","arcs":[[-10143,10316,10317,10318,-10148,10319]],"properties":{"anthrome":52}},{"type":"Polygon","arcs":[[10320,10321]],"properties":{"anthrome":53}},{"type":"Polygon","arcs":[[10322,10323,10324]],"properties":{"anthrome":62}},{"type":"Polygon","arcs":[[10325]],"properties":{"anthrome":54}},{"type":"Polygon","arcs":[[10326]],"properties":{"anthrome":52}},{"type":"Polygon","arcs":[[-10276,10327,10328,10329]],"properties":{"anthrome":54}},{"type":"Polygon","arcs":[[10330,10331]],"properties":{"anthrome":61}},{"type":"Polygon","arcs":[[10332,10333,10334]],"properties":{"anthrome":61}},{"type":"Polygon","arcs":[[10335,10336,-10298]],"properties":{"anthrome":54}},{"type":"Polygon","arcs":[[10337,10338]],"properties":{"anthrome":63}},{"type":"Polygon","arcs":[[10339,10340,10341,-10338]],"properties":{"anthrome":61}},{"type":"Polygon","arcs":[[10342]],"properties":{"anthrome":61}},{"type":"Polygon","arcs":[[10343,10344]],"properties":{"anthrome":61}},{"type":"Polygon","arcs":[[10345,10346]],"properties":{"anthrome":52}},{"type":"Polygon","arcs":[[10347,10348,-10346]],"properties":{"anthrome":34}},{"type":"Polygon","arcs":[[10349,-10303,10350,-10259,10351,10352,10353,-10182,-10169,10354,-10331,10355,10356,-9944],[10357]],"properties":{"anthrome":52}},{"type":"Polygon","arcs":[[10358]],"properties":{"anthrome":54}},{"type":"Polygon","arcs":[[-10125,-10193,10359,-10249,-10280,10360,10361,10362,10363]],"properties":{"anthrome":61}},{"type":"Polygon","arcs":[[10364]],"properties":{"anthrome":61}},{"type":"Polygon","arcs":[[10365,10366,10367]],"properties":{"anthrome":62}},{"type":"Polygon","arcs":[[-10301,10368,10369,10370]],"properties":{"anthrome":54}},{"type":"Polygon","arcs":[[-10324,10371,10372]],"properties":{"anthrome":33}},{"type":"Polygon","arcs":[[10373]],"properties":{"anthrome":61}},{"type":"Polygon","arcs":[[10374,10375]],"properties":{"anthrome":62}},{"type":"Polygon","arcs":[[10376]],"properties":{"anthrome":61}},{"type":"Polygon","arcs":[[10377,10378]],"properties":{"anthrome":62}},{"type":"Polygon","arcs":[[10379,10380]],"properties":{"anthrome":61}},{"type":"Polygon","arcs":[[-10349,10381]],"properties":{"anthrome":53}},{"type":"Polygon","arcs":[[10382,10383,10384]],"properties":{"anthrome":52}},{"type":"Polygon","arcs":[[10385]],"properties":{"anthrome":61}},{"type":"Polygon","arcs":[[-10213,10386,-10192]],"properties":{"anthrome":61}},{"type":"Polygon","arcs":[[10387,10388]],"properties":{"anthrome":53}},{"type":"Polygon","arcs":[[10389,10390]],"properties":{"anthrome":54}},{"type":"Polygon","arcs":[[10391]],"properties":{"anthrome":54}},{"type":"Polygon","arcs":[[10392]],"properties":{"anthrome":54}},{"type":"Polygon","arcs":[[10393,10394]],"properties":{"anthrome":62}},{"type":"Polygon","arcs":[[10395,10396,10397,10398]],"properties":{"anthrome":54}},{"type":"Polygon","arcs":[[10399,10400,10401,-10397]],"properties":{"anthrome":61}},{"type":"Polygon","arcs":[[-10384,10402,10403]],"properties":{"anthrome":61}},{"type":"Polygon","arcs":[[10404,10405,10406]],"properties":{"anthrome":23}},{"type":"Polygon","arcs":[[10407,-9638,10408,10409,10410,10411,10412,-10265,10413,10414,10415,-10171,10416,-10118,10417,-10077,10418,10419,-9778,10420],[-10078],[-10263],[-10291]],"properties":{"anthrome":53}},{"type":"Polygon","arcs":[[10421]],"properties":{"anthrome":61}},{"type":"Polygon","arcs":[[10422]],"properties":{"anthrome":52}},{"type":"Polygon","arcs":[[10423,10424,10425,10426]],"properties":{"anthrome":52}},{"type":"Polygon","arcs":[[10427,10428,-10425]],"properties":{"anthrome":61}},{"type":"Polygon","arcs":[[10429,10430]],"properties":{"anthrome":61}},{"type":"Polygon","arcs":[[10431,10432]],"properties":{"anthrome":53}},{"type":"Polygon","arcs":[[10433,10434]],"properties":{"anthrome":61}},{"type":"Polygon","arcs":[[10435]],"properties":{"anthrome":54}},{"type":"Polygon","arcs":[[10436,10437]],"properties":{"anthrome":52}},{"type":"Polygon","arcs":[[10438,10439,10440]],"properties":{"anthrome":12}},{"type":"Polygon","arcs":[[10441,10442,10443,10444,10445,-10328]],"properties":{"anthrome":52}},{"type":"Polygon","arcs":[[-10399,10446,-10401,10447,-10394,10448,-10341,10449]],"properties":{"anthrome":53}},{"type":"Polygon","arcs":[[10450]],"properties":{"anthrome":61}},{"type":"Polygon","arcs":[[10451]],"properties":{"anthrome":54}},{"type":"Polygon","arcs":[[10452]],"properties":{"anthrome":62}},{"type":"Polygon","arcs":[[10453,10454,10455]],"properties":{"anthrome":53}},{"type":"Polygon","arcs":[[10456,10457,-10454]],"properties":{"anthrome":52}},{"type":"Polygon","arcs":[[10458,10459,-10443]],"properties":{"anthrome":54}},{"type":"Polygon","arcs":[[10460]],"properties":{"anthrome":53}},{"type":"Polygon","arcs":[[-10426,10461,10462,10463]],"properties":{"anthrome":54}},{"type":"Polygon","arcs":[[10464,10465,10466,-10415]],"properties":{"anthrome":52}},{"type":"Polygon","arcs":[[10467,10468]],"properties":{"anthrome":61}},{"type":"Polygon","arcs":[[-10261,-10288,-10371,10469,10470,10471,10472,10473,10474]],"properties":{"anthrome":53}},{"type":"Polygon","arcs":[[10475,10476,10477,10478,10479]],"properties":{"anthrome":54}},{"type":"Polygon","arcs":[[10480]],"properties":{"anthrome":54}},{"type":"Polygon","arcs":[[10481,10482]],"properties":{"anthrome":54}},{"type":"Polygon","arcs":[[-10478,10483]],"properties":{"anthrome":62}},{"type":"Polygon","arcs":[[10484,10485,10486]],"properties":{"anthrome":52}},{"type":"Polygon","arcs":[[10487,10488,10489]],"properties":{"anthrome":43}},{"type":"Polygon","arcs":[[10490,10491,10492]],"properties":{"anthrome":54}},{"type":"Polygon","arcs":[[-10424,10493,-10463,10494,10495]],"properties":{"anthrome":53}},{"type":"Polygon","arcs":[[10496]],"properties":{"anthrome":53}},{"type":"Polygon","arcs":[[10497]],"properties":{"anthrome":61}},{"type":"Polygon","arcs":[[10498,10499]],"properties":{"anthrome":54}},{"type":"Polygon","arcs":[[10500,-10407,10501,-10441,10502,-10499,10503,10504,10505,10506]],"properties":{"anthrome":53}},{"type":"Polygon","arcs":[[10507,10508,10509,10510,10511]],"properties":{"anthrome":52}},{"type":"Polygon","arcs":[[10512,10513,10514,10515]],"properties":{"anthrome":52}},{"type":"Polygon","arcs":[[10516,10517]],"properties":{"anthrome":54}},{"type":"Polygon","arcs":[[10518,10519,10520]],"properties":{"anthrome":54}},{"type":"Polygon","arcs":[[10521,10522]],"properties":{"anthrome":52}},{"type":"Polygon","arcs":[[10523]],"properties":{"anthrome":61}},{"type":"Polygon","arcs":[[10524,10525]],"properties":{"anthrome":61}},{"type":"Polygon","arcs":[[10526]],"properties":{"anthrome":53}},{"type":"Polygon","arcs":[[10527]],"properties":{"anthrome":54}},{"type":"Polygon","arcs":[[10528,10529]],"properties":{"anthrome":62}},{"type":"Polygon","arcs":[[10530,10531,10532]],"properties":{"anthrome":43}},{"type":"Polygon","arcs":[[-10486,10533,10534,-10531]],"properties":{"anthrome":53}},{"type":"Polygon","arcs":[[10535,10536]],"properties":{"anthrome":54}},{"type":"Polygon","arcs":[[10537]],"properties":{"anthrome":54}},{"type":"Polygon","arcs":[[-10511,10538,10539]],"properties":{"anthrome":54}},{"type":"Polygon","arcs":[[10540,10541,10542]],"properties":{"anthrome":53}},{"type":"Polygon","arcs":[[10543]],"properties":{"anthrome":54}},{"type":"Polygon","arcs":[[10544,10545,10546]],"properties":{"anthrome":52}},{"type":"Polygon","arcs":[[10547,-10545]],"properties":{"anthrome":53}},{"type":"Polygon","arcs":[[10548,10549]],"properties":{"anthrome":61}},{"type":"Polygon","arcs":[[10550,10551,10552,10553,10554,10555]],"properties":{"anthrome":54}},{"type":"Polygon","arcs":[[-10532,10556]],"properties":{"anthrome":53}},{"type":"Polygon","arcs":[[10557]],"properties":{"anthrome":52}},{"type":"Polygon","arcs":[[10558,10559]],"properties":{"anthrome":33}},{"type":"Polygon","arcs":[[10560]],"properties":{"anthrome":61}},{"type":"Polygon","arcs":[[10561,10562]],"properties":{"anthrome":61}},{"type":"Polygon","arcs":[[10563]],"properties":{"anthrome":61}},{"type":"Polygon","arcs":[[10564,10565]],"properties":{"anthrome":54}},{"type":"Polygon","arcs":[[10566,10567]],"properties":{"anthrome":61}},{"type":"Polygon","arcs":[[10568,-10152,10569,10570,10571,10572,10573,10574]],"properties":{"anthrome":53}},{"type":"Polygon","arcs":[[10575,-10537,10576,-10554,10577,10578,10579,10580,10581,10582]],"properties":{"anthrome":52}},{"type":"Polygon","arcs":[[10583]],"properties":{"anthrome":52}},{"type":"Polygon","arcs":[[10584]],"properties":{"anthrome":61}},{"type":"Polygon","arcs":[[10585,10586,10587,10588]],"properties":{"anthrome":52}},{"type":"Polygon","arcs":[[10589,10590]],"properties":{"anthrome":61}},{"type":"Polygon","arcs":[[10591,10592]],"properties":{"anthrome":52}},{"type":"Polygon","arcs":[[10593,10594]],"properties":{"anthrome":62}},{"type":"Polygon","arcs":[[10595,10596,10597,10598]],"properties":{"anthrome":12}},{"type":"Polygon","arcs":[[10599,10600,10601,10602]],"properties":{"anthrome":54}},{"type":"Polygon","arcs":[[10603,10604]],"properties":{"anthrome":54}},{"type":"Polygon","arcs":[[10605]],"properties":{"anthrome":53}},{"type":"Polygon","arcs":[[-10525,10606,10607]],"properties":{"anthrome":53}},{"type":"Polygon","arcs":[[-10542,10608]],"properties":{"anthrome":61}},{"type":"Polygon","arcs":[[10609,-10433,10610,-10431,10611,-10428,-10496,10612,10613,10614,10615,-10559,-10548,-10471,10616,10617,10618,-10336,10619,-10289]],"properties":{"anthrome":52}},{"type":"Polygon","arcs":[[10620]],"properties":{"anthrome":61}},{"type":"Polygon","arcs":[[10621]],"properties":{"anthrome":53}},{"type":"Polygon","arcs":[[10622,10623]],"properties":{"anthrome":61}},{"type":"Polygon","arcs":[[10624,10625]],"properties":{"anthrome":53}},{"type":"Polygon","arcs":[[10626,10627]],"properties":{"anthrome":53}},{"type":"Polygon","arcs":[[10628]],"properties":{"anthrome":52}},{"type":"Polygon","arcs":[[10629]],"properties":{"anthrome":54}},{"type":"Polygon","arcs":[[10630,-10623]],"properties":{"anthrome":51}},{"type":"Polygon","arcs":[[-10588,10631,10632,10633]],"properties":{"anthrome":53}},{"type":"Polygon","arcs":[[10634,10635,10636,10637]],"properties":{"anthrome":54}},{"type":"Polygon","arcs":[[10638,10639,10640,10641]],"properties":{"anthrome":53}},{"type":"Polygon","arcs":[[10642,10643,10644,-10640]],"properties":{"anthrome":54}},{"type":"Polygon","arcs":[[-10592,10645,10646]],"properties":{"anthrome":61}},{"type":"Polygon","arcs":[[10647,10648]],"properties":{"anthrome":61}},{"type":"Polygon","arcs":[[-10573,10649,10650,-10434,10651,-10380,10652]],"properties":{"anthrome":52}},{"type":"Polygon","arcs":[[10653]],"properties":{"anthrome":52}},{"type":"Polygon","arcs":[[10654,10655,10656]],"properties":{"anthrome":53}},{"type":"Polygon","arcs":[[10657,10658,-10656,10659,-10581]],"properties":{"anthrome":54}},{"type":"Polygon","arcs":[[-10598,10660,10661,10662]],"properties":{"anthrome":51}},{"type":"Polygon","arcs":[[10663]],"properties":{"anthrome":52}},{"type":"Polygon","arcs":[[10664]],"properties":{"anthrome":52}},{"type":"Polygon","arcs":[[10665,10666]],"properties":{"anthrome":61}},{"type":"Polygon","arcs":[[10667,10668]],"properties":{"anthrome":61}},{"type":"Polygon","arcs":[[-10637,10669,10670,10671]],"properties":{"anthrome":51}},{"type":"Polygon","arcs":[[10672,10673]],"properties":{"anthrome":33}},{"type":"Polygon","arcs":[[10674,10675,10676,10677,10678,10679,-10562]],"properties":{"anthrome":53}},{"type":"Polygon","arcs":[[10680,10681,10682,10683]],"properties":{"anthrome":53}},{"type":"Polygon","arcs":[[10684,10685,10686,10687],[-10630]],"properties":{"anthrome":53}},{"type":"Polygon","arcs":[[10688,10689,10690]],"properties":{"anthrome":61}},{"type":"Polygon","arcs":[[-10678,10691]],"properties":{"anthrome":54}},{"type":"Polygon","arcs":[[10692,-10648,10693,10694,10695,-10627]],"properties":{"anthrome":52}},{"type":"Polygon","arcs":[[10696,10697,10698,10699]],"properties":{"anthrome":61}},{"type":"Polygon","arcs":[[10700,10701,10702]],"properties":{"anthrome":53}},{"type":"Polygon","arcs":[[10703,10704]],"properties":{"anthrome":62}},{"type":"Polygon","arcs":[[10705]],"properties":{"anthrome":53}},{"type":"Polygon","arcs":[[10706,10707,10708,10709]],"properties":{"anthrome":52}},{"type":"Polygon","arcs":[[10710,10711,10712,-10708]],"properties":{"anthrome":51}},{"type":"Polygon","arcs":[[10713]],"properties":{"anthrome":51}},{"type":"Polygon","arcs":[[10714]],"properties":{"anthrome":61}},{"type":"Polygon","arcs":[[10715,10716]],"properties":{"anthrome":61}},{"type":"Polygon","arcs":[[10717,10718]],"properties":{"anthrome":61}},{"type":"Polygon","arcs":[[10719,-10676]],"properties":{"anthrome":61}},{"type":"Polygon","arcs":[[10720,10721,10722]],"properties":{"anthrome":53}},{"type":"Polygon","arcs":[[-10671,10723,10724,10725]],"properties":{"anthrome":54}},{"type":"Polygon","arcs":[[-10456,-10455,10726],[-10606]],"properties":{"anthrome":52}},{"type":"Polygon","arcs":[[10727]],"properties":{"anthrome":61}},{"type":"Polygon","arcs":[[10728,10729]],"properties":{"anthrome":52}},{"type":"Polygon","arcs":[[10730,10731,10732]],"properties":{"anthrome":54}},{"type":"Polygon","arcs":[[-10717,10733,10734,10735]],"properties":{"anthrome":53}},{"type":"Polygon","arcs":[[10736,10737,10738,-10694]],"properties":{"anthrome":61}},{"type":"Polygon","arcs":[[10739,10740,10741]],"properties":{"anthrome":52}},{"type":"Polygon","arcs":[[10742,10743,10744,10745]],"properties":{"anthrome":61}},{"type":"Polygon","arcs":[[10746]],"properties":{"anthrome":52}},{"type":"Polygon","arcs":[[10747,10748]],"properties":{"anthrome":61}},{"type":"Polygon","arcs":[[10749,10750,10751,-10748]],"properties":{"anthrome":53}},{"type":"Polygon","arcs":[[-10725,10752,10753,10754]],"properties":{"anthrome":53}},{"type":"Polygon","arcs":[[-10695,10755]],"properties":{"anthrome":53}},{"type":"Polygon","arcs":[[10756]],"properties":{"anthrome":61}},{"type":"Polygon","arcs":[[10757,-10521,10758,10759,10760]],"properties":{"anthrome":52}},{"type":"Polygon","arcs":[[10761,-10241,10762,-10178,10763,-10196,10764,-10283,10765,10766,10767,10768,10769,10770,10771,10772,-10526,10773,10774,10775,10776,-10312],[-10326],[-10392],[-10393],[-10451],[-10481],[-10452],[-10528]],"properties":{"anthrome":53}},{"type":"Polygon","arcs":[[-10662,10777,10778]],"properties":{"anthrome":53}},{"type":"Polygon","arcs":[[10779,10780,-10345,10781,-10438,10782,10783,-10603,10784,-10586,10785,10786,10787,-10749,10788,10789,-10668,10790,-10483,10791],[-10268],[-10436],[-10518,-10517],[-10564],[-10566,-10565]],"properties":{"anthrome":53}},{"type":"Polygon","arcs":[[10792,10793]],"properties":{"anthrome":53}},{"type":"Polygon","arcs":[[10794,10795]],"properties":{"anthrome":52}},{"type":"Polygon","arcs":[[10796,10797]],"properties":{"anthrome":61}},{"type":"Polygon","arcs":[[10798]],"properties":{"anthrome":54}},{"type":"Polygon","arcs":[[10799]],"properties":{"anthrome":53}},{"type":"Polygon","arcs":[[10800]],"properties":{"anthrome":53}},{"type":"Polygon","arcs":[[10801]],"properties":{"anthrome":61}},{"type":"Polygon","arcs":[[10802,10803]],"properties":{"anthrome":61}},{"type":"Polygon","arcs":[[10804]],"properties":{"anthrome":61}},{"type":"Polygon","arcs":[[10805,10806]],"properties":{"anthrome":53}},{"type":"Polygon","arcs":[[10807,10808,10809]],"properties":{"anthrome":53}},{"type":"Polygon","arcs":[[10810]],"properties":{"anthrome":54}},{"type":"Polygon","arcs":[[10811,10812]],"properties":{"anthrome":61}},{"type":"Polygon","arcs":[[10813,10814,10815]],"properties":{"anthrome":52}},{"type":"Polygon","arcs":[[10816,10817]],"properties":{"anthrome":61}},{"type":"Polygon","arcs":[[10818,10819,10820],[-10523,-10522],[-10654],[-10664]],"properties":{"anthrome":61}},{"type":"Polygon","arcs":[[10821,10822,10823]],"properties":{"anthrome":53}},{"type":"Polygon","arcs":[[10824,10825,10826]],"properties":{"anthrome":53}},{"type":"Polygon","arcs":[[10827,10828,10829,10830,10831]],"properties":{"anthrome":53}},{"type":"Polygon","arcs":[[10832]],"properties":{"anthrome":52}},{"type":"Polygon","arcs":[[10833]],"properties":{"anthrome":54}},{"type":"Polygon","arcs":[[10834,10835,10836]],"properties":{"anthrome":61}},{"type":"Polygon","arcs":[[10837]],"properties":{"anthrome":53}},{"type":"Polygon","arcs":[[10838,10839]],"properties":{"anthrome":52}},{"type":"Polygon","arcs":[[10840,10841]],"properties":{"anthrome":53}},{"type":"Polygon","arcs":[[10842,10843]],"properties":{"anthrome":53}},{"type":"Polygon","arcs":[[10844,10845]],"properties":{"anthrome":61}},{"type":"Polygon","arcs":[[10846,10847]],"properties":{"anthrome":61}},{"type":"Polygon","arcs":[[10848]],"properties":{"anthrome":52}},{"type":"Polygon","arcs":[[10849,10850,10851]],"properties":{"anthrome":51}},{"type":"Polygon","arcs":[[10852]],"properties":{"anthrome":54}},{"type":"Polygon","arcs":[[10853,-10797,-10718]],"properties":{"anthrome":53}},{"type":"Polygon","arcs":[[10854,10855]],"properties":{"anthrome":53}},{"type":"Polygon","arcs":[[-10809,10856,10857,-10855]],"properties":{"anthrome":54}},{"type":"Polygon","arcs":[[10858,10859,-10857]],"properties":{"anthrome":53}},{"type":"Polygon","arcs":[[10860,10861]],"properties":{"anthrome":61}},{"type":"Polygon","arcs":[[-10830,10862,10863]],"properties":{"anthrome":61}},{"type":"Polygon","arcs":[[10864,10865]],"properties":{"anthrome":61}},{"type":"Polygon","arcs":[[10866,-10469,10867,10868,-10644,10869,10870,-10567,10871,-10549,10872,-10505,-10591,10873,-10674,10874,10875,10876,10877,10878,10879,10880,10881,10882,-10793,10883,10884,10885,10886,10887,-10601,10888,-10783],[10889,-10754,10890,-10635],[-10811]],"properties":{"anthrome":52}},{"type":"Polygon","arcs":[[10891,-10667,10892,10893,-10710,10894,-10746,10895,10896,10897,10898,10899,-10840,10900,-10796,10901,-10690,-10614],[-10665]],"properties":{"anthrome":51}},{"type":"Polygon","arcs":[[-10787,10902,-10633,10903,10904,-10723,10905,-10885,10906,10907,10908,-10825,10909,10910,10911,-10750,-10788]],"properties":{"anthrome":61}},{"type":"Polygon","arcs":[[-10813,10912,10913,10914,10915,10916,-10861,10917,-10738,10918]],"properties":{"anthrome":53}},{"type":"Polygon","arcs":[[10919,10920]],"properties":{"anthrome":33}},{"type":"Polygon","arcs":[[10921,10922,10923,10924]],"properties":{"anthrome":61}},{"type":"Polygon","arcs":[[10925,10926,-10923]],"properties":{"anthrome":52}},{"type":"Polygon","arcs":[[10927,10928,10929]],"properties":{"anthrome":52}},{"type":"Polygon","arcs":[[10930]],"properties":{"anthrome":62}},{"type":"Polygon","arcs":[[10931]],"properties":{"anthrome":53}},{"type":"Polygon","arcs":[[10932,10933,10934]],"properties":{"anthrome":53}},{"type":"Polygon","arcs":[[10935,10936,-10933]],"properties":{"anthrome":62}},{"type":"Polygon","arcs":[[-10900,10937]],"properties":{"anthrome":52}},{"type":"Polygon","arcs":[[10938,-10898]],"properties":{"anthrome":52}},{"type":"Polygon","arcs":[[10939,10940,10941]],"properties":{"anthrome":61}},{"type":"Polygon","arcs":[[10942,10943,10944]],"properties":{"anthrome":61}},{"type":"Polygon","arcs":[[10945,-10881,10946,-10944]],"properties":{"anthrome":53}},{"type":"Polygon","arcs":[[-10877,10947,10948]],"properties":{"anthrome":53}},{"type":"Polygon","arcs":[[10949,10950]],"properties":{"anthrome":61}},{"type":"Polygon","arcs":[[-10917,10951]],"properties":{"anthrome":61}},{"type":"Polygon","arcs":[[10952,-10915]],"properties":{"anthrome":61}},{"type":"Polygon","arcs":[[-10789,-10752,10953,-10911,10954,10955,-10908,10956,10957,10958,10959,-10859,-10808,10960]],"properties":{"anthrome":54}},{"type":"Polygon","arcs":[[10961,10962,10963]],"properties":{"anthrome":53}},{"type":"Polygon","arcs":[[10964,10965]],"properties":{"anthrome":32}},{"type":"Polygon","arcs":[[10966]],"properties":{"anthrome":61}},{"type":"Polygon","arcs":[[10967,10968,10969]],"properties":{"anthrome":61}},{"type":"Polygon","arcs":[[10970,10971,10972]],"properties":{"anthrome":53}},{"type":"Polygon","arcs":[[10973]],"properties":{"anthrome":61}},{"type":"Polygon","arcs":[[10974]],"properties":{"anthrome":53}},{"type":"Polygon","arcs":[[10975]],"properties":{"anthrome":53}},{"type":"Polygon","arcs":[[10976,10977]],"properties":{"anthrome":53}},{"type":"Polygon","arcs":[[10978,10979,10980]],"properties":{"anthrome":52}},{"type":"Polygon","arcs":[[10981,10982,-10980]],"properties":{"anthrome":53}},{"type":"Polygon","arcs":[[-10851,10983,10984,10985,10986,10987],[-10849]],"properties":{"anthrome":53}},{"type":"Polygon","arcs":[[10988,-10985]],"properties":{"anthrome":52}},{"type":"Polygon","arcs":[[-10959,10989]],"properties":{"anthrome":53}},{"type":"Polygon","arcs":[[10990,-10957]],"properties":{"anthrome":62}},{"type":"Polygon","arcs":[[-10947,10991,10992]],"properties":{"anthrome":61}},{"type":"Polygon","arcs":[[-10950,10993,10994]],"properties":{"anthrome":52}},{"type":"Polygon","arcs":[[-10920,10995,10996,10997]],"properties":{"anthrome":53}},{"type":"Polygon","arcs":[[-10965,10998]],"properties":{"anthrome":61}},{"type":"Polygon","arcs":[[-10772,10999,11000,-10607,-10773],[-10527]],"properties":{"anthrome":61}},{"type":"Polygon","arcs":[[11001,11002,11003,11004]],"properties":{"anthrome":52}},{"type":"Polygon","arcs":[[11005,11006,-10863,11007,-10865]],"properties":{"anthrome":53}},{"type":"Polygon","arcs":[[11008,11009,11010,11011]],"properties":{"anthrome":52}},{"type":"Polygon","arcs":[[11012,11013]],"properties":{"anthrome":53}},{"type":"Polygon","arcs":[[11014,-10981,11015,11016]],"properties":{"anthrome":53}},{"type":"Polygon","arcs":[[-10876,-10995,11017,11018,11019]],"properties":{"anthrome":53}},{"type":"Polygon","arcs":[[11020,11021,11022,11023]],"properties":{"anthrome":61}},{"type":"Polygon","arcs":[[11024]],"properties":{"anthrome":61}},{"type":"Polygon","arcs":[[11025,11026]],"properties":{"anthrome":62}},{"type":"Polygon","arcs":[[11027,11028,-11018]],"properties":{"anthrome":54}},{"type":"Polygon","arcs":[[11029]],"properties":{"anthrome":53}},{"type":"Polygon","arcs":[[-10879,11030,-10948,-11020,11031,11032,11033,-11026,-10992,-10880]],"properties":{"anthrome":54}},{"type":"Polygon","arcs":[[11034,11035,11036,-11022]],"properties":{"anthrome":53}},{"type":"Polygon","arcs":[[11037,-10774,-10608,11038,11039,11040,-10972,11041,-10926,11042,11043,-10701,11044,11045],[-10622],[11046,-10730,11047,-10683,-10682,-10681],[-10833]],"properties":{"anthrome":61}},{"type":"Polygon","arcs":[[11048]],"properties":{"anthrome":53}},{"type":"Polygon","arcs":[[11049]],"properties":{"anthrome":53}},{"type":"Polygon","arcs":[[-10842,11050,-10844,11051,-10846,11052,-10804,11053,-10848,11054,-10987,11055,-11016,-10983,11056,-10942,11057,11058,11059,-11013,11060,-10978,11061,11062]],"properties":{"anthrome":52}},{"type":"Polygon","arcs":[[-11037,11063]],"properties":{"anthrome":61}},{"type":"Polygon","arcs":[[11064]],"properties":{"anthrome":61}},{"type":"Polygon","arcs":[[11065,11066]],"properties":{"anthrome":62}},{"type":"Polygon","arcs":[[-11059,11067]],"properties":{"anthrome":53}},{"type":"Polygon","arcs":[[11068]],"properties":{"anthrome":53}},{"type":"Polygon","arcs":[[11069]],"properties":{"anthrome":54}},{"type":"Polygon","arcs":[[11070,11071]],"properties":{"anthrome":54}},{"type":"Polygon","arcs":[[11072,11073,11074]],"properties":{"anthrome":52}},{"type":"Polygon","arcs":[[-10998,-10997,11075,11076,11077,11078,11079,-11033,11080,11081],[-11030]],"properties":{"anthrome":52}},{"type":"Polygon","arcs":[[11082,11083,11084]],"properties":{"anthrome":61}},{"type":"Polygon","arcs":[[11085]],"properties":{"anthrome":61}},{"type":"Polygon","arcs":[[11086]],"properties":{"anthrome":52}},{"type":"Polygon","arcs":[[11087]],"properties":{"anthrome":52}},{"type":"Polygon","arcs":[[-11079,11088]],"properties":{"anthrome":33}},{"type":"Polygon","arcs":[[11089,-11077]],"properties":{"anthrome":54}},{"type":"Polygon","arcs":[[11090]],"properties":{"anthrome":54}},{"type":"Polygon","arcs":[[11091,11092,-11084]],"properties":{"anthrome":53}},{"type":"Polygon","arcs":[[11093,11094]],"properties":{"anthrome":54}},{"type":"Polygon","arcs":[[11095,-10023,11096,-10314,11097,-10776,11098,-11046,11099,11100,-11043,11101,11102,11103,-10968,-10970,11104,11105,11106,-11036,11107,11108,11109,11110,11111,-10698,11112,11113,11114,-10361,-10281,-10360,-10387,11115,-10222,11116],[-10365],[-10374],[-10422],[-10820,-10819,-10821],[-10621],[-10524],[-10728]],"properties":{"anthrome":52}},{"type":"Polygon","arcs":[[11117,-11074,11118]],"properties":{"anthrome":53}},{"type":"Polygon","arcs":[[11119,11120]],"properties":{"anthrome":53}},{"type":"Polygon","arcs":[[11121,11122]],"properties":{"anthrome":61}},{"type":"Polygon","arcs":[[11123,11124]],"properties":{"anthrome":53}},{"type":"Polygon","arcs":[[11125,11126,11127]],"properties":{"anthrome":61}},{"type":"Polygon","arcs":[[11128,11129,-11126]],"properties":{"anthrome":62}},{"type":"Polygon","arcs":[[11130]],"properties":{"anthrome":62}},{"type":"Polygon","arcs":[[11131,11132,11133]],"properties":{"anthrome":61}},{"type":"Polygon","arcs":[[11134,11135]],"properties":{"anthrome":54}},{"type":"Polygon","arcs":[[11136,11137]],"properties":{"anthrome":61}},{"type":"Polygon","arcs":[[-11093,11138]],"properties":{"anthrome":61}},{"type":"Polygon","arcs":[[11139,11140,-11120]],"properties":{"anthrome":61}},{"type":"Polygon","arcs":[[-11125,11141,11142]],"properties":{"anthrome":61}},{"type":"Polygon","arcs":[[11143,-11142]],"properties":{"anthrome":53}},{"type":"Polygon","arcs":[[11144]],"properties":{"anthrome":61}},{"type":"Polygon","arcs":[[11145,11146,11147]],"properties":{"anthrome":52}},{"type":"Polygon","arcs":[[11148]],"properties":{"anthrome":54}},{"type":"Polygon","arcs":[[11149]],"properties":{"anthrome":53}},{"type":"Polygon","arcs":[[11150,11151]],"properties":{"anthrome":61}},{"type":"Polygon","arcs":[[11152,11153]],"properties":{"anthrome":54}},{"type":"Polygon","arcs":[[11154]],"properties":{"anthrome":63}},{"type":"Polygon","arcs":[[11155]],"properties":{"anthrome":52}},{"type":"Polygon","arcs":[[11156]],"properties":{"anthrome":61}},{"type":"Polygon","arcs":[[11157,11158]],"properties":{"anthrome":61}},{"type":"Polygon","arcs":[[11159]],"properties":{"anthrome":61}},{"type":"Polygon","arcs":[[11160]],"properties":{"anthrome":53}},{"type":"Polygon","arcs":[[11161,-11159,11162]],"properties":{"anthrome":53}},{"type":"Polygon","arcs":[[11163,11164,11165,11166,-11144,-11124,11167]],"properties":{"anthrome":52}},{"type":"Polygon","arcs":[[11168,11169,11170,11171]],"properties":{"anthrome":53}},{"type":"Polygon","arcs":[[11172]],"properties":{"anthrome":52}},{"type":"Polygon","arcs":[[11173,11174]],"properties":{"anthrome":52}},{"type":"Polygon","arcs":[[11175,11176,11177,11178]],"properties":{"anthrome":61}},{"type":"Polygon","arcs":[[11179]],"properties":{"anthrome":61}},{"type":"Polygon","arcs":[[11180,11181,11182,11183]],"properties":{"anthrome":61}},{"type":"Polygon","arcs":[[11184,11185]],"properties":{"anthrome":53}},{"type":"Polygon","arcs":[[11186,11187]],"properties":{"anthrome":54}},{"type":"Polygon","arcs":[[11188,11189]],"properties":{"anthrome":32}},{"type":"Polygon","arcs":[[11190]],"properties":{"anthrome":61}},{"type":"Polygon","arcs":[[11191,11192,11193,11194]],"properties":{"anthrome":52}},{"type":"Polygon","arcs":[[11195]],"properties":{"anthrome":61}},{"type":"Polygon","arcs":[[11196]],"properties":{"anthrome":62}},{"type":"Polygon","arcs":[[11197]],"properties":{"anthrome":54}},{"type":"Polygon","arcs":[[11198]],"properties":{"anthrome":53}},{"type":"Polygon","arcs":[[11199]],"properties":{"anthrome":53}},{"type":"Polygon","arcs":[[11200]],"properties":{"anthrome":54}},{"type":"Polygon","arcs":[[11201]],"properties":{"anthrome":62}},{"type":"Polygon","arcs":[[11202,11203,11204,11205,11206,11207,11208]],"properties":{"anthrome":53}},{"type":"Polygon","arcs":[[-9990,-9977,11209,-10061,11210,-9972,11211,-10231,11212,-10187,11213,-10097,11214,-10194,-10123,11215,-10363,11216,-11114,11217,-10700,11218,-10818,11219,-11111,-11110,11220,-11023,-11064,-11107,-11106,11221,-11103,11222,-10925,11223,-11168,-11143,-11167,11224,11225,11226,11227,-11192,11228,-11181,11229,11230,11231,11232,11233,11234,11235,11236,11237,11238,-11002,11239,11240,11241,11242,11243,11244,11245,11246,-10121,11247,-10103,-10068,11248,-10031,11249,-9994,11250,-9881,11251,-9991],[-10184],[-10105],[-10173],[-10203],[-10967],[-11065],[-11160],[-11122,-11123],[-11191]],"properties":{"anthrome":53}},{"type":"Polygon","arcs":[[11252,11253,11254]],"properties":{"anthrome":53}},{"type":"Polygon","arcs":[[11255]],"properties":{"anthrome":61}},{"type":"Polygon","arcs":[[11256,11257]],"properties":{"anthrome":54}},{"type":"Polygon","arcs":[[-11178,11258,11259,11260]],"properties":{"anthrome":62}},{"type":"Polygon","arcs":[[11261,11262,11263,11264]],"properties":{"anthrome":54}},{"type":"Polygon","arcs":[[11265]],"properties":{"anthrome":52}},{"type":"Polygon","arcs":[[11266,11267,11268]],"properties":{"anthrome":52}},{"type":"Polygon","arcs":[[11269,11270]],"properties":{"anthrome":61}},{"type":"Polygon","arcs":[[-11237,11271,11272,11273]],"properties":{"anthrome":52}},{"type":"Polygon","arcs":[[11274,11275,11276,11277]],"properties":{"anthrome":61}},{"type":"Polygon","arcs":[[11278,11279,11280]],"properties":{"anthrome":54}},{"type":"Polygon","arcs":[[11281,11282]],"properties":{"anthrome":61}},{"type":"Polygon","arcs":[[11283,11284,11285,11286]],"properties":{"anthrome":61}},{"type":"Polygon","arcs":[[11287,11288,11289,11290]],"properties":{"anthrome":53}},{"type":"Polygon","arcs":[[11291,11292]],"properties":{"anthrome":53}},{"type":"Polygon","arcs":[[11293,11294,11295,11296]],"properties":{"anthrome":52}},{"type":"Polygon","arcs":[[11297,11298,11299,-11295]],"properties":{"anthrome":61}},{"type":"Polygon","arcs":[[11300]],"properties":{"anthrome":54}},{"type":"Polygon","arcs":[[11301,11302,-11284]],"properties":{"anthrome":53}},{"type":"Polygon","arcs":[[11303,11304,11305,-11302]],"properties":{"anthrome":61}},{"type":"Polygon","arcs":[[11306,11307,11308,11309]],"properties":{"anthrome":52}},{"type":"Polygon","arcs":[[11310]],"properties":{"anthrome":54}},{"type":"Polygon","arcs":[[11311,11312]],"properties":{"anthrome":61}},{"type":"Polygon","arcs":[[11313,11314,11315],[-11202]],"properties":{"anthrome":54}},{"type":"Polygon","arcs":[[11316,11317,11318,11319,11320,11321]],"properties":{"anthrome":61}},{"type":"Polygon","arcs":[[11322,11323,11324,11325,11326,-11225]],"properties":{"anthrome":61}},{"type":"Polygon","arcs":[[11327,11328,11329]],"properties":{"anthrome":54}},{"type":"Polygon","arcs":[[11330]],"properties":{"anthrome":53}},{"type":"Polygon","arcs":[[11331,-11324]],"properties":{"anthrome":53}},{"type":"Polygon","arcs":[[11332,11333]],"properties":{"anthrome":61}},{"type":"Polygon","arcs":[[11334]],"properties":{"anthrome":53}},{"type":"Polygon","arcs":[[11335]],"properties":{"anthrome":54}},{"type":"Polygon","arcs":[[11336,11337,11338,11339,11340,-11318,11341,-11231]],"properties":{"anthrome":52}},{"type":"Polygon","arcs":[[11342,11343,-11321,11344,11345,11346]],"properties":{"anthrome":52}},{"type":"Polygon","arcs":[[11347,11348]],"properties":{"anthrome":54}},{"type":"Polygon","arcs":[[11349,11350,11351,11352]],"properties":{"anthrome":52}},{"type":"Polygon","arcs":[[11353,11354]],"properties":{"anthrome":61}},{"type":"Polygon","arcs":[[-11341,11355]],"properties":{"anthrome":61}},{"type":"Polygon","arcs":[[11356,11357,-11351]],"properties":{"anthrome":53}},{"type":"Polygon","arcs":[[11358]],"properties":{"anthrome":54}},{"type":"Polygon","arcs":[[11359,11360,11361]],"properties":{"anthrome":53}},{"type":"Polygon","arcs":[[11362]],"properties":{"anthrome":54}},{"type":"Polygon","arcs":[[11363,-11326,11364,11365,-11227]],"properties":{"anthrome":54}},{"type":"Polygon","arcs":[[11366,11367,11368,-11276]],"properties":{"anthrome":54}},{"type":"Polygon","arcs":[[11369,11370,11371,11372]],"properties":{"anthrome":53}},{"type":"Polygon","arcs":[[11373,11374]],"properties":{"anthrome":62}},{"type":"Polygon","arcs":[[-11340,11375,11376]],"properties":{"anthrome":61}},{"type":"Polygon","arcs":[[11377]],"properties":{"anthrome":53}},{"type":"Polygon","arcs":[[11378]],"properties":{"anthrome":53}},{"type":"Polygon","arcs":[[11379,11380]],"properties":{"anthrome":62}},{"type":"Polygon","arcs":[[11381,11382,11383,11384]],"properties":{"anthrome":61}},{"type":"Polygon","arcs":[[11385]],"properties":{"anthrome":53}},{"type":"Polygon","arcs":[[11386]],"properties":{"anthrome":54}},{"type":"Polygon","arcs":[[11387]],"properties":{"anthrome":54}},{"type":"Polygon","arcs":[[11388]],"properties":{"anthrome":54}},{"type":"Polygon","arcs":[[11389,-11332]],"properties":{"anthrome":61}},{"type":"Polygon","arcs":[[11390]],"properties":{"anthrome":54}},{"type":"Polygon","arcs":[[11391,11392]],"properties":{"anthrome":54}},{"type":"Polygon","arcs":[[11393]],"properties":{"anthrome":61}},{"type":"Polygon","arcs":[[11394]],"properties":{"anthrome":53}},{"type":"Polygon","arcs":[[11395]],"properties":{"anthrome":53}},{"type":"Polygon","arcs":[[11396]],"properties":{"anthrome":54}},{"type":"Polygon","arcs":[[11397]],"properties":{"anthrome":54}},{"type":"Polygon","arcs":[[11398]],"properties":{"anthrome":53}},{"type":"Polygon","arcs":[[11399,11400]],"properties":{"anthrome":54}},{"type":"Polygon","arcs":[[11401,11402]],"properties":{"anthrome":54}},{"type":"Polygon","arcs":[[11403,11404]],"properties":{"anthrome":53}},{"type":"Polygon","arcs":[[11405,11406]],"properties":{"anthrome":62}},{"type":"Polygon","arcs":[[11407,11408,11409,11410,11411]],"properties":{"anthrome":61}},{"type":"Polygon","arcs":[[11412]],"properties":{"anthrome":62}},{"type":"Polygon","arcs":[[11413,11414]],"properties":{"anthrome":54}},{"type":"Polygon","arcs":[[11415]],"properties":{"anthrome":54}},{"type":"Polygon","arcs":[[11416,11417,11418]],"properties":{"anthrome":54}},{"type":"Polygon","arcs":[[11419]],"properties":{"anthrome":54}},{"type":"Polygon","arcs":[[11420,11421,11422]],"properties":{"anthrome":61}},{"type":"Polygon","arcs":[[11423,11424,11425,-11421]],"properties":{"anthrome":53}},{"type":"Polygon","arcs":[[11426]],"properties":{"anthrome":53}},{"type":"Polygon","arcs":[[11427,11428]],"properties":{"anthrome":61}},{"type":"Polygon","arcs":[[11429]],"properties":{"anthrome":54}},{"type":"Polygon","arcs":[[-11411,11430,11431,11432]],"properties":{"anthrome":52}},{"type":"Polygon","arcs":[[-10015,11433,11434,-10258,11435,-10273,11436,11437,-10445,11438,11439,11440,-10609,11441,11442,11443,11444,11445,11446,11447,-11383,11448,11449,11450,-11308,11451,11452,11453,-11174,-11146,11454,11455,11456,-11010,11457,11458,-10659,11459,-10579,11460,11461,-10515,11462,-10492,11463,11464,-10551,11465,-10490,-10576,-10485,11466,-10480,-10390,11467,-10284,11468,-10204,11469,-10115,11470,-9939,11471,11472,11473,-10008,11474,11475,11476,-10056,11477,11478],[-9927],[-10014],[-10058],[-10101],[-10102],[-10174],[-10197],[-10181],[-10206],[-10359],[-10252],[-10327],[-10377],[-10458,-10457,-10727],[-10423],[-10538],[-10544],[-10558],[-10629],[-10799],[-10834],[-11070],[-11071,-11072],[-11149],[-11198],[-11311]],"properties":{"anthrome":53}},{"type":"Polygon","arcs":[[11479,11480]],"properties":{"anthrome":53}},{"type":"Polygon","arcs":[[11481,11482]],"properties":{"anthrome":61}},{"type":"Polygon","arcs":[[11483,11484]],"properties":{"anthrome":62}},{"type":"Polygon","arcs":[[11485]],"properties":{"anthrome":54}},{"type":"Polygon","arcs":[[11486,11487,11488,11489]],"properties":{"anthrome":62}},{"type":"Polygon","arcs":[[11490,11491,-11488]],"properties":{"anthrome":54}},{"type":"Polygon","arcs":[[11492,11493,11494]],"properties":{"anthrome":53}},{"type":"Polygon","arcs":[[11495]],"properties":{"anthrome":53}},{"type":"Polygon","arcs":[[11496,11497,11498]],"properties":{"anthrome":54}},{"type":"Polygon","arcs":[[11499,11500]],"properties":{"anthrome":62}},{"type":"Polygon","arcs":[[11501]],"properties":{"anthrome":53}},{"type":"Polygon","arcs":[[11502]],"properties":{"anthrome":62}},{"type":"Polygon","arcs":[[11503,11504]],"properties":{"anthrome":61}},{"type":"Polygon","arcs":[[11505]],"properties":{"anthrome":52}},{"type":"Polygon","arcs":[[11506,11507]],"properties":{"anthrome":54}},{"type":"Polygon","arcs":[[-11482,11508]],"properties":{"anthrome":70}},{"type":"Polygon","arcs":[[-11489,11509,11510,11511]],"properties":{"anthrome":54}},{"type":"Polygon","arcs":[[11512,11513]],"properties":{"anthrome":62}},{"type":"Polygon","arcs":[[11514]],"properties":{"anthrome":54}},{"type":"Polygon","arcs":[[11515]],"properties":{"anthrome":54}},{"type":"Polygon","arcs":[[11516,11517]],"properties":{"anthrome":62}},{"type":"Polygon","arcs":[[11518,11519]],"properties":{"anthrome":62}},{"type":"Polygon","arcs":[[11520]],"properties":{"anthrome":61}},{"type":"Polygon","arcs":[[-11504,11521]],"properties":{"anthrome":53}},{"type":"Polygon","arcs":[[11522,11523,11524]],"properties":{"anthrome":53}},{"type":"Polygon","arcs":[[11525,11526,11527],[-11420],[-11499,-11498,-11497],[-11516]],"properties":{"anthrome":53}},{"type":"Polygon","arcs":[[-11492,-11514,11528,11529,11530]],"properties":{"anthrome":61}},{"type":"Polygon","arcs":[[11531,11532,11533,11534,11535,11536]],"properties":{"anthrome":62}},{"type":"Polygon","arcs":[[11537,11538,11539,11540,11541]],"properties":{"anthrome":53}},{"type":"Polygon","arcs":[[11542]],"properties":{"anthrome":61}},{"type":"Polygon","arcs":[[-11511,11543,11544,11545]],"properties":{"anthrome":53}},{"type":"Polygon","arcs":[[11546,11547,-11534]],"properties":{"anthrome":61}},{"type":"Polygon","arcs":[[11548,11549]],"properties":{"anthrome":62}},{"type":"Polygon","arcs":[[11550,11551,-11540]],"properties":{"anthrome":52}},{"type":"Polygon","arcs":[[11552,11553,-11551]],"properties":{"anthrome":53}},{"type":"Polygon","arcs":[[11554,11555]],"properties":{"anthrome":61}},{"type":"Polygon","arcs":[[11556]],"properties":{"anthrome":54}},{"type":"Polygon","arcs":[[11557]],"properties":{"anthrome":54}},{"type":"Polygon","arcs":[[11558,-11428,11559,11560]],"properties":{"anthrome":53}},{"type":"Polygon","arcs":[[11561]],"properties":{"anthrome":54}},{"type":"Polygon","arcs":[[11562,11563,11564,11565]],"properties":{"anthrome":53}},{"type":"Polygon","arcs":[[11566,11567]],"properties":{"anthrome":61}},{"type":"Polygon","arcs":[[11568,11569]],"properties":{"anthrome":53}},{"type":"Polygon","arcs":[[11570,11571,11572]],"properties":{"anthrome":53}},{"type":"Polygon","arcs":[[11573,11574]],"properties":{"anthrome":53}},{"type":"Polygon","arcs":[[11575,-11574]],"properties":{"anthrome":61}},{"type":"Polygon","arcs":[[11576]],"properties":{"anthrome":53}},{"type":"Polygon","arcs":[[11577,11578]],"properties":{"anthrome":54}},{"type":"Polygon","arcs":[[11579,11580]],"properties":{"anthrome":54}},{"type":"Polygon","arcs":[[11581]],"properties":{"anthrome":54}},{"type":"Polygon","arcs":[[11582]],"properties":{"anthrome":53}},{"type":"Polygon","arcs":[[11583]],"properties":{"anthrome":52}},{"type":"Polygon","arcs":[[11584]],"properties":{"anthrome":61}},{"type":"Polygon","arcs":[[11585]],"properties":{"anthrome":53}},{"type":"Polygon","arcs":[[11586,11587,11588,11589]],"properties":{"anthrome":62}},{"type":"Polygon","arcs":[[11590,11591,-11588]],"properties":{"anthrome":53}},{"type":"Polygon","arcs":[[11592]],"properties":{"anthrome":52}},{"type":"Polygon","arcs":[[11593]],"properties":{"anthrome":53}},{"type":"Polygon","arcs":[[11594,11595]],"properties":{"anthrome":53}},{"type":"Polygon","arcs":[[11596]],"properties":{"anthrome":54}},{"type":"Polygon","arcs":[[11597,11598]],"properties":{"anthrome":61}},{"type":"Polygon","arcs":[[11599,11600]],"properties":{"anthrome":54}},{"type":"Polygon","arcs":[[11601,-11598,11602,11603,11604,11605]],"properties":{"anthrome":53}},{"type":"Polygon","arcs":[[11606,11607,11608,11609]],"properties":{"anthrome":53}},{"type":"Polygon","arcs":[[11610]],"properties":{"anthrome":54}},{"type":"Polygon","arcs":[[-11604,11611,11612]],"properties":{"anthrome":62}},{"type":"Polygon","arcs":[[11613]],"properties":{"anthrome":54}},{"type":"Polygon","arcs":[[11614]],"properties":{"anthrome":62}},{"type":"Polygon","arcs":[[11615]],"properties":{"anthrome":53}},{"type":"Polygon","arcs":[[11616,11617,11618,11619]],"properties":{"anthrome":53}},{"type":"Polygon","arcs":[[11620,11621,11622,-11618,11623,11624,-11569,-11553,-11539,11625]],"properties":{"anthrome":52}},{"type":"Polygon","arcs":[[11626]],"properties":{"anthrome":62}},{"type":"Polygon","arcs":[[11627]],"properties":{"anthrome":53}},{"type":"Polygon","arcs":[[11628,11629,11630]],"properties":{"anthrome":53}},{"type":"Polygon","arcs":[[11631,11632,-11629]],"properties":{"anthrome":61}},{"type":"Polygon","arcs":[[11633]],"properties":{"anthrome":53}},{"type":"Polygon","arcs":[[11634,11635]],"properties":{"anthrome":52}},{"type":"Polygon","arcs":[[-11619,11636,11637,11638]],"properties":{"anthrome":52}},{"type":"Polygon","arcs":[[11639]],"properties":{"anthrome":54}},{"type":"Polygon","arcs":[[11640]],"properties":{"anthrome":53}},{"type":"Polygon","arcs":[[-11630,11641,11642]],"properties":{"anthrome":61}},{"type":"Polygon","arcs":[[11643]],"properties":{"anthrome":61}},{"type":"Polygon","arcs":[[11644]],"properties":{"anthrome":54}},{"type":"Polygon","arcs":[[11645,11646]],"properties":{"anthrome":54}},{"type":"Polygon","arcs":[[11647,11648]],"properties":{"anthrome":62}},{"type":"Polygon","arcs":[[11649]],"properties":{"anthrome":62}},{"type":"Polygon","arcs":[[11650]],"properties":{"anthrome":51}},{"type":"Polygon","arcs":[[11651]],"properties":{"anthrome":53}},{"type":"Polygon","arcs":[[11652]],"properties":{"anthrome":53}},{"type":"Polygon","arcs":[[11653]],"properties":{"anthrome":53}},{"type":"Polygon","arcs":[[11654]],"properties":{"anthrome":54}},{"type":"Polygon","arcs":[[11655]],"properties":{"anthrome":62}},{"type":"Polygon","arcs":[[-11633,11656,11657,-11642]],"properties":{"anthrome":53}},{"type":"Polygon","arcs":[[11658,11659]],"properties":{"anthrome":53}},{"type":"Polygon","arcs":[[11660,11661,11662,11663,11664,11665,11666,11667,-11637,-11623,11668],[-11640]],"properties":{"anthrome":53}},{"type":"Polygon","arcs":[[11669]],"properties":{"anthrome":54}},{"type":"Polygon","arcs":[[11670,11671,11672,11673]],"properties":{"anthrome":52}},{"type":"Polygon","arcs":[[11674,-11665,11675,-11672]],"properties":{"anthrome":54}},{"type":"Polygon","arcs":[[11676,11677,11678]],"properties":{"anthrome":51}},{"type":"Polygon","arcs":[[11679]],"properties":{"anthrome":53}},{"type":"Polygon","arcs":[[11680,11681]],"properties":{"anthrome":62}},{"type":"Polygon","arcs":[[11682,11683]],"properties":{"anthrome":61}},{"type":"Polygon","arcs":[[11684]],"properties":{"anthrome":53}},{"type":"Polygon","arcs":[[-11609,11685,11686]],"properties":{"anthrome":54}},{"type":"Polygon","arcs":[[11687]],"properties":{"anthrome":54}},{"type":"Polygon","arcs":[[11688]],"properties":{"anthrome":62}},{"type":"Polygon","arcs":[[11689]],"properties":{"anthrome":61}},{"type":"Polygon","arcs":[[11690]],"properties":{"anthrome":54}},{"type":"Polygon","arcs":[[11691]],"properties":{"anthrome":54}},{"type":"Polygon","arcs":[[11692]],"properties":{"anthrome":54}},{"type":"Polygon","arcs":[[11693,11694,11695,11696]],"properties":{"anthrome":53}},{"type":"Polygon","arcs":[[11697]],"properties":{"anthrome":52}},{"type":"Polygon","arcs":[[11698,11699,11700,11701]],"properties":{"anthrome":62}},{"type":"Polygon","arcs":[[-11673,11702,11703]],"properties":{"anthrome":53}},{"type":"Polygon","arcs":[[11704,11705,11706]],"properties":{"anthrome":54}},{"type":"Polygon","arcs":[[11707,11708,11709]],"properties":{"anthrome":51}},{"type":"Polygon","arcs":[[11710]],"properties":{"anthrome":62}},{"type":"Polygon","arcs":[[11711]],"properties":{"anthrome":54}},{"type":"Polygon","arcs":[[11712,11713]],"properties":{"anthrome":52}},{"type":"Polygon","arcs":[[11714,11715]],"properties":{"anthrome":53}},{"type":"Polygon","arcs":[[-11695,11716,-11715]],"properties":{"anthrome":54}},{"type":"Polygon","arcs":[[11717]],"properties":{"anthrome":53}},{"type":"Polygon","arcs":[[11718]],"properties":{"anthrome":54}},{"type":"Polygon","arcs":[[11719,11720]],"properties":{"anthrome":62}},{"type":"Polygon","arcs":[[11721]],"properties":{"anthrome":54}},{"type":"Polygon","arcs":[[11722]],"properties":{"anthrome":54}},{"type":"Polygon","arcs":[[11723,-11684,11724,11725]],"properties":{"anthrome":53}},{"type":"Polygon","arcs":[[11726,-11704,11727,11728,11729]],"properties":{"anthrome":52}},{"type":"Polygon","arcs":[[11730,11731]],"properties":{"anthrome":54}},{"type":"Polygon","arcs":[[11732,-11731]],"properties":{"anthrome":62}},{"type":"Polygon","arcs":[[11733]],"properties":{"anthrome":61}},{"type":"Polygon","arcs":[[11734,11735,-11728]],"properties":{"anthrome":54}},{"type":"Polygon","arcs":[[11736]],"properties":{"anthrome":62}},{"type":"Polygon","arcs":[[11737]],"properties":{"anthrome":54}},{"type":"Polygon","arcs":[[11738,11739]],"properties":{"anthrome":62}},{"type":"Polygon","arcs":[[11740,11741]],"properties":{"anthrome":53}},{"type":"Polygon","arcs":[[11742]],"properties":{"anthrome":62}},{"type":"Polygon","arcs":[[-11717,11743]],"properties":{"anthrome":53}},{"type":"Polygon","arcs":[[11744]],"properties":{"anthrome":62}},{"type":"Polygon","arcs":[[11745]],"properties":{"anthrome":54}},{"type":"Polygon","arcs":[[11746,11747,11748]],"properties":{"anthrome":53}},{"type":"Polygon","arcs":[[11749,11750,11751,11752]],"properties":{"anthrome":54}},{"type":"Polygon","arcs":[[11753,11754,11755]],"properties":{"anthrome":54}},{"type":"Polygon","arcs":[[11756,11757]],"properties":{"anthrome":62}},{"type":"Polygon","arcs":[[-11739,11758]],"properties":{"anthrome":53}},{"type":"Polygon","arcs":[[11759,11760,11761]],"properties":{"anthrome":62}},{"type":"Polygon","arcs":[[11762]],"properties":{"anthrome":53}},{"type":"Polygon","arcs":[[-11761,11763]],"properties":{"anthrome":54}},{"type":"Polygon","arcs":[[11764,11765,-11701,11766,-11749,11767,11768,11769,11770,11771,11772,11773]],"properties":{"anthrome":61}},{"type":"Polygon","arcs":[[11774]],"properties":{"anthrome":52}},{"type":"Polygon","arcs":[[11775,11776]],"properties":{"anthrome":54}},{"type":"Polygon","arcs":[[11777,-11771,11778]],"properties":{"anthrome":53}},{"type":"Polygon","arcs":[[11779,11780]],"properties":{"anthrome":52}},{"type":"Polygon","arcs":[[11781]],"properties":{"anthrome":62}},{"type":"Polygon","arcs":[[11782,11783]],"properties":{"anthrome":62}},{"type":"Polygon","arcs":[[11784,11785]],"properties":{"anthrome":54}},{"type":"Polygon","arcs":[[11786]],"properties":{"anthrome":61}},{"type":"Polygon","arcs":[[11787,-11779,11788,11789,11790]],"properties":{"anthrome":54}},{"type":"Polygon","arcs":[[11791,11792,11793]],"properties":{"anthrome":62}},{"type":"Polygon","arcs":[[11794,11795]],"properties":{"anthrome":61}},{"type":"Polygon","arcs":[[11796]],"properties":{"anthrome":54}},{"type":"Polygon","arcs":[[11797]],"properties":{"anthrome":54}},{"type":"Polygon","arcs":[[11798,11799,-11757,11800,11801]],"properties":{"anthrome":54}},{"type":"Polygon","arcs":[[-11770,11802,11803,11804,11805,-11789]],"properties":{"anthrome":62}},{"type":"Polygon","arcs":[[11806]],"properties":{"anthrome":54}},{"type":"Polygon","arcs":[[11807,11808]],"properties":{"anthrome":53}},{"type":"Polygon","arcs":[[11809,11810,11811,-11681]],"properties":{"anthrome":54}},{"type":"Polygon","arcs":[[-11793,11812,11813]],"properties":{"anthrome":53}},{"type":"Polygon","arcs":[[11814,11815]],"properties":{"anthrome":54}},{"type":"Polygon","arcs":[[11816]],"properties":{"anthrome":62}},{"type":"Polygon","arcs":[[11817]],"properties":{"anthrome":54}},{"type":"Polygon","arcs":[[11818,11819,-11781,-11796,-11809,11820,11821,11822,11823,11824,11825,11826]],"properties":{"anthrome":51}},{"type":"Polygon","arcs":[[11827]],"properties":{"anthrome":54}},{"type":"Polygon","arcs":[[11828]],"properties":{"anthrome":62}},{"type":"Polygon","arcs":[[11829,11830,11831]],"properties":{"anthrome":54}},{"type":"Polygon","arcs":[[11832,11833,11834]],"properties":{"anthrome":54}},{"type":"Polygon","arcs":[[11835,-11822]],"properties":{"anthrome":61}},{"type":"Polygon","arcs":[[11836]],"properties":{"anthrome":62}},{"type":"Polygon","arcs":[[11837,11838]],"properties":{"anthrome":62}},{"type":"Polygon","arcs":[[11839]],"properties":{"anthrome":54}},{"type":"Polygon","arcs":[[11840,11841,-11575,11842,-11677,-11679,-11708,11843,-11707,11844,11845,-11756,11846,11847,-11777,11848,-11824,11849,11850,-11835,11851,11852,11853,-11830,11854,11855,-11751,11856,-11735,-11703,11857,-11663,11858,11859,-11687,11860,-11607,-11571,-11524,11861,11862,11863,-11372,11864,-11290,11865,-11329,-11328,11866,-11171,11867],[-11359],[-11391],[-11430],[-11515],[-11651],[-11719]],"properties":{"anthrome":52}},{"type":"Polygon","arcs":[[11868,-11805,11869,11870,11871,11872,11873,11874,11875]],"properties":{"anthrome":61}},{"type":"Polygon","arcs":[[11876,11877,11878,-11852]],"properties":{"anthrome":54}},{"type":"Polygon","arcs":[[11879,11880]],"properties":{"anthrome":62}},{"type":"Polygon","arcs":[[11881,11882,11883]],"properties":{"anthrome":54}},{"type":"Polygon","arcs":[[11884,11885,11886,11887]],"properties":{"anthrome":53}},{"type":"Polygon","arcs":[[-11834,11888,11889,-11877]],"properties":{"anthrome":62}},{"type":"Polygon","arcs":[[11890]],"properties":{"anthrome":62}},{"type":"Polygon","arcs":[[11891]],"properties":{"anthrome":62}},{"type":"Polygon","arcs":[[11892,11893]],"properties":{"anthrome":53}},{"type":"Polygon","arcs":[[11894]],"properties":{"anthrome":62}},{"type":"Polygon","arcs":[[11895]],"properties":{"anthrome":62}},{"type":"Polygon","arcs":[[11896,11897]],"properties":{"anthrome":61}},{"type":"Polygon","arcs":[[11898,-11730,11899,-11753,11900,-11855,11901,11902,-11884,11903,11904,11905],[-11775],[-11818]],"properties":{"anthrome":53}},{"type":"Polygon","arcs":[[11906,11907,11908,11909]],"properties":{"anthrome":53}},{"type":"Polygon","arcs":[[11910,11911]],"properties":{"anthrome":54}},{"type":"Polygon","arcs":[[11912]],"properties":{"anthrome":54}},{"type":"Polygon","arcs":[[11913,11914,11915]],"properties":{"anthrome":53}},{"type":"Polygon","arcs":[[11916,11917,-11915]],"properties":{"anthrome":54}},{"type":"Polygon","arcs":[[11918,11919]],"properties":{"anthrome":53}},{"type":"Polygon","arcs":[[-11270,11920,-11393,11921,-11555,11922,-11783,11923,11924,11925,-11312,11926]],"properties":{"anthrome":53}},{"type":"Polygon","arcs":[[11927,11928,-11815,11929,11930]],"properties":{"anthrome":62}},{"type":"Polygon","arcs":[[11931,11932,11933,11934]],"properties":{"anthrome":62}},{"type":"Polygon","arcs":[[11935]],"properties":{"anthrome":53}},{"type":"Polygon","arcs":[[11936]],"properties":{"anthrome":62}},{"type":"Polygon","arcs":[[11937]],"properties":{"anthrome":62}},{"type":"Polygon","arcs":[[-11911,11938]],"properties":{"anthrome":52}},{"type":"Polygon","arcs":[[11939]],"properties":{"anthrome":54}},{"type":"Polygon","arcs":[[11940]],"properties":{"anthrome":54}},{"type":"Polygon","arcs":[[-11925,11941,-11880,11942,-11659,11943,-11519,11944,11945,-11425,-11406,11946],[-11427],[-11502]],"properties":{"anthrome":54}},{"type":"Polygon","arcs":[[-11001,-11000,11947,11948,-11128,11949,11950,11951,-11287,11952,11953,-11334,11954,11955,11956,11957,-11513,-11491,-11417,-11419,11958,11959,11960,11961,11962,-11773,11963,-11791,11964,-11876,11965,11966,11967,-11713,11968,-11635,11969,11970,11971,11972,-11409,-11408,11973,11974,11975,11976,-11319,-11356,-11377,11977,11978,-11366,11979,-11390,-11323,-11166,11980,-11040,-11039],[-10974],[-11025],[-11086],[11981,-11368,11982,-11278],[-11145],[-11196],[-11301],[-11394],[-11403,-11402],[-11506],[-11486],[-11670],[-11698]],"properties":{"anthrome":53}},{"type":"Polygon","arcs":[[11983]],"properties":{"anthrome":54}},{"type":"Polygon","arcs":[[11984,11985]],"properties":{"anthrome":62}},{"type":"Polygon","arcs":[[11986]],"properties":{"anthrome":54}},{"type":"Polygon","arcs":[[11987]],"properties":{"anthrome":53}},{"type":"Polygon","arcs":[[11988]],"properties":{"anthrome":54}},{"type":"Polygon","arcs":[[11989]],"properties":{"anthrome":54}},{"type":"Polygon","arcs":[[11990]],"properties":{"anthrome":54}},{"type":"Polygon","arcs":[[11991,11992,11993,11994,11995,11996]],"properties":{"anthrome":62}},{"type":"Polygon","arcs":[[11997,11998],[-11984]],"properties":{"anthrome":62}},{"type":"Polygon","arcs":[[11999,-11994,12000,12001]],"properties":{"anthrome":63}},{"type":"Polygon","arcs":[[12002]],"properties":{"anthrome":53}},{"type":"Polygon","arcs":[[-11897,12003,12004,12005]],"properties":{"anthrome":53}},{"type":"Polygon","arcs":[[12006]],"properties":{"anthrome":54}},{"type":"Polygon","arcs":[[12007,12008]],"properties":{"anthrome":61}},{"type":"Polygon","arcs":[[12009,12010,12011]],"properties":{"anthrome":52}},{"type":"Polygon","arcs":[[12012,12013,12014]],"properties":{"anthrome":63}},{"type":"Polygon","arcs":[[12015,12016]],"properties":{"anthrome":62}},{"type":"Polygon","arcs":[[12017,12018,12019,-12012,12020,12021,12022]],"properties":{"anthrome":53}},{"type":"Polygon","arcs":[[12023]],"properties":{"anthrome":53}},{"type":"Polygon","arcs":[[-12021,12024,12025]],"properties":{"anthrome":52}},{"type":"Polygon","arcs":[[12026,12027,12028]],"properties":{"anthrome":63}},{"type":"Polygon","arcs":[[12029]],"properties":{"anthrome":53}},{"type":"Polygon","arcs":[[12030,12031]],"properties":{"anthrome":54}},{"type":"Polygon","arcs":[[12032,12033,12034]],"properties":{"anthrome":62}},{"type":"Polygon","arcs":[[-12031,12035,12036]],"properties":{"anthrome":62}},{"type":"Polygon","arcs":[[12037,-11887,-11894,12038,-11916,12039,12040,12041,-11912,12042,12043,12044,12045,-11902],[-11807],[-11913],[-11987]],"properties":{"anthrome":52}},{"type":"Polygon","arcs":[[-12014,12046,12047,12048]],"properties":{"anthrome":62}},{"type":"Polygon","arcs":[[12049]],"properties":{"anthrome":54}},{"type":"Polygon","arcs":[[12050]],"properties":{"anthrome":63}},{"type":"Polygon","arcs":[[12051]],"properties":{"anthrome":54}},{"type":"Polygon","arcs":[[12052,12053,12054]],"properties":{"anthrome":61}},{"type":"Polygon","arcs":[[12055]],"properties":{"anthrome":62}},{"type":"Polygon","arcs":[[12056,12057]],"properties":{"anthrome":52}},{"type":"Polygon","arcs":[[12058]],"properties":{"anthrome":52}},{"type":"Polygon","arcs":[[12059]],"properties":{"anthrome":52}},{"type":"Polygon","arcs":[[12060]],"properties":{"anthrome":62}},{"type":"Polygon","arcs":[[12061]],"properties":{"anthrome":53}},{"type":"Polygon","arcs":[[12062]],"properties":{"anthrome":54}},{"type":"Polygon","arcs":[[12063,12064,12065,12066]],"properties":{"anthrome":62}},{"type":"Polygon","arcs":[[12067,12068,12069,-12065]],"properties":{"anthrome":52}},{"type":"Polygon","arcs":[[12070,12071,-12069]],"properties":{"anthrome":62}},{"type":"Polygon","arcs":[[12072,12073]],"properties":{"anthrome":62}},{"type":"Polygon","arcs":[[12074]],"properties":{"anthrome":54}},{"type":"Polygon","arcs":[[12075]],"properties":{"anthrome":62}},{"type":"Polygon","arcs":[[12076,12077]],"properties":{"anthrome":53}},{"type":"Polygon","arcs":[[12078]],"properties":{"anthrome":63}},{"type":"Polygon","arcs":[[12079,12080,-12078,12081,12082,12083]],"properties":{"anthrome":52}},{"type":"Polygon","arcs":[[12084]],"properties":{"anthrome":62}},{"type":"Polygon","arcs":[[12085,12086,12087,12088]],"properties":{"anthrome":53}},{"type":"Polygon","arcs":[[12089,12090]],"properties":{"anthrome":53}},{"type":"Polygon","arcs":[[12091,12092,12093,12094]],"properties":{"anthrome":61}},{"type":"Polygon","arcs":[[12095,12096,12097,12098]],"properties":{"anthrome":62}},{"type":"Polygon","arcs":[[-12088,12099,12100,12101]],"properties":{"anthrome":62}},{"type":"Polygon","arcs":[[12102]],"properties":{"anthrome":54}},{"type":"Polygon","arcs":[[12103,12104]],"properties":{"anthrome":54}},{"type":"Polygon","arcs":[[12105,12106,-12092,12107,12108,12109,-12053,12110,12111]],"properties":{"anthrome":53}},{"type":"Polygon","arcs":[[-12098,12112,12113,12114]],"properties":{"anthrome":61}},{"type":"Polygon","arcs":[[12115]],"properties":{"anthrome":62}},{"type":"Polygon","arcs":[[12116,12117]],"properties":{"anthrome":61}},{"type":"Polygon","arcs":[[12118,12119,-12118,12120,12121]],"properties":{"anthrome":53}},{"type":"Polygon","arcs":[[12122,12123,12124,12125]],"properties":{"anthrome":61}},{"type":"Polygon","arcs":[[12126,12127]],"properties":{"anthrome":62}},{"type":"Polygon","arcs":[[12128,12129]],"properties":{"anthrome":62}},{"type":"Polygon","arcs":[[12130,12131,12132,12133]],"properties":{"anthrome":53}},{"type":"Polygon","arcs":[[12134,-12132]],"properties":{"anthrome":54}},{"type":"Polygon","arcs":[[12135,12136]],"properties":{"anthrome":62}},{"type":"Polygon","arcs":[[12137]],"properties":{"anthrome":62}},{"type":"Polygon","arcs":[[12138]],"properties":{"anthrome":62}},{"type":"Polygon","arcs":[[12139,12140]],"properties":{"anthrome":62}},{"type":"Polygon","arcs":[[12141,12142]],"properties":{"anthrome":62}},{"type":"Polygon","arcs":[[12143]],"properties":{"anthrome":53}},{"type":"Polygon","arcs":[[12144,12145]],"properties":{"anthrome":62}},{"type":"Polygon","arcs":[[12146,12147,12148]],"properties":{"anthrome":53}},{"type":"Polygon","arcs":[[12149,12150]],"properties":{"anthrome":53}},{"type":"Polygon","arcs":[[-11136,-11154,12151,-11258,12152,-11314,12153,12154,-11400,12155,-11348,12156,-11187,12157,-11094,12158,-11283,12159,12160,12161,12162,12163,12164,12165,12166,12167,12168,12169,12170,12171,-11799,12172,-11811,12173,-11646,12174,-11578,12175,-11600,12176,-11414,12177],[12178,-11281,-11280,12179,-11151],[-11201],[-11336],[-11387],[-11388],[-11389],[-11397],[-11398],[-11416],[-11562],[-11557],[-11558],[-11581,-11580],[-11645],[-11582],[-11611],[-11597],[-11693],[-11688],[-11655],[-11712],[-11691],[-11692],[-11722],[-11723],[-11746],[-11738],[-11786,-11785],[-11797],[-11798],[-11840],[-11828],[-11940],[-11941],[-11989],[-11990],[-11991],[-12050],[-12052],[-12063],[-12075],[-12103],[-12105,-12104]],"properties":{"anthrome":62}},{"type":"Polygon","arcs":[[12180]],"properties":{"anthrome":53}},{"type":"Polygon","arcs":[[12181,12182,12183,12184]],"properties":{"anthrome":53}},{"type":"Polygon","arcs":[[-12133,12185,-12150,12186,12187]],"properties":{"anthrome":54}},{"type":"Polygon","arcs":[[12188,12189,12190]],"properties":{"anthrome":62}},{"type":"Polygon","arcs":[[12191,-7826,12192,-8600,12193,-8978,12194,12195,-9042,12196,-9191,12197,-9114,12198,-9115,12199,-9381,12200,12201,-10379,12202,-10597,12203,-10688,-10687,-10779,12204,-10935,12205,12206,-11362,-11361,12207,-11404,12208,-11501,-11518,12209,-11526,-11528,12210,-11720,12211,-11839,12212,-11920,12213,-11986,12214,-12035,12215,-12122,12216,-12143,12217,12218,12219,-12037,12220,-11760,12221,-11380,12222,-10704,12223,-10535,12224,12225,-10657,-11459,12226,-11012,12227,-11456,12228,-11147,12229,-11453,12230,-11310,12231,-11450,12232,-11385,12233,-11447,-11446,12234,-10837,12235,-11443,-11442,-10541,12236,-10508,-10442,-10275,-10256,12237,-10072,12238,12239,-11434,-9982,-11479,12240,12241,-11476,12242,-11473,12243,-9937,12244,-9836,12245,-9934,-9933,-9691,-9693,-9943,12246,-9832,-9769,12247,-9810,12248,-9388,-9447,12249,-9458,-9806,12250,-9579,12251,-9591,12252,-9402,-9446,12253,-9847,12254,-9352,-9277,-9229,12255,12256,-9172,12257,-9047,12258,-8729,12259,-8826,12260,-8757,-8805,12261,-8823,12262,-8854,-8853,-8404,-8403,-8363,-8852,-8851,-8850,-8849,-8848,-8847],[-8237],[-8346,-8345],[-8377,-8378],[-8454],[-8455],[-8458,-8459],[-8510],[-8558],[-8559,-8560],[-8576],[-8577,-8578],[-8579],[-8609],[-8934],[-8731],[12263,-8811,12264,-8982],[-8769],[-8806],[-8807],[-8903,12265,-8932,12266,-8882],[12267,-8947,12268,-9162,12269,-9263,12270,12271,-9390,-9421,12272,-9372,12273,12274,-9158,12275,12276,-9155,12277,-8886,12278,-9165],[-8904],[-9062],[-9176],[12279,-9281,12280,-9211],[-9190],[-9232],[-9355],[12281,-9380,12282,-9283],[-9356],[-9410],[-9419],[-9459],[-9608],[-9595],[-9607],[-9596],[-9632],[-9633],[-9683],[-9684],[-9694],[-9718],[-9719],[-9762],[12283,-9868,12284,-9842,12285,-9865,12286],[12287,-9925,12288,-9897],[-10136],[-10137],[-10165,-10198,12289,12290,-10322,12291,-10366,-10200,-10167,12292],[-10207],[-10286],[-10461],[-10706],[12293,12294,-11292,12295,12296,-11205,12297,-11132,12298,-11209],[-10800],[-10801],[-10838],[-10932],[-10976],[-11049],[-11050],[12299,-11267,12300,-11255],[-11150],[-11173],[-11186,-11185],[-11331],[-11199],[-11200],[-11335],[-11386],[-11395],[-11396],[-11399],[-11496],[-11583],[-11577],[-11594],[-11595,-11596],[-11627],[-11634],[-11628],[-11641],[-11652],[-11653],[-11654],[-11680],[-11711],[-11745],[-11837],[-11998,-11999],[-11895],[-11896],[-11936],[-12003],[-12116]],"properties":{"anthrome":54}},{"type":"Polygon","arcs":[[-12170,12301,-12149,12302,-12146,12303,12304,12305,12306,12307,-12189,12308,-12183,-12182,12309,-12129,12310,-12073,12311],[12312,-12101,12313,-12086],[-12144]],"properties":{"anthrome":54}},{"type":"Polygon","arcs":[[12314]],"properties":{"anthrome":53}},{"type":"Polygon","arcs":[[-12219,12315]],"properties":{"anthrome":62}},{"type":"Polygon","arcs":[[12316,-12307]],"properties":{"anthrome":53}},{"type":"Polygon","arcs":[[12317,-12305]],"properties":{"anthrome":62}},{"type":"Polygon","arcs":[[12318]],"properties":{"anthrome":62}},{"type":"Polygon","arcs":[[12319]],"properties":{"anthrome":62}},{"type":"Polygon","arcs":[[12320,12321]],"properties":{"anthrome":52}},{"type":"Polygon","arcs":[[12322]],"properties":{"anthrome":62}},{"type":"Polygon","arcs":[[12323,12324,12325]],"properties":{"anthrome":62}},{"type":"Polygon","arcs":[[12326,12327]],"properties":{"anthrome":54}},{"type":"Polygon","arcs":[[12328,12329,12330,12331]],"properties":{"anthrome":53}},{"type":"Polygon","arcs":[[12332,12333,12334,12335]],"properties":{"anthrome":61}},{"type":"Polygon","arcs":[[12336]],"properties":{"anthrome":62}},{"type":"Polygon","arcs":[[12337]],"properties":{"anthrome":62}},{"type":"Polygon","arcs":[[12338,12339,12340]],"properties":{"anthrome":53}},{"type":"Polygon","arcs":[[12341,12342]],"properties":{"anthrome":53}},{"type":"Polygon","arcs":[[12343]],"properties":{"anthrome":62}},{"type":"Polygon","arcs":[[-12340,12344,12345,12346]],"properties":{"anthrome":61}},{"type":"Polygon","arcs":[[12347,12348,12349]],"properties":{"anthrome":62}},{"type":"Polygon","arcs":[[12350,12351]],"properties":{"anthrome":61}},{"type":"Polygon","arcs":[[12352]],"properties":{"anthrome":61}},{"type":"Polygon","arcs":[[12353,12354]],"properties":{"anthrome":62}},{"type":"Polygon","arcs":[[12355,12356,12357,12358]],"properties":{"anthrome":52}},{"type":"Polygon","arcs":[[-12348,12359,12360,12361]],"properties":{"anthrome":54}},{"type":"Polygon","arcs":[[-12360,12362]],"properties":{"anthrome":62}},{"type":"Polygon","arcs":[[12363]],"properties":{"anthrome":62}},{"type":"Polygon","arcs":[[12364]],"properties":{"anthrome":62}},{"type":"Polygon","arcs":[[12365,12366]],"properties":{"anthrome":53}},{"type":"Polygon","arcs":[[12367,12368]],"properties":{"anthrome":61}},{"type":"Polygon","arcs":[[-11480,-11606,12369,12370,12371,-11726,-11759,12372,12373,12374,-12006,12375,12376,-12112,12377,12378,-12109,12379,-12094,12380,-12131,12381,-12123,12382,12383,12384,-12334,12385,12386,12387,12388,12389,12390,-12367,12391,-12354,12392,-12330,12393,-12326,12394,12395,12396,12397,-12167,-12166,-12165,-12164,-12163,-12162,-12161,12398],[-11891],[-11937],[-12076],[-12138],[-12139],[-12315],[-12319],[-12320],[-12338]],"properties":{"anthrome":54}},{"type":"Polygon","arcs":[[12399,12400,12401,12402]],"properties":{"anthrome":52}},{"type":"Polygon","arcs":[[12403,12404,12405]],"properties":{"anthrome":61}},{"type":"Polygon","arcs":[[12406,12407,12408,12409]],"properties":{"anthrome":62}},{"type":"Polygon","arcs":[[12410,12411]],"properties":{"anthrome":54}},{"type":"Polygon","arcs":[[12412,12413,12414,12415,12416,-12390]],"properties":{"anthrome":53}},{"type":"Polygon","arcs":[[12417,12418,12419]],"properties":{"anthrome":53}},{"type":"Polygon","arcs":[[-12416,12420]],"properties":{"anthrome":61}},{"type":"Polygon","arcs":[[12421,12422]],"properties":{"anthrome":61}},{"type":"Polygon","arcs":[[12423,12424]],"properties":{"anthrome":62}},{"type":"Polygon","arcs":[[12425,12426]],"properties":{"anthrome":61}},{"type":"Polygon","arcs":[[-12125,-12188,12427,-12327,12428,-12369,12429,-12412,-12424,12430,-12422,12431,-12408,12432,-12387,12433,-12336,12434,-12384,12435],[-12353]],"properties":{"anthrome":53}},{"type":"Polygon","arcs":[[12436,12437,12438]],"properties":{"anthrome":62}},{"type":"Polygon","arcs":[[12439]],"properties":{"anthrome":54}},{"type":"Polygon","arcs":[[12440,12441,12442]],"properties":{"anthrome":62}},{"type":"Polygon","arcs":[[12443,12444,12445,12446,12447]],"properties":{"anthrome":61}},{"type":"Polygon","arcs":[[12448,12449,12450]],"properties":{"anthrome":54}},{"type":"Polygon","arcs":[[12451]],"properties":{"anthrome":54}},{"type":"Polygon","arcs":[[12452,12453,12454]],"properties":{"anthrome":54}},{"type":"Polygon","arcs":[[12455,12456,-12453]],"properties":{"anthrome":53}},{"type":"Polygon","arcs":[[12457,12458]],"properties":{"anthrome":54}},{"type":"Polygon","arcs":[[12459,12460]],"properties":{"anthrome":54}},{"type":"Polygon","arcs":[[12461,12462]],"properties":{"anthrome":61}},{"type":"Polygon","arcs":[[-12450,12463,12464]],"properties":{"anthrome":61}},{"type":"Polygon","arcs":[[-12447,12465,12466,12467,12468,12469]],"properties":{"anthrome":53}},{"type":"Polygon","arcs":[[-12457,12470,12471,12472]],"properties":{"anthrome":54}},{"type":"Polygon","arcs":[[12473,12474]],"properties":{"anthrome":53}},{"type":"Polygon","arcs":[[12475,12476,12477]],"properties":{"anthrome":62}},{"type":"Polygon","arcs":[[12478,12479,-12476]],"properties":{"anthrome":54}},{"type":"Polygon","arcs":[[12480,12481]],"properties":{"anthrome":54}},{"type":"Polygon","arcs":[[12482,12483]],"properties":{"anthrome":62}},{"type":"Polygon","arcs":[[12484,12485,12486,-12483]],"properties":{"anthrome":61}},{"type":"Polygon","arcs":[[12487,12488,12489,-12486]],"properties":{"anthrome":62}},{"type":"Polygon","arcs":[[12490,12491,-12489]],"properties":{"anthrome":53}},{"type":"Polygon","arcs":[[12492,12493]],"properties":{"anthrome":62}},{"type":"Polygon","arcs":[[12494,12495]],"properties":{"anthrome":53}},{"type":"Polygon","arcs":[[-12454,12496,12497,-12480,12498]],"properties":{"anthrome":53}},{"type":"Polygon","arcs":[[12499,12500]],"properties":{"anthrome":62}},{"type":"Polygon","arcs":[[-12351,12501,-12426,12502]],"properties":{"anthrome":62}},{"type":"Polygon","arcs":[[12503,12504,12505,12506]],"properties":{"anthrome":61}},{"type":"Polygon","arcs":[[12507,12508]],"properties":{"anthrome":62}},{"type":"Polygon","arcs":[[-12475,12509,-12496,-12477,-12498,12510,-12472,12511,12512,12513,12514,12515,12516,12517,12518]],"properties":{"anthrome":52}},{"type":"Polygon","arcs":[[12519,12520,12521,12522]],"properties":{"anthrome":62}},{"type":"Polygon","arcs":[[12523,12524,-12513]],"properties":{"anthrome":54}},{"type":"Polygon","arcs":[[-12442,12525,-12518,12526,12527]],"properties":{"anthrome":53}},{"type":"Polygon","arcs":[[12528,12529]],"properties":{"anthrome":62}},{"type":"Polygon","arcs":[[12530,12531]],"properties":{"anthrome":61}},{"type":"Polygon","arcs":[[12532]],"properties":{"anthrome":61}},{"type":"Polygon","arcs":[[12533,12534]],"properties":{"anthrome":62}},{"type":"Polygon","arcs":[[12535]],"properties":{"anthrome":62}},{"type":"Polygon","arcs":[[-12522,12536,12537,12538]],"properties":{"anthrome":52}},{"type":"Polygon","arcs":[[12539,12540,12541]],"properties":{"anthrome":53}},{"type":"Polygon","arcs":[[12542,12543,-12541]],"properties":{"anthrome":61}},{"type":"Polygon","arcs":[[12544]],"properties":{"anthrome":61}},{"type":"Polygon","arcs":[[12545,12546,12547,12548,-12534,12549]],"properties":{"anthrome":54}},{"type":"Polygon","arcs":[[-12500,12550,12551,12552,-12508,12553]],"properties":{"anthrome":61}},{"type":"Polygon","arcs":[[12554,12555]],"properties":{"anthrome":62}},{"type":"Polygon","arcs":[[12556,12557,-12538,12558,12559,-12514,-12542,12560,12561,12562,-12555,12563,-12516]],"properties":{"anthrome":54}},{"type":"Polygon","arcs":[[-12562,12564]],"properties":{"anthrome":62}},{"type":"Polygon","arcs":[[12565,12566,-11246,-11245,12567,-10761,12568,-11241,12569,-11004,12570,12571,-11273,12572,-11235,12573,-11297,12574,12575,-11346,12576,-11976,12577,-11971,12578,-11967,12579,-11874,12580,-11909,12581,-11934,-11933,12582,-11871,12583,12584,12585,12586,-11699,12587,-11765,12588,-11962,-11961,-11546,12589,-11566,12590,-11590,12591,-11591,-11564,12592,-11529,-11958,12593,-11493,12594,-11536,12595,-11568,-11548,12596,12597,-11956,12598,12599,12600,-11305,12601,-11951,12602,-11129,12603,-11066,12604,-11948,-10771,12605,-10740,12606,-10768,-10767,12607,-10389,12608,-10376,12609,12610,-10530,12611,-11841,12612,-11169,12613,-11288,12614,-11370,12615,-11863,12616,-11525,-11573,-11572,-11610,-11860,12617,-11661,12618,-11621,12619,-11542,12620,12621,12622,12623,12624,12625,12626,-11906,-11905,12627,12628,-12023,12629,-12025,-12011,12630,-12019,12631,-12043,-11939,-12042,-12041,12632,-12058,12633,12634,-12067,12635,12636,-12128,-12136,12637,12638,-12494,12639,-12491,-12467,12640,-12445,12641,-12420,12642,-12469,-12484,12643,-12529,12644,12645,12646,12647,-12363,-12350,12648,-12341,-12356,12649,12650,-12400,12651,-12342,12652,-12321,12653,-12140,12654,-12114,12655,12656,12657,-12090,12658,-12080,12659,-12016,12660,-11928,-11931,12661,-11648,12662,-11484,12663,-11374,12664,-11189,12665,-10594,12666,12667,-10318,12668,-10141],[-10202],[12669,-10824,12670,-10814],[-10930,12671,-10963,12672],[-10931],[-10975],[-11087],[-11131],[-11197],[-11266],[12673,12674,-11353],[-11378],[-11379],[-11413],[12675,-11550,12676,-11696,-11716,-11744,-11694],[-11586],[-11593],[-11615],[-11616],[-11650],[-11689],[-11718],[-11743],[-11829],[-11997,-11996,12677,-12002,12678,-11992],[-11892],[-11938],[-11988],[-12029,-12028,12679,-12048,12680,-12015],[-12024],[-12030],[-12051],[-12056],[-12062],[-12059],[-12060],[-12061],[-12079],[-12085],[-12181],[-12364],[-12365],[-12406,-12405,-12404],[-12536]],"properties":{"anthrome":54}},{"type":"Polygon","arcs":[[12681]],"properties":{"anthrome":63}},{"type":"Polygon","arcs":[[12682,12683,12684,12685]],"properties":{"anthrome":61}},{"type":"Polygon","arcs":[[12686]],"properties":{"anthrome":62}},{"type":"Polygon","arcs":[[12687,12688]],"properties":{"anthrome":61}},{"type":"Polygon","arcs":[[-12646,12689]],"properties":{"anthrome":62}},{"type":"Polygon","arcs":[[-12361,-12648,-12647,12690,12691,-12684,12692,12693,-12547,12694,-12505,-12481,12695],[-12452]],"properties":{"anthrome":62}},{"type":"Polygon","arcs":[[12696,12697,12698,12699]],"properties":{"anthrome":61}},{"type":"Polygon","arcs":[[12700,12701]],"properties":{"anthrome":61}},{"type":"Polygon","arcs":[[12702,12703]],"properties":{"anthrome":62}},{"type":"Polygon","arcs":[[12704,12705,-12701,-12688,12706,-12552]],"properties":{"anthrome":62}},{"type":"Polygon","arcs":[[12707,12708,12709,12710]],"properties":{"anthrome":54}},{"type":"Polygon","arcs":[[12711]],"properties":{"anthrome":54}},{"type":"Polygon","arcs":[[-12706,12712]],"properties":{"anthrome":61}},{"type":"Polygon","arcs":[[12713]],"properties":{"anthrome":62}},{"type":"Polygon","arcs":[[12714]],"properties":{"anthrome":54}},{"type":"Polygon","arcs":[[12715]],"properties":{"anthrome":62}},{"type":"Polygon","arcs":[[12716]],"properties":{"anthrome":54}},{"type":"Polygon","arcs":[[12717]],"properties":{"anthrome":62}},{"type":"Polygon","arcs":[[12718,12719]],"properties":{"anthrome":54}},{"type":"Polygon","arcs":[[-12346,12720,-12461,-12482,-12504,12721,12722,12723,-12686,12724,-12697,12725,-12708,12726,12727,12728,12729,12730,-12531,12731,-12462,12732,-12438,-12437,12733,-12402,12734,12735,-12358,12736],[-12440],[-12459,-12458],[-12533],[-12545],[-12712]],"properties":{"anthrome":53}},{"type":"Polygon","arcs":[[12737,-12729]],"properties":{"anthrome":54}},{"type":"Polygon","arcs":[[-12719,12738,12739]],"properties":{"anthrome":61}},{"type":"Polygon","arcs":[[-12730,12740,12741,12742]],"properties":{"anthrome":54}},{"type":"Polygon","arcs":[[12743,12744,12745,12746,12747,12748,12749,-12728,12750,-12710,12751],[-12715],[-12717]],"properties":{"anthrome":62}},{"type":"Polygon","arcs":[[12752,12753]],"properties":{"anthrome":62}},{"type":"Polygon","arcs":[[12754,12755,12756,12757]],"properties":{"anthrome":61}},{"type":"Polygon","arcs":[[12758,12759,12760]],"properties":{"anthrome":54}},{"type":"Polygon","arcs":[[12761,12762]],"properties":{"anthrome":62}},{"type":"Polygon","arcs":[[12763,12764]],"properties":{"anthrome":62}},{"type":"Polygon","arcs":[[-12738,-12750,12765,-12758,12766,12767,12768,-12759,-12741]],"properties":{"anthrome":63}},{"type":"Polygon","arcs":[[12769,12770,-12767]],"properties":{"anthrome":54}},{"type":"Polygon","arcs":[[-12747,12771,12772,-12770,-12757,12773]],"properties":{"anthrome":53}},{"type":"Polygon","arcs":[[12774,12775]],"properties":{"anthrome":62}},{"type":"Polygon","arcs":[[12776,12777,12778,12779]],"properties":{"anthrome":62}},{"type":"Polygon","arcs":[[-12768,12780,12781]],"properties":{"anthrome":54}},{"type":"Polygon","arcs":[[12782,12783]],"properties":{"anthrome":62}},{"type":"Polygon","arcs":[[-12742,-12761,12784,12785,12786,12787,12788]],"properties":{"anthrome":53}},{"type":"Polygon","arcs":[[-12779,12789]],"properties":{"anthrome":53}},{"type":"Polygon","arcs":[[12790]],"properties":{"anthrome":62}},{"type":"Polygon","arcs":[[-12788,12791,12792,12793,-12777,12794]],"properties":{"anthrome":54}},{"type":"Polygon","arcs":[[12795]],"properties":{"anthrome":62}},{"type":"Polygon","arcs":[[12796,12797]],"properties":{"anthrome":62}},{"type":"Polygon","arcs":[[12798,12799,12800]],"properties":{"anthrome":62}},{"type":"Polygon","arcs":[[-12771,12801,12802,12803,12804,-12800,12805,12806,-12786,12807,-12781]],"properties":{"anthrome":61}},{"type":"Polygon","arcs":[[12808,12809]],"properties":{"anthrome":61}},{"type":"Polygon","arcs":[[12810,12811]],"properties":{"anthrome":62}},{"type":"Polygon","arcs":[[12812,12813,12814,-12811]],"properties":{"anthrome":54}},{"type":"Polygon","arcs":[[12815,12816]],"properties":{"anthrome":63}},{"type":"Polygon","arcs":[[12817]],"properties":{"anthrome":54}},{"type":"Polygon","arcs":[[12818,-12704,12819,12820,-12754,-12765,-12776,-12784,12821,-12797,12822,12823,12824,12825,12826,12827,-12802,-12773,12828,-12762,-12746,-12745,12829,12830,-12691],[-12716],[-12718],[-12791]],"properties":{"anthrome":54}},{"type":"Polygon","arcs":[[12831,-12827,12832,12833,-12817,12834,12835,12836,-12809,-12804]],"properties":{"anthrome":62}},{"type":"Polygon","arcs":[[-12837,12837,12838,12839]],"properties":{"anthrome":53}},{"type":"Polygon","arcs":[[12840,12841]],"properties":{"anthrome":62}},{"type":"Polygon","arcs":[[-12815,12842,12843]],"properties":{"anthrome":61}},{"type":"Polygon","arcs":[[12844,-12825]],"properties":{"anthrome":62}},{"type":"Polygon","arcs":[[12845,-12833,12846,12847,12848,12849]],"properties":{"anthrome":54}},{"type":"Polygon","arcs":[[-12848,12850]],"properties":{"anthrome":63}}]}},"arcs":[[[2600,9773],[0,-64],[-13,0]],[[2587,9709],[0,64],[13,0]],[[2237,9773],[13,0],[0,-32],[12,0],[0,-32],[-37,0],[0,32],[12,0],[0,32]],[[2712,9676],[-25,0],[0,65],[13,0],[0,-32],[12,0],[0,-33]],[[2562,9676],[13,0],[0,-32],[-13,0],[0,32]],[[5574,9741],[150,0],[0,-65],[-62,0],[0,-32],[-13,0],[0,32],[-50,0],[0,-32],[13,0],[0,-64],[-38,0],[0,161]],[[2300,9580],[0,32],[25,0],[0,-32],[-25,0]],[[2450,9580],[-13,0]],[[2437,9580],[0,32],[13,0],[0,-32]],[[2525,9580],[-13,0]],[[2512,9580],[0,32],[13,0],[0,-32]],[[1825,9547],[0,65]],[[1825,9612],[25,0],[0,32],[62,0],[0,32],[38,0],[0,-32],[25,0],[0,-32],[-13,0],[0,-32],[-12,0],[0,-33],[-125,0]],[[2387,9580],[25,0],[0,-33],[-25,0],[0,33]],[[2450,9838],[12,0],[0,-33],[50,0]],[[2512,9805],[0,-32],[50,0],[0,32],[50,0],[0,-32],[88,0],[0,32],[12,0],[0,-32],[25,0],[0,-32],[-12,0],[0,-32],[37,0],[0,-33],[-50,0]],[[2712,9676],[0,-32],[13,0],[0,-32],[-13,0],[0,-32],[-12,0],[0,-33],[-38,0]],[[2662,9547],[0,33],[13,0],[0,32],[12,0],[0,32],[-37,0],[0,65],[-13,0],[0,-65],[-37,0],[0,32],[-13,0],[0,33]],[[2587,9709],[-75,0],[0,32],[-50,0],[0,32],[-12,0],[0,65]],[[2600,9773],[-25,0],[0,-32],[12,0],[0,-32]],[[5299,9741],[238,0],[0,-161],[-38,0],[0,-65],[-87,0],[0,65],[-63,0],[0,64],[-50,0],[0,97]],[[7874,9547],[0,-32],[-12,0],[0,65]],[[7862,9580],[-100,0],[0,32],[12,0],[0,32],[-150,0],[0,32],[-12,0],[0,33],[175,0],[0,-33],[50,0],[0,33],[12,0],[0,-33],[63,0],[0,-32],[12,0],[0,-32],[-12,0],[0,-32],[12,0],[0,-33],[-50,0]],[[2087,9515],[0,32]],[[2087,9547],[-37,0],[0,33],[37,0],[0,32],[-12,0],[0,32],[-13,0],[0,65],[88,0],[0,-33],[75,0],[0,-32],[12,0],[0,-32],[13,0],[0,-65],[-100,0],[0,33],[-50,0],[0,-33],[12,0],[0,-32],[-25,0]],[[2375,9612],[0,-32],[12,0]],[[2387,9580],[0,-65],[-12,0]],[[2375,9515],[0,32],[-38,0],[0,33],[25,0],[0,32],[13,0]],[[2512,9580],[0,-65],[-50,0],[0,65],[50,0]],[[2550,9515],[0,65],[25,0]],[[2575,9580],[0,32],[25,0],[0,-32],[25,0],[0,-33],[-63,0],[0,-32],[-12,0]],[[1837,9515],[0,32],[13,0],[0,-32],[-13,0]],[[1862,9547],[50,0],[0,-32],[-50,0],[0,32]],[[2087,9515],[-25,0],[0,32],[25,0]],[[2537,9547],[0,-32]],[[2537,9515],[-12,0],[0,32],[12,0]],[[2662,9547],[0,-32],[-25,0],[0,32],[25,0]],[[7837,9547],[12,0],[0,-32]],[[7849,9515],[-12,0],[0,32]],[[7937,9547],[12,0],[0,-32],[-12,0]],[[7937,9515],[0,32]],[[1737,9483],[0,32],[13,0],[0,-32],[-13,0]],[[1825,9515],[12,0]],[[1837,9515],[0,-32],[-12,0]],[[1825,9483],[0,32]],[[2262,9515],[25,0],[0,-32]],[[2287,9483],[-25,0],[0,32]],[[7937,9515],[0,-32],[-13,0],[0,32],[13,0]],[[2237,9515],[0,-32],[-12,0],[0,-32],[-13,0],[0,32],[-25,0],[0,-32],[-25,0]],[[2162,9451],[0,64],[75,0]],[[1737,9483],[0,-32],[-12,0]],[[1725,9451],[0,32],[12,0]],[[2025,9483],[25,0],[0,-32],[-25,0],[0,32]],[[2587,9451],[-12,0]],[[2575,9451],[0,32],[12,0],[0,-32]],[[2700,9483],[12,0],[0,-32],[-12,0],[0,32]],[[9237,9483],[12,0],[0,-32],[-12,0],[0,32]],[[1787,9515],[38,0]],[[1825,9483],[50,0],[0,-32],[-25,0]],[[1850,9451],[0,-33],[-13,0],[0,33],[-50,0],[0,64]],[[1650,9515],[0,-32],[-13,0],[0,-32],[50,0],[0,-33]],[[1687,9418],[-100,0],[0,33],[-12,0],[0,32],[37,0],[0,32],[38,0]],[[2125,9451],[0,-33]],[[2125,9418],[-13,0],[0,33],[13,0]],[[2437,9451],[0,-33],[-12,0]],[[2425,9418],[0,33],[12,0]],[[2637,9451],[13,0],[0,-33],[-13,0],[0,33]],[[7699,9451],[25,0],[0,-33]],[[7724,9418],[-25,0],[0,33]],[[7974,9451],[25,0],[0,-33],[-25,0],[0,33]],[[1650,9515],[12,0],[0,-32]],[[1662,9483],[38,0],[0,-32],[25,0]],[[1725,9451],[0,-65]],[[1725,9386],[-50,0],[0,32],[12,0]],[[2150,9418],[0,-32]],[[2150,9386],[-13,0],[0,32],[13,0]],[[2325,9386],[0,32],[25,0],[0,-32],[-25,0]],[[8762,9418],[25,0],[0,-32],[-25,0],[0,32]],[[1975,9354],[0,64]],[[1975,9418],[-38,0],[0,33],[-12,0],[0,64],[62,0],[0,-32],[25,0],[0,-32],[63,0],[0,-65],[-13,0],[0,-32],[-87,0]],[[2087,9515],[50,0],[0,-32],[25,0],[0,-32]],[[2237,9515],[25,0]],[[2287,9483],[0,-32],[13,0]],[[2300,9451],[0,-97]],[[2300,9354],[-88,0]],[[2212,9354],[0,32]],[[2212,9386],[-62,0]],[[2150,9418],[-25,0]],[[2125,9451],[-38,0],[0,64]],[[1825,9547],[-25,0],[0,-32],[-13,0]],[[1850,9451],[37,0]],[[1887,9451],[0,-65],[-87,0],[0,-32]],[[1800,9354],[-50,0]],[[1750,9354],[0,32],[-25,0]],[[1725,9451],[-13,0],[0,32],[-50,0]],[[1650,9515],[0,32],[62,0],[0,33],[88,0],[0,32],[25,0]],[[8874,9451],[0,-33],[-25,0],[0,-32],[13,0],[0,-32],[-25,0]],[[8837,9354],[0,32],[-25,0]],[[8812,9386],[0,65],[37,0],[0,32],[13,0],[0,-32],[12,0]],[[8949,9451],[63,0],[0,-33],[25,0],[0,-32],[-13,0],[0,-32],[-37,0]],[[8987,9354],[0,32],[-25,0],[0,32],[-13,0],[0,33]],[[1925,9418],[50,0]],[[1975,9354],[-38,0],[0,32]],[[1937,9386],[-12,0],[0,32]],[[2125,9418],[0,-64],[-13,0]],[[2112,9354],[0,32],[-25,0]],[[2087,9386],[0,32],[38,0]],[[8837,9354],[-38,0],[0,64],[13,0],[0,-32]],[[2112,9354],[-25,0],[0,32]],[[2212,9354],[-12,0],[0,32],[12,0]],[[2325,9386],[0,-32]],[[2325,9354],[-13,0],[0,32],[13,0]],[[2775,9386],[12,0],[0,-32]],[[2787,9354],[-12,0],[0,32]],[[6574,9354],[-25,0],[0,32],[25,0],[0,-32]],[[8899,9451],[50,0]],[[8987,9354],[-100,0],[0,32]],[[8887,9386],[12,0],[0,65]],[[2537,9418],[63,0]],[[2600,9418],[0,-32],[12,0],[0,-32],[-50,0],[0,-32]],[[2562,9322],[-25,0]],[[2537,9322],[0,32],[-25,0],[0,-32]],[[2512,9322],[-25,0]],[[2487,9322],[0,129],[38,0],[0,-65],[12,0],[0,32]],[[9049,9418],[113,0],[0,-32],[25,0],[0,-32],[-38,0],[0,-32],[-25,0],[0,32],[-62,0],[0,32],[-13,0],[0,32]],[[1887,9451],[25,0],[0,-33],[13,0]],[[1937,9386],[0,-64],[-125,0],[0,32],[-12,0]],[[2300,9354],[0,-32],[-25,0],[0,32],[25,0]],[[2537,9322],[-25,0]],[[2712,9322],[-37,0]],[[2675,9322],[0,32],[37,0],[0,-32]],[[6662,9322],[-13,0]],[[6649,9322],[0,32],[13,0],[0,-32]],[[7387,9354],[0,-32]],[[7387,9322],[-13,0],[0,32],[13,0]],[[7387,9354],[12,0],[0,-32],[-12,0]],[[8874,9451],[25,0]],[[8887,9386],[0,-64],[-50,0],[0,32]],[[2375,9322],[0,-33]],[[2375,9289],[-25,0],[0,33],[25,0]],[[6524,9322],[13,0],[0,-33]],[[6537,9289],[-13,0],[0,33]],[[6612,9322],[25,0],[0,-33],[-25,0]],[[6612,9289],[0,33]],[[1787,9257],[0,32],[13,0],[0,-32],[-13,0]],[[2050,9289],[0,-32],[-25,0]],[[2025,9257],[0,32],[25,0]],[[2312,9289],[0,-32],[-12,0]],[[2300,9257],[0,32],[12,0]],[[2675,9289],[37,0]],[[2712,9289],[0,-32],[-37,0],[0,32]],[[6612,9289],[0,-32],[-13,0]],[[6599,9257],[0,32],[13,0]],[[8274,9289],[25,0],[0,-32],[-25,0]],[[8274,9257],[0,32]],[[8462,9289],[12,0]],[[8474,9289],[0,-32],[-12,0],[0,32]],[[2375,9289],[0,-32],[-13,0],[0,-32],[-25,0]],[[2337,9225],[0,64],[38,0]],[[8874,9289],[13,0],[0,-64],[-13,0],[0,64]],[[1825,9257],[12,0],[0,-32],[-12,0]],[[1825,9225],[0,32]],[[1850,9257],[50,0],[0,-32],[-50,0],[0,32]],[[2062,9225],[0,32],[13,0],[0,-32],[-13,0]],[[2612,9257],[0,-32]],[[2612,9225],[-12,0]],[[2600,9225],[0,32],[12,0]],[[6599,9257],[0,-32],[-37,0]],[[6562,9225],[0,32],[37,0]],[[6987,9257],[12,0],[0,-32],[-12,0]],[[6987,9225],[0,32]],[[7062,9257],[12,0],[0,-64],[-12,0],[0,64]],[[2037,9225],[13,0],[0,-32],[-13,0],[0,32]],[[2600,9225],[0,-32],[-13,0],[0,32],[13,0]],[[2612,9225],[25,0],[0,-32],[-25,0],[0,32]],[[8912,9193],[-13,0],[0,32],[13,0],[0,-32]],[[2025,9257],[0,-32],[-13,0],[0,-65],[-12,0],[0,33],[-88,0]],[[1912,9193],[0,64],[50,0],[0,-32],[25,0],[0,32],[38,0]],[[2250,9322],[0,-33],[-50,0],[0,-32],[25,0],[0,-32],[-13,0],[0,-32],[-25,0],[0,-33]],[[2187,9160],[-25,0],[0,33],[-25,0],[0,64],[38,0],[0,32],[12,0],[0,33],[63,0]],[[7662,9225],[12,0],[0,-65],[-12,0],[0,65]],[[7162,9193],[0,-33]],[[7162,9160],[-25,0],[0,33],[25,0]],[[8474,9289],[13,0],[0,-32],[25,0],[0,32],[25,0],[0,-32],[50,0],[0,-32],[12,0],[0,-97],[-12,0]],[[8587,9128],[0,32]],[[8587,9160],[-38,0]],[[8549,9160],[0,33],[-75,0],[0,32],[-37,0],[0,-65],[-13,0],[0,33],[-25,0],[0,32]],[[8399,9225],[13,0],[0,32],[12,0],[0,32],[38,0]],[[6649,9322],[-37,0]],[[6562,9225],[-25,0],[0,-32],[-25,0],[0,-33],[-13,0],[0,-32],[-25,0],[0,65],[25,0],[0,32],[13,0]],[[6512,9225],[0,97],[12,0]],[[6537,9289],[0,65],[37,0]],[[6574,9354],[0,64],[75,0],[0,33],[113,0],[0,32],[62,0],[0,32],[88,0],[0,-64],[-50,0],[0,-33],[-88,0],[0,-32],[-75,0],[0,-32],[-12,0],[0,-32],[-25,0]],[[6899,9128],[-12,0],[0,32],[12,0],[0,-32]],[[8549,9160],[0,-32],[13,0],[0,-32],[-25,0],[0,64],[12,0]],[[2237,9128],[50,0],[0,-32],[-50,0],[0,32]],[[2900,9128],[12,0],[0,-32],[-12,0],[0,32]],[[3012,9128],[13,0],[0,-32],[-13,0]],[[3012,9096],[0,32]],[[5712,9128],[0,-32]],[[5712,9096],[-13,0],[0,32],[13,0]],[[5774,9096],[0,32],[13,0],[0,-32],[-13,0]],[[6862,9128],[0,-32],[-13,0]],[[6849,9096],[0,32],[13,0]],[[6999,9128],[13,0],[0,-32],[-13,0]],[[6999,9096],[0,32]],[[7112,9128],[25,0],[0,-32]],[[7137,9096],[-25,0],[0,32]],[[8174,9128],[13,0],[0,-32],[-13,0],[0,32]],[[8587,9128],[25,0],[0,-32],[-25,0]],[[8587,9096],[0,32]],[[8724,9128],[13,0]],[[8737,9128],[0,-32],[-13,0],[0,32]],[[25,9096],[-13,0],[0,-32]],[[12,9064],[-12,0],[0,96],[25,0],[0,-64]],[[8487,9160],[25,0],[0,-32],[12,0],[0,-32],[-12,0],[0,-32],[-13,0],[0,64],[-12,0],[0,32]],[[8412,9128],[37,0],[0,-32],[-12,0],[0,-32],[-25,0],[0,64]],[[9962,9128],[37,0],[0,-64],[-37,0],[0,64]],[[75,9096],[-13,0],[0,-32]],[[62,9064],[-50,0]],[[25,9096],[0,32],[50,0],[0,-32]],[[75,9096],[0,-32],[-13,0]],[[562,9096],[0,-32]],[[562,9064],[-12,0],[0,32],[12,0]],[[2137,9096],[13,0],[0,-32],[-13,0]],[[2137,9064],[0,32]],[[2387,9096],[13,0],[0,-32],[-13,0],[0,32]],[[5637,9096],[12,0]],[[5649,9096],[0,-32]],[[5649,9064],[-12,0]],[[5637,9064],[0,32]],[[5774,9096],[50,0]],[[5824,9096],[0,-32]],[[5824,9064],[-50,0]],[[5774,9064],[0,32]],[[5824,9096],[25,0],[0,-32],[-25,0]],[[7637,9064],[-13,0],[0,32],[13,0],[0,-32]],[[8649,9096],[13,0]],[[8662,9096],[0,-32],[-13,0],[0,32]],[[8924,9064],[-37,0]],[[8887,9064],[0,32],[37,0],[0,-32]],[[6562,9225],[0,-32],[-13,0],[0,-65],[13,0],[0,-32],[37,0],[0,-65],[-75,0]],[[6524,9031],[0,33]],[[6524,9064],[-50,0],[0,32],[-50,0],[0,64],[25,0],[0,33],[13,0],[0,32],[12,0],[0,32],[25,0],[0,32],[13,0],[0,-64]],[[5712,9128],[12,0],[0,-32],[25,0]],[[5749,9096],[0,-32],[-12,0],[0,-33],[-13,0],[0,33],[-75,0]],[[5649,9096],[63,0]],[[8137,9096],[25,0],[0,-65],[-25,0],[0,65]],[[1475,9031],[-38,0],[0,33],[38,0],[0,-33]],[[2187,9064],[25,0]],[[2212,9064],[0,-33]],[[2212,9031],[-25,0]],[[2187,9031],[0,33]],[[2212,9064],[13,0],[0,-33],[-13,0]],[[2912,9064],[13,0],[0,-33],[-13,0],[0,33]],[[5562,9064],[0,-33]],[[5562,9031],[-38,0],[0,33],[38,0]],[[5649,9064],[0,-33]],[[5649,9031],[-12,0]],[[5637,9031],[0,33]],[[5774,9064],[13,0]],[[5787,9064],[0,-33],[-13,0]],[[5774,9031],[0,33]],[[5862,9064],[12,0],[0,-33]],[[5874,9031],[-12,0]],[[5862,9031],[0,33]],[[6524,9031],[-12,0],[0,33],[12,0]],[[7762,9064],[12,0],[0,-33],[-12,0],[0,33]],[[8074,9064],[13,0],[0,-33],[-13,0],[0,33]],[[8337,9064],[12,0],[0,-33],[-12,0],[0,33]],[[8387,9031],[-25,0],[0,33],[25,0],[0,-33]],[[8749,9064],[38,0]],[[8787,9064],[0,-33]],[[8787,9031],[-38,0]],[[8749,9031],[0,33]],[[8787,9064],[25,0]],[[8812,9064],[0,-33]],[[8812,9031],[-25,0]],[[8924,9064],[0,-33]],[[8924,9031],[-37,0]],[[8887,9031],[0,33]],[[9362,9031],[0,33],[12,0],[0,-33],[-12,0]],[[3075,9096],[25,0],[0,-32],[25,0],[0,-65],[-25,0]],[[3100,8999],[0,32],[-25,0],[0,65]],[[812,9064],[50,0]],[[862,9064],[0,-33],[-12,0],[0,-32]],[[850,8999],[-25,0]],[[825,8999],[0,32],[-13,0],[0,33]],[[2450,9064],[12,0],[0,-65],[-12,0]],[[2450,8999],[0,65]],[[5562,9064],[25,0]],[[5587,9064],[0,-33]],[[5587,9031],[-13,0],[0,-32]],[[5574,8999],[-12,0]],[[5562,8999],[0,65]],[[5637,9096],[0,-65]],[[5637,9031],[-38,0]],[[5599,9031],[0,-32]],[[5599,8999],[-12,0]],[[5587,8999],[0,65]],[[5587,9064],[12,0],[0,32],[38,0]],[[6662,9031],[0,-32]],[[6662,8999],[-38,0],[0,65],[25,0],[0,-33],[13,0]],[[7812,9096],[25,0],[0,-65],[-13,0],[0,-32],[-37,0],[0,65],[25,0],[0,32]],[[475,9031],[0,-32],[-13,0]],[[462,8999],[0,32],[13,0]],[[650,9031],[12,0]],[[662,9031],[0,-32]],[[662,8999],[-12,0]],[[650,8999],[0,32]],[[862,9064],[50,0],[0,-33],[25,0]],[[937,9031],[0,-32]],[[937,8999],[-87,0]],[[1262,9031],[13,0],[0,-32],[-13,0],[0,32]],[[2675,9031],[12,0],[0,-32],[-12,0],[0,32]],[[2700,9031],[12,0],[0,-32],[-12,0],[0,32]],[[5512,9031],[0,-32]],[[5512,8999],[-13,0],[0,32],[13,0]],[[5587,9031],[0,-32]],[[5587,8999],[-13,0]],[[5599,9031],[25,0]],[[5624,9031],[0,-32]],[[5624,8999],[-25,0]],[[5649,9031],[0,-32]],[[5649,8999],[-12,0],[0,32]],[[5862,9031],[0,-32]],[[5862,8999],[-25,0]],[[5837,8999],[0,32],[25,0]],[[5874,9031],[13,0]],[[5887,9031],[0,-32],[-13,0]],[[5874,8999],[0,32]],[[6862,9031],[0,-32],[-13,0]],[[6849,8999],[0,32],[13,0]],[[7024,9031],[0,-32]],[[7024,8999],[-12,0],[0,32],[12,0]],[[8762,9031],[12,0]],[[8774,9031],[0,-32],[-12,0],[0,32]],[[8912,9031],[12,0]],[[8924,9031],[0,-32]],[[8924,8999],[-12,0],[0,32]],[[8999,9031],[0,-32],[-25,0],[0,32],[25,0]],[[9362,9031],[0,-32],[-13,0],[0,32],[13,0]],[[9662,9031],[0,-32]],[[9662,8999],[-13,0],[0,32],[13,0]],[[9699,9031],[13,0],[0,-32]],[[9712,8999],[-13,0],[0,32]],[[9737,9031],[37,0]],[[9774,9031],[0,-32]],[[9774,8999],[-37,0]],[[9737,8999],[0,32]],[[9899,9031],[13,0],[0,-32],[-13,0]],[[9899,8999],[0,32]],[[1412,8999],[-62,0],[0,-32],[-25,0],[0,64]],[[1325,9031],[62,0],[0,33],[25,0],[0,-65]],[[5824,8999],[25,0]],[[5849,8999],[0,-32]],[[5849,8967],[-37,0],[0,64],[12,0],[0,-32]],[[8387,9031],[25,0]],[[8412,9031],[0,-32],[-13,0],[0,-32]],[[8399,8967],[-12,0]],[[8387,8967],[0,64]],[[9737,8999],[12,0]],[[9749,8999],[0,-32]],[[9749,8967],[-25,0],[0,64],[13,0]],[[9812,9031],[12,0]],[[9824,9031],[0,-64],[-12,0],[0,64]],[[825,8999],[-163,0]],[[662,9031],[-137,0]],[[525,9031],[0,-32],[-38,0],[0,-32],[-25,0]],[[462,8967],[0,32]],[[475,9031],[12,0],[0,33],[75,0]],[[562,9096],[63,0],[0,32],[75,0],[0,-32],[75,0],[0,-32],[37,0]],[[1100,8999],[25,0]],[[1125,8999],[0,-32]],[[1125,8967],[-25,0],[0,32]],[[1125,8999],[25,0],[0,-32],[-25,0]],[[5674,8999],[13,0],[0,-32],[-13,0],[0,32]],[[5749,8999],[50,0],[0,-32],[-50,0],[0,32]],[[5849,8999],[13,0]],[[5862,8999],[0,-32],[-13,0]],[[5887,9031],[37,0],[0,-32]],[[5924,8999],[-25,0],[0,-32],[-25,0],[0,32]],[[5924,8999],[13,0],[0,-32],[-13,0]],[[5924,8967],[0,32]],[[6349,8999],[0,-32],[-12,0]],[[6337,8967],[0,32],[12,0]],[[6724,8999],[13,0]],[[6737,8999],[0,-32],[-13,0],[0,32]],[[6862,9031],[12,0],[0,-64]],[[6874,8967],[-25,0],[0,32]],[[7637,8999],[12,0]],[[7649,8999],[0,-32],[-12,0]],[[7637,8967],[0,32]],[[7862,8999],[25,0],[0,-32],[-25,0],[0,32]],[[8224,8999],[13,0],[0,-32],[-13,0],[0,32]],[[8387,8999],[0,-32]],[[8387,8967],[-13,0]],[[8374,8967],[0,32],[13,0]],[[8412,9031],[12,0]],[[8424,9031],[0,-32],[25,0],[0,-32]],[[8449,8967],[-50,0]],[[8474,8999],[25,0],[0,-32],[-25,0],[0,32]],[[9012,8999],[12,0],[0,-32],[-12,0],[0,32]],[[9262,8999],[12,0]],[[9274,8999],[0,-32]],[[9274,8967],[-12,0]],[[9262,8967],[0,32]],[[9312,8967],[-25,0]],[[9287,8967],[0,32],[25,0],[0,-32]],[[9474,8999],[13,0]],[[9487,8999],[0,-32],[-13,0],[0,32]],[[9774,8999],[13,0],[0,-32],[-13,0],[0,32]],[[9974,8999],[13,0],[0,-32],[-13,0]],[[9974,8967],[0,32]],[[8674,9031],[25,0]],[[8699,9031],[0,-32],[-12,0],[0,-32],[-13,0],[0,-32]],[[8674,8935],[-12,0]],[[8662,8935],[0,32],[-13,0],[0,32],[25,0],[0,32]],[[525,8935],[-13,0]],[[512,8935],[0,32],[13,0],[0,-32]],[[2500,8967],[0,-32],[-13,0],[0,32],[13,0]],[[3137,8999],[13,0],[0,-64]],[[3150,8935],[-38,0],[0,32],[25,0],[0,32]],[[5412,8967],[0,-32],[-13,0]],[[5399,8935],[0,32],[13,0]],[[5462,8967],[12,0],[0,-32],[-12,0],[0,32]],[[5624,9031],[13,0]],[[5649,8999],[0,-32]],[[5649,8967],[-25,0],[0,-32],[-25,0]],[[5599,8935],[0,32],[-12,0],[0,-32]],[[5587,8935],[-38,0]],[[5549,8935],[0,32],[25,0],[0,32]],[[5574,8999],[50,0]],[[5599,8935],[-12,0]],[[5949,8967],[13,0]],[[5962,8967],[0,-32],[-13,0],[0,32]],[[6024,8967],[13,0],[0,-32],[-13,0]],[[6024,8935],[0,32]],[[6387,8967],[12,0],[0,-32],[-12,0],[0,32]],[[7087,8967],[25,0],[0,-32],[-25,0],[0,32]],[[9287,9096],[0,-32],[-25,0],[0,-33],[-50,0],[0,33],[-100,0]],[[9112,9064],[0,32],[-25,0],[0,32],[-50,0],[0,-32],[12,0],[0,-32],[-37,0],[0,-33],[-13,0]],[[8999,9031],[0,33],[-75,0]],[[8887,9064],[-13,0],[0,32],[-25,0],[0,-32]],[[8849,9064],[-100,0]],[[8749,9031],[-12,0],[0,-32],[-25,0],[0,-32],[-13,0],[0,-32]],[[8699,8935],[-25,0]],[[8699,9031],[-12,0]],[[8687,9031],[0,65],[-25,0]],[[8662,9096],[0,32],[12,0],[0,32],[25,0],[0,-32],[25,0]],[[8737,9128],[137,0],[0,32],[-12,0],[0,33],[50,0]],[[8912,9193],[0,64],[-13,0],[0,32],[88,0],[0,-64],[37,0],[0,-32],[138,0],[0,-33],[12,0],[0,-32],[50,0],[0,-32],[63,0]],[[8887,8967],[12,0],[0,-32],[-12,0],[0,32]],[[9099,8967],[50,0]],[[9149,8967],[0,-32]],[[9149,8935],[-50,0]],[[9099,8935],[0,32]],[[1287,8999],[0,-32],[-37,0],[0,-32],[25,0],[0,-33],[-38,0],[0,33],[-25,0],[0,32]],[[1212,8967],[13,0],[0,32],[62,0]],[[6349,8999],[25,0],[0,-64]],[[6374,8935],[-12,0],[0,-33]],[[6362,8902],[-25,0],[0,65]],[[8749,9031],[13,0]],[[8774,9031],[38,0]],[[8812,9031],[0,-32]],[[8812,8999],[-13,0],[0,-64],[-50,0],[0,-33],[-12,0],[0,33],[-13,0],[0,32],[25,0],[0,64]],[[9399,9096],[38,0],[0,-32],[12,0],[0,-65],[13,0]],[[9462,8999],[0,-64],[12,0],[0,-33],[-50,0],[0,33],[-12,0],[0,-33],[-13,0],[0,65],[25,0],[0,64],[-12,0],[0,33],[-13,0],[0,32]],[[37,8935],[0,-33],[-12,0]],[[25,8902],[0,33],[12,0]],[[525,8935],[25,0],[0,-33],[-25,0],[0,33]],[[2637,8902],[-12,0],[0,33],[12,0],[0,-33]],[[5387,8935],[0,-33]],[[5387,8902],[-13,0]],[[5374,8902],[0,33],[13,0]],[[5387,8935],[12,0]],[[5399,8935],[0,-33],[-12,0]],[[5562,8935],[37,0]],[[5599,8935],[0,-33]],[[5599,8902],[-37,0],[0,33]],[[5699,8935],[13,0],[0,-33],[-13,0],[0,33]],[[5799,8935],[13,0],[0,-33],[-13,0],[0,33]],[[6062,8935],[12,0],[0,-33],[-12,0]],[[6062,8902],[0,33]],[[6212,8935],[0,-33],[-13,0],[0,33],[13,0]],[[6387,8967],[0,-65]],[[6387,8902],[-25,0]],[[6374,8935],[0,32],[13,0]],[[6537,8935],[0,-33]],[[6537,8902],[-13,0],[0,33],[13,0]],[[6912,8935],[0,-33]],[[6912,8902],[-13,0],[0,33],[13,0]],[[7037,8935],[12,0],[0,-33]],[[7049,8902],[-12,0],[0,33]],[[8562,8902],[0,33],[12,0],[0,-33],[-12,0]],[[9037,8935],[50,0],[0,-33]],[[9087,8902],[-50,0]],[[9037,8902],[0,33]],[[9174,8902],[0,33],[25,0],[0,-33],[-25,0]],[[9374,8935],[13,0],[0,-33],[-13,0],[0,33]],[[9724,8935],[13,0],[0,-33]],[[9737,8902],[-13,0],[0,33]],[[462,8967],[0,-32],[50,0]],[[512,8935],[0,-33],[-75,0],[0,33],[-12,0],[0,-33],[-25,0]],[[400,8902],[0,-32],[-13,0]],[[387,8870],[0,32],[-12,0],[0,-32]],[[375,8870],[-13,0],[0,65],[13,0],[0,32],[87,0]],[[9487,8935],[12,0],[0,-65],[-12,0],[0,65]],[[25,8902],[0,-32],[-13,0],[0,32],[13,0]],[[387,8870],[-12,0]],[[612,8902],[13,0],[0,-32],[-13,0],[0,32]],[[2325,8902],[12,0],[0,-32],[-12,0],[0,32]],[[2637,8902],[13,0],[0,-32],[-13,0],[0,32]],[[3187,8902],[13,0]],[[3200,8902],[0,-32],[-13,0],[0,32]],[[5362,8902],[0,-32]],[[5362,8870],[-13,0]],[[5349,8870],[0,32],[13,0]],[[5387,8902],[0,-32]],[[5387,8870],[-13,0],[0,32]],[[5599,8902],[13,0],[0,-32],[-13,0],[0,32]],[[5749,8870],[0,32],[13,0],[0,-32],[-13,0]],[[5949,8902],[13,0],[0,-32],[-13,0],[0,32]],[[6087,8902],[12,0]],[[6099,8902],[0,-32]],[[6099,8870],[-12,0]],[[6087,8870],[0,32]],[[6099,8902],[13,0]],[[6112,8902],[0,-32]],[[6112,8870],[-13,0]],[[6112,8902],[12,0],[0,-32]],[[6124,8870],[-12,0]],[[6387,8902],[0,-32],[-13,0]],[[6374,8870],[0,32],[13,0]],[[7099,8902],[13,0]],[[7112,8902],[0,-32]],[[7112,8870],[-13,0]],[[7099,8870],[0,32]],[[7149,8870],[0,32],[13,0],[0,-32],[-13,0]],[[7212,8902],[25,0],[0,-32],[-25,0],[0,32]],[[8224,8902],[25,0],[0,-32],[-25,0],[0,32]],[[8912,8902],[12,0],[0,-32],[-12,0],[0,32]],[[8937,8902],[25,0],[0,-32],[-25,0],[0,32]],[[9037,8902],[12,0]],[[9049,8902],[0,-32]],[[9049,8870],[-12,0]],[[9037,8870],[0,32]],[[9049,8902],[38,0]],[[9087,8902],[0,-32]],[[9087,8870],[-38,0]],[[9087,8902],[12,0],[0,-32]],[[9099,8870],[-12,0]],[[9162,8902],[12,0]],[[9174,8902],[0,-32]],[[9174,8870],[-12,0]],[[9162,8870],[0,32]],[[9737,8902],[50,0]],[[9787,8902],[0,-32]],[[9787,8870],[-50,0]],[[9737,8870],[0,32]],[[9937,8902],[12,0]],[[9949,8902],[0,-32]],[[9949,8870],[-12,0]],[[9937,8870],[0,32]],[[9999,8902],[0,-32]],[[9999,8870],[-12,0],[0,32],[12,0]],[[5999,8967],[25,0]],[[6024,8935],[38,0]],[[6062,8902],[25,0]],[[6087,8902],[0,-64]],[[6087,8838],[-38,0]],[[6049,8838],[0,32],[-37,0],[0,32],[-13,0],[0,65]],[[1000,9031],[75,0],[0,-32],[25,0]],[[1125,8967],[0,-32],[-75,0],[0,-33],[-113,0],[0,-32],[-62,0],[0,-32],[-13,0],[0,32]],[[862,8870],[-137,0]],[[725,8870],[0,-32],[-50,0],[0,64],[200,0],[0,33],[12,0],[0,32],[63,0],[0,32],[12,0],[0,-32],[75,0],[0,32],[-37,0],[0,32]],[[3025,8902],[12,0],[0,-64],[-12,0],[0,64]],[[5362,8902],[12,0]],[[5374,8902],[0,-64],[-12,0]],[[5362,8838],[0,64]],[[9112,9064],[0,-33],[-13,0],[0,-32],[25,0],[0,32],[25,0],[0,-32]],[[9149,8999],[113,0]],[[9262,8967],[75,0]],[[9337,8967],[0,-32],[-25,0],[0,-33]],[[9312,8902],[-25,0]],[[9287,8902],[0,33]],[[9287,8935],[-25,0],[0,-33],[-13,0],[0,-32]],[[9249,8870],[-12,0],[0,-32]],[[9237,8838],[-50,0],[0,32],[-13,0]],[[9174,8902],[-37,0]],[[9137,8902],[0,33]],[[9137,8935],[12,0]],[[9149,8967],[-62,0]],[[9087,8967],[0,32],[-25,0],[0,32],[25,0],[0,33],[25,0]],[[9287,8902],[12,0]],[[9299,8902],[0,-64],[-12,0]],[[9287,8838],[0,64]],[[137,8870],[13,0],[0,-32],[-13,0]],[[137,8838],[0,32]],[[800,8870],[37,0]],[[837,8870],[0,-32],[-37,0],[0,32]],[[1487,8870],[13,0],[0,-32]],[[1500,8838],[-13,0],[0,32]],[[5362,8870],[0,-32]],[[5362,8838],[-13,0],[0,32]],[[5424,8870],[13,0]],[[5437,8870],[0,-32]],[[5437,8838],[-13,0],[0,32]],[[6099,8870],[0,-32]],[[6099,8838],[-12,0]],[[6087,8838],[0,32]],[[6124,8870],[13,0],[0,-32]],[[6137,8838],[-13,0],[0,32]],[[6362,8870],[12,0]],[[6374,8870],[0,-32],[-12,0],[0,32]],[[6912,8902],[0,-64],[-50,0]],[[6862,8838],[0,32],[25,0]],[[6887,8870],[0,32],[25,0]],[[6924,8870],[25,0]],[[6949,8870],[0,-32]],[[6949,8838],[-25,0]],[[6924,8838],[0,32]],[[7149,8870],[0,-32],[-25,0],[0,32],[25,0]],[[7374,8870],[25,0],[0,-32],[-25,0],[0,32]],[[7824,8870],[13,0],[0,-32],[-13,0],[0,32]],[[8699,8870],[13,0],[0,-32],[-13,0],[0,32]],[[8724,8870],[13,0]],[[8737,8870],[0,-32]],[[8737,8838],[-13,0]],[[8724,8838],[0,32]],[[8737,8870],[12,0]],[[8749,8870],[0,-32],[-12,0]],[[9012,8870],[12,0],[0,-32],[-12,0],[0,32]],[[9174,8870],[0,-32],[-12,0]],[[9162,8838],[0,32]],[[9249,8870],[0,-32],[-12,0]],[[9262,8870],[12,0]],[[9274,8870],[0,-32]],[[9274,8838],[-12,0],[0,32]],[[9687,8870],[12,0],[0,-32],[-12,0],[0,32]],[[6987,9225],[37,0],[0,-97]],[[7024,9128],[-25,0]],[[6999,9096],[25,0]],[[7024,9096],[0,-65]],[[7024,8999],[0,-64],[13,0]],[[7049,8902],[0,-32],[-50,0]],[[6999,8870],[0,-32],[-12,0],[0,-32]],[[6987,8806],[-25,0]],[[6962,8806],[0,32]],[[6962,8838],[-13,0]],[[6949,8870],[-12,0]],[[6937,8870],[0,32],[-25,0]],[[6912,8935],[-25,0]],[[6887,8935],[0,32],[-13,0]],[[6862,9031],[0,33],[-13,0],[0,32]],[[6862,9128],[37,0]],[[6899,9128],[0,65],[13,0],[0,32],[25,0],[0,32],[50,0]],[[6212,8935],[75,0],[0,-33],[12,0],[0,-64],[-50,0]],[[6249,8838],[0,-32]],[[6249,8806],[-37,0],[0,129]],[[8862,8806],[-13,0],[0,96],[13,0],[0,-96]],[[1975,8870],[12,0],[0,-32],[13,0],[0,-32],[-25,0],[0,64]],[[5674,8870],[25,0],[0,-64],[-12,0],[0,32],[-13,0],[0,32]],[[2987,8838],[0,-32]],[[2987,8806],[-12,0],[0,32],[12,0]],[[5512,9031],[50,0]],[[5562,9031],[0,-32]],[[5549,8935],[-50,0]],[[5499,8935],[0,-33],[-37,0],[0,-32]],[[5462,8870],[-38,0]],[[5437,8838],[0,-32]],[[5437,8806],[-50,0]],[[5387,8806],[0,32],[12,0],[0,32],[-12,0]],[[5412,8967],[25,0],[0,32],[12,0],[0,-32],[13,0]],[[5462,8967],[0,32],[50,0]],[[5749,8870],[0,-64],[-37,0],[0,32],[12,0],[0,32],[25,0]],[[5774,8838],[13,0],[0,-32],[-13,0],[0,32]],[[6037,8806],[-75,0],[0,32],[12,0],[0,32],[13,0],[0,-32],[50,0],[0,-32]],[[6099,8838],[13,0],[0,-32],[-13,0],[0,32]],[[6149,8838],[13,0],[0,-32],[-13,0],[0,32]],[[6324,8806],[-12,0],[0,32],[12,0],[0,-32]],[[6849,8838],[13,0]],[[6862,8838],[0,-32]],[[6862,8806],[-13,0]],[[6849,8806],[0,32]],[[6999,8870],[38,0],[0,-32],[-25,0]],[[7012,8838],[0,-32]],[[7012,8806],[-25,0]],[[7012,8838],[12,0],[0,-32]],[[7024,8806],[-12,0]],[[7199,8838],[13,0]],[[7212,8838],[0,-32]],[[7212,8806],[-13,0]],[[7199,8806],[0,32]],[[8737,8838],[0,-32],[-13,0]],[[8724,8806],[0,32]],[[9249,8870],[13,0]],[[9274,8838],[0,-32]],[[9274,8806],[-37,0],[0,32]],[[9724,8870],[25,0]],[[9749,8870],[0,-32],[13,0],[0,-32],[-50,0],[0,32],[12,0],[0,32]],[[9899,8902],[38,0]],[[9937,8870],[25,0]],[[9962,8870],[0,-64],[-75,0],[0,-33],[-13,0],[0,33],[-25,0],[0,32],[-25,0],[0,32],[-12,0],[0,-32],[-25,0]],[[9787,8838],[0,64]],[[9787,8902],[50,0]],[[9837,8902],[0,33],[50,0],[0,-65],[12,0],[0,32]],[[1500,8838],[0,-65],[-13,0],[0,33],[-12,0],[0,64],[12,0]],[[162,8838],[25,0]],[[187,8838],[0,-65],[-25,0],[0,65]],[[5574,8838],[25,0],[0,-65],[-12,0],[0,33],[-13,0],[0,32]],[[6137,8838],[12,0]],[[6149,8838],[0,-65]],[[6149,8773],[-12,0]],[[6137,8773],[0,65]],[[1725,8773],[-50,0],[0,33],[50,0],[0,-33]],[[2962,8806],[0,-33]],[[2962,8773],[-12,0],[0,33],[12,0]],[[5362,8806],[0,-33]],[[5362,8773],[-13,0],[0,33],[13,0]],[[5362,8806],[25,0]],[[5387,8806],[0,-33]],[[5387,8773],[-25,0]],[[5949,8773],[-37,0],[0,33],[37,0],[0,-33]],[[6574,8806],[13,0],[0,-33],[-13,0],[0,33]],[[6824,8870],[0,-32]],[[6824,8838],[-25,0],[0,-32]],[[6799,8806],[-50,0]],[[6749,8806],[0,-33]],[[6749,8773],[-25,0],[0,33],[13,0],[0,32],[12,0],[0,32],[75,0]],[[6824,8902],[25,0]],[[6849,8902],[0,-96]],[[6849,8806],[-37,0]],[[6812,8806],[0,-33],[-25,0],[0,33]],[[6787,8806],[12,0]],[[6824,8838],[0,64]],[[6887,8806],[12,0],[0,-33],[-12,0],[0,33]],[[6999,8806],[13,0]],[[7012,8806],[0,-33],[-13,0]],[[6999,8773],[0,33]],[[7024,8806],[25,0],[0,-33]],[[7049,8773],[-25,0],[0,33]],[[7224,8806],[25,0]],[[7249,8806],[0,-33]],[[7249,8773],[-25,0]],[[7224,8773],[0,33]],[[8974,8773],[-12,0],[0,33],[12,0],[0,-33]],[[9037,8773],[-38,0],[0,33],[38,0],[0,-33]],[[9412,8806],[50,0],[0,-33],[-50,0],[0,33]],[[9487,8806],[12,0],[0,-33],[-12,0],[0,33]],[[8587,9096],[12,0]],[[8599,9096],[0,-65],[13,0],[0,-32],[-13,0],[0,-32],[-12,0],[0,-97],[-13,0],[0,-64],[-12,0],[0,-65],[-25,0],[0,32],[-13,0],[0,97],[13,0],[0,-32],[25,0],[0,64]],[[8562,8902],[-13,0],[0,33],[-25,0],[0,32],[25,0],[0,32],[13,0],[0,32],[12,0],[0,33],[13,0]],[[8587,9064],[0,32]],[[575,8806],[12,0],[0,-65],[-12,0],[0,65]],[[5874,8806],[13,0],[0,-65],[-13,0],[0,65]],[[8887,8741],[-13,0],[0,32],[-12,0],[0,33]],[[8862,8806],[12,0],[0,32],[13,0],[0,-32],[12,0],[0,-33],[-12,0],[0,-32]],[[9199,8741],[0,32],[-12,0]],[[9187,8773],[0,33],[25,0],[0,-65],[-13,0]],[[275,8773],[12,0]],[[287,8773],[0,-32],[-12,0],[0,32]],[[375,8773],[37,0]],[[412,8773],[0,-32],[-37,0],[0,32]],[[4350,8773],[37,0]],[[4387,8773],[0,-32]],[[4387,8741],[-37,0]],[[4350,8741],[0,32]],[[4425,8741],[0,32],[25,0],[0,-32],[-25,0]],[[4475,8773],[0,-32],[-13,0]],[[4462,8741],[0,32],[13,0]],[[4512,8773],[13,0]],[[4525,8773],[0,-32],[-13,0]],[[4512,8741],[0,32]],[[4587,8773],[13,0],[0,-32],[-13,0]],[[4587,8741],[0,32]],[[5437,8773],[25,0]],[[5462,8773],[0,-32]],[[5462,8741],[-25,0]],[[5437,8741],[0,32]],[[5949,8773],[13,0],[0,-32],[-13,0],[0,32]],[[5974,8773],[25,0],[0,-32]],[[5999,8741],[-25,0],[0,32]],[[6137,8773],[0,-32],[-13,0]],[[6124,8741],[0,32],[13,0]],[[6149,8773],[13,0]],[[6162,8773],[0,-32]],[[6162,8741],[-13,0],[0,32]],[[7524,8741],[0,32],[13,0],[0,-32],[-13,0]],[[8974,8773],[13,0],[0,-32],[-13,0],[0,32]],[[9199,8741],[-12,0],[0,32]],[[9949,8773],[13,0],[0,-32],[-13,0],[0,32]],[[5499,8935],[38,0]],[[5537,8935],[0,-33],[-13,0],[0,-32],[-12,0],[0,-32],[-13,0],[0,-32],[-25,0],[0,-33]],[[5474,8773],[-37,0]],[[5437,8741],[-13,0]],[[5424,8741],[0,-32]],[[5424,8709],[-37,0]],[[5387,8709],[0,97]],[[5437,8806],[0,64]],[[5437,8870],[25,0]],[[2937,8773],[0,-64]],[[2937,8709],[-12,0],[0,64],[12,0]],[[6099,8870],[25,0]],[[6124,8741],[-12,0]],[[6112,8741],[0,32],[-25,0],[0,-32],[-13,0],[0,-32]],[[6074,8709],[-12,0]],[[6062,8709],[0,32]],[[6062,8741],[-38,0]],[[6024,8741],[0,32],[13,0],[0,33]],[[6037,8806],[37,0],[0,32]],[[6074,8838],[25,0]],[[7124,8773],[13,0]],[[7137,8773],[0,-64],[-13,0],[0,64]],[[37,8741],[13,0]],[[50,8741],[0,-32]],[[50,8709],[-13,0]],[[37,8709],[0,32]],[[362,8709],[-25,0]],[[337,8709],[0,32],[25,0],[0,-32]],[[687,8741],[25,0],[0,-32],[-25,0],[0,32]],[[1112,8741],[25,0],[0,-32],[-25,0],[0,32]],[[4387,8773],[13,0],[0,-64]],[[4400,8709],[-25,0],[0,32]],[[4375,8741],[12,0]],[[4412,8741],[13,0]],[[4425,8741],[0,-32],[-13,0],[0,32]],[[4487,8741],[13,0],[0,-32],[-13,0],[0,32]],[[5699,8741],[25,0],[0,-32],[-25,0],[0,32]],[[5924,8741],[13,0],[0,-32],[-13,0],[0,32]],[[6062,8709],[-25,0],[0,32],[25,0]],[[6112,8741],[-13,0],[0,-32]],[[6099,8709],[-25,0]],[[6124,8741],[0,-32],[-12,0]],[[6112,8709],[0,32]],[[6649,8773],[13,0],[0,-64],[-25,0],[0,32],[12,0],[0,32]],[[6749,8773],[25,0],[0,-32]],[[6774,8741],[-12,0],[0,-32]],[[6762,8709],[-25,0]],[[6737,8709],[0,32],[12,0],[0,32]],[[6774,8741],[0,-32]],[[6774,8709],[-12,0]],[[7062,8741],[12,0],[0,-32],[-12,0],[0,32]],[[8049,8709],[-12,0],[0,32],[12,0],[0,-32]],[[8587,8709],[0,32],[12,0],[0,-32],[-12,0]],[[9524,8709],[0,32],[13,0],[0,-32],[-13,0]],[[9849,8741],[13,0],[0,-32],[-13,0],[0,32]],[[87,8741],[0,-64]],[[87,8677],[-12,0]],[[75,8677],[0,32]],[[75,8709],[-25,0]],[[50,8741],[-25,0]],[[25,8741],[0,32],[25,0],[0,33],[12,0],[0,-65],[25,0]],[[4475,8773],[37,0]],[[4512,8773],[0,-96]],[[4512,8677],[-50,0]],[[4462,8677],[0,64]],[[4525,8773],[62,0]],[[4587,8741],[25,0],[0,-64]],[[4612,8677],[-25,0],[0,32],[-12,0],[0,32],[-25,0],[0,-32]],[[4550,8709],[-25,0]],[[4525,8709],[0,-32]],[[4525,8677],[-13,0]],[[4512,8677],[0,64]],[[6599,8677],[0,64],[13,0],[0,-64],[-13,0]],[[8887,8741],[25,0],[0,-64],[-13,0],[0,32],[-12,0],[0,32]],[[37,8709],[38,0]],[[75,8677],[-38,0],[0,32]],[[87,8709],[13,0]],[[100,8709],[0,-32]],[[100,8677],[-13,0]],[[87,8677],[0,32]],[[337,8709],[0,-32]],[[337,8677],[-12,0],[0,32],[12,0]],[[337,8709],[38,0]],[[375,8709],[0,-32]],[[375,8677],[-38,0]],[[375,8709],[12,0]],[[387,8709],[0,-32]],[[387,8677],[-12,0]],[[787,8709],[13,0],[0,-32],[-13,0],[0,32]],[[4350,8741],[12,0]],[[4362,8741],[0,-64]],[[4362,8677],[-50,0],[0,32],[13,0],[0,32],[12,0],[0,32],[13,0]],[[4625,8677],[-13,0]],[[4612,8677],[0,32],[13,0],[0,-32]],[[6699,8709],[25,0]],[[6724,8709],[0,-32]],[[6724,8677],[-25,0]],[[6699,8677],[0,32]],[[7099,8709],[0,-32]],[[7099,8677],[-12,0]],[[7087,8677],[0,32],[12,0]],[[8049,8709],[13,0]],[[8062,8709],[0,-32],[-13,0]],[[8049,8677],[0,32]],[[8387,8709],[25,0]],[[8412,8709],[0,-32],[-25,0],[0,32]],[[8462,8709],[12,0],[0,-32],[-12,0],[0,32]],[[8587,8709],[0,-32],[-13,0],[0,32],[13,0]],[[8774,8677],[-25,0],[0,32],[25,0],[0,-32]],[[8924,8709],[25,0],[0,-32],[-25,0],[0,32]],[[9199,8741],[0,-32],[13,0],[0,-32]],[[9212,8677],[-50,0]],[[9162,8677],[0,32]],[[9162,8709],[12,0]],[[9174,8709],[0,64],[13,0]],[[9237,8709],[12,0]],[[9249,8709],[0,-32]],[[9249,8677],[-12,0]],[[9237,8677],[0,32]],[[9474,8709],[13,0]],[[9487,8709],[0,-32]],[[9487,8677],[-13,0],[0,32]],[[9599,8709],[13,0],[0,-32]],[[9612,8677],[-13,0]],[[9599,8677],[0,32]],[[9624,8677],[0,32],[13,0],[0,-32],[-13,0]],[[9662,8709],[25,0],[0,-32],[-25,0],[0,32]],[[37,8935],[25,0],[0,-33],[38,0],[0,-32],[37,0]],[[137,8838],[25,0]],[[187,8838],[13,0],[0,-32],[50,0],[0,-33],[25,0]],[[287,8773],[13,0],[0,-64],[-25,0],[0,-32],[-38,0]],[[237,8677],[0,32],[-37,0]],[[200,8709],[0,-65]],[[200,8644],[-38,0]],[[162,8644],[0,33],[-37,0],[0,32]],[[125,8709],[-38,0]],[[87,8709],[0,32]],[[25,8741],[12,0]],[[37,8709],[-12,0],[0,-32],[-25,0]],[[0,8677],[0,290],[25,0],[0,-65]],[[100,8709],[25,0]],[[162,8644],[-50,0],[0,33],[-12,0]],[[237,8677],[-12,0],[0,-33]],[[225,8644],[-13,0]],[[212,8644],[0,33]],[[212,8677],[-12,0]],[[200,8677],[0,32]],[[2750,9289],[112,0],[0,-32],[25,0],[0,-32],[25,0],[0,-32],[38,0],[0,-33],[50,0],[0,-32],[12,0]],[[3012,9096],[63,0]],[[3100,8999],[37,0]],[[3150,8935],[0,-33],[37,0]],[[3200,8902],[12,0],[0,-32],[25,0],[0,-32],[50,0],[0,-32],[13,0],[0,-65],[-13,0],[0,-32],[-12,0],[0,-32],[-25,0],[0,-33],[-50,0]],[[3200,8644],[0,65]],[[3200,8709],[12,0],[0,32],[-37,0],[0,32],[-13,0],[0,33],[-37,0],[0,32],[-38,0],[0,-32],[-12,0],[0,32],[-25,0],[0,161],[-150,0],[0,32],[-13,0],[0,33],[-12,0],[0,32],[-13,0],[0,-32],[-12,0],[0,96],[-13,0],[0,33],[13,0],[0,32],[-63,0],[0,32],[-37,0],[0,32]],[[5349,8709],[25,0],[0,-32]],[[5374,8677],[-12,0],[0,-33]],[[5362,8644],[-13,0]],[[5349,8644],[0,65]],[[5399,8709],[25,0]],[[5424,8709],[0,-32]],[[5424,8677],[-12,0],[0,-33]],[[5412,8644],[-13,0]],[[5399,8644],[0,65]],[[6424,8806],[75,0],[0,-65],[25,0],[0,32],[13,0],[0,33],[25,0],[0,-33],[-13,0],[0,-32],[-12,0],[0,-64],[-25,0],[0,-33],[-25,0],[0,33],[-13,0],[0,32],[13,0],[0,32],[-25,0],[0,-64],[-25,0],[0,32],[-13,0],[0,32],[-12,0],[0,32],[12,0],[0,33]],[[9062,8709],[25,0],[0,-65],[-13,0],[0,33],[-12,0]],[[9062,8677],[0,32]],[[9249,8709],[13,0]],[[9262,8709],[0,-65],[-13,0]],[[9249,8644],[0,65]],[[0,8677],[12,0],[0,-33],[-12,0],[0,33]],[[487,8644],[-12,0],[0,33],[12,0],[0,-33]],[[1850,8677],[12,0],[0,-33],[-12,0],[0,33]],[[1887,8677],[25,0],[0,-33],[-25,0],[0,33]],[[2675,8677],[37,0],[0,-33],[-37,0]],[[2675,8644],[0,33]],[[4425,8677],[12,0]],[[4437,8677],[0,-33]],[[4437,8644],[-12,0]],[[4425,8644],[0,33]],[[4437,8677],[13,0]],[[4450,8677],[0,-33],[-13,0]],[[5299,8677],[0,-33],[-12,0]],[[5287,8644],[0,33],[12,0]],[[5374,8677],[0,-33]],[[5374,8644],[-12,0]],[[5374,8677],[25,0]],[[5399,8677],[0,-33]],[[5399,8644],[-25,0]],[[5749,8677],[13,0],[0,-33],[-13,0],[0,33]],[[5987,8677],[0,-33]],[[5987,8644],[-13,0]],[[5974,8644],[0,33],[13,0]],[[5987,8677],[12,0],[0,-33],[-12,0]],[[6262,8677],[12,0],[0,-33],[-12,0],[0,33]],[[6962,8677],[0,-33],[-13,0],[0,33],[13,0]],[[7062,8677],[12,0]],[[7074,8677],[0,-33],[-12,0],[0,33]],[[7137,8644],[-25,0]],[[7112,8644],[0,33],[25,0],[0,-33]],[[7224,8677],[13,0],[0,-33],[-13,0],[0,33]],[[7499,8677],[0,-33],[-12,0],[0,33],[12,0]],[[7937,8677],[12,0],[0,-33],[-12,0],[0,33]],[[8049,8677],[0,-33],[-12,0],[0,33],[12,0]],[[8774,8677],[13,0],[0,-33],[-13,0],[0,33]],[[9037,8677],[12,0]],[[9049,8677],[0,-33]],[[9049,8644],[-12,0]],[[9037,8644],[0,33]],[[9049,8677],[13,0]],[[9062,8677],[0,-33]],[[9062,8644],[-13,0]],[[9187,8677],[12,0]],[[9199,8677],[0,-33],[-12,0],[0,33]],[[9212,8677],[37,0]],[[9249,8677],[0,-33]],[[9249,8644],[-37,0]],[[9212,8644],[0,33]],[[9599,8677],[25,0]],[[9624,8677],[0,-33],[-25,0]],[[9599,8644],[0,33]],[[4612,8677],[0,-33]],[[4612,8644],[-25,0]],[[4587,8644],[0,-32]],[[4587,8612],[-25,0]],[[4562,8612],[0,97]],[[4562,8709],[-12,0]],[[2062,8612],[-12,0],[0,97],[12,0],[0,-32],[25,0],[0,-33],[-25,0],[0,-32]],[[6162,8773],[50,0]],[[6212,8773],[0,-96],[-13,0],[0,-65],[-12,0],[0,32],[-38,0],[0,33],[-37,0],[0,32]],[[6124,8741],[38,0]],[[9449,8709],[25,0]],[[9487,8677],[0,-33]],[[9487,8644],[-25,0],[0,-32]],[[9462,8612],[-13,0]],[[9449,8612],[0,97]],[[212,8677],[0,-65]],[[212,8612],[-12,0]],[[200,8612],[0,65]],[[875,8644],[0,33],[50,0],[0,-65],[-13,0],[0,32],[-37,0]],[[4337,8677],[0,-65]],[[4337,8612],[-12,0],[0,65],[12,0]],[[5849,8677],[38,0],[0,-65],[-25,0],[0,32],[-13,0],[0,33]],[[6062,8644],[-13,0],[0,-32],[-25,0],[0,32],[-12,0]],[[6012,8644],[0,33],[50,0],[0,-33]],[[6374,8677],[25,0],[0,-33],[13,0],[0,-32],[-38,0],[0,65]],[[6549,8612],[0,65],[13,0],[0,-65],[-13,0]],[[6599,8677],[0,-65],[-12,0],[0,32],[-13,0],[0,33],[25,0]],[[6687,8644],[-25,0],[0,-32],[-13,0],[0,65],[38,0],[0,-33]],[[6749,8677],[13,0],[0,-33],[12,0],[0,-32],[-25,0],[0,65]],[[9999,8677],[0,-65],[-12,0]],[[9987,8612],[0,65],[12,0]],[[150,8644],[0,-32]],[[150,8612],[-25,0],[0,32],[25,0]],[[150,8644],[25,0]],[[175,8644],[0,-32]],[[175,8612],[-25,0]],[[225,8644],[0,-32],[-13,0]],[[212,8612],[0,32]],[[487,8644],[13,0],[0,-32]],[[500,8612],[-13,0],[0,32]],[[875,8644],[0,-32],[-13,0]],[[862,8612],[0,32],[13,0]],[[2175,8644],[12,0],[0,-32],[-12,0],[0,32]],[[4437,8644],[0,-32]],[[4437,8612],[-12,0]],[[4425,8612],[0,32]],[[4587,8644],[13,0]],[[4600,8644],[0,-32]],[[4600,8612],[-13,0]],[[4625,8677],[0,-65],[-25,0]],[[4600,8644],[12,0]],[[5287,8644],[0,-32],[-13,0]],[[5274,8612],[0,32],[13,0]],[[5337,8612],[-13,0],[0,32],[13,0],[0,-32]],[[5374,8644],[13,0]],[[5387,8644],[0,-32],[-13,0],[0,32]],[[5524,8644],[38,0],[0,-32],[-38,0],[0,32]],[[6062,8644],[25,0]],[[6087,8644],[0,-32]],[[6087,8612],[-25,0],[0,32]],[[7099,8644],[13,0]],[[7112,8644],[0,-32],[-13,0]],[[7099,8612],[0,32]],[[7187,8644],[12,0],[0,-32]],[[7199,8612],[-12,0]],[[7187,8612],[0,32]],[[7962,8644],[12,0],[0,-32],[-12,0],[0,32]],[[8324,8644],[13,0],[0,-32],[-13,0],[0,32]],[[9137,8612],[-25,0]],[[9112,8612],[0,32],[25,0],[0,-32]],[[9387,8612],[-25,0]],[[9362,8612],[0,32],[25,0],[0,-32]],[[9487,8644],[0,-32]],[[9487,8612],[-25,0]],[[9937,8644],[12,0],[0,-32],[-12,0],[0,32]],[[7874,9547],[63,0]],[[7937,9515],[37,0],[0,-32],[13,0],[0,32],[112,0],[0,-32],[50,0],[0,-32],[13,0],[0,-65],[-13,0],[0,-97],[-75,0]],[[8074,9289],[0,-32],[-25,0],[0,-32],[-12,0],[0,32],[-38,0],[0,-32],[-12,0],[0,-32],[-88,0],[0,-33],[150,0],[0,-32],[13,0],[0,-64],[12,0]],[[8074,9064],[0,32],[25,0],[0,-32],[13,0],[0,-97],[-75,0],[0,-32],[-13,0],[0,32],[-12,0],[0,-65],[-25,0],[0,33],[-13,0],[0,32],[-12,0],[0,-32],[-25,0],[0,32],[-25,0],[0,32],[12,0],[0,65],[-12,0],[0,-33],[-25,0],[0,33],[-38,0],[0,32],[25,0],[0,32],[-12,0],[0,32],[-25,0],[0,-32],[-13,0],[0,32],[-50,0],[0,-32],[-12,0],[0,32],[-25,0],[0,-32],[-25,0],[0,-32],[-38,0],[0,-32],[-12,0],[0,-33],[-13,0],[0,33],[-12,0]],[[7637,9064],[0,-97]],[[7649,8999],[13,0]],[[7662,8999],[0,-32],[12,0],[0,32],[13,0],[0,-32],[25,0],[0,-32],[12,0],[0,32],[13,0],[0,-32],[12,0],[0,-33],[25,0],[0,-32],[13,0],[0,-32],[-38,0],[0,-32],[13,0],[0,-33],[25,0],[0,33],[37,0],[0,-65],[-12,0],[0,-32],[-13,0],[0,-32],[-12,0],[0,-33],[-25,0],[0,-32],[-38,0],[0,-32],[-37,0],[0,32],[-25,0],[0,32],[-25,0],[0,-32],[-13,0],[0,32],[-100,0],[0,-32],[-12,0],[0,65],[-13,0]],[[7499,8677],[0,32],[25,0],[0,32]],[[7524,8741],[-37,0],[0,32],[-13,0],[0,33],[-25,0],[0,32],[13,0],[0,32],[12,0],[0,32],[-25,0],[0,-32],[-12,0],[0,32],[-13,0],[0,33],[-25,0],[0,-33],[-25,0],[0,-32]],[[7374,8870],[-75,0],[0,-32],[-25,0],[0,32],[-12,0],[0,-64],[12,0],[0,-33]],[[7274,8773],[-25,0]],[[7249,8806],[-37,0]],[[7212,8838],[-25,0]],[[7187,8838],[0,-65],[-13,0],[0,-32],[-12,0],[0,32]],[[7162,8773],[-50,0]],[[7112,8773],[0,129]],[[7099,8902],[0,-64]],[[7099,8838],[-12,0],[0,32],[-25,0]],[[7062,8870],[0,65],[-25,0]],[[7037,8935],[0,96],[12,0],[0,33],[-12,0],[0,32],[-13,0]],[[7024,9096],[0,32]],[[7024,9128],[13,0],[0,32],[37,0],[0,65],[25,0],[0,-129],[38,0]],[[7112,9128],[0,32],[50,0]],[[7162,9193],[25,0],[0,32],[25,0],[0,-32],[25,0],[0,32],[-13,0],[0,32],[13,0],[0,32],[162,0],[0,97],[50,0],[0,32],[125,0],[0,33],[125,0]],[[7724,9418],[0,65],[75,0],[0,32],[13,0],[0,32],[25,0]],[[7849,9515],[0,65],[13,0]],[[6937,8870],[-13,0]],[[6924,8838],[38,0]],[[6962,8806],[-38,0]],[[6924,8806],[0,-33],[-12,0],[0,-32],[-38,0],[0,32],[-12,0],[0,-32],[-13,0],[0,32],[-12,0],[0,-64],[-13,0],[0,-32],[13,0],[0,-33],[50,0],[0,-32],[-13,0],[0,-32],[-12,0],[0,32],[-75,0],[0,32],[12,0],[0,97],[-25,0]],[[6749,8806],[38,0]],[[6812,8806],[50,0]],[[7187,8644],[-13,0]],[[7174,8644],[0,-32]],[[7174,8612],[-25,0],[0,-32]],[[7149,8580],[-12,0]],[[7137,8580],[0,64]],[[7137,8644],[25,0],[0,33],[25,0],[0,-33]],[[7187,8644],[0,-64]],[[7187,8580],[-13,0]],[[7174,8580],[0,64]],[[9174,8677],[13,0]],[[9199,8677],[13,0]],[[9212,8644],[25,0]],[[9237,8644],[0,-32],[-25,0],[0,-32]],[[9212,8580],[-13,0]],[[9199,8580],[0,32]],[[9199,8612],[-37,0]],[[9162,8612],[0,32],[12,0],[0,33]],[[175,8644],[25,0]],[[200,8644],[0,-32]],[[200,8612],[-13,0]],[[187,8612],[0,-32]],[[187,8580],[-25,0],[0,32],[13,0]],[[187,8612],[25,0]],[[212,8612],[0,-32],[-25,0]],[[525,8612],[0,-32]],[[525,8580],[-13,0],[0,32],[13,0]],[[862,8612],[0,-32]],[[862,8580],[-12,0]],[[850,8580],[0,32],[12,0]],[[975,8580],[-38,0]],[[937,8580],[0,32],[38,0],[0,-32]],[[2062,8612],[13,0],[0,-32],[-13,0],[0,32]],[[4375,8612],[25,0]],[[4400,8612],[0,-32]],[[4400,8580],[-25,0],[0,32]],[[4587,8612],[0,-32]],[[4587,8580],[-25,0]],[[4562,8580],[0,32]],[[4600,8612],[0,-32],[-13,0]],[[5474,8612],[38,0],[0,-32],[-38,0],[0,32]],[[6087,8612],[12,0],[0,-32],[-12,0],[0,32]],[[6112,8612],[12,0],[0,-32],[-12,0],[0,32]],[[6299,8612],[13,0],[0,-32],[-13,0],[0,32]],[[7174,8612],[0,-32]],[[7174,8580],[-25,0]],[[8087,8612],[12,0],[0,-32],[-12,0],[0,32]],[[8262,8612],[37,0],[0,-32],[-37,0],[0,32]],[[8787,8612],[12,0],[0,-32],[-12,0],[0,32]],[[8937,8612],[12,0],[0,-32],[-12,0],[0,32]],[[8999,8580],[-12,0],[0,32],[12,0],[0,-32]],[[9112,8612],[0,-32],[-13,0],[0,32],[13,0]],[[9137,8612],[25,0]],[[9162,8612],[0,-32],[-25,0],[0,32]],[[9187,8612],[12,0]],[[9199,8580],[-12,0]],[[9187,8580],[0,32]],[[9237,8644],[12,0]],[[9249,8644],[0,-64],[-37,0]],[[9362,8612],[0,-32]],[[9362,8580],[-13,0]],[[9349,8580],[0,32],[13,0]],[[9374,8612],[25,0]],[[9399,8612],[0,-32]],[[9399,8580],[-25,0]],[[9374,8580],[0,32]],[[4362,8741],[13,0]],[[4400,8709],[0,32],[12,0]],[[4425,8741],[37,0]],[[4462,8677],[-37,0]],[[4425,8677],[0,-65]],[[4425,8612],[25,0]],[[4450,8612],[0,-64],[-50,0]],[[4400,8548],[0,64]],[[4400,8612],[-63,0]],[[4337,8677],[25,0]],[[4525,8709],[37,0]],[[4562,8709],[0,-129]],[[4562,8580],[-25,0]],[[4537,8580],[0,-32]],[[4537,8548],[-25,0]],[[4512,8548],[0,32]],[[4512,8580],[-37,0]],[[4475,8580],[0,32],[-13,0],[0,65]],[[4462,8677],[63,0]],[[4400,8580],[0,-32]],[[4400,8548],[-38,0],[0,64],[13,0]],[[6549,8612],[0,-32],[-12,0],[0,-32],[-13,0],[0,64],[25,0]],[[8562,8548],[-25,0],[0,64],[12,0],[0,-32],[13,0],[0,-32]],[[9362,8612],[12,0]],[[9374,8612],[0,-64]],[[9374,8548],[-12,0]],[[9362,8548],[0,64]],[[487,8580],[13,0]],[[500,8580],[0,-32]],[[500,8548],[-13,0],[0,32]],[[537,8580],[13,0],[0,-32],[-13,0],[0,32]],[[862,8580],[13,0]],[[875,8580],[0,-32],[-13,0],[0,32]],[[900,8580],[25,0]],[[925,8580],[0,-32]],[[925,8548],[-25,0]],[[900,8548],[0,32]],[[4487,8580],[25,0]],[[4512,8548],[-25,0]],[[4487,8548],[0,32]],[[4537,8580],[13,0],[0,-32],[-13,0]],[[5349,8548],[0,32],[13,0],[0,-32],[-13,0]],[[5962,8580],[12,0],[0,-32],[-12,0],[0,32]],[[7099,8580],[13,0],[0,-32],[-13,0],[0,32]],[[7949,8580],[13,0],[0,-32],[-13,0],[0,32]],[[8812,8548],[0,32],[12,0],[0,-32],[-12,0]],[[8999,8580],[13,0],[0,-32],[-13,0],[0,32]],[[9049,8580],[13,0],[0,-32],[-13,0],[0,32]],[[9337,8580],[0,-32],[-13,0]],[[9324,8548],[0,32],[13,0]],[[4450,8677],[12,0]],[[4475,8580],[12,0]],[[4487,8548],[-25,0]],[[4462,8548],[0,-33]],[[4462,8515],[-12,0],[0,97]],[[4450,8612],[-13,0]],[[5274,8612],[0,-32],[13,0],[0,-65],[-13,0]],[[5274,8515],[0,33],[-12,0]],[[5262,8548],[0,64],[12,0]],[[9524,8709],[0,-32],[13,0],[0,-33],[12,0],[0,-96],[-25,0],[0,-33],[-37,0],[0,97]],[[9487,8612],[12,0],[0,97],[25,0]],[[225,8580],[62,0],[0,-32],[38,0],[0,-33],[-100,0],[0,65]],[[962,8580],[25,0]],[[987,8580],[0,-32],[13,0],[0,-33]],[[1000,8515],[-25,0]],[[975,8515],[0,33],[-13,0]],[[962,8548],[0,32]],[[8312,8580],[12,0],[0,-65],[-12,0],[0,65]],[[975,8515],[-13,0]],[[962,8515],[0,33]],[[1025,8548],[12,0],[0,-33],[-12,0],[0,33]],[[3112,8515],[-25,0],[0,33],[25,0],[0,-33]],[[4462,8548],[13,0]],[[4475,8548],[0,-33]],[[4475,8515],[-13,0]],[[4475,8548],[12,0]],[[4487,8548],[0,-33]],[[4487,8515],[-12,0]],[[4487,8548],[13,0],[0,-33],[-13,0]],[[5199,8548],[0,-33]],[[5199,8515],[-12,0],[0,33],[12,0]],[[5337,8548],[0,-33]],[[5337,8515],[-13,0]],[[5324,8515],[0,33],[13,0]],[[5474,8515],[0,33],[13,0],[0,-33],[-13,0]],[[5537,8548],[12,0],[0,-33],[-12,0]],[[5537,8515],[0,33]],[[5899,8548],[13,0],[0,-33],[-13,0],[0,33]],[[6037,8548],[37,0],[0,-33],[-37,0],[0,33]],[[6499,8548],[13,0],[0,-33],[-13,0],[0,33]],[[7137,8548],[0,-33]],[[7137,8515],[-13,0]],[[7124,8515],[0,33],[13,0]],[[7849,8548],[13,0],[0,-33],[-13,0],[0,33]],[[8112,8515],[-13,0],[0,33],[13,0],[0,-33]],[[8674,8515],[-37,0],[0,33],[37,0],[0,-33]],[[9187,8515],[-13,0]],[[9174,8515],[0,33],[13,0],[0,-33]],[[9324,8548],[0,-33],[-12,0],[0,33],[12,0]],[[9649,8548],[25,0],[0,-33],[-25,0],[0,33]],[[7187,8612],[37,0]],[[7224,8612],[0,-64],[-12,0],[0,-33],[-25,0],[0,-32]],[[7187,8483],[-13,0]],[[7174,8483],[0,32],[-12,0],[0,33],[-25,0]],[[7137,8548],[0,32]],[[7137,8580],[50,0]],[[7187,8580],[0,32]],[[9399,8580],[0,-97]],[[9399,8483],[-12,0],[0,65],[-13,0]],[[9374,8548],[0,32]],[[437,8548],[13,0]],[[450,8548],[0,-65]],[[450,8483],[-13,0]],[[437,8483],[0,65]],[[450,8548],[12,0]],[[462,8548],[0,-65]],[[462,8483],[-12,0]],[[5337,8548],[12,0]],[[5349,8548],[0,-65]],[[5349,8483],[-12,0]],[[5337,8483],[0,65]],[[6262,8548],[0,-33],[12,0],[0,-32],[-37,0],[0,32],[-25,0],[0,33],[50,0]],[[6499,8548],[-12,0],[0,-33],[-38,0],[0,-32],[-25,0],[0,32],[-12,0],[0,33],[12,0],[0,32],[50,0],[0,32],[38,0],[0,-32],[-13,0],[0,-32]],[[8199,8548],[25,0],[0,-65],[-12,0],[0,32],[-13,0],[0,33]],[[8812,8548],[0,-65],[-13,0],[0,32],[-25,0],[0,33],[38,0]],[[9074,8548],[25,0]],[[9099,8548],[0,-65]],[[9099,8483],[-25,0]],[[9074,8483],[0,65]],[[9099,8548],[13,0]],[[9112,8548],[0,-33]],[[9112,8515],[12,0]],[[9124,8515],[0,-32]],[[9124,8483],[-25,0]],[[437,8515],[0,-32]],[[437,8483],[-12,0],[0,32],[12,0]],[[837,8548],[0,-33]],[[837,8515],[-25,0]],[[812,8515],[0,-32]],[[812,8483],[-37,0]],[[775,8483],[0,32]],[[775,8515],[25,0]],[[800,8515],[0,33],[37,0]],[[812,8515],[13,0]],[[825,8515],[0,-32],[-13,0]],[[837,8515],[25,0],[0,-32]],[[862,8483],[-25,0]],[[837,8483],[0,32]],[[5174,8515],[0,-32]],[[5174,8483],[-12,0],[0,32],[12,0]],[[5274,8515],[-25,0],[0,-32]],[[5249,8483],[-37,0]],[[5212,8483],[0,32],[12,0],[0,33]],[[5224,8548],[-12,0],[0,32],[50,0],[0,-32]],[[5324,8515],[0,-32]],[[5324,8483],[-12,0],[0,32],[12,0]],[[5337,8515],[0,-32]],[[5337,8483],[-13,0]],[[5512,8515],[12,0],[0,-32],[-12,0]],[[5512,8483],[0,32]],[[5762,8515],[12,0],[0,-32],[-12,0],[0,32]],[[6712,8515],[12,0],[0,-32],[-12,0],[0,32]],[[7124,8515],[0,-32]],[[7124,8483],[-12,0],[0,32],[12,0]],[[7449,8515],[25,0],[0,-32],[-25,0],[0,32]],[[8112,8515],[12,0],[0,-32],[-12,0],[0,32]],[[8249,8548],[13,0],[0,-65],[-25,0],[0,32],[12,0],[0,33]],[[8674,8515],[13,0],[0,-32],[-13,0],[0,32]],[[9124,8515],[13,0]],[[9137,8515],[0,-32]],[[9137,8483],[-13,0]],[[9137,8515],[12,0]],[[9149,8515],[0,-32]],[[9149,8483],[-12,0]],[[9149,8515],[25,0]],[[9174,8515],[0,-32]],[[9174,8483],[-25,0]],[[9187,8515],[0,-32],[-13,0]],[[9624,8515],[13,0],[0,-32],[-13,0],[0,32]],[[9924,8515],[0,-32]],[[9924,8483],[-37,0]],[[9887,8483],[0,32],[37,0]],[[5587,8548],[0,-97],[-13,0],[0,97],[13,0]],[[7174,8483],[-12,0]],[[7162,8483],[0,-32],[-13,0],[0,32],[-12,0]],[[7137,8483],[0,65]],[[3112,8515],[50,0],[0,-64],[-25,0],[0,32],[-25,0],[0,32]],[[6574,8451],[-25,0]],[[6549,8451],[0,32],[-12,0],[0,32],[12,0],[0,33],[13,0],[0,-33],[37,0],[0,-32],[-25,0],[0,-32]],[[7024,8709],[13,0],[0,-32]],[[7037,8677],[25,0]],[[7074,8677],[25,0]],[[7099,8677],[0,-65]],[[7137,8644],[0,-96]],[[7124,8483],[0,-32]],[[7124,8451],[-37,0]],[[7087,8451],[0,32],[-13,0],[0,-32]],[[7074,8451],[-12,0]],[[7062,8451],[0,64],[25,0],[0,33],[-88,0],[0,32],[13,0],[0,32],[-25,0],[0,32],[12,0],[0,33],[25,0]],[[7024,8677],[0,32]],[[7137,8515],[0,-64]],[[7137,8451],[-13,0]],[[7124,8451],[0,64]],[[9349,8548],[25,0]],[[9374,8548],[0,-33],[-12,0],[0,-64],[-25,0]],[[9337,8451],[0,64]],[[9337,8515],[12,0],[0,33]],[[9974,8515],[25,0],[0,-32],[-12,0],[0,-32],[-50,0]],[[9937,8451],[0,64],[25,0],[0,-32],[12,0],[0,32]],[[412,8451],[-25,0]],[[387,8451],[0,32],[25,0],[0,-32]],[[462,8515],[13,0],[0,-64]],[[475,8451],[-38,0]],[[437,8451],[0,32]],[[437,8483],[25,0]],[[462,8483],[0,32]],[[550,8483],[12,0],[0,-32],[-12,0],[0,32]],[[987,8483],[13,0],[0,-32]],[[1000,8451],[-13,0]],[[987,8451],[0,32]],[[1050,8451],[-38,0]],[[1012,8451],[0,32],[38,0],[0,-32]],[[5624,8741],[0,-64],[-25,0],[0,-97],[-12,0],[0,-32]],[[5587,8548],[-50,0]],[[5537,8515],[-25,0]],[[5512,8483],[-13,0],[0,-32],[-37,0]],[[5462,8451],[0,32],[12,0],[0,32]],[[5474,8515],[-12,0],[0,33],[-13,0],[0,32],[-12,0],[0,-65],[12,0],[0,-32],[-50,0],[0,-32],[-12,0],[0,64],[-13,0],[0,65],[50,0],[0,32],[25,0],[0,32],[63,0],[0,33],[-25,0],[0,64],[12,0],[0,-32],[50,0],[0,-32],[38,0],[0,32],[12,0],[0,32],[25,0]],[[5812,8451],[0,32],[12,0],[0,-32],[-12,0]],[[7037,8451],[-13,0],[0,32],[13,0],[0,-32]],[[7087,8451],[-13,0]],[[8087,8483],[12,0],[0,-32],[-12,0],[0,32]],[[9324,8483],[13,0]],[[9337,8483],[0,-32]],[[9337,8451],[-13,0]],[[9324,8451],[0,32]],[[9549,8483],[0,-32],[-25,0]],[[9524,8451],[0,32],[25,0]],[[9562,8483],[12,0],[0,-32],[-12,0],[0,32]],[[9899,8483],[13,0]],[[9912,8483],[0,-32]],[[9912,8451],[-13,0]],[[9899,8451],[0,32]],[[9912,8483],[12,0]],[[9924,8483],[0,-32]],[[9924,8451],[-12,0]],[[9449,8515],[0,-96]],[[9449,8419],[-12,0]],[[9437,8419],[0,32]],[[9437,8451],[-13,0]],[[9424,8451],[0,64],[25,0]],[[837,8580],[25,0]],[[875,8580],[25,0]],[[900,8548],[50,0]],[[950,8548],[0,-33],[-50,0],[0,-64],[37,0],[0,-32]],[[937,8419],[-62,0]],[[875,8419],[0,32]],[[875,8451],[-25,0]],[[850,8451],[0,32]],[[850,8483],[12,0]],[[837,8515],[0,65]],[[6974,8451],[0,32],[38,0],[0,-64],[-25,0],[0,32],[-13,0]],[[9112,8483],[37,0]],[[9149,8483],[0,-64]],[[9149,8419],[-12,0]],[[9137,8419],[0,32],[-25,0],[0,32]],[[9449,8483],[13,0]],[[9462,8483],[0,-64]],[[9462,8419],[-13,0]],[[9449,8419],[0,64]],[[450,8451],[12,0]],[[462,8451],[0,-32]],[[462,8419],[-12,0],[0,32]],[[812,8451],[13,0],[0,-32],[-13,0],[0,32]],[[862,8451],[13,0]],[[875,8419],[-13,0]],[[862,8419],[0,32]],[[1000,8451],[0,-32]],[[1000,8419],[-13,0]],[[987,8419],[0,32]],[[1000,8451],[50,0]],[[1050,8451],[0,-32]],[[1050,8419],[-50,0]],[[1050,8451],[25,0],[0,-32]],[[1075,8419],[-25,0]],[[1300,8419],[-13,0],[0,32],[13,0],[0,-32]],[[5262,8451],[0,-32]],[[5262,8419],[-13,0]],[[5249,8419],[0,32],[13,0]],[[5387,8773],[0,-64]],[[5387,8709],[12,0]],[[5399,8709],[0,-32]],[[5349,8709],[0,-97]],[[5349,8612],[-12,0]],[[5337,8612],[0,-64]],[[5324,8483],[0,-32]],[[5324,8451],[-12,0],[0,-32]],[[5312,8419],[-38,0]],[[5274,8419],[0,32]],[[5274,8451],[13,0],[0,32],[-13,0],[0,32]],[[5299,8677],[25,0],[0,64],[13,0],[0,32],[50,0]],[[5324,8451],[0,-32],[-12,0]],[[5999,8419],[-37,0],[0,32],[37,0],[0,-32]],[[7037,8451],[25,0]],[[7062,8451],[0,-32],[-25,0],[0,32]],[[7087,8451],[0,-32]],[[7087,8419],[-13,0]],[[7074,8419],[0,32]],[[8899,8451],[13,0],[0,-32],[-13,0],[0,32]],[[8937,8451],[0,-32],[-13,0],[0,32],[13,0]],[[8962,8451],[12,0]],[[8974,8451],[0,-32],[-12,0],[0,32]],[[9274,8451],[13,0]],[[9287,8451],[0,-32]],[[9287,8419],[-13,0]],[[9274,8419],[0,32]],[[9337,8451],[0,-32],[-13,0]],[[9324,8419],[0,32]],[[9399,8483],[13,0]],[[9412,8483],[0,-64]],[[9412,8419],[-38,0]],[[9374,8419],[0,32],[25,0],[0,32]],[[9412,8451],[25,0]],[[9437,8419],[-25,0]],[[9412,8419],[0,32]],[[1537,8419],[-62,0],[0,-33],[-63,0],[0,33],[-12,0],[0,64],[-13,0],[0,32],[-12,0],[0,33],[-25,0],[0,32],[-38,0],[0,32],[-150,0],[0,32],[-12,0],[0,33],[25,0],[0,32],[12,0],[0,-32],[113,0],[0,32],[25,0],[0,-32],[125,0],[0,-33],[12,0],[0,-32],[13,0],[0,-64],[37,0],[0,-33],[13,0],[0,-32],[12,0],[0,-64]],[[6974,8451],[0,-65],[-75,0],[0,33],[-25,0],[0,32],[-12,0],[0,-32],[-13,0],[0,64],[-25,0],[0,32],[25,0],[0,33],[38,0],[0,-33],[37,0],[0,-32],[13,0],[0,-32],[37,0]],[[2762,8483],[38,0],[0,-64],[-13,0],[0,-33],[-12,0],[0,33],[-13,0],[0,64]],[[3162,8677],[25,0],[0,-33],[13,0]],[[3200,8644],[0,-32],[12,0],[0,-32],[13,0],[0,-65],[-13,0],[0,-129],[-25,0]],[[3187,8386],[0,33],[-12,0]],[[3175,8419],[0,64],[12,0],[0,32],[-12,0],[0,33],[-13,0],[0,32],[-12,0],[0,32],[12,0],[0,65]],[[4787,8483],[38,0],[0,-97],[-25,0],[0,33],[-13,0],[0,64]],[[387,8451],[0,-65]],[[387,8386],[-12,0],[0,65],[12,0]],[[437,8548],[0,-33]],[[437,8451],[13,0]],[[462,8419],[0,-33]],[[462,8386],[-75,0]],[[412,8451],[0,97],[25,0]],[[775,8451],[0,-65]],[[775,8386],[-13,0]],[[762,8386],[0,65],[13,0]],[[6574,8451],[0,-32],[-12,0],[0,-33],[-13,0],[0,65]],[[7899,8419],[0,32],[25,0],[0,-65],[-12,0],[0,33],[-13,0]],[[9724,8451],[13,0]],[[9737,8451],[0,-65]],[[9737,8386],[-13,0]],[[9724,8386],[0,65]],[[987,8419],[50,0]],[[1037,8419],[0,-33],[-50,0],[0,33]],[[1100,8419],[12,0]],[[1112,8419],[0,-33]],[[1112,8386],[-12,0]],[[1100,8386],[0,33]],[[1162,8386],[0,33],[13,0],[0,-33],[-13,0]],[[1300,8419],[12,0],[0,-33],[-12,0]],[[1300,8386],[0,33]],[[1537,8419],[13,0],[0,-33],[-13,0],[0,33]],[[3187,8386],[-12,0],[0,33]],[[5212,8483],[0,-32],[-13,0],[0,-32]],[[5199,8419],[-12,0],[0,-33]],[[5187,8386],[-38,0]],[[5149,8386],[0,33],[13,0],[0,32],[25,0],[0,32],[25,0]],[[5199,8419],[0,-33]],[[5199,8386],[-12,0]],[[5199,8419],[13,0],[0,-33],[-13,0]],[[5274,8451],[0,-65]],[[5274,8386],[-37,0]],[[5237,8386],[0,33]],[[5237,8419],[25,0]],[[5262,8419],[0,64]],[[5262,8483],[-13,0]],[[5274,8419],[13,0]],[[5287,8419],[0,-33]],[[5287,8386],[-13,0]],[[5274,8386],[0,33]],[[5287,8419],[25,0]],[[5312,8419],[0,-33]],[[5312,8386],[-25,0]],[[5812,8451],[0,-32],[-13,0],[0,-33],[-25,0],[0,33],[13,0],[0,64],[12,0],[0,-32],[13,0]],[[5999,8419],[13,0],[0,-33],[-13,0],[0,33]],[[6049,8419],[13,0],[0,-33],[-13,0],[0,33]],[[6124,8419],[25,0],[0,-33],[-25,0],[0,33]],[[6199,8419],[13,0],[0,-33],[-13,0],[0,33]],[[6362,8386],[0,33],[25,0],[0,-33],[-25,0]],[[7087,8419],[0,-33]],[[7087,8386],[-13,0]],[[7074,8386],[0,33]],[[7899,8419],[0,-33],[-12,0],[0,33],[12,0]],[[8837,8419],[25,0]],[[8862,8419],[0,-33]],[[8862,8386],[-25,0]],[[8837,8386],[0,33]],[[8987,8419],[12,0],[0,-33]],[[8999,8386],[-12,0]],[[8987,8386],[0,33]],[[9137,8419],[0,-33]],[[9137,8386],[-38,0]],[[9099,8386],[0,33],[38,0]],[[9249,8386],[-12,0],[0,33],[12,0],[0,-33]],[[9287,8419],[0,-33]],[[9287,8386],[-13,0]],[[9274,8386],[0,33]],[[9349,8419],[13,0]],[[9362,8419],[0,-33]],[[9362,8386],[-13,0],[0,33]],[[9362,8419],[12,0]],[[9374,8419],[0,-33],[-12,0]],[[9449,8419],[0,-33]],[[9449,8386],[-12,0]],[[9437,8386],[0,33]],[[9462,8419],[0,-33]],[[9462,8386],[-13,0]],[[9749,8419],[13,0],[0,-33],[-13,0],[0,33]],[[9174,8483],[0,-32],[-12,0],[0,-97]],[[9162,8354],[-13,0]],[[9149,8354],[0,129]],[[937,8419],[0,-33],[-12,0],[0,-32]],[[925,8354],[-13,0]],[[912,8354],[0,32],[-25,0],[0,-32]],[[887,8354],[-12,0]],[[875,8354],[0,65]],[[5874,8386],[-12,0],[0,-32]],[[5862,8354],[-13,0],[0,65],[25,0],[0,-33]],[[7774,8419],[13,0],[0,-65],[-13,0],[0,65]],[[8799,8419],[13,0],[0,-33],[12,0],[0,-32]],[[8824,8354],[-25,0]],[[8799,8354],[0,65]],[[487,8386],[13,0]],[[500,8386],[0,-32]],[[500,8354],[-13,0]],[[487,8354],[0,32]],[[500,8386],[12,0]],[[512,8386],[0,-32]],[[512,8354],[-12,0]],[[762,8386],[0,-32]],[[762,8354],[-25,0],[0,32],[25,0]],[[775,8386],[0,-32]],[[775,8354],[-13,0]],[[875,8354],[-25,0]],[[850,8354],[0,32]],[[850,8386],[12,0]],[[862,8386],[0,33]],[[912,8354],[-25,0]],[[1137,8386],[25,0]],[[1162,8386],[0,-32]],[[1162,8354],[-25,0],[0,32]],[[1300,8386],[0,-32],[-13,0],[0,32],[13,0]],[[1800,8386],[0,-32],[-13,0],[0,32],[13,0]],[[2825,8386],[0,-32]],[[2825,8354],[-13,0],[0,32],[13,0]],[[5162,8386],[12,0]],[[5174,8386],[0,-32],[-12,0],[0,32]],[[5199,8386],[0,-32],[-12,0]],[[5187,8354],[0,32]],[[5287,8386],[12,0]],[[5299,8386],[0,-32]],[[5299,8354],[-12,0],[0,32]],[[5899,8386],[0,-32],[-12,0],[0,32],[12,0]],[[6249,8386],[13,0],[0,-32],[-13,0],[0,32]],[[6362,8386],[0,-32],[-13,0],[0,32],[13,0]],[[6424,8354],[-12,0],[0,32],[12,0],[0,-32]],[[6824,8354],[0,32],[38,0],[0,-32],[-38,0]],[[7149,8354],[-25,0],[0,32],[25,0],[0,-32]],[[7612,8386],[25,0],[0,-32],[-25,0],[0,32]],[[7749,8419],[13,0],[0,-65],[-25,0],[0,32],[12,0],[0,33]],[[8799,8386],[0,-32]],[[8799,8354],[-12,0]],[[8787,8354],[0,32],[12,0]],[[8949,8386],[13,0]],[[8962,8386],[0,-32]],[[8962,8354],[-13,0]],[[8949,8354],[0,32]],[[8962,8386],[12,0]],[[8974,8386],[0,-32]],[[8974,8354],[-12,0]],[[8999,8386],[0,-32]],[[8999,8354],[-12,0]],[[8987,8354],[0,32]],[[9087,8386],[37,0]],[[9124,8386],[0,-32],[-37,0],[0,32]],[[9199,8386],[13,0],[0,-32],[-13,0],[0,32]],[[9249,8386],[13,0],[0,-32],[-13,0],[0,32]],[[9449,8386],[0,-32],[-12,0]],[[9437,8354],[0,32]],[[9562,8386],[12,0]],[[9574,8386],[0,-32]],[[9574,8354],[-12,0]],[[9562,8354],[0,32]],[[9637,8386],[12,0]],[[9649,8386],[0,-32]],[[9649,8354],[-12,0]],[[9637,8354],[0,32]],[[9737,8386],[0,-32]],[[9737,8354],[-13,0]],[[9724,8354],[0,32]],[[5749,9096],[25,0]],[[5774,9096],[0,-65]],[[5787,9064],[75,0]],[[5837,8999],[-13,0]],[[5849,8967],[0,-32],[13,0],[0,-33],[37,0],[0,-64],[-25,0],[0,32],[-12,0],[0,-32],[-13,0],[0,32],[-12,0],[0,-32],[-25,0],[0,-32],[-13,0],[0,-33],[-25,0],[0,-64],[-12,0],[0,32],[-25,0],[0,32],[-38,0],[0,-32]],[[5699,8741],[-12,0],[0,32],[-13,0],[0,33],[-12,0],[0,-65],[-13,0],[0,-32]],[[5649,8709],[13,0],[0,-32],[-25,0],[0,32],[-13,0],[0,32]],[[5462,8451],[-25,0]],[[5437,8451],[0,-65],[12,0],[0,-32],[-25,0],[0,32],[-12,0],[0,-64]],[[5412,8322],[-38,0]],[[5374,8322],[0,32],[-25,0]],[[5349,8354],[0,65]],[[5349,8419],[-12,0],[0,32],[-13,0]],[[5324,8483],[25,0]],[[5349,8612],[0,32]],[[5349,8644],[25,0]],[[5387,8644],[25,0]],[[5424,8677],[0,64]],[[5424,8741],[38,0]],[[5462,8773],[12,0]],[[5537,8935],[25,0]],[[5649,8967],[0,97]],[[8899,8451],[0,32],[38,0],[0,-32]],[[8937,8451],[25,0]],[[8974,8451],[50,0]],[[9024,8451],[0,-32],[13,0],[0,-33],[-38,0]],[[8987,8419],[0,-65]],[[8987,8354],[-13,0]],[[8974,8386],[-25,0]],[[8949,8386],[0,-64]],[[8949,8322],[-25,0]],[[8924,8322],[0,64],[-25,0],[0,-64]],[[8899,8322],[-12,0],[0,32],[-13,0]],[[8874,8354],[0,-32]],[[8874,8322],[-12,0]],[[8862,8322],[0,97]],[[8837,8419],[0,32]],[[8837,8451],[12,0],[0,32],[13,0],[0,-32],[37,0]],[[9187,8515],[12,0],[0,-64],[-12,0],[0,-129]],[[9187,8322],[-13,0]],[[9174,8322],[0,32]],[[9174,8354],[-12,0]],[[8212,8451],[50,0],[0,-65],[12,0],[0,-32],[-25,0],[0,32],[-12,0],[0,-32],[-25,0],[0,-32],[-25,0],[0,97],[25,0],[0,32]],[[937,8419],[50,0]],[[1037,8419],[13,0]],[[1050,8419],[0,-33],[12,0],[0,-32],[-75,0],[0,-32]],[[987,8322],[-12,0]],[[975,8322],[0,64],[-13,0],[0,-64]],[[962,8322],[-25,0],[0,32]],[[937,8354],[-12,0]],[[975,8322],[-13,0]],[[5224,8386],[63,0]],[[5299,8354],[0,-32]],[[5299,8322],[-37,0]],[[5262,8322],[0,32]],[[5262,8354],[-38,0]],[[5224,8354],[0,32]],[[6474,8386],[63,0],[0,-32],[-13,0],[0,-32],[-12,0],[0,32],[-25,0],[0,-32],[-13,0],[0,64]],[[7937,8386],[12,0],[0,-32],[13,0],[0,-32],[-25,0],[0,64]],[[8924,8322],[-25,0]],[[9562,8354],[-13,0]],[[9549,8354],[0,-32],[-12,0]],[[9537,8322],[0,64],[25,0]],[[187,8354],[25,0],[0,-32],[-25,0],[0,32]],[[850,8354],[12,0]],[[862,8354],[0,-32]],[[862,8322],[-12,0]],[[850,8322],[0,32]],[[1275,8322],[-38,0]],[[1237,8322],[0,32],[38,0],[0,-32]],[[5124,8354],[13,0]],[[5137,8354],[0,-32],[-13,0],[0,32]],[[5212,8354],[12,0]],[[5224,8354],[0,-32]],[[5224,8322],[-12,0]],[[5212,8322],[0,32]],[[5224,8354],[25,0]],[[5249,8354],[0,-32]],[[5249,8322],[-25,0]],[[5249,8354],[13,0]],[[5262,8322],[-13,0]],[[5562,8354],[12,0],[0,-32]],[[5574,8322],[-12,0],[0,32]],[[5687,8354],[12,0],[0,-32],[-12,0],[0,32]],[[5974,8354],[13,0],[0,-32],[-13,0],[0,32]],[[6424,8354],[13,0],[0,-32],[-13,0]],[[6424,8322],[0,32]],[[6449,8354],[13,0],[0,-32],[-13,0],[0,32]],[[6824,8354],[0,-32],[-50,0]],[[6774,8322],[0,32]],[[6774,8354],[13,0]],[[6787,8354],[0,32],[12,0],[0,-32],[25,0]],[[6887,8354],[50,0],[0,-32],[-50,0],[0,32]],[[6999,8322],[-12,0],[0,32],[12,0],[0,-32]],[[7149,8354],[25,0],[0,-32]],[[7174,8322],[-25,0],[0,32]],[[7662,8354],[12,0],[0,-32],[-12,0],[0,32]],[[8374,8322],[-37,0]],[[8337,8322],[0,32],[37,0],[0,-32]],[[8737,8386],[25,0],[0,-32],[12,0],[0,-32],[-50,0],[0,32],[13,0],[0,32]],[[8962,8354],[0,-32]],[[8962,8322],[-13,0]],[[8949,8322],[0,32]],[[9149,8354],[25,0]],[[9174,8322],[-25,0]],[[9149,8322],[0,32]],[[9287,8322],[-13,0]],[[9274,8322],[0,32],[13,0],[0,-32]],[[9312,8354],[25,0],[0,-32],[-25,0]],[[9312,8322],[0,32]],[[9499,8419],[0,-65],[-37,0],[0,-32],[-25,0],[0,32]],[[9462,8386],[0,97]],[[9449,8483],[0,32]],[[9424,8451],[-12,0]],[[9412,8451],[0,32]],[[9399,8580],[13,0],[0,32],[25,0],[0,-32],[-13,0],[0,-32],[38,0],[0,32],[12,0],[0,-129],[38,0],[0,-32],[-13,0]],[[9612,8354],[0,-32]],[[9612,8322],[-13,0]],[[9599,8322],[0,32],[13,0]],[[9687,8322],[-13,0]],[[9674,8322],[0,32],[13,0],[0,-32]],[[9699,8354],[13,0]],[[9712,8354],[0,-32]],[[9712,8322],[-13,0]],[[9699,8322],[0,32]],[[9712,8354],[12,0]],[[9724,8354],[0,-32],[-12,0]],[[3525,8935],[-25,0],[0,32],[-13,0],[0,129],[-25,0],[0,64],[-25,0],[0,194],[-50,0],[0,64],[-87,0],[0,33],[-100,0],[0,-33],[-25,0],[0,33],[-13,0],[0,-33],[-50,0],[0,33],[-50,0],[0,32],[-37,0],[0,32],[-38,0],[0,65],[-12,0],[0,64],[62,0],[0,32],[138,0],[0,33],[-50,0],[0,64],[-38,0],[0,-32],[-37,0],[0,-32],[-75,0],[0,-33],[-38,0],[0,-64],[-25,0],[0,-32],[-62,0],[0,-33],[-13,0],[0,-32],[13,0],[0,-32],[-38,0],[0,-65],[-12,0],[0,-64],[-13,0]],[[2775,9386],[0,-64],[-63,0]],[[2675,9322],[-25,0],[0,-65]],[[2650,9257],[-38,0]],[[2612,9257],[0,32],[-25,0],[0,33]],[[2587,9322],[-25,0]],[[2600,9418],[25,0],[0,33],[-38,0]],[[2575,9451],[-25,0],[0,-33],[-13,0]],[[2487,9322],[13,0],[0,-65],[-25,0],[0,-32],[-38,0]],[[2437,9225],[0,32],[-37,0],[0,32],[-25,0]],[[2375,9322],[-38,0],[0,32],[-12,0]],[[2325,9386],[-25,0],[0,65]],[[2300,9451],[25,0],[0,32],[-25,0],[0,32],[12,0],[0,32],[-12,0],[0,33]],[[2300,9580],[-25,0],[0,32],[-13,0],[0,64],[50,0],[0,-32],[63,0],[0,-32]],[[2375,9515],[162,0]],[[2537,9547],[13,0],[0,-32]],[[2575,9580],[-50,0]],[[2512,9580],[-62,0]],[[2437,9580],[-12,0],[0,32],[-38,0],[0,64],[-37,0],[0,33],[-13,0],[0,32],[-12,0],[0,64],[25,0],[0,33],[87,0],[0,32],[38,0],[0,32],[137,0],[0,32],[50,0],[0,-32],[38,0],[0,32],[25,0],[0,33],[525,0],[0,-33],[62,0],[0,-32],[263,0],[0,32],[87,0],[0,33],[113,0],[0,32],[450,0],[0,-32],[137,0],[0,-65],[38,0],[0,-64],[37,0],[0,32],[13,0],[0,32],[37,0],[0,-32],[13,0],[0,32],[12,0],[0,-32],[138,0],[0,-65],[-113,0],[0,-64],[-12,0],[0,-32],[-50,0],[0,-65],[-50,0],[0,-32],[25,0],[0,-161],[12,0],[0,-33],[13,0],[0,-32],[-25,0],[0,-97],[-25,0],[0,-32],[-13,0],[0,-32],[-12,0],[0,-65],[-13,0],[0,-32],[13,0],[0,-97],[-13,0],[0,-32],[-50,0],[0,-32],[-12,0],[0,-32],[-100,0],[0,-33],[-13,0],[0,-32],[-125,0],[0,-32],[-12,0],[0,-32],[-13,0],[0,-65],[-50,0],[0,-32],[-112,0],[0,-65],[-38,0],[0,-129],[-25,0],[0,-96],[-12,0],[0,-65],[-13,0],[0,-65],[-75,0],[0,33],[-25,0],[0,32],[-62,0],[0,32],[-13,0],[0,33],[-25,0],[0,32],[-12,0],[0,64],[-25,0],[0,65],[-25,0],[0,64],[-13,0],[0,33],[-12,0],[0,32],[-25,0],[0,161],[12,0],[0,32],[13,0],[0,33]],[[3250,9870],[0,-32],[37,0],[0,32],[-37,0]],[[2512,9805],[-37,0],[0,33],[-25,0]],[[2725,9483],[0,-32],[12,0],[0,32],[-12,0]],[[2437,9451],[-50,0],[0,-33],[25,0],[0,-96],[38,0],[0,32],[-13,0],[0,32],[-12,0],[0,32]],[[3500,9160],[0,-64],[25,0],[0,64],[-25,0]],[[4312,9064],[0,32],[-12,0],[0,-32],[12,0]],[[4312,9064],[0,-33],[13,0],[0,33],[-13,0]],[[3525,8935],[50,0],[0,64],[-13,0],[0,-32],[-37,0],[0,-32]],[[762,8515],[13,0]],[[775,8515],[0,-64]],[[762,8354],[0,-32]],[[762,8322],[-25,0]],[[737,8322],[0,-33]],[[737,8289],[-12,0]],[[725,8289],[0,97],[-13,0],[0,65],[13,0],[0,32],[37,0],[0,32]],[[9037,8773],[37,0],[0,-32],[38,0],[0,-32]],[[9112,8709],[50,0]],[[9162,8677],[12,0]],[[9162,8612],[25,0]],[[9187,8580],[25,0]],[[9212,8580],[0,-32],[12,0],[0,-33],[25,0],[0,33],[50,0],[0,64],[13,0],[0,32],[25,0],[0,-64]],[[9337,8580],[25,0]],[[9362,8580],[0,-32]],[[9362,8548],[-13,0]],[[9337,8515],[0,-32]],[[9324,8483],[0,-64]],[[9374,8419],[-25,0]],[[9362,8386],[0,-32],[-50,0]],[[9312,8322],[-25,0]],[[9274,8322],[-62,0]],[[9212,8322],[0,-33]],[[9212,8289],[-13,0],[0,33]],[[9199,8322],[-12,0]],[[9174,8515],[-62,0]],[[9112,8548],[-25,0]],[[9087,8548],[0,64],[-25,0]],[[9062,8612],[0,65]],[[9062,8709],[0,32]],[[9062,8741],[-25,0],[0,32]],[[9274,8451],[0,-65]],[[9287,8386],[0,65]],[[5349,8419],[0,-130]],[[5349,8289],[-25,0]],[[5324,8289],[0,33],[-12,0],[0,32],[-13,0]],[[5299,8386],[13,0]],[[8487,8386],[0,-64],[25,0],[0,-33],[-38,0]],[[8474,8289],[0,65],[-12,0],[0,32],[25,0]],[[9587,8386],[50,0]],[[9637,8354],[25,0]],[[9662,8354],[0,-32]],[[9662,8322],[-25,0]],[[9637,8322],[0,-33]],[[9637,8289],[-25,0]],[[9612,8289],[0,65]],[[9599,8322],[-12,0],[0,64]],[[412,8354],[13,0]],[[425,8354],[0,-65],[-13,0]],[[412,8289],[0,65]],[[462,8354],[25,0]],[[487,8354],[0,-32],[-12,0],[0,-33]],[[475,8289],[-13,0]],[[462,8289],[0,65]],[[862,8354],[13,0]],[[875,8354],[0,-65]],[[875,8289],[-13,0]],[[862,8289],[0,65]],[[887,8354],[0,-65],[-12,0]],[[3087,8354],[38,0],[0,-32],[-13,0],[0,-33],[-25,0],[0,65]],[[4975,8289],[-25,0]],[[4950,8289],[0,65],[12,0],[0,32],[25,0],[0,-64],[-12,0],[0,-33]],[[5324,8289],[-25,0]],[[5299,8289],[0,65]],[[5574,8322],[0,-33],[-37,0],[0,65],[25,0]],[[6974,8289],[-25,0],[0,65],[25,0],[0,-65]],[[8562,8354],[0,-32],[-25,0],[0,-33],[-13,0],[0,65],[38,0]],[[8899,8322],[0,-33],[-25,0]],[[8874,8289],[0,65]],[[350,8322],[12,0],[0,-33],[-12,0],[0,33]],[[437,8322],[13,0],[0,-33],[-13,0],[0,33]],[[550,8289],[0,33],[12,0],[0,32],[38,0],[0,-32],[-25,0],[0,-33],[-25,0]],[[737,8322],[13,0]],[[750,8322],[0,-33]],[[750,8289],[-13,0]],[[812,8483],[0,-32]],[[812,8451],[-12,0],[0,-32],[-13,0],[0,-33],[13,0],[0,-32],[-13,0],[0,-32],[-12,0]],[[775,8322],[0,-33],[-25,0]],[[750,8322],[12,0]],[[775,8354],[0,129]],[[862,8322],[0,-33]],[[862,8289],[-12,0]],[[850,8289],[0,33]],[[975,8322],[37,0]],[[1012,8322],[0,-33]],[[1012,8289],[-37,0],[0,33]],[[1025,8322],[12,0]],[[1037,8322],[0,-33]],[[1037,8289],[-12,0]],[[1025,8289],[0,33]],[[1037,8322],[13,0]],[[1050,8322],[0,-33]],[[1050,8289],[-13,0]],[[3200,8322],[0,-33],[-25,0]],[[3175,8289],[0,33],[25,0]],[[5212,8322],[25,0]],[[5237,8322],[0,-33],[-25,0]],[[5212,8289],[0,33]],[[5587,8322],[12,0],[0,-33]],[[5599,8289],[-12,0],[0,33]],[[5799,8322],[0,-33]],[[5799,8289],[-12,0],[0,33],[12,0]],[[6762,8354],[12,0]],[[6774,8354],[0,-65]],[[6774,8289],[-62,0],[0,33],[12,0],[0,32],[13,0],[0,-32],[25,0],[0,32]],[[6837,8322],[12,0],[0,-33],[-12,0],[0,33]],[[7324,8322],[13,0],[0,-33],[-13,0],[0,33]],[[7424,8322],[0,-33],[-12,0],[0,33],[12,0]],[[8074,8322],[0,-33],[-12,0],[0,33],[12,0]],[[8374,8322],[13,0],[0,-33],[-13,0],[0,33]],[[8699,8289],[0,33],[13,0],[0,-33],[-13,0]],[[8999,8322],[13,0],[0,-33],[-13,0],[0,33]],[[9312,8322],[0,-33]],[[9312,8289],[-25,0],[0,33]],[[9612,8322],[0,-33]],[[9612,8289],[-13,0],[0,33]],[[9637,8322],[12,0],[0,-33],[-12,0]],[[9849,8451],[25,0],[0,-32],[-37,0],[0,-33],[-25,0],[0,-32],[-38,0],[0,-32],[-25,0],[0,-33],[-37,0],[0,33]],[[9724,8354],[-25,0]],[[9699,8354],[0,65]],[[9699,8419],[-12,0],[0,-33],[-13,0],[0,65],[13,0],[0,32],[75,0],[0,-32],[75,0],[0,32],[12,0],[0,-32]],[[9724,8451],[0,-97]],[[9737,8354],[0,97]],[[387,8386],[100,0]],[[462,8354],[0,-97]],[[462,8257],[-37,0],[0,97]],[[425,8354],[-38,0],[0,32]],[[412,8289],[-25,0]],[[387,8289],[0,-32]],[[387,8257],[-25,0],[0,97],[50,0]],[[887,8354],[50,0]],[[937,8354],[0,-65],[-25,0],[0,-32],[-25,0],[0,97]],[[1050,8419],[50,0]],[[1100,8386],[37,0]],[[1162,8354],[0,-97]],[[1162,8257],[-25,0],[0,32],[-25,0],[0,-32]],[[1112,8257],[-25,0]],[[1087,8257],[0,32]],[[1087,8289],[-37,0]],[[1050,8322],[-25,0]],[[1025,8289],[-13,0]],[[1012,8322],[-25,0]],[[6424,8322],[0,-33],[-25,0],[0,-32],[-12,0],[0,65],[37,0]],[[6687,8322],[12,0],[0,-65],[-12,0],[0,65]],[[7262,8257],[0,65],[37,0],[0,-33],[-12,0],[0,-32],[-25,0]],[[8337,8322],[0,-33],[-13,0],[0,-32],[-12,0],[0,32],[-13,0],[0,33],[38,0]],[[8812,8322],[12,0],[0,-65],[-12,0],[0,65]],[[8862,8322],[0,-65],[-13,0]],[[8849,8257],[0,65],[13,0]],[[9099,8322],[13,0],[0,-65],[-13,0],[0,65]],[[387,8289],[13,0],[0,-32],[-13,0]],[[475,8289],[0,-32],[-13,0]],[[462,8257],[0,32]],[[500,8289],[0,-32],[-13,0]],[[487,8257],[0,32],[13,0]],[[825,8322],[25,0]],[[850,8289],[-13,0]],[[837,8289],[0,-32]],[[837,8257],[-25,0]],[[812,8257],[0,32],[13,0]],[[825,8289],[0,33]],[[837,8289],[25,0]],[[862,8289],[0,-32],[-25,0]],[[1087,8257],[-25,0],[0,32],[25,0]],[[2775,8322],[12,0],[0,-65],[-25,0],[0,32],[13,0],[0,33]],[[4912,8257],[0,32],[13,0],[0,-32],[-13,0]],[[4975,8289],[0,-32],[-25,0],[0,32]],[[5199,8289],[13,0]],[[5212,8289],[0,-32],[-13,0]],[[5199,8257],[0,32]],[[5662,8289],[12,0]],[[5674,8289],[0,-32],[-12,0]],[[5662,8257],[0,32]],[[5824,8289],[13,0],[0,-32],[-13,0],[0,32]],[[6187,8289],[12,0],[0,-32],[-12,0],[0,32]],[[6287,8289],[25,0],[0,-32],[-25,0],[0,32]],[[6774,8289],[13,0],[0,-32],[-13,0],[0,32]],[[6999,8289],[25,0],[0,-32],[-25,0],[0,32]],[[8699,8289],[0,-32],[-25,0],[0,32],[25,0]],[[9174,8322],[25,0]],[[9212,8289],[0,-32]],[[9212,8257],[-88,0]],[[9124,8257],[0,32],[50,0],[0,33]],[[9462,8289],[0,-32]],[[9462,8257],[-13,0]],[[9449,8257],[0,32],[13,0]],[[9462,8289],[12,0],[0,-32]],[[9474,8257],[-12,0]],[[9537,8289],[12,0],[0,-32],[-12,0]],[[9537,8257],[0,32]],[[9587,8289],[0,-32]],[[9587,8257],[-13,0],[0,32],[13,0]],[[9612,8289],[12,0],[0,-32],[-12,0],[0,32]],[[5199,8548],[25,0]],[[5149,8386],[13,0]],[[5174,8386],[13,0]],[[5187,8386],[0,-64]],[[5187,8322],[-13,0],[0,-33],[13,0],[0,-64]],[[5187,8225],[-25,0]],[[5162,8225],[0,32],[-25,0]],[[5137,8257],[0,97]],[[5124,8354],[0,97],[13,0],[0,32],[37,0]],[[5174,8515],[25,0]],[[825,8515],[12,0]],[[837,8483],[13,0]],[[850,8451],[12,0]],[[862,8451],[0,-65]],[[850,8386],[0,-64]],[[825,8322],[0,32]],[[825,8354],[12,0],[0,32],[-25,0],[0,-64],[-12,0],[0,-65],[-13,0],[0,-32]],[[787,8225],[-12,0]],[[775,8225],[0,97]],[[5212,8483],[50,0]],[[5262,8483],[0,-32]],[[5249,8419],[-12,0]],[[5237,8386],[-13,0]],[[5212,8354],[0,-65]],[[5199,8289],[0,-64]],[[5199,8225],[-12,0]],[[5187,8322],[0,32]],[[1162,8257],[0,-32]],[[1162,8225],[-37,0],[0,32],[-13,0]],[[1900,8289],[12,0],[0,-64],[-12,0],[0,64]],[[1750,9354],[0,-32],[37,0],[0,-65]],[[1787,9257],[38,0]],[[1825,9225],[87,0],[0,-32]],[[2050,9289],[12,0],[0,-64]],[[2062,9225],[25,0],[0,-32],[13,0],[0,-97],[37,0]],[[2137,9064],[50,0]],[[2187,9031],[13,0],[0,-64]],[[2200,8967],[50,0],[0,32],[12,0],[0,32],[38,0],[0,-32],[12,0],[0,129],[-100,0],[0,32],[-25,0]],[[2250,9322],[62,0],[0,-33]],[[2300,9257],[25,0],[0,-97],[25,0],[0,33],[-13,0],[0,32]],[[2437,9225],[13,0],[0,-32],[-38,0],[0,-65],[13,0],[0,-32],[12,0],[0,-32],[13,0]],[[2450,8999],[50,0],[0,-32]],[[2500,8967],[62,0],[0,-97],[25,0],[0,32],[25,0],[0,97],[-37,0],[0,32],[-38,0],[0,33],[-25,0],[0,32],[-25,0],[0,97],[13,0],[0,32],[12,0],[0,32],[13,0],[0,32],[50,0],[0,33],[12,0]],[[2650,9257],[0,32],[25,0]],[[2712,9289],[38,0]],[[3200,8709],[0,-32],[-25,0],[0,32],[-13,0],[0,32],[-25,0],[0,-32],[13,0],[0,-32],[12,0]],[[3175,8419],[-50,0],[0,32],[-63,0],[0,32],[-12,0],[0,-32],[-13,0],[0,32],[-12,0],[0,32],[-25,0],[0,33],[-25,0],[0,32],[-38,0],[0,32],[-37,0],[0,-32],[-25,0],[0,-65],[-13,0],[0,-32],[63,0],[0,32],[25,0],[0,-32],[37,0],[0,-32],[25,0],[0,-32],[13,0],[0,-33],[50,0],[0,-97]],[[3075,8289],[-25,0],[0,-32],[-38,0],[0,-32],[-25,0],[0,64],[-12,0],[0,-32],[-38,0],[0,-32],[-75,0],[0,32],[-37,0]],[[2825,8257],[0,32],[12,0],[0,65],[-12,0]],[[2825,8386],[12,0],[0,33],[-12,0],[0,64],[12,0],[0,32],[-25,0],[0,65],[13,0],[0,97],[12,0],[0,32],[100,0]],[[2937,8773],[25,0]],[[2962,8806],[25,0]],[[2987,8838],[-75,0],[0,-32],[-62,0],[0,96],[12,0],[0,33],[-12,0],[0,64],[-13,0],[0,-32],[-12,0],[0,-65],[-13,0],[0,-32],[-12,0],[0,32],[-13,0],[0,65],[-37,0]],[[2750,8967],[0,-65],[-25,0],[0,-32],[25,0],[0,-64],[-13,0],[0,-33],[-25,0],[0,-32],[-25,0],[0,-64],[-12,0]],[[2675,8644],[62,0],[0,-32],[38,0],[0,-64],[-13,0],[0,-33],[-25,0],[0,-32],[-12,0],[0,-32],[-63,0],[0,64]],[[2662,8515],[-50,0],[0,33],[-37,0],[0,64]],[[2575,8612],[-13,0],[0,-32],[-62,0],[0,-32],[-13,0],[0,-65],[-37,0],[0,-32],[-25,0],[0,-32],[-25,0],[0,-65],[-13,0],[0,65]],[[2387,8419],[-12,0],[0,64],[-13,0],[0,97],[-75,0],[0,32],[-62,0],[0,-32],[12,0],[0,-32],[13,0],[0,-33],[-100,0],[0,-32],[12,0],[0,-32],[25,0],[0,-32],[38,0],[0,-33],[25,0],[0,-32],[12,0],[0,-65],[-12,0],[0,33],[-13,0],[0,-33],[-25,0],[0,33],[-50,0],[0,32],[-12,0],[0,32],[-38,0],[0,33],[-50,0],[0,32],[-25,0],[0,32],[-25,0],[0,65],[13,0],[0,32],[-25,0],[0,64],[12,0],[0,33],[-25,0],[0,-33],[-12,0],[0,33],[-25,0],[0,-33],[-25,0],[0,65],[-63,0],[0,32],[-25,0],[0,32],[-37,0],[0,33],[-63,0],[0,-33],[-12,0]],[[1725,8773],[0,-32],[-25,0],[0,-32],[-13,0],[0,32]],[[1687,8741],[-37,0],[0,32],[-63,0]],[[1587,8773],[0,65],[-12,0],[0,-32],[-13,0],[0,64],[-37,0],[0,-32],[-25,0]],[[1487,8870],[0,32],[-25,0],[0,-32],[-12,0],[0,65],[37,0],[0,32],[-12,0],[0,64]],[[1475,9031],[12,0],[0,-32],[25,0],[0,32],[50,0],[0,-32],[13,0],[0,32],[62,0],[0,-32],[63,0],[0,-32],[37,0],[0,64],[-12,0],[0,33],[-25,0],[0,32],[12,0],[0,32],[-25,0],[0,32],[-25,0],[0,-64],[-62,0],[0,-32],[-25,0],[0,32],[-25,0],[0,32],[-25,0],[0,32],[-13,0],[0,65],[25,0],[0,129],[213,0]],[[2750,8967],[0,32],[-25,0],[0,-32],[25,0]],[[2200,8967],[-13,0],[0,-65],[-50,0],[0,-32],[100,0],[0,65],[-12,0],[0,-33],[-25,0],[0,65]],[[1837,8902],[0,-32],[88,0],[0,32],[-88,0]],[[1950,8902],[0,-32],[12,0],[0,32],[-12,0]],[[2587,8644],[13,0],[0,33],[-13,0],[0,-33]],[[2575,8612],[12,0],[0,32]],[[2587,8644],[-12,0],[0,-32]],[[2662,8515],[50,0],[0,33],[-12,0],[0,32],[-13,0],[0,-32],[-25,0],[0,-33]],[[5662,8257],[-13,0],[0,-32],[-12,0],[0,32]],[[5637,8257],[-13,0],[0,32],[38,0]],[[6662,9031],[25,0],[0,-32],[37,0]],[[6737,8999],[62,0],[0,-32],[38,0],[0,-32],[50,0]],[[6887,8935],[0,-65]],[[6849,8838],[0,64]],[[6824,8902],[0,-32]],[[6737,8709],[-38,0]],[[6699,8677],[13,0]],[[6712,8677],[0,-33],[-25,0]],[[6687,8644],[0,-32],[-13,0],[0,-32],[-12,0],[0,-32],[25,0],[0,32],[12,0],[0,-32],[63,0],[0,32],[37,0],[0,-32],[-12,0],[0,-65],[25,0],[0,-32],[-113,0],[0,-32],[25,0],[0,-33],[-50,0],[0,33],[-12,0],[0,-97],[-13,0],[0,-97],[-12,0],[0,32],[-13,0],[0,32],[13,0],[0,33],[-13,0],[0,32],[-12,0],[0,65],[-25,0],[0,32],[-13,0]],[[6549,8451],[-25,0],[0,32],[-37,0],[0,-32],[-75,0],[0,32],[-25,0],[0,65],[-13,0],[0,32],[-50,0],[0,-65],[50,0],[0,-64],[-12,0],[0,32],[-13,0],[0,-32],[-12,0],[0,-32],[-38,0],[0,129],[-37,0]],[[6262,8548],[0,32],[-13,0],[0,64],[-12,0],[0,129],[100,0],[0,65],[12,0],[0,32]],[[6349,8870],[13,0]],[[6387,8902],[37,0],[0,33],[13,0],[0,-33],[12,0],[0,33],[50,0],[0,-33],[38,0]],[[6537,8935],[112,0],[0,-33],[13,0],[0,33],[12,0],[0,32],[-25,0],[0,32],[13,0]],[[6912,8225],[-25,0],[0,64],[25,0],[0,-64]],[[7437,8289],[50,0],[0,-32],[-13,0],[0,-32],[-12,0],[0,32],[-25,0],[0,32]],[[8974,8257],[13,0]],[[8987,8257],[0,-32]],[[8987,8225],[-25,0]],[[8962,8225],[0,64],[12,0],[0,-32]],[[587,8257],[13,0],[0,-32],[-13,0],[0,32]],[[825,8354],[0,-65]],[[812,8257],[13,0],[0,-32],[-38,0]],[[1162,8257],[38,0]],[[1200,8257],[0,-32]],[[1200,8225],[-38,0]],[[1275,8257],[12,0]],[[1287,8257],[0,-32]],[[1287,8225],[-12,0],[0,32]],[[2825,8257],[0,-32],[-13,0]],[[2812,8225],[0,32],[13,0]],[[3075,8225],[0,32],[12,0],[0,-32],[-12,0]],[[5162,8225],[-25,0],[0,32]],[[5299,8257],[0,-32],[-12,0]],[[5287,8225],[0,32],[12,0]],[[5674,8289],[38,0]],[[5712,8289],[0,-64],[-50,0],[0,32]],[[5999,8257],[38,0],[0,-32],[-38,0],[0,32]],[[6237,8257],[12,0],[0,-32],[-12,0],[0,32]],[[7099,8257],[13,0],[0,-32],[-13,0],[0,32]],[[7624,8257],[13,0],[0,-32],[-13,0],[0,32]],[[8849,8257],[0,-32]],[[8849,8225],[-12,0],[0,32],[12,0]],[[8987,8257],[12,0]],[[8999,8257],[0,-32]],[[8999,8225],[-12,0]],[[8999,8257],[38,0]],[[9037,8257],[0,-32]],[[9037,8225],[-38,0]],[[9437,8257],[0,-32]],[[9437,8225],[-13,0],[0,32],[13,0]],[[9437,8257],[12,0]],[[9449,8257],[0,-32]],[[9449,8225],[-12,0]],[[9474,8257],[0,-32],[-12,0]],[[9462,8225],[0,32]],[[9537,8257],[0,-32]],[[9537,8225],[-13,0]],[[9524,8225],[0,32],[13,0]],[[1162,8354],[25,0],[0,-65],[13,0],[0,33]],[[1200,8322],[50,0]],[[1250,8322],[0,-33],[12,0],[0,-32]],[[1262,8257],[-12,0]],[[1250,8257],[0,-32],[12,0],[0,-32]],[[1262,8193],[-25,0]],[[1237,8193],[0,64]],[[1237,8257],[-75,0]],[[5399,8322],[25,0]],[[5424,8322],[0,-33],[13,0],[0,-64],[-25,0],[0,-32],[-13,0],[0,129]],[[8637,8193],[-13,0]],[[8624,8193],[0,64],[-25,0],[0,65],[13,0],[0,64],[-25,0],[0,-32],[-25,0]],[[8562,8354],[0,32],[-75,0]],[[8487,8386],[0,33],[12,0],[0,64],[25,0],[0,32]],[[8524,8515],[13,0],[0,-32],[25,0],[0,65]],[[8562,8548],[37,0],[0,32],[138,0],[0,-32],[25,0],[0,-65],[-38,0],[0,-64],[-25,0],[0,-33],[-12,0],[0,33],[-25,0],[0,-65],[-13,0],[0,32],[-25,0],[0,-32],[13,0],[0,-32],[12,0],[0,-65],[13,0],[0,-32],[-25,0],[0,-32]],[[5749,8289],[25,0]],[[5774,8289],[0,-64]],[[5774,8225],[-12,0],[0,-32]],[[5762,8193],[-13,0]],[[5749,8193],[0,96]],[[1250,8257],[25,0]],[[1287,8225],[0,-32]],[[1287,8193],[-25,0]],[[1687,8257],[13,0],[0,-64],[-13,0],[0,64]],[[4912,8257],[0,-64]],[[4912,8193],[-12,0]],[[4900,8193],[0,64],[12,0]],[[5237,8322],[12,0]],[[5249,8322],[0,-33],[13,0],[0,-64],[-25,0],[0,-32],[-25,0],[0,32],[-13,0]],[[5199,8225],[0,32]],[[6562,8257],[12,0],[0,-64],[-12,0],[0,64]],[[7187,8257],[12,0],[0,-64],[-12,0],[0,64]],[[9212,8322],[75,0]],[[9312,8289],[0,-64],[-75,0]],[[9237,8225],[0,-32]],[[9237,8193],[-38,0],[0,32],[-12,0],[0,32],[25,0]],[[9212,8257],[0,65]],[[9537,8257],[50,0]],[[9587,8257],[0,-64],[-50,0]],[[9537,8193],[0,64]],[[550,8289],[0,-32],[-13,0],[0,-32],[-12,0],[0,-32]],[[525,8193],[-25,0],[0,32],[12,0]],[[512,8225],[0,64],[38,0]],[[612,8193],[0,32],[13,0],[0,-32],[-13,0]],[[1162,8225],[13,0]],[[1175,8225],[0,-32]],[[1175,8193],[-13,0],[0,32]],[[1925,8193],[0,32],[12,0],[0,-32],[-12,0]],[[2412,8225],[13,0],[0,-32]],[[2425,8193],[-13,0],[0,32]],[[3100,8225],[12,0]],[[3112,8225],[0,-32],[-12,0],[0,32]],[[4862,8225],[0,-32],[-12,0]],[[4850,8193],[0,32],[12,0]],[[4887,8225],[13,0],[0,-32]],[[4900,8193],[-13,0]],[[4887,8193],[0,32]],[[5162,8225],[0,-32]],[[5162,8193],[-13,0]],[[5149,8193],[0,32],[13,0]],[[5199,8225],[0,-32]],[[5199,8193],[-12,0],[0,32]],[[5287,8225],[0,-32],[-13,0]],[[5274,8193],[0,32],[13,0]],[[5349,8225],[13,0],[0,-32],[-13,0],[0,32]],[[5774,8225],[0,-32]],[[5774,8193],[-12,0]],[[6062,8193],[-13,0],[0,32],[13,0],[0,-32]],[[7162,8225],[12,0],[0,-32],[-12,0],[0,32]],[[8099,8225],[13,0],[0,-32],[-13,0],[0,32]],[[8937,8225],[12,0],[0,-32],[-12,0]],[[8937,8193],[0,32]],[[9237,8225],[12,0],[0,-32],[-12,0]],[[9462,8257],[0,-64]],[[9462,8193],[-50,0],[0,32],[37,0]],[[9537,8225],[0,-32]],[[9537,8193],[-13,0]],[[9524,8193],[0,32]],[[1200,8257],[37,0]],[[1237,8193],[-25,0],[0,-33]],[[1212,8160],[-25,0]],[[1187,8160],[0,33],[-12,0]],[[1175,8225],[25,0]],[[5199,8193],[0,-33]],[[5199,8160],[-37,0]],[[5162,8160],[0,65]],[[6749,8225],[38,0],[0,-65],[-13,0],[0,33],[-25,0],[0,32]],[[8474,8289],[0,-32],[-12,0],[0,-32],[-13,0],[0,-32],[-25,0],[0,-33],[-12,0]],[[8412,8160],[0,65],[12,0],[0,32],[13,0],[0,32],[37,0]],[[8849,8225],[13,0]],[[8862,8225],[0,-65]],[[8862,8160],[-13,0]],[[8849,8160],[0,65]],[[687,8193],[25,0],[0,-33],[-25,0],[0,33]],[[775,8193],[12,0],[0,-33],[-12,0],[0,33]],[[1187,8160],[-12,0],[0,33]],[[1237,8193],[0,-33],[-25,0]],[[1250,8193],[12,0]],[[1262,8193],[0,-33]],[[1262,8160],[-12,0]],[[1250,8160],[0,33]],[[1262,8193],[13,0]],[[1275,8193],[0,-33]],[[1275,8160],[-13,0]],[[1762,8193],[25,0],[0,-33],[-25,0],[0,33]],[[5162,8193],[0,-33]],[[5162,8160],[-13,0],[0,33]],[[5299,8193],[13,0]],[[5312,8193],[0,-33],[-13,0]],[[5299,8160],[0,33]],[[5749,8193],[0,-33],[-25,0],[0,33],[25,0]],[[6062,8193],[12,0]],[[6074,8193],[0,-33]],[[6074,8160],[-12,0]],[[6062,8160],[0,33]],[[6074,8193],[13,0]],[[6087,8193],[0,-33]],[[6087,8160],[-13,0]],[[6837,8193],[12,0],[0,-33],[-12,0],[0,33]],[[8237,8193],[12,0],[0,-33],[-12,0],[0,33]],[[8299,8193],[13,0]],[[8312,8193],[0,-33]],[[8312,8160],[-13,0],[0,33]],[[8362,8160],[-13,0]],[[8349,8160],[0,33],[13,0],[0,-33]],[[8474,8193],[13,0],[0,-33],[-13,0]],[[8474,8160],[0,33]],[[8587,8193],[12,0]],[[8599,8193],[0,-33]],[[8599,8160],[-12,0]],[[8587,8160],[0,33]],[[8599,8193],[25,0]],[[8624,8193],[0,-33]],[[8624,8160],[-25,0]],[[8912,8193],[12,0],[0,-33],[-12,0],[0,33]],[[3250,8193],[0,-65],[-38,0],[0,32],[-12,0],[0,33],[-13,0],[0,64]],[[3187,8257],[-12,0],[0,32]],[[3200,8322],[-13,0],[0,32],[25,0],[0,-32],[13,0],[0,-33],[12,0],[0,-32],[13,0],[0,-32],[12,0],[0,-32],[-12,0]],[[1512,8225],[13,0],[0,-32],[12,0],[0,-33],[13,0],[0,-32],[-25,0],[0,32],[-13,0],[0,65]],[[9499,8225],[25,0]],[[9524,8193],[-12,0],[0,-65]],[[9512,8128],[-13,0]],[[9499,8128],[0,97]],[[1287,8225],[13,0],[0,-32],[25,0],[0,-33]],[[1325,8160],[-25,0],[0,-32]],[[1300,8128],[-13,0],[0,32]],[[1287,8160],[-12,0]],[[1275,8193],[12,0]],[[4825,8193],[25,0]],[[4850,8193],[0,-33],[-13,0],[0,-32],[-12,0],[0,65]],[[8549,8193],[25,0],[0,-33],[-12,0],[0,-32]],[[8562,8128],[-13,0]],[[8549,8128],[0,65]],[[8662,8193],[12,0],[0,-33],[13,0],[0,-32]],[[8687,8128],[-25,0]],[[8662,8128],[0,65]],[[1212,8160],[0,-32]],[[1212,8128],[-12,0],[0,32],[12,0]],[[1325,8160],[0,-32]],[[1325,8128],[-25,0]],[[1462,8160],[13,0],[0,-32],[-13,0],[0,32]],[[2912,8160],[13,0],[0,-32],[-13,0],[0,32]],[[3262,8160],[25,0],[0,-32]],[[3287,8128],[-25,0],[0,32]],[[5199,8160],[0,-32]],[[5199,8128],[-25,0],[0,32],[25,0]],[[5212,8160],[12,0],[0,-32]],[[5224,8128],[-12,0]],[[5212,8128],[0,32]],[[5299,8160],[0,-32]],[[5299,8128],[-25,0],[0,32],[25,0]],[[6074,8160],[0,-32],[-12,0]],[[6062,8128],[0,32]],[[6087,8160],[37,0],[0,-32],[-37,0],[0,32]],[[7624,8160],[13,0],[0,-32],[-13,0],[0,32]],[[8187,8160],[12,0],[0,-32],[-12,0],[0,32]],[[8224,8160],[0,-32]],[[8224,8128],[-12,0]],[[8212,8128],[0,32],[12,0]],[[8312,8160],[25,0]],[[8337,8160],[0,-32]],[[8337,8128],[-25,0]],[[8312,8128],[0,32]],[[8337,8160],[12,0]],[[8349,8160],[0,-32],[-12,0]],[[8362,8160],[12,0],[0,-32]],[[8374,8128],[-12,0],[0,32]],[[8474,8160],[0,-32]],[[8474,8128],[-25,0]],[[8449,8128],[0,32],[25,0]],[[8474,8225],[38,0],[0,-32],[12,0],[0,-33]],[[8524,8160],[-12,0],[0,-32]],[[8512,8128],[-38,0]],[[8474,8193],[0,32]],[[8524,8160],[0,-32]],[[8524,8128],[-12,0]],[[8537,8160],[12,0]],[[8549,8160],[0,-32]],[[8549,8128],[-12,0]],[[8537,8128],[0,32]],[[9437,8160],[12,0]],[[9449,8160],[0,-32]],[[9449,8128],[-12,0]],[[9437,8128],[0,32]],[[775,8193],[0,-97],[-13,0]],[[762,8096],[0,64]],[[762,8160],[-25,0],[0,33],[38,0]],[[7649,8193],[13,0],[0,-33],[12,0],[0,-64],[-12,0],[0,32],[-13,0],[0,65]],[[5699,8096],[0,64],[13,0],[0,-64],[-13,0]],[[8412,8160],[0,-64],[-13,0]],[[8399,8096],[0,32]],[[8399,8128],[-12,0]],[[8387,8128],[0,32],[25,0]],[[8624,8193],[25,0]],[[8649,8193],[0,-33],[13,0]],[[8662,8160],[0,-32]],[[8662,8128],[-13,0]],[[8649,8128],[0,-32]],[[8649,8096],[-12,0],[0,32]],[[8637,8128],[-25,0]],[[8612,8128],[0,32]],[[8612,8160],[12,0]],[[1300,8128],[12,0]],[[1312,8128],[0,-32]],[[1312,8096],[-12,0]],[[1300,8096],[0,32]],[[3287,8128],[13,0],[0,-32]],[[3300,8096],[-13,0],[0,32]],[[4850,8128],[12,0],[0,-32],[-12,0],[0,32]],[[4950,8128],[12,0],[0,-32],[-12,0],[0,32]],[[5224,8128],[13,0]],[[5237,8128],[0,-32]],[[5237,8096],[-13,0]],[[5224,8096],[0,32]],[[5299,8128],[13,0]],[[5312,8128],[0,-32],[-13,0]],[[5299,8096],[0,32]],[[5474,8128],[13,0],[0,-32],[-13,0],[0,32]],[[5537,8128],[0,-32],[-13,0]],[[5524,8096],[0,32],[13,0]],[[5674,8096],[-12,0],[0,32],[12,0],[0,-32]],[[5849,8128],[13,0],[0,-32],[-13,0],[0,32]],[[6187,8096],[-38,0],[0,32],[38,0],[0,-32]],[[7212,8128],[12,0],[0,-32],[-12,0],[0,32]],[[7349,8128],[25,0],[0,-32],[-25,0],[0,32]],[[7724,8128],[13,0],[0,-32],[-13,0],[0,32]],[[7762,8096],[0,32],[12,0],[0,-32],[-12,0]],[[8337,8128],[0,-32]],[[8337,8096],[-25,0]],[[8312,8096],[0,32]],[[8374,8128],[13,0]],[[8387,8128],[0,-32],[-13,0],[0,32]],[[8562,8128],[25,0]],[[8587,8128],[0,-32]],[[8587,8096],[-25,0]],[[8562,8096],[0,32]],[[8587,8128],[12,0]],[[8599,8128],[0,-32]],[[8599,8096],[-12,0]],[[8687,8128],[12,0]],[[8699,8128],[0,-32]],[[8699,8096],[-12,0],[0,32]],[[9399,8193],[50,0]],[[9449,8193],[0,-33]],[[9437,8160],[0,-96]],[[9437,8064],[-38,0]],[[9399,8064],[0,129]],[[5524,8096],[-12,0],[0,-32]],[[5512,8064],[-13,0],[0,96],[38,0],[0,-32]],[[1312,8128],[13,0]],[[1325,8128],[0,-64]],[[1325,8064],[-13,0]],[[1312,8064],[0,64]],[[4875,8128],[50,0]],[[4925,8128],[0,-64]],[[4925,8064],[-13,0]],[[4912,8064],[0,32],[-37,0],[0,32]],[[5237,8128],[12,0]],[[5249,8128],[0,-64],[-12,0]],[[5237,8064],[0,64]],[[6574,8128],[13,0],[0,-64],[-13,0],[0,64]],[[8149,8128],[0,-64]],[[8149,8064],[-25,0]],[[8124,8064],[0,32],[-12,0],[0,32],[37,0]],[[8699,8128],[25,0]],[[8724,8128],[0,-64],[-25,0]],[[8699,8064],[0,64]],[[9537,8322],[0,-65]],[[9499,8225],[0,-32]],[[9499,8193],[-12,0],[0,-33],[-13,0],[0,-32],[-12,0],[0,-32]],[[9462,8096],[-13,0],[0,-32]],[[9449,8064],[-12,0]],[[9437,8064],[0,64]],[[9449,8128],[0,65]],[[9449,8193],[13,0]],[[9462,8193],[0,32]],[[9474,8257],[13,0],[0,32],[37,0],[0,33],[13,0]],[[1250,8096],[12,0]],[[1262,8096],[0,-32]],[[1262,8064],[-12,0],[0,32]],[[1312,8096],[0,-32]],[[1312,8064],[-12,0]],[[1300,8064],[0,32]],[[1325,8096],[12,0]],[[1337,8096],[0,-32]],[[1337,8064],[-12,0]],[[1325,8064],[0,32]],[[1350,8096],[12,0],[0,-32],[-12,0],[0,32]],[[1450,8096],[12,0],[0,-32],[-12,0],[0,32]],[[1725,8096],[12,0],[0,-32],[-12,0],[0,32]],[[2800,8064],[-25,0]],[[2775,8064],[0,32],[25,0],[0,-32]],[[5299,8096],[0,-32]],[[5299,8064],[-12,0],[0,32],[12,0]],[[5524,8096],[0,-32],[-12,0]],[[6187,8096],[12,0],[0,-32]],[[6199,8064],[-12,0],[0,32]],[[7162,8096],[25,0]],[[7187,8096],[0,-32]],[[7187,8064],[-25,0]],[[7162,8064],[0,32]],[[7762,8096],[0,-32],[-13,0],[0,32],[13,0]],[[8062,8096],[25,0],[0,-32]],[[8087,8064],[-25,0]],[[8062,8064],[0,32]],[[8149,8096],[13,0]],[[8162,8096],[0,-32]],[[8162,8064],[-13,0]],[[8149,8064],[0,32]],[[8199,8096],[13,0]],[[8212,8096],[0,-32]],[[8212,8064],[-13,0]],[[8199,8064],[0,32]],[[8212,8096],[50,0]],[[8262,8096],[0,-32]],[[8262,8064],[-50,0]],[[8274,8193],[25,0]],[[8312,8160],[0,-96]],[[8312,8064],[-38,0],[0,32],[25,0],[0,32],[-37,0],[0,32],[12,0],[0,33]],[[9462,8096],[0,-32],[-13,0]],[[9499,8096],[13,0]],[[9512,8096],[0,-32],[-13,0]],[[9499,8064],[0,32]],[[9399,8193],[0,-162]],[[9399,8031],[-12,0]],[[9387,8031],[0,97]],[[9387,8128],[-13,0],[0,32]],[[9374,8160],[13,0],[0,33],[12,0]],[[1212,8128],[25,0],[0,-32]],[[1237,8096],[13,0]],[[1262,8064],[0,-33]],[[1262,8031],[-25,0],[0,33],[-12,0],[0,32],[-13,0],[0,32]],[[4825,8096],[0,-65],[-13,0]],[[4812,8031],[0,65],[13,0]],[[5637,8096],[62,0]],[[5699,8096],[0,-32],[-12,0],[0,-33],[-25,0],[0,33],[-13,0],[0,-33],[-12,0],[0,65]],[[7499,8128],[0,-64]],[[7499,8064],[-25,0]],[[7474,8064],[0,-33]],[[7474,8031],[-12,0]],[[7462,8031],[0,33],[-13,0],[0,-33]],[[7449,8031],[-12,0]],[[7437,8031],[0,33]],[[7437,8064],[-13,0]],[[7424,8064],[0,32],[13,0],[0,32],[-25,0],[0,32],[-25,0],[0,33],[37,0],[0,32],[13,0],[0,-32],[75,0],[0,32],[12,0],[0,-32],[13,0],[0,-65],[-38,0]],[[7599,8096],[13,0],[0,-32],[12,0],[0,-33],[-25,0],[0,65]],[[8524,8160],[13,0]],[[8537,8128],[25,0]],[[8562,8096],[-25,0],[0,-32],[12,0],[0,-33],[-25,0],[0,33],[-50,0]],[[8474,8064],[0,32],[25,0],[0,32]],[[8499,8128],[25,0]],[[8912,8225],[0,-97],[-25,0],[0,-32],[-25,0],[0,-32],[-13,0],[0,-33],[-12,0],[0,33]],[[8837,8064],[-13,0],[0,-33],[-25,0]],[[8799,8031],[0,65],[25,0],[0,32],[25,0]],[[8849,8128],[0,32]],[[8862,8160],[0,33]],[[8862,8193],[25,0],[0,32],[25,0]],[[9337,8096],[0,-65],[-13,0]],[[9324,8031],[0,65],[13,0]],[[1337,8064],[0,-33]],[[1337,8031],[-12,0]],[[1325,8031],[0,33]],[[5299,8064],[13,0],[0,-33]],[[5312,8031],[-13,0]],[[5299,8031],[0,33]],[[5337,8064],[12,0]],[[5349,8064],[0,-33]],[[5349,8031],[-12,0],[0,33]],[[5712,8064],[12,0],[0,-33],[-12,0],[0,33]],[[5749,8064],[13,0],[0,-33],[-13,0],[0,33]],[[7212,8031],[0,33],[12,0],[0,-33],[-12,0]],[[7262,8064],[12,0]],[[7274,8064],[0,-33]],[[7274,8031],[-12,0]],[[7262,8031],[0,33]],[[7412,8064],[25,0]],[[7437,8031],[-25,0],[0,33]],[[7462,8031],[-13,0]],[[7474,8064],[13,0]],[[7487,8064],[0,-33]],[[7487,8031],[-13,0]],[[7549,8096],[25,0],[0,-32],[-12,0],[0,-33],[-25,0],[0,33],[12,0],[0,32]],[[8074,8064],[25,0]],[[8099,8064],[0,-33],[-25,0]],[[8074,8031],[0,33]],[[8137,8064],[25,0]],[[8162,8064],[0,-33]],[[8162,8031],[-25,0]],[[8137,8031],[0,33]],[[8474,8064],[0,-33],[-12,0],[0,33],[12,0]],[[9449,8064],[0,-33]],[[9449,8031],[-12,0]],[[9437,8031],[0,33]],[[8062,8096],[-13,0],[0,-97]],[[8049,7999],[-12,0]],[[8037,7999],[0,32],[-13,0]],[[8024,8031],[0,65]],[[8024,8096],[13,0],[0,32],[25,0],[0,-32]],[[8062,8064],[12,0]],[[8074,8031],[-12,0]],[[8062,8031],[0,-32]],[[8062,7999],[-13,0]],[[8599,8128],[38,0]],[[8649,8096],[0,-32]],[[8649,8064],[-50,0],[0,-65],[-12,0],[0,32],[-13,0],[0,33],[-12,0],[0,32]],[[8562,8096],[37,0]],[[2800,8064],[0,-65]],[[2800,7999],[-25,0],[0,65]],[[2800,8064],[12,0]],[[2812,8064],[0,-65]],[[2812,7999],[-12,0]],[[2812,8064],[13,0],[0,-65],[-13,0]],[[4912,8257],[25,0],[0,-32],[-12,0],[0,-65],[25,0],[0,-96],[-13,0],[0,-33],[-12,0]],[[4925,8031],[0,-32],[-25,0],[0,65]],[[4900,8064],[25,0]],[[4925,8128],[-38,0]],[[4887,8128],[0,32],[25,0]],[[4912,8160],[0,97]],[[5462,8064],[0,-65],[-13,0]],[[5449,7999],[0,65],[13,0]],[[7137,8064],[50,0]],[[7187,8064],[0,-33]],[[7187,8031],[-25,0]],[[7162,8031],[0,-32],[-13,0],[0,32],[-12,0],[0,33]],[[7274,7999],[0,65]],[[7274,8064],[13,0]],[[7287,8064],[0,64],[25,0],[0,-97],[-25,0],[0,-32],[-13,0]],[[9462,8096],[25,0],[0,-65],[-13,0]],[[9474,8031],[0,-32]],[[9474,7999],[-12,0],[0,32],[-13,0]],[[9512,8096],[12,0]],[[9524,8096],[0,-97]],[[9524,7999],[-25,0],[0,65]],[[1237,8193],[13,0]],[[1250,8160],[37,0]],[[1300,8128],[0,-64]],[[1300,8064],[25,0]],[[1325,8031],[-38,0],[0,-32]],[[1287,7999],[-37,0],[0,32],[12,0]],[[1262,8031],[0,65]],[[1262,8096],[-25,0]],[[1400,8031],[0,-32]],[[1400,7999],[-13,0],[0,32],[13,0]],[[1900,8031],[0,-32],[-13,0],[0,32],[13,0]],[[5299,8031],[0,-32]],[[5299,7999],[-12,0]],[[5287,7999],[0,32],[12,0]],[[5312,8031],[0,-32]],[[5312,7999],[-13,0]],[[5312,8031],[12,0]],[[5324,8031],[0,-32]],[[5324,7999],[-12,0]],[[6199,8064],[25,0],[0,-33]],[[6224,8031],[-12,0],[0,-32],[-38,0]],[[6174,7999],[0,32],[25,0],[0,33]],[[6649,8031],[13,0],[0,-32],[-13,0],[0,32]],[[6724,7999],[-37,0]],[[6687,7999],[0,32],[37,0],[0,-32]],[[7199,8031],[13,0]],[[7212,8031],[0,-32]],[[7212,7999],[-13,0]],[[7199,7999],[0,32]],[[7262,8096],[0,-65]],[[7262,8031],[-13,0],[0,-32]],[[7249,7999],[-37,0]],[[7212,8031],[-25,0]],[[7187,8031],[0,65]],[[7187,8096],[12,0]],[[7199,8096],[0,32],[-12,0],[0,32],[25,0],[0,33],[12,0],[0,32],[13,0],[0,-97],[25,0],[0,32],[12,0],[0,-64],[-12,0]],[[7274,8031],[0,-32]],[[7274,7999],[-12,0],[0,32]],[[8137,8031],[0,-32]],[[8137,7999],[-13,0]],[[8124,7999],[0,32],[13,0]],[[8799,8031],[0,-32],[-25,0]],[[8774,7999],[0,32],[25,0]],[[9524,8031],[13,0],[0,-32]],[[9537,7999],[-13,0]],[[9524,7999],[0,32]],[[1325,8160],[12,0],[0,-32],[38,0],[0,-64],[12,0],[0,64],[38,0],[0,-32],[-13,0],[0,-32],[-12,0]],[[1400,8064],[0,-33]],[[1400,7999],[0,-32]],[[1400,7967],[-25,0],[0,32],[-25,0]],[[1350,7999],[0,32]],[[1350,8031],[-13,0]],[[1337,8031],[0,65]],[[1325,8096],[0,64]],[[1925,8193],[0,-33],[12,0],[0,-64],[-12,0],[0,32],[-13,0],[0,-64],[13,0],[0,-97],[-13,0],[0,64],[-12,0]],[[1900,8031],[0,33],[-13,0],[0,32],[13,0],[0,64],[12,0],[0,33],[13,0]],[[2925,8064],[62,0],[0,-33],[13,0],[0,-32],[-13,0],[0,-32],[-12,0],[0,32],[-13,0],[0,-32],[-12,0],[0,32],[-25,0],[0,65]],[[5224,7967],[-12,0],[0,97],[12,0],[0,-97]],[[1325,8031],[25,0]],[[1350,7999],[-13,0],[0,-32],[-12,0],[0,64]],[[5324,8031],[25,0]],[[5349,8031],[0,-64]],[[5349,7967],[-12,0],[0,32]],[[5337,7999],[-13,0]],[[5587,8031],[12,0]],[[5599,8031],[0,-64]],[[5599,7967],[-12,0]],[[5587,7967],[0,64]],[[9324,8031],[0,-64],[-12,0]],[[9312,7967],[0,64],[12,0]],[[9424,8031],[25,0]],[[9449,8031],[0,-64]],[[9449,7967],[-25,0]],[[9424,7967],[0,64]],[[1287,7999],[13,0],[0,-32],[-13,0]],[[1287,7967],[0,32]],[[1712,7999],[13,0],[0,-32]],[[1725,7967],[-13,0]],[[1712,7967],[0,32]],[[4800,7999],[12,0],[0,-32]],[[4812,7967],[-12,0]],[[4800,7967],[0,32]],[[5399,7999],[13,0],[0,-32],[-13,0]],[[5399,7967],[0,32]],[[5649,7967],[-12,0],[0,32],[12,0],[0,-32]],[[6174,7999],[0,-32],[-12,0],[0,32],[12,0]],[[6437,7967],[-25,0]],[[6412,7967],[0,32],[25,0],[0,-32]],[[6674,7999],[13,0]],[[6687,7999],[0,-32],[-13,0]],[[6674,7967],[0,32]],[[8024,7999],[25,0]],[[8049,7999],[0,-32],[-25,0]],[[8024,7967],[0,32]],[[8137,7999],[0,-32],[-13,0],[0,32]],[[8612,7999],[50,0],[0,-32],[-50,0],[0,32]],[[8774,7999],[0,-32],[-12,0],[0,32],[12,0]],[[9437,8031],[-13,0]],[[9424,8031],[0,-32]],[[9424,7999],[-12,0]],[[9412,7999],[0,-32]],[[9412,7967],[-38,0]],[[9374,7967],[0,32],[13,0]],[[9387,7999],[0,32]],[[9399,8031],[0,33]],[[9612,7999],[0,-32],[-13,0]],[[9599,7967],[0,32],[13,0]],[[5249,8128],[50,0]],[[5287,7999],[-13,0]],[[5274,7999],[0,-32]],[[5274,7967],[-12,0],[0,-32]],[[5262,7935],[-25,0]],[[5237,7935],[0,32]],[[5237,7967],[-13,0]],[[5224,7967],[0,129]],[[5237,8096],[0,-32]],[[8024,8064],[0,-33]],[[8037,7999],[-13,0]],[[8024,7999],[0,-64]],[[8024,7935],[-12,0]],[[8012,7935],[0,129],[12,0]],[[1737,7967],[-12,0]],[[1712,7999],[0,-64]],[[1712,7935],[-37,0],[0,32],[-25,0],[0,32],[-13,0],[0,32],[113,0],[0,-32],[25,0],[0,-32],[-25,0],[0,-32],[-13,0],[0,32]],[[4862,8225],[25,0]],[[4887,8193],[25,0]],[[4912,8193],[0,-33]],[[4887,8128],[-12,0]],[[4912,8064],[-25,0]],[[4887,8064],[0,-33],[-12,0],[0,-32],[-13,0],[0,-32]],[[4862,7967],[-12,0]],[[4850,7967],[0,-32]],[[4850,7935],[-13,0],[0,32]],[[4837,7967],[-25,0]],[[4812,7967],[0,64]],[[4825,8096],[-25,0],[0,-32],[-13,0],[0,96],[13,0],[0,33],[12,0],[0,32],[25,0],[0,-32],[-12,0]],[[5574,8031],[13,0]],[[5587,8031],[0,-96]],[[5587,7935],[-13,0]],[[5574,7935],[0,96]],[[6612,8031],[12,0],[0,-32],[13,0],[0,-64],[-25,0],[0,96]],[[9474,7999],[0,-32]],[[9474,7967],[13,0],[0,-32]],[[9487,7935],[-38,0]],[[9449,7935],[0,96]],[[500,7999],[0,-64]],[[500,7935],[-25,0],[0,64],[25,0]],[[500,7967],[12,0]],[[512,7967],[0,-32]],[[512,7935],[-12,0]],[[500,7935],[0,32]],[[512,7967],[13,0]],[[525,7967],[0,-32]],[[525,7935],[-13,0]],[[1350,7999],[0,-64],[-63,0],[0,32]],[[3262,7967],[13,0],[0,-32],[-13,0],[0,32]],[[4862,7967],[38,0]],[[4900,7967],[0,-32]],[[4900,7935],[-38,0],[0,32]],[[4900,7967],[12,0]],[[4912,7967],[0,-32],[-12,0]],[[5274,7967],[0,-32]],[[5274,7935],[-12,0]],[[5349,7967],[13,0],[0,-32],[-13,0],[0,32]],[[5374,7967],[13,0]],[[5387,7967],[0,-32]],[[5387,7935],[-13,0],[0,32]],[[5387,7967],[12,0]],[[5399,7967],[0,-32]],[[5399,7935],[-12,0]],[[5399,7967],[25,0],[0,-32],[-25,0]],[[5599,7967],[13,0],[0,-32],[-13,0],[0,32]],[[6212,7967],[12,0],[0,-32],[-12,0],[0,32]],[[6274,7967],[0,-32]],[[6274,7935],[-12,0]],[[6262,7935],[0,32],[12,0]],[[6399,7967],[13,0]],[[6412,7967],[0,-32],[-13,0]],[[6399,7935],[0,32]],[[6474,7967],[13,0]],[[6487,7967],[0,-32]],[[6487,7935],[-13,0],[0,32]],[[7499,7967],[13,0],[0,-32],[-13,0],[0,32]],[[7774,8064],[50,0],[0,-33],[-12,0],[0,-32],[-13,0],[0,-32],[-12,0],[0,-32],[-25,0],[0,32],[12,0],[0,32],[13,0],[0,32],[-13,0],[0,33]],[[7812,7967],[12,0],[0,-32],[-12,0],[0,32]],[[8487,7967],[0,-32]],[[8487,7935],[-13,0]],[[8474,7935],[0,32],[13,0]],[[8487,7967],[37,0],[0,-32],[-37,0]],[[9349,8128],[13,0],[0,-64],[-13,0],[0,-65],[13,0],[0,-64]],[[9362,7935],[-50,0]],[[9312,7935],[0,32]],[[9337,8096],[12,0],[0,32]],[[9612,7999],[12,0],[0,-64]],[[9624,7935],[-25,0],[0,32]],[[6224,8031],[100,0],[0,-32],[-37,0],[0,-32],[12,0],[0,-65]],[[6299,7902],[-12,0]],[[6287,7902],[0,33]],[[6287,7935],[-13,0]],[[6274,7935],[0,64]],[[6274,7999],[-50,0],[0,32]],[[9499,8193],[0,-65]],[[9512,8128],[0,32],[25,0],[0,-96],[12,0],[0,-65],[-12,0]],[[9524,8031],[0,65]],[[9524,8096],[-25,0]],[[9499,8096],[0,-129],[13,0],[0,-65],[-13,0]],[[9499,7902],[0,33],[-12,0]],[[9474,7967],[0,64]],[[437,7967],[38,0],[0,-65],[-13,0]],[[462,7902],[0,33]],[[462,7935],[-25,0]],[[437,7935],[0,32]],[[4900,7935],[0,-33]],[[4900,7902],[-50,0]],[[4850,7902],[0,65]],[[5237,7967],[0,-65],[-13,0],[0,65]],[[6362,7967],[37,0]],[[6399,7935],[-12,0],[0,-33]],[[6387,7902],[-13,0]],[[6374,7902],[0,33],[-12,0]],[[6362,7935],[0,32]],[[8087,7967],[12,0],[0,-65]],[[8099,7902],[-12,0]],[[8087,7902],[0,65]],[[8537,7967],[12,0],[0,-65],[-12,0],[0,65]],[[437,7935],[13,0]],[[450,7935],[0,-33]],[[450,7902],[-13,0],[0,33]],[[450,7935],[12,0]],[[462,7902],[-12,0]],[[1400,7935],[12,0],[0,-33]],[[1412,7902],[-12,0]],[[1400,7902],[0,33]],[[5462,7935],[0,-33]],[[5462,7902],[-13,0],[0,33],[13,0]],[[5549,7902],[-12,0],[0,33],[12,0],[0,-33]],[[6249,7902],[-12,0],[0,33],[12,0],[0,-33]],[[6374,7902],[-12,0]],[[6362,7902],[0,33]],[[6399,7935],[0,-33]],[[6399,7902],[-12,0]],[[6412,7967],[12,0]],[[6424,7967],[0,-65]],[[6424,7902],[-25,0]],[[6712,7935],[12,0],[0,-33],[-12,0],[0,33]],[[6999,7935],[13,0],[0,-33],[-13,0],[0,33]],[[8074,8031],[0,-32],[50,0]],[[8137,7999],[75,0],[0,-32]],[[8212,7967],[-25,0]],[[8187,7967],[0,-32],[-38,0],[0,-33],[-50,0]],[[8087,7967],[0,-32]],[[8087,7935],[-13,0],[0,-33]],[[8074,7902],[-25,0]],[[8049,7902],[0,33],[13,0]],[[8062,7935],[0,96]],[[8087,7935],[0,-33]],[[8087,7902],[-13,0]],[[8474,7935],[0,-33]],[[8474,7902],[-12,0],[0,33],[12,0]],[[8487,7935],[0,-33],[-13,0]],[[8612,7902],[-25,0]],[[8587,7902],[0,33],[25,0],[0,-33]],[[9312,7935],[25,0]],[[9337,7935],[0,-33]],[[9337,7902],[-25,0]],[[9312,7902],[0,33]],[[9474,7935],[13,0]],[[9487,7935],[0,-33]],[[9487,7902],[-13,0],[0,33]],[[9499,7902],[-12,0]],[[9624,7935],[0,32],[13,0],[0,-65],[-25,0],[0,33],[12,0]],[[6487,7967],[12,0],[0,-65],[13,0],[0,-32],[-25,0]],[[6487,7870],[0,97]],[[7574,7870],[0,32]],[[7574,7902],[-12,0]],[[7562,7902],[0,33],[-13,0],[0,32],[13,0],[0,32],[25,0],[0,-129],[-13,0]],[[437,7967],[0,-97],[-25,0],[0,65],[13,0],[0,32],[12,0]],[[5237,7935],[12,0]],[[5249,7935],[0,-65]],[[5249,7870],[-12,0]],[[5237,7870],[0,65]],[[5249,7935],[13,0]],[[5262,7935],[0,-65]],[[5262,7870],[-13,0]],[[5274,7999],[25,0]],[[5299,7999],[0,-32],[-12,0],[0,-65],[25,0],[0,-32],[-38,0],[0,32],[-12,0]],[[5262,7902],[0,33]],[[5274,7935],[0,64]],[[6949,7935],[25,0],[0,-65]],[[6974,7870],[-25,0]],[[6949,7870],[0,65]],[[7449,7967],[25,0]],[[7474,7967],[0,-65],[-12,0],[0,-32],[-38,0]],[[7424,7870],[0,65],[25,0]],[[7449,7935],[0,32]],[[9399,7967],[13,0]],[[9412,7967],[0,-65]],[[9412,7902],[-13,0],[0,-32],[-12,0],[0,65],[12,0],[0,32]],[[9449,7935],[25,0]],[[9474,7935],[0,-65],[-25,0]],[[9449,7870],[0,65]],[[1412,7902],[0,-32],[-12,0]],[[1400,7870],[0,32]],[[4837,7902],[13,0]],[[4850,7902],[0,-32],[-13,0],[0,32]],[[4887,7902],[0,-32]],[[4887,7870],[-25,0],[0,32],[25,0]],[[4887,7902],[13,0]],[[4900,7902],[0,-32]],[[4900,7870],[-13,0]],[[5799,7870],[0,32],[13,0],[0,-32],[-13,0]],[[6262,7902],[25,0]],[[6287,7902],[0,-32]],[[6287,7870],[-25,0]],[[6262,7870],[0,32]],[[6362,7902],[25,0]],[[6387,7902],[0,-32],[-25,0],[0,32]],[[6924,7967],[0,-65],[-12,0],[0,-32],[-38,0]],[[6874,7870],[0,32],[25,0],[0,65],[25,0]],[[6949,7902],[0,-32]],[[6949,7870],[-12,0]],[[6937,7870],[0,32],[12,0]],[[7262,7902],[12,0],[0,-32],[-12,0],[0,32]],[[7837,7902],[0,-32]],[[7837,7870],[-13,0],[0,32],[13,0]],[[7837,7902],[37,0],[0,-32]],[[7874,7870],[-37,0]],[[8062,7902],[12,0]],[[8074,7902],[0,-32],[-12,0]],[[8062,7870],[0,32]],[[8587,7902],[0,-32],[-13,0],[0,32],[13,0]],[[8612,7902],[12,0],[0,-32],[-12,0],[0,32]],[[8974,7870],[-25,0]],[[8949,7870],[0,32],[25,0],[0,-32]],[[9312,7902],[12,0]],[[9324,7902],[0,-32],[-12,0],[0,32]],[[6099,7838],[-12,0]],[[6087,7838],[0,32],[-25,0]],[[6062,7870],[0,32]],[[6062,7902],[-38,0],[0,65],[-50,0],[0,64],[38,0],[0,33],[50,0],[0,-33],[12,0],[0,-32],[38,0],[0,-97],[-13,0],[0,-64]],[[7424,7870],[0,-32],[-25,0],[0,32],[-12,0],[0,32],[-25,0],[0,33],[-38,0],[0,64],[50,0],[0,-32],[25,0],[0,-65],[13,0],[0,-32],[12,0]],[[1400,7967],[25,0],[0,-32],[12,0],[0,32],[25,0],[0,-32],[25,0],[0,-33],[25,0],[0,-64],[-12,0],[0,32],[-25,0],[0,32],[-63,0]],[[1400,7935],[0,32]],[[1837,7935],[63,0],[0,-33],[100,0],[0,-32],[-25,0],[0,-32]],[[1975,7838],[-25,0]],[[1950,7838],[0,32],[-38,0],[0,-32],[-12,0],[0,32],[-63,0]],[[1837,7870],[0,65]],[[1562,7838],[-12,0],[0,32],[-13,0],[0,32],[25,0],[0,-64]],[[5837,7902],[12,0],[0,-64],[-12,0],[0,64]],[[7999,7902],[25,0],[0,-32],[-12,0],[0,-32],[-13,0],[0,64]],[[8262,7870],[-13,0],[0,-32],[-12,0],[0,64],[25,0],[0,-32]],[[3237,7902],[25,0],[0,-64],[-37,0],[0,32],[12,0],[0,32]],[[4900,7870],[12,0],[0,-32]],[[4912,7838],[-12,0],[0,32]],[[5212,7870],[25,0]],[[5237,7870],[0,-32]],[[5237,7838],[-25,0]],[[5212,7838],[0,32]],[[6087,7838],[-25,0]],[[6062,7838],[0,32]],[[6212,7838],[-13,0],[0,32],[13,0],[0,-32]],[[6874,7870],[0,-32],[-12,0]],[[6862,7838],[0,32],[12,0]],[[7474,7870],[13,0],[0,-32],[-13,0],[0,32]],[[7924,7870],[13,0]],[[7937,7870],[0,-32]],[[7937,7838],[-13,0]],[[7924,7838],[0,32]],[[8062,7870],[0,-32]],[[8062,7838],[-13,0]],[[8049,7838],[0,32],[13,0]],[[8187,7870],[12,0]],[[8199,7870],[0,-32]],[[8199,7838],[-12,0]],[[8187,7838],[0,32]],[[8199,7870],[13,0]],[[8212,7870],[0,-32]],[[8212,7838],[-13,0]],[[8262,7870],[12,0],[0,-32],[-12,0],[0,32]],[[8312,7870],[25,0],[0,-32],[-25,0],[0,32]],[[8462,7838],[-13,0],[0,32],[13,0],[0,-32]],[[8912,7870],[12,0],[0,-32]],[[8924,7838],[-12,0],[0,32]],[[9374,7838],[-12,0],[0,32],[12,0],[0,-32]],[[9449,7870],[0,-32]],[[9449,7838],[-12,0]],[[9437,7838],[0,32],[12,0]],[[1387,7902],[0,-32],[-12,0],[0,-32],[12,0]],[[1387,7838],[0,-32],[-25,0],[0,96],[25,0]],[[8212,7902],[12,0],[0,-96],[-12,0]],[[8212,7806],[0,96]],[[9324,7902],[25,0]],[[9349,7902],[0,-64],[-12,0],[0,-32]],[[9337,7806],[-13,0]],[[9324,7806],[0,96]],[[6762,7806],[0,64],[12,0],[0,-64],[-12,0]],[[8074,7902],[25,0]],[[8099,7902],[0,-32],[-12,0],[0,-32],[-13,0]],[[8074,7838],[0,-32]],[[8074,7806],[-12,0]],[[8062,7806],[0,64]],[[1850,7838],[12,0],[0,-32],[-12,0],[0,32]],[[2775,7838],[12,0],[0,-32],[-12,0],[0,32]],[[4837,7838],[0,-32]],[[4837,7806],[-12,0],[0,32],[12,0]],[[5149,7838],[0,-32]],[[5149,7806],[-25,0]],[[5124,7806],[0,32],[25,0]],[[5149,7838],[25,0]],[[5174,7838],[0,-32]],[[5174,7806],[-25,0]],[[5224,7838],[13,0]],[[5237,7838],[0,-32]],[[5237,7806],[-13,0],[0,32]],[[5537,7838],[12,0],[0,-32],[-12,0],[0,32]],[[6087,7838],[0,-32],[-25,0],[0,32]],[[6374,7838],[13,0],[0,-32],[-13,0],[0,32]],[[7112,7806],[-25,0],[0,32],[25,0],[0,-32]],[[7437,7838],[12,0],[0,-32],[-12,0],[0,32]],[[7487,8064],[12,0]],[[7499,8064],[0,-33]],[[7499,8031],[25,0],[0,-64],[13,0],[0,-32],[-13,0],[0,-33]],[[7524,7902],[50,0]],[[7574,7902],[0,-64]],[[7574,7838],[-12,0],[0,-32]],[[7562,7806],[-63,0]],[[7499,7806],[0,32],[13,0],[0,64],[-25,0],[0,65]],[[7487,7967],[-38,0]],[[7449,7967],[0,32]],[[7449,7999],[-12,0],[0,32]],[[7437,8031],[50,0]],[[8037,7838],[25,0]],[[8062,7838],[0,-32]],[[8062,7806],[-25,0]],[[8037,7806],[0,32]],[[8099,7838],[13,0],[0,-32]],[[8112,7806],[-13,0]],[[8099,7806],[0,32]],[[8462,7838],[12,0]],[[8474,7838],[0,-32],[-12,0],[0,32]],[[8562,7806],[-13,0]],[[8549,7806],[0,32],[13,0],[0,-32]],[[8949,7838],[13,0],[0,-32],[-13,0],[0,32]],[[9399,7838],[13,0]],[[9412,7838],[0,-32],[-13,0],[0,32]],[[9449,7838],[0,-32]],[[9449,7806],[-12,0]],[[9437,7806],[0,32]],[[5649,7967],[50,0],[0,-32],[13,0],[0,32],[12,0],[0,-32],[50,0],[0,-65],[25,0]],[[5799,7870],[0,-32],[-37,0],[0,-65],[-13,0],[0,33],[-12,0],[0,64],[-13,0],[0,32],[-75,0]],[[5649,7902],[0,65]],[[7874,7870],[0,-64],[-12,0]],[[7862,7806],[0,-33]],[[7862,7773],[-13,0]],[[7849,7773],[0,65]],[[7849,7838],[-12,0],[0,32]],[[350,7902],[37,0],[0,-64],[-12,0],[0,-32],[-50,0],[0,-33],[-25,0],[0,65],[25,0],[0,32],[12,0],[0,-32],[13,0],[0,64]],[[5649,7773],[-25,0],[0,33],[-12,0],[0,32],[25,0],[0,-32],[12,0],[0,-33]],[[6262,7870],[12,0]],[[6274,7870],[0,-32],[13,0],[0,-65],[-25,0],[0,33],[-13,0],[0,32],[13,0]],[[6262,7838],[0,32]],[[7937,7870],[12,0]],[[7949,7870],[0,-64]],[[7949,7806],[-12,0],[0,-33]],[[7937,7773],[-25,0]],[[7912,7773],[0,65]],[[7912,7838],[25,0]],[[8974,7870],[0,-32],[13,0],[0,-32]],[[8987,7806],[-13,0]],[[8974,7806],[0,-33]],[[8974,7773],[-37,0]],[[8937,7773],[0,65]],[[8937,7838],[12,0]],[[8949,7838],[0,32]],[[9374,7838],[25,0]],[[9412,7838],[25,0]],[[9437,7806],[-13,0],[0,-33]],[[9424,7773],[-37,0]],[[9387,7773],[0,33]],[[9387,7806],[-13,0],[0,32]],[[3462,7806],[0,-33]],[[3462,7773],[-12,0],[0,33],[12,0]],[[4862,7806],[13,0],[0,-33]],[[4875,7773],[-13,0]],[[4862,7773],[0,33]],[[5174,7806],[25,0],[0,-33],[-25,0],[0,33]],[[5937,7773],[0,33],[12,0],[0,-33],[-12,0]],[[6099,7806],[13,0],[0,-33],[-13,0],[0,33]],[[6762,7806],[0,-33],[-25,0]],[[6737,7773],[0,33],[25,0]],[[7112,7806],[12,0],[0,-33]],[[7124,7773],[-12,0],[0,33]],[[7949,7806],[0,-33]],[[7949,7773],[-12,0]],[[7974,7806],[0,-33]],[[7974,7773],[-12,0]],[[7962,7773],[0,33],[12,0]],[[8012,7806],[12,0]],[[8024,7806],[0,-33],[-12,0]],[[8012,7773],[0,33]],[[8037,7806],[12,0]],[[8049,7806],[0,-33]],[[8049,7773],[-12,0]],[[8037,7773],[0,33]],[[8049,7806],[13,0]],[[8062,7806],[0,-33]],[[8062,7773],[-13,0]],[[8074,7806],[0,-33]],[[8074,7773],[-12,0]],[[8112,7806],[12,0],[0,-33]],[[8124,7773],[-12,0]],[[8112,7773],[0,33]],[[8162,7773],[-13,0]],[[8149,7773],[0,33],[13,0],[0,-33]],[[8537,7806],[12,0]],[[8549,7806],[0,-33],[-12,0],[0,33]],[[8562,7806],[12,0]],[[8574,7806],[0,-33]],[[8574,7773],[-12,0]],[[8562,7773],[0,33]],[[8674,7806],[13,0],[0,-33],[-13,0],[0,33]],[[8724,7773],[0,33],[13,0],[0,32],[25,0],[0,-65],[-38,0]],[[9337,7806],[0,-33],[-13,0],[0,33]],[[9437,7806],[0,-33]],[[9437,7773],[-13,0]],[[9449,7806],[0,-33],[-12,0]],[[7962,7935],[62,0]],[[8024,7935],[0,32]],[[8062,7999],[0,-64]],[[8049,7902],[13,0]],[[8049,7838],[-12,0]],[[8037,7806],[-25,0]],[[8012,7773],[-13,0],[0,-32]],[[7999,7741],[-25,0]],[[7974,7741],[0,65]],[[7962,7773],[-13,0]],[[7949,7773],[0,97]],[[7949,7870],[-25,0]],[[7924,7838],[-12,0]],[[7912,7838],[0,-32]],[[7912,7806],[-13,0],[0,32],[-12,0],[0,32],[-13,0]],[[7837,7902],[0,162],[12,0],[0,-33],[63,0],[0,-32],[50,0],[0,-64]],[[2137,7741],[-25,0]],[[2112,7741],[0,65],[-75,0],[0,-33],[-25,0],[0,33],[-25,0],[0,32]],[[1987,7838],[25,0]],[[2012,7838],[0,32],[25,0],[0,-32],[13,0],[0,32],[12,0],[0,-32],[75,0],[0,-32],[-12,0],[0,-33],[12,0],[0,-32]],[[8174,7806],[25,0],[0,-33]],[[8199,7773],[-12,0],[0,-32]],[[8187,7741],[-13,0]],[[8174,7741],[0,65]],[[9337,7806],[12,0],[0,-33],[13,0],[0,-32]],[[9362,7741],[-25,0]],[[9337,7741],[0,65]],[[2187,7741],[0,32],[13,0],[0,-32],[-13,0]],[[4875,7773],[0,-32]],[[4875,7741],[-13,0],[0,32]],[[4875,7773],[12,0],[0,-32],[-12,0]],[[5037,7806],[0,-33],[-13,0],[0,-32],[-24,0],[0,32],[12,0]],[[5012,7773],[0,33],[25,0]],[[5149,7773],[13,0],[0,-32]],[[5162,7741],[-13,0]],[[5149,7741],[0,32]],[[5412,7773],[25,0],[0,-32],[-25,0],[0,32]],[[5937,7773],[0,-32],[-13,0]],[[5924,7741],[0,32],[13,0]],[[7124,7773],[13,0],[0,-32]],[[7137,7741],[-13,0],[0,32]],[[7249,7741],[0,32],[13,0],[0,-32],[-13,0]],[[7662,7773],[12,0],[0,-32],[-12,0],[0,32]],[[7737,7773],[0,-32]],[[7737,7741],[-38,0]],[[7699,7741],[0,32],[38,0]],[[7774,7741],[-12,0],[0,32],[12,0],[0,-32]],[[7949,7773],[25,0]],[[7974,7773],[0,-32]],[[7974,7741],[-25,0]],[[7949,7741],[0,32]],[[8012,7773],[0,-32]],[[8012,7741],[-13,0]],[[8124,7773],[0,-32]],[[8124,7741],[-12,0]],[[8112,7741],[0,32]],[[8199,7773],[0,-32]],[[8199,7741],[-12,0]],[[8562,7806],[0,-65]],[[8562,7741],[-50,0],[0,32],[12,0],[0,33],[13,0]],[[8574,7773],[0,-32]],[[8574,7741],[-12,0]],[[8562,7741],[0,32]],[[8724,7773],[0,-32],[-25,0],[0,32],[25,0]],[[8799,7806],[0,-65]],[[8799,7741],[-25,0]],[[8774,7741],[0,32]],[[8774,7773],[13,0],[0,33],[12,0]],[[9387,7773],[12,0]],[[9399,7773],[0,-32]],[[9399,7741],[-12,0]],[[9387,7741],[0,32]],[[9399,7773],[13,0],[0,-32]],[[9412,7741],[-13,0]],[[1350,7902],[0,-129],[12,0],[0,-64],[-25,0],[0,32],[-12,0],[0,32],[-13,0],[0,33],[-12,0],[0,129],[37,0],[0,-33],[13,0]],[[7512,7806],[12,0]],[[7524,7806],[0,-33],[50,0],[0,-32],[13,0]],[[7587,7741],[0,-32]],[[7587,7709],[-50,0]],[[7537,7709],[0,32]],[[7537,7741],[-25,0]],[[7512,7741],[0,65]],[[7912,7806],[0,-33]],[[7912,7773],[12,0]],[[7924,7773],[0,-32],[-25,0],[0,-32],[-25,0],[0,32],[-12,0]],[[7862,7741],[0,65]],[[8637,7741],[-25,0]],[[8612,7741],[0,65],[12,0],[0,-33],[25,0],[0,-64],[-12,0],[0,32]],[[8987,7806],[0,-97]],[[8987,7709],[-13,0]],[[8974,7709],[0,97]],[[150,7709],[0,64],[25,0],[0,-32],[-13,0],[0,-32],[-12,0]],[[4712,7773],[0,-64],[-12,0],[0,64],[12,0]],[[6737,7773],[0,-32],[-25,0],[0,-32],[-13,0],[0,64],[38,0]],[[8199,7773],[13,0]],[[8212,7773],[0,-64]],[[8212,7709],[-13,0]],[[8199,7709],[0,64]],[[8962,7773],[12,0]],[[8974,7773],[0,-64]],[[8974,7709],[-12,0]],[[8962,7709],[0,64]],[[150,7709],[-13,0],[0,32],[13,0],[0,-32]],[[5674,7741],[25,0],[0,-32],[-25,0],[0,32]],[[7137,7741],[12,0],[0,-32]],[[7149,7709],[-12,0],[0,32]],[[7174,7741],[25,0],[0,-32],[-25,0],[0,32]],[[7249,7741],[0,-32],[-12,0],[0,32],[12,0]],[[7349,7741],[0,-32],[-12,0],[0,32],[12,0]],[[7524,7741],[13,0]],[[7537,7709],[-13,0]],[[7524,7709],[0,32]],[[7612,7709],[-25,0]],[[7587,7741],[12,0],[0,32],[13,0],[0,-64]],[[7949,7741],[13,0]],[[7962,7741],[0,-32]],[[7962,7709],[-13,0]],[[7949,7709],[0,32]],[[7962,7741],[25,0]],[[7987,7741],[0,-32],[-25,0]],[[8124,7741],[0,-32]],[[8124,7709],[-12,0]],[[8112,7709],[0,32]],[[8749,7709],[-12,0],[0,32],[12,0],[0,-32]],[[8874,7741],[13,0]],[[8887,7741],[0,-32],[-13,0],[0,32]],[[9337,7741],[12,0]],[[9349,7741],[0,-32]],[[9349,7709],[-12,0]],[[9337,7709],[0,32]],[[6012,7806],[-13,0]],[[5999,7806],[0,-65],[13,0],[0,-32],[-13,0],[0,-32],[-12,0]],[[5987,7677],[0,161]],[[5987,7838],[12,0],[0,64],[13,0],[0,-96]],[[8924,7838],[13,0]],[[8937,7773],[25,0]],[[8962,7709],[-25,0]],[[8937,7709],[0,-32],[-13,0]],[[8924,7677],[0,161]],[[1712,7773],[50,0],[0,-32],[13,0],[0,-64],[-13,0]],[[1762,7677],[0,32]],[[1762,7709],[-25,0],[0,32],[-25,0]],[[1712,7741],[0,32]],[[4800,7967],[37,0]],[[4850,7935],[0,-33]],[[4837,7902],[0,-64]],[[4837,7806],[0,-65],[-12,0],[0,-32],[-50,0],[0,-32],[-63,0],[0,96]],[[4712,7773],[13,0],[0,33],[-13,0],[0,96],[38,0],[0,65],[37,0],[0,32],[13,0]],[[50,7741],[12,0],[0,-64],[-12,0],[0,64]],[[75,7741],[25,0],[0,-64],[-25,0],[0,64]],[[4875,7741],[0,-64]],[[4875,7677],[-25,0],[0,64],[25,0]],[[7474,7773],[0,-64]],[[7474,7709],[-12,0],[0,-32]],[[7462,7677],[-13,0]],[[7449,7677],[0,64],[13,0],[0,32],[12,0]],[[8112,7741],[0,-64]],[[8112,7677],[-13,0]],[[8099,7677],[0,32],[-12,0]],[[8087,7709],[0,32],[25,0]],[[8262,7741],[12,0]],[[8274,7741],[0,-64]],[[8274,7677],[-12,0]],[[8262,7677],[0,64]],[[8862,7870],[50,0]],[[8924,7677],[-62,0]],[[8862,7677],[0,64]],[[8862,7741],[12,0]],[[8887,7741],[25,0]],[[8912,7741],[0,65],[-25,0],[0,-33],[-13,0],[0,33],[-25,0],[0,32],[13,0],[0,32]],[[9387,8128],[0,-129]],[[9374,7967],[25,0]],[[9412,7902],[0,97]],[[9424,7999],[0,-32]],[[9449,7967],[0,-97]],[[9437,7838],[-63,0]],[[9387,7806],[0,-65]],[[9387,7741],[-13,0]],[[9374,7741],[0,-64]],[[9374,7677],[-25,0]],[[9349,7677],[0,64]],[[9349,7741],[13,0]],[[9349,7902],[-12,0]],[[9337,7935],[25,0]],[[9349,8128],[0,32],[25,0]],[[9374,7741],[38,0]],[[9412,7741],[0,-32],[-13,0],[0,-32],[-25,0]],[[5149,7806],[0,-65]],[[5149,7741],[-12,0]],[[5137,7741],[0,-32],[-13,0]],[[5124,7709],[0,-32]],[[5124,7677],[-37,0]],[[5087,7677],[0,32]],[[5087,7709],[12,0],[0,32],[13,0],[0,32],[12,0],[0,33]],[[5849,7677],[-25,0],[0,32],[25,0],[0,-32]],[[5924,7741],[0,-64]],[[5924,7677],[-62,0]],[[5862,7677],[0,32],[50,0],[0,32],[12,0]],[[6924,7709],[25,0],[0,-32],[-25,0],[0,32]],[[6974,7677],[-12,0],[0,32],[12,0],[0,-32]],[[7149,7709],[13,0],[0,-32]],[[7162,7677],[-13,0],[0,32]],[[8087,7709],[0,-32]],[[8087,7677],[-13,0]],[[8074,7677],[0,32],[13,0]],[[8099,7677],[-12,0]],[[8237,7709],[25,0]],[[8262,7709],[0,-32]],[[8262,7677],[-25,0]],[[8237,7677],[0,32]],[[9349,7709],[0,-32]],[[9349,7677],[-12,0]],[[9337,7677],[0,32]],[[8349,8160],[-37,0]],[[8312,8193],[-38,0]],[[8312,8064],[0,32]],[[8312,8096],[12,0]],[[8324,8096],[0,-32],[13,0],[0,-33],[-38,0],[0,-32],[-37,0],[0,-64],[12,0],[0,32],[50,0],[0,32],[25,0],[0,32],[13,0],[0,-32],[25,0],[0,-32],[-25,0],[0,-32],[25,0],[0,-33],[12,0],[0,33],[38,0],[0,-33],[-25,0],[0,-64],[-13,0],[0,32],[-12,0],[0,-32],[-13,0],[0,-65],[-12,0],[0,-32],[-13,0],[0,-32],[-12,0],[0,-65]],[[8337,7644],[-13,0]],[[8324,7644],[0,65],[-12,0],[0,-32],[-13,0],[0,-33],[-12,0],[0,33]],[[8287,7677],[-13,0]],[[8274,7677],[0,96]],[[8274,7773],[-50,0],[0,-32],[-12,0]],[[8212,7741],[0,32]],[[8174,7806],[0,-33]],[[8174,7773],[-12,0]],[[8149,7773],[-25,0]],[[8099,7838],[0,-65]],[[8099,7773],[-25,0]],[[8074,7773],[0,65]],[[8187,7967],[50,0]],[[8237,7967],[0,64],[25,0]],[[8262,8031],[0,65]],[[8262,8096],[-25,0]],[[8237,8096],[0,32]],[[8237,8128],[-13,0]],[[8224,8128],[0,97]],[[8224,8225],[38,0],[0,32],[12,0],[0,65],[13,0],[0,64],[12,0],[0,33],[-25,0],[0,32],[38,0],[0,-32],[62,0],[0,-33],[50,0],[0,-32],[13,0],[0,32],[12,0],[0,33],[-25,0],[0,32],[-75,0],[0,32],[38,0],[0,65],[37,0],[0,-33],[50,0],[0,33],[13,0],[0,-33],[37,0]],[[8212,7902],[0,-32]],[[8212,7870],[-25,0]],[[8187,7838],[25,0]],[[8212,7838],[0,-32]],[[6862,7838],[0,-97],[-13,0],[0,-64],[13,0],[0,-33],[-25,0],[0,162],[12,0],[0,32],[13,0]],[[1525,7709],[0,-65]],[[1525,7644],[-13,0]],[[1512,7644],[0,33]],[[1512,7677],[-25,0]],[[1487,7677],[0,64],[13,0],[0,-32],[25,0]],[[1762,7709],[0,-65]],[[1762,7644],[-25,0],[0,33],[-12,0],[0,32],[-13,0]],[[1712,7709],[0,32]],[[7812,7806],[0,-65],[25,0],[0,-32]],[[7837,7709],[-38,0],[0,32],[-25,0]],[[7774,7741],[0,-32],[-37,0],[0,-32]],[[7737,7677],[-13,0]],[[7724,7677],[0,-33]],[[7724,7644],[-12,0],[0,65],[12,0],[0,32]],[[7724,7741],[13,0]],[[7737,7741],[0,65]],[[7737,7806],[-25,0],[0,32],[-25,0],[0,32],[37,0],[0,-32],[63,0],[0,-32],[25,0]],[[7837,7709],[12,0],[0,-32],[38,0]],[[7887,7677],[0,-33]],[[7887,7644],[-50,0],[0,65]],[[8599,7741],[25,0]],[[8624,7741],[0,-64],[-12,0],[0,-33],[-13,0]],[[8599,7644],[0,33],[-12,0]],[[8587,7677],[0,32]],[[8587,7709],[12,0]],[[8599,7709],[0,32]],[[1500,7677],[12,0]],[[1512,7644],[-12,0]],[[1500,7644],[0,33]],[[2225,7677],[0,-33]],[[2225,7644],[-13,0],[0,33],[13,0]],[[3362,7677],[38,0],[0,-33]],[[3400,7644],[-38,0]],[[3362,7644],[0,33]],[[3462,7741],[0,-64]],[[3462,7677],[-25,0],[0,-33],[-25,0]],[[3412,7644],[0,33],[13,0]],[[3425,7677],[0,32],[25,0],[0,32],[12,0]],[[5087,7677],[12,0]],[[5099,7677],[0,-33],[-12,0]],[[5087,7644],[0,33]],[[5274,7677],[13,0],[0,-33]],[[5287,7644],[-13,0],[0,33]],[[5312,7677],[0,-33],[-13,0]],[[5299,7644],[0,33],[13,0]],[[6749,7677],[13,0],[0,-33],[-13,0],[0,33]],[[6774,7677],[13,0],[0,-33],[-13,0],[0,33]],[[7124,7677],[13,0],[0,-33],[-13,0],[0,33]],[[7162,7677],[12,0],[0,-33]],[[7174,7644],[-12,0]],[[7162,7644],[0,33]],[[7362,7644],[0,33],[12,0],[0,-33],[-12,0]],[[7549,7677],[13,0]],[[7562,7677],[0,-33]],[[7562,7644],[-13,0]],[[7549,7644],[0,33]],[[7562,7677],[25,0]],[[7587,7677],[0,-33]],[[7587,7644],[-25,0]],[[7599,7677],[25,0],[0,-33]],[[7624,7644],[-25,0]],[[7599,7644],[0,33]],[[8112,7677],[0,-33],[-13,0],[0,33]],[[8237,7677],[12,0]],[[8249,7677],[0,-33],[-12,0]],[[8237,7644],[0,33]],[[8374,7644],[0,33],[13,0],[0,32],[12,0],[0,-32],[13,0],[0,-33],[-38,0]],[[8474,7709],[13,0],[0,-65],[-25,0],[0,33],[12,0],[0,32]],[[8599,7644],[-12,0]],[[8587,7644],[0,33]],[[8999,7644],[-12,0]],[[8987,7644],[0,33],[12,0],[0,-33]],[[9312,7644],[0,33],[12,0],[0,-33],[-12,0]],[[9349,7677],[0,-33]],[[9349,7644],[-12,0],[0,33]],[[9374,7677],[0,-33],[-25,0]],[[7812,7806],[37,0]],[[7849,7806],[0,-33]],[[7862,7773],[0,-32]],[[7924,7773],[25,0]],[[7949,7773],[0,-64]],[[7962,7709],[0,-32],[-25,0],[0,-33],[-25,0],[0,-32]],[[7912,7612],[-25,0]],[[7887,7612],[0,65]],[[2162,7741],[25,0]],[[2187,7741],[0,-64],[13,0],[0,32],[25,0],[0,-32]],[[2225,7644],[0,-32]],[[2225,7612],[-25,0]],[[2200,7612],[0,32],[-25,0],[0,65],[-13,0],[0,32]],[[5274,7677],[-37,0],[0,-33],[-38,0],[0,-32],[-25,0],[0,32],[-12,0],[0,97]],[[5162,7741],[12,0],[0,-32],[63,0],[0,32],[12,0],[0,65],[13,0],[0,-65],[12,0],[0,-64]],[[5312,7677],[0,32],[-13,0],[0,32],[25,0],[0,32],[13,0],[0,-64],[25,0],[0,-32],[50,0],[0,-33],[25,0],[0,-32],[-100,0],[0,32],[-13,0],[0,33],[-12,0]],[[1537,7677],[25,0]],[[1562,7677],[0,-33],[13,0],[0,-32]],[[1575,7612],[-25,0]],[[1550,7612],[0,32],[-13,0],[0,33]],[[5924,7677],[0,-65],[-12,0]],[[5912,7612],[0,32],[-38,0]],[[5874,7644],[0,-32]],[[5874,7612],[-12,0],[0,65]],[[6974,7677],[38,0],[0,-33],[12,0],[0,-32],[-25,0],[0,32],[-25,0],[0,33]],[[7212,7677],[12,0],[0,-65],[-12,0],[0,65]],[[8137,7677],[37,0]],[[8174,7677],[0,-33],[-25,0],[0,-32],[-12,0]],[[8137,7612],[0,65]],[[1437,7644],[0,-32]],[[1437,7612],[-12,0],[0,32],[12,0]],[[1437,7644],[38,0]],[[1475,7644],[0,-32],[-38,0]],[[1925,7644],[12,0],[0,-32],[-12,0],[0,32]],[[2225,7644],[12,0]],[[2237,7644],[0,-32]],[[2237,7612],[-12,0]],[[2275,7612],[-13,0]],[[2262,7612],[0,32],[13,0],[0,-32]],[[2400,7644],[12,0],[0,-32],[-12,0],[0,32]],[[3400,7644],[12,0]],[[3412,7644],[0,-32],[-12,0]],[[3400,7612],[0,32]],[[3462,7644],[0,-32]],[[3462,7612],[-12,0]],[[3450,7612],[0,32],[12,0]],[[5287,7644],[12,0]],[[5299,7644],[0,-32],[-12,0],[0,32]],[[6024,7612],[0,32]],[[6024,7644],[13,0]],[[6037,7644],[0,33],[25,0],[0,-33],[-13,0],[0,-32],[-25,0]],[[7149,7644],[50,0]],[[7199,7644],[0,-32],[-50,0],[0,32]],[[7262,7612],[-25,0],[0,32],[25,0],[0,-32]],[[7362,7644],[0,-32]],[[7362,7612],[-13,0],[0,32],[13,0]],[[7737,7806],[0,-33]],[[7699,7741],[25,0]],[[7724,7644],[0,-32]],[[7724,7612],[-87,0]],[[7637,7612],[0,32],[12,0],[0,65]],[[7649,7709],[-37,0]],[[7587,7741],[0,97],[12,0],[0,97],[50,0],[0,32],[25,0],[0,32],[38,0],[0,-32],[12,0],[0,32],[25,0],[0,-32],[-12,0],[0,-32],[12,0],[0,-33],[25,0],[0,-32],[38,0],[0,-64]],[[7724,7644],[13,0],[0,-32],[-13,0]],[[8537,7612],[-13,0],[0,32],[13,0],[0,-32]],[[8712,7644],[25,0],[0,-32],[-25,0],[0,32]],[[8874,7644],[0,-32]],[[8874,7612],[-25,0]],[[8849,7612],[0,32],[25,0]],[[5862,8999],[12,0]],[[5924,8967],[25,0]],[[5962,8967],[37,0]],[[6049,8838],[25,0]],[[6024,8741],[-25,0]],[[5974,8773],[0,-129]],[[5987,8644],[0,-32],[25,0],[0,32]],[[6087,8644],[12,0],[0,65]],[[6099,8709],[13,0]],[[6212,8773],[12,0],[0,33],[25,0]],[[6249,8838],[25,0],[0,-32],[50,0]],[[6324,8806],[0,64],[25,0]],[[6712,8677],[12,0]],[[6724,8709],[50,0]],[[6924,8806],[75,0]],[[6999,8773],[-25,0]],[[6974,8773],[0,-32],[-12,0],[0,32],[-13,0],[0,-32],[-12,0],[0,-32],[25,0],[0,-32]],[[6962,8677],[12,0],[0,32],[13,0],[0,32],[37,0]],[[7024,8741],[0,-64]],[[7074,8451],[0,-65]],[[7074,8386],[-12,0]],[[7062,8386],[0,-64],[-13,0],[0,32],[-25,0],[0,-32],[-25,0]],[[6999,8322],[0,-33]],[[6999,8289],[-25,0]],[[6974,8289],[0,-32],[-25,0],[0,-32],[-37,0]],[[6912,8225],[0,-65],[62,0],[0,-32],[25,0],[0,32],[13,0],[0,33],[12,0],[0,-33],[13,0],[0,-32],[12,0],[0,-32],[13,0],[0,32],[12,0],[0,-32],[25,0],[0,-32]],[[7099,8064],[25,0]],[[7124,8064],[0,-33],[-12,0],[0,-32],[-88,0],[0,32],[-12,0],[0,33],[-13,0],[0,-33],[-12,0],[0,-32],[-25,0],[0,32],[-13,0],[0,33],[-12,0],[0,-97],[-13,0]],[[6924,7967],[0,32],[-62,0],[0,-32],[-13,0],[0,64],[-25,0],[0,-32],[-12,0],[0,-32],[-13,0],[0,32],[-37,0],[0,-32],[-13,0],[0,32]],[[6749,7999],[-25,0]],[[6674,7999],[0,-64]],[[6674,7935],[-12,0],[0,-33],[-25,0],[0,-32],[-13,0],[0,-64],[-12,0],[0,-65],[-13,0],[0,-32],[-25,0],[0,64],[-12,0],[0,33],[-13,0],[0,32],[13,0],[0,64],[-25,0],[0,33],[-13,0],[0,32],[-12,0],[0,32],[-25,0],[0,-32]],[[6487,7967],[-25,0]],[[6462,7967],[0,-65],[-25,0],[0,33],[-13,0]],[[6424,7935],[0,32]],[[6424,7967],[13,0]],[[6412,7967],[-50,0]],[[6362,7967],[0,-65]],[[6362,7902],[-13,0],[0,33],[-25,0],[0,-33]],[[6324,7902],[-25,0]],[[6274,7999],[0,-32]],[[6262,7935],[25,0]],[[6287,7902],[-38,0]],[[6249,7902],[0,-32],[-12,0],[0,-32],[-25,0]],[[6212,7838],[0,-32],[-25,0],[0,32],[-25,0],[0,32],[-38,0],[0,-32]],[[6124,7838],[-25,0]],[[6062,7902],[0,-64]],[[6062,7838],[-25,0],[0,-32]],[[6037,7806],[-25,0]],[[5987,7838],[0,-129]],[[5987,7709],[-25,0],[0,-32],[-38,0]],[[5862,7677],[-13,0]],[[5849,7677],[0,-33],[-12,0],[0,-64]],[[5837,7580],[-13,0]],[[5824,7580],[0,32]],[[5824,7612],[-12,0],[0,32],[-13,0],[0,33],[-12,0],[0,-33],[-13,0],[0,-32],[13,0],[0,-32]],[[5787,7580],[-75,0]],[[5712,7580],[0,64],[-13,0],[0,-64],[-12,0],[0,32],[-13,0],[0,65],[-12,0],[0,64],[-13,0],[0,32]],[[5649,7773],[13,0],[0,65],[-13,0],[0,64]],[[5649,7902],[-75,0],[0,-64],[-12,0],[0,64]],[[5562,7902],[-13,0]],[[5549,7902],[0,65],[25,0],[0,-32]],[[5587,7935],[0,32]],[[5599,8031],[-25,0]],[[5574,8031],[0,65],[13,0],[0,32],[12,0],[0,97],[13,0],[0,32],[25,0]],[[5712,8289],[-113,0]],[[5587,8322],[0,226]],[[5587,8548],[25,0],[0,32],[12,0],[0,32],[38,0],[0,32],[12,0],[0,65],[-25,0]],[[5862,8354],[0,-32],[37,0],[0,64]],[[5899,8386],[-25,0]],[[6787,8354],[-25,0]],[[6774,8289],[0,33]],[[5749,8193],[25,0]],[[5774,8193],[0,96]],[[5774,8289],[25,0]],[[5799,8322],[-75,0],[0,-33],[25,0]],[[6062,8193],[0,-65]],[[6087,8193],[-25,0]],[[5699,8096],[-25,0]],[[5674,8096],[0,64],[-37,0],[0,-32],[12,0],[0,-32],[-12,0]],[[5874,7612],[0,-32]],[[5874,7580],[-37,0]],[[6012,7644],[12,0]],[[6024,7644],[0,-64]],[[6024,7580],[-12,0]],[[6012,7580],[0,64]],[[8024,7806],[13,0]],[[8037,7773],[62,0]],[[8099,7773],[0,33]],[[8112,7806],[0,-65]],[[8074,7677],[-25,0]],[[8049,7677],[0,-33],[-50,0],[0,-32]],[[7999,7612],[-12,0]],[[7987,7612],[0,-32]],[[7987,7580],[-38,0]],[[7949,7580],[0,32]],[[7949,7612],[-37,0]],[[7987,7741],[25,0]],[[8424,7580],[0,64],[13,0],[0,-64],[-13,0]],[[8662,7580],[0,64],[12,0],[0,33],[25,0],[0,-33],[-12,0],[0,-32],[12,0],[0,-32],[-37,0]],[[9312,7644],[37,0]],[[9349,7644],[0,-32],[-12,0],[0,-32],[-25,0],[0,64]],[[3275,7580],[-25,0],[0,32],[25,0],[0,-32]],[[3400,7612],[0,-32]],[[3400,7580],[-13,0],[0,32],[13,0]],[[4887,8064],[13,0]],[[4925,8031],[25,0],[0,-32],[12,0],[0,-32],[13,0],[0,-32],[12,0],[0,-33],[13,0],[0,-32],[12,0],[0,-97]],[[5037,7806],[12,0],[0,-162]],[[5049,7644],[-25,0],[0,-32]],[[5024,7612],[-112,0],[0,-32],[-75,0],[0,32],[13,0],[0,32],[12,0],[0,33],[13,0]],[[4862,7806],[0,32],[50,0]],[[4900,7870],[0,65]],[[4912,7967],[-50,0]],[[5912,7612],[0,-32],[-13,0],[0,32],[13,0]],[[5974,7644],[0,-64]],[[5974,7580],[-25,0]],[[5949,7580],[0,32],[13,0],[0,32],[12,0]],[[5974,7612],[13,0],[0,-32]],[[5987,7580],[-13,0]],[[5974,7580],[0,32]],[[7262,7612],[12,0],[0,-32],[-12,0],[0,32]],[[7362,7612],[50,0]],[[7412,7612],[0,-32]],[[7412,7580],[-50,0]],[[7362,7580],[0,32]],[[7662,7612],[37,0]],[[7699,7612],[0,-32]],[[7699,7580],[-37,0]],[[7662,7580],[0,32]],[[7699,7612],[25,0]],[[7724,7612],[0,-32]],[[7724,7580],[-25,0]],[[7987,7612],[25,0]],[[8012,7612],[0,-32],[-25,0]],[[8112,7580],[-25,0]],[[8087,7580],[0,32],[25,0],[0,-32]],[[8874,7612],[0,-32]],[[8874,7580],[-25,0],[0,32]],[[1800,7902],[12,0]],[[1812,7902],[0,-96],[13,0],[0,-129],[12,0],[0,-65],[13,0],[0,-32],[12,0],[0,-32]],[[1862,7548],[-37,0]],[[1825,7548],[0,64],[-13,0]],[[1812,7612],[0,32],[-12,0],[0,129],[-13,0],[0,33],[-12,0],[0,32],[-13,0],[0,32],[38,0],[0,32]],[[8962,7709],[25,0]],[[8987,7709],[0,-65]],[[8999,7644],[0,-32],[13,0],[0,-32]],[[9012,7580],[-13,0],[0,-32]],[[8999,7548],[-12,0]],[[8987,7548],[0,32],[-13,0]],[[8974,7580],[0,64]],[[8974,7644],[-12,0]],[[8962,7644],[0,65]],[[7474,7741],[13,0],[0,-32],[12,0],[0,32]],[[7499,7741],[25,0]],[[7524,7709],[125,0]],[[7637,7612],[25,0]],[[7662,7580],[-38,0]],[[7624,7580],[0,32],[-12,0],[0,32]],[[7612,7644],[12,0]],[[7599,7677],[0,-65]],[[7599,7612],[-25,0],[0,32]],[[7574,7644],[13,0]],[[7587,7677],[-38,0]],[[7549,7644],[-12,0]],[[7537,7644],[0,-32],[-25,0],[0,-32],[-25,0],[0,-32],[-38,0]],[[7449,7548],[0,32],[-12,0]],[[7437,7580],[0,64]],[[7437,7644],[37,0],[0,33]],[[7474,7677],[-12,0]],[[7474,7709],[0,32]],[[8962,7644],[0,-96]],[[8962,7548],[-13,0],[0,96],[13,0]],[[8974,7644],[0,-96]],[[8974,7548],[-12,0]],[[7937,7612],[12,0]],[[7949,7612],[0,-64]],[[7949,7548],[-12,0],[0,64]],[[8562,7709],[25,0]],[[8587,7709],[0,-65]],[[8599,7644],[0,-32]],[[8599,7612],[-12,0]],[[8587,7612],[0,-32],[12,0],[0,-32]],[[8599,7548],[-62,0]],[[8537,7548],[0,64]],[[8537,7612],[12,0],[0,65],[13,0]],[[8562,7677],[0,32]],[[8587,7612],[25,0]],[[8612,7612],[0,-64]],[[8612,7548],[-13,0]],[[1762,7580],[13,0],[0,-32],[-13,0],[0,32]],[[2237,7580],[13,0],[0,-32],[-13,0],[0,32]],[[4850,7580],[12,0],[0,-32],[-12,0],[0,32]],[[4937,7580],[38,0],[0,-32],[-38,0],[0,32]],[[5000,7580],[0,-32]],[[5000,7548],[-13,0],[0,32],[13,0]],[[5162,7580],[12,0],[0,-32]],[[5174,7548],[-12,0]],[[5162,7548],[0,32]],[[5862,7580],[12,0]],[[5874,7580],[0,-32]],[[5874,7548],[-12,0]],[[5862,7548],[0,32]],[[5987,7580],[12,0]],[[5999,7580],[0,-32]],[[5999,7548],[-12,0]],[[5987,7548],[0,32]],[[5999,7580],[13,0]],[[6012,7580],[0,-32]],[[6012,7548],[-13,0]],[[6199,7580],[13,0],[0,-32],[-13,0],[0,32]],[[8099,7580],[13,0]],[[8112,7580],[0,-32]],[[8112,7548],[-13,0]],[[8099,7548],[0,32]],[[8112,7580],[25,0]],[[8137,7580],[0,-32],[-25,0]],[[8237,7580],[12,0]],[[8249,7580],[0,-32],[-12,0]],[[8237,7548],[0,32]],[[8399,7580],[25,0]],[[8424,7580],[0,-32]],[[8424,7548],[-25,0]],[[8399,7548],[0,32]],[[8662,7580],[0,-32],[-13,0],[0,32],[13,0]],[[9012,7580],[0,-32]],[[9012,7548],[-13,0]],[[9312,7548],[-25,0]],[[9287,7548],[0,32],[12,0],[0,32],[13,0],[0,-64]],[[7887,7644],[0,-32]],[[7912,7612],[0,-32],[-13,0],[0,-32],[-12,0],[0,-33],[-25,0],[0,65],[-13,0],[0,-32],[-12,0],[0,32],[-38,0],[0,32],[-50,0],[0,65]],[[7749,7677],[-12,0]],[[8799,7741],[0,-32]],[[8799,7709],[13,0],[0,-97],[12,0],[0,32],[13,0]],[[8837,7644],[0,-64]],[[8837,7580],[-25,0],[0,-65]],[[8812,7515],[-25,0]],[[8787,7515],[0,129]],[[8787,7644],[-13,0],[0,33],[-25,0],[0,32]],[[8749,7709],[25,0]],[[8774,7709],[0,32]],[[8349,8709],[38,0]],[[8412,8709],[37,0]],[[8449,8709],[0,-65],[-50,0],[0,-64],[25,0],[0,32],[13,0],[0,-32],[12,0],[0,32],[38,0],[0,32],[12,0],[0,-32],[25,0],[0,-97]],[[8224,8225],[0,-65]],[[8212,8128],[25,0]],[[8237,8096],[-38,0]],[[8199,8064],[63,0]],[[8262,8064],[0,-33]],[[8237,7967],[-25,0]],[[8099,8064],[-12,0]],[[8024,8096],[0,-32]],[[8012,7935],[-50,0]],[[7849,7838],[0,-32]],[[7524,7806],[38,0]],[[7574,7838],[0,32]],[[7562,7902],[-38,0]],[[7499,8031],[0,97]],[[7424,8064],[-12,0]],[[7449,7999],[0,-64]],[[7474,7967],[13,0]],[[7499,7806],[13,0]],[[7512,7741],[-13,0]],[[7474,7741],[0,32]],[[7449,7677],[25,0]],[[7437,7644],[0,-32]],[[7437,7612],[-75,0]],[[7362,7580],[37,0]],[[7399,7580],[0,-32]],[[7399,7548],[-12,0]],[[7387,7548],[0,-33]],[[7387,7515],[-13,0]],[[7374,7515],[0,33],[-12,0],[0,-33]],[[7362,7515],[-25,0],[0,33],[-38,0],[0,64],[-12,0],[0,65],[25,0],[0,32],[12,0],[0,97],[25,0],[0,-65]],[[7349,7741],[38,0],[0,32],[12,0],[0,33],[-12,0],[0,32],[-13,0],[0,32],[-12,0],[0,-32],[-13,0],[0,32],[-12,0],[0,-32],[-50,0],[0,32],[37,0],[0,32],[-12,0],[0,33],[-13,0],[0,32],[-25,0],[0,32]],[[7287,8064],[-25,0]],[[7262,8064],[0,32]],[[7199,8096],[-37,0]],[[7162,8096],[0,64]],[[7162,8160],[-13,0],[0,-64],[-37,0],[0,64],[12,0],[0,65],[13,0],[0,32],[37,0],[0,65]],[[7174,8322],[13,0],[0,-33],[62,0],[0,-32],[13,0]],[[7262,8257],[0,-32],[37,0],[0,32],[13,0],[0,-32],[62,0],[0,32],[13,0],[0,65],[12,0],[0,32],[25,0],[0,-32]],[[7424,8322],[13,0],[0,32],[12,0],[0,32],[13,0],[0,-64],[37,0],[0,32],[13,0],[0,-32],[12,0],[0,32],[13,0],[0,-65],[37,0],[0,33],[13,0],[0,32],[12,0],[0,-97],[25,0]],[[7624,8257],[0,32],[25,0],[0,-32],[13,0],[0,32],[12,0],[0,-32],[38,0],[0,32],[37,0],[0,-32],[13,0],[0,32],[62,0],[0,-32],[50,0],[0,-32],[25,0],[0,-32],[13,0],[0,-65],[25,0],[0,32],[37,0],[0,33],[25,0],[0,-33],[13,0],[0,33],[37,0],[0,-33],[13,0],[0,65],[12,0],[0,-32],[13,0],[0,32],[12,0]],[[8099,8225],[0,32],[38,0],[0,-32],[-13,0],[0,-32],[38,0],[0,32],[-13,0],[0,32],[13,0],[0,32],[12,0],[0,65],[-12,0],[0,32],[12,0],[0,33],[-25,0],[0,-33],[-12,0],[0,-32],[-13,0],[0,32],[-25,0],[0,-64],[-25,0]],[[8074,8322],[0,64],[-37,0],[0,33],[12,0],[0,32],[13,0],[0,32],[-25,0],[0,65],[-13,0],[0,32],[13,0],[0,32],[25,0],[0,-32],[12,0],[0,64],[25,0],[0,65],[-37,0]],[[8062,8709],[0,64],[75,0],[0,-32],[12,0],[0,-32],[-25,0],[0,-97],[13,0],[0,32],[25,0],[0,-32],[12,0],[0,-32],[-12,0],[0,-97],[12,0],[0,65],[13,0],[0,32],[12,0],[0,32],[25,0],[0,-32],[13,0],[0,97],[25,0],[0,32],[25,0],[0,-32],[25,0],[0,32],[-13,0],[0,32],[25,0],[0,32],[25,0],[0,-64]],[[8124,8064],[13,0]],[[8162,8031],[0,65]],[[8149,8096],[0,32]],[[5224,7515],[0,97],[25,0],[0,-32],[-12,0],[0,-65],[-13,0]],[[1475,7580],[12,0],[0,-65]],[[1487,7515],[-12,0],[0,65]],[[3150,7612],[0,-64],[37,0]],[[3187,7548],[0,-33],[-50,0]],[[3137,7515],[0,33],[-12,0],[0,32],[12,0],[0,32],[13,0]],[[5087,7709],[0,-65]],[[5099,7677],[25,0]],[[5124,7677],[0,-33]],[[5124,7644],[-12,0],[0,-64],[-25,0],[0,-32],[-13,0],[0,-33],[-12,0],[0,33]],[[5062,7548],[-50,0]],[[5012,7548],[0,-33]],[[5012,7515],[-12,0]],[[5000,7515],[0,65]],[[5000,7580],[24,0],[0,32]],[[5024,7612],[13,0],[0,32],[12,0]],[[5049,7644],[0,33],[25,0],[0,32],[13,0]],[[5499,7515],[-12,0]],[[5487,7515],[0,33]],[[5487,7548],[-25,0]],[[5462,7548],[0,32],[62,0],[0,-32],[-25,0],[0,-33]],[[5824,7580],[38,0]],[[5862,7548],[-13,0],[0,-33]],[[5849,7515],[-12,0],[0,33],[-13,0]],[[5824,7548],[0,32]],[[6787,7580],[62,0],[0,-32],[-12,0],[0,-33],[-50,0],[0,65]],[[6899,7612],[25,0],[0,-32],[-12,0],[0,-32],[25,0],[0,-33],[-50,0],[0,65],[12,0],[0,32]],[[7412,7612],[25,0]],[[7437,7612],[0,-32]],[[7449,7548],[-25,0]],[[7424,7548],[0,-33]],[[7424,7515],[-25,0]],[[7399,7515],[0,65]],[[7399,7580],[13,0]],[[8049,7677],[50,0]],[[8112,7677],[25,0]],[[8137,7677],[0,-97]],[[8087,7580],[12,0]],[[8099,7548],[-12,0]],[[8087,7548],[0,-33]],[[8087,7515],[-25,0]],[[8062,7515],[0,65],[-25,0],[0,-65]],[[8037,7515],[-13,0]],[[8024,7515],[0,33]],[[8024,7548],[-25,0]],[[7999,7548],[0,-33]],[[7999,7515],[-12,0]],[[7987,7515],[0,65]],[[8012,7612],[-13,0]],[[8062,7515],[-25,0]],[[8762,7580],[25,0]],[[8787,7580],[0,-65]],[[8787,7515],[-25,0]],[[8762,7515],[0,65]],[[8837,7580],[0,-32]],[[8837,7548],[-13,0],[0,-33],[-12,0]],[[1937,7548],[13,0],[0,-33],[-13,0],[0,33]],[[2025,7515],[-13,0],[0,33],[13,0],[0,-33]],[[2662,7548],[13,0],[0,-33],[-13,0],[0,33]],[[4950,7548],[0,-33],[-25,0]],[[4925,7515],[0,33],[25,0]],[[5012,7548],[37,0]],[[5049,7548],[0,-33],[-37,0]],[[5149,7515],[-12,0],[0,33],[12,0],[0,-33]],[[5474,7548],[13,0]],[[5487,7515],[-13,0]],[[5474,7515],[0,33]],[[5724,7580],[75,0]],[[5799,7580],[0,-32],[-62,0],[0,-33]],[[5737,7515],[-25,0],[0,33],[12,0],[0,32]],[[5862,7548],[0,-33]],[[5862,7515],[-13,0]],[[5874,7548],[0,-33]],[[5874,7515],[-12,0]],[[6349,7515],[-12,0],[0,33],[12,0],[0,-33]],[[6437,7548],[12,0],[0,-33],[-12,0],[0,33]],[[7374,7515],[-12,0]],[[7974,7580],[13,0]],[[7987,7515],[-25,0]],[[7962,7515],[0,33]],[[7962,7548],[12,0],[0,32]],[[7999,7548],[13,0]],[[8012,7548],[0,-33]],[[8012,7515],[-13,0]],[[8087,7548],[25,0]],[[8112,7548],[0,-33],[-25,0]],[[8587,7548],[12,0]],[[8599,7548],[0,-33]],[[8599,7515],[-12,0]],[[8587,7515],[0,33]],[[8612,7548],[0,-33]],[[8612,7515],[-13,0]],[[8749,7548],[13,0]],[[8762,7548],[0,-33]],[[8762,7515],[-13,0]],[[8749,7515],[0,33]],[[8862,7548],[12,0]],[[8874,7548],[0,-33],[-12,0]],[[8862,7515],[0,33]],[[8987,7548],[25,0]],[[9012,7548],[0,-33]],[[9012,7515],[-50,0]],[[8962,7515],[0,33]],[[8974,7548],[0,32]],[[9312,7548],[0,-33],[-25,0]],[[9287,7515],[0,33]],[[8074,9289],[200,0]],[[8274,9257],[63,0],[0,-32],[62,0]],[[8587,9160],[0,-96]],[[8599,9096],[50,0]],[[8687,9031],[-13,0]],[[8662,8935],[37,0]],[[8812,8999],[0,65]],[[8812,9064],[37,0]],[[8887,9031],[25,0]],[[8924,8999],[0,65]],[[9287,9096],[112,0]],[[9462,8999],[12,0]],[[9487,8999],[175,0]],[[9662,9031],[37,0]],[[9712,8999],[0,-64],[12,0]],[[9737,8902],[0,65],[12,0]],[[9749,8999],[25,0]],[[9774,9031],[38,0]],[[9824,9031],[75,0]],[[9899,8999],[75,0]],[[9974,8967],[25,0],[0,-65]],[[9999,8870],[0,-193]],[[9987,8612],[-13,0],[0,-64],[13,0],[0,-33],[-13,0]],[[9937,8451],[-13,0]],[[9924,8451],[0,64]],[[9887,8483],[12,0]],[[9899,8451],[-50,0]],[[9699,8419],[0,-97]],[[9699,8322],[-12,0]],[[9674,8322],[-12,0]],[[9662,8354],[-13,0]],[[9649,8386],[-62,0]],[[9599,8322],[0,-65],[-12,0]],[[9587,8289],[-50,0]],[[9537,8289],[0,33]],[[9474,8257],[0,65],[13,0],[0,32],[25,0],[0,32],[-13,0],[0,33]],[[9399,8612],[-12,0]],[[9349,8580],[-12,0]],[[9262,8709],[-25,0]],[[9237,8677],[-25,0]],[[9174,8709],[-62,0]],[[9062,8741],[0,-64]],[[9062,8677],[-25,0]],[[9037,8644],[25,0]],[[9062,8644],[0,-32]],[[9087,8548],[-13,0]],[[9074,8483],[38,0]],[[9149,8419],[0,-97]],[[9124,8257],[25,0],[0,-32],[-112,0]],[[9037,8257],[-63,0]],[[8962,8225],[-25,0]],[[8937,8193],[-25,0]],[[8912,8193],[0,32]],[[8862,8193],[0,32]],[[8849,8225],[0,-97]],[[8837,8064],[0,-65],[-25,0],[0,-32],[25,0],[0,-65],[-13,0],[0,-32],[25,0],[0,32],[50,0],[0,-32],[-37,0]],[[8912,7741],[-50,0]],[[8862,7677],[50,0],[0,-162],[-13,0],[0,33]],[[8899,7548],[-25,0]],[[8874,7548],[0,96]],[[8849,7612],[-12,0]],[[8837,7612],[0,32]],[[8799,7709],[0,97]],[[8774,7773],[0,-64]],[[8787,7644],[0,-64]],[[8762,7580],[0,-32]],[[8749,7548],[0,-65]],[[8749,7483],[-12,0]],[[8737,7483],[0,32],[-113,0],[0,33],[-12,0]],[[8612,7612],[-13,0]],[[8624,7741],[13,0]],[[8612,7741],[-13,0]],[[8599,7709],[-37,0]],[[8562,7709],[0,32]],[[8574,7741],[0,65]],[[8537,7806],[0,64],[-13,0],[0,-32],[-50,0]],[[8474,7838],[0,64]],[[8487,7967],[0,32],[-25,0],[0,-32],[-13,0],[0,32],[-12,0],[0,32],[-38,0]],[[8399,8031],[0,65]],[[8624,8193],[-37,0]],[[8587,8160],[25,0]],[[8612,8128],[-50,0]],[[8549,8193],[0,-33]],[[8549,8160],[-25,0]],[[8474,8225],[0,-65]],[[8449,8128],[50,0]],[[8649,8064],[0,64]],[[8649,8128],[38,0]],[[8662,8193],[0,-33]],[[8649,8193],[-12,0]],[[8449,8709],[-100,0]],[[7162,8160],[0,-96]],[[7162,8064],[-63,0]],[[7062,8386],[25,0]],[[7087,8386],[0,65]],[[7087,8451],[50,0]],[[7137,8451],[0,32]],[[7162,8483],[25,0]],[[7224,8612],[-25,0]],[[7099,8644],[0,65]],[[7087,8677],[-50,0]],[[7024,8709],[0,32]],[[6974,8773],[75,0]],[[7049,8773],[0,65],[13,0],[0,32]],[[7099,8838],[0,32]],[[7112,8870],[0,-97]],[[7112,8773],[12,0]],[[7137,8773],[25,0]],[[7187,8838],[12,0]],[[7199,8806],[25,0]],[[7224,8773],[50,0]],[[7662,8999],[-25,0]],[[7637,8999],[0,65]],[[9087,8967],[12,0]],[[9099,8935],[38,0]],[[9137,8902],[25,0]],[[9162,8902],[0,-64]],[[9274,8806],[0,64]],[[9274,8870],[-25,0]],[[9287,8935],[0,-97]],[[9299,8902],[13,0]],[[9337,8967],[-25,0]],[[9287,8967],[-13,0]],[[9274,8999],[-125,0]],[[8387,9031],[0,-32]],[[8374,8967],[75,0]],[[8424,9031],[-37,0]],[[9037,8935],[0,-65]],[[9037,8870],[62,0]],[[9837,8902],[-100,0]],[[9737,8870],[-13,0]],[[9749,8870],[38,0]],[[9787,8870],[0,-32]],[[9962,8870],[-13,0]],[[9949,8902],[-50,0]],[[8724,8870],[0,-64]],[[8749,8870],[-25,0]],[[9449,8612],[38,0]],[[9487,8612],[0,97]],[[9487,8709],[-38,0]],[[9599,8709],[0,-65]],[[9624,8677],[-12,0]],[[8837,8451],[0,-65]],[[8862,8386],[0,-64]],[[8874,8322],[0,-33]],[[8899,8322],[63,0]],[[8962,8354],[37,0]],[[9024,8451],[-87,0]],[[9524,8451],[13,0],[0,-129]],[[9549,8354],[25,0]],[[9574,8386],[-25,0],[0,97]],[[8799,8419],[0,-33]],[[8787,8354],[37,0]],[[9099,8386],[-12,0]],[[9124,8386],[13,0]],[[8699,8096],[0,-32]],[[8724,8128],[-37,0]],[[3537,7483],[-25,0]],[[3512,7483],[0,65],[13,0],[0,-33],[12,0],[0,-32]],[[5874,7548],[38,0],[0,-33],[-13,0],[0,-32],[-12,0],[0,32]],[[5887,7515],[-13,0]],[[1737,7515],[25,0],[0,-32],[-25,0],[0,32]],[[1800,7483],[-13,0],[0,32],[13,0],[0,-32]],[[1962,7515],[13,0],[0,-32],[-13,0],[0,32]],[[1987,7515],[13,0],[0,-32],[-13,0],[0,32]],[[2137,7515],[13,0],[0,-32],[-13,0],[0,32]],[[4875,7515],[0,-32],[-13,0]],[[4862,7483],[0,32],[13,0]],[[5112,7483],[0,32],[12,0],[0,-32],[-12,0]],[[5149,7515],[13,0]],[[5162,7515],[0,-32]],[[5162,7483],[-13,0],[0,32]],[[5449,7515],[13,0]],[[5462,7515],[0,-32]],[[5462,7483],[-13,0],[0,32]],[[5462,7515],[12,0]],[[5474,7515],[0,-32]],[[5474,7483],[-12,0]],[[5737,7515],[37,0],[0,-32],[-37,0],[0,32]],[[6412,7483],[0,32],[12,0],[0,-32],[-12,0]],[[7362,7515],[25,0]],[[7387,7515],[0,-32]],[[7387,7483],[-25,0],[0,32]],[[7412,7515],[12,0]],[[7424,7515],[0,-32]],[[7424,7483],[-12,0],[0,32]],[[7499,7548],[25,0],[0,-65],[-37,0],[0,32],[12,0],[0,33]],[[8074,7515],[13,0]],[[8087,7515],[0,-32],[-13,0],[0,32]],[[8174,7515],[13,0],[0,-32],[-13,0],[0,32]],[[8462,7515],[0,-32]],[[8462,7483],[-13,0]],[[8449,7483],[0,32],[13,0]],[[8762,7515],[0,-32]],[[8762,7483],[-13,0]],[[8749,7483],[0,32]],[[8787,7515],[0,-32]],[[8787,7483],[-25,0]],[[9012,7515],[0,-32],[-13,0],[0,32],[13,0]],[[9287,7515],[0,-32],[-13,0],[0,32],[13,0]],[[5162,7548],[37,0]],[[5199,7548],[0,-33]],[[5199,7515],[-25,0],[0,-64],[-12,0]],[[5162,7451],[0,97]],[[3187,7548],[13,0]],[[3200,7548],[0,-97],[-25,0],[0,32],[-13,0],[0,-32],[-25,0],[0,64]],[[4950,7548],[50,0]],[[5000,7548],[0,-33]],[[5012,7515],[0,-32],[12,0],[0,-32],[-24,0]],[[5000,7451],[0,32],[-13,0],[0,32]],[[4987,7515],[-25,0]],[[4962,7515],[0,-32],[-37,0],[0,32]],[[4975,7515],[12,0]],[[5000,7451],[-25,0]],[[4975,7451],[0,64]],[[8012,7548],[12,0]],[[8024,7515],[38,0]],[[8062,7515],[0,-32],[-13,0],[0,-32]],[[8049,7451],[-62,0]],[[7987,7451],[0,32]],[[7987,7483],[-25,0]],[[7962,7483],[0,32]],[[7962,7515],[50,0]],[[8874,7580],[0,-32]],[[8862,7548],[0,-65]],[[8862,7483],[-25,0]],[[8837,7483],[0,-32]],[[8837,7451],[-25,0],[0,64]],[[8837,7548],[0,64]],[[2350,7483],[37,0]],[[2387,7483],[0,-32],[-37,0]],[[2350,7451],[0,32]],[[2737,7483],[13,0],[0,-32],[-13,0],[0,32]],[[4900,7451],[-13,0],[0,32],[13,0],[0,-32]],[[5112,7483],[0,-32],[-13,0],[0,32],[13,0]],[[5387,7483],[12,0],[0,-32],[-12,0],[0,32]],[[5474,7483],[0,-32]],[[5474,7451],[-12,0],[0,32]],[[5624,7483],[13,0],[0,-32],[-13,0],[0,32]],[[6737,7483],[25,0],[0,-32],[-25,0],[0,32]],[[7324,7451],[-12,0],[0,32],[12,0],[0,-32]],[[7437,7483],[12,0],[0,-32],[-12,0],[0,32]],[[7737,7451],[0,32],[12,0],[0,-32],[-12,0]],[[7974,7483],[13,0]],[[7987,7451],[-13,0]],[[7974,7451],[0,32]],[[8474,7483],[13,0],[0,-32],[-13,0],[0,32]],[[8637,7483],[25,0],[0,-32],[-25,0],[0,32]],[[8762,7483],[12,0]],[[8774,7483],[0,-32]],[[8774,7451],[-12,0],[0,32]],[[8837,7483],[12,0]],[[8849,7483],[0,-32],[-12,0]],[[8962,7483],[12,0]],[[8974,7483],[0,-32],[-12,0],[0,32]],[[1475,7644],[12,0],[0,-32],[25,0],[0,-32],[-12,0],[0,-32],[25,0],[0,-33],[12,0],[0,-32],[13,0],[0,-32]],[[1550,7451],[-13,0],[0,-32]],[[1537,7419],[-12,0],[0,64],[-25,0],[0,32],[-13,0]],[[1475,7580],[0,-32],[-13,0],[0,32],[-25,0],[0,32]],[[8499,7548],[63,0]],[[8562,7548],[0,-33],[-13,0]],[[8549,7515],[0,-64]],[[8549,7451],[-12,0],[0,-32]],[[8537,7419],[-13,0]],[[8524,7419],[0,64],[-12,0],[0,32],[-13,0],[0,33]],[[1800,7483],[12,0]],[[1812,7483],[0,-64]],[[1812,7419],[-12,0],[0,64]],[[1812,7483],[25,0]],[[1837,7483],[0,-64]],[[1837,7419],[-25,0]],[[5037,7483],[12,0],[0,-32],[13,0],[0,-32],[-25,0],[0,64]],[[8224,7483],[0,-32]],[[8224,7451],[13,0]],[[8237,7451],[0,-32],[-25,0],[0,64],[12,0]],[[1550,7451],[0,-32],[-13,0]],[[1662,7451],[0,-32],[-12,0]],[[1650,7419],[0,32],[12,0]],[[1762,7451],[13,0],[0,-32],[-13,0],[0,32]],[[1975,7419],[-25,0],[0,32],[25,0],[0,-32]],[[3100,7451],[25,0],[0,-32],[-25,0],[0,32]],[[5000,7451],[0,-32],[-25,0]],[[4975,7419],[0,32]],[[5812,7419],[-38,0],[0,32],[13,0],[0,32],[12,0],[0,-32],[13,0],[0,-32]],[[7324,7451],[25,0]],[[7349,7451],[0,-32]],[[7349,7419],[-25,0]],[[7324,7419],[0,32]],[[7349,7451],[13,0]],[[7362,7451],[0,-32]],[[7362,7419],[-13,0]],[[7362,7451],[12,0]],[[7374,7451],[0,-32]],[[7374,7419],[-12,0]],[[7712,7451],[12,0]],[[7724,7451],[0,-32]],[[7724,7419],[-12,0]],[[7712,7419],[0,32]],[[7724,7451],[13,0]],[[7737,7451],[0,-32]],[[7737,7419],[-13,0]],[[7762,7451],[12,0],[0,-32],[-12,0],[0,32]],[[8124,7451],[13,0],[0,-32],[-13,0],[0,32]],[[8549,7451],[0,-32]],[[8549,7419],[-12,0]],[[1825,7548],[12,0]],[[1837,7548],[0,-33],[13,0],[0,-32],[12,0],[0,-32],[13,0]],[[1875,7451],[0,-65]],[[1875,7386],[-38,0]],[[1837,7386],[0,97]],[[1812,7483],[0,129]],[[1650,7419],[-13,0],[0,-33]],[[1637,7386],[-12,0],[0,129],[12,0],[0,33],[13,0],[0,-33],[12,0],[0,-64]],[[2787,7515],[63,0],[0,-32],[37,0],[0,-64],[-12,0],[0,32],[-25,0],[0,-32],[-25,0],[0,32],[-25,0],[0,-32],[12,0],[0,-33],[-37,0],[0,33],[-13,0],[0,64],[13,0],[0,-32],[12,0],[0,64]],[[4875,7515],[50,0]],[[4962,7515],[13,0]],[[4975,7515],[0,-129]],[[4975,7386],[-13,0],[0,33],[-25,0],[0,32],[-37,0]],[[4900,7451],[0,-32]],[[4900,7419],[-38,0],[0,64]],[[3375,7386],[-25,0],[0,33],[-13,0],[0,32],[13,0],[0,64],[37,0]],[[3387,7515],[0,33],[25,0],[0,-33],[-12,0],[0,-32],[-13,0],[0,-32],[-12,0],[0,-65]],[[3462,7677],[0,-33]],[[3450,7612],[-13,0]],[[3437,7612],[0,-32],[-12,0],[0,-32],[25,0],[0,-33],[25,0],[0,-96],[-13,0],[0,-33]],[[3462,7386],[-37,0]],[[3425,7386],[0,65],[-25,0],[0,-65]],[[3400,7386],[-25,0]],[[3387,7515],[-25,0],[0,33],[13,0],[0,32],[25,0]],[[3425,7386],[-25,0]],[[6587,7451],[25,0],[0,-32],[-13,0],[0,-33],[-12,0],[0,65]],[[7562,7451],[25,0],[0,-32],[-13,0],[0,-33],[-12,0],[0,65]],[[7837,7451],[25,0],[0,-65],[-25,0],[0,65]],[[1650,7419],[0,-33],[-13,0]],[[1837,7419],[0,-33]],[[1837,7386],[-25,0]],[[1812,7386],[0,33]],[[2012,7386],[0,33],[25,0],[0,-33],[-25,0]],[[3275,7419],[12,0],[0,-33],[-12,0],[0,33]],[[3537,7419],[13,0],[0,-33],[-13,0],[0,33]],[[4900,7419],[25,0],[0,-33]],[[4925,7386],[-25,0],[0,33]],[[8412,7419],[12,0],[0,-33],[-12,0],[0,33]],[[8662,7419],[12,0]],[[8674,7419],[0,-33],[-12,0],[0,33]],[[5199,7515],[25,0]],[[5224,7515],[0,-32],[-12,0],[0,-64],[25,0],[0,32],[12,0],[0,-32],[25,0],[0,-33],[-62,0],[0,-32],[-13,0],[0,65],[-12,0],[0,32],[12,0],[0,64]],[[8899,7548],[0,-97],[-12,0],[0,-32],[-13,0],[0,-33],[-12,0],[0,-32],[-13,0]],[[8849,7354],[0,65],[-12,0]],[[8837,7419],[0,32]],[[8849,7483],[13,0]],[[8862,7483],[0,32]],[[1550,7386],[0,-32],[-13,0],[0,65]],[[1550,7451],[25,0],[0,32],[12,0],[0,-64],[-12,0],[0,-33],[-25,0]],[[6349,7515],[25,0],[0,-32],[38,0]],[[6412,7483],[0,-97],[-13,0],[0,-32],[-62,0],[0,65],[12,0],[0,32],[-25,0],[0,32],[25,0],[0,32]],[[8537,7419],[25,0]],[[8562,7419],[0,-65],[-13,0]],[[8549,7354],[0,32]],[[8549,7386],[-12,0]],[[8537,7386],[0,33]],[[8837,7419],[0,-33]],[[8837,7386],[-13,0],[0,-32]],[[8824,7354],[-25,0]],[[8799,7354],[0,65],[38,0]],[[8849,7354],[-12,0]],[[8837,7354],[0,65]],[[1900,7386],[12,0]],[[1912,7386],[0,-32]],[[1912,7354],[-12,0]],[[1900,7354],[0,32]],[[1912,7386],[13,0]],[[1925,7386],[0,-32]],[[1925,7354],[-13,0]],[[2012,7386],[0,-32],[-12,0],[0,32],[12,0]],[[2487,7419],[13,0],[0,-33],[12,0]],[[2512,7386],[0,-32],[-37,0],[0,32],[12,0],[0,33]],[[4925,7386],[12,0]],[[4937,7386],[0,-32],[-12,0],[0,32]],[[5037,7386],[12,0],[0,-32],[-12,0],[0,32]],[[5074,7386],[13,0],[0,-32],[-13,0],[0,32]],[[6712,7386],[12,0],[0,-32],[-12,0],[0,32]],[[7774,7386],[25,0],[0,-32],[-25,0],[0,32]],[[8537,7386],[0,-32],[-13,0],[0,32],[13,0]],[[8837,7386],[0,-32]],[[8837,7354],[-13,0]],[[9212,7386],[25,0],[0,-32],[-25,0],[0,32]],[[6762,7419],[12,0],[0,-33],[38,0],[0,-64],[-13,0],[0,32],[-37,0],[0,65]],[[3425,7386],[12,0]],[[3437,7386],[0,-64]],[[3437,7322],[-12,0],[0,64]],[[3437,7612],[25,0]],[[3462,7612],[0,-32],[50,0],[0,-97]],[[3537,7483],[0,-129]],[[3537,7354],[-12,0],[0,-32]],[[3525,7322],[-38,0],[0,64],[-12,0],[0,-32],[-38,0]],[[3437,7354],[0,32]],[[3437,7386],[25,0]],[[7812,7386],[12,0],[0,-32],[13,0],[0,-32],[-25,0],[0,64]],[[1875,7354],[0,-32],[-25,0]],[[1850,7322],[0,32],[25,0]],[[1962,7354],[13,0],[0,-32],[-13,0],[0,32]],[[2300,7354],[12,0],[0,-32],[-12,0],[0,32]],[[3437,7354],[13,0],[0,-32],[-13,0]],[[3437,7322],[0,32]],[[3537,7354],[0,-32],[-12,0]],[[5012,7354],[12,0],[0,-32],[-12,0],[0,32]],[[5124,7354],[13,0],[0,-32],[-13,0],[0,32]],[[5224,7322],[0,32],[13,0],[0,-32],[-13,0]],[[5262,7354],[12,0]],[[5274,7354],[0,-32]],[[5274,7322],[-12,0]],[[5262,7322],[0,32]],[[5274,7354],[25,0]],[[5299,7354],[0,-32]],[[5299,7322],[-25,0]],[[6737,7354],[12,0],[0,-32],[-12,0],[0,32]],[[8599,7354],[13,0]],[[8612,7354],[0,-32]],[[8612,7322],[-13,0]],[[8599,7322],[0,32]],[[8849,7354],[0,-32]],[[8849,7322],[-12,0],[0,32]],[[8924,7354],[13,0],[0,-32],[-13,0],[0,32]],[[8499,7354],[-12,0],[0,32],[-13,0],[0,-64],[13,0],[0,-32]],[[8487,7290],[-25,0],[0,129],[37,0],[0,-65]],[[8737,7386],[-38,0],[0,-64]],[[8699,7322],[-12,0]],[[8687,7322],[0,32]],[[8687,7354],[-13,0]],[[8674,7354],[0,-32]],[[8674,7322],[-25,0],[0,32],[-12,0],[0,-64]],[[8637,7290],[-13,0]],[[8624,7290],[0,129]],[[8624,7419],[38,0]],[[8674,7419],[13,0]],[[8687,7419],[0,32],[50,0],[0,-65]],[[1812,7386],[63,0]],[[1875,7386],[0,-32]],[[1850,7322],[-13,0],[0,-32],[-12,0],[0,64],[-13,0],[0,32]],[[1925,7386],[12,0]],[[1937,7386],[0,-96],[-12,0]],[[1925,7290],[0,96]],[[2025,7515],[12,0],[0,-64],[13,0],[0,-32],[12,0],[0,-65],[-12,0],[0,-64],[-13,0],[0,32],[-25,0],[0,-32],[-12,0],[0,32],[-13,0],[0,64],[-12,0],[0,33]],[[1975,7419],[12,0],[0,32],[38,0],[0,64]],[[6912,7419],[25,0],[0,-65],[12,0],[0,-64],[-12,0],[0,32],[-13,0],[0,-32],[-25,0],[0,32],[-12,0],[0,64],[25,0],[0,33]],[[8499,7354],[0,-64],[-12,0]],[[5474,7354],[13,0],[0,-64],[-13,0],[0,64]],[[6474,7354],[0,-64],[-12,0]],[[6462,7290],[0,32],[-25,0],[0,32],[37,0]],[[7212,7354],[25,0],[0,-64],[-13,0],[0,32],[-12,0],[0,32]],[[8237,7354],[37,0]],[[8274,7354],[0,-32],[-12,0],[0,-32],[-13,0],[0,32]],[[8249,7322],[-12,0]],[[8237,7322],[0,32]],[[1637,7322],[0,-32]],[[1637,7290],[-37,0]],[[1600,7290],[0,32],[37,0]],[[1775,7322],[12,0],[0,-32],[-12,0]],[[1775,7290],[0,32]],[[1875,7354],[12,0],[0,-64]],[[1887,7290],[-37,0]],[[1850,7290],[0,32]],[[3275,7322],[12,0],[0,-32],[-12,0],[0,32]],[[4962,7322],[0,-32]],[[4962,7290],[-12,0],[0,32],[12,0]],[[4975,7322],[12,0]],[[4987,7322],[0,-32]],[[4987,7290],[-12,0]],[[4975,7290],[0,32]],[[4987,7322],[13,0]],[[5000,7322],[0,-32]],[[5000,7290],[-13,0]],[[5162,7322],[12,0],[0,-32],[-12,0],[0,32]],[[5224,7322],[0,-32],[-12,0]],[[5212,7290],[0,32],[12,0]],[[5399,7322],[13,0],[0,-32],[-13,0],[0,32]],[[5887,7322],[0,-32]],[[5887,7290],[-13,0],[0,32],[13,0]],[[6362,7322],[12,0],[0,-32],[-12,0]],[[6362,7290],[0,32]],[[6487,7322],[25,0],[0,-32],[-25,0],[0,32]],[[7049,7290],[0,32],[13,0],[0,-32],[-13,0]],[[7262,7290],[0,32],[12,0],[0,-32],[-12,0]],[[7612,7322],[12,0],[0,-32],[-12,0],[0,32]],[[8549,7322],[25,0]],[[8574,7322],[0,-32]],[[8574,7290],[-25,0]],[[8549,7290],[0,32]],[[8612,7386],[12,0]],[[8624,7386],[0,-96]],[[8624,7290],[-25,0]],[[8599,7290],[0,32]],[[8612,7322],[0,64]],[[8699,7322],[0,-32]],[[8699,7290],[-12,0]],[[8687,7290],[0,32]],[[8699,7322],[13,0],[0,-32],[-13,0]],[[8987,7322],[0,32],[12,0],[0,-64],[-25,0],[0,32],[13,0]],[[9174,7322],[13,0],[0,-32],[-13,0],[0,32]],[[8399,8128],[0,-97]],[[8562,7741],[0,-64]],[[8537,7548],[-50,0]],[[8487,7548],[0,32],[12,0],[0,32],[-37,0]],[[8462,7612],[0,-97]],[[8449,7483],[-25,0]],[[8424,7483],[0,-32],[-12,0],[0,-32]],[[8412,7419],[-13,0],[0,-33],[-12,0]],[[8387,7386],[0,-64]],[[8387,7322],[-13,0],[0,-65]],[[8374,7257],[-12,0]],[[8362,7257],[0,65],[-13,0],[0,32],[-12,0],[0,32],[25,0],[0,33],[12,0],[0,96],[13,0],[0,33]],[[8387,7548],[37,0]],[[8424,7580],[-37,0]],[[8387,7580],[0,32],[-13,0],[0,32]],[[8374,7644],[-12,0],[0,-32],[-13,0],[0,32]],[[8349,7644],[-12,0]],[[8324,8096],[13,0]],[[5424,7354],[25,0],[0,-32],[13,0],[0,-32],[-13,0],[0,-33],[-12,0],[0,65],[-13,0],[0,32]],[[1925,7322],[0,-65]],[[1925,7257],[-13,0]],[[1912,7257],[0,65],[13,0]],[[2062,7322],[25,0],[0,-65],[-12,0],[0,33],[-13,0],[0,32]],[[3062,7386],[38,0],[0,-96],[-13,0],[0,-33],[-37,0],[0,65],[12,0],[0,64]],[[7349,7322],[13,0],[0,-65],[-13,0],[0,65]],[[8387,7322],[0,-65]],[[8387,7257],[-13,0]],[[9174,7322],[0,-65],[-25,0],[0,65],[25,0]],[[1737,7290],[25,0],[0,-33]],[[1762,7257],[-25,0]],[[1737,7257],[0,33]],[[2750,7290],[0,-33]],[[2750,7257],[-13,0]],[[2737,7257],[0,33],[13,0]],[[525,9031],[125,0]],[[650,8999],[287,0]],[[937,9031],[63,0]],[[725,8870],[75,0]],[[837,8870],[25,0]],[[1125,8967],[87,0]],[[1287,8999],[25,0],[0,32],[13,0]],[[1412,8999],[0,32],[63,0]],[[1587,8773],[50,0],[0,-64],[25,0],[0,32],[25,0]],[[2387,8419],[0,-97],[-12,0],[0,-97],[37,0]],[[2425,8193],[0,-33],[12,0],[0,-64],[13,0],[0,32],[50,0],[0,-32],[50,0],[0,-32],[12,0],[0,-33],[50,0],[0,-32],[25,0],[0,-32],[88,0],[0,-129],[25,0],[0,-32],[12,0],[0,-33],[-25,0],[0,-32],[25,0],[0,-32],[13,0],[0,32],[25,0],[0,129],[-13,0],[0,32],[-12,0],[0,33],[12,0],[0,32],[50,0],[0,32],[13,0],[0,32],[12,0],[0,97],[-12,0],[0,32],[-25,0],[0,33],[-13,0],[0,32]],[[3075,8289],[0,-64]],[[3075,8225],[25,0]],[[3112,8225],[13,0],[0,-32],[12,0],[0,32],[25,0],[0,32],[25,0]],[[3250,8193],[25,0],[0,-33],[-13,0]],[[3300,8096],[0,-32],[12,0],[0,-33],[25,0],[0,-64],[63,0],[0,-32],[12,0],[0,-65],[38,0],[0,-32],[12,0],[0,-32]],[[3462,7773],[0,-32]],[[3425,7677],[-63,0]],[[3362,7644],[13,0],[0,-32],[-25,0],[0,-32],[-75,0]],[[3275,7580],[0,-32],[12,0],[0,-33],[-12,0],[0,-32],[-13,0],[0,32],[-37,0]],[[3225,7515],[0,33],[-25,0]],[[3200,7548],[0,32],[-50,0],[0,32]],[[3137,7515],[-25,0],[0,33],[-12,0],[0,-33],[-25,0],[0,-32],[-13,0],[0,-32],[-12,0],[0,32],[-25,0],[0,32],[-13,0],[0,33],[-12,0],[0,-33],[-25,0],[0,-32],[12,0],[0,-32],[50,0],[0,-65],[-62,0],[0,-32],[-38,0],[0,-32],[-12,0],[0,32],[-38,0],[0,-32],[-12,0],[0,-32],[-38,0],[0,-33],[-37,0],[0,33],[12,0],[0,64],[-75,0],[0,-32],[13,0]],[[2750,7322],[0,-32]],[[2737,7257],[-75,0]],[[2662,7257],[0,65],[13,0],[0,32],[-25,0],[0,-32],[-13,0]],[[2637,7322],[0,64],[-37,0],[0,65],[-25,0],[0,32],[-13,0],[0,-32],[-12,0],[0,-32],[25,0],[0,-65],[-38,0]],[[2537,7354],[0,32]],[[2537,7386],[-12,0],[0,33],[-13,0]],[[2512,7419],[0,32],[13,0],[0,32],[-25,0],[0,-32],[-25,0],[0,-32],[-25,0],[0,32],[-38,0],[0,64],[-50,0],[0,33],[13,0],[0,32],[-25,0],[0,32],[-25,0],[0,32],[-13,0],[0,33],[-12,0],[0,32],[-25,0],[0,-32],[-50,0]],[[2187,7741],[-50,0]],[[2012,7838],[-37,0]],[[1837,7935],[0,-33]],[[1837,7902],[-37,0]],[[1812,7612],[-12,0],[0,-32],[-13,0],[0,64],[-12,0],[0,-32],[-25,0],[0,-32],[-25,0],[0,32],[-13,0],[0,65],[-12,0],[0,32],[-38,0],[0,32],[-25,0],[0,65],[-37,0],[0,64],[-25,0],[0,-32],[-13,0]],[[1562,7838],[0,-65],[38,0],[0,-96],[12,0],[0,-65],[13,0],[0,-32],[-25,0],[0,32]],[[1600,7612],[-25,0]],[[1562,7677],[-37,0]],[[1525,7677],[0,32]],[[1487,7677],[-12,0]],[[1475,7677],[0,-33]],[[1437,7644],[0,65],[-12,0],[0,32],[-25,0],[0,32],[-13,0],[0,65]],[[1387,7902],[-37,0]],[[1350,7902],[0,97]],[[1400,7967],[0,97]],[[1287,8257],[-25,0]],[[1250,8322],[25,0]],[[1237,8322],[-37,0]],[[1162,8386],[-50,0]],[[1112,8419],[-37,0]],[[1012,8451],[-12,0]],[[987,8483],[0,-64]],[[950,8548],[-25,0]],[[925,8580],[-63,0]],[[850,8580],[-13,0]],[[837,8580],[0,-32]],[[800,8515],[-38,0]],[[725,8289],[25,0]],[[750,8289],[0,-64],[25,0]],[[775,8225],[0,-32]],[[775,8193],[-50,0],[0,-33],[37,0]],[[762,8096],[-12,0],[0,-32],[-25,0],[0,-33],[-13,0],[0,33],[-12,0],[0,64],[-25,0],[0,-32],[-13,0],[0,-32],[-25,0],[0,-33],[-25,0],[0,-32],[-37,0],[0,-32],[-38,0],[0,-32],[-12,0]],[[525,7967],[-25,0]],[[500,7967],[0,32]],[[500,7999],[-13,0],[0,32],[50,0],[0,33],[38,0],[0,32],[12,0],[0,32],[25,0],[0,65]],[[612,8193],[-12,0],[0,-33],[-25,0],[0,33],[-50,0]],[[512,8225],[-25,0],[0,32]],[[500,8289],[-25,0]],[[487,8354],[25,0]],[[512,8386],[-50,0]],[[462,8386],[0,65]],[[462,8451],[13,0]],[[462,8515],[0,33]],[[462,8548],[38,0]],[[500,8580],[25,0]],[[525,8612],[-25,0]],[[487,8644],[0,-64]],[[487,8580],[-12,0],[0,32],[-113,0],[0,65],[25,0]],[[387,8709],[-25,0]],[[362,8709],[0,64],[13,0]],[[412,8773],[38,0],[0,-32],[37,0],[0,32],[-25,0],[0,33],[-25,0],[0,32],[-37,0],[0,64]],[[937,8580],[25,0]],[[962,8580],[0,-65]],[[962,8515],[38,0]],[[987,8580],[-12,0]],[[1800,8386],[37,0],[0,65],[-12,0],[0,-32],[-25,0],[0,-33]],[[1712,7935],[0,32]],[[1712,7967],[25,0]],[[1400,7967],[0,-97]],[[2275,7806],[0,32],[-25,0],[0,-32],[25,0]],[[2275,7806],[0,-33],[12,0],[0,33],[-12,0]],[[1712,7773],[0,-64]],[[1762,7644],[0,33]],[[4962,7290],[50,0]],[[5012,7290],[0,-33],[-50,0]],[[4962,7257],[0,33]],[[5074,7290],[13,0]],[[5087,7290],[0,-33]],[[5087,7257],[-13,0]],[[5074,7257],[0,33]],[[5087,7290],[12,0]],[[5099,7290],[0,-33]],[[5099,7257],[-12,0]],[[5137,7290],[12,0]],[[5149,7290],[0,-33],[-12,0]],[[5137,7257],[0,33]],[[5349,7290],[13,0]],[[5362,7290],[0,-33]],[[5362,7257],[-13,0],[0,33]],[[5362,7290],[12,0]],[[5374,7290],[0,-33]],[[5374,7257],[-12,0]],[[5549,7290],[13,0],[0,-33]],[[5562,7257],[-13,0]],[[5549,7257],[0,33]],[[5999,7290],[0,-33],[-12,0]],[[5987,7257],[0,33],[12,0]],[[6362,7290],[0,-33],[-25,0]],[[6337,7257],[0,33],[25,0]],[[6462,7290],[0,-33],[-38,0]],[[6424,7257],[0,33],[38,0]],[[7262,7290],[0,-33],[-13,0],[0,33],[13,0]],[[8399,7290],[13,0],[0,-33],[-13,0],[0,33]],[[8512,7419],[25,0]],[[8549,7386],[0,-96]],[[8549,7290],[-12,0]],[[8537,7290],[0,-33]],[[8537,7257],[-50,0]],[[8487,7257],[0,33]],[[8499,7354],[13,0],[0,65]],[[8537,7290],[25,0]],[[8562,7290],[0,-33]],[[8562,7257],[-25,0]],[[8562,7290],[12,0]],[[8574,7290],[0,-33]],[[8574,7257],[-12,0]],[[8599,7290],[13,0]],[[8612,7290],[0,-33],[-13,0]],[[8599,7257],[0,33]],[[8937,7257],[-25,0]],[[8912,7257],[0,33],[25,0],[0,-33]],[[8962,7515],[12,0],[0,-32]],[[8962,7483],[0,-64],[12,0],[0,-33],[13,0],[0,-64]],[[8987,7322],[-25,0],[0,-32],[-13,0],[0,-65]],[[8949,7225],[-12,0]],[[8937,7225],[0,484]],[[8799,7354],[38,0]],[[8849,7322],[0,-32],[-50,0]],[[8799,7290],[0,-65]],[[8799,7225],[-25,0],[0,32],[-12,0],[0,-32],[-25,0],[0,161]],[[8737,7386],[12,0],[0,33],[25,0]],[[8774,7419],[0,64]],[[8774,7483],[13,0]],[[8687,7354],[0,-64]],[[8699,7290],[0,-33],[-12,0],[0,-32]],[[8687,7225],[-13,0]],[[8674,7225],[0,129]],[[5112,7290],[25,0]],[[5137,7290],[0,-65]],[[5137,7225],[-13,0],[0,32],[-12,0],[0,33]],[[5212,7290],[0,-33]],[[5212,7257],[-13,0]],[[5199,7257],[0,-32]],[[5199,7225],[-12,0]],[[5187,7225],[0,65],[25,0]],[[5262,7322],[0,-32]],[[5262,7290],[75,0]],[[5337,7290],[0,-65]],[[5337,7225],[-13,0]],[[5324,7225],[0,32]],[[5324,7257],[-37,0]],[[5287,7257],[0,-32]],[[5287,7225],[-13,0],[0,32],[-37,0],[0,33],[12,0],[0,32],[13,0]],[[5337,7290],[12,0]],[[5349,7290],[0,-65]],[[5349,7225],[-12,0]],[[8662,7290],[12,0]],[[8674,7290],[0,-65]],[[8674,7225],[-12,0]],[[8662,7225],[0,65]],[[8799,7290],[38,0],[0,-33],[-13,0],[0,-32],[-25,0]],[[1850,7257],[12,0]],[[1862,7257],[0,-32]],[[1862,7225],[-12,0],[0,32]],[[1950,7257],[12,0]],[[1962,7257],[0,-32]],[[1962,7225],[-12,0],[0,32]],[[2000,7225],[-13,0],[0,32],[13,0],[0,-32]],[[2112,7257],[25,0],[0,-32],[-25,0],[0,32]],[[5199,7257],[25,0]],[[5224,7257],[0,-32]],[[5224,7225],[-25,0]],[[5287,7257],[12,0]],[[5299,7257],[0,-32],[-12,0]],[[5374,7257],[0,-32],[-12,0],[0,32]],[[5612,7225],[-75,0]],[[5537,7225],[0,32]],[[5537,7257],[25,0]],[[5549,7290],[0,32]],[[5549,7322],[-12,0],[0,32],[-25,0],[0,32],[-13,0],[0,65],[13,0],[0,-32],[12,0],[0,-33],[25,0],[0,33],[13,0],[0,32],[50,0],[0,-226]],[[5824,7257],[13,0],[0,-32],[-13,0]],[[5824,7225],[0,32]],[[6274,7257],[13,0],[0,-32],[-13,0],[0,32]],[[6337,7257],[0,-32],[-13,0]],[[6324,7225],[0,32],[13,0]],[[6524,7225],[-12,0],[0,32],[12,0],[0,-32]],[[7549,7257],[25,0]],[[7574,7257],[0,-32]],[[7574,7225],[-25,0]],[[7549,7225],[0,32]],[[8362,7257],[0,-32],[-13,0],[0,32],[13,0]],[[8487,7257],[0,-32],[-13,0],[0,32],[13,0]],[[8549,7257],[13,0]],[[8562,7257],[0,-32],[-13,0],[0,32]],[[8624,7257],[13,0],[0,-32],[-13,0],[0,32]],[[8662,7257],[0,-32]],[[8662,7225],[-13,0]],[[8649,7225],[0,32],[13,0]],[[8712,7257],[12,0],[0,-32],[-12,0],[0,32]],[[8912,7257],[12,0]],[[8924,7257],[0,-32],[-12,0],[0,32]],[[8962,7257],[0,-32]],[[8962,7225],[-13,0]],[[8949,7225],[0,32],[13,0]],[[8962,7257],[12,0],[0,-32]],[[8974,7225],[-12,0]],[[6812,7290],[12,0],[0,-33],[25,0],[0,-64],[-12,0],[0,32],[-25,0],[0,65]],[[2037,7193],[0,64],[13,0],[0,-64],[-13,0]],[[2625,7225],[-38,0],[0,-32]],[[2587,7193],[-12,0],[0,64]],[[2575,7257],[37,0],[0,33],[25,0],[0,-33],[-12,0],[0,-32]],[[2750,7257],[25,0],[0,-64],[-13,0],[0,32],[-12,0],[0,32]],[[6424,7257],[0,-64]],[[6424,7193],[-50,0],[0,64],[50,0]],[[8537,7257],[12,0]],[[8574,7257],[0,-64]],[[8574,7193],[-37,0]],[[8537,7193],[0,64]],[[1712,7225],[13,0]],[[1725,7225],[0,-32]],[[1725,7193],[-13,0]],[[1712,7193],[0,32]],[[1762,7225],[13,0]],[[1775,7225],[0,-32]],[[1775,7193],[-13,0],[0,32]],[[1862,7225],[13,0]],[[1875,7225],[0,-32]],[[1875,7193],[-13,0]],[[1862,7193],[0,32]],[[1900,7225],[12,0],[0,-32],[-12,0],[0,32]],[[2725,7225],[12,0],[0,-32],[-12,0]],[[2725,7193],[0,32]],[[3275,7225],[12,0],[0,-32],[-12,0]],[[3275,7193],[0,32]],[[5000,7193],[-13,0],[0,32],[13,0],[0,-32]],[[5187,7225],[0,-32],[-13,0],[0,32],[13,0]],[[5299,7257],[25,0]],[[5324,7257],[0,-64]],[[5324,7193],[-37,0]],[[5287,7193],[0,32]],[[5562,7225],[25,0]],[[5587,7225],[0,-32],[-25,0],[0,32]],[[5812,7225],[12,0]],[[5824,7225],[0,-32],[-12,0],[0,32]],[[5937,7225],[0,-32],[-13,0]],[[5924,7193],[0,32],[13,0]],[[6874,7225],[13,0],[0,-32],[-13,0],[0,32]],[[7087,7354],[50,0],[0,-32],[12,0],[0,32],[50,0],[0,-64],[-12,0],[0,-33],[-25,0],[0,33],[-13,0],[0,-97],[-25,0],[0,32],[-12,0],[0,-32],[-38,0],[0,32],[25,0],[0,32],[-12,0],[0,33],[-13,0],[0,32],[13,0],[0,32]],[[7212,7225],[12,0],[0,-32],[-12,0],[0,32]],[[7324,7225],[13,0],[0,-32],[-13,0],[0,32]],[[8512,7193],[-13,0],[0,32],[13,0],[0,-32]],[[8974,7225],[13,0],[0,-32],[-13,0]],[[8974,7193],[0,32]],[[9074,7193],[0,32],[13,0],[0,32],[25,0],[0,33],[25,0],[0,-65],[-38,0],[0,-32],[-25,0]],[[7449,7386],[13,0],[0,-32],[12,0],[0,-32],[25,0],[0,-32],[13,0],[0,-65],[-13,0],[0,-32],[13,0],[0,-32],[-38,0],[0,32],[-62,0],[0,32],[-38,0],[0,97],[75,0],[0,64]],[[8924,7257],[13,0]],[[8937,7257],[0,-32]],[[8949,7225],[0,-32]],[[8949,7193],[-12,0],[0,-32]],[[8937,7161],[-13,0]],[[8924,7161],[0,96]],[[1825,7225],[12,0]],[[1837,7225],[0,-64]],[[1837,7161],[-12,0]],[[1825,7161],[0,64]],[[2000,7225],[25,0]],[[2025,7225],[0,-64]],[[2025,7161],[-13,0]],[[2012,7161],[0,32],[-12,0],[0,32]],[[1687,7193],[13,0],[0,-32],[-13,0],[0,32]],[[1975,7161],[0,32],[12,0],[0,-32],[-12,0]],[[2025,7193],[12,0]],[[2037,7193],[0,-32]],[[2037,7161],[-12,0]],[[2025,7161],[0,32]],[[2587,7193],[13,0],[0,-32]],[[2600,7161],[-13,0]],[[2587,7161],[0,32]],[[5000,7193],[37,0],[0,-32]],[[5037,7161],[-37,0],[0,32]],[[5062,7193],[12,0],[0,-32],[-12,0],[0,32]],[[5349,7193],[0,-32]],[[5349,7161],[-12,0],[0,32],[12,0]],[[5412,7193],[0,-32],[-13,0],[0,32],[13,0]],[[5974,7193],[-12,0],[0,-32],[-38,0],[0,32]],[[5937,7225],[25,0]],[[5962,7225],[0,32],[12,0],[0,-64]],[[6262,7193],[12,0],[0,-32],[-12,0],[0,32]],[[6324,7161],[-12,0]],[[6312,7161],[0,32],[12,0],[0,-32]],[[6462,7193],[12,0],[0,-32],[-12,0],[0,32]],[[8512,7193],[12,0]],[[8524,7193],[0,-32]],[[8524,7161],[-12,0]],[[8512,7161],[0,32]],[[8587,7193],[12,0],[0,-32],[-12,0],[0,32]],[[8949,7193],[0,-32],[-12,0]],[[9074,7193],[0,-32],[-50,0]],[[9024,7161],[0,32],[50,0]],[[1775,7386],[37,0]],[[1850,7290],[25,0]],[[1875,7290],[0,-33]],[[1875,7257],[-25,0]],[[1862,7193],[-25,0]],[[1837,7193],[0,32]],[[1825,7225],[0,-97]],[[1825,7128],[-38,0]],[[1787,7128],[0,33],[-12,0]],[[1775,7161],[0,64]],[[1775,7225],[-50,0]],[[1725,7225],[0,97],[12,0]],[[1737,7322],[0,-65]],[[1737,7257],[38,0]],[[1775,7257],[0,33]],[[1775,7322],[0,64]],[[1712,7257],[0,-129]],[[1712,7128],[-37,0]],[[1675,7128],[0,65]],[[1675,7193],[12,0]],[[1687,7193],[0,32],[13,0],[0,32],[12,0]],[[2100,7193],[25,0],[0,-65],[-13,0],[0,33],[-12,0],[0,32]],[[5299,7193],[25,0]],[[5324,7193],[0,-65]],[[5324,7128],[-62,0],[0,33],[-25,0]],[[5237,7161],[0,32],[37,0],[0,-32],[25,0],[0,32]],[[7574,7257],[25,0]],[[7599,7257],[0,-96]],[[7599,7161],[-12,0],[0,-33],[-25,0]],[[7562,7128],[0,65],[-13,0],[0,-32],[-25,0],[0,32],[13,0],[0,32]],[[7537,7225],[37,0]],[[1550,7128],[-13,0]],[[1537,7128],[0,33],[13,0],[0,-33]],[[1787,7128],[-12,0]],[[1775,7128],[0,33]],[[1900,7161],[12,0]],[[1912,7161],[0,-33]],[[1912,7128],[-12,0]],[[1900,7128],[0,33]],[[2037,7161],[0,-33],[-12,0],[0,33]],[[2862,7128],[0,33],[13,0],[0,-33],[-13,0]],[[2912,7161],[13,0],[0,-33],[-13,0],[0,33]],[[4775,7161],[0,-33]],[[4775,7128],[-13,0],[0,33],[13,0]],[[4775,7161],[12,0]],[[4787,7161],[0,-33]],[[4787,7128],[-12,0]],[[4787,7161],[13,0],[0,-33]],[[4800,7128],[-13,0]],[[4837,7161],[0,-33]],[[4837,7128],[-12,0]],[[4825,7128],[0,33],[12,0]],[[4837,7161],[13,0],[0,-33],[-13,0]],[[4962,7128],[-12,0]],[[4950,7128],[0,33],[12,0],[0,-33]],[[5237,7161],[0,-33],[-25,0]],[[5212,7128],[0,33],[25,0]],[[5349,7161],[25,0]],[[5374,7161],[0,-33]],[[5374,7128],[-25,0],[0,33]],[[5374,7161],[13,0],[0,-33]],[[5387,7128],[-13,0]],[[6324,7161],[13,0],[0,-33],[-13,0],[0,33]],[[7324,7161],[38,0]],[[7362,7161],[0,-33]],[[7362,7128],[-38,0]],[[7324,7128],[0,33]],[[7624,7161],[13,0]],[[7637,7161],[0,-33]],[[7637,7128],[-13,0]],[[7624,7128],[0,33]],[[7637,7161],[25,0]],[[7662,7161],[0,-33]],[[7662,7128],[-25,0]],[[8749,7128],[-12,0],[0,33],[12,0],[0,-33]],[[8937,7161],[0,-33],[-13,0]],[[8924,7128],[0,33]],[[9037,7161],[12,0],[0,-33]],[[9049,7128],[-12,0],[0,33]],[[6149,7096],[-12,0]],[[6137,7096],[0,32],[-25,0],[0,-32]],[[6112,7096],[-13,0]],[[6099,7096],[0,32]],[[6099,7128],[-25,0],[0,33],[-25,0],[0,32],[-12,0]],[[6037,7193],[0,32],[87,0],[0,-32],[25,0],[0,-32],[25,0],[0,-33],[-25,0],[0,-32]],[[7049,7290],[0,-33],[13,0],[0,-32],[-63,0],[0,-64],[38,0],[0,-33],[-13,0],[0,-32],[-37,0],[0,32],[-25,0],[0,33],[-63,0],[0,32],[63,0],[0,32],[25,0],[0,65],[25,0],[0,-33],[12,0],[0,33],[25,0]],[[2575,7161],[0,-65],[-13,0]],[[2562,7096],[0,65],[13,0]],[[5037,7161],[12,0],[0,-65],[-12,0],[0,65]],[[6199,7161],[13,0],[0,-65],[-13,0],[0,65]],[[7312,7161],[12,0]],[[7324,7128],[13,0]],[[7337,7128],[0,-32],[-25,0],[0,65]],[[7762,7161],[75,0]],[[7837,7161],[0,-33]],[[7837,7128],[-13,0]],[[7824,7128],[0,-32],[-25,0],[0,32],[-25,0],[0,-32],[-12,0]],[[7762,7096],[0,65]],[[7837,7161],[50,0]],[[7887,7161],[0,-33],[-25,0],[0,-32],[-13,0],[0,32]],[[7849,7128],[-12,0]],[[1687,7128],[25,0]],[[1712,7128],[0,-32]],[[1712,7096],[-25,0],[0,32]],[[1800,7128],[12,0]],[[1812,7128],[0,-32],[-12,0],[0,32]],[[1950,7128],[37,0]],[[1987,7128],[0,-32]],[[1987,7096],[-37,0]],[[1950,7096],[0,32]],[[2725,7096],[-13,0]],[[2712,7096],[0,32],[13,0],[0,-32]],[[2787,7128],[13,0],[0,-32],[-13,0],[0,32]],[[2862,7128],[0,-32],[-12,0],[0,32],[12,0]],[[3062,7161],[25,0],[0,-33],[-25,0],[0,-32],[-25,0]],[[3037,7096],[0,32]],[[3037,7128],[13,0],[0,97],[25,0],[0,-32],[-13,0],[0,-32]],[[4837,7128],[0,-32],[-12,0]],[[4825,7096],[0,32]],[[4912,7128],[38,0]],[[4950,7128],[0,-32]],[[4950,7096],[-38,0]],[[4912,7096],[0,32]],[[5187,7128],[12,0],[0,-32],[-12,0],[0,32]],[[5287,7128],[0,-32]],[[5287,7096],[-13,0]],[[5274,7096],[0,32],[13,0]],[[5387,7128],[0,-32]],[[5387,7096],[-13,0],[0,32]],[[5449,7128],[0,-32]],[[5449,7096],[-12,0]],[[5437,7096],[0,32],[12,0]],[[5449,7128],[13,0]],[[5462,7128],[0,-32]],[[5462,7096],[-13,0]],[[5724,7161],[0,-65],[-62,0],[0,32],[12,0],[0,33],[50,0]],[[6099,7096],[-12,0],[0,32],[12,0]],[[6424,7128],[0,-32],[-12,0]],[[6412,7096],[0,32],[12,0]],[[7524,7128],[13,0],[0,-32],[-13,0],[0,32]],[[8487,7128],[0,-32]],[[8487,7096],[-13,0]],[[8474,7096],[0,32],[13,0]],[[8749,7128],[13,0],[0,-32],[-13,0],[0,32]],[[8912,7128],[12,0]],[[8924,7128],[0,-32]],[[8924,7096],[-12,0],[0,32]],[[9049,7128],[13,0],[0,-32],[-13,0],[0,32]],[[1775,7354],[0,-97]],[[1775,7257],[-13,0]],[[1737,7290],[0,32]],[[1712,7225],[0,32]],[[1675,7193],[0,-32]],[[1675,7161],[-25,0],[0,-97]],[[1650,7064],[-13,0],[0,64],[-12,0]],[[1625,7128],[0,162]],[[1625,7290],[12,0]],[[1637,7290],[0,96]],[[1662,7451],[13,0],[0,64],[12,0],[0,-64],[50,0],[0,-32],[13,0],[0,-65],[25,0]],[[1837,7193],[38,0]],[[1875,7193],[0,-32],[-13,0],[0,-33],[13,0],[0,-32],[-13,0],[0,-32],[-25,0],[0,64]],[[1837,7128],[-12,0]],[[1825,7128],[0,33]],[[1837,7161],[0,32]],[[5512,7128],[0,-32]],[[5512,7096],[-13,0],[0,-32]],[[5499,7064],[-12,0]],[[5487,7064],[0,32],[-13,0]],[[5474,7096],[0,32]],[[5474,7128],[-12,0]],[[5462,7128],[0,33],[25,0],[0,-33],[25,0]],[[1912,7128],[0,-64]],[[1912,7064],[-12,0]],[[1900,7064],[0,64]],[[1912,7128],[13,0],[0,-64],[-13,0]],[[4800,7128],[25,0]],[[4825,7128],[0,-64]],[[4825,7064],[-13,0],[0,32],[-12,0],[0,32]],[[5474,7128],[0,-64]],[[5474,7064],[-12,0]],[[5462,7064],[0,64]],[[6137,7096],[25,0]],[[6162,7096],[0,-32]],[[6162,7064],[-38,0]],[[6124,7064],[0,32],[-12,0]],[[8299,7193],[13,0],[0,-65],[-13,0],[0,-32],[-12,0],[0,-32],[-13,0],[0,64],[13,0],[0,33],[12,0],[0,32]],[[8949,7193],[13,0],[0,-65],[-13,0],[0,-32],[-12,0],[0,-32]],[[8937,7064],[-13,0]],[[8924,7064],[0,64]],[[1900,7096],[0,-32]],[[1900,7064],[-13,0],[0,32],[13,0]],[[1950,7096],[25,0]],[[1975,7096],[0,-32]],[[1975,7064],[-25,0]],[[1950,7064],[0,32]],[[1975,7096],[12,0]],[[1987,7096],[0,-32]],[[1987,7064],[-12,0]],[[5149,7096],[0,-32]],[[5149,7064],[-12,0],[0,32],[12,0]],[[5249,7096],[0,-32],[-12,0]],[[5237,7064],[0,32],[12,0]],[[5287,7096],[12,0],[0,-32]],[[5299,7064],[-12,0],[0,32]],[[5437,7096],[25,0]],[[5462,7096],[0,-32]],[[5462,7064],[-25,0],[0,32]],[[5487,7064],[-13,0]],[[5474,7064],[0,32]],[[5512,7096],[0,-32]],[[5512,7064],[-13,0]],[[5774,7096],[13,0]],[[5787,7096],[0,-32]],[[5787,7064],[-13,0]],[[5774,7064],[0,32]],[[6124,7064],[-12,0],[0,32]],[[6324,7096],[13,0],[0,-32]],[[6337,7064],[-13,0]],[[6324,7064],[0,32]],[[6499,7096],[13,0],[0,-32],[-13,0],[0,32]],[[6749,7064],[0,32],[13,0],[0,-32],[-13,0]],[[8449,7096],[13,0]],[[8462,7096],[0,-32]],[[8462,7064],[-13,0]],[[8449,7064],[0,32]],[[8887,7064],[-13,0]],[[8874,7064],[0,32],[13,0],[0,-32]],[[8949,7225],[25,0]],[[8974,7193],[38,0],[0,-32],[12,0]],[[9024,7161],[0,-33],[-25,0],[0,-32],[-12,0],[0,32],[-13,0],[0,-32],[-12,0],[0,-32]],[[8962,7064],[-25,0]],[[8562,7548],[25,0]],[[8587,7515],[25,0]],[[8737,7483],[25,0]],[[8774,7451],[0,-32]],[[8799,7225],[0,-32],[-12,0],[0,-32],[-13,0],[0,-33],[-25,0]],[[8749,7128],[0,-64],[-100,0],[0,-32],[-25,0]],[[8624,7032],[0,96],[-37,0],[0,-32],[-13,0],[0,65],[-37,0],[0,32]],[[8574,7193],[0,129]],[[8549,7322],[0,32]],[[8562,7419],[-13,0]],[[8549,7419],[0,96]],[[8687,7419],[-63,0]],[[8624,7419],[0,-33]],[[8612,7386],[0,-32]],[[8599,7354],[0,-97]],[[8612,7290],[25,0]],[[8674,7322],[0,-32]],[[8662,7290],[0,-33]],[[8649,7225],[38,0]],[[1625,7257],[0,-129]],[[1650,7064],[0,-32]],[[1650,7032],[-25,0]],[[1625,7032],[0,32],[-13,0],[0,-32]],[[1612,7032],[-12,0],[0,32],[-13,0],[0,64],[13,0],[0,97],[12,0],[0,32],[13,0]],[[1950,7064],[12,0]],[[1962,7064],[0,-32],[-25,0]],[[1937,7032],[0,64],[13,0]],[[2587,7096],[13,0]],[[2600,7096],[0,-64]],[[2600,7032],[-13,0]],[[2587,7032],[0,64]],[[3037,7096],[13,0],[0,-64]],[[3050,7032],[-13,0]],[[3037,7032],[0,64]],[[5174,7064],[-25,0]],[[5149,7096],[-50,0],[0,-64]],[[5099,7032],[-12,0]],[[5087,7032],[0,32],[-13,0],[0,32],[13,0],[0,65],[12,0],[0,-33],[13,0],[0,33],[50,0],[0,-65],[12,0],[0,-32]],[[5299,7064],[0,-32]],[[5299,7032],[-25,0]],[[5274,7032],[0,64]],[[8487,7096],[25,0],[0,-32],[-13,0],[0,-32],[-12,0],[0,64]],[[9024,7161],[13,0]],[[9049,7128],[0,-64],[-50,0],[0,-32],[-25,0]],[[8974,7032],[0,32],[-12,0]],[[1550,7064],[12,0],[0,-32],[-12,0],[0,32]],[[1625,7032],[-13,0]],[[1900,7257],[50,0]],[[1962,7225],[0,-64]],[[1962,7161],[13,0]],[[1975,7161],[0,-33]],[[1975,7128],[-25,0]],[[1937,7032],[-25,0]],[[1912,7032],[0,32]],[[1912,7161],[-25,0]],[[1887,7161],[0,32],[-12,0]],[[1875,7225],[25,0]],[[1900,7225],[0,32]],[[2762,7032],[0,32],[25,0],[0,-32],[-25,0]],[[5499,7064],[0,-32]],[[5499,7032],[-12,0],[0,32]],[[5512,7064],[0,-32]],[[5512,7032],[-13,0]],[[5512,7064],[12,0],[0,-32],[-12,0]],[[5787,7064],[0,-32]],[[5787,7032],[-13,0]],[[5774,7032],[0,32]],[[6162,7064],[0,-32],[-13,0]],[[6149,7032],[0,32],[13,0]],[[6212,7064],[12,0]],[[6224,7064],[0,-32]],[[6224,7032],[-12,0]],[[6212,7032],[0,32]],[[6224,7064],[13,0]],[[6237,7064],[0,-32]],[[6237,7032],[-13,0]],[[6249,7064],[13,0]],[[6262,7064],[0,-32]],[[6262,7032],[-13,0],[0,32]],[[6337,7064],[12,0],[0,-32]],[[6349,7032],[-12,0]],[[6337,7032],[0,32]],[[6462,7064],[0,-32],[-13,0]],[[6449,7032],[0,32],[13,0]],[[7174,7064],[13,0],[0,-32]],[[7187,7032],[-13,0]],[[7174,7032],[0,32]],[[7924,7064],[13,0]],[[7937,7064],[0,-32]],[[7937,7032],[-13,0]],[[7924,7032],[0,32]],[[7937,7064],[25,0]],[[7962,7064],[0,-32]],[[7962,7032],[-25,0]],[[7987,7064],[25,0]],[[8012,7064],[0,-32]],[[8012,7032],[-25,0]],[[7987,7032],[0,32]],[[8462,7064],[0,-32]],[[8462,7032],[-13,0]],[[8449,7032],[0,32]],[[8687,7064],[25,0],[0,-32],[-25,0],[0,32]],[[8937,7064],[0,-32]],[[8937,7032],[-13,0]],[[8924,7032],[0,32]],[[8974,7032],[-12,0]],[[8962,7032],[0,32]],[[2437,7161],[13,0],[0,-33],[25,0],[0,-32],[12,0],[0,-64],[13,0],[0,-33],[-25,0],[0,33],[-13,0],[0,32],[-12,0],[0,32],[-13,0],[0,65]],[[6324,7161],[0,-65]],[[6324,7096],[-12,0],[0,-32],[-13,0],[0,-32],[-12,0],[0,-33]],[[6287,6999],[-25,0]],[[6262,6999],[0,65]],[[6262,7064],[-25,0]],[[6237,7064],[0,64],[12,0],[0,-32],[50,0],[0,32],[13,0]],[[6312,7128],[0,33]],[[5387,7096],[12,0],[0,-32],[13,0],[0,-32],[25,0]],[[5437,7032],[0,-33]],[[5437,6999],[-38,0]],[[5399,6999],[0,33],[-12,0],[0,64]],[[7724,7677],[25,0]],[[7912,7612],[25,0]],[[7949,7548],[0,32]],[[7949,7580],[25,0]],[[7962,7548],[0,-65]],[[7962,7483],[12,0]],[[7974,7451],[75,0]],[[8062,7515],[12,0]],[[8137,7580],[25,0],[0,32],[25,0],[0,-32]],[[8187,7580],[50,0]],[[8237,7580],[0,-65]],[[8237,7515],[-13,0]],[[8224,7515],[0,-32]],[[8237,7451],[12,0]],[[8249,7451],[0,-32],[25,0],[0,32],[13,0],[0,-32],[25,0],[0,-65]],[[8312,7354],[-75,0]],[[8237,7322],[-13,0]],[[8224,7322],[0,-65],[-50,0],[0,-32],[-75,0],[0,-97],[-12,0],[0,-32],[-13,0],[0,-32]],[[8074,7064],[-87,0]],[[7987,7032],[-25,0]],[[7962,7064],[-38,0]],[[7924,7032],[-12,0]],[[7912,7032],[0,-33]],[[7912,6999],[-63,0],[0,33],[-25,0],[0,32],[-62,0],[0,32]],[[7762,7096],[-13,0],[0,32],[-25,0],[0,33],[-12,0],[0,32],[-50,0]],[[7662,7193],[0,-32]],[[7662,7161],[-38,0]],[[7624,7161],[0,32]],[[7624,7193],[-25,0]],[[7599,7193],[0,64]],[[7599,7257],[-50,0]],[[7549,7225],[-25,0]],[[7524,7225],[0,161],[-12,0],[0,33],[-25,0],[0,32],[-13,0],[0,32],[-12,0],[0,32],[-13,0],[0,33]],[[7537,7644],[37,0]],[[7599,7612],[0,32]],[[7599,7644],[13,0]],[[7624,7580],[100,0]],[[7712,7419],[25,0]],[[7737,7451],[-25,0]],[[7824,7128],[25,0]],[[7887,7161],[-125,0]],[[5237,7064],[0,-65]],[[5237,6999],[-13,0],[0,65],[13,0]],[[8962,7064],[0,-65]],[[8962,6999],[-13,0],[0,33],[-12,0]],[[1612,7032],[25,0]],[[1637,7032],[0,-33]],[[1637,6999],[-25,0]],[[1612,6999],[0,33]],[[1925,7032],[12,0]],[[1937,7032],[0,-33],[-12,0],[0,33]],[[2562,6999],[0,33],[13,0],[0,-33],[-13,0]],[[2762,7032],[0,-33],[-37,0],[0,33],[37,0]],[[3050,7032],[12,0],[0,-33]],[[3062,6999],[-12,0],[0,33]],[[5049,7032],[13,0]],[[5062,7032],[0,-33],[-13,0],[0,33]],[[5099,7032],[0,-33]],[[5099,6999],[-12,0]],[[5087,6999],[0,33]],[[5262,7032],[12,0]],[[5274,7032],[0,-33],[-12,0],[0,33]],[[5324,7032],[0,-33],[-12,0],[0,33],[12,0]],[[5337,7032],[12,0],[0,-33]],[[5349,6999],[-12,0]],[[5337,6999],[0,33]],[[5974,7032],[13,0],[0,-33]],[[5987,6999],[-13,0],[0,33]],[[6337,7064],[0,-65]],[[6337,6999],[-25,0],[0,33],[12,0]],[[6324,7032],[0,32]],[[6349,7032],[0,-33]],[[6349,6999],[-12,0]],[[6337,6999],[0,33]],[[7187,7032],[0,-33]],[[7187,6999],[-13,0]],[[7174,6999],[0,33]],[[7187,7032],[25,0]],[[7212,7032],[0,-33]],[[7212,6999],[-25,0]],[[7212,7032],[25,0]],[[7237,7032],[0,-33]],[[7237,6999],[-25,0]],[[7799,6999],[0,33],[13,0],[0,-33],[-13,0]],[[7912,7032],[25,0]],[[7937,7032],[0,-33],[-25,0]],[[8874,7032],[0,-33],[-12,0],[0,33],[12,0]],[[8924,7032],[0,-33],[-12,0]],[[8912,6999],[0,33],[12,0]],[[8962,7032],[25,0],[0,-33],[-25,0]],[[8962,6999],[0,33]],[[1725,7225],[37,0]],[[1775,7193],[0,-65]],[[1775,7128],[25,0]],[[1812,7128],[25,0]],[[1887,7161],[13,0]],[[1900,7161],[0,-65]],[[1900,7064],[0,-65],[-13,0]],[[1887,6999],[0,-32]],[[1887,6967],[-12,0],[0,32],[-38,0],[0,33],[-25,0],[0,32],[-37,0],[0,32],[-25,0],[0,32],[-13,0],[0,33],[-12,0]],[[1725,7161],[0,64]],[[5299,7064],[38,0]],[[5337,7064],[0,-97]],[[5337,6967],[-13,0],[0,65]],[[5324,7032],[-25,0]],[[8924,7096],[0,-32]],[[8924,7064],[-25,0],[0,-97],[-12,0]],[[8887,6967],[0,65],[-13,0]],[[8874,7032],[0,32]],[[8887,7064],[0,64],[25,0]],[[5437,7032],[25,0],[0,-65],[-13,0]],[[5449,6967],[0,32]],[[5449,6999],[-12,0]],[[8887,6967],[-13,0],[0,65]],[[1562,6999],[13,0],[0,-32],[-13,0],[0,32]],[[1637,7032],[13,0]],[[1650,7032],[0,-65]],[[1650,6967],[-25,0]],[[1625,6967],[0,32]],[[1625,6999],[12,0]],[[2700,6999],[12,0],[0,-32],[-12,0],[0,32]],[[5099,6999],[0,-32],[-12,0]],[[5087,6967],[0,32]],[[5237,6999],[12,0]],[[5249,6999],[0,-32]],[[5249,6967],[-12,0]],[[5237,6967],[0,32]],[[5349,6999],[0,-32]],[[5349,6967],[-12,0]],[[5337,6967],[0,32]],[[5349,6999],[13,0],[0,-32]],[[5362,6967],[-13,0]],[[5537,6999],[0,-32],[-13,0],[0,32],[13,0]],[[5737,6999],[25,0],[0,-32],[-25,0],[0,32]],[[5874,6999],[0,-32]],[[5874,6967],[-12,0]],[[5862,6967],[0,32],[12,0]],[[5987,6999],[12,0]],[[5999,6999],[0,-32]],[[5999,6967],[-12,0]],[[5987,6967],[0,32]],[[5999,6999],[13,0]],[[6012,6999],[0,-32]],[[6012,6967],[-13,0]],[[6024,6999],[13,0],[0,-32],[-13,0]],[[6024,6967],[0,32]],[[6149,6967],[-12,0],[0,32],[12,0],[0,-32]],[[6262,6999],[12,0]],[[6274,6999],[0,-32]],[[6274,6967],[-12,0]],[[6262,6967],[0,32]],[[6274,6999],[13,0]],[[6287,6999],[0,-32]],[[6287,6967],[-13,0]],[[6362,6999],[12,0],[0,-32]],[[6374,6967],[-12,0],[0,32]],[[7149,6999],[13,0],[0,-32]],[[7162,6967],[-13,0]],[[7149,6967],[0,32]],[[7362,6999],[12,0],[0,-32],[-12,0],[0,32]],[[7537,6999],[12,0],[0,-32],[-12,0],[0,32]],[[8174,6999],[13,0],[0,-32],[-13,0],[0,32]],[[8299,7032],[13,0]],[[8312,7032],[0,-65],[-25,0]],[[8287,6967],[0,32]],[[8287,6999],[12,0],[0,33]],[[3037,7064],[0,-32]],[[3062,6999],[0,-64],[-100,0]],[[2962,6935],[0,290],[50,0],[0,-32],[-12,0],[0,-65],[-13,0],[0,-64],[50,0]],[[4975,7032],[25,0]],[[5000,7032],[0,-33]],[[5000,6999],[12,0],[0,-32],[-12,0],[0,-32],[-13,0],[0,64],[-12,0]],[[4975,6999],[0,33]],[[1612,6999],[13,0]],[[1625,6999],[0,-64]],[[1625,6935],[-13,0]],[[1612,6935],[0,64]],[[5537,6999],[12,0]],[[5549,6999],[0,-32],[13,0],[0,-32]],[[5562,6935],[-25,0]],[[5537,6935],[0,64]],[[5874,6999],[13,0]],[[5887,6999],[0,-64]],[[5887,6935],[-13,0]],[[5874,6935],[0,64]],[[5912,7032],[0,-97]],[[5912,6935],[-25,0]],[[5887,6999],[12,0],[0,33],[13,0]],[[6012,6999],[12,0]],[[6024,6999],[0,-64]],[[6024,6935],[-12,0]],[[6012,6935],[0,64]],[[6212,6999],[12,0]],[[6224,6999],[0,-64]],[[6224,6935],[-12,0]],[[6212,6935],[0,64]],[[6287,6999],[12,0],[0,-32],[13,0],[0,-32],[-25,0]],[[6287,6935],[0,64]],[[6349,6999],[13,0]],[[6374,6967],[0,-32],[-25,0]],[[6349,6935],[0,64]],[[7624,7193],[0,-65]],[[7637,7128],[0,-32],[25,0],[0,-32],[12,0],[0,-129],[-37,0],[0,32],[-13,0],[0,-32],[-12,0],[0,32],[-13,0],[0,32],[13,0],[0,33],[-25,0],[0,32],[-25,0],[0,64]],[[7599,7161],[0,32]],[[7799,6999],[0,-64],[-12,0],[0,64],[12,0]],[[8374,6999],[0,-64]],[[8374,6935],[-12,0]],[[8362,6935],[0,32]],[[8362,6967],[-13,0]],[[8349,6967],[0,32],[25,0]],[[1725,6967],[12,0],[0,-32],[-12,0],[0,32]],[[1825,6967],[12,0],[0,-32],[-12,0],[0,32]],[[1912,6967],[25,0],[0,-32]],[[1937,6935],[-25,0]],[[1912,6935],[0,32]],[[2037,6999],[13,0]],[[2050,6999],[0,-64]],[[2050,6935],[-25,0]],[[2025,6935],[0,32],[12,0],[0,32]],[[5249,6967],[0,-32]],[[5249,6935],[-12,0],[0,32]],[[5362,6967],[0,-32]],[[5362,6935],[-13,0],[0,32]],[[5362,6967],[37,0],[0,-32]],[[5399,6935],[-37,0]],[[5449,6967],[0,-32]],[[5449,6935],[-12,0]],[[5437,6935],[0,32],[12,0]],[[5837,6967],[12,0]],[[5849,6967],[0,-32]],[[5849,6935],[-12,0]],[[5837,6935],[0,32]],[[5849,6967],[13,0]],[[5862,6967],[0,-32],[-13,0]],[[5949,6967],[25,0],[0,-32],[-25,0],[0,32]],[[6049,6967],[13,0]],[[6062,6967],[0,-32]],[[6062,6935],[-13,0],[0,32]],[[6062,6967],[12,0]],[[6074,6967],[0,-32]],[[6074,6935],[-12,0]],[[6099,6967],[25,0]],[[6124,6967],[0,-32],[-25,0],[0,32]],[[7149,6967],[25,0]],[[7174,6967],[0,-32],[-25,0]],[[7149,6935],[0,32]],[[7249,6967],[13,0],[0,-32],[-13,0],[0,32]],[[7462,6967],[25,0],[0,-32],[-25,0],[0,32]],[[7887,6967],[12,0],[0,-32],[-12,0],[0,32]],[[8262,6967],[12,0],[0,-32],[-12,0],[0,32]],[[4812,7032],[25,0],[0,-97],[-12,0],[0,-32],[-25,0],[0,32],[-13,0],[0,64],[25,0],[0,33]],[[6349,6999],[0,-96]],[[6349,6903],[-12,0],[0,96]],[[5449,6967],[25,0]],[[5474,6967],[0,-64]],[[5474,6903],[-12,0]],[[5462,6903],[0,32]],[[5462,6935],[-13,0]],[[5699,6967],[0,-64],[-25,0]],[[5674,6903],[0,32],[-12,0],[0,32],[12,0],[0,32],[13,0],[0,-32],[12,0]],[[6074,6967],[25,0]],[[6124,6967],[25,0]],[[6149,6967],[0,-32]],[[6149,6935],[-12,0]],[[6137,6935],[0,-32]],[[6137,6903],[-50,0]],[[6087,6903],[0,32]],[[6087,6935],[-13,0]],[[8937,6967],[0,-64],[-13,0]],[[8924,6903],[0,64],[13,0]],[[1787,6967],[25,0],[0,-32],[-12,0],[0,-32],[-38,0],[0,32],[25,0],[0,32]],[[2000,6935],[12,0]],[[2012,6935],[0,-32]],[[2012,6903],[-12,0]],[[2000,6903],[0,32]],[[2012,6935],[13,0]],[[2025,6935],[0,-32]],[[2025,6903],[-13,0]],[[4887,6935],[13,0],[0,-32]],[[4900,6903],[-13,0]],[[4887,6903],[0,32]],[[5224,6935],[0,-32],[-12,0],[0,32],[12,0]],[[5412,6935],[0,-32]],[[5412,6903],[-25,0],[0,32],[25,0]],[[5499,6935],[13,0],[0,-32],[-13,0]],[[5499,6903],[0,32]],[[5537,6935],[0,-32],[-13,0]],[[5524,6903],[0,32],[13,0]],[[5624,6935],[25,0],[0,-32],[-25,0],[0,32]],[[5787,6935],[0,-32]],[[5787,6903],[-13,0]],[[5774,6903],[0,32],[13,0]],[[5849,6935],[0,-32],[-12,0],[0,32]],[[6062,6935],[25,0]],[[6087,6903],[-25,0]],[[6062,6903],[0,32]],[[6262,6935],[12,0]],[[6274,6935],[0,-32],[-12,0]],[[6262,6903],[0,32]],[[6912,6935],[12,0],[0,-32],[-12,0],[0,32]],[[7049,6935],[13,0],[0,-32],[-13,0],[0,32]],[[8374,7064],[25,0],[0,-32],[13,0],[0,-33]],[[8412,6999],[-13,0]],[[8399,6999],[0,-32],[-12,0]],[[8387,6967],[0,-64]],[[8387,6903],[-25,0],[0,32]],[[8374,6935],[0,129]],[[4950,7128],[25,0]],[[4975,7128],[0,-129]],[[5000,6999],[0,65]],[[5000,7064],[12,0],[0,-32]],[[5012,7032],[37,0]],[[5062,7032],[25,0]],[[5087,7032],[0,-65]],[[5087,6967],[-25,0],[0,-32],[-25,0],[0,-32],[-75,0]],[[4962,6903],[0,-33],[-25,0],[0,226]],[[4937,7096],[13,0]],[[6162,7064],[50,0]],[[6212,7032],[25,0]],[[6237,7064],[12,0]],[[6262,7032],[0,-33]],[[6262,6999],[-13,0],[0,-64]],[[6249,6935],[13,0]],[[6262,6935],[0,-65]],[[6262,6870],[-13,0],[0,33],[-12,0],[0,64],[-13,0]],[[6224,6967],[0,32]],[[6212,6999],[0,-32]],[[6212,6967],[-13,0],[0,32],[-12,0],[0,-32],[-25,0],[0,-32]],[[6162,6935],[-13,0]],[[6149,6935],[0,97]],[[1650,7064],[12,0],[0,-194]],[[1662,6870],[-12,0]],[[1650,6870],[0,65]],[[1650,6935],[-25,0]],[[1625,6935],[0,32]],[[1650,6967],[0,97]],[[5474,6967],[13,0],[0,-32],[12,0]],[[5499,6935],[0,-65]],[[5499,6870],[-25,0],[0,97]],[[8399,6999],[38,0]],[[8437,6999],[0,-32]],[[8437,6967],[-13,0],[0,-32],[-12,0],[0,-32],[-13,0],[0,-33],[-12,0]],[[8387,6870],[0,97]],[[1650,6935],[0,-32]],[[1650,6903],[-13,0],[0,-33],[-12,0]],[[1625,6870],[0,65]],[[1912,6935],[38,0]],[[1950,6935],[0,-32],[-25,0],[0,-33]],[[1925,6870],[-13,0]],[[1912,6870],[0,65]],[[6024,6967],[25,0]],[[6062,6903],[-25,0],[0,-33]],[[6037,6870],[-25,0]],[[6012,6870],[0,65]],[[6024,6935],[0,32]],[[6399,6935],[13,0],[0,-65],[-13,0]],[[6399,6870],[0,65]],[[1950,6935],[12,0]],[[1962,6935],[0,-32],[13,0],[0,-33],[-50,0]],[[5012,6903],[12,0],[0,-33],[-12,0]],[[5012,6870],[0,33]],[[5412,6903],[12,0]],[[5424,6903],[0,-33]],[[5424,6870],[-12,0]],[[5412,6870],[0,33]],[[5612,6903],[0,-33]],[[5612,6870],[-13,0],[0,33],[13,0]],[[5662,6903],[25,0],[0,-33]],[[5687,6870],[-25,0]],[[5662,6870],[0,33]],[[5937,6903],[12,0]],[[5949,6903],[0,-33]],[[5949,6870],[-12,0]],[[5937,6870],[0,33]],[[6012,6903],[0,-33]],[[6012,6870],[-13,0]],[[5999,6870],[0,33],[13,0]],[[6062,6903],[12,0]],[[6074,6903],[0,-33],[-12,0],[0,33]],[[6099,6903],[75,0]],[[6174,6903],[0,32],[13,0],[0,-65],[-88,0],[0,33]],[[7174,6903],[13,0],[0,-33],[-13,0],[0,33]],[[7587,6903],[25,0],[0,-33],[-25,0],[0,33]],[[7624,6903],[13,0],[0,-33],[-13,0],[0,33]],[[8362,6935],[0,-65]],[[8362,6870],[-25,0],[0,33]],[[8337,6903],[12,0],[0,32],[13,0]],[[8387,6903],[0,-33]],[[8387,6870],[-13,0]],[[8374,6870],[0,33],[13,0]],[[1912,7064],[0,-226]],[[1912,6838],[-12,0],[0,97]],[[1900,6935],[-13,0]],[[1887,6935],[0,64]],[[4912,7096],[25,0]],[[4962,6903],[50,0]],[[5012,6870],[-25,0]],[[4987,6870],[0,-32]],[[4987,6838],[-75,0],[0,65]],[[4912,6903],[-12,0]],[[4887,6935],[0,32]],[[4887,6967],[25,0],[0,32],[13,0],[0,33],[-13,0]],[[4912,7032],[0,64]],[[5787,6967],[50,0]],[[5837,6935],[-25,0],[0,-32],[12,0],[0,-65]],[[5824,6838],[-12,0]],[[5812,6838],[0,32],[-13,0]],[[5799,6870],[0,33]],[[5799,6903],[-12,0]],[[5787,6903],[0,64]],[[5912,7032],[62,0]],[[5987,6967],[25,0]],[[6012,6967],[0,-64]],[[5999,6870],[-50,0]],[[5949,6903],[-25,0]],[[5924,6903],[0,-33],[-87,0]],[[5837,6870],[0,-32]],[[5837,6838],[-13,0]],[[5874,6967],[0,-32]],[[5874,6935],[38,0]],[[2675,6935],[12,0],[0,-97],[-25,0],[0,65],[13,0],[0,32]],[[5474,6903],[0,-65]],[[5474,6838],[-12,0]],[[5462,6838],[0,65]],[[5762,6903],[37,0]],[[5799,6870],[-12,0]],[[5787,6870],[0,-32]],[[5787,6838],[-13,0]],[[5774,6838],[0,32]],[[5774,6870],[-12,0],[0,33]],[[6499,6903],[25,0],[0,-65],[-12,0],[0,32],[-13,0],[0,33]],[[8874,6903],[13,0],[0,-65],[-13,0]],[[8874,6838],[0,65]],[[1587,6870],[0,-32]],[[1587,6838],[-12,0],[0,32],[12,0]],[[2012,6870],[13,0]],[[2025,6870],[0,-32]],[[2025,6838],[-13,0]],[[2012,6838],[0,32]],[[2025,6870],[12,0]],[[2037,6870],[0,-32]],[[2037,6838],[-12,0]],[[4987,6870],[13,0]],[[5000,6870],[0,-32]],[[5000,6838],[-13,0]],[[5000,6870],[12,0]],[[5012,6870],[0,-32],[-12,0]],[[5424,6870],[0,-32]],[[5424,6838],[-12,0],[0,32]],[[5499,6903],[25,0]],[[5524,6903],[0,-65],[-37,0]],[[5487,6838],[0,32],[12,0]],[[5499,6870],[0,33]],[[5549,6870],[0,-32]],[[5549,6838],[-12,0]],[[5537,6838],[0,32],[12,0]],[[5662,6870],[12,0],[0,-32],[-12,0],[0,32]],[[5687,6870],[12,0]],[[5699,6870],[0,-32]],[[5699,6838],[-12,0],[0,32]],[[5699,6870],[25,0]],[[5724,6870],[0,-32]],[[5724,6838],[-25,0]],[[5812,6838],[-13,0],[0,32]],[[7949,6870],[13,0],[0,-32],[-13,0],[0,32]],[[8137,6870],[25,0]],[[8162,6870],[0,-32],[-25,0]],[[8137,6838],[0,32]],[[8362,6870],[12,0]],[[8374,6870],[0,-32],[-12,0]],[[8362,6838],[0,32]],[[8462,6838],[-25,0]],[[8437,6838],[0,32],[12,0],[0,33],[13,0],[0,-65]],[[6287,6903],[12,0],[0,-33],[13,0],[0,-64]],[[6312,6806],[-13,0]],[[6299,6806],[0,32],[-12,0]],[[6287,6838],[0,65]],[[5062,6870],[62,0],[0,-32],[-25,0],[0,-32],[-37,0],[0,64]],[[5249,6870],[25,0]],[[5274,6870],[0,-32]],[[5274,6838],[-12,0],[0,-32]],[[5262,6806],[-13,0]],[[5249,6806],[0,64]],[[5812,6838],[0,-32]],[[5812,6806],[-25,0]],[[5787,6806],[0,64]],[[8287,6870],[37,0]],[[8324,6870],[0,-64],[-25,0]],[[8299,6806],[0,32],[-12,0],[0,32]],[[1587,6838],[13,0]],[[1600,6838],[0,-32]],[[1600,6806],[-13,0],[0,32]],[[5000,6838],[0,-32],[-13,0]],[[4987,6806],[0,32]],[[5274,6838],[0,-32]],[[5274,6806],[-12,0]],[[5549,6838],[0,-32]],[[5549,6806],[-12,0],[0,32]],[[5549,6838],[13,0]],[[5562,6838],[0,-32],[-13,0]],[[5637,6838],[12,0],[0,-32],[-12,0]],[[5637,6806],[0,32]],[[5737,6838],[12,0]],[[5749,6838],[0,-32]],[[5749,6806],[-12,0]],[[5737,6806],[0,32]],[[5787,6838],[0,-32]],[[5787,6806],[-13,0]],[[5774,6806],[0,32]],[[5812,6838],[25,0]],[[5837,6838],[0,-32]],[[5837,6806],[-25,0]],[[6299,6806],[-12,0]],[[6287,6806],[0,32]],[[8399,6838],[25,0],[0,-32],[-25,0],[0,32]],[[8487,6838],[12,0]],[[8499,6838],[0,-32]],[[8499,6806],[-12,0],[0,32]],[[8549,6838],[13,0],[0,-32],[-13,0]],[[8549,6806],[0,32]],[[5249,7096],[25,0]],[[5262,7032],[0,-65],[12,0],[0,-97]],[[5249,6870],[0,-96]],[[5249,6774],[-12,0]],[[5237,6774],[0,32],[-13,0]],[[5224,6806],[0,129]],[[5224,6935],[25,0]],[[5249,6935],[0,64]],[[5537,6935],[75,0]],[[5612,6935],[0,-32]],[[5612,6870],[0,-32]],[[5612,6838],[-25,0],[0,-64]],[[5587,6774],[-25,0]],[[5562,6774],[0,64]],[[5549,6870],[-25,0],[0,33]],[[1650,6903],[0,-33]],[[1662,6870],[0,-64]],[[1662,6806],[-12,0],[0,-32]],[[1650,6774],[-13,0],[0,32],[-12,0],[0,64]],[[2000,6870],[0,-96]],[[2000,6774],[-25,0]],[[1975,6774],[0,64],[12,0],[0,32],[13,0]],[[5474,6838],[13,0]],[[5487,6838],[0,-64],[-13,0]],[[5474,6774],[0,64]],[[5437,8451],[50,0],[0,-97],[37,0],[0,-32],[13,0],[0,-65],[-13,0],[0,-32],[-25,0],[0,-32],[-25,0],[0,-162],[-12,0],[0,33]],[[5449,7999],[-50,0]],[[5399,7967],[-25,0]],[[5387,7935],[0,-33],[75,0]],[[5462,7935],[62,0],[0,-33],[38,0]],[[5712,7580],[12,0]],[[5799,7580],[-12,0]],[[5824,7612],[0,-64]],[[5849,7515],[0,-32],[-12,0],[0,-64],[-25,0]],[[5812,7419],[0,-65],[-13,0],[0,-32],[-25,0],[0,-32],[-25,0],[0,-65],[-25,0],[0,-64]],[[5724,7161],[50,0],[0,-33],[13,0],[0,-32]],[[5787,7096],[-50,0]],[[5737,7096],[0,-32],[-13,0],[0,-129],[25,0],[0,-65]],[[5749,6870],[-50,0]],[[5699,6870],[0,97]],[[5674,6903],[-12,0]],[[5662,6870],[-25,0]],[[5637,6870],[0,-64]],[[5637,6806],[-38,0]],[[5599,6806],[0,-32],[-12,0]],[[5612,6838],[0,97]],[[5612,6935],[-50,0]],[[5549,6999],[-37,0],[0,33]],[[5512,7064],[0,64]],[[5462,7128],[-50,0],[0,65]],[[5412,7193],[-38,0],[0,97]],[[5374,7290],[-112,0]],[[5287,7193],[12,0]],[[5212,7128],[-25,0]],[[5187,7128],[0,-64],[-13,0]],[[5087,7032],[-75,0]],[[5000,7064],[0,-32]],[[4975,7032],[0,96]],[[4975,7128],[-13,0]],[[4962,7128],[0,129]],[[5012,7290],[-12,0]],[[5000,7322],[-25,0]],[[4975,7290],[-13,0]],[[4962,7322],[-25,0],[0,64]],[[4975,7386],[0,33]],[[5049,7548],[13,0]],[[5124,7644],[0,65]],[[5137,7741],[25,0]],[[5149,7773],[0,33]],[[5174,7838],[13,0],[0,32],[25,0]],[[5212,7838],[12,0]],[[5237,7806],[0,64]],[[5237,7870],[25,0]],[[5262,7870],[0,32]],[[5299,7999],[38,0]],[[5349,7967],[0,97]],[[5337,8064],[0,32],[-13,0],[0,32],[-12,0]],[[5312,8128],[0,65]],[[5299,8193],[0,64]],[[5274,8193],[-25,0],[0,-33],[-37,0]],[[5212,8128],[-13,0]],[[5199,8128],[0,97]],[[5249,8322],[50,0]],[[5299,8322],[0,-33]],[[5299,8289],[50,0]],[[5349,8289],[0,65]],[[5374,8322],[25,0]],[[5424,8322],[-12,0]],[[5162,7580],[0,-65]],[[5162,7483],[0,-32]],[[5199,7548],[-25,0]],[[5462,7548],[12,0]],[[5474,7515],[25,0]],[[5474,7451],[0,64]],[[5474,7515],[-25,0]],[[5549,7322],[0,-65]],[[5549,7257],[-12,0]],[[5537,7225],[25,0]],[[5587,7225],[25,0]],[[5262,7322],[37,0]],[[5299,7354],[-37,0]],[[5074,7257],[25,0]],[[5099,7290],[-25,0]],[[5137,7225],[0,32]],[[5149,7290],[-37,0]],[[5187,7225],[37,0]],[[5224,7257],[-12,0]],[[8474,6838],[0,-64]],[[8474,6774],[-12,0]],[[8462,6774],[0,32],[-13,0],[0,32],[25,0]],[[8474,6838],[13,0]],[[8499,6806],[0,-32]],[[8499,6774],[-25,0]],[[1662,6806],[0,-32]],[[1662,6774],[-12,0]],[[1662,6806],[13,0]],[[1675,6806],[0,-32]],[[1675,6774],[-13,0]],[[1900,6806],[12,0]],[[1912,6806],[0,-32],[-12,0]],[[1900,6774],[0,32]],[[2075,6806],[12,0],[0,-32],[-12,0],[0,32]],[[4875,6774],[0,32],[12,0],[0,-32],[-12,0]],[[5037,6774],[-13,0]],[[5024,6774],[0,32],[13,0],[0,-32]],[[5237,6774],[-13,0],[0,32]],[[5249,6806],[25,0]],[[5274,6806],[0,-32],[-25,0]],[[5249,6774],[0,32]],[[5674,6806],[13,0],[0,-32]],[[5687,6774],[-13,0],[0,32]],[[5749,6806],[0,-32]],[[5749,6774],[-12,0]],[[5737,6774],[0,32]],[[5949,6806],[13,0],[0,-32],[-13,0],[0,32]],[[5974,6806],[13,0],[0,-32],[-13,0],[0,32]],[[6162,6806],[12,0],[0,-32],[-12,0],[0,32]],[[6362,6806],[12,0]],[[6374,6806],[0,-32],[-12,0],[0,32]],[[6462,6806],[12,0],[0,-32],[-12,0],[0,32]],[[6999,6806],[13,0],[0,-32],[-13,0],[0,32]],[[7899,6806],[13,0],[0,-32],[-13,0],[0,32]],[[8299,6806],[13,0],[0,-32],[-13,0]],[[8299,6774],[0,32]],[[8374,6806],[13,0],[0,-32]],[[8387,6774],[-13,0],[0,32]],[[8874,6806],[13,0],[0,-32],[-13,0]],[[8874,6774],[0,32]],[[1775,7386],[0,-32]],[[1637,7386],[0,-64]],[[1600,7290],[25,0]],[[1625,7290],[0,-33]],[[1612,7032],[0,-97]],[[1625,6870],[-13,0],[0,33],[-25,0]],[[1587,6903],[0,-33]],[[1600,6806],[0,-65]],[[1600,6741],[-38,0],[0,33],[-12,0],[0,96],[-13,0],[0,65],[13,0],[0,32],[-13,0],[0,161]],[[1550,7128],[0,258]],[[1475,7677],[25,0]],[[1500,7644],[25,0]],[[1525,7644],[0,33]],[[1525,7677],[12,0]],[[1550,7612],[50,0]],[[1662,6870],[25,0],[0,-32],[13,0],[0,-32],[-13,0]],[[1687,6806],[0,-65]],[[1687,6741],[-12,0]],[[1675,6741],[0,65]],[[2912,6774],[13,0],[0,-33],[-38,0]],[[2887,6741],[0,65],[-12,0],[0,-65]],[[2875,6741],[-13,0],[0,33],[-12,0],[0,32],[-13,0],[0,32],[63,0],[0,-32],[12,0],[0,-32]],[[8387,6870],[0,-32]],[[8387,6838],[12,0]],[[8399,6838],[0,-64],[-12,0]],[[8374,6806],[0,-65],[-12,0]],[[8362,6741],[0,97]],[[2887,6741],[-12,0]],[[5774,6806],[38,0]],[[5812,6806],[0,-32],[-13,0]],[[5799,6774],[0,-33]],[[5799,6741],[-25,0]],[[5774,6741],[0,65]],[[6349,6806],[13,0]],[[6362,6806],[0,-65]],[[6362,6741],[-13,0],[0,65]],[[7124,6806],[13,0],[0,-65],[-13,0],[0,65]],[[1662,6774],[0,-33]],[[1662,6741],[-12,0],[0,33]],[[1675,6774],[0,-33]],[[1675,6741],[-13,0]],[[1875,6774],[12,0],[0,-33],[-12,0],[0,33]],[[2000,6774],[0,-33]],[[2000,6741],[-25,0]],[[1975,6741],[0,33]],[[2025,6774],[12,0],[0,-33]],[[2037,6741],[-12,0]],[[2025,6741],[0,33]],[[2125,6774],[12,0],[0,-33],[-12,0],[0,33]],[[4725,6774],[12,0],[0,-33]],[[4737,6741],[-12,0],[0,33]],[[4875,6774],[0,-33],[-13,0],[0,33],[13,0]],[[5037,6774],[0,64],[12,0],[0,-97],[-25,0],[0,33]],[[5362,6741],[0,33],[12,0],[0,-33],[-12,0]],[[5412,6774],[0,-33]],[[5412,6741],[-13,0]],[[5399,6741],[0,33],[13,0]],[[5412,6774],[25,0],[0,-33]],[[5437,6741],[-25,0]],[[6787,6741],[0,33],[12,0],[0,-33],[-12,0]],[[7374,6774],[13,0],[0,-33],[-13,0],[0,33]],[[8199,6774],[0,-33]],[[8199,6741],[-12,0]],[[8187,6741],[0,33],[12,0]],[[5324,7225],[25,0]],[[5349,7225],[0,-32]],[[5399,6999],[50,0]],[[5437,6935],[25,0]],[[5462,6935],[0,-97]],[[5474,6774],[-12,0],[0,-33]],[[5462,6741],[-13,0],[0,-32]],[[5449,6709],[-12,0]],[[5437,6709],[0,129],[-13,0]],[[5424,6838],[0,65]],[[5412,6935],[-13,0]],[[5337,7032],[0,32]],[[5287,7128],[37,0]],[[5324,7128],[0,97]],[[6749,7064],[-12,0],[0,-32],[-13,0],[0,64],[-12,0],[0,65],[-13,0],[0,-33],[-50,0],[0,33]],[[6649,7161],[25,0],[0,32],[13,0],[0,97],[-13,0],[0,-33],[-25,0],[0,-64],[-12,0],[0,32],[-13,0],[0,-258]],[[6624,6967],[13,0],[0,32],[12,0],[0,-32],[38,0],[0,-32],[37,0],[0,-65],[13,0],[0,-64],[25,0],[0,-32],[12,0],[0,-33],[13,0]],[[6787,6741],[0,-32],[-50,0],[0,32],[-38,0],[0,-32],[-12,0],[0,32],[-25,0],[0,-32],[-13,0],[0,32],[-50,0],[0,33],[-25,0],[0,32],[-12,0],[0,-32],[-13,0],[0,-33],[-25,0],[0,-32],[-37,0]],[[6487,6709],[0,97],[-25,0]],[[6462,6806],[0,161],[-13,0],[0,32]],[[6449,6999],[25,0],[0,33],[38,0],[0,-33],[12,0],[0,-32],[25,0],[0,161],[-12,0],[0,33],[-13,0],[0,64]],[[6524,7225],[13,0],[0,-32],[12,0],[0,64],[25,0],[0,33],[50,0],[0,-33],[13,0],[0,33],[25,0],[0,32],[12,0],[0,32],[13,0],[0,-32],[12,0],[0,-65],[13,0],[0,-32],[37,0],[0,32],[25,0],[0,-64],[50,0],[0,-32],[13,0],[0,-33],[25,0],[0,-64],[12,0],[0,-97],[-25,0],[0,32],[-12,0],[0,-32],[-25,0],[0,32],[-38,0],[0,-32],[13,0],[0,-97],[-13,0],[0,-32],[-25,0],[0,97],[13,0],[0,64],[-13,0],[0,65]],[[5712,6806],[12,0],[0,-97]],[[5724,6709],[-12,0],[0,97]],[[8299,6774],[-12,0],[0,-65]],[[8287,6709],[-13,0]],[[8274,6709],[0,32]],[[8274,6741],[-12,0],[0,65],[37,0]],[[8849,6709],[-12,0]],[[8837,6709],[0,65],[12,0],[0,-65]],[[1712,6709],[0,32],[13,0],[0,-32],[-13,0]],[[1975,6741],[12,0]],[[1987,6741],[0,-32]],[[1987,6709],[-12,0]],[[1975,6709],[0,32]],[[2050,6741],[12,0]],[[2062,6741],[0,-32]],[[2062,6709],[-12,0]],[[2050,6709],[0,32]],[[2887,6741],[0,-32],[-12,0],[0,32]],[[4787,6741],[13,0],[0,-32],[-13,0],[0,32]],[[5399,6741],[38,0]],[[5437,6741],[0,-32]],[[5437,6709],[-38,0]],[[5399,6709],[0,32]],[[5462,6741],[0,-32],[-13,0]],[[5562,6741],[12,0],[0,-32],[-12,0]],[[5562,6709],[0,32]],[[5662,6870],[0,-64],[12,0]],[[5687,6774],[0,-33],[-13,0]],[[5674,6741],[0,-32]],[[5674,6709],[-37,0]],[[5637,6709],[0,32],[12,0],[0,33],[-12,0],[0,32]],[[5637,6838],[0,32]],[[5799,6741],[0,-32]],[[5799,6709],[-25,0]],[[5774,6709],[0,32]],[[5837,6709],[-25,0]],[[5812,6709],[0,32],[25,0],[0,-32]],[[6137,6741],[25,0],[0,-32],[-25,0],[0,32]],[[6299,6741],[13,0],[0,-32],[-13,0],[0,32]],[[7874,6741],[13,0],[0,-32],[-13,0],[0,32]],[[8312,6709],[-25,0]],[[8287,6709],[0,32],[25,0],[0,-32]],[[2025,6806],[0,-65]],[[2025,6741],[25,0]],[[2050,6709],[-25,0]],[[2025,6709],[0,-32],[-13,0],[0,129],[13,0]],[[1875,6935],[25,0]],[[1912,6838],[0,32]],[[1925,6870],[0,-64]],[[1925,6806],[-25,0]],[[1900,6806],[0,-65]],[[1900,6741],[12,0],[0,-32],[-25,0],[0,-32],[-12,0]],[[1875,6677],[0,32],[-13,0]],[[1862,6709],[0,65],[13,0]],[[1875,6774],[0,32],[-13,0],[0,32],[25,0],[0,32],[-12,0],[0,65]],[[1675,6741],[0,-64]],[[1675,6677],[-13,0],[0,64]],[[4975,6741],[12,0],[0,-64],[-12,0]],[[4975,6677],[0,64]],[[5362,6741],[0,-64]],[[5362,6677],[-13,0]],[[5349,6677],[0,32],[-12,0]],[[5337,6709],[0,32],[25,0]],[[5362,6741],[37,0]],[[5399,6709],[-25,0]],[[5374,6709],[0,-32]],[[5374,6677],[-12,0]],[[8874,6774],[0,-65],[-12,0],[0,-32]],[[8862,6677],[-13,0]],[[8849,6677],[0,64],[13,0],[0,33],[12,0]],[[1600,6709],[0,-32]],[[1600,6677],[-13,0]],[[1587,6677],[0,32],[13,0]],[[1700,6709],[12,0]],[[1712,6709],[0,-32],[-12,0]],[[1700,6677],[0,32]],[[1812,6709],[13,0],[0,-32],[-13,0],[0,32]],[[1875,6677],[-13,0],[0,32]],[[2137,6709],[13,0],[0,-32],[-13,0],[0,32]],[[5349,6677],[-12,0],[0,32]],[[5412,6709],[25,0]],[[5437,6709],[0,-32]],[[5437,6677],[-25,0]],[[5412,6677],[0,32]],[[5587,6774],[0,-97],[-25,0],[0,32]],[[5562,6741],[0,33]],[[6024,6709],[13,0]],[[6037,6709],[0,-32]],[[6037,6677],[-13,0],[0,32]],[[6074,6709],[13,0],[0,-32],[-13,0],[0,32]],[[8274,6709],[25,0]],[[8299,6709],[0,-32]],[[8299,6677],[-25,0]],[[8274,6677],[0,32]],[[8362,6741],[0,-32]],[[8362,6709],[-13,0],[0,-32]],[[8349,6677],[-25,0]],[[8324,6677],[0,32],[13,0],[0,32],[25,0]],[[8362,6709],[25,0]],[[8387,6709],[0,-32]],[[8387,6677],[-25,0]],[[8362,6677],[0,32]],[[8387,6709],[12,0]],[[8399,6709],[0,-32]],[[8399,6677],[-12,0]],[[8399,6709],[13,0],[0,-32]],[[8412,6677],[-13,0]],[[8462,6709],[12,0],[0,-32]],[[8474,6677],[-12,0],[0,32]],[[8499,6709],[0,-32],[-12,0]],[[8487,6677],[0,32],[12,0]],[[8849,6709],[0,-32]],[[8849,6677],[-12,0],[0,32]],[[5599,6806],[25,0]],[[5624,6806],[0,-129],[-12,0],[0,-33]],[[5612,6644],[-25,0],[0,130]],[[1687,6741],[0,-32]],[[1687,6709],[13,0]],[[1700,6709],[0,-65]],[[1700,6644],[-13,0]],[[1687,6644],[0,33],[-12,0]],[[2062,6741],[25,0],[0,-64],[13,0]],[[2100,6677],[0,-33]],[[2100,6644],[-25,0]],[[2075,6644],[0,65],[-13,0]],[[1875,6677],[0,-33],[-38,0],[0,65],[25,0]],[[5374,6709],[38,0]],[[5412,6709],[0,-65]],[[5412,6644],[-13,0]],[[5399,6644],[0,33],[-25,0]],[[5649,6709],[25,0]],[[5674,6709],[0,-32],[-12,0],[0,-33]],[[5662,6644],[-13,0],[0,65]],[[5999,6709],[25,0]],[[6037,6677],[0,-33]],[[6037,6644],[-38,0]],[[5999,6644],[0,65]],[[6399,6677],[-12,0],[0,-33]],[[6387,6644],[-13,0]],[[6374,6644],[0,33],[-12,0]],[[6362,6677],[0,32],[37,0],[0,-32]],[[8299,6709],[13,0]],[[8312,6709],[0,-32],[12,0]],[[8324,6677],[0,-33],[-25,0]],[[8299,6644],[0,65]],[[1600,6677],[0,-33]],[[1600,6644],[-13,0],[0,33]],[[1600,6677],[12,0]],[[1612,6677],[0,-33]],[[1612,6644],[-12,0]],[[1687,6644],[-12,0]],[[1675,6644],[0,33]],[[2037,6677],[13,0]],[[2050,6677],[0,-33]],[[2050,6644],[-13,0],[0,33]],[[2100,6677],[12,0],[0,-33],[-12,0]],[[2875,6677],[12,0],[0,-33],[-12,0],[0,33]],[[4750,6644],[-13,0],[0,33],[13,0],[0,-33]],[[4837,6644],[-25,0]],[[4812,6644],[0,33],[25,0],[0,-33]],[[5137,6677],[12,0],[0,-33],[-12,0]],[[5137,6644],[0,33]],[[5287,6677],[12,0]],[[5299,6677],[0,-33],[-12,0],[0,33]],[[5374,6677],[0,-33]],[[5374,6644],[-12,0],[0,33]],[[5399,6644],[-25,0]],[[5412,6677],[12,0]],[[5424,6677],[0,-33]],[[5424,6644],[-12,0]],[[5412,6644],[0,33]],[[5424,6677],[13,0]],[[5437,6677],[0,-33],[-13,0]],[[5712,6677],[12,0],[0,-33]],[[5724,6644],[-12,0],[0,33]],[[5749,6677],[0,-33]],[[5749,6644],[-12,0],[0,33],[12,0]],[[5837,6644],[-13,0],[0,33],[13,0],[0,-33]],[[5874,6644],[-25,0]],[[5849,6644],[0,33],[25,0],[0,-33]],[[5999,6677],[0,-33]],[[5999,6644],[-12,0]],[[5987,6644],[0,33],[12,0]],[[6037,6677],[12,0],[0,-33]],[[6049,6644],[-12,0]],[[6162,6677],[12,0]],[[6174,6677],[0,-33],[-12,0]],[[6162,6644],[0,33]],[[6399,6677],[0,-33]],[[6399,6644],[-12,0]],[[6399,6677],[25,0],[0,-33],[-25,0]],[[6487,6644],[-13,0]],[[6474,6644],[0,33],[13,0],[0,-33]],[[6712,6677],[12,0],[0,-33],[-12,0],[0,33]],[[6824,6677],[13,0]],[[6837,6677],[0,-33]],[[6837,6644],[-13,0]],[[6824,6644],[0,33]],[[7262,6644],[-13,0],[0,33],[13,0],[0,-33]],[[7499,6709],[0,-65]],[[7499,6644],[-62,0],[0,33],[-13,0],[0,-33]],[[7424,6644],[-37,0]],[[7387,6644],[0,33],[12,0],[0,32],[38,0],[0,32],[50,0],[0,-32],[12,0]],[[8274,6677],[0,-33],[-25,0]],[[8249,6644],[0,33],[25,0]],[[8412,6677],[0,-33]],[[8412,6644],[-13,0]],[[8399,6644],[0,33]],[[2025,6935],[50,0]],[[2075,6935],[0,-32],[-13,0],[0,-33],[13,0],[0,-32],[-13,0],[0,-32],[-12,0],[0,-32],[12,0],[0,-33]],[[2062,6741],[-25,0]],[[2025,6774],[0,32]],[[2025,6709],[37,0]],[[2062,6709],[0,-32]],[[2062,6677],[-25,0]],[[2050,6644],[0,-32]],[[2050,6612],[-25,0]],[[2025,6612],[0,32]],[[2025,6644],[-25,0]],[[2000,6644],[0,33],[-13,0]],[[1987,6677],[0,64]],[[1987,6741],[13,0]],[[2000,6741],[0,162]],[[2000,6903],[25,0]],[[2012,6838],[25,0]],[[2037,6870],[-25,0]],[[5674,6741],[25,0],[0,-64]],[[5699,6677],[13,0]],[[5712,6677],[0,-65]],[[5712,6612],[-13,0]],[[5699,6612],[0,32],[-12,0],[0,-32]],[[5687,6612],[-13,0]],[[5674,6612],[0,129]],[[5274,6677],[13,0]],[[5299,6677],[13,0],[0,-65]],[[5312,6612],[-38,0]],[[5274,6612],[0,65]],[[5624,6806],[13,0]],[[5637,6709],[12,0]],[[5649,6709],[0,-97]],[[5649,6612],[-25,0]],[[5624,6612],[0,32]],[[5624,6644],[-12,0]],[[2012,6644],[13,0]],[[2025,6612],[-13,0]],[[2012,6612],[0,32]],[[2075,6644],[12,0]],[[2087,6644],[0,-32]],[[2087,6612],[-12,0],[0,32]],[[4812,6644],[13,0]],[[4825,6644],[0,-32]],[[4825,6612],[-13,0]],[[4812,6612],[0,32]],[[5324,6644],[13,0],[0,-32],[-13,0],[0,32]],[[5399,6644],[25,0]],[[5424,6644],[0,-32],[-25,0],[0,32]],[[5612,6644],[0,-32],[-13,0],[0,32],[13,0]],[[5662,6644],[12,0],[0,-32]],[[5674,6612],[-12,0],[0,32]],[[5699,6612],[-12,0]],[[5724,6644],[25,0]],[[5749,6644],[0,-32]],[[5749,6612],[-25,0],[0,32]],[[5749,6644],[13,0]],[[5762,6644],[0,-32]],[[5762,6612],[-13,0]],[[5762,6644],[12,0]],[[5774,6644],[0,-32],[-12,0]],[[5874,6644],[0,-32]],[[5874,6612],[-25,0],[0,32]],[[5962,6644],[12,0]],[[5974,6644],[0,-32]],[[5974,6612],[-12,0]],[[5962,6612],[0,32]],[[5974,6644],[13,0]],[[5987,6644],[0,-32],[-13,0]],[[6049,6644],[0,-32],[-12,0],[0,32]],[[6149,6677],[13,0]],[[6162,6677],[0,-65]],[[6162,6612],[-38,0],[0,32],[25,0],[0,33]],[[6187,6644],[12,0]],[[6199,6644],[0,-32]],[[6199,6612],[-12,0]],[[6187,6612],[0,32]],[[6199,6644],[13,0]],[[6212,6644],[0,-32]],[[6212,6612],[-13,0]],[[6412,6644],[37,0]],[[6449,6644],[0,-32]],[[6449,6612],[-37,0]],[[6412,6612],[0,32]],[[6449,6644],[25,0]],[[6474,6644],[0,-32]],[[6474,6612],[-25,0]],[[6512,6644],[12,0],[0,-32],[-12,0],[0,32]],[[6837,6644],[0,-32]],[[6837,6612],[-13,0]],[[6824,6612],[0,32]],[[6849,6612],[0,32],[13,0],[0,-32],[-13,0]],[[7187,6644],[37,0],[0,-32],[-37,0],[0,32]],[[7599,6644],[13,0],[0,-32],[-13,0],[0,32]],[[8124,6644],[13,0],[0,-32],[-13,0],[0,32]],[[8374,6644],[13,0]],[[8387,6644],[0,-32]],[[8387,6612],[-13,0]],[[8374,6612],[0,32]],[[8387,6644],[25,0]],[[8412,6644],[0,-32],[-25,0]],[[8512,6612],[0,32],[12,0],[0,-32],[-12,0]],[[8887,6644],[0,-32]],[[8887,6612],[-13,0]],[[8874,6612],[0,32],[13,0]],[[8887,6644],[12,0]],[[8899,6644],[0,-32]],[[8899,6612],[-12,0]],[[8249,6870],[38,0]],[[8274,6741],[0,-64]],[[8249,6644],[-12,0],[0,-32],[-25,0],[0,-32],[-13,0]],[[8199,6580],[0,64],[-12,0],[0,33],[-13,0]],[[8174,6677],[0,64]],[[8174,6741],[25,0]],[[8199,6741],[0,65]],[[8199,6806],[13,0],[0,32],[12,0],[0,32],[13,0],[0,33],[12,0],[0,-33]],[[8199,6580],[-12,0],[0,32],[-13,0]],[[8174,6612],[0,65]],[[8362,6677],[37,0]],[[8399,6644],[-25,0]],[[8374,6612],[-12,0],[0,-32],[-13,0],[0,32]],[[8349,6612],[-12,0]],[[8337,6612],[0,65]],[[8337,6677],[12,0]],[[8912,6774],[25,0],[0,-33],[-13,0],[0,-97],[-12,0],[0,-64]],[[8912,6580],[-13,0]],[[8899,6580],[0,64]],[[8887,6644],[0,33],[12,0],[0,32],[13,0],[0,65]],[[1612,6644],[0,-64],[-12,0],[0,64]],[[5624,6644],[0,-64]],[[5624,6580],[-12,0],[0,64]],[[5837,6644],[12,0]],[[5849,6644],[0,-64],[-12,0]],[[5837,6580],[0,64]],[[6474,6644],[25,0]],[[6499,6644],[0,-32],[-12,0],[0,-32],[-13,0]],[[6474,6580],[0,64]],[[8837,6644],[12,0],[0,-64],[-12,0],[0,64]],[[1700,6612],[12,0],[0,-32]],[[1712,6580],[-12,0]],[[1700,6580],[0,32]],[[1775,6612],[37,0],[0,-32],[-37,0],[0,32]],[[4825,6612],[0,-32],[-13,0],[0,32]],[[4862,6612],[13,0],[0,-32],[-13,0],[0,32]],[[5287,6612],[12,0]],[[5299,6612],[0,-32]],[[5299,6580],[-12,0]],[[5287,6580],[0,32]],[[5299,6612],[13,0]],[[5312,6612],[0,-32]],[[5312,6580],[-13,0]],[[5624,6612],[13,0]],[[5637,6612],[0,-32]],[[5637,6580],[-13,0]],[[5624,6580],[0,32]],[[5637,6612],[12,0]],[[5649,6612],[0,-32]],[[5649,6580],[-12,0]],[[5712,6612],[0,-32],[-13,0],[0,32]],[[5737,7096],[37,0]],[[5774,7096],[0,-64]],[[5787,7032],[0,-33],[12,0],[0,-32],[-12,0]],[[5787,6967],[0,-32]],[[5774,6903],[-12,0]],[[5774,6870],[0,-161]],[[5799,6709],[0,-32],[13,0],[0,-65]],[[5812,6612],[-25,0],[0,-32]],[[5787,6580],[-25,0],[0,32]],[[5774,6644],[-25,0]],[[5749,6677],[-50,0]],[[5699,6677],[0,32],[25,0]],[[5712,6806],[0,32],[12,0]],[[5724,6870],[25,0]],[[5737,6838],[0,-64]],[[5749,6774],[0,64]],[[5837,6580],[-38,0],[0,32],[13,0]],[[5799,6709],[75,0]],[[5874,6709],[0,65],[13,0],[0,-130],[-13,0]],[[5949,6612],[13,0]],[[5962,6612],[0,-32]],[[5962,6580],[-13,0],[0,32]],[[6224,6612],[25,0],[0,-32],[-25,0],[0,32]],[[6324,6612],[13,0],[0,-32],[-13,0],[0,32]],[[6412,6612],[12,0]],[[6424,6612],[0,-32]],[[6424,6580],[-12,0]],[[6412,6580],[0,32]],[[6424,6612],[50,0]],[[6474,6612],[0,-32]],[[6474,6580],[-50,0]],[[6812,6612],[37,0]],[[6849,6612],[0,-32]],[[6849,6580],[-62,0]],[[6787,6580],[0,32],[12,0],[0,32],[13,0],[0,-32]],[[7124,6580],[-37,0],[0,32],[37,0],[0,-32]],[[7424,6612],[13,0]],[[7437,6612],[0,-32]],[[7437,6580],[-13,0],[0,32]],[[7437,6612],[12,0]],[[7449,6612],[0,-32],[-12,0]],[[7537,6580],[-13,0]],[[7524,6580],[0,32],[13,0],[0,-32]],[[8062,6612],[12,0]],[[8074,6612],[0,-32]],[[8074,6580],[-12,0]],[[8062,6580],[0,32]],[[8312,6580],[-13,0],[0,32],[13,0],[0,-32]],[[8499,6612],[13,0]],[[8512,6612],[0,-32]],[[8512,6580],[-13,0],[0,32]],[[8899,6612],[0,-32]],[[8899,6580],[-12,0]],[[8887,6580],[0,32]],[[2087,6612],[0,-32]],[[2087,6580],[-12,0],[0,-32],[-13,0],[0,96],[13,0]],[[2112,6548],[0,64],[-12,0],[0,32]],[[2100,6677],[0,32],[25,0],[0,-65],[12,0],[0,-32],[-12,0],[0,-64],[-13,0]],[[8299,6677],[0,-33]],[[8324,6677],[13,0]],[[8337,6612],[-13,0]],[[8324,6612],[0,-32]],[[8324,6580],[-12,0]],[[8312,6580],[0,-32]],[[8312,6548],[-25,0]],[[8287,6548],[0,64]],[[8287,6612],[-38,0]],[[8249,6612],[0,32]],[[1612,6612],[13,0],[0,-64]],[[1625,6548],[-13,0],[0,64]],[[4825,6612],[12,0],[0,-64],[-12,0]],[[4825,6548],[0,64]],[[5387,6612],[25,0],[0,-64],[-25,0],[0,64]],[[8324,6612],[25,0]],[[8349,6612],[0,-64],[-12,0]],[[8337,6548],[0,32]],[[8337,6580],[-13,0]],[[5662,6580],[12,0],[0,-32],[-12,0]],[[5662,6548],[0,32]],[[5749,6580],[0,-32]],[[5749,6548],[-12,0]],[[5737,6548],[0,32],[12,0]],[[6037,6580],[25,0]],[[6062,6580],[0,-32]],[[6062,6548],[-25,0]],[[6037,6548],[0,32]],[[6062,6580],[12,0]],[[6074,6580],[0,-32]],[[6074,6548],[-12,0]],[[6474,6580],[0,-32]],[[6474,6548],[-50,0]],[[6424,6548],[0,32]],[[7124,6580],[13,0],[0,-32]],[[7137,6548],[-13,0],[0,32]],[[7199,6580],[25,0]],[[7224,6580],[0,-32]],[[7224,6548],[-25,0]],[[7199,6548],[0,32]],[[7462,6580],[12,0],[0,-32],[-12,0],[0,32]],[[7574,6580],[13,0]],[[7587,6580],[0,-32]],[[7587,6548],[-13,0]],[[7574,6548],[0,32]],[[8049,6580],[25,0]],[[8074,6580],[0,-32]],[[8074,6548],[-25,0],[0,32]],[[8087,6580],[12,0],[0,-32],[-12,0],[0,32]],[[8312,6580],[25,0]],[[8337,6548],[-25,0]],[[8512,6580],[12,0],[0,-32]],[[8524,6548],[-12,0],[0,32]],[[8699,6580],[13,0]],[[8712,6580],[0,-32],[-13,0]],[[8699,6548],[0,32]],[[8887,6580],[25,0]],[[8912,6580],[0,-32]],[[8912,6548],[-25,0]],[[8887,6548],[0,32]],[[8912,6580],[12,0],[0,-32],[-12,0]],[[5962,6580],[0,-65],[-25,0]],[[5937,6515],[0,65],[-50,0],[0,32],[62,0]],[[6024,6644],[13,0]],[[6049,6644],[13,0],[0,-64]],[[6037,6580],[0,-65]],[[6037,6515],[-25,0],[0,97],[12,0],[0,32]],[[2137,6580],[13,0],[0,-65],[-13,0],[0,65]],[[5749,6580],[38,0]],[[5787,6580],[0,-32],[-25,0],[0,-33],[-13,0]],[[5749,6515],[0,65]],[[6399,6580],[25,0]],[[6424,6548],[13,0]],[[6437,6548],[0,-33]],[[6437,6515],[-25,0]],[[6412,6515],[0,33],[-13,0],[0,32]],[[7412,6612],[12,0]],[[7437,6580],[0,-65],[-50,0],[0,65],[25,0],[0,32]],[[7912,6999],[0,-32],[12,0],[0,-64],[13,0],[0,-33],[-13,0],[0,-32],[-12,0],[0,32],[-13,0],[0,-64]],[[7899,6806],[-100,0],[0,32],[-37,0],[0,32],[12,0],[0,65],[-12,0],[0,-32],[-75,0],[0,-33],[-13,0],[0,33],[-25,0],[0,-33],[13,0],[0,-32],[12,0],[0,-32],[-62,0],[0,-32],[12,0],[0,-33],[-12,0],[0,-32],[37,0],[0,-65],[-25,0],[0,-32],[25,0],[0,-64],[-12,0],[0,32],[-25,0],[0,-32],[-13,0],[0,32]],[[7599,6580],[-25,0]],[[7574,6548],[-25,0]],[[7549,6548],[0,-33],[-62,0]],[[7487,6515],[0,65],[12,0],[0,-32],[13,0],[0,32]],[[7512,6580],[37,0]],[[7549,6580],[0,32],[13,0],[0,32],[37,0]],[[7599,6644],[0,33],[-25,0],[0,32],[13,0],[0,32],[-25,0],[0,33],[-38,0],[0,-33],[-12,0],[0,-32],[12,0],[0,-32],[-25,0]],[[7499,6677],[0,32]],[[7387,6644],[-13,0]],[[7374,6644],[0,33],[-25,0],[0,-33],[-12,0],[0,-32],[-63,0],[0,32],[-12,0]],[[7262,6644],[0,-32],[-25,0],[0,129],[-13,0],[0,-32],[-12,0],[0,-32],[-25,0],[0,32],[-25,0],[0,97],[12,0],[0,32],[38,0],[0,32],[37,0],[0,33],[38,0],[0,32],[125,0],[0,-32],[25,0],[0,32],[-13,0],[0,32],[-25,0],[0,32],[50,0],[0,33],[-12,0],[0,64],[12,0],[0,-32],[75,0],[0,-32],[13,0],[0,32],[12,0],[0,64],[13,0]],[[7662,7128],[0,65]],[[8199,6580],[0,-32],[-12,0],[0,-33]],[[8187,6515],[-25,0]],[[8162,6515],[0,65]],[[8162,6580],[12,0]],[[8174,6580],[0,32]],[[8287,6612],[0,-97]],[[8287,6515],[-38,0]],[[8249,6515],[0,33],[-12,0]],[[8237,6548],[0,32]],[[8237,6580],[12,0]],[[8249,6580],[0,32]],[[8562,6580],[12,0],[0,-65],[-12,0],[0,65]],[[8912,6999],[25,0],[0,-32]],[[8924,6903],[25,0],[0,-129],[-37,0]],[[8874,6612],[-12,0]],[[8862,6612],[0,-64],[-13,0],[0,-33],[-37,0],[0,33],[-25,0],[0,32],[12,0],[0,32],[25,0]],[[8824,6612],[0,65],[38,0]],[[8874,6806],[0,32]],[[8874,6903],[0,32],[13,0],[0,32]],[[1625,6548],[12,0]],[[1637,6548],[0,-33],[-12,0],[0,33]],[[1887,6548],[13,0]],[[1900,6548],[0,-33]],[[1900,6515],[-13,0],[0,33]],[[5749,6548],[0,-33]],[[5749,6515],[-12,0],[0,33]],[[5924,6548],[13,0],[0,-33]],[[5937,6515],[-13,0]],[[5924,6515],[0,33]],[[6437,6548],[37,0]],[[6474,6548],[0,-33]],[[6474,6515],[-37,0]],[[6512,6548],[12,0],[0,-33],[-12,0],[0,33]],[[6799,6548],[13,0]],[[6812,6548],[0,-33]],[[6812,6515],[-13,0],[0,33]],[[6812,6548],[12,0]],[[6824,6548],[0,-33]],[[6824,6515],[-12,0]],[[6837,6548],[25,0]],[[6862,6548],[0,-33]],[[6862,6515],[-25,0],[0,33]],[[7137,6548],[12,0],[0,-33],[-12,0],[0,33]],[[7212,6548],[12,0]],[[7224,6548],[0,-33]],[[7224,6515],[-12,0],[0,33]],[[7224,6548],[25,0],[0,-33]],[[7249,6515],[-25,0]],[[7274,6548],[13,0]],[[7287,6548],[0,-33]],[[7287,6515],[-13,0]],[[7274,6515],[0,33]],[[8137,6515],[-13,0]],[[8124,6515],[0,33],[13,0],[0,-33]],[[8249,6644],[0,-64]],[[8249,6580],[-25,0]],[[8224,6580],[0,-32],[-12,0],[0,-33],[-25,0]],[[8249,6515],[-12,0]],[[8237,6515],[0,33]],[[8299,6548],[13,0]],[[8312,6548],[0,-33]],[[8312,6515],[-13,0],[0,33]],[[8312,6548],[12,0],[0,-33]],[[8324,6515],[-12,0]],[[8899,6548],[13,0]],[[8912,6548],[0,-33],[-13,0],[0,33]],[[5287,6580],[25,0]],[[5312,6580],[0,-97]],[[5312,6483],[-13,0]],[[5299,6483],[0,65]],[[5299,6548],[-12,0]],[[5287,6548],[0,32]],[[5649,6580],[13,0]],[[5662,6548],[25,0]],[[5687,6548],[0,-65]],[[5687,6483],[-13,0],[0,32],[-25,0],[0,65]],[[2112,6548],[0,-65],[-12,0]],[[2100,6483],[0,32],[-13,0]],[[2087,6515],[0,33],[25,0]],[[5687,6548],[12,0]],[[5699,6548],[0,-65]],[[5699,6483],[-12,0]],[[5699,6548],[38,0]],[[5737,6548],[0,-65],[-38,0]],[[6787,6580],[37,0]],[[6824,6580],[0,-32]],[[6824,6548],[-25,0]],[[6812,6515],[0,-32]],[[6812,6483],[-50,0]],[[6762,6483],[0,65],[25,0],[0,32]],[[7187,6580],[12,0]],[[7199,6580],[0,-65]],[[7199,6515],[-12,0],[0,-32]],[[7187,6483],[-13,0],[0,65],[13,0],[0,32]],[[7299,6483],[0,65],[13,0],[0,-33],[12,0],[0,-32],[-25,0]],[[1900,6515],[37,0],[0,-32]],[[1937,6483],[-37,0]],[[1900,6483],[0,32]],[[1962,6515],[13,0],[0,-32],[-13,0],[0,32]],[[2100,6483],[-13,0],[0,32]],[[5312,6483],[0,32],[12,0],[0,-32],[-12,0]],[[5924,6548],[0,-65]],[[5924,6483],[-37,0],[0,32],[12,0],[0,33],[25,0]],[[5937,6515],[0,-32]],[[5937,6483],[-13,0]],[[5924,6483],[0,32]],[[5937,6515],[12,0],[0,-32],[-12,0]],[[6099,6483],[-12,0]],[[6087,6483],[0,32],[12,0],[0,-32]],[[6762,6483],[-38,0]],[[6724,6483],[0,32],[25,0],[0,65],[38,0]],[[7224,6515],[13,0]],[[7237,6515],[0,-32],[-13,0],[0,32]],[[7287,6515],[0,-32]],[[7287,6483],[-13,0]],[[7274,6483],[0,32]],[[7487,6515],[0,-32],[-13,0],[0,32],[13,0]],[[7999,6515],[13,0]],[[8012,6515],[0,-32]],[[8012,6483],[-13,0]],[[7999,6483],[0,32]],[[8287,6548],[12,0]],[[8312,6515],[0,-32],[-63,0],[0,32]],[[8287,6515],[0,33]],[[8599,6515],[0,-32]],[[8599,6483],[-12,0]],[[8587,6483],[0,32],[12,0]],[[5274,6548],[25,0]],[[5299,6483],[-12,0],[0,-32]],[[5287,6451],[-13,0],[0,97]],[[7337,6548],[25,0],[0,-33],[-13,0],[0,-64],[-12,0],[0,97]],[[4825,6451],[-13,0]],[[4812,6451],[0,64],[13,0],[0,-64]],[[6149,6515],[38,0],[0,-64]],[[6187,6451],[-13,0],[0,32]],[[6174,6483],[-25,0]],[[6149,6483],[0,32]],[[6924,6483],[25,0]],[[6949,6483],[0,-32]],[[6949,6451],[-37,0]],[[6912,6451],[0,32],[-13,0]],[[6899,6483],[0,32],[25,0],[0,-32]],[[8099,6515],[13,0]],[[8112,6515],[0,-64]],[[8112,6451],[-13,0]],[[8099,6451],[0,64]],[[8162,6548],[0,-33]],[[8187,6515],[0,-32]],[[8187,6483],[-63,0]],[[8124,6483],[0,-32]],[[8124,6451],[-12,0]],[[8112,6515],[37,0]],[[8149,6515],[0,33],[13,0]],[[8524,7193],[13,0]],[[8624,7032],[13,0],[0,-33],[-25,0],[0,-96],[-25,0],[0,-33],[-13,0],[0,-32],[-25,0]],[[8549,6806],[25,0],[0,-65],[13,0],[0,-32],[12,0],[0,-194]],[[8587,6483],[-25,0],[0,-32],[-63,0]],[[8499,6451],[0,32],[-12,0]],[[8487,6483],[0,32],[12,0],[0,33],[25,0]],[[8499,6612],[0,97]],[[8487,6677],[-13,0]],[[8462,6709],[0,65]],[[8462,6774],[37,0]],[[8499,6774],[0,64]],[[8499,6838],[-37,0]],[[8437,6838],[-50,0]],[[8437,6967],[0,65]],[[8437,7032],[25,0]],[[8462,7032],[0,64]],[[8462,7096],[25,0]],[[8487,7096],[0,65]],[[8487,7161],[37,0]],[[1687,6451],[-25,0]],[[1662,6451],[0,32],[25,0],[0,-32]],[[1900,6483],[25,0]],[[1925,6483],[0,-32]],[[1925,6451],[-25,0]],[[1900,6451],[0,32]],[[4812,6451],[-12,0],[0,32],[12,0],[0,-32]],[[4850,6483],[12,0],[0,-32],[-12,0],[0,32]],[[4887,6483],[0,-32]],[[4887,6451],[-12,0],[0,32],[12,0]],[[5299,6483],[0,-32]],[[5299,6451],[-12,0]],[[5312,6483],[0,-32]],[[5312,6451],[-13,0]],[[5924,6483],[0,-32],[-25,0],[0,32],[25,0]],[[6087,6483],[25,0]],[[6112,6483],[0,-32]],[[6112,6451],[-25,0],[0,32]],[[6899,6483],[0,-32],[-12,0],[0,32],[12,0]],[[6949,6483],[13,0]],[[6962,6483],[0,-32]],[[6962,6451],[-13,0]],[[7074,6451],[-12,0],[0,32],[12,0],[0,-32]],[[7287,6483],[12,0]],[[7299,6483],[0,-32],[-12,0],[0,32]],[[7362,6483],[50,0],[0,-32],[-50,0],[0,32]],[[8499,6451],[-12,0],[0,32]],[[8637,6483],[0,-32],[-13,0]],[[8624,6451],[0,32],[13,0]],[[8774,6451],[0,32],[13,0],[0,-32],[-13,0]],[[8812,6483],[25,0]],[[8837,6483],[0,-32]],[[8837,6451],[-25,0]],[[8812,6451],[0,32]],[[8837,6483],[12,0]],[[8849,6483],[0,-32]],[[8849,6451],[-12,0]],[[8849,6483],[13,0],[0,-32],[-13,0]],[[5987,6644],[37,0]],[[6037,6515],[0,-32]],[[6037,6483],[-13,0],[0,-32],[-12,0],[0,-32]],[[6012,6419],[-13,0]],[[5999,6419],[0,161],[-12,0]],[[5987,6580],[0,64]],[[5999,6419],[-12,0]],[[5987,6419],[0,161]],[[8699,6580],[0,-129]],[[8699,6451],[-12,0],[0,-32]],[[8687,6419],[-13,0]],[[8674,6419],[0,32],[-12,0],[0,32]],[[8662,6483],[-13,0],[0,32],[25,0],[0,33],[13,0],[0,64],[25,0],[0,-32]],[[1975,6774],[0,-65]],[[1987,6709],[0,-32]],[[2000,6644],[12,0]],[[2012,6612],[38,0]],[[2050,6612],[0,65]],[[2050,6677],[12,0]],[[2087,6580],[0,64]],[[2087,6644],[13,0]],[[2087,6515],[-25,0],[0,-32],[-12,0],[0,-32],[-13,0],[0,-32],[-12,0],[0,129],[-13,0],[0,-33],[-12,0],[0,-64],[-13,0]],[[1987,6451],[0,-32]],[[1987,6419],[-25,0]],[[1962,6419],[0,32]],[[1962,6451],[-37,0]],[[1925,6483],[12,0]],[[1900,6515],[0,129]],[[1900,6644],[37,0],[0,33],[25,0],[0,64],[-12,0],[0,33],[25,0]],[[6137,6483],[37,0]],[[6187,6451],[0,-32]],[[6187,6419],[-25,0],[0,32],[-13,0],[0,-32],[-12,0]],[[6137,6419],[0,64]],[[1675,6451],[0,-32]],[[1675,6419],[-25,0],[0,32],[25,0]],[[1912,6451],[25,0]],[[1937,6451],[0,-32]],[[1937,6419],[-25,0]],[[1912,6419],[0,32]],[[1937,6451],[13,0]],[[1950,6451],[0,-32]],[[1950,6419],[-13,0]],[[5287,6451],[25,0]],[[5312,6451],[0,-32]],[[5312,6419],[-25,0],[0,32]],[[5987,6419],[-13,0]],[[5974,6419],[0,32],[13,0],[0,-32]],[[6187,6451],[12,0],[0,-32],[-12,0]],[[7012,6419],[-13,0],[0,32],[13,0],[0,-32]],[[7074,6451],[13,0],[0,-32],[-13,0],[0,32]],[[7462,6451],[12,0],[0,-32],[-12,0],[0,32]],[[7487,6451],[12,0],[0,-32],[-12,0],[0,32]],[[7512,6451],[12,0],[0,-32],[-12,0],[0,32]],[[8624,6451],[0,-32],[-25,0]],[[8599,6419],[0,32],[25,0]],[[8699,6451],[0,-32],[-12,0]],[[8774,6451],[0,-32],[-12,0],[0,32],[12,0]],[[4887,6515],[25,0],[0,-32],[38,0],[0,-64]],[[4950,6419],[-50,0],[0,-33],[-13,0]],[[4887,6386],[0,129]],[[7424,6483],[13,0],[0,-97],[-13,0],[0,97]],[[1812,6451],[25,0],[0,-32],[-12,0],[0,-33],[-13,0],[0,65]],[[1950,6451],[12,0]],[[1962,6451],[0,-65]],[[1962,6386],[-12,0]],[[1950,6386],[0,65]],[[6512,6451],[12,0],[0,-32],[13,0],[0,-33],[-25,0],[0,65]],[[6762,6386],[-25,0],[0,65],[25,0],[0,-65]],[[8137,6451],[12,0],[0,-32],[13,0],[0,-33]],[[8162,6386],[-25,0]],[[8137,6386],[0,65]],[[8862,6612],[25,0]],[[8887,6612],[0,-64]],[[8887,6548],[12,0]],[[8899,6548],[0,-65],[-87,0]],[[8812,6451],[-13,0],[0,-32],[-12,0],[0,-33],[-63,0]],[[8724,6386],[0,65],[-25,0]],[[8699,6451],[0,97]],[[8712,6580],[62,0],[0,32],[13,0],[0,97],[37,0],[0,-97]],[[1750,6419],[12,0],[0,-33],[-12,0],[0,33]],[[1962,6419],[13,0]],[[1975,6419],[0,-33]],[[1975,6386],[-13,0]],[[1962,6386],[0,33]],[[1975,6419],[12,0]],[[1987,6419],[0,-33]],[[1987,6386],[-12,0]],[[4775,6419],[0,-33]],[[4775,6386],[-13,0],[0,33],[13,0]],[[4950,6419],[12,0],[0,-33]],[[4962,6386],[-12,0],[0,33]],[[5262,6386],[-13,0]],[[5249,6386],[0,33],[13,0],[0,-33]],[[5312,6419],[12,0],[0,-33],[-12,0]],[[5312,6386],[0,33]],[[5999,6419],[0,-33],[-12,0],[0,33]],[[6037,6419],[12,0],[0,-33]],[[6049,6386],[-12,0]],[[6037,6386],[0,33]],[[6337,6419],[12,0],[0,-33],[-12,0],[0,33]],[[6687,6419],[12,0]],[[6699,6419],[0,-33]],[[6699,6386],[-12,0]],[[6687,6386],[0,33]],[[6799,6386],[-12,0]],[[6787,6386],[0,33],[12,0],[0,-33]],[[6937,6419],[12,0],[0,-33],[-12,0],[0,33]],[[7312,6419],[12,0],[0,-33],[-12,0],[0,33]],[[7387,6419],[12,0],[0,-33],[-12,0],[0,33]],[[8524,6419],[13,0],[0,-33],[-13,0],[0,33]],[[8637,6419],[12,0],[0,-33],[-12,0],[0,33]],[[8674,6419],[0,-33],[-12,0],[0,33],[12,0]],[[8724,6386],[-37,0]],[[8687,6386],[0,33]],[[5287,6548],[-13,0]],[[5312,6419],[0,-65]],[[5312,6354],[-13,0],[0,32]],[[5299,6386],[-37,0]],[[5249,6386],[-12,0]],[[5237,6386],[0,33],[-13,0]],[[5224,6419],[0,96]],[[5224,6515],[13,0],[0,33],[-13,0],[0,32],[63,0]],[[7187,6483],[25,0],[0,-32],[12,0],[0,-32],[-12,0],[0,-65],[-13,0],[0,32],[-12,0],[0,97]],[[4775,6419],[25,0]],[[4800,6419],[0,-65],[-13,0],[0,32]],[[4787,6386],[-12,0]],[[7012,6419],[25,0]],[[7037,6419],[0,-65]],[[7037,6354],[-25,0],[0,65]],[[8524,6419],[0,-65],[-25,0],[0,65],[25,0]],[[1962,6386],[25,0]],[[1987,6386],[0,-32]],[[1987,6354],[-25,0],[0,32]],[[1987,6386],[25,0]],[[2012,6386],[0,-32],[-25,0]],[[2062,6386],[0,-32]],[[2062,6354],[-12,0]],[[2050,6354],[0,32],[12,0]],[[2062,6386],[13,0]],[[2075,6386],[0,-32]],[[2075,6354],[-13,0]],[[2812,6386],[0,-32],[-12,0]],[[2800,6354],[0,32],[12,0]],[[4525,6386],[0,-32],[-13,0]],[[4512,6354],[0,32],[13,0]],[[4962,6386],[13,0],[0,-32],[-13,0]],[[4962,6354],[0,32]],[[5187,6386],[0,-32],[-13,0],[0,32],[13,0]],[[5337,6386],[12,0]],[[5349,6386],[0,-32]],[[5349,6354],[-12,0]],[[5337,6354],[0,32]],[[5349,6386],[25,0],[0,-32]],[[5374,6354],[-25,0]],[[5599,6386],[0,-32]],[[5599,6354],[-12,0],[0,32],[12,0]],[[6049,6386],[13,0],[0,-32]],[[6062,6354],[-13,0]],[[6049,6354],[0,32]],[[6099,6386],[13,0],[0,-32],[-13,0],[0,32]],[[6699,6386],[0,-32]],[[6699,6354],[-12,0]],[[6687,6354],[0,32]],[[7037,6386],[12,0],[0,-32]],[[7049,6354],[-12,0]],[[7037,6354],[0,32]],[[8312,6354],[-25,0],[0,32],[25,0],[0,-32]],[[8599,6354],[0,32],[13,0],[0,-32],[-13,0]],[[8712,6386],[25,0],[0,-32],[-25,0]],[[8712,6354],[0,32]],[[8874,6386],[13,0],[0,-32],[-13,0],[0,32]],[[1925,6419],[25,0]],[[1950,6419],[0,-33]],[[1987,6354],[0,-32]],[[1987,6322],[-37,0],[0,32],[-25,0],[0,65]],[[6224,6419],[13,0],[0,-97]],[[6237,6322],[-13,0]],[[6224,6322],[0,97]],[[6912,6419],[12,0]],[[6924,6419],[0,-97]],[[6924,6322],[-12,0]],[[6912,6322],[0,97]],[[6074,6580],[75,0]],[[6149,6580],[0,-97]],[[6149,6483],[-12,0]],[[6137,6483],[0,-32]],[[6137,6451],[-25,0]],[[6112,6483],[-13,0]],[[6087,6483],[-13,0],[0,-32],[-37,0]],[[6037,6451],[0,-65]],[[6049,6354],[-12,0]],[[6037,6354],[0,-32]],[[6037,6322],[-13,0],[0,32],[-12,0]],[[6012,6354],[0,32]],[[6012,6386],[12,0],[0,33]],[[6024,6419],[-12,0]],[[6037,6483],[0,65]],[[6037,6548],[37,0]],[[6762,6386],[50,0]],[[6812,6386],[0,-32],[-25,0]],[[6787,6354],[0,-32]],[[6787,6322],[-25,0]],[[6762,6322],[0,64]],[[1700,6354],[12,0],[0,-32],[-12,0],[0,32]],[[4525,6386],[12,0],[0,-64],[-25,0],[0,32]],[[4850,6354],[25,0]],[[4875,6354],[0,-32],[-25,0]],[[4850,6322],[0,32]],[[5362,6354],[12,0]],[[5374,6354],[0,-32],[-12,0],[0,32]],[[5412,6354],[12,0],[0,-32],[-12,0]],[[5412,6322],[0,32]],[[5562,6354],[0,-32],[-13,0]],[[5549,6322],[0,32],[13,0]],[[6974,6354],[13,0],[0,-32],[-13,0],[0,32]],[[7237,6354],[12,0],[0,-32],[-12,0],[0,32]],[[8599,6354],[0,-32]],[[8599,6322],[-12,0]],[[8587,6322],[0,32],[12,0]],[[8674,6354],[25,0],[0,-32],[-25,0]],[[8674,6322],[0,32]],[[6937,6483],[-13,0]],[[6912,6451],[25,0]],[[6937,6451],[0,-32]],[[6937,6419],[-25,0]],[[6912,6419],[0,-33]],[[6912,6386],[-25,0],[0,-32],[-13,0],[0,-32],[-25,0],[0,-32],[-12,0],[0,64],[-13,0],[0,32]],[[6824,6386],[-25,0]],[[6787,6386],[-25,0]],[[6762,6322],[-25,0],[0,32]],[[6737,6354],[-38,0]],[[6699,6354],[0,129]],[[6699,6483],[113,0]],[[6824,6515],[0,65]],[[6824,6580],[25,0]],[[6849,6580],[0,-32]],[[6849,6548],[-12,0]],[[6862,6515],[0,65]],[[6862,6580],[62,0],[0,32],[13,0],[0,65],[12,0],[0,64],[38,0],[0,-129],[-13,0],[0,-32],[13,0],[0,-32],[-13,0],[0,-33],[-37,0],[0,-32]],[[5274,6386],[25,0]],[[5312,6354],[0,-32]],[[5312,6322],[-13,0]],[[5299,6322],[0,-32]],[[5299,6290],[-25,0],[0,96]],[[5999,6419],[25,0]],[[6012,6386],[0,-64]],[[6012,6322],[-13,0],[0,32],[-25,0],[0,-64]],[[5974,6290],[-12,0],[0,96],[12,0],[0,33]],[[5199,6354],[25,0],[0,-32],[13,0],[0,-32],[-38,0],[0,64]],[[8312,6354],[12,0],[0,-64],[-12,0],[0,64]],[[1775,6322],[12,0],[0,-32],[-12,0],[0,32]],[[1987,6322],[13,0],[0,-32],[-13,0]],[[1987,6290],[0,32]],[[2012,6322],[13,0],[0,-32],[-13,0],[0,32]],[[4737,6290],[-12,0]],[[4725,6290],[0,32],[12,0],[0,-32]],[[4787,6322],[13,0],[0,-32],[-13,0],[0,32]],[[4850,6322],[0,-32],[-13,0]],[[4837,6290],[0,32],[13,0]],[[5687,6322],[12,0],[0,-32],[-12,0]],[[5687,6290],[0,32]],[[6237,6322],[12,0]],[[6249,6322],[0,-32]],[[6249,6290],[-12,0]],[[6237,6290],[0,32]],[[6249,6322],[13,0]],[[6262,6322],[0,-32]],[[6262,6290],[-13,0]],[[6787,6322],[0,-32]],[[6787,6290],[-25,0],[0,32]],[[6799,6322],[13,0],[0,-32],[-13,0],[0,32]],[[6899,6322],[25,0]],[[6924,6322],[0,-32]],[[6924,6290],[-25,0],[0,32]],[[7912,6322],[0,-32]],[[7912,6290],[-25,0]],[[7887,6290],[0,32],[25,0]],[[8599,6322],[13,0]],[[8612,6322],[0,-32],[-13,0],[0,32]],[[8662,6322],[0,-32]],[[8662,6290],[-13,0],[0,32],[13,0]],[[6037,6322],[25,0],[0,-32],[-13,0],[0,-33]],[[6049,6257],[-12,0],[0,65]],[[6462,6322],[12,0],[0,-32],[13,0],[0,-33],[-25,0],[0,65]],[[1987,6290],[0,-33],[-25,0],[0,33],[25,0]],[[4750,6290],[12,0],[0,-33],[-12,0],[0,33]],[[4837,6290],[0,-33]],[[4837,6257],[-12,0]],[[4825,6257],[0,33],[12,0]],[[5162,6290],[12,0],[0,-33],[-12,0],[0,33]],[[5387,6257],[-13,0],[0,33],[13,0],[0,-33]],[[5849,6290],[13,0]],[[5862,6290],[0,-33],[-13,0],[0,33]],[[6287,6257],[-13,0],[0,33],[13,0],[0,-33]],[[6862,6257],[0,33],[12,0],[0,-33],[-12,0]],[[7037,6257],[0,33],[12,0],[0,-33],[-12,0]],[[7074,6290],[13,0],[0,-33],[-13,0],[0,33]],[[7187,6290],[12,0],[0,-33],[-12,0],[0,33]],[[8287,7032],[0,-65]],[[8312,7032],[12,0]],[[8324,7032],[0,-65]],[[8324,6967],[38,0]],[[8337,6903],[0,-65],[-13,0],[0,32]],[[8324,6870],[-75,0]],[[8199,6806],[0,-32]],[[8187,6741],[-13,0]],[[8174,6741],[0,-161]],[[8162,6580],[0,-32]],[[8149,6515],[-12,0]],[[8124,6515],[-25,0]],[[8099,6451],[25,0]],[[8124,6483],[13,0]],[[8137,6483],[0,-97]],[[8137,6386],[-38,0]],[[8099,6386],[0,-96],[38,0],[0,32],[25,0],[0,-32]],[[8162,6290],[-13,0],[0,-33],[-12,0]],[[8137,6257],[0,-32]],[[8137,6225],[-63,0]],[[8074,6225],[0,32],[-37,0],[0,-32],[-13,0],[0,32],[-25,0],[0,33],[-25,0],[0,32],[-62,0]],[[7912,6322],[0,32],[12,0],[0,32],[-12,0],[0,33],[-13,0],[0,32],[13,0],[0,32],[37,0],[0,32],[13,0],[0,-32],[12,0],[0,32],[13,0],[0,-32]],[[7987,6483],[25,0]],[[8012,6515],[12,0]],[[8024,6515],[0,33],[-12,0],[0,32],[12,0],[0,32],[13,0],[0,32],[12,0],[0,-32]],[[8049,6612],[13,0]],[[8062,6580],[-13,0]],[[8074,6548],[0,96]],[[8074,6644],[13,0],[0,33],[12,0],[0,32],[13,0],[0,65],[12,0],[0,-33],[13,0]],[[8137,6741],[0,97]],[[8162,6870],[50,0]],[[8212,6870],[0,97],[25,0],[0,32],[12,0],[0,33],[38,0]],[[8599,6483],[0,-64]],[[8637,6483],[25,0]],[[8687,6386],[25,0]],[[8712,6354],[-38,0]],[[8674,6322],[-12,0]],[[8662,6322],[0,32],[-25,0],[0,-32],[-13,0],[0,-32],[13,0],[0,-33],[-13,0]],[[8624,6257],[0,-32],[-12,0],[0,97]],[[8587,6322],[-25,0],[0,32],[12,0],[0,32],[13,0],[0,97]],[[1725,7193],[0,-32]],[[1887,6967],[0,-32]],[[1887,6935],[-12,0]],[[1900,6741],[0,33]],[[1912,6806],[13,0]],[[1962,6935],[-25,0]],[[1912,6967],[0,65]],[[1912,7032],[13,0]],[[1962,7064],[25,0]],[[1987,7096],[13,0],[0,65]],[[2000,7161],[25,0]],[[2037,7161],[25,0],[0,-33],[13,0],[0,33],[12,0],[0,-33],[13,0],[0,-32],[-63,0],[0,-32],[25,0],[0,-32],[13,0],[0,-33]],[[2075,6999],[-38,0]],[[2025,6935],[-25,0]],[[2000,6935],[0,-65]],[[1900,6644],[0,-96]],[[1900,6548],[-88,0]],[[1812,6548],[0,-65],[38,0],[0,32],[12,0],[0,-96],[-12,0],[0,-33],[12,0],[0,-32],[25,0],[0,-64],[-25,0],[0,-65]],[[1862,6225],[-25,0],[0,32],[-25,0],[0,65]],[[1812,6322],[13,0],[0,32],[-25,0],[0,32],[-13,0],[0,33],[-12,0],[0,32],[-13,0],[0,64],[-37,0],[0,33],[12,0],[0,32]],[[1737,6580],[-25,0]],[[1700,6612],[0,65]],[[1712,6709],[-25,0]],[[1687,6709],[0,97]],[[1675,7161],[0,-33]],[[1675,7128],[12,0]],[[1712,7096],[0,97]],[[4962,6290],[0,-33],[-25,0],[0,-32],[-12,0],[0,32],[-13,0]],[[4912,6257],[0,33],[50,0]],[[6962,6290],[12,0],[0,-65],[-12,0],[0,65]],[[1750,6257],[12,0]],[[1762,6257],[0,-32],[-12,0],[0,32]],[[2125,6257],[0,-32],[-13,0]],[[2112,6225],[0,32],[13,0]],[[4900,6257],[12,0]],[[4912,6257],[0,-32]],[[4912,6225],[-12,0]],[[4900,6225],[0,32]],[[5387,6257],[12,0],[0,-32],[-12,0],[0,32]],[[5774,6257],[25,0],[0,-32],[-25,0]],[[5774,6225],[0,32]],[[5824,6257],[0,-32],[-12,0]],[[5812,6225],[0,32],[12,0]],[[6287,6257],[12,0],[0,-32],[-12,0],[0,32]],[[6312,6257],[12,0],[0,-32],[-12,0],[0,32]],[[6862,6257],[0,-32],[-13,0],[0,32],[13,0]],[[7037,6257],[0,-32]],[[7037,6225],[-25,0],[0,32],[25,0]],[[7899,6257],[0,-32]],[[7899,6225],[-12,0]],[[7887,6225],[0,32],[12,0]],[[7974,6257],[13,0],[0,-32],[-13,0],[0,32]],[[8387,6257],[0,-32]],[[8387,6225],[-50,0],[0,32],[50,0]],[[6112,6451],[0,-32],[-25,0],[0,-97],[12,0],[0,-32],[25,0],[0,-33],[25,0],[0,-32],[13,0],[0,-32],[-38,0],[0,32],[-50,0],[0,32],[-25,0]],[[6037,6354],[25,0]],[[6037,6419],[0,32]],[[8162,6290],[62,0],[0,-33],[25,0],[0,-32],[-12,0],[0,-32],[-25,0],[0,32],[-25,0]],[[8187,6225],[0,32],[-25,0],[0,33]],[[6787,6257],[37,0],[0,-32],[13,0],[0,-32],[-50,0],[0,64]],[[8187,6225],[-25,0],[0,-32],[-25,0]],[[8137,6193],[0,64]],[[8662,6290],[0,-65],[-25,0]],[[8637,6225],[0,-32]],[[8637,6193],[-13,0],[0,64]],[[1787,6225],[13,0],[0,-32],[-13,0],[0,32]],[[4750,6225],[12,0],[0,-32]],[[4762,6193],[-12,0]],[[4750,6193],[0,32]],[[4812,6225],[13,0],[0,-32]],[[4825,6193],[-13,0]],[[4812,6193],[0,32]],[[5499,6225],[13,0],[0,-32],[-13,0]],[[5499,6193],[0,32]],[[6499,6225],[13,0],[0,-32],[-13,0],[0,32]],[[7037,6225],[12,0],[0,-32],[-12,0]],[[7037,6193],[0,32]],[[4825,7064],[0,32]],[[4837,7128],[75,0]],[[4912,7128],[0,-96]],[[4887,6967],[0,-64]],[[4887,6903],[25,0]],[[4987,6806],[25,0],[0,-65],[-37,0]],[[4975,6677],[-13,0],[0,-33],[-12,0],[0,-32],[-88,0]],[[4862,6612],[0,-64],[100,0],[0,32],[38,0],[0,32],[24,0],[0,32],[75,0],[0,33],[38,0]],[[5137,6644],[25,0],[0,33],[112,0]],[[5274,6612],[13,0]],[[5224,6515],[0,-64]],[[5224,6451],[-12,0],[0,-32],[-13,0],[0,-33],[-12,0]],[[5187,6386],[0,33],[-50,0],[0,-65],[-13,0],[0,-32],[-12,0],[0,-32],[-13,0],[0,-33],[-12,0],[0,97],[-75,0],[0,-32],[-25,0],[0,-32],[-25,0]],[[4962,6290],[0,64]],[[4887,6515],[0,-32]],[[4887,6451],[0,-32]],[[4887,6419],[-12,0],[0,-33],[-13,0],[0,-32]],[[4862,6354],[-12,0]],[[4825,6257],[-38,0]],[[4787,6257],[0,-64]],[[4787,6193],[-25,0]],[[4750,6225],[0,-64]],[[4750,6161],[-25,0]],[[4725,6161],[0,129]],[[4737,6290],[0,64],[13,0],[0,32],[37,0]],[[4800,6419],[-13,0],[0,32],[38,0]],[[4825,6451],[0,97]],[[4825,6644],[12,0]],[[4812,6644],[-62,0]],[[4750,6644],[0,97],[-13,0]],[[4725,6774],[0,32],[12,0],[0,64],[13,0],[0,162],[-13,0],[0,96],[63,0]],[[4725,6161],[-13,0]],[[4712,6161],[0,96],[13,0],[0,-96]],[[5599,6386],[25,0],[0,-32],[25,0],[0,-32],[38,0]],[[5687,6290],[62,0],[0,-33],[-62,0]],[[5687,6257],[0,-96],[-13,0],[0,32],[-12,0],[0,-32],[-25,0],[0,96],[12,0],[0,33],[-37,0],[0,-33],[-13,0],[0,65],[-12,0],[0,-32],[-13,0],[0,-65],[-25,0]],[[5549,6225],[0,97]],[[5562,6354],[37,0]],[[2112,6225],[0,-32],[13,0],[0,-32],[-25,0],[0,64],[12,0]],[[5449,6225],[50,0]],[[5499,6193],[25,0]],[[5524,6193],[0,-32]],[[5524,6161],[-37,0]],[[5487,6161],[0,32],[-38,0],[0,32]],[[5862,6225],[12,0],[0,-64],[-12,0],[0,64]],[[5924,6161],[-12,0],[0,64],[25,0],[0,-32],[-13,0],[0,-32]],[[6174,6193],[13,0],[0,-32],[-13,0],[0,32]],[[7037,6193],[0,-32]],[[7037,6161],[-38,0]],[[6999,6161],[0,32],[38,0]],[[7924,6193],[13,0],[0,-32],[-13,0],[0,32]],[[7962,6193],[12,0],[0,-32],[-12,0],[0,32]],[[8362,6193],[12,0],[0,-32],[-12,0],[0,32]],[[8399,6161],[-12,0]],[[8387,6161],[0,32],[12,0],[0,-32]],[[8637,6225],[12,0],[0,-64],[-37,0],[0,32],[25,0]],[[5312,6386],[25,0]],[[5337,6354],[25,0]],[[5374,6354],[38,0]],[[5412,6322],[25,0],[0,-65],[50,0],[0,-32],[-38,0]],[[5487,6161],[-88,0]],[[5399,6161],[0,-33],[-12,0],[0,33],[-50,0]],[[5337,6161],[0,64],[12,0],[0,32],[-50,0]],[[5299,6257],[0,65]],[[5312,6322],[0,64]],[[4900,6290],[0,-65]],[[4900,6225],[-13,0]],[[4887,6225],[0,-32],[-25,0],[0,-32],[-12,0],[0,-33]],[[4850,6128],[-25,0]],[[4825,6128],[0,65]],[[4825,6193],[12,0],[0,32],[13,0],[0,32],[12,0],[0,33],[38,0]],[[7862,6193],[37,0]],[[7899,6193],[0,-32],[-12,0],[0,-33]],[[7887,6128],[-13,0]],[[7874,6128],[0,33],[-12,0]],[[7862,6161],[0,32]],[[8124,6225],[13,0]],[[8137,6225],[0,-32]],[[8187,6225],[0,-64],[-13,0],[0,-33]],[[8174,6128],[-25,0],[0,33],[-25,0],[0,-33],[-12,0],[0,33]],[[8112,6161],[-25,0]],[[8087,6161],[0,32]],[[8087,6193],[37,0]],[[8124,6193],[0,32]],[[2187,6161],[13,0],[0,-33],[-13,0],[0,33]],[[2512,6161],[13,0],[0,-33]],[[2525,6128],[-13,0]],[[2512,6128],[0,33]],[[4825,6128],[-25,0]],[[4800,6128],[0,33],[12,0]],[[4812,6161],[0,32]],[[6999,6161],[0,-33]],[[6999,6128],[-12,0],[0,33],[12,0]],[[7037,6161],[0,-33],[-38,0]],[[7162,6161],[12,0]],[[7174,6161],[0,-33],[-12,0]],[[7162,6128],[0,33]],[[7862,6161],[0,-33]],[[7862,6128],[-13,0],[0,33],[13,0]],[[7874,6128],[-12,0]],[[8399,6161],[13,0],[0,-33],[-13,0]],[[8399,6128],[0,33]],[[2450,6193],[0,-65]],[[2450,6128],[-25,0]],[[2425,6128],[0,-32]],[[2425,6096],[-13,0],[0,65]],[[2412,6161],[13,0],[0,32],[25,0]],[[4725,6161],[0,-65]],[[4725,6096],[-13,0]],[[4712,6096],[0,65]],[[4750,6193],[25,0]],[[4775,6193],[0,-32],[-13,0],[0,-33],[-12,0],[0,-32]],[[4750,6096],[-25,0]],[[4750,6161],[0,32]],[[6087,6161],[37,0],[0,-33],[-12,0],[0,-32],[-13,0],[0,32],[-12,0],[0,33]],[[6224,6161],[38,0],[0,-33],[-13,0],[0,-32]],[[6249,6096],[-25,0],[0,65]],[[6387,6161],[0,-33],[-38,0],[0,-32]],[[6349,6096],[-12,0],[0,65],[50,0]],[[8012,6193],[37,0]],[[8049,6193],[0,-32],[25,0],[0,-33],[-25,0],[0,-32],[-25,0]],[[8024,6096],[0,32]],[[8024,6128],[-25,0]],[[7999,6128],[0,33]],[[7999,6161],[13,0],[0,32]],[[1775,6128],[12,0],[0,-32]],[[1787,6096],[-12,0],[0,32]],[[1862,6128],[13,0]],[[1875,6128],[0,-32],[-13,0]],[[1862,6096],[0,32]],[[2425,6128],[12,0]],[[2437,6128],[0,-32]],[[2437,6096],[-12,0]],[[2437,6128],[13,0]],[[2450,6128],[0,-32]],[[2450,6096],[-13,0]],[[2500,6128],[25,0]],[[2525,6128],[0,-32]],[[2525,6096],[-25,0]],[[2500,6096],[0,32]],[[4637,6096],[-25,0]],[[4612,6096],[0,32],[25,0],[0,-32]],[[4712,6096],[-12,0],[0,32],[12,0],[0,-32]],[[4800,6128],[0,-32]],[[4800,6096],[-13,0]],[[4787,6096],[0,32],[13,0]],[[6712,6128],[12,0],[0,-32],[-12,0],[0,32]],[[8012,6128],[12,0]],[[8024,6096],[-12,0]],[[8012,6096],[0,32]],[[8399,6128],[0,-32]],[[8399,6096],[-12,0],[0,32],[12,0]],[[6424,6515],[50,0]],[[6474,6548],[25,0],[0,32],[63,0],[0,32],[12,0],[0,-97],[13,0],[0,-32],[-13,0],[0,-97],[13,0],[0,-32],[25,0],[0,-32],[12,0],[0,-32],[13,0],[0,-65],[37,0],[0,-161],[-12,0],[0,32],[-50,0],[0,97],[-25,0],[0,97],[-50,0],[0,-65],[-13,0],[0,65],[-12,0],[0,32],[-13,0],[0,32],[-12,0],[0,32],[-25,0],[0,33],[-13,0],[0,32],[-25,0],[0,64]],[[2100,6483],[0,-32],[12,0],[0,-32],[13,0],[0,-33],[-25,0],[0,33],[-38,0],[0,-33]],[[2050,6354],[25,0]],[[2075,6386],[12,0]],[[2087,6386],[0,-64],[13,0],[0,-32],[12,0],[0,64],[13,0],[0,-32],[12,0],[0,-32],[-12,0],[0,-33]],[[2125,6257],[12,0],[0,-64],[13,0],[0,32],[12,0],[0,-64],[-12,0],[0,-33],[-13,0],[0,-64],[-12,0],[0,32],[-13,0],[0,32],[-50,0],[0,33],[25,0],[0,32],[-12,0],[0,64],[-13,0],[0,33],[-25,0],[0,64],[-12,0],[0,32]],[[2025,6386],[-38,0]],[[1987,6386],[0,65]],[[7137,6161],[12,0]],[[7149,6161],[0,-97],[-12,0]],[[7137,6064],[0,97]],[[2462,6128],[13,0]],[[2475,6128],[0,-64],[-13,0],[0,64]],[[2300,6064],[0,32],[12,0],[0,-32],[-12,0]],[[2500,6096],[0,-32],[-13,0],[0,32],[13,0]],[[2525,6128],[12,0],[0,-64],[-25,0],[0,32],[13,0]],[[4500,6096],[0,-32],[-13,0]],[[4487,6064],[0,32],[13,0]],[[5437,6064],[0,32],[12,0],[0,-32],[-12,0]],[[7037,6354],[37,0]],[[7074,6354],[0,-32],[25,0],[0,-97],[13,0]],[[7112,6225],[0,-32],[-25,0],[0,32],[-13,0],[0,-32],[-12,0],[0,-32],[-25,0]],[[6999,6128],[0,-32],[-25,0],[0,-32],[-25,0]],[[6949,6064],[0,32],[13,0],[0,65],[12,0],[0,32],[13,0],[0,32],[12,0],[0,97],[13,0],[0,-32],[12,0],[0,32],[13,0],[0,32]],[[7862,6096],[12,0]],[[7874,6096],[0,-32]],[[7874,6064],[-12,0]],[[7862,6064],[0,32]],[[7937,6064],[-13,0],[0,32],[13,0],[0,-32]],[[8024,6096],[0,-32],[-12,0]],[[8012,6064],[0,32]],[[8124,6096],[13,0],[0,-32],[-13,0],[0,32]],[[8224,6064],[0,32],[13,0],[0,-32],[-13,0]],[[8074,6225],[50,0]],[[8124,6193],[-112,0]],[[7999,6161],[0,-65]],[[7999,6096],[-25,0],[0,-32],[-37,0]],[[7937,6064],[0,-32],[-38,0],[0,32],[-12,0],[0,-32],[-13,0]],[[7874,6032],[0,64]],[[7862,6096],[0,32]],[[7862,6128],[25,0]],[[7899,6193],[-25,0]],[[7874,6193],[0,32]],[[7874,6225],[25,0]],[[7899,6225],[0,65]],[[7899,6290],[13,0]],[[5912,6096],[12,0],[0,-64]],[[5924,6032],[-12,0],[0,64]],[[6737,6096],[12,0],[0,-64],[-12,0],[0,64]],[[2300,6064],[0,-32],[-13,0],[0,32],[13,0]],[[2775,6032],[-13,0]],[[2762,6032],[0,32],[13,0],[0,-32]],[[4500,6096],[12,0],[0,-64]],[[4512,6032],[-25,0]],[[4487,6032],[0,32]],[[5437,6064],[0,-32],[-13,0]],[[5424,6032],[0,32],[13,0]],[[6037,6032],[0,32],[12,0],[0,-32],[-12,0]],[[6399,6064],[13,0]],[[6412,6064],[0,-32],[-13,0],[0,32]],[[6949,6064],[0,-32],[-12,0]],[[6937,6032],[0,32],[12,0]],[[7799,6064],[13,0],[0,-32],[-13,0],[0,32]],[[8212,6064],[12,0]],[[8224,6064],[0,-32]],[[8224,6032],[-12,0]],[[8212,6032],[0,32]],[[1925,6161],[37,0]],[[1962,6161],[0,-33],[-12,0],[0,-129]],[[1950,5999],[-13,0],[0,97],[-12,0],[0,65]],[[5924,6161],[38,0],[0,-65],[37,0]],[[5999,6096],[0,-32],[-12,0],[0,-65]],[[5987,5999],[-13,0]],[[5974,5999],[0,33],[-12,0],[0,-33]],[[5962,5999],[-25,0]],[[5937,5999],[0,33],[-13,0]],[[5912,6096],[0,32],[12,0],[0,33]],[[7224,6128],[50,0]],[[7274,6128],[0,-32],[25,0],[0,-32],[13,0]],[[7312,6064],[0,-65]],[[7312,5999],[-50,0]],[[7262,5999],[0,33]],[[7262,6032],[-25,0]],[[7237,6032],[0,32],[-13,0],[0,64]],[[4887,6419],[0,-33]],[[4962,6386],[0,-96]],[[4900,6257],[0,33]],[[4812,6225],[0,-64]],[[4787,6096],[-12,0]],[[4775,6096],[0,-32]],[[4775,6064],[-38,0]],[[4737,6064],[0,-32],[-12,0],[0,-33]],[[4725,5999],[-25,0]],[[4700,5999],[0,33]],[[4700,6032],[-13,0]],[[4687,6032],[0,64],[63,0]],[[4775,6193],[12,0]],[[4787,6257],[50,0]],[[4875,6354],[-13,0]],[[4637,6096],[0,-32],[-12,0],[0,-65]],[[4625,5999],[-25,0]],[[4600,5999],[0,65],[12,0],[0,32]],[[8374,6064],[13,0],[0,-65],[-13,0]],[[8374,5999],[0,65]],[[1812,6032],[13,0],[0,-33]],[[1825,5999],[-13,0],[0,33]],[[4512,6032],[0,-33]],[[4512,5999],[-25,0]],[[4487,5999],[0,33]],[[4600,5999],[-13,0],[0,33],[13,0],[0,-33]],[[5937,5999],[-13,0],[0,33]],[[5974,5999],[-12,0]],[[6237,5999],[-13,0],[0,33],[13,0],[0,-33]],[[6262,5999],[0,33],[12,0],[0,-33],[-12,0]],[[6937,6032],[0,-33],[-25,0]],[[6912,5999],[0,33],[25,0]],[[8224,6032],[0,-33]],[[8224,5999],[-12,0]],[[8212,5999],[0,33]],[[8612,6032],[0,-33],[-13,0]],[[8599,5999],[0,33],[13,0]],[[6012,6322],[0,32]],[[6049,6257],[0,-32],[-12,0],[0,-64],[12,0],[0,32],[25,0],[0,-65],[-75,0],[0,-32]],[[5912,6096],[-13,0],[0,65],[-12,0],[0,-33],[-13,0],[0,-32],[-12,0],[0,-129],[-13,0],[0,194],[-25,0],[0,32],[-12,0],[0,32]],[[5824,6257],[13,0],[0,33],[12,0]],[[5862,6290],[25,0],[0,-33],[62,0],[0,33],[25,0]],[[5337,6161],[0,-65],[62,0],[0,-32],[-12,0],[0,-32],[-13,0],[0,-65],[-12,0],[0,65],[-13,0],[0,32],[-12,0],[0,-32],[-13,0],[0,32],[-12,0],[0,-32],[-13,0],[0,-33],[-25,0],[0,129],[-12,0],[0,33],[75,0]],[[4700,6032],[0,-65]],[[4700,5967],[-13,0],[0,32],[-12,0]],[[4675,5999],[0,65],[12,0],[0,-32]],[[5999,6096],[13,0],[0,-32],[12,0],[0,-32],[13,0]],[[6037,6032],[0,-65],[-25,0]],[[6012,5967],[0,32],[-25,0]],[[4512,6032],[13,0],[0,32],[37,0],[0,-32],[13,0],[0,-65],[-25,0],[0,32],[-38,0]],[[8074,5967],[0,65],[13,0],[0,-65],[-13,0]],[[8599,5999],[-12,0],[0,-32]],[[8587,5967],[-13,0]],[[8574,5967],[0,65],[13,0],[0,32],[25,0],[0,-32]],[[1875,5967],[0,32],[12,0],[0,-32],[-12,0]],[[1925,5999],[0,-32],[-13,0],[0,32],[13,0]],[[2300,5999],[12,0],[0,-32],[-12,0]],[[2300,5967],[0,32]],[[4512,5999],[0,-32],[-25,0],[0,32]],[[5987,5999],[0,-32]],[[5987,5967],[-13,0]],[[5974,5967],[0,32]],[[6012,5967],[-25,0]],[[6062,5999],[12,0],[0,-32],[-12,0],[0,32]],[[6249,5999],[13,0]],[[6262,5999],[0,-32],[-13,0],[0,32]],[[6912,5999],[0,-32],[-13,0]],[[6899,5967],[0,32],[13,0]],[[7662,5999],[12,0]],[[7674,5999],[0,-32]],[[7674,5967],[-12,0]],[[7662,5967],[0,32]],[[7874,5999],[13,0],[0,-32],[-13,0]],[[7874,5967],[0,32]],[[8187,5999],[25,0]],[[8212,5999],[0,-32]],[[8212,5967],[-25,0]],[[8187,5967],[0,32]],[[5012,6225],[12,0],[0,-64],[-12,0],[0,-33],[50,0],[0,33],[37,0],[0,-33],[13,0],[0,-96],[12,0],[0,-33],[-12,0],[0,-32],[-13,0],[0,32],[-50,0],[0,-64],[-12,0],[0,32],[-50,0],[0,97],[13,0],[0,129],[12,0],[0,32]],[[4737,6064],[25,0]],[[4762,6064],[0,-97],[-12,0],[0,-32],[-13,0],[0,32],[-25,0],[0,32]],[[4712,5999],[13,0]],[[5962,5999],[0,-32],[-13,0],[0,-32]],[[5949,5935],[-12,0],[0,64]],[[8587,5967],[0,-32],[-25,0],[0,64],[12,0],[0,-32]],[[2762,5967],[25,0],[0,-32]],[[2787,5935],[-25,0]],[[2762,5935],[0,32]],[[4637,5967],[0,-32],[-25,0]],[[4612,5935],[0,32],[25,0]],[[5987,5967],[0,-32],[-13,0],[0,32]],[[6899,5967],[0,-32],[-12,0]],[[6887,5935],[0,32],[12,0]],[[7112,5967],[12,0]],[[7124,5967],[0,-32],[-12,0]],[[7112,5935],[0,32]],[[7224,5935],[-12,0],[0,32],[12,0],[0,-32]],[[8224,6580],[13,0]],[[8237,6580],[0,-65]],[[8324,6515],[0,-32],[25,0],[0,-64],[13,0],[0,-65],[12,0],[0,-32],[13,0],[0,-65]],[[8387,6225],[0,-64]],[[8399,6096],[0,-32],[-25,0]],[[8374,5999],[-12,0],[0,-64],[-13,0],[0,-32]],[[8349,5903],[-12,0]],[[8337,5903],[0,64]],[[8337,5967],[-25,0],[0,32],[-13,0],[0,33],[-12,0],[0,64],[-13,0],[0,32],[-37,0],[0,33],[-25,0],[0,-33],[-38,0]],[[8099,6386],[63,0]],[[8137,6451],[0,32]],[[8137,6483],[50,0]],[[7249,6032],[13,0]],[[7262,6032],[0,-65]],[[7262,5967],[12,0],[0,-32],[25,0],[0,-32]],[[7299,5903],[-37,0],[0,32],[-13,0],[0,97]],[[1975,5935],[0,-32]],[[1975,5903],[-13,0],[0,64],[-12,0],[0,32]],[[1950,5999],[12,0],[0,97],[13,0],[0,32],[12,0],[0,-129],[13,0],[0,-32],[-13,0],[0,-32],[-12,0]],[[2300,5967],[0,-64]],[[2300,5903],[-13,0],[0,64],[13,0]],[[6012,5967],[0,-32],[-13,0],[0,-32]],[[5999,5903],[-12,0],[0,64]],[[8062,5967],[12,0]],[[8074,5967],[0,-64]],[[8074,5903],[-12,0]],[[8062,5903],[0,64]],[[8187,5967],[12,0]],[[8199,5967],[0,-64]],[[8199,5903],[-12,0]],[[8187,5903],[0,64]],[[8287,5903],[-25,0],[0,64],[12,0],[0,-32],[13,0],[0,-32]],[[1912,5903],[-12,0]],[[1900,5903],[0,32],[12,0],[0,-32]],[[2775,5935],[12,0]],[[2787,5935],[0,-32]],[[2787,5903],[-12,0],[0,32]],[[5599,5935],[13,0],[0,-32],[-13,0],[0,32]],[[6574,5935],[0,-32]],[[6574,5903],[-12,0]],[[6562,5903],[0,32],[12,0]],[[6887,5935],[0,-32]],[[6887,5903],[-13,0],[0,32],[13,0]],[[7162,5935],[12,0]],[[7174,5935],[0,-32]],[[7174,5903],[-12,0]],[[7162,5903],[0,32]],[[7174,5935],[25,0]],[[7199,5935],[0,-32]],[[7199,5903],[-25,0]],[[7762,5935],[12,0],[0,-32],[-12,0],[0,32]],[[8199,5935],[13,0],[0,-32]],[[8212,5903],[-13,0]],[[8199,5903],[0,32]],[[8099,6161],[13,0]],[[8174,6128],[0,-32],[-12,0],[0,-64]],[[8162,6032],[-13,0]],[[8149,6032],[0,-162],[-62,0]],[[8087,5870],[0,33]],[[8087,5903],[-13,0]],[[8062,5967],[0,-32]],[[8062,5935],[-25,0],[0,32],[12,0],[0,32],[-12,0],[0,33],[25,0],[0,32],[12,0],[0,32],[13,0],[0,32],[12,0],[0,33]],[[1862,5903],[0,-33]],[[1862,5870],[-12,0],[0,33],[12,0]],[[2012,5903],[13,0],[0,-33],[-13,0],[0,33]],[[2300,5903],[12,0],[0,-33]],[[2312,5870],[-12,0],[0,33]],[[5124,5903],[13,0],[0,-33],[-13,0],[0,33]],[[5962,5870],[-13,0]],[[5949,5870],[0,33],[13,0],[0,-33]],[[5999,5903],[13,0],[0,-33]],[[6012,5870],[-13,0]],[[5999,5870],[0,33]],[[6412,5903],[12,0]],[[6424,5903],[0,-33],[-12,0]],[[6412,5870],[0,33]],[[6512,5903],[0,-33]],[[6512,5870],[-25,0],[0,33],[25,0]],[[6524,5903],[13,0],[0,-33]],[[6537,5870],[-13,0]],[[6524,5870],[0,33]],[[7087,5903],[12,0]],[[7099,5903],[0,-33],[-12,0]],[[7087,5870],[0,33]],[[7124,5903],[25,0]],[[7149,5903],[0,-33]],[[7149,5870],[-25,0]],[[7124,5870],[0,33]],[[7149,5903],[13,0]],[[7162,5903],[0,-33]],[[7162,5870],[-13,0]],[[7199,5903],[13,0],[0,-33],[-13,0],[0,33]],[[7299,5903],[25,0],[0,-33]],[[7324,5870],[-25,0],[0,33]],[[7787,5903],[12,0]],[[7799,5903],[0,-33]],[[7799,5870],[-12,0]],[[7787,5870],[0,33]],[[8287,5903],[25,0],[0,-33]],[[8312,5870],[-25,0],[0,33]],[[8349,5903],[0,-33],[-12,0]],[[8337,5870],[0,33]],[[2512,7419],[-25,0]],[[2512,7386],[25,0]],[[2537,7354],[100,0],[0,-32]],[[2662,7257],[25,0],[0,-96],[25,0],[0,-65]],[[2725,7096],[0,97]],[[2725,7225],[0,32],[25,0]],[[2750,7257],[0,65]],[[3200,7548],[12,0],[0,-33],[13,0]],[[3225,7515],[0,-64],[-13,0],[0,-65]],[[3212,7386],[13,0],[0,-32],[75,0],[0,32],[25,0],[0,-64],[25,0],[0,-32],[-13,0],[0,-33],[-25,0],[0,-32],[-37,0]],[[3275,7193],[-38,0],[0,-32],[-25,0],[0,-33],[-25,0],[0,-32],[-25,0],[0,32],[-12,0],[0,65]],[[3150,7193],[-25,0],[0,-32],[-63,0]],[[3037,7128],[0,-64]],[[2962,6935],[38,0],[0,-32],[-50,0],[0,-97],[-13,0],[0,-32],[-25,0]],[[2887,6741],[25,0],[0,-64],[-12,0],[0,-162],[-13,0],[0,-32],[-25,0],[0,-32],[-12,0],[0,-32],[-38,0],[0,-33]],[[2800,6354],[-13,0],[0,-32],[-12,0],[0,-32],[-25,0],[0,-194],[12,0],[0,-97]],[[2762,5999],[-25,0]],[[2737,5999],[0,-161]],[[2737,5838],[-12,0],[0,32],[-13,0],[0,33],[-12,0],[0,64],[-13,0],[0,65],[13,0],[0,32],[-13,0],[0,32],[-12,0],[0,32],[-25,0],[0,-32],[-25,0],[0,32],[-13,0],[0,33],[-100,0]],[[2512,6128],[-12,0]],[[2500,6096],[-25,0],[0,32]],[[2462,6128],[0,-32],[-12,0]],[[2450,6096],[0,97]],[[2412,6161],[0,-33],[-12,0],[0,-32],[-13,0]],[[2387,6096],[0,65],[-75,0],[0,-33],[-25,0],[0,33],[13,0],[0,32],[12,0],[0,97],[25,0],[0,96],[13,0],[0,33],[-25,0],[0,32],[12,0],[0,32],[13,0],[0,32],[25,0],[0,33],[-25,0],[0,64],[12,0],[0,32],[13,0],[0,65],[12,0],[0,32],[13,0],[0,33],[12,0],[0,32],[38,0],[0,-32],[25,0],[0,64],[12,0],[0,-32],[13,0],[0,-65],[12,0],[0,-32],[13,0],[0,32],[12,0],[0,-32],[13,0],[0,32],[12,0],[0,33],[25,0],[0,32],[-12,0],[0,64],[25,0],[0,97],[12,0],[0,32],[-12,0]],[[2600,6999],[0,97]],[[2587,7096],[0,65]],[[2600,7161],[0,64],[25,0]],[[2575,7257],[0,-96]],[[2562,7096],[-25,0],[0,65],[-12,0],[0,32],[-13,0],[0,-32],[-37,0],[0,64],[-25,0],[0,-32],[-25,0],[0,64],[-25,0],[0,-96],[-13,0],[0,64],[-12,0],[0,32],[-13,0],[0,65],[-25,0],[0,97],[13,0]],[[2350,7419],[0,32]],[[2387,7483],[-50,0]],[[2337,7483],[0,32],[-25,0],[0,97]],[[2312,7612],[-37,0]],[[2262,7612],[-12,0]],[[2250,7612],[0,32]],[[2250,7644],[-25,0]],[[3212,7386],[-12,0],[0,-32],[12,0],[0,32]],[[3150,7193],[12,0],[0,32],[-12,0],[0,-32]],[[7312,6032],[50,0],[0,-33],[37,0],[0,-32]],[[7399,5967],[63,0]],[[7462,5967],[0,-32]],[[7462,5935],[-13,0],[0,-32]],[[7449,5903],[-75,0]],[[7374,5903],[0,32],[-25,0],[0,32],[-12,0],[0,-64],[12,0],[0,-65]],[[7349,5838],[-12,0]],[[7337,5838],[0,32],[-13,0]],[[7262,5967],[0,32]],[[7312,5999],[0,33]],[[2850,5838],[0,65],[-25,0],[0,-33],[-25,0],[0,65],[62,0],[0,-97],[-12,0]],[[2050,5903],[12,0]],[[2062,5903],[0,-65]],[[2062,5838],[-12,0],[0,65]],[[4762,5903],[13,0],[0,-65],[-13,0],[0,65]],[[6412,5903],[0,-65]],[[6412,5838],[-13,0]],[[6399,5838],[0,65],[13,0]],[[6574,5903],[0,-65]],[[6574,5838],[-12,0],[0,32]],[[6562,5870],[-13,0],[0,33],[25,0]],[[6887,5903],[12,0],[0,-65],[-12,0],[0,65]],[[7399,5903],[13,0]],[[7412,5903],[0,-65],[-13,0],[0,65]],[[8549,5935],[25,0],[0,-32],[-12,0],[0,-65],[-25,0],[0,65],[12,0],[0,32]],[[2850,5838],[-13,0]],[[2837,5838],[0,32],[13,0],[0,-32]],[[4687,5838],[0,32],[38,0],[0,-32],[-38,0]],[[5574,5870],[13,0],[0,-32],[-13,0],[0,32]],[[5649,5870],[13,0],[0,-32],[-13,0],[0,32]],[[5899,5870],[13,0],[0,-32],[-13,0],[0,32]],[[5962,5870],[12,0],[0,-32]],[[5974,5838],[-12,0],[0,32]],[[6012,5870],[0,-32],[-13,0],[0,32]],[[7337,5838],[-13,0]],[[7324,5838],[0,32]],[[7374,5870],[13,0],[0,-32],[-13,0],[0,32]],[[7799,5870],[0,-32]],[[7799,5838],[-12,0]],[[7787,5838],[0,32]],[[8312,5870],[12,0]],[[8324,5870],[0,-32]],[[8324,5838],[-12,0]],[[8312,5838],[0,32]],[[8324,5870],[13,0]],[[8337,5870],[0,-32]],[[8337,5838],[-13,0]],[[7224,5935],[13,0],[0,-32],[12,0],[0,-33],[13,0],[0,-32],[12,0],[0,-32],[-25,0],[0,32],[-25,0],[0,97]],[[7099,5903],[25,0]],[[7124,5870],[13,0]],[[7137,5870],[0,-32],[-13,0],[0,-32]],[[7124,5806],[-25,0],[0,32],[-12,0]],[[7087,5838],[0,32]],[[7499,5870],[25,0],[0,-32],[13,0],[0,32],[25,0],[0,-32],[12,0],[0,-32],[-75,0],[0,64]],[[6062,5838],[12,0],[0,-32],[-12,0],[0,32]],[[6137,5838],[12,0],[0,-32],[-12,0]],[[6137,5806],[0,32]],[[7437,5838],[0,-32]],[[7437,5806],[-13,0]],[[7424,5806],[0,32],[13,0]],[[7787,5838],[0,-32],[-13,0]],[[7774,5806],[0,32],[13,0]],[[8112,5838],[0,-32]],[[8112,5806],[-13,0]],[[8099,5806],[0,32],[13,0]],[[2775,6032],[0,-65],[-13,0]],[[2762,5935],[13,0]],[[2787,5903],[0,-65],[-12,0],[0,-64],[-13,0]],[[2762,5774],[0,96],[-25,0]],[[2737,5870],[0,129]],[[2762,5999],[0,33]],[[2762,5774],[-12,0]],[[2750,5774],[0,64],[-13,0]],[[2737,5838],[0,32]],[[6349,6032],[13,0],[0,-33],[12,0],[0,-32],[13,0],[0,-32],[12,0],[0,-97]],[[6399,5838],[-12,0],[0,-32],[-13,0],[0,-32],[-12,0],[0,96],[12,0],[0,65],[-37,0],[0,32],[-13,0],[0,-32],[-25,0],[0,64],[50,0],[0,33]],[[7887,5870],[0,-96]],[[7887,5774],[-13,0],[0,96],[13,0]],[[7887,5870],[12,0],[0,-96],[-12,0]],[[8149,6032],[25,0]],[[8174,6032],[0,-97],[13,0]],[[8187,5935],[0,-65]],[[8187,5870],[-13,0],[0,-32]],[[8174,5838],[-37,0]],[[8137,5838],[0,-32],[-13,0],[0,-32],[-12,0]],[[8112,5774],[0,64]],[[8099,5806],[-12,0]],[[8087,5806],[0,64]],[[2750,5774],[-13,0],[0,64]],[[6424,5903],[13,0],[0,-129]],[[6437,5774],[-25,0],[0,32],[-13,0],[0,32]],[[6412,5838],[0,32]],[[1987,5806],[0,-32],[-12,0],[0,32],[12,0]],[[2225,5774],[-13,0],[0,32],[13,0],[0,-32]],[[2850,5806],[12,0],[0,-32],[-12,0],[0,32]],[[6137,5806],[0,-32],[-25,0]],[[6112,5774],[0,32],[25,0]],[[6737,5806],[62,0],[0,-32],[-62,0]],[[6737,5774],[0,32]],[[6849,5806],[0,-32]],[[6849,5774],[-12,0],[0,32],[12,0]],[[7087,5838],[0,-32],[-13,0],[0,-32],[-25,0]],[[7049,5774],[0,32],[13,0],[0,32],[25,0]],[[7124,5806],[13,0],[0,-32]],[[7137,5774],[-13,0],[0,32]],[[7987,5806],[12,0],[0,-32],[-12,0],[0,32]],[[8387,5774],[0,32],[12,0],[0,-32],[-12,0]],[[6137,6451],[0,-32]],[[6187,6419],[0,-33],[25,0],[0,-32],[12,0]],[[6224,6354],[0,-97]],[[6224,6257],[13,0],[0,-64],[-13,0],[0,-32]],[[6224,6161],[-25,0],[0,-65],[13,0],[0,-64],[-13,0],[0,32],[-12,0],[0,-32],[-13,0],[0,32],[-37,0],[0,-97],[-13,0],[0,-32],[-12,0],[0,-32],[-25,0],[0,32],[-50,0],[0,-32],[12,0],[0,-33],[38,0],[0,-32],[12,0],[0,32],[25,0],[0,-32],[13,0]],[[6112,5774],[-25,0],[0,-33],[-38,0],[0,65],[-12,0],[0,32],[-13,0],[0,32],[-12,0]],[[5424,6032],[0,-33],[13,0],[0,-32],[-13,0],[0,-32],[13,0],[0,-65],[-13,0],[0,-32],[-12,0],[0,-97],[-13,0],[0,97],[-12,0],[0,32],[25,0],[0,65],[-13,0],[0,-32],[-12,0],[0,96],[12,0],[0,33],[25,0]],[[2837,5838],[0,-32],[13,0]],[[2850,5806],[0,-65]],[[2850,5741],[-25,0]],[[2825,5741],[0,97],[12,0]],[[7374,5903],[25,0]],[[7412,5903],[37,0]],[[7462,5935],[0,-65],[-13,0],[0,-129],[-12,0]],[[7437,5741],[0,97]],[[7424,5806],[-12,0]],[[7412,5806],[0,-32],[-13,0],[0,32],[-50,0],[0,-32],[-12,0],[0,32],[-13,0]],[[7324,5806],[0,32]],[[7324,5838],[25,0]],[[2825,5741],[-13,0],[0,65],[13,0],[0,-65]],[[8274,5806],[0,-65]],[[8274,5741],[-12,0],[0,33],[-25,0],[0,32],[37,0]],[[8474,5806],[13,0],[0,-65],[-13,0],[0,65]],[[1875,5774],[12,0],[0,-33]],[[1887,5741],[-12,0],[0,33]],[[2075,5774],[12,0]],[[2087,5774],[0,-33]],[[2087,5741],[-12,0],[0,33]],[[2225,5774],[12,0],[0,-33]],[[2237,5741],[-12,0]],[[2225,5741],[0,33]],[[5912,5774],[12,0],[0,-33],[-12,0],[0,33]],[[6449,5741],[0,33],[25,0],[0,-33],[-25,0]],[[6562,5774],[12,0]],[[6574,5774],[0,-33]],[[6574,5741],[-12,0]],[[6562,5741],[0,33]],[[6574,5774],[13,0],[0,-33]],[[6587,5741],[-13,0]],[[6887,5806],[12,0],[0,-65],[-25,0],[0,33],[13,0],[0,32]],[[7024,5774],[25,0]],[[7049,5774],[0,-33],[-25,0]],[[7024,5741],[0,33]],[[7137,5774],[12,0]],[[7149,5774],[0,-33]],[[7149,5741],[-12,0]],[[7137,5741],[0,33]],[[8449,5774],[13,0],[0,-33],[-13,0],[0,33]],[[4687,5838],[0,-32],[13,0],[0,-32],[12,0],[0,-33],[-12,0],[0,-32],[-13,0],[0,32],[-25,0],[0,65],[13,0],[0,32],[12,0]],[[4837,5774],[38,0],[0,-33],[-25,0],[0,-32],[-13,0],[0,65]],[[5599,5774],[13,0],[0,-65],[-13,0],[0,65]],[[8312,5838],[25,0]],[[8337,5838],[0,-32],[-13,0],[0,-32],[-12,0],[0,-33],[-25,0],[0,-32],[-13,0]],[[8274,5709],[0,65]],[[8274,5774],[25,0],[0,32],[13,0]],[[8312,5806],[0,32]],[[8449,5774],[0,-65],[-25,0],[0,65],[25,0]],[[2012,5741],[13,0]],[[2025,5741],[0,-32],[-13,0],[0,32]],[[2925,5709],[0,32],[12,0],[0,-32],[-12,0]],[[4562,5709],[-12,0]],[[4550,5709],[0,32],[12,0],[0,-32]],[[5637,5741],[12,0],[0,-32],[-12,0],[0,32]],[[6112,5741],[0,-32],[-13,0],[0,32],[13,0]],[[6449,5741],[38,0]],[[6487,5741],[0,-32]],[[6487,5709],[-38,0],[0,32]],[[6574,5741],[0,-32],[-12,0]],[[6562,5709],[0,32]],[[6587,5741],[12,0],[0,-32],[-12,0]],[[6587,5709],[0,32]],[[6949,5741],[13,0],[0,-32],[-13,0],[0,32]],[[7149,5741],[0,-32]],[[7149,5709],[-12,0]],[[7137,5709],[0,32]],[[7162,5741],[12,0],[0,-32],[-12,0],[0,32]],[[7249,5741],[13,0],[0,-32],[-13,0],[0,32]],[[7462,5741],[12,0],[0,-32],[-12,0],[0,32]],[[2225,5741],[37,0]],[[2262,5741],[0,-32]],[[2262,5709],[-25,0]],[[2237,5709],[0,-32]],[[2237,5677],[-12,0]],[[2225,5677],[0,64]],[[2850,5741],[0,-64],[-13,0],[0,32],[-12,0],[0,32]],[[2237,5709],[13,0]],[[2250,5709],[0,-32]],[[2250,5677],[-13,0]],[[2887,5709],[13,0],[0,-32],[-13,0],[0,32]],[[2925,5709],[0,-32]],[[2925,5677],[-13,0]],[[2912,5677],[0,32],[13,0]],[[6062,5709],[0,-32],[-13,0],[0,32],[13,0]],[[6487,5709],[12,0],[0,-32],[-12,0],[0,32]],[[7074,5677],[-25,0]],[[7049,5677],[0,32],[25,0],[0,-32]],[[7274,5709],[25,0]],[[7299,5709],[0,-32]],[[7299,5677],[-25,0]],[[7274,5677],[0,32]],[[7512,5709],[12,0],[0,-32],[-12,0],[0,32]],[[8337,5967],[0,-97]],[[8337,5870],[-25,0]],[[8312,5870],[0,-64]],[[8274,5774],[0,32]],[[8274,5741],[0,-32]],[[8274,5709],[-50,0]],[[8224,5709],[0,65],[-12,0],[0,-97],[-63,0],[0,32],[38,0],[0,32],[12,0],[0,33],[-12,0],[0,32],[12,0],[0,32]],[[8199,5838],[-25,0]],[[8187,5870],[0,33]],[[8187,5903],[25,0]],[[8199,5935],[0,32]],[[8199,5967],[13,0]],[[8187,5999],[0,-64]],[[8174,6032],[-12,0]],[[8212,6064],[0,-65]],[[8224,5999],[0,65]],[[8249,5709],[25,0]],[[8274,5709],[0,-32],[-25,0]],[[8249,5677],[0,32]],[[6249,6096],[0,-97]],[[6249,5999],[-12,0]],[[6237,5999],[0,-96],[12,0],[0,32],[13,0],[0,-65],[12,0],[0,-32],[38,0],[0,-32],[-13,0],[0,-32],[13,0],[0,-33],[12,0],[0,-32],[-12,0],[0,-64],[-13,0],[0,96],[-12,0],[0,-32],[-13,0],[0,32],[-12,0],[0,-32],[-13,0],[0,32],[-12,0],[0,33],[-13,0],[0,-33],[-25,0],[0,33],[13,0],[0,32],[-38,0],[0,64],[-12,0],[0,33],[-13,0],[0,-33],[-12,0],[0,-32]],[[1937,5645],[0,64],[13,0],[0,-64],[-13,0]],[[7324,5709],[25,0]],[[7349,5709],[0,-32],[-12,0]],[[7337,5677],[0,-32]],[[7337,5645],[-13,0],[0,64]],[[2250,5677],[0,-32]],[[2250,5645],[-13,0],[0,32]],[[6599,5677],[13,0],[0,-32],[-13,0],[0,32]],[[7049,5677],[0,-32],[-12,0]],[[7037,5645],[0,32],[12,0]],[[7149,5709],[0,-64]],[[7149,5645],[-25,0]],[[7124,5645],[0,32]],[[7124,5677],[13,0]],[[7137,5677],[0,32]],[[7249,5645],[-12,0],[0,32],[12,0],[0,-32]],[[7637,5677],[25,0],[0,-32],[-25,0],[0,32]],[[8249,5677],[13,0],[0,-32],[-13,0]],[[8249,5645],[0,32]],[[7749,5870],[-12,0]],[[7737,5870],[0,-64],[-25,0],[0,-129],[-13,0],[0,-65],[-25,0]],[[7674,5612],[0,97],[13,0],[0,32],[-13,0],[0,33],[-12,0],[0,64],[12,0],[0,97]],[[7674,5935],[-25,0]],[[7649,5935],[0,32]],[[7649,5967],[25,0]],[[7674,5999],[-50,0]],[[7624,5999],[0,-32],[-12,0],[0,-32],[-75,0],[0,-32],[-13,0],[0,32],[-25,0],[0,-32],[-12,0],[0,32],[-25,0]],[[7462,5967],[25,0]],[[7487,5967],[0,32],[100,0],[0,33],[37,0],[0,32],[13,0],[0,32],[12,0],[0,-32],[25,0],[0,-32],[13,0],[0,-33],[50,0],[0,-64],[12,0],[0,-65]],[[8387,5774],[0,-97],[-13,0],[0,-65],[-25,0]],[[8349,5612],[0,97],[13,0],[0,65],[25,0]],[[2712,5677],[75,0],[0,-32]],[[2787,5645],[-12,0],[0,-33],[-13,0],[0,33],[-12,0],[0,-33],[-13,0],[0,33],[-25,0],[0,32]],[[7099,5677],[25,0]],[[7124,5645],[-12,0]],[[7112,5645],[0,-33]],[[7112,5612],[-13,0]],[[7099,5612],[0,65]],[[7437,5677],[12,0]],[[7449,5677],[0,-65]],[[7449,5612],[-12,0]],[[7437,5612],[0,65]],[[7449,5677],[13,0]],[[7462,5677],[0,-65]],[[7462,5612],[-13,0]],[[1675,6644],[25,0]],[[1700,6644],[0,-64]],[[1700,6580],[37,0]],[[1812,6322],[0,-97],[13,0],[0,-64],[12,0],[0,-33],[13,0],[0,-32],[12,0]],[[1862,6096],[0,-32],[13,0]],[[1875,6064],[0,-97]],[[1875,5967],[25,0],[0,-64]],[[1912,5903],[0,-65],[13,0],[0,-32],[12,0],[0,-32],[13,0],[0,-33],[12,0],[0,-129],[-25,0],[0,33]],[[1937,5645],[-12,0],[0,32],[-13,0],[0,32],[-12,0],[0,32],[-13,0]],[[1875,5774],[0,96],[-13,0]],[[1862,5903],[-37,0],[0,32],[-13,0],[0,32],[-12,0],[0,32],[25,0]],[[1812,6032],[0,32],[-12,0],[0,32],[-13,0]],[[1775,6128],[0,65],[-13,0],[0,64]],[[1750,6257],[0,33],[-13,0],[0,64],[-37,0]],[[1700,6354],[0,65],[-25,0]],[[1675,6451],[12,0]],[[1662,6451],[-25,0],[0,97]],[[1612,6612],[0,65]],[[1600,6709],[-25,0],[0,32],[25,0]],[[1600,6741],[0,97]],[[1587,6838],[0,65]],[[2037,5645],[13,0],[0,-33]],[[2050,5612],[-13,0],[0,33]],[[2287,5645],[0,-33]],[[2287,5612],[-12,0],[0,33],[12,0]],[[2787,5645],[13,0]],[[2800,5645],[0,-33],[-13,0],[0,33]],[[2825,5645],[12,0],[0,-33],[-12,0]],[[2825,5612],[0,33]],[[7249,5645],[63,0]],[[7312,5645],[0,-33],[-63,0]],[[7249,5612],[0,33]],[[7749,5645],[13,0],[0,-33],[-13,0],[0,33]],[[8324,5645],[13,0]],[[8337,5645],[0,-33],[-13,0],[0,33]],[[2925,5677],[0,-32],[25,0],[0,-65],[-25,0],[0,32],[-13,0],[0,33],[-12,0],[0,96],[-25,0],[0,65],[25,0],[0,-32],[12,0],[0,-97]],[[7099,5741],[0,-129]],[[7112,5612],[0,-32]],[[7112,5580],[-25,0],[0,65],[-13,0],[0,32]],[[7074,5677],[13,0],[0,64],[12,0]],[[2975,5580],[-13,0],[0,65],[13,0],[0,-65]],[[7362,5645],[12,0],[0,-65],[-12,0],[0,65]],[[2050,5612],[12,0],[0,-32]],[[2062,5580],[-12,0],[0,32]],[[2687,5612],[0,-32],[-12,0]],[[2675,5580],[0,32],[12,0]],[[2725,5612],[0,-32]],[[2725,5580],[-13,0]],[[2712,5580],[0,32],[13,0]],[[2987,5580],[-12,0]],[[2975,5580],[0,32],[12,0],[0,-32]],[[4537,5580],[-12,0]],[[4525,5580],[0,32],[12,0],[0,-32]],[[6024,5612],[13,0],[0,-32]],[[6037,5580],[-13,0],[0,32]],[[6974,5612],[13,0]],[[6987,5612],[0,-32],[-13,0]],[[6974,5580],[0,32]],[[7162,5612],[12,0],[0,-32],[-12,0],[0,32]],[[7237,5580],[-13,0]],[[7224,5580],[0,32],[13,0],[0,-32]],[[7412,5612],[12,0],[0,-32],[-12,0],[0,32]],[[8162,5612],[25,0],[0,-32],[-25,0],[0,32]],[[8349,5612],[13,0]],[[8362,5612],[0,-64]],[[8362,5548],[-13,0],[0,32],[-12,0],[0,65]],[[8324,5645],[0,64],[13,0],[0,65],[12,0],[0,32],[13,0],[0,32],[25,0],[0,-64]],[[4787,5709],[38,0],[0,-64],[-13,0],[0,-65],[-12,0],[0,-32],[-25,0],[0,32],[-25,0],[0,65],[25,0],[0,32],[12,0],[0,32]],[[562,5612],[0,-64]],[[562,5548],[-12,0]],[[550,5548],[0,64],[12,0]],[[562,5612],[25,0],[0,-64],[-25,0]],[[2250,5612],[0,-64]],[[2250,5548],[-13,0]],[[2237,5548],[0,64],[13,0]],[[6287,5612],[12,0],[0,-64],[-12,0],[0,64]],[[6999,5612],[13,0],[0,-64],[-13,0],[0,64]],[[7299,5709],[25,0]],[[7337,5645],[0,-33]],[[7337,5612],[-13,0]],[[7324,5612],[0,-32]],[[7324,5580],[-62,0],[0,-32],[-13,0]],[[7249,5548],[0,64]],[[7312,5645],[-25,0]],[[7287,5645],[0,32]],[[7287,5677],[12,0]],[[8362,5612],[25,0],[0,-64],[-25,0]],[[550,5548],[-13,0],[0,32],[13,0],[0,-32]],[[2100,5580],[25,0]],[[2125,5580],[0,-32]],[[2125,5548],[-25,0]],[[2100,5548],[0,32]],[[2250,5580],[12,0],[0,-32]],[[2262,5548],[-12,0]],[[2250,5548],[0,32]],[[2287,5580],[13,0],[0,-32]],[[2300,5548],[-13,0],[0,32]],[[2550,5580],[12,0],[0,-32],[-12,0],[0,32]],[[2575,5548],[0,32],[12,0],[0,-32],[-12,0]],[[2675,5580],[0,-32],[-13,0]],[[2662,5548],[0,32],[13,0]],[[2750,5580],[0,-32]],[[2750,5548],[-13,0],[0,32],[13,0]],[[2750,5580],[12,0]],[[2762,5580],[0,-32]],[[2762,5548],[-12,0]],[[2987,5580],[25,0],[0,-32],[-25,0],[0,32]],[[5712,5580],[12,0],[0,-32],[-12,0],[0,32]],[[5737,5580],[12,0],[0,-32],[-12,0],[0,32]],[[7224,5580],[0,-32]],[[7224,5548],[-25,0]],[[7199,5548],[0,32],[25,0]],[[7237,5580],[0,-32]],[[7237,5548],[-13,0]],[[7237,5580],[12,0]],[[7249,5580],[0,-32]],[[7249,5548],[-12,0]],[[7549,5580],[0,-32],[-12,0],[0,32],[12,0]],[[7924,5580],[25,0]],[[7949,5580],[0,-32]],[[7949,5548],[-50,0]],[[7899,5548],[0,32],[13,0],[0,32],[12,0],[0,-32]],[[6537,5870],[25,0]],[[6574,5838],[0,-64]],[[6562,5774],[0,-65]],[[6587,5709],[50,0],[0,-32],[12,0],[0,-32],[13,0],[0,-129],[-13,0]],[[6649,5516],[0,64],[-12,0],[0,32],[-13,0],[0,-32],[-25,0],[0,-32],[-12,0],[0,32],[-13,0],[0,65],[-12,0],[0,32],[-13,0],[0,-32],[-12,0],[0,64],[-13,0],[0,32],[-12,0]],[[6512,5741],[0,65],[12,0],[0,32],[13,0],[0,32]],[[7124,8064],[13,0]],[[7162,8031],[37,0]],[[7199,7999],[50,0]],[[7387,7483],[0,65]],[[7399,7548],[0,-33]],[[7399,7515],[13,0]],[[7424,7483],[0,65]],[[7524,7225],[13,0]],[[7374,6644],[50,0]],[[7499,6644],[0,33]],[[7549,6580],[-12,0]],[[7524,6580],[-12,0]],[[7549,6548],[38,0]],[[7587,6580],[12,0]],[[7937,7032],[75,0]],[[8012,7064],[62,0]],[[8224,7322],[25,0]],[[8274,7354],[38,0]],[[8249,7451],[-25,0]],[[8224,7451],[0,64]],[[8237,7515],[0,33]],[[8249,7580],[-62,0]],[[8137,7580],[0,32]],[[8174,7677],[-62,0]],[[8112,7677],[0,32]],[[8124,7709],[0,64]],[[8124,7773],[50,0]],[[8174,7773],[0,-32]],[[8174,7741],[25,0]],[[8199,7741],[0,-32]],[[8212,7709],[0,32]],[[8274,7773],[0,-32]],[[8262,7741],[0,-32]],[[8237,7709],[0,-65]],[[8249,7677],[38,0]],[[8324,7644],[25,0]],[[8387,7580],[12,0]],[[8399,7548],[-12,0]],[[8362,7257],[25,0]],[[8387,7257],[0,129]],[[8424,7483],[38,0]],[[8462,7483],[0,129]],[[8487,7548],[12,0]],[[8524,7419],[-12,0]],[[8537,7193],[-25,0]],[[8512,7161],[-25,0]],[[8487,7161],[0,-33]],[[8474,7096],[-25,0]],[[8449,7096],[0,-64]],[[8449,7032],[-12,0]],[[8437,7032],[0,-33]],[[8437,6999],[-25,0]],[[8374,7064],[0,-65]],[[8349,6967],[-25,0]],[[8324,7032],[-25,0]],[[8287,6999],[0,33]],[[8212,6870],[-75,0]],[[8137,6870],[0,-129]],[[8074,6644],[0,-32]],[[8074,6612],[-25,0]],[[8024,6515],[-25,0]],[[7999,6483],[-12,0]],[[7887,6290],[12,0]],[[7899,6290],[0,-33]],[[7887,6225],[-13,0]],[[7874,6193],[-12,0]],[[7862,6128],[0,-64]],[[7874,6064],[0,-129]],[[7874,5935],[-12,0],[0,-32],[25,0],[0,-33]],[[7887,5774],[0,-97],[-13,0],[0,32],[-25,0],[0,-32],[-12,0],[0,32],[-13,0],[0,32],[-12,0],[0,33],[-25,0],[0,-65],[-13,0],[0,97]],[[7774,5806],[-12,0],[0,-32],[-13,0],[0,64],[13,0],[0,32]],[[7762,5870],[-13,0]],[[7487,5967],[-88,0]],[[7312,6032],[0,32]],[[7274,6128],[-62,0]],[[7212,6128],[0,33],[-25,0],[0,32],[-13,0],[0,32],[-12,0],[0,32],[-13,0],[0,33],[-37,0],[0,-65]],[[7112,6225],[25,0]],[[7137,6225],[0,-161]],[[7149,6161],[13,0]],[[7162,6161],[0,-162]],[[7162,5999],[-25,0],[0,-32]],[[7137,5967],[-25,0]],[[7112,5967],[0,-64]],[[7112,5903],[-25,0]],[[7087,5903],[0,-65]],[[7024,5774],[0,32]],[[7024,5806],[-12,0],[0,-32],[-13,0],[0,-162]],[[6999,5612],[-25,0]],[[6974,5612],[0,-64]],[[6974,5548],[-25,0],[0,-32]],[[6949,5516],[-25,0],[0,32],[-12,0],[0,97],[-13,0],[0,32],[-37,0],[0,97],[-13,0]],[[6849,5806],[-112,0]],[[6737,5774],[-50,0],[0,32],[-88,0],[0,32],[-12,0],[0,32],[-13,0],[0,65]],[[6562,5903],[-38,0]],[[6524,5870],[-12,0]],[[6512,5903],[-38,0],[0,32],[-25,0],[0,32],[-25,0],[0,32],[-12,0],[0,65]],[[6399,6064],[0,32],[-12,0],[0,65]],[[6349,6096],[0,-64]],[[6349,6032],[-12,0],[0,32],[-13,0],[0,97],[-12,0],[0,32],[-13,0],[0,-129],[-12,0],[0,32],[-38,0]],[[6224,6257],[0,65]],[[6224,6419],[0,-65]],[[6149,6515],[0,65]],[[6149,6580],[-87,0]],[[6037,6709],[-38,0]],[[5999,6709],[0,-32]],[[5987,6644],[-25,0]],[[5962,6612],[-88,0]],[[5874,6709],[-37,0]],[[5812,6709],[-13,0]],[[5799,6709],[0,65]],[[5837,6806],[0,64]],[[5924,6903],[13,0]],[[5937,6870],[100,0]],[[6074,6903],[25,0]],[[6174,6903],[-37,0]],[[6137,6935],[25,0]],[[6212,6967],[0,-32]],[[6224,6935],[0,32]],[[6262,6870],[0,33]],[[6274,6935],[-25,0]],[[6262,6967],[25,0]],[[6287,6967],[0,-32]],[[6324,7096],[0,-64]],[[6349,6903],[0,32]],[[6349,6935],[50,0]],[[6399,6870],[-25,0],[0,-64]],[[6374,6806],[-25,0]],[[6362,6741],[0,-64]],[[6374,6644],[38,0]],[[6412,6644],[0,-64]],[[6412,6580],[-13,0]],[[6412,6515],[12,0]],[[6499,6644],[-12,0]],[[6487,6644],[0,65]],[[6624,6967],[0,194],[25,0]],[[6449,6999],[0,33]],[[6462,7064],[-50,0],[0,32]],[[6424,7128],[-25,0],[0,33],[-12,0],[0,32],[37,0]],[[6474,7354],[-62,0],[0,-32],[-50,0]],[[6324,7225],[-12,0],[0,-97]],[[6237,7064],[-75,0]],[[6162,7096],[-13,0]],[[6037,7193],[-13,0],[0,32],[-37,0],[0,-32],[-13,0]],[[5962,7225],[-63,0],[0,65],[-12,0]],[[5887,7322],[-25,0],[0,-32],[-13,0],[0,-33],[-25,0]],[[5812,7225],[0,-64],[-13,0],[0,-65],[-12,0]],[[5849,7515],[38,0]],[[5874,7548],[0,96]],[[5987,7709],[0,-32]],[[5999,7806],[38,0]],[[6087,7838],[37,0]],[[6249,7902],[13,0]],[[6262,7902],[0,-64]],[[6274,7870],[13,0]],[[6287,7902],[37,0]],[[6387,7902],[37,0]],[[6424,7902],[0,33]],[[6462,7967],[12,0]],[[6487,7935],[0,-65]],[[6674,7935],[0,32]],[[6687,7999],[62,0]],[[6949,7935],[0,-33]],[[6937,7870],[37,0]],[[6037,7644],[-25,0]],[[6024,7580],[0,32]],[[7162,7644],[-13,0]],[[7199,7644],[-25,0]],[[5949,7580],[38,0]],[[5974,7612],[0,32]],[[5987,7548],[25,0]],[[6012,7580],[-25,0]],[[7324,7419],[50,0]],[[7374,7451],[-50,0]],[[5999,7290],[50,0],[0,32],[-62,0],[0,-65]],[[7337,7128],[25,0]],[[7362,7161],[-50,0]],[[7174,7064],[0,-65]],[[7174,6999],[63,0]],[[7237,7032],[-50,0]],[[7149,6999],[0,-64]],[[7174,6967],[-12,0]],[[6287,6903],[0,-97]],[[6287,6806],[25,0]],[[6862,6580],[0,-32]],[[6862,6548],[-13,0]],[[6849,6548],[0,64]],[[6849,6612],[-12,0]],[[6837,6612],[0,65]],[[6824,6677],[0,-65]],[[6824,6612],[-12,0]],[[6724,6483],[-25,0]],[[6699,6483],[0,-64]],[[6687,6419],[0,-65]],[[6687,6354],[50,0]],[[6787,6290],[0,64]],[[6812,6386],[12,0]],[[6912,6386],[0,-64]],[[6912,6322],[-13,0]],[[6924,6290],[0,129]],[[6924,6419],[13,0]],[[6937,6451],[25,0]],[[6962,6483],[-25,0]],[[6162,6612],[0,32]],[[6174,6677],[-25,0]],[[6187,6612],[25,0]],[[6212,6644],[-25,0]],[[7449,6612],[-37,0]],[[7199,6515],[0,33]],[[7199,6548],[13,0]],[[7237,6515],[12,0]],[[7224,6580],[-37,0]],[[7274,6548],[0,-65]],[[7287,6483],[0,65]],[[7074,6354],[-25,0]],[[7037,6386],[0,33]],[[6237,6290],[25,0]],[[6262,6322],[-25,0]],[[7787,5903],[0,-65]],[[7799,5838],[0,65]],[[5424,5677],[38,0],[0,-32],[25,0],[0,-33],[12,0],[0,-96],[-25,0],[0,32],[-12,0],[0,32],[-13,0],[0,32],[-12,0],[0,33],[-13,0],[0,32]],[[7037,5645],[0,-65],[12,0],[0,-32],[25,0],[0,-32],[-50,0]],[[7024,5516],[0,129],[13,0]],[[600,5580],[25,0],[0,-64],[-25,0],[0,64]],[[2062,5580],[13,0],[0,-64],[-13,0]],[[2062,5516],[0,64]],[[6074,5580],[13,0]],[[6087,5580],[0,-64],[-13,0],[0,64]],[[7387,5580],[12,0],[0,-64],[-12,0],[0,64]],[[7499,5548],[-12,0],[0,-32],[-13,0]],[[7474,5516],[0,64],[25,0],[0,-32]],[[8137,5838],[62,0]],[[8224,5709],[25,0]],[[8249,5709],[0,-64]],[[8249,5645],[-12,0],[0,-33],[-75,0]],[[8162,5612],[0,-64],[-50,0],[0,-32],[-50,0]],[[8062,5516],[0,64]],[[8062,5580],[12,0],[0,32],[13,0],[0,-32],[12,0],[0,65],[13,0],[0,32],[25,0],[0,32],[-13,0],[0,32],[-12,0]],[[8112,5741],[0,33]],[[637,5548],[13,0],[0,-32]],[[650,5516],[-13,0],[0,32]],[[2962,5548],[0,-32],[-12,0]],[[2950,5516],[0,32],[12,0]],[[5274,5548],[25,0],[0,-32],[-25,0],[0,32]],[[7237,5548],[0,-32]],[[7237,5516],[-13,0]],[[7224,5516],[0,32]],[[7249,5548],[0,-32]],[[7249,5516],[-12,0]],[[7324,5580],[0,-32]],[[7324,5548],[-50,0]],[[7274,5548],[0,-32],[-25,0]],[[7674,5612],[0,-96]],[[7674,5516],[-37,0]],[[7637,5516],[0,32],[25,0],[0,64],[12,0]],[[8124,5548],[13,0],[0,-32],[-13,0],[0,32]],[[4862,5612],[38,0],[0,-32],[12,0],[0,32],[13,0],[0,-64],[-50,0],[0,-32],[-13,0],[0,-33],[-12,0],[0,33],[-13,0],[0,64],[13,0],[0,-32],[12,0],[0,64]],[[7599,5709],[13,0],[0,-226],[-25,0],[0,33],[-13,0],[0,64],[13,0],[0,97],[12,0],[0,32]],[[2262,5516],[0,-33]],[[2262,5483],[-25,0],[0,33],[25,0]],[[2487,5516],[0,-33],[-12,0]],[[2475,5483],[0,33],[12,0]],[[2837,5516],[0,-33]],[[2837,5483],[-25,0]],[[2812,5483],[0,33],[25,0]],[[2962,5548],[13,0],[0,-65],[-25,0]],[[2950,5483],[0,33]],[[4525,5516],[0,-33],[-13,0],[0,33],[13,0]],[[4562,5516],[50,0]],[[4612,5516],[0,-33]],[[4612,5483],[-50,0]],[[4562,5483],[0,33]],[[5574,5483],[0,33],[13,0],[0,-33],[-13,0]],[[7137,5774],[0,-97]],[[7137,5677],[-38,0]],[[7099,5677],[0,64]],[[7024,5516],[-25,0]],[[6999,5516],[0,-33]],[[6999,5483],[-25,0]],[[6974,5483],[0,33],[-12,0],[0,-33]],[[6962,5483],[-25,0],[0,33],[12,0]],[[6974,5548],[0,32]],[[6987,5612],[12,0]],[[7024,5806],[0,-65]],[[6974,5483],[-12,0]],[[6999,5516],[13,0]],[[7012,5516],[0,-33]],[[7012,5483],[-13,0]],[[7012,5516],[12,0]],[[7024,5516],[0,-33]],[[7024,5483],[-12,0]],[[7099,5516],[13,0],[0,-33],[-13,0],[0,33]],[[7174,5516],[13,0],[0,-33],[-13,0],[0,33]],[[7249,5516],[0,-33]],[[7249,5483],[-12,0],[0,33]],[[7324,5516],[13,0],[0,-33],[-13,0],[0,33]],[[650,5516],[0,-65]],[[650,5451],[-13,0],[0,32],[-12,0],[0,65],[12,0]],[[2300,5548],[0,-32],[12,0],[0,-65]],[[2312,5451],[-12,0]],[[2300,5451],[0,32]],[[2300,5483],[-25,0]],[[2275,5483],[0,-32],[-13,0]],[[2262,5451],[0,97]],[[2262,5548],[13,0],[0,32],[12,0]],[[7212,5548],[12,0]],[[7224,5548],[0,-97]],[[7224,5451],[-12,0]],[[7212,5451],[0,97]],[[2525,5451],[-13,0],[0,65],[13,0],[0,-65]],[[6624,5516],[0,-65],[-12,0]],[[6612,5451],[0,65],[12,0]],[[7274,5548],[13,0]],[[7287,5548],[0,-65]],[[7287,5483],[-13,0]],[[7274,5483],[0,-32],[-25,0]],[[7249,5451],[0,65]],[[8062,5548],[0,-32]],[[8062,5516],[12,0],[0,-65],[-37,0],[0,65],[12,0]],[[8049,5516],[0,32],[13,0]],[[2062,5483],[0,-32],[-12,0],[0,32],[12,0]],[[2125,5483],[12,0]],[[2137,5483],[0,-32],[-12,0]],[[2125,5451],[0,32]],[[2175,5483],[25,0]],[[2200,5483],[0,-32],[-25,0]],[[2175,5451],[0,32]],[[2287,5483],[13,0]],[[2300,5451],[-13,0],[0,32]],[[2325,5451],[-13,0]],[[2312,5451],[0,32],[13,0],[0,-32]],[[2487,5516],[13,0],[0,-65],[-25,0]],[[2475,5451],[0,32]],[[2812,5483],[13,0]],[[2825,5483],[0,-32]],[[2825,5451],[-13,0],[0,32]],[[5574,5483],[0,-32],[-12,0]],[[5562,5451],[0,32],[12,0]],[[5974,5483],[13,0],[0,-32],[-13,0],[0,32]],[[6112,5451],[0,32],[12,0],[0,-32],[-12,0]],[[6187,5451],[0,32],[12,0],[0,-32],[-12,0]],[[6974,5483],[0,-32],[-12,0],[0,32]],[[7199,5483],[13,0]],[[7212,5483],[0,-32]],[[7212,5451],[-13,0]],[[7199,5451],[0,32]],[[7349,5483],[13,0],[0,-32],[-13,0],[0,32]],[[7437,5516],[-13,0],[0,-65],[-25,0]],[[7399,5451],[0,32],[13,0],[0,65],[25,0],[0,-32]],[[7549,5483],[13,0],[0,-32]],[[7562,5451],[-13,0],[0,32]],[[7787,5451],[-13,0]],[[7774,5451],[0,32],[13,0],[0,-32]],[[2062,5483],[13,0]],[[2075,5483],[0,-64]],[[2075,5419],[-13,0]],[[2062,5419],[0,64]],[[2800,5645],[25,0]],[[2825,5612],[25,0],[0,-32],[12,0],[0,-32],[38,0],[0,-32],[25,0],[0,-33],[25,0]],[[2950,5483],[0,-32]],[[2950,5451],[-13,0],[0,-32]],[[2937,5419],[-100,0]],[[2837,5419],[0,32],[-12,0]],[[2825,5483],[12,0]],[[2837,5516],[-50,0],[0,32],[-25,0]],[[2762,5580],[-37,0]],[[2725,5612],[-25,0],[0,-32],[12,0]],[[2712,5580],[0,-64],[-25,0],[0,96]],[[2662,5548],[-25,0],[0,32],[13,0],[0,65],[25,0],[0,32],[37,0]],[[4762,5483],[13,0],[0,-64],[-13,0],[0,64]],[[6237,5483],[37,0],[0,-32],[-25,0],[0,-32],[-12,0],[0,64]],[[6624,5483],[25,0],[0,-32],[-12,0],[0,-32],[-13,0],[0,64]],[[7687,5483],[12,0]],[[7699,5483],[0,-64]],[[7699,5419],[-12,0]],[[7687,5419],[0,64]],[[2950,5451],[0,-32]],[[2950,5419],[-13,0]],[[6112,5451],[0,-32]],[[6112,5419],[-13,0],[0,32],[13,0]],[[7049,5451],[25,0],[0,-32]],[[7074,5419],[-25,0]],[[7049,5419],[0,32]],[[7212,5451],[0,-32]],[[7212,5419],[-13,0]],[[7199,5419],[0,32]],[[7224,5451],[0,-32]],[[7224,5419],[-12,0]],[[8049,6193],[38,0]],[[8087,6161],[12,0]],[[8062,5935],[0,-32]],[[8062,5903],[25,0]],[[8087,5903],[0,-97]],[[8087,5806],[25,0]],[[8112,5806],[0,-65]],[[8062,5580],[0,-32]],[[8049,5516],[-50,0],[0,-33],[-25,0],[0,97]],[[7974,5580],[-12,0]],[[7962,5580],[0,65],[-25,0],[0,96],[-13,0],[0,-64],[-12,0],[0,-32],[-13,0],[0,-33],[-87,0],[0,-32],[12,0],[0,-64],[-12,0],[0,32],[-13,0],[0,-32],[-12,0],[0,32],[-13,0],[0,32],[-25,0],[0,-161],[-37,0],[0,32],[12,0],[0,65],[-12,0],[0,32],[12,0],[0,97],[-12,0],[0,-65],[-25,0],[0,-32],[-13,0]],[[7674,5548],[0,64]],[[7737,5870],[25,0]],[[7874,5935],[0,32]],[[7874,5999],[0,33]],[[7999,6096],[0,32]],[[7999,6128],[13,0]],[[8012,6128],[0,-64]],[[7762,5451],[12,0]],[[7774,5451],[0,-32],[-12,0]],[[7762,5419],[0,32]],[[7787,5419],[0,32]],[[7787,5451],[50,0],[0,32],[12,0],[0,-64],[-62,0]],[[650,5516],[25,0],[0,-33],[12,0],[0,-32],[13,0],[0,-64]],[[700,5387],[-13,0],[0,32],[-25,0]],[[662,5419],[0,32],[-12,0]],[[1962,6161],[38,0]],[[2000,6161],[0,-33],[12,0],[0,-64],[-12,0],[0,-32],[25,0],[0,-97],[12,0],[0,-32]],[[2037,5903],[13,0]],[[2062,5838],[0,-64]],[[2062,5774],[13,0]],[[2087,5741],[0,-32]],[[2087,5709],[13,0],[0,-32],[12,0],[0,-97]],[[2112,5580],[-12,0]],[[2100,5548],[12,0]],[[2112,5548],[0,-65]],[[2112,5483],[-25,0],[0,-64],[13,0],[0,-32],[-25,0]],[[2075,5387],[0,96]],[[2062,5483],[0,33]],[[2037,5645],[0,32],[-12,0],[0,64]],[[2012,5741],[0,65],[-12,0],[0,32],[-25,0]],[[1975,5838],[0,97]],[[4525,5516],[12,0],[0,-33],[13,0]],[[4550,5483],[0,-96]],[[4550,5387],[-13,0]],[[4537,5387],[0,64],[-12,0],[0,65]],[[7012,5483],[25,0]],[[7037,5483],[0,-32],[-13,0]],[[7024,5451],[0,-64]],[[7024,5387],[-12,0]],[[7012,5387],[0,96]],[[2275,5483],[12,0]],[[2300,5451],[0,-32],[-13,0],[0,-32],[-12,0],[0,32],[-13,0]],[[2262,5419],[0,32]],[[4662,5387],[-37,0]],[[4625,5387],[0,64]],[[4625,5451],[12,0]],[[4637,5451],[0,65],[13,0],[0,-97],[12,0],[0,-32]],[[5899,5451],[13,0],[0,-64],[-13,0]],[[5899,5387],[0,64]],[[700,5387],[0,32],[12,0],[0,-32],[-12,0]],[[2075,5419],[0,-32]],[[2075,5387],[-13,0],[0,32]],[[2175,5419],[0,-32],[-13,0],[0,32],[13,0]],[[2225,5419],[12,0]],[[2237,5419],[0,-32]],[[2237,5387],[-12,0]],[[2225,5387],[0,32]],[[2337,5387],[-12,0]],[[2325,5387],[0,32],[12,0],[0,-32]],[[2837,5419],[13,0],[0,-32],[-13,0],[0,32]],[[3087,5387],[-12,0],[0,32],[12,0],[0,-32]],[[4687,5387],[0,32],[13,0],[0,-32],[-13,0]],[[5187,5419],[0,-32]],[[5187,5387],[-13,0]],[[5174,5387],[0,32],[13,0]],[[5187,5419],[12,0],[0,-32],[-12,0]],[[7299,5419],[13,0],[0,-32],[-13,0],[0,32]],[[7387,5419],[12,0],[0,-32],[-12,0]],[[7387,5387],[0,32]],[[7787,5451],[0,-64]],[[7787,5387],[-25,0]],[[7762,5387],[0,32]],[[8374,5419],[0,-32],[-12,0]],[[8362,5387],[0,32],[12,0]],[[5599,5354],[0,97],[25,0],[0,-64],[-12,0],[0,-33],[-13,0]],[[7624,5451],[13,0],[0,-32],[12,0],[0,-65],[-12,0],[0,33],[-13,0],[0,64]],[[700,5387],[0,-33],[-38,0],[0,65]],[[2575,5419],[0,-65]],[[2575,5354],[-13,0],[0,65],[13,0]],[[5899,5387],[0,-33],[-25,0]],[[5874,5354],[0,65],[13,0],[0,-32],[12,0]],[[7074,5419],[38,0],[0,-32],[37,0],[0,-33],[-50,0]],[[7099,5354],[0,33]],[[7099,5387],[-25,0],[0,32]],[[7224,5419],[0,-65]],[[7224,5354],[-12,0],[0,65]],[[7224,5419],[13,0]],[[7237,5419],[0,-65]],[[7237,5354],[-13,0]],[[7237,5419],[25,0]],[[7262,5419],[0,-32],[-13,0],[0,-33]],[[7249,5354],[-12,0]],[[7912,5451],[12,0],[0,-64],[-12,0]],[[7912,5387],[0,-33]],[[7912,5354],[-13,0],[0,65],[13,0]],[[7912,5419],[0,32]],[[2137,5387],[13,0]],[[2150,5387],[0,-33]],[[2150,5354],[-13,0]],[[2137,5354],[0,33]],[[3000,5387],[12,0],[0,-33],[-12,0],[0,33]],[[3087,5387],[13,0],[0,-33],[-13,0]],[[3087,5354],[0,33]],[[5174,5387],[0,-33]],[[5174,5354],[-12,0],[0,33],[12,0]],[[5187,5387],[0,-33]],[[5187,5354],[-13,0]],[[6612,5451],[0,-97],[-50,0]],[[6562,5354],[0,33],[25,0],[0,32],[12,0],[0,32],[13,0]],[[7024,5387],[0,-33]],[[7024,5354],[-12,0]],[[7012,5354],[0,33]],[[7187,5387],[12,0],[0,-33],[-12,0],[0,33]],[[7287,5387],[0,-33]],[[7287,5354],[-13,0],[0,33],[13,0]],[[8074,5387],[13,0]],[[8087,5387],[0,-33],[-13,0],[0,33]],[[2112,5516],[13,0]],[[2125,5516],[0,-65]],[[2137,5483],[13,0]],[[2150,5483],[0,-32],[12,0],[0,32]],[[2162,5483],[13,0]],[[2175,5483],[0,-64]],[[2175,5419],[50,0]],[[2225,5387],[25,0]],[[2250,5387],[0,-33],[-25,0],[0,-32],[-13,0],[0,65],[-25,0],[0,-33]],[[2187,5354],[-37,0]],[[2150,5387],[-25,0]],[[2125,5387],[0,-65],[-13,0]],[[2112,5322],[0,32]],[[2112,5354],[-37,0],[0,33]],[[2112,5483],[0,33]],[[7949,5580],[25,0]],[[7974,5580],[0,-129],[-12,0],[0,-32],[-13,0],[0,-65]],[[7949,5354],[-12,0],[0,-32]],[[7937,5322],[-25,0]],[[7912,5322],[0,65]],[[7912,5451],[0,97]],[[7912,5548],[37,0]],[[8037,5387],[12,0]],[[8049,5387],[0,-65]],[[8049,5322],[-12,0]],[[8037,5322],[0,65]],[[8049,5387],[25,0]],[[8074,5387],[0,-65],[-25,0]],[[2112,5322],[-12,0],[0,32],[12,0]],[[2300,5354],[12,0],[0,-32],[-12,0],[0,32]],[[2437,5354],[13,0],[0,-32]],[[2450,5322],[-13,0],[0,32]],[[3025,5354],[12,0]],[[3037,5354],[0,-32]],[[3037,5322],[-12,0],[0,32]],[[3087,5354],[0,-32],[-12,0]],[[3075,5322],[0,32],[12,0]],[[3137,5354],[0,-32],[-12,0]],[[3125,5322],[0,32],[12,0]],[[5087,5354],[0,-32],[-13,0],[0,32],[13,0]],[[5187,5354],[12,0],[0,-32],[-12,0],[0,32]],[[5599,5354],[0,-32],[-12,0]],[[5587,5322],[0,32],[12,0]],[[5874,5354],[0,-32],[-25,0]],[[5849,5322],[0,32],[25,0]],[[6149,5354],[0,-32],[-12,0],[0,32],[12,0]],[[7049,5354],[25,0]],[[7074,5354],[0,-32]],[[7074,5322],[-25,0]],[[7049,5322],[0,32]],[[7349,5354],[13,0],[0,-32],[-13,0],[0,32]],[[7587,5354],[25,0]],[[7612,5354],[0,-32],[-25,0],[0,32]],[[7749,5354],[13,0]],[[7762,5354],[0,-32]],[[7762,5322],[-13,0]],[[7749,5322],[0,32]],[[7787,5354],[0,-32]],[[7787,5322],[-13,0],[0,32],[13,0]],[[8012,5354],[12,0]],[[8024,5354],[0,-32]],[[8024,5322],[-12,0]],[[8012,5322],[0,32]],[[8349,5354],[0,-32],[-12,0]],[[8337,5322],[0,32],[12,0]],[[8399,5354],[0,-32]],[[8399,5322],[-12,0],[0,32],[12,0]],[[2950,5419],[25,0],[0,-129]],[[2975,5290],[-13,0]],[[2962,5290],[0,97],[-12,0],[0,32]],[[8087,5387],[-50,0]],[[8037,5322],[25,0],[0,-32],[-38,0]],[[8024,5290],[0,64]],[[8012,5354],[0,65],[12,0],[0,32],[63,0],[0,-64]],[[2962,5290],[-37,0],[0,64],[37,0],[0,-64]],[[3037,5354],[13,0]],[[3050,5354],[0,-64]],[[3050,5290],[-13,0]],[[3037,5290],[0,64]],[[2125,5387],[12,0]],[[2137,5354],[25,0]],[[2162,5354],[0,-64]],[[2162,5290],[-50,0],[0,32]],[[2262,5322],[13,0],[0,-32],[-13,0],[0,32]],[[2325,5322],[12,0]],[[2337,5322],[0,-32],[-12,0]],[[2325,5290],[0,32]],[[2825,5290],[-13,0],[0,32],[13,0],[0,-32]],[[3050,5322],[25,0]],[[3075,5322],[0,-32]],[[3075,5290],[-25,0]],[[3050,5290],[0,32]],[[3087,5354],[25,0],[0,-64],[-37,0]],[[3237,5322],[13,0],[0,-32],[-13,0],[0,32]],[[5287,5322],[12,0],[0,-32],[-12,0],[0,32]],[[5849,5322],[0,-32],[-37,0],[0,32],[37,0]],[[6562,5322],[12,0],[0,-32]],[[6574,5290],[-12,0]],[[6562,5290],[0,32]],[[7074,5322],[13,0],[0,-32]],[[7087,5290],[-13,0],[0,32]],[[8024,5322],[0,-32]],[[8024,5290],[-12,0],[0,32]],[[8349,5354],[13,0],[0,-64]],[[8362,5290],[-25,0]],[[8337,5290],[0,32]],[[2950,5451],[100,0],[0,-32],[12,0],[0,-32],[25,0]],[[3050,5322],[0,32]],[[3050,5354],[-25,0]],[[3037,5322],[0,-32]],[[3037,5290],[-12,0],[0,-32]],[[3025,5258],[-25,0],[0,32],[-25,0]],[[7099,5387],[0,-65]],[[7099,5322],[13,0]],[[7112,5322],[0,-64]],[[7112,5258],[-13,0]],[[7099,5258],[0,32],[-12,0]],[[7074,5354],[-12,0]],[[7062,5354],[0,33],[-13,0]],[[7049,5387],[0,32]],[[2850,5258],[0,32]],[[2850,5290],[-25,0]],[[2825,5290],[0,64],[37,0],[0,-32],[25,0],[0,-64],[-37,0]],[[2487,5322],[13,0]],[[2500,5322],[0,-64]],[[2500,5258],[-13,0]],[[2487,5258],[0,64]],[[3137,5354],[38,0],[0,-32],[12,0],[0,-32]],[[3187,5290],[-12,0],[0,-32],[-13,0]],[[3162,5258],[0,32]],[[3162,5290],[-37,0],[0,32]],[[7949,5354],[0,-32],[13,0],[0,-64]],[[7962,5258],[-25,0],[0,32],[-13,0],[0,32]],[[7924,5322],[13,0]],[[2162,5290],[0,-32]],[[2162,5258],[-12,0],[0,32],[12,0]],[[2300,5290],[12,0],[0,-32],[-12,0],[0,32]],[[2850,5258],[-13,0],[0,32],[13,0]],[[3037,5290],[0,-32],[-12,0]],[[3162,5258],[-12,0],[0,32],[12,0]],[[3187,5290],[25,0],[0,-32],[-25,0],[0,32]],[[3287,5258],[-12,0]],[[3275,5258],[0,32],[12,0],[0,-32]],[[5449,5290],[13,0],[0,-32],[-13,0],[0,32]],[[5587,5290],[0,-32],[-38,0]],[[5549,5258],[0,32],[38,0]],[[6562,5290],[0,-32]],[[6562,5258],[-13,0]],[[6549,5258],[0,32],[13,0]],[[6574,5290],[0,-32],[-12,0]],[[7099,5258],[-12,0],[0,32]],[[7799,5290],[38,0]],[[7837,5290],[0,-32]],[[7837,5258],[-38,0]],[[7799,5258],[0,32]],[[7974,5258],[-12,0]],[[7962,5258],[0,32],[12,0],[0,-32]],[[2362,5258],[0,-33]],[[2362,5225],[-12,0]],[[2350,5225],[0,33],[12,0]],[[3262,5225],[-12,0],[0,33],[12,0],[0,-33]],[[4950,5258],[12,0],[0,-33],[-12,0],[0,33]],[[5549,5258],[0,-33],[-12,0]],[[5537,5225],[0,33],[12,0]],[[5824,5258],[13,0],[0,-33],[-13,0],[0,33]],[[7112,5258],[0,-33]],[[7112,5225],[-13,0]],[[7099,5225],[0,33]],[[7974,5258],[13,0],[0,-33]],[[7987,5225],[-13,0]],[[7974,5225],[0,33]],[[7249,5483],[0,-32]],[[7274,5483],[25,0]],[[7299,5483],[0,-32],[-12,0]],[[7287,5451],[0,-64]],[[7287,5354],[0,-96]],[[7287,5258],[12,0]],[[7299,5258],[0,-65],[-12,0]],[[7287,5193],[0,32],[-38,0],[0,33],[-25,0],[0,96]],[[7224,5354],[25,0]],[[7262,5419],[-38,0]],[[7224,5419],[0,97]],[[2550,5258],[12,0]],[[2562,5258],[0,-65],[-12,0],[0,65]],[[6087,5258],[0,-65]],[[6087,5193],[-13,0],[0,65],[13,0]],[[6224,5258],[0,-65]],[[6224,5193],[-25,0]],[[6199,5193],[0,65],[25,0]],[[7974,5258],[0,-65]],[[7974,5193],[-12,0],[0,65]],[[2212,5225],[0,-32]],[[2212,5193],[-12,0],[0,32],[12,0]],[[3262,5225],[13,0],[0,-32],[-13,0],[0,32]],[[5537,5225],[0,-32],[-13,0],[0,32],[13,0]],[[6537,5225],[0,-32],[-13,0]],[[6524,5193],[0,32],[13,0]],[[7049,5193],[-12,0],[0,32],[12,0],[0,-32]],[[7062,5225],[12,0]],[[7074,5225],[0,-32]],[[7074,5193],[-12,0]],[[7062,5193],[0,32]],[[7987,5225],[0,-32],[-13,0]],[[7974,5193],[0,32]],[[6112,5774],[0,-33]],[[6112,5741],[37,0],[0,-32],[-12,0],[0,-97],[12,0],[0,65],[13,0],[0,-32],[12,0],[0,-33],[-12,0],[0,-32],[12,0],[0,-32],[-37,0],[0,-32],[25,0],[0,-33],[12,0],[0,-32],[13,0]],[[6187,5451],[0,-32],[25,0],[0,32],[12,0],[0,-64],[13,0],[0,-162]],[[6237,5225],[-13,0]],[[6224,5225],[0,33]],[[6199,5193],[-12,0]],[[6187,5193],[0,-32],[-13,0]],[[6174,5161],[0,64]],[[6174,5225],[-12,0],[0,33],[-13,0],[0,96]],[[6149,5354],[-25,0],[0,65],[-12,0]],[[6112,5451],[-25,0],[0,129]],[[6074,5580],[0,65],[-12,0],[0,64]],[[6062,5709],[-25,0],[0,32],[-13,0],[0,65],[-12,0],[0,64]],[[1812,7902],[25,0]],[[1837,7902],[0,-32]],[[1950,7838],[37,0]],[[2112,7741],[50,0]],[[2200,7612],[37,0]],[[2237,7644],[13,0]],[[2250,7612],[62,0]],[[2337,7483],[13,0]],[[2350,7483],[0,-64]],[[2562,7096],[0,-97]],[[2562,6999],[25,0],[0,33]],[[2600,7032],[0,-33]],[[2387,6096],[-12,0],[0,-32],[-25,0],[0,-32],[-25,0],[0,-33],[-25,0]],[[2312,5870],[0,-64],[-25,0],[0,-161]],[[2287,5612],[0,-32]],[[2262,5548],[0,-32]],[[2262,5483],[0,-64]],[[2300,5451],[25,0]],[[2325,5451],[0,-64]],[[2337,5387],[0,-33],[-12,0]],[[2325,5354],[0,-64]],[[2337,5322],[13,0]],[[2350,5322],[0,-32],[12,0]],[[2362,5290],[0,-32]],[[2350,5225],[-25,0]],[[2325,5225],[0,-64],[-13,0]],[[2312,5161],[0,32]],[[2312,5193],[-12,0]],[[2300,5193],[0,32],[-38,0],[0,33],[-37,0],[0,32],[-38,0],[0,32],[-12,0],[0,-32],[-13,0]],[[2162,5354],[25,0]],[[2250,5387],[-13,0]],[[2237,5419],[-62,0]],[[2175,5419],[0,32]],[[2200,5483],[-38,0]],[[2150,5483],[-25,0]],[[2125,5483],[0,33]],[[2112,5516],[0,32]],[[2112,5548],[13,0]],[[2125,5580],[-13,0]],[[2087,5709],[0,65]],[[2087,5774],[-25,0]],[[2062,5774],[0,129]],[[2062,5903],[-25,0]],[[2000,6161],[-75,0]],[[1975,5903],[0,-65]],[[2012,5741],[-25,0],[0,65]],[[1987,5806],[-25,0],[0,32],[-12,0],[0,65],[-13,0],[0,32],[-12,0],[0,64]],[[1925,5999],[-25,0],[0,33],[-13,0],[0,32],[-12,0]],[[1875,6064],[0,64]],[[1862,6128],[0,33],[-12,0],[0,64],[12,0]],[[1812,6548],[75,0]],[[1900,6515],[0,-64]],[[1900,6451],[12,0]],[[1912,6419],[13,0]],[[2012,6386],[13,0]],[[2087,6386],[-25,0]],[[2075,6935],[-25,0]],[[2050,6999],[25,0]],[[2025,7193],[0,32]],[[2012,7161],[-12,0]],[[1987,7128],[-12,0]],[[1962,7161],[0,96]],[[1962,7257],[-37,0]],[[1925,7257],[0,33]],[[1937,7386],[-37,0]],[[1900,7354],[25,0]],[[1925,7354],[0,-32]],[[1912,7257],[-12,0]],[[1900,7225],[-38,0]],[[1862,7257],[13,0]],[[1875,7290],[12,0]],[[1875,7354],[0,97]],[[1837,7548],[25,0]],[[2225,5774],[0,-97]],[[2250,5645],[0,64]],[[2250,5709],[12,0]],[[2262,5741],[-25,0]],[[2237,5548],[25,0]],[[2250,5580],[0,32]],[[7099,5225],[63,0]],[[7162,5225],[0,-64],[-88,0]],[[7074,5161],[0,64]],[[7062,5225],[0,33]],[[7062,5258],[-38,0]],[[7024,5258],[0,32],[25,0]],[[7049,5290],[0,32]],[[4287,5258],[25,0],[0,-33],[25,0],[0,-64],[-25,0],[0,32],[-25,0],[0,65]],[[7062,5258],[0,-65]],[[7062,5193],[-13,0]],[[7049,5193],[0,-32]],[[7049,5161],[-25,0],[0,97]],[[7674,5161],[-12,0],[0,64],[-25,0],[0,33],[37,0],[0,-97]],[[6174,5161],[-12,0],[0,32],[-13,0],[0,32],[25,0]],[[2250,5193],[0,-32]],[[2250,5161],[-13,0],[0,32],[13,0]],[[2400,5193],[25,0],[0,-32],[-25,0],[0,32]],[[4537,5193],[13,0]],[[4550,5193],[0,-32],[-13,0]],[[4537,5161],[0,32]],[[5487,5193],[12,0],[0,-32],[-12,0],[0,32]],[[6324,5193],[13,0]],[[6337,5193],[0,-32],[-13,0]],[[6324,5161],[0,32]],[[7074,5193],[0,-32]],[[7074,5161],[-12,0],[0,32]],[[7287,5193],[0,-32],[-13,0]],[[7274,5161],[0,32],[13,0]],[[8399,5193],[13,0]],[[8412,5193],[0,-32],[-13,0],[0,32]],[[2300,5193],[-25,0]],[[2275,5193],[0,-32],[12,0],[0,-32]],[[2287,5129],[-25,0],[0,32],[-12,0]],[[2250,5193],[-38,0]],[[2212,5225],[-37,0],[0,33],[-13,0]],[[3287,5258],[0,-65],[25,0],[0,-32]],[[3312,5161],[-12,0],[0,-32]],[[3300,5129],[-25,0],[0,129]],[[6237,5225],[25,0],[0,-32],[12,0],[0,-64]],[[6274,5129],[-12,0]],[[6262,5129],[0,32],[-13,0],[0,32],[-12,0]],[[6237,5193],[0,32]],[[2275,5193],[37,0]],[[2312,5193],[0,-64]],[[2312,5129],[-25,0]],[[4625,5193],[12,0],[0,-64]],[[4637,5129],[-12,0]],[[4625,5129],[0,64]],[[7187,5193],[12,0],[0,-64],[-12,0],[0,64]],[[2362,5193],[0,-64]],[[2362,5129],[-25,0]],[[2337,5129],[0,32],[13,0],[0,32],[12,0]],[[2362,5161],[13,0],[0,-32]],[[2375,5129],[-13,0]],[[2362,5129],[0,32]],[[2662,5161],[13,0],[0,-32],[-13,0]],[[2662,5129],[0,32]],[[3312,5161],[0,-32],[-12,0]],[[4975,5161],[25,0],[0,-32],[-25,0],[0,32]],[[8024,5129],[-12,0]],[[8012,5129],[0,32],[12,0],[0,-32]],[[6437,5774],[0,-33],[12,0]],[[6487,5741],[12,0],[0,33],[13,0],[0,-33]],[[6649,5516],[-12,0],[0,-33],[-13,0]],[[6624,5483],[0,33]],[[6562,5354],[25,0],[0,-32],[-25,0]],[[6549,5258],[-25,0]],[[6524,5258],[0,32],[-12,0],[0,-65],[-13,0],[0,33],[-75,0],[0,32],[-25,0],[0,-32],[-25,0]],[[6374,5258],[0,-65]],[[6374,5193],[-50,0]],[[6324,5161],[-12,0],[0,-65]],[[6312,5096],[-25,0]],[[6287,5096],[0,33]],[[6287,5129],[-13,0]],[[2575,5548],[25,0],[0,-65],[-13,0],[0,-32],[-12,0],[0,-32]],[[2575,5354],[0,-32],[-13,0],[0,-64]],[[2550,5258],[0,-129]],[[2550,5129],[-13,0],[0,-33],[-25,0],[0,33],[-12,0],[0,32],[-13,0],[0,32],[-12,0],[0,97],[12,0]],[[2487,5290],[0,-32]],[[2500,5258],[0,32]],[[2500,5290],[12,0],[0,129],[13,0],[0,32]],[[2525,5451],[25,0],[0,32],[12,0],[0,33],[13,0],[0,32]],[[7787,5258],[50,0]],[[7837,5258],[0,-65]],[[7837,5193],[-13,0],[0,-32],[-12,0],[0,-65],[-13,0],[0,65],[-12,0],[0,97]],[[6324,5161],[0,-65],[-12,0]],[[7074,5161],[0,-32],[13,0],[0,-33]],[[7087,5096],[-50,0],[0,65],[12,0]],[[2337,5129],[0,-33],[-37,0],[0,33],[37,0]],[[2662,5129],[25,0],[0,-33]],[[2687,5096],[-25,0]],[[2662,5096],[0,33]],[[4637,5129],[13,0]],[[4650,5129],[0,-33]],[[4650,5096],[-13,0],[0,33]],[[5012,5129],[12,0],[0,-33],[-12,0],[0,33]],[[5574,5096],[-12,0],[0,33],[12,0],[0,-33]],[[5899,5129],[25,0]],[[5924,5129],[0,-33]],[[5924,5096],[-25,0]],[[5899,5096],[0,33]],[[7237,5129],[12,0],[0,-33],[-12,0]],[[7237,5096],[0,33]],[[7624,5129],[38,0],[0,-33],[-38,0],[0,33]],[[8024,5129],[13,0],[0,-33]],[[8037,5096],[-13,0]],[[8024,5096],[0,33]],[[4612,5483],[0,-32]],[[4612,5451],[13,0]],[[4625,5387],[62,0]],[[4687,5387],[0,-33],[50,0],[0,-32],[100,0],[0,-97]],[[4837,5225],[13,0]],[[4850,5225],[0,-129],[-100,0],[0,33],[-13,0],[0,-33],[-50,0],[0,33],[-12,0],[0,-65],[-25,0]],[[4650,5064],[0,65]],[[4625,5193],[0,-32]],[[4625,5161],[-13,0],[0,32]],[[4612,5193],[-75,0]],[[4537,5193],[0,65],[13,0],[0,96],[-13,0],[0,33]],[[4550,5387],[0,64]],[[4550,5451],[12,0]],[[4562,5451],[0,32]],[[6524,5258],[13,0],[0,-33]],[[6524,5193],[-50,0]],[[6474,5193],[0,32],[-25,0],[0,-32],[-12,0],[0,-32],[-38,0]],[[6399,5161],[0,-32]],[[6399,5129],[-12,0],[0,-65],[-13,0]],[[6374,5064],[0,194]],[[5224,6451],[0,-32]],[[5237,6386],[37,0]],[[5299,6290],[0,-33]],[[5399,6161],[125,0]],[[5524,6193],[25,0],[0,32]],[[5687,6257],[87,0]],[[5774,6225],[38,0]],[[5949,5935],[0,-65]],[[5974,5838],[0,-32],[13,0],[0,-65],[12,0],[0,-64]],[[5999,5677],[-12,0],[0,-32],[-13,0],[0,-33],[-25,0],[0,-32],[-12,0],[0,-32],[-13,0],[0,-65],[-12,0],[0,33],[-13,0],[0,-65]],[[5899,5451],[-12,0],[0,32],[-13,0],[0,65],[13,0],[0,32],[-25,0],[0,-32],[-25,0],[0,-32],[-13,0],[0,-33],[-12,0],[0,97],[-50,0],[0,-32],[12,0],[0,-65],[-25,0],[0,33],[-50,0],[0,-97],[25,0],[0,32],[38,0],[0,-64],[12,0],[0,32],[13,0],[0,32],[12,0],[0,-64],[25,0],[0,-33],[-50,0],[0,-32],[-12,0],[0,-64],[25,0],[0,-33],[-13,0],[0,-32],[88,0],[0,-32],[-13,0],[0,-32],[-50,0],[0,-33],[-50,0],[0,33],[-25,0],[0,-33],[-12,0],[0,33],[-13,0],[0,-33],[-25,0],[0,65],[-12,0],[0,97],[-13,0],[0,64],[13,0],[0,65],[-25,0],[0,-33],[-13,0],[0,-32],[13,0],[0,-32],[-50,0]],[[5587,5290],[0,32]],[[5587,5322],[-13,0],[0,65],[-12,0],[0,64]],[[5562,5451],[-13,0],[0,-97],[-12,0],[0,-32],[-25,0],[0,-32],[-13,0],[0,64],[25,0],[0,33],[-12,0],[0,32],[-38,0],[0,64],[-37,0],[0,-32],[25,0],[0,-97],[-25,0],[0,-32],[12,0],[0,-32]],[[5449,5290],[-25,0],[0,-65],[13,0],[0,-32],[12,0],[0,-32],[25,0],[0,-32],[25,0],[0,-33],[-125,0],[0,-32],[-25,0],[0,32],[-50,0],[0,33],[-50,0],[0,32],[-12,0],[0,64],[25,0],[0,33],[-13,0],[0,32],[13,0],[0,97],[-38,0],[0,32],[-12,0],[0,32],[12,0],[0,32],[-25,0],[0,-32],[-12,0],[0,-32]],[[5174,5354],[0,-32],[-12,0],[0,-32],[-25,0],[0,-32],[-25,0],[0,-33],[-25,0],[0,65],[25,0],[0,64],[-25,0]],[[5087,5354],[0,65],[-13,0],[0,32],[-25,0],[0,32],[-12,0],[0,33],[-50,0],[0,64],[-25,0],[0,-64],[13,0],[0,-33],[-13,0],[0,-32],[-25,0],[0,-32],[-37,0],[0,-65],[12,0],[0,-32],[-12,0],[0,-97]],[[4900,5225],[-63,0]],[[4687,5387],[-25,0]],[[4637,5451],[-25,0]],[[4612,5451],[0,65]],[[4562,5516],[0,-65]],[[4550,5451],[0,32]],[[4525,5516],[0,64]],[[4537,5580],[0,97],[13,0],[0,32]],[[4562,5709],[0,65],[13,0],[0,32],[12,0],[0,97],[25,0],[0,32]],[[4637,5967],[-12,0],[0,32]],[[4625,5999],[12,0],[0,33],[38,0],[0,-33]],[[4700,5967],[0,32]],[[4700,5999],[12,0]],[[4762,6064],[13,0]],[[4775,6096],[25,0]],[[4800,6128],[50,0]],[[4887,6225],[25,0]],[[7987,5225],[12,0],[0,-32],[13,0],[0,-64]],[[8024,5129],[0,-65]],[[8024,5064],[-25,0]],[[7999,5064],[0,65],[-25,0],[0,64]],[[6474,5193],[13,0],[0,-32],[-25,0],[0,-65],[-25,0],[0,-32],[-38,0],[0,97]],[[2687,5096],[13,0],[0,-32]],[[2700,5064],[-13,0]],[[2687,5064],[0,32]],[[4875,5096],[0,-32]],[[4875,5064],[-13,0]],[[4862,5064],[0,32],[13,0]],[[5574,5096],[13,0]],[[5587,5096],[0,-32]],[[5587,5064],[-13,0]],[[5574,5064],[0,32]],[[6299,5096],[13,0]],[[6312,5096],[0,-32],[-13,0]],[[6299,5064],[0,32]],[[7237,5096],[0,-32]],[[7237,5064],[-13,0]],[[7224,5064],[0,32],[13,0]],[[3300,5129],[0,-33],[12,0],[0,-64]],[[3312,5032],[-25,0],[0,97],[13,0]],[[4350,5225],[25,0],[0,-96],[-13,0],[0,-65],[-12,0],[0,-32],[-50,0],[0,64],[37,0],[0,33],[13,0],[0,96]],[[7062,5096],[0,-64]],[[7062,5032],[-13,0],[0,64],[13,0]],[[7062,5096],[12,0]],[[7074,5096],[0,-64],[-12,0]],[[7099,5096],[13,0],[0,-64],[-13,0],[0,64]],[[2475,5064],[12,0],[0,-32],[-12,0],[0,32]],[[4862,5064],[0,-32]],[[4862,5032],[-12,0],[0,32],[12,0]],[[5024,5064],[13,0],[0,-32],[-13,0],[0,32]],[[6274,5096],[25,0]],[[6299,5096],[0,-64]],[[6299,5032],[-37,0],[0,32],[12,0],[0,32]],[[7137,5064],[12,0],[0,-32],[-12,0],[0,32]],[[7174,5064],[13,0]],[[7187,5064],[0,-32]],[[7187,5032],[-13,0],[0,32]],[[7212,5064],[12,0]],[[7224,5064],[0,-32]],[[7224,5032],[-12,0]],[[7212,5032],[0,32]],[[7237,5064],[0,-32]],[[7237,5032],[-13,0]],[[7762,5064],[12,0]],[[7774,5064],[0,-32]],[[7774,5032],[-12,0]],[[7762,5032],[0,32]],[[8037,5096],[0,-64]],[[8037,5032],[-25,0]],[[8012,5032],[0,32]],[[8012,5064],[12,0]],[[8024,5064],[0,32]],[[8399,5032],[0,32],[13,0],[0,-32],[-13,0]],[[8349,5096],[13,0],[0,-32],[12,0],[0,-64],[-25,0],[0,96]],[[2500,5064],[12,0],[0,-32],[13,0],[0,-32],[-25,0],[0,64]],[[2700,5064],[0,-64],[-13,0],[0,64]],[[4875,5064],[0,-64]],[[4875,5000],[-13,0]],[[4862,5000],[0,64]],[[4925,5193],[12,0],[0,-64],[13,0],[0,-33],[25,0],[0,-32],[-25,0],[0,-32],[-13,0],[0,-32],[-12,0],[0,32],[-13,0],[0,32],[13,0],[0,65],[-13,0],[0,32],[13,0],[0,32]],[[2450,5032],[0,-32]],[[2450,5000],[-13,0],[0,32],[13,0]],[[5962,5032],[25,0],[0,-32],[-25,0],[0,32]],[[6299,5032],[13,0],[0,-32],[-13,0],[0,32]],[[6362,5064],[0,-64],[-25,0],[0,32]],[[6337,5032],[12,0],[0,32],[13,0]],[[3312,5032],[0,-65]],[[3312,4967],[-12,0],[0,65],[12,0]],[[2450,5000],[12,0],[0,-33]],[[2462,4967],[-12,0],[0,33]],[[5399,5000],[13,0]],[[5412,5000],[0,-33]],[[5412,4967],[-13,0]],[[5399,4967],[0,33]],[[6174,5000],[13,0]],[[6187,5000],[0,-33]],[[6187,4967],[-13,0],[0,33]],[[6187,5000],[12,0]],[[6199,5000],[0,-33]],[[6199,4967],[-12,0]],[[7799,4967],[0,33],[13,0],[0,-33],[-13,0]],[[2500,5290],[0,32]],[[2487,5322],[0,-32]],[[2550,5129],[0,32],[12,0]],[[2562,5161],[0,-97],[25,0],[0,-32],[25,0],[0,-65],[-12,0]],[[2600,4967],[0,33]],[[2600,5000],[-13,0],[0,-65],[-12,0]],[[2575,4935],[0,32],[-13,0],[0,33],[-25,0],[0,-65]],[[2537,4935],[-25,0],[0,32],[-50,0]],[[2450,5032],[-25,0],[0,32],[-13,0],[0,32],[-12,0],[0,33],[-25,0]],[[2362,5161],[0,32]],[[2337,5129],[-25,0]],[[2312,5129],[0,32]],[[2325,5225],[37,0]],[[2362,5225],[0,65]],[[2350,5322],[-25,0]],[[2325,5322],[0,32]],[[2325,5354],[50,0],[0,-32],[25,0],[0,32],[37,0]],[[2450,5322],[0,65],[25,0],[0,64]],[[2487,5516],[0,32],[88,0]],[[6124,5064],[38,0],[0,-64],[12,0]],[[6187,4967],[0,-32]],[[6187,4935],[-25,0]],[[6162,4935],[0,32],[-13,0],[0,33],[-12,0],[0,32],[-13,0],[0,32]],[[2575,4935],[-38,0]],[[5937,5096],[-13,0]],[[5924,5129],[13,0]],[[5937,5129],[0,32],[37,0],[0,-32],[25,0],[0,64],[13,0],[0,-32],[12,0],[0,-32],[-12,0],[0,-129],[-13,0],[0,-33],[-12,0],[0,-32],[-13,0],[0,32],[-37,0],[0,33],[12,0],[0,64],[-12,0],[0,32]],[[3312,4967],[0,-32],[-25,0],[0,32],[25,0]],[[6199,4967],[0,-32]],[[6199,4935],[-12,0]],[[6299,4967],[13,0],[0,-32],[-13,0]],[[6299,4935],[0,32]],[[7787,4967],[12,0]],[[7799,4967],[0,-32]],[[7799,4935],[-12,0]],[[7787,4935],[0,32]],[[7937,4967],[12,0]],[[7949,4967],[0,-32]],[[7949,4935],[-12,0],[0,32]],[[6262,5129],[25,0]],[[6287,5096],[-13,0]],[[6299,5032],[0,32]],[[6337,5193],[37,0]],[[6374,5193],[0,-129]],[[6399,5129],[0,-97],[-37,0],[0,32]],[[6337,5032],[0,-65],[-38,0]],[[6299,4935],[-37,0],[0,-32],[-13,0]],[[6249,4903],[0,32],[-12,0]],[[6237,4935],[0,258]],[[7187,5064],[25,0]],[[7212,5032],[25,0]],[[7237,5032],[0,-65]],[[7237,4967],[-13,0],[0,-32]],[[7224,4935],[-25,0]],[[7199,4935],[0,-32]],[[7199,4903],[-12,0],[0,32],[-13,0]],[[7174,4935],[0,32]],[[7174,4967],[-12,0]],[[7162,4967],[0,33]],[[7162,5000],[25,0]],[[7187,5000],[0,64]],[[3337,4967],[13,0],[0,-64],[-13,0],[0,64]],[[7174,4967],[0,-64]],[[7174,4903],[-12,0]],[[7162,4903],[0,64]],[[8462,4967],[0,-32],[12,0]],[[8474,4935],[0,-32],[-25,0],[0,64],[13,0]],[[2575,4935],[0,-32]],[[2575,4903],[-25,0],[0,32],[25,0]],[[6487,4935],[0,-32]],[[6487,4903],[-13,0]],[[6474,4903],[0,32],[13,0]],[[7199,4935],[13,0]],[[7212,4935],[0,-32]],[[7212,4903],[-13,0]],[[7724,4935],[13,0],[0,-32],[-13,0]],[[7724,4903],[0,32]],[[7799,4935],[0,-32],[-12,0],[0,32]],[[7949,4935],[13,0]],[[7962,4935],[0,-32]],[[7962,4903],[-13,0],[0,32]],[[8374,4935],[13,0],[0,-32],[-13,0],[0,32]],[[6237,5225],[0,-290]],[[6249,4903],[-25,0]],[[6224,4903],[0,-33]],[[6224,4870],[-12,0],[0,33]],[[6212,4903],[-13,0]],[[6199,4903],[0,97]],[[6187,5000],[0,64],[-13,0],[0,97]],[[6187,5193],[37,0]],[[6224,5193],[0,32]],[[4525,5000],[25,0],[0,-130]],[[4550,4870],[-25,0],[0,130]],[[5487,4967],[12,0],[0,-32],[13,0],[0,-32],[-13,0],[0,-33]],[[5499,4870],[-12,0]],[[5487,4870],[0,97]],[[6487,4935],[25,0],[0,-65]],[[6512,4870],[-13,0]],[[6499,4870],[0,33]],[[6499,4903],[-12,0]],[[7237,4967],[0,-97],[-13,0],[0,33]],[[7224,4903],[-12,0]],[[7212,4935],[12,0]],[[3050,4903],[12,0],[0,-33]],[[3062,4870],[-12,0]],[[3050,4870],[0,33]],[[5974,4903],[13,0],[0,-33],[-13,0],[0,33]],[[6224,4903],[13,0],[0,-33],[-13,0]],[[6474,4903],[25,0]],[[6499,4870],[-25,0],[0,33]],[[6512,4870],[0,33],[12,0],[0,-33],[-12,0]],[[7112,4903],[25,0],[0,-33],[-25,0],[0,33]],[[7774,4870],[-12,0],[0,33],[12,0],[0,-33]],[[3025,4903],[25,0]],[[3050,4870],[-13,0]],[[3037,4870],[0,-32],[-12,0],[0,65]],[[3300,4838],[-25,0],[0,65],[25,0],[0,-65]],[[7724,4903],[0,-65]],[[7724,4838],[-12,0]],[[7712,4838],[0,65],[12,0]],[[7849,4935],[0,-97],[-12,0],[0,32],[-13,0]],[[7824,4870],[0,33],[13,0],[0,32],[12,0]],[[2612,4935],[25,0]],[[2637,4935],[0,-65],[13,0],[0,-32]],[[2650,4838],[-38,0]],[[2612,4838],[0,32],[13,0],[0,33],[-13,0],[0,32]],[[5624,4870],[0,-32]],[[5624,4838],[-37,0]],[[5587,4838],[0,32],[37,0]],[[7074,4870],[13,0]],[[7087,4870],[0,-32],[-13,0],[0,32]],[[7774,4870],[13,0]],[[7787,4870],[0,-32],[-13,0],[0,32]],[[7999,4870],[13,0],[0,-32],[-13,0],[0,32]],[[8024,5032],[13,0]],[[8037,5032],[0,-65],[12,0],[0,-64],[-12,0],[0,-97],[-13,0],[0,226]],[[7199,4903],[25,0]],[[7224,4903],[0,-65]],[[7224,4838],[-12,0],[0,-32],[-13,0]],[[7199,4806],[0,97]],[[7912,4903],[0,-97]],[[7912,4806],[-13,0]],[[7899,4806],[0,32]],[[7899,4838],[-12,0]],[[7887,4838],[0,32],[12,0],[0,33],[13,0]],[[2587,4838],[13,0],[0,-32]],[[2600,4806],[-13,0],[0,32]],[[2625,4838],[12,0]],[[2637,4838],[0,-32]],[[2637,4806],[-12,0]],[[2625,4806],[0,32]],[[2937,4838],[0,-32]],[[2937,4806],[-12,0],[0,32],[12,0]],[[2937,4838],[38,0],[0,-32]],[[2975,4806],[-38,0]],[[3112,4838],[0,-32]],[[3112,4806],[-12,0],[0,32],[12,0]],[[6349,4838],[13,0]],[[6362,4838],[0,-32],[-13,0],[0,32]],[[6424,4838],[13,0]],[[6437,4838],[0,-32],[-13,0],[0,32]],[[7162,4806],[-13,0],[0,32],[13,0],[0,-32]],[[7724,4838],[0,-32],[-12,0],[0,32]],[[8424,4838],[25,0],[0,-32],[-25,0],[0,32]],[[7962,5580],[-38,0]],[[7899,5548],[13,0]],[[7912,5548],[0,-129]],[[7912,5354],[0,-32]],[[7912,5322],[12,0]],[[7999,5064],[13,0]],[[8012,5032],[12,0]],[[8024,5032],[0,-258],[-12,0]],[[8012,4774],[0,32],[-25,0],[0,32],[-13,0]],[[7974,4838],[0,-32]],[[7974,4806],[-12,0]],[[7962,4806],[0,129]],[[7949,4967],[-25,0]],[[7924,4967],[0,-32],[-12,0],[0,32],[-13,0],[0,65],[-12,0],[0,64],[25,0],[0,-64],[12,0],[0,32],[13,0],[0,97],[-13,0],[0,32],[-12,0],[0,65],[-13,0],[0,32],[-25,0],[0,32],[-12,0],[0,32],[-13,0],[0,-32],[-25,0],[0,-32]],[[7824,5290],[-37,0]],[[7787,5290],[0,129]],[[7762,5451],[0,-97]],[[7749,5354],[0,33]],[[7749,5387],[-12,0],[0,-129],[25,0],[0,-65],[12,0],[0,-97],[-12,0]],[[7762,5096],[0,-64]],[[7774,5032],[0,-32]],[[7774,5000],[-25,0],[0,32],[-12,0],[0,32],[-13,0],[0,32],[13,0],[0,129],[-13,0],[0,33],[-12,0],[0,64],[-13,0],[0,32],[-12,0]],[[7687,5354],[0,65]],[[7699,5419],[0,97]],[[7699,5516],[-25,0]],[[7674,5516],[0,32]],[[2600,5000],[0,-65]],[[2600,4935],[12,0]],[[2612,4838],[13,0]],[[2625,4838],[0,-64]],[[2625,4774],[-13,0]],[[2612,4774],[0,32],[-12,0]],[[2587,4838],[0,32],[-25,0],[0,33],[13,0]],[[5537,5064],[50,0]],[[5587,5096],[37,0]],[[5624,5096],[0,-96],[-12,0],[0,-97],[12,0]],[[5624,4903],[0,-33]],[[5587,4838],[-13,0]],[[5574,4838],[0,32]],[[5574,4870],[-75,0]],[[5487,4967],[0,-193]],[[5487,4774],[-50,0]],[[5437,4774],[0,32],[-13,0],[0,64],[-12,0]],[[5412,4870],[0,130]],[[5399,5000],[0,-65]],[[5399,4935],[-12,0],[0,32],[-13,0],[0,65],[63,0],[0,-32],[12,0],[0,32],[13,0],[0,-32],[12,0],[0,32],[13,0],[0,32],[37,0],[0,32],[13,0],[0,-32]],[[7887,4838],[0,-64]],[[7887,4774],[-25,0]],[[7862,4774],[0,96],[12,0],[0,-32],[13,0]],[[3112,4806],[0,-32]],[[3112,4774],[-50,0]],[[3062,4774],[0,64],[13,0],[0,65],[37,0],[0,-65]],[[4537,4838],[25,0]],[[4562,4838],[0,-32]],[[4562,4806],[-12,0],[0,-32]],[[4550,4774],[-13,0],[0,64]],[[4712,4838],[25,0],[0,-64],[-25,0],[0,64]],[[2912,4806],[25,0]],[[2937,4806],[0,-32]],[[2937,4774],[-25,0]],[[2912,4774],[0,32]],[[3200,4806],[0,-32]],[[3200,4774],[-25,0]],[[3175,4774],[0,32],[25,0]],[[3200,4806],[12,0]],[[3212,4806],[0,-32]],[[3212,4774],[-12,0]],[[3250,4774],[0,32],[12,0],[0,-32],[-12,0]],[[4562,4806],[0,-32]],[[4562,4774],[-12,0]],[[5624,4774],[0,32],[13,0],[0,-32],[-13,0]],[[6274,4806],[0,-32]],[[6274,4774],[-12,0],[0,32],[12,0]],[[7162,4806],[12,0],[0,-32],[-12,0],[0,32]],[[7912,4870],[25,0]],[[7937,4870],[0,-96]],[[7937,4774],[-38,0]],[[7899,4774],[0,32]],[[7912,4806],[0,64]],[[7574,5000],[13,0],[0,-194],[-13,0],[0,-65],[-12,0],[0,194],[12,0],[0,65]],[[2937,4806],[25,0]],[[2962,4806],[0,-32]],[[2962,4774],[-12,0],[0,-33]],[[2950,4741],[-13,0]],[[2937,4741],[0,65]],[[3212,4806],[25,0],[0,-32],[13,0]],[[3250,4774],[0,-33]],[[3250,4741],[-38,0]],[[3212,4741],[0,65]],[[4662,4806],[0,-65]],[[4662,4741],[-37,0]],[[4625,4741],[0,33],[-13,0],[0,32],[50,0]],[[7224,4838],[0,-64]],[[7224,4774],[-12,0],[0,-33],[-13,0]],[[7199,4741],[0,65]],[[7962,4838],[0,-32]],[[7974,4806],[0,-65]],[[7974,4741],[-25,0],[0,33]],[[7949,4774],[-12,0]],[[7937,4774],[0,32]],[[7937,4806],[12,0],[0,32],[13,0]],[[2662,4774],[13,0]],[[2675,4774],[0,-33]],[[2675,4741],[-13,0]],[[2662,4741],[0,33]],[[2962,4774],[0,-33],[-12,0]],[[3212,4774],[0,-33]],[[3212,4741],[-12,0],[0,33]],[[4600,4741],[-13,0]],[[4587,4741],[0,33],[13,0],[0,-33]],[[4775,4774],[12,0]],[[4787,4774],[0,-33],[-12,0],[0,33]],[[5624,4774],[0,-33],[-12,0],[0,33],[12,0]],[[7862,4774],[12,0]],[[7874,4774],[0,-33],[-12,0],[0,33]],[[8012,4774],[0,-33],[-13,0]],[[7999,4741],[0,33],[13,0]],[[2912,4774],[13,0]],[[2925,4774],[0,-33],[-13,0]],[[2912,4741],[0,-32]],[[2912,4709],[-12,0]],[[2900,4709],[0,97],[12,0]],[[3300,4838],[25,0],[0,-64],[-13,0],[0,-65]],[[3312,4709],[-12,0],[0,65]],[[3300,4774],[-13,0],[0,32],[13,0],[0,32]],[[3037,4870],[25,0]],[[3062,4870],[0,-129]],[[3062,4741],[13,0]],[[3075,4741],[0,-32]],[[3075,4709],[-25,0]],[[3050,4709],[0,32]],[[3050,4741],[-25,0]],[[3025,4741],[0,-32]],[[3025,4709],[-38,0]],[[2987,4709],[0,65],[13,0],[0,32]],[[3000,4806],[-25,0]],[[2975,4806],[0,64],[12,0],[0,33],[38,0]],[[3137,4774],[38,0]],[[3175,4774],[0,-65]],[[3175,4709],[-38,0]],[[3137,4709],[0,65]],[[5449,4774],[38,0]],[[5487,4774],[0,-65]],[[5487,4709],[-25,0],[0,32],[-13,0],[0,33]],[[6424,4709],[0,65],[13,0],[0,-65],[-13,0]],[[2900,4709],[-13,0]],[[2887,4709],[0,32],[13,0],[0,-32]],[[2962,4774],[13,0]],[[2975,4774],[0,-65]],[[2975,4709],[-25,0],[0,32]],[[3025,4741],[12,0]],[[3037,4741],[0,-32],[-12,0]],[[3187,4741],[0,-32]],[[3187,4709],[-12,0]],[[3175,4709],[0,32],[12,0]],[[4600,4741],[0,-32]],[[4600,4709],[-13,0],[0,32]],[[4600,4741],[12,0],[0,-32]],[[4612,4709],[-12,0]],[[4650,4741],[12,0]],[[4662,4741],[0,-32]],[[4662,4709],[-12,0],[0,32]],[[5724,4709],[-25,0]],[[5699,4709],[0,32],[25,0],[0,-32]],[[7624,5935],[50,0]],[[7637,5516],[62,0]],[[7699,5516],[0,-33]],[[7687,5483],[0,-129]],[[7774,5000],[0,64]],[[7762,5064],[0,32]],[[7749,5387],[0,-65]],[[7762,5322],[0,65]],[[7787,5387],[0,-33]],[[7787,5322],[0,-32]],[[7787,5290],[12,0]],[[7799,5258],[-12,0]],[[7837,5193],[0,97]],[[7837,5290],[-13,0]],[[7924,4967],[13,0]],[[7962,4903],[0,-65]],[[7937,4806],[0,64]],[[7912,4870],[0,33]],[[7862,4774],[-13,0],[0,161]],[[7824,4870],[-25,0],[0,97]],[[7787,4967],[0,-97]],[[7774,4870],[0,-96],[-12,0],[0,-33]],[[7762,4741],[-25,0],[0,-32]],[[7737,4709],[-25,0]],[[7712,4709],[0,32],[12,0],[0,162]],[[7724,4935],[0,32],[-12,0],[0,162],[-13,0],[0,64],[-12,0],[0,-32],[-13,0]],[[7674,5161],[0,-32],[-62,0],[0,225]],[[7587,5354],[0,65],[-13,0],[0,32],[-12,0]],[[7549,5483],[0,33]],[[7549,5516],[13,0],[0,96],[-13,0],[0,33],[-12,0],[0,96],[50,0],[0,65],[12,0],[0,32],[13,0],[0,65],[12,0],[0,32]],[[2637,4806],[0,-32]],[[2637,4774],[25,0]],[[2662,4774],[0,-65]],[[2662,4709],[-12,0]],[[2650,4709],[0,32]],[[2650,4741],[-13,0],[0,-32],[-12,0],[0,-32]],[[2625,4677],[-13,0],[0,97]],[[2625,4774],[0,32]],[[3112,4774],[0,-65],[-25,0],[0,-32]],[[3087,4677],[-12,0]],[[3075,4677],[0,64]],[[3062,4741],[0,33]],[[7199,4774],[0,-33]],[[7224,4774],[0,-65]],[[7224,4709],[-25,0],[0,-32]],[[7199,4677],[-25,0],[0,32],[-12,0],[0,32],[25,0],[0,33],[12,0]],[[2650,4741],[0,-64]],[[2650,4677],[-25,0]],[[2675,4741],[0,-32]],[[2675,4709],[12,0],[0,-32],[-37,0]],[[2650,4677],[0,32]],[[2662,4709],[0,32]],[[2800,4709],[25,0],[0,-32]],[[2825,4677],[-25,0],[0,32]],[[2900,4709],[0,-32]],[[2900,4677],[-13,0],[0,32]],[[2912,4709],[0,-32]],[[2912,4677],[-12,0]],[[3000,4709],[12,0]],[[3012,4709],[0,-32]],[[3012,4677],[-12,0]],[[3000,4677],[0,32]],[[3012,4709],[13,0]],[[3025,4709],[0,-32]],[[3025,4677],[-13,0]],[[3262,4709],[0,-32]],[[3262,4677],[-12,0]],[[3250,4677],[0,32],[12,0]],[[4612,4709],[25,0],[0,-32]],[[4637,4677],[-25,0]],[[4612,4677],[0,32]],[[5637,4741],[12,0],[0,-64],[-50,0],[0,32],[38,0],[0,32]],[[5699,4709],[0,-32],[-12,0],[0,32],[12,0]],[[7224,4709],[0,-32]],[[7224,4677],[-12,0]],[[7212,4677],[0,32],[12,0]],[[7224,4709],[25,0],[0,-32]],[[7249,4677],[-25,0]],[[7712,4709],[12,0]],[[7724,4709],[0,-32],[-12,0],[0,32]],[[7787,4677],[-13,0]],[[7774,4677],[0,32],[13,0],[0,-32]],[[8299,4709],[13,0],[0,-32],[-13,0],[0,32]],[[8462,4677],[0,32],[12,0],[0,-32],[-12,0]],[[5549,4645],[-37,0]],[[5512,4645],[0,32]],[[5512,4677],[-25,0]],[[5487,4677],[0,97]],[[5487,4774],[12,0],[0,32],[38,0],[0,-65],[12,0],[0,-96]],[[3037,4741],[13,0]],[[3050,4741],[0,-64]],[[3050,4677],[-13,0]],[[3037,4677],[0,-32]],[[3037,4645],[-12,0]],[[3025,4645],[0,64]],[[5712,4709],[25,0]],[[5737,4709],[0,-32],[25,0],[0,-32],[-38,0],[0,32],[-12,0],[0,32]],[[6412,4709],[12,0]],[[6424,4709],[0,-64],[-12,0],[0,64]],[[2762,4677],[13,0],[0,-32]],[[2775,4645],[-13,0],[0,32]],[[3162,4677],[13,0],[0,-32],[-13,0],[0,32]],[[5012,4677],[12,0]],[[5024,4677],[0,-32],[-12,0]],[[5012,4645],[0,32]],[[5499,4677],[13,0]],[[5512,4645],[-13,0],[0,32]],[[7199,4677],[13,0]],[[7212,4677],[0,-32],[-13,0]],[[7199,4645],[0,32]],[[7562,4677],[25,0],[0,-32],[-25,0],[0,32]],[[8462,4677],[0,-32],[-13,0]],[[8449,4645],[0,32],[13,0]],[[4737,4741],[25,0]],[[4762,4741],[0,-32],[13,0]],[[4775,4709],[0,-97]],[[4775,4612],[-13,0]],[[4762,4612],[0,65],[-12,0]],[[4750,4677],[0,32],[-13,0],[0,32]],[[3075,4709],[0,-32]],[[3075,4677],[-13,0]],[[3062,4677],[0,-32],[-12,0],[0,-33],[-13,0]],[[3037,4612],[0,65]],[[3050,4677],[0,32]],[[4762,4612],[-12,0]],[[4750,4612],[0,65]],[[5487,4677],[0,-65],[-13,0],[0,65],[13,0]],[[3012,4645],[25,0]],[[3037,4645],[0,-33]],[[3037,4612],[-25,0],[0,33]],[[3262,4645],[0,-33]],[[3262,4612],[-12,0],[0,33],[12,0]],[[3262,4645],[13,0],[0,-33],[-13,0]],[[4775,4645],[12,0],[0,-33],[-12,0]],[[4775,4612],[0,33]],[[5437,4645],[12,0],[0,-33],[-12,0],[0,33]],[[5512,4645],[12,0]],[[5524,4645],[0,-33],[-12,0],[0,33]],[[7112,4645],[12,0],[0,-33]],[[7124,4612],[-12,0],[0,33]],[[7899,4645],[13,0],[0,-33],[-13,0]],[[7899,4612],[0,33]],[[8449,4645],[0,-33],[-12,0]],[[8437,4612],[0,33],[12,0]],[[2562,5161],[100,0]],[[2662,5161],[0,-65]],[[2687,5096],[0,-355],[13,0],[0,-32],[25,0],[0,-32],[12,0],[0,-32],[13,0],[0,-33]],[[2750,4612],[-25,0],[0,33],[-25,0],[0,-65]],[[2700,4580],[-25,0]],[[2675,4580],[0,65]],[[2675,4645],[-25,0],[0,32]],[[2675,4709],[0,65]],[[2675,4774],[-38,0]],[[2637,4774],[0,64]],[[2637,4838],[13,0]],[[2637,4935],[-37,0]],[[2600,4935],[0,32]],[[2675,4580],[-13,0],[0,65],[13,0]],[[4750,4677],[0,-97]],[[4750,4580],[-13,0]],[[4737,4580],[0,32],[-25,0]],[[4712,4612],[0,33]],[[4712,4645],[13,0],[0,32],[25,0]],[[5000,4645],[12,0]],[[5012,4645],[0,-65]],[[5012,4580],[-12,0]],[[5000,4580],[0,65]],[[5024,4677],[13,0]],[[5037,4677],[0,-32],[12,0],[0,-33],[-12,0]],[[5037,4612],[0,-32]],[[5037,4580],[-25,0]],[[3062,4612],[13,0],[0,-32],[-13,0],[0,32]],[[5000,4612],[0,-32]],[[5000,4580],[-13,0]],[[4987,4580],[0,32],[13,0]],[[5537,4612],[12,0],[0,-32],[-12,0],[0,32]],[[7124,4612],[13,0]],[[7137,4612],[0,-32],[-13,0],[0,32]],[[7274,4580],[-12,0]],[[7262,4580],[0,32],[12,0],[0,-32]],[[7899,4838],[0,-64]],[[7899,4774],[50,0]],[[7974,4741],[0,97]],[[7999,4741],[-12,0],[0,-32],[-13,0],[0,-32],[-12,0],[0,-32],[-25,0],[0,-33],[-13,0],[0,-32],[-25,0],[0,32]],[[7899,4645],[0,64],[-25,0],[0,65]],[[7874,4774],[13,0]],[[7212,6128],[12,0]],[[7237,6032],[12,0]],[[7324,5870],[0,-64]],[[7412,5806],[25,0]],[[7437,5806],[0,-65]],[[7624,5999],[38,0]],[[7662,5967],[-13,0]],[[7649,5935],[-25,0]],[[7549,5516],[0,64]],[[7549,5580],[-25,0],[0,-32],[-25,0]],[[7474,5516],[-37,0]],[[7399,5451],[13,0],[0,-32],[-25,0]],[[7387,5387],[-13,0],[0,-33],[-25,0]],[[7349,5354],[0,-64],[-25,0],[0,-32],[-12,0],[0,-33],[-13,0],[0,33]],[[7287,5258],[0,193]],[[7299,5483],[-12,0]],[[7287,5548],[37,0]],[[7324,5548],[0,64]],[[7337,5612],[0,65]],[[7349,5709],[-75,0]],[[7274,5677],[13,0]],[[7287,5645],[-38,0]],[[7249,5645],[0,-65]],[[7199,5548],[13,0]],[[7212,5548],[0,-65]],[[7199,5483],[0,-64]],[[7274,5161],[-12,0],[0,-32],[-25,0]],[[7224,5064],[-50,0]],[[7187,5032],[0,-32]],[[7162,5000],[0,-97]],[[7174,4903],[0,32]],[[7199,4903],[0,-129]],[[7199,4645],[-25,0],[0,-65],[-12,0],[0,-32],[-25,0],[0,64]],[[7112,4645],[0,96],[-13,0],[0,65],[-12,0],[0,64]],[[7074,4870],[0,65],[-12,0],[0,97]],[[7074,5096],[13,0]],[[7162,5225],[-50,0]],[[7112,5225],[0,97]],[[7099,5322],[0,32]],[[7049,5451],[0,-64]],[[7062,5354],[-13,0]],[[7049,5354],[0,-64]],[[7049,5290],[-37,0],[0,64]],[[7024,5354],[0,97]],[[7037,5483],[-13,0]],[[7112,5580],[0,65]],[[7112,5645],[37,0]],[[7149,5645],[0,129]],[[7137,5870],[25,0]],[[7162,5903],[-50,0]],[[7112,5903],[0,32]],[[7124,5967],[13,0]],[[7162,5999],[0,129]],[[7174,6161],[-37,0]],[[7137,6161],[0,64]],[[7162,5903],[37,0]],[[7199,5935],[-37,0]],[[7437,5612],[25,0]],[[7462,5677],[-25,0]],[[2725,4580],[0,-32]],[[2725,4548],[-13,0],[0,32],[13,0]],[[4687,4580],[0,-32]],[[4687,4548],[-12,0]],[[4675,4548],[0,32],[12,0]],[[4987,4580],[25,0]],[[5012,4580],[0,-32],[-25,0],[0,32]],[[5024,4580],[13,0]],[[5037,4580],[0,-32]],[[5037,4548],[-13,0],[0,32]],[[5112,4580],[12,0]],[[5124,4580],[0,-32],[-12,0]],[[5112,4548],[0,32]],[[7724,4580],[13,0]],[[7737,4580],[0,-32],[-13,0],[0,32]],[[7762,4741],[0,-64],[12,0]],[[7774,4677],[0,-32],[-12,0],[0,-33],[-13,0],[0,-32],[13,0],[0,-32],[-13,0],[0,-32]],[[7749,4516],[-12,0],[0,64]],[[7724,4580],[0,129]],[[7724,4709],[13,0]],[[2825,4677],[0,-65],[-13,0]],[[2812,4612],[0,-32],[-12,0],[0,32],[-13,0],[0,-96],[-37,0]],[[2750,4516],[0,32],[-25,0]],[[2725,4580],[-25,0]],[[2750,4612],[0,65],[12,0]],[[2775,4645],[0,64],[25,0]],[[4662,4645],[0,-33],[-12,0],[0,-96]],[[4650,4516],[-13,0],[0,64],[-12,0],[0,65],[37,0]],[[5074,4612],[0,-96]],[[5074,4516],[-12,0]],[[5062,4516],[0,96],[12,0]],[[8249,4580],[13,0],[0,-64]],[[8262,4516],[-13,0]],[[8249,4516],[0,32],[-12,0]],[[8237,4548],[0,64],[12,0],[0,-32]],[[2750,4516],[-25,0],[0,32]],[[3137,4548],[13,0],[0,-32],[-13,0],[0,32]],[[3200,4516],[-13,0]],[[3187,4516],[0,32],[13,0],[0,-32]],[[3225,4516],[-13,0]],[[3212,4516],[0,32],[13,0],[0,-32]],[[4750,4548],[12,0]],[[4762,4548],[0,-32]],[[4762,4516],[-12,0]],[[4750,4516],[0,32]],[[4762,4548],[13,0]],[[4775,4548],[0,-32]],[[4775,4516],[-13,0]],[[4750,4774],[25,0]],[[4787,4774],[25,0]],[[4812,4774],[0,-33],[38,0],[0,-64],[-13,0],[0,-65],[13,0],[0,33],[12,0],[0,32],[13,0],[0,-32],[25,0],[0,32],[12,0],[0,-32],[25,0],[0,32],[25,0],[0,-32],[-12,0],[0,-33]],[[4950,4612],[-13,0]],[[4937,4612],[0,-32]],[[4937,4580],[-100,0]],[[4837,4580],[0,-32]],[[4837,4548],[-37,0]],[[4800,4548],[0,-32]],[[4800,4516],[-25,0]],[[4775,4548],[12,0]],[[4787,4548],[0,32],[-12,0],[0,32]],[[4775,4645],[0,64]],[[4762,4741],[-12,0]],[[4750,4741],[0,33]],[[5124,4580],[13,0]],[[5137,4580],[0,-32],[12,0],[0,-32],[-37,0]],[[5112,4516],[0,32]],[[5362,4580],[12,0],[0,-32],[13,0],[0,-32],[-50,0],[0,32],[25,0],[0,32]],[[5699,4548],[13,0],[0,-32],[-13,0],[0,32]],[[7287,4516],[-13,0]],[[7274,4516],[0,32],[13,0],[0,-32]],[[7799,4548],[0,-32],[-12,0]],[[7787,4516],[0,32],[12,0]],[[8249,4516],[-12,0]],[[8237,4516],[0,32]],[[4875,4580],[50,0]],[[4925,4580],[0,-32],[12,0],[0,-65],[-12,0],[0,33]],[[4925,4516],[-50,0]],[[4875,4516],[0,64]],[[5837,4483],[-13,0],[0,33],[-12,0],[0,64],[12,0],[0,-32],[13,0],[0,-65]],[[5987,4612],[25,0],[0,-32],[12,0],[0,-97],[-50,0],[0,33],[-12,0],[0,64],[25,0],[0,32]],[[7599,4483],[0,33],[-12,0]],[[7587,4516],[0,64],[12,0],[0,-32],[13,0],[0,-65],[-13,0]],[[4837,4580],[13,0]],[[4850,4580],[0,-97],[-13,0],[0,33],[-12,0],[0,32]],[[4825,4548],[12,0]],[[2750,4516],[12,0],[0,-33],[-12,0],[0,33]],[[2962,4516],[13,0],[0,-33],[-13,0],[0,33]],[[3225,4516],[12,0],[0,-33]],[[3237,4483],[-12,0],[0,33]],[[3387,4516],[13,0],[0,-33]],[[3400,4483],[-13,0]],[[3387,4483],[0,33]],[[4875,4516],[12,0]],[[4887,4516],[0,-33],[-12,0]],[[4875,4483],[0,33]],[[5037,4516],[12,0]],[[5049,4516],[0,-33]],[[5049,4483],[-12,0],[0,33]],[[5074,4516],[0,-33]],[[5074,4483],[-12,0],[0,33]],[[5087,4516],[12,0],[0,-33]],[[5099,4483],[-12,0]],[[5087,4483],[0,33]],[[5299,4483],[0,33],[25,0],[0,-33],[-25,0]],[[5624,4516],[13,0],[0,-33],[-13,0],[0,33]],[[7599,4483],[-12,0],[0,33]],[[7749,4516],[13,0],[0,-33]],[[7762,4483],[-13,0],[0,33]],[[8262,4516],[12,0],[0,-33]],[[8274,4483],[-12,0],[0,33]],[[2962,4806],[38,0]],[[2987,4709],[13,0]],[[3000,4677],[25,0]],[[3025,4677],[0,-32]],[[3025,4645],[-13,0]],[[3037,4612],[0,-32],[-12,0],[0,-32],[12,0],[0,-32],[-12,0],[0,-65],[-25,0]],[[3000,4451],[0,161]],[[3000,4612],[-13,0],[0,33],[-25,0],[0,32],[13,0]],[[2975,4677],[0,97]],[[4750,4612],[25,0]],[[4787,4548],[-37,0]],[[4750,4516],[50,0]],[[4800,4516],[0,-33]],[[4800,4483],[-13,0],[0,-32],[-25,0],[0,32],[-25,0],[0,65],[-12,0],[0,32]],[[4725,4580],[25,0]],[[4750,4580],[0,32]],[[4662,4548],[25,0]],[[4687,4548],[0,-32]],[[4687,4516],[13,0]],[[4700,4516],[0,-65]],[[4700,4451],[-25,0],[0,32],[-13,0],[0,65]],[[3162,4516],[13,0]],[[3175,4516],[0,-65],[-13,0]],[[3162,4451],[0,65]],[[2875,4483],[0,-32]],[[2875,4451],[-13,0],[0,32],[13,0]],[[2987,4483],[13,0]],[[3000,4483],[0,-32]],[[3000,4451],[-13,0]],[[2987,4451],[0,32]],[[3137,4483],[13,0]],[[3150,4483],[0,-32],[-13,0]],[[3137,4451],[0,32]],[[3387,4483],[0,-32],[-12,0],[0,32],[12,0]],[[3400,4483],[12,0],[0,-32],[-12,0]],[[3400,4451],[0,32]],[[4700,4483],[12,0]],[[4712,4483],[0,-32],[-12,0]],[[4700,4451],[0,32]],[[5099,4483],[0,-32]],[[5099,4451],[-12,0]],[[5087,4451],[0,32]],[[5099,4483],[13,0]],[[5112,4483],[0,-32],[-13,0]],[[5412,4483],[12,0],[0,-32],[-12,0],[0,32]],[[5837,4483],[12,0],[0,-32],[-12,0],[0,32]],[[5049,4516],[13,0]],[[5074,4483],[0,-32]],[[5074,4451],[-12,0],[0,-32],[-13,0]],[[5049,4419],[0,97]],[[7237,4419],[-25,0],[0,97]],[[7212,4516],[12,0],[0,64],[13,0],[0,-32],[12,0],[0,-65],[-12,0],[0,-64]],[[5299,4483],[0,-32],[-12,0],[0,-32],[-13,0]],[[5274,4419],[0,32],[-12,0]],[[5262,4451],[0,32],[37,0]],[[6062,4483],[37,0],[0,-64],[-37,0],[0,64]],[[7212,4677],[37,0]],[[7249,4677],[0,-32],[13,0],[0,-65]],[[7274,4580],[0,-64]],[[7287,4516],[0,-33],[-13,0],[0,-64],[-37,0]],[[7212,4516],[0,161]],[[7762,4483],[25,0],[0,-64],[-13,0]],[[7774,4419],[0,32],[-12,0]],[[7762,4451],[0,32]],[[2837,4451],[13,0],[0,-32],[-13,0]],[[2837,4419],[0,32]],[[2962,4451],[13,0]],[[2975,4451],[0,-32]],[[2975,4419],[-13,0]],[[2962,4419],[0,32]],[[3237,4483],[13,0]],[[3250,4483],[0,-32]],[[3250,4451],[12,0],[0,-32],[-37,0],[0,32],[12,0],[0,32]],[[4700,4451],[0,-32]],[[4700,4419],[-13,0],[0,32],[13,0]],[[5012,4451],[12,0]],[[5024,4451],[0,-32],[-12,0]],[[5012,4419],[0,32]],[[5274,4419],[-12,0],[0,32]],[[5862,4451],[12,0],[0,-32],[-12,0],[0,32]],[[6012,4451],[12,0],[0,-32],[-12,0],[0,32]],[[7637,4419],[0,32],[25,0],[0,-32],[-25,0]],[[7774,4419],[-12,0],[0,32]],[[7799,4451],[13,0],[0,-32],[-13,0],[0,32]],[[8374,5419],[25,0],[0,-65]],[[8399,5322],[0,-64],[13,0],[0,-65]],[[8399,5193],[0,-64],[-12,0],[0,-33],[12,0],[0,-64]],[[8399,5032],[63,0],[0,-65]],[[8474,4935],[13,0],[0,-97],[12,0],[0,-97],[13,0],[0,-129],[12,0],[0,-129],[-12,0],[0,-32],[-13,0],[0,-64],[-37,0],[0,32],[-25,0],[0,97],[-25,0],[0,-65],[-38,0]],[[8374,4451],[0,97],[13,0],[0,32],[12,0],[0,32],[13,0],[0,33],[-13,0],[0,32],[-12,0],[0,64],[-13,0],[0,65],[13,0],[0,32],[-13,0],[0,32],[-25,0],[0,-32],[-12,0],[0,-32],[-13,0],[0,-32],[13,0],[0,-33],[-13,0],[0,-32],[-25,0]],[[8299,4709],[0,-64],[-12,0],[0,-33],[-13,0],[0,-32],[-25,0]],[[8249,4580],[0,65],[13,0],[0,32],[12,0],[0,32],[13,0],[0,32],[12,0],[0,65],[13,0],[0,32],[12,0],[0,65],[25,0],[0,32],[-12,0],[0,32],[-13,0],[0,33],[13,0],[0,32],[-13,0],[0,161],[13,0],[0,97]],[[8362,5290],[0,97]],[[8399,4935],[0,-32],[13,0],[0,32],[-13,0]],[[8462,4677],[-25,0],[0,-65]],[[5000,4483],[12,0]],[[5012,4483],[0,-64]],[[5024,4451],[25,0]],[[5049,4451],[0,-32]],[[5049,4419],[-12,0],[0,-32],[-37,0]],[[5000,4387],[0,96]],[[3000,4451],[0,-64],[-13,0]],[[2987,4387],[0,64]],[[3287,4451],[25,0]],[[3312,4451],[0,-64]],[[3312,4387],[-12,0],[0,32],[-13,0]],[[3287,4419],[0,32]],[[4712,4483],[13,0]],[[4725,4483],[0,-32],[12,0],[0,-32],[-12,0]],[[4725,4419],[0,-32],[-13,0],[0,32],[-12,0]],[[2975,4419],[0,-32]],[[2975,4387],[-13,0]],[[2962,4387],[0,32]],[[3062,4419],[25,0],[0,-32],[-25,0],[0,32]],[[3150,4419],[25,0],[0,-32],[-25,0],[0,32]],[[4987,4419],[13,0]],[[5000,4419],[0,-32]],[[5000,4387],[-13,0]],[[4987,4387],[0,32]],[[5887,4419],[12,0]],[[5899,4419],[0,-32],[-12,0]],[[5887,4387],[0,32]],[[2925,4419],[12,0],[0,-32],[13,0],[0,-33],[-25,0],[0,65]],[[5349,4419],[25,0],[0,-65],[-25,0],[0,65]],[[3287,4387],[0,-33]],[[3287,4354],[-12,0],[0,33],[12,0]],[[3437,4354],[-25,0],[0,33],[25,0],[0,-33]],[[5000,4387],[0,-33],[-13,0]],[[4987,4354],[0,33]],[[5187,4419],[25,0]],[[5212,4419],[0,-32]],[[5212,4387],[-13,0],[0,-33]],[[5199,4354],[-25,0],[0,33]],[[5174,4387],[13,0]],[[5187,4387],[0,32]],[[5212,4387],[0,-33],[-13,0]],[[5274,4387],[0,-33],[-12,0],[0,33],[12,0]],[[7774,4387],[13,0]],[[7787,4387],[0,-33],[-13,0],[0,33]],[[8199,4419],[0,-65]],[[8199,4354],[-25,0],[0,33],[13,0],[0,32],[12,0]],[[2875,4548],[12,0],[0,-32],[13,0],[0,-33],[-13,0]],[[2887,4483],[0,-161]],[[2887,4322],[-12,0]],[[2875,4322],[0,226]],[[5174,4419],[13,0]],[[5187,4387],[-25,0]],[[5162,4387],[0,-33]],[[5162,4354],[-25,0],[0,65],[-25,0],[0,64]],[[5087,4516],[0,-65]],[[5087,4451],[-13,0]],[[5074,4451],[0,161]],[[5062,4516],[-25,0]],[[5049,4483],[0,-32]],[[5049,4451],[-37,0]],[[5012,4451],[0,32]],[[5000,4483],[0,-64]],[[4987,4419],[0,-65]],[[4987,4354],[-25,0],[0,-32],[-37,0],[0,32],[-88,0],[0,-32],[-12,0]],[[4825,4322],[0,65],[-13,0],[0,32],[-12,0]],[[4800,4419],[0,129]],[[4800,4548],[25,0]],[[4850,4580],[25,0]],[[4875,4580],[0,-97]],[[4887,4516],[38,0]],[[4925,4580],[12,0]],[[4937,4612],[25,0]],[[4962,4612],[0,-32],[25,0]],[[5012,4580],[12,0]],[[5037,4548],[0,64]],[[5037,4677],[12,0]],[[5049,4677],[0,32],[-12,0],[0,65],[25,0],[0,-33],[37,0],[0,-64],[50,0],[0,-65],[13,0],[0,-129],[12,0],[0,-64]],[[5112,4580],[0,-64]],[[5137,4580],[-25,0]],[[7637,4419],[37,0],[0,-32]],[[7674,4387],[-25,0],[0,-65]],[[7649,4322],[-12,0],[0,97]],[[2837,4387],[13,0],[0,-65],[-13,0]],[[2837,4322],[0,65]],[[3375,4419],[12,0],[0,-32],[13,0],[0,-33],[-13,0],[0,-32],[-25,0],[0,65],[13,0],[0,32]],[[7674,4387],[50,0],[0,-33]],[[7724,4354],[-25,0],[0,-32],[-12,0],[0,32],[-13,0],[0,33]],[[2887,4354],[13,0],[0,-32]],[[2900,4322],[-13,0]],[[2887,4322],[0,32]],[[3175,4354],[12,0],[0,-32],[-12,0],[0,32]],[[3287,4354],[13,0]],[[3300,4354],[0,-32]],[[3300,4322],[-13,0],[0,32]],[[3437,4354],[13,0],[0,-32],[-13,0]],[[3437,4322],[0,32]],[[3562,4354],[13,0],[0,-32]],[[3575,4322],[-13,0],[0,32]],[[5212,4387],[12,0]],[[5224,4387],[0,-65]],[[5224,4322],[-25,0]],[[5199,4322],[0,32]],[[5287,4354],[12,0]],[[5299,4354],[0,-32]],[[5299,4322],[-12,0]],[[5287,4322],[0,32]],[[5974,4354],[13,0]],[[5987,4354],[0,-32]],[[5987,4322],[-13,0],[0,32]],[[8299,4354],[13,0],[0,-32],[-13,0],[0,32]],[[8524,4354],[13,0],[0,-32]],[[8537,4322],[-13,0],[0,32]],[[4612,4677],[75,0]],[[4687,4677],[0,-65],[13,0],[0,-32],[12,0]],[[4712,4580],[0,32]],[[4737,4580],[-12,0]],[[4800,4483],[0,-64]],[[4825,4322],[-13,0],[0,-32],[-25,0]],[[4787,4290],[0,64],[-12,0]],[[4775,4354],[0,-32],[-38,0],[0,32],[-12,0],[0,65]],[[4725,4483],[-25,0]],[[4700,4483],[0,33]],[[4687,4516],[0,64]],[[4675,4548],[-13,0]],[[4662,4548],[0,-32],[-12,0]],[[4662,4645],[-50,0],[0,32]],[[4787,4290],[-12,0],[0,64]],[[5162,4387],[12,0]],[[5199,4322],[-25,0],[0,-32]],[[5174,4290],[-25,0],[0,64],[13,0]],[[5899,4419],[38,0]],[[5937,4419],[0,-32],[12,0],[0,32],[25,0],[0,-32],[13,0]],[[5987,4387],[0,-33]],[[5987,4354],[-25,0]],[[5962,4354],[0,-32],[-25,0],[0,32],[-13,0],[0,-32],[-25,0],[0,-32],[-25,0],[0,64],[13,0]],[[5887,4354],[0,33]],[[2825,4677],[25,0],[0,-32],[12,0]],[[2862,4645],[0,-129],[13,0]],[[2875,4516],[0,-33]],[[2875,4451],[0,-129]],[[2875,4322],[-13,0]],[[2862,4322],[0,-32]],[[2862,4290],[-25,0]],[[2837,4290],[0,32]],[[2837,4387],[0,32]],[[2837,4451],[0,32],[-12,0],[0,65],[-13,0],[0,64]],[[2937,4322],[13,0]],[[2950,4322],[0,-32]],[[2950,4290],[-13,0]],[[2937,4290],[0,32]],[[3050,4322],[12,0]],[[3062,4322],[0,-32]],[[3062,4290],[-12,0]],[[3050,4290],[0,32]],[[5199,4322],[0,-32]],[[5199,4290],[-25,0]],[[5224,4322],[0,-32]],[[5224,4290],[-25,0]],[[5224,4322],[13,0]],[[5237,4322],[0,-32]],[[5237,4290],[-13,0]],[[5237,4322],[12,0]],[[5249,4322],[0,-32],[-12,0]],[[5524,4322],[13,0]],[[5537,4322],[0,-32]],[[5537,4290],[-13,0]],[[5524,4290],[0,32]],[[7649,4322],[25,0],[0,-32]],[[7674,4290],[-25,0],[0,32]],[[7999,4322],[0,-32],[-12,0]],[[7987,4290],[0,32],[12,0]],[[3525,4419],[12,0],[0,-32],[13,0],[0,-33],[12,0]],[[3575,4322],[0,-32]],[[3575,4290],[-13,0],[0,-32],[-12,0]],[[3550,4258],[0,32],[-13,0],[0,64],[-12,0],[0,65]],[[7787,4677],[0,-97],[12,0],[0,-32]],[[7787,4516],[37,0],[0,-33],[13,0],[0,-64]],[[7837,4419],[-13,0],[0,-32],[-12,0],[0,-97],[-13,0],[0,-32]],[[7799,4258],[-12,0],[0,129]],[[7774,4387],[0,32]],[[8537,4322],[0,-64],[-25,0],[0,96],[12,0]],[[2875,4322],[25,0]],[[2900,4322],[0,-64]],[[2900,4258],[-25,0]],[[2875,4258],[0,64]],[[2900,4322],[12,0],[0,-64],[-12,0]],[[3437,4322],[0,-64],[-37,0],[0,64],[37,0]],[[3575,4322],[12,0],[0,-64]],[[3587,4258],[-12,0]],[[3575,4258],[0,64]],[[5537,4290],[0,-32]],[[5537,4258],[-13,0]],[[5524,4258],[0,32]],[[5624,4290],[13,0],[0,-32],[-13,0],[0,32]],[[8149,4258],[-12,0],[0,32],[12,0],[0,-32]],[[3225,4290],[12,0]],[[3237,4290],[0,-65]],[[3237,4225],[-12,0]],[[3225,4225],[0,65]],[[5274,4419],[0,-32]],[[5274,4387],[13,0]],[[5287,4387],[0,-65]],[[5299,4322],[0,-32]],[[5299,4290],[38,0]],[[5337,4290],[0,-32]],[[5337,4258],[-63,0],[0,-33],[-12,0]],[[5262,4225],[0,33],[-25,0],[0,32]],[[5249,4322],[-25,0]],[[5224,4322],[0,97]],[[5224,4419],[13,0],[0,32],[25,0]],[[7724,4354],[0,-64],[-12,0],[0,-65],[-13,0]],[[7699,4225],[0,33]],[[7699,4258],[-37,0],[0,32],[12,0]],[[7999,4322],[13,0],[0,-97]],[[8012,4225],[-13,0]],[[7999,4225],[0,33],[-12,0]],[[7987,4258],[0,32]],[[8274,4290],[13,0],[0,-65],[-13,0],[0,65]],[[8474,4290],[25,0],[0,-65],[-25,0],[0,65]],[[2875,4258],[12,0]],[[2887,4258],[0,-33],[-12,0]],[[2875,4225],[0,33]],[[3112,4774],[25,0]],[[3137,4709],[50,0]],[[3187,4741],[38,0]],[[3225,4741],[0,-32],[12,0],[0,-32]],[[3237,4677],[25,0]],[[3262,4677],[0,-32]],[[3262,4612],[0,-32],[13,0],[0,-64]],[[3275,4516],[-25,0]],[[3250,4516],[0,-33]],[[3212,4516],[-12,0]],[[3187,4516],[-25,0]],[[3162,4516],[0,-33]],[[3162,4483],[-25,0]],[[3137,4483],[0,-64]],[[3137,4419],[-12,0],[0,-32]],[[3125,4387],[-13,0]],[[3112,4387],[0,-33],[-12,0],[0,-32]],[[3100,4322],[-50,0]],[[3050,4290],[-13,0]],[[3037,4290],[0,-32],[-25,0]],[[3012,4258],[0,-33]],[[3012,4225],[-50,0],[0,33],[13,0],[0,64],[12,0],[0,65]],[[3062,4677],[25,0]],[[3187,4258],[13,0],[0,-33],[-13,0],[0,33]],[[5224,4258],[25,0],[0,-33],[-25,0],[0,33]],[[5799,4225],[-12,0]],[[5787,4225],[0,33],[12,0],[0,-33]],[[7699,4225],[-12,0],[0,33],[12,0]],[[7999,4225],[-12,0],[0,33]],[[2925,4774],[12,0]],[[2937,4774],[0,-33]],[[2975,4709],[0,-32]],[[3000,4612],[0,-129]],[[2987,4483],[0,-96]],[[2987,4387],[-12,0]],[[2975,4387],[0,-33],[-13,0],[0,-32]],[[2962,4322],[-25,0]],[[2937,4290],[-12,0]],[[2925,4290],[0,-65],[-13,0],[0,-32]],[[2912,4193],[-12,0]],[[2900,4193],[0,65]],[[2887,4354],[0,129]],[[2875,4548],[0,-32]],[[2862,4645],[13,0],[0,32],[37,0]],[[2912,4677],[0,64]],[[2962,4451],[0,-64]],[[2975,4387],[0,64]],[[3575,4290],[0,-32]],[[3587,4258],[0,-33],[-25,0]],[[3562,4225],[0,-32],[-12,0]],[[3550,4193],[0,65]],[[5512,4258],[0,-65]],[[5512,4193],[-13,0],[0,65],[13,0]],[[7799,4258],[25,0],[0,-65],[-12,0],[0,32],[-13,0]],[[7799,4225],[0,33]],[[7949,4193],[0,32]],[[7949,4225],[-12,0],[0,33],[25,0],[0,-65],[-13,0]],[[2837,4193],[-12,0],[0,32],[12,0],[0,-32]],[[5462,4225],[12,0],[0,-32],[-12,0],[0,32]],[[5799,4225],[0,-32],[-12,0],[0,32]],[[7949,4193],[-25,0],[0,32],[25,0]],[[8012,4225],[25,0],[0,-32],[-25,0],[0,32]],[[3312,4387],[0,-33]],[[3312,4354],[25,0]],[[3337,4354],[0,-64],[13,0]],[[3350,4290],[0,-129]],[[3350,4161],[-25,0]],[[3325,4161],[0,32],[-25,0],[0,32]],[[3300,4225],[-13,0]],[[3287,4225],[0,65],[13,0]],[[3300,4290],[0,64]],[[3287,4354],[0,65]],[[2875,4322],[0,-97]],[[2887,4258],[13,0]],[[2900,4193],[-13,0]],[[2887,4193],[0,-32]],[[2887,4161],[-12,0]],[[2875,4161],[0,32],[-13,0],[0,-32]],[[2862,4161],[-12,0]],[[2850,4161],[0,97],[12,0]],[[2862,4258],[0,64]],[[3212,4290],[13,0]],[[3225,4225],[25,0]],[[3250,4225],[0,-64]],[[3250,4161],[-63,0],[0,32],[-25,0],[0,65],[25,0]],[[3187,4258],[0,32],[13,0],[0,32],[12,0],[0,-32]],[[3550,4193],[-13,0],[0,-32]],[[3537,4161],[-12,0]],[[3525,4161],[0,64],[12,0],[0,33],[13,0]],[[7649,4225],[25,0],[0,-64],[-25,0],[0,64]],[[2812,4193],[0,-32],[-12,0]],[[2800,4161],[0,32],[12,0]],[[2875,4161],[-13,0]],[[3550,4193],[0,-32]],[[3550,4161],[-13,0]],[[3587,4193],[13,0]],[[3600,4193],[0,-32]],[[3600,4161],[-13,0]],[[3587,4161],[0,32]],[[5574,4258],[13,0]],[[5587,4258],[0,-97],[-25,0],[0,32],[12,0]],[[5574,4193],[0,65]],[[5662,4193],[12,0],[0,-32],[-12,0],[0,32]],[[8574,4193],[13,0],[0,-32],[-13,0],[0,32]],[[3062,4322],[50,0]],[[3112,4322],[0,-32],[-12,0],[0,-65],[-13,0],[0,-32],[-12,0],[0,-32],[-13,0],[0,-32],[-12,0],[0,32],[-50,0],[0,32],[12,0]],[[3012,4193],[0,65]],[[3037,4290],[25,0]],[[2875,4161],[0,-32]],[[2875,4129],[-13,0]],[[2862,4129],[0,32]],[[2875,4161],[25,0]],[[2900,4161],[0,-32],[-25,0]],[[3262,4161],[13,0],[0,-32],[-13,0],[0,32]],[[3600,4161],[12,0],[0,-32]],[[3612,4129],[-12,0],[0,32]],[[5849,4161],[13,0],[0,-32]],[[5862,4129],[-13,0]],[[5849,4129],[0,32]],[[7824,4161],[13,0],[0,-32],[-13,0],[0,32]],[[8049,4161],[38,0],[0,-32]],[[8087,4129],[-38,0],[0,32]],[[8224,4161],[13,0],[0,-32],[-13,0],[0,32]],[[3250,4774],[50,0]],[[3312,4709],[0,-32],[13,0],[0,-32],[12,0],[0,-33],[25,0],[0,-32],[13,0],[0,-64],[12,0]],[[3400,4451],[100,0],[0,-32],[12,0]],[[3512,4419],[0,-32],[-12,0],[0,-97],[12,0],[0,-32],[-12,0],[0,-65],[-13,0],[0,-32],[-25,0],[0,-65],[-25,0],[0,33],[-12,0],[0,32],[-25,0],[0,-32],[-13,0]],[[3387,4129],[0,161],[-25,0],[0,-32],[-12,0]],[[3350,4258],[0,32]],[[3337,4354],[-12,0]],[[3325,4354],[0,97],[12,0],[0,-64],[13,0],[0,32],[12,0],[0,32],[-12,0],[0,32],[-25,0],[0,33],[-13,0],[0,64],[-25,0],[0,-32],[13,0],[0,-32]],[[3300,4516],[-25,0]],[[3262,4645],[0,64]],[[3250,4677],[-13,0]],[[3225,4741],[25,0]],[[2862,4290],[0,-32]],[[2850,4161],[-13,0],[0,-65]],[[2837,4096],[-37,0],[0,65]],[[2812,4193],[25,0]],[[2837,4193],[0,97]],[[2850,4161],[0,-65],[-13,0]],[[3112,4161],[13,0]],[[3125,4161],[0,-65]],[[3125,4096],[-13,0]],[[3112,4096],[0,65]],[[5287,4161],[25,0],[0,-65],[-13,0],[0,33],[-12,0],[0,32]],[[5474,4161],[13,0],[0,-65],[-13,0],[0,65]],[[2875,4129],[0,-33],[-13,0]],[[2862,4096],[0,33]],[[3000,4129],[12,0],[0,-33],[-12,0],[0,33]],[[3387,4129],[0,-33],[-12,0],[0,33],[12,0]],[[5199,4129],[13,0],[0,-33],[-13,0],[0,33]],[[8349,4129],[13,0],[0,-33],[-13,0],[0,33]],[[8462,4129],[0,-33]],[[8462,4096],[-13,0],[0,33],[13,0]],[[8549,4129],[13,0],[0,-33],[-13,0],[0,-32],[-12,0]],[[8537,4064],[0,97],[12,0],[0,-32]],[[3612,4129],[13,0],[0,-65],[-13,0]],[[3612,4064],[0,65]],[[5262,4064],[-13,0]],[[5249,4064],[0,65],[13,0],[0,-65]],[[3250,4064],[0,32],[12,0],[0,-32],[-12,0]],[[8024,4064],[-12,0]],[[8012,4064],[0,32],[12,0],[0,-32]],[[2862,4161],[0,-97]],[[2862,4064],[-12,0],[0,-32],[-13,0]],[[2837,4032],[0,64]],[[3062,4096],[25,0]],[[3087,4096],[0,-32],[-12,0],[0,-32]],[[3075,4032],[-13,0]],[[3062,4032],[0,64]],[[8537,4032],[-13,0]],[[8524,4032],[0,64],[13,0],[0,-64]],[[3087,4096],[13,0],[0,-64],[-25,0]],[[3162,4064],[13,0],[0,-32]],[[3175,4032],[-13,0]],[[3162,4032],[0,32]],[[3612,4064],[0,-32]],[[3612,4032],[-12,0]],[[3600,4032],[0,32],[12,0]],[[5912,4032],[-13,0],[0,32],[13,0],[0,-32]],[[6212,4032],[-13,0],[0,32],[13,0],[0,-32]],[[7887,4032],[-13,0],[0,32],[13,0],[0,-32]],[[8587,4064],[0,-32]],[[8587,4032],[-13,0],[0,32],[13,0]],[[2812,4096],[0,-64],[-12,0]],[[2800,4032],[0,-32]],[[2800,4000],[-13,0],[0,32],[-12,0]],[[2775,4032],[0,64],[37,0]],[[8462,4129],[25,0],[0,-65],[-13,0],[0,-32],[-12,0],[0,-32],[-75,0]],[[8387,4000],[0,96]],[[8387,4096],[75,0]],[[2775,4000],[-13,0]],[[2762,4000],[0,64],[13,0],[0,-64]],[[8387,4064],[0,-64]],[[8387,4000],[-25,0]],[[8362,4000],[0,64],[25,0]],[[3250,4032],[12,0]],[[3262,4032],[0,-32]],[[3262,4000],[-12,0]],[[3250,4000],[0,32]],[[3437,4032],[13,0],[0,-32],[-13,0],[0,32]],[[3587,4032],[25,0]],[[3612,4032],[0,-32],[-25,0]],[[3587,4000],[0,32]],[[5174,4032],[25,0],[0,-32],[-25,0],[0,32]],[[5912,4032],[12,0]],[[5924,4032],[0,-32]],[[5924,4000],[-12,0]],[[5912,4000],[0,32]],[[5924,4032],[13,0]],[[5937,4032],[0,-32]],[[5937,4000],[-13,0]],[[7749,4032],[13,0],[0,-32]],[[7762,4000],[-13,0],[0,32]],[[8012,4032],[12,0]],[[8024,4032],[0,-32],[-12,0],[0,32]],[[3012,3967],[-12,0],[0,65],[-13,0],[0,32],[38,0],[0,-32],[-13,0],[0,-65]],[[5662,4064],[12,0],[0,-97],[-12,0],[0,97]],[[3187,4032],[13,0],[0,-65]],[[3200,3967],[-13,0],[0,65]],[[3250,4000],[0,-33],[-13,0],[0,33],[13,0]],[[3587,4000],[0,-33]],[[3587,3967],[-12,0]],[[3575,3967],[0,33],[12,0]],[[5574,4000],[13,0],[0,-33],[-13,0],[0,33]],[[7762,4000],[12,0]],[[7774,4000],[0,-33],[-12,0],[0,33]],[[2962,4161],[13,0],[0,-129],[-13,0],[0,-32],[13,0],[0,-33],[-25,0],[0,-32],[-13,0],[0,97],[13,0],[0,32],[-13,0],[0,32],[13,0],[0,33],[12,0],[0,32]],[[3112,4129],[0,-33]],[[3125,4096],[0,33]],[[3125,4129],[12,0]],[[3137,4129],[0,-129]],[[3137,4000],[25,0]],[[3162,4000],[0,32]],[[3162,4032],[25,0]],[[3200,3967],[0,-32],[-25,0]],[[3175,3935],[0,32],[-50,0],[0,33],[-50,0],[0,32]],[[3087,4096],[0,33],[25,0]],[[3625,4000],[37,0],[0,-33],[-12,0]],[[3650,3967],[0,-32],[-13,0],[0,32],[-12,0],[0,33]],[[5462,4000],[12,0],[0,-65],[-12,0],[0,65]],[[5887,4000],[25,0]],[[5912,4000],[0,-65],[-25,0],[0,65]],[[5937,4000],[12,0],[0,-65],[-12,0]],[[5937,3935],[0,65]],[[2825,3935],[-13,0],[0,32],[13,0],[0,-32]],[[3012,3967],[25,0],[0,-32],[-25,0],[0,32]],[[5249,4000],[13,0],[0,-65],[-25,0]],[[5237,3935],[0,32],[12,0],[0,33]],[[5624,3935],[-12,0],[0,32],[12,0],[0,-32]],[[5962,3967],[12,0],[0,-32],[-12,0],[0,32]],[[7874,3967],[13,0],[0,-32],[-13,0],[0,32]],[[3250,4064],[0,-64]],[[3262,4000],[0,-65]],[[3262,3935],[13,0]],[[3275,3935],[0,-32]],[[3275,3903],[-25,0],[0,32],[-25,0],[0,32],[-25,0]],[[3187,4032],[0,32],[13,0],[0,32],[25,0],[0,-32],[25,0]],[[3325,4354],[-13,0]],[[3312,4354],[0,97]],[[3287,4451],[0,-64]],[[3300,4322],[0,-32]],[[3287,4225],[-50,0]],[[3237,4290],[-25,0]],[[3250,4161],[0,32]],[[3250,4193],[37,0],[0,-64],[13,0],[0,-33],[12,0],[0,-96],[-12,0],[0,-33],[12,0],[0,-64]],[[3312,3903],[-25,0]],[[3287,3903],[0,32]],[[3287,3935],[-25,0]],[[3262,3935],[0,97]],[[3250,4032],[0,32]],[[3187,4032],[-12,0]],[[3162,4064],[0,-64]],[[3137,4000],[0,96]],[[3137,4096],[13,0],[0,33],[12,0],[0,32],[-25,0],[0,32],[-12,0],[0,32],[12,0],[0,33],[13,0],[0,96],[-13,0],[0,33]],[[3137,4387],[-12,0]],[[3137,4419],[0,32]],[[3150,4483],[12,0]],[[3162,4483],[0,-32]],[[3175,4516],[50,0]],[[3250,4451],[0,65]],[[3250,4516],[50,0]],[[3600,4032],[-13,0]],[[3575,3967],[-13,0]],[[3562,3967],[0,-64],[-12,0],[0,32],[-13,0]],[[3537,3935],[0,65]],[[3537,4000],[13,0],[0,32],[-13,0],[0,64],[25,0],[0,-32],[13,0],[0,32],[12,0]],[[3587,4096],[0,65]],[[5787,3903],[-13,0]],[[5774,3903],[0,64]],[[5774,3967],[13,0],[0,33],[12,0],[0,-65],[-12,0],[0,-32]],[[3150,3903],[-13,0]],[[3137,3903],[0,32],[13,0],[0,-32]],[[3275,3935],[12,0]],[[3287,3903],[-12,0]],[[5624,3935],[25,0],[0,-32],[-25,0],[0,32]],[[5837,4193],[12,0]],[[5849,4193],[0,-64]],[[5849,4129],[-12,0]],[[5837,4129],[0,-97],[-13,0],[0,-65],[-12,0],[0,-32],[12,0],[0,-32],[-37,0]],[[5774,3967],[0,65]],[[5774,4032],[38,0],[0,64],[12,0],[0,65],[13,0],[0,32]],[[7812,3935],[12,0]],[[7824,3935],[0,-32]],[[7824,3903],[-12,0]],[[7812,3903],[0,32]],[[8099,3903],[0,32],[13,0],[0,-32],[-13,0]],[[8274,3935],[0,-32],[-12,0]],[[8262,3903],[0,32],[12,0]],[[8524,3935],[13,0],[0,-32],[-13,0]],[[8524,3903],[0,32]],[[8699,3935],[25,0],[0,-32],[-25,0],[0,32]],[[8749,3935],[0,-32]],[[8749,3903],[-12,0],[0,32],[12,0]],[[8787,3903],[0,32],[12,0],[0,-32],[-12,0]],[[2475,4064],[12,0],[0,-32],[13,0],[0,-32],[-13,0],[0,-33],[38,0],[0,-64],[-13,0],[0,-32],[-12,0],[0,32],[-50,0],[0,129],[25,0],[0,32]],[[5762,3935],[12,0]],[[5774,3935],[0,-32]],[[5787,3903],[0,-32]],[[5787,3871],[-25,0]],[[5762,3871],[0,64]],[[9149,3935],[13,0],[0,-64],[-13,0],[0,64]],[[3137,3903],[0,-32]],[[3137,3871],[-12,0],[0,32],[12,0]],[[3150,3903],[0,-32],[-13,0]],[[3762,3903],[13,0],[0,-32]],[[3775,3871],[-13,0],[0,32]],[[5237,3903],[12,0]],[[5249,3903],[0,-32],[-12,0],[0,32]],[[5949,3903],[13,0],[0,-32],[-13,0],[0,32]],[[7824,3903],[13,0],[0,-32]],[[7837,3871],[-13,0],[0,32]],[[7937,3903],[0,-32]],[[7937,3871],[-13,0],[0,32],[13,0]],[[8099,3903],[0,-32],[-12,0],[0,32],[12,0]],[[8574,4193],[0,-64],[13,0],[0,-65]],[[8587,4032],[0,-32],[-25,0],[0,-33],[12,0],[0,-64],[-12,0],[0,-32],[-38,0],[0,32]],[[8524,3935],[0,97]],[[8537,4032],[0,32]],[[8549,4129],[0,64],[25,0]],[[8749,3903],[13,0],[0,-32],[-13,0],[0,32]],[[7912,3871],[-13,0],[0,-33]],[[7899,3838],[-25,0]],[[7874,3838],[0,33]],[[7874,3871],[-37,0]],[[7824,3903],[0,64]],[[7824,3967],[-25,0],[0,65],[-12,0]],[[7787,4032],[0,161],[12,0],[0,32]],[[7837,4419],[0,32],[12,0],[0,-32],[25,0],[0,-194],[25,0],[0,-129],[13,0],[0,-96],[12,0],[0,-33],[-12,0],[0,-96]],[[7887,4032],[0,-32],[12,0],[0,32],[-12,0]],[[3512,4419],[13,0]],[[3525,4161],[25,0]],[[3562,4225],[38,0],[0,-32]],[[3587,4193],[0,-97]],[[3537,4000],[0,-33]],[[3537,3967],[-12,0],[0,97],[-38,0],[0,32],[-12,0],[0,-64],[12,0],[0,-32],[-12,0],[0,-65],[12,0],[0,-32],[-25,0],[0,32],[-25,0],[0,-32],[-12,0],[0,32],[-25,0],[0,32],[-13,0],[0,-64],[25,0],[0,-32]],[[3412,3871],[-12,0]],[[3400,3871],[0,-33],[-13,0],[0,33],[-12,0],[0,32],[-50,0],[0,129],[37,0],[0,32],[-25,0],[0,97]],[[3337,4161],[13,0]],[[3350,4161],[0,97]],[[2800,4000],[0,-97]],[[2800,3903],[-13,0],[0,-32],[13,0],[0,-33],[-25,0],[0,65],[-13,0],[0,-32],[-12,0]],[[2750,3871],[0,96],[12,0],[0,33]],[[2775,4000],[0,32]],[[5874,3903],[0,-65]],[[5874,3838],[-12,0],[0,33],[-13,0],[0,32],[25,0]],[[2750,3871],[0,-33]],[[2750,3838],[-13,0]],[[2737,3838],[0,33],[13,0]],[[3712,3871],[13,0],[0,-33],[-13,0],[0,33]],[[5674,3838],[-12,0],[0,33],[12,0],[0,-33]],[[5787,3871],[0,-33]],[[5787,3838],[-25,0]],[[5762,3838],[0,33]],[[7737,3871],[12,0],[0,-33]],[[7749,3838],[-12,0],[0,33]],[[7787,3871],[12,0]],[[7799,3871],[0,-33],[-12,0]],[[7787,3838],[0,33]],[[7912,3871],[0,-33]],[[7912,3838],[-13,0]],[[8424,3871],[0,-33]],[[8424,3838],[-12,0],[0,33],[12,0]],[[8424,3871],[13,0]],[[8437,3871],[0,-33]],[[8437,3838],[-13,0]],[[8537,3871],[12,0],[0,-33],[-12,0],[0,33]],[[8887,3871],[12,0],[0,-33],[-12,0]],[[8887,3838],[0,33]],[[9099,3871],[0,-33]],[[9099,3838],[-37,0],[0,33],[37,0]],[[9099,3871],[13,0],[0,-33]],[[9112,3838],[-13,0]],[[7724,4354],[13,0],[0,-64],[25,0],[0,-32],[12,0],[0,-33],[13,0],[0,-193]],[[7824,3967],[0,-32]],[[7812,3935],[0,-64]],[[7812,3871],[-25,0]],[[7787,3871],[0,32],[-13,0],[0,97]],[[7749,4032],[0,-97],[13,0],[0,-64],[12,0],[0,-65],[-12,0],[0,32],[-13,0]],[[7737,3871],[0,64],[-13,0],[0,97]],[[7724,4032],[-25,0],[0,32],[-12,0],[0,129],[12,0],[0,32]],[[7724,4032],[13,0],[0,97],[-25,0],[0,-33],[12,0],[0,-64]],[[5387,3935],[25,0],[0,-32],[12,0],[0,-65],[-12,0],[0,-32],[-25,0],[0,129]],[[3175,3935],[-13,0],[0,-32],[-12,0]],[[3137,3871],[0,-33],[-12,0],[0,-32]],[[3125,3806],[-75,0]],[[3050,3806],[0,32],[-13,0],[0,33],[25,0],[0,32],[13,0],[0,64],[-13,0]],[[3062,3967],[0,65]],[[3312,3871],[13,0],[0,-65],[-13,0],[0,65]],[[5937,3935],[0,-64],[-13,0],[0,-33],[-37,0],[0,-32],[-13,0]],[[5874,3806],[0,65]],[[5874,3871],[38,0],[0,32],[12,0],[0,32],[13,0]],[[7874,3871],[0,-65]],[[7874,3806],[-37,0]],[[7837,3806],[0,65]],[[2750,3838],[0,-32]],[[2750,3806],[-13,0],[0,32]],[[3362,3838],[13,0],[0,-32],[-13,0],[0,32]],[[3837,3838],[13,0],[0,-32],[-13,0]],[[3837,3806],[0,32]],[[5674,3838],[13,0],[0,-32],[-13,0],[0,32]],[[6137,3838],[12,0],[0,-32],[-12,0]],[[6137,3806],[0,32]],[[8299,3806],[-12,0]],[[8287,3806],[0,32],[12,0],[0,-32]],[[9112,3838],[0,-32],[-13,0],[0,32]],[[9187,3838],[0,-32]],[[9187,3806],[-25,0]],[[9162,3806],[0,32],[25,0]],[[9224,3806],[-12,0],[0,32],[12,0],[0,-32]],[[3275,3903],[0,-32],[-25,0],[0,-33],[25,0],[0,-64],[-25,0],[0,32],[-25,0],[0,65],[-13,0],[0,-33],[-25,0],[0,33],[-12,0],[0,64]],[[3812,3838],[13,0]],[[3825,3838],[0,-64],[-13,0],[0,64]],[[5287,3838],[0,-64]],[[5287,3774],[-13,0],[0,32],[-12,0],[0,32],[25,0]],[[3725,3806],[12,0],[0,-32],[-12,0],[0,32]],[[3750,3806],[12,0],[0,-32],[-12,0],[0,32]],[[8487,3806],[12,0],[0,-32],[-12,0]],[[8487,3774],[0,32]],[[8524,3806],[13,0]],[[8537,3806],[0,-32]],[[8537,3774],[-13,0]],[[8524,3774],[0,32]],[[8537,3806],[12,0]],[[8549,3806],[0,-32]],[[8549,3774],[-12,0]],[[9187,3806],[0,-32]],[[9187,3774],[-25,0],[0,32]],[[9224,3806],[25,0],[0,-32]],[[9249,3774],[-25,0]],[[9224,3774],[0,32]],[[8237,4516],[25,0]],[[8274,4483],[0,-32],[13,0],[0,-32],[25,0],[0,-32],[25,0],[0,96],[25,0],[0,-32],[12,0]],[[8374,4451],[0,-64],[-25,0],[0,-33],[-50,0]],[[8299,4354],[0,-64],[-25,0]],[[8274,4290],[0,-97],[13,0],[0,-64],[12,0],[0,-33],[13,0],[0,-64]],[[8312,4032],[-38,0],[0,-97]],[[8262,3903],[-13,0],[0,-97],[-25,0]],[[8224,3806],[0,32],[-12,0],[0,33],[-13,0],[0,-65],[-12,0],[0,-64]],[[8187,3742],[-88,0],[0,32],[-50,0],[0,129],[-12,0],[0,-32],[-25,0],[0,32],[12,0],[0,129]],[[8012,4032],[0,32]],[[8024,4064],[0,97],[25,0]],[[8087,4129],[0,96],[37,0],[0,33],[25,0]],[[8149,4258],[0,64],[13,0],[0,32],[37,0]],[[8199,4419],[13,0],[0,32],[12,0],[0,32],[13,0],[0,33]],[[3112,3774],[13,0],[0,-32],[-13,0],[0,32]],[[5674,3742],[0,32],[13,0],[0,-32],[-13,0]],[[7937,3774],[12,0]],[[7949,3774],[0,-32]],[[7949,3742],[-12,0]],[[7937,3742],[0,32]],[[7949,3774],[13,0],[0,-32]],[[7962,3742],[-13,0]],[[7987,3742],[-13,0]],[[7974,3742],[0,32],[13,0],[0,-32]],[[8012,3774],[0,-32],[-13,0]],[[7999,3742],[0,32],[13,0]],[[8287,3774],[12,0],[0,-32]],[[8299,3742],[-12,0],[0,32]],[[8799,3742],[-12,0],[0,32],[12,0],[0,-32]],[[8987,3774],[12,0],[0,-32]],[[8999,3742],[-12,0],[0,32]],[[9237,3774],[12,0]],[[9249,3774],[0,-32]],[[9249,3742],[-12,0],[0,32]],[[5787,3871],[12,0],[0,-65],[-25,0],[0,-32],[13,0],[0,-32]],[[5787,3742],[-13,0],[0,-33]],[[5774,3709],[-25,0]],[[5749,3709],[0,129]],[[5749,3838],[38,0]],[[8524,3774],[25,0]],[[8549,3806],[88,0],[0,-97],[-25,0],[0,33],[-25,0],[0,-33],[-38,0],[0,33],[-12,0],[0,-33],[-38,0],[0,33],[-12,0],[0,32]],[[8487,3806],[0,32],[-50,0]],[[8437,3871],[12,0],[0,32],[63,0],[0,-97],[12,0]],[[3462,3742],[13,0],[0,-33],[-13,0],[0,33]],[[3800,3742],[0,-33],[-13,0],[0,33],[13,0]],[[3937,3709],[0,33],[13,0],[0,-33],[-13,0]],[[5649,3742],[0,-33]],[[5649,3709],[-25,0]],[[5624,3709],[0,33],[25,0]],[[5649,3742],[25,0]],[[5674,3742],[0,-33],[-25,0]],[[5787,3742],[0,-33]],[[5787,3709],[-13,0]],[[6062,3742],[12,0],[0,-33],[-12,0],[0,33]],[[7949,3742],[0,-33]],[[7949,3709],[-12,0]],[[7937,3709],[0,33]],[[8224,3806],[13,0],[0,-97]],[[8237,3709],[-63,0]],[[8174,3709],[0,33],[13,0]],[[9024,3742],[13,0],[0,-33],[-13,0]],[[9024,3709],[0,33]],[[7837,3806],[12,0]],[[7849,3806],[0,-97],[25,0],[0,-32]],[[7874,3677],[-37,0],[0,32],[-13,0],[0,33],[-12,0],[0,32],[-13,0],[0,-32],[-25,0],[0,96],[13,0]],[[7787,3838],[0,-32],[12,0],[0,65]],[[7799,3871],[13,0]],[[7812,3871],[0,32]],[[5337,3742],[0,-65]],[[5337,3677],[-25,0]],[[5312,3677],[0,32],[-13,0]],[[5299,3709],[0,33],[-12,0],[0,32]],[[5287,3774],[25,0],[0,32],[12,0],[0,-64],[13,0]],[[3737,3742],[38,0],[0,-33],[-13,0],[0,-32],[-25,0],[0,65]],[[8774,3742],[0,-65],[-12,0]],[[8762,3677],[0,65],[12,0]],[[5312,3677],[-13,0],[0,32]],[[5337,3709],[12,0],[0,-32]],[[5349,3677],[-12,0]],[[5337,3677],[0,32]],[[5399,3709],[0,-32]],[[5399,3677],[-37,0]],[[5362,3677],[0,32],[37,0]],[[5449,3709],[13,0]],[[5462,3709],[0,-32],[-13,0]],[[5449,3677],[0,32]],[[7937,3774],[0,-65]],[[7949,3709],[0,-32]],[[7949,3677],[-37,0],[0,32],[12,0],[0,33],[-12,0],[0,64],[12,0],[0,32],[13,0],[0,-32],[12,0],[0,-32]],[[8174,3709],[25,0],[0,-32],[-25,0],[0,32]],[[8237,3709],[0,-32],[-25,0],[0,32],[25,0]],[[9262,3677],[-13,0]],[[9249,3677],[0,32],[13,0],[0,-32]],[[9187,3838],[12,0],[0,-32],[25,0]],[[9224,3774],[13,0]],[[9249,3742],[0,-65]],[[9262,3677],[0,-32],[-25,0]],[[9237,3645],[0,64]],[[9237,3709],[-13,0],[0,33],[-25,0],[0,32],[-12,0]],[[9187,3774],[0,64]],[[5787,3742],[25,0]],[[5812,3742],[0,-97]],[[5812,3645],[-13,0]],[[5799,3645],[0,32],[-12,0]],[[5787,3677],[0,65]],[[5437,3709],[12,0]],[[5449,3709],[0,-64]],[[5449,3645],[-12,0]],[[5437,3645],[0,64]],[[8799,3742],[50,0],[0,-33],[50,0],[0,-32],[13,0],[0,-32]],[[8912,3645],[-38,0],[0,32],[-87,0],[0,32],[12,0],[0,33]],[[2800,3677],[0,-32]],[[2800,3645],[-13,0]],[[2787,3645],[0,32],[13,0]],[[3137,3677],[13,0],[0,-32],[-13,0]],[[3137,3645],[0,32]],[[3312,3677],[13,0],[0,-32],[-13,0],[0,32]],[[3487,3645],[-12,0]],[[3475,3645],[0,32],[12,0],[0,-32]],[[3550,3645],[-25,0],[0,32],[25,0],[0,-32]],[[3787,3677],[13,0],[0,-32],[-13,0],[0,32]],[[3975,3677],[12,0],[0,-32],[-12,0]],[[3975,3645],[0,32]],[[5337,3677],[0,-32]],[[5337,3645],[-13,0]],[[5324,3645],[0,32],[13,0]],[[5349,3677],[0,-32]],[[5349,3645],[-12,0]],[[5362,3677],[12,0]],[[5374,3677],[0,-32],[-12,0],[0,32]],[[5674,3677],[13,0],[0,-32],[-13,0],[0,32]],[[5799,3645],[-12,0]],[[5787,3645],[0,32]],[[5812,3677],[12,0],[0,-32]],[[5824,3645],[-12,0]],[[5812,3645],[0,32]],[[5862,3677],[12,0],[0,-32],[-12,0],[0,32]],[[7874,3677],[0,-32]],[[7874,3645],[-25,0]],[[7849,3645],[0,32],[25,0]],[[7874,3677],[13,0],[0,-32],[-13,0]],[[9199,3645],[-12,0]],[[9187,3645],[0,32],[12,0],[0,-32]],[[5399,3774],[38,0]],[[5437,3774],[0,-97]],[[5437,3677],[-25,0]],[[5412,3677],[0,-32],[-13,0],[0,-32],[-12,0],[0,64]],[[5387,3677],[12,0]],[[5399,3677],[0,97]],[[5337,3645],[0,-32],[-13,0],[0,32]],[[5712,3613],[-13,0],[0,32],[13,0],[0,-32]],[[7874,3645],[0,-32]],[[7874,3613],[-12,0],[0,32],[12,0]],[[8712,3613],[-25,0],[0,32],[25,0],[0,-32]],[[8737,3645],[0,-32],[-13,0]],[[8724,3613],[0,32],[13,0]],[[8849,3645],[13,0],[0,-32],[-13,0],[0,32]],[[8912,3645],[25,0],[0,-32]],[[8937,3613],[-25,0],[0,32]],[[9162,3645],[0,-32]],[[9162,3613],[-13,0],[0,32],[13,0]],[[8387,4096],[0,-32]],[[8362,4000],[-25,0],[0,-33],[12,0],[0,-32],[13,0],[0,32],[12,0],[0,33],[25,0],[0,-33],[38,0],[0,-96]],[[8437,3871],[-50,0],[0,-33],[12,0],[0,-32],[13,0],[0,-64],[12,0],[0,-162]],[[8424,3580],[-50,0],[0,65],[-12,0],[0,64],[-13,0],[0,65]],[[8349,3774],[25,0],[0,64],[-25,0],[0,33],[-25,0],[0,32],[-12,0]],[[8312,3903],[0,129]],[[8312,4032],[12,0],[0,32],[13,0],[0,32],[50,0]],[[5349,3677],[13,0]],[[5374,3677],[13,0]],[[5412,3677],[12,0]],[[5424,3677],[0,-64]],[[5424,3613],[-12,0]],[[5412,3613],[0,-33]],[[5412,3580],[-63,0]],[[5349,3580],[0,97]],[[7849,3645],[0,-65],[-25,0],[0,65],[25,0]],[[8424,3580],[0,65],[13,0],[0,-65],[-13,0]],[[8949,3645],[13,0]],[[8962,3645],[0,-65]],[[8962,3580],[-13,0]],[[8949,3580],[0,65]],[[9237,3645],[0,-65],[-13,0]],[[9224,3580],[0,65],[13,0]],[[9299,3580],[-12,0]],[[9287,3580],[0,65],[12,0],[0,-65]],[[2737,3613],[13,0],[0,-33],[-13,0]],[[2737,3580],[0,33]],[[6087,3613],[12,0]],[[6099,3613],[0,-33]],[[6099,3580],[-12,0]],[[6087,3580],[0,33]],[[8999,3613],[-12,0]],[[8987,3613],[0,-33],[-25,0]],[[8962,3580],[0,33]],[[8962,3613],[12,0],[0,32],[25,0],[0,-32]],[[9074,3580],[-12,0]],[[9062,3580],[0,33],[12,0],[0,-33]],[[5624,3709],[0,-32],[13,0],[0,-32],[12,0],[0,-97],[-12,0],[0,65],[-13,0],[0,32],[-12,0],[0,64],[12,0]],[[3487,3645],[0,-97],[-12,0]],[[3475,3548],[0,97]],[[5824,3645],[0,-97],[-12,0],[0,97]],[[7937,3903],[12,0],[0,-32],[13,0],[0,-33],[12,0],[0,-32],[13,0],[0,32],[25,0],[0,-64]],[[7999,3742],[-12,0]],[[7974,3742],[-12,0]],[[7949,3677],[0,-97],[-12,0]],[[7937,3580],[0,-32],[-13,0]],[[7924,3548],[0,32],[-12,0],[0,-32]],[[7912,3548],[-13,0],[0,32],[-12,0],[0,33],[-13,0]],[[7849,3806],[25,0]],[[7874,3806],[0,32]],[[7874,3838],[38,0]],[[7912,3871],[25,0]],[[3287,3709],[13,0],[0,-96],[-13,0],[0,-33],[-25,0],[0,-32],[-12,0],[0,65],[12,0],[0,32],[13,0],[0,32],[12,0],[0,32]],[[3400,3548],[0,65],[12,0],[0,-65],[-12,0]],[[8137,3580],[-13,0],[0,-32]],[[8124,3548],[-12,0],[0,65],[25,0],[0,-33]],[[8712,3613],[0,-33]],[[8712,3580],[-13,0],[0,-32],[-25,0],[0,65],[38,0]],[[9312,3613],[0,-65],[-13,0]],[[9299,3548],[0,65],[13,0]],[[5712,3613],[12,0],[0,-65],[-25,0],[0,32],[13,0],[0,33]],[[6049,3548],[0,32],[13,0],[0,-32],[-13,0]],[[8137,3580],[0,-32],[-13,0]],[[8962,3580],[0,-32]],[[8962,3548],[-13,0]],[[8949,3548],[0,32]],[[9037,3580],[12,0]],[[9049,3580],[0,-32]],[[9049,3548],[-12,0]],[[9037,3548],[0,32]],[[9062,3580],[25,0]],[[9087,3580],[0,-32]],[[9087,3548],[-25,0]],[[9062,3548],[0,32]],[[9087,3580],[12,0]],[[9099,3580],[0,-32]],[[9099,3548],[-12,0]],[[9299,3580],[0,-32]],[[9299,3548],[-12,0],[0,32]],[[9337,3548],[-13,0]],[[9324,3548],[0,32],[13,0],[0,-32]],[[8349,3774],[0,-258],[-12,0]],[[8337,3516],[0,64],[-25,0],[0,162],[-13,0]],[[8287,3774],[0,32]],[[8299,3806],[0,129],[13,0],[0,-32]],[[3137,3645],[0,-65],[-12,0],[0,-32],[-13,0],[0,-32],[-12,0],[0,64],[12,0],[0,33],[13,0],[0,32],[12,0]],[[5374,3580],[25,0]],[[5399,3580],[0,-64]],[[5399,3516],[-12,0],[0,32],[-13,0],[0,32]],[[5412,3613],[25,0]],[[5437,3613],[0,-33],[-13,0],[0,-64],[-25,0]],[[5399,3580],[13,0]],[[6099,3580],[0,-64]],[[6099,3516],[-12,0]],[[6087,3516],[0,64]],[[3062,3516],[0,32],[13,0],[0,-32],[-13,0]],[[7949,3548],[13,0],[0,-32],[-13,0],[0,32]],[[8024,3548],[25,0],[0,-32],[-25,0]],[[8024,3516],[0,32]],[[8837,3548],[12,0],[0,-32],[-12,0]],[[8837,3516],[0,32]],[[9049,3548],[0,-32]],[[9049,3516],[-12,0]],[[9037,3516],[0,32]],[[9162,3548],[25,0],[0,-32],[-25,0]],[[9162,3516],[0,32]],[[8737,3645],[12,0],[0,-129]],[[8749,3516],[-12,0],[0,-32]],[[8737,3484],[-13,0]],[[8724,3484],[0,64],[-12,0]],[[8712,3548],[0,32]],[[8712,3580],[12,0],[0,33]],[[3387,3548],[13,0]],[[3400,3548],[0,-32],[25,0]],[[3425,3516],[0,-32],[-38,0]],[[3387,3484],[0,64]],[[6037,3613],[50,0]],[[6087,3613],[0,-97]],[[6087,3516],[-13,0],[0,-32],[-25,0],[0,64]],[[6049,3548],[-12,0],[0,65]],[[7912,3548],[12,0]],[[7924,3548],[0,-64]],[[7924,3484],[-12,0],[0,64]],[[8724,3484],[-12,0],[0,64]],[[9312,3613],[12,0],[0,-65]],[[9337,3548],[0,-32],[-13,0],[0,-32]],[[9324,3484],[-12,0]],[[9312,3484],[0,32],[-13,0],[0,32]],[[3000,3677],[25,0]],[[3025,3677],[0,-32],[-13,0],[0,-32],[-12,0],[0,-65],[25,0],[0,-32],[-50,0],[0,-32],[-25,0]],[[2950,3484],[0,32]],[[2950,3516],[12,0],[0,64],[13,0],[0,65],[25,0],[0,32]],[[3350,3516],[12,0],[0,-32]],[[3362,3484],[-12,0]],[[3350,3484],[0,32]],[[5337,3516],[12,0]],[[5349,3516],[0,-32],[-12,0],[0,32]],[[5362,3516],[12,0],[0,-32],[-12,0],[0,32]],[[8137,3516],[25,0]],[[8162,3516],[0,-32]],[[8162,3484],[-25,0]],[[8137,3484],[0,32]],[[8162,3516],[12,0]],[[8174,3516],[0,-32]],[[8174,3484],[-12,0]],[[8187,3516],[25,0],[0,-32],[-25,0],[0,32]],[[8337,3516],[25,0],[0,-32],[-25,0],[0,32]],[[8574,3516],[13,0],[0,-32]],[[8587,3484],[-13,0],[0,32]],[[8649,3516],[0,-32],[-12,0]],[[8637,3484],[0,32],[12,0]],[[8749,3516],[0,-32],[-12,0]],[[8974,3516],[13,0]],[[8987,3516],[0,-32]],[[8987,3484],[-13,0],[0,32]],[[9049,3516],[0,-32]],[[9049,3484],[-12,0]],[[9037,3484],[0,32]],[[5649,3709],[0,-32],[13,0],[0,-129],[12,0],[0,-64],[-25,0],[0,32],[-12,0],[0,-65],[-38,0],[0,65],[-25,0],[0,32],[-12,0],[0,32],[12,0],[0,194],[75,0],[0,-32]],[[3212,3548],[25,0],[0,-97],[-12,0],[0,33],[-13,0],[0,64]],[[3387,3516],[0,-65]],[[3387,3451],[-12,0],[0,65],[12,0]],[[8174,3516],[13,0]],[[8187,3516],[0,-65],[-13,0]],[[8174,3451],[0,65]],[[8587,3484],[0,-33]],[[8587,3451],[-25,0]],[[8562,3451],[0,65],[12,0]],[[9337,3548],[25,0],[0,-64]],[[9362,3484],[-13,0],[0,-33],[-12,0]],[[9337,3451],[0,33],[-13,0]],[[3800,3516],[12,0],[0,-65],[-25,0],[0,33]],[[3787,3484],[13,0]],[[3800,3484],[0,32]],[[8149,3484],[25,0]],[[8174,3484],[0,-33]],[[8174,3451],[-25,0]],[[8149,3451],[0,33]],[[8374,3484],[13,0],[0,-33],[-13,0],[0,33]],[[8924,3484],[0,-33]],[[8924,3451],[-12,0],[0,33],[12,0]],[[8924,3484],[13,0]],[[8937,3484],[0,-33]],[[8937,3451],[-13,0]],[[9049,3484],[0,-33]],[[9049,3451],[-12,0]],[[9037,3451],[0,33]],[[9324,3484],[0,-33],[-12,0],[0,33]],[[9399,3451],[0,33],[13,0],[0,-33],[-13,0]],[[2800,3774],[0,-97]],[[2787,3645],[25,0]],[[2812,3645],[0,-65]],[[2812,3580],[-12,0],[0,-32],[25,0],[0,-97],[12,0],[0,-32],[-25,0],[0,65],[-12,0],[0,32],[-13,0],[0,97],[-12,0],[0,96],[12,0],[0,65],[13,0]],[[3537,3967],[0,-32]],[[3562,3967],[25,0]],[[3587,4000],[38,0]],[[3650,3967],[62,0],[0,-32],[38,0],[0,-32],[12,0]],[[3775,3871],[0,-33],[25,0]],[[3800,3838],[0,-96]],[[3800,3742],[12,0],[0,-162],[-25,0],[0,-32],[13,0]],[[3800,3548],[0,-64]],[[3800,3484],[-25,0]],[[3775,3484],[0,32],[-13,0],[0,32],[-12,0],[0,65],[12,0],[0,32],[-50,0],[0,-65],[-12,0],[0,33],[-13,0],[0,64],[-12,0],[0,-32],[-38,0],[0,32],[-12,0],[0,-64],[-25,0],[0,-33],[12,0],[0,-32],[-50,0],[0,-32]],[[3562,3516],[-12,0],[0,-97],[-13,0],[0,65],[-12,0],[0,32],[-13,0],[0,32],[-12,0],[0,32],[37,0],[0,33],[13,0],[0,32]],[[3550,3645],[25,0],[0,32],[-13,0],[0,32],[-50,0],[0,-32],[-12,0],[0,-32],[-13,0]],[[3475,3645],[-13,0],[0,-32],[-12,0],[0,-33],[-13,0],[0,33],[-12,0],[0,96]],[[3425,3709],[-13,0]],[[3412,3709],[0,33],[13,0],[0,129]],[[3425,3871],[-13,0]],[[6099,3516],[0,-32],[13,0],[0,-65],[-25,0]],[[6087,3419],[0,97]],[[8749,3935],[0,32],[38,0],[0,-64]],[[8787,3903],[75,0],[0,-32],[25,0]],[[8887,3838],[50,0],[0,-32],[25,0],[0,-32],[25,0]],[[8999,3742],[0,-33],[-62,0],[0,-32],[75,0],[0,-64]],[[9012,3613],[-13,0]],[[8962,3613],[0,32]],[[8949,3645],[0,-32]],[[8949,3613],[-12,0]],[[8937,3613],[0,-33],[-13,0],[0,-32],[-12,0],[0,-32],[12,0],[0,-32]],[[8924,3451],[0,-32],[-25,0],[0,32],[-37,0],[0,33]],[[8862,3484],[-25,0],[0,32]],[[8837,3548],[0,32],[-13,0],[0,33],[-25,0],[0,32],[-25,0],[0,97]],[[8762,3677],[-25,0],[0,32],[-25,0],[0,-32],[-25,0],[0,32],[-13,0],[0,65],[-12,0],[0,97],[-38,0],[0,-33],[-25,0],[0,97],[13,0],[0,97],[37,0],[0,-65],[13,0],[0,33],[37,0],[0,-33],[38,0],[0,-129],[12,0],[0,-64],[13,0],[0,32],[12,0],[0,32],[-12,0],[0,97],[-13,0]],[[8999,3516],[13,0],[0,-32],[12,0],[0,-65]],[[9024,3419],[-25,0],[0,97]],[[8024,3419],[-37,0],[0,32],[-13,0]],[[7974,3451],[0,33],[38,0],[0,-33],[12,0],[0,-32]],[[8637,3484],[0,-65],[-13,0]],[[8624,3419],[0,65],[13,0]],[[5824,3419],[-12,0],[0,32],[12,0],[0,-32]],[[5887,3451],[12,0],[0,-32],[-12,0],[0,32]],[[5999,3451],[13,0],[0,-32],[-13,0],[0,32]],[[8299,3451],[13,0],[0,-32],[-13,0],[0,32]],[[8412,3451],[12,0],[0,-32],[-12,0]],[[8412,3419],[0,32]],[[8474,3419],[-25,0],[0,32],[25,0],[0,-32]],[[8587,3451],[25,0],[0,-32],[-25,0]],[[8587,3419],[0,32]],[[8824,3451],[13,0],[0,-32]],[[8837,3419],[-13,0]],[[8824,3419],[0,32]],[[9087,3419],[-25,0],[0,32],[25,0],[0,-32]],[[9387,3451],[0,-32],[-13,0]],[[9374,3419],[0,32],[13,0]],[[3637,3484],[13,0],[0,-97]],[[3650,3387],[-13,0]],[[3637,3387],[0,97]],[[2950,3451],[0,-64]],[[2950,3387],[-13,0],[0,64],[13,0]],[[3162,3451],[0,33],[-25,0],[0,-33],[-50,0],[0,-32],[25,0],[0,-32],[-37,0],[0,32],[-13,0],[0,32],[13,0],[0,33],[-13,0],[0,32]],[[3062,3516],[-12,0],[0,-65],[-13,0],[0,129],[13,0],[0,33],[-13,0],[0,32],[25,0],[0,32],[75,0]],[[3137,3677],[0,97],[13,0],[0,-65],[12,0],[0,33],[13,0],[0,-33],[37,0],[0,-32],[-12,0],[0,-32],[12,0],[0,-65],[-25,0],[0,-32],[13,0],[0,-32],[-13,0],[0,-32],[-12,0],[0,-33],[-13,0]],[[3637,3451],[0,-64]],[[3637,3387],[-12,0]],[[3625,3387],[0,64],[12,0]],[[8949,3451],[13,0],[0,-64]],[[8962,3387],[-13,0]],[[8949,3387],[0,64]],[[9399,3451],[38,0],[0,-64]],[[9437,3387],[-13,0]],[[9424,3387],[0,32]],[[9424,3419],[-25,0]],[[9399,3419],[0,32]],[[3337,3419],[13,0],[0,-32],[-13,0],[0,32]],[[5699,3419],[13,0],[0,-32],[-13,0],[0,32]],[[5849,3419],[13,0]],[[5862,3419],[0,-32]],[[5862,3387],[-13,0],[0,32]],[[6024,3419],[13,0],[0,-32],[-13,0],[0,32]],[[8149,3387],[-75,0]],[[8074,3387],[0,32],[75,0],[0,-32]],[[8324,3419],[13,0]],[[8337,3419],[0,-32],[-13,0],[0,32]],[[8349,3419],[13,0]],[[8362,3419],[0,-32],[-13,0],[0,32]],[[8387,3419],[12,0],[0,-32]],[[8399,3387],[-12,0],[0,32]],[[8474,3419],[13,0],[0,-32]],[[8487,3387],[-13,0],[0,32]],[[8499,3419],[25,0],[0,-32],[-25,0],[0,32]],[[8562,3451],[0,-64],[-25,0],[0,32]],[[8537,3419],[12,0]],[[8549,3419],[0,32],[13,0]],[[8587,3419],[0,-32],[-13,0],[0,32],[13,0]],[[8649,3516],[25,0],[0,-65],[-12,0],[0,-32],[-13,0],[0,-32],[-25,0],[0,32]],[[8824,3419],[0,-32]],[[8824,3387],[-12,0],[0,32],[12,0]],[[8837,3419],[0,-32]],[[8837,3387],[-13,0]],[[8837,3419],[25,0],[0,-32]],[[8862,3387],[-25,0]],[[9337,3419],[25,0],[0,-32]],[[9362,3387],[-25,0],[0,32]],[[9424,3387],[-12,0]],[[9412,3387],[0,32],[12,0]],[[9449,3419],[0,-32],[-12,0]],[[9437,3387],[0,32],[12,0]],[[8999,3742],[25,0]],[[9024,3709],[38,0],[0,-161]],[[9062,3548],[37,0]],[[9099,3580],[-25,0]],[[9074,3580],[0,65],[25,0],[0,-32],[63,0]],[[9162,3645],[12,0],[0,-32],[13,0],[0,32]],[[9199,3645],[0,64],[38,0]],[[9224,3580],[-12,0],[0,-32],[-50,0]],[[9162,3516],[-13,0],[0,32],[-25,0],[0,32],[-12,0],[0,-64],[-13,0],[0,-65],[25,0],[0,-96]],[[9124,3355],[-12,0]],[[9112,3355],[0,32],[-13,0]],[[9099,3387],[0,32]],[[9099,3419],[-12,0]],[[9087,3419],[0,-64],[-13,0]],[[9074,3355],[0,32]],[[9074,3387],[-25,0]],[[9049,3387],[0,32],[-25,0]],[[8999,3516],[0,-65]],[[8999,3451],[-12,0]],[[8987,3451],[0,65]],[[8987,3516],[-25,0]],[[8962,3516],[0,64]],[[8987,3613],[25,0]],[[9037,3580],[0,-129]],[[9049,3451],[0,129]],[[7937,3580],[75,0],[0,-32],[12,0]],[[8024,3516],[38,0],[0,32],[62,0]],[[8124,3548],[0,-32],[13,0]],[[8137,3484],[12,0]],[[8149,3451],[63,0],[0,-96]],[[8212,3355],[-25,0]],[[8187,3355],[0,32],[-13,0],[0,-32]],[[8174,3355],[-12,0]],[[8162,3355],[0,32],[-13,0]],[[8074,3387],[-12,0],[0,32],[-38,0]],[[7974,3451],[-25,0],[0,33],[-25,0]],[[8949,3613],[0,-65]],[[8962,3548],[0,-32]],[[8962,3516],[12,0]],[[8987,3484],[0,-33]],[[8999,3451],[0,-96],[-12,0]],[[8987,3355],[0,32]],[[8987,3387],[-25,0]],[[8949,3451],[0,-32]],[[8949,3419],[-12,0]],[[8937,3419],[0,65]],[[9374,3419],[25,0]],[[9399,3419],[0,-32]],[[9399,3387],[-12,0],[0,-32]],[[9387,3355],[-13,0]],[[9374,3355],[0,32],[-12,0]],[[9337,3419],[0,32]],[[9362,3484],[0,32],[12,0],[0,-32],[13,0],[0,-33]],[[9199,3355],[-12,0]],[[9187,3355],[0,64],[12,0],[0,-64]],[[3250,3387],[12,0]],[[3262,3387],[0,-32]],[[3262,3355],[-12,0]],[[3250,3355],[0,32]],[[3262,3387],[13,0],[0,-32]],[[3275,3355],[-13,0]],[[3750,3387],[12,0]],[[3762,3387],[0,-32]],[[3762,3355],[-12,0],[0,32]],[[3787,3387],[13,0],[0,-32],[-13,0],[0,32]],[[6049,3387],[13,0],[0,-32],[-13,0],[0,32]],[[6099,3387],[0,-32]],[[6099,3355],[-12,0]],[[6087,3355],[0,32],[12,0]],[[6099,3387],[13,0],[0,-32]],[[6112,3355],[-13,0]],[[8162,3355],[-13,0],[0,32]],[[8187,3355],[-13,0]],[[8424,3387],[25,0],[0,-32]],[[8449,3355],[-25,0]],[[8424,3355],[0,32]],[[9049,3387],[13,0]],[[9062,3387],[0,-32]],[[9062,3355],[-13,0],[0,32]],[[9062,3387],[12,0]],[[9074,3355],[-12,0]],[[9112,3355],[-13,0]],[[9099,3355],[0,32]],[[9149,3355],[-25,0]],[[9124,3355],[0,32],[25,0],[0,-32]],[[9374,3355],[-12,0],[0,32]],[[9399,3387],[0,-32],[-12,0]],[[8937,3451],[0,-32]],[[8949,3419],[0,-32]],[[8949,3387],[38,0]],[[8987,3355],[-13,0],[0,-33]],[[8974,3322],[-62,0]],[[8912,3322],[0,33]],[[8912,3355],[-25,0],[0,32],[-25,0]],[[8824,3451],[0,33],[38,0]],[[3762,3387],[13,0]],[[3775,3387],[0,-65],[-13,0]],[[3762,3322],[0,65]],[[9237,3322],[0,33],[-13,0]],[[9224,3355],[0,32],[25,0],[0,-65],[-12,0]],[[2962,3355],[0,-33],[-25,0],[0,33],[25,0]],[[3162,3451],[0,-32],[38,0],[0,-97]],[[3200,3322],[-63,0]],[[3137,3322],[0,33],[13,0],[0,96],[12,0]],[[3287,3355],[13,0]],[[3300,3355],[0,-33],[-13,0]],[[3287,3322],[0,33]],[[3462,3355],[13,0],[0,-33],[-13,0],[0,33]],[[3662,3355],[13,0],[0,-33],[-13,0],[0,33]],[[5999,3355],[13,0],[0,-33],[-13,0],[0,33]],[[8262,3355],[12,0],[0,-33],[-37,0],[0,33],[12,0]],[[8249,3355],[0,32],[13,0],[0,-32]],[[8437,3355],[12,0]],[[8449,3355],[0,-33]],[[8449,3322],[-12,0],[0,33]],[[8449,3355],[13,0],[0,-33]],[[8462,3322],[-13,0]],[[8537,3419],[0,-64],[-38,0]],[[8499,3355],[0,-33]],[[8499,3322],[-25,0]],[[8474,3322],[0,33],[13,0]],[[8487,3355],[0,129],[62,0],[0,-65]],[[8499,3355],[13,0],[0,-33],[-13,0]],[[8912,3322],[-13,0],[0,33],[13,0]],[[8987,3355],[0,-33],[-13,0]],[[9074,3355],[0,-33]],[[9074,3322],[-12,0],[0,33]],[[9149,3355],[0,-33]],[[9149,3322],[-25,0],[0,33]],[[9199,3355],[0,-33]],[[9199,3322],[-12,0]],[[9187,3322],[0,33]],[[9237,3322],[-13,0],[0,33]],[[3562,3516],[0,-32],[13,0],[0,-65],[-13,0],[0,-32],[13,0],[0,-32],[-13,0],[0,-33]],[[3562,3322],[-12,0],[0,-32],[-50,0],[0,32],[-13,0],[0,194],[-12,0],[0,32]],[[2875,3387],[12,0],[0,-32],[13,0],[0,-33],[12,0],[0,33],[13,0],[0,-65]],[[2925,3290],[-38,0]],[[2887,3290],[0,32],[-12,0]],[[2875,3322],[0,65]],[[9449,3419],[25,0],[0,-32],[13,0],[0,-65],[12,0],[0,-32]],[[9499,3290],[-75,0],[0,32],[-12,0],[0,65]],[[9424,3387],[0,-32],[13,0],[0,32]],[[5399,3355],[25,0]],[[5424,3355],[0,-65]],[[5424,3290],[-25,0]],[[5399,3290],[0,65]],[[8324,3355],[0,-33],[-12,0]],[[8312,3322],[0,-32],[-13,0],[0,65],[25,0]],[[8424,3355],[13,0]],[[8449,3322],[0,-32]],[[8449,3290],[-25,0],[0,65]],[[9149,3322],[0,-32]],[[9149,3290],[-37,0]],[[9112,3290],[0,65]],[[3037,3322],[13,0]],[[3050,3322],[0,-32]],[[3050,3290],[-13,0]],[[3037,3290],[0,32]],[[3562,3322],[13,0],[0,-32],[-13,0],[0,32]],[[9074,3322],[13,0]],[[9087,3322],[0,-32],[-13,0],[0,32]],[[9149,3322],[13,0],[0,-32]],[[9162,3290],[-13,0]],[[9187,3322],[0,-32],[-13,0],[0,32],[13,0]],[[9099,3419],[0,-64]],[[9112,3290],[12,0]],[[9124,3290],[0,-32]],[[9124,3258],[-37,0],[0,64]],[[3050,3322],[25,0]],[[3075,3322],[0,-64],[-13,0]],[[3062,3258],[0,32],[-12,0]],[[3400,3709],[25,0]],[[3475,3548],[-50,0],[0,-32]],[[3425,3516],[12,0],[0,-32],[25,0],[0,-33],[-12,0],[0,-32],[-13,0],[0,-32],[13,0],[0,-32],[-13,0],[0,-33],[-12,0],[0,33],[-13,0],[0,32],[-12,0],[0,-65],[-13,0],[0,33],[-75,0],[0,-97],[-12,0],[0,32],[-13,0]],[[3287,3290],[0,32]],[[3300,3355],[-25,0]],[[3262,3387],[0,32],[-12,0],[0,32],[37,0],[0,-32],[13,0],[0,32],[37,0],[0,33]],[[3337,3484],[25,0]],[[3350,3516],[0,32]],[[3350,3548],[-13,0],[0,65],[13,0],[0,32],[12,0],[0,32],[38,0],[0,32]],[[3387,3548],[0,-32]],[[3387,3451],[0,33]],[[6037,3322],[12,0],[0,-64],[-12,0],[0,64]],[[6074,3322],[13,0],[0,-32],[12,0],[0,-32],[-25,0],[0,64]],[[8337,3419],[12,0]],[[8362,3419],[25,0]],[[8399,3387],[0,64],[13,0]],[[8412,3419],[62,0]],[[8487,3387],[0,-32]],[[8474,3322],[13,0],[0,-32],[-38,0]],[[8462,3322],[0,65],[-38,0]],[[8424,3355],[-75,0],[0,-65]],[[8349,3290],[-12,0],[0,-32]],[[8337,3258],[-25,0],[0,64]],[[8324,3355],[-62,0]],[[8249,3355],[-37,0]],[[8212,3355],[0,64],[50,0],[0,32],[25,0],[0,-32],[37,0]],[[3062,3258],[-12,0],[0,32]],[[3162,3290],[25,0],[0,-32],[-25,0],[0,32]],[[3600,3290],[12,0],[0,-32],[-12,0]],[[3600,3258],[0,32]],[[8349,3290],[0,32],[13,0],[0,-64],[-25,0]],[[8449,3290],[25,0],[0,-32],[-25,0],[0,32]],[[5774,3258],[0,-33],[-25,0],[0,130],[-12,0],[0,64],[12,0],[0,-32],[25,0],[0,-32],[-12,0],[0,-97],[12,0]],[[5799,3225],[-12,0],[0,33],[-13,0]],[[5774,3258],[0,64],[13,0],[0,33],[12,0],[0,-130]],[[8449,3290],[0,-65],[-12,0]],[[8437,3225],[0,33]],[[8437,3258],[-25,0],[0,32],[37,0]],[[9199,3322],[0,-32],[13,0],[0,-32],[-38,0]],[[9174,3258],[0,-33]],[[9174,3225],[-12,0]],[[9162,3225],[0,33]],[[9162,3258],[-38,0]],[[9124,3290],[38,0]],[[9162,3290],[0,65],[25,0]],[[9499,3290],[0,-32],[-12,0]],[[9487,3258],[0,-33]],[[9487,3225],[-13,0],[0,33],[-25,0],[0,32],[50,0]],[[3400,3258],[25,0],[0,-33],[-25,0],[0,33]],[[3875,3258],[12,0],[0,-33],[-12,0],[0,33]],[[8399,3258],[0,-33],[-25,0],[0,33],[25,0]],[[9162,3225],[-13,0],[0,33],[13,0]],[[9174,3258],[25,0],[0,-33],[-25,0]],[[9249,3225],[-12,0],[0,33],[12,0],[0,-33]],[[9487,3258],[25,0],[0,-33]],[[9512,3225],[-25,0]],[[8974,3225],[-12,0],[0,-32],[-25,0]],[[8937,3193],[0,97],[25,0],[0,-32],[12,0],[0,-33]],[[3250,4225],[50,0]],[[3325,4161],[12,0]],[[3400,3871],[25,0]],[[3412,3709],[-12,0]],[[3350,3548],[0,-64]],[[3350,3484],[-13,0]],[[3262,3387],[-25,0]],[[3237,3387],[0,-32],[-25,0],[0,-33]],[[3212,3322],[-12,0]],[[3137,3322],[13,0]],[[3150,3322],[0,-32],[-13,0],[0,-32],[-12,0],[0,-33],[-25,0],[0,-32],[-13,0],[0,32],[-25,0]],[[3062,3225],[0,33]],[[3075,3322],[-38,0]],[[3037,3322],[0,33]],[[3037,3355],[-25,0],[0,32],[-12,0],[0,32],[-13,0],[0,-97],[-12,0],[0,33],[-13,0]],[[2962,3355],[0,64],[-12,0]],[[2950,3419],[0,65]],[[3025,3677],[12,0]],[[3037,3677],[0,32],[25,0],[0,97]],[[3062,3806],[63,0]],[[3275,3903],[37,0]],[[3250,4193],[0,32]],[[8399,3258],[38,0]],[[8437,3225],[-13,0],[0,-32],[-25,0],[0,65]],[[9624,3225],[-12,0],[0,-32]],[[9612,3193],[-13,0],[0,65],[25,0],[0,-33]],[[3062,3225],[0,-32],[-25,0]],[[3037,3193],[0,32],[25,0]],[[3250,3225],[12,0],[0,-32]],[[3262,3193],[-12,0],[0,32]],[[3600,3225],[0,-32]],[[3600,3193],[-13,0]],[[3587,3193],[0,32],[13,0]],[[3600,3225],[12,0],[0,-32]],[[3612,3193],[-12,0]],[[3700,3225],[12,0],[0,-32],[-12,0],[0,32]],[[5949,3225],[13,0],[0,-32]],[[5962,3193],[-13,0]],[[5949,3193],[0,32]],[[8674,3225],[13,0],[0,-32]],[[8687,3193],[-13,0],[0,32]],[[9249,3225],[13,0],[0,-32],[-13,0]],[[9249,3193],[0,32]],[[9512,3225],[0,-32],[-25,0],[0,32]],[[9624,3225],[0,-32]],[[9624,3193],[-12,0]],[[3262,3193],[0,-32]],[[3262,3161],[-62,0],[0,32],[12,0],[0,32],[38,0]],[[3262,3193],[13,0],[0,-32],[-13,0]],[[3537,3193],[13,0],[0,-32],[-13,0],[0,32]],[[5449,3193],[38,0],[0,-32]],[[5487,3161],[-38,0]],[[5449,3161],[0,32]],[[5549,3193],[13,0],[0,-32],[-13,0],[0,32]],[[5887,3193],[12,0],[0,-32],[-12,0],[0,32]],[[8649,3193],[13,0],[0,-32]],[[8662,3161],[-13,0],[0,32]],[[8687,3193],[12,0],[0,-32],[-12,0]],[[8687,3161],[0,32]],[[8787,3161],[-13,0],[0,32],[13,0],[0,-32]],[[9249,3193],[25,0],[0,32],[13,0],[0,-64],[-38,0],[0,32]],[[9449,3193],[0,-32],[-12,0],[0,32],[12,0]],[[9637,3193],[12,0],[0,-32]],[[9649,3161],[-12,0],[0,32]],[[3037,3193],[0,-64],[-12,0],[0,32],[-25,0],[0,64],[12,0],[0,-32],[25,0]],[[9449,3193],[13,0],[0,-64],[-13,0],[0,64]],[[9624,3193],[13,0]],[[9649,3161],[0,-32],[-25,0],[0,64]],[[3275,3355],[12,0]],[[3287,3355],[0,-130]],[[3287,3225],[13,0],[0,-64],[-13,0],[0,-32],[-25,0]],[[3262,3129],[0,32]],[[3250,3225],[0,33],[12,0],[0,32],[13,0],[0,65]],[[3850,3161],[12,0]],[[3862,3161],[0,-32]],[[3862,3129],[-12,0]],[[3850,3129],[0,32]],[[5449,3161],[0,-32],[-12,0],[0,32],[12,0]],[[5487,3161],[12,0],[0,-32],[-12,0]],[[5487,3129],[0,32]],[[5949,3161],[13,0]],[[5962,3161],[0,-32]],[[5962,3129],[-13,0]],[[5949,3129],[0,32]],[[6362,3161],[12,0],[0,-32],[-12,0],[0,32]],[[3112,3161],[13,0]],[[3125,3161],[0,-65]],[[3125,3096],[-13,0]],[[3112,3096],[0,65]],[[5987,3161],[12,0],[0,-65]],[[5999,3096],[-12,0],[0,65]],[[8937,3129],[12,0],[0,-33],[-25,0]],[[8924,3096],[0,65],[13,0],[0,-32]],[[2850,3129],[12,0]],[[2862,3129],[0,-33],[-12,0],[0,33]],[[3050,3129],[12,0],[0,-33],[-12,0],[0,33]],[[3125,3129],[12,0]],[[3137,3129],[0,-33]],[[3137,3096],[-12,0]],[[3125,3096],[0,33]],[[3400,3129],[12,0],[0,-33],[-12,0],[0,33]],[[3587,3129],[13,0],[0,-33],[-13,0],[0,33]],[[5762,3129],[12,0],[0,-33],[-12,0],[0,33]],[[5862,3129],[12,0],[0,-33],[-12,0],[0,33]],[[5912,3129],[12,0],[0,-33],[-12,0],[0,33]],[[8687,3096],[0,33],[12,0],[0,-33],[-12,0]],[[8774,3129],[13,0],[0,-33],[-13,0],[0,33]],[[5949,3258],[0,-65]],[[5949,3193],[25,0]],[[5974,3193],[0,32],[25,0],[0,65],[25,0],[0,-97],[-37,0],[0,-32]],[[5987,3161],[-38,0]],[[5949,3161],[0,-97]],[[5949,3064],[-12,0]],[[5937,3064],[0,161],[-13,0],[0,194],[-12,0],[0,65],[25,0],[0,-33],[12,0],[0,-32],[-12,0],[0,-97],[12,0],[0,-32],[-12,0],[0,-32],[12,0]],[[3012,4225],[0,-32]],[[3112,4322],[-12,0]],[[3112,4387],[25,0]],[[3137,4096],[0,33]],[[3125,4129],[0,32]],[[3112,4161],[0,-32]],[[3062,4096],[0,-129]],[[3050,3806],[12,0]],[[3037,3677],[-37,0]],[[2950,3516],[0,-65]],[[2950,3387],[0,32]],[[3037,3355],[0,-65]],[[3150,3322],[62,0]],[[3237,3387],[13,0]],[[3250,3355],[25,0]],[[3262,3129],[-12,0],[0,-33],[-25,0],[0,-32]],[[3225,3064],[-13,0]],[[3212,3064],[0,32],[-25,0],[0,33],[-12,0],[0,-33],[-25,0],[0,-32],[-13,0]],[[3137,3064],[0,65]],[[3125,3129],[0,32]],[[3112,3161],[0,-32]],[[3112,3129],[-12,0],[0,-33]],[[3100,3096],[-25,0]],[[3075,3096],[0,-32]],[[3075,3064],[-63,0]],[[3012,3064],[0,32],[-12,0]],[[3000,3096],[0,33]],[[3000,3129],[-13,0],[0,64],[-37,0],[0,32],[-50,0]],[[2900,3225],[0,65]],[[2900,3290],[25,0]],[[2875,3387],[0,-32]],[[2875,3355],[-13,0],[0,64],[-12,0],[0,65],[-13,0],[0,64],[13,0],[0,32],[-13,0],[0,33],[-25,0]],[[2812,3613],[0,32]],[[2812,3645],[-12,0]],[[2800,3645],[0,97]],[[2800,3742],[12,0],[0,64],[13,0],[0,129]],[[2825,3935],[12,0]],[[2837,3935],[0,97]],[[2862,4064],[0,32]],[[2900,4161],[-13,0]],[[2887,4193],[25,0]],[[2925,4290],[25,0]],[[2950,4322],[12,0]],[[5412,3193],[0,-129]],[[5412,3064],[-13,0]],[[5399,3064],[0,129],[13,0]],[[6187,3193],[25,0],[0,-64],[12,0],[0,32],[13,0],[0,-32],[25,0],[0,-65],[-25,0],[0,32],[-38,0],[0,33],[-12,0],[0,64]],[[8724,3161],[13,0]],[[8737,3161],[0,-65],[12,0],[0,-32],[-25,0],[0,97]],[[5962,3129],[0,-65]],[[5962,3064],[-13,0]],[[5949,3064],[0,65]],[[3112,3096],[25,0]],[[3137,3096],[0,-32]],[[3137,3064],[-25,0]],[[3112,3064],[0,32]],[[3700,3096],[12,0],[0,-32],[-12,0],[0,32]],[[5412,3096],[12,0],[0,-32]],[[5424,3064],[-12,0]],[[5412,3064],[0,32]],[[6399,3064],[-12,0]],[[6387,3064],[0,32],[12,0],[0,-32]],[[3000,3129],[0,-65]],[[3000,3064],[-25,0],[0,-32],[-13,0],[0,32],[-12,0],[0,32],[-13,0],[0,33],[-12,0],[0,64],[-25,0]],[[2900,3193],[0,32]],[[3375,3064],[-13,0]],[[3362,3064],[0,-32]],[[3362,3032],[-25,0]],[[3337,3032],[0,129],[-12,0],[0,64],[25,0],[0,-64],[12,0],[0,-32],[13,0],[0,-65]],[[8624,3129],[50,0],[0,-33]],[[8674,3096],[13,0]],[[8687,3096],[0,-32],[-13,0],[0,-32],[-12,0],[0,32],[-13,0],[0,-32],[-12,0],[0,32],[-13,0],[0,65]],[[8987,3129],[0,-65],[12,0],[0,-32]],[[8999,3032],[-25,0],[0,97],[13,0]],[[3525,3064],[-13,0],[0,-32]],[[3512,3032],[-12,0]],[[3500,3032],[0,32]],[[3500,3064],[-13,0],[0,32],[13,0],[0,33],[12,0],[0,-33],[13,0],[0,-32]],[[3825,3096],[25,0]],[[3850,3096],[0,-64]],[[3850,3032],[-13,0],[0,32],[-12,0]],[[3825,3064],[0,32]],[[5962,3096],[12,0],[0,-64],[-12,0]],[[5962,3032],[0,64]],[[3037,3064],[13,0]],[[3050,3064],[0,-32]],[[3050,3032],[-13,0]],[[3037,3032],[0,32]],[[3050,3064],[12,0]],[[3062,3064],[0,-32]],[[3062,3032],[-12,0]],[[3437,3064],[13,0],[0,-32],[-13,0],[0,32]],[[3525,3064],[0,-32]],[[3525,3032],[-13,0]],[[3525,3064],[12,0]],[[3537,3064],[0,-32]],[[3537,3032],[-12,0]],[[5449,3064],[13,0]],[[5462,3064],[0,-32]],[[5462,3032],[-13,0]],[[5449,3032],[0,32]],[[5787,3064],[12,0],[0,-32],[-12,0],[0,32]],[[6337,3064],[0,-32],[-13,0]],[[6324,3032],[0,32],[13,0]],[[8812,3000],[-25,0],[0,32],[-13,0],[0,32],[-12,0],[0,65],[-13,0],[0,32]],[[8749,3161],[38,0]],[[8787,3161],[0,64],[12,0],[0,-96],[13,0],[0,-33],[-13,0],[0,-64],[13,0],[0,-32]],[[3075,3096],[12,0]],[[3087,3096],[0,-32],[13,0],[0,-64]],[[3100,3000],[-13,0]],[[3087,3000],[0,32]],[[3087,3032],[-12,0]],[[3075,3032],[0,64]],[[3262,3129],[0,-33],[13,0],[0,-32],[12,0],[0,-32]],[[3287,3032],[-12,0],[0,-32]],[[3275,3000],[-13,0]],[[3262,3000],[0,32],[-12,0],[0,32]],[[3250,3064],[-25,0]],[[3850,3096],[50,0],[0,-32],[-25,0],[0,-64]],[[3875,3000],[-13,0],[0,64],[-12,0]],[[3850,3064],[0,32]],[[5999,3096],[13,0],[0,33],[12,0],[0,32],[13,0],[0,-65],[-13,0],[0,-32],[25,0],[0,-64],[-37,0],[0,64],[-13,0],[0,32]],[[3287,3032],[0,-32],[-12,0]],[[3487,3000],[-12,0]],[[3475,3000],[0,32],[12,0],[0,-32]],[[5987,3032],[12,0],[0,-32],[-12,0],[0,32]],[[8724,3032],[13,0],[0,-32],[-13,0],[0,32]],[[3112,3129],[0,-65]],[[3112,3064],[13,0]],[[3125,3064],[0,-97]],[[3125,2967],[-13,0]],[[3112,2967],[0,33],[-12,0]],[[3087,3096],[13,0]],[[3062,3064],[13,0]],[[3075,3064],[0,-32]],[[3087,3032],[0,-65]],[[3087,2967],[-25,0]],[[3062,2967],[0,97]],[[8924,3064],[13,0],[0,-32],[12,0],[0,-32],[-12,0],[0,-33],[-13,0]],[[8924,2967],[0,97]],[[3612,3064],[0,-64]],[[3612,3000],[-12,0],[0,-33]],[[3600,2967],[-13,0]],[[3587,2967],[0,65],[13,0],[0,32],[12,0]],[[9649,3032],[0,-65],[-12,0]],[[9637,2967],[0,65],[12,0]],[[3112,2967],[-12,0],[0,33]],[[3612,3000],[0,-33]],[[3612,2967],[-12,0]],[[3875,3000],[12,0],[0,-33],[-12,0],[0,33]],[[6112,3129],[25,0],[0,-65]],[[6137,3064],[-13,0],[0,-129],[-12,0]],[[6112,2935],[0,129],[-13,0],[0,32],[13,0],[0,33]],[[187,3064],[38,0],[0,-32],[12,0],[0,-32],[25,0],[0,-65],[-12,0],[0,32],[-38,0],[0,33],[-25,0],[0,64]],[[3212,3064],[38,0]],[[3262,3000],[-50,0]],[[3212,3000],[0,-33],[-12,0],[0,-32],[-13,0],[0,32],[-12,0],[0,33],[-13,0],[0,-33],[-12,0],[0,65],[-13,0],[0,32]],[[3362,3064],[38,0]],[[3400,3064],[0,-32],[12,0],[0,-32],[-12,0],[0,-65],[-38,0],[0,32],[-12,0],[0,65]],[[3350,3032],[12,0]],[[3812,3032],[13,0]],[[3825,3032],[0,-97]],[[3825,2935],[-13,0]],[[3812,2935],[0,97]],[[2875,2967],[12,0],[0,-32]],[[2887,2935],[-12,0],[0,32]],[[3125,2967],[0,-32]],[[3125,2935],[-13,0],[0,32]],[[3512,2967],[13,0],[0,-32],[-13,0],[0,32]],[[3550,2967],[12,0],[0,-32],[-12,0],[0,32]],[[5337,2967],[12,0],[0,-32]],[[5349,2935],[-12,0],[0,32]],[[5462,2967],[12,0]],[[5474,2967],[0,-32]],[[5474,2935],[-12,0]],[[5462,2935],[0,32]],[[5949,2967],[13,0],[0,-32],[-13,0],[0,32]],[[8662,2967],[12,0],[0,-32],[-12,0],[0,32]],[[8737,2935],[0,32],[25,0],[0,-32],[-25,0]],[[8987,2967],[12,0],[0,-32],[-12,0],[0,32]],[[3287,3032],[25,0],[0,-65],[-12,0],[0,-64],[-13,0],[0,32],[-12,0],[0,65]],[[3850,2967],[12,0],[0,-64],[-12,0],[0,64]],[[6399,2967],[0,-32],[13,0],[0,-32]],[[6412,2903],[-25,0],[0,64],[12,0]],[[3325,2903],[-13,0],[0,32],[13,0],[0,-32]],[[5737,2935],[25,0],[0,-32],[-25,0],[0,32]],[[5912,2935],[25,0],[0,-32],[-25,0],[0,32]],[[8487,2935],[12,0],[0,-32],[-12,0],[0,32]],[[8737,2935],[0,-32],[-13,0],[0,32],[13,0]],[[6112,2935],[0,-64],[-13,0],[0,64],[13,0]],[[8924,2935],[13,0],[0,-32],[12,0],[0,-32],[-25,0]],[[8924,2871],[0,64]],[[3325,2903],[12,0],[0,-32],[-12,0]],[[3325,2871],[0,32]],[[6124,2903],[13,0]],[[6137,2903],[0,-32],[-13,0],[0,32]],[[6274,2903],[0,-32],[-12,0]],[[6262,2871],[0,32],[12,0]],[[3137,2903],[38,0],[0,-65]],[[3175,2838],[-25,0]],[[3150,2838],[0,33]],[[3150,2871],[-13,0]],[[3137,2871],[0,32]],[[3662,2903],[13,0],[0,-32],[12,0],[0,-33],[-25,0],[0,65]],[[8587,2838],[-25,0],[0,33],[-13,0],[0,32],[13,0]],[[8562,2903],[0,64],[25,0],[0,-129]],[[8649,2903],[13,0],[0,-65],[-13,0],[0,65]],[[3325,2871],[0,-33]],[[3325,2838],[-25,0]],[[3300,2838],[0,33],[25,0]],[[6037,2838],[-13,0],[0,33],[13,0],[0,-33]],[[6237,2871],[0,-33]],[[6237,2838],[-13,0]],[[6224,2838],[0,33],[13,0]],[[6237,2871],[25,0]],[[6262,2871],[0,-33]],[[6262,2838],[-25,0]],[[6324,2871],[13,0],[0,-33],[-13,0],[0,33]],[[9687,2838],[-13,0]],[[9674,2838],[0,33],[13,0],[0,-33]],[[3875,2935],[12,0],[0,-129],[-12,0],[0,129]],[[3150,2871],[0,-65]],[[3150,2806],[-13,0]],[[3137,2806],[0,65]],[[5799,4225],[25,0],[0,-32]],[[5824,4193],[13,0]],[[5774,4032],[0,-97]],[[5762,3935],[0,-97]],[[5762,3838],[-13,0]],[[5749,3709],[38,0]],[[5787,3709],[0,-64]],[[5787,3645],[25,0]],[[5824,3645],[13,0],[0,97],[12,0],[0,32],[38,0],[0,-32],[12,0],[0,-33],[13,0],[0,-64],[-25,0],[0,-32],[12,0],[0,-33],[-12,0],[0,-32],[12,0],[0,-64],[-12,0],[0,-33]],[[5887,3451],[-13,0],[0,-96],[-12,0]],[[5862,3355],[0,64]],[[5862,3419],[-38,0]],[[5824,3419],[0,-32],[-12,0],[0,-32],[12,0],[0,-33],[13,0],[0,-32],[-13,0],[0,-32],[25,0],[0,-33],[-50,0]],[[5799,3225],[0,-96],[13,0],[0,-33],[12,0],[0,-32],[13,0],[0,-64],[-88,0],[0,-33],[-37,0],[0,-32],[-13,0],[0,-32],[-12,0],[0,-32],[12,0],[0,-33],[-12,0],[0,-32],[-38,0],[0,32],[-12,0],[0,33],[12,0],[0,64],[13,0],[0,32],[-13,0],[0,65],[-12,0],[0,32],[-13,0],[0,65],[13,0],[0,32],[-13,0],[0,32],[-12,0],[0,32],[-13,0],[0,-32],[-25,0],[0,-129],[25,0],[0,-97],[13,0],[0,-32],[-13,0],[0,-64],[-37,0],[0,32],[-13,0],[0,32],[-25,0],[0,-32],[-37,0],[0,32]],[[5487,2935],[-13,0]],[[5474,2967],[-37,0]],[[5437,2967],[0,65]],[[5437,3032],[25,0]],[[5462,3064],[12,0]],[[5474,3064],[0,32],[13,0]],[[5487,3096],[0,33]],[[5449,3193],[0,32]],[[5449,3225],[-37,0],[0,65]],[[5412,3290],[12,0]],[[5424,3355],[-37,0]],[[5387,3355],[0,129],[12,0],[0,32]],[[5437,3613],[-13,0]],[[5424,3677],[13,0]],[[5437,3677],[0,-32]],[[5449,3645],[0,32]],[[5462,3709],[-25,0]],[[5437,3709],[0,65]],[[5399,3774],[0,-65]],[[5337,3709],[0,33]],[[5287,3838],[-38,0],[0,65]],[[5237,3903],[0,32]],[[5249,4000],[0,64]],[[5262,4064],[0,161]],[[5337,4258],[0,64]],[[5337,4322],[37,0],[0,-32],[38,0],[0,-32],[12,0],[0,32],[13,0],[0,32],[37,0],[0,-32],[38,0]],[[5512,4290],[0,-32]],[[5512,4193],[0,32]],[[5512,4225],[62,0]],[[5574,4225],[0,-32]],[[5587,4258],[-25,0]],[[5562,4258],[0,32],[50,0],[0,64],[12,0],[0,33],[13,0],[0,32],[25,0],[0,-65],[-13,0],[0,-32],[38,0],[0,32],[12,0],[0,-32],[13,0],[0,-32],[-13,0],[0,-32],[38,0],[0,-33],[25,0],[0,33],[12,0],[0,-33],[13,0]],[[9049,2806],[-12,0]],[[9037,2806],[0,65],[12,0],[0,-65]],[[12,2806],[-12,0]],[[0,2806],[0,32],[12,0],[0,-32]],[[2950,2838],[0,-32]],[[2950,2806],[-13,0],[0,32],[13,0]],[[3275,2806],[-25,0],[0,32],[25,0],[0,-32]],[[3312,2838],[13,0]],[[3325,2838],[0,-32]],[[3325,2806],[-13,0]],[[3312,2806],[0,32]],[[3325,2838],[12,0],[0,-32]],[[3337,2806],[-12,0]],[[3375,2838],[12,0],[0,-32]],[[3387,2806],[-12,0]],[[3375,2806],[0,32]],[[5574,2838],[13,0],[0,-32],[-13,0],[0,32]],[[6037,2838],[25,0]],[[6062,2838],[0,-32],[-25,0]],[[6037,2806],[0,32]],[[6124,2838],[0,-32],[-12,0]],[[6112,2806],[0,32],[12,0]],[[6287,2838],[12,0],[0,-32],[-12,0],[0,32]],[[8874,2838],[13,0],[0,-32],[-13,0],[0,32]],[[9962,2838],[0,-32],[-13,0]],[[9949,2806],[0,32],[13,0]],[[3175,2838],[12,0],[0,33],[13,0],[0,-97],[-13,0],[0,32],[-12,0],[0,32]],[[8874,2838],[0,-64],[-12,0]],[[8862,2774],[0,64],[12,0]],[[12,2806],[0,-32],[-12,0],[0,32]],[[3325,2806],[0,-32]],[[3325,2774],[-13,0]],[[3312,2774],[0,32]],[[3337,2806],[13,0],[0,-32]],[[3350,2774],[-13,0],[0,32]],[[3837,2838],[13,0],[0,-64],[-25,0],[0,32],[12,0],[0,32]],[[6037,2806],[0,-32],[-25,0],[0,32],[25,0]],[[6112,2806],[0,-32],[-13,0]],[[6099,2774],[0,32],[13,0]],[[6224,2774],[-12,0]],[[6212,2774],[0,32],[12,0],[0,-32]],[[6387,2774],[0,32],[12,0],[0,-32],[-12,0]],[[9962,2838],[25,0],[0,33],[12,0],[0,-97],[-50,0],[0,32]],[[3800,2871],[0,-33]],[[3800,2838],[12,0],[0,-32],[-12,0],[0,-64],[-13,0]],[[3787,2742],[0,129],[13,0]],[[6062,2838],[12,0],[0,-32],[13,0],[0,-32]],[[6087,2774],[-13,0],[0,-32],[-75,0]],[[5999,2742],[0,96],[13,0],[0,65],[50,0],[0,32],[25,0],[0,-32],[-13,0],[0,-32],[-12,0],[0,-33]],[[3350,2774],[0,-32]],[[3350,2742],[-25,0]],[[3325,2742],[0,64]],[[3375,2806],[50,0]],[[3425,2806],[0,-32]],[[3425,2774],[-13,0],[0,-32]],[[3412,2742],[-25,0]],[[3387,2742],[0,32],[-12,0]],[[3375,2774],[0,32]],[[3587,2871],[0,-33]],[[3587,2838],[13,0],[0,-64]],[[3600,2774],[-13,0],[0,-32]],[[3587,2742],[-62,0]],[[3525,2742],[0,64],[25,0],[0,32],[12,0],[0,65],[13,0],[0,-32],[12,0]],[[25,2774],[12,0],[0,-32],[-12,0],[0,32]],[[3325,2774],[0,-32]],[[3325,2742],[-13,0]],[[3312,2742],[0,32]],[[3425,2774],[0,-32]],[[3425,2742],[-13,0]],[[3475,2774],[0,-32]],[[3475,2742],[-13,0],[0,32],[13,0]],[[3600,2774],[0,-32]],[[3600,2742],[-13,0]],[[3600,2774],[12,0],[0,-32]],[[3612,2742],[-12,0]],[[6374,2774],[13,0]],[[6387,2774],[0,-32],[-13,0],[0,32]],[[8574,2774],[13,0],[0,-32],[-13,0],[0,32]],[[8712,2742],[-13,0],[0,32],[13,0],[0,-32]],[[9649,3032],[13,0],[0,-97],[12,0],[0,-97]],[[9687,2838],[0,-129],[-25,0],[0,97],[-25,0],[0,65],[-13,0],[0,32],[-12,0],[0,64],[25,0]],[[9637,2967],[0,-32],[12,0],[0,97]],[[9012,2774],[-13,0],[0,-32],[-37,0],[0,-33],[-13,0],[0,65],[13,0],[0,64],[12,0],[0,33],[13,0],[0,-33],[12,0],[0,-32],[13,0],[0,-32]],[[3337,2742],[25,0]],[[3362,2742],[0,-33]],[[3362,2709],[-25,0]],[[3337,2709],[0,33]],[[3400,2742],[12,0]],[[3412,2742],[0,-33],[-12,0],[0,33]],[[3612,2742],[25,0],[0,-33],[-25,0]],[[3612,2709],[0,33]],[[3787,2742],[0,-33]],[[3787,2709],[-12,0]],[[3775,2709],[0,33],[12,0]],[[3912,2742],[0,-33]],[[3912,2709],[-12,0],[0,33],[12,0]],[[3912,2742],[13,0],[0,-33],[-13,0]],[[5849,2709],[0,33],[13,0],[0,-33],[-13,0]],[[8387,2742],[25,0],[0,-33]],[[8412,2709],[-25,0],[0,33]],[[8712,2742],[12,0],[0,-33]],[[8724,2709],[-12,0],[0,33]],[[8849,2742],[13,0],[0,-33],[-13,0],[0,33]],[[5849,2709],[0,-32],[-25,0],[0,129],[25,0],[0,-32],[-12,0],[0,-65],[12,0]],[[9962,2677],[-50,0],[0,65],[12,0],[0,32],[38,0],[0,-97]],[[9962,2677],[0,65],[12,0],[0,32],[13,0],[0,-97],[-25,0]],[[3337,2709],[0,-32],[-25,0],[0,32],[25,0]],[[3350,2709],[12,0]],[[3362,2709],[0,-32]],[[3362,2677],[-12,0]],[[3350,2677],[0,32]],[[3362,2709],[25,0],[0,-32]],[[3387,2677],[-25,0]],[[3775,2709],[0,-32],[-13,0],[0,32],[13,0]],[[5912,2709],[12,0],[0,-32],[-12,0],[0,32]],[[5987,2677],[-13,0]],[[5974,2677],[0,32],[13,0],[0,-32]],[[8612,2709],[12,0],[0,-32],[-12,0],[0,32]],[[9074,2677],[-12,0]],[[9062,2677],[0,32],[12,0],[0,-32]],[[8449,2806],[13,0],[0,-32],[12,0],[0,-32],[13,0],[0,-33],[12,0],[0,-64],[-25,0],[0,32],[-25,0],[0,32],[-25,0],[0,97],[-12,0],[0,-32],[-13,0]],[[8399,2774],[0,64],[25,0],[0,33],[25,0],[0,-65]],[[9049,2806],[13,0],[0,-129]],[[9074,2677],[0,-32],[-25,0]],[[9049,2645],[0,64],[-12,0]],[[9037,2709],[0,65]],[[9037,2774],[12,0],[0,32]],[[3787,2709],[13,0]],[[3800,2709],[0,-64]],[[3800,2645],[-13,0]],[[3787,2645],[0,64]],[[8537,2709],[50,0],[0,-32],[-13,0],[0,-32],[-12,0],[0,32],[-25,0],[0,32]],[[9049,2645],[-12,0]],[[9037,2645],[0,64]],[[162,2677],[13,0],[0,-32],[-13,0],[0,32]],[[3125,2677],[12,0],[0,-32],[-12,0],[0,32]],[[3387,2677],[13,0],[0,-32],[-13,0],[0,32]],[[3587,2677],[13,0]],[[3600,2677],[0,-32]],[[3600,2645],[-13,0]],[[3587,2645],[0,32]],[[3587,2903],[13,0],[0,-32],[37,0],[0,-65],[25,0],[0,-97],[25,0]],[[3687,2709],[0,-32]],[[3687,2677],[-50,0],[0,-32],[-37,0]],[[3600,2677],[12,0]],[[3612,2677],[0,32]],[[3587,2838],[0,65]],[[5449,2677],[13,0],[0,-32],[-13,0],[0,32]],[[5987,2677],[12,0],[0,-32],[-12,0],[0,32]],[[9699,2677],[0,-32]],[[9699,2645],[-12,0]],[[9687,2645],[0,32],[12,0]],[[9699,2677],[13,0],[0,-32]],[[9712,2645],[-13,0]],[[5974,2677],[0,-64],[-12,0],[0,64],[12,0]],[[3212,2645],[13,0],[0,-32],[-13,0]],[[3212,2613],[0,32]],[[3600,2645],[0,-32]],[[3600,2613],[-13,0]],[[3587,2613],[0,32]],[[3687,2645],[13,0],[0,-32],[-13,0],[0,32]],[[5712,2645],[50,0],[0,-32],[-50,0],[0,32]],[[9699,2645],[0,-32],[-12,0]],[[9687,2613],[0,32]],[[9962,2677],[0,-64],[-25,0],[0,32],[12,0],[0,32],[13,0]],[[8724,2709],[13,0],[0,-32],[25,0],[0,65],[12,0],[0,-65],[13,0],[0,-97],[-13,0],[0,65],[-12,0],[0,-32],[-13,0],[0,32],[-25,0],[0,64]],[[8387,2645],[0,-32],[25,0],[0,-33],[-50,0]],[[8362,2580],[0,65],[25,0]],[[3037,2613],[13,0]],[[3050,2613],[0,-33],[-13,0],[0,33]],[[3112,2580],[-12,0],[0,33],[12,0],[0,-33]],[[3887,2580],[-25,0],[0,33],[25,0],[0,-33]],[[5774,2613],[13,0],[0,-33],[-13,0],[0,33]],[[5824,2613],[13,0],[0,-33],[-13,0],[0,33]],[[5924,2580],[0,33],[13,0],[0,-33],[-13,0]],[[8799,2613],[13,0],[0,-33],[-13,0],[0,33]],[[9099,2580],[0,33],[13,0],[0,-33],[-13,0]],[[9712,2645],[0,-65]],[[9712,2580],[-25,0],[0,33]],[[6212,2742],[12,0],[0,-65],[13,0],[0,-64],[12,0],[0,-65],[-12,0],[0,32],[-13,0]],[[6224,2580],[0,65],[-12,0],[0,97]],[[3687,2742],[25,0]],[[3712,2742],[0,-97]],[[3712,2645],[13,0],[0,-65],[-13,0],[0,-32]],[[3712,2548],[-12,0]],[[3700,2548],[0,32]],[[3700,2580],[-38,0]],[[3662,2580],[0,33]],[[3662,2613],[-62,0]],[[3687,2677],[0,65]],[[3250,2548],[0,32],[12,0],[0,-32],[-12,0]],[[3662,2580],[25,0]],[[3687,2580],[0,-32]],[[3687,2548],[-25,0]],[[3662,2548],[0,32]],[[3687,2580],[13,0]],[[3700,2548],[-13,0]],[[3887,2580],[13,0]],[[3900,2580],[0,-32],[-13,0]],[[3887,2548],[0,32]],[[5924,2580],[0,-32],[-12,0],[0,32],[12,0]],[[8299,2580],[0,-32]],[[8299,2548],[-12,0],[0,32],[12,0]],[[9137,2580],[12,0],[0,-32]],[[9149,2548],[-12,0],[0,32]],[[9712,2580],[12,0],[0,-32],[-12,0],[0,32]],[[3800,2645],[0,-129]],[[3800,2516],[-13,0],[0,129]],[[8887,2645],[25,0],[0,-129],[-13,0],[0,64],[-12,0],[0,65]],[[3112,2580],[25,0],[0,-64],[-12,0],[0,32],[-13,0],[0,32]],[[6587,2580],[12,0],[0,-64],[-12,0],[0,64]],[[8924,2548],[13,0],[0,-32],[-13,0],[0,32]],[[8962,2516],[-13,0],[0,32],[13,0],[0,-32]],[[8824,2645],[38,0],[0,-32],[12,0],[0,-33],[-12,0],[0,-96],[-38,0],[0,161]],[[3475,2806],[12,0],[0,-32],[13,0],[0,-32],[12,0],[0,-33],[-12,0],[0,-96],[-13,0],[0,-97],[-12,0],[0,-32],[-25,0],[0,32],[-13,0],[0,-32],[-12,0]],[[3425,2484],[0,32],[-13,0]],[[3412,2516],[0,64],[13,0],[0,-32],[25,0],[0,32],[12,0],[0,65],[13,0]],[[3475,2645],[0,161]],[[3250,2548],[0,-64],[-13,0],[0,64],[13,0]],[[3312,2613],[38,0],[0,-97],[-13,0]],[[3337,2516],[0,-32]],[[3337,2484],[-37,0],[0,64],[12,0]],[[3312,2548],[0,65]],[[3687,2548],[0,-64],[-12,0]],[[3675,2484],[0,32],[-13,0],[0,32]],[[3875,2516],[0,-32]],[[3875,2484],[-38,0]],[[3837,2484],[0,64],[25,0],[0,-32],[13,0]],[[3875,2548],[12,0]],[[3887,2548],[0,-64],[-12,0]],[[3875,2484],[0,64]],[[5674,2484],[-12,0],[0,64],[12,0],[0,-64]],[[8724,2548],[13,0],[0,-64],[-13,0],[0,64]],[[3212,2516],[13,0],[0,-32],[-13,0]],[[3212,2484],[0,32]],[[3412,2516],[0,-32]],[[3412,2484],[-12,0],[0,32],[12,0]],[[3425,2484],[-13,0]],[[3512,2484],[-12,0],[0,32],[12,0],[0,-32]],[[3700,2516],[12,0],[0,-32],[-12,0],[0,32]],[[5987,2484],[-13,0]],[[5974,2484],[0,32],[13,0],[0,-32]],[[8962,2516],[25,0],[0,-32],[-25,0],[0,32]],[[8999,2516],[13,0],[0,-32],[-13,0],[0,32]],[[9124,2580],[13,0]],[[9149,2548],[0,-97]],[[9149,2451],[-12,0],[0,33],[-13,0],[0,96]],[[3625,2548],[37,0]],[[3675,2484],[-13,0],[0,-33]],[[3662,2451],[-12,0]],[[3650,2451],[0,65],[-25,0],[0,32]],[[137,2516],[0,-65]],[[137,2451],[-12,0],[0,65],[12,0]],[[137,2516],[13,0],[0,-65],[-13,0]],[[6524,2516],[38,0],[0,-65],[-38,0],[0,65]],[[3675,2484],[0,-33]],[[3675,2451],[-13,0]],[[8199,2451],[-12,0],[0,33],[12,0],[0,-33]],[[8749,2484],[13,0],[0,-33],[-13,0],[0,33]],[[9162,2451],[-13,0]],[[9149,2451],[0,33],[13,0],[0,-33]],[[9662,2451],[-25,0]],[[9637,2451],[0,97],[12,0],[0,-32],[13,0],[0,-32],[12,0],[0,-65],[-12,0],[0,32]],[[3350,2484],[37,0],[0,-65],[-37,0],[0,65]],[[3425,2484],[0,-65],[-13,0],[0,65]],[[5674,2484],[25,0],[0,64],[13,0],[0,-32],[12,0],[0,-65],[-12,0],[0,-32],[-25,0],[0,32],[-13,0],[0,33]],[[8274,2419],[-25,0],[0,65],[13,0],[0,-33],[12,0],[0,-32]],[[3337,2451],[0,-32]],[[3337,2419],[-12,0]],[[3325,2419],[0,32],[12,0]],[[3687,2451],[13,0]],[[3700,2451],[0,-32]],[[3700,2419],[-13,0]],[[3687,2419],[0,32]],[[3825,2451],[0,-32]],[[3825,2419],[-13,0]],[[3812,2419],[0,32],[13,0]],[[8162,2451],[0,-32],[-13,0]],[[8149,2419],[0,32],[13,0]],[[9162,2451],[0,-32],[-13,0],[0,32]],[[5324,2903],[25,0],[0,-194],[13,0],[0,-96],[12,0],[0,-33],[13,0],[0,-32],[12,0],[0,-32],[13,0],[0,-97],[12,0],[0,-32],[-25,0]],[[5399,2387],[0,97]],[[5399,2484],[-37,0],[0,64],[-13,0],[0,65],[-12,0],[0,32],[-13,0],[0,258]],[[9637,2451],[0,-32],[12,0],[0,-32],[-50,0],[0,32],[-12,0],[0,32],[-13,0],[0,33],[-12,0],[0,32],[-13,0],[0,64],[25,0],[0,-32],[13,0],[0,-32],[12,0],[0,-32],[25,0],[0,-33],[13,0]],[[5399,2387],[-12,0],[0,32],[-13,0],[0,65],[25,0]],[[3287,2580],[25,0]],[[3312,2580],[0,-32]],[[3337,2484],[0,-33]],[[3325,2419],[-13,0]],[[3312,2419],[0,-32]],[[3312,2387],[-12,0]],[[3300,2387],[0,32]],[[3300,2419],[-38,0]],[[3262,2419],[0,32],[13,0],[0,97],[12,0]],[[3287,2548],[0,32]],[[3650,2451],[0,-64],[-13,0],[0,32],[-12,0],[0,32],[25,0]],[[3762,2451],[0,-64]],[[3762,2387],[-12,0],[0,64],[12,0]],[[3275,2419],[25,0]],[[3300,2387],[-25,0],[0,32]],[[3862,2419],[0,-32],[-12,0]],[[3850,2387],[0,32],[12,0]],[[6187,2419],[12,0],[0,-32],[-12,0],[0,32]],[[6337,2419],[12,0]],[[6349,2419],[0,-32],[-12,0],[0,32]],[[8274,2419],[25,0],[0,-32],[-25,0]],[[8274,2387],[0,32]],[[9662,2451],[0,-96],[-13,0],[0,96],[13,0]],[[3250,2419],[25,0]],[[3300,2387],[0,-32]],[[3300,2355],[-50,0]],[[3250,2355],[0,64]],[[9187,2419],[12,0],[0,-64]],[[9199,2355],[-12,0]],[[9187,2355],[0,64]],[[3850,2387],[0,-32],[-13,0]],[[3837,2355],[0,32],[13,0]],[[8274,2387],[0,-32],[-12,0],[0,32],[12,0]],[[8737,2387],[25,0],[0,-32],[-25,0],[0,32]],[[8212,2451],[12,0],[0,-64],[13,0],[0,-32],[-38,0],[0,-33],[-12,0],[0,33],[-38,0]],[[8149,2355],[0,64]],[[8162,2451],[37,0]],[[8199,2451],[0,97],[13,0],[0,-97]],[[3312,2387],[0,-65]],[[3312,2322],[-25,0]],[[3287,2322],[0,33]],[[3287,2355],[13,0]],[[3562,2355],[25,0],[0,-33],[-25,0],[0,33]],[[3837,2355],[0,-33],[-12,0]],[[3825,2322],[0,33],[12,0]],[[8299,2580],[25,0]],[[8324,2580],[0,-32],[13,0],[0,-32],[12,0],[0,-32],[13,0],[0,-33],[-13,0],[0,-32],[-12,0],[0,-97],[-38,0],[0,33],[25,0],[0,32],[-12,0],[0,64],[-13,0],[0,65],[-25,0],[0,32]],[[8274,2548],[25,0]],[[9199,2355],[0,-33],[-12,0]],[[9187,2322],[0,33]],[[3037,2419],[13,0],[0,-129],[-13,0]],[[3037,2290],[0,129]],[[3037,2290],[-12,0],[0,65],[12,0],[0,-65]],[[3475,2290],[-13,0],[0,65],[13,0],[0,-65]],[[3825,2484],[50,0]],[[3875,2484],[0,-33],[-13,0],[0,-32]],[[3825,2322],[-63,0]],[[3762,2322],[0,-32]],[[3762,2290],[-12,0],[0,65]],[[3750,2355],[12,0]],[[3762,2355],[0,64]],[[3762,2419],[63,0]],[[3825,2419],[0,65]],[[8712,2355],[12,0],[0,-65],[-12,0],[0,65]],[[3112,2290],[-25,0],[0,32],[25,0],[0,-32]],[[3662,2322],[13,0],[0,-32]],[[3675,2290],[-13,0]],[[3662,2290],[0,32]],[[3737,2322],[0,-32]],[[3737,2290],[-12,0]],[[3725,2290],[0,32],[12,0]],[[3762,2322],[13,0],[0,-32],[-13,0]],[[5862,2322],[12,0],[0,-32],[-12,0],[0,32]],[[5999,2322],[0,-32]],[[5999,2290],[-12,0],[0,32],[12,0]],[[8987,2387],[25,0],[0,-32],[12,0],[0,-97],[-12,0],[0,32],[-13,0],[0,65],[-12,0],[0,32]],[[3862,3193],[13,0],[0,-32],[25,0],[0,-32],[12,0],[0,-33],[13,0],[0,33],[12,0],[0,32],[13,0],[0,32],[12,0]],[[3962,3193],[0,-97],[-12,0],[0,-32],[-13,0],[0,-32],[-12,0],[0,-258],[-13,0],[0,-32]],[[3912,2709],[0,-32],[-12,0],[0,-97]],[[3875,2548],[0,-32]],[[3837,2484],[-12,0]],[[3825,2484],[0,-33]],[[3812,2419],[-50,0]],[[3762,2419],[0,32]],[[3762,2387],[0,-32]],[[3750,2355],[0,-97],[-13,0]],[[3737,2258],[0,64]],[[3725,2290],[-13,0],[0,65],[-12,0],[0,-33],[-13,0]],[[3687,2322],[0,-32]],[[3687,2290],[-12,0]],[[3662,2322],[0,33],[13,0],[0,64]],[[3675,2419],[25,0]],[[3700,2451],[-25,0]],[[3687,2548],[25,0]],[[3712,2645],[0,32]],[[3712,2677],[25,0],[0,-32],[13,0],[0,-32],[25,0],[0,32],[12,0]],[[3800,2516],[0,193]],[[3800,2838],[0,65]],[[3800,2903],[12,0]],[[3812,2903],[0,32]],[[3825,2935],[0,129]],[[3850,3032],[0,32]],[[3850,3096],[0,33]],[[3862,3129],[0,64]],[[3275,2355],[12,0]],[[3287,2322],[13,0]],[[3300,2322],[0,-32],[12,0],[0,-32]],[[3312,2258],[-37,0]],[[3275,2258],[0,32]],[[3275,2290],[-13,0],[0,32]],[[3262,2322],[13,0]],[[3275,2322],[0,33]],[[3725,2290],[0,-32]],[[3725,2258],[-38,0]],[[3687,2258],[0,64]],[[6199,2322],[13,0]],[[6212,2322],[0,-64],[-13,0],[0,64]],[[3475,2290],[12,0]],[[3487,2290],[0,-32]],[[3487,2258],[-12,0],[0,32]],[[3662,2290],[25,0]],[[3687,2290],[0,-32]],[[3687,2258],[-25,0]],[[3662,2258],[0,32]],[[3737,2290],[0,-32]],[[3737,2258],[-12,0]],[[9137,2290],[12,0],[0,-32],[-12,0],[0,32]],[[3250,2258],[12,0],[0,-32],[-12,0],[0,32]],[[3687,2258],[13,0],[0,-32],[-13,0]],[[3687,2226],[0,32]],[[5637,2226],[0,32],[12,0],[0,-32],[-12,0]],[[5662,2258],[12,0],[0,-32],[-12,0],[0,32]],[[9262,2226],[-13,0]],[[9249,2226],[0,32],[13,0],[0,-32]],[[3562,2548],[63,0]],[[3650,2451],[37,0]],[[3687,2419],[-12,0]],[[3662,2322],[-12,0],[0,-64],[-25,0],[0,64],[12,0],[0,33],[-25,0],[0,32],[-62,0],[0,32],[-13,0],[0,-32],[-25,0],[0,-32],[-12,0],[0,-65]],[[3500,2290],[-25,0]],[[3487,2258],[0,-65]],[[3487,2193],[-12,0],[0,33],[-38,0],[0,64],[-25,0],[0,32],[13,0],[0,33],[12,0],[0,96],[13,0],[0,-64],[50,0],[0,32],[-13,0],[0,32],[25,0],[0,33]],[[3512,2484],[25,0],[0,-33],[13,0],[0,65],[12,0],[0,32]],[[3275,2258],[25,0]],[[3300,2258],[0,-65]],[[3300,2193],[-13,0],[0,33],[-12,0]],[[3275,2226],[0,32]],[[3537,2193],[-12,0]],[[3525,2193],[0,65],[12,0],[0,-65]],[[3562,2193],[0,33],[-12,0],[0,32],[25,0],[0,-65],[-13,0]],[[3650,2226],[25,0]],[[3675,2226],[0,-33]],[[3675,2193],[-25,0],[0,33]],[[3675,2226],[12,0]],[[3687,2226],[0,-33],[-12,0]],[[5962,2193],[-13,0]],[[5949,2193],[0,33],[13,0],[0,-33]],[[6399,3064],[0,-97]],[[6412,2903],[0,-65],[-25,0],[0,-64]],[[6374,2774],[0,-161],[-12,0],[0,-97],[-13,0],[0,-97]],[[6337,2419],[0,-129],[-13,0],[0,-64],[-12,0],[0,-33],[-25,0]],[[6287,2193],[0,33],[12,0],[0,32],[13,0],[0,32],[-13,0],[0,65],[13,0],[0,32],[-13,0],[0,32],[13,0],[0,97],[12,0],[0,64],[-12,0],[0,33],[12,0],[0,64],[13,0],[0,32],[12,0],[0,129],[13,0],[0,97],[-25,0],[0,32]],[[6337,2967],[-25,0],[0,33],[12,0],[0,32]],[[6337,3064],[12,0],[0,65],[38,0],[0,-65]],[[3075,2258],[-25,0],[0,-97],[-13,0]],[[3037,2161],[0,129]],[[3037,2419],[0,32],[13,0],[0,33],[-13,0],[0,64],[13,0],[0,-32]],[[3050,2516],[25,0],[0,32],[-13,0],[0,65],[25,0],[0,-226],[-12,0],[0,-65],[-13,0],[0,-32],[13,0],[0,-32]],[[3300,2258],[37,0]],[[3337,2258],[0,-32],[25,0],[0,-33]],[[3362,2193],[-12,0],[0,-32],[-13,0],[0,32],[-12,0],[0,33],[-25,0]],[[3300,2226],[0,32]],[[5849,2226],[13,0],[0,-65],[-13,0],[0,65]],[[9137,2226],[12,0],[0,-65],[-12,0],[0,65]],[[3362,2193],[13,0],[0,-32],[-13,0],[0,32]],[[3537,2193],[0,-32],[-12,0],[0,32]],[[8462,2193],[25,0],[0,-32],[-25,0],[0,32]],[[8637,2193],[12,0],[0,-32],[-12,0],[0,32]],[[6287,2193],[12,0],[0,-32],[-37,0],[0,-32],[-13,0],[0,32],[-25,0],[0,32],[-12,0],[0,129]],[[6199,2322],[0,162],[13,0],[0,64],[12,0],[0,32]],[[6212,2742],[0,32]],[[6224,2774],[0,64]],[[6224,2838],[38,0]],[[6274,2903],[13,0],[0,32],[12,0],[0,32],[38,0]],[[3562,3516],[25,0],[0,-65],[13,0],[0,-64],[12,0],[0,-65],[-12,0]],[[3600,3322],[0,-97]],[[3587,3193],[-12,0]],[[3575,3193],[0,32],[-13,0],[0,-96],[13,0],[0,-33],[-13,0],[0,-32]],[[3562,3064],[-37,0]],[[3500,3064],[0,-64]],[[3500,3000],[-13,0]],[[3475,3000],[-25,0]],[[3450,3000],[0,-33],[-25,0],[0,-64],[-13,0],[0,-97]],[[3412,2806],[-12,0]],[[3400,2806],[0,65],[-38,0],[0,-97],[-12,0]],[[3300,2838],[12,0]],[[3312,2838],[0,-64]],[[3312,2774],[-25,0],[0,32],[-12,0]],[[3275,2806],[0,-32],[-25,0],[0,-32],[12,0],[0,-33],[13,0],[0,-32],[12,0]],[[3287,2677],[0,-129]],[[3262,2419],[-12,0]],[[3250,2355],[25,0]],[[3275,2322],[-38,0]],[[3237,2322],[0,-32],[-12,0],[0,-32],[12,0],[0,-65],[-37,0],[0,-64],[-13,0],[0,32],[-12,0],[0,97],[12,0],[0,64],[13,0],[0,97],[12,0]],[[3212,2419],[0,65]],[[3212,2516],[0,97]],[[3212,2645],[0,64]],[[3212,2709],[-12,0],[0,33],[-25,0],[0,32],[-13,0],[0,32]],[[3162,2806],[-12,0]],[[3150,2806],[0,32]],[[3137,2903],[0,-97]],[[3137,2806],[-25,0]],[[3112,2806],[0,65],[-12,0],[0,32],[-13,0]],[[3087,2903],[0,97]],[[3125,2935],[0,129]],[[3125,3064],[12,0]],[[3212,3000],[63,0]],[[3287,3225],[0,65]],[[3337,3032],[13,0]],[[3400,3064],[-25,0]],[[5599,2129],[-12,0],[0,32],[12,0],[0,-32]],[[5912,2161],[12,0],[0,-32]],[[5924,2129],[-12,0],[0,32]],[[3600,2258],[12,0],[0,-65],[13,0],[0,-32],[-25,0],[0,-64],[-13,0],[0,96],[13,0],[0,65]],[[3287,2161],[25,0],[0,-32],[-12,0],[0,-32],[-13,0],[0,64]],[[8487,2129],[12,0],[0,-32],[-12,0],[0,32]],[[8587,2129],[12,0],[0,-32],[-12,0],[0,32]],[[8662,2129],[12,0],[0,-32],[-12,0],[0,32]],[[3112,2290],[25,0],[0,-129],[-12,0],[0,-97]],[[3125,2064],[-13,0]],[[3112,2064],[0,65]],[[3112,2129],[-12,0]],[[3100,2129],[0,32],[-25,0],[0,97]],[[3075,2258],[37,0],[0,32]],[[5637,2226],[0,-65],[-13,0],[0,-32],[-25,0]],[[5599,2129],[0,-65],[-12,0],[0,33],[-13,0],[0,32],[-25,0],[0,64],[13,0],[0,33],[-13,0],[0,32],[13,0],[0,32],[12,0],[0,-64],[25,0],[0,32],[25,0],[0,-32],[13,0]],[[3087,2129],[25,0]],[[3112,2064],[-12,0]],[[3100,2064],[0,33],[-13,0],[0,32]],[[5849,2129],[13,0],[0,-65],[-13,0],[0,65]],[[9262,2226],[0,-194]],[[9262,2032],[-25,0]],[[9237,2032],[0,65],[-13,0],[0,32],[13,0],[0,32],[12,0],[0,65]],[[8162,2097],[0,-65],[-13,0],[0,65],[13,0]],[[9274,2032],[-12,0]],[[9262,2032],[0,65],[12,0],[0,-65]],[[3512,2064],[0,-32]],[[3512,2032],[-12,0]],[[3500,2032],[0,32],[12,0]],[[3100,2064],[0,-64]],[[3100,2000],[-13,0]],[[3087,2000],[0,64],[13,0]],[[3025,2000],[-13,0]],[[3012,2000],[0,32],[13,0],[0,-32]],[[3462,2161],[38,0]],[[3500,2161],[0,-32],[12,0]],[[3512,2129],[0,-65]],[[3500,2032],[-25,0]],[[3475,2032],[0,-32]],[[3475,2000],[-25,0],[0,32],[12,0],[0,32],[-12,0],[0,97],[-13,0],[0,32],[25,0],[0,-32]],[[3162,2064],[25,0],[0,-96],[-12,0],[0,64],[-13,0],[0,32]],[[3500,2032],[0,-64],[-25,0]],[[3475,1968],[0,64]],[[3087,2000],[0,-32]],[[3087,1968],[-12,0]],[[3075,1968],[0,32],[12,0]],[[3412,2000],[13,0],[0,-32],[-13,0],[0,32]],[[5424,2000],[13,0],[0,-32]],[[5437,1968],[-13,0],[0,32]],[[5912,2000],[0,-32]],[[5912,1968],[-13,0]],[[5899,1968],[0,32],[13,0]],[[5424,2000],[0,32],[-12,0],[0,97],[-13,0],[0,193]],[[5399,2322],[13,0],[0,33],[12,0],[0,-65],[13,0],[0,-64],[12,0],[0,-162],[38,0],[0,-32],[12,0],[0,-64],[13,0],[0,-33],[-38,0],[0,33],[-37,0]],[[3662,2322],[0,-64]],[[3687,2226],[-37,0]],[[3675,2193],[0,-32],[-13,0],[0,-193],[-12,0],[0,-33],[-13,0],[0,33]],[[3637,1968],[-12,0],[0,32],[-13,0],[0,32],[-12,0],[0,32],[-50,0],[0,97],[12,0],[0,32]],[[3562,2193],[-25,0]],[[3525,2193],[-13,0],[0,-32]],[[3512,2161],[-25,0]],[[3487,2161],[0,129]],[[3487,2290],[13,0]],[[3100,2000],[0,-65]],[[3100,1935],[-13,0]],[[3087,1935],[0,65]],[[9087,2000],[0,-65],[-13,0],[0,65],[13,0]],[[3075,1968],[0,-33],[-13,0],[0,33],[13,0]],[[8362,1968],[12,0],[0,-33],[-12,0],[0,33]],[[9224,1935],[13,0],[0,-64]],[[9237,1871],[-13,0]],[[9224,1871],[0,64]],[[3200,1935],[12,0],[0,-64],[-12,0],[0,-32],[-13,0],[0,64],[13,0],[0,32]],[[3625,1871],[0,-32],[-25,0]],[[3600,1839],[0,32],[-13,0],[0,-32],[-12,0],[0,32],[-13,0],[0,32],[13,0],[0,32],[12,0],[0,-32],[13,0],[0,32],[12,0],[0,-64],[13,0]],[[3500,1871],[12,0],[0,-32],[-12,0],[0,32]],[[3525,1871],[12,0],[0,-32],[-12,0],[0,32]],[[3250,1839],[25,0],[0,-33],[-25,0],[0,33]],[[3337,1871],[13,0],[0,-97],[-13,0],[0,97]],[[8374,1806],[-12,0],[0,-32],[-25,0],[0,65],[37,0],[0,-33]],[[3575,1806],[12,0]],[[3587,1806],[0,-32]],[[3587,1774],[-12,0]],[[3575,1774],[0,32]],[[3587,1806],[13,0]],[[3600,1806],[0,-32]],[[3600,1774],[-13,0]],[[3600,1806],[12,0]],[[3612,1806],[0,-32],[-12,0]],[[8187,1806],[12,0]],[[8199,1806],[0,-32],[-12,0],[0,32]],[[8374,1806],[13,0],[0,-32],[-13,0],[0,32]],[[9137,1806],[12,0],[0,-32],[-12,0],[0,32]],[[3025,1774],[0,-32]],[[3025,1742],[-13,0],[0,32],[13,0]],[[3050,1774],[12,0],[0,-32],[-12,0],[0,32]],[[3012,1871],[13,0]],[[3025,1871],[0,-97]],[[3025,1742],[0,-32]],[[3025,1710],[-25,0]],[[3000,1710],[0,129],[12,0],[0,32]],[[3137,1742],[13,0],[0,-32],[-13,0],[0,32]],[[8224,1742],[13,0]],[[8237,1742],[0,-32]],[[8237,1710],[-13,0]],[[8224,1710],[0,32]],[[3025,1742],[12,0],[0,-65],[-12,0]],[[3025,1677],[0,65]],[[9199,1742],[13,0]],[[9212,1742],[0,-65]],[[9212,1677],[-13,0]],[[9199,1677],[0,65]],[[3000,1710],[12,0]],[[3012,1710],[0,-33]],[[3012,1677],[-12,0]],[[3000,1677],[0,33]],[[8237,1710],[0,-33]],[[8237,1677],[-13,0]],[[8224,1677],[0,33]],[[9049,1710],[-12,0],[0,-33],[-25,0],[0,33],[12,0],[0,32],[25,0],[0,-32]],[[9049,1710],[13,0],[0,-33]],[[9062,1677],[-13,0],[0,33]],[[9274,2000],[0,-97],[-12,0],[0,-97],[-13,0],[0,-129],[-12,0],[0,-32],[-25,0]],[[9212,1645],[0,97]],[[9199,1742],[0,32]],[[9199,1774],[25,0],[0,65],[-25,0],[0,32]],[[9199,1871],[38,0]],[[9224,1935],[0,33]],[[9224,1968],[25,0],[0,32],[25,0]],[[3012,1677],[0,-32]],[[3012,1645],[-12,0]],[[3000,1645],[0,32]],[[5574,1677],[13,0],[0,-32],[-13,0],[0,32]],[[5812,1677],[0,-32],[-13,0]],[[5799,1645],[0,32],[13,0]],[[5887,1968],[25,0]],[[5912,1968],[0,-33],[-13,0],[0,-32],[-25,0],[0,-64],[-12,0],[0,-33],[-13,0],[0,-64],[-12,0],[0,-32],[-25,0],[0,-33]],[[5799,1645],[-12,0],[0,-32],[-13,0],[0,64]],[[5774,1677],[13,0],[0,33],[12,0],[0,32],[13,0],[0,32],[12,0],[0,32],[13,0],[0,33],[-13,0],[0,32],[13,0],[0,32],[25,0],[0,32],[25,0],[0,33]],[[9174,1677],[13,0]],[[9187,1677],[0,-64]],[[9187,1613],[-13,0]],[[9174,1613],[0,64]],[[3550,1645],[0,-32],[-13,0]],[[3537,1613],[0,32],[13,0]],[[8199,1645],[13,0],[0,-32]],[[8212,1613],[-13,0],[0,32]],[[9187,1645],[25,0]],[[9212,1645],[0,-32]],[[9212,1613],[-25,0]],[[9187,1613],[0,32]],[[9212,1645],[12,0],[0,-32],[-12,0]],[[3525,1613],[12,0]],[[3537,1613],[0,-33],[-12,0],[0,33]],[[8749,1580],[0,33],[13,0],[0,-33],[-13,0]],[[8812,1613],[12,0],[0,-33],[-12,0],[0,33]],[[3000,1548],[-13,0]],[[2987,1548],[0,32],[13,0],[0,-32]],[[5724,1580],[13,0],[0,-32],[-13,0]],[[5724,1548],[0,32]],[[8224,1580],[13,0],[0,-32],[-13,0],[0,32]],[[8337,1548],[-25,0]],[[8312,1548],[0,32],[25,0],[0,-32]],[[8412,1580],[0,-32]],[[8412,1548],[-13,0]],[[8399,1548],[0,32],[13,0]],[[9199,1580],[13,0]],[[9212,1580],[0,-32],[-13,0],[0,32]],[[8687,3161],[37,0]],[[8737,3161],[12,0]],[[8812,3000],[0,-33],[-38,0],[0,-32],[13,0],[0,-32],[25,0],[0,-32],[12,0],[0,-33],[13,0],[0,-32],[25,0],[0,-32]],[[8862,2774],[25,0],[0,-32],[12,0],[0,32],[13,0],[0,64],[12,0],[0,33]],[[8924,2935],[0,32]],[[8924,3064],[0,32]],[[8937,3129],[0,64]],[[8974,3225],[0,-64],[13,0],[0,-32]],[[8999,3032],[0,-32],[25,0],[0,-97]],[[9024,2903],[-25,0],[0,-32],[25,0],[0,-97],[-12,0]],[[9012,2774],[0,-32],[12,0],[0,-65],[-12,0],[0,-32],[12,0],[0,-32],[13,0],[0,-33],[-13,0],[0,-32],[13,0],[0,-64],[12,0],[0,-33],[25,0],[0,-96],[-25,0],[0,-65],[13,0],[0,-32],[-13,0],[0,-32],[13,0],[0,-33],[12,0],[0,97],[25,0],[0,-32],[-12,0],[0,-32],[37,0],[0,-65],[-12,0],[0,-64],[-25,0],[0,32],[-13,0],[0,32],[-12,0],[0,-32],[-13,0],[0,32],[-12,0],[0,-97],[12,0],[0,33],[13,0],[0,-33],[12,0],[0,-32],[13,0],[0,-32]],[[9087,2000],[25,0],[0,-32],[-13,0],[0,-97],[-25,0],[0,32],[-37,0],[0,-64],[-13,0],[0,-33],[13,0],[0,-32],[12,0],[0,32],[63,0],[0,-32],[-13,0],[0,-32],[-12,0],[0,32],[-13,0],[0,-97],[-12,0]],[[9062,1677],[0,-64],[-25,0],[0,-65],[-25,0],[0,-32]],[[9012,1516],[-63,0]],[[8949,1516],[0,32],[-62,0],[0,32],[-25,0],[0,97],[-13,0],[0,65],[-12,0],[0,-65],[-13,0],[0,-32],[-12,0],[0,-32]],[[8812,1613],[-13,0],[0,32],[-50,0],[0,32],[-12,0],[0,33],[-50,0],[0,-33]],[[8687,1677],[-25,0],[0,33],[-88,0],[0,-33],[-75,0],[0,-32],[-25,0],[0,-32],[-25,0],[0,-33],[-12,0],[0,-32],[-25,0]],[[8412,1548],[0,65]],[[8412,1613],[-25,0],[0,32],[-13,0],[0,-32],[-37,0],[0,32],[-13,0],[0,32],[-12,0],[0,65],[-13,0],[0,32],[-12,0],[0,32],[-13,0],[0,33],[-25,0],[0,32],[-12,0],[0,32],[-13,0],[0,32],[-12,0],[0,33],[-13,0],[0,32],[-37,0]],[[8162,2000],[0,97]],[[8162,2097],[-25,0],[0,32],[-13,0],[0,64],[25,0],[0,33],[-12,0],[0,64],[12,0],[0,65]],[[8212,2451],[0,65],[25,0],[0,32],[37,0]],[[8324,2580],[13,0],[0,33],[25,0],[0,-33]],[[8387,2645],[-13,0],[0,64],[38,0]],[[8387,2742],[0,64],[12,0],[0,-32]],[[8449,2806],[0,129],[13,0],[0,32],[25,0],[0,33],[12,0],[0,32],[50,0],[0,-32],[13,0],[0,-97]],[[8587,2838],[0,162],[12,0],[0,64],[13,0],[0,65],[-13,0],[0,32],[13,0],[0,64],[12,0],[0,-32],[13,0],[0,32],[37,0]],[[8649,3193],[0,-64],[-25,0]],[[8674,3096],[0,65],[-12,0]],[[3300,1742],[25,0],[0,-97],[25,0],[0,-32],[25,0],[0,-97],[-13,0],[0,32],[-12,0],[0,32],[-13,0],[0,33],[-25,0],[0,32],[-12,0],[0,32],[12,0],[0,33],[-12,0],[0,32]],[[8224,1613],[0,-33]],[[8224,1580],[-25,0]],[[8199,1580],[0,-64]],[[8199,1516],[-12,0],[0,97],[37,0]],[[9212,1613],[0,-33]],[[9199,1580],[0,-64]],[[9199,1516],[-12,0],[0,97]],[[8199,1548],[13,0]],[[8212,1548],[0,-32],[-13,0]],[[8199,1516],[0,32]],[[5999,5677],[0,-32],[13,0],[0,-33],[12,0]],[[6037,5580],[0,-193],[12,0],[0,-33],[13,0],[0,-32],[12,0],[0,-32],[13,0],[0,-32]],[[6087,5193],[0,32],[12,0],[0,-64],[25,0],[0,-65],[13,0],[0,-32],[-13,0]],[[6162,4935],[37,0]],[[6199,4935],[0,-32]],[[6212,4903],[0,-97],[12,0],[0,-32],[50,0]],[[6274,4806],[38,0],[0,32],[12,0],[0,-32],[13,0],[0,32],[12,0]],[[6362,4838],[37,0],[0,32],[38,0],[0,-32]],[[6424,4838],[0,-129]],[[6412,4709],[0,-97],[-13,0],[0,-64],[-12,0],[0,-65],[-13,0],[0,-64],[-12,0],[0,-32],[-13,0],[0,-65],[-12,0],[0,-32],[-13,0],[0,-32],[-12,0],[0,-65],[-25,0],[0,-32],[-13,0],[0,-32],[-25,0],[0,-33],[-12,0],[0,-32],[-13,0],[0,-32],[-12,0]],[[6212,4032],[0,-32],[-13,0],[0,-33],[-12,0],[0,-32],[-13,0],[0,-32],[-12,0],[0,-65],[-25,0]],[[6137,3806],[-13,0],[0,-64],[-12,0],[0,-162],[-13,0]],[[6099,3613],[-62,0]],[[6087,3419],[12,0],[0,-32]],[[6087,3355],[25,0]],[[6112,3355],[0,-65],[12,0],[0,-32],[13,0],[0,-65],[-13,0],[0,-64],[-12,0]],[[6137,3064],[0,-161]],[[6124,2903],[0,-65]],[[6099,2774],[-12,0]],[[5999,2742],[50,0],[0,-33],[-12,0],[0,-32],[-13,0],[0,-32],[-12,0],[0,-32],[-25,0],[0,-33],[-13,0],[0,-96]],[[5987,2484],[0,-65],[12,0],[0,-97]],[[5999,2290],[0,-32],[-12,0],[0,-32],[-13,0],[0,-33],[-12,0]],[[5949,2193],[-12,0],[0,-32],[-25,0]],[[5924,2129],[0,-97],[-12,0],[0,-32]],[[5899,1968],[-12,0]],[[5774,1677],[0,-97],[-50,0]],[[5724,1548],[-25,0],[0,-32],[-25,0],[0,32],[-50,0],[0,-32],[-50,0],[0,-32],[-37,0]],[[5537,1484],[0,32]],[[5537,1516],[-38,0],[0,97],[-12,0],[0,64],[12,0],[0,33],[-12,0],[0,64],[-13,0],[0,65],[-12,0],[0,64],[-13,0],[0,32],[-12,0],[0,33]],[[5399,2322],[0,65]],[[5324,2903],[0,32],[25,0]],[[5337,2967],[0,97],[12,0],[0,32],[13,0],[0,33],[12,0],[0,96],[-12,0],[0,97],[-13,0],[0,65],[13,0],[0,32],[-13,0],[0,97]],[[5337,3516],[0,129]],[[5349,3645],[0,-65]],[[5349,3580],[25,0]],[[5387,3355],[12,0]],[[5399,3290],[13,0]],[[5449,3225],[0,-64]],[[5487,3161],[0,-65]],[[5474,3064],[-25,0]],[[5449,3032],[-12,0]],[[5437,2967],[25,0]],[[5462,2935],[25,0]],[[5824,3419],[25,0]],[[5862,3387],[0,-32]],[[5812,3677],[0,65]],[[5837,4129],[25,0]],[[5849,4161],[0,32]],[[5849,4193],[-25,0]],[[5562,4258],[12,0]],[[5574,4258],[0,-33]],[[5512,4225],[0,65]],[[5337,4322],[0,-32]],[[5299,4290],[0,64]],[[5287,4354],[0,33]],[[5224,4419],[0,-32]],[[5212,4419],[-38,0]],[[5049,4677],[-37,0]],[[5000,4645],[0,-33]],[[4962,4612],[-12,0]],[[4812,4774],[-62,0]],[[4750,4741],[-13,0]],[[4712,4645],[0,-65]],[[4687,4677],[-50,0]],[[4587,4741],[-12,0],[0,33],[-13,0]],[[4562,4774],[0,64]],[[4537,4838],[0,32],[13,0]],[[4525,5000],[0,32],[-13,0],[0,64],[13,0],[0,33],[12,0],[0,32]],[[4550,5193],[62,0]],[[4625,5161],[0,-32]],[[4650,5096],[0,-32]],[[4850,5225],[50,0]],[[5937,5129],[-38,0]],[[5899,5096],[38,0]],[[4862,5032],[0,-32]],[[4875,5000],[0,96]],[[5399,4935],[0,32]],[[5412,4967],[0,-97]],[[5437,4774],[12,0]],[[5487,4709],[0,-32]],[[5487,4677],[12,0]],[[5524,4645],[25,0]],[[5487,4774],[0,96]],[[5487,4870],[87,0]],[[5574,4838],[50,0]],[[5624,4838],[0,65]],[[5624,5096],[-50,0]],[[5574,5064],[-37,0]],[[4625,4741],[25,0]],[[4662,4709],[0,97]],[[5699,4709],[13,0]],[[5737,4709],[-13,0]],[[5887,4419],[0,-65]],[[5962,4354],[12,0]],[[5987,4322],[0,65]],[[5937,4419],[-50,0]],[[5524,4322],[0,-64]],[[5537,4258],[0,64]],[[5887,4000],[0,-129],[-13,0]],[[5874,3871],[0,32]],[[5874,3838],[0,-32]],[[5937,4032],[-25,0]],[[5937,3064],[25,0]],[[5962,3064],[0,-32]],[[5962,3096],[0,65]],[[5962,3161],[25,0]],[[5974,3193],[-12,0]],[[5949,3225],[0,33]],[[5399,3064],[25,0]],[[5412,3096],[0,97]],[[8412,1613],[0,-33]],[[8399,1548],[-62,0]],[[8312,1548],[12,0],[0,-32],[-25,0]],[[8299,1516],[0,-32]],[[8299,1484],[-25,0]],[[8274,1484],[0,32],[-12,0],[0,-32]],[[8262,1484],[-50,0],[0,64]],[[8199,1548],[0,32]],[[8224,1613],[-12,0]],[[8199,1645],[0,32],[13,0],[0,33],[-13,0],[0,96]],[[8187,1806],[0,97],[-13,0],[0,65],[-12,0],[0,32]],[[8224,1742],[0,-65]],[[8237,1677],[0,65]],[[9137,1484],[0,64],[12,0],[0,-64],[-12,0]],[[5537,1484],[-13,0],[0,32],[13,0]],[[8274,1484],[-12,0]],[[8299,1516],[13,0],[0,-32],[-13,0]],[[8949,1516],[0,-32],[-25,0],[0,32],[25,0]],[[9012,1516],[25,0],[0,-32],[-25,0],[0,32]],[[2987,1451],[-12,0]],[[2975,1451],[0,33],[12,0],[0,-33]],[[3412,1484],[13,0],[0,-33],[-13,0],[0,33]],[[8824,1484],[13,0]],[[8837,1484],[0,-33]],[[8837,1451],[-13,0],[0,33]],[[9187,1484],[12,0]],[[9199,1484],[0,-33],[-12,0],[0,33]],[[8837,1484],[25,0]],[[8862,1484],[0,-65]],[[8862,1419],[-25,0]],[[8837,1419],[0,65]],[[9124,1484],[13,0]],[[9137,1484],[0,-65]],[[9137,1419],[-13,0]],[[9124,1419],[0,65]],[[8799,1419],[-12,0],[0,32],[12,0],[0,-32]],[[8899,1451],[38,0],[0,-32],[-38,0],[0,32]],[[3037,1451],[0,-64]],[[3037,1387],[-12,0]],[[3025,1387],[0,64],[12,0]],[[2975,1387],[-13,0]],[[2962,1387],[0,32],[13,0],[0,-32]],[[8799,1419],[25,0],[0,-32],[-25,0],[0,32]],[[3037,1387],[0,-32]],[[3037,1355],[-12,0]],[[3025,1355],[0,32]],[[3062,1322],[-12,0],[0,33],[-13,0]],[[3037,1355],[0,64]],[[3037,1419],[13,0],[0,65],[12,0],[0,-162]],[[9887,1322],[-13,0],[0,65],[-25,0]],[[9849,1387],[0,32],[13,0],[0,32],[12,0],[0,-32],[13,0],[0,-97]],[[9062,1355],[12,0],[0,-33],[13,0],[0,-32],[-25,0],[0,65]],[[8874,1322],[13,0]],[[8887,1322],[0,-32],[-13,0],[0,32]],[[3000,1387],[25,0]],[[3025,1387],[0,-129]],[[3025,1258],[-25,0]],[[3000,1258],[0,129]],[[3062,1322],[0,-64]],[[3062,1258],[-12,0],[0,32],[-13,0]],[[3037,1290],[0,65]],[[3062,1322],[25,0],[0,33],[-12,0],[0,96],[12,0],[0,-32],[38,0],[0,-64],[-13,0],[0,-33],[-12,0],[0,-32],[-13,0],[0,-32],[-25,0]],[[3162,1258],[-37,0],[0,32],[12,0],[0,65],[25,0],[0,-97]],[[3175,1258],[0,32],[25,0],[0,-32],[-25,0]],[[8912,1258],[-13,0]],[[8899,1258],[0,32],[13,0],[0,-32]],[[9137,1290],[12,0],[0,-32],[-12,0]],[[9137,1258],[0,32]],[[9037,2774],[0,-129]],[[9037,2645],[62,0],[0,-65]],[[9099,2580],[25,0]],[[9162,2451],[12,0],[0,-32],[13,0]],[[9187,2419],[0,-97]],[[9187,2322],[25,0],[0,-32],[12,0],[0,-32],[13,0],[0,-32],[12,0]],[[9237,2032],[37,0]],[[9274,2032],[0,-32]],[[9224,1968],[0,-97]],[[9224,1871],[-25,0]],[[9199,1774],[0,-97]],[[9212,1677],[0,-32]],[[9187,1645],[0,32]],[[9174,1677],[0,-97]],[[9174,1580],[-12,0],[0,-32],[12,0],[0,-64],[-12,0],[0,-33],[-13,0],[0,-96],[-25,0],[0,32],[-12,0],[0,32]],[[9112,1419],[25,0]],[[9137,1484],[-38,0]],[[9099,1484],[0,-33],[-12,0],[0,-64],[-38,0],[0,-32],[-12,0],[0,-97]],[[9037,1258],[-25,0]],[[9012,1258],[0,97]],[[9012,1355],[-38,0],[0,-33],[13,0],[0,-32],[12,0],[0,-32],[-37,0],[0,32],[-25,0],[0,-64]],[[8937,1226],[-13,0],[0,32],[-12,0]],[[8899,1258],[-12,0],[0,64]],[[8874,1322],[0,97],[-12,0]],[[8862,1484],[-38,0]],[[8837,1451],[0,-32]],[[8837,1419],[-38,0]],[[8799,1419],[0,97],[13,0],[0,32],[-25,0],[0,-64],[-38,0],[0,96]],[[8749,1580],[-12,0],[0,33],[-13,0],[0,32],[-12,0],[0,32],[-25,0]],[[9024,2903],[0,64],[13,0],[0,-161]],[[2975,1355],[0,-65]],[[2975,1290],[-13,0]],[[2962,1290],[0,-64],[-12,0]],[[2950,1226],[0,129],[25,0]],[[3162,1258],[13,0]],[[3175,1258],[0,-32]],[[3175,1226],[-13,0],[0,32]],[[9012,1258],[12,0]],[[9024,1258],[0,-32]],[[9024,1226],[-12,0]],[[9012,1226],[0,32]],[[9087,1258],[12,0],[0,-32],[-12,0]],[[9087,1226],[0,32]],[[9012,1355],[0,-129]],[[9012,1226],[-13,0],[0,-33]],[[8999,1193],[-25,0]],[[8974,1193],[0,33]],[[8974,1226],[-37,0]],[[3175,1226],[12,0]],[[3187,1226],[0,-33]],[[3187,1193],[-12,0],[0,33]],[[8974,1193],[-12,0],[0,33],[12,0]],[[9049,1226],[0,-33]],[[9049,1193],[-12,0],[0,33],[12,0]],[[9074,1226],[13,0]],[[9087,1226],[0,-33],[-13,0],[0,33]],[[9962,1290],[-13,0],[0,-32],[-12,0],[0,-32],[-13,0],[0,-33],[-25,0],[0,-32],[-12,0],[0,129]],[[9887,1290],[37,0],[0,32],[38,0],[0,-32]],[[9199,1516],[0,-32]],[[9187,1484],[0,-65],[-13,0],[0,-129],[-37,0]],[[9137,1258],[-50,0]],[[9074,1226],[0,-65],[-12,0],[0,32],[-13,0]],[[9049,1226],[-25,0]],[[9024,1258],[13,0]],[[9099,1484],[25,0]],[[9124,1419],[-12,0]],[[9174,1580],[0,33]],[[2950,1193],[12,0],[0,-32]],[[2962,1161],[-12,0]],[[2950,1161],[0,32]],[[3000,1161],[0,32],[12,0],[0,-32],[-12,0]],[[8999,1193],[13,0],[0,-32]],[[9012,1161],[-13,0]],[[8999,1161],[0,32]],[[3187,1226],[13,0]],[[3200,1226],[0,-33],[12,0]],[[3212,1193],[0,-64]],[[3212,1129],[-12,0],[0,32],[-13,0]],[[3187,1161],[0,65]],[[8999,1193],[0,-64]],[[8999,1129],[-12,0]],[[8987,1129],[0,64],[12,0]],[[3087,1161],[0,-32],[-37,0],[0,32],[37,0]],[[9112,1161],[0,-32]],[[9112,1129],[-13,0]],[[9099,1129],[0,32],[13,0]],[[9112,1161],[12,0],[0,-32]],[[9124,1129],[-12,0]],[[2962,1161],[38,0]],[[3000,1161],[0,-64],[-13,0],[0,32],[-25,0],[0,32]],[[3037,1161],[0,-64]],[[3037,1097],[-12,0],[0,64],[12,0]],[[2950,1097],[-13,0]],[[2937,1097],[0,32],[13,0],[0,-32]],[[8999,1129],[0,-32]],[[8999,1097],[-12,0],[0,32]],[[3212,1129],[0,-32]],[[3212,1097],[13,0],[0,-33]],[[3225,1064],[-25,0]],[[3200,1064],[0,33],[-13,0]],[[3187,1097],[0,64]],[[9124,1129],[0,-65]],[[9124,1064],[-12,0]],[[9112,1064],[0,65]],[[9037,1097],[12,0],[0,-33],[-12,0]],[[9037,1064],[0,33]],[[9087,1097],[0,-33]],[[9087,1064],[-13,0]],[[9074,1064],[0,33],[13,0]],[[9087,1097],[12,0],[0,-33]],[[9099,1064],[-12,0]],[[3037,1097],[13,0],[0,-65],[-13,0]],[[3037,1032],[0,65]],[[3200,1064],[0,-32]],[[3200,1032],[-13,0],[0,32],[13,0]],[[3200,1064],[12,0]],[[3212,1064],[0,-32]],[[3212,1032],[-12,0]],[[3212,1064],[13,0]],[[3225,1064],[0,-32]],[[3225,1032],[-13,0]],[[3225,1064],[25,0],[0,-32]],[[3250,1032],[-25,0]],[[3275,1064],[0,-32],[-13,0]],[[3262,1032],[0,32],[13,0]],[[9062,1064],[12,0]],[[9074,1064],[0,-32],[-12,0],[0,32]],[[9112,1129],[0,-97]],[[9112,1032],[-25,0],[0,32]],[[9099,1064],[0,65]],[[9824,1032],[-12,0]],[[9812,1032],[0,32],[12,0],[0,-32]],[[9887,1322],[0,33],[12,0],[0,-33],[13,0],[0,-32],[-25,0]],[[9962,1290],[0,-64],[-13,0],[0,-65],[-25,0],[0,-64],[-12,0],[0,-33],[-13,0],[0,-32],[-12,0],[0,-32],[-38,0],[0,129],[-12,0],[0,32],[-13,0],[0,65],[13,0],[0,32],[12,0],[0,64],[-12,0],[0,33],[-13,0],[0,64],[-12,0],[0,32],[-13,0],[0,33],[-12,0],[0,64],[25,0],[0,-32],[37,0],[0,-129]],[[3025,1032],[12,0]],[[3037,1032],[0,-32]],[[3037,1000],[-12,0]],[[3025,1000],[0,32]],[[9762,1032],[0,-32],[-13,0]],[[9749,1000],[0,32],[13,0]],[[9037,1064],[25,0]],[[9112,1032],[0,32]],[[9124,1064],[0,-64]],[[9124,1000],[-25,0],[0,-32]],[[9099,968],[-12,0],[0,32]],[[9087,1000],[-38,0]],[[9049,1000],[0,-32],[-12,0]],[[9037,968],[0,64]],[[9037,1032],[-13,0]],[[9024,1032],[0,65],[13,0]],[[9062,1000],[12,0]],[[9074,1000],[0,-32]],[[9074,968],[-12,0]],[[9062,968],[0,32]],[[9124,1000],[0,-32]],[[9124,968],[-25,0]],[[9012,1161],[0,-32],[12,0],[0,-97]],[[9037,1032],[0,-97],[-13,0],[0,65],[-12,0],[0,97],[-13,0]],[[8999,1097],[0,64]],[[3212,1000],[0,-65],[-12,0]],[[3200,935],[0,65],[12,0]],[[2937,935],[-12,0]],[[2925,935],[0,33],[12,0],[0,-33]],[[2987,968],[25,0],[0,-33],[-25,0],[0,33]],[[3025,968],[12,0],[0,-33],[-12,0]],[[3025,935],[0,33]],[[3175,968],[12,0],[0,-33],[-12,0],[0,33]],[[9074,968],[0,-33]],[[9074,935],[-12,0]],[[9062,935],[0,33]],[[9099,968],[13,0]],[[9112,968],[0,-33]],[[9112,935],[-13,0],[0,33]],[[9112,968],[12,0]],[[9124,968],[0,-33],[-12,0]],[[2962,935],[13,0],[0,-32],[-13,0],[0,32]],[[3025,1000],[50,0]],[[3075,1000],[0,-32],[12,0],[0,-33],[-37,0],[0,-32]],[[3050,903],[-25,0]],[[3025,903],[0,32]],[[3025,968],[0,32]],[[9824,1032],[0,65],[13,0],[0,-33],[12,0],[0,-96],[-12,0],[0,32]],[[9837,1000],[-50,0],[0,-32],[-13,0],[0,-33],[-25,0],[0,-32],[-25,0],[0,-32],[-12,0]],[[9712,871],[0,64],[25,0],[0,33],[12,0],[0,32]],[[9762,1032],[12,0],[0,65],[13,0],[0,32],[25,0],[0,-97]],[[9037,903],[12,0],[0,-32]],[[9049,871],[-12,0],[0,32]],[[9049,1000],[13,0]],[[9062,1000],[0,-65]],[[9074,935],[0,65]],[[9074,1000],[13,0]],[[9112,935],[0,-64],[-25,0],[0,-32],[-13,0]],[[9074,839],[0,32]],[[9074,871],[-25,0]],[[9037,903],[0,65]],[[9074,839],[-12,0],[0,32],[12,0]],[[2812,4096],[25,0]],[[2837,4096],[0,-161]],[[2800,3742],[0,32]],[[2812,3580],[0,33]],[[2875,3355],[0,-33]],[[2887,3290],[13,0]],[[2900,3290],[0,-97]],[[3000,3064],[0,32]],[[3012,3064],[25,0]],[[3037,3032],[25,0]],[[3062,3032],[0,-65]],[[3087,2967],[0,-64]],[[3112,2806],[50,0]],[[3212,2709],[0,-290]],[[3237,2322],[25,0]],[[3275,2290],[0,-64]],[[3300,2193],[0,33]],[[3337,2258],[-25,0]],[[3300,2322],[12,0]],[[3312,2322],[0,97]],[[3312,2419],[25,0]],[[3337,2419],[0,97]],[[3312,2613],[0,-33]],[[3287,2580],[0,97]],[[3312,2742],[25,0]],[[3337,2709],[13,0]],[[3350,2677],[37,0]],[[3362,2742],[-12,0]],[[3400,2806],[-13,0]],[[3375,2838],[0,-64]],[[3387,2742],[13,0]],[[3425,2742],[0,64]],[[3425,2806],[-13,0]],[[3450,3000],[50,0]],[[3500,3000],[0,32]],[[3500,3032],[37,0]],[[3537,3064],[25,0]],[[3575,3193],[37,0]],[[3600,3225],[0,33]],[[3600,3290],[0,32]],[[3775,3484],[12,0]],[[3800,3516],[0,32]],[[3800,3838],[12,0]],[[3825,3838],[12,0]],[[3837,3806],[75,0],[0,-32],[25,0],[0,-65]],[[3937,3709],[25,0],[0,-32],[13,0]],[[3975,3645],[50,0],[0,-32],[12,0],[0,-258],[-12,0],[0,-65],[-13,0],[0,-32],[-12,0],[0,-33],[-13,0],[0,-32],[-12,0],[0,-32],[-13,0],[0,32]],[[3862,3193],[0,-32]],[[3850,3161],[0,-65]],[[3825,3096],[0,-64]],[[3812,3032],[0,-129]],[[3800,2903],[0,-32]],[[3712,2677],[0,65]],[[3687,2742],[0,-33]],[[3587,2903],[0,-32]],[[3525,2742],[87,0]],[[3612,2742],[0,-65]],[[3612,2677],[-25,0]],[[3587,2677],[0,-64]],[[3587,2613],[75,0]],[[3662,2613],[0,-65]],[[3662,2548],[-100,0]],[[3487,2193],[0,-32]],[[3487,2161],[-25,0]],[[3475,2000],[0,-32]],[[3512,2032],[0,97]],[[3500,2161],[12,0]],[[3637,1968],[0,-65],[-12,0],[0,-32]],[[3600,1839],[12,0],[0,-33]],[[3612,1806],[-37,0]],[[3575,1774],[25,0]],[[3600,1774],[0,-32],[-13,0],[0,-32],[-25,0],[0,-33],[-12,0],[0,-32]],[[3525,1613],[0,-65],[-13,0],[0,-32],[-12,0],[0,-32],[-88,0]],[[3412,1484],[0,-65],[25,0],[0,-97],[-12,0],[0,-32],[-13,0],[0,-32],[-12,0],[0,-32],[-38,0],[0,-33],[-75,0],[0,-64],[-12,0],[0,-65]],[[3262,1032],[-12,0]],[[3212,1097],[0,96]],[[3200,1226],[-25,0]],[[3187,1193],[0,-96]],[[3200,1032],[0,-97]],[[3212,1000],[25,0],[0,-97],[-37,0],[0,-32],[-13,0],[0,-65]],[[3187,806],[-25,0]],[[3162,806],[0,33],[-12,0],[0,32],[-25,0],[0,32],[12,0],[0,32],[13,0],[0,65],[12,0],[0,32],[13,0],[0,65],[-13,0],[0,32],[-37,0],[0,64],[-25,0],[0,-32],[-13,0]],[[3087,1161],[0,32],[-12,0],[0,33],[-13,0],[0,32]],[[3037,1419],[0,32]],[[3000,1387],[0,-97]],[[3000,1290],[-25,0]],[[2975,1355],[-13,0],[0,32]],[[2975,1387],[0,64]],[[2987,1451],[0,97]],[[3000,1548],[0,97]],[[3012,1645],[0,65]],[[3012,1710],[13,0]],[[3025,1710],[0,-33]],[[3025,1742],[0,129]],[[3012,1871],[0,129]],[[3025,2000],[0,193],[12,0],[0,-32]],[[3050,2516],[0,97]],[[3037,2613],[0,64],[-12,0],[0,32],[-13,0],[0,33],[-12,0],[0,32],[-25,0],[0,32],[-25,0]],[[2950,2838],[-25,0],[0,33],[-25,0],[0,64],[-13,0]],[[2875,2967],[0,65],[-13,0],[0,97]],[[2850,3129],[0,32],[-13,0],[0,64],[-12,0],[0,65],[-13,0],[0,65],[-12,0],[0,64],[-13,0],[0,32],[-12,0],[0,65],[-25,0],[0,32],[-13,0],[0,32]],[[2737,3613],[0,129],[13,0],[0,32],[12,0],[0,32],[-12,0]],[[2750,3806],[0,65]],[[2800,3903],[0,129]],[[3637,3484],[0,-33]],[[3625,3387],[25,0]],[[3762,3355],[0,-33]],[[3775,3387],[-25,0]],[[3587,2967],[25,0]],[[3612,2967],[0,97]],[[3475,2806],[0,-32]],[[3475,2742],[0,-97]],[[3100,2129],[-13,0]],[[3100,2064],[25,0]],[[3087,1968],[0,-33]],[[3100,1935],[0,129]],[[87,871],[25,0],[0,-65],[-12,0],[0,33],[-13,0],[0,32]],[[3037,871],[0,-65]],[[3037,806],[-12,0]],[[3025,806],[0,33]],[[3025,839],[-13,0],[0,32],[25,0]],[[3187,806],[0,33],[13,0],[0,-33],[-13,0]],[[9699,839],[-25,0],[0,-33],[-25,0]],[[9649,806],[0,33],[13,0],[0,32],[37,0],[0,-32]],[[3187,806],[0,-32],[-25,0],[0,32]],[[3162,806],[-12,0],[0,-32],[-13,0],[0,32],[-25,0],[0,-32],[-12,0],[0,-32],[-38,0],[0,32],[-37,0]],[[3025,774],[0,32]],[[3037,806],[0,97]],[[3037,903],[13,0]],[[3075,1000],[-38,0]],[[3037,1097],[0,193]],[[3012,742],[13,0]],[[3025,742],[0,-32]],[[3025,710],[-13,0]],[[3012,710],[0,32]],[[9649,806],[0,-129]],[[9649,677],[-37,0],[0,65],[12,0],[0,32],[13,0],[0,32],[12,0]],[[3125,742],[12,0],[0,-65]],[[3137,677],[-25,0],[0,33],[13,0],[0,32]],[[9837,1000],[0,-65],[-13,0],[0,-32],[-12,0],[0,-64],[-38,0],[0,-33],[-12,0],[0,-64],[-13,0],[0,-65],[-25,0],[0,-32],[-62,0]],[[9662,645],[0,32],[-13,0]],[[9699,839],[0,64],[13,0],[0,-32]],[[3000,677],[12,0]],[[3012,677],[0,-32]],[[3012,645],[-12,0]],[[3000,645],[0,32]],[[2950,677],[25,0],[0,-64],[-13,0],[0,-32],[-12,0],[0,96]],[[9662,645],[12,0],[0,-32],[-12,0],[0,-32],[-13,0],[0,96]],[[3175,645],[12,0],[0,-64],[-12,0],[0,64]],[[3025,613],[25,0],[0,-65],[-13,0],[0,33],[-12,0],[0,32]],[[3100,613],[25,0],[0,-32],[-13,0],[0,-33],[-12,0],[0,65]],[[3000,581],[12,0],[0,-33],[-12,0],[0,33]],[[3150,581],[12,0],[0,-33],[-12,0],[0,33]],[[2900,516],[-13,0]],[[2887,516],[0,32],[13,0],[0,-32]],[[3037,1355],[0,-194]],[[3025,1032],[0,-129]],[[3025,903],[12,0]],[[3037,903],[0,-32]],[[3025,839],[0,-97]],[[3012,742],[0,-65]],[[3000,677],[0,-96]],[[3000,581],[-13,0],[0,-97],[-12,0]],[[2975,484],[0,64],[-25,0],[0,-64]],[[2950,484],[-50,0]],[[2900,484],[0,129],[-13,0],[0,64],[13,0],[0,33],[12,0],[0,32],[13,0],[0,32],[-13,0],[0,129],[13,0],[0,32]],[[2937,935],[0,162]],[[2950,1097],[0,64]],[[2950,1193],[0,33]],[[2962,1290],[38,0]],[[3000,1290],[0,-32]],[[3025,1258],[0,97]],[[2975,484],[-25,0]],[[2900,516],[0,-64]],[[2900,452],[-13,0],[0,64]],[[2950,484],[0,-65],[-13,0],[0,-32]],[[2937,387],[-12,0],[0,32],[-13,0],[0,33],[-12,0]],[[2900,452],[0,32]],[[3012,710],[25,0]],[[3037,710],[0,-33],[-12,0],[0,-32],[25,0],[0,32],[12,0],[0,-64],[13,0],[0,32],[25,0],[0,-32]],[[3100,613],[-13,0],[0,-65],[-12,0],[0,-32],[12,0],[0,-32],[13,0],[0,-32],[-13,0],[0,-33],[-25,0],[0,65],[-12,0],[0,32],[-13,0],[0,-97],[-12,0],[0,33],[-13,0],[0,32],[-12,0],[0,-97]],[[3000,387],[-13,0]],[[2987,387],[0,32]],[[2987,419],[-12,0]],[[2975,419],[0,65]],[[3000,581],[0,64]],[[3012,645],[0,65]],[[3112,387],[-12,0]],[[3100,387],[0,32],[12,0],[0,-32]],[[2962,419],[25,0]],[[2987,419],[0,-64]],[[2987,355],[-12,0]],[[2975,355],[0,32],[-13,0],[0,32]],[[2937,387],[13,0]],[[2950,387],[0,-32]],[[2950,355],[-13,0],[0,32]],[[3000,387],[12,0],[0,-32],[-12,0]],[[3000,355],[0,32]],[[3100,387],[0,-32],[-13,0]],[[3087,355],[0,32],[13,0]],[[2975,419],[-13,0]],[[2975,355],[-13,0],[0,-32]],[[2962,323],[-12,0]],[[2950,323],[0,64]],[[2975,355],[0,-32]],[[2975,323],[-13,0]],[[3000,387],[0,-64]],[[3000,323],[-25,0]],[[2987,355],[0,32]],[[3087,355],[0,-32]],[[3087,323],[-12,0],[0,32],[12,0]],[[2900,323],[12,0]],[[2912,323],[0,-33]],[[2912,290],[-12,0]],[[2900,290],[0,33]],[[2962,323],[0,-33],[-12,0]],[[2950,290],[0,33]],[[3087,323],[13,0],[0,-33]],[[3100,290],[-13,0],[0,33]],[[2950,355],[0,-97]],[[2950,258],[-13,0]],[[2937,258],[0,65]],[[2937,323],[-12,0],[0,32],[-25,0]],[[2900,355],[0,97]],[[2912,290],[0,-32],[-12,0],[0,32]],[[3062,290],[13,0],[0,-32],[-13,0],[0,32]],[[2937,323],[0,-97]],[[2937,226],[-25,0]],[[2912,226],[0,97]],[[2900,323],[0,32]],[[3312,355],[38,0],[0,-32],[12,0],[0,32],[13,0],[0,-32],[25,0],[0,-33],[-13,0],[0,-32],[-25,0],[0,-32],[-25,0],[0,32],[-12,0],[0,-32],[-25,0],[0,97],[12,0],[0,32]],[[3112,226],[-12,0]],[[3100,226],[0,32],[12,0],[0,-32]],[[2912,226],[38,0]],[[2950,226],[0,-32],[-13,0]],[[2937,194],[0,-33],[-12,0],[0,33],[-13,0],[0,32]],[[2975,323],[0,-65]],[[2975,258],[12,0]],[[2987,258],[0,-32],[-25,0],[0,-65],[-12,0],[0,-32]],[[2950,129],[-13,0],[0,65]],[[2950,226],[-13,0]],[[2937,226],[0,32]],[[2950,258],[0,32]],[[2950,129],[75,0],[0,-32]],[[3025,97],[-75,0],[0,32]],[[3012,97],[0,-32]],[[3012,65],[-25,0],[0,32],[25,0]],[[3012,97],[13,0]],[[3025,97],[0,-32]],[[3025,65],[-13,0]],[[3075,65],[-25,0]],[[3050,65],[0,32],[25,0],[0,-32]],[[3212,97],[13,0],[0,-32],[-13,0],[0,32]],[[3162,806],[0,-64],[-37,0]],[[3137,677],[0,-32],[38,0]],[[3175,645],[0,-129],[-25,0],[0,-32],[-25,0],[0,-97],[-13,0]],[[3100,290],[0,-64]],[[3112,226],[0,-65],[25,0],[0,-32],[25,0],[0,-32],[25,0]],[[3187,97],[0,-65],[-12,0]],[[3175,32],[0,33],[-13,0],[0,-33]],[[3162,32],[-37,0]],[[3125,32],[0,65],[-25,0],[0,32],[-13,0],[0,32],[-25,0],[0,33],[25,0],[0,32],[-37,0],[0,-32],[-13,0],[0,-33],[-12,0],[0,33],[-13,0],[0,64]],[[3012,258],[-37,0]],[[3000,323],[0,32]],[[3037,710],[-12,0]],[[3025,710],[0,64]],[[2987,258],[25,0]],[[3125,32],[-13,0],[0,33]],[[3112,65],[-37,0]],[[3050,65],[-13,0]],[[3037,65],[0,32]],[[3037,97],[-12,0]],[[3037,97],[0,-65]],[[3037,32],[-12,0]],[[3025,32],[0,65]],[[3187,97],[25,0]],[[3212,97],[0,-65],[-12,0],[0,33],[-13,0],[0,32]],[[3025,65],[0,-33]],[[3025,32],[-13,0],[0,33]],[[3175,32],[-13,0]],[[3037,65],[75,0]],[[3125,32],[0,-32],[-63,0]],[[3062,0],[0,32]],[[3062,32],[-25,0]],[[3037,32],[0,33]],[[3062,0],[-12,0],[0,32],[12,0]]]}