{"type":"Topology","bbox":[-180,-55.80007200000001,180,83.699928],"transform":{"scale":[0.036003600360036005,0.01395139513951395],"translate":[-180,-55.80007200000001]},"objects":{"anthromes":{"type":"GeometryCollection","geometries":[{"type":"Polygon","arcs":[[0,1]],"properties":{"anthrome":63}},{"type":"Polygon","arcs":[[2]],"properties":{"anthrome":63}},{"type":"Polygon","arcs":[[3]],"properties":{"anthrome":63}},{"type":"Polygon","arcs":[[4]],"properties":{"anthrome":62}},{"type":"Polygon","arcs":[[5]],"properties":{"anthrome":63}},{"type":"Polygon","arcs":[[6]],"properties":{"anthrome":62}},{"type":"Polygon","arcs":[[7,8]],"properties":{"anthrome":62}},{"type":"Polygon","arcs":[[9,10]],"properties":{"anthrome":62}},{"type":"Polygon","arcs":[[11,12]],"properties":{"anthrome":62}},{"type":"Polygon","arcs":[[13]],"properties":{"anthrome":63}},{"type":"Polygon","arcs":[[14,15,16,17,18],[-1,19],[-4]],"properties":{"anthrome":62}},{"type":"Polygon","arcs":[[20]],"properties":{"anthrome":63}},{"type":"Polygon","arcs":[[21,22]],"properties":{"anthrome":63}},{"type":"Polygon","arcs":[[23,24]],"properties":{"anthrome":63}},{"type":"Polygon","arcs":[[25,26,27]],"properties":{"anthrome":62}},{"type":"Polygon","arcs":[[28]],"properties":{"anthrome":62}},{"type":"Polygon","arcs":[[29,30]],"properties":{"anthrome":62}},{"type":"Polygon","arcs":[[31]],"properties":{"anthrome":63}},{"type":"Polygon","arcs":[[32]],"properties":{"anthrome":63}},{"type":"Polygon","arcs":[[-24,33]],"properties":{"anthrome":62}},{"type":"Polygon","arcs":[[34,35]],"properties":{"anthrome":62}},{"type":"Polygon","arcs":[[36]],"properties":{"anthrome":62}},{"type":"Polygon","arcs":[[37,38]],"properties":{"anthrome":63}},{"type":"Polygon","arcs":[[39,40]],"properties":{"anthrome":63}},{"type":"Polygon","arcs":[[41]],"properties":{"anthrome":62}},{"type":"Polygon","arcs":[[42,43,44]],"properties":{"anthrome":63}},{"type":"Polygon","arcs":[[45,46]],"properties":{"anthrome":63}},{"type":"Polygon","arcs":[[47]],"properties":{"anthrome":63}},{"type":"Polygon","arcs":[[48,49]],"properties":{"anthrome":63}},{"type":"Polygon","arcs":[[50,51]],"properties":{"anthrome":62}},{"type":"Polygon","arcs":[[52]],"properties":{"anthrome":63}},{"type":"Polygon","arcs":[[53,54]],"properties":{"anthrome":62}},{"type":"Polygon","arcs":[[55]],"properties":{"anthrome":54}},{"type":"Polygon","arcs":[[56]],"properties":{"anthrome":63}},{"type":"Polygon","arcs":[[57,-45,58,59]],"properties":{"anthrome":62}},{"type":"Polygon","arcs":[[60,61]],"properties":{"anthrome":63}},{"type":"Polygon","arcs":[[62,63]],"properties":{"anthrome":63}},{"type":"Polygon","arcs":[[64,65]],"properties":{"anthrome":62}},{"type":"Polygon","arcs":[[66]],"properties":{"anthrome":62}},{"type":"Polygon","arcs":[[67,68]],"properties":{"anthrome":63}},{"type":"Polygon","arcs":[[69]],"properties":{"anthrome":63}},{"type":"Polygon","arcs":[[70,71,72,73,-61]],"properties":{"anthrome":62}},{"type":"Polygon","arcs":[[74,75]],"properties":{"anthrome":63}},{"type":"Polygon","arcs":[[76]],"properties":{"anthrome":62}},{"type":"Polygon","arcs":[[77]],"properties":{"anthrome":63}},{"type":"Polygon","arcs":[[78,79]],"properties":{"anthrome":62}},{"type":"Polygon","arcs":[[80,-49,81,-47,82,83,84,85,86,-75,87,-63,88]],"properties":{"anthrome":62}},{"type":"Polygon","arcs":[[-12,89,-60,90,91,92,93,-73,94,-71,95],[-42],[-51,-52]],"properties":{"anthrome":63}},{"type":"Polygon","arcs":[[96,97,98]],"properties":{"anthrome":63}},{"type":"Polygon","arcs":[[99,100]],"properties":{"anthrome":62}},{"type":"Polygon","arcs":[[101,-79,102,103]],"properties":{"anthrome":63}},{"type":"Polygon","arcs":[[104,105,106]],"properties":{"anthrome":62}},{"type":"Polygon","arcs":[[-98,107]],"properties":{"anthrome":62}},{"type":"Polygon","arcs":[[-106,108]],"properties":{"anthrome":63}},{"type":"Polygon","arcs":[[-86,109]],"properties":{"anthrome":63}},{"type":"Polygon","arcs":[[110,111]],"properties":{"anthrome":62}},{"type":"Polygon","arcs":[[112,113]],"properties":{"anthrome":62}},{"type":"Polygon","arcs":[[114]],"properties":{"anthrome":62}},{"type":"Polygon","arcs":[[115,-101,116,117]],"properties":{"anthrome":63}},{"type":"Polygon","arcs":[[118,119,120,121,122,123]],"properties":{"anthrome":62}},{"type":"Polygon","arcs":[[124]],"properties":{"anthrome":62}},{"type":"Polygon","arcs":[[125,-104,126,-92]],"properties":{"anthrome":62}},{"type":"Polygon","arcs":[[127]],"properties":{"anthrome":63}},{"type":"Polygon","arcs":[[128,-122]],"properties":{"anthrome":63}},{"type":"Polygon","arcs":[[129,130]],"properties":{"anthrome":62}},{"type":"Polygon","arcs":[[131,132]],"properties":{"anthrome":54}},{"type":"Polygon","arcs":[[133,134]],"properties":{"anthrome":62}},{"type":"Polygon","arcs":[[135,-134]],"properties":{"anthrome":63}},{"type":"Polygon","arcs":[[136,-118,137,-97]],"properties":{"anthrome":62}},{"type":"Polygon","arcs":[[138,139]],"properties":{"anthrome":62}},{"type":"Polygon","arcs":[[140,141]],"properties":{"anthrome":62}},{"type":"Polygon","arcs":[[142,143]],"properties":{"anthrome":62}},{"type":"Polygon","arcs":[[144]],"properties":{"anthrome":63}},{"type":"Polygon","arcs":[[145,146]],"properties":{"anthrome":63}},{"type":"Polygon","arcs":[[147,148]],"properties":{"anthrome":63}},{"type":"Polygon","arcs":[[149,150]],"properties":{"anthrome":63}},{"type":"Polygon","arcs":[[151,152]],"properties":{"anthrome":62}},{"type":"Polygon","arcs":[[153,154]],"properties":{"anthrome":62}},{"type":"Polygon","arcs":[[155,156]],"properties":{"anthrome":61}},{"type":"Polygon","arcs":[[157,158]],"properties":{"anthrome":63}},{"type":"Polygon","arcs":[[159]],"properties":{"anthrome":54}},{"type":"Polygon","arcs":[[160,161]],"properties":{"anthrome":63}},{"type":"Polygon","arcs":[[162]],"properties":{"anthrome":63}},{"type":"Polygon","arcs":[[163]],"properties":{"anthrome":63}},{"type":"Polygon","arcs":[[164,165,166]],"properties":{"anthrome":63}},{"type":"Polygon","arcs":[[167,168]],"properties":{"anthrome":62}},{"type":"Polygon","arcs":[[169,170]],"properties":{"anthrome":54}},{"type":"Polygon","arcs":[[171]],"properties":{"anthrome":54}},{"type":"Polygon","arcs":[[172]],"properties":{"anthrome":63}},{"type":"Polygon","arcs":[[173]],"properties":{"anthrome":63}},{"type":"Polygon","arcs":[[174]],"properties":{"anthrome":63}},{"type":"Polygon","arcs":[[175]],"properties":{"anthrome":54}},{"type":"Polygon","arcs":[[176,177]],"properties":{"anthrome":63}},{"type":"Polygon","arcs":[[178,179]],"properties":{"anthrome":63}},{"type":"Polygon","arcs":[[180]],"properties":{"anthrome":54}},{"type":"Polygon","arcs":[[181,182]],"properties":{"anthrome":54}},{"type":"Polygon","arcs":[[-157,183,184,185,186,187]],"properties":{"anthrome":62}},{"type":"Polygon","arcs":[[-133,188,-144,-153,-169,189,190,-142,191,192]],"properties":{"anthrome":63}},{"type":"Polygon","arcs":[[193]],"properties":{"anthrome":54}},{"type":"Polygon","arcs":[[194]],"properties":{"anthrome":62}},{"type":"Polygon","arcs":[[195]],"properties":{"anthrome":63}},{"type":"Polygon","arcs":[[196]],"properties":{"anthrome":62}},{"type":"Polygon","arcs":[[197,198]],"properties":{"anthrome":62}},{"type":"Polygon","arcs":[[199,200]],"properties":{"anthrome":61}},{"type":"Polygon","arcs":[[201]],"properties":{"anthrome":61}},{"type":"Polygon","arcs":[[202,203]],"properties":{"anthrome":54}},{"type":"Polygon","arcs":[[204,205]],"properties":{"anthrome":54}},{"type":"Polygon","arcs":[[206,207]],"properties":{"anthrome":54}},{"type":"Polygon","arcs":[[208]],"properties":{"anthrome":54}},{"type":"Polygon","arcs":[[209,210]],"properties":{"anthrome":53}},{"type":"Polygon","arcs":[[211,212]],"properties":{"anthrome":61}},{"type":"Polygon","arcs":[[213,214]],"properties":{"anthrome":61}},{"type":"Polygon","arcs":[[215]],"properties":{"anthrome":62}},{"type":"Polygon","arcs":[[216]],"properties":{"anthrome":62}},{"type":"Polygon","arcs":[[217]],"properties":{"anthrome":62}},{"type":"Polygon","arcs":[[218,219,-214,220]],"properties":{"anthrome":62}},{"type":"Polygon","arcs":[[221,-219]],"properties":{"anthrome":63}},{"type":"Polygon","arcs":[[222,223]],"properties":{"anthrome":54}},{"type":"Polygon","arcs":[[224,225]],"properties":{"anthrome":63}},{"type":"Polygon","arcs":[[226]],"properties":{"anthrome":63}},{"type":"Polygon","arcs":[[227,228,229,230]],"properties":{"anthrome":53}},{"type":"Polygon","arcs":[[231,232,233,234]],"properties":{"anthrome":62}},{"type":"Polygon","arcs":[[235,-233]],"properties":{"anthrome":63}},{"type":"Polygon","arcs":[[236]],"properties":{"anthrome":54}},{"type":"Polygon","arcs":[[237,238]],"properties":{"anthrome":62}},{"type":"Polygon","arcs":[[239,240]],"properties":{"anthrome":61}},{"type":"Polygon","arcs":[[-190,241,242,243]],"properties":{"anthrome":62}},{"type":"Polygon","arcs":[[244,245,-229,246,-200]],"properties":{"anthrome":62}},{"type":"Polygon","arcs":[[247]],"properties":{"anthrome":62}},{"type":"Polygon","arcs":[[248]],"properties":{"anthrome":62}},{"type":"Polygon","arcs":[[249,250,251,252]],"properties":{"anthrome":63}},{"type":"Polygon","arcs":[[253,-251]],"properties":{"anthrome":62}},{"type":"Polygon","arcs":[[254]],"properties":{"anthrome":62}},{"type":"Polygon","arcs":[[255,256]],"properties":{"anthrome":61}},{"type":"Polygon","arcs":[[-230,257,258,259]],"properties":{"anthrome":62}},{"type":"Polygon","arcs":[[260,261,262]],"properties":{"anthrome":53}},{"type":"Polygon","arcs":[[263,264,265]],"properties":{"anthrome":54}},{"type":"Polygon","arcs":[[-243,266]],"properties":{"anthrome":54}},{"type":"Polygon","arcs":[[267]],"properties":{"anthrome":62}},{"type":"Polygon","arcs":[[268]],"properties":{"anthrome":61}},{"type":"Polygon","arcs":[[269]],"properties":{"anthrome":62}},{"type":"Polygon","arcs":[[270]],"properties":{"anthrome":62}},{"type":"Polygon","arcs":[[271,272,273,274]],"properties":{"anthrome":54}},{"type":"Polygon","arcs":[[275,276,277,-273]],"properties":{"anthrome":53}},{"type":"Polygon","arcs":[[-240,278,279,280]],"properties":{"anthrome":54}},{"type":"Polygon","arcs":[[281]],"properties":{"anthrome":53}},{"type":"Polygon","arcs":[[282,283]],"properties":{"anthrome":62}},{"type":"Polygon","arcs":[[284,285,286,287]],"properties":{"anthrome":54}},{"type":"Polygon","arcs":[[288,289]],"properties":{"anthrome":63}},{"type":"Polygon","arcs":[[290,291,292,293,294]],"properties":{"anthrome":62}},{"type":"Polygon","arcs":[[295,296,297,298,299,300]],"properties":{"anthrome":61}},{"type":"Polygon","arcs":[[301,302]],"properties":{"anthrome":62}},{"type":"Polygon","arcs":[[303]],"properties":{"anthrome":62}},{"type":"Polygon","arcs":[[304,305]],"properties":{"anthrome":54}},{"type":"Polygon","arcs":[[306,307,308,309]],"properties":{"anthrome":53}},{"type":"Polygon","arcs":[[310,311,312,-286]],"properties":{"anthrome":62}},{"type":"Polygon","arcs":[[313]],"properties":{"anthrome":63}},{"type":"Polygon","arcs":[[314]],"properties":{"anthrome":63}},{"type":"Polygon","arcs":[[315]],"properties":{"anthrome":63}},{"type":"Polygon","arcs":[[316,317]],"properties":{"anthrome":61}},{"type":"Polygon","arcs":[[318,319,-293]],"properties":{"anthrome":53}},{"type":"Polygon","arcs":[[320,321,322,-298]],"properties":{"anthrome":53}},{"type":"Polygon","arcs":[[-259,323,324]],"properties":{"anthrome":53}},{"type":"Polygon","arcs":[[325,326,327]],"properties":{"anthrome":62}},{"type":"Polygon","arcs":[[328,329,330]],"properties":{"anthrome":53}},{"type":"Polygon","arcs":[[331,332]],"properties":{"anthrome":62}},{"type":"Polygon","arcs":[[333,334]],"properties":{"anthrome":54}},{"type":"Polygon","arcs":[[335,336]],"properties":{"anthrome":61}},{"type":"Polygon","arcs":[[337,338,339]],"properties":{"anthrome":53}},{"type":"Polygon","arcs":[[340]],"properties":{"anthrome":62}},{"type":"Polygon","arcs":[[341]],"properties":{"anthrome":53}},{"type":"Polygon","arcs":[[342,343]],"properties":{"anthrome":54}},{"type":"Polygon","arcs":[[344,345]],"properties":{"anthrome":62}},{"type":"Polygon","arcs":[[346,347,348,349]],"properties":{"anthrome":62}},{"type":"Polygon","arcs":[[350,351]],"properties":{"anthrome":53}},{"type":"Polygon","arcs":[[352,353]],"properties":{"anthrome":62}},{"type":"Polygon","arcs":[[354,355,356]],"properties":{"anthrome":53}},{"type":"Polygon","arcs":[[357,358,359,360]],"properties":{"anthrome":54}},{"type":"Polygon","arcs":[[-350,361,362,363]],"properties":{"anthrome":53}},{"type":"Polygon","arcs":[[364,365]],"properties":{"anthrome":53}},{"type":"Polygon","arcs":[[-288,366,-308,367,368,369,-305,370,-223,371]],"properties":{"anthrome":62}},{"type":"Polygon","arcs":[[372,373,374]],"properties":{"anthrome":61}},{"type":"Polygon","arcs":[[375,-374]],"properties":{"anthrome":62}},{"type":"Polygon","arcs":[[376]],"properties":{"anthrome":62}},{"type":"Polygon","arcs":[[377]],"properties":{"anthrome":53}},{"type":"Polygon","arcs":[[378,379,-356]],"properties":{"anthrome":54}},{"type":"Polygon","arcs":[[380,381,-330]],"properties":{"anthrome":54}},{"type":"Polygon","arcs":[[382,383]],"properties":{"anthrome":54}},{"type":"Polygon","arcs":[[384,385]],"properties":{"anthrome":54}},{"type":"Polygon","arcs":[[386,387]],"properties":{"anthrome":62}},{"type":"Polygon","arcs":[[388,389,-332]],"properties":{"anthrome":54}},{"type":"Polygon","arcs":[[390,391,392]],"properties":{"anthrome":54}},{"type":"Polygon","arcs":[[393]],"properties":{"anthrome":53}},{"type":"Polygon","arcs":[[394]],"properties":{"anthrome":53}},{"type":"Polygon","arcs":[[395,396,397]],"properties":{"anthrome":53}},{"type":"Polygon","arcs":[[398,399,400,-359]],"properties":{"anthrome":53}},{"type":"Polygon","arcs":[[401]],"properties":{"anthrome":53}},{"type":"Polygon","arcs":[[402]],"properties":{"anthrome":53}},{"type":"Polygon","arcs":[[403,404,405,406]],"properties":{"anthrome":54}},{"type":"Polygon","arcs":[[407,408]],"properties":{"anthrome":53}},{"type":"Polygon","arcs":[[409,410]],"properties":{"anthrome":62}},{"type":"Polygon","arcs":[[411]],"properties":{"anthrome":62}},{"type":"Polygon","arcs":[[412,413]],"properties":{"anthrome":53}},{"type":"Polygon","arcs":[[414,415,416,417]],"properties":{"anthrome":54}},{"type":"Polygon","arcs":[[418,419]],"properties":{"anthrome":62}},{"type":"Polygon","arcs":[[420]],"properties":{"anthrome":63}},{"type":"Polygon","arcs":[[421,422]],"properties":{"anthrome":62}},{"type":"Polygon","arcs":[[423,424]],"properties":{"anthrome":61}},{"type":"Polygon","arcs":[[425]],"properties":{"anthrome":61}},{"type":"Polygon","arcs":[[426,-325,427,428,429,430,431,432,-322]],"properties":{"anthrome":62}},{"type":"Polygon","arcs":[[433,-430]],"properties":{"anthrome":61}},{"type":"Polygon","arcs":[[434,435]],"properties":{"anthrome":54}},{"type":"Polygon","arcs":[[436,437,438,439]],"properties":{"anthrome":54}},{"type":"Polygon","arcs":[[440,441,442,-438]],"properties":{"anthrome":52}},{"type":"Polygon","arcs":[[443,444]],"properties":{"anthrome":62}},{"type":"Polygon","arcs":[[445]],"properties":{"anthrome":54}},{"type":"Polygon","arcs":[[446]],"properties":{"anthrome":54}},{"type":"Polygon","arcs":[[447,448,449,-241,450,451,-275,452,453,-416,454,455,456,-213,457,458]],"properties":{"anthrome":62}},{"type":"Polygon","arcs":[[459]],"properties":{"anthrome":53}},{"type":"Polygon","arcs":[[460,461,462,463]],"properties":{"anthrome":54}},{"type":"Polygon","arcs":[[464,465]],"properties":{"anthrome":62}},{"type":"Polygon","arcs":[[466,467,468,-385]],"properties":{"anthrome":61}},{"type":"Polygon","arcs":[[469,-337,470,471,472]],"properties":{"anthrome":62}},{"type":"Polygon","arcs":[[473,474]],"properties":{"anthrome":62}},{"type":"Polygon","arcs":[[475,476]],"properties":{"anthrome":62}},{"type":"Polygon","arcs":[[477]],"properties":{"anthrome":62}},{"type":"Polygon","arcs":[[478]],"properties":{"anthrome":63}},{"type":"Polygon","arcs":[[479,480,481]],"properties":{"anthrome":61}},{"type":"Polygon","arcs":[[482,483,-480]],"properties":{"anthrome":43}},{"type":"Polygon","arcs":[[484,485,486]],"properties":{"anthrome":43}},{"type":"Polygon","arcs":[[487]],"properties":{"anthrome":53}},{"type":"Polygon","arcs":[[488]],"properties":{"anthrome":53}},{"type":"Polygon","arcs":[[489,490]],"properties":{"anthrome":53}},{"type":"Polygon","arcs":[[491]],"properties":{"anthrome":53}},{"type":"Polygon","arcs":[[492,493,-468,494]],"properties":{"anthrome":62}},{"type":"Polygon","arcs":[[495,496]],"properties":{"anthrome":53}},{"type":"Polygon","arcs":[[497,498]],"properties":{"anthrome":61}},{"type":"Polygon","arcs":[[499,500]],"properties":{"anthrome":54}},{"type":"Polygon","arcs":[[501]],"properties":{"anthrome":63}},{"type":"Polygon","arcs":[[502,503,504]],"properties":{"anthrome":62}},{"type":"Polygon","arcs":[[505]],"properties":{"anthrome":61}},{"type":"Polygon","arcs":[[506]],"properties":{"anthrome":62}},{"type":"Polygon","arcs":[[507,508]],"properties":{"anthrome":53}},{"type":"Polygon","arcs":[[509,-382,-384,510,511,512,-380]],"properties":{"anthrome":53}},{"type":"Polygon","arcs":[[513,514,-511]],"properties":{"anthrome":52}},{"type":"Polygon","arcs":[[515,516,517,518,519]],"properties":{"anthrome":62}},{"type":"Polygon","arcs":[[520]],"properties":{"anthrome":53}},{"type":"Polygon","arcs":[[521]],"properties":{"anthrome":62}},{"type":"Polygon","arcs":[[522,-519]],"properties":{"anthrome":54}},{"type":"Polygon","arcs":[[523]],"properties":{"anthrome":62}},{"type":"Polygon","arcs":[[524]],"properties":{"anthrome":63}},{"type":"Polygon","arcs":[[525]],"properties":{"anthrome":63}},{"type":"Polygon","arcs":[[526,527]],"properties":{"anthrome":62}},{"type":"Polygon","arcs":[[528,529,530]],"properties":{"anthrome":61}},{"type":"Polygon","arcs":[[-481,531,532]],"properties":{"anthrome":43}},{"type":"Polygon","arcs":[[533]],"properties":{"anthrome":53}},{"type":"Polygon","arcs":[[534]],"properties":{"anthrome":53}},{"type":"Polygon","arcs":[[535]],"properties":{"anthrome":61}},{"type":"Polygon","arcs":[[536,537,538,539]],"properties":{"anthrome":61}},{"type":"Polygon","arcs":[[540,541,542,-538]],"properties":{"anthrome":53}},{"type":"Polygon","arcs":[[543,544,-542]],"properties":{"anthrome":62}},{"type":"Polygon","arcs":[[545,546]],"properties":{"anthrome":54}},{"type":"Polygon","arcs":[[547,548,549,550]],"properties":{"anthrome":54}},{"type":"Polygon","arcs":[[551]],"properties":{"anthrome":61}},{"type":"Polygon","arcs":[[552]],"properties":{"anthrome":61}},{"type":"Polygon","arcs":[[553]],"properties":{"anthrome":62}},{"type":"Polygon","arcs":[[554]],"properties":{"anthrome":62}},{"type":"Polygon","arcs":[[555]],"properties":{"anthrome":62}},{"type":"Polygon","arcs":[[556,557,558,559]],"properties":{"anthrome":53}},{"type":"Polygon","arcs":[[560,561,562,-558]],"properties":{"anthrome":54}},{"type":"Polygon","arcs":[[563,564,-562]],"properties":{"anthrome":62}},{"type":"Polygon","arcs":[[565,566,567,568]],"properties":{"anthrome":54}},{"type":"Polygon","arcs":[[569,570,571,572]],"properties":{"anthrome":53}},{"type":"Polygon","arcs":[[573,574,575,576]],"properties":{"anthrome":63}},{"type":"Polygon","arcs":[[577,578]],"properties":{"anthrome":62}},{"type":"Polygon","arcs":[[579,-445,580,-491,581,582,583,584,585]],"properties":{"anthrome":54}},{"type":"Polygon","arcs":[[586,-375,587,588,589]],"properties":{"anthrome":62}},{"type":"Polygon","arcs":[[590]],"properties":{"anthrome":63}},{"type":"Polygon","arcs":[[591,592,593]],"properties":{"anthrome":53}},{"type":"Polygon","arcs":[[594,595,-407,596,597,598,599,600,601,602,-567,603,604,605,-462,606,607],[-506]],"properties":{"anthrome":62}},{"type":"Polygon","arcs":[[608,609,610]],"properties":{"anthrome":53}},{"type":"Polygon","arcs":[[611,612]],"properties":{"anthrome":53}},{"type":"Polygon","arcs":[[613,614]],"properties":{"anthrome":53}},{"type":"Polygon","arcs":[[615,616]],"properties":{"anthrome":61}},{"type":"Polygon","arcs":[[-530,617,618]],"properties":{"anthrome":62}},{"type":"Polygon","arcs":[[619,620,621]],"properties":{"anthrome":61}},{"type":"Polygon","arcs":[[-539,622,623,624]],"properties":{"anthrome":53}},{"type":"Polygon","arcs":[[625,626]],"properties":{"anthrome":53}},{"type":"Polygon","arcs":[[627,628]],"properties":{"anthrome":53}},{"type":"Polygon","arcs":[[629,630,631]],"properties":{"anthrome":53}},{"type":"Polygon","arcs":[[632,633,634,635]],"properties":{"anthrome":54}},{"type":"Polygon","arcs":[[636]],"properties":{"anthrome":61}},{"type":"Polygon","arcs":[[637]],"properties":{"anthrome":62}},{"type":"Polygon","arcs":[[638]],"properties":{"anthrome":53}},{"type":"Polygon","arcs":[[639]],"properties":{"anthrome":53}},{"type":"Polygon","arcs":[[640,641,642,643]],"properties":{"anthrome":62}},{"type":"Polygon","arcs":[[644,645,-642]],"properties":{"anthrome":54}},{"type":"Polygon","arcs":[[646]],"properties":{"anthrome":53}},{"type":"Polygon","arcs":[[-568,647,648]],"properties":{"anthrome":53}},{"type":"Polygon","arcs":[[649,-602]],"properties":{"anthrome":61}},{"type":"Polygon","arcs":[[650,651,652]],"properties":{"anthrome":54}},{"type":"Polygon","arcs":[[653]],"properties":{"anthrome":62}},{"type":"Polygon","arcs":[[-171,654,655,-206,656,657,-335,658,-501,659,660,661,662,663,-634,664,665,-498,666,667,-389,668,-203,669,670]],"properties":{"anthrome":62}},{"type":"Polygon","arcs":[[671,672,673]],"properties":{"anthrome":61}},{"type":"Polygon","arcs":[[674]],"properties":{"anthrome":62}},{"type":"Polygon","arcs":[[675]],"properties":{"anthrome":61}},{"type":"Polygon","arcs":[[676]],"properties":{"anthrome":53}},{"type":"Polygon","arcs":[[677,678]],"properties":{"anthrome":61}},{"type":"Polygon","arcs":[[679,680,-294,-432,681,682,683,-622,684,685,686,-532,-484,-424,687,688,-317],[-426]],"properties":{"anthrome":53}},{"type":"Polygon","arcs":[[689]],"properties":{"anthrome":53}},{"type":"Polygon","arcs":[[690]],"properties":{"anthrome":53}},{"type":"Polygon","arcs":[[691,692,693]],"properties":{"anthrome":52}},{"type":"Polygon","arcs":[[694]],"properties":{"anthrome":61}},{"type":"Polygon","arcs":[[695]],"properties":{"anthrome":53}},{"type":"Polygon","arcs":[[696]],"properties":{"anthrome":61}},{"type":"Polygon","arcs":[[697,698,699,700]],"properties":{"anthrome":53}},{"type":"Polygon","arcs":[[701,702,703,-661]],"properties":{"anthrome":61}},{"type":"Polygon","arcs":[[704,705,-703]],"properties":{"anthrome":53}},{"type":"Polygon","arcs":[[706,707,708,709]],"properties":{"anthrome":54}},{"type":"Polygon","arcs":[[-643,710,711]],"properties":{"anthrome":53}},{"type":"Polygon","arcs":[[712,-653,713,714,-650]],"properties":{"anthrome":53}},{"type":"Polygon","arcs":[[715,716]],"properties":{"anthrome":62}},{"type":"Polygon","arcs":[[717,-577,718,719,720,721,722]],"properties":{"anthrome":62}},{"type":"Polygon","arcs":[[-617,723]],"properties":{"anthrome":62}},{"type":"Polygon","arcs":[[724,725]],"properties":{"anthrome":54}},{"type":"Polygon","arcs":[[726]],"properties":{"anthrome":53}},{"type":"Polygon","arcs":[[727]],"properties":{"anthrome":61}},{"type":"Polygon","arcs":[[728,729]],"properties":{"anthrome":61}},{"type":"Polygon","arcs":[[730,731]],"properties":{"anthrome":61}},{"type":"Polygon","arcs":[[732,733,734,-731]],"properties":{"anthrome":54}},{"type":"Polygon","arcs":[[735,736]],"properties":{"anthrome":61}},{"type":"Polygon","arcs":[[737,738,739]],"properties":{"anthrome":53}},{"type":"Polygon","arcs":[[740]],"properties":{"anthrome":53}},{"type":"Polygon","arcs":[[741,742,743,744,745]],"properties":{"anthrome":53}},{"type":"Polygon","arcs":[[746,747,748,749,750,-743,751]],"properties":{"anthrome":62}},{"type":"Polygon","arcs":[[752]],"properties":{"anthrome":53}},{"type":"Polygon","arcs":[[753,754,755]],"properties":{"anthrome":54}},{"type":"Polygon","arcs":[[756,757]],"properties":{"anthrome":53}},{"type":"Polygon","arcs":[[758,759,760,761]],"properties":{"anthrome":53}},{"type":"Polygon","arcs":[[762]],"properties":{"anthrome":62}},{"type":"Polygon","arcs":[[763]],"properties":{"anthrome":62}},{"type":"Polygon","arcs":[[764]],"properties":{"anthrome":62}},{"type":"Polygon","arcs":[[765]],"properties":{"anthrome":53}},{"type":"Polygon","arcs":[[766,767,768,769],[-502]],"properties":{"anthrome":62}},{"type":"Polygon","arcs":[[770]],"properties":{"anthrome":53}},{"type":"Polygon","arcs":[[771]],"properties":{"anthrome":61}},{"type":"Polygon","arcs":[[772,773]],"properties":{"anthrome":62}},{"type":"Polygon","arcs":[[774,775]],"properties":{"anthrome":53}},{"type":"Polygon","arcs":[[776,777]],"properties":{"anthrome":53}},{"type":"Polygon","arcs":[[778,779]],"properties":{"anthrome":62}},{"type":"Polygon","arcs":[[780,781,782,783]],"properties":{"anthrome":62}},{"type":"Polygon","arcs":[[784]],"properties":{"anthrome":61}},{"type":"Polygon","arcs":[[785,786]],"properties":{"anthrome":54}},{"type":"Polygon","arcs":[[787,788,789]],"properties":{"anthrome":61}},{"type":"Polygon","arcs":[[790,791]],"properties":{"anthrome":61}},{"type":"Polygon","arcs":[[792,793,794,795]],"properties":{"anthrome":43}},{"type":"Polygon","arcs":[[796]],"properties":{"anthrome":61}},{"type":"Polygon","arcs":[[797,798]],"properties":{"anthrome":61}},{"type":"Polygon","arcs":[[799,800]],"properties":{"anthrome":53}},{"type":"Polygon","arcs":[[801,802,803]],"properties":{"anthrome":53}},{"type":"Polygon","arcs":[[804]],"properties":{"anthrome":61}},{"type":"Polygon","arcs":[[805]],"properties":{"anthrome":53}},{"type":"Polygon","arcs":[[-775,806]],"properties":{"anthrome":61}},{"type":"Polygon","arcs":[[807]],"properties":{"anthrome":62}},{"type":"Polygon","arcs":[[808,809]],"properties":{"anthrome":61}},{"type":"Polygon","arcs":[[810,811,812,-796,813,814,815,816,817,-734,-686,818,819,-683]],"properties":{"anthrome":62}},{"type":"Polygon","arcs":[[820,-627,821,-740,-801,822,823,824,825,826,827,828,829,-623],[-696]],"properties":{"anthrome":61}},{"type":"Polygon","arcs":[[830,831]],"properties":{"anthrome":53}},{"type":"Polygon","arcs":[[832,833,834,835]],"properties":{"anthrome":54}},{"type":"Polygon","arcs":[[836,837]],"properties":{"anthrome":62}},{"type":"Polygon","arcs":[[838]],"properties":{"anthrome":53}},{"type":"Polygon","arcs":[[839]],"properties":{"anthrome":62}},{"type":"Polygon","arcs":[[840,841,842,-782]],"properties":{"anthrome":63}},{"type":"Polygon","arcs":[[843,844]],"properties":{"anthrome":61}},{"type":"Polygon","arcs":[[845]],"properties":{"anthrome":53}},{"type":"Polygon","arcs":[[846]],"properties":{"anthrome":61}},{"type":"Polygon","arcs":[[847]],"properties":{"anthrome":61}},{"type":"Polygon","arcs":[[-826,848]],"properties":{"anthrome":53}},{"type":"Polygon","arcs":[[849,850,-824]],"properties":{"anthrome":53}},{"type":"Polygon","arcs":[[-823,851,852]],"properties":{"anthrome":53}},{"type":"Polygon","arcs":[[853]],"properties":{"anthrome":53}},{"type":"Polygon","arcs":[[854,855,856,857]],"properties":{"anthrome":62}},{"type":"Polygon","arcs":[[858,859,-856]],"properties":{"anthrome":61}},{"type":"Polygon","arcs":[[860]],"properties":{"anthrome":53}},{"type":"Polygon","arcs":[[861]],"properties":{"anthrome":53}},{"type":"Polygon","arcs":[[862]],"properties":{"anthrome":62}},{"type":"Polygon","arcs":[[863]],"properties":{"anthrome":62}},{"type":"Polygon","arcs":[[864]],"properties":{"anthrome":62}},{"type":"Polygon","arcs":[[865,866,867,868,-834,869,870]],"properties":{"anthrome":62}},{"type":"Polygon","arcs":[[871,872,873,874,-786],[-846]],"properties":{"anthrome":62}},{"type":"Polygon","arcs":[[875,-792,876,877,878,879,880,881,-789]],"properties":{"anthrome":53}},{"type":"Polygon","arcs":[[882]],"properties":{"anthrome":53}},{"type":"Polygon","arcs":[[883]],"properties":{"anthrome":62}},{"type":"Polygon","arcs":[[884,-868,885]],"properties":{"anthrome":61}},{"type":"Polygon","arcs":[[886,887,888,889]],"properties":{"anthrome":63}},{"type":"Polygon","arcs":[[890,891]],"properties":{"anthrome":62}},{"type":"Polygon","arcs":[[892,893,894,-891]],"properties":{"anthrome":54}},{"type":"Polygon","arcs":[[895,896,897,-894]],"properties":{"anthrome":62}},{"type":"Polygon","arcs":[[898]],"properties":{"anthrome":53}},{"type":"Polygon","arcs":[[-784,899,900,901]],"properties":{"anthrome":54}},{"type":"Polygon","arcs":[[902,903]],"properties":{"anthrome":62}},{"type":"Polygon","arcs":[[904,905,906,907]],"properties":{"anthrome":62}},{"type":"Polygon","arcs":[[908,909,910]],"properties":{"anthrome":62}},{"type":"Polygon","arcs":[[911,912,913]],"properties":{"anthrome":53}},{"type":"Polygon","arcs":[[914,915]],"properties":{"anthrome":54}},{"type":"Polygon","arcs":[[916]],"properties":{"anthrome":53}},{"type":"Polygon","arcs":[[917]],"properties":{"anthrome":62}},{"type":"Polygon","arcs":[[918]],"properties":{"anthrome":54}},{"type":"Polygon","arcs":[[919]],"properties":{"anthrome":62}},{"type":"Polygon","arcs":[[-807,920,921,922,923,924]],"properties":{"anthrome":53}},{"type":"Polygon","arcs":[[925,926,927,928]],"properties":{"anthrome":54}},{"type":"Polygon","arcs":[[929,930,931]],"properties":{"anthrome":62}},{"type":"Polygon","arcs":[[932,933,934]],"properties":{"anthrome":62}},{"type":"Polygon","arcs":[[935]],"properties":{"anthrome":62}},{"type":"Polygon","arcs":[[936]],"properties":{"anthrome":53}},{"type":"Polygon","arcs":[[-476,937,-613,938,-726,939,-778,940,941,942,943,944,945,946,-871,947,-836,948,949],[-522]],"properties":{"anthrome":61}},{"type":"Polygon","arcs":[[950,-945,951,-888]],"properties":{"anthrome":62}},{"type":"Polygon","arcs":[[-942,952,953,954,955,956]],"properties":{"anthrome":54}},{"type":"Polygon","arcs":[[957,-199,958,-284,959,-423,960,-528,961,962,963],[-197],[-255]],"properties":{"anthrome":63}},{"type":"Polygon","arcs":[[964,965,966,967]],"properties":{"anthrome":62}},{"type":"Polygon","arcs":[[968,969,970,971]],"properties":{"anthrome":43}},{"type":"Polygon","arcs":[[972]],"properties":{"anthrome":53}},{"type":"Polygon","arcs":[[973,974]],"properties":{"anthrome":53}},{"type":"Polygon","arcs":[[975,976,977]],"properties":{"anthrome":62}},{"type":"Polygon","arcs":[[978]],"properties":{"anthrome":53}},{"type":"Polygon","arcs":[[979]],"properties":{"anthrome":53}},{"type":"Polygon","arcs":[[980]],"properties":{"anthrome":62}},{"type":"Polygon","arcs":[[981]],"properties":{"anthrome":62}},{"type":"Polygon","arcs":[[982,983]],"properties":{"anthrome":63}},{"type":"Polygon","arcs":[[984,985,986,987]],"properties":{"anthrome":62}},{"type":"Polygon","arcs":[[988,989,-986]],"properties":{"anthrome":63}},{"type":"Polygon","arcs":[[990,991]],"properties":{"anthrome":61}},{"type":"Polygon","arcs":[[992,993,-966]],"properties":{"anthrome":53}},{"type":"Polygon","arcs":[[994,995,996,-993]],"properties":{"anthrome":62}},{"type":"Polygon","arcs":[[997]],"properties":{"anthrome":61}},{"type":"Polygon","arcs":[[998,999,1000]],"properties":{"anthrome":61}},{"type":"Polygon","arcs":[[1001,-999]],"properties":{"anthrome":53}},{"type":"Polygon","arcs":[[1002]],"properties":{"anthrome":53}},{"type":"Polygon","arcs":[[1003]],"properties":{"anthrome":54}},{"type":"Polygon","arcs":[[1004,1005]],"properties":{"anthrome":62}},{"type":"Polygon","arcs":[[1006,1007]],"properties":{"anthrome":53}},{"type":"Polygon","arcs":[[1008]],"properties":{"anthrome":62}},{"type":"Polygon","arcs":[[1009]],"properties":{"anthrome":62}},{"type":"Polygon","arcs":[[1010]],"properties":{"anthrome":53}},{"type":"Polygon","arcs":[[1011]],"properties":{"anthrome":53}},{"type":"Polygon","arcs":[[1012]],"properties":{"anthrome":62}},{"type":"Polygon","arcs":[[1013,1014,1015,1016]],"properties":{"anthrome":62}},{"type":"Polygon","arcs":[[1017,1018,1019,-1015]],"properties":{"anthrome":63}},{"type":"Polygon","arcs":[[1020,1021]],"properties":{"anthrome":62}},{"type":"Polygon","arcs":[[1022,1023,1024,1025]],"properties":{"anthrome":53}},{"type":"Polygon","arcs":[[1026,1027,1028]],"properties":{"anthrome":53}},{"type":"Polygon","arcs":[[1029,1030,1031,1032,1033,1034,-878]],"properties":{"anthrome":62}},{"type":"Polygon","arcs":[[1035]],"properties":{"anthrome":61}},{"type":"Polygon","arcs":[[1036,1037,-852,1038,-803]],"properties":{"anthrome":61}},{"type":"Polygon","arcs":[[1039,-932,1040,1041,1042,1043]],"properties":{"anthrome":53}},{"type":"Polygon","arcs":[[-956,1044,1045,1046]],"properties":{"anthrome":53}},{"type":"Polygon","arcs":[[1047]],"properties":{"anthrome":53}},{"type":"Polygon","arcs":[[1048,1049]],"properties":{"anthrome":61}},{"type":"Polygon","arcs":[[1050]],"properties":{"anthrome":61}},{"type":"Polygon","arcs":[[1051,1052]],"properties":{"anthrome":61}},{"type":"Polygon","arcs":[[1053]],"properties":{"anthrome":53}},{"type":"Polygon","arcs":[[1054]],"properties":{"anthrome":53}},{"type":"Polygon","arcs":[[1055]],"properties":{"anthrome":53}},{"type":"Polygon","arcs":[[1056]],"properties":{"anthrome":62}},{"type":"Polygon","arcs":[[1057]],"properties":{"anthrome":61}},{"type":"Polygon","arcs":[[1058,1059]],"properties":{"anthrome":62}},{"type":"Polygon","arcs":[[1060,1061]],"properties":{"anthrome":54}},{"type":"Polygon","arcs":[[1062,1063,1064,-1061]],"properties":{"anthrome":53}},{"type":"Polygon","arcs":[[-954,1065,1066]],"properties":{"anthrome":61}},{"type":"Polygon","arcs":[[1067,1068]],"properties":{"anthrome":53}},{"type":"Polygon","arcs":[[1069,1070]],"properties":{"anthrome":53}},{"type":"Polygon","arcs":[[1071]],"properties":{"anthrome":61}},{"type":"Polygon","arcs":[[-987,1072,1073,1074]],"properties":{"anthrome":63}},{"type":"Polygon","arcs":[[1075,1076,1077,-1032]],"properties":{"anthrome":54}},{"type":"Polygon","arcs":[[-903,1078,-1077,1079,-1030]],"properties":{"anthrome":53}},{"type":"Polygon","arcs":[[1080,1081]],"properties":{"anthrome":61}},{"type":"Polygon","arcs":[[1082]],"properties":{"anthrome":61}},{"type":"Polygon","arcs":[[1083,1084]],"properties":{"anthrome":53}},{"type":"Polygon","arcs":[[1085]],"properties":{"anthrome":61}},{"type":"Polygon","arcs":[[1086,1087,1088]],"properties":{"anthrome":61}},{"type":"Polygon","arcs":[[1089,1090,1091]],"properties":{"anthrome":62}},{"type":"Polygon","arcs":[[1092,1093,1094]],"properties":{"anthrome":62}},{"type":"Polygon","arcs":[[1095]],"properties":{"anthrome":53}},{"type":"Polygon","arcs":[[1096]],"properties":{"anthrome":61}},{"type":"Polygon","arcs":[[1097,1098]],"properties":{"anthrome":61}},{"type":"Polygon","arcs":[[1099,1100]],"properties":{"anthrome":53}},{"type":"Polygon","arcs":[[1101,1102,-1042]],"properties":{"anthrome":62}},{"type":"Polygon","arcs":[[1103]],"properties":{"anthrome":53}},{"type":"Polygon","arcs":[[-22,1104,-41,1105,1106,1107,1108,-392,1109,1110,1111,1112,1113,1114,-760,1115,-708,1116,1117,1118,1119,-548,1120,1121,1122,1123,1124,1125,-207,1126,-182,1127,-69,1128,-39,1129],[-48],[-70],[-181],[-237],[-269],[-447],[-552],[-553],[-637],[-805]],"properties":{"anthrome":62}},{"type":"Polygon","arcs":[[-666,1130,-636,1131,-663,1132,1133,-855,-745,1134,-750,1135,-699,-630],[-753]],"properties":{"anthrome":61}},{"type":"Polygon","arcs":[[1136,1137,1138,1139,1140,1141]],"properties":{"anthrome":62}},{"type":"Polygon","arcs":[[-1137,1142,1143,1144]],"properties":{"anthrome":61}},{"type":"Polygon","arcs":[[1145,-1022,1146,-1026,1147,1148,1149,1150,1151,1152]],"properties":{"anthrome":61}},{"type":"Polygon","arcs":[[1153,1154,1155,1156,1157,-1064]],"properties":{"anthrome":62}},{"type":"Polygon","arcs":[[1158,1159,-1157]],"properties":{"anthrome":61}},{"type":"Polygon","arcs":[[1160,1161]],"properties":{"anthrome":53}},{"type":"Polygon","arcs":[[1162,1163,1164]],"properties":{"anthrome":53}},{"type":"Polygon","arcs":[[1165,1166]],"properties":{"anthrome":53}},{"type":"Polygon","arcs":[[1167]],"properties":{"anthrome":61}},{"type":"Polygon","arcs":[[1168,1169,1170]],"properties":{"anthrome":52}},{"type":"Polygon","arcs":[[-1033,1171,1172,1173]],"properties":{"anthrome":54}},{"type":"Polygon","arcs":[[-1078,1174,-1172]],"properties":{"anthrome":53}},{"type":"Polygon","arcs":[[1175]],"properties":{"anthrome":61}},{"type":"Polygon","arcs":[[1176]],"properties":{"anthrome":61}},{"type":"Polygon","arcs":[[1177]],"properties":{"anthrome":61}},{"type":"Polygon","arcs":[[1178]],"properties":{"anthrome":53}},{"type":"Polygon","arcs":[[1179,1180,-1139]],"properties":{"anthrome":54}},{"type":"Polygon","arcs":[[1181]],"properties":{"anthrome":61}},{"type":"Polygon","arcs":[[1182]],"properties":{"anthrome":61}},{"type":"Polygon","arcs":[[1183]],"properties":{"anthrome":62}},{"type":"Polygon","arcs":[[1184]],"properties":{"anthrome":62}},{"type":"Polygon","arcs":[[1185]],"properties":{"anthrome":62}},{"type":"Polygon","arcs":[[1186]],"properties":{"anthrome":61}},{"type":"Polygon","arcs":[[1187,1188]],"properties":{"anthrome":61}},{"type":"Polygon","arcs":[[1189,-1151,1190,1191]],"properties":{"anthrome":53}},{"type":"Polygon","arcs":[[1192,1193,-1149]],"properties":{"anthrome":62}},{"type":"Polygon","arcs":[[1194,1195,1196]],"properties":{"anthrome":53}},{"type":"Polygon","arcs":[[1197,1198,1199,1200]],"properties":{"anthrome":62}},{"type":"Polygon","arcs":[[1201,-842,1202,-845,1203,-875,1204,1205,1206,1207,1208,1209,-1049,1210,-901]],"properties":{"anthrome":53}},{"type":"Polygon","arcs":[[1211,1212,1213,1214,1215,1216,1217,1218,1219,-880]],"properties":{"anthrome":63}},{"type":"Polygon","arcs":[[-1171,1220,1221]],"properties":{"anthrome":54}},{"type":"Polygon","arcs":[[1222]],"properties":{"anthrome":53}},{"type":"Polygon","arcs":[[1223]],"properties":{"anthrome":53}},{"type":"Polygon","arcs":[[1224,1225,1226,1227]],"properties":{"anthrome":54}},{"type":"Polygon","arcs":[[1228,1229,1230]],"properties":{"anthrome":53}},{"type":"Polygon","arcs":[[1231]],"properties":{"anthrome":53}},{"type":"Polygon","arcs":[[1232,1233]],"properties":{"anthrome":53}},{"type":"Polygon","arcs":[[1234,1235,1236,1237]],"properties":{"anthrome":63}},{"type":"Polygon","arcs":[[1238,-1217,1239,1240]],"properties":{"anthrome":53}},{"type":"Polygon","arcs":[[1241,-1215]],"properties":{"anthrome":54}},{"type":"Polygon","arcs":[[1242]],"properties":{"anthrome":53}},{"type":"Polygon","arcs":[[1243]],"properties":{"anthrome":61}},{"type":"Polygon","arcs":[[1244]],"properties":{"anthrome":53}},{"type":"Polygon","arcs":[[1245]],"properties":{"anthrome":53}},{"type":"Polygon","arcs":[[1246]],"properties":{"anthrome":62}},{"type":"Polygon","arcs":[[1247]],"properties":{"anthrome":62}},{"type":"Polygon","arcs":[[1248]],"properties":{"anthrome":53}},{"type":"Polygon","arcs":[[1249,1250]],"properties":{"anthrome":53}},{"type":"Polygon","arcs":[[1251,-1219,1252,-1241,1253,1254,1255,1256,-1073,-990]],"properties":{"anthrome":62}},{"type":"Polygon","arcs":[[1257,1258]],"properties":{"anthrome":62}},{"type":"Polygon","arcs":[[1259]],"properties":{"anthrome":62}},{"type":"Polygon","arcs":[[1260,1261,1262,1263,1264]],"properties":{"anthrome":62}},{"type":"Polygon","arcs":[[1265,1266,1267,1268]],"properties":{"anthrome":52}},{"type":"Polygon","arcs":[[1269]],"properties":{"anthrome":61}},{"type":"Polygon","arcs":[[-1264,1270,1271]],"properties":{"anthrome":63}},{"type":"Polygon","arcs":[[1272]],"properties":{"anthrome":53}},{"type":"Polygon","arcs":[[1273]],"properties":{"anthrome":63}},{"type":"Polygon","arcs":[[1274,1275,1276,-1255]],"properties":{"anthrome":53}},{"type":"Polygon","arcs":[[1277,1278,1279,-1276]],"properties":{"anthrome":63}},{"type":"Polygon","arcs":[[1280,-1279]],"properties":{"anthrome":62}},{"type":"Polygon","arcs":[[1281,1282]],"properties":{"anthrome":42}},{"type":"Polygon","arcs":[[1283,1284,1285,1286]],"properties":{"anthrome":61}},{"type":"Polygon","arcs":[[1287]],"properties":{"anthrome":61}},{"type":"Polygon","arcs":[[1288,1289]],"properties":{"anthrome":61}},{"type":"Polygon","arcs":[[1290]],"properties":{"anthrome":61}},{"type":"Polygon","arcs":[[1291]],"properties":{"anthrome":61}},{"type":"Polygon","arcs":[[1292]],"properties":{"anthrome":53}},{"type":"Polygon","arcs":[[1293,1294,1295]],"properties":{"anthrome":53}},{"type":"Polygon","arcs":[[1296]],"properties":{"anthrome":53}},{"type":"Polygon","arcs":[[1297]],"properties":{"anthrome":61}},{"type":"Polygon","arcs":[[1298]],"properties":{"anthrome":61}},{"type":"Polygon","arcs":[[1299,1300]],"properties":{"anthrome":61}},{"type":"Polygon","arcs":[[1301]],"properties":{"anthrome":54}},{"type":"Polygon","arcs":[[1302]],"properties":{"anthrome":53}},{"type":"Polygon","arcs":[[-1268,1303,1304,1305,1306,1307]],"properties":{"anthrome":53}},{"type":"Polygon","arcs":[[1308,1309,1310,1311,1312,1313,1314]],"properties":{"anthrome":53}},{"type":"Polygon","arcs":[[-1200,1315,1316,1317]],"properties":{"anthrome":61}},{"type":"Polygon","arcs":[[1318,1319,1320,1321]],"properties":{"anthrome":61}},{"type":"Polygon","arcs":[[1322,1323,1324,-1320]],"properties":{"anthrome":62}},{"type":"Polygon","arcs":[[1325,1326,1327,1328]],"properties":{"anthrome":43}},{"type":"Polygon","arcs":[[1329]],"properties":{"anthrome":61}},{"type":"Polygon","arcs":[[1330]],"properties":{"anthrome":53}},{"type":"Polygon","arcs":[[1331]],"properties":{"anthrome":61}},{"type":"Polygon","arcs":[[1332]],"properties":{"anthrome":53}},{"type":"Polygon","arcs":[[1333,1334,1335,1336]],"properties":{"anthrome":53}},{"type":"Polygon","arcs":[[1337,1338,1339,1340,1341,-1335]],"properties":{"anthrome":54}},{"type":"Polygon","arcs":[[1342,1343]],"properties":{"anthrome":53}},{"type":"Polygon","arcs":[[1344,1345,1346,1347,1348,1349,1350]],"properties":{"anthrome":63}},{"type":"Polygon","arcs":[[1351,1352,-1347]],"properties":{"anthrome":61}},{"type":"Polygon","arcs":[[1353,1354,1355]],"properties":{"anthrome":61}},{"type":"Polygon","arcs":[[1356,1357]],"properties":{"anthrome":42}},{"type":"Polygon","arcs":[[1358,1359,1360,1361]],"properties":{"anthrome":52}},{"type":"Polygon","arcs":[[1362,1363,1364,-1360]],"properties":{"anthrome":53}},{"type":"Polygon","arcs":[[1365,1366]],"properties":{"anthrome":61}},{"type":"Polygon","arcs":[[1367]],"properties":{"anthrome":61}},{"type":"Polygon","arcs":[[1368]],"properties":{"anthrome":53}},{"type":"Polygon","arcs":[[1369,1370]],"properties":{"anthrome":53}},{"type":"Polygon","arcs":[[1371]],"properties":{"anthrome":53}},{"type":"Polygon","arcs":[[1372]],"properties":{"anthrome":61}},{"type":"Polygon","arcs":[[1373]],"properties":{"anthrome":61}},{"type":"Polygon","arcs":[[1374]],"properties":{"anthrome":61}},{"type":"Polygon","arcs":[[1375,1376,1377,-1341]],"properties":{"anthrome":61}},{"type":"Polygon","arcs":[[1378,1379,1380,-1377]],"properties":{"anthrome":53}},{"type":"Polygon","arcs":[[1381,1382,1383,-1380]],"properties":{"anthrome":61}},{"type":"Polygon","arcs":[[-1300,1384,-1383]],"properties":{"anthrome":53}},{"type":"Polygon","arcs":[[1385]],"properties":{"anthrome":53}},{"type":"Polygon","arcs":[[1386,1387,1388]],"properties":{"anthrome":62}},{"type":"Polygon","arcs":[[1389]],"properties":{"anthrome":61}},{"type":"Polygon","arcs":[[-1312,1390,1391,1392]],"properties":{"anthrome":54}},{"type":"Polygon","arcs":[[1393]],"properties":{"anthrome":63}},{"type":"Polygon","arcs":[[1394,1395]],"properties":{"anthrome":53}},{"type":"Polygon","arcs":[[1396,1397,-1006,1398,1399,-1091,-1007,1400,-1296,-1371,1401,1402,1403,1404,1405,1406],[-1245]],"properties":{"anthrome":54}},{"type":"Polygon","arcs":[[-1295,1407,1408,1409]],"properties":{"anthrome":62}},{"type":"Polygon","arcs":[[1410,1411,1412,1413]],"properties":{"anthrome":61}},{"type":"Polygon","arcs":[[1414,1415]],"properties":{"anthrome":62}},{"type":"Polygon","arcs":[[1416,1417]],"properties":{"anthrome":62}},{"type":"Polygon","arcs":[[1418,1419,1420,1421,1422]],"properties":{"anthrome":53}},{"type":"Polygon","arcs":[[1423]],"properties":{"anthrome":53}},{"type":"Polygon","arcs":[[1424,1425,1426]],"properties":{"anthrome":63}},{"type":"Polygon","arcs":[[1427,1428]],"properties":{"anthrome":62}},{"type":"Polygon","arcs":[[1429,1430,1431,1432]],"properties":{"anthrome":53}},{"type":"Polygon","arcs":[[1433,1434,-1290,1435,-1367,1436,1437,1438],[-1086],[-1176],[-1288]],"properties":{"anthrome":53}},{"type":"Polygon","arcs":[[1439]],"properties":{"anthrome":61}},{"type":"Polygon","arcs":[[1440]],"properties":{"anthrome":54}},{"type":"Polygon","arcs":[[1441,-1404]],"properties":{"anthrome":53}},{"type":"Polygon","arcs":[[1442]],"properties":{"anthrome":61}},{"type":"Polygon","arcs":[[1443,1444,1445,1446]],"properties":{"anthrome":54}},{"type":"Polygon","arcs":[[1447,1448]],"properties":{"anthrome":53}},{"type":"Polygon","arcs":[[1449]],"properties":{"anthrome":62}},{"type":"Polygon","arcs":[[1450,1451,1452,1453]],"properties":{"anthrome":53}},{"type":"Polygon","arcs":[[1454,1455,1456,-1452]],"properties":{"anthrome":54}},{"type":"Polygon","arcs":[[1457,1458,1459,1460,1461]],"properties":{"anthrome":61}},{"type":"Polygon","arcs":[[1462,-1234,1463,-1238,1464,1465,1466,1467,1468,1469,1470,-1354,1471]],"properties":{"anthrome":62}},{"type":"Polygon","arcs":[[1472]],"properties":{"anthrome":54}},{"type":"Polygon","arcs":[[1473,1474,1475,1476]],"properties":{"anthrome":62}},{"type":"Polygon","arcs":[[1477,1478,1479,1480]],"properties":{"anthrome":53}},{"type":"Polygon","arcs":[[1481,1482,1483]],"properties":{"anthrome":62}},{"type":"Polygon","arcs":[[1484]],"properties":{"anthrome":61}},{"type":"Polygon","arcs":[[1485,-1468,1486,1487]],"properties":{"anthrome":63}},{"type":"Polygon","arcs":[[-1426,1488,1489,1490]],"properties":{"anthrome":62}},{"type":"Polygon","arcs":[[1491,1492,1493,-1489]],"properties":{"anthrome":63}},{"type":"Polygon","arcs":[[1494,1495,-1493]],"properties":{"anthrome":62}},{"type":"Polygon","arcs":[[1496]],"properties":{"anthrome":62}},{"type":"Polygon","arcs":[[1497,1498]],"properties":{"anthrome":61}},{"type":"Polygon","arcs":[[1499,1500,1501,1502]],"properties":{"anthrome":54}},{"type":"Polygon","arcs":[[1503,1504,1505]],"properties":{"anthrome":52}},{"type":"Polygon","arcs":[[-817,1506,1507,-995,-965,1508,1509,1510,-1284,1511,-1361,1512,1513,1514,1515,1516,1517,-1266,-1081,-991,1518],[-1083]],"properties":{"anthrome":53}},{"type":"Polygon","arcs":[[1519,-1514]],"properties":{"anthrome":61}},{"type":"Polygon","arcs":[[1520]],"properties":{"anthrome":61}},{"type":"Polygon","arcs":[[1521,1522]],"properties":{"anthrome":54}},{"type":"Polygon","arcs":[[-1442,1523,1524,1525]],"properties":{"anthrome":54}},{"type":"Polygon","arcs":[[1526]],"properties":{"anthrome":54}},{"type":"Polygon","arcs":[[1527]],"properties":{"anthrome":61}},{"type":"Polygon","arcs":[[1528,1529]],"properties":{"anthrome":63}},{"type":"Polygon","arcs":[[1530,1531,1532,1533]],"properties":{"anthrome":54}},{"type":"Polygon","arcs":[[-1446,1534,1535]],"properties":{"anthrome":61}},{"type":"Polygon","arcs":[[1536,1537,1538,1539]],"properties":{"anthrome":61}},{"type":"Polygon","arcs":[[1540,-1460,1541,1542]],"properties":{"anthrome":53}},{"type":"Polygon","arcs":[[1543]],"properties":{"anthrome":62}},{"type":"Polygon","arcs":[[1544]],"properties":{"anthrome":61}},{"type":"Polygon","arcs":[[1545]],"properties":{"anthrome":62}},{"type":"Polygon","arcs":[[1546,1547,1548,1549]],"properties":{"anthrome":63}},{"type":"Polygon","arcs":[[1550]],"properties":{"anthrome":54}},{"type":"Polygon","arcs":[[1551,1552]],"properties":{"anthrome":62}},{"type":"Polygon","arcs":[[1553,-1344,-1421,1554,-1484,1555,1556,-1552,-1417,1557]],"properties":{"anthrome":54}},{"type":"Polygon","arcs":[[1558,1559,1560]],"properties":{"anthrome":63}},{"type":"Polygon","arcs":[[1561,1562,1563,1564]],"properties":{"anthrome":53}},{"type":"Polygon","arcs":[[-1395,1565]],"properties":{"anthrome":61}},{"type":"Polygon","arcs":[[1566]],"properties":{"anthrome":53}},{"type":"Polygon","arcs":[[1567,1568,1569,1570]],"properties":{"anthrome":61}},{"type":"Polygon","arcs":[[1571,1572]],"properties":{"anthrome":61}},{"type":"Polygon","arcs":[[1573,1574,1575,1576]],"properties":{"anthrome":62}},{"type":"Polygon","arcs":[[1577]],"properties":{"anthrome":62}},{"type":"Polygon","arcs":[[1578,1579]],"properties":{"anthrome":62}},{"type":"Polygon","arcs":[[1580]],"properties":{"anthrome":62}},{"type":"Polygon","arcs":[[-1549,1581]],"properties":{"anthrome":62}},{"type":"Polygon","arcs":[[-1502,1582,1583,1584]],"properties":{"anthrome":52}},{"type":"Polygon","arcs":[[1585,-1583]],"properties":{"anthrome":53}},{"type":"Polygon","arcs":[[1586,-1517,1587,1588,1589,1590,1591,1592,-1305]],"properties":{"anthrome":61}},{"type":"Polygon","arcs":[[1593,1594,1595,1596]],"properties":{"anthrome":52}},{"type":"Polygon","arcs":[[1597,1598,1599,-1595]],"properties":{"anthrome":61}},{"type":"Polygon","arcs":[[1600]],"properties":{"anthrome":61}},{"type":"Polygon","arcs":[[1601]],"properties":{"anthrome":61}},{"type":"Polygon","arcs":[[1602]],"properties":{"anthrome":61}},{"type":"Polygon","arcs":[[1603]],"properties":{"anthrome":61}},{"type":"Polygon","arcs":[[1604]],"properties":{"anthrome":61}},{"type":"Polygon","arcs":[[1605]],"properties":{"anthrome":61}},{"type":"Polygon","arcs":[[-1525,1606,1607,1608]],"properties":{"anthrome":62}},{"type":"Polygon","arcs":[[1609]],"properties":{"anthrome":53}},{"type":"Polygon","arcs":[[1610,1611,1612,1613]],"properties":{"anthrome":53}},{"type":"Polygon","arcs":[[1614,1615,1616]],"properties":{"anthrome":61}},{"type":"Polygon","arcs":[[1617,1618,1619]],"properties":{"anthrome":53}},{"type":"Polygon","arcs":[[1620]],"properties":{"anthrome":54}},{"type":"Polygon","arcs":[[-1533,1621,1622,1623]],"properties":{"anthrome":61}},{"type":"Polygon","arcs":[[1624,1625,1626]],"properties":{"anthrome":54}},{"type":"Polygon","arcs":[[1627,1628,-1626]],"properties":{"anthrome":53}},{"type":"Polygon","arcs":[[-1459,1629,1630,1631]],"properties":{"anthrome":53}},{"type":"Polygon","arcs":[[-1480,1632,1633,-1630]],"properties":{"anthrome":61}},{"type":"Polygon","arcs":[[1634]],"properties":{"anthrome":53}},{"type":"Polygon","arcs":[[-1384,1635,1636,1637]],"properties":{"anthrome":53}},{"type":"Polygon","arcs":[[-1467,1638,1639,1640,1641,1642]],"properties":{"anthrome":63}},{"type":"Polygon","arcs":[[1643,1644]],"properties":{"anthrome":61}},{"type":"Polygon","arcs":[[1645]],"properties":{"anthrome":53}},{"type":"Polygon","arcs":[[1646,1647,1648]],"properties":{"anthrome":62}},{"type":"Polygon","arcs":[[1649,1650,1651,1652]],"properties":{"anthrome":54}},{"type":"Polygon","arcs":[[1653,1654,1655,-1651]],"properties":{"anthrome":53}},{"type":"Polygon","arcs":[[1656,1657]],"properties":{"anthrome":63}},{"type":"Polygon","arcs":[[-1560,1658,1659,-1657]],"properties":{"anthrome":53}},{"type":"Polygon","arcs":[[-1487,-1643,1660,1661,1662,1663]],"properties":{"anthrome":54}},{"type":"Polygon","arcs":[[1664,-1641]],"properties":{"anthrome":62}},{"type":"Polygon","arcs":[[1665,1666,1667]],"properties":{"anthrome":62}},{"type":"Polygon","arcs":[[1668]],"properties":{"anthrome":62}},{"type":"Polygon","arcs":[[1669]],"properties":{"anthrome":53}},{"type":"Polygon","arcs":[[1670,1671]],"properties":{"anthrome":63}},{"type":"Polygon","arcs":[[1672,1673,1674]],"properties":{"anthrome":62}},{"type":"Polygon","arcs":[[-1584,1675,1676]],"properties":{"anthrome":53}},{"type":"Polygon","arcs":[[1677,1678,1679]],"properties":{"anthrome":52}},{"type":"Polygon","arcs":[[1680]],"properties":{"anthrome":61}},{"type":"Polygon","arcs":[[1681]],"properties":{"anthrome":61}},{"type":"Polygon","arcs":[[1682]],"properties":{"anthrome":61}},{"type":"Polygon","arcs":[[1683]],"properties":{"anthrome":61}},{"type":"Polygon","arcs":[[1684]],"properties":{"anthrome":61}},{"type":"Polygon","arcs":[[1685]],"properties":{"anthrome":53}},{"type":"Polygon","arcs":[[1686]],"properties":{"anthrome":53}},{"type":"Polygon","arcs":[[1687]],"properties":{"anthrome":53}},{"type":"Polygon","arcs":[[1688,1689,1690]],"properties":{"anthrome":53}},{"type":"Polygon","arcs":[[1691,1692,1693,1694]],"properties":{"anthrome":61}},{"type":"Polygon","arcs":[[1695,1696,1697,-1693]],"properties":{"anthrome":53}},{"type":"Polygon","arcs":[[-1616,1698,1699,1700]],"properties":{"anthrome":54}},{"type":"Polygon","arcs":[[1701,1702]],"properties":{"anthrome":62}},{"type":"Polygon","arcs":[[1703]],"properties":{"anthrome":61}},{"type":"Polygon","arcs":[[1704]],"properties":{"anthrome":54}},{"type":"Polygon","arcs":[[-1631,1705,1706]],"properties":{"anthrome":61}},{"type":"Polygon","arcs":[[1707,1708,1709,1710]],"properties":{"anthrome":54}},{"type":"Polygon","arcs":[[1711,1712,1713,1714]],"properties":{"anthrome":53}},{"type":"Polygon","arcs":[[-1570,1715,1716,1717]],"properties":{"anthrome":53}},{"type":"Polygon","arcs":[[1718,1719,-262,1720,-266,-328,1721,-357,-513,1722,1723,1724,1725,1726,1727,-1439,-1438,1728,1729,1730,1731,1732,1733,-1513,1734,-1327,-1326,-1511,-1510,1735,1736,-1085,1737,-970,1738,-815,1739,-794,1740,-812,1741,-487,-486,-429,1742,-246],[-377],[-378],[-488],[-489],[-534],[-535],[-677],[-690],[-727],[-691],[-1243]],"properties":{"anthrome":61}},{"type":"Polygon","arcs":[[1743,1744,-1530,1745,1746,-1615,1747,1748,-1697,1749,1750,1751,1752,1753,1754,1755,1756,-1611,1757,1758],[-1527],[-1528]],"properties":{"anthrome":62}},{"type":"Polygon","arcs":[[1759,1760,1761,1762,-1636,-1385]],"properties":{"anthrome":61}},{"type":"Polygon","arcs":[[1763]],"properties":{"anthrome":61}},{"type":"Polygon","arcs":[[1764,-1573,1765,1766,1767,1768,1769,1770,-1639]],"properties":{"anthrome":62}},{"type":"Polygon","arcs":[[1771,-1769]],"properties":{"anthrome":63}},{"type":"Polygon","arcs":[[1772,-1680,1773,1774,1775,1776]],"properties":{"anthrome":53}},{"type":"Polygon","arcs":[[1777]],"properties":{"anthrome":61}},{"type":"Polygon","arcs":[[1778]],"properties":{"anthrome":53}},{"type":"Polygon","arcs":[[1779,-1753]],"properties":{"anthrome":53}},{"type":"Polygon","arcs":[[-1711,1780,1781,1782]],"properties":{"anthrome":62}},{"type":"Polygon","arcs":[[1783]],"properties":{"anthrome":62}},{"type":"Polygon","arcs":[[1784,1785,1786,1787]],"properties":{"anthrome":62}},{"type":"Polygon","arcs":[[1788,1789]],"properties":{"anthrome":53}},{"type":"Polygon","arcs":[[1790,1791]],"properties":{"anthrome":61}},{"type":"Polygon","arcs":[[1792,1793,1794,1795]],"properties":{"anthrome":53}},{"type":"Polygon","arcs":[[1796,1797,-1774]],"properties":{"anthrome":52}},{"type":"Polygon","arcs":[[1798,1799]],"properties":{"anthrome":61}},{"type":"Polygon","arcs":[[1800]],"properties":{"anthrome":52}},{"type":"Polygon","arcs":[[1801]],"properties":{"anthrome":61}},{"type":"Polygon","arcs":[[1802,1803]],"properties":{"anthrome":61}},{"type":"Polygon","arcs":[[1804]],"properties":{"anthrome":61}},{"type":"Polygon","arcs":[[1805,1806,1807,1808]],"properties":{"anthrome":54}},{"type":"Polygon","arcs":[[1809]],"properties":{"anthrome":54}},{"type":"Polygon","arcs":[[1810]],"properties":{"anthrome":61}},{"type":"Polygon","arcs":[[1811,1812]],"properties":{"anthrome":53}},{"type":"Polygon","arcs":[[1813]],"properties":{"anthrome":53}},{"type":"Polygon","arcs":[[1814,1815]],"properties":{"anthrome":53}},{"type":"Polygon","arcs":[[1816]],"properties":{"anthrome":53}},{"type":"Polygon","arcs":[[-1694,1817,1818,1819]],"properties":{"anthrome":53}},{"type":"Polygon","arcs":[[1820,-1762,1821,1822]],"properties":{"anthrome":62}},{"type":"Polygon","arcs":[[1823,1824]],"properties":{"anthrome":54}},{"type":"Polygon","arcs":[[1825,1826]],"properties":{"anthrome":61}},{"type":"Polygon","arcs":[[1827,-1706,-1634,1828,-1478,1829,-1462,1830,1831,-1537,-1316,1832]],"properties":{"anthrome":62}},{"type":"Polygon","arcs":[[1833,1834,1835]],"properties":{"anthrome":61}},{"type":"Polygon","arcs":[[1836,1837]],"properties":{"anthrome":53}},{"type":"Polygon","arcs":[[1838,1839,1840,1841]],"properties":{"anthrome":53}},{"type":"Polygon","arcs":[[1842,1843,-1840]],"properties":{"anthrome":61}},{"type":"Polygon","arcs":[[1844,-113,1845,-131,1846,1847,1848,1849,-120,1850,-55,1851,-124,1852,1853,-139,1854,-111,1855,1856,1857,-28,1858,-35,1859,-31,1860,-11,1861,-9,1862],[1863],[-19,-18,-17,-16,1864],[-5],[-7],[-37],[-56],[1865],[-65,1866],[-67],[-77],[1867],[1868],[1869],[1870]],"properties":{"anthrome":63}},{"type":"Polygon","arcs":[[1871,1872,-1561,-1658,1873,1874,1875,1876,1877]],"properties":{"anthrome":62}},{"type":"Polygon","arcs":[[1878,1879,-923,1880,-1153,1881,-1192,1882,1883,1884,1885,1886,-1414,1887,-1444,1888,-1535,-1412,-1317,-1540,1889,-1627,1890,-1827,1891,-1825,1892,1893,1894,1895,-1760,-1301,1896,-1339,1897,1898,1899,-974,1900,1901],[-1098,-1099],[-1187],[-1189,-1188],[-1250,-1251],[-1302],[1902,-1623,1903,-1531],[-1621],[-1704],[-1705]],"properties":{"anthrome":62}},{"type":"Polygon","arcs":[[-1734,1904,1905,1906,1907,-1797,-1679,1908,-1599,-1520]],"properties":{"anthrome":53}},{"type":"Polygon","arcs":[[1909,1910]],"properties":{"anthrome":53}},{"type":"Polygon","arcs":[[1911,-1715,1912,1913,1914,1915,1916,1917,-1836,1918]],"properties":{"anthrome":62}},{"type":"Polygon","arcs":[[1919,1920,1921]],"properties":{"anthrome":54}},{"type":"Polygon","arcs":[[1922,1923,1924,1925]],"properties":{"anthrome":53}},{"type":"Polygon","arcs":[[1926,1927,1928,1929]],"properties":{"anthrome":63}},{"type":"Polygon","arcs":[[-1642,1930,-1928]],"properties":{"anthrome":62}},{"type":"Polygon","arcs":[[1931]],"properties":{"anthrome":62}},{"type":"Polygon","arcs":[[1932,1933]],"properties":{"anthrome":53}},{"type":"Polygon","arcs":[[-1800,1934]],"properties":{"anthrome":53}},{"type":"Polygon","arcs":[[1935]],"properties":{"anthrome":61}},{"type":"Polygon","arcs":[[1936]],"properties":{"anthrome":53}},{"type":"Polygon","arcs":[[-1754,1937,1938]],"properties":{"anthrome":53}},{"type":"Polygon","arcs":[[1939]],"properties":{"anthrome":61}},{"type":"Polygon","arcs":[[1940]],"properties":{"anthrome":54}},{"type":"Polygon","arcs":[[1941]],"properties":{"anthrome":62}},{"type":"Polygon","arcs":[[1942,1943,1944,-1876]],"properties":{"anthrome":63}},{"type":"Polygon","arcs":[[-1348,1945,1946,1947,-1944,1948,-1874,-1660,1949]],"properties":{"anthrome":61}},{"type":"Polygon","arcs":[[-1787,1950,1951,1952]],"properties":{"anthrome":54}},{"type":"Polygon","arcs":[[1953,1954,1955]],"properties":{"anthrome":61}},{"type":"Polygon","arcs":[[1956,1957,1958,1959]],"properties":{"anthrome":61}},{"type":"Polygon","arcs":[[1960,1961,1962,-1958]],"properties":{"anthrome":62}},{"type":"Polygon","arcs":[[1963,1964]],"properties":{"anthrome":61}},{"type":"Polygon","arcs":[[1965,1966,1967]],"properties":{"anthrome":61}},{"type":"Polygon","arcs":[[1968,-1907,1969,1970]],"properties":{"anthrome":42}},{"type":"Polygon","arcs":[[1971,1972]],"properties":{"anthrome":61}},{"type":"Polygon","arcs":[[1973,1974]],"properties":{"anthrome":61}},{"type":"Polygon","arcs":[[1975,1976,1977]],"properties":{"anthrome":61}},{"type":"Polygon","arcs":[[1978]],"properties":{"anthrome":54}},{"type":"Polygon","arcs":[[1979]],"properties":{"anthrome":53}},{"type":"Polygon","arcs":[[1980]],"properties":{"anthrome":61}},{"type":"Polygon","arcs":[[1981]],"properties":{"anthrome":53}},{"type":"Polygon","arcs":[[1982]],"properties":{"anthrome":53}},{"type":"Polygon","arcs":[[1983]],"properties":{"anthrome":53}},{"type":"Polygon","arcs":[[1984]],"properties":{"anthrome":62}},{"type":"Polygon","arcs":[[-1892,1985,1986]],"properties":{"anthrome":53}},{"type":"Polygon","arcs":[[-1835,1987,1988]],"properties":{"anthrome":53}},{"type":"Polygon","arcs":[[1989,-1916]],"properties":{"anthrome":54}},{"type":"Polygon","arcs":[[1990,-1844,1991,1992,1993],[1994,-1717,1995,-1568],[-1635]],"properties":{"anthrome":62}},{"type":"Polygon","arcs":[[1996,-1653,-1923,1997,1998,1999],[-1941]],"properties":{"anthrome":62}},{"type":"Polygon","arcs":[[-1922,2000,2001,2002]],"properties":{"anthrome":53}},{"type":"Polygon","arcs":[[2003,2004]],"properties":{"anthrome":61}},{"type":"Polygon","arcs":[[2005,-1577,2006,-1668,2007,2008,2009,2010,2011,-1962,2012,-1960,2013,-1955,2014,-1767]],"properties":{"anthrome":63}},{"type":"Polygon","arcs":[[2015]],"properties":{"anthrome":61}},{"type":"Polygon","arcs":[[2016]],"properties":{"anthrome":61}},{"type":"Polygon","arcs":[[2017]],"properties":{"anthrome":53}},{"type":"Polygon","arcs":[[2018]],"properties":{"anthrome":53}},{"type":"Polygon","arcs":[[2019]],"properties":{"anthrome":53}},{"type":"Polygon","arcs":[[2020,2021]],"properties":{"anthrome":53}},{"type":"Polygon","arcs":[[2022]],"properties":{"anthrome":53}},{"type":"Polygon","arcs":[[2023,-2002]],"properties":{"anthrome":61}},{"type":"Polygon","arcs":[[-1925,2024,2025]],"properties":{"anthrome":54}},{"type":"Polygon","arcs":[[2026,2027]],"properties":{"anthrome":53}},{"type":"Polygon","arcs":[[2028,-1953,2029,2030,2031,2032,2033]],"properties":{"anthrome":63}},{"type":"Polygon","arcs":[[2034,2035,-2031]],"properties":{"anthrome":62}},{"type":"Polygon","arcs":[[-2011,2036]],"properties":{"anthrome":61}},{"type":"Polygon","arcs":[[2037]],"properties":{"anthrome":63}},{"type":"Polygon","arcs":[[2038]],"properties":{"anthrome":61}},{"type":"Polygon","arcs":[[-1933,2039]],"properties":{"anthrome":61}},{"type":"Polygon","arcs":[[2040,2041,2042]],"properties":{"anthrome":61}},{"type":"Polygon","arcs":[[2043,2044,2045]],"properties":{"anthrome":33}},{"type":"Polygon","arcs":[[2046]],"properties":{"anthrome":51}},{"type":"Polygon","arcs":[[2047]],"properties":{"anthrome":61}},{"type":"Polygon","arcs":[[2048]],"properties":{"anthrome":61}},{"type":"Polygon","arcs":[[2049]],"properties":{"anthrome":61}},{"type":"Polygon","arcs":[[2050]],"properties":{"anthrome":53}},{"type":"Polygon","arcs":[[2051]],"properties":{"anthrome":53}},{"type":"Polygon","arcs":[[2052,-1895,2053,2054,2055]],"properties":{"anthrome":53}},{"type":"Polygon","arcs":[[2056,2057,2058]],"properties":{"anthrome":54}},{"type":"Polygon","arcs":[[2059,2060,-2057]],"properties":{"anthrome":53}},{"type":"Polygon","arcs":[[2061,2062]],"properties":{"anthrome":53}},{"type":"Polygon","arcs":[[2063,2064]],"properties":{"anthrome":53}},{"type":"Polygon","arcs":[[2065]],"properties":{"anthrome":61}},{"type":"Polygon","arcs":[[2066,-1307,2067,-1433,-1562,2068,-1674,2069,2070,2071,2072,2073,2074,-1791,2075,-1498,2076,-1357,2077,-1282]],"properties":{"anthrome":52}},{"type":"Polygon","arcs":[[2078,-1356,2079,-1470,2080,2081,-1663,2082,-2029,2083,2084,2085,2086,-1947,-1946,-1353],[-1485]],"properties":{"anthrome":53}},{"type":"Polygon","arcs":[[2087,2088,-1506,2089,2090,2091,2092,-2041,2093,2094,-2072,2095,-1676,-1586,-1501,2096,-1431]],"properties":{"anthrome":62}},{"type":"Polygon","arcs":[[2097,2098,-2009]],"properties":{"anthrome":61}},{"type":"Polygon","arcs":[[2099]],"properties":{"anthrome":53}},{"type":"Polygon","arcs":[[2100,2101,-162,2102,-177,-146,2103,2104,-226,2105,-253,2106,2107,-179,2108,-149,2109,-158,-1854,2110,-290,2111,2112,-1849,-1848,2113,-151,2114,-964,2115,-1550,2116,2117,2118,-1671,2119,-809,2120,-729,2121,-678,2122,2123,-984,2124,2125,2126,2127,2128,2129,2130,-616,2131,2132],[-166,-165,-167],[-173],[-174],[-175],[-227],[-315],[-316],[2133],[2134],[-421],[-479],[2135],[2136],[-525],[-526],[-591],[-676],[-728],[-1036],[2137],[-1072],[2138,2139],[-1168],[2140],[-1274],[-1394]],"properties":{"anthrome":62}},{"type":"Polygon","arcs":[[-2046,2141,2142]],"properties":{"anthrome":61}},{"type":"Polygon","arcs":[[2143,-388,2144,2145,-631,-698,2146,-747,2147,-746,-858,2148,-908,2149,2150,2151,-1396,2152,2153,2154,-629,-546,2155,-496,2156,-302],[-973],[-741],[-854],[-883],[-1003],[-1054],[-1055],[-1056],[-1057],[-1179],[-1331],[-1223],[-1293],[-1369]],"properties":{"anthrome":61}},{"type":"Polygon","arcs":[[2157]],"properties":{"anthrome":61}},{"type":"Polygon","arcs":[[2158]],"properties":{"anthrome":61}},{"type":"Polygon","arcs":[[2159,2160,2161,2162]],"properties":{"anthrome":53}},{"type":"Polygon","arcs":[[2163]],"properties":{"anthrome":53}},{"type":"Polygon","arcs":[[2164,-2033,2165,-2085]],"properties":{"anthrome":61}},{"type":"Polygon","arcs":[[2166,2167,2168,-2098]],"properties":{"anthrome":63}},{"type":"Polygon","arcs":[[2169,2170,2171]],"properties":{"anthrome":62}},{"type":"Polygon","arcs":[[2172,2173]],"properties":{"anthrome":62}},{"type":"Polygon","arcs":[[2174]],"properties":{"anthrome":62}},{"type":"Polygon","arcs":[[-2074,2175]],"properties":{"anthrome":42}},{"type":"Polygon","arcs":[[2176,2177]],"properties":{"anthrome":42}},{"type":"Polygon","arcs":[[2178,2179,-2045]],"properties":{"anthrome":52}},{"type":"Polygon","arcs":[[2180]],"properties":{"anthrome":54}},{"type":"Polygon","arcs":[[2181]],"properties":{"anthrome":61}},{"type":"Polygon","arcs":[[2182]],"properties":{"anthrome":53}},{"type":"Polygon","arcs":[[2183]],"properties":{"anthrome":61}},{"type":"Polygon","arcs":[[2184,2185]],"properties":{"anthrome":53}},{"type":"Polygon","arcs":[[2186,2187,2188,-2161]],"properties":{"anthrome":54}},{"type":"Polygon","arcs":[[2189,2190,2191,-2188]],"properties":{"anthrome":53}},{"type":"Polygon","arcs":[[2192,2193]],"properties":{"anthrome":62}},{"type":"Polygon","arcs":[[2194,2195,2196,-2193]],"properties":{"anthrome":54}},{"type":"Polygon","arcs":[[-2061,2197,2198]],"properties":{"anthrome":61}},{"type":"Polygon","arcs":[[2199,2200,2201]],"properties":{"anthrome":53}},{"type":"Polygon","arcs":[[2202,2203,2204,2205,2206,2207,2208,2209,-2008]],"properties":{"anthrome":62}},{"type":"Polygon","arcs":[[2210,2211]],"properties":{"anthrome":53}},{"type":"Polygon","arcs":[[2212,2213,2214,2215,2216,2217],[-1299],[-1375]],"properties":{"anthrome":53}},{"type":"Polygon","arcs":[[2218,2219,2220,2221,2222]],"properties":{"anthrome":52}},{"type":"Polygon","arcs":[[2223,-2172,2224,2225,-2207]],"properties":{"anthrome":63}},{"type":"Polygon","arcs":[[2226]],"properties":{"anthrome":53}},{"type":"Polygon","arcs":[[2227,2228,2229,-2042,-1967]],"properties":{"anthrome":53}},{"type":"Polygon","arcs":[[2230]],"properties":{"anthrome":61}},{"type":"Polygon","arcs":[[2231]],"properties":{"anthrome":61}},{"type":"Polygon","arcs":[[2232,-1987,2233,2234,2235,2236]],"properties":{"anthrome":61}},{"type":"Polygon","arcs":[[2237,2238,2239]],"properties":{"anthrome":61}},{"type":"Polygon","arcs":[[2240,2241,2242]],"properties":{"anthrome":53}},{"type":"Polygon","arcs":[[2243]],"properties":{"anthrome":53}},{"type":"Polygon","arcs":[[2244,2245,2246]],"properties":{"anthrome":62}},{"type":"Polygon","arcs":[[2247]],"properties":{"anthrome":53}},{"type":"Polygon","arcs":[[2248,2249]],"properties":{"anthrome":62}},{"type":"Polygon","arcs":[[2250,2251]],"properties":{"anthrome":62}},{"type":"Polygon","arcs":[[2252,2253]],"properties":{"anthrome":61}},{"type":"Polygon","arcs":[[2254,2255,2256]],"properties":{"anthrome":61}},{"type":"Polygon","arcs":[[2257,2258,2259]],"properties":{"anthrome":43}},{"type":"Polygon","arcs":[[-2095,2260,2261]],"properties":{"anthrome":61}},{"type":"Polygon","arcs":[[2262,2263]],"properties":{"anthrome":61}},{"type":"Polygon","arcs":[[2264]],"properties":{"anthrome":61}},{"type":"Polygon","arcs":[[2265,2266,-2221]],"properties":{"anthrome":61}},{"type":"Polygon","arcs":[[2267]],"properties":{"anthrome":61}},{"type":"Polygon","arcs":[[2268]],"properties":{"anthrome":61}},{"type":"Polygon","arcs":[[2269]],"properties":{"anthrome":61}},{"type":"Polygon","arcs":[[2270,2271]],"properties":{"anthrome":53}},{"type":"Polygon","arcs":[[2272,-2235]],"properties":{"anthrome":62}},{"type":"Polygon","arcs":[[-2058,2273,2274,-2196]],"properties":{"anthrome":53}},{"type":"Polygon","arcs":[[-2201,2275,2276,2277]],"properties":{"anthrome":54}},{"type":"Polygon","arcs":[[2278,-2209,2279,2280,2281,-2246,2282,-2168]],"properties":{"anthrome":54}},{"type":"Polygon","arcs":[[-2073,-2262,2283,2284,2285]],"properties":{"anthrome":53}},{"type":"Polygon","arcs":[[2286]],"properties":{"anthrome":61}},{"type":"Polygon","arcs":[[2287,2288]],"properties":{"anthrome":53}},{"type":"Polygon","arcs":[[2289,2290,2291,2292]],"properties":{"anthrome":53}},{"type":"Polygon","arcs":[[2293]],"properties":{"anthrome":63}},{"type":"Polygon","arcs":[[2294]],"properties":{"anthrome":61}},{"type":"Polygon","arcs":[[-2282,2295]],"properties":{"anthrome":62}},{"type":"Polygon","arcs":[[2296,-2280]],"properties":{"anthrome":53}},{"type":"Polygon","arcs":[[2297,2298,2299,2300]],"properties":{"anthrome":53}},{"type":"Polygon","arcs":[[2301,2302,2303,-2299]],"properties":{"anthrome":54}},{"type":"Polygon","arcs":[[2304]],"properties":{"anthrome":53}},{"type":"Polygon","arcs":[[-2259,2305,2306]],"properties":{"anthrome":61}},{"type":"Polygon","arcs":[[2307,2308,2309]],"properties":{"anthrome":61}},{"type":"Polygon","arcs":[[2310]],"properties":{"anthrome":52}},{"type":"Polygon","arcs":[[2311,2312,2313,2314]],"properties":{"anthrome":61}},{"type":"Polygon","arcs":[[2315,2316,2317,-2313]],"properties":{"anthrome":52}},{"type":"Polygon","arcs":[[2318]],"properties":{"anthrome":54}},{"type":"Polygon","arcs":[[2319]],"properties":{"anthrome":62}},{"type":"Polygon","arcs":[[2320,2321,2322]],"properties":{"anthrome":54}},{"type":"Polygon","arcs":[[2323,2324]],"properties":{"anthrome":54}},{"type":"Polygon","arcs":[[2325,2326]],"properties":{"anthrome":54}},{"type":"Polygon","arcs":[[2327,2328,2329,2330]],"properties":{"anthrome":53}},{"type":"Polygon","arcs":[[2331,2332,2333,-2329]],"properties":{"anthrome":62}},{"type":"Polygon","arcs":[[2334]],"properties":{"anthrome":54}},{"type":"Polygon","arcs":[[2335,2336,-1964,2337]],"properties":{"anthrome":62}},{"type":"Polygon","arcs":[[2338]],"properties":{"anthrome":62}},{"type":"Polygon","arcs":[[2339,-2278,2340,2341,2342]],"properties":{"anthrome":53}},{"type":"Polygon","arcs":[[2343,2344,2345,2346,-2303,2347,-2225]],"properties":{"anthrome":62}},{"type":"Polygon","arcs":[[2348,2349]],"properties":{"anthrome":61}},{"type":"Polygon","arcs":[[2350,2351,2352]],"properties":{"anthrome":53}},{"type":"Polygon","arcs":[[2353,2354,2355]],"properties":{"anthrome":62}},{"type":"Polygon","arcs":[[2356,2357]],"properties":{"anthrome":62}},{"type":"Polygon","arcs":[[2358,2359,-2345]],"properties":{"anthrome":63}},{"type":"Polygon","arcs":[[2360]],"properties":{"anthrome":62}},{"type":"Polygon","arcs":[[2361]],"properties":{"anthrome":62}},{"type":"Polygon","arcs":[[2362,2363]],"properties":{"anthrome":62}},{"type":"Polygon","arcs":[[2364,2365,2366,2367]],"properties":{"anthrome":52}},{"type":"Polygon","arcs":[[2368,2369]],"properties":{"anthrome":61}},{"type":"Polygon","arcs":[[2370,2371,2372]],"properties":{"anthrome":61}},{"type":"Polygon","arcs":[[2373,2374]],"properties":{"anthrome":33}},{"type":"Polygon","arcs":[[-2314,2375,2376]],"properties":{"anthrome":52}},{"type":"Polygon","arcs":[[2377]],"properties":{"anthrome":61}},{"type":"Polygon","arcs":[[2378]],"properties":{"anthrome":61}},{"type":"Polygon","arcs":[[2379,2380,2381]],"properties":{"anthrome":54}},{"type":"Polygon","arcs":[[2382,2383,2384,2385]],"properties":{"anthrome":62}},{"type":"Polygon","arcs":[[2386,2387,-2384]],"properties":{"anthrome":54}},{"type":"Polygon","arcs":[[2388,2389]],"properties":{"anthrome":54}},{"type":"Polygon","arcs":[[2390,2391,2392]],"properties":{"anthrome":62}},{"type":"Polygon","arcs":[[2393,2394,2395,-2391,-2326,2396]],"properties":{"anthrome":53}},{"type":"Polygon","arcs":[[2397,2398,-2395]],"properties":{"anthrome":61}},{"type":"Polygon","arcs":[[2399,2400,2401,2402]],"properties":{"anthrome":54}},{"type":"Polygon","arcs":[[2403,2404,2405,2406]],"properties":{"anthrome":53}},{"type":"Polygon","arcs":[[2407,2408,2409]],"properties":{"anthrome":53}},{"type":"Polygon","arcs":[[2410]],"properties":{"anthrome":61}},{"type":"Polygon","arcs":[[2411]],"properties":{"anthrome":52}},{"type":"Polygon","arcs":[[2412,2413]],"properties":{"anthrome":52}},{"type":"Polygon","arcs":[[2414,2415,2416,2417]],"properties":{"anthrome":54}},{"type":"Polygon","arcs":[[2418,2419,2420,2421,2422,2423,2424,2425,2426,-2333]],"properties":{"anthrome":54}},{"type":"Polygon","arcs":[[2427,2428,2429,2430]],"properties":{"anthrome":62}},{"type":"Polygon","arcs":[[2431,2432]],"properties":{"anthrome":62}},{"type":"Polygon","arcs":[[2433,2434,2435]],"properties":{"anthrome":61}},{"type":"Polygon","arcs":[[-2367,2436,2437,2438]],"properties":{"anthrome":33}},{"type":"Polygon","arcs":[[2439]],"properties":{"anthrome":61}},{"type":"Polygon","arcs":[[2440,2441,2442,2443]],"properties":{"anthrome":61}},{"type":"Polygon","arcs":[[2444,2445,2446]],"properties":{"anthrome":33}},{"type":"Polygon","arcs":[[2447]],"properties":{"anthrome":61}},{"type":"Polygon","arcs":[[2448,2449]],"properties":{"anthrome":43}},{"type":"Polygon","arcs":[[2450]],"properties":{"anthrome":61}},{"type":"Polygon","arcs":[[2451]],"properties":{"anthrome":54}},{"type":"Polygon","arcs":[[2452]],"properties":{"anthrome":53}},{"type":"Polygon","arcs":[[2453]],"properties":{"anthrome":61}},{"type":"Polygon","arcs":[[2454]],"properties":{"anthrome":61}},{"type":"Polygon","arcs":[[2455]],"properties":{"anthrome":61}},{"type":"Polygon","arcs":[[-2385,2456,2457,2458]],"properties":{"anthrome":54}},{"type":"Polygon","arcs":[[2459,2460]],"properties":{"anthrome":54}},{"type":"Polygon","arcs":[[2461,2462,2463,2464]],"properties":{"anthrome":53}},{"type":"Polygon","arcs":[[2465,2466,2467,-2463]],"properties":{"anthrome":54}},{"type":"Polygon","arcs":[[2468,2469,2470]],"properties":{"anthrome":62}},{"type":"Polygon","arcs":[[2471,2472,-2404,2473,2474,2475]],"properties":{"anthrome":61}},{"type":"Polygon","arcs":[[-2450,2476,2477]],"properties":{"anthrome":52}},{"type":"Polygon","arcs":[[2478,2479,2480,2481]],"properties":{"anthrome":54}},{"type":"Polygon","arcs":[[2482,2483,2484,2485]],"properties":{"anthrome":52}},{"type":"Polygon","arcs":[[2486,2487,2488]],"properties":{"anthrome":33}},{"type":"Polygon","arcs":[[2489]],"properties":{"anthrome":54}},{"type":"Polygon","arcs":[[2490,2491,2492]],"properties":{"anthrome":54}},{"type":"Polygon","arcs":[[2493,2494,2495]],"properties":{"anthrome":53}},{"type":"Polygon","arcs":[[2496,-2202,-2340,2497,2498,2499,2500,2501,-2406,2502,2503,2504,-2198,2505]],"properties":{"anthrome":62}},{"type":"Polygon","arcs":[[2506,2507,2508]],"properties":{"anthrome":54}},{"type":"Polygon","arcs":[[-2430,2509,2510,2511]],"properties":{"anthrome":53}},{"type":"Polygon","arcs":[[2512,2513,2514,2515]],"properties":{"anthrome":63}},{"type":"Polygon","arcs":[[2516]],"properties":{"anthrome":63}},{"type":"Polygon","arcs":[[2517]],"properties":{"anthrome":62}},{"type":"Polygon","arcs":[[2518]],"properties":{"anthrome":53}},{"type":"Polygon","arcs":[[2519,2520]],"properties":{"anthrome":63}},{"type":"Polygon","arcs":[[2521,2522]],"properties":{"anthrome":33}},{"type":"Polygon","arcs":[[2523,-2477]],"properties":{"anthrome":33}},{"type":"Polygon","arcs":[[2524,2525]],"properties":{"anthrome":52}},{"type":"Polygon","arcs":[[2526,2527]],"properties":{"anthrome":52}},{"type":"Polygon","arcs":[[2528,2529,2530,2531]],"properties":{"anthrome":62}},{"type":"Polygon","arcs":[[2532]],"properties":{"anthrome":61}},{"type":"Polygon","arcs":[[2533,2534,2535]],"properties":{"anthrome":54}},{"type":"Polygon","arcs":[[2536,2537,2538,2539]],"properties":{"anthrome":61}},{"type":"Polygon","arcs":[[2540,2541,2542,2543]],"properties":{"anthrome":54}},{"type":"Polygon","arcs":[[2544,2545,2546,-2542]],"properties":{"anthrome":62}},{"type":"Polygon","arcs":[[2547,-2323,2548,2549]],"properties":{"anthrome":53}},{"type":"Polygon","arcs":[[2550,-2500]],"properties":{"anthrome":61}},{"type":"Polygon","arcs":[[2551,2552,2553]],"properties":{"anthrome":62}},{"type":"Polygon","arcs":[[2554,2555,2556,2557,2558]],"properties":{"anthrome":53}},{"type":"Polygon","arcs":[[2559,2560,-2509,2561,2562]],"properties":{"anthrome":62}},{"type":"Polygon","arcs":[[2563,2564,2565]],"properties":{"anthrome":52}},{"type":"Polygon","arcs":[[2566,2567]],"properties":{"anthrome":61}},{"type":"Polygon","arcs":[[2568,2569,2570,2571,2572,2573,2574,2575,2576]],"properties":{"anthrome":61}},{"type":"Polygon","arcs":[[2577]],"properties":{"anthrome":61}},{"type":"Polygon","arcs":[[2578,-2403,2579,-2465,2580,2581,2582,-2398]],"properties":{"anthrome":62}},{"type":"Polygon","arcs":[[2583,2584,2585,2586,-2292,2587,2588]],"properties":{"anthrome":62}},{"type":"Polygon","arcs":[[2589,2590]],"properties":{"anthrome":61}},{"type":"Polygon","arcs":[[-2515,2591,2592,2593]],"properties":{"anthrome":53}},{"type":"Polygon","arcs":[[2594,2595,2596]],"properties":{"anthrome":32}},{"type":"Polygon","arcs":[[2597,2598,2599]],"properties":{"anthrome":43}},{"type":"Polygon","arcs":[[2600,2601]],"properties":{"anthrome":42}},{"type":"Polygon","arcs":[[2602,2603]],"properties":{"anthrome":52}},{"type":"Polygon","arcs":[[2604]],"properties":{"anthrome":52}},{"type":"Polygon","arcs":[[2605]],"properties":{"anthrome":52}},{"type":"Polygon","arcs":[[2606]],"properties":{"anthrome":53}},{"type":"Polygon","arcs":[[2607,2608,2609,2610]],"properties":{"anthrome":54}},{"type":"Polygon","arcs":[[2611,-2575,2612]],"properties":{"anthrome":54}},{"type":"Polygon","arcs":[[2613,-2573]],"properties":{"anthrome":53}},{"type":"Polygon","arcs":[[2614,2615,2616,-2571]],"properties":{"anthrome":53}},{"type":"Polygon","arcs":[[2617]],"properties":{"anthrome":61}},{"type":"Polygon","arcs":[[2618,2619,2620]],"properties":{"anthrome":62}},{"type":"Polygon","arcs":[[2621,2622,2623,2624]],"properties":{"anthrome":62}},{"type":"Polygon","arcs":[[2625]],"properties":{"anthrome":62}},{"type":"Polygon","arcs":[[-2501,2626,2627,2628]],"properties":{"anthrome":61}},{"type":"Polygon","arcs":[[2629,2630,2631,2632,2633]],"properties":{"anthrome":54}},{"type":"Polygon","arcs":[[-2536,2634,-2621,2635,2636,2637,-2630]],"properties":{"anthrome":53}},{"type":"Polygon","arcs":[[2638,-2424,2639,2640,2641,-2467]],"properties":{"anthrome":62}},{"type":"Polygon","arcs":[[-2520,2642,2643]],"properties":{"anthrome":62}},{"type":"Polygon","arcs":[[2644,2645,2646,-2643]],"properties":{"anthrome":61}},{"type":"Polygon","arcs":[[2647,-2646]],"properties":{"anthrome":62}},{"type":"Polygon","arcs":[[2648,2649,2650]],"properties":{"anthrome":43}},{"type":"Polygon","arcs":[[2651,2652,2653,2654]],"properties":{"anthrome":53}},{"type":"Polygon","arcs":[[2655,2656,2657]],"properties":{"anthrome":61}},{"type":"Polygon","arcs":[[2658,2659,2660,-2627,-2551]],"properties":{"anthrome":53}},{"type":"Polygon","arcs":[[2661,2662,2663,-2553]],"properties":{"anthrome":53}},{"type":"Polygon","arcs":[[2664,-2301,2665,-2346,2666,2667,-2594,2668,2669,2670,2671,-2560,-2357,-2297]],"properties":{"anthrome":61}},{"type":"Polygon","arcs":[[2672,2673]],"properties":{"anthrome":63}},{"type":"Polygon","arcs":[[2674]],"properties":{"anthrome":53}},{"type":"Polygon","arcs":[[2675,2676,2677,-2564,-2366,2678,2679,2680,2681]],"properties":{"anthrome":33}},{"type":"Polygon","arcs":[[2682,2683]],"properties":{"anthrome":33}},{"type":"Polygon","arcs":[[-2596,2684,2685,2686]],"properties":{"anthrome":51}},{"type":"Polygon","arcs":[[2687,2688,2689,-2685]],"properties":{"anthrome":33}},{"type":"Polygon","arcs":[[2690,2691,2692]],"properties":{"anthrome":52}},{"type":"Polygon","arcs":[[2693]],"properties":{"anthrome":52}},{"type":"Polygon","arcs":[[2694,2695]],"properties":{"anthrome":52}},{"type":"Polygon","arcs":[[2696,2697,2698,2699]],"properties":{"anthrome":53}},{"type":"Polygon","arcs":[[2700,2701,2702,-2698,2703,2704,2705,2706],[-2453],[-2607]],"properties":{"anthrome":61}},{"type":"Polygon","arcs":[[-2610,2707,2708]],"properties":{"anthrome":62}},{"type":"Polygon","arcs":[[2709,2710,2711]],"properties":{"anthrome":62}},{"type":"Polygon","arcs":[[2712,2713]],"properties":{"anthrome":62}},{"type":"Polygon","arcs":[[2714,2715,2716]],"properties":{"anthrome":62}},{"type":"Polygon","arcs":[[2717,2718,-2674,2719,2720,2721,2722,2723,-2513,2724],[-2517]],"properties":{"anthrome":62}},{"type":"Polygon","arcs":[[2725,2726]],"properties":{"anthrome":53}},{"type":"Polygon","arcs":[[2727]],"properties":{"anthrome":62}},{"type":"Polygon","arcs":[[2728,-2722,2729]],"properties":{"anthrome":61}},{"type":"Polygon","arcs":[[-2350,-2253,2730,-2257,2731,-2680,2732,-2368,2733,-2436,2734,-2485,2735,-2438,2736,2737,-2677,2738,2739,2740,-2567,2741]],"properties":{"anthrome":53}},{"type":"Polygon","arcs":[[2742,2743,2744,2745]],"properties":{"anthrome":32}},{"type":"Polygon","arcs":[[2746,2747,2748,2749,-2689]],"properties":{"anthrome":51}},{"type":"Polygon","arcs":[[2750,2751,2752,2753]],"properties":{"anthrome":52}},{"type":"Polygon","arcs":[[2754,2755]],"properties":{"anthrome":61}},{"type":"Polygon","arcs":[[2756,2757,2758,2759]],"properties":{"anthrome":53}},{"type":"Polygon","arcs":[[2760,2761]],"properties":{"anthrome":61}},{"type":"Polygon","arcs":[[2762,2763,2764]],"properties":{"anthrome":54}},{"type":"Polygon","arcs":[[2765,2766,2767]],"properties":{"anthrome":61}},{"type":"Polygon","arcs":[[-2686,2768,2769]],"properties":{"anthrome":42}},{"type":"Polygon","arcs":[[2770,2771]],"properties":{"anthrome":43}},{"type":"Polygon","arcs":[[2772]],"properties":{"anthrome":52}},{"type":"Polygon","arcs":[[2773,2774]],"properties":{"anthrome":52}},{"type":"Polygon","arcs":[[2775]],"properties":{"anthrome":33}},{"type":"Polygon","arcs":[[2776,2777,2778,2779]],"properties":{"anthrome":34}},{"type":"Polygon","arcs":[[2780,2781,2782]],"properties":{"anthrome":52}},{"type":"Polygon","arcs":[[2783,2784,2785]],"properties":{"anthrome":53}},{"type":"Polygon","arcs":[[-2711,2786]],"properties":{"anthrome":54}},{"type":"Polygon","arcs":[[2787]],"properties":{"anthrome":62}},{"type":"Polygon","arcs":[[2788]],"properties":{"anthrome":62}},{"type":"Polygon","arcs":[[-2475,-2629,2789,2790,2791,2792,2793,2794,2795,-2556,2796]],"properties":{"anthrome":62}},{"type":"Polygon","arcs":[[2797,2798]],"properties":{"anthrome":61}},{"type":"Polygon","arcs":[[2799,2800,-2651,2801,-2772,2802,2803,2804,2805,2806,-2598,2807,2808,-2308,2809,-2178,-2264,2810,-2373,2811,2812,-2229,2813,-1794,2814,-1775,-1971,2815,2816,-1732,2817,-2212,2818,-1730],[-2265]],"properties":{"anthrome":52}},{"type":"Polygon","arcs":[[2819,-2447,-2523,-2597,-2743,2820,2821,2822,2823,2824,2825,2826,-2443,2827,-2488]],"properties":{"anthrome":52}},{"type":"Polygon","arcs":[[-2826,2828,2829]],"properties":{"anthrome":33}},{"type":"Polygon","arcs":[[2830,-2632,2831,2832,2833,2834]],"properties":{"anthrome":62}},{"type":"Polygon","arcs":[[2835,-2763,2836,2837]],"properties":{"anthrome":53}},{"type":"Polygon","arcs":[[2838,2839,2840,2841]],"properties":{"anthrome":61}},{"type":"Polygon","arcs":[[2842]],"properties":{"anthrome":54}},{"type":"Polygon","arcs":[[-2661,2843,2844,2845,2846]],"properties":{"anthrome":62}},{"type":"Polygon","arcs":[[2847,2848]],"properties":{"anthrome":62}},{"type":"Polygon","arcs":[[-2822,2849,-2745,2850,2851,2852]],"properties":{"anthrome":51}},{"type":"Polygon","arcs":[[2853,2854,2855,2856]],"properties":{"anthrome":63}},{"type":"Polygon","arcs":[[2857,2858,2859,-2855]],"properties":{"anthrome":62}},{"type":"Polygon","arcs":[[-2730,2860,-2761,-2669]],"properties":{"anthrome":53}},{"type":"Polygon","arcs":[[2861]],"properties":{"anthrome":62}},{"type":"Polygon","arcs":[[2862,2863,2864]],"properties":{"anthrome":61}},{"type":"Polygon","arcs":[[2865,2866,2867]],"properties":{"anthrome":53}},{"type":"Polygon","arcs":[[2868]],"properties":{"anthrome":33}},{"type":"Polygon","arcs":[[2869,2870,-2824]],"properties":{"anthrome":33}},{"type":"Polygon","arcs":[[-2806,2871]],"properties":{"anthrome":33}},{"type":"Polygon","arcs":[[2872,2873]],"properties":{"anthrome":52}},{"type":"Polygon","arcs":[[2874]],"properties":{"anthrome":52}},{"type":"Polygon","arcs":[[2875,2876]],"properties":{"anthrome":52}},{"type":"Polygon","arcs":[[2877]],"properties":{"anthrome":54}},{"type":"Polygon","arcs":[[2878,2879,2880]],"properties":{"anthrome":54}},{"type":"Polygon","arcs":[[2881,2882,2883,2884]],"properties":{"anthrome":54}},{"type":"Polygon","arcs":[[2885,2886,2887]],"properties":{"anthrome":34}},{"type":"Polygon","arcs":[[2888]],"properties":{"anthrome":53}},{"type":"Polygon","arcs":[[2889]],"properties":{"anthrome":61}},{"type":"Polygon","arcs":[[2890]],"properties":{"anthrome":61}},{"type":"Polygon","arcs":[[2891,2892,2893]],"properties":{"anthrome":61}},{"type":"Polygon","arcs":[[2894,-2892]],"properties":{"anthrome":53}},{"type":"Polygon","arcs":[[2895,2896,2897,-2755,-2590,2898]],"properties":{"anthrome":53}},{"type":"Polygon","arcs":[[2899,2900,-2798]],"properties":{"anthrome":53}},{"type":"Polygon","arcs":[[2901,2902,2903,2904,2905,2906]],"properties":{"anthrome":52}},{"type":"Polygon","arcs":[[2907,-2342,2908,-2715,2909,2910,2911,2912,-2845,2913,-2659,-2499]],"properties":{"anthrome":61}},{"type":"Polygon","arcs":[[2914,2915,2916,2917]],"properties":{"anthrome":61}},{"type":"Polygon","arcs":[[-2803,-2874,2918,2919,2920]],"properties":{"anthrome":33}},{"type":"Polygon","arcs":[[2921,-2885,2922,2923,2924,2925]],"properties":{"anthrome":34}},{"type":"Polygon","arcs":[[2926,2927,2928]],"properties":{"anthrome":61}},{"type":"Polygon","arcs":[[2929]],"properties":{"anthrome":53}},{"type":"Polygon","arcs":[[2930,2931,2932]],"properties":{"anthrome":63}},{"type":"Polygon","arcs":[[2933,-2916,2934,-2932]],"properties":{"anthrome":62}},{"type":"Polygon","arcs":[[2935,2936,2937]],"properties":{"anthrome":62}},{"type":"Polygon","arcs":[[-2829,2938,2939]],"properties":{"anthrome":41}},{"type":"Polygon","arcs":[[2940,2941,2942,2943]],"properties":{"anthrome":42}},{"type":"Polygon","arcs":[[2944]],"properties":{"anthrome":61}},{"type":"Polygon","arcs":[[2945]],"properties":{"anthrome":52}},{"type":"Polygon","arcs":[[2946,2947,2948]],"properties":{"anthrome":62}},{"type":"Polygon","arcs":[[-2925,2949,-2948]],"properties":{"anthrome":54}},{"type":"Polygon","arcs":[[2950,2951,-2923]],"properties":{"anthrome":53}},{"type":"Polygon","arcs":[[2952,2953,2954,-2951]],"properties":{"anthrome":34}},{"type":"Polygon","arcs":[[2955,2956,2957]],"properties":{"anthrome":52}},{"type":"Polygon","arcs":[[2958]],"properties":{"anthrome":52}},{"type":"Polygon","arcs":[[2959]],"properties":{"anthrome":53}},{"type":"Polygon","arcs":[[-2636,2960,-2787,2961,2962,2963,-2927,2964,2965,2966,2967,2968]],"properties":{"anthrome":62}},{"type":"Polygon","arcs":[[2969,2970,-2966]],"properties":{"anthrome":53}},{"type":"Polygon","arcs":[[2971,2972]],"properties":{"anthrome":61}},{"type":"Polygon","arcs":[[-2893,2973,-2972]],"properties":{"anthrome":53}},{"type":"Polygon","arcs":[[2974,2975]],"properties":{"anthrome":53}},{"type":"Polygon","arcs":[[2976,2977,2978,2979]],"properties":{"anthrome":54}},{"type":"Polygon","arcs":[[2980,2981,2982]],"properties":{"anthrome":61}},{"type":"Polygon","arcs":[[-2913,2983,-2982]],"properties":{"anthrome":62}},{"type":"Polygon","arcs":[[2984]],"properties":{"anthrome":61}},{"type":"Polygon","arcs":[[-2779,2985,2986,2987]],"properties":{"anthrome":53}},{"type":"Polygon","arcs":[[2988,2989,2990]],"properties":{"anthrome":61}},{"type":"Polygon","arcs":[[2991]],"properties":{"anthrome":62}},{"type":"Polygon","arcs":[[2992,2993,2994,2995,-2864,2996,-2739]],"properties":{"anthrome":33}},{"type":"Polygon","arcs":[[2997,-2944,2998,2999,3000,3001]],"properties":{"anthrome":41}},{"type":"Polygon","arcs":[[3002,3003,3004]],"properties":{"anthrome":52}},{"type":"Polygon","arcs":[[3005,3006,3007,3008]],"properties":{"anthrome":61}},{"type":"Polygon","arcs":[[3009,3010,3011]],"properties":{"anthrome":53}},{"type":"Polygon","arcs":[[3012,3013,3014]],"properties":{"anthrome":53}},{"type":"Polygon","arcs":[[-2937,3015,3016]],"properties":{"anthrome":53}},{"type":"Polygon","arcs":[[3017,3018]],"properties":{"anthrome":54}},{"type":"Polygon","arcs":[[3019,3020,3021,-3018]],"properties":{"anthrome":61}},{"type":"Polygon","arcs":[[3022,3023]],"properties":{"anthrome":41}},{"type":"Polygon","arcs":[[3024,3025,3026,-3000]],"properties":{"anthrome":33}},{"type":"Polygon","arcs":[[3027,3028,3029]],"properties":{"anthrome":33}},{"type":"Polygon","arcs":[[3030]],"properties":{"anthrome":52}},{"type":"Polygon","arcs":[[3031]],"properties":{"anthrome":52}},{"type":"Polygon","arcs":[[3032,3033,3034,3035]],"properties":{"anthrome":52}},{"type":"Polygon","arcs":[[3036,3037]],"properties":{"anthrome":53}},{"type":"Polygon","arcs":[[3038]],"properties":{"anthrome":53}},{"type":"Polygon","arcs":[[3039,3040]],"properties":{"anthrome":54}},{"type":"Polygon","arcs":[[3041,3042,-3040]],"properties":{"anthrome":53}},{"type":"Polygon","arcs":[[3043,3044,3045]],"properties":{"anthrome":54}},{"type":"Polygon","arcs":[[3046]],"properties":{"anthrome":53}},{"type":"Polygon","arcs":[[3047]],"properties":{"anthrome":53}},{"type":"Polygon","arcs":[[3048,3049]],"properties":{"anthrome":61}},{"type":"Polygon","arcs":[[3050,3051]],"properties":{"anthrome":61}},{"type":"Polygon","arcs":[[3052,3053,3054,3055]],"properties":{"anthrome":52}},{"type":"Polygon","arcs":[[3056]],"properties":{"anthrome":54}},{"type":"Polygon","arcs":[[3057,-2936,3058]],"properties":{"anthrome":53}},{"type":"Polygon","arcs":[[3059,3060,3061,3062]],"properties":{"anthrome":53}},{"type":"Polygon","arcs":[[3063]],"properties":{"anthrome":53}},{"type":"Polygon","arcs":[[3064,3065,3066,3067,-3026]],"properties":{"anthrome":42}},{"type":"Polygon","arcs":[[3068]],"properties":{"anthrome":52}},{"type":"Polygon","arcs":[[3069]],"properties":{"anthrome":62}},{"type":"Polygon","arcs":[[3070]],"properties":{"anthrome":53}},{"type":"Polygon","arcs":[[3071]],"properties":{"anthrome":62}},{"type":"Polygon","arcs":[[3072,3073,3074,3075]],"properties":{"anthrome":61}},{"type":"Polygon","arcs":[[3076,3077]],"properties":{"anthrome":33}},{"type":"Polygon","arcs":[[3078,3079]],"properties":{"anthrome":42}},{"type":"Polygon","arcs":[[3080]],"properties":{"anthrome":54}},{"type":"Polygon","arcs":[[3081,3082,3083]],"properties":{"anthrome":52}},{"type":"Polygon","arcs":[[3084]],"properties":{"anthrome":33}},{"type":"Polygon","arcs":[[3085]],"properties":{"anthrome":61}},{"type":"Polygon","arcs":[[3086,3087,3088,3089]],"properties":{"anthrome":62}},{"type":"Polygon","arcs":[[3090,3091,3092]],"properties":{"anthrome":54}},{"type":"Polygon","arcs":[[3093,3094,3095,3096]],"properties":{"anthrome":53}},{"type":"Polygon","arcs":[[3097,3098,3099,-3095]],"properties":{"anthrome":54}},{"type":"Polygon","arcs":[[3100]],"properties":{"anthrome":53}},{"type":"Polygon","arcs":[[3101]],"properties":{"anthrome":53}},{"type":"Polygon","arcs":[[3102]],"properties":{"anthrome":61}},{"type":"Polygon","arcs":[[3103,3104]],"properties":{"anthrome":61}},{"type":"Polygon","arcs":[[3105]],"properties":{"anthrome":62}},{"type":"Polygon","arcs":[[3106,3107,3108]],"properties":{"anthrome":53}},{"type":"Polygon","arcs":[[-2805,3109,-2920,3110,3111]],"properties":{"anthrome":42}},{"type":"Polygon","arcs":[[3112,3113]],"properties":{"anthrome":53}},{"type":"Polygon","arcs":[[3114,3115]],"properties":{"anthrome":53}},{"type":"Polygon","arcs":[[3116,3117,3118,3119]],"properties":{"anthrome":53}},{"type":"Polygon","arcs":[[3120]],"properties":{"anthrome":33}},{"type":"Polygon","arcs":[[3121,3122,3123,3124]],"properties":{"anthrome":33}},{"type":"Polygon","arcs":[[3125,3126,3127,3128,3129,-3045]],"properties":{"anthrome":62}},{"type":"Polygon","arcs":[[3130]],"properties":{"anthrome":53}},{"type":"Polygon","arcs":[[3131]],"properties":{"anthrome":61}},{"type":"Polygon","arcs":[[3132,3133]],"properties":{"anthrome":32}},{"type":"Polygon","arcs":[[-3075,3134,3135]],"properties":{"anthrome":33}},{"type":"Polygon","arcs":[[3136,3137,3138]],"properties":{"anthrome":61}},{"type":"Polygon","arcs":[[3139,3140,3141,-3137]],"properties":{"anthrome":51}},{"type":"Polygon","arcs":[[3142]],"properties":{"anthrome":52}},{"type":"Polygon","arcs":[[3143]],"properties":{"anthrome":53}},{"type":"Polygon","arcs":[[3144]],"properties":{"anthrome":61}},{"type":"Polygon","arcs":[[3145,3146,3147,3148,3149,3150,3151,3152,3153,3154,3155,3156,-2616],[-2889]],"properties":{"anthrome":54}},{"type":"Polygon","arcs":[[3157,3158,3159,3160]],"properties":{"anthrome":53}},{"type":"Polygon","arcs":[[3161,3162,3163]],"properties":{"anthrome":62}},{"type":"Polygon","arcs":[[3164,3165]],"properties":{"anthrome":61}},{"type":"Polygon","arcs":[[3166,3167]],"properties":{"anthrome":53}},{"type":"Polygon","arcs":[[3168]],"properties":{"anthrome":61}},{"type":"Polygon","arcs":[[3169,3170]],"properties":{"anthrome":62}},{"type":"Polygon","arcs":[[-3108,3171,3172,3173]],"properties":{"anthrome":61}},{"type":"Polygon","arcs":[[3174,3175,3176]],"properties":{"anthrome":52}},{"type":"Polygon","arcs":[[-3043,3177,3178,3179,3180,3181]],"properties":{"anthrome":54}},{"type":"Polygon","arcs":[[3182]],"properties":{"anthrome":62}},{"type":"Polygon","arcs":[[3183,3184,3185]],"properties":{"anthrome":33}},{"type":"Polygon","arcs":[[3186,3187,3188]],"properties":{"anthrome":53}},{"type":"Polygon","arcs":[[3189,3190,3191,3192,3193,3194,-3088]],"properties":{"anthrome":54}},{"type":"Polygon","arcs":[[-3049,3195,3196,3197,3198,3199,3200,3201],[-3169]],"properties":{"anthrome":53}},{"type":"Polygon","arcs":[[3202,-3171,3203,-3174,3204,3205,3206,3207]],"properties":{"anthrome":53}},{"type":"Polygon","arcs":[[3208,3209]],"properties":{"anthrome":53}},{"type":"Polygon","arcs":[[3210]],"properties":{"anthrome":33}},{"type":"Polygon","arcs":[[3211,3212,3213]],"properties":{"anthrome":52}},{"type":"Polygon","arcs":[[3214]],"properties":{"anthrome":53}},{"type":"Polygon","arcs":[[3215,3216,3217]],"properties":{"anthrome":41}},{"type":"Polygon","arcs":[[3218,3219,3220]],"properties":{"anthrome":42}},{"type":"Polygon","arcs":[[3221]],"properties":{"anthrome":52}},{"type":"Polygon","arcs":[[3222]],"properties":{"anthrome":53}},{"type":"Polygon","arcs":[[3223,3224]],"properties":{"anthrome":33}},{"type":"Polygon","arcs":[[3225]],"properties":{"anthrome":34}},{"type":"Polygon","arcs":[[3226,3227,-3192]],"properties":{"anthrome":53}},{"type":"Polygon","arcs":[[3228,3229,3230]],"properties":{"anthrome":53}},{"type":"Polygon","arcs":[[3231,3232,3233]],"properties":{"anthrome":53}},{"type":"Polygon","arcs":[[3234,3235,3236,3237]],"properties":{"anthrome":61}},{"type":"Polygon","arcs":[[3238,3239,3240,-3236]],"properties":{"anthrome":62}},{"type":"Polygon","arcs":[[-3129,3241,3242,-3240]],"properties":{"anthrome":53}},{"type":"Polygon","arcs":[[3243,3244,3245]],"properties":{"anthrome":62}},{"type":"Polygon","arcs":[[3246,3247]],"properties":{"anthrome":62}},{"type":"Polygon","arcs":[[3248,3249]],"properties":{"anthrome":53}},{"type":"Polygon","arcs":[[3250,3251,3252,3253]],"properties":{"anthrome":53}},{"type":"Polygon","arcs":[[3254]],"properties":{"anthrome":53}},{"type":"Polygon","arcs":[[3255]],"properties":{"anthrome":62}},{"type":"Polygon","arcs":[[-3119,3256]],"properties":{"anthrome":54}},{"type":"Polygon","arcs":[[3257,3258,-3205]],"properties":{"anthrome":61}},{"type":"Polygon","arcs":[[-3173,3259,-3258]],"properties":{"anthrome":53}},{"type":"Polygon","arcs":[[3260,3261,-2785,-2638,3262,-2968,3263,-3046,-3093,3264,-3161,3265,-3234,3266,3267,3268,-3231,3269,3270,3271,-3090,3272,3273,3274,-3042,3275],[-3070]],"properties":{"anthrome":61}},{"type":"Polygon","arcs":[[3276,3277,3278,3279]],"properties":{"anthrome":53}},{"type":"Polygon","arcs":[[3280,3281]],"properties":{"anthrome":34}},{"type":"Polygon","arcs":[[3282,3283,3284,3285]],"properties":{"anthrome":53}},{"type":"Polygon","arcs":[[3286,3287,3288]],"properties":{"anthrome":53}},{"type":"Polygon","arcs":[[3289]],"properties":{"anthrome":53}},{"type":"Polygon","arcs":[[-3185,3290,3291]],"properties":{"anthrome":52}},{"type":"Polygon","arcs":[[3292]],"properties":{"anthrome":33}},{"type":"Polygon","arcs":[[3293,3294,3295]],"properties":{"anthrome":61}},{"type":"Polygon","arcs":[[3296]],"properties":{"anthrome":53}},{"type":"Polygon","arcs":[[3297,3298]],"properties":{"anthrome":52}},{"type":"Polygon","arcs":[[3299]],"properties":{"anthrome":62}},{"type":"Polygon","arcs":[[3300]],"properties":{"anthrome":53}},{"type":"Polygon","arcs":[[3301,3302,3303]],"properties":{"anthrome":53}},{"type":"Polygon","arcs":[[3304]],"properties":{"anthrome":54}},{"type":"Polygon","arcs":[[3305,3306,3307,3308]],"properties":{"anthrome":62}},{"type":"Polygon","arcs":[[3309,3310,-3267]],"properties":{"anthrome":53}},{"type":"Polygon","arcs":[[-3245,3311,3312,3313]],"properties":{"anthrome":61}},{"type":"Polygon","arcs":[[3314,3315,-3284]],"properties":{"anthrome":61}},{"type":"Polygon","arcs":[[-3250,-3167,3316,3317]],"properties":{"anthrome":61}},{"type":"Polygon","arcs":[[-3253,3318,3319,3320]],"properties":{"anthrome":62}},{"type":"Polygon","arcs":[[3321]],"properties":{"anthrome":53}},{"type":"Polygon","arcs":[[3322,3323,3324,3325]],"properties":{"anthrome":54}},{"type":"Polygon","arcs":[[3326,3327,3328,3329]],"properties":{"anthrome":62}},{"type":"Polygon","arcs":[[3330,3331,-3328]],"properties":{"anthrome":61}},{"type":"Polygon","arcs":[[3332]],"properties":{"anthrome":61}},{"type":"Polygon","arcs":[[3333,3334,3335,3336,3337,3338,-3294,3339,-3142,-3141],[-3215]],"properties":{"anthrome":52}},{"type":"Polygon","arcs":[[3340,3341,3342,3343,3344,3345,3346]],"properties":{"anthrome":61}},{"type":"Polygon","arcs":[[-3275,3347,3348,3349,3350,-3178]],"properties":{"anthrome":53}},{"type":"Polygon","arcs":[[3351,3352]],"properties":{"anthrome":53}},{"type":"Polygon","arcs":[[-3197,3353,3354,3355]],"properties":{"anthrome":54}},{"type":"Polygon","arcs":[[3356]],"properties":{"anthrome":63}},{"type":"Polygon","arcs":[[3357]],"properties":{"anthrome":61}},{"type":"Polygon","arcs":[[3358,3359,3360,3361,-3213]],"properties":{"anthrome":53}},{"type":"Polygon","arcs":[[3362,3363,3364,3365]],"properties":{"anthrome":51}},{"type":"Polygon","arcs":[[3366,3367,3368,3369]],"properties":{"anthrome":53}},{"type":"Polygon","arcs":[[3370,3371,3372,3373]],"properties":{"anthrome":62}},{"type":"Polygon","arcs":[[3374]],"properties":{"anthrome":62}},{"type":"Polygon","arcs":[[-2825,-3002,3375,3376,3377,3378,3379,3380,-3336,3381,3382,-3023,-2939]],"properties":{"anthrome":42}},{"type":"Polygon","arcs":[[3383,3384,3385]],"properties":{"anthrome":41}},{"type":"Polygon","arcs":[[3386,3387]],"properties":{"anthrome":43}},{"type":"Polygon","arcs":[[-3281,3388,3389,-3387]],"properties":{"anthrome":54}},{"type":"Polygon","arcs":[[3390,3391,-3389]],"properties":{"anthrome":34}},{"type":"Polygon","arcs":[[3392,3393]],"properties":{"anthrome":62}},{"type":"Polygon","arcs":[[3394]],"properties":{"anthrome":62}},{"type":"Polygon","arcs":[[3395]],"properties":{"anthrome":54}},{"type":"Polygon","arcs":[[3396,-3345,3397,3398]],"properties":{"anthrome":62}},{"type":"Polygon","arcs":[[3399,-3343,3400]],"properties":{"anthrome":53}},{"type":"Polygon","arcs":[[3401,3402,3403,3404]],"properties":{"anthrome":54}},{"type":"Polygon","arcs":[[3405,3406,-3403]],"properties":{"anthrome":53}},{"type":"Polygon","arcs":[[-3313,3407,3408,3409]],"properties":{"anthrome":53}},{"type":"Polygon","arcs":[[3410]],"properties":{"anthrome":62}},{"type":"Polygon","arcs":[[3411,3412]],"properties":{"anthrome":54}},{"type":"Polygon","arcs":[[3413,3414,3415,3416]],"properties":{"anthrome":54}},{"type":"Polygon","arcs":[[3417,3418,3419,3420]],"properties":{"anthrome":52}},{"type":"Polygon","arcs":[[3421,-3200,3422,-3374,3423,3424,3425]],"properties":{"anthrome":61}},{"type":"Polygon","arcs":[[3426,3427,3428,3429]],"properties":{"anthrome":62}},{"type":"Polygon","arcs":[[-2768,3430,3431,-3134,3432,3433]],"properties":{"anthrome":52}},{"type":"Polygon","arcs":[[3434,-3080,3435,-3067,-3221,3436,3437,-3386,3438,3439,3440,3441,3442,3443,-3217,3444,-3377]],"properties":{"anthrome":52}},{"type":"Polygon","arcs":[[3445]],"properties":{"anthrome":63}},{"type":"Polygon","arcs":[[3446]],"properties":{"anthrome":63}},{"type":"Polygon","arcs":[[3447,3448,-3291]],"properties":{"anthrome":33}},{"type":"Polygon","arcs":[[3449,3450,3451]],"properties":{"anthrome":54}},{"type":"Polygon","arcs":[[3452,3453,3454,3455]],"properties":{"anthrome":61}},{"type":"Polygon","arcs":[[3456,3457,3458,3459]],"properties":{"anthrome":61}},{"type":"Polygon","arcs":[[3460,3461,3462,3463]],"properties":{"anthrome":53}},{"type":"Polygon","arcs":[[3464,-3105,-3426,3465,3466,3467,-3413,3468,3469]],"properties":{"anthrome":53}},{"type":"Polygon","arcs":[[-2558,3470,-2795,3471,-3012,3472,-2792,3473,-2759,3474,-3109,3475,-3208,3476,3477,3478,3479,3480,3481,-3287,-3118,3482,-2978,3483,-2896,3484],[-3106]],"properties":{"anthrome":61}},{"type":"Polygon","arcs":[[3485,3486,-3479]],"properties":{"anthrome":53}},{"type":"Polygon","arcs":[[3487]],"properties":{"anthrome":32}},{"type":"Polygon","arcs":[[3488,3489]],"properties":{"anthrome":33}},{"type":"Polygon","arcs":[[3490,3491,3492]],"properties":{"anthrome":53}},{"type":"Polygon","arcs":[[-3337,3493,3494]],"properties":{"anthrome":41}},{"type":"Polygon","arcs":[[3495,3496,3497,-3440]],"properties":{"anthrome":51}},{"type":"Polygon","arcs":[[3498,3499,3500]],"properties":{"anthrome":51}},{"type":"Polygon","arcs":[[3501,3502]],"properties":{"anthrome":53}},{"type":"Polygon","arcs":[[3503]],"properties":{"anthrome":61}},{"type":"Polygon","arcs":[[3504,3505,3506]],"properties":{"anthrome":52}},{"type":"Polygon","arcs":[[3507]],"properties":{"anthrome":33}},{"type":"Polygon","arcs":[[3508]],"properties":{"anthrome":34}},{"type":"Polygon","arcs":[[3509,3510,3511]],"properties":{"anthrome":43}},{"type":"Polygon","arcs":[[-3392,3512,3513,3514]],"properties":{"anthrome":43}},{"type":"Polygon","arcs":[[3515,3516]],"properties":{"anthrome":62}},{"type":"Polygon","arcs":[[3517,3518,3519,3520,3521,3522,3523,3524,3525,3526],[-3305]],"properties":{"anthrome":62}},{"type":"Polygon","arcs":[[3527,3528,3529]],"properties":{"anthrome":53}},{"type":"Polygon","arcs":[[-3459,3530,-3528]],"properties":{"anthrome":54}},{"type":"Polygon","arcs":[[3531,3532,3533,3534]],"properties":{"anthrome":61}},{"type":"Polygon","arcs":[[-3416,3535,3536,3537]],"properties":{"anthrome":53}},{"type":"Polygon","arcs":[[3538,3539,3540,3541,3542,3543,3544,-3122,3545,3546]],"properties":{"anthrome":34}},{"type":"Polygon","arcs":[[-2216,-1911,-2289,-2418,-2460,-2389,-2325,3547,-2322,3548,-2550,3549,3550,3551,3552,3553,3554,3555,3556,3557,-3367,-3283,3558,3559,-3248,3560,-3244,-3162,3561,3562,3563,-3127,-2964,3564,3565,3566,3567,3568,3569,3570,3571],[-1815,-1816],[-2019],[-1983],[-2320],[3572,3573,-3097,3574,3575,-3115],[-3071],[-3101],[-3102]],"properties":{"anthrome":61}},{"type":"Polygon","arcs":[[-3362,3576,3577,3578,3579,3580]],"properties":{"anthrome":52}},{"type":"Polygon","arcs":[[3581,3582,3583,3584,3585]],"properties":{"anthrome":62}},{"type":"Polygon","arcs":[[-3429,3586,3587,3588]],"properties":{"anthrome":53}},{"type":"Polygon","arcs":[[-3365,-3501,3589,3590,3591,3592]],"properties":{"anthrome":41}},{"type":"Polygon","arcs":[[-3390,3593,3594]],"properties":{"anthrome":62}},{"type":"Polygon","arcs":[[3595,3596,3597,3598,3599,-3513]],"properties":{"anthrome":34}},{"type":"Polygon","arcs":[[-3393,-3517,3600,3601,3602,3603]],"properties":{"anthrome":54}},{"type":"Polygon","arcs":[[3604,3605,3606]],"properties":{"anthrome":43}},{"type":"Polygon","arcs":[[3607,3608,3609]],"properties":{"anthrome":62}},{"type":"Polygon","arcs":[[3610,3611,3612,3613,3614,3615]],"properties":{"anthrome":62}},{"type":"Polygon","arcs":[[3616,-3584,3617,3618]],"properties":{"anthrome":61}},{"type":"Polygon","arcs":[[3619,3620]],"properties":{"anthrome":61}},{"type":"Polygon","arcs":[[3621,3622,3623]],"properties":{"anthrome":53}},{"type":"Polygon","arcs":[[3624,3625,3626,3627]],"properties":{"anthrome":53}},{"type":"Polygon","arcs":[[3628,3629,3630,3631]],"properties":{"anthrome":51}},{"type":"Polygon","arcs":[[-3491,3632,3633,3634]],"properties":{"anthrome":42}},{"type":"Polygon","arcs":[[-3580,3635,-3633]],"properties":{"anthrome":41}},{"type":"Polygon","arcs":[[3636,3637,3638]],"properties":{"anthrome":41}},{"type":"Polygon","arcs":[[3639,3640,3641]],"properties":{"anthrome":52}},{"type":"Polygon","arcs":[[3642]],"properties":{"anthrome":62}},{"type":"Polygon","arcs":[[3643]],"properties":{"anthrome":62}},{"type":"Polygon","arcs":[[-3603,3644,3645]],"properties":{"anthrome":43}},{"type":"Polygon","arcs":[[3646,3647,3648]],"properties":{"anthrome":43}},{"type":"Polygon","arcs":[[3649]],"properties":{"anthrome":54}},{"type":"Polygon","arcs":[[3650,3651,3652,3653]],"properties":{"anthrome":53}},{"type":"Polygon","arcs":[[3654,3655,3656,-3652]],"properties":{"anthrome":61}},{"type":"Polygon","arcs":[[3657,3658,3659]],"properties":{"anthrome":61}},{"type":"Polygon","arcs":[[-3458,3660]],"properties":{"anthrome":53}},{"type":"Polygon","arcs":[[3661,3662,3663]],"properties":{"anthrome":53}},{"type":"Polygon","arcs":[[3664]],"properties":{"anthrome":54}},{"type":"Polygon","arcs":[[3665]],"properties":{"anthrome":61}},{"type":"Polygon","arcs":[[-3613,3666,3667]],"properties":{"anthrome":53}},{"type":"Polygon","arcs":[[3668,3669]],"properties":{"anthrome":62}},{"type":"Polygon","arcs":[[3670]],"properties":{"anthrome":62}},{"type":"Polygon","arcs":[[-3537,3671,3672]],"properties":{"anthrome":61}},{"type":"Polygon","arcs":[[-3480,3673,-3672]],"properties":{"anthrome":53}},{"type":"Polygon","arcs":[[3674,3675,-3180,3676,-3350,3677,3678,-3404,3679,3680,3681,-3608,-3518]],"properties":{"anthrome":61}},{"type":"Polygon","arcs":[[3682,3683,-3621,3684,3685,3686]],"properties":{"anthrome":53}},{"type":"Polygon","arcs":[[3687,3688,3689,3690,3691]],"properties":{"anthrome":34}},{"type":"Polygon","arcs":[[3692,3693,3694,3695]],"properties":{"anthrome":62}},{"type":"Polygon","arcs":[[3696,3697,3698]],"properties":{"anthrome":51}},{"type":"Polygon","arcs":[[-3506,3699,3700,3701,3702]],"properties":{"anthrome":53}},{"type":"Polygon","arcs":[[3703,3704,3705]],"properties":{"anthrome":53}},{"type":"Polygon","arcs":[[3706,3707]],"properties":{"anthrome":61}},{"type":"Polygon","arcs":[[3708,3709,-3707]],"properties":{"anthrome":53}},{"type":"Polygon","arcs":[[3710]],"properties":{"anthrome":62}},{"type":"Polygon","arcs":[[3711,3712,3713,-3685]],"properties":{"anthrome":61}},{"type":"Polygon","arcs":[[3714,3715]],"properties":{"anthrome":61}},{"type":"Polygon","arcs":[[3716]],"properties":{"anthrome":53}},{"type":"Polygon","arcs":[[3717,3718,3719]],"properties":{"anthrome":53}},{"type":"Polygon","arcs":[[3720,3721,3722]],"properties":{"anthrome":63}},{"type":"Polygon","arcs":[[-3636,3723,3724,3725]],"properties":{"anthrome":42}},{"type":"Polygon","arcs":[[3726,3727,3728,-3724]],"properties":{"anthrome":41}},{"type":"Polygon","arcs":[[3729,3730,3731,-3728]],"properties":{"anthrome":42}},{"type":"Polygon","arcs":[[3732,3733,3734,3735,3736,3737,-3591]],"properties":{"anthrome":51}},{"type":"Polygon","arcs":[[3738,3739,3740,-3736]],"properties":{"anthrome":41}},{"type":"Polygon","arcs":[[3741]],"properties":{"anthrome":41}},{"type":"Polygon","arcs":[[3742,3743,3744]],"properties":{"anthrome":53}},{"type":"Polygon","arcs":[[3745,3746,3747]],"properties":{"anthrome":43}},{"type":"Polygon","arcs":[[3748]],"properties":{"anthrome":62}},{"type":"Polygon","arcs":[[3749,3750,3751]],"properties":{"anthrome":43}},{"type":"Polygon","arcs":[[3752,3753,3754]],"properties":{"anthrome":43}},{"type":"Polygon","arcs":[[3755,3756,3757,3758,-3601]],"properties":{"anthrome":62}},{"type":"Polygon","arcs":[[3759,3760,3761,3762]],"properties":{"anthrome":62}},{"type":"Polygon","arcs":[[3763,3764]],"properties":{"anthrome":54}},{"type":"Polygon","arcs":[[-3527,3765,-3304,3766,-3524,3767,3768,3769,3770,3771,-3401,3772],[-3301]],"properties":{"anthrome":61}},{"type":"Polygon","arcs":[[3773,3774]],"properties":{"anthrome":54}},{"type":"Polygon","arcs":[[3775]],"properties":{"anthrome":53}},{"type":"Polygon","arcs":[[3776,3777,3778]],"properties":{"anthrome":53}},{"type":"Polygon","arcs":[[3779,-436,3780,-440,3781,3782,-585,3783,-829,-828,3784,-798,3785,-1000,3786,-1052,-1089,-1088,3787,3788,-1038,3789,-673,3790,3791,-2154,-2153,-1566,-2152,-2151,3792,-906,3793,-859,-1134,3794,-756,3795,3796,3797,3798,-1406,-1405,3799,3800,3801,3802,3803,3804,3805,3806,3807,3808,3809,3810,3811,-2696,-2781,3812,3813,3814,-2780,3815,3816,-2958,3817,3818,3819,-2883,3820,-2926,3821,3822,3823,-2902,-2907,3824,-2881,3825,-2904,3826,3827,-3005,-3084,3828,3829,3830,3831,-3056,3832,3833,-3421,3834,3835,3836,3837,-3505,-3507,3838,3839,3840,3841,3842,-3451,3843,3844,3845,3846,3847,-2841,3848,-2753,-2752,3849,3850,-2142,-2180,3851,-1972,3852,3853,-1727,-1726,3854,-694,-693,3855,3856],[-536],[-695],[-772],[-737,-736],[-797],[-847],[-848],[-998],[-1051],[-1058],[-1004],[-1177],[-1178],[-1244],[-1291],[-1292],[-1330],[-1545],[-1368],[-1601],[-1440],[-1473],[-1441],[-1521],[-1523,-1522],[3857,3858,-1645],[-1602],[-1603],[-1604],[-1605],[-1606],[-1682],[-1683],[-1684],[-1778],[3859,-1978,3860,-1806,-1809],[-1685],[-1801],[-1802],[-1804,-1803],[-1805],[-1810],[-1936],[-1811],[-2223,3861,3862,3863,-1974,3864],[-2016],[-2017],[-1979],[-2047],[-2048],[-2049],[-2050],[-2158],[-2181],[-2182],[-2231],[-2268],[-2287],[-2311],[3865,-2376,-2318,-2317,3866],[-2319],[-2603,3867,3868],[-2412],[-2414,-2413],[-2452],[-2525,-2526],[-2490],[-2528,-2527],[-2605],[-2606],[-2693,-2692,-2691],[-2843],[-2694],[-2773],[-2774,-2775],[-2776],[-2875],[-3177,-3176,-3175],[-2876,-2877],[-2878],[-2946],[-3031],[-3069],[-3032],[-3081],[-3222],[-3298,-3299],[-3504]],"properties":{"anthrome":53}},{"type":"Polygon","arcs":[[3869,3870,3871,3872,3873,-3630,3874]],"properties":{"anthrome":41}},{"type":"Polygon","arcs":[[3875]],"properties":{"anthrome":51}},{"type":"Polygon","arcs":[[3876,3877,3878,3879]],"properties":{"anthrome":52}},{"type":"Polygon","arcs":[[3880,-3238,3881,3882,-3163,3883,-3460,-3530,3884,3885,3886,3887,3888,3889,3890,-3680,-3407,3891,-3310,-3233]],"properties":{"anthrome":54}},{"type":"Polygon","arcs":[[3892]],"properties":{"anthrome":61}},{"type":"Polygon","arcs":[[3893]],"properties":{"anthrome":53}},{"type":"Polygon","arcs":[[3894,3895]],"properties":{"anthrome":53}},{"type":"Polygon","arcs":[[3896]],"properties":{"anthrome":53}},{"type":"Polygon","arcs":[[3897,3898]],"properties":{"anthrome":53}},{"type":"Polygon","arcs":[[-2684,3899,3900,-3490,-3632,3901,3902,-3448,-3184,3903,-3136,3904,-3073,3905,3906,-2866,3907,-2676],[-2869],[-3211],[-3293],[-3488]],"properties":{"anthrome":52}},{"type":"Polygon","arcs":[[-3873,3908]],"properties":{"anthrome":32}},{"type":"Polygon","arcs":[[3909,3910,3911,3912,3913]],"properties":{"anthrome":41}},{"type":"Polygon","arcs":[[-3741,3914,3915]],"properties":{"anthrome":32}},{"type":"Polygon","arcs":[[3916]],"properties":{"anthrome":42}},{"type":"Polygon","arcs":[[3917,3918,-3841]],"properties":{"anthrome":52}},{"type":"Polygon","arcs":[[3919,3920,-3918]],"properties":{"anthrome":53}},{"type":"Polygon","arcs":[[3921]],"properties":{"anthrome":53}},{"type":"Polygon","arcs":[[3922,3923,3924,3925]],"properties":{"anthrome":52}},{"type":"Polygon","arcs":[[3926,3927,3928]],"properties":{"anthrome":53}},{"type":"Polygon","arcs":[[3929]],"properties":{"anthrome":43}},{"type":"Polygon","arcs":[[3930,3931,3932]],"properties":{"anthrome":34}},{"type":"Polygon","arcs":[[3933,3934,3935,3936]],"properties":{"anthrome":54}},{"type":"Polygon","arcs":[[3937,3938,3939,3940]],"properties":{"anthrome":62}},{"type":"Polygon","arcs":[[3941,3942,3943,-3939]],"properties":{"anthrome":54}},{"type":"Polygon","arcs":[[3944,3945,-3888]],"properties":{"anthrome":53}},{"type":"Polygon","arcs":[[3946,3947]],"properties":{"anthrome":62}},{"type":"Polygon","arcs":[[-3778,3948,3949]],"properties":{"anthrome":54}},{"type":"Polygon","arcs":[[3950,3951,3952,3953,3954]],"properties":{"anthrome":53}},{"type":"Polygon","arcs":[[3955,3956,-3669,3957,3958,3959,3960,3961,3962,3963]],"properties":{"anthrome":61}},{"type":"Polygon","arcs":[[3964,3965,-3399,3966,-3771,3967,-3941,3968,3969,3970,-3658,3971,3972,3973,-3656,3974,-3654,3975,3976,3977,3978,3979,3980,-3454,3981]],"properties":{"anthrome":54}},{"type":"Polygon","arcs":[[3982,3983]],"properties":{"anthrome":61}},{"type":"Polygon","arcs":[[-3963,3984,3985,-3983]],"properties":{"anthrome":53}},{"type":"Polygon","arcs":[[3986,-3909,3987,3988,3989]],"properties":{"anthrome":41}},{"type":"Polygon","arcs":[[3990,3991]],"properties":{"anthrome":43}},{"type":"Polygon","arcs":[[3992,3993,3994]],"properties":{"anthrome":42}},{"type":"Polygon","arcs":[[3995,3996,-3667,3997,3998,3999,4000,4001,4002]],"properties":{"anthrome":54}},{"type":"Polygon","arcs":[[4003,4004,4005,-4000]],"properties":{"anthrome":53}},{"type":"Polygon","arcs":[[4006]],"properties":{"anthrome":61}},{"type":"Polygon","arcs":[[4007]],"properties":{"anthrome":53}},{"type":"Polygon","arcs":[[4008]],"properties":{"anthrome":61}},{"type":"Polygon","arcs":[[4009,4010]],"properties":{"anthrome":41}},{"type":"Polygon","arcs":[[4011,4012]],"properties":{"anthrome":61}},{"type":"Polygon","arcs":[[4013,4014,4015,-4012]],"properties":{"anthrome":41}},{"type":"Polygon","arcs":[[4016,4017,4018,4019]],"properties":{"anthrome":32}},{"type":"Polygon","arcs":[[4020,4021]],"properties":{"anthrome":41}},{"type":"Polygon","arcs":[[4022,4023,4024,4025]],"properties":{"anthrome":41}},{"type":"Polygon","arcs":[[4026,4027,4028,4029]],"properties":{"anthrome":41}},{"type":"Polygon","arcs":[[4030,4031,4032,-4028]],"properties":{"anthrome":51}},{"type":"Polygon","arcs":[[4033,4034,4035,4036]],"properties":{"anthrome":53}},{"type":"Polygon","arcs":[[4037,4038,4039,4040]],"properties":{"anthrome":53}},{"type":"Polygon","arcs":[[4041,4042,4043,-4039]],"properties":{"anthrome":52}},{"type":"Polygon","arcs":[[4044]],"properties":{"anthrome":62}},{"type":"Polygon","arcs":[[4045]],"properties":{"anthrome":43}},{"type":"Polygon","arcs":[[4046,4047]],"properties":{"anthrome":62}},{"type":"Polygon","arcs":[[4048,4049,4050,4051]],"properties":{"anthrome":53}},{"type":"Polygon","arcs":[[4052,4053,-4050]],"properties":{"anthrome":54}},{"type":"Polygon","arcs":[[4054,4055,4056]],"properties":{"anthrome":62}},{"type":"Polygon","arcs":[[4057,4058,4059,4060]],"properties":{"anthrome":61}},{"type":"Polygon","arcs":[[4061]],"properties":{"anthrome":53}},{"type":"Polygon","arcs":[[4062,4063,-3959]],"properties":{"anthrome":53}},{"type":"Polygon","arcs":[[4064,4065]],"properties":{"anthrome":61}},{"type":"Polygon","arcs":[[-3339,4066,-3494,-3381,4067,-3442,4068,4069,-3578]],"properties":{"anthrome":51}},{"type":"Polygon","arcs":[[-3519,-3610,4070,-3681,4071,4072,-3522,4073,-3607,4074]],"properties":{"anthrome":54}},{"type":"Polygon","arcs":[[-3324,4075,4076,4077,4078,4079,4080,4081,4082,4083]],"properties":{"anthrome":53}},{"type":"Polygon","arcs":[[4084,-916,4085,4086,-3572,4087,-2382,4088,-3569,4089,-2544,4090,4091,-3566,4092,-2962,-2710,-2712,-2961,-2620,4093,-2534,-2634,4094,-2835,4095,-3276,-3041,-3182,4096,-3675,-3773,-3342,4097,-3151,4098,-2991,4099,-3148,4100,-2577,4101,-2613,-3156,4102,-3008,-3007,4103,-3153,4104,-3347,4105,-3965,4106,-3456,4107,-3980,4108,4109,-3937,4110,4111,4112,4113,4114,4115,4116,4117,4118,4119,4120,4121,4122,-2658,4123,4124,-2707,4125,4126,4127,4128,4129,4130,4131,4132,4133,4134],[-1097],[-1182],[-1183],[-1270],[-1298],[-1332],[-1374],[-1373],[-1443],[-1764],[-1981],[-2159],[-2232],[-2184],[-2269],[-2270],[-2411],[-2378],[-2379],[-2454],[-2455],[-2456],[4135,-2625,-2624,4136,-2537,4137,-2493],[-2618],[-2578],[-2533],[-2890],[-3057],[-2891],[-3086],[-3145],[-3396],[-3650],[-3764,-3765]],"properties":{"anthrome":53}},{"type":"Polygon","arcs":[[-4070,4138,4139,4140,-4022,4141,-4018,4142,4143,4144,-3731]],"properties":{"anthrome":52}},{"type":"Polygon","arcs":[[4145,4146]],"properties":{"anthrome":53}},{"type":"Polygon","arcs":[[4147,4148,4149]],"properties":{"anthrome":53}},{"type":"Polygon","arcs":[[4150,-3914,4151,4152,4153,-3872]],"properties":{"anthrome":51}},{"type":"Polygon","arcs":[[4154,4155,4156,4157,4158]],"properties":{"anthrome":42}},{"type":"Polygon","arcs":[[4159,4160,4161,4162]],"properties":{"anthrome":51}},{"type":"Polygon","arcs":[[4163,-4037,4164,4165,4166]],"properties":{"anthrome":54}},{"type":"Polygon","arcs":[[4167,4168,4169,4170]],"properties":{"anthrome":43}},{"type":"Polygon","arcs":[[4171,4172,4173]],"properties":{"anthrome":62}},{"type":"Polygon","arcs":[[4174,4175,4176,-3751]],"properties":{"anthrome":62}},{"type":"Polygon","arcs":[[4177,4178,-3978,4179,4180,4181,4182,4183,-3935]],"properties":{"anthrome":62}},{"type":"Polygon","arcs":[[4184,-3661,4185,4186,-4053,-3948,4187,-4052,4188,4189,4190,4191,4192,4193,4194,4195,4196,4197,-3946,4198,-3886]],"properties":{"anthrome":61}},{"type":"Polygon","arcs":[[4199,-4192]],"properties":{"anthrome":62}},{"type":"Polygon","arcs":[[4200,4201,4202,4203]],"properties":{"anthrome":54}},{"type":"Polygon","arcs":[[4204,4205,-4079]],"properties":{"anthrome":61}},{"type":"Polygon","arcs":[[4206]],"properties":{"anthrome":62}},{"type":"Polygon","arcs":[[4207]],"properties":{"anthrome":62}},{"type":"Polygon","arcs":[[4208]],"properties":{"anthrome":53}},{"type":"Polygon","arcs":[[4209,4210]],"properties":{"anthrome":63}},{"type":"Polygon","arcs":[[4211,4212,4213]],"properties":{"anthrome":33}},{"type":"Polygon","arcs":[[4214,4215,4216,-4213]],"properties":{"anthrome":42}},{"type":"Polygon","arcs":[[4217]],"properties":{"anthrome":42}},{"type":"Polygon","arcs":[[-4025,4218,4219,4220]],"properties":{"anthrome":32}},{"type":"Polygon","arcs":[[4221,4222]],"properties":{"anthrome":54}},{"type":"Polygon","arcs":[[4223,4224,4225,-4166]],"properties":{"anthrome":52}},{"type":"Polygon","arcs":[[4226,4227,4228,4229]],"properties":{"anthrome":43}},{"type":"Polygon","arcs":[[4230,4231,4232,-4228]],"properties":{"anthrome":62}},{"type":"Polygon","arcs":[[4233,4234,4235]],"properties":{"anthrome":43}},{"type":"Polygon","arcs":[[4236,4237,-4173]],"properties":{"anthrome":43}},{"type":"Polygon","arcs":[[4238,-4116]],"properties":{"anthrome":54}},{"type":"Polygon","arcs":[[4239,-4198,4240,4241]],"properties":{"anthrome":53}},{"type":"Polygon","arcs":[[4242,4243,4244,-4196]],"properties":{"anthrome":53}},{"type":"Polygon","arcs":[[4245,4246,-4190]],"properties":{"anthrome":54}},{"type":"Polygon","arcs":[[4247,4248,4249,4250]],"properties":{"anthrome":52}},{"type":"Polygon","arcs":[[-4006,4251,4252,-4249]],"properties":{"anthrome":54}},{"type":"Polygon","arcs":[[4253,4254,4255,4256]],"properties":{"anthrome":53}},{"type":"Polygon","arcs":[[4257,4258,4259]],"properties":{"anthrome":61}},{"type":"Polygon","arcs":[[-3961,4260,4261,4262,4263,-3986,4264]],"properties":{"anthrome":54}},{"type":"Polygon","arcs":[[-4065,4265,4266]],"properties":{"anthrome":53}},{"type":"Polygon","arcs":[[4267,-155,4268,-187,-186,4269,-769,-768,4270,-239,-456,4271,-418,4272,-453,-473,4273,4274,-451,-281,4275,-340,4276,-450,-449,-448,4277,-475,4278,-411,4279,-343,4280,-346,4281,-509,4282,-363,4283,-348,4284,-366,4285,-352,4286,-414,4287,-579,4288,-1060,4289,-1416,4290,4291,-1389,4292,-1454,4293,-1994,4294,4295,-1838,4296,-1914,4297,-1713,4298,-1919,4299,-2064,4300,4301,-2506,4302,-1833,-1199,4303,-1101,-1197,4304,-1884,-1194,-977,4305,-929,4306,-921,-776,-925,4307,-1879,-1902,4308,4309,-1017,4310,4311,-1899,4312,-1337,4313,-1477,-1476,4314,-1822,-2056,4315,-2191,4316,-2163,4317,-2272,4318,4319,-2589,4320,-2290,4321,-2586,-2585,4322,-3470,4323,-3467,4324,4325,4326,-3779,4327,4328,-4077,4329,-3326,4330,-4083,-4082,4331,-4201,4332,-4254,4333,4334,4335,-4005,4336,-3998,-3612,4337,-3353,4338,-3616,4339,4340,-3320,4341,-3251,-3168,-3249,4342,4343,-2974,-2895,4344,4345,-2415,-2288,-1910,-2215,-2214,4346,-2331,4347,-2426,4348,-2351,4349,4350,-2394,4351,-2393,4352,-2582,-2581,-2641,4353,4354,-2354,4355,-2420,4356,-2218,-2217,-4087,4357,-4135,-4134,-4133,-4132,-4131,-4130,-4129,-4128,4358,4359,-3806,-3805,-3804,-3803,-3802,4360,4361,4362,4363,-1392,4364,-1310,4365,-1093,-1142,-1008,-1090,4366,-911,4367,-1397,4368,-3798,-3797,4369,4370,-1122,4371,-550,4372,4373,-832,4374,-1118,4375,-710,4376,-762,4377,-1114,-1113,-1112,-1111,4378,4379,-1108,-1107],[-216],[-195],[-209],[-217],[-304],[-248],[-268],[-270],[-271],[4380,-464,4381,-605,4382,4383,-648,-603,-715,4384,4385,-601,4386,-610,4387,-598,4388,-409,4389,-405,4390,-595,-608],[-282],[4391,-398,4392,-400,4393],[-341],[-342],[-394],[-395],[-402],[-403],[-412],[-460],[4394,4395,-564,-503],[-507],[-521],[4396,-573,4397,-717,4398,4399,-720,4400,-575,4401,-723],[-554],[-675],[-555],[-556],[-638],[-639],[-640],[4402,-711,-646,4403],[-647],[-654],[-773,-774],[-763],[-764],[-765],[-766],[-806],[-808],[-861],[-862],[-863],[-884],[-864],[-865],[-914,-913,-912],[-917],[-918],[-919],[-920],[-1044,4404,4405,4406],[-1258,-1259],[4407,-1028,4408,-933],[-936],[-937],[-1009],[-1010],[-1011],[-1012],[-1013],[-1096],[-1104],[-1224],[-1184],[-1185],[-1186],[-1246],[-1247],[-1248],[-1249],[-1297],[-1333],[-1303],[-1372],[-1386],[4409,-1613,4410,-1756,4411,-1938,4412,-1818,4413,-1699,-1747,4414,-1744,-1759],[4415,-1782,4416,-1709,4417,-1449],[-1450],[-1567],[-1688],[-1646],[-1610],[4418,-1691,4419,-1647],[4420,-1703,4421,-1618,-1620],[-1686],[-1687],[-1779],[-1817],[-1813,-1812],[-1814],[-1937],[-2018],[-1980],[-1982],[-1984],[-2020],[-2021,-2022],[-1985],[-2023],[-2051],[-2052],[-2183],[-2185,-2186],[-2471,4422,-2495,4423],[-2626],[-2713,-2714],[-2788],[-2789],[-2930],[-2975,-2976],[-3047],[-3048],[-3256],[-3255],[-3322],[-3411],[-3894],[-3776],[-4062]],"properties":{"anthrome":61}},{"type":"Polygon","arcs":[[4424,4425]],"properties":{"anthrome":61}},{"type":"Polygon","arcs":[[4426,-4140,4427,4428,4429]],"properties":{"anthrome":51}},{"type":"Polygon","arcs":[[4430,4431,4432]],"properties":{"anthrome":62}},{"type":"Polygon","arcs":[[4433]],"properties":{"anthrome":61}},{"type":"Polygon","arcs":[[4434]],"properties":{"anthrome":61}},{"type":"Polygon","arcs":[[4435]],"properties":{"anthrome":62}},{"type":"Polygon","arcs":[[4436]],"properties":{"anthrome":62}},{"type":"Polygon","arcs":[[4437]],"properties":{"anthrome":62}},{"type":"Polygon","arcs":[[4438,4439]],"properties":{"anthrome":43}},{"type":"Polygon","arcs":[[-4157,4440,4441,4442]],"properties":{"anthrome":33}},{"type":"Polygon","arcs":[[-4217,4443,4444]],"properties":{"anthrome":33}},{"type":"Polygon","arcs":[[4445,4446,-4428]],"properties":{"anthrome":42}},{"type":"Polygon","arcs":[[4447,4448,4449,-4446]],"properties":{"anthrome":41}},{"type":"Polygon","arcs":[[4450,4451,-4449]],"properties":{"anthrome":51}},{"type":"Polygon","arcs":[[4452]],"properties":{"anthrome":53}},{"type":"Polygon","arcs":[[4453,4454,4455]],"properties":{"anthrome":53}},{"type":"Polygon","arcs":[[4456,4457,4458,4459]],"properties":{"anthrome":62}},{"type":"Polygon","arcs":[[4460,4461,-4458]],"properties":{"anthrome":54}},{"type":"Polygon","arcs":[[4462]],"properties":{"anthrome":54}},{"type":"Polygon","arcs":[[-4238,4463,4464]],"properties":{"anthrome":62}},{"type":"Polygon","arcs":[[4465,4466,4467]],"properties":{"anthrome":62}},{"type":"Polygon","arcs":[[4468,4469,4470]],"properties":{"anthrome":53}},{"type":"Polygon","arcs":[[4471]],"properties":{"anthrome":42}},{"type":"Polygon","arcs":[[4472,4473]],"properties":{"anthrome":54}},{"type":"Polygon","arcs":[[4474]],"properties":{"anthrome":54}},{"type":"Polygon","arcs":[[4475,4476,4477]],"properties":{"anthrome":52}},{"type":"Polygon","arcs":[[-4256,4478,4479,4480]],"properties":{"anthrome":54}},{"type":"Polygon","arcs":[[-4203,4481,4482,-4479]],"properties":{"anthrome":53}},{"type":"Polygon","arcs":[[4483]],"properties":{"anthrome":62}},{"type":"Polygon","arcs":[[4484]],"properties":{"anthrome":53}},{"type":"Polygon","arcs":[[4485,4486,4487,4488,4489]],"properties":{"anthrome":52}},{"type":"Polygon","arcs":[[4490,4491,-4149]],"properties":{"anthrome":61}},{"type":"Polygon","arcs":[[4492,-4015,4493,-3989,4494,4495,4496,4497,4498,4499,4500,-4210,4501,-4010]],"properties":{"anthrome":32}},{"type":"Polygon","arcs":[[4502]],"properties":{"anthrome":32}},{"type":"Polygon","arcs":[[4503]],"properties":{"anthrome":54}},{"type":"Polygon","arcs":[[-4119,4504,4505,4506]],"properties":{"anthrome":34}},{"type":"Polygon","arcs":[[4507,-4194,4508,4509,4510,4511,4512,4513,-4244]],"properties":{"anthrome":54}},{"type":"Polygon","arcs":[[-4328,-3950,4514,-4258,4515,4516,4517,4518,-4206,4519]],"properties":{"anthrome":62}},{"type":"Polygon","arcs":[[4520,4521,4522]],"properties":{"anthrome":61}},{"type":"Polygon","arcs":[[4523]],"properties":{"anthrome":53}},{"type":"Polygon","arcs":[[-4500,4524]],"properties":{"anthrome":42}},{"type":"Polygon","arcs":[[4525]],"properties":{"anthrome":33}},{"type":"Polygon","arcs":[[-4429,4526,4527,4528]],"properties":{"anthrome":41}},{"type":"Polygon","arcs":[[-4447,4529,-4527]],"properties":{"anthrome":52}},{"type":"Polygon","arcs":[[4530]],"properties":{"anthrome":51}},{"type":"Polygon","arcs":[[-4459,4531,4532,4533]],"properties":{"anthrome":43}},{"type":"Polygon","arcs":[[4534]],"properties":{"anthrome":62}},{"type":"Polygon","arcs":[[4535]],"properties":{"anthrome":62}},{"type":"Polygon","arcs":[[4536]],"properties":{"anthrome":53}},{"type":"Polygon","arcs":[[4537]],"properties":{"anthrome":54}},{"type":"Polygon","arcs":[[-4512,4538,4539]],"properties":{"anthrome":62}},{"type":"Polygon","arcs":[[4540]],"properties":{"anthrome":61}},{"type":"Polygon","arcs":[[4541,4542,4543]],"properties":{"anthrome":54}},{"type":"Polygon","arcs":[[4544,4545,-4518]],"properties":{"anthrome":54}},{"type":"Polygon","arcs":[[4546,4547]],"properties":{"anthrome":54}},{"type":"Polygon","arcs":[[4548,4549,-4146,4550,-3710]],"properties":{"anthrome":61}},{"type":"Polygon","arcs":[[4551,4552,-4048,4553,4554],[-4463]],"properties":{"anthrome":43}},{"type":"Polygon","arcs":[[4555,4556,4557,4558,4559]],"properties":{"anthrome":43}},{"type":"Polygon","arcs":[[4560,4561,4562]],"properties":{"anthrome":61}},{"type":"Polygon","arcs":[[4563,4564,4565,-4562]],"properties":{"anthrome":53}},{"type":"Polygon","arcs":[[4566]],"properties":{"anthrome":33}},{"type":"Polygon","arcs":[[4567]],"properties":{"anthrome":42}},{"type":"Polygon","arcs":[[4568,4569,4570,4571,4572,4573,4574]],"properties":{"anthrome":43}},{"type":"Polygon","arcs":[[4575,4576,4577]],"properties":{"anthrome":62}},{"type":"Polygon","arcs":[[4578,4579]],"properties":{"anthrome":53}},{"type":"Polygon","arcs":[[4580]],"properties":{"anthrome":61}},{"type":"Polygon","arcs":[[4581]],"properties":{"anthrome":62}},{"type":"Polygon","arcs":[[4582]],"properties":{"anthrome":61}},{"type":"Polygon","arcs":[[-4499,4583,4584,4585]],"properties":{"anthrome":42}},{"type":"Polygon","arcs":[[4586]],"properties":{"anthrome":33}},{"type":"Polygon","arcs":[[4587]],"properties":{"anthrome":54}},{"type":"Polygon","arcs":[[4588,4589,4590,-4573]],"properties":{"anthrome":62}},{"type":"Polygon","arcs":[[4591,4592,4593,4594]],"properties":{"anthrome":53}},{"type":"Polygon","arcs":[[4595,4596,4597,-4593]],"properties":{"anthrome":54}},{"type":"Polygon","arcs":[[4598]],"properties":{"anthrome":42}},{"type":"Polygon","arcs":[[4599]],"properties":{"anthrome":54}},{"type":"Polygon","arcs":[[4600,4601,4602,4603]],"properties":{"anthrome":33}},{"type":"Polygon","arcs":[[-3954,4604,4605,4606,4607,4608,-4564,4609]],"properties":{"anthrome":61}},{"type":"Polygon","arcs":[[-4580,4610,4611]],"properties":{"anthrome":61}},{"type":"Polygon","arcs":[[4612]],"properties":{"anthrome":53}},{"type":"Polygon","arcs":[[4613,-4501,4614,4615,4616,4617,4618,4619,-4439]],"properties":{"anthrome":41}},{"type":"Polygon","arcs":[[4620,4621]],"properties":{"anthrome":53}},{"type":"Polygon","arcs":[[4622,-3723,4623,4624,4625,4626,4627,-4622,4628,-3898,-3719,-3626]],"properties":{"anthrome":61}},{"type":"Polygon","arcs":[[4629,-4627]],"properties":{"anthrome":53}},{"type":"Polygon","arcs":[[-4525,4630,4631,4632,-4615]],"properties":{"anthrome":32}},{"type":"Polygon","arcs":[[4633,4634,4635]],"properties":{"anthrome":42}},{"type":"Polygon","arcs":[[4636,4637]],"properties":{"anthrome":62}},{"type":"Polygon","arcs":[[4638]],"properties":{"anthrome":54}},{"type":"Polygon","arcs":[[4639]],"properties":{"anthrome":42}},{"type":"Polygon","arcs":[[4640,-4611]],"properties":{"anthrome":53}},{"type":"Polygon","arcs":[[-4566,4641,4642,4643]],"properties":{"anthrome":54}},{"type":"Polygon","arcs":[[4644]],"properties":{"anthrome":54}},{"type":"Polygon","arcs":[[4645]],"properties":{"anthrome":54}},{"type":"Polygon","arcs":[[4646]],"properties":{"anthrome":61}},{"type":"Polygon","arcs":[[-4619,4647]],"properties":{"anthrome":32}},{"type":"Polygon","arcs":[[4648,4649]],"properties":{"anthrome":41}},{"type":"Polygon","arcs":[[4650,4651,4652]],"properties":{"anthrome":41}},{"type":"Polygon","arcs":[[4653,4654,4655,4656]],"properties":{"anthrome":33}},{"type":"Polygon","arcs":[[4657,4658,4659,-4655]],"properties":{"anthrome":54}},{"type":"Polygon","arcs":[[-4450,4660,4661,-4636,-4653,4662,4663,-4530]],"properties":{"anthrome":51}},{"type":"Polygon","arcs":[[4664]],"properties":{"anthrome":54}},{"type":"Polygon","arcs":[[-4326,4665,4666,4667,-4546,4668,4669,-4259]],"properties":{"anthrome":53}},{"type":"Polygon","arcs":[[4670,4671]],"properties":{"anthrome":61}},{"type":"Polygon","arcs":[[-4170,4672,4673,4674,4675,4676,-4532,-4462]],"properties":{"anthrome":62}},{"type":"Polygon","arcs":[[4677,4678,4679,4680,4681]],"properties":{"anthrome":52}},{"type":"Polygon","arcs":[[4682,4683,4684,4685]],"properties":{"anthrome":52}},{"type":"Polygon","arcs":[[4686,4687,4688,4689]],"properties":{"anthrome":62}},{"type":"Polygon","arcs":[[-4667,4690,4691]],"properties":{"anthrome":61}},{"type":"Polygon","arcs":[[4692,4693,4694,4695]],"properties":{"anthrome":61}},{"type":"Polygon","arcs":[[4696,4697,4698,-4694]],"properties":{"anthrome":53}},{"type":"Polygon","arcs":[[4699]],"properties":{"anthrome":54}},{"type":"Polygon","arcs":[[4700,4701]],"properties":{"anthrome":61}},{"type":"Polygon","arcs":[[-4618,4702]],"properties":{"anthrome":32}},{"type":"Polygon","arcs":[[4703,4704,4705]],"properties":{"anthrome":32}},{"type":"Polygon","arcs":[[4706,4707]],"properties":{"anthrome":33}},{"type":"Polygon","arcs":[[4708,4709]],"properties":{"anthrome":33}},{"type":"Polygon","arcs":[[4710]],"properties":{"anthrome":32}},{"type":"Polygon","arcs":[[4711,4712,4713]],"properties":{"anthrome":62}},{"type":"Polygon","arcs":[[4714]],"properties":{"anthrome":54}},{"type":"Polygon","arcs":[[4715,4716,-4688]],"properties":{"anthrome":53}},{"type":"Polygon","arcs":[[4717]],"properties":{"anthrome":61}},{"type":"Polygon","arcs":[[4718,4719,4720]],"properties":{"anthrome":62}},{"type":"Polygon","arcs":[[4721,4722,4723]],"properties":{"anthrome":54}},{"type":"Polygon","arcs":[[4724,4725,-4425,4726,4727,4728,-4723,4729,-4625]],"properties":{"anthrome":53}},{"type":"Polygon","arcs":[[4730]],"properties":{"anthrome":54}},{"type":"Polygon","arcs":[[4731,4732]],"properties":{"anthrome":54}},{"type":"Polygon","arcs":[[4733]],"properties":{"anthrome":62}},{"type":"Polygon","arcs":[[4734]],"properties":{"anthrome":53}},{"type":"Polygon","arcs":[[4735,-4728]],"properties":{"anthrome":61}},{"type":"Polygon","arcs":[[4736,4737,4738]],"properties":{"anthrome":33}},{"type":"Polygon","arcs":[[4739,4740,4741,4742]],"properties":{"anthrome":32}},{"type":"Polygon","arcs":[[4743]],"properties":{"anthrome":54}},{"type":"Polygon","arcs":[[4744,4745,4746]],"properties":{"anthrome":54}},{"type":"Polygon","arcs":[[4747,4748]],"properties":{"anthrome":41}},{"type":"Polygon","arcs":[[4749]],"properties":{"anthrome":53}},{"type":"Polygon","arcs":[[4750,4751]],"properties":{"anthrome":43}},{"type":"Polygon","arcs":[[4752,4753]],"properties":{"anthrome":62}},{"type":"Polygon","arcs":[[4754,4755]],"properties":{"anthrome":62}},{"type":"Polygon","arcs":[[4756,4757,4758,4759]],"properties":{"anthrome":52}},{"type":"Polygon","arcs":[[-4691,4760,4761]],"properties":{"anthrome":53}},{"type":"Polygon","arcs":[[4762]],"properties":{"anthrome":61}},{"type":"Polygon","arcs":[[4763,4764,4765,-3762,4766,4767,4768,4769,4770,4771,4772,4773],[-4504]],"properties":{"anthrome":43}},{"type":"Polygon","arcs":[[-4616,-4650,4774,-4632,4775,4776,4777,4778]],"properties":{"anthrome":42}},{"type":"Polygon","arcs":[[4779,4780,-4733,4781]],"properties":{"anthrome":53}},{"type":"Polygon","arcs":[[4782,4783,4784]],"properties":{"anthrome":61}},{"type":"Polygon","arcs":[[4785,4786],[-4645],[-4700]],"properties":{"anthrome":62}},{"type":"Polygon","arcs":[[4787,4788]],"properties":{"anthrome":62}},{"type":"Polygon","arcs":[[4789,4790,4791,-4770]],"properties":{"anthrome":62}},{"type":"Polygon","arcs":[[4792,4793,4794,4795]],"properties":{"anthrome":52}},{"type":"Polygon","arcs":[[4796,4797,4798,4799]],"properties":{"anthrome":42}},{"type":"Polygon","arcs":[[4800,4801]],"properties":{"anthrome":62}},{"type":"Polygon","arcs":[[4802,4803,4804]],"properties":{"anthrome":43}},{"type":"Polygon","arcs":[[4805,4806,4807,4808]],"properties":{"anthrome":62}},{"type":"Polygon","arcs":[[4809,4810,4811]],"properties":{"anthrome":61}},{"type":"Polygon","arcs":[[4812,4813]],"properties":{"anthrome":53}},{"type":"Polygon","arcs":[[4814,4815,4816,-4732]],"properties":{"anthrome":53}},{"type":"Polygon","arcs":[[4817]],"properties":{"anthrome":61}},{"type":"Polygon","arcs":[[-4778,4818]],"properties":{"anthrome":61}},{"type":"Polygon","arcs":[[4819,4820,4821,4822,-4738]],"properties":{"anthrome":42}},{"type":"Polygon","arcs":[[4823]],"properties":{"anthrome":51}},{"type":"Polygon","arcs":[[4824,4825]],"properties":{"anthrome":54}},{"type":"Polygon","arcs":[[4826,4827,4828,4829]],"properties":{"anthrome":51}},{"type":"Polygon","arcs":[[4830,4831,4832,-4828]],"properties":{"anthrome":42}},{"type":"Polygon","arcs":[[4833,4834]],"properties":{"anthrome":62}},{"type":"Polygon","arcs":[[4835,4836]],"properties":{"anthrome":62}},{"type":"Polygon","arcs":[[4837]],"properties":{"anthrome":62}},{"type":"Polygon","arcs":[[4838,4839,4840]],"properties":{"anthrome":43}},{"type":"Polygon","arcs":[[4841]],"properties":{"anthrome":62}},{"type":"Polygon","arcs":[[4842,4843,4844]],"properties":{"anthrome":62}},{"type":"Polygon","arcs":[[4845]],"properties":{"anthrome":54}},{"type":"Polygon","arcs":[[4846,4847,4848]],"properties":{"anthrome":52}},{"type":"Polygon","arcs":[[4849,4850,4851,4852,-4759,4853]],"properties":{"anthrome":54}},{"type":"Polygon","arcs":[[4854]],"properties":{"anthrome":61}},{"type":"Polygon","arcs":[[4855]],"properties":{"anthrome":54}},{"type":"Polygon","arcs":[[4856,4857,4858]],"properties":{"anthrome":53}},{"type":"Polygon","arcs":[[4859]],"properties":{"anthrome":62}},{"type":"Polygon","arcs":[[4860]],"properties":{"anthrome":61}},{"type":"Polygon","arcs":[[4861,4862,4863]],"properties":{"anthrome":51}},{"type":"Polygon","arcs":[[4864]],"properties":{"anthrome":62}},{"type":"Polygon","arcs":[[4865,4866,4867]],"properties":{"anthrome":52}},{"type":"Polygon","arcs":[[4868]],"properties":{"anthrome":61}},{"type":"Polygon","arcs":[[4869,4870,4871]],"properties":{"anthrome":62}},{"type":"Polygon","arcs":[[4872,4873,4874]],"properties":{"anthrome":63}},{"type":"Polygon","arcs":[[4875,-310,4876,-312,4877,-590,4878,-615,4879,-588,4880,-465,4881,-353,4882,-2132,-724,-2131,4883,-2129,-2128,4884,-2250,4885,-2173,-2118,4886,4887,-2252,4888,-2336,4889,-2364,-2433,4890,-3210,4891,-3628,4892,-3624,4893,4894,4895,4896,-4150,4897,4898,-4875,4899,4900,4901,4902,4903,4904,-3684,4905,-3280,4906,-3060,4907,4908,-3955,4909,4910,4911,-3694,4912,4913,-3586,4914,4915,-3709,4916,-3113,4917,4918,-2721,4919,-2718,-2344,-2171,4920,-2205,4921,-1790,4922,-2203,-1667,4923,-1575,4924,-1495,-1429,4925,-1425,4926,-1765,-1466,4927,-1236,4928,-1163,-1165,4929,4930,-1351,4931,-1878,4932,4933,4934,4935,-2409,4936,-2859,4937,4938,4939,4940,-2241,-2243,4941,-2027,4942,-1924,4943,-1655,4944,4945,4946,-1419,4947,4948,-1230,4949,-1161,4950,-1068,4951,4952,-897,4953,4954,-780,4955,-517,-516,-369],[-419,-420],[-478],[-524],[-771],[-839],[-840],[-899],[-1544],[-980],[-1048],[-981],[-982],[-1070,-1071],[4956,4957,4958,-1262,4959,-1167],[-1232],[-1273],[-1424],[-1497],[4960],[-1578],[-1580,-1579],[-1581],[-1669],[-1670],[-1942],[-2100],[-2164],[-2227],[-2244],[-2339],[-2248],[-2294],[-2305],[-2726,-2727],[-2361],[-2362],[-2518],[-2519],[-2728],[4961,4962,-2838],[-2675],[4963,-3016,-3058],[-2862],[-3064],[-3072],[4964],[4965],[4966,-3588,4967,-3427],[-3290],[-3717],[-3897],[-4209],[-4613],[-4524]],"properties":{"anthrome":61}},{"type":"Polygon","arcs":[[4968,-4795,4969,4970,-4777]],"properties":{"anthrome":32}},{"type":"Polygon","arcs":[[4971,4972,4973,4974]],"properties":{"anthrome":41}},{"type":"Polygon","arcs":[[4975,4976,4977,-4973]],"properties":{"anthrome":32}},{"type":"Polygon","arcs":[[-4799,4978,4979,4980]],"properties":{"anthrome":32}},{"type":"Polygon","arcs":[[4981,4982,4983]],"properties":{"anthrome":42}},{"type":"Polygon","arcs":[[4984]],"properties":{"anthrome":51}},{"type":"Polygon","arcs":[[4985,4986,4987]],"properties":{"anthrome":33}},{"type":"Polygon","arcs":[[4988,4989]],"properties":{"anthrome":62}},{"type":"Polygon","arcs":[[4990,4991]],"properties":{"anthrome":62}},{"type":"Polygon","arcs":[[4992,4993]],"properties":{"anthrome":62}},{"type":"Polygon","arcs":[[4994,4995,4996,4997]],"properties":{"anthrome":43}},{"type":"Polygon","arcs":[[4998]],"properties":{"anthrome":43}},{"type":"Polygon","arcs":[[4999]],"properties":{"anthrome":53}},{"type":"Polygon","arcs":[[5000]],"properties":{"anthrome":33}},{"type":"Polygon","arcs":[[5001,5002,5003,5004]],"properties":{"anthrome":53}},{"type":"Polygon","arcs":[[5005,5006,5007,-5003]],"properties":{"anthrome":54}},{"type":"Polygon","arcs":[[5008,5009]],"properties":{"anthrome":61}},{"type":"Polygon","arcs":[[-3424,-3964,-3984,-4264,5010,-4547,5011,5012,5013,5014]],"properties":{"anthrome":53}},{"type":"Polygon","arcs":[[-4080,-4519,-4668,-4690,5015,-4762,5016,5017,5018,5019,5020,-4482]],"properties":{"anthrome":61}},{"type":"Polygon","arcs":[[5021,-4756,-4720,5022,5023,5024,5025,5026,5027,5028,5029,-4714,-4754,5030,5031]],"properties":{"anthrome":43}},{"type":"Polygon","arcs":[[5032,5033,5034,5035]],"properties":{"anthrome":41}},{"type":"Polygon","arcs":[[-4713,5036,5037,5038,-4753]],"properties":{"anthrome":54}},{"type":"Polygon","arcs":[[5039,5040,5041]],"properties":{"anthrome":54}},{"type":"Polygon","arcs":[[5042,5043,5044,5045]],"properties":{"anthrome":54}},{"type":"Polygon","arcs":[[5046,5047,5048,5049,5050,5051,5052]],"properties":{"anthrome":51}},{"type":"Polygon","arcs":[[5053,-5018]],"properties":{"anthrome":53}},{"type":"Polygon","arcs":[[5054,5055,5056]],"properties":{"anthrome":53}},{"type":"Polygon","arcs":[[5057,5058,5059]],"properties":{"anthrome":53}},{"type":"Polygon","arcs":[[5060]],"properties":{"anthrome":62}},{"type":"Polygon","arcs":[[5061]],"properties":{"anthrome":62}},{"type":"Polygon","arcs":[[5062,5063,5064,5065]],"properties":{"anthrome":42}},{"type":"Polygon","arcs":[[5066,5067,-5044]],"properties":{"anthrome":51}},{"type":"Polygon","arcs":[[5068,5069,-5067]],"properties":{"anthrome":32}},{"type":"Polygon","arcs":[[5070]],"properties":{"anthrome":43}},{"type":"Polygon","arcs":[[5071,5072,5073,-4986,5074,5075,5076]],"properties":{"anthrome":54}},{"type":"Polygon","arcs":[[5077,5078]],"properties":{"anthrome":62}},{"type":"Polygon","arcs":[[5079]],"properties":{"anthrome":62}},{"type":"Polygon","arcs":[[5080,5081]],"properties":{"anthrome":62}},{"type":"Polygon","arcs":[[5082]],"properties":{"anthrome":62}},{"type":"Polygon","arcs":[[5083,5084]],"properties":{"anthrome":43}},{"type":"Polygon","arcs":[[5085,5086,5087,5088]],"properties":{"anthrome":43}},{"type":"Polygon","arcs":[[5089,5090,5091,5092]],"properties":{"anthrome":54}},{"type":"Polygon","arcs":[[5093]],"properties":{"anthrome":53}},{"type":"Polygon","arcs":[[5094]],"properties":{"anthrome":32}},{"type":"Polygon","arcs":[[5095,5096]],"properties":{"anthrome":54}},{"type":"Polygon","arcs":[[5097,5098,5099,5100]],"properties":{"anthrome":54}},{"type":"Polygon","arcs":[[5101,5102,5103,-5099]],"properties":{"anthrome":52}},{"type":"Polygon","arcs":[[5104]],"properties":{"anthrome":61}},{"type":"Polygon","arcs":[[5105,5106]],"properties":{"anthrome":53}},{"type":"Polygon","arcs":[[5107,5108,5109]],"properties":{"anthrome":52}},{"type":"Polygon","arcs":[[5110,5111,-5108]],"properties":{"anthrome":61}},{"type":"Polygon","arcs":[[5112,-4772,5113,5114,5115,5116,5117,5118,5119,-5087,5120,5121],[-4999]],"properties":{"anthrome":62}},{"type":"Polygon","arcs":[[5122,-4998,5123,5124,5125,5126,5127,5128,-5026]],"properties":{"anthrome":62}},{"type":"Polygon","arcs":[[5129,5130,5131,5132,5133,5134,5135]],"properties":{"anthrome":43}},{"type":"Polygon","arcs":[[5136]],"properties":{"anthrome":62}},{"type":"Polygon","arcs":[[5137,5138,5139]],"properties":{"anthrome":61}},{"type":"Polygon","arcs":[[5140]],"properties":{"anthrome":61}},{"type":"Polygon","arcs":[[5141,5142]],"properties":{"anthrome":62}},{"type":"Polygon","arcs":[[5143,-5128,5144,5145,5146,5147]],"properties":{"anthrome":54}},{"type":"Polygon","arcs":[[5148,-5097,5149,5150,5151]],"properties":{"anthrome":52}},{"type":"Polygon","arcs":[[5152,5153,5154,5155]],"properties":{"anthrome":53}},{"type":"Polygon","arcs":[[5156,5157,5158]],"properties":{"anthrome":53}},{"type":"Polygon","arcs":[[5159,5160,5161,5162]],"properties":{"anthrome":53}},{"type":"Polygon","arcs":[[5163]],"properties":{"anthrome":53}},{"type":"Polygon","arcs":[[5164,5165]],"properties":{"anthrome":61}},{"type":"Polygon","arcs":[[5166,5167]],"properties":{"anthrome":61}},{"type":"Polygon","arcs":[[5168,5169,5170]],"properties":{"anthrome":41}},{"type":"Polygon","arcs":[[-5065,5171,5172,5173]],"properties":{"anthrome":32}},{"type":"Polygon","arcs":[[5174]],"properties":{"anthrome":33}},{"type":"Polygon","arcs":[[5175,5176]],"properties":{"anthrome":42}},{"type":"Polygon","arcs":[[5177,5178]],"properties":{"anthrome":32}},{"type":"Polygon","arcs":[[5179,5180]],"properties":{"anthrome":61}},{"type":"Polygon","arcs":[[5181,5182]],"properties":{"anthrome":52}},{"type":"Polygon","arcs":[[5183,-5126,5184,-5146]],"properties":{"anthrome":43}},{"type":"Polygon","arcs":[[5185,5186,5187]],"properties":{"anthrome":43}},{"type":"Polygon","arcs":[[-5135,5188,-5186]],"properties":{"anthrome":62}},{"type":"Polygon","arcs":[[5189,5190,5191,-5133]],"properties":{"anthrome":54}},{"type":"Polygon","arcs":[[5192,5193,5194,5195]],"properties":{"anthrome":54}},{"type":"Polygon","arcs":[[5196,5197,5198,5199]],"properties":{"anthrome":62}},{"type":"Polygon","arcs":[[5200,-5119,5201,-5198]],"properties":{"anthrome":54}},{"type":"Polygon","arcs":[[5202,5203,-5117]],"properties":{"anthrome":43}},{"type":"Polygon","arcs":[[5204]],"properties":{"anthrome":62}},{"type":"Polygon","arcs":[[5205]],"properties":{"anthrome":62}},{"type":"Polygon","arcs":[[5206]],"properties":{"anthrome":62}},{"type":"Polygon","arcs":[[5207]],"properties":{"anthrome":32}},{"type":"Polygon","arcs":[[5208,5209]],"properties":{"anthrome":61}},{"type":"Polygon","arcs":[[5210]],"properties":{"anthrome":53}},{"type":"Polygon","arcs":[[5211]],"properties":{"anthrome":62}},{"type":"Polygon","arcs":[[5212,-4984,5213,5214,5215,5216,5217,5218,-5051]],"properties":{"anthrome":32}},{"type":"Polygon","arcs":[[5219,5220,-5014,5221,5222,5223,5224]],"properties":{"anthrome":52}},{"type":"Polygon","arcs":[[5225,5226,5227,5228]],"properties":{"anthrome":54}},{"type":"Polygon","arcs":[[5229,5230,5231,5232]],"properties":{"anthrome":61}},{"type":"Polygon","arcs":[[5233]],"properties":{"anthrome":53}},{"type":"Polygon","arcs":[[5234]],"properties":{"anthrome":62}},{"type":"Polygon","arcs":[[5235,5236,5237,5238]],"properties":{"anthrome":53}},{"type":"Polygon","arcs":[[5239,5240,5241]],"properties":{"anthrome":61}},{"type":"Polygon","arcs":[[5242,5243]],"properties":{"anthrome":52}},{"type":"Polygon","arcs":[[-5173,5244,5245,5246]],"properties":{"anthrome":52}},{"type":"Polygon","arcs":[[5247,5248,5249,-5245]],"properties":{"anthrome":42}},{"type":"Polygon","arcs":[[5250,5251,5252,-5249]],"properties":{"anthrome":33}},{"type":"Polygon","arcs":[[5253,5254,5255,-5252]],"properties":{"anthrome":42}},{"type":"Polygon","arcs":[[5256,5257,5258]],"properties":{"anthrome":43}},{"type":"Polygon","arcs":[[5259,-5182,5260,5261]],"properties":{"anthrome":53}},{"type":"Polygon","arcs":[[5262]],"properties":{"anthrome":62}},{"type":"Polygon","arcs":[[5263,5264]],"properties":{"anthrome":63}},{"type":"Polygon","arcs":[[5265]],"properties":{"anthrome":62}},{"type":"Polygon","arcs":[[5266,5267,5268,5269]],"properties":{"anthrome":43}},{"type":"Polygon","arcs":[[-5195,5270,5271,5272]],"properties":{"anthrome":43}},{"type":"Polygon","arcs":[[5273,5274,-5271]],"properties":{"anthrome":54}},{"type":"Polygon","arcs":[[5275,5276]],"properties":{"anthrome":43}},{"type":"Polygon","arcs":[[5277]],"properties":{"anthrome":54}},{"type":"Polygon","arcs":[[5278,-5223]],"properties":{"anthrome":61}},{"type":"Polygon","arcs":[[5279,5280]],"properties":{"anthrome":53}},{"type":"Polygon","arcs":[[5281,-4782,-4817,5282,5283,5284,-5057,-5163,5285,5286,-5226,5287,5288,5289,5290,5291,5292,5293,5294,5295,-4813,5296]],"properties":{"anthrome":61}},{"type":"Polygon","arcs":[[5297,5298,5299,5300,5301],[-5234]],"properties":{"anthrome":61}},{"type":"Polygon","arcs":[[5302]],"properties":{"anthrome":53}},{"type":"Polygon","arcs":[[5303,5304,5305,5306]],"properties":{"anthrome":32}},{"type":"Polygon","arcs":[[5307,-5217,5308,5309,5310]],"properties":{"anthrome":51}},{"type":"Polygon","arcs":[[5311,5312,5313,5314,5315,-5091]],"properties":{"anthrome":62}},{"type":"Polygon","arcs":[[5316,5317]],"properties":{"anthrome":61}},{"type":"Polygon","arcs":[[-5290,5318,5319]],"properties":{"anthrome":53}},{"type":"Polygon","arcs":[[5320,5321,5322,5323]],"properties":{"anthrome":53}},{"type":"Polygon","arcs":[[-5238,5324]],"properties":{"anthrome":54}},{"type":"Polygon","arcs":[[5325]],"properties":{"anthrome":61}},{"type":"Polygon","arcs":[[5326]],"properties":{"anthrome":61}},{"type":"Polygon","arcs":[[5327,5328]],"properties":{"anthrome":62}},{"type":"Polygon","arcs":[[5329,5330,-5328]],"properties":{"anthrome":51}},{"type":"Polygon","arcs":[[5331,5332,5333]],"properties":{"anthrome":61}},{"type":"Polygon","arcs":[[5334,-5332]],"properties":{"anthrome":32}},{"type":"Polygon","arcs":[[5335,5336]],"properties":{"anthrome":32}},{"type":"Polygon","arcs":[[5337,5338]],"properties":{"anthrome":51}},{"type":"Polygon","arcs":[[5339,5340,5341]],"properties":{"anthrome":33}},{"type":"Polygon","arcs":[[5342,5343,5344]],"properties":{"anthrome":61}},{"type":"Polygon","arcs":[[-5264,5345,5346,5347]],"properties":{"anthrome":53}},{"type":"Polygon","arcs":[[5348,-5346]],"properties":{"anthrome":62}},{"type":"Polygon","arcs":[[5349,5350]],"properties":{"anthrome":43}},{"type":"Polygon","arcs":[[5351,5352,5353,5354]],"properties":{"anthrome":43}},{"type":"Polygon","arcs":[[5355,5356,5357,5358]],"properties":{"anthrome":62}},{"type":"Polygon","arcs":[[5359,5360,5361,5362]],"properties":{"anthrome":62}},{"type":"Polygon","arcs":[[5363,5364,5365,-5361]],"properties":{"anthrome":54}},{"type":"Polygon","arcs":[[5366]],"properties":{"anthrome":61}},{"type":"Polygon","arcs":[[-5224,5367,5368]],"properties":{"anthrome":53}},{"type":"Polygon","arcs":[[5369,5370]],"properties":{"anthrome":61}},{"type":"Polygon","arcs":[[5371,5372,5373,5374,5375,5376]],"properties":{"anthrome":53}},{"type":"Polygon","arcs":[[5377,5378,5379,5380,5381,5382,5383,5384,5385,-5353,5386,-5268,5387,-5191,5388,-5131]],"properties":{"anthrome":62}},{"type":"Polygon","arcs":[[5389,5390]],"properties":{"anthrome":61}},{"type":"Polygon","arcs":[[5391,5392,5393,5394]],"properties":{"anthrome":42}},{"type":"Polygon","arcs":[[5395,5396,5397,5398]],"properties":{"anthrome":32}},{"type":"Polygon","arcs":[[5399]],"properties":{"anthrome":53}},{"type":"Polygon","arcs":[[5400,-5359,5401,5402]],"properties":{"anthrome":53}},{"type":"Polygon","arcs":[[5403,5404,5405,5406]],"properties":{"anthrome":62}},{"type":"Polygon","arcs":[[5407,5408,5409,-5405]],"properties":{"anthrome":54}},{"type":"Polygon","arcs":[[5410,5411,5412]],"properties":{"anthrome":54}},{"type":"Polygon","arcs":[[5413,5414]],"properties":{"anthrome":62}},{"type":"Polygon","arcs":[[5415,5416,5417,5418]],"properties":{"anthrome":62}},{"type":"Polygon","arcs":[[5419,5420]],"properties":{"anthrome":61}},{"type":"Polygon","arcs":[[5421]],"properties":{"anthrome":61}},{"type":"Polygon","arcs":[[5422]],"properties":{"anthrome":61}},{"type":"Polygon","arcs":[[5423,5424,5425]],"properties":{"anthrome":52}},{"type":"Polygon","arcs":[[-5333,5426,5427]],"properties":{"anthrome":51}},{"type":"Polygon","arcs":[[5428,5429,5430,5431]],"properties":{"anthrome":42}},{"type":"Polygon","arcs":[[5432,5433,5434,-5430]],"properties":{"anthrome":32}},{"type":"Polygon","arcs":[[5435,5436,5437,5438]],"properties":{"anthrome":42}},{"type":"Polygon","arcs":[[5439,5440,5441]],"properties":{"anthrome":32}},{"type":"Polygon","arcs":[[5442,5443]],"properties":{"anthrome":51}},{"type":"Polygon","arcs":[[5444,5445,5446]],"properties":{"anthrome":32}},{"type":"Polygon","arcs":[[-5344,5447,5448]],"properties":{"anthrome":33}},{"type":"Polygon","arcs":[[5449,5450]],"properties":{"anthrome":41}},{"type":"Polygon","arcs":[[5451]],"properties":{"anthrome":54}},{"type":"Polygon","arcs":[[-5375,5452]],"properties":{"anthrome":61}},{"type":"Polygon","arcs":[[-5347,5453,5454,5455]],"properties":{"anthrome":61}},{"type":"Polygon","arcs":[[5456,5457,5458,5459]],"properties":{"anthrome":62}},{"type":"Polygon","arcs":[[5460,-5385,5461,5462]],"properties":{"anthrome":43}},{"type":"Polygon","arcs":[[5463,5464,-5200,5465,5466,5467,-5383,5468,-5274,-5194,5469,5470]],"properties":{"anthrome":43}},{"type":"Polygon","arcs":[[5471]],"properties":{"anthrome":43}},{"type":"Polygon","arcs":[[5472]],"properties":{"anthrome":62}},{"type":"Polygon","arcs":[[5473]],"properties":{"anthrome":61}},{"type":"Polygon","arcs":[[5474,5475,5476]],"properties":{"anthrome":61}},{"type":"Polygon","arcs":[[5477]],"properties":{"anthrome":61}},{"type":"Polygon","arcs":[[5478,5479,-4870,5480,-5293,-5153,5481,-5302,-5301,5482,5483,5484,5485,5486,5487,-4641,-4579,5488]],"properties":{"anthrome":54}},{"type":"Polygon","arcs":[[5489,5490,-5247,5491,5492,-5436,5493,5494,5495,-5392,5496]],"properties":{"anthrome":32}},{"type":"Polygon","arcs":[[5497,5498,5499,5500,-5228,5501]],"properties":{"anthrome":62}},{"type":"Polygon","arcs":[[5502,5503,-5306,5504,5505,5506,5507,5508,5509,5510,5511]],"properties":{"anthrome":54}},{"type":"Polygon","arcs":[[5512,5513,5514,5515,5516,5517,-5451,5518,5519,-5258]],"properties":{"anthrome":42}},{"type":"Polygon","arcs":[[5520,5521,5522]],"properties":{"anthrome":43}},{"type":"Polygon","arcs":[[-5323,5523,5524,5525]],"properties":{"anthrome":61}},{"type":"Polygon","arcs":[[5526,-5524]],"properties":{"anthrome":53}},{"type":"Polygon","arcs":[[5527,5528,5529]],"properties":{"anthrome":52}},{"type":"Polygon","arcs":[[5530,5531,5532,5533,5534]],"properties":{"anthrome":51}},{"type":"Polygon","arcs":[[5535]],"properties":{"anthrome":53}},{"type":"Polygon","arcs":[[5536,5537,5538,-5368,-5279]],"properties":{"anthrome":52}},{"type":"Polygon","arcs":[[5539,5540]],"properties":{"anthrome":62}},{"type":"Polygon","arcs":[[5541,5542,5543,5544]],"properties":{"anthrome":61}},{"type":"Polygon","arcs":[[5545,5546,5547,-5543]],"properties":{"anthrome":54}},{"type":"Polygon","arcs":[[-5510,5548]],"properties":{"anthrome":62}},{"type":"Polygon","arcs":[[5549,5550,-5508]],"properties":{"anthrome":51}},{"type":"Polygon","arcs":[[5551,5552]],"properties":{"anthrome":33}},{"type":"Polygon","arcs":[[5553,5554]],"properties":{"anthrome":51}},{"type":"Polygon","arcs":[[5555,5556]],"properties":{"anthrome":32}},{"type":"Polygon","arcs":[[5557,5558,5559]],"properties":{"anthrome":54}},{"type":"Polygon","arcs":[[-5518,5560,-5559]],"properties":{"anthrome":52}},{"type":"Polygon","arcs":[[5561,5562,-5516]],"properties":{"anthrome":43}},{"type":"Polygon","arcs":[[5563,5564,5565,5566]],"properties":{"anthrome":51}},{"type":"Polygon","arcs":[[5567,5568]],"properties":{"anthrome":33}},{"type":"Polygon","arcs":[[5569,5570,5571]],"properties":{"anthrome":62}},{"type":"Polygon","arcs":[[-5459,5572,5573]],"properties":{"anthrome":43}},{"type":"Polygon","arcs":[[5574]],"properties":{"anthrome":62}},{"type":"Polygon","arcs":[[5575]],"properties":{"anthrome":54}},{"type":"Polygon","arcs":[[5576,5577]],"properties":{"anthrome":61}},{"type":"Polygon","arcs":[[5578,-5210,5579,5580,5581,-5537,-5222]],"properties":{"anthrome":53}},{"type":"Polygon","arcs":[[5582,-5485,5583,5584,5585,5586]],"properties":{"anthrome":61}},{"type":"Polygon","arcs":[[-5545,5587,5588,5589]],"properties":{"anthrome":54}},{"type":"Polygon","arcs":[[5590,5591,5592,5593]],"properties":{"anthrome":61}},{"type":"Polygon","arcs":[[5594,5595,5596]],"properties":{"anthrome":61}},{"type":"Polygon","arcs":[[5597,5598,5599,5600]],"properties":{"anthrome":54}},{"type":"Polygon","arcs":[[-5446,-5555,5601,5602,5603]],"properties":{"anthrome":61}},{"type":"Polygon","arcs":[[5604]],"properties":{"anthrome":54}},{"type":"Polygon","arcs":[[-2324,-2390,-2461,-2417,5605,-4345,-2894,-2973,-4344,-4343,-3318,5606,-4002,5607,-4251,5608,-4252,-4336,5609,-4544,5610,-5019,5611,5612,5613,5614,-5151,5615,-5007,5616,-4847,5617,-4679,5618,5619,-4487,5620,5621,5622,-4478,5623,5624,5625,-4868,5626,5627,5628,-4059,5629,5630,5631,5632,-3552,5633,-2457,-2388],[-3103],[-3166,-3165],[-3665],[-3666],[-3893],[-4541],[5634,-4850,5635,-4757,5636,-4852,5637,-4685,5638,5639,-4659,5640],[5641,5642,-5101,5643,-5040],[-5105],[-5278],[-5367]],"properties":{"anthrome":53}},{"type":"Polygon","arcs":[[5644,-5371,5645,5646,-5581]],"properties":{"anthrome":52}},{"type":"Polygon","arcs":[[5647]],"properties":{"anthrome":61}},{"type":"Polygon","arcs":[[5648,-5586]],"properties":{"anthrome":53}},{"type":"Polygon","arcs":[[5649,-5060,5650,5651,5652,5653,-5419,-5590,5654,5655,-5527,-5322,5656,5657,-5161,5658,5659],[-5164]],"properties":{"anthrome":61}},{"type":"Polygon","arcs":[[5660]],"properties":{"anthrome":61}},{"type":"Polygon","arcs":[[5661,5662,5663,5664]],"properties":{"anthrome":33}},{"type":"Polygon","arcs":[[5665,5666,5667,5668]],"properties":{"anthrome":51}},{"type":"Polygon","arcs":[[5669,5670]],"properties":{"anthrome":41}},{"type":"Polygon","arcs":[[-5563,5671,5672,-5670]],"properties":{"anthrome":42}},{"type":"Polygon","arcs":[[5673,5674,5675,-5672]],"properties":{"anthrome":53}},{"type":"Polygon","arcs":[[5676,5677,-5675]],"properties":{"anthrome":42}},{"type":"Polygon","arcs":[[5678]],"properties":{"anthrome":42}},{"type":"Polygon","arcs":[[-5566,5679,5680,5681]],"properties":{"anthrome":62}},{"type":"Polygon","arcs":[[5682,5683]],"properties":{"anthrome":33}},{"type":"Polygon","arcs":[[5684,5685,5686,5687]],"properties":{"anthrome":53}},{"type":"Polygon","arcs":[[5688,5689,5690,-5686]],"properties":{"anthrome":43}},{"type":"Polygon","arcs":[[5691,5692,5693]],"properties":{"anthrome":43}},{"type":"Polygon","arcs":[[5694,5695,5696]],"properties":{"anthrome":61}},{"type":"Polygon","arcs":[[5697,5698]],"properties":{"anthrome":62}},{"type":"Polygon","arcs":[[5699,5700,5701]],"properties":{"anthrome":52}},{"type":"Polygon","arcs":[[5702,5703,5704,5705]],"properties":{"anthrome":54}},{"type":"Polygon","arcs":[[5706,5707,5708,-5704]],"properties":{"anthrome":62}},{"type":"Polygon","arcs":[[5709,5710,5711,5712]],"properties":{"anthrome":62}},{"type":"Polygon","arcs":[[5713,5714,5715]],"properties":{"anthrome":51}},{"type":"Polygon","arcs":[[5716]],"properties":{"anthrome":61}},{"type":"Polygon","arcs":[[-5538,5717,5718,5719]],"properties":{"anthrome":54}},{"type":"Polygon","arcs":[[-5647,5720]],"properties":{"anthrome":61}},{"type":"Polygon","arcs":[[5721]],"properties":{"anthrome":53}},{"type":"Polygon","arcs":[[5722,5723,5724,5725,5726,5727]],"properties":{"anthrome":53}},{"type":"Polygon","arcs":[[5728,-4072,5729,-3995,5730,5731,-4242,5732,5733,5734,-4510,5735,-4474,-4247,-4054,5736,5737,5738,5739,5740,-4578,5741,5742,5743,-4809,5744,5745,5746,-5713,5747,-5708,5748,-5706,5749,5750,5751,5752,5753,5754,5755,5756,5757,-5093,5758,5759,-3977,5760,-3973,5761,5762,-3970,5763,-3943,-3774,5764],[-4472],[-4475],[-4538],[-4639],[-4595,5765,-4597,5766],[-4599],[-4640],[-4600],[-4715],[-4731],[-4846],[-5407,5767,-5409,5768]],"properties":{"anthrome":43}},{"type":"Polygon","arcs":[[5769,5770]],"properties":{"anthrome":62}},{"type":"Polygon","arcs":[[5771,5772,-5602]],"properties":{"anthrome":33}},{"type":"Polygon","arcs":[[5773,5774,5775,5776,-5667]],"properties":{"anthrome":33}},{"type":"Polygon","arcs":[[5777,5778]],"properties":{"anthrome":43}},{"type":"Polygon","arcs":[[-5582,-5721,5779,5780,-5718]],"properties":{"anthrome":52}},{"type":"Polygon","arcs":[[5781,5782,5783,5784]],"properties":{"anthrome":54}},{"type":"Polygon","arcs":[[5785,5786]],"properties":{"anthrome":54}},{"type":"Polygon","arcs":[[5787]],"properties":{"anthrome":62}},{"type":"Polygon","arcs":[[5788]],"properties":{"anthrome":61}},{"type":"Polygon","arcs":[[5789,5790]],"properties":{"anthrome":61}},{"type":"Polygon","arcs":[[5791,5792]],"properties":{"anthrome":51}},{"type":"Polygon","arcs":[[-5600,5793,5794,5795]],"properties":{"anthrome":62}},{"type":"Polygon","arcs":[[5796,5797]],"properties":{"anthrome":33}},{"type":"Polygon","arcs":[[-5664,5798,5799,5800]],"properties":{"anthrome":32}},{"type":"Polygon","arcs":[[-5777,5801,5802]],"properties":{"anthrome":51}},{"type":"Polygon","arcs":[[-5676,5803,5804]],"properties":{"anthrome":43}},{"type":"Polygon","arcs":[[5805,5806,5807]],"properties":{"anthrome":33}},{"type":"Polygon","arcs":[[-5571,5808,5809,5810]],"properties":{"anthrome":53}},{"type":"Polygon","arcs":[[-5696,5811,5812,5813]],"properties":{"anthrome":52}},{"type":"Polygon","arcs":[[-5701,5814,5815,5816]],"properties":{"anthrome":63}},{"type":"Polygon","arcs":[[5817,5818,5819,-5815]],"properties":{"anthrome":62}},{"type":"Polygon","arcs":[[5820,5821,5822,-5819]],"properties":{"anthrome":63}},{"type":"Polygon","arcs":[[5823]],"properties":{"anthrome":54}},{"type":"Polygon","arcs":[[5824,5825,-5751]],"properties":{"anthrome":62}},{"type":"Polygon","arcs":[[5826,5827]],"properties":{"anthrome":33}},{"type":"Polygon","arcs":[[5828]],"properties":{"anthrome":52}},{"type":"Polygon","arcs":[[5829,5830]],"properties":{"anthrome":53}},{"type":"Polygon","arcs":[[5831,-5780]],"properties":{"anthrome":61}},{"type":"Polygon","arcs":[[5832,-5159,5833,5834,-5415,5835,-5499,-5658,5836,5837,-5541,5838,5839,5840,5841]],"properties":{"anthrome":54}},{"type":"Polygon","arcs":[[5842,5843,5844]],"properties":{"anthrome":54}},{"type":"Polygon","arcs":[[-5477,5845,5846,5847,5848,-5577,5849]],"properties":{"anthrome":53}},{"type":"Polygon","arcs":[[5850,5851,5852,-5775]],"properties":{"anthrome":61}},{"type":"Polygon","arcs":[[-5848,5853]],"properties":{"anthrome":61}},{"type":"Polygon","arcs":[[5854]],"properties":{"anthrome":61}},{"type":"Polygon","arcs":[[5855,5856,5857,5858,5859,-5783]],"properties":{"anthrome":62}},{"type":"Polygon","arcs":[[5860]],"properties":{"anthrome":61}},{"type":"Polygon","arcs":[[-5795,5861,5862]],"properties":{"anthrome":32}},{"type":"Polygon","arcs":[[5863,5864]],"properties":{"anthrome":52}},{"type":"Polygon","arcs":[[-5800,5865,5866,5867]],"properties":{"anthrome":31}},{"type":"Polygon","arcs":[[5868,5869]],"properties":{"anthrome":61}},{"type":"Polygon","arcs":[[5870]],"properties":{"anthrome":32}},{"type":"Polygon","arcs":[[5871,5872]],"properties":{"anthrome":43}},{"type":"Polygon","arcs":[[5873]],"properties":{"anthrome":32}},{"type":"Polygon","arcs":[[5874,5875,5876,5877]],"properties":{"anthrome":52}},{"type":"Polygon","arcs":[[5878,5879,5880,-5876]],"properties":{"anthrome":33}},{"type":"Polygon","arcs":[[5881,5882]],"properties":{"anthrome":61}},{"type":"Polygon","arcs":[[5883,5884,5885]],"properties":{"anthrome":62}},{"type":"Polygon","arcs":[[5886]],"properties":{"anthrome":62}},{"type":"Polygon","arcs":[[5887]],"properties":{"anthrome":54}},{"type":"Polygon","arcs":[[5888]],"properties":{"anthrome":54}},{"type":"Polygon","arcs":[[5889,5890,5891,5892]],"properties":{"anthrome":53}},{"type":"Polygon","arcs":[[5893,5894]],"properties":{"anthrome":51}},{"type":"Polygon","arcs":[[5895,-5596,-5791,5896,5897]],"properties":{"anthrome":52}},{"type":"Polygon","arcs":[[-5215,-5342,5898,-5398,5899,-5668,-5803,5900,-5852,5901,5902,5903,5904,5905,-5554,-5445,5906,5907]],"properties":{"anthrome":52}},{"type":"Polygon","arcs":[[5908,5909,5910,5911]],"properties":{"anthrome":33}},{"type":"Polygon","arcs":[[5912,5913,5914,5915]],"properties":{"anthrome":61}},{"type":"Polygon","arcs":[[-5904,5916,5917,-5866]],"properties":{"anthrome":51}},{"type":"Polygon","arcs":[[5918,5919,5920,5921]],"properties":{"anthrome":51}},{"type":"Polygon","arcs":[[5922,5923,5924,5925]],"properties":{"anthrome":32}},{"type":"Polygon","arcs":[[5926,5927,5928,5929]],"properties":{"anthrome":54}},{"type":"Polygon","arcs":[[5930,5931,5932,5933,5934,5935]],"properties":{"anthrome":32}},{"type":"Polygon","arcs":[[5936,5937,5938,5939]],"properties":{"anthrome":42}},{"type":"Polygon","arcs":[[5940,5941]],"properties":{"anthrome":52}},{"type":"Polygon","arcs":[[5942,-5883,5943,5944]],"properties":{"anthrome":52}},{"type":"Polygon","arcs":[[-5756,5945,-5362,5946,-5314,5947]],"properties":{"anthrome":54}},{"type":"Polygon","arcs":[[5948]],"properties":{"anthrome":54}},{"type":"Polygon","arcs":[[5949]],"properties":{"anthrome":54}},{"type":"Polygon","arcs":[[5950,5951,5952]],"properties":{"anthrome":54}},{"type":"Polygon","arcs":[[5953,5954,5955,5956]],"properties":{"anthrome":61}},{"type":"Polygon","arcs":[[5957,5958]],"properties":{"anthrome":33}},{"type":"Polygon","arcs":[[-5918,5959]],"properties":{"anthrome":33}},{"type":"Polygon","arcs":[[5960,5961,-5902]],"properties":{"anthrome":33}},{"type":"Polygon","arcs":[[5962,5963,5964,5965]],"properties":{"anthrome":32}},{"type":"Polygon","arcs":[[5966,5967,-5964]],"properties":{"anthrome":51}},{"type":"Polygon","arcs":[[5968,5969,-5924]],"properties":{"anthrome":41}},{"type":"Polygon","arcs":[[5970,-5934]],"properties":{"anthrome":42}},{"type":"Polygon","arcs":[[5971,5972,5973,5974]],"properties":{"anthrome":32}},{"type":"Polygon","arcs":[[5975,5976,5977,-5973]],"properties":{"anthrome":43}},{"type":"Polygon","arcs":[[5978,5979]],"properties":{"anthrome":32}},{"type":"Polygon","arcs":[[5980,5981,5982]],"properties":{"anthrome":63}},{"type":"Polygon","arcs":[[5983]],"properties":{"anthrome":62}},{"type":"Polygon","arcs":[[5984]],"properties":{"anthrome":54}},{"type":"Polygon","arcs":[[5985]],"properties":{"anthrome":54}},{"type":"Polygon","arcs":[[5986]],"properties":{"anthrome":51}},{"type":"Polygon","arcs":[[5987,5988,5989]],"properties":{"anthrome":51}},{"type":"Polygon","arcs":[[5990]],"properties":{"anthrome":52}},{"type":"Polygon","arcs":[[-5813,5991,5992]],"properties":{"anthrome":53}},{"type":"Polygon","arcs":[[5993,5994,5995,5996,5997,-5961]],"properties":{"anthrome":51}},{"type":"Polygon","arcs":[[5998,5999]],"properties":{"anthrome":54}},{"type":"Polygon","arcs":[[6000,-5936,6001,6002]],"properties":{"anthrome":51}},{"type":"Polygon","arcs":[[6003]],"properties":{"anthrome":54}},{"type":"Polygon","arcs":[[6004,6005,6006,6007]],"properties":{"anthrome":54}},{"type":"Polygon","arcs":[[6008,6009,6010,-6006]],"properties":{"anthrome":61}},{"type":"Polygon","arcs":[[6011,6012,6013]],"properties":{"anthrome":51}},{"type":"Polygon","arcs":[[6014,6015]],"properties":{"anthrome":52}},{"type":"Polygon","arcs":[[6016,6017,-6015]],"properties":{"anthrome":33}},{"type":"Polygon","arcs":[[6018]],"properties":{"anthrome":12}},{"type":"Polygon","arcs":[[6019,6020]],"properties":{"anthrome":32}},{"type":"Polygon","arcs":[[6021,6022,6023]],"properties":{"anthrome":33}},{"type":"Polygon","arcs":[[6024]],"properties":{"anthrome":51}},{"type":"Polygon","arcs":[[6025,6026,6027]],"properties":{"anthrome":51}},{"type":"Polygon","arcs":[[6028,6029,6030]],"properties":{"anthrome":62}},{"type":"Polygon","arcs":[[6031,6032,6033]],"properties":{"anthrome":52}},{"type":"Polygon","arcs":[[-5965,6034,-6032]],"properties":{"anthrome":51}},{"type":"Polygon","arcs":[[6035,6036]],"properties":{"anthrome":42}},{"type":"Polygon","arcs":[[6037,6038,6039]],"properties":{"anthrome":53}},{"type":"Polygon","arcs":[[6040]],"properties":{"anthrome":32}},{"type":"Polygon","arcs":[[6041]],"properties":{"anthrome":53}},{"type":"Polygon","arcs":[[-5336,-5432,6042,6043,-5911,6044,6045,6046,-5793,6047,6048,6049,6050,6051,6052,-5532]],"properties":{"anthrome":54}},{"type":"Polygon","arcs":[[6053,-5808,6054,-6003,6055,6056,6057,6058,6059,6060,-6036,-5927]],"properties":{"anthrome":52}},{"type":"Polygon","arcs":[[6061,6062,6063,-5688,6064,-5690,6065,-5694,6066,6067,6068,6069,6070,6071,-5937,6072,6073,6074,6075,-5683,6076,-5568,-5373]],"properties":{"anthrome":52}},{"type":"Polygon","arcs":[[6077,6078,6079,6080,6081,-5858,6082]],"properties":{"anthrome":54}},{"type":"Polygon","arcs":[[6083,-5604,-5797,6084,-5958,6085,6086,6087,6088,-5864,-5770,-5552]],"properties":{"anthrome":54}},{"type":"Polygon","arcs":[[6089,6090,6091,6092,-5995]],"properties":{"anthrome":54}},{"type":"Polygon","arcs":[[-6081,6093,6094,6095]],"properties":{"anthrome":61}},{"type":"Polygon","arcs":[[6096,6097,6098,6099]],"properties":{"anthrome":61}},{"type":"Polygon","arcs":[[-5903,6100,6101,6102]],"properties":{"anthrome":51}},{"type":"Polygon","arcs":[[6103,-5975,6104,-5977,6105,-5980,6106,6107,6108,6109,6110,6111,6112,6113,-5933,6114]],"properties":{"anthrome":51}},{"type":"Polygon","arcs":[[6115,6116]],"properties":{"anthrome":62}},{"type":"Polygon","arcs":[[6117,6118]],"properties":{"anthrome":51}},{"type":"Polygon","arcs":[[6119,6120,-6098]],"properties":{"anthrome":54}},{"type":"Polygon","arcs":[[6121,6122,6123,-6051]],"properties":{"anthrome":52}},{"type":"Polygon","arcs":[[6124,6125,6126,-6123]],"properties":{"anthrome":51}},{"type":"Polygon","arcs":[[6127,-6126]],"properties":{"anthrome":32}},{"type":"Polygon","arcs":[[-6018,6128,6129,6130]],"properties":{"anthrome":54}},{"type":"Polygon","arcs":[[-6088,6131,-6129]],"properties":{"anthrome":33}},{"type":"Polygon","arcs":[[-5996,6132,6133,6134]],"properties":{"anthrome":33}},{"type":"Polygon","arcs":[[-6093,6135,-6133]],"properties":{"anthrome":32}},{"type":"Polygon","arcs":[[-6023,6136,6137]],"properties":{"anthrome":43}},{"type":"Polygon","arcs":[[6138,6139]],"properties":{"anthrome":42}},{"type":"Polygon","arcs":[[6140,6141,6142]],"properties":{"anthrome":53}},{"type":"Polygon","arcs":[[6143,6144,6145]],"properties":{"anthrome":42}},{"type":"Polygon","arcs":[[6146,6147]],"properties":{"anthrome":32}},{"type":"Polygon","arcs":[[-6033,6148,6149,-6147]],"properties":{"anthrome":51}},{"type":"Polygon","arcs":[[6150,-6037,6151,-6149,-6035]],"properties":{"anthrome":52}},{"type":"Polygon","arcs":[[6152,-6060,6153,6154]],"properties":{"anthrome":32}},{"type":"Polygon","arcs":[[6155,6156,-6058]],"properties":{"anthrome":42}},{"type":"Polygon","arcs":[[6157,6158]],"properties":{"anthrome":32}},{"type":"Polygon","arcs":[[6159,6160]],"properties":{"anthrome":52}},{"type":"Polygon","arcs":[[6161]],"properties":{"anthrome":62}},{"type":"Polygon","arcs":[[6162]],"properties":{"anthrome":54}},{"type":"Polygon","arcs":[[6163]],"properties":{"anthrome":54}},{"type":"Polygon","arcs":[[6164]],"properties":{"anthrome":62}},{"type":"Polygon","arcs":[[6165,6166]],"properties":{"anthrome":51}},{"type":"Polygon","arcs":[[-5525,6167,6168,6169,6170,-5839]],"properties":{"anthrome":53}},{"type":"Polygon","arcs":[[-5534,6171,-6052,6172,6173,6174,-6012,6175,6176,6177]],"properties":{"anthrome":52}},{"type":"Polygon","arcs":[[-5031,-5039,6178,-5028,6179,-5148,6180,6181,-5522,6182,6183,6184,6185,-4840],[-5576]],"properties":{"anthrome":62}},{"type":"Polygon","arcs":[[6186]],"properties":{"anthrome":54}},{"type":"Polygon","arcs":[[6187,6188,6189,6190,6191,6192]],"properties":{"anthrome":32}},{"type":"Polygon","arcs":[[6193]],"properties":{"anthrome":54}},{"type":"Polygon","arcs":[[6194,6195,6196]],"properties":{"anthrome":51}},{"type":"Polygon","arcs":[[6197,6198]],"properties":{"anthrome":51}},{"type":"Polygon","arcs":[[6199,6200]],"properties":{"anthrome":61}},{"type":"Polygon","arcs":[[6201,6202,6203,6204]],"properties":{"anthrome":61}},{"type":"Polygon","arcs":[[6205,6206,6207,-6203]],"properties":{"anthrome":54}},{"type":"Polygon","arcs":[[-6124,6208,6209,-6173]],"properties":{"anthrome":51}},{"type":"Polygon","arcs":[[-6127,6210,-6209]],"properties":{"anthrome":32}},{"type":"Polygon","arcs":[[-6130,6211,6212]],"properties":{"anthrome":33}},{"type":"Polygon","arcs":[[6213,6214,6215]],"properties":{"anthrome":61}},{"type":"Polygon","arcs":[[-6134,6216,6217,6218]],"properties":{"anthrome":61}},{"type":"Polygon","arcs":[[6219,6220,6221,-6092,6222]],"properties":{"anthrome":51}},{"type":"Polygon","arcs":[[6223,6224,6225,6226]],"properties":{"anthrome":51}},{"type":"Polygon","arcs":[[6227,6228,6229,6230]],"properties":{"anthrome":54}},{"type":"Polygon","arcs":[[6231,-6229]],"properties":{"anthrome":42}},{"type":"Polygon","arcs":[[6232,6233,6234]],"properties":{"anthrome":43}},{"type":"Polygon","arcs":[[6235,6236,6237,-6234]],"properties":{"anthrome":33}},{"type":"Polygon","arcs":[[-6150,6238,6239,6240]],"properties":{"anthrome":52}},{"type":"Polygon","arcs":[[6241]],"properties":{"anthrome":62}},{"type":"Polygon","arcs":[[6242,6243,6244]],"properties":{"anthrome":32}},{"type":"Polygon","arcs":[[6245,6246,6247]],"properties":{"anthrome":61}},{"type":"Polygon","arcs":[[6248,6249]],"properties":{"anthrome":51}},{"type":"Polygon","arcs":[[6250,6251]],"properties":{"anthrome":51}},{"type":"Polygon","arcs":[[6252,6253,6254,-6224,-6137]],"properties":{"anthrome":42}},{"type":"Polygon","arcs":[[6255,6256,6257,6258]],"properties":{"anthrome":52}},{"type":"Polygon","arcs":[[6259]],"properties":{"anthrome":54}},{"type":"Polygon","arcs":[[-6087,6260,6261,6262]],"properties":{"anthrome":52}},{"type":"Polygon","arcs":[[6263,-5966,-6034,-6148,-6241,6264,6265,6266,6267,-6189,6268,6269]],"properties":{"anthrome":51}},{"type":"Polygon","arcs":[[6270,6271,6272]],"properties":{"anthrome":32}},{"type":"Polygon","arcs":[[6273,6274,6275]],"properties":{"anthrome":61}},{"type":"Polygon","arcs":[[-6210,6276,6277]],"properties":{"anthrome":32}},{"type":"Polygon","arcs":[[-6226,6278,6279]],"properties":{"anthrome":61}},{"type":"Polygon","arcs":[[-6230,6280,6281]],"properties":{"anthrome":51}},{"type":"Polygon","arcs":[[6282,6283,6284,6285]],"properties":{"anthrome":42}},{"type":"Polygon","arcs":[[-6191,6286,6287,6288]],"properties":{"anthrome":42}},{"type":"Polygon","arcs":[[6289,6290,6291,-6266]],"properties":{"anthrome":32}},{"type":"Polygon","arcs":[[-6258,6292,6293]],"properties":{"anthrome":53}},{"type":"Polygon","arcs":[[6294,6295,6296]],"properties":{"anthrome":52}},{"type":"Polygon","arcs":[[-6249,6297,6298]],"properties":{"anthrome":32}},{"type":"Polygon","arcs":[[6299,6300]],"properties":{"anthrome":51}},{"type":"Polygon","arcs":[[6301,-6300]],"properties":{"anthrome":61}},{"type":"Polygon","arcs":[[6302,-6079,6303,6304,6305,-6095]],"properties":{"anthrome":53}},{"type":"Polygon","arcs":[[6306,6307,6308]],"properties":{"anthrome":54}},{"type":"Polygon","arcs":[[-6132,-6263,6309,6310,6311,6312,6313,-6212]],"properties":{"anthrome":54}},{"type":"Polygon","arcs":[[6314,-2749,-2872,-3112,6315,-3029,6316,-3846,-3845,6317,6318,-3503,-3843,6319,-4223,6320,-3920,-3840,-3839,-3703,6321,6322,-4167,6323,6324,6325,6326,6327,6328,-6027,6329,6330,6331,-6144,-6000,6332,-6143,6333,6334,6335,6336,6337,6338,6339,-5920,6340,-5804,-5678,6341,6342,-5514,6343,-5177,6344,-4983,6345,-5049,6346,-4745,6347,-5053,6348,6349,-5311,-5339,6350,-5444,6351,-5506,6352,-5304,6353,-5503,6354,6355,-5601,6356,-6046,6357,-5909,6358,6359,6360,-5495,6361,-5438,6362,6363,-5255,6364,6365,-5063,6366,-5491,6367,-5171,6368,6369,6370,-4970,6371,-4975,6372,-4977,6373,6374,-5035,6375,-4980,6376,6377,-4743,6378,6379,6380,-4710,6381,-4708,6382,-4704,6383,-4585,6384,-4497,6385,6386,6387,-4159,6388,-4442,6389,-4019,-4214,-4445,-4529,-4528,-4664,6390,-4651,-4635,6391,-4661,-4452,-4069,-3699,6392,-3638,-3498,6393,6394,-3737,-3916,6395,6396,-3734,6397,-3499,-3364,6398,-3219,-3066,6399,6400,-2769],[-3297],[-3742],[-3876],[-3917],[6401,6402,6403,6404,-4032,6405],[-4218],[-4568],[-4503],[-4453],[-4567],[-4526],[-4531],[-4588],[-4587],[-4665],[-5076,6406,6407,-5073,6408,-5179,6409,-5077],[-4711],[-4744],[6410,-4830,6411,6412,-4863,6413,-4749],[-4750],[-4824],[-4825,-4826],[6414,-5069,-5043,-5046],[-4985],[-5175],[-5452],[-5679],[-6025]],"properties":{"anthrome":52}},{"type":"Polygon","arcs":[[6415,6416,6417,6418]],"properties":{"anthrome":61}},{"type":"Polygon","arcs":[[6419,6420,6421,-6417]],"properties":{"anthrome":32}},{"type":"Polygon","arcs":[[6422,6423,-6305]],"properties":{"anthrome":61}},{"type":"Polygon","arcs":[[6424,6425,6426,-6423]],"properties":{"anthrome":53}},{"type":"Polygon","arcs":[[6427,6428,6429]],"properties":{"anthrome":61}},{"type":"Polygon","arcs":[[6430]],"properties":{"anthrome":53}},{"type":"Polygon","arcs":[[6431]],"properties":{"anthrome":52}},{"type":"Polygon","arcs":[[-6313,6432]],"properties":{"anthrome":32}},{"type":"Polygon","arcs":[[6433,6434,-6311]],"properties":{"anthrome":61}},{"type":"Polygon","arcs":[[6435,6436,6437]],"properties":{"anthrome":33}},{"type":"Polygon","arcs":[[6438,6439,-6140,6440,-6338,6441,6442,-6253,-6022]],"properties":{"anthrome":54}},{"type":"Polygon","arcs":[[6443,6444]],"properties":{"anthrome":42}},{"type":"Polygon","arcs":[[-6285,6445,6446,6447]],"properties":{"anthrome":32}},{"type":"Polygon","arcs":[[6448,6449,6450]],"properties":{"anthrome":32}},{"type":"Polygon","arcs":[[6451]],"properties":{"anthrome":32}},{"type":"Polygon","arcs":[[6452]],"properties":{"anthrome":32}},{"type":"Polygon","arcs":[[6453]],"properties":{"anthrome":33}},{"type":"Polygon","arcs":[[6454]],"properties":{"anthrome":52}},{"type":"Polygon","arcs":[[6455]],"properties":{"anthrome":33}},{"type":"Polygon","arcs":[[6456,6457]],"properties":{"anthrome":62}},{"type":"Polygon","arcs":[[6458]],"properties":{"anthrome":63}},{"type":"Polygon","arcs":[[6459]],"properties":{"anthrome":63}},{"type":"Polygon","arcs":[[6460]],"properties":{"anthrome":62}},{"type":"Polygon","arcs":[[6461,6462,6463]],"properties":{"anthrome":62}},{"type":"Polygon","arcs":[[6464,6465]],"properties":{"anthrome":51}},{"type":"Polygon","arcs":[[6466,6467]],"properties":{"anthrome":32}},{"type":"Polygon","arcs":[[-4610,-4561,-4563,-4644,-5282,6468,-5489,-4612,6469,-4812,6470,6471,-5587,6472,-5915,-6096,6473,6474,-6201,-6276,6475,6476,-5317,6477,-4672,-4549,-4916,6478,-3619,6479,6480,6481,-3696,6482,-4911,-4910],[-4007],[-4434],[-4435],[-4581],[-5648],[-5855]],"properties":{"anthrome":53}},{"type":"Polygon","arcs":[[6483,6484,6485,6486,-6425,-6304]],"properties":{"anthrome":54}},{"type":"Polygon","arcs":[[6487,6488,-6218,-6438,6489,6490,6491,6492,6493,-6215,6494,-6101]],"properties":{"anthrome":52}},{"type":"Polygon","arcs":[[6495,6496,6497]],"properties":{"anthrome":52}},{"type":"Polygon","arcs":[[6498,-6299,6499,6500,-6247,6501,6502]],"properties":{"anthrome":51}},{"type":"Polygon","arcs":[[6503,-6497]],"properties":{"anthrome":53}},{"type":"Polygon","arcs":[[6504]],"properties":{"anthrome":32}},{"type":"Polygon","arcs":[[6505,6506,6507,6508]],"properties":{"anthrome":52}},{"type":"Polygon","arcs":[[6509,6510,6511]],"properties":{"anthrome":53}},{"type":"Polygon","arcs":[[6512]],"properties":{"anthrome":62}},{"type":"Polygon","arcs":[[-6424,6513,6514]],"properties":{"anthrome":53}},{"type":"Polygon","arcs":[[-6427,6515,6516,-6514]],"properties":{"anthrome":61}},{"type":"Polygon","arcs":[[6517]],"properties":{"anthrome":61}},{"type":"Polygon","arcs":[[-6308,6518,6519,6520]],"properties":{"anthrome":61}},{"type":"Polygon","arcs":[[6521,6522,6523]],"properties":{"anthrome":54}},{"type":"Polygon","arcs":[[6524]],"properties":{"anthrome":62}},{"type":"Polygon","arcs":[[6525,6526]],"properties":{"anthrome":62}},{"type":"Polygon","arcs":[[6527]],"properties":{"anthrome":52}},{"type":"Polygon","arcs":[[6528,6529]],"properties":{"anthrome":61}},{"type":"Polygon","arcs":[[6530,6531,-6529]],"properties":{"anthrome":32}},{"type":"Polygon","arcs":[[6532]],"properties":{"anthrome":62}},{"type":"Polygon","arcs":[[6533]],"properties":{"anthrome":54}},{"type":"Polygon","arcs":[[6534,6535,6536,6537,6538,6539,6540],[-6194]],"properties":{"anthrome":62}},{"type":"Polygon","arcs":[[6541,6542]],"properties":{"anthrome":42}},{"type":"Polygon","arcs":[[6543,-6464,6544,6545,6546]],"properties":{"anthrome":54}},{"type":"Polygon","arcs":[[6547,6548]],"properties":{"anthrome":32}},{"type":"Polygon","arcs":[[6549]],"properties":{"anthrome":52}},{"type":"Polygon","arcs":[[6550,6551,6552,6553,6554,6555]],"properties":{"anthrome":51}},{"type":"Polygon","arcs":[[6556,6557]],"properties":{"anthrome":52}},{"type":"Polygon","arcs":[[6558]],"properties":{"anthrome":54}},{"type":"Polygon","arcs":[[6559,6560,6561,6562]],"properties":{"anthrome":62}},{"type":"Polygon","arcs":[[6563,6564,6565,6566]],"properties":{"anthrome":54}},{"type":"Polygon","arcs":[[-6504,6567]],"properties":{"anthrome":61}},{"type":"Polygon","arcs":[[6568]],"properties":{"anthrome":52}},{"type":"Polygon","arcs":[[6569,6570]],"properties":{"anthrome":52}},{"type":"Polygon","arcs":[[6571,6572,6573]],"properties":{"anthrome":54}},{"type":"Polygon","arcs":[[-6493,6574,6575,-6572,6576,6577]],"properties":{"anthrome":51}},{"type":"Polygon","arcs":[[-6491,6578,6579]],"properties":{"anthrome":32}},{"type":"Polygon","arcs":[[6580,-6445,6581,6582,6583,6584,-6281]],"properties":{"anthrome":54}},{"type":"Polygon","arcs":[[-6508,6585,6586,6587]],"properties":{"anthrome":41}},{"type":"Polygon","arcs":[[6588,6589,6590]],"properties":{"anthrome":32}},{"type":"Polygon","arcs":[[6591]],"properties":{"anthrome":32}},{"type":"Polygon","arcs":[[6592]],"properties":{"anthrome":32}},{"type":"Polygon","arcs":[[6593]],"properties":{"anthrome":62}},{"type":"Polygon","arcs":[[6594,6595]],"properties":{"anthrome":52}},{"type":"Polygon","arcs":[[6596,6597,-6567,6598,6599]],"properties":{"anthrome":61}},{"type":"Polygon","arcs":[[6600,-6169,6601,-6099,6602,6603,6604,6605,6606,6607,6608],[-6518]],"properties":{"anthrome":54}},{"type":"Polygon","arcs":[[-6442,6609]],"properties":{"anthrome":42}},{"type":"Polygon","arcs":[[-6517,6610,6611]],"properties":{"anthrome":53}},{"type":"Polygon","arcs":[[6612,6613]],"properties":{"anthrome":32}},{"type":"Polygon","arcs":[[-6571,6614,6615]],"properties":{"anthrome":32}},{"type":"Polygon","arcs":[[6616,6617,6618]],"properties":{"anthrome":51}},{"type":"Polygon","arcs":[[6619,6620,6621]],"properties":{"anthrome":62}},{"type":"Polygon","arcs":[[6622,6623,6624]],"properties":{"anthrome":54}},{"type":"Polygon","arcs":[[6625]],"properties":{"anthrome":54}},{"type":"Polygon","arcs":[[-6607,6626]],"properties":{"anthrome":53}},{"type":"Polygon","arcs":[[6627]],"properties":{"anthrome":62}},{"type":"Polygon","arcs":[[-6548,6628,6629,-6615]],"properties":{"anthrome":54}},{"type":"Polygon","arcs":[[6630,6631,6632,-6629]],"properties":{"anthrome":52}},{"type":"Polygon","arcs":[[6633,6634,-6632]],"properties":{"anthrome":32}},{"type":"Polygon","arcs":[[6635,6636,6637,6638]],"properties":{"anthrome":32}},{"type":"Polygon","arcs":[[6639,6640]],"properties":{"anthrome":32}},{"type":"Polygon","arcs":[[-6555,6641,6642]],"properties":{"anthrome":61}},{"type":"Polygon","arcs":[[6643,6644]],"properties":{"anthrome":61}},{"type":"Polygon","arcs":[[6645]],"properties":{"anthrome":51}},{"type":"Polygon","arcs":[[6646,6647]],"properties":{"anthrome":51}},{"type":"Polygon","arcs":[[-6557,6648,6649]],"properties":{"anthrome":61}},{"type":"Polygon","arcs":[[6650,6651,6652,6653,-6337]],"properties":{"anthrome":54}},{"type":"Polygon","arcs":[[-6486,6654,6655,6656,6657,6658,-6611]],"properties":{"anthrome":61}},{"type":"Polygon","arcs":[[6659,6660,6661,6662,-6565]],"properties":{"anthrome":53}},{"type":"Polygon","arcs":[[-6627,6663]],"properties":{"anthrome":54}},{"type":"Polygon","arcs":[[6664,6665,6666]],"properties":{"anthrome":41}},{"type":"Polygon","arcs":[[6667,6668,6669,6670]],"properties":{"anthrome":52}},{"type":"Polygon","arcs":[[6671,6672,6673,6674]],"properties":{"anthrome":32}},{"type":"Polygon","arcs":[[-6595,6675,6676]],"properties":{"anthrome":54}},{"type":"Polygon","arcs":[[-6621,6677,6678]],"properties":{"anthrome":54}},{"type":"Polygon","arcs":[[6679,6680,6681,-6678]],"properties":{"anthrome":53}},{"type":"Polygon","arcs":[[-6659,6682,6683]],"properties":{"anthrome":53}},{"type":"Polygon","arcs":[[6684,6685,6686]],"properties":{"anthrome":61}},{"type":"Polygon","arcs":[[6687,-6661]],"properties":{"anthrome":54}},{"type":"Polygon","arcs":[[6688]],"properties":{"anthrome":52}},{"type":"Polygon","arcs":[[6689]],"properties":{"anthrome":61}},{"type":"Polygon","arcs":[[6690]],"properties":{"anthrome":62}},{"type":"Polygon","arcs":[[6691,6692]],"properties":{"anthrome":52}},{"type":"Polygon","arcs":[[6693,6694]],"properties":{"anthrome":62}},{"type":"Polygon","arcs":[[6695,6696]],"properties":{"anthrome":62}},{"type":"Polygon","arcs":[[6697,6698,6699]],"properties":{"anthrome":32}},{"type":"Polygon","arcs":[[6700,6701,6702,-6699]],"properties":{"anthrome":33}},{"type":"Polygon","arcs":[[6703,6704,6705,-6702]],"properties":{"anthrome":51}},{"type":"Polygon","arcs":[[6706,6707,6708,-6705]],"properties":{"anthrome":54}},{"type":"Polygon","arcs":[[6709,6710,-6708]],"properties":{"anthrome":61}},{"type":"Polygon","arcs":[[6711,6712]],"properties":{"anthrome":33}},{"type":"Polygon","arcs":[[6713,6714]],"properties":{"anthrome":42}},{"type":"Polygon","arcs":[[6715]],"properties":{"anthrome":54}},{"type":"Polygon","arcs":[[6716,6717]],"properties":{"anthrome":54}},{"type":"Polygon","arcs":[[6718,6719]],"properties":{"anthrome":33}},{"type":"Polygon","arcs":[[6720,6721,-6672]],"properties":{"anthrome":51}},{"type":"Polygon","arcs":[[6722,-6721]],"properties":{"anthrome":61}},{"type":"Polygon","arcs":[[6723]],"properties":{"anthrome":62}},{"type":"Polygon","arcs":[[6724]],"properties":{"anthrome":62}},{"type":"Polygon","arcs":[[6725]],"properties":{"anthrome":62}},{"type":"Polygon","arcs":[[6726]],"properties":{"anthrome":54}},{"type":"Polygon","arcs":[[6727,6728,6729,6730]],"properties":{"anthrome":63}},{"type":"Polygon","arcs":[[6731,6732]],"properties":{"anthrome":51}},{"type":"Polygon","arcs":[[6733,6734,6735,-6522,6736,-6600,6737,6738,6739,-6687,6740,6741,6742,6743,6744,6745,6746,6747,6748,-6010],[-6205,6749,-6207,6750]],"properties":{"anthrome":53}},{"type":"Polygon","arcs":[[6751,6752,6753,6754,6755,6756,6757,6758,-6583]],"properties":{"anthrome":42}},{"type":"Polygon","arcs":[[6759,-6585,6760,6761,6762,6763,-6652]],"properties":{"anthrome":42}},{"type":"Polygon","arcs":[[6764,-6697,6765,6766,6767]],"properties":{"anthrome":32}},{"type":"Polygon","arcs":[[6768,-6743,6769,6770]],"properties":{"anthrome":62}},{"type":"Polygon","arcs":[[6771,6772,6773]],"properties":{"anthrome":61}},{"type":"Polygon","arcs":[[6774]],"properties":{"anthrome":52}},{"type":"Polygon","arcs":[[6775,6776,6777,6778]],"properties":{"anthrome":32}},{"type":"Polygon","arcs":[[6779]],"properties":{"anthrome":54}},{"type":"Polygon","arcs":[[6780,6781]],"properties":{"anthrome":32}},{"type":"Polygon","arcs":[[6782,6783]],"properties":{"anthrome":33}},{"type":"Polygon","arcs":[[6784,6785]],"properties":{"anthrome":62}},{"type":"Polygon","arcs":[[6786,-6756]],"properties":{"anthrome":33}},{"type":"Polygon","arcs":[[6787,6788,6789]],"properties":{"anthrome":43}},{"type":"Polygon","arcs":[[6790,6791,6792,-6789]],"properties":{"anthrome":42}},{"type":"Polygon","arcs":[[6793,6794,6795,-6792]],"properties":{"anthrome":43}},{"type":"Polygon","arcs":[[6796,6797,6798,-6795]],"properties":{"anthrome":32}},{"type":"Polygon","arcs":[[-6717,6799,6800]],"properties":{"anthrome":32}},{"type":"Polygon","arcs":[[6801,6802,6803]],"properties":{"anthrome":32}},{"type":"Polygon","arcs":[[6804]],"properties":{"anthrome":33}},{"type":"Polygon","arcs":[[6805,6806,6807,6808]],"properties":{"anthrome":41}},{"type":"Polygon","arcs":[[6809,6810,6811,6812]],"properties":{"anthrome":52}},{"type":"Polygon","arcs":[[6813,6814,6815,-6811]],"properties":{"anthrome":33}},{"type":"Polygon","arcs":[[6816,-6815]],"properties":{"anthrome":52}},{"type":"Polygon","arcs":[[6817]],"properties":{"anthrome":62}},{"type":"Polygon","arcs":[[6818]],"properties":{"anthrome":54}},{"type":"Polygon","arcs":[[6819]],"properties":{"anthrome":32}},{"type":"Polygon","arcs":[[6820,6821,6822,6823]],"properties":{"anthrome":32}},{"type":"Polygon","arcs":[[6824,6825,-6822]],"properties":{"anthrome":61}},{"type":"Polygon","arcs":[[6826,6827,6828]],"properties":{"anthrome":54}},{"type":"Polygon","arcs":[[6829,6830,-6827]],"properties":{"anthrome":52}},{"type":"Polygon","arcs":[[6831,6832,6833,6834,6835]],"properties":{"anthrome":32}},{"type":"Polygon","arcs":[[-6641,6836,6837,-6824,6838,6839,6840,6841,-6637]],"properties":{"anthrome":52}},{"type":"Polygon","arcs":[[6842,6843,6844]],"properties":{"anthrome":32}},{"type":"Polygon","arcs":[[-6682,6845]],"properties":{"anthrome":62}},{"type":"Polygon","arcs":[[6846,6847,6848]],"properties":{"anthrome":54}},{"type":"Polygon","arcs":[[6849,6850,-6834]],"properties":{"anthrome":54}},{"type":"Polygon","arcs":[[6851,6852,-6850]],"properties":{"anthrome":32}},{"type":"Polygon","arcs":[[6853,-6809,6854,6855,6856,6857]],"properties":{"anthrome":32}},{"type":"Polygon","arcs":[[6858,6859,6860,6861]],"properties":{"anthrome":51}},{"type":"Polygon","arcs":[[6862]],"properties":{"anthrome":51}},{"type":"Polygon","arcs":[[6863,6864,6865]],"properties":{"anthrome":61}},{"type":"Polygon","arcs":[[6866]],"properties":{"anthrome":54}},{"type":"Polygon","arcs":[[-6778,6867]],"properties":{"anthrome":61}},{"type":"Polygon","arcs":[[6868]],"properties":{"anthrome":62}},{"type":"Polygon","arcs":[[6869,6870,6871,6872]],"properties":{"anthrome":43}},{"type":"Polygon","arcs":[[6873,6874,6875]],"properties":{"anthrome":43}},{"type":"Polygon","arcs":[[6876,6877,6878,-6875]],"properties":{"anthrome":61}},{"type":"Polygon","arcs":[[6879,6880,6881,-6878]],"properties":{"anthrome":33}},{"type":"Polygon","arcs":[[-6755,6882]],"properties":{"anthrome":43}},{"type":"Polygon","arcs":[[6883,6884,6885]],"properties":{"anthrome":54}},{"type":"Polygon","arcs":[[-6718,-6847,-6849,6886,6887,6888,6889],[-6716]],"properties":{"anthrome":52}},{"type":"Polygon","arcs":[[6890,6891,6892]],"properties":{"anthrome":43}},{"type":"Polygon","arcs":[[6893,6894,6895,-6856]],"properties":{"anthrome":52}},{"type":"Polygon","arcs":[[6896]],"properties":{"anthrome":33}},{"type":"Polygon","arcs":[[6897,6898,6899,6900]],"properties":{"anthrome":41}},{"type":"Polygon","arcs":[[6901,6902,6903]],"properties":{"anthrome":52}},{"type":"Polygon","arcs":[[6904,6905,6906]],"properties":{"anthrome":33}},{"type":"Polygon","arcs":[[6907]],"properties":{"anthrome":63}},{"type":"Polygon","arcs":[[6908,6909,6910]],"properties":{"anthrome":63}},{"type":"Polygon","arcs":[[6911,6912,-6910]],"properties":{"anthrome":62}},{"type":"Polygon","arcs":[[6913,6914,6915]],"properties":{"anthrome":63}},{"type":"Polygon","arcs":[[6916,6917,6918]],"properties":{"anthrome":32}},{"type":"Polygon","arcs":[[6919,6920,6921,6922]],"properties":{"anthrome":32}},{"type":"Polygon","arcs":[[6923,6924]],"properties":{"anthrome":52}},{"type":"Polygon","arcs":[[-6774,6925,6926]],"properties":{"anthrome":53}},{"type":"Polygon","arcs":[[6927,-6688,6928]],"properties":{"anthrome":62}},{"type":"Polygon","arcs":[[6929,6930]],"properties":{"anthrome":53}},{"type":"Polygon","arcs":[[6931,6932]],"properties":{"anthrome":32}},{"type":"Polygon","arcs":[[6933]],"properties":{"anthrome":54}},{"type":"Polygon","arcs":[[6934,6935,6936,6937,6938]],"properties":{"anthrome":32}},{"type":"Polygon","arcs":[[6939,6940]],"properties":{"anthrome":33}},{"type":"Polygon","arcs":[[6941,6942,6943]],"properties":{"anthrome":62}},{"type":"Polygon","arcs":[[6944,6945]],"properties":{"anthrome":33}},{"type":"Polygon","arcs":[[6946,6947,6948]],"properties":{"anthrome":41}},{"type":"Polygon","arcs":[[6949,6950]],"properties":{"anthrome":41}},{"type":"Polygon","arcs":[[6951,6952,6953,6954]],"properties":{"anthrome":42}},{"type":"Polygon","arcs":[[6955,6956]],"properties":{"anthrome":63}},{"type":"Polygon","arcs":[[6957,6958,6959,6960]],"properties":{"anthrome":63}},{"type":"Polygon","arcs":[[6961]],"properties":{"anthrome":62}},{"type":"Polygon","arcs":[[6962,6963,6964,6965]],"properties":{"anthrome":63}},{"type":"Polygon","arcs":[[6966]],"properties":{"anthrome":54}},{"type":"Polygon","arcs":[[6967,6968,6969]],"properties":{"anthrome":32}},{"type":"Polygon","arcs":[[6970,6971]],"properties":{"anthrome":61}},{"type":"Polygon","arcs":[[6972,6973,6974]],"properties":{"anthrome":32}},{"type":"Polygon","arcs":[[6975,-6973]],"properties":{"anthrome":62}},{"type":"Polygon","arcs":[[-6893,6976,6977]],"properties":{"anthrome":52}},{"type":"Polygon","arcs":[[6978,-6904,-6951,6979,6980,6981,-6947,-6899]],"properties":{"anthrome":54}},{"type":"Polygon","arcs":[[6982]],"properties":{"anthrome":62}},{"type":"Polygon","arcs":[[6983,6984,6985]],"properties":{"anthrome":42}},{"type":"Polygon","arcs":[[6986,-6949,6987,6988,6989]],"properties":{"anthrome":32}},{"type":"Polygon","arcs":[[6990,-6911,6991]],"properties":{"anthrome":62}},{"type":"Polygon","arcs":[[-5752,6992,6993,6994,-6966,6995,6996,6997,6998,6999,7000,7001,7002,-6731,7003,7004,7005,-5947,-5366,7006],[-5824],[-5888],[-5889],[-5985],[-5986],[-6163],[-6164],[-6534],[-6727],[-6819]],"properties":{"anthrome":62}},{"type":"Polygon","arcs":[[7007,7008,7009]],"properties":{"anthrome":51}},{"type":"Polygon","arcs":[[7010,-6937,7011,7012,7013,-7008]],"properties":{"anthrome":52}},{"type":"Polygon","arcs":[[-5720,-5831,-6119,7014,7015,-6829,7016,7017,7018,-6617,-6467,7019,-6198,7020,-5847],[-6863]],"properties":{"anthrome":52}},{"type":"Polygon","arcs":[[7021,7022]],"properties":{"anthrome":62}},{"type":"Polygon","arcs":[[7023,7024,7025]],"properties":{"anthrome":53}},{"type":"Polygon","arcs":[[7026]],"properties":{"anthrome":43}},{"type":"Polygon","arcs":[[-6943,7027,7028]],"properties":{"anthrome":54}},{"type":"Polygon","arcs":[[7029]],"properties":{"anthrome":32}},{"type":"Polygon","arcs":[[7030,7031,7032,7033]],"properties":{"anthrome":43}},{"type":"Polygon","arcs":[[7034]],"properties":{"anthrome":54}},{"type":"Polygon","arcs":[[7035,7036,7037]],"properties":{"anthrome":43}},{"type":"Polygon","arcs":[[7038]],"properties":{"anthrome":63}},{"type":"Polygon","arcs":[[7039,7040,7041]],"properties":{"anthrome":62}},{"type":"Polygon","arcs":[[7042,7043,-7041]],"properties":{"anthrome":63}},{"type":"Polygon","arcs":[[7044,7045,7046,7047]],"properties":{"anthrome":63}},{"type":"Polygon","arcs":[[7048,7049,7050]],"properties":{"anthrome":32}},{"type":"Polygon","arcs":[[7051,7052,-7013]],"properties":{"anthrome":32}},{"type":"Polygon","arcs":[[7053,7054]],"properties":{"anthrome":53}},{"type":"Polygon","arcs":[[7055,-6941,7056,7057,7058]],"properties":{"anthrome":42}},{"type":"Polygon","arcs":[[7059,-6923,-7010,7060,7061,7062,7063,-7049,7064,7065,7066]],"properties":{"anthrome":52}},{"type":"Polygon","arcs":[[7067,7068,7069]],"properties":{"anthrome":62}},{"type":"Polygon","arcs":[[7070,7071,7072,-7058]],"properties":{"anthrome":51}},{"type":"Polygon","arcs":[[7073,7074,-7072]],"properties":{"anthrome":42}},{"type":"Polygon","arcs":[[7075,7076,7077]],"properties":{"anthrome":32}},{"type":"Polygon","arcs":[[7078,-6955,7079,7080,7081,7082]],"properties":{"anthrome":54}},{"type":"Polygon","arcs":[[7083,7084,7085,7086]],"properties":{"anthrome":62}},{"type":"Polygon","arcs":[[7087]],"properties":{"anthrome":62}},{"type":"Polygon","arcs":[[7088,7089,7090]],"properties":{"anthrome":62}},{"type":"Polygon","arcs":[[7091]],"properties":{"anthrome":62}},{"type":"Polygon","arcs":[[-7069,7092]],"properties":{"anthrome":54}},{"type":"Polygon","arcs":[[-7078,7093]],"properties":{"anthrome":51}},{"type":"Polygon","arcs":[[7094,7095,7096]],"properties":{"anthrome":43}},{"type":"Polygon","arcs":[[-7033,7097,7098,7099]],"properties":{"anthrome":54}},{"type":"Polygon","arcs":[[-7083,7100,7101]],"properties":{"anthrome":33}},{"type":"Polygon","arcs":[[7102,7103]],"properties":{"anthrome":62}},{"type":"Polygon","arcs":[[-7047,7104,7105,7106]],"properties":{"anthrome":62}},{"type":"Polygon","arcs":[[7107]],"properties":{"anthrome":62}},{"type":"Polygon","arcs":[[7108]],"properties":{"anthrome":32}},{"type":"Polygon","arcs":[[-7064,7109,7110]],"properties":{"anthrome":32}},{"type":"Polygon","arcs":[[7111,7112,7113,-7062]],"properties":{"anthrome":32}},{"type":"Polygon","arcs":[[7114,7115]],"properties":{"anthrome":33}},{"type":"Polygon","arcs":[[7116,7117,7118]],"properties":{"anthrome":51}},{"type":"Polygon","arcs":[[7119,7120,7121,7122]],"properties":{"anthrome":61}},{"type":"Polygon","arcs":[[7123,7124,7125]],"properties":{"anthrome":54}},{"type":"Polygon","arcs":[[7126,7127,7128,7129,7130,7131,7132,7133]],"properties":{"anthrome":42}},{"type":"Polygon","arcs":[[7134]],"properties":{"anthrome":62}},{"type":"Polygon","arcs":[[7135,-5615,7136,7137,-6167,-6252,-6301,-6466,7138,-6647,7139,-7120,7140,-7119,7141,7142,7143,-6969,7144,-6860,-6859,7145,-6843,-6645,7146,7147,-6553,7148,-6197,7149,-6250,-6499,7150,7151,7152,7153],[-5605],[-6646],[-6733,-6732]],"properties":{"anthrome":52}},{"type":"Polygon","arcs":[[7154,7155,7156]],"properties":{"anthrome":32}},{"type":"Polygon","arcs":[[7157,7158,7159,7160]],"properties":{"anthrome":62}},{"type":"Polygon","arcs":[[7161,7162,7163]],"properties":{"anthrome":41}},{"type":"Polygon","arcs":[[7164]],"properties":{"anthrome":52}},{"type":"Polygon","arcs":[[7165,7166]],"properties":{"anthrome":53}},{"type":"Polygon","arcs":[[7167,7168,7169,7170]],"properties":{"anthrome":53}},{"type":"Polygon","arcs":[[7171]],"properties":{"anthrome":62}},{"type":"Polygon","arcs":[[7172]],"properties":{"anthrome":51}},{"type":"Polygon","arcs":[[7173,7174]],"properties":{"anthrome":52}},{"type":"Polygon","arcs":[[7175,7176,7177,-7125,7178]],"properties":{"anthrome":32}},{"type":"Polygon","arcs":[[7179]],"properties":{"anthrome":32}},{"type":"Polygon","arcs":[[7180,-7131,7181]],"properties":{"anthrome":62}},{"type":"Polygon","arcs":[[7182]],"properties":{"anthrome":41}},{"type":"Polygon","arcs":[[7183,-7162]],"properties":{"anthrome":42}},{"type":"Polygon","arcs":[[7184]],"properties":{"anthrome":51}},{"type":"Polygon","arcs":[[7185,7186]],"properties":{"anthrome":62}},{"type":"Polygon","arcs":[[7187]],"properties":{"anthrome":62}},{"type":"Polygon","arcs":[[-7115,7188,7189]],"properties":{"anthrome":61}},{"type":"Polygon","arcs":[[7190,7191,-7142]],"properties":{"anthrome":51}},{"type":"Polygon","arcs":[[7192,-7191]],"properties":{"anthrome":52}},{"type":"Polygon","arcs":[[7193,7194]],"properties":{"anthrome":61}},{"type":"Polygon","arcs":[[7195]],"properties":{"anthrome":52}},{"type":"Polygon","arcs":[[7196,7197,7198,7199]],"properties":{"anthrome":61}},{"type":"Polygon","arcs":[[7200,7201,7202,-7198]],"properties":{"anthrome":62}},{"type":"Polygon","arcs":[[7203,-7202]],"properties":{"anthrome":61}},{"type":"Polygon","arcs":[[-6670,7204,-6835,7205,7206,7207,7208,7209,7210,7211],[-7030]],"properties":{"anthrome":54}},{"type":"Polygon","arcs":[[-7210,7212,7213]],"properties":{"anthrome":32}},{"type":"Polygon","arcs":[[7214,-6562,7215,-6745,7216,-6771,7217,7218,7219,-6739,-6663,-6927,7220,7221,-6928,-7070,7222,7223,7224,7225,7226,-7169,7227,-7089,7228,7229],[-7092]],"properties":{"anthrome":54}},{"type":"Polygon","arcs":[[7230,-7159,7231,7232,7233]],"properties":{"anthrome":54}},{"type":"Polygon","arcs":[[7234,7235]],"properties":{"anthrome":62}},{"type":"Polygon","arcs":[[7236,7237,7238,7239]],"properties":{"anthrome":61}},{"type":"Polygon","arcs":[[7240,7241,7242,-7238]],"properties":{"anthrome":53}},{"type":"Polygon","arcs":[[7243,7244,7245,7246]],"properties":{"anthrome":33}},{"type":"Polygon","arcs":[[7247,7248,7249,-7245]],"properties":{"anthrome":54}},{"type":"Polygon","arcs":[[7250,7251]],"properties":{"anthrome":23}},{"type":"Polygon","arcs":[[7252,-7232]],"properties":{"anthrome":62}},{"type":"Polygon","arcs":[[7253]],"properties":{"anthrome":54}},{"type":"Polygon","arcs":[[7254]],"properties":{"anthrome":32}},{"type":"Polygon","arcs":[[7255]],"properties":{"anthrome":51}},{"type":"Polygon","arcs":[[7256]],"properties":{"anthrome":62}},{"type":"Polygon","arcs":[[7257]],"properties":{"anthrome":62}},{"type":"Polygon","arcs":[[7258]],"properties":{"anthrome":62}},{"type":"Polygon","arcs":[[7259]],"properties":{"anthrome":53}},{"type":"Polygon","arcs":[[7260]],"properties":{"anthrome":53}},{"type":"Polygon","arcs":[[7261,7262]],"properties":{"anthrome":54}},{"type":"Polygon","arcs":[[7263,7264]],"properties":{"anthrome":52}},{"type":"Polygon","arcs":[[7265]],"properties":{"anthrome":52}},{"type":"Polygon","arcs":[[7266,7267,7268]],"properties":{"anthrome":42}},{"type":"Polygon","arcs":[[7269]],"properties":{"anthrome":62}},{"type":"Polygon","arcs":[[7270]],"properties":{"anthrome":54}},{"type":"Polygon","arcs":[[7271,7272,7273,7274]],"properties":{"anthrome":61}},{"type":"Polygon","arcs":[[7275]],"properties":{"anthrome":54}},{"type":"Polygon","arcs":[[7276]],"properties":{"anthrome":43}},{"type":"Polygon","arcs":[[7277]],"properties":{"anthrome":53}},{"type":"Polygon","arcs":[[7278,7279,7280,7281]],"properties":{"anthrome":32}},{"type":"Polygon","arcs":[[7282]],"properties":{"anthrome":53}},{"type":"Polygon","arcs":[[7283,7284,7285,7286]],"properties":{"anthrome":53}},{"type":"Polygon","arcs":[[7287,7288,7289,-7285]],"properties":{"anthrome":61}},{"type":"Polygon","arcs":[[7290,7291]],"properties":{"anthrome":32}},{"type":"Polygon","arcs":[[7292,7293]],"properties":{"anthrome":62}},{"type":"Polygon","arcs":[[7294,7295]],"properties":{"anthrome":62}},{"type":"Polygon","arcs":[[-7213,7296]],"properties":{"anthrome":54}},{"type":"Polygon","arcs":[[7297,7298,7299,7300]],"properties":{"anthrome":32}},{"type":"Polygon","arcs":[[7301]],"properties":{"anthrome":52}},{"type":"Polygon","arcs":[[7302,7303,7304,7305]],"properties":{"anthrome":62}},{"type":"Polygon","arcs":[[7306,7307,7308]],"properties":{"anthrome":54}},{"type":"Polygon","arcs":[[7309]],"properties":{"anthrome":32}},{"type":"Polygon","arcs":[[7310]],"properties":{"anthrome":62}},{"type":"Polygon","arcs":[[7311]],"properties":{"anthrome":62}},{"type":"Polygon","arcs":[[7312,7313]],"properties":{"anthrome":33}},{"type":"Polygon","arcs":[[7314]],"properties":{"anthrome":52}},{"type":"Polygon","arcs":[[7315]],"properties":{"anthrome":61}},{"type":"Polygon","arcs":[[7316]],"properties":{"anthrome":52}},{"type":"Polygon","arcs":[[7317,-6873,7318,7319,-7126,-7247,7320,7321,7322,7323,7324,7325,7326,7327]],"properties":{"anthrome":42}},{"type":"Polygon","arcs":[[7328]],"properties":{"anthrome":62}},{"type":"Polygon","arcs":[[7329,7330,7331,-7291]],"properties":{"anthrome":52}},{"type":"Polygon","arcs":[[7332,7333,7334,7335]],"properties":{"anthrome":51}},{"type":"Polygon","arcs":[[-7314,7336,7337]],"properties":{"anthrome":52}},{"type":"Polygon","arcs":[[7338,7339,7340]],"properties":{"anthrome":54}},{"type":"Polygon","arcs":[[7341,7342,-7340]],"properties":{"anthrome":61}},{"type":"Polygon","arcs":[[7343,7344,7345]],"properties":{"anthrome":54}},{"type":"Polygon","arcs":[[7346,7347,7348,-7344]],"properties":{"anthrome":53}},{"type":"Polygon","arcs":[[7349,7350]],"properties":{"anthrome":61}},{"type":"Polygon","arcs":[[7351,7352]],"properties":{"anthrome":62}},{"type":"Polygon","arcs":[[7353,7354]],"properties":{"anthrome":62}},{"type":"Polygon","arcs":[[7355]],"properties":{"anthrome":54}},{"type":"Polygon","arcs":[[7356,7357,7358]],"properties":{"anthrome":33}},{"type":"Polygon","arcs":[[7359,7360,-7358]],"properties":{"anthrome":62}},{"type":"Polygon","arcs":[[7361,7362]],"properties":{"anthrome":33}},{"type":"Polygon","arcs":[[7363]],"properties":{"anthrome":54}},{"type":"Polygon","arcs":[[-7305,7364,7365,7366]],"properties":{"anthrome":43}},{"type":"Polygon","arcs":[[7367,7368,7369,7370]],"properties":{"anthrome":53}},{"type":"Polygon","arcs":[[7371]],"properties":{"anthrome":32}},{"type":"Polygon","arcs":[[7372,-7337]],"properties":{"anthrome":51}},{"type":"Polygon","arcs":[[7373]],"properties":{"anthrome":52}},{"type":"Polygon","arcs":[[7374,7375]],"properties":{"anthrome":61}},{"type":"Polygon","arcs":[[7376]],"properties":{"anthrome":61}},{"type":"Polygon","arcs":[[7377,7378,-7274,-7341,7379,7380]],"properties":{"anthrome":62}},{"type":"Polygon","arcs":[[7381,7382,7383,7384]],"properties":{"anthrome":41}},{"type":"Polygon","arcs":[[7385,-6946,7386,7387,-7031,7388,7389,7390,-7300,7391,7392,7393,7394,7395,7396,-7208,7397,-7095,7398]],"properties":{"anthrome":42}},{"type":"Polygon","arcs":[[7399,7400,7401,7402,7403]],"properties":{"anthrome":32}},{"type":"Polygon","arcs":[[7404,7405,7406,7407,7408]],"properties":{"anthrome":43}},{"type":"Polygon","arcs":[[7409]],"properties":{"anthrome":62}},{"type":"Polygon","arcs":[[7410,-7352]],"properties":{"anthrome":54}},{"type":"Polygon","arcs":[[7411,7412,7413]],"properties":{"anthrome":42}},{"type":"Polygon","arcs":[[-7361,7414]],"properties":{"anthrome":32}},{"type":"Polygon","arcs":[[7415,7416]],"properties":{"anthrome":32}},{"type":"Polygon","arcs":[[7417,7418]],"properties":{"anthrome":62}},{"type":"Polygon","arcs":[[7419]],"properties":{"anthrome":32}},{"type":"Polygon","arcs":[[7420]],"properties":{"anthrome":62}},{"type":"Polygon","arcs":[[-7164,-7163,7421,7422,7423,7424,-7307,-7309,7425,-7409,7426,7427,7428,7429,7430,-7037,7431,7432],[-7183],[-7277],[-7254]],"properties":{"anthrome":42}},{"type":"Polygon","arcs":[[7433,-7323,7434,7435,7436,7437]],"properties":{"anthrome":43}},{"type":"Polygon","arcs":[[-7251,-7297,7438,-7396,7439,7440,7441]],"properties":{"anthrome":32}},{"type":"Polygon","arcs":[[7442]],"properties":{"anthrome":54}},{"type":"Polygon","arcs":[[7443]],"properties":{"anthrome":53}},{"type":"Polygon","arcs":[[7444,7445]],"properties":{"anthrome":62}},{"type":"Polygon","arcs":[[7446]],"properties":{"anthrome":62}},{"type":"Polygon","arcs":[[7447,7448]],"properties":{"anthrome":33}},{"type":"Polygon","arcs":[[7449]],"properties":{"anthrome":42}},{"type":"Polygon","arcs":[[7450,7451]],"properties":{"anthrome":42}},{"type":"Polygon","arcs":[[7452,7453]],"properties":{"anthrome":62}},{"type":"Polygon","arcs":[[7454,7455,7456,7457]],"properties":{"anthrome":31}},{"type":"Polygon","arcs":[[7458,7459]],"properties":{"anthrome":32}},{"type":"Polygon","arcs":[[-7408,7460,7461]],"properties":{"anthrome":42}},{"type":"Polygon","arcs":[[7462]],"properties":{"anthrome":33}},{"type":"Polygon","arcs":[[-7384,7463,7464,7465]],"properties":{"anthrome":42}},{"type":"Polygon","arcs":[[7466]],"properties":{"anthrome":61}},{"type":"Polygon","arcs":[[7467,7468]],"properties":{"anthrome":51}},{"type":"Polygon","arcs":[[7469,7470]],"properties":{"anthrome":62}},{"type":"Polygon","arcs":[[7471,7472,7473,7474]],"properties":{"anthrome":41}},{"type":"Polygon","arcs":[[7475]],"properties":{"anthrome":62}},{"type":"Polygon","arcs":[[7476,7477]],"properties":{"anthrome":33}},{"type":"Polygon","arcs":[[7478]],"properties":{"anthrome":62}},{"type":"Polygon","arcs":[[7479]],"properties":{"anthrome":42}},{"type":"Polygon","arcs":[[7480,7481,7482]],"properties":{"anthrome":42}},{"type":"Polygon","arcs":[[7483]],"properties":{"anthrome":54}},{"type":"Polygon","arcs":[[7484]],"properties":{"anthrome":62}},{"type":"Polygon","arcs":[[7485,7486]],"properties":{"anthrome":62}},{"type":"Polygon","arcs":[[7487]],"properties":{"anthrome":32}},{"type":"Polygon","arcs":[[7488]],"properties":{"anthrome":54}},{"type":"Polygon","arcs":[[7489]],"properties":{"anthrome":54}},{"type":"Polygon","arcs":[[7490]],"properties":{"anthrome":62}},{"type":"Polygon","arcs":[[7491,-6975,7492,7493,-7200,7494,-7376,7495,7496,7497,7498,-7122,7499,-7262,-7194,7500,7501,-6972,7502,-7018,7503,-6830,-7016],[-7165],[-7196],[-7265,-7264],[-7266],[-7315],[-7316],[-7317],[-7374]],"properties":{"anthrome":51}},{"type":"Polygon","arcs":[[-5155,7504,-5841,7505,7506,-6609,-6608,-6664,-6606,7507,-6429,7508,-6603,-6121,7509,-5951,7510,7511,-5787,-5589,7512,-5547,7513,7514,-5325,7515,7516,-5957,7517,7518,-6309,-7230,7519,7520,7521,7522,7523,7524,-6864,7525,-6624,7526,7527,-6484,-6078,-5484,7528,7529,-5413,7530],[-5949],[-6004],[-5950],[-6559],[-6626],[-6867],[-7271]],"properties":{"anthrome":62}},{"type":"Polygon","arcs":[[7531,7532]],"properties":{"anthrome":54}},{"type":"Polygon","arcs":[[7533]],"properties":{"anthrome":41}},{"type":"Polygon","arcs":[[7534,7535]],"properties":{"anthrome":32}},{"type":"Polygon","arcs":[[7536,7537]],"properties":{"anthrome":62}},{"type":"Polygon","arcs":[[7538,7539]],"properties":{"anthrome":54}},{"type":"Polygon","arcs":[[7540,7541,7542,7543]],"properties":{"anthrome":54}},{"type":"Polygon","arcs":[[7544]],"properties":{"anthrome":62}},{"type":"Polygon","arcs":[[7545,7546]],"properties":{"anthrome":54}},{"type":"Polygon","arcs":[[7547,7548]],"properties":{"anthrome":54}},{"type":"Polygon","arcs":[[7549,7550]],"properties":{"anthrome":22}},{"type":"Polygon","arcs":[[7551,7552,7553,7554]],"properties":{"anthrome":32}},{"type":"Polygon","arcs":[[7555,7556]],"properties":{"anthrome":54}},{"type":"Polygon","arcs":[[7557]],"properties":{"anthrome":52}},{"type":"Polygon","arcs":[[7558,7559,7560]],"properties":{"anthrome":32}},{"type":"Polygon","arcs":[[-7182,7561,-7470,-7393,7562,-7298,7563,-7390]],"properties":{"anthrome":54}},{"type":"Polygon","arcs":[[7564]],"properties":{"anthrome":62}},{"type":"Polygon","arcs":[[-7469,7565,7566,7567,-7497]],"properties":{"anthrome":52}},{"type":"Polygon","arcs":[[7568]],"properties":{"anthrome":53}},{"type":"Polygon","arcs":[[7569,7570,7571]],"properties":{"anthrome":43}},{"type":"Polygon","arcs":[[7572,7573,7574]],"properties":{"anthrome":42}},{"type":"Polygon","arcs":[[-7554,7575,7576,7577]],"properties":{"anthrome":41}},{"type":"Polygon","arcs":[[7578]],"properties":{"anthrome":62}},{"type":"Polygon","arcs":[[7579,7580]],"properties":{"anthrome":54}},{"type":"Polygon","arcs":[[7581,7582,7583,7584]],"properties":{"anthrome":52}},{"type":"Polygon","arcs":[[-5530,7585,-5427,7586,7587,-6177,7588,7589,-6174,-6278,7590,-6614,7591,7592,-6695,7593,7594,-7327,7595,7596,7597,7598,-7354,-7293,-7267,7599,-7175,7600,7601,7602,-7414,-7452,-7483,7603,7604,7605,7606,-7570,7607,7608,7609,-7448,7610,-7331,7611,-7155,7612,-6932,-6777,7613,-6693,7614,7615,-6526,7616],[-5991],[-6432],[-6528],[-6569],[-7027],[-7173],[-7450],[-7480]],"properties":{"anthrome":54}},{"type":"Polygon","arcs":[[7617,7618]],"properties":{"anthrome":62}},{"type":"Polygon","arcs":[[-7547,7619,7620,7621,7622,7623]],"properties":{"anthrome":43}},{"type":"Polygon","arcs":[[7624,-7454,7625,7626,7627,-7418,7628,-7362]],"properties":{"anthrome":54}},{"type":"Polygon","arcs":[[7629]],"properties":{"anthrome":54}},{"type":"Polygon","arcs":[[7630]],"properties":{"anthrome":12}},{"type":"Polygon","arcs":[[7631]],"properties":{"anthrome":62}},{"type":"Polygon","arcs":[[7632]],"properties":{"anthrome":54}},{"type":"Polygon","arcs":[[7633,7634,7635]],"properties":{"anthrome":54}},{"type":"Polygon","arcs":[[7636,7637,7638,7639]],"properties":{"anthrome":32}},{"type":"Polygon","arcs":[[7640]],"properties":{"anthrome":52}},{"type":"Polygon","arcs":[[7641,7642,7643]],"properties":{"anthrome":32}},{"type":"Polygon","arcs":[[7644,7645]],"properties":{"anthrome":32}},{"type":"Polygon","arcs":[[-7584,7646,7647,7648]],"properties":{"anthrome":32}},{"type":"Polygon","arcs":[[7649]],"properties":{"anthrome":32}},{"type":"Polygon","arcs":[[7650,7651]],"properties":{"anthrome":32}},{"type":"Polygon","arcs":[[7652,-7567]],"properties":{"anthrome":51}},{"type":"Polygon","arcs":[[-7645,7653]],"properties":{"anthrome":51}},{"type":"Polygon","arcs":[[7654,-7359,-7415,7655,-7417,7656,-7623,7657,7658,7659,7660,-7436,7661],[-7485],[-7545]],"properties":{"anthrome":54}},{"type":"Polygon","arcs":[[7662,7663,7664,7665,7666,7667]],"properties":{"anthrome":42}},{"type":"Polygon","arcs":[[7668,7669,7670]],"properties":{"anthrome":52}},{"type":"Polygon","arcs":[[7671]],"properties":{"anthrome":62}},{"type":"Polygon","arcs":[[7672,7673,7674]],"properties":{"anthrome":61}},{"type":"Polygon","arcs":[[-7574,-7667,7675,7676,7677]],"properties":{"anthrome":54}},{"type":"Polygon","arcs":[[7678,7679]],"properties":{"anthrome":54}},{"type":"Polygon","arcs":[[-7635,7680,-7679]],"properties":{"anthrome":32}},{"type":"Polygon","arcs":[[7681,7682,7683]],"properties":{"anthrome":32}},{"type":"Polygon","arcs":[[7684]],"properties":{"anthrome":52}},{"type":"Polygon","arcs":[[7685,7686]],"properties":{"anthrome":61}},{"type":"Polygon","arcs":[[7687,7688,7689,7690,7691]],"properties":{"anthrome":54}},{"type":"Polygon","arcs":[[-7618,7692,7693,7694]],"properties":{"anthrome":54}},{"type":"Polygon","arcs":[[7695,7696,7697,7698,-7693,-7609,7699]],"properties":{"anthrome":42}},{"type":"Polygon","arcs":[[7700]],"properties":{"anthrome":54}},{"type":"Polygon","arcs":[[7701,7702]],"properties":{"anthrome":62}},{"type":"Polygon","arcs":[[7703,7704]],"properties":{"anthrome":62}},{"type":"Polygon","arcs":[[-7646,7705,7706,-7644,7707,7708,7709,7710,7711,7712,-7671,-7670,7713,7714,7715,7716,-7637,7717,7718],[-7558],[-7641]],"properties":{"anthrome":51}},{"type":"Polygon","arcs":[[7719,7720,7721,7722,-7711]],"properties":{"anthrome":54}},{"type":"Polygon","arcs":[[7723,7724]],"properties":{"anthrome":62}},{"type":"Polygon","arcs":[[7725,7726,7727]],"properties":{"anthrome":62}},{"type":"Polygon","arcs":[[7728,7729,7730,-7690]],"properties":{"anthrome":62}},{"type":"Polygon","arcs":[[7731,7732,7733,-7730]],"properties":{"anthrome":61}},{"type":"Polygon","arcs":[[7734,7735,7736,7737]],"properties":{"anthrome":54}},{"type":"Polygon","arcs":[[7738,7739]],"properties":{"anthrome":62}},{"type":"Polygon","arcs":[[7740]],"properties":{"anthrome":42}},{"type":"Polygon","arcs":[[7741,7742,7743]],"properties":{"anthrome":54}},{"type":"Polygon","arcs":[[7744]],"properties":{"anthrome":62}},{"type":"Polygon","arcs":[[7745,7746]],"properties":{"anthrome":32}},{"type":"Polygon","arcs":[[7747,-6980,7748],[-7035],[-7276]],"properties":{"anthrome":62}},{"type":"Polygon","arcs":[[-7093,7749,-7346,7750,-7348,7751,7752,7753,7754,7755,-7223],[-7539,-7540],[-7630]],"properties":{"anthrome":62}},{"type":"Polygon","arcs":[[7756,7757,7758]],"properties":{"anthrome":32}},{"type":"Polygon","arcs":[[-7669,7759]],"properties":{"anthrome":51}},{"type":"Polygon","arcs":[[7760,7761]],"properties":{"anthrome":61}},{"type":"Polygon","arcs":[[7762,7763]],"properties":{"anthrome":51}},{"type":"Polygon","arcs":[[-7716,7764,7765,7766]],"properties":{"anthrome":32}},{"type":"Polygon","arcs":[[7767]],"properties":{"anthrome":53}},{"type":"Polygon","arcs":[[7768]],"properties":{"anthrome":54}},{"type":"Polygon","arcs":[[7769,-7736]],"properties":{"anthrome":63}},{"type":"Polygon","arcs":[[7770,7771]],"properties":{"anthrome":62}},{"type":"Polygon","arcs":[[7772]],"properties":{"anthrome":54}},{"type":"Polygon","arcs":[[7773,7774,7775,-7634,-7636,-7680,7776,7777,7778,-7334],[-7489],[-7490],[-7556,-7557],[-7581,-7580]],"properties":{"anthrome":32}},{"type":"Polygon","arcs":[[7779,7780]],"properties":{"anthrome":52}},{"type":"Polygon","arcs":[[7781]],"properties":{"anthrome":54}},{"type":"Polygon","arcs":[[7782,7783,7784]],"properties":{"anthrome":51}},{"type":"Polygon","arcs":[[7785,7786,7787,-7784]],"properties":{"anthrome":53}},{"type":"Polygon","arcs":[[7788]],"properties":{"anthrome":53}},{"type":"Polygon","arcs":[[7789,7790,7791,7792]],"properties":{"anthrome":53}},{"type":"Polygon","arcs":[[7793,7794]],"properties":{"anthrome":54}},{"type":"Polygon","arcs":[[7795]],"properties":{"anthrome":62}},{"type":"Polygon","arcs":[[7796]],"properties":{"anthrome":53}},{"type":"Polygon","arcs":[[7797,7798]],"properties":{"anthrome":61}},{"type":"Polygon","arcs":[[7799,7800,7801,-7771]],"properties":{"anthrome":54}},{"type":"Polygon","arcs":[[7802,7803]],"properties":{"anthrome":54}},{"type":"Polygon","arcs":[[7804]],"properties":{"anthrome":54}},{"type":"Polygon","arcs":[[7805,7806]],"properties":{"anthrome":62}},{"type":"Polygon","arcs":[[7807,7808]],"properties":{"anthrome":32}},{"type":"Polygon","arcs":[[7809]],"properties":{"anthrome":52}},{"type":"Polygon","arcs":[[7810,7811]],"properties":{"anthrome":51}},{"type":"Polygon","arcs":[[7812]],"properties":{"anthrome":51}},{"type":"Polygon","arcs":[[7813,7814,7815,7816,7817,7818,-7794,7819]],"properties":{"anthrome":62}},{"type":"Polygon","arcs":[[7820,7821,7822,7823,7824,7825,7826]],"properties":{"anthrome":52}},{"type":"Polygon","arcs":[[-7602,7827,-7268,-7294,7828,-7533,-7541,7829,-7668,-7573,7830,-7677,-7744,7831,7832,7833,7834,7835,7836,7837,7838,-7698,7839,-7605,7840,-7481,-7451,-7413,7841]],"properties":{"anthrome":43}},{"type":"Polygon","arcs":[[-7739,7842,7843,7844]],"properties":{"anthrome":54}},{"type":"Polygon","arcs":[[7845,7846]],"properties":{"anthrome":32}},{"type":"Polygon","arcs":[[7847,7848]],"properties":{"anthrome":62}},{"type":"Polygon","arcs":[[-7801,7849,7850,7851]],"properties":{"anthrome":62}},{"type":"Polygon","arcs":[[7852]],"properties":{"anthrome":43}},{"type":"Polygon","arcs":[[-7819,7853]],"properties":{"anthrome":54}},{"type":"Polygon","arcs":[[7854,-7817]],"properties":{"anthrome":54}},{"type":"Polygon","arcs":[[7855]],"properties":{"anthrome":62}},{"type":"Polygon","arcs":[[7856]],"properties":{"anthrome":54}},{"type":"Polygon","arcs":[[7857,7858]],"properties":{"anthrome":32}},{"type":"Polygon","arcs":[[7859,7860]],"properties":{"anthrome":52}},{"type":"Polygon","arcs":[[7861,7862]],"properties":{"anthrome":54}},{"type":"Polygon","arcs":[[7863,-7394,-7471,7864,-7814,-7820,7865,-7550,7866,-7487,7867,-7441],[-7631],[-7632]],"properties":{"anthrome":54}},{"type":"Polygon","arcs":[[7868]],"properties":{"anthrome":54}},{"type":"Polygon","arcs":[[-7838,7869,7870,7871]],"properties":{"anthrome":54}},{"type":"Polygon","arcs":[[7872,7873,7874,-7815]],"properties":{"anthrome":54}},{"type":"Polygon","arcs":[[-7850,7875]],"properties":{"anthrome":54}},{"type":"Polygon","arcs":[[-7863,7876,7877,7878]],"properties":{"anthrome":52}},{"type":"Polygon","arcs":[[7879]],"properties":{"anthrome":62}},{"type":"Polygon","arcs":[[7880]],"properties":{"anthrome":62}},{"type":"Polygon","arcs":[[7881,7882]],"properties":{"anthrome":62}},{"type":"Polygon","arcs":[[-7851,7883]],"properties":{"anthrome":54}},{"type":"Polygon","arcs":[[-7816,7884,7885,7886]],"properties":{"anthrome":54}},{"type":"Polygon","arcs":[[-7875,7887,-7885]],"properties":{"anthrome":62}},{"type":"Polygon","arcs":[[7888]],"properties":{"anthrome":54}},{"type":"Polygon","arcs":[[7889,7890]],"properties":{"anthrome":54}},{"type":"Polygon","arcs":[[7891,7892]],"properties":{"anthrome":31}},{"type":"Polygon","arcs":[[7893,7894,7895,7896]],"properties":{"anthrome":52}},{"type":"Polygon","arcs":[[7897,7898]],"properties":{"anthrome":53}},{"type":"Polygon","arcs":[[7899]],"properties":{"anthrome":54}},{"type":"Polygon","arcs":[[7900]],"properties":{"anthrome":54}},{"type":"Polygon","arcs":[[7901,-6273,7902,-6295,7903,-6546,-6677,7904,-6841,7905,-6939,7906,-6921,7907,7908,-6919,7909,7910,-7050,-7111,7911,-7113,-7053,7912,-7561,-7560,7913,-7651,-7687,-7747,7914,-7847,7915,7916,7917,7918,-7280,7919,7920],[-7109],[-7372],[7921,-7648,7922,-7582],[-7650]],"properties":{"anthrome":51}},{"type":"Polygon","arcs":[[7923,7924,7925,-7835]],"properties":{"anthrome":54}},{"type":"Polygon","arcs":[[-7818,7926,7927]],"properties":{"anthrome":54}},{"type":"Polygon","arcs":[[-7878,7928]],"properties":{"anthrome":51}},{"type":"Polygon","arcs":[[7929,7930,7931]],"properties":{"anthrome":53}},{"type":"Polygon","arcs":[[7932,7933]],"properties":{"anthrome":54}},{"type":"Polygon","arcs":[[-7886,7934]],"properties":{"anthrome":62}},{"type":"Polygon","arcs":[[7935,7936]],"properties":{"anthrome":32}},{"type":"Polygon","arcs":[[7937,7938,7939]],"properties":{"anthrome":52}},{"type":"Polygon","arcs":[[7940]],"properties":{"anthrome":23}},{"type":"Polygon","arcs":[[7941,7942,7943,7944]],"properties":{"anthrome":53}},{"type":"Polygon","arcs":[[7945,-7943]],"properties":{"anthrome":52}},{"type":"Polygon","arcs":[[7946,7947,7948]],"properties":{"anthrome":54}},{"type":"Polygon","arcs":[[7949,7950,7951,7952]],"properties":{"anthrome":23}},{"type":"Polygon","arcs":[[7953,7954,7955,7956]],"properties":{"anthrome":53}},{"type":"Polygon","arcs":[[7957,7958]],"properties":{"anthrome":62}},{"type":"Polygon","arcs":[[-7888,7959,7960]],"properties":{"anthrome":54}},{"type":"Polygon","arcs":[[7961]],"properties":{"anthrome":53}},{"type":"Polygon","arcs":[[7962,7963]],"properties":{"anthrome":62}},{"type":"Polygon","arcs":[[7964,7965,7966]],"properties":{"anthrome":62}},{"type":"Polygon","arcs":[[7967]],"properties":{"anthrome":43}},{"type":"Polygon","arcs":[[7968,7969,7970]],"properties":{"anthrome":62}},{"type":"Polygon","arcs":[[7971,7972]],"properties":{"anthrome":32}},{"type":"Polygon","arcs":[[7973,7974,7975,7976]],"properties":{"anthrome":32}},{"type":"Polygon","arcs":[[7977,7978,7979,-7975]],"properties":{"anthrome":23}},{"type":"Polygon","arcs":[[7980,7981,7982,7983]],"properties":{"anthrome":51}},{"type":"Polygon","arcs":[[7984]],"properties":{"anthrome":54}},{"type":"Polygon","arcs":[[7985,7986]],"properties":{"anthrome":62}},{"type":"Polygon","arcs":[[7987,7988]],"properties":{"anthrome":62}},{"type":"Polygon","arcs":[[7989]],"properties":{"anthrome":54}},{"type":"Polygon","arcs":[[7990,7991]],"properties":{"anthrome":54}},{"type":"Polygon","arcs":[[7992,7993,7994]],"properties":{"anthrome":54}},{"type":"Polygon","arcs":[[7995,7996,7997]],"properties":{"anthrome":62}},{"type":"Polygon","arcs":[[7998,7999]],"properties":{"anthrome":33}},{"type":"Polygon","arcs":[[8000,8001,8002]],"properties":{"anthrome":62}},{"type":"Polygon","arcs":[[8003,8004,8005]],"properties":{"anthrome":51}},{"type":"Polygon","arcs":[[8006,8007,8008,8009]],"properties":{"anthrome":52}},{"type":"Polygon","arcs":[[8010,8011,8012,-8008]],"properties":{"anthrome":32}},{"type":"Polygon","arcs":[[8013,8014]],"properties":{"anthrome":23}},{"type":"Polygon","arcs":[[-7983,8015]],"properties":{"anthrome":12}},{"type":"Polygon","arcs":[[-7788,8016,8017,8018,8019,8020,8021,8022,8023]],"properties":{"anthrome":51}},{"type":"Polygon","arcs":[[8024,8025,-8020]],"properties":{"anthrome":52}},{"type":"Polygon","arcs":[[8026,8027]],"properties":{"anthrome":61}},{"type":"Polygon","arcs":[[8028,-4702,8029,-4903,8030,-4901,8031,-5420,8032,-5165,8033,8034,-4898,-4492,8035,8036,8037,-5168,8038,8039,-5244,8040,-5426,8041,-5898,8042,-6498,-6568,8043,-7351,8044,8045,8046,8047,-7675,8048,-7738,8049,-7761,8050,8051,-7692,8052,8053,8054,-5591,8055,-5241,8056,-5140,8057,-5391,8058,8059,-4522,8060,8061,8062,-3716,8063,8064,8065,-3620,-4905],[-4583],[-4861],[8066],[-4818],[-5141],[8067],[-5326],[-5327],[-5422],[-5423],[-5661],[-5789],[-5861],[-6187],[-6689],[-6690],[-6775]],"properties":{"anthrome":53}},{"type":"Polygon","arcs":[[8068,8069,8070,8071,8072,8073,8074,8075,8076,-8014,-7952,8077,-7824,8078]],"properties":{"anthrome":51}},{"type":"Polygon","arcs":[[8079]],"properties":{"anthrome":53}},{"type":"Polygon","arcs":[[8080,8081,8082]],"properties":{"anthrome":53}},{"type":"Polygon","arcs":[[8083]],"properties":{"anthrome":54}},{"type":"Polygon","arcs":[[8084,8085,8086]],"properties":{"anthrome":41}},{"type":"Polygon","arcs":[[8087,8088,8089]],"properties":{"anthrome":42}},{"type":"Polygon","arcs":[[8090]],"properties":{"anthrome":32}},{"type":"Polygon","arcs":[[8091,8092]],"properties":{"anthrome":23}},{"type":"Polygon","arcs":[[8093]],"properties":{"anthrome":52}},{"type":"Polygon","arcs":[[8094,8095]],"properties":{"anthrome":61}},{"type":"Polygon","arcs":[[8096]],"properties":{"anthrome":54}},{"type":"Polygon","arcs":[[8097]],"properties":{"anthrome":54}},{"type":"Polygon","arcs":[[8098]],"properties":{"anthrome":43}},{"type":"Polygon","arcs":[[8099]],"properties":{"anthrome":54}},{"type":"Polygon","arcs":[[8100,8101]],"properties":{"anthrome":54}},{"type":"Polygon","arcs":[[-7994,8102]],"properties":{"anthrome":62}},{"type":"Polygon","arcs":[[-8077,8103,8104]],"properties":{"anthrome":23}},{"type":"Polygon","arcs":[[8105]],"properties":{"anthrome":51}},{"type":"Polygon","arcs":[[8106]],"properties":{"anthrome":53}},{"type":"Polygon","arcs":[[8107,8108,8109]],"properties":{"anthrome":61}},{"type":"Polygon","arcs":[[8110,8111]],"properties":{"anthrome":23}},{"type":"Polygon","arcs":[[8112,-8010,8113,8114,8115,8116,-8005]],"properties":{"anthrome":32}},{"type":"Polygon","arcs":[[8117]],"properties":{"anthrome":54}},{"type":"Polygon","arcs":[[8118,8119]],"properties":{"anthrome":54}},{"type":"Polygon","arcs":[[8120,8121]],"properties":{"anthrome":23}},{"type":"Polygon","arcs":[[8122]],"properties":{"anthrome":52}},{"type":"Polygon","arcs":[[8123,8124]],"properties":{"anthrome":52}},{"type":"Polygon","arcs":[[8125]],"properties":{"anthrome":33}},{"type":"Polygon","arcs":[[-7798,8126,-7932,8127,-7967,8128,8129,8130,-8046,8131]],"properties":{"anthrome":54}},{"type":"Polygon","arcs":[[-8130,8132,8133,8134]],"properties":{"anthrome":62}},{"type":"Polygon","arcs":[[8135,8136]],"properties":{"anthrome":54}},{"type":"Polygon","arcs":[[8137,8138,8139,8140,8141,8142,8143,8144]],"properties":{"anthrome":54}},{"type":"Polygon","arcs":[[-8134,8145]],"properties":{"anthrome":61}},{"type":"Polygon","arcs":[[8146,8147,-8086,8148,-7997]],"properties":{"anthrome":54}},{"type":"Polygon","arcs":[[8149,-8093,8150,-8073,8151,-7984,8152,8153,8154,-8122,8155,8156,8157,8158,-8075],[-8106]],"properties":{"anthrome":12}},{"type":"Polygon","arcs":[[8159]],"properties":{"anthrome":62}},{"type":"Polygon","arcs":[[8160]],"properties":{"anthrome":52}},{"type":"Polygon","arcs":[[8161]],"properties":{"anthrome":52}},{"type":"Polygon","arcs":[[8162,8163]],"properties":{"anthrome":54}},{"type":"Polygon","arcs":[[8164,8165]],"properties":{"anthrome":62}},{"type":"Polygon","arcs":[[8166,8167]],"properties":{"anthrome":33}},{"type":"Polygon","arcs":[[8168,8169]],"properties":{"anthrome":32}},{"type":"Polygon","arcs":[[8170,8171]],"properties":{"anthrome":32}},{"type":"Polygon","arcs":[[-8155,8172,8173,8174]],"properties":{"anthrome":23}},{"type":"Polygon","arcs":[[8175]],"properties":{"anthrome":54}},{"type":"Polygon","arcs":[[8176,8177,8178]],"properties":{"anthrome":33}},{"type":"Polygon","arcs":[[8179]],"properties":{"anthrome":61}},{"type":"Polygon","arcs":[[8180,8181]],"properties":{"anthrome":52}},{"type":"Polygon","arcs":[[-7130,8182,-7233,8183,8184,-7402,8185,-7457,8186,8187,8188,-8120,-8164,8189,-7993,-7960,-7874,-7873,-7865,-7562],[-7364],[-7633],[-7701],[-7805],[-7889],[-8118]],"properties":{"anthrome":62}},{"type":"Polygon","arcs":[[8190]],"properties":{"anthrome":54}},{"type":"Polygon","arcs":[[8191,8192,8193,8194]],"properties":{"anthrome":53}},{"type":"Polygon","arcs":[[8195]],"properties":{"anthrome":61}},{"type":"Polygon","arcs":[[8196,8197]],"properties":{"anthrome":62}},{"type":"Polygon","arcs":[[8198,8199,8200]],"properties":{"anthrome":53}},{"type":"Polygon","arcs":[[8201,8202,8203]],"properties":{"anthrome":53}},{"type":"Polygon","arcs":[[8204]],"properties":{"anthrome":54}},{"type":"Polygon","arcs":[[8205]],"properties":{"anthrome":62}},{"type":"Polygon","arcs":[[8206,8207,8208,8209]],"properties":{"anthrome":42}},{"type":"Polygon","arcs":[[8210,8211,-8208]],"properties":{"anthrome":62}},{"type":"Polygon","arcs":[[8212]],"properties":{"anthrome":32}},{"type":"Polygon","arcs":[[8213,8214,8215]],"properties":{"anthrome":52}},{"type":"Polygon","arcs":[[8216,8217,8218,8219]],"properties":{"anthrome":32}},{"type":"Polygon","arcs":[[-8174,8220,8221,8222]],"properties":{"anthrome":32}},{"type":"Polygon","arcs":[[8223,8224,8225]],"properties":{"anthrome":33}},{"type":"Polygon","arcs":[[8226,-8225]],"properties":{"anthrome":32}},{"type":"Polygon","arcs":[[8227]],"properties":{"anthrome":54}},{"type":"Polygon","arcs":[[-8181,8228]],"properties":{"anthrome":51}},{"type":"Polygon","arcs":[[8229]],"properties":{"anthrome":54}},{"type":"Polygon","arcs":[[8230]],"properties":{"anthrome":54}},{"type":"Polygon","arcs":[[8231]],"properties":{"anthrome":54}},{"type":"Polygon","arcs":[[8232]],"properties":{"anthrome":32}},{"type":"Polygon","arcs":[[8233]],"properties":{"anthrome":52}},{"type":"Polygon","arcs":[[8234,8235]],"properties":{"anthrome":54}},{"type":"Polygon","arcs":[[8236]],"properties":{"anthrome":53}},{"type":"Polygon","arcs":[[8237,8238]],"properties":{"anthrome":54}},{"type":"Polygon","arcs":[[8239]],"properties":{"anthrome":54}},{"type":"Polygon","arcs":[[8240]],"properties":{"anthrome":62}},{"type":"Polygon","arcs":[[8241,8242,8243]],"properties":{"anthrome":54}},{"type":"Polygon","arcs":[[-8209,8244,8245]],"properties":{"anthrome":43}},{"type":"Polygon","arcs":[[8246,8247]],"properties":{"anthrome":32}},{"type":"Polygon","arcs":[[8248]],"properties":{"anthrome":62}},{"type":"Polygon","arcs":[[-8219,8249,8250,8251]],"properties":{"anthrome":52}},{"type":"Polygon","arcs":[[8252]],"properties":{"anthrome":32}},{"type":"Polygon","arcs":[[8253,8254,8255,8256]],"properties":{"anthrome":32}},{"type":"Polygon","arcs":[[8257,8258,8259,8260,8261,8262]],"properties":{"anthrome":52}},{"type":"Polygon","arcs":[[-8194,8263]],"properties":{"anthrome":61}},{"type":"Polygon","arcs":[[8264]],"properties":{"anthrome":32}},{"type":"Polygon","arcs":[[8265,8266,8267,-8261]],"properties":{"anthrome":53}},{"type":"Polygon","arcs":[[8268]],"properties":{"anthrome":61}},{"type":"Polygon","arcs":[[8269,8270,8271]],"properties":{"anthrome":61}},{"type":"Polygon","arcs":[[8272]],"properties":{"anthrome":62}},{"type":"Polygon","arcs":[[8273]],"properties":{"anthrome":54}},{"type":"Polygon","arcs":[[8274,8275]],"properties":{"anthrome":32}},{"type":"Polygon","arcs":[[8276,8277,8278,8279]],"properties":{"anthrome":54}},{"type":"Polygon","arcs":[[8280]],"properties":{"anthrome":12}},{"type":"Polygon","arcs":[[8281,8282]],"properties":{"anthrome":33}},{"type":"Polygon","arcs":[[-7703,8283,8284,8285,-8189],[-7856]],"properties":{"anthrome":54}},{"type":"Polygon","arcs":[[8286]],"properties":{"anthrome":53}},{"type":"Polygon","arcs":[[8287,8288,8289,8290]],"properties":{"anthrome":54}},{"type":"Polygon","arcs":[[-8268,8291,8292]],"properties":{"anthrome":52}},{"type":"Polygon","arcs":[[8293]],"properties":{"anthrome":43}},{"type":"Polygon","arcs":[[8294,8295]],"properties":{"anthrome":32}},{"type":"Polygon","arcs":[[-8251,8296,8297,8298,8299,8300]],"properties":{"anthrome":32}},{"type":"Polygon","arcs":[[8301,8302]],"properties":{"anthrome":52}},{"type":"Polygon","arcs":[[8303]],"properties":{"anthrome":54}},{"type":"Polygon","arcs":[[8304,8305,8306]],"properties":{"anthrome":61}},{"type":"Polygon","arcs":[[8307,8308,8309,-7946,-7895,8310,-7861,8311,8312,-7982,8313,-8071,8314,8315]],"properties":{"anthrome":53}},{"type":"Polygon","arcs":[[8316,8317]],"properties":{"anthrome":53}},{"type":"Polygon","arcs":[[8318,8319]],"properties":{"anthrome":54}},{"type":"Polygon","arcs":[[8320,-8299,8321,8322,8323,8324]],"properties":{"anthrome":54}},{"type":"Polygon","arcs":[[8325,8326,8327,8328]],"properties":{"anthrome":12}},{"type":"Polygon","arcs":[[8329,8330,8331,-8327]],"properties":{"anthrome":23}},{"type":"Polygon","arcs":[[-6474,-6306,-6515,-6612,-6684,8332,8333,8334,-7524,8335,8336,8337,8338,-7963,8339,8340,-8197,8341,-7986,8342,-7848,8343,-7724,8344,-7537,8345,8346,-7235,8347,-7167,8348,-7022,-6930,8349,-6680,-6620,8350,8351,-6274,8352],[-7283],[-7444],[-7569],[-8287]],"properties":{"anthrome":54}},{"type":"Polygon","arcs":[[8353,8354]],"properties":{"anthrome":33}},{"type":"Polygon","arcs":[[8355,8356]],"properties":{"anthrome":52}},{"type":"Polygon","arcs":[[8357,8358]],"properties":{"anthrome":54}},{"type":"Polygon","arcs":[[8359,8360]],"properties":{"anthrome":61}},{"type":"Polygon","arcs":[[8361,8362,8363]],"properties":{"anthrome":54}},{"type":"Polygon","arcs":[[8364]],"properties":{"anthrome":53}},{"type":"Polygon","arcs":[[8365]],"properties":{"anthrome":53}},{"type":"Polygon","arcs":[[8366,8367]],"properties":{"anthrome":51}},{"type":"Polygon","arcs":[[-8271,8368]],"properties":{"anthrome":53}},{"type":"Polygon","arcs":[[8369,8370,8371,8372]],"properties":{"anthrome":32}},{"type":"Polygon","arcs":[[8373]],"properties":{"anthrome":53}},{"type":"Polygon","arcs":[[8374]],"properties":{"anthrome":54}},{"type":"Polygon","arcs":[[8375,8376]],"properties":{"anthrome":54}},{"type":"Polygon","arcs":[[8377,8378]],"properties":{"anthrome":54}},{"type":"Polygon","arcs":[[8379,8380,8381]],"properties":{"anthrome":54}},{"type":"Polygon","arcs":[[8382,8383]],"properties":{"anthrome":61}},{"type":"Polygon","arcs":[[8384,8385]],"properties":{"anthrome":54}},{"type":"Polygon","arcs":[[8386,8387]],"properties":{"anthrome":62}},{"type":"Polygon","arcs":[[8388,8389,8390]],"properties":{"anthrome":52}},{"type":"Polygon","arcs":[[8391]],"properties":{"anthrome":54}},{"type":"Polygon","arcs":[[8392,8393,8394,8395]],"properties":{"anthrome":32}},{"type":"Polygon","arcs":[[8396,8397,8398,-8394]],"properties":{"anthrome":54}},{"type":"Polygon","arcs":[[8399]],"properties":{"anthrome":12}},{"type":"Polygon","arcs":[[8400]],"properties":{"anthrome":12}},{"type":"Polygon","arcs":[[-8116,-8172,8401,8402,8403,-8373,-8276,-8296,8404,8405,8406,8407,-8215,-8169]],"properties":{"anthrome":51}},{"type":"Polygon","arcs":[[-8318,8408,8409,8410,-8367,8411]],"properties":{"anthrome":52}},{"type":"Polygon","arcs":[[8412]],"properties":{"anthrome":54}},{"type":"Polygon","arcs":[[8413,8414]],"properties":{"anthrome":61}},{"type":"Polygon","arcs":[[8415,8416,8417]],"properties":{"anthrome":52}},{"type":"Polygon","arcs":[[8418]],"properties":{"anthrome":54}},{"type":"Polygon","arcs":[[-8406,8419]],"properties":{"anthrome":54}},{"type":"Polygon","arcs":[[8420,-8291,8421,8422,8423,8424,8425,-8363,8426,8427,8428,-8278]],"properties":{"anthrome":52}},{"type":"Polygon","arcs":[[8429,8430]],"properties":{"anthrome":52}},{"type":"Polygon","arcs":[[8431,-8410]],"properties":{"anthrome":54}},{"type":"Polygon","arcs":[[-8415,8432]],"properties":{"anthrome":53}},{"type":"Polygon","arcs":[[8433,8434,8435,8436]],"properties":{"anthrome":51}},{"type":"Polygon","arcs":[[8437,8438,8439]],"properties":{"anthrome":32}},{"type":"Polygon","arcs":[[8440,8441]],"properties":{"anthrome":61}},{"type":"Polygon","arcs":[[8442]],"properties":{"anthrome":61}},{"type":"Polygon","arcs":[[8443]],"properties":{"anthrome":61}},{"type":"Polygon","arcs":[[8444,8445]],"properties":{"anthrome":54}},{"type":"Polygon","arcs":[[8446,8447]],"properties":{"anthrome":61}},{"type":"Polygon","arcs":[[8448,8449,8450,-8447]],"properties":{"anthrome":54}},{"type":"Polygon","arcs":[[8451]],"properties":{"anthrome":61}},{"type":"Polygon","arcs":[[8452]],"properties":{"anthrome":54}},{"type":"Polygon","arcs":[[8453]],"properties":{"anthrome":54}},{"type":"Polygon","arcs":[[8454,8455,8456,8457]],"properties":{"anthrome":54}},{"type":"Polygon","arcs":[[-8399,8458,8459,-8456]],"properties":{"anthrome":52}},{"type":"Polygon","arcs":[[8460,8461,8462,-8459]],"properties":{"anthrome":54}},{"type":"Polygon","arcs":[[8463]],"properties":{"anthrome":61}},{"type":"Polygon","arcs":[[8464,8465,8466,8467]],"properties":{"anthrome":52}},{"type":"Polygon","arcs":[[8468]],"properties":{"anthrome":54}},{"type":"Polygon","arcs":[[8469,-8089,8470,-8207,8471,-8245,-8212,-8248,8472,8473,8474],[-8294]],"properties":{"anthrome":54}},{"type":"Polygon","arcs":[[-3808,8475,-2655,8476,-2700,8477,-2702,-2709,-4123,-4122,-4121,8478,8479,-4575,8480,-4590,8481,-4571,8482,-4117,-4468,8483,-4113,8484,8485,-4471,8486,-4180,-5760,8487,-5315,-7006,-7005,8488,-6729,8489,-7002,-7001,8490,-6914,8491,-6998,-6997,8492,-6964,8493,-6994,-6993,-5826,8494,-5711,8495,-5746,8496,-4807,8497,-5743,8498,8499,-5740,8500,-4056,8501,-5737,8502,-3705,8503,8504,-3409,8505,8506,8507,8508,8509,-3369,8510,-3557,8511,-3461,8512,-3532,8513,-3663,8514,-3554,8515,-5632,-5631,8516,-4061,8517,-5628,8518,8519,-5625,8520,8521,-5622,8522,-4490,8523,8524,-4681,8525,8526,8527,-7136,-7154,8528,-5716,8529,-7151,8530,8531,-5988,-5895,8532,8533,8534,-5893,8535,8536,8537,8538,8539,8540,8541,-7371,8542,8543,8544,8545,8546,-7781,8547,8548,8549,8550,-8316,8551,-8069,8552,-7822,8553,8554,8555,8556,-7758,8557,8558,8559,8560,8561,8562,8563,-8170,-8214,8564,-8407,8565,8566,8567,8568,-8167,8569,-8166,8570,-7971,8571,-8003,8572,-7999,8573,-7806,8574,-7705,8575,8576,8577,-7702,-8188,8578,-7474,8579,-7459,-7404,8580,-8184,-7253,-7158,8581,-7134,-7388,8582,-6852,-6833,8583,8584,-6804,8585,-6800,-6890,8586,-6589,8587,8588,-6798,8589,-6714,8590,8591,-6542,8592,-6237,8593,-6331,8594,8595,-6328,8596,8597,-5681,8598,8599,-6031,8600,-6193,8601,-6587,8602,-6450,-6292,8603,-6152,8604,-6155,8605,-6112,8606,-6159,8607,-6161,8608,-6110,8609,-6074,8610,-5939,8611,-6071,8612,-6039,8613,-6068,-5878,8614,8615,-5941,-5724,8616,-5455,8617,-5810,-5993,8618,8619,-6117,8620,8621,-6512,8622,-6674,8623,8624,8625,-6990,8626,-7749,-6950,-6903,-6817,8627,-6537,-6536,8628,-6185,-6184,8629,-5778,-5521,8630,-5125,8631,-4996,8632,-5024,8633,-4721,8634,-5032,-4839,8635,-5084,8636,-6541,-6540,8637,-5698,8638,8639,-5457,-5350,8640,-5142,-4993,-4801,8641,-4752,8642,-4837,-4992,-5082,8643,-5728,8644,-6063,8645,-5377,8646,-5262,8647,-4834,8648,-5079,-5180,8649,-6326,-6325,-6324,8650,-4456,8651,8652,8653,-3701,-3700,8654,-3642,8655,-3836,8656,-3419,8657,8658,-3054,8659,-3831,-3830,8660,-3082,-3004,8661,8662,8663,-3188,8664,-3034,8665,-3823,8666,-2949,-3038,8667,-2954,8668,-3819,8669,8670,8671,-2888,8672,-2987,8673,8674,-3814,8675,-2782,8676,-3811,8677,-3547,8678,-3124,8679,-3747,8680,-3543,-3542,-3541,8681],[-2959],[-2960],[-3121],[-3039],[-3085],[-3143],[-3144],[-3388,-3595,8682,8683,-3599,8684,-3758,8685,-4774,8686,-5122,8687,-5089,8688,-5464,8689,8690,-4789,8691,-5136,-5188,8692,-5270,8693,-5355,8694,-5463,8695,-5467,8696,-5277,-5204,8697,-5115,8698,-4791,8699,-4768,8700,-3932,-3931,-3761,8701,-3647,8702,-4765,8703,-3756,-3516,-3394,-3596,-3391,-3282],[-3223],[-3224,-3225],[-3226],[-3508],[-3300],[8704,-3692,8705,-3755,-3754,8706,-3690,8707,-3512],[-3395],[-3509],[8708,-3880,-3879,8709,-3745],[-3643],[-3644],[-3926,8710,-3927,8711,-3923],[-3749],[8712,-4176,8713],[-3922],[-3991,-3992],[-4559,-4558,8714,-4638,8715,-4556,-4560],[8716,-4552,-4555],[-3930],[-4041,8717,-4043,8718],[-4045],[8719,8720,-4230,-4457,8721,8722,-4676,-4675,-4674,8723,-4168],[-4046],[-4465,8724,-4174],[-4236,8725,-4432,8726],[-4535],[-4536],[-4537],[-5212],[8727,-4845,8728,-4803],[-4989,8729],[-4838],[-4842],[-4865],[-5000],[-5001],[-5080],[-5083],[-5094],[-5095],[-5205],[-5206],[-5207],[-5208],[-5263],[-5266],[-5536],[-5400],[-5403,8730,-5357,8731],[-5472],[-5473],[-5575],[8732,8733,-5822,8734,-5700],[-5871],[8735,-5982,8736,-5884],[-5887],[-5984],[-6041],[-6042],[8737,8738,-6256],[-6162],[-6165],[-6242],[8739,-6447,8740,-6283],[-6452],[-6453],[-6454],[-6455],[-6456],[-6460],[-6513],[-6461],[-6533],[-6550],[-6592],[-6593],[8741,8742,-6907,-7102,8743,8744,-7303,8745,8746,-7427,-7462,8747,-7406,8748,-7424,8749,8750,-7465,8751,8752,-7422,-7184,-7433],[-6594],[-6719,-6720],[-6725],[-6726],[-6805],[-6858,8753,-6895,8754,-6807,8755],[-6818],[-6897],[-6908],[-6992,-6913,8756],[-6957,-6956],[-7087,-7086,8757,8758,-7042,-7104,8759,-7043,-6959,8760],[-6962],[-7039],[8761,-7106,8762,-7045],[-7088],[-7135],[-7108],[-7185],[-7329],[-7187,-7186],[-7188],[-7270],[-7255],[-7256],[-7257],[-7258],[-7259],[-7302],[-7310],[-7336,8763,-7778,-7777,-7681,-7776,-7775,8764],[-7311],[-7312],[-7420],[-7421],[-7476],[-7463],[8765,-7535,8766,-7478],[-7488],[-7534],[-7491],[8767,-7577,8768,-7552],[-7565],[-7579],[-7685],[-7745],[-7796],[-7808,-7809],[-7810],[-7858,-7859],[-7892,-7893],[-7936,-7937],[-7962],[-7972,-7973],[-8091],[-8107],[-8124,-8125],[-8126],[-8213],[-8249]],"properties":{"anthrome":54}},{"type":"Polygon","arcs":[[8769]],"properties":{"anthrome":54}},{"type":"Polygon","arcs":[[8770]],"properties":{"anthrome":53}},{"type":"Polygon","arcs":[[8771,8772]],"properties":{"anthrome":33}},{"type":"Polygon","arcs":[[8773,8774]],"properties":{"anthrome":32}},{"type":"Polygon","arcs":[[8775]],"properties":{"anthrome":52}},{"type":"Polygon","arcs":[[8776,8777]],"properties":{"anthrome":52}},{"type":"Polygon","arcs":[[8778,8779,8780,8781,8782,-8431,8783,8784,8785,8786,8787,8788,-8141]],"properties":{"anthrome":51}},{"type":"Polygon","arcs":[[8789,8790,8791]],"properties":{"anthrome":61}},{"type":"Polygon","arcs":[[8792,8793,-8790]],"properties":{"anthrome":53}},{"type":"Polygon","arcs":[[8794,8795]],"properties":{"anthrome":61}},{"type":"Polygon","arcs":[[8796]],"properties":{"anthrome":54}},{"type":"Polygon","arcs":[[-8460,8797,8798,8799]],"properties":{"anthrome":51}},{"type":"Polygon","arcs":[[-8463,8800,8801,-8798]],"properties":{"anthrome":52}},{"type":"Polygon","arcs":[[8802,8803,8804,-8801,-8425]],"properties":{"anthrome":32}},{"type":"Polygon","arcs":[[8805,8806,8807]],"properties":{"anthrome":54}},{"type":"Polygon","arcs":[[8808,-8785]],"properties":{"anthrome":61}},{"type":"Polygon","arcs":[[8809]],"properties":{"anthrome":61}},{"type":"Polygon","arcs":[[8810]],"properties":{"anthrome":54}},{"type":"Polygon","arcs":[[8811]],"properties":{"anthrome":53}},{"type":"Polygon","arcs":[[8812,8813,8814,-8405]],"properties":{"anthrome":32}},{"type":"Polygon","arcs":[[-8791,8815]],"properties":{"anthrome":53}},{"type":"Polygon","arcs":[[8816,8817,8818,-8083,8819,8820,-8201,8821,8822,8823,-8437,8824,8825,8826,8827,8828,-8772,-8376,-8354,8829,-8235,8830,8831,-7957,8832,8833,-7791]],"properties":{"anthrome":52}},{"type":"Polygon","arcs":[[8834,8835]],"properties":{"anthrome":51}},{"type":"Polygon","arcs":[[8836,8837]],"properties":{"anthrome":62}},{"type":"Polygon","arcs":[[8838,8839,8840]],"properties":{"anthrome":51}},{"type":"Polygon","arcs":[[8841,8842,8843]],"properties":{"anthrome":54}},{"type":"Polygon","arcs":[[8844,8845,-8795]],"properties":{"anthrome":53}},{"type":"Polygon","arcs":[[8846]],"properties":{"anthrome":62}},{"type":"Polygon","arcs":[[8847,8848,8849]],"properties":{"anthrome":54}},{"type":"Polygon","arcs":[[8850]],"properties":{"anthrome":54}},{"type":"Polygon","arcs":[[8851,-8420,8852,8853,8854,8855,8856,-8568,8857,-8390]],"properties":{"anthrome":51}},{"type":"Polygon","arcs":[[8858,-8856]],"properties":{"anthrome":52}},{"type":"Polygon","arcs":[[8859,8860,-8854]],"properties":{"anthrome":61}},{"type":"Polygon","arcs":[[8861]],"properties":{"anthrome":32}},{"type":"Polygon","arcs":[[8862]],"properties":{"anthrome":52}},{"type":"Polygon","arcs":[[-8802,8863,8864,8865]],"properties":{"anthrome":51}},{"type":"Polygon","arcs":[[8866]],"properties":{"anthrome":32}},{"type":"Polygon","arcs":[[-8442,8867,8868,8869,8870,8871,8872,8873]],"properties":{"anthrome":52}},{"type":"Polygon","arcs":[[8874,8875,8876,8877,8878]],"properties":{"anthrome":53}},{"type":"Polygon","arcs":[[-8794,8879,8880]],"properties":{"anthrome":61}},{"type":"Polygon","arcs":[[8881]],"properties":{"anthrome":51}},{"type":"Polygon","arcs":[[8882,8883]],"properties":{"anthrome":54}},{"type":"Polygon","arcs":[[8884,8885,8886,8887,8888,-8864,-8805]],"properties":{"anthrome":52}},{"type":"Polygon","arcs":[[8889,8890,8891]],"properties":{"anthrome":53}},{"type":"Polygon","arcs":[[8892,8893,8894]],"properties":{"anthrome":54}},{"type":"Polygon","arcs":[[8895]],"properties":{"anthrome":61}},{"type":"Polygon","arcs":[[8896,8897,8898]],"properties":{"anthrome":32}},{"type":"Polygon","arcs":[[8899,8900]],"properties":{"anthrome":32}},{"type":"Polygon","arcs":[[8901,-8870,8902]],"properties":{"anthrome":54}},{"type":"Polygon","arcs":[[8903,8904]],"properties":{"anthrome":33}},{"type":"Polygon","arcs":[[8905,8906,-8837]],"properties":{"anthrome":54}},{"type":"Polygon","arcs":[[8907,8908,8909]],"properties":{"anthrome":51}},{"type":"Polygon","arcs":[[8910,8911,8912]],"properties":{"anthrome":63}},{"type":"Polygon","arcs":[[8913,8914]],"properties":{"anthrome":54}},{"type":"Polygon","arcs":[[8915]],"properties":{"anthrome":62}},{"type":"Polygon","arcs":[[8916]],"properties":{"anthrome":62}},{"type":"Polygon","arcs":[[8917]],"properties":{"anthrome":54}},{"type":"Polygon","arcs":[[-8859,8918]],"properties":{"anthrome":61}},{"type":"Polygon","arcs":[[8919,8920,8921,8922]],"properties":{"anthrome":52}},{"type":"Polygon","arcs":[[8923]],"properties":{"anthrome":54}},{"type":"Polygon","arcs":[[8924,8925]],"properties":{"anthrome":32}},{"type":"Polygon","arcs":[[8926,8927]],"properties":{"anthrome":61}},{"type":"Polygon","arcs":[[-8875,8928,8929]],"properties":{"anthrome":52}},{"type":"Polygon","arcs":[[8930,8931,8932,8933]],"properties":{"anthrome":32}},{"type":"Polygon","arcs":[[8934,-8891,8935,8936]],"properties":{"anthrome":52}},{"type":"Polygon","arcs":[[-8320,-8359,8937,-8361,8938,8939,8940,8941,8942,-8912,8943,-8842,8944,-8450,8945,-8380,8946,8947,-8379,-8446,8948]],"properties":{"anthrome":53}},{"type":"Polygon","arcs":[[8949]],"properties":{"anthrome":54}},{"type":"Polygon","arcs":[[8950]],"properties":{"anthrome":54}},{"type":"Polygon","arcs":[[8951]],"properties":{"anthrome":43}},{"type":"Polygon","arcs":[[8952,8953,8954,8955]],"properties":{"anthrome":54}},{"type":"Polygon","arcs":[[8956]],"properties":{"anthrome":52}},{"type":"Polygon","arcs":[[8957,8958,-8941]],"properties":{"anthrome":61}},{"type":"Polygon","arcs":[[8959,8960]],"properties":{"anthrome":52}},{"type":"Polygon","arcs":[[8961,8962]],"properties":{"anthrome":32}},{"type":"Polygon","arcs":[[8963,8964,8965]],"properties":{"anthrome":32}},{"type":"Polygon","arcs":[[-8922,8966,8967,8968]],"properties":{"anthrome":54}},{"type":"Polygon","arcs":[[-8531,-6503,8969,8970,8971,-7921,8972,-7282,8973,-7918,-7917,8974,-8028,-8110,8975,-8179,-8224,8976,-8283,-8305,8977,-8780,8978,-8139,8979,8980,8981,-7785,8982,-7949,8983,-8022,8984,-8143,8985,-8788,8986,-8895,8987,8988,8989,-8892,8990,-8879,8991,-8309,8992,-8550,-8549,8993,-7898,8994,-7763,8995,-8546,-8545,-8544,8996,-7369,8997,-8541,-8540,8998,-6244,8999,-8537,9000,-5891,9001,-8534,9002,-5990,9003],[-5987],[-6820],[-6967],[-7260],[-7278],[-7261],[9004,-7639,9005,9006,-7812,9007,9008,-7714,-7760,-7713,9009,-7722,-7721,9010,-7709,9011,9012,-7706,-7654,-7719],[-7782],[-7789],[-7813],[-7900],[-7985],[-8176],[-8365],[-8366],[-8469]],"properties":{"anthrome":52}},{"type":"Polygon","arcs":[[9013,9014,9015,9016]],"properties":{"anthrome":54}},{"type":"Polygon","arcs":[[9017,9018,9019,9020,9021]],"properties":{"anthrome":54}},{"type":"Polygon","arcs":[[9022,-8903,9023,9024,-8872]],"properties":{"anthrome":51}},{"type":"Polygon","arcs":[[9025,9026,9027,9028]],"properties":{"anthrome":54}},{"type":"Polygon","arcs":[[9029,9030]],"properties":{"anthrome":62}},{"type":"Polygon","arcs":[[9031,9032,-8890]],"properties":{"anthrome":52}},{"type":"Polygon","arcs":[[9033]],"properties":{"anthrome":61}},{"type":"Polygon","arcs":[[9034]],"properties":{"anthrome":61}},{"type":"Polygon","arcs":[[9035]],"properties":{"anthrome":52}},{"type":"Polygon","arcs":[[9036,9037,9038,9039]],"properties":{"anthrome":32}},{"type":"Polygon","arcs":[[9040,9041]],"properties":{"anthrome":33}},{"type":"Polygon","arcs":[[9042]],"properties":{"anthrome":61}},{"type":"Polygon","arcs":[[9043]],"properties":{"anthrome":61}},{"type":"Polygon","arcs":[[9044]],"properties":{"anthrome":54}},{"type":"Polygon","arcs":[[9045,9046,9047]],"properties":{"anthrome":54}},{"type":"Polygon","arcs":[[9048,-9046]],"properties":{"anthrome":62}},{"type":"Polygon","arcs":[[9049]],"properties":{"anthrome":54}},{"type":"Polygon","arcs":[[9050,9051]],"properties":{"anthrome":32}},{"type":"Polygon","arcs":[[9052,9053,9054,-8936]],"properties":{"anthrome":54}},{"type":"Polygon","arcs":[[9055,9056]],"properties":{"anthrome":61}},{"type":"Polygon","arcs":[[9057,-8880],[-9034]],"properties":{"anthrome":53}},{"type":"Polygon","arcs":[[9058]],"properties":{"anthrome":54}},{"type":"Polygon","arcs":[[9059]],"properties":{"anthrome":54}},{"type":"Polygon","arcs":[[9060,9061]],"properties":{"anthrome":54}},{"type":"Polygon","arcs":[[9062,9063]],"properties":{"anthrome":62}},{"type":"Polygon","arcs":[[9064,9065,9066]],"properties":{"anthrome":32}},{"type":"Polygon","arcs":[[-8933,9067,9068]],"properties":{"anthrome":54}},{"type":"Polygon","arcs":[[9069,9070,9071,-9068]],"properties":{"anthrome":51}},{"type":"Polygon","arcs":[[9072,9073,9074,-9071]],"properties":{"anthrome":52}},{"type":"Polygon","arcs":[[9075,9076,9077,9078]],"properties":{"anthrome":52}},{"type":"Polygon","arcs":[[9079,9080,9081]],"properties":{"anthrome":54}},{"type":"Polygon","arcs":[[9082]],"properties":{"anthrome":54}},{"type":"Polygon","arcs":[[9083,9084]],"properties":{"anthrome":54}},{"type":"Polygon","arcs":[[-9047,9085,9086,-9084]],"properties":{"anthrome":62}},{"type":"Polygon","arcs":[[9087]],"properties":{"anthrome":43}},{"type":"Polygon","arcs":[[9088,9089]],"properties":{"anthrome":54}},{"type":"Polygon","arcs":[[-9021,9090,9091,9092]],"properties":{"anthrome":32}},{"type":"Polygon","arcs":[[9093]],"properties":{"anthrome":54}},{"type":"Polygon","arcs":[[9094,9095]],"properties":{"anthrome":32}},{"type":"Polygon","arcs":[[9096,9097]],"properties":{"anthrome":32}},{"type":"Polygon","arcs":[[9098,9099,9100]],"properties":{"anthrome":52}},{"type":"Polygon","arcs":[[9101,9102,9103,9104,9105,-9076,9106,9107,-8466]],"properties":{"anthrome":54}},{"type":"Polygon","arcs":[[9108,9109,9110,9111]],"properties":{"anthrome":52}},{"type":"Polygon","arcs":[[9112,9113,-9110]],"properties":{"anthrome":54}},{"type":"Polygon","arcs":[[9114]],"properties":{"anthrome":32}},{"type":"Polygon","arcs":[[9115]],"properties":{"anthrome":52}},{"type":"Polygon","arcs":[[9116,9117,9118,9119]],"properties":{"anthrome":52}},{"type":"Polygon","arcs":[[9120,9121,9122,-9118]],"properties":{"anthrome":32}},{"type":"Polygon","arcs":[[9123,9124,9125,-9122]],"properties":{"anthrome":51}},{"type":"Polygon","arcs":[[9126,9127,-9125]],"properties":{"anthrome":52}},{"type":"Polygon","arcs":[[9128,9129]],"properties":{"anthrome":61}},{"type":"Polygon","arcs":[[9130,9131,9132]],"properties":{"anthrome":52}},{"type":"Polygon","arcs":[[9133,9134]],"properties":{"anthrome":61}},{"type":"Polygon","arcs":[[9135]],"properties":{"anthrome":62}},{"type":"Polygon","arcs":[[9136]],"properties":{"anthrome":62}},{"type":"Polygon","arcs":[[9137,9138]],"properties":{"anthrome":54}},{"type":"Polygon","arcs":[[9139,9140,9141]],"properties":{"anthrome":62}},{"type":"Polygon","arcs":[[9142]],"properties":{"anthrome":32}},{"type":"Polygon","arcs":[[9143,9144,9145,9146]],"properties":{"anthrome":32}},{"type":"Polygon","arcs":[[9147]],"properties":{"anthrome":32}},{"type":"Polygon","arcs":[[9148,9149]],"properties":{"anthrome":54}},{"type":"Polygon","arcs":[[9150]],"properties":{"anthrome":54}},{"type":"Polygon","arcs":[[9151,9152]],"properties":{"anthrome":54}},{"type":"Polygon","arcs":[[9153,9154,9155,9156]],"properties":{"anthrome":54}},{"type":"Polygon","arcs":[[9157,9158]],"properties":{"anthrome":61}},{"type":"Polygon","arcs":[[9159,9160]],"properties":{"anthrome":61}},{"type":"Polygon","arcs":[[9161,9162,9163]],"properties":{"anthrome":54}},{"type":"Polygon","arcs":[[9164,-9112,9165,9166,-9154,9167]],"properties":{"anthrome":51}},{"type":"Polygon","arcs":[[9168,9169,9170,9171,9172,9173]],"properties":{"anthrome":52}},{"type":"Polygon","arcs":[[9174,9175,-8898,9176,9177,9178,9179,9180,-9040,9181,9182,9183,-9171,9184,-9081,9185,-9174,9186,9187,-8828],[-8957],[-9036]],"properties":{"anthrome":51}},{"type":"Polygon","arcs":[[9188]],"properties":{"anthrome":53}},{"type":"Polygon","arcs":[[9189,9190,9191,9192]],"properties":{"anthrome":54}},{"type":"Polygon","arcs":[[9193]],"properties":{"anthrome":51}},{"type":"Polygon","arcs":[[-9119,9194,9195]],"properties":{"anthrome":51}},{"type":"Polygon","arcs":[[-9126,9196,9197]],"properties":{"anthrome":52}},{"type":"Polygon","arcs":[[-9128,9198,-9197]],"properties":{"anthrome":32}},{"type":"Polygon","arcs":[[9199]],"properties":{"anthrome":61}},{"type":"Polygon","arcs":[[9200,9201,9202,9203]],"properties":{"anthrome":52}},{"type":"Polygon","arcs":[[9204,-9202,-9100]],"properties":{"anthrome":53}},{"type":"Polygon","arcs":[[9205]],"properties":{"anthrome":54}},{"type":"Polygon","arcs":[[9206]],"properties":{"anthrome":54}},{"type":"Polygon","arcs":[[9207]],"properties":{"anthrome":62}},{"type":"Polygon","arcs":[[9208,9209,9210]],"properties":{"anthrome":54}},{"type":"Polygon","arcs":[[9211,9212]],"properties":{"anthrome":32}},{"type":"Polygon","arcs":[[-9156,9213,9214]],"properties":{"anthrome":62}},{"type":"Polygon","arcs":[[9215,9216,9217,-9158]],"properties":{"anthrome":52}},{"type":"Polygon","arcs":[[-8965,-9067,9218,9219,9220,9221,9222,-9212,-9145,9223,9224,9225]],"properties":{"anthrome":54}},{"type":"Polygon","arcs":[[9226,9227,9228]],"properties":{"anthrome":53}},{"type":"Polygon","arcs":[[9229,9230,9231,9232]],"properties":{"anthrome":61}},{"type":"Polygon","arcs":[[9233,-8961,9234,-9101,-9201,9235,9236,-9133,9237,9238,9239,-9162,-8958],[-9083]],"properties":{"anthrome":53}},{"type":"Polygon","arcs":[[9240,9241,9242,9243,-9134]],"properties":{"anthrome":53}},{"type":"Polygon","arcs":[[9244,9245,9246,-9104]],"properties":{"anthrome":52}},{"type":"Polygon","arcs":[[9247,9248]],"properties":{"anthrome":32}},{"type":"Polygon","arcs":[[9249]],"properties":{"anthrome":52}},{"type":"Polygon","arcs":[[-9227,9250]],"properties":{"anthrome":54}},{"type":"Polygon","arcs":[[9251,-9239]],"properties":{"anthrome":61}},{"type":"Polygon","arcs":[[-9243,9252]],"properties":{"anthrome":54}},{"type":"Polygon","arcs":[[9253]],"properties":{"anthrome":53}},{"type":"Polygon","arcs":[[9254,9255]],"properties":{"anthrome":53}},{"type":"Polygon","arcs":[[9256]],"properties":{"anthrome":62}},{"type":"Polygon","arcs":[[9257,9258]],"properties":{"anthrome":62}},{"type":"Polygon","arcs":[[9259,9260,9261]],"properties":{"anthrome":54}},{"type":"Polygon","arcs":[[-9210,9262,-9260]],"properties":{"anthrome":62}},{"type":"Polygon","arcs":[[-9223,9263]],"properties":{"anthrome":32}},{"type":"Polygon","arcs":[[9264,9265,9266,9267]],"properties":{"anthrome":54}},{"type":"Polygon","arcs":[[9268,9269]],"properties":{"anthrome":53}},{"type":"Polygon","arcs":[[9270]],"properties":{"anthrome":53}},{"type":"Polygon","arcs":[[9271]],"properties":{"anthrome":62}},{"type":"Polygon","arcs":[[9272,9273]],"properties":{"anthrome":62}},{"type":"Polygon","arcs":[[9274]],"properties":{"anthrome":62}},{"type":"Polygon","arcs":[[-9222,9275,9276,9277]],"properties":{"anthrome":32}},{"type":"Polygon","arcs":[[9278,9279]],"properties":{"anthrome":61}},{"type":"Polygon","arcs":[[-8799,-8866,9280,-8888,9281,9282,9283,-9096,9284,9285,9286,9287,9288,-9074,9289,9290]],"properties":{"anthrome":54}},{"type":"Polygon","arcs":[[9291,9292]],"properties":{"anthrome":61}},{"type":"Polygon","arcs":[[9293,9294]],"properties":{"anthrome":62}},{"type":"Polygon","arcs":[[9295,9296,9297]],"properties":{"anthrome":42}},{"type":"Polygon","arcs":[[9298,9299]],"properties":{"anthrome":33}},{"type":"Polygon","arcs":[[9300,9301,9302]],"properties":{"anthrome":51}},{"type":"Polygon","arcs":[[9303]],"properties":{"anthrome":54}},{"type":"Polygon","arcs":[[9304]],"properties":{"anthrome":62}},{"type":"Polygon","arcs":[[9305,9306]],"properties":{"anthrome":43}},{"type":"Polygon","arcs":[[9307]],"properties":{"anthrome":54}},{"type":"Polygon","arcs":[[9308,9309,9310,9311]],"properties":{"anthrome":32}},{"type":"Polygon","arcs":[[-8190,9312,9313,9314,9315,9316,-9298,9317,9318,9319,9320,9321,-8962,9322,-8774,9323,9324],[-8241],[-8917]],"properties":{"anthrome":54}},{"type":"Polygon","arcs":[[9325,9326,-3062,9327,-3278,9328,-3687,9329,-3713,9330,-8065,9331,-8062,9332,9333,-8059,9334,9335,-5593,9336,-8054,9337,-7883,-7959,-7989,9338,-8357,9339,-8874,9340,-8836,9341,-9024,9342,9343,-9041,9344,-9117,9345,-9195,-9123,-9198,9346,9347,9348,9349,9350,9351,9352,9353,9354,9355,-9183,9356,-9038,9357,-9180,9358,-8901,9359,-9178,9360,9361,9362,-8826,9363,-8435,9364,-8823,9365,9366,9367,9368,-8818,9369,-7793,9370,9371,-7955,9372,-8831,9373,9374,9375,9376,-7726,9377,-7522,9378,-7026,9379,9380,-7240,9381,-7381,-7380,-7343,9382,-7754,-7753,9383,-7750,-7068,-6929,-6660,-6735,9384,-5955,9385,-7516,-5237,-5236,9386,-5230,-5233,9387,-7514,-5417,9388,-5653,-5652,9389,9390,9391,-4784,9392,-4696,9393,9394,-4859,9395,-5660,9396,-5056,9397,-5284,9398,-4815,9399,-4606,9400,-3952],[-3131],[-3711],[-4008],[-4207],[-4208],[-4436],[-4437],[-4787,-4786],[-4438],[-4582],[-4734],[-4735],[-4860],[-5061],[-5137],[-5062],[-5235],[-5303],[-5722],[-6431],[-6525],[-6628],[-6983],[-7446,-7445],[-7447],[-7479],[-7672],[-7768],[-7797],[-8161],[9401,-8262,-8293,9402,9403,-8259,9404,-8202],[9405,-8438,9406,-8418],[-9116],[-9194],[-9250]],"properties":{"anthrome":54}},{"type":"Polygon","arcs":[[-9146,-9213,-9264,-9278,9407,9408,9409,-9309,9410,9411,9412,9413]],"properties":{"anthrome":54}},{"type":"Polygon","arcs":[[9414]],"properties":{"anthrome":51}},{"type":"Polygon","arcs":[[9415]],"properties":{"anthrome":62}},{"type":"Polygon","arcs":[[-9412,9416,9417,9418,9419],[-9308]],"properties":{"anthrome":51}},{"type":"Polygon","arcs":[[-9320,9420]],"properties":{"anthrome":62}},{"type":"Polygon","arcs":[[9421,9422]],"properties":{"anthrome":33}},{"type":"Polygon","arcs":[[9423,9424,9425,9426,-9302]],"properties":{"anthrome":52}},{"type":"Polygon","arcs":[[9427]],"properties":{"anthrome":54}},{"type":"Polygon","arcs":[[9428,9429,9430]],"properties":{"anthrome":42}},{"type":"Polygon","arcs":[[9431]],"properties":{"anthrome":62}},{"type":"Polygon","arcs":[[9432,9433,9434]],"properties":{"anthrome":54}},{"type":"Polygon","arcs":[[-9311,9435,9436]],"properties":{"anthrome":51}},{"type":"Polygon","arcs":[[9437,9438]],"properties":{"anthrome":32}},{"type":"Polygon","arcs":[[9439,9440]],"properties":{"anthrome":51}},{"type":"Polygon","arcs":[[9441,9442]],"properties":{"anthrome":61}},{"type":"Polygon","arcs":[[9443,9444,9445,-9422,9446,-9299,9447,-9248,-9355]],"properties":{"anthrome":52}},{"type":"Polygon","arcs":[[-9255,9448,9449,9450]],"properties":{"anthrome":51}},{"type":"Polygon","arcs":[[9451,9452,9453,9454]],"properties":{"anthrome":43}},{"type":"Polygon","arcs":[[9455,9456,9457,-9445]],"properties":{"anthrome":51}},{"type":"Polygon","arcs":[[9458,9459,9460]],"properties":{"anthrome":42}},{"type":"Polygon","arcs":[[-9352,9461,9462,9463]],"properties":{"anthrome":52}},{"type":"Polygon","arcs":[[-9348,9464,9465,-9462,-9426,9466]],"properties":{"anthrome":51}},{"type":"Polygon","arcs":[[9467,9468,9469]],"properties":{"anthrome":61}},{"type":"Polygon","arcs":[[9470,9471,9472]],"properties":{"anthrome":33}},{"type":"Polygon","arcs":[[9473,9474]],"properties":{"anthrome":34}},{"type":"Polygon","arcs":[[9475,-9450]],"properties":{"anthrome":61}},{"type":"Polygon","arcs":[[9476]],"properties":{"anthrome":43}},{"type":"Polygon","arcs":[[9477]],"properties":{"anthrome":52}},{"type":"Polygon","arcs":[[9478,9479]],"properties":{"anthrome":53}},{"type":"Polygon","arcs":[[-8577,-8137,-8148,9480,-8244,-8243,9481,-8474,9482,9483,-8884,-9090,9484,-9211,-9262,9485,9486,9487,9488,-9435,9489,9490,9491,9492,-9452,-9315,-9314,-9313,-8163,-8119,-8286,-8285,-8284,-8578],[-7857],[-7891,-7890],[-8274],[-8419],[-8918],[-8951]],"properties":{"anthrome":62}},{"type":"Polygon","arcs":[[9493,-9062,9494,-9292,9495,9496,9497,9498,-9232,9499,9500,9501,-8908,-8840,9502,9503]],"properties":{"anthrome":53}},{"type":"Polygon","arcs":[[9504,9505,9506]],"properties":{"anthrome":53}},{"type":"Polygon","arcs":[[9507,-9490]],"properties":{"anthrome":54}},{"type":"Polygon","arcs":[[-9418,-9437,9508,9509,-9419]],"properties":{"anthrome":54}},{"type":"Polygon","arcs":[[9510]],"properties":{"anthrome":32}},{"type":"Polygon","arcs":[[9511,9512,9513]],"properties":{"anthrome":61}},{"type":"Polygon","arcs":[[9514,9515,9516]],"properties":{"anthrome":42}},{"type":"Polygon","arcs":[[9517,9518,9519,9520]],"properties":{"anthrome":41}},{"type":"Polygon","arcs":[[9521,9522]],"properties":{"anthrome":61}},{"type":"Polygon","arcs":[[9523]],"properties":{"anthrome":61}},{"type":"Polygon","arcs":[[9524,9525,9526]],"properties":{"anthrome":61}},{"type":"Polygon","arcs":[[9527,9528,9529,-9027,9530,9531,9532,9533,9534,9535,9536,9537,9538,-9515,-9459,9539,9540,9541,9542,-9016]],"properties":{"anthrome":43}},{"type":"Polygon","arcs":[[9543,-9307,9544,9545,9546,9547,9548,-9487]],"properties":{"anthrome":54}},{"type":"Polygon","arcs":[[-9269,-9280,9549,-9479,9550,9551,9552]],"properties":{"anthrome":52}},{"type":"Polygon","arcs":[[9553,-7325,9554,-7438,9555,-7660,-7659,9556,-7621,9557,-7627,9558,-7549,9559,-7866,-7795,-7854,-7928,9560,-7991,-8102,9561,9562,9563,9564,9565,9566,9567,-9048,-9085,9568,9569,9570,-9532,9571,-9029,9572,9573,-8850,9574,-9014,9575,-8385,9576,-8238,9577,-7933,9578,9579,-7871,9580,9581,-7925,9582,-7833,9583,-7742,9584,-7665,9585,-7542,-7532,-7598,-7597],[-7356],[-7443],[-7484],[-7901],[-7869],[-7773],[-7803,-7804],[-8191],[-7968],[-8084],[-7990],[-8097],[-8098],[-8099],[-8100],[-8230],[-8231],[-8232],[-8205],[-8240],[-8413],[-8770],[-8811],[-8453],[-8454],[-8797],[-8851],[-8950],[-8914,-8915],[-9059],[-9045],[-9138,-9139],[-9207]],"properties":{"anthrome":62}},{"type":"Polygon","arcs":[[9586,-9546]],"properties":{"anthrome":43}},{"type":"Polygon","arcs":[[9587]],"properties":{"anthrome":43}},{"type":"Polygon","arcs":[[9588,9589,9590]],"properties":{"anthrome":61}},{"type":"Polygon","arcs":[[9591,9592,9593]],"properties":{"anthrome":54}},{"type":"Polygon","arcs":[[9594,9595]],"properties":{"anthrome":52}},{"type":"Polygon","arcs":[[9596]],"properties":{"anthrome":32}},{"type":"Polygon","arcs":[[9597,9598,9599]],"properties":{"anthrome":32}},{"type":"Polygon","arcs":[[9600,9601]],"properties":{"anthrome":53}},{"type":"Polygon","arcs":[[9602]],"properties":{"anthrome":62}},{"type":"Polygon","arcs":[[9603]],"properties":{"anthrome":32}},{"type":"Polygon","arcs":[[9604]],"properties":{"anthrome":51}},{"type":"Polygon","arcs":[[9605]],"properties":{"anthrome":33}},{"type":"Polygon","arcs":[[9606,9607,9608]],"properties":{"anthrome":43}},{"type":"Polygon","arcs":[[9609]],"properties":{"anthrome":32}},{"type":"Polygon","arcs":[[9610,9611,9612]],"properties":{"anthrome":32}},{"type":"Polygon","arcs":[[9613,9614,9615,9616]],"properties":{"anthrome":32}},{"type":"Polygon","arcs":[[-9599,9617,9618,-9615]],"properties":{"anthrome":31}},{"type":"Polygon","arcs":[[9619,9620,9621,9622]],"properties":{"anthrome":54}},{"type":"Polygon","arcs":[[-9526,9623,9624,9625,9626,9627]],"properties":{"anthrome":54}},{"type":"Polygon","arcs":[[9628]],"properties":{"anthrome":61}},{"type":"Polygon","arcs":[[9629]],"properties":{"anthrome":43}},{"type":"Polygon","arcs":[[-8935,9630,9631,9632,9633,-9622,9634,9635,9636,-8955,9637,-8929,-8991]],"properties":{"anthrome":53}},{"type":"Polygon","arcs":[[9638]],"properties":{"anthrome":52}},{"type":"Polygon","arcs":[[9639]],"properties":{"anthrome":54}},{"type":"Polygon","arcs":[[-9590,9640]],"properties":{"anthrome":62}},{"type":"Polygon","arcs":[[9641,9642,9643,9644,-9536,9645]],"properties":{"anthrome":42}},{"type":"Polygon","arcs":[[9646,9647]],"properties":{"anthrome":33}},{"type":"Polygon","arcs":[[9648]],"properties":{"anthrome":42}},{"type":"Polygon","arcs":[[9649]],"properties":{"anthrome":34}},{"type":"Polygon","arcs":[[9650]],"properties":{"anthrome":43}},{"type":"Polygon","arcs":[[9651,9652]],"properties":{"anthrome":43}},{"type":"Polygon","arcs":[[9653,9654]],"properties":{"anthrome":51}},{"type":"Polygon","arcs":[[9655,9656,9657,9658]],"properties":{"anthrome":43}},{"type":"Polygon","arcs":[[9659,9660]],"properties":{"anthrome":61}},{"type":"Polygon","arcs":[[9661,9662,9663,9664]],"properties":{"anthrome":42}},{"type":"Polygon","arcs":[[9665]],"properties":{"anthrome":42}},{"type":"Polygon","arcs":[[9666]],"properties":{"anthrome":42}},{"type":"Polygon","arcs":[[9667,9668,9669]],"properties":{"anthrome":12}},{"type":"Polygon","arcs":[[9670,9671,9672,-9669]],"properties":{"anthrome":23}},{"type":"Polygon","arcs":[[9673,9674,9675,9676]],"properties":{"anthrome":51}},{"type":"Polygon","arcs":[[9677,9678,-9675]],"properties":{"anthrome":53}},{"type":"Polygon","arcs":[[-9504,9679,-8841,-8910,9680,-9501,9681,-9230,9682,-9498,9683,-9471,9684,9685,9686,9687,9688,9689,-9660,-9647,9690,-9468,9691,-9199,9692,-9130,9693,-8906,9694],[-8882],[-9428],[-9605],[-9640]],"properties":{"anthrome":52}},{"type":"Polygon","arcs":[[9695,-9670,9696,9697,9698]],"properties":{"anthrome":62}},{"type":"Polygon","arcs":[[9699,9700,9701,9702,-9519,9703,9704]],"properties":{"anthrome":42}},{"type":"Polygon","arcs":[[9705,-9689]],"properties":{"anthrome":54}},{"type":"Polygon","arcs":[[9706]],"properties":{"anthrome":53}},{"type":"Polygon","arcs":[[9707,9708,9709]],"properties":{"anthrome":33}},{"type":"Polygon","arcs":[[-9673,9710,9711,-9697]],"properties":{"anthrome":34}},{"type":"Polygon","arcs":[[9712,9713]],"properties":{"anthrome":41}},{"type":"Polygon","arcs":[[-9676,9714,9715,9716]],"properties":{"anthrome":62}},{"type":"Polygon","arcs":[[9717,9718,9719]],"properties":{"anthrome":61}},{"type":"Polygon","arcs":[[-9454,9720,-9492,9721,-9609,9722,-9593,-9508,-9434,9723,9724,-9548,9725,-9653,9726,-9714,9727,9728,9729],[-9651]],"properties":{"anthrome":42}},{"type":"Polygon","arcs":[[9730,-9617,9731,9732,9733,9734,9735,9736,9737,9738,9739,9740,9741]],"properties":{"anthrome":54}},{"type":"Polygon","arcs":[[9742]],"properties":{"anthrome":53}},{"type":"Polygon","arcs":[[-9739,9743,9744,9745]],"properties":{"anthrome":32}},{"type":"Polygon","arcs":[[9746,9747]],"properties":{"anthrome":61}},{"type":"Polygon","arcs":[[9748,9749]],"properties":{"anthrome":52}},{"type":"Polygon","arcs":[[9750,9751,9752]],"properties":{"anthrome":33}},{"type":"Polygon","arcs":[[9753,9754,-9736]],"properties":{"anthrome":23}},{"type":"Polygon","arcs":[[9755,9756]],"properties":{"anthrome":61}},{"type":"Polygon","arcs":[[-9716,9757]],"properties":{"anthrome":61}},{"type":"Polygon","arcs":[[9758,9759,9760]],"properties":{"anthrome":61}},{"type":"Polygon","arcs":[[9761]],"properties":{"anthrome":52}},{"type":"Polygon","arcs":[[9762]],"properties":{"anthrome":61}},{"type":"Polygon","arcs":[[-9316,9763,-9729,9764,9765,9766,9767,9768,-9671,9769,-9319,9770,9771]],"properties":{"anthrome":41}},{"type":"Polygon","arcs":[[9772,9773]],"properties":{"anthrome":53}},{"type":"Polygon","arcs":[[9774]],"properties":{"anthrome":42}},{"type":"Polygon","arcs":[[-9734,9775]],"properties":{"anthrome":51}},{"type":"Polygon","arcs":[[9776,9777,9778,9779,-9751]],"properties":{"anthrome":41}},{"type":"Polygon","arcs":[[9780,9781,9782]],"properties":{"anthrome":61}},{"type":"Polygon","arcs":[[9783]],"properties":{"anthrome":62}},{"type":"Polygon","arcs":[[9784,-9766]],"properties":{"anthrome":34}},{"type":"Polygon","arcs":[[9785,-9779,9786]],"properties":{"anthrome":42}},{"type":"Polygon","arcs":[[9787]],"properties":{"anthrome":32}},{"type":"Polygon","arcs":[[9788]],"properties":{"anthrome":32}},{"type":"Polygon","arcs":[[9789]],"properties":{"anthrome":53}},{"type":"Polygon","arcs":[[9790,-9783,9791,9792]],"properties":{"anthrome":62}},{"type":"Polygon","arcs":[[9793]],"properties":{"anthrome":51}},{"type":"Polygon","arcs":[[9794,9795,9796]],"properties":{"anthrome":63}},{"type":"Polygon","arcs":[[9797,9798]],"properties":{"anthrome":53}},{"type":"Polygon","arcs":[[9799,9800,9801,9802]],"properties":{"anthrome":52}},{"type":"Polygon","arcs":[[9803,9804]],"properties":{"anthrome":61}},{"type":"Polygon","arcs":[[9805,9806]],"properties":{"anthrome":23}},{"type":"Polygon","arcs":[[9807,9808]],"properties":{"anthrome":53}},{"type":"Polygon","arcs":[[9809,-8468,9810,9811,-9078,9812,9813,-9246,-9553,9814,-9626,9815,9816,9817,-9759,-9719,9818,9819,9820,9821,-9032,-8990],[-9762]],"properties":{"anthrome":53}},{"type":"Polygon","arcs":[[-9755,9822,9823,9824,9825]],"properties":{"anthrome":54}},{"type":"Polygon","arcs":[[9826,9827,9828,9829]],"properties":{"anthrome":42}},{"type":"Polygon","arcs":[[9830,9831,9832,9833,9834]],"properties":{"anthrome":54}},{"type":"Polygon","arcs":[[9835,9836]],"properties":{"anthrome":62}},{"type":"Polygon","arcs":[[9837,9838,9839,9840]],"properties":{"anthrome":61}},{"type":"Polygon","arcs":[[9841,9842]],"properties":{"anthrome":61}},{"type":"Polygon","arcs":[[9843,9844,-9842]],"properties":{"anthrome":52}},{"type":"Polygon","arcs":[[9845,9846]],"properties":{"anthrome":61}},{"type":"Polygon","arcs":[[9847,9848]],"properties":{"anthrome":62}},{"type":"Polygon","arcs":[[9849,9850]],"properties":{"anthrome":62}},{"type":"Polygon","arcs":[[9851]],"properties":{"anthrome":23}},{"type":"Polygon","arcs":[[-9796,9852]],"properties":{"anthrome":33}},{"type":"Polygon","arcs":[[9853,9854]],"properties":{"anthrome":52}},{"type":"Polygon","arcs":[[9855]],"properties":{"anthrome":61}},{"type":"Polygon","arcs":[[9856,9857,-9803,9858,9859,9860,9861,-9836,9862,-9749,-9688]],"properties":{"anthrome":54}},{"type":"Polygon","arcs":[[9863,9864,9865]],"properties":{"anthrome":53}},{"type":"Polygon","arcs":[[-9847,9866,9867,9868]],"properties":{"anthrome":53}},{"type":"Polygon","arcs":[[9869,9870]],"properties":{"anthrome":52}},{"type":"Polygon","arcs":[[9871]],"properties":{"anthrome":53}},{"type":"Polygon","arcs":[[9872,9873,9874,9875]],"properties":{"anthrome":32}},{"type":"Polygon","arcs":[[9876,9877,9878,9879]],"properties":{"anthrome":53}},{"type":"Polygon","arcs":[[9880,9881,9882,-9878]],"properties":{"anthrome":52}},{"type":"Polygon","arcs":[[9883,9884,-9882]],"properties":{"anthrome":53}},{"type":"Polygon","arcs":[[9885,9886,9887]],"properties":{"anthrome":53}},{"type":"Polygon","arcs":[[9888,9889,-9886]],"properties":{"anthrome":61}},{"type":"Polygon","arcs":[[9890]],"properties":{"anthrome":61}},{"type":"Polygon","arcs":[[9891,9892]],"properties":{"anthrome":42}},{"type":"Polygon","arcs":[[9893,9894]],"properties":{"anthrome":62}},{"type":"Polygon","arcs":[[9895]],"properties":{"anthrome":23}},{"type":"Polygon","arcs":[[-9855,9896,9897,-9832,9898,9899]],"properties":{"anthrome":51}},{"type":"Polygon","arcs":[[9900,9901]],"properties":{"anthrome":53}},{"type":"Polygon","arcs":[[9902]],"properties":{"anthrome":52}},{"type":"Polygon","arcs":[[9903,-9880,9904,9905,9906]],"properties":{"anthrome":54}},{"type":"Polygon","arcs":[[9907,9908,9909]],"properties":{"anthrome":61}},{"type":"Polygon","arcs":[[9910,9911,9912,9913,-9824]],"properties":{"anthrome":23}},{"type":"Polygon","arcs":[[9914,9915,-9854]],"properties":{"anthrome":54}},{"type":"Polygon","arcs":[[9916,9917,9918,9919]],"properties":{"anthrome":32}},{"type":"Polygon","arcs":[[9920,-9905]],"properties":{"anthrome":52}},{"type":"Polygon","arcs":[[9921,9922,9923,-9890]],"properties":{"anthrome":52}},{"type":"Polygon","arcs":[[9924,9925]],"properties":{"anthrome":61}},{"type":"Polygon","arcs":[[9926,9927]],"properties":{"anthrome":52}},{"type":"Polygon","arcs":[[9928,9929,9930,9931]],"properties":{"anthrome":52}},{"type":"Polygon","arcs":[[9932]],"properties":{"anthrome":62}},{"type":"Polygon","arcs":[[9933,9934]],"properties":{"anthrome":12}},{"type":"Polygon","arcs":[[9935,9936]],"properties":{"anthrome":61}},{"type":"Polygon","arcs":[[9937,9938]],"properties":{"anthrome":53}},{"type":"Polygon","arcs":[[-9876,9939,9940,9941,9942,9943]],"properties":{"anthrome":54}},{"type":"Polygon","arcs":[[9944]],"properties":{"anthrome":52}},{"type":"Polygon","arcs":[[-9793,9945,9946,9947,9948,9949,9950,9951,9952,9953,9954,-9885,9955,9956]],"properties":{"anthrome":54}},{"type":"Polygon","arcs":[[9957,9958,9959,9960]],"properties":{"anthrome":52}},{"type":"Polygon","arcs":[[9961]],"properties":{"anthrome":62}},{"type":"Polygon","arcs":[[9962,9963]],"properties":{"anthrome":62}},{"type":"Polygon","arcs":[[-9879,9964,9965,-9921]],"properties":{"anthrome":54}},{"type":"Polygon","arcs":[[9966,9967,-9953]],"properties":{"anthrome":53}},{"type":"Polygon","arcs":[[9968,9969,9970]],"properties":{"anthrome":53}},{"type":"Polygon","arcs":[[-9927,9971,9972]],"properties":{"anthrome":54}},{"type":"Polygon","arcs":[[9973,9974,-9972]],"properties":{"anthrome":53}},{"type":"Polygon","arcs":[[9975,9976]],"properties":{"anthrome":43}},{"type":"Polygon","arcs":[[9977,-8310,-8808,9978,-8876,-8953,9979,-9636,9980,-9620,9981,-9633,9982,9983,-9153,9984,9985,-9268,9986,-9507,9987,9988,-9820,9989,-9720,-9761,9990,-9915,-9900,9991,-9835,-9866,9992,-9799,9993,-9679,9994,9995,-9808,9996,9997,9998,9999,-9756,10000,-9440,10001,10002,-9149,10003,-8927,10004,10005,10006,10007,10008],[-8812],[-8304],[-9060],[-9151],[-9415],[-9790]],"properties":{"anthrome":52}},{"type":"Polygon","arcs":[[10009,10010,10011,10012,10013,10014,10015,10016,-9861,10017]],"properties":{"anthrome":52}},{"type":"Polygon","arcs":[[-9868,10018,10019,10020,-9948,10021]],"properties":{"anthrome":52}},{"type":"Polygon","arcs":[[10022,10023,10024,10025]],"properties":{"anthrome":42}},{"type":"Polygon","arcs":[[-9912,10026,10027,10028,10029]],"properties":{"anthrome":54}},{"type":"Polygon","arcs":[[10030,10031,-10016]],"properties":{"anthrome":53}},{"type":"Polygon","arcs":[[-9919,10032,10033,10034,-10014,10035]],"properties":{"anthrome":51}},{"type":"Polygon","arcs":[[10036,10037]],"properties":{"anthrome":53}},{"type":"Polygon","arcs":[[-9963,10038,10039]],"properties":{"anthrome":54}},{"type":"Polygon","arcs":[[-9943,10040,10041,-10039]],"properties":{"anthrome":53}},{"type":"Polygon","arcs":[[10042,10043,10044,10045]],"properties":{"anthrome":61}},{"type":"Polygon","arcs":[[10046,10047,10048,-10044]],"properties":{"anthrome":62}},{"type":"Polygon","arcs":[[10049,10050,10051]],"properties":{"anthrome":61}},{"type":"Polygon","arcs":[[10052,10053,10054,10055]],"properties":{"anthrome":52}},{"type":"Polygon","arcs":[[10056]],"properties":{"anthrome":62}},{"type":"Polygon","arcs":[[10057,10058,10059]],"properties":{"anthrome":32}},{"type":"Polygon","arcs":[[10060,10061,-10058]],"properties":{"anthrome":51}},{"type":"Polygon","arcs":[[10062,10063]],"properties":{"anthrome":61}},{"type":"Polygon","arcs":[[10064,10065]],"properties":{"anthrome":52}},{"type":"Polygon","arcs":[[10066,10067]],"properties":{"anthrome":61}},{"type":"Polygon","arcs":[[10068]],"properties":{"anthrome":61}},{"type":"Polygon","arcs":[[10069]],"properties":{"anthrome":61}},{"type":"Polygon","arcs":[[10070,-9830,10071,10072,10073,10074,-10024,10075,10076],[-9666],[-9775]],"properties":{"anthrome":43}},{"type":"Polygon","arcs":[[10077,10078,10079,10080,10081,10082,-9968]],"properties":{"anthrome":52}},{"type":"Polygon","arcs":[[10083,10084]],"properties":{"anthrome":42}},{"type":"Polygon","arcs":[[10085,10086]],"properties":{"anthrome":62}},{"type":"Polygon","arcs":[[10087,10088]],"properties":{"anthrome":53}},{"type":"Polygon","arcs":[[10089]],"properties":{"anthrome":53}},{"type":"Polygon","arcs":[[10090,10091,10092]],"properties":{"anthrome":52}},{"type":"Polygon","arcs":[[10093,10094,10095]],"properties":{"anthrome":61}},{"type":"Polygon","arcs":[[10096]],"properties":{"anthrome":61}},{"type":"Polygon","arcs":[[10097,10098]],"properties":{"anthrome":61}},{"type":"Polygon","arcs":[[10099,10100,10101,10102,10103,10104]],"properties":{"anthrome":52}},{"type":"Polygon","arcs":[[-9950,10105,10106,10107,10108,-10080,10109]],"properties":{"anthrome":53}},{"type":"Polygon","arcs":[[-10104,10110,10111]],"properties":{"anthrome":53}},{"type":"Polygon","arcs":[[10112]],"properties":{"anthrome":43}},{"type":"Polygon","arcs":[[-10075,10113,10114]],"properties":{"anthrome":42}},{"type":"Polygon","arcs":[[10115,10116,10117]],"properties":{"anthrome":54}},{"type":"Polygon","arcs":[[10118,10119]],"properties":{"anthrome":53}},{"type":"Polygon","arcs":[[10120,-10119]],"properties":{"anthrome":54}},{"type":"Polygon","arcs":[[10121,10122]],"properties":{"anthrome":54}},{"type":"Polygon","arcs":[[10123]],"properties":{"anthrome":42}},{"type":"Polygon","arcs":[[10124,10125]],"properties":{"anthrome":12}},{"type":"Polygon","arcs":[[10126,10127]],"properties":{"anthrome":53}},{"type":"Polygon","arcs":[[10128,10129]],"properties":{"anthrome":61}},{"type":"Polygon","arcs":[[10130,10131,-9513,10132,10133,10134,10135,10136,-10034,10137,10138,-10011,10139,-9839,10140,-9801,10141,10142,-9686]],"properties":{"anthrome":53}},{"type":"Polygon","arcs":[[10143,10144,10145,10146,10147]],"properties":{"anthrome":53}},{"type":"Polygon","arcs":[[-10136,10148]],"properties":{"anthrome":61}},{"type":"Polygon","arcs":[[10149,10150,10151,10152,10153]],"properties":{"anthrome":52}},{"type":"Polygon","arcs":[[10154,10155,10156,10157,10158,-10092]],"properties":{"anthrome":53}},{"type":"Polygon","arcs":[[10159]],"properties":{"anthrome":53}},{"type":"Polygon","arcs":[[10160,10161]],"properties":{"anthrome":52}},{"type":"Polygon","arcs":[[10162,10163]],"properties":{"anthrome":52}},{"type":"Polygon","arcs":[[-10159,10164,10165]],"properties":{"anthrome":52}},{"type":"Polygon","arcs":[[10166]],"properties":{"anthrome":62}},{"type":"Polygon","arcs":[[10167,10168]],"properties":{"anthrome":12}},{"type":"Polygon","arcs":[[10169,10170]],"properties":{"anthrome":33}},{"type":"Polygon","arcs":[[10171,10172,-9902,-9939,10173,-10127,10174,10175,-9864,-9834,10176,-9897,-9916,-9817]],"properties":{"anthrome":52}},{"type":"Polygon","arcs":[[10177,-7827,10178,-7953,-8015,10179,-8157,10180,10181,-8222,10182,-8153,-8016,-8313,10183,-7897,10184,-7945,10185,-10009,10186,-8257,-8256,10187,-10006,10188,10189,-8778,10190,-8926,10191,-9052,10192,10193,-9286,10194,-9283,10195,-8886,10196,10197,-8423,10198,-8289,10199,-8280,10200,-8428,10201,10202,-8461,-8398,10203,-8396,10204,-8458,10205,10206,-8920,10207,-8968,-9069,-9288,-9438,10208,-9523,-9600,10209,-9613,10210,-9741,10211,-9745,10212,-9737,10213,-9807,10214,10215,10216,-10029,-10096,10217,-10168,-10125,10218,-9934,10219,-9804,10220,-9596,10221,-9509,-9409,10222,10223,-9220,10224,-9065,-8964,10225,-9225,10226,10227,10228,-9092,10229,-9019,10230,-8813,-8295,-8275,-8372,10231,-8323,10232,10233,-8217,-8171,-8115,10234,-8012,10235,10236,-7939,10237,-8560,10238,-7683,10239,10240,-8556,-8555],[-7941],[-7977,10241,-7979,10242],[-8112,-8111],[-8123],[-8233],[-8265],[-8253],[-8281],[-8302,-8303],[-8329,10243,-8331,10244],[-8375],[-8392],[-8400],[-8776],[-8862],[-8863],[-8867],[-8924],[-9050],[-9094],[-9478],[-9604],[-9597],[-9610],[-9789],[-9852],[-9896]],"properties":{"anthrome":51}},{"type":"Polygon","arcs":[[10245,10246,10247]],"properties":{"anthrome":51}},{"type":"Polygon","arcs":[[10248,10249]],"properties":{"anthrome":52}},{"type":"Polygon","arcs":[[10250,10251]],"properties":{"anthrome":33}},{"type":"Polygon","arcs":[[-10165,10252]],"properties":{"anthrome":54}},{"type":"Polygon","arcs":[[10253,10254,10255]],"properties":{"anthrome":54}},{"type":"Polygon","arcs":[[10256,10257,10258]],"properties":{"anthrome":54}},{"type":"Polygon","arcs":[[10259,-10066,10260,10261,10262,-10249,10263,10264,-9998]],"properties":{"anthrome":53}},{"type":"Polygon","arcs":[[-10038,10265,10266,10267,10268,-10251,10269,-10134,10270,-10089,10271]],"properties":{"anthrome":52}},{"type":"Polygon","arcs":[[10272,-10162,10273,10274]],"properties":{"anthrome":54}},{"type":"Polygon","arcs":[[10275,10276,10277]],"properties":{"anthrome":51}},{"type":"Polygon","arcs":[[10278,10279,10280,10281]],"properties":{"anthrome":61}},{"type":"Polygon","arcs":[[10282,10283,-10274,-10146]],"properties":{"anthrome":52}},{"type":"Polygon","arcs":[[10284,10285,10286,10287,10288,10289]],"properties":{"anthrome":54}},{"type":"Polygon","arcs":[[10290,10291,10292]],"properties":{"anthrome":61}},{"type":"Polygon","arcs":[[10293,-10268,10294,-10292]],"properties":{"anthrome":53}},{"type":"Polygon","arcs":[[10295]],"properties":{"anthrome":53}},{"type":"Polygon","arcs":[[10296,10297]],"properties":{"anthrome":53}},{"type":"Polygon","arcs":[[10298,10299]],"properties":{"anthrome":53}},{"type":"Polygon","arcs":[[10300,10301,10302,10303]],"properties":{"anthrome":53}},{"type":"Polygon","arcs":[[10304,10305,10306,-10302]],"properties":{"anthrome":52}},{"type":"Polygon","arcs":[[10307,-9932,10308,10309,10310,10311,10312,-10286,10313,-10164,10314,10315,10316,10317,10318,-10306,10319,10320,-10122,10321,-10101,10322,10323]],"properties":{"anthrome":53}},{"type":"Polygon","arcs":[[10324,10325,10326,10327,-10258]],"properties":{"anthrome":51}},{"type":"Polygon","arcs":[[10328]],"properties":{"anthrome":53}},{"type":"Polygon","arcs":[[10329]],"properties":{"anthrome":62}},{"type":"Polygon","arcs":[[10330,10331]],"properties":{"anthrome":52}},{"type":"Polygon","arcs":[[10332,10333]],"properties":{"anthrome":61}},{"type":"Polygon","arcs":[[10334,10335]],"properties":{"anthrome":53}},{"type":"Polygon","arcs":[[-10281,10336,10337]],"properties":{"anthrome":62}},{"type":"Polygon","arcs":[[10338,10339,10340]],"properties":{"anthrome":54}},{"type":"Polygon","arcs":[[10341]],"properties":{"anthrome":42}},{"type":"Polygon","arcs":[[10342]],"properties":{"anthrome":53}},{"type":"Polygon","arcs":[[10343,10344]],"properties":{"anthrome":52}},{"type":"Polygon","arcs":[[10345,10346,10347,10348]],"properties":{"anthrome":54}},{"type":"Polygon","arcs":[[10349]],"properties":{"anthrome":61}},{"type":"Polygon","arcs":[[10350]],"properties":{"anthrome":54}},{"type":"Polygon","arcs":[[10351,10352]],"properties":{"anthrome":53}},{"type":"Polygon","arcs":[[10353,10354]],"properties":{"anthrome":32}},{"type":"Polygon","arcs":[[10355,10356,10357]],"properties":{"anthrome":53}},{"type":"Polygon","arcs":[[10358,10359,10360]],"properties":{"anthrome":54}},{"type":"Polygon","arcs":[[-10277,10361,10362,10363]],"properties":{"anthrome":54}},{"type":"Polygon","arcs":[[10364]],"properties":{"anthrome":62}},{"type":"Polygon","arcs":[[-10333,10365]],"properties":{"anthrome":33}},{"type":"Polygon","arcs":[[-10344,10366]],"properties":{"anthrome":61}},{"type":"Polygon","arcs":[[10367,10368]],"properties":{"anthrome":61}},{"type":"Polygon","arcs":[[10369,10370]],"properties":{"anthrome":61}},{"type":"Polygon","arcs":[[-9883,-9955,10371,-10046,10372,10373,10374,-10118,10375,10376,10377,10378]],"properties":{"anthrome":53}},{"type":"Polygon","arcs":[[10379,-10321,10380,-10304,10381,10382,10383,10384,10385]],"properties":{"anthrome":54}},{"type":"Polygon","arcs":[[10386,10387,10388]],"properties":{"anthrome":53}},{"type":"Polygon","arcs":[[10389,10390,10391,10392,-10284]],"properties":{"anthrome":54}},{"type":"Polygon","arcs":[[10393,10394,10395,10396]],"properties":{"anthrome":41}},{"type":"Polygon","arcs":[[10397,10398]],"properties":{"anthrome":52}},{"type":"Polygon","arcs":[[10399,10400,10401,10402]],"properties":{"anthrome":54}},{"type":"Polygon","arcs":[[10403,10404,10405]],"properties":{"anthrome":53}},{"type":"Polygon","arcs":[[10406,10407]],"properties":{"anthrome":52}},{"type":"Polygon","arcs":[[10408,10409,10410]],"properties":{"anthrome":52}},{"type":"Polygon","arcs":[[-10363,10411,10412,10413]],"properties":{"anthrome":32}},{"type":"Polygon","arcs":[[-10348,10414,10415,10416]],"properties":{"anthrome":12}},{"type":"Polygon","arcs":[[10417,10418,-10415]],"properties":{"anthrome":51}},{"type":"Polygon","arcs":[[10419]],"properties":{"anthrome":53}},{"type":"Polygon","arcs":[[10420,10421]],"properties":{"anthrome":42}},{"type":"Polygon","arcs":[[10422,10423,-10170,10424,10425,10426]],"properties":{"anthrome":52}},{"type":"Polygon","arcs":[[-10426,10427,-10331,10428]],"properties":{"anthrome":51}},{"type":"Polygon","arcs":[[10429,10430]],"properties":{"anthrome":52}},{"type":"Polygon","arcs":[[10431,10432,10433,10434,10435]],"properties":{"anthrome":52}},{"type":"Polygon","arcs":[[10436,10437,10438,-10433]],"properties":{"anthrome":53}},{"type":"Polygon","arcs":[[10439,10440]],"properties":{"anthrome":61}},{"type":"Polygon","arcs":[[10441,10442,10443,10444]],"properties":{"anthrome":53}},{"type":"Polygon","arcs":[[10445,10446,10447]],"properties":{"anthrome":53}},{"type":"Polygon","arcs":[[10448,10449]],"properties":{"anthrome":62}},{"type":"Polygon","arcs":[[10450,10451,10452]],"properties":{"anthrome":42}},{"type":"Polygon","arcs":[[-10396,10453,10454]],"properties":{"anthrome":61}},{"type":"Polygon","arcs":[[10455,10456]],"properties":{"anthrome":51}},{"type":"Polygon","arcs":[[-10430,10457]],"properties":{"anthrome":54}},{"type":"Polygon","arcs":[[10458]],"properties":{"anthrome":42}},{"type":"Polygon","arcs":[[10459]],"properties":{"anthrome":53}},{"type":"Polygon","arcs":[[-10435,10460,10461]],"properties":{"anthrome":53}},{"type":"Polygon","arcs":[[10462]],"properties":{"anthrome":61}},{"type":"Polygon","arcs":[[10463,-9161,10464,-9442,10465,10466,-9748,10467,10468,10469,10470,-9217,10471,-9056],[-9639],[-9763],[10472],[-9856],[-10070],[-10129,-10098,10473]],"properties":{"anthrome":53}},{"type":"Polygon","arcs":[[10474,10475,-10452,10476,-10455,10477,10478]],"properties":{"anthrome":54}},{"type":"Polygon","arcs":[[-10402,10479,10480]],"properties":{"anthrome":53}},{"type":"Polygon","arcs":[[10481,10482,10483,10484]],"properties":{"anthrome":53}},{"type":"Polygon","arcs":[[10485,10486,10487,-10449,-10410]],"properties":{"anthrome":54}},{"type":"Polygon","arcs":[[-10444,10488,10489,10490]],"properties":{"anthrome":54}},{"type":"Polygon","arcs":[[10491]],"properties":{"anthrome":62}},{"type":"Polygon","arcs":[[10492]],"properties":{"anthrome":53}},{"type":"Polygon","arcs":[[10493,10494,10495,10496]],"properties":{"anthrome":51}},{"type":"Polygon","arcs":[[10497,10498,10499]],"properties":{"anthrome":43}},{"type":"Polygon","arcs":[[-10247,-10328,10500,10501,10502,10503,10504,-10456,-10418,-10347]],"properties":{"anthrome":52}},{"type":"Polygon","arcs":[[10505]],"properties":{"anthrome":51}},{"type":"Polygon","arcs":[[10506,10507,10508,10509]],"properties":{"anthrome":51}},{"type":"Polygon","arcs":[[10510]],"properties":{"anthrome":53}},{"type":"Polygon","arcs":[[10511,10512]],"properties":{"anthrome":53}},{"type":"Polygon","arcs":[[10513]],"properties":{"anthrome":61}},{"type":"Polygon","arcs":[[-10496,10514,10515]],"properties":{"anthrome":43}},{"type":"Polygon","arcs":[[10516,-10508]],"properties":{"anthrome":54}},{"type":"Polygon","arcs":[[10517]],"properties":{"anthrome":54}},{"type":"Polygon","arcs":[[10518,10519]],"properties":{"anthrome":51}},{"type":"Polygon","arcs":[[10520,10521]],"properties":{"anthrome":61}},{"type":"Polygon","arcs":[[10522,10523,10524,10525]],"properties":{"anthrome":54}},{"type":"Polygon","arcs":[[10526,-10326,10527,10528,-10248,-10346,10529,10530,10531,-10278,10532,-10361,10533,10534,10535,-10475,10536,-10494,10537,10538,10539,10540,-10317,10541,-10340,10542,10543,-10357,10544,-10288,10545,-10312,10546,10547,-10253,10548,-10256,10549,-10156,10550,10551]],"properties":{"anthrome":52}},{"type":"Polygon","arcs":[[10552,10553,10554]],"properties":{"anthrome":52}},{"type":"Polygon","arcs":[[10555,10556]],"properties":{"anthrome":61}},{"type":"Polygon","arcs":[[10557]],"properties":{"anthrome":61}},{"type":"Polygon","arcs":[[10558,10559,10560]],"properties":{"anthrome":32}},{"type":"Polygon","arcs":[[10561]],"properties":{"anthrome":53}},{"type":"Polygon","arcs":[[10562,10563,10564]],"properties":{"anthrome":53}},{"type":"Polygon","arcs":[[10565,10566]],"properties":{"anthrome":61}},{"type":"Polygon","arcs":[[10567,10568]],"properties":{"anthrome":61}},{"type":"Polygon","arcs":[[10569,10570,10571,10572,10573,-10517]],"properties":{"anthrome":51}},{"type":"Polygon","arcs":[[10574,10575,10576]],"properties":{"anthrome":43}},{"type":"Polygon","arcs":[[10577]],"properties":{"anthrome":61}},{"type":"Polygon","arcs":[[10578,10579]],"properties":{"anthrome":61}},{"type":"Polygon","arcs":[[10580,10581,-10152,10582,-10384,10583,-10540,10584,10585,10586,-10487,10587,10588,-10391,10589]],"properties":{"anthrome":53}},{"type":"Polygon","arcs":[[-10586,10590]],"properties":{"anthrome":52}},{"type":"Polygon","arcs":[[10591,-10509,-10574,10592,10593,-10504]],"properties":{"anthrome":54}},{"type":"Polygon","arcs":[[10594,10595,10596,10597,10598,10599,-10499]],"properties":{"anthrome":42}},{"type":"Polygon","arcs":[[10600,10601,10602,-10399,10603,10604,10605,10606,10607,-10556,10608,-10440,10609,-10266]],"properties":{"anthrome":53}},{"type":"Polygon","arcs":[[10610,10611,10612,10613]],"properties":{"anthrome":51}},{"type":"Polygon","arcs":[[10614,10615,10616,10617]],"properties":{"anthrome":53}},{"type":"Polygon","arcs":[[10618,10619,-10593]],"properties":{"anthrome":53}},{"type":"Polygon","arcs":[[10620,10621,10622,-10619]],"properties":{"anthrome":54}},{"type":"Polygon","arcs":[[10623,10624,10625,-10622]],"properties":{"anthrome":61}},{"type":"Polygon","arcs":[[10626,10627,10628,-10625]],"properties":{"anthrome":53}},{"type":"Polygon","arcs":[[10629,10630]],"properties":{"anthrome":61}},{"type":"Polygon","arcs":[[10631,-10569,10632,10633,10634]],"properties":{"anthrome":53}},{"type":"Polygon","arcs":[[10635,10636,10637,-10554]],"properties":{"anthrome":53}},{"type":"Polygon","arcs":[[-10580,10638]],"properties":{"anthrome":52}},{"type":"Polygon","arcs":[[10639,10640,10641,10642]],"properties":{"anthrome":52}},{"type":"Polygon","arcs":[[10643,-10641]],"properties":{"anthrome":53}},{"type":"Polygon","arcs":[[10644]],"properties":{"anthrome":61}},{"type":"Polygon","arcs":[[10645,10646,10647]],"properties":{"anthrome":61}},{"type":"Polygon","arcs":[[-10638,10648]],"properties":{"anthrome":52}},{"type":"Polygon","arcs":[[10649,10650,10651,10652]],"properties":{"anthrome":32}},{"type":"Polygon","arcs":[[-10629,10653,10654,10655]],"properties":{"anthrome":32}},{"type":"Polygon","arcs":[[10656,10657,10658]],"properties":{"anthrome":52}},{"type":"Polygon","arcs":[[10659,10660,10661,-10658]],"properties":{"anthrome":53}},{"type":"Polygon","arcs":[[10662,10663,-10661]],"properties":{"anthrome":52}},{"type":"Polygon","arcs":[[10664]],"properties":{"anthrome":52}},{"type":"Polygon","arcs":[[10665]],"properties":{"anthrome":61}},{"type":"Polygon","arcs":[[-10458,10666,10667,10668,10669,10670,10671,-10627,-10572,10672,10673],[-10518]],"properties":{"anthrome":52}},{"type":"Polygon","arcs":[[10674,10675,10676,10677]],"properties":{"anthrome":52}},{"type":"Polygon","arcs":[[10678,10679,10680,10681,-10630]],"properties":{"anthrome":53}},{"type":"Polygon","arcs":[[10682]],"properties":{"anthrome":61}},{"type":"Polygon","arcs":[[10683]],"properties":{"anthrome":54}},{"type":"Polygon","arcs":[[10684,10685,10686]],"properties":{"anthrome":32}},{"type":"Polygon","arcs":[[10687,-9961,10688,-9969,10689,10690,10691,10692,-10120,10693,10694,10695,-10446,-10352,-10300,10696,-10298,10697,10698,10699,10700,10701,10702,10703,10704,-10618,10705,10706,10707,10708,-10480,-10376,-10108,10709,-10019],[-10090],[-10160],[-10296],[-10492]],"properties":{"anthrome":54}},{"type":"Polygon","arcs":[[10710]],"properties":{"anthrome":61}},{"type":"Polygon","arcs":[[10711,10712]],"properties":{"anthrome":54}},{"type":"Polygon","arcs":[[-10655,10713,-10712]],"properties":{"anthrome":52}},{"type":"Polygon","arcs":[[10714,10715]],"properties":{"anthrome":33}},{"type":"Polygon","arcs":[[10716,10717]],"properties":{"anthrome":52}},{"type":"Polygon","arcs":[[10718,10719,10720]],"properties":{"anthrome":53}},{"type":"Polygon","arcs":[[10721]],"properties":{"anthrome":53}},{"type":"Polygon","arcs":[[-10637,10722,10723]],"properties":{"anthrome":52}},{"type":"Polygon","arcs":[[10724,-10723]],"properties":{"anthrome":53}},{"type":"Polygon","arcs":[[-10681,10725]],"properties":{"anthrome":61}},{"type":"Polygon","arcs":[[10726,-10647,10727,10728,10729,-10634]],"properties":{"anthrome":52}},{"type":"Polygon","arcs":[[-10662,10730,10731,10732]],"properties":{"anthrome":61}},{"type":"Polygon","arcs":[[10733]],"properties":{"anthrome":43}},{"type":"Polygon","arcs":[[10734,10735]],"properties":{"anthrome":63}},{"type":"Polygon","arcs":[[10736]],"properties":{"anthrome":61}},{"type":"Polygon","arcs":[[10737]],"properties":{"anthrome":61}},{"type":"Polygon","arcs":[[10738,10739,10740,10741]],"properties":{"anthrome":52}},{"type":"Polygon","arcs":[[-10735,10742]],"properties":{"anthrome":53}},{"type":"Polygon","arcs":[[10743]],"properties":{"anthrome":61}},{"type":"Polygon","arcs":[[-10484,10744,10745,10746,10747,10748,10749,10750,10751,10752,-10563,10753]],"properties":{"anthrome":54}},{"type":"Polygon","arcs":[[-10605,10754,-10686,10755,10756,10757,10758,10759,10760,10761,-10652,10762]],"properties":{"anthrome":54}},{"type":"Polygon","arcs":[[10763,10764,-9906,-9966,10765,-10378,10766,-10400,10767,10768,10769,10770,-10614,10771,10772,10773,-10644,-10559,10774,-10523,10775,-10602,10776,10777,-9941],[-10351],[10778,-10490,10779,-10442],[-10506]],"properties":{"anthrome":52}},{"type":"Polygon","arcs":[[10780,-10678,10781,10782,10783,10784],[-10711]],"properties":{"anthrome":53}},{"type":"Polygon","arcs":[[-10730,10785,10786,10787]],"properties":{"anthrome":53}},{"type":"Polygon","arcs":[[10788,10789,10790,10791]],"properties":{"anthrome":52}},{"type":"Polygon","arcs":[[10792]],"properties":{"anthrome":52}},{"type":"Polygon","arcs":[[10793,10794]],"properties":{"anthrome":62}},{"type":"Polygon","arcs":[[10795,-10760]],"properties":{"anthrome":52}},{"type":"Polygon","arcs":[[10796,10797,-10758]],"properties":{"anthrome":53}},{"type":"Polygon","arcs":[[10798,10799,-10786]],"properties":{"anthrome":52}},{"type":"Polygon","arcs":[[10800,10801,10802,10803]],"properties":{"anthrome":53}},{"type":"Polygon","arcs":[[10804]],"properties":{"anthrome":61}},{"type":"Polygon","arcs":[[10805]],"properties":{"anthrome":61}},{"type":"Polygon","arcs":[[-10067,10806,-10336,10807,10808,10809,10810,10811,10812,-10519,10813,-10368,-10262]],"properties":{"anthrome":52}},{"type":"Polygon","arcs":[[10814,10815,10816,-10707,10817,-10616]],"properties":{"anthrome":61}},{"type":"Polygon","arcs":[[-10796,10818,10819,10820]],"properties":{"anthrome":53}},{"type":"Polygon","arcs":[[10821,10822,-10819]],"properties":{"anthrome":52}},{"type":"Polygon","arcs":[[10823]],"properties":{"anthrome":52}},{"type":"Polygon","arcs":[[10824,10825]],"properties":{"anthrome":53}},{"type":"Polygon","arcs":[[-10811,10826,10827]],"properties":{"anthrome":61}},{"type":"Polygon","arcs":[[10828,10829]],"properties":{"anthrome":61}},{"type":"Polygon","arcs":[[10830]],"properties":{"anthrome":61}},{"type":"Polygon","arcs":[[10831,-9926,-9909,10832,10833,10834,10835,10836,10837,-10747,10838,10839,10840,-10694,-10121,10841,-10052,10842,-10691,10843,-9923],[-10558],[-10514],[-10567,-10566],[-10645]],"properties":{"anthrome":53}},{"type":"Polygon","arcs":[[10844,10845,10846,10847,-10794,10848,10849]],"properties":{"anthrome":52}},{"type":"Polygon","arcs":[[10850,-10847]],"properties":{"anthrome":54}},{"type":"Polygon","arcs":[[10851,10852,10853,10854]],"properties":{"anthrome":61}},{"type":"Polygon","arcs":[[10855]],"properties":{"anthrome":52}},{"type":"Polygon","arcs":[[10856]],"properties":{"anthrome":61}},{"type":"Polygon","arcs":[[10857,10858,10859,10860,10861,10862]],"properties":{"anthrome":53}},{"type":"Polygon","arcs":[[-10820,10863,10864]],"properties":{"anthrome":54}},{"type":"Polygon","arcs":[[10865]],"properties":{"anthrome":61}},{"type":"Polygon","arcs":[[10866]],"properties":{"anthrome":53}},{"type":"Polygon","arcs":[[10867]],"properties":{"anthrome":54}},{"type":"Polygon","arcs":[[10868,10869]],"properties":{"anthrome":52}},{"type":"Polygon","arcs":[[-10720,10870,10871,-10861,10872,10873]],"properties":{"anthrome":52}},{"type":"Polygon","arcs":[[10874]],"properties":{"anthrome":61}},{"type":"Polygon","arcs":[[10875,10876]],"properties":{"anthrome":61}},{"type":"Polygon","arcs":[[10877,10878]],"properties":{"anthrome":52}},{"type":"Polygon","arcs":[[10879,10880]],"properties":{"anthrome":53}},{"type":"Polygon","arcs":[[10881,10882]],"properties":{"anthrome":43}},{"type":"Polygon","arcs":[[10883]],"properties":{"anthrome":52}},{"type":"Polygon","arcs":[[10884,10885]],"properties":{"anthrome":61}},{"type":"Polygon","arcs":[[-10761,10886,10887,10888,-10851]],"properties":{"anthrome":52}},{"type":"Polygon","arcs":[[10889,10890,10891,10892]],"properties":{"anthrome":52}},{"type":"Polygon","arcs":[[10893,10894]],"properties":{"anthrome":61}},{"type":"Polygon","arcs":[[10895,-10891]],"properties":{"anthrome":61}},{"type":"Polygon","arcs":[[10896,10897,10898]],"properties":{"anthrome":53}},{"type":"Polygon","arcs":[[10899,10900,10901]],"properties":{"anthrome":53}},{"type":"Polygon","arcs":[[10902]],"properties":{"anthrome":52}},{"type":"Polygon","arcs":[[10903]],"properties":{"anthrome":53}},{"type":"Polygon","arcs":[[10904]],"properties":{"anthrome":61}},{"type":"Polygon","arcs":[[10905,10906,10907]],"properties":{"anthrome":52}},{"type":"Polygon","arcs":[[10908,10909]],"properties":{"anthrome":61}},{"type":"Polygon","arcs":[[10910,10911,10912,10913]],"properties":{"anthrome":53}},{"type":"Polygon","arcs":[[10914,10915,10916,10917,-10876]],"properties":{"anthrome":52}},{"type":"Polygon","arcs":[[10918,10919]],"properties":{"anthrome":61}},{"type":"Polygon","arcs":[[10920,10921,10922,10923]],"properties":{"anthrome":54}},{"type":"Polygon","arcs":[[10924]],"properties":{"anthrome":53}},{"type":"Polygon","arcs":[[10925,10926,10927]],"properties":{"anthrome":61}},{"type":"Polygon","arcs":[[10928]],"properties":{"anthrome":54}},{"type":"Polygon","arcs":[[10929,10930,10931,10932]],"properties":{"anthrome":61}},{"type":"Polygon","arcs":[[10933,10934,10935,-10931]],"properties":{"anthrome":62}},{"type":"Polygon","arcs":[[10936,10937]],"properties":{"anthrome":53}},{"type":"Polygon","arcs":[[10938,10939]],"properties":{"anthrome":61}},{"type":"Polygon","arcs":[[-10916,10940,10941,-10907]],"properties":{"anthrome":61}},{"type":"Polygon","arcs":[[10942,10943,10944]],"properties":{"anthrome":52}},{"type":"Polygon","arcs":[[10945]],"properties":{"anthrome":61}},{"type":"Polygon","arcs":[[10946,10947]],"properties":{"anthrome":61}},{"type":"Polygon","arcs":[[10948]],"properties":{"anthrome":61}},{"type":"Polygon","arcs":[[10949,10950,10951]],"properties":{"anthrome":61}},{"type":"Polygon","arcs":[[10952]],"properties":{"anthrome":52}},{"type":"Polygon","arcs":[[10953]],"properties":{"anthrome":52}},{"type":"Polygon","arcs":[[10954,10955]],"properties":{"anthrome":53}},{"type":"Polygon","arcs":[[10956]],"properties":{"anthrome":61}},{"type":"Polygon","arcs":[[10957,-10854,10958,10959,10960,10961,10962,10963,-10948,10964,10965,-10896,10966]],"properties":{"anthrome":52}},{"type":"Polygon","arcs":[[10967,10968,-10944]],"properties":{"anthrome":53}},{"type":"Polygon","arcs":[[10969,10970,-10968]],"properties":{"anthrome":52}},{"type":"Polygon","arcs":[[10971,10972]],"properties":{"anthrome":54}},{"type":"Polygon","arcs":[[10973]],"properties":{"anthrome":61}},{"type":"Polygon","arcs":[[10974,10975]],"properties":{"anthrome":62}},{"type":"Polygon","arcs":[[10976,10977]],"properties":{"anthrome":62}},{"type":"Polygon","arcs":[[10978]],"properties":{"anthrome":52}},{"type":"Polygon","arcs":[[10979]],"properties":{"anthrome":61}},{"type":"Polygon","arcs":[[10980,10981]],"properties":{"anthrome":54}},{"type":"Polygon","arcs":[[10982,10983]],"properties":{"anthrome":52}},{"type":"Polygon","arcs":[[10984]],"properties":{"anthrome":51}},{"type":"Polygon","arcs":[[10985]],"properties":{"anthrome":54}},{"type":"Polygon","arcs":[[10986,-10923,10987,10988,10989,10990,-10947,10991],[-10949]],"properties":{"anthrome":52}},{"type":"Polygon","arcs":[[10992,10993,-10482,10994,-10513,-10565,10995,-10752,10996,-10676,10997,-10785,-10784,10998,10999,11000,11001,11002,11003,-10921,11004,-10992,11005,-10897,11006,-10962,11007,11008,11009,-10702,11010,-10405,11011,11012,-10388,11013,-10353,-10448,11014,11015,-10840],[-10493],[-10562],[-10824],[-10884]],"properties":{"anthrome":61}},{"type":"Polygon","arcs":[[-10803,-10826,-10881,-10902,11016,-10928,-10952,11017,11018,11019,11020,11021]],"properties":{"anthrome":52}},{"type":"Polygon","arcs":[[11022,11023,11024]],"properties":{"anthrome":54}},{"type":"Polygon","arcs":[[11025,11026]],"properties":{"anthrome":52}},{"type":"Polygon","arcs":[[11027,-11002,11028,-10990]],"properties":{"anthrome":53}},{"type":"Polygon","arcs":[[11029,11030]],"properties":{"anthrome":52}},{"type":"Polygon","arcs":[[11031]],"properties":{"anthrome":52}},{"type":"Polygon","arcs":[[11032,11033,-11025,11034,11035,-10860]],"properties":{"anthrome":52}},{"type":"Polygon","arcs":[[11036,11037,11038,11039]],"properties":{"anthrome":54}},{"type":"Polygon","arcs":[[11040]],"properties":{"anthrome":61}},{"type":"Polygon","arcs":[[11041,11042]],"properties":{"anthrome":61}},{"type":"Polygon","arcs":[[11043,11044]],"properties":{"anthrome":61}},{"type":"Polygon","arcs":[[11045]],"properties":{"anthrome":54}},{"type":"Polygon","arcs":[[11046,11047]],"properties":{"anthrome":61}},{"type":"Polygon","arcs":[[11048]],"properties":{"anthrome":61}},{"type":"Polygon","arcs":[[11049]],"properties":{"anthrome":54}},{"type":"Polygon","arcs":[[-10969,11050,11051]],"properties":{"anthrome":52}},{"type":"Polygon","arcs":[[11052,11053,-11023,11054,11055,11056]],"properties":{"anthrome":52}},{"type":"Polygon","arcs":[[11057]],"properties":{"anthrome":52}},{"type":"Polygon","arcs":[[11058,11059]],"properties":{"anthrome":52}},{"type":"Polygon","arcs":[[-11026,11060,-11059]],"properties":{"anthrome":61}},{"type":"Polygon","arcs":[[11061,11062]],"properties":{"anthrome":61}},{"type":"Polygon","arcs":[[11063,11064]],"properties":{"anthrome":61}},{"type":"Polygon","arcs":[[11065]],"properties":{"anthrome":52}},{"type":"Polygon","arcs":[[11066,11067]],"properties":{"anthrome":54}},{"type":"Polygon","arcs":[[11068]],"properties":{"anthrome":61}},{"type":"Polygon","arcs":[[11069,-10910,11070,-11044,11071,-10894,11072,-10878,11073]],"properties":{"anthrome":53}},{"type":"Polygon","arcs":[[11074]],"properties":{"anthrome":61}},{"type":"Polygon","arcs":[[11075,11076,11077,-11067,11078,11079,11080,11081,11082,-10809,11083],[-10905],[11084],[-10986]],"properties":{"anthrome":53}},{"type":"Polygon","arcs":[[11085,-10635,-10788,11086,-10799,-10729,11087,-10801,11088,-11021,11089,11090,11091,11092,11093,11094,-10837,-10836],[-10867],[-10925]],"properties":{"anthrome":61}},{"type":"Polygon","arcs":[[-10913,11095,11096,11097,-10919,11098]],"properties":{"anthrome":52}},{"type":"Polygon","arcs":[[11099,11100]],"properties":{"anthrome":53}},{"type":"Polygon","arcs":[[11101,11102,11103]],"properties":{"anthrome":62}},{"type":"Polygon","arcs":[[11104]],"properties":{"anthrome":54}},{"type":"Polygon","arcs":[[11105]],"properties":{"anthrome":43}},{"type":"Polygon","arcs":[[-11056,11106,11107,11108]],"properties":{"anthrome":54}},{"type":"Polygon","arcs":[[11109,11110]],"properties":{"anthrome":61}},{"type":"Polygon","arcs":[[11111,11112,11113]],"properties":{"anthrome":61}},{"type":"Polygon","arcs":[[11114,11115,-11076]],"properties":{"anthrome":54}},{"type":"Polygon","arcs":[[11116,11117]],"properties":{"anthrome":63}},{"type":"Polygon","arcs":[[11118,11119,11120,-11117]],"properties":{"anthrome":61}},{"type":"Polygon","arcs":[[11121]],"properties":{"anthrome":61}},{"type":"Polygon","arcs":[[11122,11123]],"properties":{"anthrome":61}},{"type":"Polygon","arcs":[[11124,11125]],"properties":{"anthrome":52}},{"type":"Polygon","arcs":[[11126,11127,-11125]],"properties":{"anthrome":34}},{"type":"Polygon","arcs":[[11128,-11080,11129,-11037,11130,11131,11132,-10955,-10937,11133,-11110,11134,11135,-10725,-10636],[11136]],"properties":{"anthrome":52}},{"type":"Polygon","arcs":[[11137],[-11106]],"properties":{"anthrome":54}},{"type":"Polygon","arcs":[[-10892,-10966,11138,-11027,-11060,11139,11140,11141,11142]],"properties":{"anthrome":61}},{"type":"Polygon","arcs":[[11143]],"properties":{"anthrome":61}},{"type":"Polygon","arcs":[[11144,11145,11146]],"properties":{"anthrome":62}},{"type":"Polygon","arcs":[[-11078,11147,11148,11149,11150]],"properties":{"anthrome":54}},{"type":"Polygon","arcs":[[-11103,11151,11152]],"properties":{"anthrome":33}},{"type":"Polygon","arcs":[[11153]],"properties":{"anthrome":61}},{"type":"Polygon","arcs":[[11154,11155]],"properties":{"anthrome":62}},{"type":"Polygon","arcs":[[11156,11157,11158]],"properties":{"anthrome":61}},{"type":"Polygon","arcs":[[11159,11160]],"properties":{"anthrome":62}},{"type":"Polygon","arcs":[[11161,11162]],"properties":{"anthrome":61}},{"type":"Polygon","arcs":[[-11128,11163]],"properties":{"anthrome":53}},{"type":"Polygon","arcs":[[11164,11165,11166]],"properties":{"anthrome":52}},{"type":"Polygon","arcs":[[11167]],"properties":{"anthrome":61}},{"type":"Polygon","arcs":[[-10991,11168,-10965]],"properties":{"anthrome":61}},{"type":"Polygon","arcs":[[11169,11170]],"properties":{"anthrome":53}},{"type":"Polygon","arcs":[[11171,11172]],"properties":{"anthrome":54}},{"type":"Polygon","arcs":[[11173]],"properties":{"anthrome":54}},{"type":"Polygon","arcs":[[11174]],"properties":{"anthrome":54}},{"type":"Polygon","arcs":[[11175,11176]],"properties":{"anthrome":62}},{"type":"Polygon","arcs":[[11177,11178,11179,11180]],"properties":{"anthrome":54}},{"type":"Polygon","arcs":[[11181,11182,11183,-11179]],"properties":{"anthrome":61}},{"type":"Polygon","arcs":[[-11166,11184,11185]],"properties":{"anthrome":61}},{"type":"Polygon","arcs":[[11186,11187,11188]],"properties":{"anthrome":23}},{"type":"Polygon","arcs":[[11189,-10371,11190,11191,11192,11193,11194,-11043,11195,11196,11197,-10939,11198,-10885,11199,-10830,11200,11201,-10521,11202],[-10831],[-11041],[-11069]],"properties":{"anthrome":53}},{"type":"Polygon","arcs":[[11203]],"properties":{"anthrome":61}},{"type":"Polygon","arcs":[[11204,11205,11206,11207]],"properties":{"anthrome":52}},{"type":"Polygon","arcs":[[11208,11209,11210,-11206]],"properties":{"anthrome":61}},{"type":"Polygon","arcs":[[11211,11212,11213,-11210]],"properties":{"anthrome":33}},{"type":"Polygon","arcs":[[11214,11215,11216,-11213]],"properties":{"anthrome":61}},{"type":"Polygon","arcs":[[11217,11218]],"properties":{"anthrome":53}},{"type":"Polygon","arcs":[[11219,11220]],"properties":{"anthrome":61}},{"type":"Polygon","arcs":[[11221]],"properties":{"anthrome":54}},{"type":"Polygon","arcs":[[11222,11223]],"properties":{"anthrome":52}},{"type":"Polygon","arcs":[[11224,11225,11226]],"properties":{"anthrome":12}},{"type":"Polygon","arcs":[[11227,11228,11229,11230,11231,-11107]],"properties":{"anthrome":52}},{"type":"Polygon","arcs":[[-11181,11232,-11183,11233,-11176,11234,-11120,11235]],"properties":{"anthrome":53}},{"type":"Polygon","arcs":[[11236]],"properties":{"anthrome":61}},{"type":"Polygon","arcs":[[11237]],"properties":{"anthrome":54}},{"type":"Polygon","arcs":[[11238]],"properties":{"anthrome":62}},{"type":"Polygon","arcs":[[11239,11240,-11229]],"properties":{"anthrome":54}},{"type":"Polygon","arcs":[[11241]],"properties":{"anthrome":53}},{"type":"Polygon","arcs":[[-11207,11242,11243,11244]],"properties":{"anthrome":54}},{"type":"Polygon","arcs":[[11245,11246,11247,-11197]],"properties":{"anthrome":52}},{"type":"Polygon","arcs":[[11248,11249]],"properties":{"anthrome":61}},{"type":"Polygon","arcs":[[-11039,-11068,-11151,11250,11251,11252,11253,11254,11255]],"properties":{"anthrome":53}},{"type":"Polygon","arcs":[[11256,11257,11258,11259,11260]],"properties":{"anthrome":54}},{"type":"Polygon","arcs":[[11261,11262,11263,11264,11265,11266]],"properties":{"anthrome":54}},{"type":"Polygon","arcs":[[11267]],"properties":{"anthrome":54}},{"type":"Polygon","arcs":[[11268,11269]],"properties":{"anthrome":54}},{"type":"Polygon","arcs":[[-11259,11270]],"properties":{"anthrome":62}},{"type":"Polygon","arcs":[[11271,11272,11273]],"properties":{"anthrome":52}},{"type":"Polygon","arcs":[[11274,11275,11276]],"properties":{"anthrome":54}},{"type":"Polygon","arcs":[[11277]],"properties":{"anthrome":53}},{"type":"Polygon","arcs":[[-11205,11278,-11244,11279,11280]],"properties":{"anthrome":53}},{"type":"Polygon","arcs":[[11281]],"properties":{"anthrome":53}},{"type":"Polygon","arcs":[[11282]],"properties":{"anthrome":61}},{"type":"Polygon","arcs":[[11283,11284]],"properties":{"anthrome":54}},{"type":"Polygon","arcs":[[11285,-11189,11286,-11227,11287,-11284,11288,11289,11290,11291]],"properties":{"anthrome":53}},{"type":"Polygon","arcs":[[11292,11293,-11266,11294,11295,11296,11297,-11272,11298]],"properties":{"anthrome":43}},{"type":"Polygon","arcs":[[11299,11300,11301,11302,11303]],"properties":{"anthrome":52}},{"type":"Polygon","arcs":[[11304,11305,11306,11307]],"properties":{"anthrome":52}},{"type":"Polygon","arcs":[[11308,11309]],"properties":{"anthrome":54}},{"type":"Polygon","arcs":[[11310,11311,11312]],"properties":{"anthrome":54}},{"type":"Polygon","arcs":[[11313,11314]],"properties":{"anthrome":52}},{"type":"Polygon","arcs":[[11315]],"properties":{"anthrome":61}},{"type":"Polygon","arcs":[[11316,11317]],"properties":{"anthrome":61}},{"type":"Polygon","arcs":[[11318]],"properties":{"anthrome":53}},{"type":"Polygon","arcs":[[11319]],"properties":{"anthrome":54}},{"type":"Polygon","arcs":[[11320,11321]],"properties":{"anthrome":62}},{"type":"Polygon","arcs":[[11322,11323,11324]],"properties":{"anthrome":43}},{"type":"Polygon","arcs":[[-11273,11325,11326,-11323]],"properties":{"anthrome":53}},{"type":"Polygon","arcs":[[11327,11328]],"properties":{"anthrome":54}},{"type":"Polygon","arcs":[[11329,11330,11331,11332]],"properties":{"anthrome":53}},{"type":"Polygon","arcs":[[11333,11334,11335,-11331]],"properties":{"anthrome":54}},{"type":"Polygon","arcs":[[-11303,11336,11337]],"properties":{"anthrome":54}},{"type":"Polygon","arcs":[[11338,11339,11340]],"properties":{"anthrome":53}},{"type":"Polygon","arcs":[[11341]],"properties":{"anthrome":54}},{"type":"Polygon","arcs":[[11342,11343,11344]],"properties":{"anthrome":52}},{"type":"Polygon","arcs":[[11345,-11343]],"properties":{"anthrome":53}},{"type":"Polygon","arcs":[[11346,11347]],"properties":{"anthrome":61}},{"type":"Polygon","arcs":[[11348,11349,11350]],"properties":{"anthrome":54}},{"type":"Polygon","arcs":[[11351,11352]],"properties":{"anthrome":33}},{"type":"Polygon","arcs":[[11353]],"properties":{"anthrome":61}},{"type":"Polygon","arcs":[[11354,11355]],"properties":{"anthrome":61}},{"type":"Polygon","arcs":[[11356]],"properties":{"anthrome":61}},{"type":"Polygon","arcs":[[11357,11358]],"properties":{"anthrome":54}},{"type":"Polygon","arcs":[[11359,11360]],"properties":{"anthrome":61}},{"type":"Polygon","arcs":[[-10917,-10906,11361,11362,11363,11364,11365,11366,11367]],"properties":{"anthrome":53}},{"type":"Polygon","arcs":[[11368,-11329,11369,-11351,11370,-11296,11371,11372,11373,11374,11375,11376,11377]],"properties":{"anthrome":52}},{"type":"Polygon","arcs":[[11378]],"properties":{"anthrome":52}},{"type":"Polygon","arcs":[[11379]],"properties":{"anthrome":61}},{"type":"Polygon","arcs":[[11380,11381,11382,11383]],"properties":{"anthrome":52}},{"type":"Polygon","arcs":[[11384,11385]],"properties":{"anthrome":61}},{"type":"Polygon","arcs":[[11386,11387]],"properties":{"anthrome":62}},{"type":"Polygon","arcs":[[11388,11389,11390,11391]],"properties":{"anthrome":12}},{"type":"Polygon","arcs":[[11392,11393,11394,11395]],"properties":{"anthrome":54}},{"type":"Polygon","arcs":[[11396,11397]],"properties":{"anthrome":54}},{"type":"Polygon","arcs":[[-11317,11398,11399]],"properties":{"anthrome":53}},{"type":"Polygon","arcs":[[-11340,11400]],"properties":{"anthrome":61}},{"type":"Polygon","arcs":[[-11219,11401,-11216,11402,-11281,11403,11404,11405,11406,-11352,-11346,-11252,11407,-11149,11408,-11115,11409]],"properties":{"anthrome":52}},{"type":"Polygon","arcs":[[11410]],"properties":{"anthrome":61}},{"type":"Polygon","arcs":[[11411]],"properties":{"anthrome":53}},{"type":"Polygon","arcs":[[11412,11413]],"properties":{"anthrome":61}},{"type":"Polygon","arcs":[[11414,11415]],"properties":{"anthrome":53}},{"type":"Polygon","arcs":[[11416,11417,11418,11419]],"properties":{"anthrome":54}},{"type":"Polygon","arcs":[[11420,11421,11422,-11418]],"properties":{"anthrome":52}},{"type":"Polygon","arcs":[[11423,-11413]],"properties":{"anthrome":51}},{"type":"Polygon","arcs":[[-11383,11424,11425,11426]],"properties":{"anthrome":53}},{"type":"Polygon","arcs":[[11427,11428,11429,11430]],"properties":{"anthrome":54}},{"type":"Polygon","arcs":[[11431]],"properties":{"anthrome":54}},{"type":"Polygon","arcs":[[11432,11433]],"properties":{"anthrome":61}},{"type":"Polygon","arcs":[[-11366,11434,11435,-11220,11436,-11162,11437]],"properties":{"anthrome":52}},{"type":"Polygon","arcs":[[11438]],"properties":{"anthrome":52}},{"type":"Polygon","arcs":[[11439,11440,11441]],"properties":{"anthrome":53}},{"type":"Polygon","arcs":[[11442,11443,11444,11445,-11441,11446,-11376]],"properties":{"anthrome":54}},{"type":"Polygon","arcs":[[-11391,11447,11448,11449]],"properties":{"anthrome":51}},{"type":"Polygon","arcs":[[11450]],"properties":{"anthrome":52}},{"type":"Polygon","arcs":[[11451,11452]],"properties":{"anthrome":61}},{"type":"Polygon","arcs":[[11453,11454]],"properties":{"anthrome":61}},{"type":"Polygon","arcs":[[-11430,11455,11456,11457]],"properties":{"anthrome":51}},{"type":"Polygon","arcs":[[11458,11459]],"properties":{"anthrome":33}},{"type":"Polygon","arcs":[[-11433,11460,11461,11462]],"properties":{"anthrome":52}},{"type":"Polygon","arcs":[[11463,11464,11465,11466,11467,11468,-11355]],"properties":{"anthrome":53}},{"type":"Polygon","arcs":[[11469]],"properties":{"anthrome":61}},{"type":"Polygon","arcs":[[11470,11471,11472,11473]],"properties":{"anthrome":53}},{"type":"Polygon","arcs":[[11474,11475,11476,11477],[-11420,11478,-11422,11479]],"properties":{"anthrome":53}},{"type":"Polygon","arcs":[[11480,11481,11482]],"properties":{"anthrome":61}},{"type":"Polygon","arcs":[[-11467,11483]],"properties":{"anthrome":54}},{"type":"Polygon","arcs":[[11484,11485,11486,11487]],"properties":{"anthrome":61}},{"type":"Polygon","arcs":[[11488,11489,11490]],"properties":{"anthrome":53}},{"type":"Polygon","arcs":[[11491,11492]],"properties":{"anthrome":62}},{"type":"Polygon","arcs":[[11493]],"properties":{"anthrome":53}},{"type":"Polygon","arcs":[[11494,11495,11496,11497]],"properties":{"anthrome":52}},{"type":"Polygon","arcs":[[11498,11499,11500,-11496]],"properties":{"anthrome":51}},{"type":"Polygon","arcs":[[11501]],"properties":{"anthrome":51}},{"type":"Polygon","arcs":[[11502]],"properties":{"anthrome":61}},{"type":"Polygon","arcs":[[11503,11504]],"properties":{"anthrome":61}},{"type":"Polygon","arcs":[[11505,11506]],"properties":{"anthrome":61}},{"type":"Polygon","arcs":[[11507,-11465]],"properties":{"anthrome":61}},{"type":"Polygon","arcs":[[11508]],"properties":{"anthrome":53}},{"type":"Polygon","arcs":[[-11457,11509,11510,11511]],"properties":{"anthrome":54}},{"type":"Polygon","arcs":[[11512,11513]],"properties":{"anthrome":52}},{"type":"Polygon","arcs":[[-11446,11514,11515,11516]],"properties":{"anthrome":52}},{"type":"Polygon","arcs":[[11517,11518,11519]],"properties":{"anthrome":54}},{"type":"Polygon","arcs":[[-11505,11520,11521,11522]],"properties":{"anthrome":53}},{"type":"Polygon","arcs":[[11523,11524,11525,-11461]],"properties":{"anthrome":61}},{"type":"Polygon","arcs":[[11526,11527,11528]],"properties":{"anthrome":52}},{"type":"Polygon","arcs":[[11529,11530,11531,11532]],"properties":{"anthrome":61}},{"type":"Polygon","arcs":[[11533]],"properties":{"anthrome":52}},{"type":"Polygon","arcs":[[11534,11535]],"properties":{"anthrome":61}},{"type":"Polygon","arcs":[[11536,11537,11538,-11535]],"properties":{"anthrome":52}},{"type":"Polygon","arcs":[[-11511,11539,11540,11541]],"properties":{"anthrome":53}},{"type":"Polygon","arcs":[[-11462,11542]],"properties":{"anthrome":53}},{"type":"Polygon","arcs":[[11543]],"properties":{"anthrome":61}},{"type":"Polygon","arcs":[[11544,-11313,11545,11546,11547,11548]],"properties":{"anthrome":52}},{"type":"Polygon","arcs":[[11549,-11019,11550,-10950,11551,-10973,11552,-11063,11553,11554,11555,11556,11557,11558,11559,11560,-11318,11561,11562,11563,11564,-11091],[-11105],[-11174],[-11175],[-11237],[-11268],[-11238],[-11320]],"properties":{"anthrome":53}},{"type":"Polygon","arcs":[[11565,11566,11567,11568,11569,11570,-11333,11571,11572,11573,11574,11575],[-11278]],"properties":{"anthrome":52}},{"type":"Polygon","arcs":[[11576,11577,11578]],"properties":{"anthrome":52}},{"type":"Polygon","arcs":[[-11449,11579,11580]],"properties":{"anthrome":53}},{"type":"Polygon","arcs":[[11581,11582,-11124,11583,-11224,11584,11585,-11396,11586,-11381,11587,11588,11589,-11536,11590,11591,-11454,11592,-11270,11593],[-11046],[-11222],[-11310,-11309],[-11357],[-11359,-11358]],"properties":{"anthrome":53}},{"type":"Polygon","arcs":[[11594,11595]],"properties":{"anthrome":52}},{"type":"Polygon","arcs":[[11596,11597]],"properties":{"anthrome":61}},{"type":"Polygon","arcs":[[11598]],"properties":{"anthrome":54}},{"type":"Polygon","arcs":[[11599]],"properties":{"anthrome":54}},{"type":"Polygon","arcs":[[11600]],"properties":{"anthrome":53}},{"type":"Polygon","arcs":[[11601]],"properties":{"anthrome":53}},{"type":"Polygon","arcs":[[11602]],"properties":{"anthrome":61}},{"type":"Polygon","arcs":[[11603,11604]],"properties":{"anthrome":61}},{"type":"Polygon","arcs":[[11605]],"properties":{"anthrome":61}},{"type":"Polygon","arcs":[[11606,11607]],"properties":{"anthrome":53}},{"type":"Polygon","arcs":[[11608,11609,11610]],"properties":{"anthrome":53}},{"type":"Polygon","arcs":[[11611,11612,11613,11614]],"properties":{"anthrome":53}},{"type":"Polygon","arcs":[[11615]],"properties":{"anthrome":54}},{"type":"Polygon","arcs":[[11616,11617,11618]],"properties":{"anthrome":52}},{"type":"Polygon","arcs":[[11619,11620]],"properties":{"anthrome":61}},{"type":"Polygon","arcs":[[11621,11622,11623],[-11315,-11314],[-11439],[-11451]],"properties":{"anthrome":61}},{"type":"Polygon","arcs":[[11624,11625,11626]],"properties":{"anthrome":53}},{"type":"Polygon","arcs":[[11627,11628,11629]],"properties":{"anthrome":53}},{"type":"Polygon","arcs":[[11630,11631,11632,11633,11634]],"properties":{"anthrome":53}},{"type":"Polygon","arcs":[[11635]],"properties":{"anthrome":52}},{"type":"Polygon","arcs":[[11636,11637,11638]],"properties":{"anthrome":54}},{"type":"Polygon","arcs":[[11639]],"properties":{"anthrome":54}},{"type":"Polygon","arcs":[[-11578,11640,11641]],"properties":{"anthrome":61}},{"type":"Polygon","arcs":[[11642]],"properties":{"anthrome":53}},{"type":"Polygon","arcs":[[11643,11644]],"properties":{"anthrome":52}},{"type":"Polygon","arcs":[[11645,11646]],"properties":{"anthrome":53}},{"type":"Polygon","arcs":[[11647,11648]],"properties":{"anthrome":53}},{"type":"Polygon","arcs":[[11649,11650]],"properties":{"anthrome":61}},{"type":"Polygon","arcs":[[11651,11652]],"properties":{"anthrome":61}},{"type":"Polygon","arcs":[[11653]],"properties":{"anthrome":52}},{"type":"Polygon","arcs":[[11654,11655,11656]],"properties":{"anthrome":51}},{"type":"Polygon","arcs":[[11657]],"properties":{"anthrome":54}},{"type":"Polygon","arcs":[[11658,-11597,-11506]],"properties":{"anthrome":53}},{"type":"Polygon","arcs":[[11659,11660]],"properties":{"anthrome":53}},{"type":"Polygon","arcs":[[-11610,11661,11662,-11660]],"properties":{"anthrome":54}},{"type":"Polygon","arcs":[[11663,11664,-11662]],"properties":{"anthrome":53}},{"type":"Polygon","arcs":[[11665,11666]],"properties":{"anthrome":61}},{"type":"Polygon","arcs":[[-11633,11667,11668]],"properties":{"anthrome":61}},{"type":"Polygon","arcs":[[11669,11670]],"properties":{"anthrome":61}},{"type":"Polygon","arcs":[[11671,-11250,11672,-11397,11673,-11360,11674,-11347,11675,-11290,-11386,11676,-11460,11677,11678,11679,11680,11681,11682,11683,11684,11685,-11612,-11615,11686,11687,11688,-11394,11689,-11585],[11690,-11541,11691,-11428],[-11432],[-11509],[-11616]],"properties":{"anthrome":52}},{"type":"Polygon","arcs":[[11692,-11453,11693,11694,-11498,11695,-11533,11696,11697,11698,11699,11700,-11645,11701,-11596,11702,-11482,-11405]],"properties":{"anthrome":51}},{"type":"Polygon","arcs":[[-11589,11703,-11426,11704,-11688,11705,11706,11707,11708,-11628,11709,11710,11711,-11537,-11590]],"properties":{"anthrome":61}},{"type":"Polygon","arcs":[[11712,-11666,11713,-11525,11714]],"properties":{"anthrome":53}},{"type":"Polygon","arcs":[[11715,11716]],"properties":{"anthrome":33}},{"type":"Polygon","arcs":[[11717,11718,11719,11720]],"properties":{"anthrome":61}},{"type":"Polygon","arcs":[[11721,11722,11723]],"properties":{"anthrome":52}},{"type":"Polygon","arcs":[[11724]],"properties":{"anthrome":62}},{"type":"Polygon","arcs":[[11725]],"properties":{"anthrome":52}},{"type":"Polygon","arcs":[[11726]],"properties":{"anthrome":53}},{"type":"Polygon","arcs":[[11727,11728,11729]],"properties":{"anthrome":53}},{"type":"Polygon","arcs":[[11730,11731,-11728]],"properties":{"anthrome":62}},{"type":"Polygon","arcs":[[-11701,11732]],"properties":{"anthrome":52}},{"type":"Polygon","arcs":[[11733,-11699]],"properties":{"anthrome":52}},{"type":"Polygon","arcs":[[11734,11735,11736]],"properties":{"anthrome":61}},{"type":"Polygon","arcs":[[11737,11738,11739]],"properties":{"anthrome":61}},{"type":"Polygon","arcs":[[11740,-11684,11741,-11739]],"properties":{"anthrome":53}},{"type":"Polygon","arcs":[[-11680,11742,11743]],"properties":{"anthrome":53}},{"type":"Polygon","arcs":[[11744,11745]],"properties":{"anthrome":61}},{"type":"Polygon","arcs":[[-11591,-11539,11746,-11711,11747,11748,-11708,11749,11750,11751,11752,-11664,-11609,11753]],"properties":{"anthrome":54}},{"type":"Polygon","arcs":[[11754,11755,11756]],"properties":{"anthrome":53}},{"type":"Polygon","arcs":[[11757,11758]],"properties":{"anthrome":32}},{"type":"Polygon","arcs":[[11759]],"properties":{"anthrome":61}},{"type":"Polygon","arcs":[[11760,11761,11762]],"properties":{"anthrome":61}},{"type":"Polygon","arcs":[[11763,11764]],"properties":{"anthrome":53}},{"type":"Polygon","arcs":[[11765]],"properties":{"anthrome":61}},{"type":"Polygon","arcs":[[11766]],"properties":{"anthrome":53}},{"type":"Polygon","arcs":[[11767]],"properties":{"anthrome":52}},{"type":"Polygon","arcs":[[11768]],"properties":{"anthrome":53}},{"type":"Polygon","arcs":[[11769,11770]],"properties":{"anthrome":53}},{"type":"Polygon","arcs":[[11771,11772,11773]],"properties":{"anthrome":52}},{"type":"Polygon","arcs":[[11774,11775,-11773]],"properties":{"anthrome":53}},{"type":"Polygon","arcs":[[-11656,11776,11777,11778,11779,11780],[-11654]],"properties":{"anthrome":53}},{"type":"Polygon","arcs":[[11781,-11778]],"properties":{"anthrome":52}},{"type":"Polygon","arcs":[[-11752,11782]],"properties":{"anthrome":53}},{"type":"Polygon","arcs":[[11783,-11750]],"properties":{"anthrome":62}},{"type":"Polygon","arcs":[[-11742,11784,11785]],"properties":{"anthrome":61}},{"type":"Polygon","arcs":[[-11745,11786,11787]],"properties":{"anthrome":52}},{"type":"Polygon","arcs":[[-11716,11788,11789]],"properties":{"anthrome":53}},{"type":"Polygon","arcs":[[-11758,11790]],"properties":{"anthrome":61}},{"type":"Polygon","arcs":[[-11560,11791,11792,-11399,-11561],[-11319]],"properties":{"anthrome":61}},{"type":"Polygon","arcs":[[11793,11794,11795,11796]],"properties":{"anthrome":52}},{"type":"Polygon","arcs":[[11797,11798,11799,11800]],"properties":{"anthrome":52}},{"type":"Polygon","arcs":[[11801,11802]],"properties":{"anthrome":53}},{"type":"Polygon","arcs":[[11803,-11774,11804,11805]],"properties":{"anthrome":53}},{"type":"Polygon","arcs":[[-11679,-11788,11806,11807,11808]],"properties":{"anthrome":53}},{"type":"Polygon","arcs":[[11809,11810,11811]],"properties":{"anthrome":61}},{"type":"Polygon","arcs":[[11812,11813,11814,-11811]],"properties":{"anthrome":53}},{"type":"Polygon","arcs":[[11815]],"properties":{"anthrome":61}},{"type":"Polygon","arcs":[[11816,11817]],"properties":{"anthrome":62}},{"type":"Polygon","arcs":[[11818,11819,-11807]],"properties":{"anthrome":54}},{"type":"Polygon","arcs":[[11820,11821,11822,-11668,11823,-11670]],"properties":{"anthrome":53}},{"type":"Polygon","arcs":[[-11682,11824,-11743,-11809,11825,11826,11827,-11817,-11785,-11683]],"properties":{"anthrome":54}},{"type":"Polygon","arcs":[[11828,-11562,-11400,11829,11830,11831,-11764,11832,11833,11834,11835,-11489,11836,11837],[-11412],[11838,-11514,11839,-11473,-11472,-11471],[-11636]],"properties":{"anthrome":61}},{"type":"Polygon","arcs":[[11840]],"properties":{"anthrome":53}},{"type":"Polygon","arcs":[[11841]],"properties":{"anthrome":53}},{"type":"Polygon","arcs":[[-11647,11842,-11649,11843,-11651,11844,-11605,11845,-11653,11846,-11780,11847,-11805,-11776,11848,-11737,11849,11850,11851,-11802,11852,-11771,11853,11854]],"properties":{"anthrome":52}},{"type":"Polygon","arcs":[[-11815,11855,11856]],"properties":{"anthrome":61}},{"type":"Polygon","arcs":[[11857]],"properties":{"anthrome":61}},{"type":"Polygon","arcs":[[11858,11859]],"properties":{"anthrome":62}},{"type":"Polygon","arcs":[[-11851,11860]],"properties":{"anthrome":53}},{"type":"Polygon","arcs":[[11861]],"properties":{"anthrome":53}},{"type":"Polygon","arcs":[[11862]],"properties":{"anthrome":53}},{"type":"Polygon","arcs":[[11863]],"properties":{"anthrome":54}},{"type":"Polygon","arcs":[[11864,11865]],"properties":{"anthrome":54}},{"type":"Polygon","arcs":[[11866,11867,11868]],"properties":{"anthrome":52}},{"type":"Polygon","arcs":[[-11790,11869,11870,11871,11872,11873,-11827,11874,11875]],"properties":{"anthrome":52}},{"type":"Polygon","arcs":[[-11822,11876,11877,11878]],"properties":{"anthrome":61}},{"type":"Polygon","arcs":[[11879,11880,11881]],"properties":{"anthrome":53}},{"type":"Polygon","arcs":[[11882]],"properties":{"anthrome":61}},{"type":"Polygon","arcs":[[11883]],"properties":{"anthrome":52}},{"type":"Polygon","arcs":[[11884]],"properties":{"anthrome":52}},{"type":"Polygon","arcs":[[11885]],"properties":{"anthrome":52}},{"type":"Polygon","arcs":[[-11873,11886]],"properties":{"anthrome":33}},{"type":"Polygon","arcs":[[11887,-11871]],"properties":{"anthrome":54}},{"type":"Polygon","arcs":[[11888]],"properties":{"anthrome":54}},{"type":"Polygon","arcs":[[11889,-10750,11890,-11093,11891,-11564,11892,-11838,11893,11894,-11835,11895,11896,11897,-11761,-11763,11898,11899,11900,11901,11902,11903,11904,-11486,11905,11906,11907,-11140,-11061,-11139,-11169,11908,-11000,11909],[-11144],[-11154],[-11204],[-11623,-11622,-11624],[-11411],[-11316],[-11470]],"properties":{"anthrome":52}},{"type":"Polygon","arcs":[[11910,11911]],"properties":{"anthrome":54}},{"type":"Polygon","arcs":[[11912,-11868,11913]],"properties":{"anthrome":53}},{"type":"Polygon","arcs":[[11914,11915,-11878]],"properties":{"anthrome":53}},{"type":"Polygon","arcs":[[11916,11917]],"properties":{"anthrome":53}},{"type":"Polygon","arcs":[[11918,11919]],"properties":{"anthrome":61}},{"type":"Polygon","arcs":[[11920,11921,11922]],"properties":{"anthrome":61}},{"type":"Polygon","arcs":[[11923,11924,-11921]],"properties":{"anthrome":62}},{"type":"Polygon","arcs":[[11925]],"properties":{"anthrome":62}},{"type":"Polygon","arcs":[[11926,11927,11928]],"properties":{"anthrome":61}},{"type":"Polygon","arcs":[[11929,11930]],"properties":{"anthrome":54}},{"type":"Polygon","arcs":[[11931,11932]],"properties":{"anthrome":61}},{"type":"Polygon","arcs":[[-11916,11933]],"properties":{"anthrome":61}},{"type":"Polygon","arcs":[[11934,11935,-11917]],"properties":{"anthrome":61}},{"type":"Polygon","arcs":[[11936,11937,11938,11939,11940,11941,11942,11943]],"properties":{"anthrome":61}},{"type":"Polygon","arcs":[[11944,11945,11946,-11941]],"properties":{"anthrome":53}},{"type":"Polygon","arcs":[[11947]],"properties":{"anthrome":61}},{"type":"Polygon","arcs":[[11948]],"properties":{"anthrome":54}},{"type":"Polygon","arcs":[[11949]],"properties":{"anthrome":53}},{"type":"Polygon","arcs":[[11950,11951]],"properties":{"anthrome":61}},{"type":"Polygon","arcs":[[11952,11953]],"properties":{"anthrome":54}},{"type":"Polygon","arcs":[[11954]],"properties":{"anthrome":63}},{"type":"Polygon","arcs":[[11955]],"properties":{"anthrome":52}},{"type":"Polygon","arcs":[[11956]],"properties":{"anthrome":61}},{"type":"Polygon","arcs":[[11957]],"properties":{"anthrome":61}},{"type":"Polygon","arcs":[[11958,11959,11960,11961]],"properties":{"anthrome":53}},{"type":"Polygon","arcs":[[11962,11963,11964,11965]],"properties":{"anthrome":52}},{"type":"Polygon","arcs":[[11966]],"properties":{"anthrome":53}},{"type":"Polygon","arcs":[[11967]],"properties":{"anthrome":53}},{"type":"Polygon","arcs":[[-11834,11968,11969,11970,11971,11972,-11946,11973,11974,-11882,11975,-11937,11976,11977,11978,-11719]],"properties":{"anthrome":52}},{"type":"Polygon","arcs":[[11979,11980,11981]],"properties":{"anthrome":53}},{"type":"Polygon","arcs":[[11982]],"properties":{"anthrome":52}},{"type":"Polygon","arcs":[[11983,11984,11985,11986]],"properties":{"anthrome":61}},{"type":"Polygon","arcs":[[11987]],"properties":{"anthrome":61}},{"type":"Polygon","arcs":[[11988,11989,11990,11991]],"properties":{"anthrome":61}},{"type":"Polygon","arcs":[[11992,11993]],"properties":{"anthrome":53}},{"type":"Polygon","arcs":[[11994,11995]],"properties":{"anthrome":54}},{"type":"Polygon","arcs":[[11996,11997]],"properties":{"anthrome":32}},{"type":"Polygon","arcs":[[11998]],"properties":{"anthrome":61}},{"type":"Polygon","arcs":[[11999,12000,12001,12002]],"properties":{"anthrome":52}},{"type":"Polygon","arcs":[[12003]],"properties":{"anthrome":61}},{"type":"Polygon","arcs":[[12004]],"properties":{"anthrome":62}},{"type":"Polygon","arcs":[[12005]],"properties":{"anthrome":54}},{"type":"Polygon","arcs":[[12006]],"properties":{"anthrome":53}},{"type":"Polygon","arcs":[[12007]],"properties":{"anthrome":53}},{"type":"Polygon","arcs":[[12008]],"properties":{"anthrome":54}},{"type":"Polygon","arcs":[[12009]],"properties":{"anthrome":62}},{"type":"Polygon","arcs":[[-10769,-10709,12010,-10816,12011,-10704,12012,-11009,12013,-10960,12014,-10852,12015,-10967,-10890,12016,-11142,12017,-11907,12018,-11488,12019,-11621,12020,-11904,-11903,12021,-11812,-11857,12022,-11900,12023,-11897,12024,-11721,12025,-11978,12026,-11943,12027,12028,12029,12030,12031,12032,-12000,12033,-11989,12034,12035,12036,12037,12038,12039,12040,12041,12042,12043,-11794,12044,12045,12046,-11547,12047,12048,12049,12050,12051,-10888,12052,-10864,-10823,-10773,12053,-10612,12054,-10770],[-10957],[-10866],[-10946],[-10980],[-11760],[-11858],[-11958],[-11919,-11920],[-11999]],"properties":{"anthrome":53}},{"type":"Polygon","arcs":[[12055,12056,12057,12058,12059,12060]],"properties":{"anthrome":53}},{"type":"Polygon","arcs":[[12061]],"properties":{"anthrome":61}},{"type":"Polygon","arcs":[[12062,12063]],"properties":{"anthrome":54}},{"type":"Polygon","arcs":[[-11961,12064,12065,12066]],"properties":{"anthrome":52}},{"type":"Polygon","arcs":[[-11986,12067,12068,12069]],"properties":{"anthrome":62}},{"type":"Polygon","arcs":[[12070,12071,12072,12073]],"properties":{"anthrome":54}},{"type":"Polygon","arcs":[[12074]],"properties":{"anthrome":52}},{"type":"Polygon","arcs":[[12075,12076,12077]],"properties":{"anthrome":52}},{"type":"Polygon","arcs":[[12078,12079]],"properties":{"anthrome":61}},{"type":"Polygon","arcs":[[-12042,12080,12081,12082]],"properties":{"anthrome":52}},{"type":"Polygon","arcs":[[12083,12084,12085,12086]],"properties":{"anthrome":61}},{"type":"Polygon","arcs":[[12087,12088,12089]],"properties":{"anthrome":54}},{"type":"Polygon","arcs":[[12090,12091]],"properties":{"anthrome":61}},{"type":"Polygon","arcs":[[12092,12093,12094,12095]],"properties":{"anthrome":61}},{"type":"Polygon","arcs":[[12096,12097,12098,12099]],"properties":{"anthrome":53}},{"type":"Polygon","arcs":[[12100,12101]],"properties":{"anthrome":53}},{"type":"Polygon","arcs":[[12102,12103,12104,12105]],"properties":{"anthrome":52}},{"type":"Polygon","arcs":[[12106,12107,12108,-12104]],"properties":{"anthrome":61}},{"type":"Polygon","arcs":[[12109]],"properties":{"anthrome":54}},{"type":"Polygon","arcs":[[12110,12111,-12093]],"properties":{"anthrome":53}},{"type":"Polygon","arcs":[[12112,12113,12114,-12111]],"properties":{"anthrome":61}},{"type":"Polygon","arcs":[[12115]],"properties":{"anthrome":54}},{"type":"Polygon","arcs":[[12116,12117]],"properties":{"anthrome":61}},{"type":"Polygon","arcs":[[12118,12119,12120],[-12010]],"properties":{"anthrome":54}},{"type":"Polygon","arcs":[[12121,12122,12123,12124,12125,12126]],"properties":{"anthrome":61}},{"type":"Polygon","arcs":[[12127,12128,12129,12130,12131,12132,-12030,12133]],"properties":{"anthrome":61}},{"type":"Polygon","arcs":[[12134,12135,12136,12137]],"properties":{"anthrome":54}},{"type":"Polygon","arcs":[[12138]],"properties":{"anthrome":53}},{"type":"Polygon","arcs":[[12139,-12130]],"properties":{"anthrome":53}},{"type":"Polygon","arcs":[[12140,12141]],"properties":{"anthrome":61}},{"type":"Polygon","arcs":[[12142]],"properties":{"anthrome":53}},{"type":"Polygon","arcs":[[12143]],"properties":{"anthrome":54}},{"type":"Polygon","arcs":[[12144,12145,12146,12147,12148,-12123,12149,-12036]],"properties":{"anthrome":52}},{"type":"Polygon","arcs":[[12150,12151,-12126,12152,12153,12154]],"properties":{"anthrome":52}},{"type":"Polygon","arcs":[[12155,12156]],"properties":{"anthrome":54}},{"type":"Polygon","arcs":[[12157,12158,12159,12160]],"properties":{"anthrome":52}},{"type":"Polygon","arcs":[[12161,12162,12163]],"properties":{"anthrome":52}},{"type":"Polygon","arcs":[[-12149,12164]],"properties":{"anthrome":61}},{"type":"Polygon","arcs":[[12165,12166,-12159]],"properties":{"anthrome":53}},{"type":"Polygon","arcs":[[12167]],"properties":{"anthrome":54}},{"type":"Polygon","arcs":[[12168,12169,12170]],"properties":{"anthrome":61}},{"type":"Polygon","arcs":[[12171,12172,12173]],"properties":{"anthrome":53}},{"type":"Polygon","arcs":[[12174]],"properties":{"anthrome":54}},{"type":"Polygon","arcs":[[12175,-12132,12176,12177,-12032]],"properties":{"anthrome":54}},{"type":"Polygon","arcs":[[12178,12179,12180,-12085]],"properties":{"anthrome":54}},{"type":"Polygon","arcs":[[12181,12182,12183,12184]],"properties":{"anthrome":53}},{"type":"Polygon","arcs":[[12185,12186]],"properties":{"anthrome":62}},{"type":"Polygon","arcs":[[-12148,12187,12188]],"properties":{"anthrome":61}},{"type":"Polygon","arcs":[[12189]],"properties":{"anthrome":53}},{"type":"Polygon","arcs":[[12190]],"properties":{"anthrome":53}},{"type":"Polygon","arcs":[[12191,12192]],"properties":{"anthrome":62}},{"type":"Polygon","arcs":[[12193,12194,12195]],"properties":{"anthrome":61}},{"type":"Polygon","arcs":[[12196]],"properties":{"anthrome":53}},{"type":"Polygon","arcs":[[12197]],"properties":{"anthrome":54}},{"type":"Polygon","arcs":[[12198]],"properties":{"anthrome":54}},{"type":"Polygon","arcs":[[12199]],"properties":{"anthrome":54}},{"type":"Polygon","arcs":[[12200,-12140]],"properties":{"anthrome":61}},{"type":"Polygon","arcs":[[12201]],"properties":{"anthrome":54}},{"type":"Polygon","arcs":[[12202,12203]],"properties":{"anthrome":54}},{"type":"Polygon","arcs":[[12204]],"properties":{"anthrome":61}},{"type":"Polygon","arcs":[[12205]],"properties":{"anthrome":53}},{"type":"Polygon","arcs":[[12206]],"properties":{"anthrome":53}},{"type":"Polygon","arcs":[[12207]],"properties":{"anthrome":54}},{"type":"Polygon","arcs":[[12208]],"properties":{"anthrome":54}},{"type":"Polygon","arcs":[[12209]],"properties":{"anthrome":53}},{"type":"Polygon","arcs":[[12210,12211]],"properties":{"anthrome":54}},{"type":"Polygon","arcs":[[12212,12213]],"properties":{"anthrome":54}},{"type":"Polygon","arcs":[[12214,12215]],"properties":{"anthrome":53}},{"type":"Polygon","arcs":[[12216,12217]],"properties":{"anthrome":62}},{"type":"Polygon","arcs":[[12218,12219,12220,12221,12222]],"properties":{"anthrome":61}},{"type":"Polygon","arcs":[[12223]],"properties":{"anthrome":62}},{"type":"Polygon","arcs":[[12224,12225]],"properties":{"anthrome":54}},{"type":"Polygon","arcs":[[12226]],"properties":{"anthrome":54}},{"type":"Polygon","arcs":[[12227,12228,12229]],"properties":{"anthrome":54}},{"type":"Polygon","arcs":[[12230]],"properties":{"anthrome":54}},{"type":"Polygon","arcs":[[12231,12232,12233]],"properties":{"anthrome":61}},{"type":"Polygon","arcs":[[12234,12235,12236,-12232]],"properties":{"anthrome":53}},{"type":"Polygon","arcs":[[12237]],"properties":{"anthrome":53}},{"type":"Polygon","arcs":[[12238,12239]],"properties":{"anthrome":61}},{"type":"Polygon","arcs":[[12240]],"properties":{"anthrome":54}},{"type":"Polygon","arcs":[[-12222,12241,12242,12243]],"properties":{"anthrome":52}},{"type":"Polygon","arcs":[[12244,-10718,12245,12246,-10874,-10873,-11036,12247,-11053,12248,12249,-11231,12250,12251,12252,-11401,12253,12254,12255,-11579,12256,12257,12258,12259,-12194,-12163,12260,12261,-11966,12262,12263,12264,-11801,12265,12266,12267,12268,-11444,12269,-11374,12270,12271,-11307,12272,-11276,12273,12274,-11262,12275,-11293,12276,-11261,-11172,12277,-11064,12278,-10981,12279,-10882,12280,-10715,12281,-10670,12282,12283,12284,-10659,-10733,12285,-10740,12286,-10790,12287,12288,12289],[-10665],[-10738],[-10805],[-10856],[-10857],[-10869,-10870],[-11052,-11051,-10971,-10970,-10943,-10945],[-10974],[-10953],[-10984,-10983],[-11138],[-11031,-11030],[-11032],[-11576,12290,-11639,12291,-11573,12292,12293,-11569,12294,-11157,12295,-11566],[-11342],[-11599],[-11864],[-11600],[-11640],[-11726],[-11768],[-11865,-11866],[-11885],[-11949],[-12006],[-12116]],"properties":{"anthrome":53}},{"type":"Polygon","arcs":[[12296,12297]],"properties":{"anthrome":53}},{"type":"Polygon","arcs":[[12298,12299]],"properties":{"anthrome":61}},{"type":"Polygon","arcs":[[12300,12301]],"properties":{"anthrome":62}},{"type":"Polygon","arcs":[[12302]],"properties":{"anthrome":54}},{"type":"Polygon","arcs":[[12303,12304,12305,12306]],"properties":{"anthrome":62}},{"type":"Polygon","arcs":[[12307,12308,-12305]],"properties":{"anthrome":54}},{"type":"Polygon","arcs":[[12309,12310,12311]],"properties":{"anthrome":53}},{"type":"Polygon","arcs":[[12312]],"properties":{"anthrome":53}},{"type":"Polygon","arcs":[[12313,12314,12315]],"properties":{"anthrome":54}},{"type":"Polygon","arcs":[[12316,12317]],"properties":{"anthrome":62}},{"type":"Polygon","arcs":[[12318]],"properties":{"anthrome":53}},{"type":"Polygon","arcs":[[12319]],"properties":{"anthrome":62}},{"type":"Polygon","arcs":[[12320,12321]],"properties":{"anthrome":61}},{"type":"Polygon","arcs":[[-12220,12322,12323,12324,12325]],"properties":{"anthrome":53}},{"type":"Polygon","arcs":[[-12323,12326]],"properties":{"anthrome":52}},{"type":"Polygon","arcs":[[12327,12328]],"properties":{"anthrome":54}},{"type":"Polygon","arcs":[[-12299,12329]],"properties":{"anthrome":70}},{"type":"Polygon","arcs":[[-12306,12330,12331,12332]],"properties":{"anthrome":54}},{"type":"Polygon","arcs":[[12333,12334]],"properties":{"anthrome":62}},{"type":"Polygon","arcs":[[12335]],"properties":{"anthrome":54}},{"type":"Polygon","arcs":[[12336]],"properties":{"anthrome":54}},{"type":"Polygon","arcs":[[12337,12338]],"properties":{"anthrome":62}},{"type":"Polygon","arcs":[[12339,12340]],"properties":{"anthrome":62}},{"type":"Polygon","arcs":[[12341]],"properties":{"anthrome":61}},{"type":"Polygon","arcs":[[-12321,12342]],"properties":{"anthrome":53}},{"type":"Polygon","arcs":[[12343,12344,12345]],"properties":{"anthrome":53}},{"type":"Polygon","arcs":[[12346,12347,12348],[-12231],[-12316,-12315,-12314],[-12337]],"properties":{"anthrome":53}},{"type":"Polygon","arcs":[[-12309,-12335,12349,12350,12351]],"properties":{"anthrome":61}},{"type":"Polygon","arcs":[[12352,12353,12354,12355,12356,12357]],"properties":{"anthrome":62}},{"type":"Polygon","arcs":[[12358,12359,12360,12361,12362]],"properties":{"anthrome":53}},{"type":"Polygon","arcs":[[12363]],"properties":{"anthrome":61}},{"type":"Polygon","arcs":[[-12332,12364,12365,12366]],"properties":{"anthrome":53}},{"type":"Polygon","arcs":[[12367,12368,-12355]],"properties":{"anthrome":61}},{"type":"Polygon","arcs":[[12369,12370]],"properties":{"anthrome":62}},{"type":"Polygon","arcs":[[12371,12372,-12361]],"properties":{"anthrome":52}},{"type":"Polygon","arcs":[[12373,12374,-12372]],"properties":{"anthrome":53}},{"type":"Polygon","arcs":[[12375,12376]],"properties":{"anthrome":61}},{"type":"Polygon","arcs":[[12377]],"properties":{"anthrome":54}},{"type":"Polygon","arcs":[[12378]],"properties":{"anthrome":54}},{"type":"Polygon","arcs":[[-12239,12379,12380,-12169,12381]],"properties":{"anthrome":53}},{"type":"Polygon","arcs":[[12382]],"properties":{"anthrome":54}},{"type":"Polygon","arcs":[[12383,12384,12385,12386]],"properties":{"anthrome":53}},{"type":"Polygon","arcs":[[12387,12388]],"properties":{"anthrome":61}},{"type":"Polygon","arcs":[[12389,12390]],"properties":{"anthrome":53}},{"type":"Polygon","arcs":[[12391,12392,12393]],"properties":{"anthrome":53}},{"type":"Polygon","arcs":[[12394]],"properties":{"anthrome":61}},{"type":"Polygon","arcs":[[12395]],"properties":{"anthrome":53}},{"type":"Polygon","arcs":[[12396,12397]],"properties":{"anthrome":54}},{"type":"Polygon","arcs":[[12398,12399]],"properties":{"anthrome":54}},{"type":"Polygon","arcs":[[12400]],"properties":{"anthrome":54}},{"type":"Polygon","arcs":[[12401]],"properties":{"anthrome":53}},{"type":"Polygon","arcs":[[12402]],"properties":{"anthrome":52}},{"type":"Polygon","arcs":[[12403]],"properties":{"anthrome":61}},{"type":"Polygon","arcs":[[12404]],"properties":{"anthrome":53}},{"type":"Polygon","arcs":[[12405,12406,12407,12408]],"properties":{"anthrome":62}},{"type":"Polygon","arcs":[[12409,12410,-12407]],"properties":{"anthrome":53}},{"type":"Polygon","arcs":[[12411]],"properties":{"anthrome":52}},{"type":"Polygon","arcs":[[12412]],"properties":{"anthrome":53}},{"type":"Polygon","arcs":[[12413,12414]],"properties":{"anthrome":53}},{"type":"Polygon","arcs":[[12415]],"properties":{"anthrome":54}},{"type":"Polygon","arcs":[[12416,12417]],"properties":{"anthrome":61}},{"type":"Polygon","arcs":[[12418,12419]],"properties":{"anthrome":54}},{"type":"Polygon","arcs":[[12420,-12417,12421,12422,12423,12424]],"properties":{"anthrome":53}},{"type":"Polygon","arcs":[[12425,12426,12427,12428]],"properties":{"anthrome":53}},{"type":"Polygon","arcs":[[12429]],"properties":{"anthrome":54}},{"type":"Polygon","arcs":[[-12423,12430,12431]],"properties":{"anthrome":62}},{"type":"Polygon","arcs":[[12432]],"properties":{"anthrome":54}},{"type":"Polygon","arcs":[[12433]],"properties":{"anthrome":62}},{"type":"Polygon","arcs":[[12434]],"properties":{"anthrome":53}},{"type":"Polygon","arcs":[[12435,12436,12437,12438]],"properties":{"anthrome":53}},{"type":"Polygon","arcs":[[12439,12440,12441,-12437,12442,12443,-12390,-12374,-12360,12444]],"properties":{"anthrome":52}},{"type":"Polygon","arcs":[[12445]],"properties":{"anthrome":62}},{"type":"Polygon","arcs":[[12446]],"properties":{"anthrome":53}},{"type":"Polygon","arcs":[[12447]],"properties":{"anthrome":53}},{"type":"Polygon","arcs":[[12448]],"properties":{"anthrome":43}},{"type":"Polygon","arcs":[[12449,12450]],"properties":{"anthrome":52}},{"type":"Polygon","arcs":[[-12438,12451,12452,12453]],"properties":{"anthrome":52}},{"type":"Polygon","arcs":[[12454]],"properties":{"anthrome":54}},{"type":"Polygon","arcs":[[12455]],"properties":{"anthrome":53}},{"type":"Polygon","arcs":[[12456]],"properties":{"anthrome":61}},{"type":"Polygon","arcs":[[12457]],"properties":{"anthrome":54}},{"type":"Polygon","arcs":[[12458]],"properties":{"anthrome":53}},{"type":"Polygon","arcs":[[12459,12460]],"properties":{"anthrome":54}},{"type":"Polygon","arcs":[[12461,12462]],"properties":{"anthrome":62}},{"type":"Polygon","arcs":[[12463]],"properties":{"anthrome":62}},{"type":"Polygon","arcs":[[12464]],"properties":{"anthrome":51}},{"type":"Polygon","arcs":[[12465]],"properties":{"anthrome":53}},{"type":"Polygon","arcs":[[12466]],"properties":{"anthrome":53}},{"type":"Polygon","arcs":[[12467]],"properties":{"anthrome":53}},{"type":"Polygon","arcs":[[12468]],"properties":{"anthrome":54}},{"type":"Polygon","arcs":[[12469]],"properties":{"anthrome":62}},{"type":"Polygon","arcs":[[12470,12471]],"properties":{"anthrome":53}},{"type":"Polygon","arcs":[[12472,12473,12474,12475,12476,12477,12478,12479,-12452,-12442,12480],[-12455]],"properties":{"anthrome":53}},{"type":"Polygon","arcs":[[12481]],"properties":{"anthrome":54}},{"type":"Polygon","arcs":[[12482,12483,12484,12485]],"properties":{"anthrome":52}},{"type":"Polygon","arcs":[[12486,-12477,12487,-12484]],"properties":{"anthrome":54}},{"type":"Polygon","arcs":[[12488,12489,12490]],"properties":{"anthrome":51}},{"type":"Polygon","arcs":[[12491]],"properties":{"anthrome":53}},{"type":"Polygon","arcs":[[12492,12493]],"properties":{"anthrome":62}},{"type":"Polygon","arcs":[[12494,12495]],"properties":{"anthrome":61}},{"type":"Polygon","arcs":[[12496]],"properties":{"anthrome":53}},{"type":"Polygon","arcs":[[-12428,12497,12498]],"properties":{"anthrome":54}},{"type":"Polygon","arcs":[[12499]],"properties":{"anthrome":54}},{"type":"Polygon","arcs":[[12500]],"properties":{"anthrome":62}},{"type":"Polygon","arcs":[[12501,12502,12503,12504]],"properties":{"anthrome":43}},{"type":"Polygon","arcs":[[12505,12506,12507,-12503]],"properties":{"anthrome":52}},{"type":"Polygon","arcs":[[12508]],"properties":{"anthrome":61}},{"type":"Polygon","arcs":[[12509,12510]],"properties":{"anthrome":52}},{"type":"Polygon","arcs":[[12511]],"properties":{"anthrome":54}},{"type":"Polygon","arcs":[[12512]],"properties":{"anthrome":54}},{"type":"Polygon","arcs":[[12513]],"properties":{"anthrome":54}},{"type":"Polygon","arcs":[[12514,12515,12516,12517]],"properties":{"anthrome":53}},{"type":"Polygon","arcs":[[12518,12519,12520,12521]],"properties":{"anthrome":62}},{"type":"Polygon","arcs":[[-12485,12522,12523]],"properties":{"anthrome":53}},{"type":"Polygon","arcs":[[12524,12525,12526]],"properties":{"anthrome":54}},{"type":"Polygon","arcs":[[12527,12528,12529]],"properties":{"anthrome":51}},{"type":"Polygon","arcs":[[12530]],"properties":{"anthrome":62}},{"type":"Polygon","arcs":[[12531]],"properties":{"anthrome":54}},{"type":"Polygon","arcs":[[12532,12533]],"properties":{"anthrome":52}},{"type":"Polygon","arcs":[[12534,12535]],"properties":{"anthrome":53}},{"type":"Polygon","arcs":[[-12516,12536,-12535]],"properties":{"anthrome":54}},{"type":"Polygon","arcs":[[12537]],"properties":{"anthrome":53}},{"type":"Polygon","arcs":[[12538]],"properties":{"anthrome":53}},{"type":"Polygon","arcs":[[12539]],"properties":{"anthrome":54}},{"type":"Polygon","arcs":[[12540,12541]],"properties":{"anthrome":62}},{"type":"Polygon","arcs":[[12542]],"properties":{"anthrome":54}},{"type":"Polygon","arcs":[[12543]],"properties":{"anthrome":54}},{"type":"Polygon","arcs":[[12544,-12496,12545,12546]],"properties":{"anthrome":53}},{"type":"Polygon","arcs":[[12547]],"properties":{"anthrome":52}},{"type":"Polygon","arcs":[[12548,12549]],"properties":{"anthrome":54}},{"type":"Polygon","arcs":[[12550,-12549]],"properties":{"anthrome":62}},{"type":"Polygon","arcs":[[12551]],"properties":{"anthrome":61}},{"type":"Polygon","arcs":[[12552,12553,12554]],"properties":{"anthrome":54}},{"type":"Polygon","arcs":[[12555]],"properties":{"anthrome":62}},{"type":"Polygon","arcs":[[12556]],"properties":{"anthrome":54}},{"type":"Polygon","arcs":[[12557,12558]],"properties":{"anthrome":62}},{"type":"Polygon","arcs":[[12559,12560]],"properties":{"anthrome":53}},{"type":"Polygon","arcs":[[12561]],"properties":{"anthrome":62}},{"type":"Polygon","arcs":[[-12537,12562]],"properties":{"anthrome":53}},{"type":"Polygon","arcs":[[12563]],"properties":{"anthrome":62}},{"type":"Polygon","arcs":[[12564]],"properties":{"anthrome":54}},{"type":"Polygon","arcs":[[12565,12566,12567]],"properties":{"anthrome":53}},{"type":"Polygon","arcs":[[12568,12569,12570,12571]],"properties":{"anthrome":54}},{"type":"Polygon","arcs":[[12572,12573,12574]],"properties":{"anthrome":54}},{"type":"Polygon","arcs":[[12575,12576]],"properties":{"anthrome":62}},{"type":"Polygon","arcs":[[-12558,12577]],"properties":{"anthrome":53}},{"type":"Polygon","arcs":[[12578,12579,12580]],"properties":{"anthrome":62}},{"type":"Polygon","arcs":[[12581]],"properties":{"anthrome":53}},{"type":"Polygon","arcs":[[12582,-12524,-12555,12583,12584],[-12539]],"properties":{"anthrome":52}},{"type":"Polygon","arcs":[[-12580,12585]],"properties":{"anthrome":54}},{"type":"Polygon","arcs":[[12586,12587,-12521,12588,-12568,12589,12590,12591,12592,12593,12594,12595]],"properties":{"anthrome":61}},{"type":"Polygon","arcs":[[12596,12597]],"properties":{"anthrome":54}},{"type":"Polygon","arcs":[[12598,-12593,12599]],"properties":{"anthrome":53}},{"type":"Polygon","arcs":[[12600,12601]],"properties":{"anthrome":52}},{"type":"Polygon","arcs":[[12602,12603]],"properties":{"anthrome":62}},{"type":"Polygon","arcs":[[12604,12605]],"properties":{"anthrome":54}},{"type":"Polygon","arcs":[[12606,12607]],"properties":{"anthrome":62}},{"type":"Polygon","arcs":[[12608]],"properties":{"anthrome":61}},{"type":"Polygon","arcs":[[12609,12610,12611]],"properties":{"anthrome":62}},{"type":"Polygon","arcs":[[12612,12613]],"properties":{"anthrome":61}},{"type":"Polygon","arcs":[[12614]],"properties":{"anthrome":54}},{"type":"Polygon","arcs":[[12615]],"properties":{"anthrome":54}},{"type":"Polygon","arcs":[[12616,-12600,12617,12618,12619,12620]],"properties":{"anthrome":54}},{"type":"Polygon","arcs":[[12621,12622,-12576,12623,12624]],"properties":{"anthrome":54}},{"type":"Polygon","arcs":[[-12592,12625,12626,12627,12628,-12618]],"properties":{"anthrome":62}},{"type":"Polygon","arcs":[[12629]],"properties":{"anthrome":54}},{"type":"Polygon","arcs":[[12630,12631]],"properties":{"anthrome":53}},{"type":"Polygon","arcs":[[12632,12633,12634,-12493]],"properties":{"anthrome":54}},{"type":"Polygon","arcs":[[-12611,12635,12636]],"properties":{"anthrome":53}},{"type":"Polygon","arcs":[[12637]],"properties":{"anthrome":62}},{"type":"Polygon","arcs":[[12638]],"properties":{"anthrome":54}},{"type":"Polygon","arcs":[[12639,12640,-12602,-12614,-12632,12641,12642,12643,12644,12645,12646,12647]],"properties":{"anthrome":51}},{"type":"Polygon","arcs":[[12648]],"properties":{"anthrome":54}},{"type":"Polygon","arcs":[[12649]],"properties":{"anthrome":62}},{"type":"Polygon","arcs":[[12650,12651]],"properties":{"anthrome":54}},{"type":"Polygon","arcs":[[12652,12653,12654]],"properties":{"anthrome":54}},{"type":"Polygon","arcs":[[12655,-12643]],"properties":{"anthrome":61}},{"type":"Polygon","arcs":[[12656]],"properties":{"anthrome":62}},{"type":"Polygon","arcs":[[12657,12658]],"properties":{"anthrome":62}},{"type":"Polygon","arcs":[[12659]],"properties":{"anthrome":54}},{"type":"Polygon","arcs":[[12660,12661,-12489,-12491,-12528,12662,-12527,12663,12664,-12575,12665,12666,-12598,12667,-12645,12668,12669,-12655,12670,12671,12672,-12651,12673,12674,-12570,12675,-12553,-12523,12676,-12475,12677,12678,-12499,12679,-12426,-12392,-12345,12680,12681,12682,-12184,12683,-12099,12684,-12137,-12136,12685,12686,12687,12688],[-12168],[-12202],[-12241],[-12336],[-12465],[-12540]],"properties":{"anthrome":52}},{"type":"Polygon","arcs":[[12689,-12628,12690,12691,12692,12693,12694,-12620]],"properties":{"anthrome":61}},{"type":"Polygon","arcs":[[12695,-12511,12696,-12585,12697,-12572,12698,-12674,12699,12700,12701]],"properties":{"anthrome":53}},{"type":"Polygon","arcs":[[12702,12703,12704,-12671]],"properties":{"anthrome":54}},{"type":"Polygon","arcs":[[12705,12706]],"properties":{"anthrome":62}},{"type":"Polygon","arcs":[[12707,12708,12709]],"properties":{"anthrome":54}},{"type":"Polygon","arcs":[[-12673,12710,12711]],"properties":{"anthrome":53}},{"type":"Polygon","arcs":[[-12654,12712,12713,-12703]],"properties":{"anthrome":62}},{"type":"Polygon","arcs":[[12714]],"properties":{"anthrome":62}},{"type":"Polygon","arcs":[[12715]],"properties":{"anthrome":62}},{"type":"Polygon","arcs":[[12716,12717]],"properties":{"anthrome":62}},{"type":"Polygon","arcs":[[12718,12719]],"properties":{"anthrome":53}},{"type":"Polygon","arcs":[[12720]],"properties":{"anthrome":62}},{"type":"Polygon","arcs":[[12721]],"properties":{"anthrome":62}},{"type":"Polygon","arcs":[[12722,12723]],"properties":{"anthrome":61}},{"type":"Polygon","arcs":[[12724,12725,12726,12727,-12710,12728,12729],[-12639]],"properties":{"anthrome":53}},{"type":"Polygon","arcs":[[-12693,12730,12731,12732]],"properties":{"anthrome":53}},{"type":"Polygon","arcs":[[12733,12734]],"properties":{"anthrome":54}},{"type":"Polygon","arcs":[[12735]],"properties":{"anthrome":54}},{"type":"Polygon","arcs":[[12736,12737,12738]],"properties":{"anthrome":53}},{"type":"Polygon","arcs":[[12739,12740,-12738]],"properties":{"anthrome":54}},{"type":"Polygon","arcs":[[12741,12742]],"properties":{"anthrome":53}},{"type":"Polygon","arcs":[[-12079,12743,-12204,12744,-12376,12745,-12603,12746,12747,12748,-12117,12749]],"properties":{"anthrome":53}},{"type":"Polygon","arcs":[[12750]],"properties":{"anthrome":53}},{"type":"Polygon","arcs":[[12751]],"properties":{"anthrome":62}},{"type":"Polygon","arcs":[[12752]],"properties":{"anthrome":62}},{"type":"Polygon","arcs":[[12753]],"properties":{"anthrome":62}},{"type":"Polygon","arcs":[[-12734,12754]],"properties":{"anthrome":52}},{"type":"Polygon","arcs":[[12755]],"properties":{"anthrome":54}},{"type":"Polygon","arcs":[[12756]],"properties":{"anthrome":54}},{"type":"Polygon","arcs":[[-12748,12757,-12706,12758,-12471,12759,-12340,12760,12761,-12236,-12217,12762],[-12238],[-12319]],"properties":{"anthrome":54}},{"type":"Polygon","arcs":[[-11793,-11792,12763,12764,-11923,12765,12766,12767,-12096,12768,12769,-12142,12770,12771,12772,12773,-12334,-12308,-12228,-12230,12774,12775,12776,12777,12778,-12595,12779,-12621,12780,12781,-12533,12782,-12450,12783,12784,-12327,-12219,12785,12786,12787,12788,-12124,-12165,-12189,12789,12790,-12178,12791,-12201,-12129,12792,-11970,12793,-11831,-11830],[-11766],[-11816],[-11883],[12794,-12180,12795,-12087],[-11948],[-12004],[-12110],[-12205],[-12214,-12213],[-12303],[-12482],[-12548]],"properties":{"anthrome":53}},{"type":"Polygon","arcs":[[12796]],"properties":{"anthrome":54}},{"type":"Polygon","arcs":[[12797,12798]],"properties":{"anthrome":62}},{"type":"Polygon","arcs":[[12799]],"properties":{"anthrome":54}},{"type":"Polygon","arcs":[[12800]],"properties":{"anthrome":53}},{"type":"Polygon","arcs":[[12801]],"properties":{"anthrome":54}},{"type":"Polygon","arcs":[[12802]],"properties":{"anthrome":54}},{"type":"Polygon","arcs":[[12803]],"properties":{"anthrome":54}},{"type":"Polygon","arcs":[[12804,12805,12806,12807,12808]],"properties":{"anthrome":62}},{"type":"Polygon","arcs":[[12809,12810],[-12797]],"properties":{"anthrome":62}},{"type":"Polygon","arcs":[[12811,-12807,12812,12813]],"properties":{"anthrome":63}},{"type":"Polygon","arcs":[[12814]],"properties":{"anthrome":53}},{"type":"Polygon","arcs":[[-12723,12815,12816,12817]],"properties":{"anthrome":53}},{"type":"Polygon","arcs":[[12818]],"properties":{"anthrome":54}},{"type":"Polygon","arcs":[[12819,12820]],"properties":{"anthrome":61}},{"type":"Polygon","arcs":[[12821,12822,12823]],"properties":{"anthrome":52}},{"type":"Polygon","arcs":[[12824,12825,12826]],"properties":{"anthrome":63}},{"type":"Polygon","arcs":[[12827,12828]],"properties":{"anthrome":62}},{"type":"Polygon","arcs":[[12829,12830,12831,-12824,12832,12833,12834]],"properties":{"anthrome":53}},{"type":"Polygon","arcs":[[12835]],"properties":{"anthrome":53}},{"type":"Polygon","arcs":[[-12833,12836,12837]],"properties":{"anthrome":52}},{"type":"Polygon","arcs":[[12838,12839,12840]],"properties":{"anthrome":63}},{"type":"Polygon","arcs":[[12841]],"properties":{"anthrome":53}},{"type":"Polygon","arcs":[[12842,12843]],"properties":{"anthrome":54}},{"type":"Polygon","arcs":[[12844,12845,12846]],"properties":{"anthrome":62}},{"type":"Polygon","arcs":[[-12843,12847,12848]],"properties":{"anthrome":62}},{"type":"Polygon","arcs":[[12849,12850,-12700,-12652,-12712,-12720,12851,-12739,12852,12853,12854,-12735,12855,12856,12857,12858,-12727,12859],[-12630],[-12736],[-12800]],"properties":{"anthrome":52}},{"type":"Polygon","arcs":[[-12826,12860,12861,12862]],"properties":{"anthrome":62}},{"type":"Polygon","arcs":[[12863]],"properties":{"anthrome":54}},{"type":"Polygon","arcs":[[12864]],"properties":{"anthrome":63}},{"type":"Polygon","arcs":[[12865]],"properties":{"anthrome":54}},{"type":"Polygon","arcs":[[12866,12867,12868]],"properties":{"anthrome":61}},{"type":"Polygon","arcs":[[12869]],"properties":{"anthrome":62}},{"type":"Polygon","arcs":[[12870,12871]],"properties":{"anthrome":52}},{"type":"Polygon","arcs":[[12872]],"properties":{"anthrome":52}},{"type":"Polygon","arcs":[[12873]],"properties":{"anthrome":52}},{"type":"Polygon","arcs":[[12874]],"properties":{"anthrome":62}},{"type":"Polygon","arcs":[[12875]],"properties":{"anthrome":53}},{"type":"Polygon","arcs":[[12876]],"properties":{"anthrome":54}},{"type":"Polygon","arcs":[[12877,12878,12879,12880]],"properties":{"anthrome":62}},{"type":"Polygon","arcs":[[12881,12882,12883,-12879]],"properties":{"anthrome":52}},{"type":"Polygon","arcs":[[12884,12885,-12883]],"properties":{"anthrome":62}},{"type":"Polygon","arcs":[[12886,12887]],"properties":{"anthrome":62}},{"type":"Polygon","arcs":[[12888]],"properties":{"anthrome":54}},{"type":"Polygon","arcs":[[12889]],"properties":{"anthrome":62}},{"type":"Polygon","arcs":[[12890,12891]],"properties":{"anthrome":53}},{"type":"Polygon","arcs":[[12892]],"properties":{"anthrome":63}},{"type":"Polygon","arcs":[[12893,12894,-12892,12895,12896,12897]],"properties":{"anthrome":52}},{"type":"Polygon","arcs":[[12898]],"properties":{"anthrome":62}},{"type":"Polygon","arcs":[[12899,12900,12901,12902]],"properties":{"anthrome":53}},{"type":"Polygon","arcs":[[12903,12904,12905,12906]],"properties":{"anthrome":61}},{"type":"Polygon","arcs":[[12907,12908,12909,12910]],"properties":{"anthrome":62}},{"type":"Polygon","arcs":[[12911]],"properties":{"anthrome":53}},{"type":"Polygon","arcs":[[-12902,12912,12913,12914]],"properties":{"anthrome":62}},{"type":"Polygon","arcs":[[12915]],"properties":{"anthrome":54}},{"type":"Polygon","arcs":[[12916,12917]],"properties":{"anthrome":54}},{"type":"Polygon","arcs":[[12918,12919,-12904,12920,12921,12922,-12867,12923,12924]],"properties":{"anthrome":53}},{"type":"Polygon","arcs":[[-12910,12925,12926,12927]],"properties":{"anthrome":61}},{"type":"Polygon","arcs":[[12928]],"properties":{"anthrome":62}},{"type":"Polygon","arcs":[[12929,12930]],"properties":{"anthrome":61}},{"type":"Polygon","arcs":[[12931,12932,-12931,12933,12934]],"properties":{"anthrome":53}},{"type":"Polygon","arcs":[[12935,12936,12937,12938]],"properties":{"anthrome":61}},{"type":"Polygon","arcs":[[12939,12940]],"properties":{"anthrome":62}},{"type":"Polygon","arcs":[[12941,12942]],"properties":{"anthrome":62}},{"type":"Polygon","arcs":[[12943,12944,12945,12946]],"properties":{"anthrome":53}},{"type":"Polygon","arcs":[[12947,-12945]],"properties":{"anthrome":54}},{"type":"Polygon","arcs":[[12948]],"properties":{"anthrome":62}},{"type":"Polygon","arcs":[[12949]],"properties":{"anthrome":62}},{"type":"Polygon","arcs":[[12950,12951]],"properties":{"anthrome":62}},{"type":"Polygon","arcs":[[12952,12953]],"properties":{"anthrome":62}},{"type":"Polygon","arcs":[[12954]],"properties":{"anthrome":53}},{"type":"Polygon","arcs":[[12955,12956]],"properties":{"anthrome":62}},{"type":"Polygon","arcs":[[12957,12958,12959]],"properties":{"anthrome":53}},{"type":"Polygon","arcs":[[12960,12961]],"properties":{"anthrome":53}},{"type":"Polygon","arcs":[[-11931,-11954,12962,-12064,12963,-12119,12964,12965,-12211,12966,-12156,12967,-11995,12968,-11911,12969,-12092,12970,12971,12972,12973,12974,12975,12976,12977,12978,12979,12980,12981,12982,-12622,12983,-12634,12984,-12460,12985,-12397,12986,-12419,12987,-12225,12988],[12989,-12090,-12089,12990,-11951],[-12009],[-12144],[-12198],[-12199],[-12200],[-12208],[-12209],[-12227],[-12383],[-12378],[-12379],[-12400,-12399],[-12458],[-12401],[-12430],[-12416],[-12514],[-12500],[-12469],[-12532],[-12512],[-12513],[-12543],[-12544],[-12565],[-12557],[-12606,-12605],[-12615],[-12616],[-12660],[-12649],[-12756],[-12757],[-12802],[-12803],[-12804],[-12864],[-12866],[-12877],[-12889],[-12916],[-12918,-12917]],"properties":{"anthrome":62}},{"type":"Polygon","arcs":[[12991]],"properties":{"anthrome":53}},{"type":"Polygon","arcs":[[12992,12993,12994,12995]],"properties":{"anthrome":53}},{"type":"Polygon","arcs":[[-12946,12996,-12961,12997,12998]],"properties":{"anthrome":54}},{"type":"Polygon","arcs":[[12999,13000,13001]],"properties":{"anthrome":62}},{"type":"Polygon","arcs":[[13002,-8388,13003,-9295,13004,-9699,13005,13006,-9768,13007,-9894,13008,-9849,13009,-9850,13010,-10086,13011,13012,-11161,13013,-11390,13014,-11478,-11477,-11581,13015,-11730,13016,13017,-12174,-12173,13018,-12215,13019,-12318,-12339,13020,-12347,-12349,13021,-12541,13022,-12659,13023,-12743,13024,-12799,13025,-12847,13026,-12935,13027,-12954,13028,13029,13030,-12849,13031,-12579,13032,-12192,13033,-11492,13034,13035,13036,13037,-11442,-11517,13038,-12267,13039,-11799,13040,-12264,13041,-11964,13042,-12078,13043,-12164,-12196,13044,-12259,-12258,-12257,-11642,13045,-12255,-12254,-11339,13046,-11300,-11228,-11055,-11034,13047,-10858,-10863,13048,13049,-10721,-12247,13050,-12290,-12289,13051,-10792,13052,13053,-10664,13054,-12284,13055,-10668,-10667,-10431,-10674,13056,-10570,-10507,13057,-10502,13058,-10552,13059,-10093,-10166,-10548,13060,-10310,13061,-9930,13062,-10324,13063,-10105,-10154,13064,-10581,-10145,13065,-10054,-10053,-9974,-9928,13066,-9870,13067,-9773,13068,-9430,13069,-9541,13070,-9460,-9517,13071,-9538,13072,-9644,13073,13074,-9663,-9662,13075,-9656,13076,-9642,13077,-9534,13078,-9570,-9569,-9087,-9086,-9049,-9568,-9567,-9566,-9565,-9564,-9563],[-8916],[-9031,-9030],[-9063,-9064],[-9088],[-9136],[-9137],[-9142,-9141,-9140],[-9208],[-9257],[-9258,-9259],[-9272],[-9273,-9274],[-9275],[-9305],[-9630],[-9432],[13079,-9521,13080,-9702,13081,-9709,13082,-9705],[-9477],[-9588],[13083,-10026,-10025,-10115,13084,-10073,13085,-9828,13086,-10077],[-9606],[-9649],[-9650],[-9667],[-9784],[-9872],[-9945],[-9893,-9892],[-9933],[-10057],[13087,-10085,13088,-9977],[-10113],[-10124],[-10167],[-10343],[-10329],[-10342],[-10330],[-10365],[-10420],[-10422,-10421],[13089,13090,-10438,13091],[-10459],[-10460],[-10511],[13092,-10599,13093,-10577,13094,-10596,13095],[-10722],[-10734],[-10903],[-10904],[-10933,-10975,13096,13097,-11101,13098,-11145,-10977,-10935,13099],[-10954],[-10985],[-11066],[-11242],[-11494],[-11863],[-11601],[-11602],[-11643],[-11727],[-11769],[-11841],[-11842],[13100,-11927,-11929,13101,-12059,13102,13103,-12101,13104,13105,-12061],[13106,-12066,13107,-11959],[-11950],[-11983],[-11994,-11993],[-12139],[-12007],[-12008],[-12143],[-12197],[-12206],[-12207],[-12210],[-12313],[-12402],[-12396],[-12413],[-12414,-12415],[-12446],[-12448],[-12447],[-12456],[-12466],[-12467],[-12468],[-12492],[-12531],[-12564],[-12657],[-12810,-12811],[-12721],[-12722],[-12751],[-12815],[-12929]],"properties":{"anthrome":54}},{"type":"Polygon","arcs":[[-12981,13108,-12960,13109,-12957,13110,13111,13112,13113,13114,-13000,13115,-12994,-12993,13116,-12942,13117,-12887,13118],[13119,-12914,13120,-12900],[-12955]],"properties":{"anthrome":54}},{"type":"Polygon","arcs":[[13121]],"properties":{"anthrome":53}},{"type":"Polygon","arcs":[[-13030,13122]],"properties":{"anthrome":62}},{"type":"Polygon","arcs":[[13123,-13114]],"properties":{"anthrome":53}},{"type":"Polygon","arcs":[[13124,-13112]],"properties":{"anthrome":62}},{"type":"Polygon","arcs":[[13125]],"properties":{"anthrome":62}},{"type":"Polygon","arcs":[[13126]],"properties":{"anthrome":62}},{"type":"Polygon","arcs":[[13127,13128]],"properties":{"anthrome":52}},{"type":"Polygon","arcs":[[13129]],"properties":{"anthrome":62}},{"type":"Polygon","arcs":[[13130,13131,13132]],"properties":{"anthrome":62}},{"type":"Polygon","arcs":[[13133,13134]],"properties":{"anthrome":54}},{"type":"Polygon","arcs":[[13135,13136,13137,13138]],"properties":{"anthrome":53}},{"type":"Polygon","arcs":[[13139,13140,13141,13142]],"properties":{"anthrome":61}},{"type":"Polygon","arcs":[[13143,13144,13145]],"properties":{"anthrome":52}},{"type":"Polygon","arcs":[[13146]],"properties":{"anthrome":62}},{"type":"Polygon","arcs":[[13147]],"properties":{"anthrome":62}},{"type":"Polygon","arcs":[[13148,13149,13150,13151]],"properties":{"anthrome":53}},{"type":"Polygon","arcs":[[13152,13153]],"properties":{"anthrome":53}},{"type":"Polygon","arcs":[[13154]],"properties":{"anthrome":62}},{"type":"Polygon","arcs":[[-13151,13155,13156,13157]],"properties":{"anthrome":61}},{"type":"Polygon","arcs":[[13158,13159,13160]],"properties":{"anthrome":62}},{"type":"Polygon","arcs":[[13161,13162]],"properties":{"anthrome":61}},{"type":"Polygon","arcs":[[13163]],"properties":{"anthrome":61}},{"type":"Polygon","arcs":[[13164,13165]],"properties":{"anthrome":62}},{"type":"Polygon","arcs":[[13166,13167,13168,13169]],"properties":{"anthrome":52}},{"type":"Polygon","arcs":[[-13159,13170,13171,13172]],"properties":{"anthrome":54}},{"type":"Polygon","arcs":[[-13171,13173]],"properties":{"anthrome":62}},{"type":"Polygon","arcs":[[13174]],"properties":{"anthrome":62}},{"type":"Polygon","arcs":[[13175]],"properties":{"anthrome":62}},{"type":"Polygon","arcs":[[13176,13177]],"properties":{"anthrome":53}},{"type":"Polygon","arcs":[[13178,13179]],"properties":{"anthrome":61}},{"type":"Polygon","arcs":[[-12297,-12425,13180,13181,13182,-12547,-12578,13183,13184,13185,-12818,13186,13187,-12925,13188,13189,-12922,13190,-12906,13191,-12944,13192,-12936,13193,13194,13195,-13141,13196,13197,13198,13199,13200,13201,-13178,13202,-13165,13203,-13137,13204,-13133,13205,13206,13207,13208,-12978,-12977,-12976,-12975,-12974,-12973,-12972,13209],[-12715],[-12752],[-12890],[-12949],[-12950],[-13122],[-13126],[-13127],[-13148]],"properties":{"anthrome":54}},{"type":"Polygon","arcs":[[13210,13211,13212,13213]],"properties":{"anthrome":52}},{"type":"Polygon","arcs":[[13214,13215,13216]],"properties":{"anthrome":61}},{"type":"Polygon","arcs":[[13217,13218,13219,13220]],"properties":{"anthrome":62}},{"type":"Polygon","arcs":[[13221,13222]],"properties":{"anthrome":54}},{"type":"Polygon","arcs":[[13223,13224,13225,13226,13227,-13201]],"properties":{"anthrome":53}},{"type":"Polygon","arcs":[[13228,13229,13230]],"properties":{"anthrome":53}},{"type":"Polygon","arcs":[[-13227,13231]],"properties":{"anthrome":61}},{"type":"Polygon","arcs":[[13232,13233]],"properties":{"anthrome":61}},{"type":"Polygon","arcs":[[13234,13235]],"properties":{"anthrome":62}},{"type":"Polygon","arcs":[[13236,13237]],"properties":{"anthrome":61}},{"type":"Polygon","arcs":[[-12938,-12999,13238,-13134,13239,-13180,13240,-13223,-13235,13241,-13233,13242,-13219,13243,-13198,13244,-13143,13245,-13195,13246],[-13164]],"properties":{"anthrome":53}},{"type":"Polygon","arcs":[[13247,13248,13249]],"properties":{"anthrome":62}},{"type":"Polygon","arcs":[[13250]],"properties":{"anthrome":54}},{"type":"Polygon","arcs":[[13251,13252,13253]],"properties":{"anthrome":62}},{"type":"Polygon","arcs":[[13254,13255,13256,13257,13258]],"properties":{"anthrome":61}},{"type":"Polygon","arcs":[[13259,13260,13261]],"properties":{"anthrome":54}},{"type":"Polygon","arcs":[[13262]],"properties":{"anthrome":54}},{"type":"Polygon","arcs":[[13263,13264,13265]],"properties":{"anthrome":54}},{"type":"Polygon","arcs":[[13266,13267,-13264]],"properties":{"anthrome":53}},{"type":"Polygon","arcs":[[13268,13269]],"properties":{"anthrome":54}},{"type":"Polygon","arcs":[[13270,13271]],"properties":{"anthrome":54}},{"type":"Polygon","arcs":[[13272,13273]],"properties":{"anthrome":61}},{"type":"Polygon","arcs":[[-13261,13274,13275]],"properties":{"anthrome":61}},{"type":"Polygon","arcs":[[-13258,13276,13277,13278,13279,13280]],"properties":{"anthrome":53}},{"type":"Polygon","arcs":[[-13268,13281,13282,13283]],"properties":{"anthrome":54}},{"type":"Polygon","arcs":[[13284,13285]],"properties":{"anthrome":53}},{"type":"Polygon","arcs":[[13286,13287,13288]],"properties":{"anthrome":62}},{"type":"Polygon","arcs":[[13289,13290,-13287]],"properties":{"anthrome":54}},{"type":"Polygon","arcs":[[13291,13292]],"properties":{"anthrome":54}},{"type":"Polygon","arcs":[[13293,13294]],"properties":{"anthrome":62}},{"type":"Polygon","arcs":[[13295,13296,13297,-13294]],"properties":{"anthrome":61}},{"type":"Polygon","arcs":[[13298,13299,13300,-13297]],"properties":{"anthrome":62}},{"type":"Polygon","arcs":[[13301,13302,-13300]],"properties":{"anthrome":53}},{"type":"Polygon","arcs":[[13303,13304]],"properties":{"anthrome":62}},{"type":"Polygon","arcs":[[13305,13306]],"properties":{"anthrome":53}},{"type":"Polygon","arcs":[[-13265,13307,13308,-13291,13309]],"properties":{"anthrome":53}},{"type":"Polygon","arcs":[[13310,13311]],"properties":{"anthrome":62}},{"type":"Polygon","arcs":[[-13162,13312,-13237,13313]],"properties":{"anthrome":62}},{"type":"Polygon","arcs":[[13314,13315,13316,13317]],"properties":{"anthrome":61}},{"type":"Polygon","arcs":[[13318,13319]],"properties":{"anthrome":62}},{"type":"Polygon","arcs":[[-13286,13320,-13307,-13288,-13309,13321,-13283,13322,13323,13324,13325,13326,13327,13328,13329]],"properties":{"anthrome":52}},{"type":"Polygon","arcs":[[13330,13331,13332,13333]],"properties":{"anthrome":62}},{"type":"Polygon","arcs":[[13334,13335,-13324]],"properties":{"anthrome":54}},{"type":"Polygon","arcs":[[-13253,13336,-13329,13337,13338]],"properties":{"anthrome":53}},{"type":"Polygon","arcs":[[13339,13340]],"properties":{"anthrome":62}},{"type":"Polygon","arcs":[[13341,13342]],"properties":{"anthrome":61}},{"type":"Polygon","arcs":[[13343]],"properties":{"anthrome":61}},{"type":"Polygon","arcs":[[13344,13345]],"properties":{"anthrome":62}},{"type":"Polygon","arcs":[[13346]],"properties":{"anthrome":62}},{"type":"Polygon","arcs":[[-13333,13347,13348,13349]],"properties":{"anthrome":52}},{"type":"Polygon","arcs":[[13350,13351,13352]],"properties":{"anthrome":53}},{"type":"Polygon","arcs":[[13353,13354,-13352]],"properties":{"anthrome":61}},{"type":"Polygon","arcs":[[13355]],"properties":{"anthrome":61}},{"type":"Polygon","arcs":[[13356,13357,13358,13359,-13345,13360]],"properties":{"anthrome":54}},{"type":"Polygon","arcs":[[-13311,13361,13362,13363,-13319,13364]],"properties":{"anthrome":61}},{"type":"Polygon","arcs":[[13365,13366]],"properties":{"anthrome":62}},{"type":"Polygon","arcs":[[13367,13368,-13349,13369,13370,-13325,-13353,13371,13372,13373,-13366,13374,-13327]],"properties":{"anthrome":54}},{"type":"Polygon","arcs":[[-13373,13375]],"properties":{"anthrome":62}},{"type":"Polygon","arcs":[[13376,13377,-12051,-12050,13378,-11549,13379,-12046,13380,-11796,13381,13382,-12082,13383,-12040,13384,-12106,13385,13386,-12154,13387,-12788,13388,-12324,-12785,13389,13390,-12505,13391,13392,-12781,-12695,13393,-12732,13394,-12717,-12692,13395,13396,13397,13398,-12519,13399,-12587,13400,-12778,-12777,-12367,13401,-12387,13402,-12409,13403,-12410,-12385,13404,-12350,-12774,13405,-12310,13406,-12357,13407,-12389,-12369,13408,13409,-12772,13410,13411,13412,-12114,13413,-12767,13414,-11924,13415,-11859,13416,-12764,-11559,13417,-11527,13418,-11556,-11555,13419,-11171,13420,-11156,13421,13422,-11322,13423,-12661,13424,-11982,13425,-12687,13426,13427,-12182,13428,-12682,13429,-12346,-12394,-12393,-12429,-12679,13430,-12473,13431,-12440,13432,-12363,13433,13434,13435,13436,13437,13438,13439,-12702,13440,-12850,13441,-12725,-12730,13442,13443,-12835,13444,-12837,-12823,13445,-12831,13446,-12856,-12755,-12855,-12854,13447,-12872,13448,13449,-12881,13450,13451,-12940,13452,13453,-13305,13454,-13302,-13278,13455,-13256,13456,-13231,13457,-13280,-13295,13458,-13340,13459,13460,13461,13462,-13174,-13161,13463,13464,-13146,13465,-13167,13466,13467,-13211,13468,-13153,13469,-13128,13470,-12951,13471,-12927,13472,13473,13474,-12894,13475,-12828,13476,-12608,13477,-12462,13478,-12301,13479,-12186,13480,-11997,13481,-11387,13482,13483,-11097,13484,-10911],[-10979],[13485,-11627,13486,-11617],[-11724,13487,-11756,13488],[-11725],[-11767],[-11884],[-11926],[-12005],[-12075],[13489,13490,-12161],[-12190],[-12191],[-12224],[13491,-12371,13492,-12517,-12536,-12563,-12515],[-12405],[-12412],[-12434],[-12435],[-12449],[-12464],[-12501],[-12538],[-12562],[-12650],[-12809,13493,-12814,13494,-12805],[-12716],[-12753],[-12754],[-12801],[-12841,-12840,13495,-12862,13496,-12827],[-12836],[-12842],[-12865],[-12870],[-12876],[-12873],[-12874],[-12875],[-12893],[-12899],[-12992],[-12912],[-13175],[-13176],[-13217,-13216,-13215],[-13347]],"properties":{"anthrome":54}},{"type":"Polygon","arcs":[[13497]],"properties":{"anthrome":63}},{"type":"Polygon","arcs":[[13498,13499,13500,13501]],"properties":{"anthrome":61}},{"type":"Polygon","arcs":[[13502]],"properties":{"anthrome":62}},{"type":"Polygon","arcs":[[13503,13504]],"properties":{"anthrome":61}},{"type":"Polygon","arcs":[[-13461,13505]],"properties":{"anthrome":62}},{"type":"Polygon","arcs":[[-13172,-13463,-13462,13506,13507,-13500,13508,13509,-13358,13510,-13316,-13292,13511],[-13263]],"properties":{"anthrome":62}},{"type":"Polygon","arcs":[[13512,13513,13514,13515]],"properties":{"anthrome":61}},{"type":"Polygon","arcs":[[13516,13517]],"properties":{"anthrome":61}},{"type":"Polygon","arcs":[[13518,13519]],"properties":{"anthrome":62}},{"type":"Polygon","arcs":[[13520,13521,-13517,-13504,13522,-13363]],"properties":{"anthrome":62}},{"type":"Polygon","arcs":[[13523,13524,13525,13526]],"properties":{"anthrome":54}},{"type":"Polygon","arcs":[[13527]],"properties":{"anthrome":54}},{"type":"Polygon","arcs":[[-13522,13528]],"properties":{"anthrome":61}},{"type":"Polygon","arcs":[[13529]],"properties":{"anthrome":62}},{"type":"Polygon","arcs":[[13530]],"properties":{"anthrome":54}},{"type":"Polygon","arcs":[[13531]],"properties":{"anthrome":62}},{"type":"Polygon","arcs":[[13532]],"properties":{"anthrome":54}},{"type":"Polygon","arcs":[[13533]],"properties":{"anthrome":62}},{"type":"Polygon","arcs":[[13534,13535]],"properties":{"anthrome":54}},{"type":"Polygon","arcs":[[-13157,13536,-13272,-13293,-13315,13537,13538,13539,-13502,13540,-13513,13541,-13524,13542,13543,13544,13545,13546,-13342,13547,-13273,13548,-13249,-13248,13549,-13213,13550,13551,-13169,13552],[-13251],[-13270,-13269],[-13344],[-13356],[-13528]],"properties":{"anthrome":53}},{"type":"Polygon","arcs":[[13553,-13545]],"properties":{"anthrome":54}},{"type":"Polygon","arcs":[[-13535,13554,13555]],"properties":{"anthrome":61}},{"type":"Polygon","arcs":[[-13546,13556,13557,13558]],"properties":{"anthrome":54}},{"type":"Polygon","arcs":[[13559,13560,13561,13562,13563,13564,13565,-13544,13566,-13526,13567],[-13531],[-13533]],"properties":{"anthrome":62}},{"type":"Polygon","arcs":[[13568,13569]],"properties":{"anthrome":62}},{"type":"Polygon","arcs":[[13570,13571,13572,13573]],"properties":{"anthrome":61}},{"type":"Polygon","arcs":[[13574,13575,13576]],"properties":{"anthrome":54}},{"type":"Polygon","arcs":[[13577,13578]],"properties":{"anthrome":62}},{"type":"Polygon","arcs":[[13579,13580]],"properties":{"anthrome":62}},{"type":"Polygon","arcs":[[-13554,-13566,13581,-13574,13582,13583,13584,-13575,-13557]],"properties":{"anthrome":63}},{"type":"Polygon","arcs":[[13585,13586,-13583]],"properties":{"anthrome":54}},{"type":"Polygon","arcs":[[-13563,13587,13588,-13586,-13573,13589]],"properties":{"anthrome":53}},{"type":"Polygon","arcs":[[13590,13591]],"properties":{"anthrome":62}},{"type":"Polygon","arcs":[[13592,13593,13594,13595]],"properties":{"anthrome":62}},{"type":"Polygon","arcs":[[-13584,13596,13597]],"properties":{"anthrome":54}},{"type":"Polygon","arcs":[[13598,13599]],"properties":{"anthrome":62}},{"type":"Polygon","arcs":[[-13558,-13577,13600,13601,13602,13603,13604]],"properties":{"anthrome":53}},{"type":"Polygon","arcs":[[-13595,13605]],"properties":{"anthrome":53}},{"type":"Polygon","arcs":[[13606]],"properties":{"anthrome":62}},{"type":"Polygon","arcs":[[-13604,13607,13608,13609,-13593,13610]],"properties":{"anthrome":54}},{"type":"Polygon","arcs":[[13611]],"properties":{"anthrome":62}},{"type":"Polygon","arcs":[[13612,13613]],"properties":{"anthrome":62}},{"type":"Polygon","arcs":[[13614,13615,13616]],"properties":{"anthrome":62}},{"type":"Polygon","arcs":[[-13587,13617,13618,13619,13620,-13616,13621,13622,-13602,13623,-13597]],"properties":{"anthrome":61}},{"type":"Polygon","arcs":[[13624,13625]],"properties":{"anthrome":61}},{"type":"Polygon","arcs":[[13626,13627]],"properties":{"anthrome":62}},{"type":"Polygon","arcs":[[13628,13629,13630,-13627]],"properties":{"anthrome":54}},{"type":"Polygon","arcs":[[13631,13632]],"properties":{"anthrome":63}},{"type":"Polygon","arcs":[[13633]],"properties":{"anthrome":54}},{"type":"Polygon","arcs":[[13634,-13520,13635,13636,-13570,-13581,-13592,-13600,13637,-13613,13638,13639,13640,13641,13642,13643,-13618,-13589,13644,-13578,-13562,-13561,13645,13646,-13507],[-13532],[-13534],[-13607]],"properties":{"anthrome":54}},{"type":"Polygon","arcs":[[13647,-13643,13648,13649,-13633,13650,13651,13652,-13625,-13620]],"properties":{"anthrome":62}},{"type":"Polygon","arcs":[[-13653,13653,13654,13655]],"properties":{"anthrome":53}},{"type":"Polygon","arcs":[[13656,13657]],"properties":{"anthrome":62}},{"type":"Polygon","arcs":[[-13631,13658,13659]],"properties":{"anthrome":61}},{"type":"Polygon","arcs":[[13660,-13641]],"properties":{"anthrome":62}},{"type":"Polygon","arcs":[[13661,-13649,13662,13663,13664,13665]],"properties":{"anthrome":54}},{"type":"Polygon","arcs":[[-13664,13666]],"properties":{"anthrome":63}}]}},"arcs":[[[2600,9773],[0,-64],[-13,0]],[[2587,9709],[0,64],[13,0]],[[2237,9773],[13,0],[0,-32],[12,0],[0,-32],[-37,0],[0,32],[12,0],[0,32]],[[2712,9676],[-25,0],[0,65],[13,0],[0,-32],[12,0],[0,-33]],[[2562,9676],[13,0],[0,-32],[-13,0],[0,32]],[[5574,9741],[150,0],[0,-65],[-62,0],[0,-32],[-13,0],[0,32],[-50,0],[0,-32],[13,0],[0,-64],[-38,0],[0,161]],[[2300,9580],[0,32],[25,0],[0,-32],[-25,0]],[[2450,9580],[-13,0]],[[2437,9580],[0,32],[13,0],[0,-32]],[[2525,9580],[-13,0]],[[2512,9580],[0,32],[13,0],[0,-32]],[[1825,9547],[0,65]],[[1825,9612],[25,0],[0,32],[62,0],[0,32],[38,0],[0,-32],[25,0],[0,-32],[-13,0],[0,-32],[-12,0],[0,-33],[-125,0]],[[2387,9580],[25,0],[0,-33],[-25,0],[0,33]],[[2450,9838],[12,0],[0,-33],[50,0]],[[2512,9805],[0,-32],[50,0],[0,32],[50,0],[0,-32],[88,0],[0,32],[12,0],[0,-32],[25,0],[0,-32],[-12,0],[0,-32],[37,0],[0,-33],[-50,0]],[[2712,9676],[0,-32],[13,0],[0,-32],[-13,0],[0,-32],[-12,0],[0,-33],[-38,0]],[[2662,9547],[0,33],[13,0],[0,32],[12,0],[0,32],[-37,0],[0,65],[-13,0],[0,-65],[-37,0],[0,32],[-13,0],[0,33]],[[2587,9709],[-75,0],[0,32],[-50,0],[0,32],[-12,0],[0,65]],[[2600,9773],[-25,0],[0,-32],[12,0],[0,-32]],[[5299,9741],[238,0],[0,-161],[-38,0],[0,-65],[-87,0],[0,65],[-63,0],[0,64],[-50,0],[0,97]],[[7874,9547],[0,-32],[-12,0],[0,65]],[[7862,9580],[-100,0],[0,32],[12,0],[0,32],[-150,0],[0,32],[-12,0],[0,33],[175,0],[0,-33],[50,0],[0,33],[12,0],[0,-33],[63,0],[0,-32],[12,0],[0,-32],[-12,0],[0,-32],[12,0],[0,-33],[-50,0]],[[2087,9515],[0,32]],[[2087,9547],[-37,0],[0,33],[37,0],[0,32],[-12,0],[0,32],[-13,0],[0,65],[88,0],[0,-33],[75,0],[0,-32],[12,0],[0,-32],[13,0],[0,-65],[-100,0],[0,33],[-50,0],[0,-33],[12,0],[0,-32],[-25,0]],[[2375,9612],[0,-32],[12,0]],[[2387,9580],[0,-65],[-12,0]],[[2375,9515],[0,32],[-38,0],[0,33],[25,0],[0,32],[13,0]],[[2512,9580],[0,-65],[-50,0],[0,65],[50,0]],[[2550,9515],[0,65],[25,0]],[[2575,9580],[0,32],[25,0],[0,-32],[25,0],[0,-33],[-63,0],[0,-32],[-12,0]],[[1837,9515],[0,32],[13,0],[0,-32],[-13,0]],[[1862,9547],[50,0],[0,-32],[-50,0],[0,32]],[[2087,9515],[-25,0],[0,32],[25,0]],[[2537,9547],[0,-32]],[[2537,9515],[-12,0],[0,32],[12,0]],[[2662,9547],[0,-32],[-25,0],[0,32],[25,0]],[[7837,9547],[12,0],[0,-32]],[[7849,9515],[-12,0],[0,32]],[[7937,9547],[12,0],[0,-32],[-12,0]],[[7937,9515],[0,32]],[[1737,9483],[0,32],[13,0],[0,-32],[-13,0]],[[1825,9515],[12,0]],[[1837,9515],[0,-32],[-12,0]],[[1825,9483],[0,32]],[[2262,9515],[25,0],[0,-32]],[[2287,9483],[-25,0],[0,32]],[[7937,9515],[0,-32],[-13,0],[0,32],[13,0]],[[2237,9515],[0,-32],[-12,0],[0,-32],[-13,0],[0,32],[-25,0],[0,-32],[-25,0]],[[2162,9451],[0,64],[75,0]],[[1737,9483],[0,-32],[-12,0]],[[1725,9451],[0,32],[12,0]],[[2025,9483],[25,0],[0,-32],[-25,0],[0,32]],[[2587,9451],[-12,0]],[[2575,9451],[0,32],[12,0],[0,-32]],[[2700,9483],[12,0],[0,-32],[-12,0],[0,32]],[[9237,9483],[12,0],[0,-32],[-12,0],[0,32]],[[1787,9515],[38,0]],[[1825,9483],[50,0],[0,-32],[-25,0]],[[1850,9451],[0,-33],[-13,0],[0,33],[-50,0],[0,64]],[[1650,9515],[0,-32],[-13,0],[0,-32],[50,0],[0,-33]],[[1687,9418],[-100,0],[0,33],[-12,0],[0,32],[37,0],[0,32],[38,0]],[[2125,9451],[0,-33]],[[2125,9418],[-13,0],[0,33],[13,0]],[[2437,9451],[0,-33],[-12,0]],[[2425,9418],[0,33],[12,0]],[[2637,9451],[13,0],[0,-33],[-13,0],[0,33]],[[7699,9451],[25,0],[0,-33]],[[7724,9418],[-25,0],[0,33]],[[7974,9451],[25,0],[0,-33],[-25,0],[0,33]],[[1650,9515],[12,0],[0,-32]],[[1662,9483],[38,0],[0,-32],[25,0]],[[1725,9451],[0,-65]],[[1725,9386],[-50,0],[0,32],[12,0]],[[2150,9418],[0,-32]],[[2150,9386],[-13,0],[0,32],[13,0]],[[2325,9386],[0,32],[25,0],[0,-32],[-25,0]],[[8762,9418],[25,0],[0,-32],[-25,0],[0,32]],[[1975,9354],[0,64]],[[1975,9418],[-38,0],[0,33],[-12,0],[0,64],[62,0],[0,-32],[25,0],[0,-32],[63,0],[0,-65],[-13,0],[0,-32],[-87,0]],[[2087,9515],[50,0],[0,-32],[25,0],[0,-32]],[[2237,9515],[25,0]],[[2287,9483],[0,-32],[13,0]],[[2300,9451],[0,-97]],[[2300,9354],[-88,0]],[[2212,9354],[0,32]],[[2212,9386],[-62,0]],[[2150,9418],[-25,0]],[[2125,9451],[-38,0],[0,64]],[[1825,9547],[-25,0],[0,-32],[-13,0]],[[1850,9451],[37,0]],[[1887,9451],[0,-65],[-87,0],[0,-32]],[[1800,9354],[-50,0]],[[1750,9354],[0,32],[-25,0]],[[1725,9451],[-13,0],[0,32],[-50,0]],[[1650,9515],[0,32],[62,0],[0,33],[88,0],[0,32],[25,0]],[[8874,9451],[0,-33],[-25,0],[0,-32],[13,0],[0,-32],[-25,0]],[[8837,9354],[0,32],[-25,0]],[[8812,9386],[0,65],[37,0],[0,32],[13,0],[0,-32],[12,0]],[[8949,9451],[63,0],[0,-33],[25,0],[0,-32],[-13,0],[0,-32],[-37,0]],[[8987,9354],[0,32],[-25,0],[0,32],[-13,0],[0,33]],[[1925,9418],[50,0]],[[1975,9354],[-38,0],[0,32]],[[1937,9386],[-12,0],[0,32]],[[2125,9418],[0,-64],[-13,0]],[[2112,9354],[0,32],[-25,0]],[[2087,9386],[0,32],[38,0]],[[8837,9354],[-38,0],[0,64],[13,0],[0,-32]],[[2112,9354],[-25,0],[0,32]],[[2212,9354],[-12,0],[0,32],[12,0]],[[2325,9386],[0,-32]],[[2325,9354],[-13,0],[0,32],[13,0]],[[2775,9386],[12,0],[0,-32]],[[2787,9354],[-12,0],[0,32]],[[6574,9354],[-25,0],[0,32],[25,0],[0,-32]],[[8899,9451],[50,0]],[[8987,9354],[-100,0],[0,32]],[[8887,9386],[12,0],[0,65]],[[2537,9418],[63,0]],[[2600,9418],[0,-32],[12,0],[0,-32],[-50,0],[0,-32]],[[2562,9322],[-25,0]],[[2537,9322],[0,32],[-25,0],[0,-32]],[[2512,9322],[-25,0]],[[2487,9322],[0,129],[38,0],[0,-65],[12,0],[0,32]],[[9049,9418],[113,0],[0,-32],[25,0],[0,-32],[-38,0],[0,-32],[-25,0],[0,32],[-62,0],[0,32],[-13,0],[0,32]],[[1887,9451],[25,0],[0,-33],[13,0]],[[1937,9386],[0,-64],[-125,0],[0,32],[-12,0]],[[2300,9354],[0,-32],[-25,0],[0,32],[25,0]],[[2537,9322],[-25,0]],[[2712,9322],[-37,0]],[[2675,9322],[0,32],[37,0],[0,-32]],[[6662,9322],[-13,0]],[[6649,9322],[0,32],[13,0],[0,-32]],[[7387,9354],[0,-32]],[[7387,9322],[-13,0],[0,32],[13,0]],[[7387,9354],[12,0],[0,-32],[-12,0]],[[8874,9451],[25,0]],[[8887,9386],[0,-64],[-50,0],[0,32]],[[2375,9322],[0,-33]],[[2375,9289],[-25,0],[0,33],[25,0]],[[6524,9322],[13,0],[0,-33]],[[6537,9289],[-13,0],[0,33]],[[6612,9322],[25,0],[0,-33],[-25,0]],[[6612,9289],[0,33]],[[1787,9257],[0,32],[13,0],[0,-32],[-13,0]],[[2050,9289],[0,-32],[-25,0]],[[2025,9257],[0,32],[25,0]],[[2312,9289],[0,-32],[-12,0]],[[2300,9257],[0,32],[12,0]],[[2675,9289],[37,0]],[[2712,9289],[0,-32],[-37,0],[0,32]],[[6612,9289],[0,-32],[-13,0]],[[6599,9257],[0,32],[13,0]],[[8274,9289],[25,0],[0,-32],[-25,0]],[[8274,9257],[0,32]],[[8462,9289],[12,0]],[[8474,9289],[0,-32],[-12,0],[0,32]],[[2375,9289],[0,-32],[-13,0],[0,-32],[-25,0]],[[2337,9225],[0,64],[38,0]],[[8874,9289],[13,0],[0,-64],[-13,0],[0,64]],[[1825,9257],[12,0],[0,-32],[-12,0]],[[1825,9225],[0,32]],[[1850,9257],[50,0],[0,-32],[-50,0],[0,32]],[[2062,9225],[0,32],[13,0],[0,-32],[-13,0]],[[2612,9257],[0,-32]],[[2612,9225],[-12,0]],[[2600,9225],[0,32],[12,0]],[[6599,9257],[0,-32],[-37,0]],[[6562,9225],[0,32],[37,0]],[[6987,9257],[12,0],[0,-32],[-12,0]],[[6987,9225],[0,32]],[[7062,9257],[12,0],[0,-64],[-12,0],[0,64]],[[2037,9225],[13,0],[0,-32],[-13,0],[0,32]],[[2600,9225],[0,-32],[-13,0],[0,32],[13,0]],[[2612,9225],[25,0],[0,-32],[-25,0],[0,32]],[[8912,9193],[-13,0],[0,32],[13,0],[0,-32]],[[2025,9257],[0,-32],[-13,0],[0,-65],[-12,0],[0,33],[-88,0]],[[1912,9193],[0,64],[50,0],[0,-32],[25,0],[0,32],[38,0]],[[2250,9322],[0,-33],[-50,0],[0,-32],[25,0],[0,-32],[-13,0],[0,-32],[-25,0],[0,-33]],[[2187,9160],[-25,0],[0,33],[-25,0],[0,64],[38,0],[0,32],[12,0],[0,33],[63,0]],[[7662,9225],[12,0],[0,-65],[-12,0],[0,65]],[[7162,9193],[0,-33]],[[7162,9160],[-25,0],[0,33],[25,0]],[[8474,9289],[13,0],[0,-32],[25,0],[0,32],[25,0],[0,-32],[50,0],[0,-32],[12,0],[0,-97],[-12,0]],[[8587,9128],[0,32]],[[8587,9160],[-38,0]],[[8549,9160],[0,33],[-75,0],[0,32],[-37,0],[0,-65],[-13,0],[0,33],[-25,0],[0,32]],[[8399,9225],[13,0],[0,32],[12,0],[0,32],[38,0]],[[6649,9322],[-37,0]],[[6562,9225],[-25,0],[0,-32],[-25,0],[0,-33],[-13,0],[0,-32],[-25,0],[0,65],[25,0],[0,32],[13,0]],[[6512,9225],[0,97],[12,0]],[[6537,9289],[0,65],[37,0]],[[6574,9354],[0,64],[75,0],[0,33],[113,0],[0,32],[62,0],[0,32],[88,0],[0,-64],[-50,0],[0,-33],[-88,0],[0,-32],[-75,0],[0,-32],[-12,0],[0,-32],[-25,0]],[[6899,9128],[-12,0],[0,32],[12,0],[0,-32]],[[8549,9160],[0,-32],[13,0],[0,-32],[-25,0],[0,64],[12,0]],[[2237,9128],[50,0],[0,-32],[-50,0],[0,32]],[[2900,9128],[12,0],[0,-32],[-12,0],[0,32]],[[3012,9128],[13,0],[0,-32],[-13,0]],[[3012,9096],[0,32]],[[5712,9128],[0,-32]],[[5712,9096],[-13,0],[0,32],[13,0]],[[5774,9096],[0,32],[13,0],[0,-32],[-13,0]],[[6862,9128],[0,-32],[-13,0]],[[6849,9096],[0,32],[13,0]],[[6999,9128],[13,0],[0,-32],[-13,0]],[[6999,9096],[0,32]],[[7112,9128],[25,0],[0,-32]],[[7137,9096],[-25,0],[0,32]],[[8174,9128],[13,0],[0,-32],[-13,0],[0,32]],[[8587,9128],[25,0],[0,-32],[-25,0]],[[8587,9096],[0,32]],[[8724,9128],[13,0]],[[8737,9128],[0,-32],[-13,0],[0,32]],[[25,9096],[-13,0],[0,-32]],[[12,9064],[-12,0],[0,96],[25,0],[0,-64]],[[8487,9160],[25,0],[0,-32],[12,0],[0,-32],[-12,0],[0,-32],[-13,0],[0,64],[-12,0],[0,32]],[[8412,9128],[37,0],[0,-32],[-12,0],[0,-32],[-25,0],[0,64]],[[9962,9128],[37,0],[0,-64],[-37,0],[0,64]],[[75,9096],[-13,0],[0,-32]],[[62,9064],[-50,0]],[[25,9096],[0,32],[50,0],[0,-32]],[[75,9096],[0,-32],[-13,0]],[[562,9096],[0,-32]],[[562,9064],[-12,0],[0,32],[12,0]],[[2137,9096],[13,0],[0,-32],[-13,0]],[[2137,9064],[0,32]],[[2387,9096],[13,0],[0,-32],[-13,0],[0,32]],[[5637,9096],[12,0]],[[5649,9096],[0,-32]],[[5649,9064],[-12,0]],[[5637,9064],[0,32]],[[5774,9096],[50,0]],[[5824,9096],[0,-32]],[[5824,9064],[-50,0]],[[5774,9064],[0,32]],[[5824,9096],[25,0],[0,-32],[-25,0]],[[7637,9064],[-13,0],[0,32],[13,0],[0,-32]],[[8649,9096],[13,0]],[[8662,9096],[0,-32],[-13,0],[0,32]],[[8924,9064],[-37,0]],[[8887,9064],[0,32],[37,0],[0,-32]],[[6562,9225],[0,-32],[-13,0],[0,-65],[13,0],[0,-32],[37,0],[0,-65],[-75,0]],[[6524,9031],[0,33]],[[6524,9064],[-50,0],[0,32],[-50,0],[0,64],[25,0],[0,33],[13,0],[0,32],[12,0],[0,32],[25,0],[0,32],[13,0],[0,-64]],[[5712,9128],[12,0],[0,-32],[25,0]],[[5749,9096],[0,-32],[-12,0],[0,-33],[-13,0],[0,33],[-75,0]],[[5649,9096],[63,0]],[[8137,9096],[25,0],[0,-65],[-25,0],[0,65]],[[1475,9031],[-38,0],[0,33],[38,0],[0,-33]],[[2187,9064],[25,0]],[[2212,9064],[0,-33]],[[2212,9031],[-25,0]],[[2187,9031],[0,33]],[[2212,9064],[13,0],[0,-33],[-13,0]],[[2912,9064],[13,0],[0,-33],[-13,0],[0,33]],[[5562,9064],[0,-33]],[[5562,9031],[-38,0],[0,33],[38,0]],[[5649,9064],[0,-33]],[[5649,9031],[-12,0]],[[5637,9031],[0,33]],[[5774,9064],[13,0]],[[5787,9064],[0,-33],[-13,0]],[[5774,9031],[0,33]],[[5862,9064],[12,0],[0,-33]],[[5874,9031],[-12,0]],[[5862,9031],[0,33]],[[6524,9031],[-12,0],[0,33],[12,0]],[[7762,9064],[12,0],[0,-33],[-12,0],[0,33]],[[8074,9064],[13,0],[0,-33],[-13,0],[0,33]],[[8337,9064],[12,0],[0,-33],[-12,0],[0,33]],[[8387,9031],[-25,0],[0,33],[25,0],[0,-33]],[[8749,9064],[38,0]],[[8787,9064],[0,-33]],[[8787,9031],[-38,0]],[[8749,9031],[0,33]],[[8787,9064],[25,0]],[[8812,9064],[0,-33]],[[8812,9031],[-25,0]],[[8924,9064],[0,-33]],[[8924,9031],[-37,0]],[[8887,9031],[0,33]],[[9362,9031],[0,33],[12,0],[0,-33],[-12,0]],[[3075,9096],[25,0],[0,-32],[25,0],[0,-65],[-25,0]],[[3100,8999],[0,32],[-25,0],[0,65]],[[812,9064],[50,0]],[[862,9064],[0,-33],[-12,0],[0,-32]],[[850,8999],[-25,0]],[[825,8999],[0,32],[-13,0],[0,33]],[[2450,9064],[12,0],[0,-65],[-12,0]],[[2450,8999],[0,65]],[[5562,9064],[25,0]],[[5587,9064],[0,-33]],[[5587,9031],[-13,0],[0,-32]],[[5574,8999],[-12,0]],[[5562,8999],[0,65]],[[5637,9096],[0,-65]],[[5637,9031],[-38,0]],[[5599,9031],[0,-32]],[[5599,8999],[-12,0]],[[5587,8999],[0,65]],[[5587,9064],[12,0],[0,32],[38,0]],[[6662,9031],[0,-32]],[[6662,8999],[-38,0],[0,65],[25,0],[0,-33],[13,0]],[[7812,9096],[25,0],[0,-65],[-13,0],[0,-32],[-37,0],[0,65],[25,0],[0,32]],[[475,9031],[0,-32],[-13,0]],[[462,8999],[0,32],[13,0]],[[650,9031],[12,0]],[[662,9031],[0,-32]],[[662,8999],[-12,0]],[[650,8999],[0,32]],[[862,9064],[50,0],[0,-33],[25,0]],[[937,9031],[0,-32]],[[937,8999],[-87,0]],[[1262,9031],[13,0],[0,-32],[-13,0],[0,32]],[[2675,9031],[12,0],[0,-32],[-12,0],[0,32]],[[2700,9031],[12,0],[0,-32],[-12,0],[0,32]],[[5512,9031],[0,-32]],[[5512,8999],[-13,0],[0,32],[13,0]],[[5587,9031],[0,-32]],[[5587,8999],[-13,0]],[[5599,9031],[25,0]],[[5624,9031],[0,-32]],[[5624,8999],[-25,0]],[[5649,9031],[0,-32]],[[5649,8999],[-12,0],[0,32]],[[5862,9031],[0,-32]],[[5862,8999],[-25,0]],[[5837,8999],[0,32],[25,0]],[[5874,9031],[13,0]],[[5887,9031],[0,-32],[-13,0]],[[5874,8999],[0,32]],[[6862,9031],[0,-32],[-13,0]],[[6849,8999],[0,32],[13,0]],[[7024,9031],[0,-32]],[[7024,8999],[-12,0],[0,32],[12,0]],[[8762,9031],[12,0]],[[8774,9031],[0,-32],[-12,0],[0,32]],[[8912,9031],[12,0]],[[8924,9031],[0,-32]],[[8924,8999],[-12,0],[0,32]],[[8999,9031],[0,-32],[-25,0],[0,32],[25,0]],[[9362,9031],[0,-32],[-13,0],[0,32],[13,0]],[[9662,9031],[0,-32]],[[9662,8999],[-13,0],[0,32],[13,0]],[[9699,9031],[13,0],[0,-32]],[[9712,8999],[-13,0],[0,32]],[[9737,9031],[37,0]],[[9774,9031],[0,-32]],[[9774,8999],[-37,0]],[[9737,8999],[0,32]],[[9899,9031],[13,0],[0,-32],[-13,0]],[[9899,8999],[0,32]],[[1412,8999],[-62,0],[0,-32],[-25,0],[0,64]],[[1325,9031],[62,0],[0,33],[25,0],[0,-65]],[[5824,8999],[25,0]],[[5849,8999],[0,-32]],[[5849,8967],[-37,0],[0,64],[12,0],[0,-32]],[[8387,9031],[25,0]],[[8412,9031],[0,-32],[-13,0],[0,-32]],[[8399,8967],[-12,0]],[[8387,8967],[0,64]],[[9737,8999],[12,0]],[[9749,8999],[0,-32]],[[9749,8967],[-25,0],[0,64],[13,0]],[[9812,9031],[12,0]],[[9824,9031],[0,-64],[-12,0],[0,64]],[[825,8999],[-163,0]],[[662,9031],[-137,0]],[[525,9031],[0,-32],[-38,0],[0,-32],[-25,0]],[[462,8967],[0,32]],[[475,9031],[12,0],[0,33],[75,0]],[[562,9096],[63,0],[0,32],[75,0],[0,-32],[75,0],[0,-32],[37,0]],[[1100,8999],[25,0]],[[1125,8999],[0,-32]],[[1125,8967],[-25,0],[0,32]],[[1125,8999],[25,0],[0,-32],[-25,0]],[[5674,8999],[13,0],[0,-32],[-13,0],[0,32]],[[5749,8999],[50,0],[0,-32],[-50,0],[0,32]],[[5849,8999],[13,0]],[[5862,8999],[0,-32],[-13,0]],[[5887,9031],[37,0],[0,-32]],[[5924,8999],[-25,0],[0,-32],[-25,0],[0,32]],[[5924,8999],[13,0],[0,-32],[-13,0]],[[5924,8967],[0,32]],[[6349,8999],[0,-32],[-12,0]],[[6337,8967],[0,32],[12,0]],[[6724,8999],[13,0]],[[6737,8999],[0,-32],[-13,0],[0,32]],[[6862,9031],[12,0],[0,-64]],[[6874,8967],[-25,0],[0,32]],[[7637,8999],[12,0]],[[7649,8999],[0,-32],[-12,0]],[[7637,8967],[0,32]],[[7862,8999],[25,0],[0,-32],[-25,0],[0,32]],[[8224,8999],[13,0],[0,-32],[-13,0],[0,32]],[[8387,8999],[0,-32]],[[8387,8967],[-13,0]],[[8374,8967],[0,32],[13,0]],[[8412,9031],[12,0]],[[8424,9031],[0,-32],[25,0],[0,-32]],[[8449,8967],[-50,0]],[[8474,8999],[25,0],[0,-32],[-25,0],[0,32]],[[9012,8999],[12,0],[0,-32],[-12,0],[0,32]],[[9262,8999],[12,0]],[[9274,8999],[0,-32]],[[9274,8967],[-12,0]],[[9262,8967],[0,32]],[[9312,8967],[-25,0]],[[9287,8967],[0,32],[25,0],[0,-32]],[[9474,8999],[13,0]],[[9487,8999],[0,-32],[-13,0],[0,32]],[[9774,8999],[13,0],[0,-32],[-13,0],[0,32]],[[9974,8999],[13,0],[0,-32],[-13,0]],[[9974,8967],[0,32]],[[8674,9031],[25,0]],[[8699,9031],[0,-32],[-12,0],[0,-32],[-13,0],[0,-32]],[[8674,8935],[-12,0]],[[8662,8935],[0,32],[-13,0],[0,32],[25,0],[0,32]],[[525,8935],[-13,0]],[[512,8935],[0,32],[13,0],[0,-32]],[[2500,8967],[0,-32],[-13,0],[0,32],[13,0]],[[3137,8999],[13,0],[0,-64]],[[3150,8935],[-38,0],[0,32],[25,0],[0,32]],[[5412,8967],[0,-32],[-13,0]],[[5399,8935],[0,32],[13,0]],[[5462,8967],[12,0],[0,-32],[-12,0],[0,32]],[[5624,9031],[13,0]],[[5649,8999],[0,-32]],[[5649,8967],[-25,0],[0,-32],[-25,0]],[[5599,8935],[0,32],[-12,0],[0,-32]],[[5587,8935],[-38,0]],[[5549,8935],[0,32],[25,0],[0,32]],[[5574,8999],[50,0]],[[5599,8935],[-12,0]],[[5949,8967],[13,0]],[[5962,8967],[0,-32],[-13,0],[0,32]],[[5974,8967],[13,0]],[[5987,8967],[0,-32]],[[5987,8935],[-13,0]],[[5974,8935],[0,32]],[[5987,8967],[12,0]],[[5999,8967],[0,-32]],[[5999,8935],[-12,0]],[[6024,8967],[13,0],[0,-32],[-13,0]],[[6024,8935],[0,32]],[[6387,8967],[12,0],[0,-32],[-12,0],[0,32]],[[7087,8967],[25,0],[0,-32],[-25,0],[0,32]],[[9287,9096],[0,-32],[-25,0],[0,-33],[-50,0],[0,33],[-100,0]],[[9112,9064],[0,32],[-25,0],[0,32],[-50,0],[0,-32],[12,0],[0,-32],[-37,0],[0,-33],[-13,0]],[[8999,9031],[0,33],[-75,0]],[[8887,9064],[-13,0],[0,32],[-25,0],[0,-32]],[[8849,9064],[-100,0]],[[8749,9031],[-12,0],[0,-32],[-25,0],[0,-32],[-13,0],[0,-32]],[[8699,8935],[-25,0]],[[8699,9031],[-12,0]],[[8687,9031],[0,65],[-25,0]],[[8662,9096],[0,32],[12,0],[0,32],[25,0],[0,-32],[25,0]],[[8737,9128],[137,0],[0,32],[-12,0],[0,33],[50,0]],[[8912,9193],[0,64],[-13,0],[0,32],[88,0],[0,-64],[37,0],[0,-32],[138,0],[0,-33],[12,0],[0,-32],[50,0],[0,-32],[63,0]],[[8887,8967],[12,0],[0,-32],[-12,0],[0,32]],[[9099,8967],[50,0]],[[9149,8967],[0,-32]],[[9149,8935],[-50,0]],[[9099,8935],[0,32]],[[1287,8999],[0,-32],[-37,0],[0,-32],[25,0],[0,-33],[-38,0],[0,33],[-25,0],[0,32]],[[1212,8967],[13,0],[0,32],[62,0]],[[6349,8999],[25,0],[0,-64]],[[6374,8935],[-12,0],[0,-33]],[[6362,8902],[-25,0],[0,65]],[[8749,9031],[13,0]],[[8774,9031],[38,0]],[[8812,9031],[0,-32]],[[8812,8999],[-13,0],[0,-64],[-50,0],[0,-33],[-12,0],[0,33],[-13,0],[0,32],[25,0],[0,64]],[[9399,9096],[38,0],[0,-32],[12,0],[0,-65],[13,0]],[[9462,8999],[0,-64],[12,0],[0,-33],[-50,0],[0,33],[-12,0],[0,-33],[-13,0],[0,65],[25,0],[0,64],[-12,0],[0,33],[-13,0],[0,32]],[[37,8935],[0,-33],[-12,0]],[[25,8902],[0,33],[12,0]],[[525,8935],[25,0],[0,-33],[-25,0],[0,33]],[[2637,8902],[-12,0],[0,33],[12,0],[0,-33]],[[5387,8935],[0,-33]],[[5387,8902],[-13,0]],[[5374,8902],[0,33],[13,0]],[[5387,8935],[12,0]],[[5399,8935],[0,-33],[-12,0]],[[5562,8935],[37,0]],[[5599,8935],[0,-33]],[[5599,8902],[-37,0],[0,33]],[[5699,8935],[13,0],[0,-33],[-13,0],[0,33]],[[5799,8935],[13,0],[0,-33],[-13,0],[0,33]],[[6062,8935],[12,0],[0,-33],[-12,0]],[[6062,8902],[0,33]],[[6212,8935],[0,-33],[-13,0],[0,33],[13,0]],[[6387,8967],[0,-65]],[[6387,8902],[-25,0]],[[6374,8935],[0,32],[13,0]],[[6537,8935],[0,-33]],[[6537,8902],[-13,0],[0,33],[13,0]],[[6912,8935],[0,-33]],[[6912,8902],[-13,0],[0,33],[13,0]],[[7037,8935],[12,0],[0,-33]],[[7049,8902],[-12,0],[0,33]],[[8562,8902],[0,33],[12,0],[0,-33],[-12,0]],[[9037,8935],[50,0],[0,-33]],[[9087,8902],[-50,0]],[[9037,8902],[0,33]],[[9174,8902],[0,33],[25,0],[0,-33],[-25,0]],[[9374,8935],[13,0],[0,-33],[-13,0],[0,33]],[[9724,8935],[13,0],[0,-33]],[[9737,8902],[-13,0],[0,33]],[[5862,8999],[12,0]],[[5924,8967],[-12,0],[0,-97]],[[5912,8870],[-13,0]],[[5899,8870],[0,32],[-37,0],[0,33],[-13,0],[0,32]],[[5924,8967],[0,-97]],[[5924,8870],[-12,0]],[[462,8967],[0,-32],[50,0]],[[512,8935],[0,-33],[-75,0],[0,33],[-12,0],[0,-33],[-25,0]],[[400,8902],[0,-32],[-13,0]],[[387,8870],[0,32],[-12,0],[0,-32]],[[375,8870],[-13,0],[0,65],[13,0],[0,32],[87,0]],[[9487,8935],[12,0],[0,-65],[-12,0],[0,65]],[[25,8902],[0,-32],[-13,0],[0,32],[13,0]],[[387,8870],[-12,0]],[[612,8902],[13,0],[0,-32],[-13,0],[0,32]],[[2325,8902],[12,0],[0,-32],[-12,0],[0,32]],[[2637,8902],[13,0],[0,-32],[-13,0],[0,32]],[[3187,8902],[13,0]],[[3200,8902],[0,-32],[-13,0],[0,32]],[[5362,8902],[0,-32]],[[5362,8870],[-13,0]],[[5349,8870],[0,32],[13,0]],[[5387,8902],[0,-32]],[[5387,8870],[-13,0],[0,32]],[[5599,8902],[13,0],[0,-32],[-13,0],[0,32]],[[5749,8870],[0,32],[13,0],[0,-32],[-13,0]],[[5949,8902],[13,0],[0,-32],[-13,0],[0,32]],[[6087,8902],[12,0]],[[6099,8902],[0,-32]],[[6099,8870],[-12,0]],[[6087,8870],[0,32]],[[6099,8902],[13,0]],[[6112,8902],[0,-32]],[[6112,8870],[-13,0]],[[6112,8902],[12,0],[0,-32]],[[6124,8870],[-12,0]],[[6387,8902],[0,-32],[-13,0]],[[6374,8870],[0,32],[13,0]],[[7099,8902],[13,0]],[[7112,8902],[0,-32]],[[7112,8870],[-13,0]],[[7099,8870],[0,32]],[[7149,8870],[0,32],[13,0],[0,-32],[-13,0]],[[7212,8902],[25,0],[0,-32],[-25,0],[0,32]],[[8224,8902],[25,0],[0,-32],[-25,0],[0,32]],[[8912,8902],[12,0],[0,-32],[-12,0],[0,32]],[[8937,8902],[25,0],[0,-32],[-25,0],[0,32]],[[9037,8902],[12,0]],[[9049,8902],[0,-32]],[[9049,8870],[-12,0]],[[9037,8870],[0,32]],[[9049,8902],[38,0]],[[9087,8902],[0,-32]],[[9087,8870],[-38,0]],[[9087,8902],[12,0],[0,-32]],[[9099,8870],[-12,0]],[[9162,8902],[12,0]],[[9174,8902],[0,-32]],[[9174,8870],[-12,0]],[[9162,8870],[0,32]],[[9737,8902],[50,0]],[[9787,8902],[0,-32]],[[9787,8870],[-50,0]],[[9737,8870],[0,32]],[[9937,8902],[12,0]],[[9949,8902],[0,-32]],[[9949,8870],[-12,0]],[[9937,8870],[0,32]],[[9999,8902],[0,-32]],[[9999,8870],[-12,0],[0,32],[12,0]],[[5999,8967],[25,0]],[[6024,8935],[38,0]],[[6062,8902],[25,0]],[[6087,8902],[0,-64]],[[6087,8838],[-38,0]],[[6049,8838],[0,32],[-37,0],[0,32],[-13,0]],[[5999,8902],[0,65]],[[1000,9031],[75,0],[0,-32],[25,0]],[[1125,8967],[0,-32],[-75,0],[0,-33],[-113,0],[0,-32],[-62,0],[0,-32],[-13,0],[0,32]],[[862,8870],[-137,0]],[[725,8870],[0,-32],[-50,0],[0,64],[200,0],[0,33],[12,0],[0,32],[63,0],[0,32],[12,0],[0,-32],[75,0],[0,32],[-37,0],[0,32]],[[3025,8902],[12,0],[0,-64],[-12,0],[0,64]],[[5362,8902],[12,0]],[[5374,8902],[0,-64],[-12,0]],[[5362,8838],[0,64]],[[9112,9064],[0,-33],[-13,0],[0,-32],[25,0],[0,32],[25,0],[0,-32]],[[9149,8999],[113,0]],[[9262,8967],[75,0]],[[9337,8967],[0,-32],[-25,0],[0,-33]],[[9312,8902],[-25,0]],[[9287,8902],[0,33]],[[9287,8935],[-25,0],[0,-33],[-13,0],[0,-32]],[[9249,8870],[-12,0],[0,-32]],[[9237,8838],[-50,0],[0,32],[-13,0]],[[9174,8902],[-37,0]],[[9137,8902],[0,33]],[[9137,8935],[12,0]],[[9149,8967],[-62,0]],[[9087,8967],[0,32],[-25,0],[0,32],[25,0],[0,33],[25,0]],[[9287,8902],[12,0]],[[9299,8902],[0,-64],[-12,0]],[[9287,8838],[0,64]],[[137,8870],[13,0],[0,-32],[-13,0]],[[137,8838],[0,32]],[[800,8870],[37,0]],[[837,8870],[0,-32],[-37,0],[0,32]],[[1487,8870],[13,0],[0,-32]],[[1500,8838],[-13,0],[0,32]],[[5362,8870],[0,-32]],[[5362,8838],[-13,0],[0,32]],[[5424,8870],[13,0]],[[5437,8870],[0,-32]],[[5437,8838],[-13,0],[0,32]],[[6099,8870],[0,-32]],[[6099,8838],[-12,0]],[[6087,8838],[0,32]],[[6124,8870],[13,0],[0,-32],[-13,0]],[[6124,8838],[0,32]],[[6362,8870],[12,0]],[[6374,8870],[0,-32],[-12,0],[0,32]],[[6912,8902],[0,-64],[-50,0]],[[6862,8838],[0,32],[25,0]],[[6887,8870],[0,32],[25,0]],[[6924,8870],[25,0]],[[6949,8870],[0,-32]],[[6949,8838],[-25,0]],[[6924,8838],[0,32]],[[7149,8870],[0,-32],[-25,0],[0,32],[25,0]],[[7374,8870],[25,0],[0,-32],[-25,0],[0,32]],[[7824,8870],[13,0],[0,-32],[-13,0],[0,32]],[[8699,8870],[13,0],[0,-32],[-13,0],[0,32]],[[8724,8870],[13,0]],[[8737,8870],[0,-32]],[[8737,8838],[-13,0]],[[8724,8838],[0,32]],[[8737,8870],[12,0]],[[8749,8870],[0,-32],[-12,0]],[[9012,8870],[12,0],[0,-32],[-12,0],[0,32]],[[9174,8870],[0,-32],[-12,0]],[[9162,8838],[0,32]],[[9249,8870],[0,-32],[-12,0]],[[9262,8870],[12,0]],[[9274,8870],[0,-32]],[[9274,8838],[-12,0],[0,32]],[[9687,8870],[12,0],[0,-32],[-12,0],[0,32]],[[6987,9225],[37,0],[0,-97]],[[7024,9128],[-25,0]],[[6999,9096],[25,0]],[[7024,9096],[0,-65]],[[7024,8999],[0,-64],[13,0]],[[7049,8902],[0,-32],[-50,0]],[[6999,8870],[0,-32],[-12,0],[0,-32]],[[6987,8806],[-25,0]],[[6962,8806],[0,32]],[[6962,8838],[-13,0]],[[6949,8870],[-12,0]],[[6937,8870],[0,32],[-25,0]],[[6912,8935],[-25,0]],[[6887,8935],[0,32],[-13,0]],[[6862,9031],[0,33],[-13,0],[0,32]],[[6862,9128],[37,0]],[[6899,9128],[0,65],[13,0],[0,32],[25,0],[0,32],[50,0]],[[6212,8935],[75,0],[0,-33],[12,0],[0,-64],[-50,0]],[[6249,8838],[0,-32]],[[6249,8806],[-37,0],[0,129]],[[8862,8806],[-13,0],[0,96],[13,0],[0,-96]],[[1975,8870],[12,0],[0,-32],[13,0],[0,-32],[-25,0],[0,64]],[[5674,8870],[25,0],[0,-64],[-12,0],[0,32],[-13,0],[0,32]],[[2987,8838],[0,-32]],[[2987,8806],[-12,0],[0,32],[12,0]],[[5512,9031],[50,0]],[[5562,9031],[0,-32]],[[5549,8935],[-50,0]],[[5499,8935],[0,-33],[-37,0],[0,-32]],[[5462,8870],[-38,0]],[[5437,8838],[0,-32]],[[5437,8806],[-50,0]],[[5387,8806],[0,32],[12,0],[0,32],[-12,0]],[[5412,8967],[25,0],[0,32],[12,0],[0,-32],[13,0]],[[5462,8967],[0,32],[50,0]],[[5749,8870],[0,-64],[-37,0],[0,32],[12,0],[0,32],[25,0]],[[5774,8838],[13,0],[0,-32],[-13,0],[0,32]],[[5899,8838],[13,0]],[[5912,8838],[0,-32]],[[5912,8806],[-13,0],[0,32]],[[6037,8806],[-75,0],[0,32],[12,0],[0,32],[13,0],[0,-32],[50,0],[0,-32]],[[6099,8838],[13,0],[0,-32],[-13,0],[0,32]],[[6324,8806],[-12,0],[0,32],[12,0],[0,-32]],[[6849,8838],[13,0]],[[6862,8838],[0,-32]],[[6862,8806],[-13,0]],[[6849,8806],[0,32]],[[6999,8870],[38,0],[0,-32],[-25,0]],[[7012,8838],[0,-32]],[[7012,8806],[-25,0]],[[7012,8838],[12,0],[0,-32]],[[7024,8806],[-12,0]],[[7199,8838],[13,0]],[[7212,8838],[0,-32]],[[7212,8806],[-13,0]],[[7199,8806],[0,32]],[[8737,8838],[0,-32],[-13,0]],[[8724,8806],[0,32]],[[9249,8870],[13,0]],[[9274,8838],[0,-32]],[[9274,8806],[-37,0],[0,32]],[[9724,8870],[25,0]],[[9749,8870],[0,-32],[13,0],[0,-32],[-50,0],[0,32],[12,0],[0,32]],[[9899,8902],[38,0]],[[9937,8870],[25,0]],[[9962,8870],[0,-64],[-75,0],[0,-33],[-13,0],[0,33],[-25,0],[0,32],[-25,0],[0,32],[-12,0],[0,-32],[-25,0]],[[9787,8838],[0,64]],[[9787,8902],[50,0]],[[9837,8902],[0,33],[50,0],[0,-65],[12,0],[0,32]],[[1500,8838],[0,-65],[-13,0],[0,33],[-12,0],[0,64],[12,0]],[[162,8838],[25,0]],[[187,8838],[0,-65],[-25,0],[0,65]],[[5574,8838],[25,0],[0,-65],[-12,0],[0,33],[-13,0],[0,32]],[[1725,8773],[-50,0],[0,33],[50,0],[0,-33]],[[2962,8806],[0,-33]],[[2962,8773],[-12,0],[0,33],[12,0]],[[5362,8806],[0,-33]],[[5362,8773],[-13,0],[0,33],[13,0]],[[5362,8806],[25,0]],[[5387,8806],[0,-33]],[[5387,8773],[-25,0]],[[5912,8806],[37,0],[0,-33]],[[5949,8773],[-37,0],[0,33]],[[6137,8806],[12,0],[0,-33]],[[6149,8773],[-12,0]],[[6137,8773],[0,33]],[[6574,8806],[13,0],[0,-33],[-13,0],[0,33]],[[6824,8870],[0,-32]],[[6824,8838],[-25,0],[0,-32]],[[6799,8806],[-50,0]],[[6749,8806],[0,-33]],[[6749,8773],[-25,0],[0,33],[13,0],[0,32],[12,0],[0,32],[75,0]],[[6824,8902],[25,0]],[[6849,8902],[0,-96]],[[6849,8806],[-37,0]],[[6812,8806],[0,-33],[-25,0],[0,33]],[[6787,8806],[12,0]],[[6824,8838],[0,64]],[[6887,8806],[12,0],[0,-33],[-12,0],[0,33]],[[6999,8806],[13,0]],[[7012,8806],[0,-33],[-13,0]],[[6999,8773],[0,33]],[[7024,8806],[25,0],[0,-33]],[[7049,8773],[-25,0],[0,33]],[[7224,8806],[25,0]],[[7249,8806],[0,-33]],[[7249,8773],[-25,0]],[[7224,8773],[0,33]],[[8974,8773],[-12,0],[0,33],[12,0],[0,-33]],[[9037,8773],[-38,0],[0,33],[38,0],[0,-33]],[[9412,8806],[50,0],[0,-33],[-50,0],[0,33]],[[9487,8806],[12,0],[0,-33],[-12,0],[0,33]],[[8587,9096],[12,0]],[[8599,9096],[0,-65],[13,0],[0,-32],[-13,0],[0,-32],[-12,0],[0,-97],[-13,0],[0,-64],[-12,0],[0,-65],[-25,0],[0,32],[-13,0],[0,97],[13,0],[0,-32],[25,0],[0,64]],[[8562,8902],[-13,0],[0,33],[-25,0],[0,32],[25,0],[0,32],[13,0],[0,32],[12,0],[0,33],[13,0]],[[8587,9064],[0,32]],[[575,8806],[12,0],[0,-65],[-12,0],[0,65]],[[5874,8806],[13,0],[0,-65],[-13,0],[0,65]],[[8887,8741],[-13,0],[0,32],[-12,0],[0,33]],[[8862,8806],[12,0],[0,32],[13,0],[0,-32],[12,0],[0,-33],[-12,0],[0,-32]],[[9199,8741],[0,32],[-12,0]],[[9187,8773],[0,33],[25,0],[0,-65],[-13,0]],[[275,8773],[12,0]],[[287,8773],[0,-32],[-12,0],[0,32]],[[375,8773],[37,0]],[[412,8773],[0,-32],[-37,0],[0,32]],[[4350,8773],[37,0]],[[4387,8773],[0,-32]],[[4387,8741],[-37,0]],[[4350,8741],[0,32]],[[4425,8741],[0,32],[25,0],[0,-32],[-25,0]],[[4475,8773],[0,-32],[-13,0]],[[4462,8741],[0,32],[13,0]],[[4512,8773],[13,0]],[[4525,8773],[0,-32],[-13,0]],[[4512,8741],[0,32]],[[4587,8773],[13,0],[0,-32],[-13,0]],[[4587,8741],[0,32]],[[5437,8773],[25,0]],[[5462,8773],[0,-32]],[[5462,8741],[-25,0]],[[5437,8741],[0,32]],[[5949,8773],[13,0],[0,-32],[-13,0],[0,32]],[[5974,8773],[25,0],[0,-32]],[[5999,8741],[-25,0],[0,32]],[[6137,8773],[0,-32],[-13,0]],[[6124,8741],[0,32],[13,0]],[[6149,8773],[13,0]],[[6162,8773],[0,-32]],[[6162,8741],[-13,0],[0,32]],[[7524,8741],[0,32],[13,0],[0,-32],[-13,0]],[[8974,8773],[13,0],[0,-32],[-13,0],[0,32]],[[9199,8741],[-12,0],[0,32]],[[9949,8773],[13,0],[0,-32],[-13,0],[0,32]],[[2937,8773],[0,-64]],[[2937,8709],[-12,0],[0,64],[12,0]],[[5499,8935],[38,0]],[[5537,8935],[0,-33],[-13,0],[0,-32],[-12,0],[0,-32],[-13,0],[0,-32],[-25,0],[0,-33]],[[5474,8773],[-37,0]],[[5437,8741],[-13,0]],[[5424,8741],[0,-32]],[[5424,8709],[-37,0]],[[5387,8709],[0,32],[-13,0],[0,32]],[[5374,8773],[13,0]],[[5437,8806],[0,64]],[[5437,8870],[25,0]],[[6099,8870],[25,0]],[[6124,8838],[38,0],[0,-32],[-25,0]],[[6124,8741],[-12,0]],[[6112,8741],[0,32],[-25,0],[0,-32],[-13,0],[0,-32]],[[6074,8709],[-12,0]],[[6062,8709],[0,32]],[[6062,8741],[-38,0]],[[6024,8741],[0,32],[13,0],[0,33]],[[6037,8806],[37,0],[0,32]],[[6074,8838],[25,0]],[[7124,8773],[13,0]],[[7137,8773],[0,-64],[-13,0],[0,64]],[[37,8741],[13,0]],[[50,8741],[0,-32]],[[50,8709],[-13,0]],[[37,8709],[0,32]],[[362,8709],[-25,0]],[[337,8709],[0,32],[25,0],[0,-32]],[[687,8741],[25,0],[0,-32],[-25,0],[0,32]],[[1112,8741],[25,0],[0,-32],[-25,0],[0,32]],[[4387,8773],[13,0],[0,-64]],[[4400,8709],[-25,0],[0,32]],[[4375,8741],[12,0]],[[4412,8741],[13,0]],[[4425,8741],[0,-32],[-13,0],[0,32]],[[4487,8741],[13,0],[0,-32],[-13,0],[0,32]],[[5699,8741],[25,0],[0,-32],[-25,0],[0,32]],[[5924,8741],[13,0],[0,-32],[-13,0],[0,32]],[[6062,8709],[-25,0],[0,32],[25,0]],[[6112,8741],[-13,0],[0,-32]],[[6099,8709],[-25,0]],[[6124,8741],[0,-32],[-12,0]],[[6112,8709],[0,32]],[[6649,8773],[13,0],[0,-64],[-25,0],[0,32],[12,0],[0,32]],[[6749,8773],[25,0],[0,-32]],[[6774,8741],[-12,0],[0,-32]],[[6762,8709],[-25,0]],[[6737,8709],[0,32],[12,0],[0,32]],[[6774,8741],[0,-32]],[[6774,8709],[-12,0]],[[7062,8741],[12,0],[0,-32],[-12,0],[0,32]],[[8049,8709],[-12,0],[0,32],[12,0],[0,-32]],[[8587,8709],[0,32],[12,0],[0,-32],[-12,0]],[[9524,8709],[0,32],[13,0],[0,-32],[-13,0]],[[9849,8741],[13,0],[0,-32],[-13,0],[0,32]],[[87,8741],[0,-64]],[[87,8677],[-12,0]],[[75,8677],[0,32]],[[75,8709],[-25,0]],[[50,8741],[-25,0]],[[25,8741],[0,32],[25,0],[0,33],[12,0],[0,-65],[25,0]],[[4475,8773],[37,0]],[[4512,8773],[0,-96]],[[4512,8677],[-50,0]],[[4462,8677],[0,64]],[[4525,8773],[62,0]],[[4587,8741],[25,0],[0,-64]],[[4612,8677],[-25,0],[0,32],[-12,0],[0,32],[-25,0],[0,-32]],[[4550,8709],[-25,0]],[[4525,8709],[0,-32]],[[4525,8677],[-13,0]],[[4512,8677],[0,64]],[[6599,8677],[0,64],[13,0],[0,-64],[-13,0]],[[8887,8741],[25,0],[0,-64],[-13,0],[0,32],[-12,0],[0,32]],[[37,8709],[38,0]],[[75,8677],[-38,0],[0,32]],[[87,8709],[13,0]],[[100,8709],[0,-32]],[[100,8677],[-13,0]],[[87,8677],[0,32]],[[337,8709],[0,-32]],[[337,8677],[-12,0],[0,32],[12,0]],[[337,8709],[38,0]],[[375,8709],[0,-32]],[[375,8677],[-38,0]],[[375,8709],[12,0]],[[387,8709],[0,-32]],[[387,8677],[-12,0]],[[787,8709],[13,0],[0,-32],[-13,0],[0,32]],[[4350,8741],[12,0]],[[4362,8741],[0,-64]],[[4362,8677],[-50,0],[0,32],[13,0],[0,32],[12,0],[0,32],[13,0]],[[4625,8677],[-13,0]],[[4612,8677],[0,32],[13,0],[0,-32]],[[6699,8709],[25,0]],[[6724,8709],[0,-32]],[[6724,8677],[-25,0]],[[6699,8677],[0,32]],[[7099,8709],[0,-32]],[[7099,8677],[-12,0]],[[7087,8677],[0,32],[12,0]],[[8049,8709],[13,0]],[[8062,8709],[0,-32],[-13,0]],[[8049,8677],[0,32]],[[8387,8709],[25,0]],[[8412,8709],[0,-32],[-25,0],[0,32]],[[8462,8709],[12,0],[0,-32],[-12,0],[0,32]],[[8587,8709],[0,-32],[-13,0],[0,32],[13,0]],[[8774,8677],[-25,0],[0,32],[25,0],[0,-32]],[[8924,8709],[25,0],[0,-32],[-25,0],[0,32]],[[9199,8741],[0,-32],[13,0],[0,-32]],[[9212,8677],[-50,0]],[[9162,8677],[0,32]],[[9162,8709],[12,0]],[[9174,8709],[0,64],[13,0]],[[9237,8709],[12,0]],[[9249,8709],[0,-32]],[[9249,8677],[-12,0]],[[9237,8677],[0,32]],[[9474,8709],[13,0]],[[9487,8709],[0,-32]],[[9487,8677],[-13,0],[0,32]],[[9599,8709],[13,0],[0,-32]],[[9612,8677],[-13,0]],[[9599,8677],[0,32]],[[9624,8677],[0,32],[13,0],[0,-32],[-13,0]],[[9662,8709],[25,0],[0,-32],[-25,0],[0,32]],[[37,8935],[25,0],[0,-33],[38,0],[0,-32],[37,0]],[[137,8838],[25,0]],[[187,8838],[13,0],[0,-32],[50,0],[0,-33],[25,0]],[[287,8773],[13,0],[0,-64],[-25,0],[0,-32],[-38,0]],[[237,8677],[0,32],[-37,0]],[[200,8709],[0,-65]],[[200,8644],[-38,0]],[[162,8644],[0,33],[-37,0],[0,32]],[[125,8709],[-38,0]],[[87,8709],[0,32]],[[25,8741],[12,0]],[[37,8709],[-12,0],[0,-32],[-25,0]],[[0,8677],[0,290],[25,0],[0,-65]],[[100,8709],[25,0]],[[162,8644],[-50,0],[0,33],[-12,0]],[[237,8677],[-12,0],[0,-33]],[[225,8644],[-13,0]],[[212,8644],[0,33]],[[212,8677],[-12,0]],[[200,8677],[0,32]],[[2750,9289],[112,0],[0,-32],[25,0],[0,-32],[25,0],[0,-32],[38,0],[0,-33],[50,0],[0,-32],[12,0]],[[3012,9096],[63,0]],[[3100,8999],[37,0]],[[3150,8935],[0,-33],[37,0]],[[3200,8902],[12,0],[0,-32],[25,0],[0,-32],[50,0],[0,-32],[13,0],[0,-65],[-13,0],[0,-32],[-12,0],[0,-32],[-25,0],[0,-33],[-50,0]],[[3200,8644],[0,65]],[[3200,8709],[12,0],[0,32],[-37,0],[0,32],[-13,0],[0,33],[-37,0],[0,32],[-38,0],[0,-32],[-12,0],[0,32],[-25,0],[0,161],[-150,0],[0,32],[-13,0],[0,33],[-12,0],[0,32],[-13,0],[0,-32],[-12,0],[0,96],[-13,0],[0,33],[13,0],[0,32],[-63,0],[0,32],[-37,0],[0,32]],[[5349,8709],[25,0],[0,-32]],[[5374,8677],[-12,0],[0,-33]],[[5362,8644],[-13,0]],[[5349,8644],[0,65]],[[5399,8709],[38,0]],[[5437,8709],[0,-32],[-25,0],[0,-33]],[[5412,8644],[-13,0]],[[5399,8644],[0,65]],[[6424,8806],[75,0],[0,-65],[25,0],[0,32],[13,0],[0,33],[25,0],[0,-33],[-13,0],[0,-32],[-12,0],[0,-64],[-25,0],[0,-33],[-25,0],[0,33],[-13,0],[0,32],[13,0],[0,32],[-25,0],[0,-64],[-25,0],[0,32],[-13,0],[0,32],[-12,0],[0,32],[12,0],[0,33]],[[9062,8709],[25,0],[0,-65],[-13,0],[0,33],[-12,0]],[[9062,8677],[0,32]],[[9249,8709],[13,0]],[[9262,8709],[0,-65],[-13,0]],[[9249,8644],[0,65]],[[0,8677],[12,0],[0,-33],[-12,0],[0,33]],[[487,8644],[-12,0],[0,33],[12,0],[0,-33]],[[1850,8677],[12,0],[0,-33],[-12,0],[0,33]],[[1887,8677],[25,0],[0,-33],[-25,0],[0,33]],[[2675,8677],[37,0],[0,-33],[-37,0]],[[2675,8644],[0,33]],[[4425,8677],[12,0]],[[4437,8677],[0,-33]],[[4437,8644],[-12,0]],[[4425,8644],[0,33]],[[4437,8677],[13,0]],[[4450,8677],[0,-33],[-13,0]],[[5299,8677],[0,-33],[-12,0]],[[5287,8644],[0,33],[12,0]],[[5374,8677],[0,-33]],[[5374,8644],[-12,0]],[[5374,8677],[25,0]],[[5399,8677],[0,-33]],[[5399,8644],[-25,0]],[[5749,8677],[13,0],[0,-33],[-13,0],[0,33]],[[5987,8677],[0,-33]],[[5987,8644],[-13,0]],[[5974,8644],[0,33],[13,0]],[[5987,8677],[12,0],[0,-33],[-12,0]],[[6262,8677],[12,0],[0,-33],[-12,0],[0,33]],[[6962,8677],[0,-33],[-13,0],[0,33],[13,0]],[[7062,8677],[12,0]],[[7074,8677],[0,-33],[-12,0],[0,33]],[[7137,8644],[-25,0]],[[7112,8644],[0,33],[25,0],[0,-33]],[[7224,8677],[13,0],[0,-33],[-13,0],[0,33]],[[7499,8677],[0,-33],[-12,0],[0,33],[12,0]],[[7937,8677],[12,0],[0,-33],[-12,0],[0,33]],[[8049,8677],[0,-33],[-12,0],[0,33],[12,0]],[[8774,8677],[13,0],[0,-33],[-13,0],[0,33]],[[9037,8677],[12,0]],[[9049,8677],[0,-33]],[[9049,8644],[-12,0]],[[9037,8644],[0,33]],[[9049,8677],[13,0]],[[9062,8677],[0,-33]],[[9062,8644],[-13,0]],[[9187,8677],[12,0]],[[9199,8677],[0,-33],[-12,0],[0,33]],[[9212,8677],[37,0]],[[9249,8677],[0,-33]],[[9249,8644],[-37,0]],[[9212,8644],[0,33]],[[9599,8677],[25,0]],[[9624,8677],[0,-33],[-25,0]],[[9599,8644],[0,33]],[[4612,8677],[0,-33]],[[4612,8644],[-25,0]],[[4587,8644],[0,-32]],[[4587,8612],[-25,0]],[[4562,8612],[0,97]],[[4562,8709],[-12,0]],[[2062,8612],[-12,0],[0,97],[12,0],[0,-32],[25,0],[0,-33],[-25,0],[0,-32]],[[6162,8773],[50,0]],[[6212,8773],[0,-96],[-13,0],[0,-65],[-12,0],[0,32],[-38,0],[0,33],[-37,0],[0,32]],[[6124,8741],[38,0]],[[9449,8709],[25,0]],[[9487,8677],[0,-33]],[[9487,8644],[-25,0],[0,-32]],[[9462,8612],[-13,0]],[[9449,8612],[0,97]],[[212,8677],[0,-65]],[[212,8612],[-12,0]],[[200,8612],[0,65]],[[875,8644],[0,33],[50,0],[0,-65],[-13,0],[0,32],[-37,0]],[[4337,8677],[0,-65]],[[4337,8612],[-12,0],[0,65],[12,0]],[[5849,8677],[38,0],[0,-65],[-25,0],[0,32],[-13,0],[0,33]],[[6062,8644],[-13,0],[0,-32],[-25,0],[0,32],[-12,0]],[[6012,8644],[0,33],[50,0],[0,-33]],[[6374,8677],[25,0],[0,-33],[13,0],[0,-32],[-38,0],[0,65]],[[6549,8612],[0,65],[13,0],[0,-65],[-13,0]],[[6599,8677],[0,-65],[-12,0],[0,32],[-13,0],[0,33],[25,0]],[[6687,8644],[-25,0],[0,-32],[-13,0],[0,65],[38,0],[0,-33]],[[6749,8677],[13,0],[0,-33],[12,0],[0,-32],[-25,0],[0,65]],[[9999,8677],[0,-65],[-12,0]],[[9987,8612],[0,65],[12,0]],[[150,8644],[0,-32]],[[150,8612],[-25,0],[0,32],[25,0]],[[150,8644],[25,0]],[[175,8644],[0,-32]],[[175,8612],[-25,0]],[[225,8644],[0,-32],[-13,0]],[[212,8612],[0,32]],[[487,8644],[13,0],[0,-32]],[[500,8612],[-13,0],[0,32]],[[875,8644],[0,-32],[-13,0]],[[862,8612],[0,32],[13,0]],[[2175,8644],[12,0],[0,-32],[-12,0],[0,32]],[[4437,8644],[0,-32]],[[4437,8612],[-12,0]],[[4425,8612],[0,32]],[[4587,8644],[13,0]],[[4600,8644],[0,-32]],[[4600,8612],[-13,0]],[[4625,8677],[0,-65],[-25,0]],[[4600,8644],[12,0]],[[5287,8644],[0,-32],[-13,0]],[[5274,8612],[0,32],[13,0]],[[5337,8612],[-13,0],[0,32],[13,0],[0,-32]],[[5374,8644],[13,0]],[[5387,8644],[0,-32],[-13,0],[0,32]],[[5524,8644],[38,0],[0,-32],[-38,0],[0,32]],[[6062,8644],[25,0]],[[6087,8644],[0,-32]],[[6087,8612],[-25,0],[0,32]],[[7099,8644],[13,0]],[[7112,8644],[0,-32],[-13,0]],[[7099,8612],[0,32]],[[7187,8644],[12,0],[0,-32]],[[7199,8612],[-12,0]],[[7187,8612],[0,32]],[[7962,8644],[12,0],[0,-32],[-12,0],[0,32]],[[8324,8644],[13,0],[0,-32],[-13,0],[0,32]],[[9137,8612],[-25,0]],[[9112,8612],[0,32],[25,0],[0,-32]],[[9387,8612],[-25,0]],[[9362,8612],[0,32],[25,0],[0,-32]],[[9487,8644],[0,-32]],[[9487,8612],[-25,0]],[[9937,8644],[12,0],[0,-32],[-12,0],[0,32]],[[7874,9547],[63,0]],[[7937,9515],[37,0],[0,-32],[13,0],[0,32],[112,0],[0,-32],[50,0],[0,-32],[13,0],[0,-65],[-13,0],[0,-97],[-75,0]],[[8074,9289],[0,-32],[-25,0],[0,-32],[-12,0],[0,32],[-38,0],[0,-32],[-12,0],[0,-32],[-88,0],[0,-33],[150,0],[0,-32],[13,0],[0,-64],[12,0]],[[8074,9064],[0,32],[25,0],[0,-32],[13,0],[0,-97],[-75,0],[0,-32],[-13,0],[0,32],[-12,0],[0,-65],[-25,0],[0,33],[-13,0],[0,32],[-12,0],[0,-32],[-25,0],[0,32],[-25,0],[0,32],[12,0],[0,65],[-12,0],[0,-33],[-25,0],[0,33],[-38,0],[0,32],[25,0],[0,32],[-12,0],[0,32],[-25,0],[0,-32],[-13,0],[0,32],[-50,0],[0,-32],[-12,0],[0,32],[-25,0],[0,-32],[-25,0],[0,-32],[-38,0],[0,-32],[-12,0],[0,-33],[-13,0],[0,33],[-12,0]],[[7637,9064],[0,-97]],[[7649,8999],[13,0]],[[7662,8999],[0,-32],[12,0],[0,32],[13,0],[0,-32],[25,0],[0,-32],[12,0],[0,32],[13,0],[0,-32],[12,0],[0,-33],[25,0],[0,-32],[13,0],[0,-32],[-38,0],[0,-32],[13,0],[0,-33],[25,0],[0,33],[37,0],[0,-65],[-12,0],[0,-32],[-13,0],[0,-32],[-12,0],[0,-33],[-25,0],[0,-32],[-38,0],[0,-32],[-37,0],[0,32],[-25,0],[0,32],[-25,0],[0,-32],[-13,0],[0,32],[-100,0],[0,-32],[-12,0],[0,65],[-13,0]],[[7499,8677],[0,32],[25,0],[0,32]],[[7524,8741],[-37,0],[0,32],[-13,0],[0,33],[-25,0],[0,32],[13,0],[0,32],[12,0],[0,32],[-25,0],[0,-32],[-12,0],[0,32],[-13,0],[0,33],[-25,0],[0,-33],[-25,0],[0,-32]],[[7374,8870],[-75,0],[0,-32],[-25,0],[0,32],[-12,0],[0,-64],[12,0],[0,-33]],[[7274,8773],[-25,0]],[[7249,8806],[-37,0]],[[7212,8838],[-25,0]],[[7187,8838],[0,-65],[-13,0],[0,-32],[-12,0],[0,32]],[[7162,8773],[-50,0]],[[7112,8773],[0,129]],[[7099,8902],[0,-64]],[[7099,8838],[-12,0],[0,32],[-25,0]],[[7062,8870],[0,65],[-25,0]],[[7037,8935],[0,96],[12,0],[0,33],[-12,0],[0,32],[-13,0]],[[7024,9096],[0,32]],[[7024,9128],[13,0],[0,32],[37,0],[0,65],[25,0],[0,-129],[38,0]],[[7112,9128],[0,32],[50,0]],[[7162,9193],[25,0],[0,32],[25,0],[0,-32],[25,0],[0,32],[-13,0],[0,32],[13,0],[0,32],[162,0],[0,97],[50,0],[0,32],[125,0],[0,33],[125,0]],[[7724,9418],[0,65],[75,0],[0,32],[13,0],[0,32],[25,0]],[[7849,9515],[0,65],[13,0]],[[6937,8870],[-13,0]],[[6924,8838],[38,0]],[[6962,8806],[-38,0]],[[6924,8806],[0,-33],[-12,0],[0,-32],[-38,0],[0,32],[-12,0],[0,-32],[-13,0],[0,32],[-12,0],[0,-64],[-13,0],[0,-32],[13,0],[0,-33],[50,0],[0,-32],[-13,0],[0,-32],[-12,0],[0,32],[-75,0],[0,32],[12,0],[0,97],[-25,0]],[[6749,8806],[38,0]],[[6812,8806],[50,0]],[[7187,8644],[-13,0]],[[7174,8644],[0,-32]],[[7174,8612],[-25,0],[0,-32]],[[7149,8580],[-12,0]],[[7137,8580],[0,64]],[[7137,8644],[25,0],[0,33],[25,0],[0,-33]],[[7187,8644],[0,-64]],[[7187,8580],[-13,0]],[[7174,8580],[0,64]],[[9174,8677],[13,0]],[[9199,8677],[13,0]],[[9212,8644],[25,0]],[[9237,8644],[0,-32],[-25,0],[0,-32]],[[9212,8580],[-13,0]],[[9199,8580],[0,32]],[[9199,8612],[-37,0]],[[9162,8612],[0,32],[12,0],[0,33]],[[175,8644],[25,0]],[[200,8644],[0,-32]],[[200,8612],[-13,0]],[[187,8612],[0,-32]],[[187,8580],[-25,0],[0,32],[13,0]],[[187,8612],[25,0]],[[212,8612],[0,-32],[-25,0]],[[525,8612],[0,-32]],[[525,8580],[-13,0],[0,32],[13,0]],[[862,8612],[0,-32]],[[862,8580],[-12,0]],[[850,8580],[0,32],[12,0]],[[975,8580],[-38,0]],[[937,8580],[0,32],[38,0],[0,-32]],[[2062,8612],[13,0],[0,-32],[-13,0],[0,32]],[[4375,8612],[25,0]],[[4400,8612],[0,-32]],[[4400,8580],[-25,0],[0,32]],[[4587,8612],[0,-32]],[[4587,8580],[-25,0]],[[4562,8580],[0,32]],[[4600,8612],[0,-32],[-13,0]],[[5474,8612],[38,0],[0,-32],[-38,0],[0,32]],[[6087,8612],[12,0],[0,-32],[-12,0],[0,32]],[[6112,8612],[12,0],[0,-32],[-12,0],[0,32]],[[6299,8612],[13,0],[0,-32],[-13,0],[0,32]],[[7174,8612],[0,-32]],[[7174,8580],[-25,0]],[[8087,8612],[12,0],[0,-32],[-12,0],[0,32]],[[8262,8612],[37,0],[0,-32],[-37,0],[0,32]],[[8787,8612],[12,0],[0,-32],[-12,0],[0,32]],[[8937,8612],[12,0],[0,-32],[-12,0],[0,32]],[[8999,8580],[-12,0],[0,32],[12,0],[0,-32]],[[9112,8612],[0,-32],[-13,0],[0,32],[13,0]],[[9137,8612],[25,0]],[[9162,8612],[0,-32],[-25,0],[0,32]],[[9187,8612],[12,0]],[[9199,8580],[-12,0]],[[9187,8580],[0,32]],[[9237,8644],[12,0]],[[9249,8644],[0,-64],[-37,0]],[[9362,8612],[0,-32]],[[9362,8580],[-13,0]],[[9349,8580],[0,32],[13,0]],[[9374,8612],[25,0]],[[9399,8612],[0,-32]],[[9399,8580],[-25,0]],[[9374,8580],[0,32]],[[4362,8741],[13,0]],[[4400,8709],[0,32],[12,0]],[[4425,8741],[37,0]],[[4462,8677],[-37,0]],[[4425,8677],[0,-65]],[[4425,8612],[25,0]],[[4450,8612],[0,-64],[-50,0]],[[4400,8548],[0,64]],[[4400,8612],[-63,0]],[[4337,8677],[25,0]],[[4525,8709],[37,0]],[[4562,8709],[0,-129]],[[4562,8580],[-25,0]],[[4537,8580],[0,-32]],[[4537,8548],[-25,0]],[[4512,8548],[0,32]],[[4512,8580],[-37,0]],[[4475,8580],[0,32],[-13,0],[0,65]],[[4462,8677],[63,0]],[[4400,8580],[0,-32]],[[4400,8548],[-38,0],[0,64],[13,0]],[[6549,8612],[0,-32],[-12,0],[0,-32],[-13,0],[0,64],[25,0]],[[8562,8548],[-25,0],[0,64],[12,0],[0,-32],[13,0],[0,-32]],[[9362,8612],[12,0]],[[9374,8612],[0,-64]],[[9374,8548],[-12,0]],[[9362,8548],[0,64]],[[487,8580],[13,0]],[[500,8580],[0,-32]],[[500,8548],[-13,0],[0,32]],[[537,8580],[13,0],[0,-32],[-13,0],[0,32]],[[862,8580],[13,0]],[[875,8580],[0,-32],[-13,0],[0,32]],[[900,8580],[25,0]],[[925,8580],[0,-32]],[[925,8548],[-25,0]],[[900,8548],[0,32]],[[4487,8580],[25,0]],[[4512,8548],[-25,0]],[[4487,8548],[0,32]],[[4537,8580],[13,0],[0,-32],[-13,0]],[[5349,8548],[0,32],[13,0],[0,-32],[-13,0]],[[5962,8580],[12,0],[0,-32],[-12,0],[0,32]],[[7099,8580],[13,0],[0,-32],[-13,0],[0,32]],[[7949,8580],[13,0],[0,-32],[-13,0],[0,32]],[[8812,8548],[0,32],[12,0],[0,-32],[-12,0]],[[8999,8580],[13,0],[0,-32],[-13,0],[0,32]],[[9049,8580],[13,0],[0,-32],[-13,0],[0,32]],[[9337,8580],[0,-32],[-13,0]],[[9324,8548],[0,32],[13,0]],[[4450,8677],[12,0]],[[4475,8580],[12,0]],[[4487,8548],[-25,0]],[[4462,8548],[0,-33]],[[4462,8515],[-12,0],[0,97]],[[4450,8612],[-13,0]],[[9524,8709],[0,-32],[13,0],[0,-33],[12,0],[0,-96],[-25,0],[0,-33],[-37,0],[0,97]],[[9487,8612],[12,0],[0,97],[25,0]],[[225,8580],[62,0],[0,-32],[38,0],[0,-33],[-100,0],[0,65]],[[962,8580],[25,0]],[[987,8580],[0,-32],[13,0],[0,-33]],[[1000,8515],[-25,0]],[[975,8515],[0,33],[-13,0]],[[962,8548],[0,32]],[[5274,8612],[0,-32],[13,0],[0,-32],[12,0],[0,-33]],[[5299,8515],[-37,0]],[[5262,8515],[0,33],[-13,0],[0,32]],[[5249,8580],[13,0],[0,32],[12,0]],[[8312,8580],[12,0],[0,-65],[-12,0],[0,65]],[[975,8515],[-13,0]],[[962,8515],[0,33]],[[1025,8548],[12,0],[0,-33],[-12,0],[0,33]],[[3112,8515],[-25,0],[0,33],[25,0],[0,-33]],[[4462,8548],[13,0]],[[4475,8548],[0,-33]],[[4475,8515],[-13,0]],[[4475,8548],[12,0]],[[4487,8548],[0,-33]],[[4487,8515],[-12,0]],[[4487,8548],[13,0],[0,-33],[-13,0]],[[5199,8548],[0,-33]],[[5199,8515],[-12,0],[0,33],[12,0]],[[5312,8548],[25,0]],[[5337,8548],[0,-33]],[[5337,8515],[-25,0]],[[5312,8515],[0,33]],[[5474,8515],[0,33],[13,0],[0,-33],[-13,0]],[[5537,8548],[12,0],[0,-33],[-12,0]],[[5537,8515],[0,33]],[[5899,8548],[13,0],[0,-33],[-13,0],[0,33]],[[6037,8548],[37,0],[0,-33],[-37,0],[0,33]],[[6499,8548],[13,0],[0,-33],[-13,0],[0,33]],[[7137,8548],[0,-33]],[[7137,8515],[-13,0]],[[7124,8515],[0,33],[13,0]],[[7849,8548],[13,0],[0,-33],[-13,0],[0,33]],[[8112,8515],[-13,0],[0,33],[13,0],[0,-33]],[[8674,8515],[-37,0],[0,33],[37,0],[0,-33]],[[9187,8515],[-13,0]],[[9174,8515],[0,33],[13,0],[0,-33]],[[9324,8548],[0,-33],[-12,0],[0,33],[12,0]],[[9649,8548],[25,0],[0,-33],[-25,0],[0,33]],[[5262,8515],[-13,0]],[[5249,8515],[0,-32]],[[5249,8483],[-12,0]],[[5237,8483],[0,65]],[[5237,8548],[-25,0],[0,32],[37,0]],[[7187,8612],[37,0]],[[7224,8612],[0,-64],[-12,0],[0,-33],[-25,0],[0,-32]],[[7187,8483],[-13,0]],[[7174,8483],[0,32],[-12,0],[0,33],[-25,0]],[[7137,8548],[0,32]],[[7137,8580],[50,0]],[[7187,8580],[0,32]],[[9399,8580],[0,-97]],[[9399,8483],[-12,0],[0,65],[-13,0]],[[9374,8548],[0,32]],[[437,8548],[13,0]],[[450,8548],[0,-65]],[[450,8483],[-13,0]],[[437,8483],[0,65]],[[450,8548],[12,0]],[[462,8548],[0,-65]],[[462,8483],[-12,0]],[[5337,8548],[12,0]],[[5349,8548],[0,-65]],[[5349,8483],[-12,0]],[[5337,8483],[0,65]],[[6262,8548],[0,-33],[12,0],[0,-32],[-37,0],[0,32],[-25,0],[0,33],[50,0]],[[6499,8548],[-12,0],[0,-33],[-38,0],[0,-32],[-25,0],[0,32],[-12,0],[0,33],[12,0],[0,32],[50,0],[0,32],[38,0],[0,-32],[-13,0],[0,-32]],[[8199,8548],[25,0],[0,-65],[-12,0],[0,32],[-13,0],[0,33]],[[8812,8548],[0,-65],[-13,0],[0,32],[-25,0],[0,33],[38,0]],[[9074,8548],[25,0]],[[9099,8548],[0,-65]],[[9099,8483],[-25,0]],[[9074,8483],[0,65]],[[9099,8548],[13,0]],[[9112,8548],[0,-33]],[[9112,8515],[12,0]],[[9124,8515],[0,-32]],[[9124,8483],[-25,0]],[[437,8515],[0,-32]],[[437,8483],[-12,0],[0,32],[12,0]],[[837,8548],[0,-33]],[[837,8515],[-25,0]],[[812,8515],[0,-32]],[[812,8483],[-37,0]],[[775,8483],[0,32]],[[775,8515],[25,0]],[[800,8515],[0,33],[37,0]],[[812,8515],[13,0]],[[825,8515],[0,-32],[-13,0]],[[837,8515],[25,0],[0,-32]],[[862,8483],[-25,0]],[[837,8483],[0,32]],[[5174,8515],[0,-32]],[[5174,8483],[-12,0],[0,32],[12,0]],[[5312,8515],[12,0]],[[5324,8515],[0,-32]],[[5324,8483],[-12,0]],[[5312,8483],[0,32]],[[5324,8515],[13,0]],[[5337,8515],[0,-32]],[[5337,8483],[-13,0]],[[5512,8515],[12,0],[0,-32],[-12,0]],[[5512,8483],[0,32]],[[5762,8515],[12,0],[0,-32],[-12,0],[0,32]],[[6712,8515],[12,0],[0,-32],[-12,0],[0,32]],[[7124,8515],[0,-32]],[[7124,8483],[-12,0],[0,32],[12,0]],[[7449,8515],[25,0],[0,-32],[-25,0],[0,32]],[[8112,8515],[12,0],[0,-32],[-12,0],[0,32]],[[8249,8548],[13,0],[0,-65],[-25,0],[0,32],[12,0],[0,33]],[[8674,8515],[13,0],[0,-32],[-13,0],[0,32]],[[9124,8515],[13,0]],[[9137,8515],[0,-32]],[[9137,8483],[-13,0]],[[9137,8515],[12,0]],[[9149,8515],[0,-32]],[[9149,8483],[-12,0]],[[9149,8515],[25,0]],[[9174,8515],[0,-32]],[[9174,8483],[-25,0]],[[9187,8515],[0,-32],[-13,0]],[[9624,8515],[13,0],[0,-32],[-13,0],[0,32]],[[9924,8515],[0,-32]],[[9924,8483],[-37,0]],[[9887,8483],[0,32],[37,0]],[[5587,8548],[0,-97],[-13,0],[0,97],[13,0]],[[7174,8483],[-12,0]],[[7162,8483],[0,-32],[-13,0],[0,32],[-12,0]],[[7137,8483],[0,65]],[[3112,8515],[50,0],[0,-64],[-25,0],[0,32],[-25,0],[0,32]],[[6574,8451],[-25,0]],[[6549,8451],[0,32],[-12,0],[0,32],[12,0],[0,33],[13,0],[0,-33],[37,0],[0,-32],[-25,0],[0,-32]],[[7024,8709],[13,0],[0,-32]],[[7037,8677],[25,0]],[[7074,8677],[25,0]],[[7099,8677],[0,-65]],[[7137,8644],[0,-96]],[[7124,8483],[0,-32]],[[7124,8451],[-37,0]],[[7087,8451],[0,32],[-13,0],[0,-32]],[[7074,8451],[-12,0]],[[7062,8451],[0,64],[25,0],[0,33],[-88,0],[0,32],[13,0],[0,32],[-25,0],[0,32],[12,0],[0,33],[25,0]],[[7024,8677],[0,32]],[[7137,8515],[0,-64]],[[7137,8451],[-13,0]],[[7124,8451],[0,64]],[[9349,8548],[25,0]],[[9374,8548],[0,-33],[-12,0],[0,-64],[-25,0]],[[9337,8451],[0,64]],[[9337,8515],[12,0],[0,33]],[[9974,8515],[25,0],[0,-32],[-12,0],[0,-32],[-50,0]],[[9937,8451],[0,64],[25,0],[0,-32],[12,0],[0,32]],[[412,8451],[-25,0]],[[387,8451],[0,32],[25,0],[0,-32]],[[462,8515],[13,0],[0,-64]],[[475,8451],[-38,0]],[[437,8451],[0,32]],[[437,8483],[25,0]],[[462,8483],[0,32]],[[550,8483],[12,0],[0,-32],[-12,0],[0,32]],[[987,8483],[13,0],[0,-32]],[[1000,8451],[-13,0]],[[987,8451],[0,32]],[[1050,8451],[-38,0]],[[1012,8451],[0,32],[38,0],[0,-32]],[[5187,8483],[25,0]],[[5212,8483],[0,-32]],[[5212,8451],[-25,0]],[[5187,8451],[0,32]],[[5624,8741],[0,-64],[-25,0],[0,-97],[-12,0],[0,-32]],[[5587,8548],[-50,0]],[[5537,8515],[-25,0]],[[5512,8483],[-13,0],[0,-32],[-37,0]],[[5462,8451],[0,32],[12,0],[0,32]],[[5474,8515],[-12,0],[0,33],[-13,0],[0,32],[-12,0],[0,-65],[12,0],[0,-32],[-50,0],[0,-32],[-12,0],[0,64],[-13,0],[0,65],[50,0],[0,32],[25,0],[0,32],[63,0],[0,33],[-25,0],[0,64],[12,0],[0,-32],[50,0],[0,-32],[38,0],[0,32],[12,0],[0,32],[25,0]],[[5812,8451],[0,32],[12,0],[0,-32],[-12,0]],[[7037,8451],[-13,0],[0,32],[13,0],[0,-32]],[[7087,8451],[-13,0]],[[8087,8483],[12,0],[0,-32],[-12,0],[0,32]],[[9324,8483],[13,0]],[[9337,8483],[0,-32]],[[9337,8451],[-13,0]],[[9324,8451],[0,32]],[[9549,8483],[0,-32],[-25,0]],[[9524,8451],[0,32],[25,0]],[[9562,8483],[12,0],[0,-32],[-12,0],[0,32]],[[9899,8483],[13,0]],[[9912,8483],[0,-32]],[[9912,8451],[-13,0]],[[9899,8451],[0,32]],[[9912,8483],[12,0]],[[9924,8483],[0,-32]],[[9924,8451],[-12,0]],[[9449,8515],[0,-96]],[[9449,8419],[-12,0]],[[9437,8419],[0,32]],[[9437,8451],[-13,0]],[[9424,8451],[0,64],[25,0]],[[837,8580],[25,0]],[[875,8580],[25,0]],[[900,8548],[50,0]],[[950,8548],[0,-33],[-50,0],[0,-64],[37,0],[0,-32]],[[937,8419],[-62,0]],[[875,8419],[0,32]],[[875,8451],[-25,0]],[[850,8451],[0,32]],[[850,8483],[12,0]],[[837,8515],[0,65]],[[6974,8451],[0,32],[38,0],[0,-64],[-25,0],[0,32],[-13,0]],[[9112,8483],[37,0]],[[9149,8483],[0,-64]],[[9149,8419],[-12,0]],[[9137,8419],[0,32],[-25,0],[0,32]],[[9449,8483],[13,0]],[[9462,8483],[0,-64]],[[9462,8419],[-13,0]],[[9449,8419],[0,64]],[[450,8451],[12,0]],[[462,8451],[0,-32]],[[462,8419],[-12,0],[0,32]],[[812,8451],[13,0],[0,-32],[-13,0],[0,32]],[[862,8451],[13,0]],[[875,8419],[-13,0]],[[862,8419],[0,32]],[[1000,8451],[0,-32]],[[1000,8419],[-13,0]],[[987,8419],[0,32]],[[1000,8451],[50,0]],[[1050,8451],[0,-32]],[[1050,8419],[-50,0]],[[1050,8451],[25,0],[0,-32]],[[1075,8419],[-25,0]],[[1300,8419],[-13,0],[0,32],[13,0],[0,-32]],[[5137,8419],[-13,0]],[[5124,8419],[0,32],[13,0],[0,-32]],[[5187,8451],[12,0]],[[5199,8451],[0,-32]],[[5199,8419],[-12,0]],[[5187,8419],[0,32]],[[5262,8451],[0,-32]],[[5262,8419],[-13,0]],[[5249,8419],[0,32],[13,0]],[[5387,8709],[12,0]],[[5399,8709],[0,-32]],[[5349,8709],[0,-97]],[[5349,8612],[-12,0]],[[5337,8612],[0,-64]],[[5312,8548],[0,-65]],[[5324,8483],[0,-32]],[[5324,8451],[-12,0],[0,-32]],[[5312,8419],[-38,0]],[[5274,8419],[0,32]],[[5274,8451],[13,0],[0,64]],[[5287,8515],[12,0]],[[5299,8677],[25,0],[0,64],[13,0],[0,32],[37,0]],[[5324,8451],[0,-32],[-12,0]],[[5999,8419],[-37,0],[0,32],[37,0],[0,-32]],[[7037,8451],[25,0]],[[7062,8451],[0,-32],[-25,0],[0,32]],[[7087,8451],[0,-32]],[[7087,8419],[-13,0]],[[7074,8419],[0,32]],[[8899,8451],[13,0],[0,-32],[-13,0],[0,32]],[[8937,8451],[0,-32],[-13,0],[0,32],[13,0]],[[8962,8451],[12,0]],[[8974,8451],[0,-32],[-12,0],[0,32]],[[9274,8451],[13,0]],[[9287,8451],[0,-32]],[[9287,8419],[-13,0]],[[9274,8419],[0,32]],[[9337,8451],[0,-32],[-13,0]],[[9324,8419],[0,32]],[[9399,8483],[13,0]],[[9412,8483],[0,-64]],[[9412,8419],[-38,0]],[[9374,8419],[0,32],[25,0],[0,32]],[[9412,8451],[25,0]],[[9437,8419],[-25,0]],[[9412,8419],[0,32]],[[1537,8419],[-62,0],[0,-33],[-63,0],[0,33],[-12,0],[0,64],[-13,0],[0,32],[-12,0],[0,33],[-25,0],[0,32],[-38,0],[0,32],[-150,0],[0,32],[-12,0],[0,33],[25,0],[0,32],[12,0],[0,-32],[113,0],[0,32],[25,0],[0,-32],[125,0],[0,-33],[12,0],[0,-32],[13,0],[0,-64],[37,0],[0,-33],[13,0],[0,-32],[12,0],[0,-64]],[[6974,8451],[0,-65],[-75,0],[0,33],[-25,0],[0,32],[-12,0],[0,-32],[-13,0],[0,64],[-25,0],[0,32],[25,0],[0,33],[38,0],[0,-33],[37,0],[0,-32],[13,0],[0,-32],[37,0]],[[2762,8483],[38,0],[0,-64],[-13,0],[0,-33],[-12,0],[0,33],[-13,0],[0,64]],[[3162,8677],[25,0],[0,-33],[13,0]],[[3200,8644],[0,-32],[12,0],[0,-32],[13,0],[0,-65],[-13,0],[0,-129],[-25,0]],[[3187,8386],[0,33],[-12,0]],[[3175,8419],[0,64],[12,0],[0,32],[-12,0],[0,33],[-13,0],[0,32],[-12,0],[0,32],[12,0],[0,65]],[[4787,8483],[38,0],[0,-97],[-25,0],[0,33],[-13,0],[0,64]],[[387,8451],[0,-65]],[[387,8386],[-12,0],[0,65],[12,0]],[[437,8548],[0,-33]],[[437,8451],[13,0]],[[462,8419],[0,-33]],[[462,8386],[-75,0]],[[412,8451],[0,97],[25,0]],[[775,8451],[0,-65]],[[775,8386],[-13,0]],[[762,8386],[0,65],[13,0]],[[5162,8451],[25,0]],[[5187,8451],[0,-65]],[[5187,8386],[-25,0]],[[5162,8386],[0,65]],[[6574,8451],[0,-32],[-12,0],[0,-33],[-13,0],[0,65]],[[7899,8419],[0,32],[25,0],[0,-65],[-12,0],[0,33],[-13,0]],[[9724,8451],[13,0]],[[9737,8451],[0,-65]],[[9737,8386],[-13,0]],[[9724,8386],[0,65]],[[987,8419],[50,0]],[[1037,8419],[0,-33],[-50,0],[0,33]],[[1100,8419],[12,0]],[[1112,8419],[0,-33]],[[1112,8386],[-12,0]],[[1100,8386],[0,33]],[[1162,8386],[0,33],[13,0],[0,-33],[-13,0]],[[1300,8419],[12,0],[0,-33],[-12,0]],[[1300,8386],[0,33]],[[1537,8419],[13,0],[0,-33],[-13,0],[0,33]],[[3187,8386],[-12,0],[0,33]],[[5199,8419],[0,-33]],[[5199,8386],[-12,0]],[[5187,8386],[0,33]],[[5199,8419],[13,0],[0,-33],[-13,0]],[[5249,8515],[38,0]],[[5274,8451],[0,-65]],[[5274,8386],[-37,0]],[[5237,8386],[0,33]],[[5237,8419],[25,0]],[[5262,8419],[0,64]],[[5262,8483],[-13,0]],[[5274,8419],[13,0]],[[5287,8419],[0,-33]],[[5287,8386],[-13,0]],[[5274,8386],[0,33]],[[5287,8419],[25,0]],[[5312,8419],[0,-33]],[[5312,8386],[-25,0]],[[5812,8451],[0,-32],[-13,0],[0,-33],[-25,0],[0,33],[13,0],[0,64],[12,0],[0,-32],[13,0]],[[5999,8419],[13,0],[0,-33],[-13,0],[0,33]],[[6049,8419],[13,0],[0,-33],[-13,0],[0,33]],[[6124,8419],[25,0],[0,-33],[-25,0],[0,33]],[[6199,8419],[13,0],[0,-33],[-13,0],[0,33]],[[6362,8386],[0,33],[25,0],[0,-33],[-25,0]],[[7087,8419],[0,-33]],[[7087,8386],[-13,0]],[[7074,8386],[0,33]],[[7899,8419],[0,-33],[-12,0],[0,33],[12,0]],[[8837,8419],[25,0]],[[8862,8419],[0,-33]],[[8862,8386],[-25,0]],[[8837,8386],[0,33]],[[8987,8419],[12,0],[0,-33]],[[8999,8386],[-12,0]],[[8987,8386],[0,33]],[[9137,8419],[0,-33]],[[9137,8386],[-38,0]],[[9099,8386],[0,33],[38,0]],[[9249,8386],[-12,0],[0,33],[12,0],[0,-33]],[[9287,8419],[0,-33]],[[9287,8386],[-13,0]],[[9274,8386],[0,33]],[[9349,8419],[13,0]],[[9362,8419],[0,-33]],[[9362,8386],[-13,0],[0,33]],[[9362,8419],[12,0]],[[9374,8419],[0,-33],[-12,0]],[[9449,8419],[0,-33]],[[9449,8386],[-12,0]],[[9437,8386],[0,33]],[[9462,8419],[0,-33]],[[9462,8386],[-13,0]],[[9749,8419],[13,0],[0,-33],[-13,0],[0,33]],[[9174,8483],[0,-32],[-12,0],[0,-97]],[[9162,8354],[-13,0]],[[9149,8354],[0,129]],[[937,8419],[0,-33],[-12,0],[0,-32]],[[925,8354],[-13,0]],[[912,8354],[0,32],[-25,0],[0,-32]],[[887,8354],[-12,0]],[[875,8354],[0,65]],[[5874,8386],[-12,0],[0,-32]],[[5862,8354],[-13,0],[0,65],[25,0],[0,-33]],[[7774,8419],[13,0],[0,-65],[-13,0],[0,65]],[[8799,8419],[13,0],[0,-33],[12,0],[0,-32]],[[8824,8354],[-25,0]],[[8799,8354],[0,65]],[[487,8386],[13,0]],[[500,8386],[0,-32]],[[500,8354],[-13,0]],[[487,8354],[0,32]],[[500,8386],[12,0]],[[512,8386],[0,-32]],[[512,8354],[-12,0]],[[762,8386],[0,-32]],[[762,8354],[-25,0],[0,32],[25,0]],[[775,8386],[0,-32]],[[775,8354],[-13,0]],[[875,8354],[-25,0]],[[850,8354],[0,32]],[[850,8386],[12,0]],[[862,8386],[0,33]],[[912,8354],[-25,0]],[[1137,8386],[25,0]],[[1162,8386],[0,-32]],[[1162,8354],[-25,0],[0,32]],[[1300,8386],[0,-32],[-13,0],[0,32],[13,0]],[[1800,8386],[0,-32],[-13,0],[0,32],[13,0]],[[2825,8386],[0,-32]],[[2825,8354],[-13,0],[0,32],[13,0]],[[5162,8386],[12,0]],[[5174,8386],[0,-32],[-12,0]],[[5162,8354],[0,32]],[[5199,8386],[0,-32],[-12,0]],[[5187,8354],[0,32]],[[5287,8386],[12,0]],[[5299,8386],[0,-32]],[[5299,8354],[-12,0],[0,32]],[[5899,8386],[0,-32],[-12,0],[0,32],[12,0]],[[6249,8386],[13,0],[0,-32],[-13,0],[0,32]],[[6362,8386],[0,-32],[-13,0],[0,32],[13,0]],[[6424,8354],[-12,0],[0,32],[12,0],[0,-32]],[[6824,8354],[0,32],[38,0],[0,-32],[-38,0]],[[7149,8354],[-25,0],[0,32],[25,0],[0,-32]],[[7612,8386],[25,0],[0,-32],[-25,0],[0,32]],[[7749,8419],[13,0],[0,-65],[-25,0],[0,32],[12,0],[0,33]],[[8799,8386],[0,-32]],[[8799,8354],[-12,0]],[[8787,8354],[0,32],[12,0]],[[8949,8386],[13,0]],[[8962,8386],[0,-32]],[[8962,8354],[-13,0]],[[8949,8354],[0,32]],[[8962,8386],[12,0]],[[8974,8386],[0,-32]],[[8974,8354],[-12,0]],[[8999,8386],[0,-32]],[[8999,8354],[-12,0]],[[8987,8354],[0,32]],[[9087,8386],[37,0]],[[9124,8386],[0,-32],[-37,0],[0,32]],[[9199,8386],[13,0],[0,-32],[-13,0],[0,32]],[[9249,8386],[13,0],[0,-32],[-13,0],[0,32]],[[9449,8386],[0,-32],[-12,0]],[[9437,8354],[0,32]],[[9562,8386],[12,0]],[[9574,8386],[0,-32]],[[9574,8354],[-12,0]],[[9562,8354],[0,32]],[[9637,8386],[12,0]],[[9649,8386],[0,-32]],[[9649,8354],[-12,0]],[[9637,8354],[0,32]],[[9737,8386],[0,-32]],[[9737,8354],[-13,0]],[[9724,8354],[0,32]],[[5749,9096],[25,0]],[[5774,9096],[0,-65]],[[5787,9064],[75,0]],[[5837,8999],[-13,0]],[[5899,8870],[25,0]],[[5924,8870],[0,-32]],[[5924,8838],[-50,0]],[[5874,8838],[0,32],[-12,0],[0,-32],[-13,0],[0,32],[-12,0],[0,-32],[-25,0],[0,-32],[-13,0],[0,-33],[-25,0],[0,-64],[-12,0],[0,32],[-25,0],[0,32],[-38,0],[0,-32]],[[5699,8741],[-12,0],[0,32],[-13,0],[0,33],[-12,0],[0,-65],[-13,0],[0,-32]],[[5649,8709],[13,0],[0,-32],[-25,0],[0,32],[-13,0],[0,32]],[[5462,8451],[-25,0]],[[5437,8451],[0,-65],[12,0],[0,-32],[-25,0],[0,32],[-12,0],[0,-64]],[[5412,8322],[-38,0]],[[5374,8322],[0,32],[-25,0]],[[5349,8354],[0,65]],[[5349,8419],[-12,0],[0,32],[-13,0]],[[5324,8483],[25,0]],[[5349,8612],[0,32]],[[5349,8644],[25,0]],[[5387,8644],[25,0]],[[5437,8709],[-13,0]],[[5424,8741],[38,0]],[[5462,8773],[12,0]],[[5537,8935],[25,0]],[[5649,8967],[0,97]],[[8899,8451],[0,32],[38,0],[0,-32]],[[8937,8451],[25,0]],[[8974,8451],[50,0]],[[9024,8451],[0,-32],[13,0],[0,-33],[-38,0]],[[8987,8419],[0,-65]],[[8987,8354],[-13,0]],[[8974,8386],[-25,0]],[[8949,8386],[0,-64]],[[8949,8322],[-25,0]],[[8924,8322],[0,64],[-25,0],[0,-64]],[[8899,8322],[-12,0],[0,32],[-13,0]],[[8874,8354],[0,-32]],[[8874,8322],[-12,0]],[[8862,8322],[0,97]],[[8837,8419],[0,32]],[[8837,8451],[12,0],[0,32],[13,0],[0,-32],[37,0]],[[9187,8515],[12,0],[0,-64],[-12,0],[0,-129]],[[9187,8322],[-13,0]],[[9174,8322],[0,32]],[[9174,8354],[-12,0]],[[8212,8451],[50,0],[0,-65],[12,0],[0,-32],[-25,0],[0,32],[-12,0],[0,-32],[-25,0],[0,-32],[-25,0],[0,97],[25,0],[0,32]],[[937,8419],[50,0]],[[1037,8419],[13,0]],[[1050,8419],[0,-33],[12,0],[0,-32],[-75,0],[0,-32]],[[987,8322],[-12,0]],[[975,8322],[0,64],[-13,0],[0,-64]],[[962,8322],[-25,0],[0,32]],[[937,8354],[-12,0]],[[975,8322],[-13,0]],[[5237,8386],[50,0]],[[5299,8354],[0,-32]],[[5299,8322],[-37,0],[0,32]],[[5262,8354],[-25,0]],[[5237,8354],[0,32]],[[6474,8386],[63,0],[0,-32],[-13,0],[0,-32],[-12,0],[0,32],[-25,0],[0,-32],[-13,0],[0,64]],[[7937,8386],[12,0],[0,-32],[13,0],[0,-32],[-25,0],[0,64]],[[8924,8322],[-25,0]],[[9562,8354],[-13,0]],[[9549,8354],[0,-32],[-12,0]],[[9537,8322],[0,64],[25,0]],[[187,8354],[25,0],[0,-32],[-25,0],[0,32]],[[850,8354],[12,0]],[[862,8354],[0,-32]],[[862,8322],[-12,0]],[[850,8322],[0,32]],[[1275,8322],[-38,0]],[[1237,8322],[0,32],[38,0],[0,-32]],[[5124,8354],[13,0]],[[5137,8354],[0,-32],[-13,0],[0,32]],[[5212,8354],[12,0]],[[5224,8354],[0,-32]],[[5224,8322],[-12,0]],[[5212,8322],[0,32]],[[5299,8354],[13,0],[0,-32]],[[5312,8322],[-13,0]],[[5562,8354],[12,0],[0,-32]],[[5574,8322],[-12,0],[0,32]],[[5687,8354],[25,0],[0,-32],[-25,0],[0,32]],[[5974,8354],[13,0],[0,-32],[-13,0],[0,32]],[[6424,8354],[13,0],[0,-32],[-13,0]],[[6424,8322],[0,32]],[[6449,8354],[13,0],[0,-32],[-13,0],[0,32]],[[6824,8354],[0,-32],[-50,0]],[[6774,8322],[0,32]],[[6774,8354],[13,0]],[[6787,8354],[0,32],[12,0],[0,-32],[25,0]],[[6887,8354],[50,0],[0,-32],[-50,0],[0,32]],[[6999,8322],[-12,0],[0,32],[12,0],[0,-32]],[[7149,8354],[25,0],[0,-32]],[[7174,8322],[-25,0],[0,32]],[[7662,8354],[12,0],[0,-32],[-12,0],[0,32]],[[8374,8322],[-37,0]],[[8337,8322],[0,32],[37,0],[0,-32]],[[8737,8386],[25,0],[0,-32],[12,0],[0,-32],[-50,0],[0,32],[13,0],[0,32]],[[8962,8354],[0,-32]],[[8962,8322],[-13,0]],[[8949,8322],[0,32]],[[9149,8354],[25,0]],[[9174,8322],[-25,0]],[[9149,8322],[0,32]],[[9287,8322],[-13,0]],[[9274,8322],[0,32],[13,0],[0,-32]],[[9312,8354],[25,0],[0,-32],[-25,0]],[[9312,8322],[0,32]],[[9499,8419],[0,-65],[-37,0],[0,-32],[-25,0],[0,32]],[[9462,8386],[0,97]],[[9449,8483],[0,32]],[[9424,8451],[-12,0]],[[9412,8451],[0,32]],[[9399,8580],[13,0],[0,32],[25,0],[0,-32],[-13,0],[0,-32],[38,0],[0,32],[12,0],[0,-129],[38,0],[0,-32],[-13,0]],[[9612,8354],[0,-32]],[[9612,8322],[-13,0]],[[9599,8322],[0,32],[13,0]],[[9687,8322],[-13,0]],[[9674,8322],[0,32],[13,0],[0,-32]],[[9699,8354],[13,0]],[[9712,8354],[0,-32]],[[9712,8322],[-13,0]],[[9699,8322],[0,32]],[[9712,8354],[12,0]],[[9724,8354],[0,-32],[-12,0]],[[3525,8935],[-25,0],[0,32],[-13,0],[0,129],[-25,0],[0,64],[-25,0],[0,194],[-50,0],[0,64],[-87,0],[0,33],[-100,0],[0,-33],[-25,0],[0,33],[-13,0],[0,-33],[-50,0],[0,33],[-50,0],[0,32],[-37,0],[0,32],[-38,0],[0,65],[-12,0],[0,64],[62,0],[0,32],[138,0],[0,33],[-50,0],[0,64],[-38,0],[0,-32],[-37,0],[0,-32],[-75,0],[0,-33],[-38,0],[0,-64],[-25,0],[0,-32],[-62,0],[0,-33],[-13,0],[0,-32],[13,0],[0,-32],[-38,0],[0,-65],[-12,0],[0,-64],[-13,0]],[[2775,9386],[0,-64],[-63,0]],[[2675,9322],[-25,0],[0,-65]],[[2650,9257],[-38,0]],[[2612,9257],[0,32],[-25,0],[0,33]],[[2587,9322],[-25,0]],[[2600,9418],[25,0],[0,33],[-38,0]],[[2575,9451],[-25,0],[0,-33],[-13,0]],[[2487,9322],[13,0],[0,-65],[-25,0],[0,-32],[-38,0]],[[2437,9225],[0,32],[-37,0],[0,32],[-25,0]],[[2375,9322],[-38,0],[0,32],[-12,0]],[[2325,9386],[-25,0],[0,65]],[[2300,9451],[25,0],[0,32],[-25,0],[0,32],[12,0],[0,32],[-12,0],[0,33]],[[2300,9580],[-25,0],[0,32],[-13,0],[0,64],[50,0],[0,-32],[63,0],[0,-32]],[[2375,9515],[162,0]],[[2537,9547],[13,0],[0,-32]],[[2575,9580],[-50,0]],[[2512,9580],[-62,0]],[[2437,9580],[-12,0],[0,32],[-38,0],[0,64],[-37,0],[0,33],[-13,0],[0,32],[-12,0],[0,64],[25,0],[0,33],[87,0],[0,32],[38,0],[0,32],[137,0],[0,32],[50,0],[0,-32],[38,0],[0,32],[25,0],[0,33],[525,0],[0,-33],[62,0],[0,-32],[263,0],[0,32],[87,0],[0,33],[113,0],[0,32],[450,0],[0,-32],[137,0],[0,-65],[38,0],[0,-64],[37,0],[0,32],[13,0],[0,32],[37,0],[0,-32],[13,0],[0,32],[12,0],[0,-32],[138,0],[0,-65],[-113,0],[0,-64],[-12,0],[0,-32],[-50,0],[0,-65],[-50,0],[0,-32],[25,0],[0,-161],[12,0],[0,-33],[13,0],[0,-32],[-25,0],[0,-97],[-25,0],[0,-32],[-13,0],[0,-32],[-12,0],[0,-65],[-13,0],[0,-32],[13,0],[0,-97],[-13,0],[0,-32],[-50,0],[0,-32],[-12,0],[0,-32],[-100,0],[0,-33],[-13,0],[0,-32],[-125,0],[0,-32],[-12,0],[0,-32],[-13,0],[0,-65],[-50,0],[0,-32],[-112,0],[0,-65],[-38,0],[0,-129],[-25,0],[0,-96],[-12,0],[0,-65],[-13,0],[0,-65],[-75,0],[0,33],[-25,0],[0,32],[-62,0],[0,32],[-13,0],[0,33],[-25,0],[0,32],[-12,0],[0,64],[-25,0],[0,65],[-25,0],[0,64],[-13,0],[0,33],[-12,0],[0,32],[-25,0],[0,161],[12,0],[0,32],[13,0],[0,33]],[[3250,9870],[0,-32],[37,0],[0,32],[-37,0]],[[2512,9805],[-37,0],[0,33],[-25,0]],[[2725,9483],[0,-32],[12,0],[0,32],[-12,0]],[[2437,9451],[-50,0],[0,-33],[25,0],[0,-96],[38,0],[0,32],[-13,0],[0,32],[-12,0],[0,32]],[[3500,9160],[0,-64],[25,0],[0,64],[-25,0]],[[4312,9064],[0,32],[-12,0],[0,-32],[12,0]],[[4312,9064],[0,-33],[13,0],[0,33],[-13,0]],[[3525,8935],[50,0],[0,64],[-13,0],[0,-32],[-37,0],[0,-32]],[[762,8515],[13,0]],[[775,8515],[0,-64]],[[762,8354],[0,-32]],[[762,8322],[-25,0]],[[737,8322],[0,-33]],[[737,8289],[-12,0]],[[725,8289],[0,97],[-13,0],[0,65],[13,0],[0,32],[37,0],[0,32]],[[9037,8773],[37,0],[0,-32],[38,0],[0,-32]],[[9112,8709],[50,0]],[[9162,8677],[12,0]],[[9162,8612],[25,0]],[[9187,8580],[25,0]],[[9212,8580],[0,-32],[12,0],[0,-33],[25,0],[0,33],[50,0],[0,64],[13,0],[0,32],[25,0],[0,-64]],[[9337,8580],[25,0]],[[9362,8580],[0,-32]],[[9362,8548],[-13,0]],[[9337,8515],[0,-32]],[[9324,8483],[0,-64]],[[9374,8419],[-25,0]],[[9362,8386],[0,-32],[-50,0]],[[9312,8322],[-25,0]],[[9274,8322],[-62,0]],[[9212,8322],[0,-33]],[[9212,8289],[-13,0],[0,33]],[[9199,8322],[-12,0]],[[9174,8515],[-62,0]],[[9112,8548],[-25,0]],[[9087,8548],[0,64],[-25,0]],[[9062,8612],[0,65]],[[9062,8709],[0,32]],[[9062,8741],[-25,0],[0,32]],[[9274,8451],[0,-65]],[[9287,8386],[0,65]],[[5349,8419],[0,-130]],[[5349,8289],[-25,0]],[[5324,8289],[0,33]],[[5324,8322],[-12,0]],[[5299,8386],[13,0]],[[8487,8386],[0,-64],[25,0],[0,-33],[-38,0]],[[8474,8289],[0,65],[-12,0],[0,32],[25,0]],[[9587,8386],[50,0]],[[9637,8354],[25,0]],[[9662,8354],[0,-32]],[[9662,8322],[-25,0]],[[9637,8322],[0,-33]],[[9637,8289],[-25,0]],[[9612,8289],[0,65]],[[9599,8322],[-12,0],[0,64]],[[412,8354],[13,0]],[[425,8354],[0,-65],[-13,0]],[[412,8289],[0,65]],[[462,8354],[25,0]],[[487,8354],[0,-32],[-12,0],[0,-33]],[[475,8289],[-13,0]],[[462,8289],[0,65]],[[862,8354],[13,0]],[[875,8354],[0,-65]],[[875,8289],[-13,0]],[[862,8289],[0,65]],[[887,8354],[0,-65],[-12,0]],[[3087,8354],[38,0],[0,-32],[-13,0],[0,-33],[-25,0],[0,65]],[[4975,8289],[-25,0]],[[4950,8289],[0,65],[12,0],[0,32],[25,0],[0,-64],[-12,0],[0,-33]],[[5574,8322],[0,-33],[-37,0],[0,65],[25,0]],[[6974,8289],[-25,0],[0,65],[25,0],[0,-65]],[[8562,8354],[0,-32],[-25,0],[0,-33],[-13,0],[0,65],[38,0]],[[8899,8322],[0,-33],[-25,0]],[[8874,8289],[0,65]],[[350,8322],[12,0],[0,-33],[-12,0],[0,33]],[[437,8322],[13,0],[0,-33],[-13,0],[0,33]],[[550,8289],[0,33],[12,0],[0,32],[38,0],[0,-32],[-25,0],[0,-33],[-25,0]],[[737,8322],[13,0]],[[750,8322],[0,-33]],[[750,8289],[-13,0]],[[812,8483],[0,-32]],[[812,8451],[-12,0],[0,-32],[-13,0],[0,-33],[13,0],[0,-32],[-13,0],[0,-32],[-12,0]],[[775,8322],[0,-33],[-25,0]],[[750,8322],[12,0]],[[775,8354],[0,129]],[[862,8322],[0,-33]],[[862,8289],[-12,0]],[[850,8289],[0,33]],[[975,8322],[37,0]],[[1012,8322],[0,-33]],[[1012,8289],[-37,0],[0,33]],[[1025,8322],[12,0]],[[1037,8322],[0,-33]],[[1037,8289],[-12,0]],[[1025,8289],[0,33]],[[1037,8322],[13,0]],[[1050,8322],[0,-33]],[[1050,8289],[-13,0]],[[3200,8322],[0,-33],[-25,0]],[[3175,8289],[0,33],[25,0]],[[5212,8322],[25,0]],[[5237,8322],[0,-33],[-25,0]],[[5212,8289],[0,33]],[[5299,8322],[25,0]],[[5324,8289],[-25,0]],[[5299,8289],[0,33]],[[5587,8322],[12,0],[0,-33]],[[5599,8289],[-12,0],[0,33]],[[5799,8322],[0,-33]],[[5799,8289],[-12,0],[0,33],[12,0]],[[6762,8354],[12,0]],[[6774,8354],[0,-65]],[[6774,8289],[-62,0],[0,33],[12,0],[0,32],[13,0],[0,-32],[25,0],[0,32]],[[6837,8322],[12,0],[0,-33],[-12,0],[0,33]],[[7324,8322],[13,0],[0,-33],[-13,0],[0,33]],[[7424,8322],[0,-33],[-12,0],[0,33],[12,0]],[[8074,8322],[0,-33],[-12,0],[0,33],[12,0]],[[8374,8322],[13,0],[0,-33],[-13,0],[0,33]],[[8699,8289],[0,33],[13,0],[0,-33],[-13,0]],[[8999,8322],[13,0],[0,-33],[-13,0],[0,33]],[[9312,8322],[0,-33]],[[9312,8289],[-25,0],[0,33]],[[9612,8322],[0,-33]],[[9612,8289],[-13,0],[0,33]],[[9637,8322],[12,0],[0,-33],[-12,0]],[[9849,8451],[25,0],[0,-32],[-37,0],[0,-33],[-25,0],[0,-32],[-38,0],[0,-32],[-25,0],[0,-33],[-37,0],[0,33]],[[9724,8354],[-25,0]],[[9699,8354],[0,65]],[[9699,8419],[-12,0],[0,-33],[-13,0],[0,65],[13,0],[0,32],[75,0],[0,-32],[75,0],[0,32],[12,0],[0,-32]],[[9724,8451],[0,-97]],[[9737,8354],[0,97]],[[387,8386],[100,0]],[[462,8354],[0,-97]],[[462,8257],[-37,0],[0,97]],[[425,8354],[-38,0],[0,32]],[[412,8289],[-25,0]],[[387,8289],[0,-32]],[[387,8257],[-25,0],[0,97],[50,0]],[[887,8354],[50,0]],[[937,8354],[0,-65],[-25,0],[0,-32],[-25,0],[0,97]],[[1050,8419],[50,0]],[[1100,8386],[37,0]],[[1162,8354],[0,-97]],[[1162,8257],[-25,0],[0,32],[-25,0],[0,-32]],[[1112,8257],[-25,0]],[[1087,8257],[0,32]],[[1087,8289],[-37,0]],[[1050,8322],[-25,0]],[[1025,8289],[-13,0]],[[1012,8322],[-25,0]],[[6424,8322],[0,-33],[-25,0],[0,-32],[-12,0],[0,65],[37,0]],[[6687,8322],[12,0],[0,-65],[-12,0],[0,65]],[[7262,8257],[0,65],[37,0],[0,-33],[-12,0],[0,-32],[-25,0]],[[8337,8322],[0,-33],[-13,0],[0,-32],[-12,0],[0,32],[-13,0],[0,33],[38,0]],[[8812,8322],[12,0],[0,-65],[-12,0],[0,65]],[[8862,8322],[0,-65],[-13,0]],[[8849,8257],[0,65],[13,0]],[[9099,8322],[13,0],[0,-65],[-13,0],[0,65]],[[387,8289],[13,0],[0,-32],[-13,0]],[[475,8289],[0,-32],[-13,0]],[[462,8257],[0,32]],[[500,8289],[0,-32],[-13,0]],[[487,8257],[0,32],[13,0]],[[825,8322],[25,0]],[[850,8289],[-13,0]],[[837,8289],[0,-32]],[[837,8257],[-25,0]],[[812,8257],[0,32],[13,0]],[[825,8289],[0,33]],[[837,8289],[25,0]],[[862,8289],[0,-32],[-25,0]],[[1087,8257],[-25,0],[0,32],[25,0]],[[2775,8322],[12,0],[0,-65],[-25,0],[0,32],[13,0],[0,33]],[[4912,8289],[13,0],[0,-32],[-13,0],[0,32]],[[4975,8289],[0,-32],[-25,0],[0,32]],[[5199,8289],[13,0]],[[5212,8289],[0,-32],[-13,0]],[[5199,8257],[0,32]],[[5662,8289],[12,0]],[[5674,8289],[0,-32],[-12,0]],[[5662,8257],[0,32]],[[5824,8289],[13,0],[0,-32],[-13,0],[0,32]],[[6187,8289],[12,0],[0,-32],[-12,0],[0,32]],[[6287,8289],[25,0],[0,-32],[-25,0],[0,32]],[[6774,8289],[13,0],[0,-32],[-13,0],[0,32]],[[6999,8289],[25,0],[0,-32],[-25,0],[0,32]],[[8699,8289],[0,-32],[-25,0],[0,32],[25,0]],[[9174,8322],[25,0]],[[9212,8289],[0,-32]],[[9212,8257],[-88,0]],[[9124,8257],[0,32],[50,0],[0,33]],[[9462,8289],[0,-32]],[[9462,8257],[-13,0]],[[9449,8257],[0,32],[13,0]],[[9462,8289],[12,0],[0,-32]],[[9474,8257],[-12,0]],[[9537,8289],[12,0],[0,-32],[-12,0]],[[9537,8257],[0,32]],[[9587,8289],[0,-32]],[[9587,8257],[-13,0],[0,32],[13,0]],[[9612,8289],[12,0],[0,-32],[-12,0],[0,32]],[[5199,8548],[38,0]],[[5237,8483],[-50,0]],[[5162,8451],[0,-97]],[[5174,8386],[13,0]],[[5187,8386],[0,-64]],[[5187,8322],[-13,0],[0,-33],[13,0],[0,-64]],[[5187,8225],[-25,0]],[[5162,8225],[0,32],[-25,0]],[[5137,8257],[0,97]],[[5124,8354],[0,65]],[[5137,8419],[0,64],[37,0]],[[5174,8515],[25,0]],[[825,8515],[12,0]],[[837,8483],[13,0]],[[850,8451],[12,0]],[[862,8451],[0,-65]],[[850,8386],[0,-64]],[[825,8322],[0,32]],[[825,8354],[12,0],[0,32],[-25,0],[0,-64],[-12,0],[0,-65],[-13,0],[0,-32]],[[787,8225],[-12,0]],[[775,8225],[0,97]],[[5212,8483],[50,0]],[[5262,8483],[0,-32]],[[5249,8419],[-12,0]],[[5237,8419],[0,-65]],[[5237,8354],[-25,0]],[[5212,8354],[0,-65]],[[5199,8289],[0,-64]],[[5199,8225],[-12,0]],[[5187,8322],[0,32]],[[5199,8451],[13,0]],[[1162,8257],[0,-32]],[[1162,8225],[-37,0],[0,32],[-13,0]],[[1900,8289],[12,0],[0,-64],[-12,0],[0,64]],[[1750,9354],[0,-32],[37,0],[0,-65]],[[1787,9257],[38,0]],[[1825,9225],[87,0],[0,-32]],[[2050,9289],[12,0],[0,-64]],[[2062,9225],[25,0],[0,-32],[13,0],[0,-97],[37,0]],[[2137,9064],[50,0]],[[2187,9031],[13,0],[0,-64]],[[2200,8967],[50,0],[0,32],[12,0],[0,32],[38,0],[0,-32],[12,0],[0,129],[-100,0],[0,32],[-25,0]],[[2250,9322],[62,0],[0,-33]],[[2300,9257],[25,0],[0,-97],[25,0],[0,33],[-13,0],[0,32]],[[2437,9225],[13,0],[0,-32],[-38,0],[0,-65],[13,0],[0,-32],[12,0],[0,-32],[13,0]],[[2450,8999],[50,0],[0,-32]],[[2500,8967],[62,0],[0,-97],[25,0],[0,32],[25,0],[0,97],[-37,0],[0,32],[-38,0],[0,33],[-25,0],[0,32],[-25,0],[0,97],[13,0],[0,32],[12,0],[0,32],[13,0],[0,32],[50,0],[0,33],[12,0]],[[2650,9257],[0,32],[25,0]],[[2712,9289],[38,0]],[[3200,8709],[0,-32],[-25,0],[0,32],[-13,0],[0,32],[-25,0],[0,-32],[13,0],[0,-32],[12,0]],[[3175,8419],[-50,0],[0,32],[-63,0],[0,32],[-12,0],[0,-32],[-13,0],[0,32],[-12,0],[0,32],[-25,0],[0,33],[-25,0],[0,32],[-38,0],[0,32],[-37,0],[0,-32],[-25,0],[0,-65],[-13,0],[0,-32],[63,0],[0,32],[25,0],[0,-32],[37,0],[0,-32],[25,0],[0,-32],[13,0],[0,-33],[50,0],[0,-97]],[[3075,8289],[-25,0],[0,-32],[-38,0],[0,-32],[-25,0],[0,64],[-12,0],[0,-32],[-38,0],[0,-32],[-75,0],[0,32],[-37,0]],[[2825,8257],[0,32],[12,0],[0,65],[-12,0]],[[2825,8386],[12,0],[0,33],[-12,0],[0,64],[12,0],[0,32],[-25,0],[0,65],[13,0],[0,97],[12,0],[0,32],[100,0]],[[2937,8773],[25,0]],[[2962,8806],[25,0]],[[2987,8838],[-75,0],[0,-32],[-62,0],[0,96],[12,0],[0,33],[-12,0],[0,64],[-13,0],[0,-32],[-12,0],[0,-65],[-13,0],[0,-32],[-12,0],[0,32],[-13,0],[0,65],[-37,0]],[[2750,8967],[0,-65],[-25,0],[0,-32],[25,0],[0,-64],[-13,0],[0,-33],[-25,0],[0,-32],[-25,0],[0,-64],[-12,0]],[[2675,8644],[62,0],[0,-32],[38,0],[0,-64],[-13,0],[0,-33],[-25,0],[0,-32],[-12,0],[0,-32],[-63,0],[0,64]],[[2662,8515],[-50,0],[0,33],[-37,0],[0,64]],[[2575,8612],[-13,0],[0,-32],[-62,0],[0,-32],[-13,0],[0,-65],[-37,0],[0,-32],[-25,0],[0,-32],[-25,0],[0,-65],[-13,0],[0,65]],[[2387,8419],[-12,0],[0,64],[-13,0],[0,97],[-75,0],[0,32],[-62,0],[0,-32],[12,0],[0,-32],[13,0],[0,-33],[-100,0],[0,-32],[12,0],[0,-32],[25,0],[0,-32],[38,0],[0,-33],[25,0],[0,-32],[12,0],[0,-65],[-12,0],[0,33],[-13,0],[0,-33],[-25,0],[0,33],[-50,0],[0,32],[-12,0],[0,32],[-38,0],[0,33],[-50,0],[0,32],[-25,0],[0,32],[-25,0],[0,65],[13,0],[0,32],[-25,0],[0,64],[12,0],[0,33],[-25,0],[0,-33],[-12,0],[0,33],[-25,0],[0,-33],[-25,0],[0,65],[-63,0],[0,32],[-25,0],[0,32],[-37,0],[0,33],[-63,0],[0,-33],[-12,0]],[[1725,8773],[0,-32],[-25,0],[0,-32],[-13,0],[0,32]],[[1687,8741],[-37,0],[0,32],[-63,0]],[[1587,8773],[0,65],[-12,0],[0,-32],[-13,0],[0,64],[-37,0],[0,-32],[-25,0]],[[1487,8870],[0,32],[-25,0],[0,-32],[-12,0],[0,65],[37,0],[0,32],[-12,0],[0,64]],[[1475,9031],[12,0],[0,-32],[25,0],[0,32],[50,0],[0,-32],[13,0],[0,32],[62,0],[0,-32],[63,0],[0,-32],[37,0],[0,64],[-12,0],[0,33],[-25,0],[0,32],[12,0],[0,32],[-25,0],[0,32],[-25,0],[0,-64],[-62,0],[0,-32],[-25,0],[0,32],[-25,0],[0,32],[-25,0],[0,32],[-13,0],[0,65],[25,0],[0,129],[213,0]],[[2750,8967],[0,32],[-25,0],[0,-32],[25,0]],[[2200,8967],[-13,0],[0,-65],[-50,0],[0,-32],[100,0],[0,65],[-12,0],[0,-33],[-25,0],[0,65]],[[1837,8902],[0,-32],[88,0],[0,32],[-88,0]],[[1950,8902],[0,-32],[12,0],[0,32],[-12,0]],[[2587,8644],[13,0],[0,33],[-13,0],[0,-33]],[[2575,8612],[12,0],[0,32]],[[2587,8644],[-12,0],[0,-32]],[[2662,8515],[50,0],[0,33],[-12,0],[0,32],[-13,0],[0,-32],[-25,0],[0,-33]],[[5662,8257],[-13,0],[0,-32],[-12,0],[0,32]],[[5637,8257],[-13,0],[0,32],[38,0]],[[6662,9031],[25,0],[0,-32],[37,0]],[[6737,8999],[62,0],[0,-32],[38,0],[0,-32],[50,0]],[[6887,8935],[0,-65]],[[6849,8838],[0,64]],[[6824,8902],[0,-32]],[[6737,8709],[-38,0]],[[6699,8677],[13,0]],[[6712,8677],[0,-33],[-25,0]],[[6687,8644],[0,-32],[-13,0],[0,-32],[-12,0],[0,-32],[25,0],[0,32],[12,0],[0,-32],[63,0],[0,32],[37,0],[0,-32],[-12,0],[0,-65],[25,0],[0,-32],[-113,0],[0,-32],[25,0],[0,-33],[-50,0],[0,33],[-12,0],[0,-97],[-13,0],[0,-97],[-12,0],[0,32],[-13,0],[0,32],[13,0],[0,33],[-13,0],[0,32],[-12,0],[0,65],[-25,0],[0,32],[-13,0]],[[6549,8451],[-25,0],[0,32],[-37,0],[0,-32],[-75,0],[0,32],[-25,0],[0,65],[-13,0],[0,32],[-50,0],[0,-65],[50,0],[0,-64],[-12,0],[0,32],[-13,0],[0,-32],[-12,0],[0,-32],[-38,0],[0,129],[-37,0]],[[6262,8548],[0,32],[-13,0],[0,64],[-12,0],[0,129],[100,0],[0,65],[12,0],[0,32]],[[6349,8870],[13,0]],[[6387,8902],[37,0],[0,33],[13,0],[0,-33],[12,0],[0,33],[50,0],[0,-33],[38,0]],[[6537,8935],[112,0],[0,-33],[13,0],[0,33],[12,0],[0,32],[-25,0],[0,32],[13,0]],[[6912,8225],[-25,0],[0,64],[25,0],[0,-64]],[[7437,8289],[50,0],[0,-32],[-13,0],[0,-32],[-12,0],[0,32],[-25,0],[0,32]],[[8974,8257],[13,0]],[[8987,8257],[0,-32]],[[8987,8225],[-25,0]],[[8962,8225],[0,64],[12,0],[0,-32]],[[587,8257],[13,0],[0,-32],[-13,0],[0,32]],[[825,8354],[0,-65]],[[812,8257],[13,0],[0,-32],[-38,0]],[[1162,8257],[38,0]],[[1200,8257],[0,-32]],[[1200,8225],[-38,0]],[[1275,8257],[12,0]],[[1287,8257],[0,-32]],[[1287,8225],[-12,0],[0,32]],[[2825,8257],[0,-32],[-13,0]],[[2812,8225],[0,32],[13,0]],[[3075,8225],[0,32],[12,0],[0,-32],[-12,0]],[[5162,8225],[-25,0],[0,32]],[[5299,8257],[0,-32],[-12,0]],[[5287,8225],[0,32],[12,0]],[[5674,8289],[38,0]],[[5712,8289],[0,-64],[-50,0],[0,32]],[[5999,8257],[38,0],[0,-32],[-38,0],[0,32]],[[6237,8257],[12,0],[0,-32],[-12,0],[0,32]],[[7099,8257],[13,0],[0,-32],[-13,0],[0,32]],[[7624,8257],[13,0],[0,-32],[-13,0],[0,32]],[[8849,8257],[0,-32]],[[8849,8225],[-12,0],[0,32],[12,0]],[[8987,8257],[12,0]],[[8999,8257],[0,-32]],[[8999,8225],[-12,0]],[[8999,8257],[38,0]],[[9037,8257],[0,-32]],[[9037,8225],[-38,0]],[[9437,8257],[0,-32]],[[9437,8225],[-13,0],[0,32],[13,0]],[[9437,8257],[12,0]],[[9449,8257],[0,-32]],[[9449,8225],[-12,0]],[[9474,8257],[0,-32],[-12,0]],[[9462,8225],[0,32]],[[9537,8257],[0,-32]],[[9537,8225],[-13,0]],[[9524,8225],[0,32],[13,0]],[[1162,8354],[25,0],[0,-65],[13,0],[0,33]],[[1200,8322],[50,0]],[[1250,8322],[0,-33],[12,0],[0,-32]],[[1262,8257],[-12,0]],[[1250,8257],[0,-32],[12,0],[0,-32]],[[1262,8193],[-25,0]],[[1237,8193],[0,64]],[[1237,8257],[-75,0]],[[5399,8322],[25,0]],[[5424,8322],[0,-33],[13,0],[0,-64],[-25,0],[0,-32],[-13,0],[0,129]],[[8637,8193],[-13,0]],[[8624,8193],[0,64],[-25,0],[0,65],[13,0],[0,64],[-25,0],[0,-32],[-25,0]],[[8562,8354],[0,32],[-75,0]],[[8487,8386],[0,33],[12,0],[0,64],[25,0],[0,32]],[[8524,8515],[13,0],[0,-32],[25,0],[0,65]],[[8562,8548],[37,0],[0,32],[138,0],[0,-32],[25,0],[0,-65],[-38,0],[0,-64],[-25,0],[0,-33],[-12,0],[0,33],[-25,0],[0,-65],[-13,0],[0,32],[-25,0],[0,-32],[13,0],[0,-32],[12,0],[0,-65],[13,0],[0,-32],[-25,0],[0,-32]],[[5749,8289],[25,0]],[[5774,8289],[0,-64]],[[5774,8225],[-12,0],[0,-32]],[[5762,8193],[-13,0]],[[5749,8193],[0,96]],[[1250,8257],[25,0]],[[1287,8225],[0,-32]],[[1287,8193],[-25,0]],[[1687,8257],[13,0],[0,-64],[-13,0],[0,64]],[[5237,8322],[12,0]],[[5249,8322],[0,-65],[13,0],[0,-32],[-25,0],[0,-32],[-13,0],[0,32],[-25,0]],[[5199,8225],[0,32]],[[6562,8257],[12,0],[0,-64],[-12,0],[0,64]],[[7187,8257],[12,0],[0,-64],[-12,0],[0,64]],[[9212,8322],[75,0]],[[9312,8289],[0,-64],[-75,0]],[[9237,8225],[0,-32]],[[9237,8193],[-38,0],[0,32],[-12,0],[0,32],[25,0]],[[9212,8257],[0,65]],[[9537,8257],[50,0]],[[9587,8257],[0,-64],[-50,0]],[[9537,8193],[0,64]],[[550,8289],[0,-32],[-13,0],[0,-32],[-12,0],[0,-32]],[[525,8193],[-25,0],[0,32],[12,0]],[[512,8225],[0,64],[38,0]],[[612,8193],[0,32],[13,0],[0,-32],[-13,0]],[[1162,8225],[13,0]],[[1175,8225],[0,-32]],[[1175,8193],[-13,0],[0,32]],[[1925,8193],[0,32],[12,0],[0,-32],[-12,0]],[[2412,8225],[13,0],[0,-32]],[[2425,8193],[-13,0],[0,32]],[[3100,8225],[12,0]],[[3112,8225],[0,-32],[-12,0],[0,32]],[[4875,8225],[0,-32],[-25,0]],[[4850,8193],[0,32],[25,0]],[[4887,8225],[13,0],[0,-32]],[[4900,8193],[-13,0]],[[4887,8193],[0,32]],[[5162,8225],[0,-32]],[[5162,8193],[-13,0]],[[5149,8193],[0,32],[13,0]],[[5199,8225],[0,-32]],[[5199,8193],[-12,0],[0,32]],[[5287,8225],[0,-32],[-13,0]],[[5274,8193],[0,32],[13,0]],[[5349,8225],[13,0],[0,-32],[-13,0],[0,32]],[[5774,8225],[0,-32]],[[5774,8193],[-12,0]],[[6062,8193],[-13,0],[0,32],[13,0],[0,-32]],[[7162,8225],[12,0],[0,-32],[-12,0],[0,32]],[[8099,8225],[13,0],[0,-32],[-13,0],[0,32]],[[8937,8225],[12,0],[0,-32],[-12,0]],[[8937,8193],[0,32]],[[9237,8225],[12,0],[0,-32],[-12,0]],[[9462,8257],[0,-64]],[[9462,8193],[-50,0],[0,32],[37,0]],[[9537,8225],[0,-32]],[[9537,8193],[-13,0]],[[9524,8193],[0,32]],[[1200,8257],[37,0]],[[1237,8193],[-25,0],[0,-33]],[[1212,8160],[-25,0]],[[1187,8160],[0,33],[-12,0]],[[1175,8225],[25,0]],[[5199,8193],[0,-33]],[[5199,8160],[-37,0]],[[5162,8160],[0,65]],[[6749,8225],[38,0],[0,-65],[-13,0],[0,33],[-25,0],[0,32]],[[8474,8289],[0,-32],[-12,0],[0,-32],[-13,0],[0,-32],[-25,0],[0,-33],[-12,0]],[[8412,8160],[0,65],[12,0],[0,32],[13,0],[0,32],[37,0]],[[8849,8225],[13,0]],[[8862,8225],[0,-65]],[[8862,8160],[-13,0]],[[8849,8160],[0,65]],[[687,8193],[25,0],[0,-33],[-25,0],[0,33]],[[775,8193],[12,0],[0,-33],[-12,0],[0,33]],[[1187,8160],[-12,0],[0,33]],[[1237,8193],[0,-33],[-25,0]],[[1250,8193],[12,0]],[[1262,8193],[0,-33]],[[1262,8160],[-12,0]],[[1250,8160],[0,33]],[[1262,8193],[13,0]],[[1275,8193],[0,-33]],[[1275,8160],[-13,0]],[[1762,8193],[25,0],[0,-33],[-25,0],[0,33]],[[5162,8193],[0,-33]],[[5162,8160],[-13,0],[0,33]],[[5299,8193],[13,0]],[[5312,8193],[0,-33],[-13,0]],[[5299,8160],[0,33]],[[5749,8193],[0,-33],[-25,0],[0,33],[25,0]],[[6062,8193],[12,0]],[[6074,8193],[0,-33]],[[6074,8160],[-12,0]],[[6062,8160],[0,33]],[[6074,8193],[13,0]],[[6087,8193],[0,-33]],[[6087,8160],[-13,0]],[[6837,8193],[12,0],[0,-33],[-12,0],[0,33]],[[8237,8193],[12,0],[0,-33],[-12,0],[0,33]],[[8299,8193],[13,0]],[[8312,8193],[0,-33]],[[8312,8160],[-13,0],[0,33]],[[8362,8160],[-13,0]],[[8349,8160],[0,33],[13,0],[0,-33]],[[8474,8193],[13,0],[0,-33],[-13,0]],[[8474,8160],[0,33]],[[8587,8193],[12,0]],[[8599,8193],[0,-33]],[[8599,8160],[-12,0]],[[8587,8160],[0,33]],[[8599,8193],[25,0]],[[8624,8193],[0,-33]],[[8624,8160],[-25,0]],[[8912,8193],[12,0],[0,-33],[-12,0],[0,33]],[[3250,8193],[0,-65],[-38,0],[0,32],[-12,0],[0,33],[-13,0],[0,64]],[[3187,8257],[-12,0],[0,32]],[[3200,8322],[-13,0],[0,32],[25,0],[0,-32],[13,0],[0,-33],[12,0],[0,-32],[13,0],[0,-32],[12,0],[0,-32],[-12,0]],[[1512,8225],[13,0],[0,-32],[12,0],[0,-33],[13,0],[0,-32],[-25,0],[0,32],[-13,0],[0,65]],[[9499,8225],[25,0]],[[9524,8193],[-12,0],[0,-65]],[[9512,8128],[-13,0]],[[9499,8128],[0,97]],[[1287,8225],[13,0],[0,-32],[25,0],[0,-33]],[[1325,8160],[-25,0],[0,-32]],[[1300,8128],[-13,0],[0,32]],[[1287,8160],[-12,0]],[[1275,8193],[12,0]],[[4825,8193],[25,0]],[[4850,8193],[0,-33],[-13,0],[0,-32],[-12,0],[0,65]],[[8549,8193],[25,0],[0,-33],[-12,0],[0,-32]],[[8562,8128],[-13,0]],[[8549,8128],[0,65]],[[8662,8193],[12,0],[0,-33],[13,0],[0,-32]],[[8687,8128],[-25,0]],[[8662,8128],[0,65]],[[1212,8160],[0,-32]],[[1212,8128],[-12,0],[0,32],[12,0]],[[1325,8160],[0,-32]],[[1325,8128],[-25,0]],[[1462,8160],[13,0],[0,-32],[-13,0],[0,32]],[[2912,8160],[13,0],[0,-32],[-13,0],[0,32]],[[3262,8160],[25,0],[0,-32]],[[3287,8128],[-25,0],[0,32]],[[4875,8160],[12,0]],[[4887,8160],[0,-32]],[[4887,8128],[-12,0]],[[4875,8128],[0,32]],[[5199,8160],[0,-32]],[[5199,8128],[-25,0],[0,32],[25,0]],[[5212,8160],[12,0],[0,-32]],[[5224,8128],[-12,0]],[[5212,8128],[0,32]],[[5299,8160],[0,-32]],[[5299,8128],[-25,0],[0,32],[25,0]],[[6074,8160],[0,-32],[-12,0]],[[6062,8128],[0,32]],[[7624,8160],[13,0],[0,-32],[-13,0],[0,32]],[[8187,8160],[12,0],[0,-32],[-12,0],[0,32]],[[8224,8160],[0,-32]],[[8224,8128],[-12,0]],[[8212,8128],[0,32],[12,0]],[[8312,8160],[25,0]],[[8337,8160],[0,-32]],[[8337,8128],[-25,0]],[[8312,8128],[0,32]],[[8337,8160],[12,0]],[[8349,8160],[0,-32],[-12,0]],[[8362,8160],[12,0],[0,-32]],[[8374,8128],[-12,0],[0,32]],[[8474,8160],[0,-32]],[[8474,8128],[-25,0]],[[8449,8128],[0,32],[25,0]],[[8474,8225],[38,0],[0,-32],[12,0],[0,-33]],[[8524,8160],[-12,0],[0,-32]],[[8512,8128],[-38,0]],[[8474,8193],[0,32]],[[8524,8160],[0,-32]],[[8524,8128],[-12,0]],[[8537,8160],[12,0]],[[8549,8160],[0,-32]],[[8549,8128],[-12,0]],[[8537,8128],[0,32]],[[9437,8160],[12,0]],[[9449,8160],[0,-32]],[[9449,8128],[-12,0]],[[9437,8128],[0,32]],[[775,8193],[0,-97],[-13,0]],[[762,8096],[0,64]],[[762,8160],[-25,0],[0,33],[38,0]],[[7649,8193],[13,0],[0,-33],[12,0],[0,-64],[-12,0],[0,32],[-13,0],[0,65]],[[5699,8096],[0,64],[13,0],[0,-64],[-13,0]],[[6087,8160],[37,0],[0,-64]],[[6124,8096],[-12,0],[0,32],[-25,0],[0,32]],[[8412,8160],[0,-64],[-13,0]],[[8399,8096],[0,32]],[[8399,8128],[-12,0]],[[8387,8128],[0,32],[25,0]],[[8624,8193],[25,0]],[[8649,8193],[0,-33],[13,0]],[[8662,8160],[0,-32]],[[8662,8128],[-13,0]],[[8649,8128],[0,-32]],[[8649,8096],[-12,0],[0,32]],[[8637,8128],[-25,0]],[[8612,8128],[0,32]],[[8612,8160],[12,0]],[[1300,8128],[12,0]],[[1312,8128],[0,-32]],[[1312,8096],[-12,0]],[[1300,8096],[0,32]],[[3287,8128],[13,0],[0,-32]],[[3300,8096],[-13,0],[0,32]],[[4850,8128],[12,0]],[[4862,8128],[0,-32]],[[4862,8096],[-12,0],[0,32]],[[4887,8128],[0,-32]],[[4887,8096],[-12,0]],[[4875,8096],[0,32]],[[4950,8128],[12,0],[0,-32],[-12,0],[0,32]],[[5224,8128],[13,0]],[[5237,8128],[0,-32]],[[5237,8096],[-13,0]],[[5224,8096],[0,32]],[[5299,8128],[13,0]],[[5312,8128],[0,-32],[-13,0]],[[5299,8096],[0,32]],[[5474,8128],[13,0],[0,-32],[-13,0],[0,32]],[[5537,8128],[0,-32],[-13,0]],[[5524,8096],[0,32],[13,0]],[[5674,8096],[-12,0],[0,32],[12,0],[0,-32]],[[5849,8128],[13,0],[0,-32],[-13,0],[0,32]],[[7212,8128],[12,0],[0,-32],[-12,0],[0,32]],[[7349,8128],[25,0],[0,-32],[-25,0],[0,32]],[[7724,8128],[13,0],[0,-32],[-13,0],[0,32]],[[7762,8096],[0,32],[12,0],[0,-32],[-12,0]],[[8337,8128],[0,-32]],[[8337,8096],[-25,0]],[[8312,8096],[0,32]],[[8374,8128],[13,0]],[[8387,8128],[0,-32],[-13,0],[0,32]],[[8562,8128],[25,0]],[[8587,8128],[0,-32]],[[8587,8096],[-25,0]],[[8562,8096],[0,32]],[[8587,8128],[12,0]],[[8599,8128],[0,-32]],[[8599,8096],[-12,0]],[[8687,8128],[12,0]],[[8699,8128],[0,-32]],[[8699,8096],[-12,0],[0,32]],[[9399,8193],[50,0]],[[9449,8193],[0,-33]],[[9437,8160],[0,-96]],[[9437,8064],[-38,0]],[[9399,8064],[0,129]],[[5524,8096],[-12,0],[0,-32]],[[5512,8064],[-13,0],[0,96],[38,0],[0,-32]],[[1312,8128],[13,0]],[[1325,8128],[0,-64]],[[1325,8064],[-13,0]],[[1312,8064],[0,64]],[[4862,8128],[13,0]],[[4875,8128],[0,-64]],[[4875,8064],[-13,0]],[[4862,8064],[0,64]],[[5237,8128],[12,0]],[[5249,8128],[0,-64],[-12,0]],[[5237,8064],[0,64]],[[6574,8128],[13,0],[0,-64],[-13,0],[0,64]],[[8149,8128],[0,-64]],[[8149,8064],[-25,0]],[[8124,8064],[0,32],[-12,0],[0,32],[37,0]],[[8699,8128],[25,0]],[[8724,8128],[0,-64],[-25,0]],[[8699,8064],[0,64]],[[9537,8322],[0,-65]],[[9499,8225],[0,-32]],[[9499,8193],[-12,0],[0,-33],[-13,0],[0,-32],[-12,0],[0,-32]],[[9462,8096],[-13,0],[0,-32]],[[9449,8064],[-12,0]],[[9437,8064],[0,64]],[[9449,8128],[0,65]],[[9449,8193],[13,0]],[[9462,8193],[0,32]],[[9474,8257],[13,0],[0,32],[37,0],[0,33],[13,0]],[[1250,8096],[12,0]],[[1262,8096],[0,-32]],[[1262,8064],[-12,0],[0,32]],[[1312,8096],[0,-32]],[[1312,8064],[-12,0]],[[1300,8064],[0,32]],[[1325,8096],[12,0]],[[1337,8096],[0,-32]],[[1337,8064],[-12,0]],[[1325,8064],[0,32]],[[1350,8096],[12,0],[0,-32],[-12,0],[0,32]],[[1450,8096],[12,0],[0,-32],[-12,0],[0,32]],[[1725,8096],[12,0],[0,-32],[-12,0],[0,32]],[[2800,8064],[-25,0]],[[2775,8064],[0,32],[25,0],[0,-32]],[[5299,8096],[0,-32]],[[5299,8064],[-12,0],[0,32],[12,0]],[[5524,8096],[0,-32],[-12,0]],[[6187,8096],[-13,0],[0,-32],[-50,0],[0,32]],[[6124,8096],[25,0],[0,32],[38,0],[0,-32]],[[6187,8096],[12,0],[0,-32]],[[6199,8064],[-12,0],[0,32]],[[7162,8096],[25,0]],[[7187,8096],[0,-32]],[[7187,8064],[-25,0]],[[7162,8064],[0,32]],[[7762,8096],[0,-32],[-13,0],[0,32],[13,0]],[[8062,8096],[25,0],[0,-32]],[[8087,8064],[-25,0]],[[8062,8064],[0,32]],[[8149,8096],[13,0]],[[8162,8096],[0,-32]],[[8162,8064],[-13,0]],[[8149,8064],[0,32]],[[8199,8096],[13,0]],[[8212,8096],[0,-32]],[[8212,8064],[-13,0]],[[8199,8064],[0,32]],[[8212,8096],[50,0]],[[8262,8096],[0,-32]],[[8262,8064],[-50,0]],[[8274,8193],[25,0]],[[8312,8160],[0,-96]],[[8312,8064],[-38,0],[0,32],[25,0],[0,32],[-37,0],[0,32],[12,0],[0,33]],[[9462,8096],[0,-32],[-13,0]],[[9499,8096],[13,0]],[[9512,8096],[0,-32],[-13,0]],[[9499,8064],[0,32]],[[9399,8193],[0,-162]],[[9399,8031],[-12,0]],[[9387,8031],[0,97]],[[9387,8128],[-13,0],[0,32]],[[9374,8160],[13,0],[0,33],[12,0]],[[1212,8128],[25,0],[0,-32]],[[1237,8096],[13,0]],[[1262,8064],[0,-33]],[[1262,8031],[-25,0],[0,33],[-12,0],[0,32],[-13,0],[0,32]],[[4887,8128],[38,0],[0,-64],[-25,0],[0,-33]],[[4900,8031],[-13,0]],[[4887,8031],[0,97]],[[4825,8096],[0,-65],[-13,0]],[[4812,8031],[0,65],[13,0]],[[7499,8128],[0,-64]],[[7499,8064],[-25,0]],[[7474,8064],[0,-33]],[[7474,8031],[-12,0]],[[7462,8031],[0,33],[-13,0],[0,-33]],[[7449,8031],[-12,0]],[[7437,8031],[0,33]],[[7437,8064],[-13,0]],[[7424,8064],[0,32],[13,0],[0,32],[-25,0],[0,32],[-25,0],[0,33],[37,0],[0,32],[13,0],[0,-32],[75,0],[0,32],[12,0],[0,-32],[13,0],[0,-65],[-38,0]],[[7599,8096],[13,0],[0,-32],[12,0],[0,-33],[-25,0],[0,65]],[[8524,8160],[13,0]],[[8537,8128],[25,0]],[[8562,8096],[-25,0],[0,-32],[12,0],[0,-33],[-25,0],[0,33],[-50,0]],[[8474,8064],[0,32],[25,0],[0,32]],[[8499,8128],[25,0]],[[8912,8225],[0,-97],[-25,0],[0,-32],[-25,0],[0,-32],[-13,0],[0,-33],[-12,0],[0,33]],[[8837,8064],[-13,0],[0,-33],[-25,0]],[[8799,8031],[0,65],[25,0],[0,32],[25,0]],[[8849,8128],[0,32]],[[8862,8160],[0,33]],[[8862,8193],[25,0],[0,32],[25,0]],[[9337,8096],[0,-65],[-13,0]],[[9324,8031],[0,65],[13,0]],[[1337,8064],[0,-33]],[[1337,8031],[-12,0]],[[1325,8031],[0,33]],[[5299,8064],[13,0],[0,-33]],[[5312,8031],[-13,0]],[[5299,8031],[0,33]],[[5337,8064],[12,0]],[[5349,8064],[0,-33]],[[5349,8031],[-12,0],[0,33]],[[5462,8064],[12,0]],[[5474,8064],[0,-33],[-12,0],[0,33]],[[5699,8096],[0,-32],[-12,0],[0,-33],[-25,0],[0,33],[-13,0],[0,-33],[-25,0],[0,33],[13,0]],[[5637,8064],[0,64],[12,0],[0,-32],[50,0]],[[5712,8064],[25,0],[0,-33],[-25,0],[0,33]],[[5749,8064],[13,0],[0,-33],[-13,0],[0,33]],[[7212,8031],[0,33],[12,0],[0,-33],[-12,0]],[[7262,8064],[12,0]],[[7274,8064],[0,-33]],[[7274,8031],[-12,0]],[[7262,8031],[0,33]],[[7412,8064],[25,0]],[[7437,8031],[-25,0],[0,33]],[[7462,8031],[-13,0]],[[7474,8064],[13,0]],[[7487,8064],[0,-33]],[[7487,8031],[-13,0]],[[7549,8096],[25,0],[0,-32],[-12,0],[0,-33],[-25,0],[0,33],[12,0],[0,32]],[[8074,8064],[25,0]],[[8099,8064],[0,-33],[-25,0]],[[8074,8031],[0,33]],[[8137,8064],[25,0]],[[8162,8064],[0,-33]],[[8162,8031],[-25,0]],[[8137,8031],[0,33]],[[8474,8064],[0,-33],[-12,0],[0,33],[12,0]],[[9449,8064],[0,-33]],[[9449,8031],[-12,0]],[[9437,8031],[0,33]],[[8062,8096],[-13,0],[0,-97]],[[8049,7999],[-12,0]],[[8037,7999],[0,32],[-13,0]],[[8024,8031],[0,65]],[[8024,8096],[13,0],[0,32],[25,0],[0,-32]],[[8062,8064],[12,0]],[[8074,8031],[-12,0]],[[8062,8031],[0,-32]],[[8062,7999],[-13,0]],[[8599,8128],[38,0]],[[8649,8096],[0,-32]],[[8649,8064],[-50,0],[0,-65],[-12,0],[0,32],[-13,0],[0,33],[-12,0],[0,32]],[[8562,8096],[37,0]],[[2800,8064],[0,-65]],[[2800,7999],[-25,0],[0,65]],[[2800,8064],[12,0]],[[2812,8064],[0,-65]],[[2812,7999],[-12,0]],[[2812,8064],[13,0],[0,-65],[-13,0]],[[5449,8064],[13,0]],[[5462,8064],[0,-65],[-13,0]],[[5449,7999],[0,65]],[[7137,8064],[50,0]],[[7187,8064],[0,-33]],[[7187,8031],[-25,0]],[[7162,8031],[0,-32],[-13,0],[0,32],[-12,0],[0,33]],[[7274,7999],[0,65]],[[7274,8064],[13,0]],[[7287,8064],[0,64],[25,0],[0,-97],[-25,0],[0,-32],[-13,0]],[[9462,8096],[25,0],[0,-65],[-13,0]],[[9474,8031],[0,-32]],[[9474,7999],[-12,0],[0,32],[-13,0]],[[9512,8096],[12,0]],[[9524,8096],[0,-97]],[[9524,7999],[-25,0],[0,65]],[[1237,8193],[13,0]],[[1250,8160],[37,0]],[[1300,8128],[0,-64]],[[1300,8064],[25,0]],[[1325,8031],[-38,0],[0,-32]],[[1287,7999],[-37,0],[0,32],[12,0]],[[1262,8031],[0,65]],[[1262,8096],[-25,0]],[[1400,8031],[0,-32]],[[1400,7999],[-13,0],[0,32],[13,0]],[[1900,8031],[0,-32],[-13,0],[0,32],[13,0]],[[4937,8031],[-12,0],[0,-32],[-50,0]],[[4875,7999],[0,32]],[[4875,8031],[25,0]],[[4887,8160],[25,0]],[[4912,8160],[0,33]],[[4912,8193],[-12,0]],[[4900,8193],[0,64],[37,0],[0,-32],[-12,0],[0,-65],[25,0],[0,-96],[-13,0],[0,-33]],[[4937,8031],[13,0],[0,-32],[-13,0]],[[4937,7999],[0,32]],[[5312,8031],[0,-32]],[[5312,7999],[-13,0]],[[5299,7999],[0,32]],[[5312,8031],[12,0]],[[5324,8031],[0,-32]],[[5324,7999],[-12,0]],[[6199,8064],[25,0],[0,-33]],[[6224,8031],[-12,0],[0,-32],[-38,0]],[[6174,7999],[0,32],[25,0],[0,33]],[[6649,8031],[13,0],[0,-32],[-13,0],[0,32]],[[6724,7999],[-37,0]],[[6687,7999],[0,32],[37,0],[0,-32]],[[7199,8031],[13,0]],[[7212,8031],[0,-32]],[[7212,7999],[-13,0]],[[7199,7999],[0,32]],[[7262,8096],[0,-65]],[[7262,8031],[-13,0],[0,-32]],[[7249,7999],[-37,0]],[[7212,8031],[-25,0]],[[7187,8031],[0,65]],[[7187,8096],[12,0]],[[7199,8096],[0,32],[-12,0],[0,32],[25,0],[0,33],[12,0],[0,32],[13,0],[0,-97],[25,0],[0,32],[12,0],[0,-64],[-12,0]],[[7274,8031],[0,-32]],[[7274,7999],[-12,0],[0,32]],[[8137,8031],[0,-32]],[[8137,7999],[-13,0]],[[8124,7999],[0,32],[13,0]],[[8799,8031],[0,-32],[-25,0]],[[8774,7999],[0,32],[25,0]],[[9524,8031],[13,0],[0,-32]],[[9537,7999],[-13,0]],[[9524,7999],[0,32]],[[1325,8160],[12,0],[0,-32],[38,0],[0,-64],[12,0],[0,64],[38,0],[0,-32],[-13,0],[0,-32],[-12,0]],[[1400,8064],[0,-33]],[[1400,7999],[0,-32]],[[1400,7967],[-25,0],[0,32],[-25,0]],[[1350,7999],[0,32]],[[1350,8031],[-13,0]],[[1337,8031],[0,65]],[[1325,8096],[0,64]],[[1925,8193],[0,-33],[12,0],[0,-64],[-12,0],[0,32],[-13,0],[0,-64],[13,0],[0,-97],[-13,0],[0,64],[-12,0]],[[1900,8031],[0,33],[-13,0],[0,32],[13,0],[0,64],[12,0],[0,33],[13,0]],[[2925,8064],[62,0],[0,-33],[13,0],[0,-32],[-13,0],[0,-32],[-12,0],[0,32],[-13,0],[0,-32],[-12,0],[0,32],[-25,0],[0,65]],[[1325,8031],[25,0]],[[1350,7999],[-13,0],[0,-32],[-12,0],[0,64]],[[4875,8225],[12,0]],[[4887,8193],[25,0]],[[4912,8160],[-37,0]],[[4875,8128],[-25,0]],[[4862,8096],[0,-32]],[[4875,8064],[0,32]],[[4887,8096],[0,-65]],[[4887,8031],[-12,0]],[[4875,7999],[-13,0],[0,-32]],[[4862,7967],[-50,0]],[[4812,7967],[0,64]],[[4825,8096],[-25,0],[0,-32],[-13,0],[0,96],[13,0],[0,33],[12,0],[0,32],[25,0],[0,-32],[-12,0]],[[5287,8031],[12,0]],[[5299,8031],[0,-64]],[[5299,7967],[-12,0]],[[5287,7967],[0,64]],[[5324,8031],[25,0]],[[5349,8031],[0,-64]],[[5349,7967],[-12,0],[0,32]],[[5337,7999],[-13,0]],[[5587,8031],[12,0]],[[5599,8031],[0,-64]],[[5599,7967],[-12,0]],[[5587,7967],[0,64]],[[9324,8031],[0,-64],[-12,0]],[[9312,7967],[0,64],[12,0]],[[9424,8031],[25,0]],[[9449,8031],[0,-64]],[[9449,7967],[-25,0]],[[9424,7967],[0,64]],[[1287,7999],[13,0],[0,-32],[-13,0]],[[1287,7967],[0,32]],[[1712,7999],[13,0],[0,-32]],[[1725,7967],[-13,0]],[[1712,7967],[0,32]],[[4800,7999],[12,0],[0,-32]],[[4812,7967],[-12,0]],[[4800,7967],[0,32]],[[5312,7999],[0,-32],[-13,0]],[[5299,7967],[0,32]],[[5399,7999],[13,0],[0,-32],[-13,0]],[[5399,7967],[0,32]],[[5649,7967],[-25,0],[0,32],[25,0],[0,-32]],[[6174,7999],[0,-32],[-12,0]],[[6162,7967],[0,32],[12,0]],[[6412,7967],[0,32],[25,0],[0,-32],[-25,0]],[[6487,7999],[12,0]],[[6499,7999],[0,-32]],[[6499,7967],[-12,0]],[[6487,7967],[0,32]],[[6674,7999],[13,0]],[[6687,7999],[0,-32],[-13,0]],[[6674,7967],[0,32]],[[8024,7999],[25,0]],[[8049,7999],[0,-32],[-25,0]],[[8024,7967],[0,32]],[[8137,7999],[0,-32],[-13,0],[0,32]],[[8612,7999],[50,0],[0,-32],[-50,0],[0,32]],[[8774,7999],[0,-32],[-12,0],[0,32],[12,0]],[[9437,8031],[-13,0]],[[9424,8031],[0,-32]],[[9424,7999],[-12,0]],[[9412,7999],[0,-32]],[[9412,7967],[-38,0]],[[9374,7967],[0,32],[13,0]],[[9387,7999],[0,32]],[[9399,8031],[0,33]],[[9612,7999],[0,-32],[-13,0]],[[9599,7967],[0,32],[13,0]],[[5437,8451],[50,0],[0,-97],[37,0],[0,-32],[13,0],[0,-65],[-13,0],[0,-32],[-25,0],[0,-32],[-25,0],[0,-129]],[[5474,8064],[-25,0]],[[5449,7999],[-50,0]],[[5399,7967],[-25,0]],[[5374,7967],[0,-32]],[[5374,7935],[-12,0]],[[5362,7935],[0,32],[-13,0]],[[5349,7967],[0,97]],[[5337,8064],[0,32],[-13,0],[0,32],[-12,0]],[[5312,8128],[0,65]],[[5299,8193],[0,64]],[[5274,8193],[-25,0],[0,-33],[-37,0]],[[5212,8128],[-13,0]],[[5199,8128],[0,97]],[[5249,8322],[-25,0]],[[5224,8354],[38,0]],[[5299,8289],[50,0]],[[5349,8289],[0,65]],[[5374,8322],[25,0]],[[5424,8322],[-12,0]],[[5249,8128],[50,0]],[[5287,8031],[0,-32]],[[5287,7999],[-13,0]],[[5274,7999],[0,-32]],[[5274,7967],[-12,0],[0,-32]],[[5262,7935],[-25,0]],[[5237,7935],[0,64],[-13,0]],[[5224,7999],[0,97]],[[5237,8096],[0,-32]],[[5237,7935],[-13,0]],[[5224,7935],[0,32],[-12,0],[0,97],[12,0],[0,-65]],[[8024,8064],[0,-33]],[[8037,7999],[-13,0]],[[8024,7999],[0,-64]],[[8024,7935],[-12,0]],[[8012,7935],[0,129],[12,0]],[[1737,7967],[-12,0]],[[1712,7999],[0,-64]],[[1712,7935],[-37,0],[0,32],[-25,0],[0,32],[-13,0],[0,32],[113,0],[0,-32],[25,0],[0,-32],[-25,0],[0,-32],[-13,0],[0,32]],[[5574,8031],[13,0]],[[5587,8031],[0,-96]],[[5587,7935],[-13,0]],[[5574,7935],[0,96]],[[6612,8031],[12,0],[0,-32],[13,0],[0,-64],[-25,0],[0,96]],[[9474,7999],[0,-32]],[[9474,7967],[13,0],[0,-32]],[[9487,7935],[-38,0]],[[9449,7935],[0,96]],[[500,7999],[0,-64]],[[500,7935],[-25,0],[0,64],[25,0]],[[5287,7999],[0,-32]],[[5299,7967],[0,-32]],[[5299,7935],[-25,0]],[[5274,7935],[0,64]],[[500,7967],[12,0]],[[512,7967],[0,-32]],[[512,7935],[-12,0]],[[500,7935],[0,32]],[[512,7967],[13,0]],[[525,7967],[0,-32]],[[525,7935],[-13,0]],[[1350,7999],[0,-64],[-63,0],[0,32]],[[3262,7967],[13,0],[0,-32],[-13,0],[0,32]],[[4837,7967],[13,0]],[[4850,7967],[0,-32],[-13,0]],[[4837,7935],[0,32]],[[4875,7967],[12,0],[0,-32]],[[4887,7935],[-12,0]],[[4875,7935],[0,32]],[[4900,7935],[0,32],[12,0],[0,-32],[-12,0]],[[5274,7967],[0,-32]],[[5274,7935],[-12,0]],[[5362,7935],[-13,0],[0,32]],[[5399,7967],[25,0],[0,-32],[-25,0]],[[5399,7935],[0,32]],[[5599,7967],[13,0],[0,-32],[-13,0],[0,32]],[[6162,7967],[0,-32],[-13,0]],[[6149,7935],[0,32],[13,0]],[[6212,7967],[12,0],[0,-32],[-12,0],[0,32]],[[6274,7967],[0,-32]],[[6274,7935],[-12,0]],[[6262,7935],[0,32],[12,0]],[[6399,7967],[13,0]],[[6412,7967],[0,-32]],[[6412,7935],[-13,0]],[[6399,7935],[0,32]],[[6474,7967],[13,0]],[[6487,7967],[0,-32]],[[6487,7935],[-13,0],[0,32]],[[7499,7967],[13,0],[0,-32],[-13,0],[0,32]],[[7774,8064],[50,0],[0,-33],[-12,0],[0,-32],[-13,0],[0,-32],[-12,0],[0,-32],[-25,0],[0,32],[12,0],[0,32],[13,0],[0,32],[-13,0],[0,33]],[[7812,7967],[12,0],[0,-32],[-12,0],[0,32]],[[8487,7967],[0,-32]],[[8487,7935],[-13,0]],[[8474,7935],[0,32],[13,0]],[[8487,7967],[37,0],[0,-32],[-37,0]],[[9349,8128],[13,0],[0,-64],[-13,0],[0,-65],[13,0],[0,-64]],[[9362,7935],[-50,0]],[[9312,7935],[0,32]],[[9337,8096],[12,0],[0,32]],[[9612,7999],[12,0],[0,-64]],[[9624,7935],[-25,0],[0,32]],[[6224,8031],[100,0],[0,-32],[-37,0],[0,-32],[12,0],[0,-65]],[[6299,7902],[-12,0]],[[6287,7902],[0,33]],[[6287,7935],[-13,0]],[[6274,7935],[0,64]],[[6274,7999],[-50,0],[0,32]],[[9499,8193],[0,-65]],[[9512,8128],[0,32],[25,0],[0,-96],[12,0],[0,-65],[-12,0]],[[9524,8031],[0,65]],[[9524,8096],[-25,0]],[[9499,8096],[0,-129],[13,0],[0,-65],[-13,0]],[[9499,7902],[0,33],[-12,0]],[[9474,7967],[0,64]],[[437,7967],[38,0],[0,-65],[-13,0]],[[462,7902],[0,33]],[[462,7935],[-25,0]],[[437,7935],[0,32]],[[5399,7935],[-12,0],[0,-33]],[[5387,7902],[-13,0]],[[5374,7902],[0,65]],[[6362,7967],[37,0]],[[6399,7935],[-12,0],[0,-33]],[[6387,7902],[-13,0]],[[6374,7902],[0,33],[-12,0]],[[6362,7935],[0,32]],[[8087,7967],[12,0],[0,-65]],[[8099,7902],[-12,0]],[[8087,7902],[0,65]],[[8537,7967],[12,0],[0,-65],[-12,0],[0,65]],[[437,7935],[13,0]],[[450,7935],[0,-33]],[[450,7902],[-13,0],[0,33]],[[450,7935],[12,0]],[[462,7902],[-12,0]],[[1400,7935],[12,0],[0,-33]],[[1412,7902],[-12,0]],[[1400,7902],[0,33]],[[5237,7935],[0,-33]],[[5237,7902],[-13,0],[0,33]],[[5287,7935],[12,0]],[[5299,7935],[0,-33]],[[5299,7902],[-12,0]],[[5287,7902],[0,33]],[[5549,7902],[-12,0],[0,33],[12,0],[0,-33]],[[6149,7935],[0,-33],[-12,0],[0,33],[12,0]],[[6349,7935],[13,0]],[[6362,7935],[0,-33]],[[6362,7902],[-13,0],[0,33]],[[6374,7902],[-12,0]],[[6399,7935],[0,-33]],[[6399,7902],[-12,0]],[[6399,7935],[25,0]],[[6424,7935],[0,-33]],[[6424,7902],[-25,0]],[[6462,7935],[0,-33]],[[6462,7902],[-13,0]],[[6449,7902],[0,33],[13,0]],[[6712,7935],[12,0],[0,-33],[-12,0],[0,33]],[[6999,7935],[13,0],[0,-33],[-13,0],[0,33]],[[8074,8031],[0,-32],[50,0]],[[8137,7999],[75,0],[0,-32]],[[8212,7967],[-25,0]],[[8187,7967],[0,-32],[-38,0],[0,-33],[-50,0]],[[8087,7967],[0,-32]],[[8087,7935],[-13,0],[0,-33]],[[8074,7902],[-25,0]],[[8049,7902],[0,33],[13,0]],[[8062,7935],[0,96]],[[8087,7935],[0,-33]],[[8087,7902],[-13,0]],[[8474,7935],[0,-33]],[[8474,7902],[-12,0],[0,33],[12,0]],[[8487,7935],[0,-33],[-13,0]],[[8612,7902],[-25,0]],[[8587,7902],[0,33],[25,0],[0,-33]],[[9312,7935],[25,0]],[[9337,7935],[0,-33]],[[9337,7902],[-25,0]],[[9312,7902],[0,33]],[[9474,7935],[13,0]],[[9487,7935],[0,-33]],[[9487,7902],[-13,0],[0,33]],[[9499,7902],[-12,0]],[[9624,7935],[0,32],[13,0],[0,-65],[-25,0],[0,33],[12,0]],[[6499,7967],[0,-65]],[[6499,7902],[13,0],[0,-32],[-25,0]],[[6487,7870],[0,97]],[[7574,7870],[0,32]],[[7574,7902],[-12,0]],[[7562,7902],[0,33],[-13,0],[0,32],[13,0],[0,32],[25,0],[0,-129],[-13,0]],[[437,7967],[0,-97],[-25,0],[0,65],[13,0],[0,32],[12,0]],[[4875,7999],[0,-64]],[[4875,7935],[25,0]],[[4900,7935],[0,-33]],[[4900,7902],[-50,0],[0,-32],[-13,0],[0,65]],[[4850,7967],[12,0]],[[5262,7935],[25,0]],[[5287,7902],[25,0]],[[5312,7902],[0,-32]],[[5312,7870],[-38,0]],[[5274,7870],[0,32],[-12,0],[0,33]],[[6249,7935],[0,-65]],[[6249,7870],[-12,0]],[[6237,7870],[0,65],[12,0]],[[7449,7967],[25,0]],[[7474,7967],[0,-65],[-12,0],[0,-32],[-38,0]],[[7424,7870],[0,65],[25,0]],[[7449,7935],[0,32]],[[9399,7967],[13,0]],[[9412,7967],[0,-65]],[[9412,7902],[-13,0],[0,-32],[-12,0],[0,65],[12,0],[0,32]],[[9449,7935],[25,0]],[[9474,7935],[0,-65],[-25,0]],[[9449,7870],[0,65]],[[1412,7902],[0,-32],[-12,0]],[[1400,7870],[0,32]],[[4887,7902],[0,-32]],[[4887,7870],[-25,0],[0,32],[25,0]],[[4887,7902],[13,0]],[[4900,7902],[0,-32]],[[4900,7870],[-13,0]],[[5237,7902],[12,0],[0,-32]],[[5249,7870],[-12,0],[0,32]],[[5312,7902],[12,0]],[[5324,7902],[0,-32]],[[5324,7870],[-12,0]],[[5387,7902],[12,0]],[[5399,7902],[0,-32],[-12,0]],[[5387,7870],[0,32]],[[5799,7870],[0,32],[13,0],[0,-32],[-13,0]],[[6162,7870],[0,32],[12,0],[0,-32],[-12,0]],[[6262,7902],[25,0]],[[6287,7902],[0,-32]],[[6287,7870],[-25,0]],[[6262,7870],[0,32]],[[6362,7902],[25,0]],[[6387,7902],[0,-32],[-25,0],[0,32]],[[7262,7902],[12,0],[0,-32],[-12,0],[0,32]],[[7837,7902],[0,-32]],[[7837,7870],[-13,0],[0,32],[13,0]],[[7837,7902],[37,0],[0,-32]],[[7874,7870],[-37,0]],[[8062,7902],[12,0]],[[8074,7902],[0,-32],[-12,0]],[[8062,7870],[0,32]],[[8587,7902],[0,-32],[-13,0],[0,32],[13,0]],[[8612,7902],[12,0],[0,-32],[-12,0],[0,32]],[[8974,7870],[-25,0]],[[8949,7870],[0,32],[25,0],[0,-32]],[[9312,7902],[12,0]],[[9324,7902],[0,-32],[-12,0],[0,32]],[[6112,7838],[-25,0]],[[6087,7838],[0,32],[-25,0],[0,-32],[-25,0]],[[6037,7838],[0,64]],[[6037,7902],[-13,0],[0,65],[-50,0],[0,64],[38,0],[0,33],[50,0],[0,-33],[12,0],[0,-32],[38,0],[0,-97],[-13,0],[0,-32],[13,0],[0,-32]],[[7424,7870],[0,-32],[-25,0],[0,32],[-12,0],[0,32],[-25,0],[0,33],[-38,0],[0,64],[50,0],[0,-32],[25,0],[0,-65],[13,0],[0,-32],[12,0]],[[1400,7967],[25,0],[0,-32],[12,0],[0,32],[25,0],[0,-32],[25,0],[0,-33],[25,0],[0,-64],[-12,0],[0,32],[-25,0],[0,32],[-63,0]],[[1400,7935],[0,32]],[[1837,7935],[63,0],[0,-33],[100,0],[0,-32],[-25,0],[0,-32]],[[1975,7838],[-25,0]],[[1950,7838],[0,32],[-38,0],[0,-32],[-12,0],[0,32],[-63,0]],[[1837,7870],[0,65]],[[1562,7838],[-12,0],[0,32],[-13,0],[0,32],[25,0],[0,-64]],[[5324,7902],[25,0]],[[5349,7902],[0,-64],[-12,0]],[[5337,7838],[0,32]],[[5337,7870],[-13,0]],[[5837,7902],[12,0],[0,-64],[-12,0],[0,64]],[[7999,7902],[25,0],[0,-32],[-12,0],[0,-32],[-13,0],[0,64]],[[8262,7870],[-13,0],[0,-32],[-12,0],[0,64],[25,0],[0,-32]],[[3237,7902],[25,0],[0,-64],[-37,0],[0,32],[12,0],[0,32]],[[4900,7870],[12,0]],[[4912,7870],[0,-32]],[[4912,7838],[-12,0]],[[4900,7838],[0,32]],[[5199,7870],[0,-32]],[[5199,7838],[-12,0],[0,32],[12,0]],[[5299,7870],[13,0]],[[5312,7870],[0,-32],[-13,0],[0,32]],[[6212,7838],[-13,0],[0,32],[13,0],[0,-32]],[[6237,7870],[0,-32]],[[6237,7838],[-13,0]],[[6224,7838],[0,32],[13,0]],[[6699,7870],[50,0],[0,-32],[-50,0],[0,32]],[[7474,7870],[13,0],[0,-32],[-13,0],[0,32]],[[7924,7870],[13,0]],[[7937,7870],[0,-32]],[[7937,7838],[-13,0]],[[7924,7838],[0,32]],[[8062,7870],[0,-32]],[[8062,7838],[-13,0]],[[8049,7838],[0,32],[13,0]],[[8187,7870],[12,0]],[[8199,7870],[0,-32]],[[8199,7838],[-12,0]],[[8187,7838],[0,32]],[[8199,7870],[13,0]],[[8212,7870],[0,-32]],[[8212,7838],[-13,0]],[[8262,7870],[12,0],[0,-32],[-12,0],[0,32]],[[8312,7870],[25,0],[0,-32],[-25,0],[0,32]],[[8462,7838],[-13,0],[0,32],[13,0],[0,-32]],[[8912,7870],[12,0],[0,-32]],[[8924,7838],[-12,0],[0,32]],[[9374,7838],[-12,0],[0,32],[12,0],[0,-32]],[[9449,7870],[0,-32]],[[9449,7838],[-12,0]],[[9437,7838],[0,32],[12,0]],[[5374,7935],[0,-33]],[[5387,7902],[0,-64]],[[5387,7838],[12,0],[0,-32],[-25,0],[0,32],[-12,0],[0,97]],[[1387,7902],[0,-32],[-12,0],[0,-32],[12,0]],[[1387,7838],[0,-32],[-25,0],[0,96],[25,0]],[[8212,7902],[12,0],[0,-96],[-12,0]],[[8212,7806],[0,96]],[[9324,7902],[25,0]],[[9349,7902],[0,-64],[-12,0],[0,-32]],[[9337,7806],[-13,0]],[[9324,7806],[0,96]],[[6762,7806],[0,64],[12,0],[0,32],[13,0],[0,-64],[-13,0],[0,-32],[-12,0]],[[6824,7870],[13,0]],[[6837,7870],[0,-64]],[[6837,7806],[-13,0]],[[6824,7806],[0,64]],[[8074,7902],[25,0]],[[8099,7902],[0,-32],[-12,0],[0,-32],[-13,0]],[[8074,7838],[0,-32]],[[8074,7806],[-12,0]],[[8062,7806],[0,64]],[[1850,7838],[12,0],[0,-32],[-12,0],[0,32]],[[2775,7838],[12,0],[0,-32],[-12,0],[0,32]],[[4837,7838],[0,-32]],[[4837,7806],[-12,0],[0,32],[12,0]],[[4912,7838],[0,-32]],[[4912,7806],[-12,0],[0,32]],[[5149,7838],[0,-32]],[[5149,7806],[-25,0]],[[5124,7806],[0,32],[25,0]],[[5149,7838],[25,0]],[[5174,7838],[0,-32]],[[5174,7806],[-25,0]],[[6087,7838],[0,-32],[-13,0],[0,32],[13,0]],[[6374,7838],[13,0],[0,-32],[-13,0],[0,32]],[[7437,7838],[12,0],[0,-32],[-12,0],[0,32]],[[7487,8064],[12,0]],[[7499,8064],[0,-33]],[[7499,8031],[25,0],[0,-64],[13,0],[0,-32],[-13,0],[0,-33]],[[7524,7902],[50,0]],[[7574,7902],[0,-64]],[[7574,7838],[-12,0],[0,-32]],[[7562,7806],[-63,0]],[[7499,7806],[0,32],[13,0],[0,64],[-25,0],[0,65]],[[7487,7967],[-38,0]],[[7449,7967],[0,32]],[[7449,7999],[-12,0],[0,32]],[[7437,8031],[50,0]],[[8037,7838],[25,0]],[[8062,7838],[0,-32]],[[8062,7806],[-25,0]],[[8037,7806],[0,32]],[[8099,7838],[13,0],[0,-32]],[[8112,7806],[-13,0]],[[8099,7806],[0,32]],[[8462,7838],[12,0]],[[8474,7838],[0,-32],[-12,0],[0,32]],[[8562,7806],[-13,0]],[[8549,7806],[0,32],[13,0],[0,-32]],[[8949,7838],[13,0],[0,-32],[-13,0],[0,32]],[[9399,7838],[13,0]],[[9412,7838],[0,-32],[-13,0],[0,32]],[[9449,7838],[0,-32]],[[9449,7806],[-12,0]],[[9437,7806],[0,32]],[[5649,7967],[50,0],[0,-32],[13,0],[0,32],[12,0],[0,-32],[50,0],[0,-65],[25,0]],[[5799,7870],[0,-32],[-37,0],[0,-65],[-13,0],[0,33],[-12,0],[0,64],[-13,0],[0,32],[-12,0],[0,-32],[-25,0],[0,32],[-38,0]],[[5649,7902],[0,65]],[[7874,7870],[0,-64],[-12,0]],[[7862,7806],[0,-33]],[[7862,7773],[-13,0]],[[7849,7773],[0,65]],[[7849,7838],[-12,0],[0,32]],[[350,7902],[37,0],[0,-64],[-12,0],[0,-32],[-50,0],[0,-33],[-25,0],[0,65],[25,0],[0,32],[12,0],[0,-32],[13,0],[0,64]],[[4875,7838],[0,-65]],[[4875,7773],[-13,0]],[[4862,7773],[0,65],[13,0]],[[6262,7870],[12,0]],[[6274,7870],[0,-32],[13,0],[0,-65],[-25,0],[0,33],[-13,0],[0,32],[13,0]],[[6262,7838],[0,32]],[[7937,7870],[12,0]],[[7949,7870],[0,-64]],[[7949,7806],[-12,0],[0,-33]],[[7937,7773],[-25,0]],[[7912,7773],[0,65]],[[7912,7838],[25,0]],[[8974,7870],[0,-32],[13,0],[0,-32]],[[8987,7806],[-13,0]],[[8974,7806],[0,-33]],[[8974,7773],[-37,0]],[[8937,7773],[0,65]],[[8937,7838],[12,0]],[[8949,7838],[0,32]],[[9374,7838],[25,0]],[[9412,7838],[25,0]],[[9437,7806],[-13,0],[0,-33]],[[9424,7773],[-37,0]],[[9387,7773],[0,33]],[[9387,7806],[-13,0],[0,32]],[[3462,7806],[0,-33]],[[3462,7773],[-12,0],[0,33],[12,0]],[[5012,7806],[0,-33],[-12,0],[0,33],[12,0]],[[5124,7806],[13,0]],[[5137,7806],[0,-33],[-13,0]],[[5124,7773],[0,33]],[[5174,7806],[13,0],[0,-33],[-13,0],[0,33]],[[5249,7806],[13,0]],[[5262,7806],[0,-33],[-13,0]],[[5249,7773],[0,33]],[[5337,7838],[0,-32],[12,0],[0,-33]],[[5349,7773],[-37,0]],[[5312,7773],[0,33],[12,0],[0,32],[13,0]],[[5937,7773],[0,33],[12,0],[0,-33],[-12,0]],[[6099,7806],[13,0],[0,-33],[-13,0],[0,33]],[[6762,7806],[0,-33],[-25,0]],[[6737,7773],[0,33],[25,0]],[[6912,7806],[25,0],[0,-33],[-25,0],[0,33]],[[7949,7806],[0,-33]],[[7949,7773],[-12,0]],[[7974,7806],[0,-33]],[[7974,7773],[-12,0]],[[7962,7773],[0,33],[12,0]],[[8012,7806],[12,0]],[[8024,7806],[0,-33],[-12,0]],[[8012,7773],[0,33]],[[8037,7806],[12,0]],[[8049,7806],[0,-33]],[[8049,7773],[-12,0]],[[8037,7773],[0,33]],[[8049,7806],[13,0]],[[8062,7806],[0,-33]],[[8062,7773],[-13,0]],[[8074,7806],[0,-33]],[[8074,7773],[-12,0]],[[8112,7806],[12,0],[0,-33]],[[8124,7773],[-12,0]],[[8112,7773],[0,33]],[[8162,7773],[-13,0]],[[8149,7773],[0,33],[13,0],[0,-33]],[[8537,7806],[12,0]],[[8549,7806],[0,-33],[-12,0],[0,33]],[[8562,7806],[12,0]],[[8574,7806],[0,-33]],[[8574,7773],[-12,0]],[[8562,7773],[0,33]],[[8674,7806],[13,0],[0,-33],[-13,0],[0,33]],[[8724,7773],[0,33],[13,0],[0,32],[25,0],[0,-65],[-38,0]],[[9337,7806],[0,-33],[-13,0],[0,33]],[[9437,7806],[0,-33]],[[9437,7773],[-13,0]],[[9449,7806],[0,-33],[-12,0]],[[7962,7935],[62,0]],[[8024,7935],[0,32]],[[8062,7999],[0,-64]],[[8049,7902],[13,0]],[[8049,7838],[-12,0]],[[8037,7806],[-25,0]],[[8012,7773],[-13,0],[0,-32]],[[7999,7741],[-25,0]],[[7974,7741],[0,65]],[[7962,7773],[-13,0]],[[7949,7773],[0,97]],[[7949,7870],[-25,0]],[[7924,7838],[-12,0]],[[7912,7838],[0,-32]],[[7912,7806],[-13,0],[0,32],[-12,0],[0,32],[-13,0]],[[7837,7902],[0,162],[12,0],[0,-33],[63,0],[0,-32],[50,0],[0,-64]],[[2137,7741],[-25,0]],[[2112,7741],[0,65],[-75,0],[0,-33],[-25,0],[0,33],[-25,0],[0,32]],[[1987,7838],[25,0]],[[2012,7838],[0,32],[25,0],[0,-32],[13,0],[0,32],[12,0],[0,-32],[75,0],[0,-32],[-12,0],[0,-33],[12,0],[0,-32]],[[7137,7741],[-13,0]],[[7124,7741],[0,32],[-25,0],[0,33],[-12,0],[0,32],[25,0],[0,-32],[25,0],[0,-65]],[[8174,7806],[25,0],[0,-33]],[[8199,7773],[-12,0],[0,-32]],[[8187,7741],[-13,0]],[[8174,7741],[0,65]],[[9337,7806],[12,0],[0,-33],[13,0],[0,-32]],[[9362,7741],[-25,0]],[[9337,7741],[0,65]],[[2187,7741],[0,32],[13,0],[0,-32],[-13,0]],[[4875,7773],[0,-32]],[[4875,7741],[-13,0],[0,32]],[[4900,7773],[12,0],[0,-32],[-12,0],[0,32]],[[5149,7773],[13,0],[0,-32]],[[5162,7741],[-13,0]],[[5149,7741],[0,32]],[[5412,7773],[25,0],[0,-32],[-25,0],[0,32]],[[5937,7773],[0,-32],[-13,0]],[[5924,7741],[0,32],[13,0]],[[7249,7741],[0,32],[13,0],[0,-32],[-13,0]],[[7662,7773],[12,0],[0,-32],[-12,0],[0,32]],[[7737,7773],[0,-32]],[[7737,7741],[-38,0]],[[7699,7741],[0,32],[38,0]],[[7774,7741],[-12,0],[0,32],[12,0],[0,-32]],[[7949,7773],[25,0]],[[7974,7773],[0,-32]],[[7974,7741],[-25,0]],[[7949,7741],[0,32]],[[8012,7773],[0,-32]],[[8012,7741],[-13,0]],[[8124,7773],[0,-32]],[[8124,7741],[-12,0]],[[8112,7741],[0,32]],[[8199,7773],[0,-32]],[[8199,7741],[-12,0]],[[8562,7806],[0,-65]],[[8562,7741],[-50,0],[0,32],[12,0],[0,33],[13,0]],[[8574,7773],[0,-32]],[[8574,7741],[-12,0]],[[8562,7741],[0,32]],[[8724,7773],[0,-32],[-25,0],[0,32],[25,0]],[[8799,7806],[0,-65]],[[8799,7741],[-25,0]],[[8774,7741],[0,32]],[[8774,7773],[13,0],[0,33],[12,0]],[[9387,7773],[12,0]],[[9399,7773],[0,-32]],[[9399,7741],[-12,0]],[[9387,7741],[0,32]],[[9399,7773],[13,0],[0,-32]],[[9412,7741],[-13,0]],[[1350,7902],[0,-129],[12,0],[0,-64],[-25,0],[0,32],[-12,0],[0,32],[-13,0],[0,33],[-12,0],[0,129],[37,0],[0,-33],[13,0]],[[5174,7838],[25,0]],[[5199,7838],[0,-97]],[[5199,7741],[-12,0],[0,-32]],[[5187,7709],[-13,0]],[[5174,7709],[0,32]],[[5174,7741],[-12,0]],[[5149,7773],[0,33]],[[7512,7806],[12,0]],[[7524,7806],[0,-33],[50,0],[0,-32],[13,0]],[[7587,7741],[0,-32]],[[7587,7709],[-50,0]],[[7537,7709],[0,32]],[[7537,7741],[-25,0]],[[7512,7741],[0,65]],[[7912,7806],[0,-33]],[[7912,7773],[12,0]],[[7924,7773],[0,-32],[-25,0],[0,-32],[-25,0],[0,32],[-12,0]],[[7862,7741],[0,65]],[[8637,7741],[-25,0]],[[8612,7741],[0,65],[12,0],[0,-33],[25,0],[0,-64],[-12,0],[0,32]],[[8987,7806],[0,-97]],[[8987,7709],[-13,0]],[[8974,7709],[0,97]],[[150,7709],[0,64],[25,0],[0,-32],[-13,0],[0,-32],[-12,0]],[[4712,7773],[0,-64],[-12,0],[0,64],[12,0]],[[5137,7806],[12,0]],[[5149,7806],[0,-65]],[[5149,7741],[-12,0]],[[5137,7741],[0,-32],[-13,0],[0,64]],[[5324,7773],[13,0]],[[5337,7773],[0,-64]],[[5337,7709],[-13,0]],[[5324,7709],[0,64]],[[8199,7773],[13,0]],[[8212,7773],[0,-64]],[[8212,7709],[-13,0]],[[8199,7709],[0,64]],[[8962,7773],[12,0]],[[8974,7773],[0,-64]],[[8974,7709],[-12,0]],[[8962,7709],[0,64]],[[150,7709],[-13,0],[0,32],[13,0],[0,-32]],[[5274,7870],[13,0]],[[5287,7870],[0,-32],[-13,0],[0,-32]],[[5274,7806],[-25,0]],[[5249,7806],[0,-65]],[[5249,7741],[-12,0]],[[5237,7741],[0,-32],[-50,0]],[[5199,7741],[0,129]],[[5199,7870],[50,0]],[[5324,7741],[0,-32]],[[5324,7709],[-25,0]],[[5299,7709],[0,32],[25,0]],[[7124,7741],[0,-32]],[[7124,7709],[-12,0],[0,32],[12,0]],[[7137,7741],[0,-32]],[[7137,7709],[-13,0]],[[7137,7741],[12,0],[0,-32]],[[7149,7709],[-12,0]],[[7199,7709],[-25,0]],[[7174,7709],[0,32],[25,0],[0,-32]],[[7249,7741],[0,-32],[-12,0],[0,32],[12,0]],[[7349,7741],[0,-32],[-12,0],[0,32],[12,0]],[[7524,7741],[13,0]],[[7537,7709],[-13,0]],[[7524,7709],[0,32]],[[7612,7709],[-25,0]],[[7587,7741],[12,0],[0,32],[13,0],[0,-64]],[[7949,7741],[13,0]],[[7962,7741],[0,-32]],[[7962,7709],[-13,0]],[[7949,7709],[0,32]],[[7962,7741],[25,0]],[[7987,7741],[0,-32],[-25,0]],[[8124,7741],[0,-32]],[[8124,7709],[-12,0]],[[8112,7709],[0,32]],[[8749,7709],[-12,0],[0,32],[12,0],[0,-32]],[[8874,7741],[13,0]],[[8887,7741],[0,-32],[-13,0],[0,32]],[[9337,7741],[12,0]],[[9349,7741],[0,-32]],[[9349,7709],[-12,0]],[[9337,7709],[0,32]],[[6012,7806],[-13,0]],[[5999,7806],[0,-33],[13,0],[0,-64],[-13,0],[0,-32],[-12,0]],[[5987,7677],[0,161]],[[5987,7838],[12,0],[0,64],[13,0],[0,-96]],[[8924,7838],[13,0]],[[8937,7773],[25,0]],[[8962,7709],[-25,0]],[[8937,7709],[0,-32],[-13,0]],[[8924,7677],[0,161]],[[1712,7773],[50,0],[0,-32],[13,0],[0,-64],[-13,0]],[[1762,7677],[0,32]],[[1762,7709],[-25,0],[0,32],[-25,0]],[[1712,7741],[0,32]],[[4800,7967],[37,0]],[[4837,7967],[0,-129]],[[4837,7806],[0,-65],[-12,0],[0,-32],[-50,0],[0,-32],[-63,0],[0,96]],[[4712,7773],[13,0],[0,33],[-13,0],[0,96],[38,0],[0,65],[37,0],[0,32],[13,0]],[[5287,7870],[12,0]],[[5312,7870],[25,0]],[[5312,7773],[12,0]],[[5324,7773],[0,-32]],[[5299,7709],[13,0]],[[5312,7709],[0,-32]],[[5312,7677],[-38,0]],[[5274,7677],[0,64]],[[5274,7741],[-25,0]],[[5249,7741],[0,32]],[[5262,7806],[12,0]],[[50,7741],[12,0],[0,-64],[-12,0],[0,64]],[[75,7741],[25,0],[0,-64],[-25,0],[0,64]],[[4875,7773],[12,0],[0,-64],[-12,0],[0,-32]],[[4875,7677],[-25,0],[0,64],[25,0]],[[5674,7741],[25,0]],[[5699,7741],[0,-32],[-12,0],[0,-32],[-13,0]],[[5674,7677],[0,64]],[[7474,7773],[0,-64]],[[7474,7709],[-12,0],[0,-32]],[[7462,7677],[-13,0]],[[7449,7677],[0,64],[13,0],[0,32],[12,0]],[[8112,7741],[0,-64]],[[8112,7677],[-13,0]],[[8099,7677],[0,32],[-12,0]],[[8087,7709],[0,32],[25,0]],[[8262,7741],[12,0]],[[8274,7741],[0,-64]],[[8274,7677],[-12,0]],[[8262,7677],[0,64]],[[8862,7870],[50,0]],[[8924,7677],[-62,0]],[[8862,7677],[0,64]],[[8862,7741],[12,0]],[[8887,7741],[25,0]],[[8912,7741],[0,65],[-25,0],[0,-33],[-13,0],[0,33],[-25,0],[0,32],[13,0],[0,32]],[[9387,8128],[0,-129]],[[9374,7967],[25,0]],[[9412,7902],[0,97]],[[9424,7999],[0,-32]],[[9449,7967],[0,-97]],[[9437,7838],[-63,0]],[[9387,7806],[0,-65]],[[9387,7741],[-13,0]],[[9374,7741],[0,-64]],[[9374,7677],[-25,0]],[[9349,7677],[0,64]],[[9349,7741],[13,0]],[[9349,7902],[-12,0]],[[9337,7935],[25,0]],[[9349,8128],[0,32],[25,0]],[[9374,7741],[38,0]],[[9412,7741],[0,-32],[-13,0],[0,-32],[-25,0]],[[4975,7709],[25,0],[0,-32],[-25,0],[0,32]],[[5049,7709],[0,-32]],[[5049,7677],[-12,0],[0,32],[12,0]],[[5112,7677],[-25,0]],[[5087,7677],[0,32]],[[5087,7709],[12,0],[0,32],[13,0],[0,-64]],[[5187,7709],[0,-32],[-13,0]],[[5174,7677],[0,32]],[[5312,7709],[12,0]],[[5324,7709],[0,-32]],[[5324,7677],[-12,0]],[[5337,7709],[25,0],[0,-32]],[[5362,7677],[-25,0]],[[5337,7677],[0,32]],[[5674,7709],[0,-32]],[[5674,7677],[-12,0],[0,32],[12,0]],[[5849,7677],[-25,0],[0,32],[25,0],[0,-32]],[[5924,7741],[0,-64]],[[5924,7677],[-62,0]],[[5862,7677],[0,32],[50,0],[0,32],[12,0]],[[6737,7773],[0,-32],[-25,0],[0,-64],[-25,0],[0,32],[12,0],[0,64],[38,0]],[[6862,7677],[0,32],[25,0],[0,-32],[-25,0]],[[7012,7741],[0,-64]],[[7012,7677],[-25,0]],[[6987,7677],[0,32],[12,0],[0,32],[13,0]],[[7149,7709],[0,-32]],[[7149,7677],[-12,0]],[[7137,7677],[0,32]],[[7199,7709],[13,0],[0,-32]],[[7212,7677],[-13,0],[0,32]],[[7812,7806],[0,-65],[25,0],[0,-32]],[[7837,7709],[-38,0],[0,32],[-25,0]],[[7774,7741],[0,-32]],[[7774,7709],[-37,0]],[[7737,7709],[0,-32]],[[7737,7677],[-25,0]],[[7712,7677],[0,32],[12,0],[0,32]],[[7724,7741],[13,0]],[[7737,7741],[0,65]],[[7737,7806],[-25,0],[0,32],[-25,0],[0,32],[37,0],[0,-32],[63,0],[0,-32],[25,0]],[[8087,7709],[0,-32]],[[8087,7677],[-13,0]],[[8074,7677],[0,32],[13,0]],[[8099,7677],[-12,0]],[[8237,7709],[25,0]],[[8262,7709],[0,-32]],[[8262,7677],[-25,0]],[[8237,7677],[0,32]],[[9349,7709],[0,-32]],[[9349,7677],[-12,0]],[[9337,7677],[0,32]],[[6899,7967],[38,0]],[[6937,7967],[0,-32]],[[6937,7935],[37,0],[0,-97],[-62,0],[0,-32]],[[6912,7806],[-13,0],[0,-33],[-25,0],[0,33],[-12,0],[0,-65],[-13,0],[0,-64],[13,0]],[[6862,7677],[0,-33]],[[6862,7644],[-25,0]],[[6837,7644],[0,226]],[[6824,7870],[0,-32]],[[6824,7838],[-12,0],[0,64],[37,0],[0,33],[50,0],[0,32]],[[8349,8160],[-37,0]],[[8312,8193],[-38,0]],[[8312,8064],[0,32]],[[8312,8096],[12,0]],[[8324,8096],[0,-32],[13,0],[0,-33],[-38,0],[0,-32],[-37,0],[0,-64],[12,0],[0,32],[50,0],[0,32],[25,0],[0,32],[13,0],[0,-32],[25,0],[0,-32],[-25,0],[0,-32],[25,0],[0,-33],[12,0],[0,33],[38,0],[0,-33],[-25,0],[0,-64],[-13,0],[0,32],[-12,0],[0,-32],[-13,0],[0,-65],[-12,0],[0,-32],[-13,0],[0,-32],[-12,0],[0,-65]],[[8337,7644],[-13,0]],[[8324,7644],[0,65],[-12,0],[0,-32],[-13,0],[0,-33],[-12,0],[0,33]],[[8287,7677],[-13,0]],[[8274,7677],[0,96]],[[8274,7773],[-50,0],[0,-32],[-12,0]],[[8212,7741],[0,32]],[[8174,7806],[0,-33]],[[8174,7773],[-12,0]],[[8149,7773],[-25,0]],[[8099,7838],[0,-65]],[[8099,7773],[-25,0]],[[8074,7773],[0,65]],[[8187,7967],[50,0]],[[8237,7967],[0,64],[25,0]],[[8262,8031],[0,65]],[[8262,8096],[-25,0]],[[8237,8096],[0,32]],[[8237,8128],[-13,0]],[[8224,8128],[0,97]],[[8224,8225],[38,0],[0,32],[12,0],[0,65],[13,0],[0,64],[12,0],[0,33],[-25,0],[0,32],[38,0],[0,-32],[62,0],[0,-33],[50,0],[0,-32],[13,0],[0,32],[12,0],[0,33],[-25,0],[0,32],[-75,0],[0,32],[38,0],[0,65],[37,0],[0,-33],[50,0],[0,33],[13,0],[0,-33],[37,0]],[[8212,7902],[0,-32]],[[8212,7870],[-25,0]],[[8187,7838],[25,0]],[[8212,7838],[0,-32]],[[5137,7741],[25,0]],[[5162,7741],[0,-97]],[[5162,7644],[-25,0]],[[5137,7644],[0,33],[-25,0]],[[5112,7677],[0,96],[12,0]],[[1525,7709],[0,-65]],[[1525,7644],[-13,0]],[[1512,7644],[0,33]],[[1512,7677],[-25,0]],[[1487,7677],[0,64],[13,0],[0,-32],[25,0]],[[1762,7709],[0,-65]],[[1762,7644],[-25,0],[0,33],[-12,0],[0,32],[-13,0]],[[1712,7709],[0,32]],[[5337,7677],[37,0]],[[5374,7677],[0,-33]],[[5374,7644],[-50,0]],[[5324,7644],[0,65]],[[7137,7709],[0,-65]],[[7137,7644],[-13,0],[0,65]],[[7149,7709],[25,0]],[[7174,7709],[0,-65]],[[7174,7644],[-12,0]],[[7162,7644],[0,33]],[[7162,7677],[-13,0]],[[7212,7677],[0,-33]],[[7212,7644],[-25,0]],[[7187,7644],[0,33],[-13,0]],[[7174,7677],[0,32]],[[7762,7709],[12,0]],[[7774,7709],[0,-65]],[[7774,7644],[-12,0],[0,65]],[[7837,7709],[12,0],[0,-32],[38,0]],[[7887,7677],[0,-33]],[[7887,7644],[-50,0],[0,65]],[[8599,7741],[25,0]],[[8624,7741],[0,-64],[-12,0],[0,-33],[-13,0]],[[8599,7644],[0,33],[-12,0]],[[8587,7677],[0,32]],[[8587,7709],[12,0]],[[8599,7709],[0,32]],[[1500,7677],[12,0]],[[1512,7644],[-12,0]],[[1500,7644],[0,33]],[[2225,7677],[0,-33]],[[2225,7644],[-13,0],[0,33],[13,0]],[[3362,7677],[38,0],[0,-33]],[[3400,7644],[-38,0]],[[3362,7644],[0,33]],[[3462,7741],[0,-64]],[[3462,7677],[-25,0],[0,-33],[-25,0]],[[3412,7644],[0,33],[13,0]],[[3425,7677],[0,32],[25,0],[0,32],[12,0]],[[5049,7677],[13,0]],[[5062,7677],[0,-33]],[[5062,7644],[-13,0]],[[5049,7644],[0,33]],[[5112,7677],[0,-33]],[[5112,7644],[-25,0]],[[5087,7644],[0,33]],[[5137,7644],[-25,0]],[[5299,7677],[13,0]],[[5312,7677],[0,-33],[-13,0]],[[5299,7644],[0,33]],[[5949,7677],[13,0]],[[5962,7677],[0,-33]],[[5962,7644],[-13,0],[0,33]],[[6749,7677],[13,0],[0,-33],[-13,0],[0,33]],[[6774,7677],[13,0],[0,-33],[-13,0],[0,33]],[[7187,7644],[-13,0]],[[7174,7644],[0,33]],[[7237,7677],[12,0],[0,-33]],[[7249,7644],[-12,0]],[[7237,7644],[0,33]],[[7362,7644],[0,33],[12,0],[0,-33],[-12,0]],[[7549,7677],[13,0]],[[7562,7677],[0,-33]],[[7562,7644],[-13,0]],[[7549,7644],[0,33]],[[7562,7677],[25,0]],[[7587,7677],[0,-33]],[[7587,7644],[-25,0]],[[7599,7677],[25,0],[0,-33]],[[7624,7644],[-25,0]],[[7599,7644],[0,33]],[[8112,7677],[0,-33],[-13,0],[0,33]],[[8237,7677],[12,0]],[[8249,7677],[0,-33],[-12,0]],[[8237,7644],[0,33]],[[8374,7644],[0,33],[13,0],[0,32],[12,0],[0,-32],[13,0],[0,-33],[-38,0]],[[8474,7709],[13,0],[0,-65],[-25,0],[0,33],[12,0],[0,32]],[[8599,7644],[-12,0]],[[8587,7644],[0,33]],[[8999,7644],[-12,0]],[[8987,7644],[0,33],[12,0],[0,-33]],[[9312,7644],[0,33],[12,0],[0,-33],[-12,0]],[[9349,7677],[0,-33]],[[9349,7644],[-12,0],[0,33]],[[9374,7677],[0,-33],[-25,0]],[[7812,7806],[37,0]],[[7849,7806],[0,-33]],[[7862,7773],[0,-32]],[[7924,7773],[25,0]],[[7949,7773],[0,-64]],[[7962,7709],[0,-32],[-25,0],[0,-33],[-25,0],[0,-32]],[[7912,7612],[-25,0]],[[7887,7612],[0,65]],[[2162,7741],[25,0]],[[2187,7741],[0,-64],[13,0],[0,32],[25,0],[0,-32]],[[2225,7644],[0,-32]],[[2225,7612],[-25,0]],[[2200,7612],[0,32],[-25,0],[0,65],[-13,0],[0,32]],[[6974,7677],[38,0]],[[7012,7677],[0,-33]],[[7012,7644],[25,0],[0,-32],[-38,0],[0,32]],[[6999,7644],[-37,0]],[[6962,7644],[0,33],[-38,0],[0,32],[50,0],[0,-32]],[[1537,7677],[25,0]],[[1562,7677],[0,-33],[13,0],[0,-32]],[[1575,7612],[-25,0]],[[1550,7612],[0,32],[-13,0],[0,33]],[[5274,7677],[25,0]],[[5299,7677],[0,-65]],[[5299,7612],[-25,0],[0,65]],[[5924,7677],[0,-65],[-12,0]],[[5912,7612],[0,32],[-38,0]],[[5874,7644],[0,-32]],[[5874,7612],[-12,0],[0,65]],[[8137,7677],[37,0]],[[8174,7677],[0,-33],[-25,0],[0,-32],[-12,0]],[[8137,7612],[0,65]],[[1437,7644],[0,-32]],[[1437,7612],[-12,0],[0,32],[12,0]],[[1437,7644],[38,0]],[[1475,7644],[0,-32],[-38,0]],[[1925,7644],[12,0],[0,-32],[-12,0],[0,32]],[[2225,7644],[12,0]],[[2237,7644],[0,-32]],[[2237,7612],[-12,0]],[[2275,7612],[-13,0]],[[2262,7612],[0,32],[13,0],[0,-32]],[[2400,7644],[12,0],[0,-32],[-12,0],[0,32]],[[3400,7644],[12,0]],[[3412,7644],[0,-32],[-12,0]],[[3400,7612],[0,32]],[[3462,7644],[0,-32]],[[3462,7612],[-12,0]],[[3450,7612],[0,32],[12,0]],[[5137,7644],[0,-32]],[[5137,7612],[-25,0]],[[5112,7612],[0,32]],[[5137,7644],[12,0]],[[5149,7644],[0,-32]],[[5149,7612],[-12,0]],[[5149,7644],[13,0]],[[5162,7644],[0,-32]],[[5162,7612],[-13,0]],[[5374,7677],[38,0]],[[5412,7677],[0,-33]],[[5412,7644],[-25,0]],[[5387,7644],[0,-32]],[[5387,7612],[-50,0],[0,32]],[[5337,7644],[37,0]],[[5387,7644],[12,0]],[[5399,7644],[0,-32]],[[5399,7612],[-12,0]],[[5412,7644],[12,0],[0,-32],[-12,0],[0,32]],[[6024,7612],[0,32]],[[6024,7644],[13,0]],[[6037,7644],[0,33],[25,0],[0,-33],[-13,0],[0,-32],[-25,0]],[[6837,7644],[12,0]],[[6849,7644],[0,-32],[-12,0]],[[6837,7612],[0,32]],[[6874,7644],[13,0],[0,-32],[-13,0],[0,32]],[[6899,7644],[13,0]],[[6912,7644],[0,-32],[-13,0]],[[6899,7612],[0,32]],[[6974,7644],[13,0]],[[6987,7644],[0,-32],[-13,0]],[[6974,7612],[0,32]],[[7212,7677],[12,0],[0,-65]],[[7224,7612],[-75,0]],[[7149,7612],[0,32]],[[7149,7644],[63,0]],[[7237,7644],[25,0]],[[7262,7644],[0,-32]],[[7262,7612],[-25,0]],[[7237,7612],[0,32]],[[7362,7644],[0,-32]],[[7362,7612],[-13,0],[0,32],[13,0]],[[7737,7806],[0,-33]],[[7699,7741],[25,0]],[[7712,7677],[12,0]],[[7724,7677],[0,-65]],[[7724,7612],[-87,0]],[[7637,7612],[0,32],[12,0],[0,65]],[[7649,7709],[-37,0]],[[7587,7741],[0,97],[12,0],[0,97],[50,0],[0,32],[25,0],[0,32],[38,0],[0,-32],[12,0],[0,32],[25,0],[0,-32],[-12,0],[0,-32],[12,0],[0,-33],[25,0],[0,-32],[38,0],[0,-64]],[[7724,7644],[13,0],[0,-32],[-13,0]],[[7724,7612],[0,32]],[[8712,7644],[25,0],[0,-32],[-25,0],[0,32]],[[8874,7644],[0,-32]],[[8874,7612],[-25,0]],[[8849,7612],[0,32],[25,0]],[[5924,8967],[25,0]],[[5962,8967],[12,0]],[[5974,8935],[25,0]],[[5999,8935],[0,-33]],[[6049,8838],[25,0]],[[6024,8741],[-25,0]],[[5974,8773],[0,-129]],[[5987,8644],[0,-32],[25,0],[0,32]],[[6087,8644],[12,0],[0,65]],[[6099,8709],[13,0]],[[6212,8773],[12,0],[0,33],[25,0]],[[6249,8838],[25,0],[0,-32],[50,0]],[[6324,8806],[0,64],[25,0]],[[6712,8677],[12,0]],[[6724,8709],[50,0]],[[6924,8806],[75,0]],[[6999,8773],[-25,0]],[[6974,8773],[0,-32],[-12,0],[0,32],[-13,0],[0,-32],[-12,0],[0,-32],[25,0],[0,-32]],[[6962,8677],[12,0],[0,32],[13,0],[0,32],[37,0]],[[7024,8741],[0,-64]],[[7074,8451],[0,-65]],[[7074,8386],[-12,0]],[[7062,8386],[0,-64],[-13,0],[0,32],[-25,0],[0,-32],[-25,0]],[[6999,8322],[0,-33]],[[6999,8289],[-25,0]],[[6974,8289],[0,-32],[-25,0],[0,-32],[-37,0]],[[6912,8225],[0,-65],[62,0],[0,-32],[25,0],[0,32],[13,0],[0,33],[12,0],[0,-33],[13,0],[0,-32],[12,0],[0,-32],[13,0],[0,32],[12,0],[0,-32],[25,0],[0,-32]],[[7099,8064],[25,0]],[[7124,8064],[0,-33],[-12,0],[0,-32],[-88,0],[0,32],[-12,0],[0,33],[-13,0],[0,-33],[-12,0],[0,-32],[-25,0],[0,32],[-13,0],[0,33],[-12,0]],[[6937,8064],[0,-97]],[[6937,7967],[-13,0]],[[6924,7967],[0,32],[-62,0],[0,-32],[-13,0],[0,64],[-25,0],[0,-32],[-12,0],[0,-32],[-13,0],[0,32],[-37,0],[0,-32],[-13,0],[0,32]],[[6749,7999],[-25,0]],[[6674,7999],[0,-64]],[[6674,7935],[-12,0],[0,-33],[-25,0],[0,-32],[-13,0],[0,-64],[-12,0],[0,-65],[-13,0],[0,-32],[-25,0],[0,64],[-12,0],[0,33],[-13,0],[0,32],[13,0],[0,64],[-25,0],[0,33],[-13,0],[0,32],[-12,0],[0,32]],[[6512,7999],[-25,0]],[[6487,7967],[-25,0]],[[6462,7967],[0,-32]],[[6449,7902],[-12,0]],[[6437,7902],[0,33]],[[6437,7935],[-25,0]],[[6412,7967],[-50,0]],[[6362,7935],[-38,0]],[[6324,7935],[0,-33]],[[6324,7902],[-25,0]],[[6274,7999],[0,-32]],[[6262,7935],[25,0]],[[6287,7902],[-38,0]],[[6249,7902],[0,33]],[[6224,7838],[-12,0]],[[6212,7838],[0,-32],[-25,0],[0,32],[-25,0],[0,32]],[[6162,7870],[-38,0],[0,-32]],[[6124,7838],[-12,0]],[[6037,7902],[0,-96]],[[6037,7806],[-25,0]],[[5987,7838],[0,-129]],[[5987,7709],[-25,0]],[[5962,7709],[0,-32]],[[5962,7677],[-38,0]],[[5862,7677],[-13,0]],[[5849,7677],[0,-33],[-12,0],[0,-32],[-25,0],[0,32],[-13,0],[0,33],[-12,0],[0,-33],[-13,0],[0,-32]],[[5774,7612],[-12,0],[0,-32]],[[5762,7580],[-25,0]],[[5737,7580],[0,64],[-38,0],[0,-64],[-12,0],[0,32],[-13,0],[0,65]],[[5699,7741],[-37,0]],[[5662,7741],[0,129],[-13,0],[0,32]],[[5649,7902],[-75,0],[0,-64],[-12,0],[0,64]],[[5562,7902],[-13,0]],[[5549,7902],[0,65],[25,0],[0,-32]],[[5587,7935],[0,32]],[[5599,8031],[-25,0]],[[5574,8031],[0,65],[13,0],[0,32],[12,0],[0,97],[13,0],[0,32],[25,0]],[[5712,8289],[-113,0]],[[5587,8322],[0,226]],[[5587,8548],[25,0],[0,32],[12,0],[0,32],[38,0],[0,32],[12,0],[0,65],[-25,0]],[[5874,8838],[25,0]],[[5912,8838],[12,0]],[[5924,8838],[0,129]],[[5862,8354],[0,-32],[37,0],[0,64]],[[5899,8386],[-25,0]],[[6787,8354],[-25,0]],[[6774,8289],[0,33]],[[5749,8193],[25,0]],[[5774,8193],[0,96]],[[5774,8289],[25,0]],[[5799,8322],[-75,0],[0,-33],[25,0]],[[6062,8193],[0,-65]],[[6087,8193],[-25,0]],[[5699,8096],[-25,0]],[[5674,8096],[0,64],[-37,0],[0,-96]],[[5087,7709],[0,-65]],[[5087,7644],[-13,0]],[[5074,7644],[0,-64],[-25,0]],[[5049,7580],[0,32],[-12,0]],[[5037,7612],[0,32],[25,0]],[[5062,7677],[12,0],[0,32],[13,0]],[[5524,7580],[0,64],[25,0],[0,-32],[-12,0],[0,-32],[-13,0]],[[6012,7644],[12,0]],[[6024,7644],[0,-64]],[[6024,7580],[-12,0]],[[6012,7580],[0,64]],[[8024,7806],[13,0]],[[8037,7773],[62,0]],[[8099,7773],[0,33]],[[8112,7806],[0,-65]],[[8074,7677],[-25,0]],[[8049,7677],[0,-33],[-50,0],[0,-32]],[[7999,7612],[-12,0]],[[7987,7612],[0,-32]],[[7987,7580],[-38,0]],[[7949,7580],[0,32]],[[7949,7612],[-37,0]],[[7987,7741],[25,0]],[[8424,7580],[0,64],[13,0],[0,-64],[-13,0]],[[8662,7580],[0,64],[12,0],[0,33],[25,0],[0,-33],[-12,0],[0,-32],[12,0],[0,-32],[-37,0]],[[9312,7644],[37,0]],[[9349,7644],[0,-32],[-12,0],[0,-32],[-25,0],[0,64]],[[3275,7580],[-25,0],[0,32],[25,0],[0,-32]],[[3400,7612],[0,-32]],[[3400,7580],[-13,0],[0,32],[13,0]],[[4937,7999],[25,0],[0,-32],[13,0],[0,-32],[12,0],[0,-33],[13,0],[0,-32],[12,0],[0,-64]],[[5012,7806],[37,0],[0,-97]],[[5049,7644],[-25,0],[0,-32]],[[5024,7612],[-112,0],[0,-32],[-75,0],[0,32],[13,0],[0,32],[12,0],[0,33],[13,0]],[[4875,7838],[25,0]],[[4912,7806],[0,64]],[[4900,7870],[0,65]],[[4900,7935],[-13,0]],[[4875,7967],[0,32]],[[5049,7580],[-12,0],[0,32]],[[5099,7644],[13,0]],[[5112,7644],[0,-64]],[[5112,7580],[-25,0]],[[5087,7580],[0,32]],[[5087,7612],[12,0],[0,32]],[[5399,7612],[0,-32]],[[5399,7580],[-12,0],[0,32]],[[5437,7612],[25,0],[0,-32],[-25,0],[0,32]],[[5774,7612],[0,-32]],[[5774,7580],[-12,0]],[[5774,7612],[13,0],[0,-32]],[[5787,7580],[-13,0]],[[5912,7612],[0,-32],[-13,0],[0,32],[13,0]],[[5962,7644],[12,0]],[[5974,7644],[0,-64]],[[5974,7580],[-25,0]],[[5949,7580],[0,32],[13,0],[0,32]],[[5974,7612],[13,0],[0,-32]],[[5987,7580],[-13,0]],[[5974,7580],[0,32]],[[6974,7612],[0,-32],[-37,0],[0,32],[37,0]],[[7262,7612],[25,0]],[[7287,7612],[0,-32],[-25,0]],[[7262,7580],[0,32]],[[7362,7612],[50,0]],[[7412,7612],[0,-32]],[[7412,7580],[-50,0]],[[7362,7580],[0,32]],[[7662,7612],[37,0]],[[7699,7612],[0,-32]],[[7699,7580],[-37,0]],[[7662,7580],[0,32]],[[7699,7612],[25,0]],[[7724,7612],[0,-32]],[[7724,7580],[-25,0]],[[7987,7612],[25,0]],[[8012,7612],[0,-32],[-25,0]],[[8112,7580],[-25,0]],[[8087,7580],[0,32],[25,0],[0,-32]],[[8874,7612],[0,-32]],[[8874,7580],[-25,0],[0,32]],[[1800,7902],[12,0]],[[1812,7902],[0,-96],[13,0],[0,-129],[12,0],[0,-65],[13,0],[0,-32],[12,0],[0,-32]],[[1862,7548],[-37,0]],[[1825,7548],[0,64],[-13,0]],[[1812,7612],[0,32],[-12,0],[0,129],[-13,0],[0,33],[-12,0],[0,32],[-13,0],[0,32],[38,0],[0,32]],[[8962,7709],[25,0]],[[8987,7709],[0,-65]],[[8999,7644],[0,-32],[13,0],[0,-32]],[[9012,7580],[-13,0],[0,-32]],[[8999,7548],[-12,0]],[[8987,7548],[0,32],[-13,0]],[[8974,7580],[0,64]],[[8974,7644],[-12,0]],[[8962,7644],[0,65]],[[7474,7741],[13,0],[0,-32],[12,0],[0,32]],[[7499,7741],[25,0]],[[7524,7709],[125,0]],[[7637,7612],[25,0]],[[7662,7580],[-38,0]],[[7624,7580],[0,32],[-12,0],[0,32]],[[7612,7644],[12,0]],[[7599,7677],[0,-65]],[[7599,7612],[-25,0],[0,32]],[[7574,7644],[13,0]],[[7587,7677],[-38,0]],[[7549,7644],[-12,0]],[[7537,7644],[0,-32],[-25,0],[0,-32],[-25,0],[0,-32],[-38,0]],[[7449,7548],[0,32],[-12,0]],[[7437,7580],[0,64]],[[7437,7644],[37,0],[0,33]],[[7474,7677],[-12,0]],[[7474,7709],[0,32]],[[8962,7644],[0,-96]],[[8962,7548],[-13,0],[0,96],[13,0]],[[8974,7644],[0,-96]],[[8974,7548],[-12,0]],[[5024,7612],[13,0]],[[5049,7580],[0,-32]],[[5049,7548],[-25,0]],[[5024,7548],[0,64]],[[6437,7548],[-13,0]],[[6424,7548],[0,64],[13,0],[0,-64]],[[7937,7612],[12,0]],[[7949,7612],[0,-64]],[[7949,7548],[-12,0],[0,64]],[[8562,7709],[25,0]],[[8587,7709],[0,-65]],[[8599,7644],[0,-32]],[[8599,7612],[-12,0]],[[8587,7612],[0,-32],[12,0],[0,-32]],[[8599,7548],[-62,0]],[[8537,7548],[0,64],[12,0],[0,65],[13,0]],[[8562,7677],[0,32]],[[8587,7612],[25,0]],[[8612,7612],[0,-64]],[[8612,7548],[-13,0]],[[1762,7580],[13,0],[0,-32],[-13,0],[0,32]],[[2237,7580],[13,0],[0,-32],[-13,0],[0,32]],[[4850,7580],[12,0],[0,-32],[-12,0],[0,32]],[[4962,7580],[0,-32]],[[4962,7548],[-25,0],[0,32],[25,0]],[[5000,7580],[0,-32]],[[5000,7548],[-13,0],[0,32],[13,0]],[[5000,7580],[12,0]],[[5012,7580],[0,-32]],[[5012,7548],[-12,0]],[[5124,7580],[13,0]],[[5137,7580],[0,-32]],[[5137,7548],[-13,0]],[[5124,7548],[0,32]],[[5174,7548],[-12,0]],[[5162,7548],[0,32],[12,0],[0,-32]],[[5474,7580],[13,0]],[[5487,7580],[0,-32]],[[5487,7548],[-13,0]],[[5474,7548],[0,32]],[[5499,7580],[13,0]],[[5512,7580],[0,-32]],[[5512,7548],[-13,0]],[[5499,7548],[0,32]],[[5512,7580],[12,0]],[[5524,7580],[0,-32]],[[5524,7548],[-12,0]],[[5862,7580],[12,0]],[[5874,7580],[0,-32]],[[5874,7548],[-12,0]],[[5862,7548],[0,32]],[[5987,7580],[12,0]],[[5999,7580],[0,-32]],[[5999,7548],[-12,0]],[[5987,7548],[0,32]],[[5999,7580],[13,0]],[[6012,7580],[0,-32]],[[6012,7548],[-13,0]],[[6199,7580],[13,0],[0,-32],[-13,0],[0,32]],[[6537,7548],[0,32],[12,0],[0,-32],[-12,0]],[[6687,7580],[12,0]],[[6699,7580],[0,-32],[-12,0],[0,32]],[[8099,7580],[13,0]],[[8112,7580],[0,-32]],[[8112,7548],[-13,0]],[[8099,7548],[0,32]],[[8112,7580],[25,0]],[[8137,7580],[0,-32],[-25,0]],[[8237,7580],[12,0]],[[8249,7580],[0,-32],[-12,0]],[[8237,7548],[0,32]],[[8399,7580],[25,0]],[[8424,7580],[0,-32]],[[8424,7548],[-25,0]],[[8399,7548],[0,32]],[[8662,7580],[0,-32],[-13,0],[0,32],[13,0]],[[9012,7580],[0,-32]],[[9012,7548],[-13,0]],[[9312,7548],[-25,0]],[[9287,7548],[0,32],[12,0],[0,32],[13,0],[0,-64]],[[5174,7741],[0,-64]],[[5237,7741],[37,0]],[[5274,7677],[-37,0],[0,-65],[12,0],[0,-32],[-12,0],[0,-65],[-13,0]],[[5224,7515],[0,129],[-12,0],[0,-32],[-38,0],[0,32],[-12,0]],[[7887,7644],[0,-32]],[[7912,7612],[0,-32],[-13,0],[0,-32],[-12,0],[0,-33],[-25,0],[0,65],[-63,0],[0,32],[-50,0],[0,65]],[[7749,7677],[-12,0]],[[7737,7709],[25,0]],[[7774,7644],[0,97]],[[8799,7741],[0,-32]],[[8799,7709],[13,0],[0,-97],[12,0],[0,32],[13,0]],[[8837,7644],[0,-64]],[[8837,7580],[-25,0],[0,-65]],[[8812,7515],[-25,0]],[[8787,7515],[0,129]],[[8787,7644],[-13,0],[0,33],[-25,0],[0,32]],[[8749,7709],[25,0]],[[8774,7709],[0,32]],[[8349,8709],[38,0]],[[8412,8709],[37,0]],[[8449,8709],[0,-65],[-50,0],[0,-64],[25,0],[0,32],[13,0],[0,-32],[12,0],[0,32],[38,0],[0,32],[12,0],[0,-32],[25,0],[0,-97]],[[8224,8225],[0,-65]],[[8212,8128],[25,0]],[[8237,8096],[-38,0]],[[8199,8064],[63,0]],[[8262,8064],[0,-33]],[[8237,7967],[-25,0]],[[8099,8064],[-12,0]],[[8024,8096],[0,-32]],[[8012,7935],[-50,0]],[[7849,7838],[0,-32]],[[7524,7806],[38,0]],[[7574,7838],[0,32]],[[7562,7902],[-38,0]],[[7499,8031],[0,97]],[[7424,8064],[-12,0]],[[7449,7999],[0,-64]],[[7474,7967],[13,0]],[[7499,7806],[13,0]],[[7512,7741],[-13,0]],[[7474,7741],[0,32]],[[7449,7677],[25,0]],[[7437,7644],[0,-32]],[[7437,7612],[-75,0]],[[7362,7580],[37,0]],[[7399,7580],[0,-32]],[[7399,7548],[-12,0]],[[7387,7548],[0,-33]],[[7387,7515],[-13,0]],[[7374,7515],[0,33],[-12,0],[0,-33]],[[7362,7515],[-25,0],[0,33],[-13,0]],[[7324,7548],[0,-33]],[[7324,7515],[-12,0]],[[7312,7515],[0,33]],[[7312,7548],[-13,0],[0,64],[-12,0]],[[7287,7612],[0,65],[25,0],[0,32],[12,0],[0,97],[25,0],[0,-65]],[[7349,7741],[38,0],[0,32],[12,0],[0,33],[-12,0],[0,32],[-13,0],[0,32],[-12,0],[0,-32],[-13,0],[0,32],[-12,0],[0,-32],[-50,0],[0,32],[37,0],[0,32],[-12,0],[0,33],[-13,0],[0,32],[-25,0],[0,32]],[[7287,8064],[-25,0]],[[7262,8064],[0,32]],[[7199,8096],[-37,0]],[[7162,8096],[0,64]],[[7162,8160],[-13,0],[0,-64],[-37,0],[0,64],[12,0],[0,65],[13,0],[0,32],[37,0],[0,65]],[[7174,8322],[13,0],[0,-33],[62,0],[0,-32],[13,0]],[[7262,8257],[0,-32],[37,0],[0,32],[13,0],[0,-32],[62,0],[0,32],[13,0],[0,65],[12,0],[0,32],[25,0],[0,-32]],[[7424,8322],[13,0],[0,32],[12,0],[0,32],[13,0],[0,-64],[37,0],[0,32],[13,0],[0,-32],[12,0],[0,32],[13,0],[0,-65],[37,0],[0,33],[13,0],[0,32],[12,0],[0,-97],[25,0]],[[7624,8257],[0,32],[25,0],[0,-32],[13,0],[0,32],[12,0],[0,-32],[38,0],[0,32],[37,0],[0,-32],[13,0],[0,32],[62,0],[0,-32],[50,0],[0,-32],[25,0],[0,-32],[13,0],[0,-65],[25,0],[0,32],[37,0],[0,33],[25,0],[0,-33],[13,0],[0,33],[37,0],[0,-33],[13,0],[0,65],[12,0],[0,-32],[13,0],[0,32],[12,0]],[[8099,8225],[0,32],[38,0],[0,-32],[-13,0],[0,-32],[38,0],[0,32],[-13,0],[0,32],[13,0],[0,32],[12,0],[0,65],[-12,0],[0,32],[12,0],[0,33],[-25,0],[0,-33],[-12,0],[0,-32],[-13,0],[0,32],[-25,0],[0,-64],[-25,0]],[[8074,8322],[0,64],[-37,0],[0,33],[12,0],[0,32],[13,0],[0,32],[-25,0],[0,65],[-13,0],[0,32],[13,0],[0,32],[25,0],[0,-32],[12,0],[0,64],[25,0],[0,65],[-37,0]],[[8062,8709],[0,64],[75,0],[0,-32],[12,0],[0,-32],[-25,0],[0,-97],[13,0],[0,32],[25,0],[0,-32],[12,0],[0,-32],[-12,0],[0,-97],[12,0],[0,65],[13,0],[0,32],[12,0],[0,32],[25,0],[0,-32],[13,0],[0,97],[25,0],[0,32],[25,0],[0,-32],[25,0],[0,32],[-13,0],[0,32],[25,0],[0,32],[25,0],[0,-64]],[[8124,8064],[13,0]],[[8162,8031],[0,65]],[[8149,8096],[0,32]],[[5224,7515],[-25,0]],[[5199,7515],[0,33]],[[5199,7548],[-25,0]],[[5162,7548],[-25,0]],[[5137,7580],[-25,0]],[[5112,7580],[0,32]],[[5112,7612],[50,0]],[[1475,7580],[12,0],[0,-65]],[[1487,7515],[-12,0],[0,65]],[[3150,7612],[0,-64],[37,0]],[[3187,7548],[0,-33],[-50,0]],[[3137,7515],[0,33],[-12,0],[0,32],[12,0],[0,32],[13,0]],[[5074,7644],[25,0]],[[5087,7612],[0,-97]],[[5087,7515],[-38,0]],[[5049,7515],[0,65]],[[5099,7580],[25,0]],[[5124,7580],[0,-65]],[[5124,7515],[-12,0]],[[5112,7515],[0,33]],[[5112,7548],[-13,0],[0,32]],[[5487,7580],[12,0]],[[5499,7580],[0,-65]],[[5499,7515],[-12,0]],[[5487,7515],[0,65]],[[5824,7580],[38,0]],[[5862,7548],[-13,0]],[[5849,7548],[0,-33]],[[5849,7515],[-12,0],[0,33],[-13,0],[0,32]],[[6349,7580],[25,0]],[[6374,7580],[0,-65]],[[6374,7515],[-25,0]],[[6349,7515],[0,65]],[[6849,7580],[0,-32]],[[6849,7548],[-12,0],[0,-33]],[[6837,7515],[-50,0],[0,65],[62,0]],[[6912,7644],[12,0]],[[6924,7644],[0,-64],[-12,0],[0,-32],[25,0],[0,-33],[-50,0],[0,65],[12,0]],[[6899,7580],[0,32]],[[7412,7612],[25,0]],[[7437,7612],[0,-32]],[[7449,7548],[-25,0]],[[7424,7548],[0,-33]],[[7424,7515],[-25,0]],[[7399,7515],[0,65]],[[7399,7580],[13,0]],[[8049,7677],[50,0]],[[8112,7677],[25,0]],[[8137,7677],[0,-97]],[[8087,7580],[12,0]],[[8099,7548],[-12,0]],[[8087,7548],[0,-33]],[[8087,7515],[-25,0]],[[8062,7515],[0,65],[-25,0],[0,-65]],[[8037,7515],[-13,0]],[[8024,7515],[0,33]],[[8024,7548],[-25,0]],[[7999,7548],[0,-33]],[[7999,7515],[-12,0]],[[7987,7515],[0,65]],[[8012,7612],[-13,0]],[[8062,7515],[-25,0]],[[8762,7580],[25,0]],[[8787,7580],[0,-65]],[[8787,7515],[-25,0]],[[8762,7515],[0,65]],[[8837,7580],[0,-32]],[[8837,7548],[-13,0],[0,-33],[-12,0]],[[1937,7548],[13,0],[0,-33],[-13,0],[0,33]],[[2025,7515],[-13,0],[0,33],[13,0],[0,-33]],[[2662,7548],[13,0],[0,-33],[-13,0],[0,33]],[[4950,7548],[0,-33],[-25,0]],[[4925,7515],[0,33],[25,0]],[[5137,7548],[12,0]],[[5149,7548],[0,-33]],[[5149,7515],[-12,0],[0,33]],[[5149,7548],[13,0]],[[5162,7548],[0,-33]],[[5162,7515],[-13,0]],[[5274,7548],[13,0],[0,-33],[-13,0],[0,33]],[[5487,7548],[0,-33]],[[5487,7515],[-13,0]],[[5474,7515],[0,33]],[[5724,7580],[75,0]],[[5799,7580],[0,-32],[-62,0],[0,-33],[-25,0],[0,33],[12,0],[0,32]],[[5849,7548],[50,0]],[[5899,7548],[0,-33]],[[5899,7515],[-50,0]],[[6324,7548],[13,0]],[[6337,7548],[0,-33]],[[6337,7515],[-13,0]],[[6324,7515],[0,33]],[[6337,7548],[12,0]],[[6349,7548],[0,-33]],[[6349,7515],[-12,0]],[[6399,7548],[13,0]],[[6412,7548],[0,-33]],[[6412,7515],[-13,0],[0,33]],[[6849,7548],[0,-33]],[[6849,7515],[-12,0]],[[7374,7515],[-12,0]],[[7974,7580],[13,0]],[[7987,7515],[-25,0]],[[7962,7515],[0,33],[12,0],[0,32]],[[7999,7548],[13,0]],[[8012,7548],[0,-33]],[[8012,7515],[-13,0]],[[8087,7548],[25,0]],[[8112,7548],[0,-33],[-25,0]],[[8587,7548],[12,0]],[[8599,7548],[0,-33]],[[8599,7515],[-12,0]],[[8587,7515],[0,33]],[[8612,7548],[0,-33]],[[8612,7515],[-13,0]],[[8749,7548],[13,0]],[[8762,7548],[0,-33]],[[8762,7515],[-13,0]],[[8749,7515],[0,33]],[[8862,7548],[12,0]],[[8874,7548],[0,-33],[-12,0]],[[8862,7515],[0,33]],[[8987,7548],[25,0]],[[9012,7548],[0,-33]],[[9012,7515],[-50,0]],[[8962,7515],[0,33]],[[8974,7548],[0,32]],[[9312,7548],[0,-33],[-25,0]],[[9287,7515],[0,33]],[[8074,9289],[200,0]],[[8274,9257],[63,0],[0,-32],[62,0]],[[8587,9160],[0,-96]],[[8599,9096],[50,0]],[[8687,9031],[-13,0]],[[8662,8935],[37,0]],[[8812,8999],[0,65]],[[8812,9064],[37,0]],[[8887,9031],[25,0]],[[8924,8999],[0,65]],[[9287,9096],[112,0]],[[9462,8999],[12,0]],[[9487,8999],[175,0]],[[9662,9031],[37,0]],[[9712,8999],[0,-64],[12,0]],[[9737,8902],[0,65],[12,0]],[[9749,8999],[25,0]],[[9774,9031],[38,0]],[[9824,9031],[75,0]],[[9899,8999],[75,0]],[[9974,8967],[25,0],[0,-65]],[[9999,8870],[0,-193]],[[9987,8612],[-13,0],[0,-64],[13,0],[0,-33],[-13,0]],[[9937,8451],[-13,0]],[[9924,8451],[0,64]],[[9887,8483],[12,0]],[[9899,8451],[-50,0]],[[9699,8419],[0,-97]],[[9699,8322],[-12,0]],[[9674,8322],[-12,0]],[[9662,8354],[-13,0]],[[9649,8386],[-62,0]],[[9599,8322],[0,-65],[-12,0]],[[9587,8289],[-50,0]],[[9537,8289],[0,33]],[[9474,8257],[0,65],[13,0],[0,32],[25,0],[0,32],[-13,0],[0,33]],[[9399,8612],[-12,0]],[[9349,8580],[-12,0]],[[9262,8709],[-25,0]],[[9237,8677],[-25,0]],[[9174,8709],[-62,0]],[[9062,8741],[0,-64]],[[9062,8677],[-25,0]],[[9037,8644],[25,0]],[[9062,8644],[0,-32]],[[9087,8548],[-13,0]],[[9074,8483],[38,0]],[[9149,8419],[0,-97]],[[9124,8257],[25,0],[0,-32],[-112,0]],[[9037,8257],[-63,0]],[[8962,8225],[-25,0]],[[8937,8193],[-25,0]],[[8912,8193],[0,32]],[[8862,8193],[0,32]],[[8849,8225],[0,-97]],[[8837,8064],[0,-65],[-25,0],[0,-32],[25,0],[0,-65],[-13,0],[0,-32],[25,0],[0,32],[50,0],[0,-32],[-37,0]],[[8912,7741],[-50,0]],[[8862,7677],[50,0],[0,-162],[-13,0],[0,33]],[[8899,7548],[-25,0]],[[8874,7548],[0,96]],[[8849,7612],[-12,0]],[[8837,7612],[0,32]],[[8799,7709],[0,97]],[[8774,7773],[0,-64]],[[8787,7644],[0,-64]],[[8762,7580],[0,-32]],[[8749,7548],[0,-65]],[[8749,7483],[-12,0]],[[8737,7483],[0,32],[-113,0],[0,33],[-12,0]],[[8612,7612],[-13,0]],[[8624,7741],[13,0]],[[8612,7741],[-13,0]],[[8599,7709],[-37,0]],[[8562,7709],[0,32]],[[8574,7741],[0,65]],[[8537,7806],[0,64],[-13,0],[0,-32],[-50,0]],[[8474,7838],[0,64]],[[8487,7967],[0,32],[-25,0],[0,-32],[-13,0],[0,32],[-12,0],[0,32],[-38,0]],[[8399,8031],[0,65]],[[8624,8193],[-37,0]],[[8587,8160],[25,0]],[[8612,8128],[-50,0]],[[8549,8193],[0,-33]],[[8549,8160],[-25,0]],[[8474,8225],[0,-65]],[[8449,8128],[50,0]],[[8649,8064],[0,64]],[[8649,8128],[38,0]],[[8662,8193],[0,-33]],[[8649,8193],[-12,0]],[[8449,8709],[-100,0]],[[7162,8160],[0,-96]],[[7162,8064],[-63,0]],[[7062,8386],[25,0]],[[7087,8386],[0,65]],[[7087,8451],[50,0]],[[7137,8451],[0,32]],[[7162,8483],[25,0]],[[7224,8612],[-25,0]],[[7099,8644],[0,65]],[[7087,8677],[-50,0]],[[7024,8709],[0,32]],[[6974,8773],[75,0]],[[7049,8773],[0,65],[13,0],[0,32]],[[7099,8838],[0,32]],[[7112,8870],[0,-97]],[[7112,8773],[12,0]],[[7137,8773],[25,0]],[[7187,8838],[12,0]],[[7199,8806],[25,0]],[[7224,8773],[50,0]],[[7662,8999],[-25,0]],[[7637,8999],[0,65]],[[9087,8967],[12,0]],[[9099,8935],[38,0]],[[9137,8902],[25,0]],[[9162,8902],[0,-64]],[[9274,8806],[0,64]],[[9274,8870],[-25,0]],[[9287,8935],[0,-97]],[[9299,8902],[13,0]],[[9337,8967],[-25,0]],[[9287,8967],[-13,0]],[[9274,8999],[-125,0]],[[8387,9031],[0,-32]],[[8374,8967],[75,0]],[[8424,9031],[-37,0]],[[9037,8935],[0,-65]],[[9037,8870],[62,0]],[[9837,8902],[-100,0]],[[9737,8870],[-13,0]],[[9749,8870],[38,0]],[[9787,8870],[0,-32]],[[9962,8870],[-13,0]],[[9949,8902],[-50,0]],[[8724,8870],[0,-64]],[[8749,8870],[-25,0]],[[9449,8612],[38,0]],[[9487,8612],[0,97]],[[9487,8709],[-38,0]],[[9599,8709],[0,-65]],[[9624,8677],[-12,0]],[[8837,8451],[0,-65]],[[8862,8386],[0,-64]],[[8874,8322],[0,-33]],[[8899,8322],[63,0]],[[8962,8354],[37,0]],[[9024,8451],[-87,0]],[[9524,8451],[13,0],[0,-129]],[[9549,8354],[25,0]],[[9574,8386],[-25,0],[0,97]],[[8799,8419],[0,-33]],[[8787,8354],[37,0]],[[9099,8386],[-12,0]],[[9124,8386],[13,0]],[[8699,8096],[0,-32]],[[8724,8128],[-37,0]],[[3537,7483],[-25,0]],[[3512,7483],[0,65],[13,0],[0,-33],[12,0],[0,-32]],[[5162,7548],[37,0]],[[5199,7515],[-25,0],[0,-32]],[[5174,7483],[-12,0]],[[5162,7483],[0,65]],[[6412,7548],[12,0]],[[6424,7548],[0,-65],[-12,0]],[[6412,7483],[0,65]],[[1737,7515],[25,0],[0,-32],[-25,0],[0,32]],[[1800,7483],[-13,0],[0,32],[13,0],[0,-32]],[[1962,7515],[13,0],[0,-32],[-13,0],[0,32]],[[1987,7515],[13,0],[0,-32],[-13,0],[0,32]],[[2137,7515],[13,0],[0,-32],[-13,0],[0,32]],[[4875,7515],[0,-32],[-13,0]],[[4862,7483],[0,32],[13,0]],[[5124,7515],[0,-32]],[[5124,7483],[-12,0]],[[5112,7483],[0,32]],[[5162,7515],[0,-32]],[[5162,7483],[-13,0],[0,32]],[[5199,7515],[0,-32]],[[5199,7483],[-25,0]],[[5199,7515],[13,0]],[[5212,7515],[0,-32]],[[5212,7483],[-13,0]],[[5212,7515],[12,0]],[[5224,7515],[0,-32],[-12,0]],[[5762,7515],[12,0],[0,-32],[-12,0],[0,32]],[[5887,7515],[12,0]],[[5899,7515],[0,-32]],[[5899,7483],[-12,0],[0,32]],[[6312,7515],[12,0]],[[6324,7515],[0,-32]],[[6324,7483],[-12,0]],[[6312,7483],[0,32]],[[6324,7515],[25,0]],[[6349,7515],[0,-32],[-25,0]],[[6674,7483],[-12,0],[0,32],[12,0],[0,-32]],[[6849,7515],[0,-32]],[[6849,7483],[-12,0],[0,32]],[[7362,7515],[25,0]],[[7387,7515],[0,-32]],[[7387,7483],[-25,0],[0,32]],[[7412,7515],[12,0]],[[7424,7515],[0,-32]],[[7424,7483],[-12,0],[0,32]],[[7499,7548],[25,0],[0,-65],[-37,0],[0,32],[12,0],[0,33]],[[8074,7515],[13,0]],[[8087,7515],[0,-32],[-13,0],[0,32]],[[8174,7515],[13,0],[0,-32],[-13,0],[0,32]],[[8462,7515],[0,-32]],[[8462,7483],[-13,0]],[[8449,7483],[0,32],[13,0]],[[8762,7515],[0,-32]],[[8762,7483],[-13,0]],[[8749,7483],[0,32]],[[8787,7515],[0,-32]],[[8787,7483],[-25,0]],[[9012,7515],[0,-32],[-13,0],[0,32],[13,0]],[[9287,7515],[0,-32],[-13,0],[0,32],[13,0]],[[8499,7548],[25,0]],[[8524,7548],[0,-33],[25,0]],[[8549,7515],[0,-64]],[[8549,7451],[-25,0]],[[8524,7451],[0,32],[-12,0],[0,32],[-13,0],[0,33]],[[3187,7548],[13,0]],[[3200,7548],[0,-97],[-25,0],[0,32],[-13,0],[0,-32],[-25,0],[0,64]],[[4962,7580],[13,0],[0,-32],[37,0]],[[5012,7580],[12,0],[0,-32]],[[5049,7548],[0,-33]],[[5049,7515],[-37,0]],[[5012,7515],[0,-32],[12,0]],[[5024,7483],[0,-32]],[[5024,7451],[-24,0]],[[5000,7451],[0,32],[-13,0]],[[4987,7483],[0,32],[-25,0],[0,-32],[-37,0],[0,32]],[[4950,7548],[12,0]],[[5474,7515],[0,-64],[-12,0],[0,64],[12,0]],[[7162,7515],[37,0],[0,-32],[13,0],[0,-32],[-25,0],[0,32],[-25,0],[0,32]],[[7324,7515],[0,-64]],[[7324,7451],[-12,0]],[[7312,7451],[0,64]],[[8012,7548],[12,0]],[[8024,7515],[38,0]],[[8062,7515],[0,-32],[-13,0],[0,-32]],[[8049,7451],[-62,0]],[[7987,7451],[0,32],[-13,0]],[[7974,7483],[0,32]],[[7974,7515],[38,0]],[[8874,7580],[0,-32]],[[8862,7548],[0,-65]],[[8862,7483],[-25,0]],[[8837,7483],[0,-32]],[[8837,7451],[-25,0],[0,64]],[[8837,7548],[0,64]],[[2350,7483],[37,0]],[[2387,7483],[0,-32],[-37,0]],[[2350,7451],[0,32]],[[2737,7483],[13,0],[0,-32],[-13,0],[0,32]],[[5000,7451],[-13,0],[0,32]],[[5112,7483],[0,-32],[-25,0],[0,32],[25,0]],[[5174,7483],[0,-32]],[[5174,7451],[-12,0]],[[5162,7451],[0,32]],[[5199,7483],[0,-32],[-25,0]],[[5387,7483],[12,0],[0,-32],[-12,0],[0,32]],[[6324,7483],[0,-32]],[[6324,7451],[-12,0]],[[6312,7451],[0,32]],[[6462,7483],[12,0],[0,-32],[-12,0],[0,32]],[[6737,7483],[25,0],[0,-32],[-25,0],[0,32]],[[7437,7483],[12,0],[0,-32],[-12,0],[0,32]],[[7737,7451],[0,32],[12,0],[0,-32],[-12,0]],[[7987,7451],[-13,0]],[[7974,7451],[0,32]],[[8637,7483],[25,0],[0,-32],[-25,0],[0,32]],[[8762,7483],[12,0]],[[8774,7483],[0,-32]],[[8774,7451],[-12,0],[0,32]],[[8837,7483],[12,0]],[[8849,7483],[0,-32],[-12,0]],[[8962,7483],[12,0]],[[8974,7483],[0,-32],[-12,0],[0,32]],[[1475,7644],[12,0],[0,-32],[25,0],[0,-32],[-12,0],[0,-32],[25,0],[0,-33],[12,0],[0,-96]],[[1537,7419],[-12,0],[0,64],[-25,0],[0,32],[-13,0]],[[1475,7580],[0,-32],[-13,0],[0,32],[-25,0],[0,32]],[[6674,7483],[0,-32],[-25,0],[0,-32],[-12,0],[0,161]],[[6637,7580],[50,0]],[[6699,7580],[13,0]],[[6712,7580],[0,32],[25,0],[0,-64],[-13,0],[0,-33],[-25,0],[0,-32],[-25,0]],[[6537,7548],[0,-33],[25,0],[0,33],[62,0],[0,-97]],[[6624,7451],[-50,0]],[[6574,7451],[0,-32],[-12,0],[0,32],[-38,0],[0,32],[-25,0],[0,32],[-37,0],[0,-32]],[[6462,7483],[-25,0],[0,65]],[[6437,7548],[25,0],[0,32],[-13,0],[0,32],[25,0],[0,-32],[38,0],[0,32],[12,0],[0,-64],[13,0]],[[1800,7483],[12,0]],[[1812,7483],[0,-64]],[[1812,7419],[-12,0],[0,64]],[[1812,7483],[25,0]],[[1837,7483],[0,-64]],[[1837,7419],[-25,0]],[[5037,7483],[12,0],[0,-32],[13,0],[0,-32],[-25,0],[0,64]],[[5349,7515],[13,0],[0,-32],[12,0],[0,-32],[-12,0],[0,-32],[-38,0],[0,64],[25,0],[0,32]],[[7299,7451],[25,0]],[[7324,7451],[0,32]],[[7324,7483],[25,0],[0,-32]],[[7349,7451],[13,0]],[[7362,7451],[0,-32]],[[7362,7419],[-75,0]],[[7287,7419],[0,32],[-25,0],[0,32],[37,0],[0,-32]],[[8224,7483],[0,-32]],[[8224,7451],[13,0]],[[8237,7451],[0,-32],[-25,0],[0,64],[12,0]],[[1662,7451],[0,-32],[-12,0]],[[1650,7419],[0,32],[12,0]],[[1762,7451],[13,0],[0,-32],[-13,0],[0,32]],[[1975,7419],[-25,0],[0,32],[25,0],[0,-32]],[[3100,7451],[25,0],[0,-32],[-25,0],[0,32]],[[5024,7451],[0,-32]],[[5024,7419],[-24,0]],[[5000,7419],[0,32]],[[5162,7451],[0,-32],[-25,0],[0,32],[25,0]],[[5812,7419],[-38,0],[0,32],[13,0],[0,32],[12,0],[0,-32],[13,0],[0,-32]],[[7362,7451],[12,0]],[[7374,7451],[0,-32]],[[7374,7419],[-12,0]],[[7712,7451],[12,0]],[[7724,7451],[0,-32]],[[7724,7419],[-12,0]],[[7712,7419],[0,32]],[[7724,7451],[13,0]],[[7737,7451],[0,-32]],[[7737,7419],[-13,0]],[[7762,7451],[12,0],[0,-32],[-12,0],[0,32]],[[8124,7451],[13,0],[0,-32],[-13,0],[0,32]],[[8537,7451],[12,0]],[[8549,7451],[0,-32]],[[8549,7419],[-12,0]],[[8537,7419],[0,32]],[[1825,7548],[12,0]],[[1837,7548],[0,-33],[13,0],[0,-32],[12,0],[0,-32],[13,0]],[[1875,7451],[0,-65]],[[1875,7386],[-38,0]],[[1837,7386],[0,97]],[[1812,7483],[0,129]],[[1650,7419],[-13,0],[0,-33]],[[1637,7386],[-12,0],[0,129],[12,0],[0,33],[13,0],[0,-33],[12,0],[0,-64]],[[2787,7515],[63,0],[0,-32],[37,0],[0,-64],[-12,0],[0,32],[-25,0],[0,-32],[-25,0],[0,32],[-25,0],[0,-32],[12,0],[0,-33],[-37,0],[0,33],[-13,0],[0,64],[13,0],[0,-32],[12,0],[0,64]],[[4875,7515],[50,0]],[[4987,7483],[-12,0],[0,-32],[-13,0],[0,-32]],[[4962,7419],[-25,0]],[[4937,7419],[0,-33]],[[4937,7386],[-12,0]],[[4925,7386],[0,33]],[[4925,7419],[-63,0],[0,64]],[[3375,7386],[-25,0],[0,33],[-13,0],[0,32],[13,0],[0,64],[37,0]],[[3387,7515],[0,33],[25,0],[0,-33],[-12,0],[0,-32],[-13,0],[0,-32],[-12,0],[0,-65]],[[3462,7677],[0,-33]],[[3450,7612],[-13,0]],[[3437,7612],[0,-32],[-12,0],[0,-32],[25,0],[0,-33],[25,0],[0,-96],[-13,0],[0,-33]],[[3462,7386],[-37,0]],[[3425,7386],[0,65],[-25,0],[0,-65]],[[3400,7386],[-25,0]],[[3387,7515],[-25,0],[0,33],[13,0],[0,32],[25,0]],[[3425,7386],[-25,0]],[[5000,7451],[0,-65]],[[5000,7386],[-13,0],[0,33]],[[4987,7419],[-25,0]],[[5262,7451],[50,0]],[[5312,7451],[0,-32],[-25,0],[0,-33],[-13,0],[0,33],[-12,0]],[[5262,7419],[0,32]],[[6587,7451],[25,0]],[[6612,7451],[0,-32],[-13,0],[0,-33],[-12,0],[0,65]],[[7562,7451],[25,0],[0,-32],[-13,0],[0,-33],[-12,0],[0,65]],[[7837,7451],[25,0],[0,-32],[12,0],[0,-33],[-37,0],[0,65]],[[1650,7419],[0,-33],[-13,0]],[[1837,7419],[0,-33]],[[1837,7386],[-25,0]],[[1812,7386],[0,33]],[[2012,7386],[0,33],[25,0],[0,-33],[-25,0]],[[3275,7419],[12,0],[0,-33],[-12,0],[0,33]],[[3537,7419],[13,0],[0,-33],[-13,0],[0,33]],[[4925,7386],[-25,0],[0,33],[25,0]],[[4962,7419],[13,0]],[[4975,7419],[0,-33],[-13,0],[0,33]],[[5262,7419],[0,-33]],[[5262,7386],[-13,0]],[[5249,7386],[0,33],[13,0]],[[8662,7419],[12,0]],[[8674,7419],[0,-33]],[[8674,7386],[-12,0]],[[8662,7386],[0,33]],[[8674,7419],[25,0]],[[8699,7419],[0,-33]],[[8699,7386],[-25,0]],[[5212,7483],[0,-64],[25,0],[0,32]],[[5237,7451],[25,0]],[[5249,7386],[-37,0]],[[5212,7386],[0,-32],[-25,0],[0,65],[-13,0],[0,32]],[[5537,7354],[-38,0],[0,97],[13,0],[0,-32],[12,0],[0,-33],[13,0],[0,-32]],[[8899,7548],[0,-97],[-12,0],[0,-32],[-13,0],[0,-33],[-12,0],[0,-32],[-13,0]],[[8849,7354],[0,65],[-12,0]],[[8837,7419],[0,32]],[[8849,7483],[13,0]],[[8862,7483],[0,32]],[[1550,7386],[0,-32],[-13,0],[0,65]],[[1537,7419],[13,0],[0,32],[25,0],[0,32],[12,0],[0,-64],[-12,0],[0,-33],[-25,0]],[[6374,7515],[0,-32]],[[6374,7483],[38,0]],[[6412,7483],[0,-97],[-13,0],[0,-32]],[[6399,7354],[-62,0],[0,65],[12,0],[0,32]],[[6349,7451],[-25,0]],[[8537,7419],[25,0]],[[8562,7419],[0,-65],[-13,0]],[[8549,7354],[0,32]],[[8549,7386],[-12,0]],[[8537,7386],[0,33]],[[8624,7419],[38,0]],[[8662,7419],[0,-65]],[[8662,7354],[-38,0]],[[8624,7354],[0,65]],[[8837,7419],[0,-33]],[[8837,7386],[-13,0],[0,-32]],[[8824,7354],[-25,0]],[[8799,7354],[0,65],[38,0]],[[8849,7354],[-12,0]],[[8837,7354],[0,65]],[[1900,7386],[12,0]],[[1912,7386],[0,-32]],[[1912,7354],[-12,0]],[[1900,7354],[0,32]],[[1912,7386],[13,0]],[[1925,7386],[0,-32]],[[1925,7354],[-13,0]],[[2012,7386],[0,-32],[-12,0],[0,32],[12,0]],[[2487,7419],[13,0],[0,-33],[12,0]],[[2512,7386],[0,-32],[-37,0],[0,32],[12,0],[0,33]],[[4937,7386],[0,-32],[-12,0],[0,32]],[[5000,7386],[24,0],[0,-32]],[[5024,7354],[-24,0]],[[5000,7354],[0,32]],[[5049,7354],[-12,0]],[[5037,7354],[0,32],[12,0],[0,-32]],[[5087,7354],[-13,0]],[[5074,7354],[0,32],[13,0],[0,-32]],[[5149,7354],[0,32],[13,0],[0,-32],[-13,0]],[[6724,7386],[0,-32]],[[6724,7354],[-12,0]],[[6712,7354],[0,32],[12,0]],[[7774,7386],[25,0],[0,-32],[-25,0],[0,32]],[[8837,7386],[0,-32]],[[8837,7354],[-13,0]],[[9212,7386],[25,0],[0,-32],[-25,0],[0,32]],[[6812,7322],[-25,0]],[[6787,7322],[0,32],[-25,0]],[[6762,7354],[0,65],[12,0],[0,-33],[38,0],[0,-64]],[[3425,7386],[12,0]],[[3437,7386],[0,-32]],[[3437,7354],[13,0],[0,-32],[-25,0],[0,64]],[[3437,7612],[25,0]],[[3462,7612],[0,-32],[50,0],[0,-97]],[[3537,7483],[0,-129]],[[3537,7354],[-12,0],[0,-32]],[[3525,7322],[-38,0],[0,64],[-12,0],[0,-32],[-38,0]],[[3437,7386],[25,0]],[[7812,7386],[12,0],[0,-32],[13,0],[0,-32],[-25,0],[0,64]],[[1875,7354],[0,-32],[-25,0]],[[1850,7322],[0,32],[25,0]],[[1962,7354],[13,0],[0,-32],[-13,0],[0,32]],[[2300,7354],[12,0],[0,-32],[-12,0],[0,32]],[[3537,7354],[0,-32],[-12,0]],[[5012,7354],[12,0]],[[5024,7354],[0,-32],[-12,0]],[[5012,7322],[0,32]],[[5124,7354],[13,0]],[[5137,7354],[0,-32]],[[5137,7322],[-13,0]],[[5124,7322],[0,32]],[[5224,7322],[0,32],[13,0],[0,-32],[-13,0]],[[5274,7354],[25,0],[0,-32]],[[5299,7322],[-25,0]],[[5274,7322],[0,32]],[[5449,7322],[-12,0]],[[5437,7322],[0,32],[12,0],[0,-32]],[[5474,7354],[13,0],[0,-32],[-13,0],[0,32]],[[6399,7354],[13,0],[0,-32],[-13,0]],[[6399,7322],[0,32]],[[6712,7354],[0,-32],[-13,0]],[[6699,7322],[0,32],[13,0]],[[6737,7354],[25,0]],[[6762,7354],[0,-32],[-25,0],[0,32]],[[8599,7354],[13,0]],[[8612,7354],[0,-32]],[[8612,7322],[-13,0]],[[8599,7322],[0,32]],[[8849,7354],[0,-32]],[[8849,7322],[-12,0],[0,32]],[[8924,7354],[13,0],[0,-32],[-13,0],[0,32]],[[7187,7612],[12,0]],[[7199,7612],[0,-32],[38,0]],[[7237,7580],[0,32]],[[7262,7612],[0,-64]],[[7262,7548],[12,0],[0,-33],[-50,0],[0,-32],[25,0],[0,-64],[-12,0],[0,-33]],[[7237,7386],[-38,0]],[[7199,7386],[0,-32],[13,0],[0,-32],[12,0],[0,-32]],[[7224,7290],[-25,0]],[[7199,7290],[0,32],[-25,0],[0,32],[-25,0]],[[7149,7354],[0,32]],[[7149,7386],[-12,0],[0,33],[-25,0],[0,32],[25,0],[0,32],[12,0],[0,97],[38,0],[0,32]],[[4975,7419],[12,0]],[[5000,7386],[0,-64]],[[5000,7322],[-25,0],[0,-32],[-13,0]],[[4962,7290],[0,32]],[[4962,7322],[-25,0],[0,97]],[[1812,7386],[63,0]],[[1875,7386],[0,-32]],[[1850,7322],[-13,0],[0,-32],[-12,0],[0,64],[-13,0],[0,32]],[[1925,7386],[12,0]],[[1937,7386],[0,-96],[-12,0]],[[1925,7290],[0,96]],[[2025,7515],[12,0],[0,-64],[13,0],[0,-32],[12,0],[0,-65],[-12,0],[0,-64],[-13,0],[0,32],[-25,0],[0,-32],[-12,0],[0,32],[-13,0],[0,64],[-12,0],[0,33]],[[1975,7419],[12,0],[0,32],[38,0],[0,64]],[[6949,7290],[-50,0]],[[6899,7290],[0,32],[-12,0],[0,64],[25,0],[0,33],[12,0],[0,32],[13,0],[0,-97],[12,0],[0,-64]],[[7199,7386],[25,0]],[[7224,7386],[0,-32],[13,0],[0,-64]],[[7237,7290],[-13,0]],[[5000,7354],[12,0]],[[5012,7354],[0,-64]],[[5012,7290],[-12,0]],[[5000,7290],[0,64]],[[5137,7354],[12,0]],[[5149,7354],[0,-64]],[[5149,7290],[-12,0]],[[5137,7290],[0,64]],[[6474,7354],[0,-64],[-12,0]],[[6462,7290],[0,32],[-25,0],[0,32],[37,0]],[[7274,7354],[13,0],[0,-64]],[[7287,7290],[-13,0]],[[7274,7290],[0,64]],[[8237,7354],[37,0]],[[8274,7354],[0,-32],[-12,0],[0,-32],[-13,0],[0,32]],[[8249,7322],[-12,0]],[[8237,7322],[0,32]],[[1637,7322],[0,-32]],[[1637,7290],[-37,0]],[[1600,7290],[0,32],[37,0]],[[1775,7322],[12,0],[0,-32],[-12,0]],[[1775,7290],[0,32]],[[1875,7354],[12,0],[0,-64]],[[1887,7290],[-37,0]],[[1850,7290],[0,32]],[[3275,7322],[12,0],[0,-32],[-12,0],[0,32]],[[4962,7290],[-12,0],[0,32],[12,0]],[[5024,7354],[88,0]],[[5112,7354],[0,-64]],[[5112,7290],[-100,0]],[[5012,7290],[0,32]],[[5162,7322],[12,0],[0,-32],[-12,0],[0,32]],[[5224,7322],[0,-32],[-12,0]],[[5212,7290],[0,32],[12,0]],[[5399,7322],[13,0]],[[5412,7322],[0,-32]],[[5412,7290],[-13,0]],[[5399,7290],[0,32]],[[5412,7322],[25,0]],[[5437,7322],[0,-32]],[[5437,7290],[-25,0]],[[5887,7322],[0,-32]],[[5887,7290],[-13,0],[0,32],[13,0]],[[6362,7322],[12,0],[0,-32],[-12,0]],[[6362,7290],[0,32]],[[6487,7322],[25,0],[0,-32],[-25,0],[0,32]],[[6637,7322],[25,0]],[[6662,7322],[0,-32],[-25,0]],[[6637,7290],[0,32]],[[7049,7290],[0,32],[13,0],[0,-32],[-13,0]],[[7274,7322],[0,-32]],[[7274,7290],[-12,0]],[[7262,7290],[0,32],[12,0]],[[7612,7322],[12,0],[0,-32],[-12,0],[0,32]],[[8549,7322],[25,0],[0,-32]],[[8574,7290],[-25,0]],[[8549,7290],[0,32]],[[8612,7386],[12,0]],[[8624,7386],[0,-96]],[[8624,7290],[-25,0]],[[8599,7290],[0,32]],[[8612,7322],[0,64]],[[8987,7322],[0,32],[12,0],[0,-64],[-25,0],[0,32],[13,0]],[[9174,7322],[13,0],[0,-32],[-13,0],[0,32]],[[1925,7322],[0,-65]],[[1925,7257],[-13,0]],[[1912,7257],[0,65],[13,0]],[[2062,7322],[25,0],[0,-65],[-12,0],[0,33],[-13,0],[0,32]],[[3062,7386],[38,0],[0,-96],[-13,0],[0,-33],[-37,0],[0,65],[12,0],[0,64]],[[5437,7322],[25,0]],[[5462,7322],[0,-32],[-13,0],[0,-33],[-12,0]],[[5437,7257],[0,65]],[[7349,7322],[13,0],[0,-65],[-13,0],[0,65]],[[8387,7322],[0,-65]],[[8387,7257],[-13,0]],[[8374,7257],[0,65],[13,0]],[[9174,7322],[0,-65],[-25,0],[0,65],[25,0]],[[1737,7290],[25,0],[0,-33]],[[1762,7257],[-25,0]],[[1737,7257],[0,33]],[[2750,7290],[0,-33]],[[2750,7257],[-13,0]],[[2737,7257],[0,33],[13,0]],[[525,9031],[125,0]],[[650,8999],[287,0]],[[937,9031],[63,0]],[[725,8870],[75,0]],[[837,8870],[25,0]],[[1125,8967],[87,0]],[[1287,8999],[25,0],[0,32],[13,0]],[[1412,8999],[0,32],[63,0]],[[1587,8773],[50,0],[0,-64],[25,0],[0,32],[25,0]],[[2387,8419],[0,-97],[-12,0],[0,-97],[37,0]],[[2425,8193],[0,-33],[12,0],[0,-64],[13,0],[0,32],[50,0],[0,-32],[50,0],[0,-32],[12,0],[0,-33],[50,0],[0,-32],[25,0],[0,-32],[88,0],[0,-129],[25,0],[0,-32],[12,0],[0,-33],[-25,0],[0,-32],[25,0],[0,-32],[13,0],[0,32],[25,0],[0,129],[-13,0],[0,32],[-12,0],[0,33],[12,0],[0,32],[50,0],[0,32],[13,0],[0,32],[12,0],[0,97],[-12,0],[0,32],[-25,0],[0,33],[-13,0],[0,32]],[[3075,8289],[0,-64]],[[3075,8225],[25,0]],[[3112,8225],[13,0],[0,-32],[12,0],[0,32],[25,0],[0,32],[25,0]],[[3250,8193],[25,0],[0,-33],[-13,0]],[[3300,8096],[0,-32],[12,0],[0,-33],[25,0],[0,-64],[63,0],[0,-32],[12,0],[0,-65],[38,0],[0,-32],[12,0],[0,-32]],[[3462,7773],[0,-32]],[[3425,7677],[-63,0]],[[3362,7644],[13,0],[0,-32],[-25,0],[0,-32],[-75,0]],[[3275,7580],[0,-32],[12,0],[0,-33],[-12,0],[0,-32],[-13,0],[0,32],[-37,0]],[[3225,7515],[0,33],[-25,0]],[[3200,7548],[0,32],[-50,0],[0,32]],[[3137,7515],[-25,0],[0,33],[-12,0],[0,-33],[-25,0],[0,-32],[-13,0],[0,-32],[-12,0],[0,32],[-25,0],[0,32],[-13,0],[0,33],[-12,0],[0,-33],[-25,0],[0,-32],[12,0],[0,-32],[50,0],[0,-65],[-62,0],[0,-32],[-38,0],[0,-32],[-12,0],[0,32],[-38,0],[0,-32],[-12,0],[0,-32],[-38,0],[0,-33],[-37,0],[0,33],[12,0],[0,64],[-75,0],[0,-32],[13,0]],[[2750,7322],[0,-32]],[[2737,7257],[-75,0]],[[2662,7257],[0,65],[13,0],[0,32],[-25,0],[0,-32],[-13,0]],[[2637,7322],[0,64],[-37,0],[0,65],[-25,0],[0,32],[-13,0],[0,-32],[-12,0],[0,-32],[25,0],[0,-65],[-38,0]],[[2537,7354],[0,32]],[[2537,7386],[-12,0],[0,33],[-13,0]],[[2512,7419],[0,32],[13,0],[0,32],[-25,0],[0,-32],[-25,0],[0,-32],[-25,0],[0,32],[-38,0],[0,64],[-50,0],[0,33],[13,0],[0,32],[-25,0],[0,32],[-25,0],[0,32],[-13,0],[0,33],[-12,0],[0,32],[-25,0],[0,-32],[-50,0]],[[2187,7741],[-50,0]],[[2012,7838],[-37,0]],[[1837,7935],[0,-33]],[[1837,7902],[-37,0]],[[1812,7612],[-12,0],[0,-32],[-13,0],[0,64],[-12,0],[0,-32],[-25,0],[0,-32],[-25,0],[0,32],[-13,0],[0,65],[-12,0],[0,32],[-38,0],[0,32],[-25,0],[0,65],[-37,0],[0,64],[-25,0],[0,-32],[-13,0]],[[1562,7838],[0,-65],[38,0],[0,-96],[12,0],[0,-65],[13,0],[0,-32],[-25,0],[0,32]],[[1600,7612],[-25,0]],[[1562,7677],[-37,0]],[[1525,7677],[0,32]],[[1487,7677],[-12,0]],[[1475,7677],[0,-33]],[[1437,7644],[0,65],[-12,0],[0,32],[-25,0],[0,32],[-13,0],[0,65]],[[1387,7902],[-37,0]],[[1350,7902],[0,97]],[[1400,7967],[0,97]],[[1287,8257],[-25,0]],[[1250,8322],[25,0]],[[1237,8322],[-37,0]],[[1162,8386],[-50,0]],[[1112,8419],[-37,0]],[[1012,8451],[-12,0]],[[987,8483],[0,-64]],[[950,8548],[-25,0]],[[925,8580],[-63,0]],[[850,8580],[-13,0]],[[837,8580],[0,-32]],[[800,8515],[-38,0]],[[725,8289],[25,0]],[[750,8289],[0,-64],[25,0]],[[775,8225],[0,-32]],[[775,8193],[-50,0],[0,-33],[37,0]],[[762,8096],[-12,0],[0,-32],[-25,0],[0,-33],[-13,0],[0,33],[-12,0],[0,64],[-25,0],[0,-32],[-13,0],[0,-32],[-25,0],[0,-33],[-25,0],[0,-32],[-37,0],[0,-32],[-38,0],[0,-32],[-12,0]],[[525,7967],[-25,0]],[[500,7967],[0,32]],[[500,7999],[-13,0],[0,32],[50,0],[0,33],[38,0],[0,32],[12,0],[0,32],[25,0],[0,65]],[[612,8193],[-12,0],[0,-33],[-25,0],[0,33],[-50,0]],[[512,8225],[-25,0],[0,32]],[[500,8289],[-25,0]],[[487,8354],[25,0]],[[512,8386],[-50,0]],[[462,8386],[0,65]],[[462,8451],[13,0]],[[462,8515],[0,33]],[[462,8548],[38,0]],[[500,8580],[25,0]],[[525,8612],[-25,0]],[[487,8644],[0,-64]],[[487,8580],[-12,0],[0,32],[-113,0],[0,65],[25,0]],[[387,8709],[-25,0]],[[362,8709],[0,64],[13,0]],[[412,8773],[38,0],[0,-32],[37,0],[0,32],[-25,0],[0,33],[-25,0],[0,32],[-37,0],[0,64]],[[937,8580],[25,0]],[[962,8580],[0,-65]],[[962,8515],[38,0]],[[987,8580],[-12,0]],[[1800,8386],[37,0],[0,65],[-12,0],[0,-32],[-25,0],[0,-33]],[[1712,7935],[0,32]],[[1712,7967],[25,0]],[[1400,7967],[0,-97]],[[2275,7806],[0,32],[-25,0],[0,-32],[25,0]],[[2275,7806],[0,-33],[12,0],[0,33],[-12,0]],[[1712,7773],[0,-64]],[[1762,7644],[0,33]],[[5000,7322],[0,-32]],[[5012,7290],[0,-33],[-50,0]],[[4962,7257],[0,33]],[[5074,7290],[13,0]],[[5087,7290],[0,-33]],[[5087,7257],[-13,0]],[[5074,7257],[0,33]],[[5087,7290],[12,0]],[[5099,7290],[0,-33]],[[5099,7257],[-12,0]],[[5149,7290],[0,-33]],[[5149,7257],[-12,0]],[[5137,7257],[0,33]],[[5374,7290],[13,0]],[[5387,7290],[0,-33],[-13,0]],[[5374,7257],[0,33]],[[5512,7290],[12,0],[0,-33],[-12,0],[0,33]],[[5549,7290],[13,0],[0,-33]],[[5562,7257],[-13,0]],[[5549,7257],[0,33]],[[5999,7290],[0,-33],[-12,0]],[[5987,7257],[0,33],[12,0]],[[6362,7290],[0,-33],[-25,0]],[[6337,7257],[0,33],[25,0]],[[6462,7290],[0,-33],[-38,0]],[[6424,7257],[0,33],[38,0]],[[6837,7290],[25,0]],[[6862,7290],[0,-33]],[[6862,7257],[-25,0]],[[6837,7257],[0,33]],[[7162,7257],[-13,0],[0,33],[13,0],[0,-33]],[[7262,7290],[0,-33],[-13,0],[0,33],[13,0]],[[8499,7290],[13,0],[0,-33],[-13,0],[0,33]],[[8537,7290],[25,0]],[[8562,7290],[0,-33]],[[8562,7257],[-25,0]],[[8537,7257],[0,33]],[[8562,7290],[25,0]],[[8587,7290],[0,-33]],[[8587,7257],[-25,0]],[[8937,7257],[-25,0]],[[8912,7257],[0,33],[25,0],[0,-33]],[[8962,7515],[12,0],[0,-32]],[[8962,7483],[0,-64],[12,0],[0,-33],[13,0],[0,-64]],[[8987,7322],[-25,0],[0,-32],[-13,0],[0,-65]],[[8949,7225],[-12,0]],[[8937,7225],[0,484]],[[8799,7354],[38,0]],[[8849,7322],[0,-32],[-50,0]],[[8799,7290],[0,-65]],[[8799,7225],[-25,0],[0,32],[-12,0],[0,-32],[-25,0],[0,161],[12,0],[0,33],[25,0]],[[8774,7419],[0,64]],[[8774,7483],[13,0]],[[6749,7354],[-12,0]],[[6787,7322],[37,0]],[[6824,7322],[0,-32]],[[6824,7290],[-37,0]],[[6787,7290],[0,-33]],[[6787,7257],[-38,0]],[[6749,7257],[0,-32]],[[6749,7225],[-25,0]],[[6724,7225],[0,161]],[[6699,7322],[-37,0]],[[6662,7322],[0,32],[12,0],[0,32],[25,0],[0,33],[38,0],[0,-33],[12,0],[0,-32]],[[5112,7322],[25,0]],[[5137,7322],[0,-97]],[[5137,7225],[-13,0],[0,32],[-12,0]],[[5112,7257],[0,65]],[[6724,7354],[0,-129]],[[6724,7225],[-12,0]],[[6712,7225],[0,32],[-13,0],[0,65]],[[8674,7322],[13,0],[0,-32],[12,0],[0,-33],[-12,0],[0,-32]],[[8687,7225],[-13,0]],[[8674,7225],[0,97]],[[5212,7290],[0,-33]],[[5212,7257],[-13,0],[0,-32]],[[5199,7225],[-12,0]],[[5187,7225],[0,65],[25,0]],[[5274,7290],[0,32]],[[5274,7322],[13,0]],[[5287,7322],[0,-32]],[[5287,7290],[50,0]],[[5337,7290],[0,-33],[-75,0],[0,-32]],[[5262,7225],[-13,0]],[[5249,7225],[0,32],[-12,0],[0,33],[12,0],[0,32],[13,0],[0,-32],[12,0]],[[8799,7290],[38,0],[0,-33],[-13,0],[0,-32],[-25,0]],[[1850,7257],[12,0]],[[1862,7257],[0,-32]],[[1862,7225],[-12,0],[0,32]],[[1950,7257],[12,0]],[[1962,7257],[0,-32]],[[1962,7225],[-12,0],[0,32]],[[2000,7225],[-13,0],[0,32],[13,0],[0,-32]],[[2112,7257],[25,0],[0,-32],[-25,0],[0,32]],[[5037,7257],[12,0]],[[5049,7257],[0,-32]],[[5049,7225],[-12,0]],[[5037,7225],[0,32]],[[5212,7257],[0,-32]],[[5212,7225],[-13,0]],[[5212,7257],[12,0],[0,-32]],[[5224,7225],[-12,0]],[[5374,7257],[0,-32],[-12,0],[0,32],[12,0]],[[5612,7225],[-75,0]],[[5537,7225],[0,32]],[[5537,7257],[25,0]],[[5549,7290],[0,32]],[[5549,7322],[-12,0],[0,32]],[[5537,7354],[12,0],[0,65],[13,0],[0,32],[50,0],[0,-226]],[[5824,7257],[13,0],[0,-32],[-13,0]],[[5824,7225],[0,32]],[[6274,7257],[13,0],[0,-32],[-13,0],[0,32]],[[6337,7257],[0,-32],[-13,0]],[[6324,7225],[0,32],[13,0]],[[6524,7225],[-12,0],[0,32],[12,0],[0,-32]],[[6624,7257],[13,0]],[[6637,7257],[0,-32],[-13,0],[0,32]],[[7099,7257],[13,0]],[[7112,7257],[0,-32]],[[7112,7225],[-13,0]],[[7099,7225],[0,32]],[[7549,7257],[25,0]],[[7574,7257],[0,-32]],[[7574,7225],[-25,0]],[[7549,7225],[0,32]],[[8362,7257],[0,-32],[-13,0],[0,32],[13,0]],[[8474,7257],[13,0],[0,-32],[-13,0],[0,32]],[[8549,7257],[13,0]],[[8562,7257],[0,-32],[-13,0],[0,32]],[[8649,7257],[13,0]],[[8662,7257],[0,-32]],[[8662,7225],[-13,0]],[[8649,7225],[0,32]],[[8662,7257],[12,0]],[[8674,7257],[0,-32]],[[8674,7225],[-12,0]],[[8712,7257],[12,0],[0,-32],[-12,0],[0,32]],[[8912,7257],[12,0]],[[8924,7257],[0,-32],[-12,0],[0,32]],[[8962,7257],[0,-32]],[[8962,7225],[-13,0]],[[8949,7225],[0,32],[13,0]],[[8962,7257],[12,0],[0,-32]],[[8974,7225],[-12,0]],[[7149,7322],[0,32]],[[7199,7290],[-12,0]],[[7187,7290],[0,-33],[-25,0]],[[7162,7257],[0,-32]],[[7162,7225],[-13,0],[0,-32]],[[7149,7193],[-25,0]],[[7124,7193],[0,32]],[[7124,7225],[-12,0]],[[7112,7257],[-25,0]],[[7087,7257],[0,33],[-13,0],[0,32],[13,0],[0,32],[37,0],[0,-32],[25,0]],[[6787,7290],[50,0]],[[6837,7257],[12,0]],[[6849,7257],[0,-64],[-12,0]],[[6837,7193],[0,32]],[[6837,7225],[-25,0]],[[6812,7225],[0,32]],[[6812,7257],[-25,0]],[[6874,7290],[113,0]],[[6987,7290],[0,-65]],[[6987,7225],[-63,0]],[[6924,7225],[0,-32]],[[6924,7193],[-25,0]],[[6899,7193],[0,32],[-25,0]],[[6874,7225],[0,65]],[[2037,7193],[0,64],[13,0],[0,-64],[-13,0]],[[2625,7225],[-38,0],[0,-32]],[[2587,7193],[-12,0],[0,64]],[[2575,7257],[37,0],[0,33],[25,0],[0,-33],[-12,0],[0,-32]],[[2750,7257],[25,0],[0,-64],[-13,0],[0,32],[-12,0],[0,32]],[[6424,7257],[0,-64]],[[6424,7193],[-50,0],[0,64],[50,0]],[[6774,7257],[38,0]],[[6812,7225],[12,0]],[[6824,7225],[0,-32]],[[6824,7193],[-50,0]],[[6774,7193],[0,64]],[[8537,7257],[12,0]],[[8562,7257],[12,0]],[[8574,7257],[0,-64],[-37,0]],[[8537,7193],[0,64]],[[1712,7225],[13,0]],[[1725,7225],[0,-32]],[[1725,7193],[-13,0]],[[1712,7193],[0,32]],[[1762,7225],[13,0]],[[1775,7225],[0,-32]],[[1775,7193],[-13,0],[0,32]],[[1862,7225],[13,0]],[[1875,7225],[0,-32]],[[1875,7193],[-13,0]],[[1862,7193],[0,32]],[[1900,7225],[12,0],[0,-32],[-12,0],[0,32]],[[2725,7225],[12,0],[0,-32],[-12,0]],[[2725,7193],[0,32]],[[3275,7225],[12,0],[0,-32],[-12,0]],[[3275,7193],[0,32]],[[4987,7225],[13,0]],[[5000,7225],[0,-32]],[[5000,7193],[-13,0],[0,32]],[[5049,7225],[0,-32]],[[5049,7193],[-12,0]],[[5037,7193],[0,32]],[[5187,7225],[0,-32],[-13,0],[0,32],[13,0]],[[5412,7193],[-13,0]],[[5399,7193],[0,32],[13,0],[0,-32]],[[5562,7225],[25,0]],[[5587,7225],[0,-32],[-25,0],[0,32]],[[5812,7225],[12,0]],[[5824,7225],[0,-32],[-12,0],[0,32]],[[5937,7225],[0,-32],[-13,0]],[[5924,7193],[0,32],[13,0]],[[6824,7225],[13,0]],[[6837,7193],[-13,0]],[[6874,7225],[0,-32]],[[6874,7193],[-12,0]],[[6862,7193],[0,32],[12,0]],[[6899,7193],[-25,0]],[[6924,7225],[25,0]],[[6949,7225],[0,-32]],[[6949,7193],[-25,0]],[[6999,7225],[13,0]],[[7012,7225],[0,-32]],[[7012,7193],[-13,0]],[[6999,7193],[0,32]],[[7074,7225],[25,0]],[[7099,7225],[0,-32]],[[7099,7193],[-25,0]],[[7074,7193],[0,32]],[[7099,7225],[25,0]],[[7124,7193],[-25,0]],[[7162,7225],[0,-32]],[[7162,7193],[-13,0]],[[7212,7225],[12,0],[0,-32],[-12,0],[0,32]],[[7299,7225],[13,0],[0,-32],[-13,0],[0,32]],[[7324,7225],[13,0],[0,-32],[-13,0],[0,32]],[[8512,7193],[-13,0],[0,32],[13,0],[0,-32]],[[8974,7225],[13,0],[0,-32],[-13,0]],[[8974,7193],[0,32]],[[9074,7193],[0,32],[13,0],[0,32],[25,0],[0,33],[25,0],[0,-65],[-38,0],[0,-32],[-25,0]],[[7449,7386],[13,0],[0,-32],[12,0],[0,-32],[25,0],[0,-32],[13,0],[0,-65],[-13,0],[0,-32],[13,0],[0,-32],[-38,0],[0,32],[-62,0],[0,32],[-38,0],[0,97],[75,0],[0,64]],[[5337,7290],[37,0]],[[5374,7257],[-25,0],[0,-96]],[[5349,7161],[-25,0]],[[5324,7161],[0,32]],[[5324,7193],[-37,0]],[[5287,7193],[0,32]],[[5287,7225],[-25,0]],[[8924,7257],[13,0]],[[8937,7257],[0,-32]],[[8949,7225],[0,-32]],[[8949,7193],[-12,0],[0,-32]],[[8937,7161],[-13,0]],[[8924,7161],[0,96]],[[1825,7225],[12,0]],[[1837,7225],[0,-64]],[[1837,7161],[-12,0]],[[1825,7161],[0,64]],[[2000,7225],[25,0]],[[2025,7225],[0,-64]],[[2025,7161],[-13,0]],[[2012,7161],[0,32],[-12,0],[0,32]],[[1687,7193],[13,0],[0,-32],[-13,0],[0,32]],[[1975,7161],[0,32],[12,0],[0,-32],[-12,0]],[[2025,7193],[12,0]],[[2037,7193],[0,-32]],[[2037,7161],[-12,0]],[[2025,7161],[0,32]],[[2587,7193],[13,0],[0,-32]],[[2600,7161],[-13,0]],[[2587,7161],[0,32]],[[3112,7161],[-12,0]],[[3100,7161],[0,32],[12,0],[0,-32]],[[5049,7193],[0,-32]],[[5049,7161],[-12,0]],[[5037,7161],[0,32]],[[5049,7193],[13,0]],[[5062,7193],[0,-32]],[[5062,7161],[-13,0]],[[5062,7193],[12,0]],[[5074,7193],[0,-32]],[[5074,7161],[-12,0]],[[5074,7193],[13,0]],[[5087,7193],[0,-32]],[[5087,7161],[-13,0]],[[5399,7193],[25,0]],[[5424,7193],[0,-32]],[[5424,7161],[-25,0],[0,32]],[[5974,7193],[-12,0],[0,-32],[-38,0],[0,32]],[[5937,7225],[25,0]],[[5962,7225],[0,32],[12,0],[0,-64]],[[6262,7193],[12,0],[0,-32],[-12,0],[0,32]],[[6324,7161],[-12,0]],[[6312,7161],[0,32],[12,0],[0,-32]],[[6462,7193],[12,0],[0,-32],[-12,0],[0,32]],[[6887,7193],[12,0]],[[6899,7193],[0,-32]],[[6899,7161],[-12,0]],[[6887,7161],[0,32]],[[7012,7193],[0,-32]],[[7012,7161],[-13,0]],[[6999,7161],[0,32]],[[7012,7193],[12,0],[0,-32]],[[7024,7161],[-12,0]],[[7137,7193],[12,0]],[[7149,7193],[0,-32],[-12,0],[0,32]],[[8587,7193],[12,0],[0,-32],[-12,0],[0,32]],[[8949,7193],[0,-32],[-12,0]],[[9074,7193],[0,-32],[-50,0]],[[9024,7161],[0,32],[50,0]],[[1775,7386],[37,0]],[[1850,7290],[25,0]],[[1875,7290],[0,-33]],[[1875,7257],[-25,0]],[[1862,7193],[-25,0]],[[1837,7193],[0,32]],[[1825,7225],[0,-97]],[[1825,7128],[-38,0]],[[1787,7128],[0,33],[-12,0]],[[1775,7161],[0,64]],[[1775,7225],[-50,0]],[[1725,7225],[0,97],[12,0]],[[1737,7322],[0,-65]],[[1737,7257],[38,0]],[[1775,7257],[0,33]],[[1775,7322],[0,64]],[[1712,7257],[0,-129]],[[1712,7128],[-37,0]],[[1675,7128],[0,65]],[[1675,7193],[12,0]],[[1687,7193],[0,32],[13,0],[0,32],[12,0]],[[2100,7193],[25,0],[0,-65],[-13,0],[0,33],[-12,0],[0,32]],[[5124,7193],[13,0]],[[5137,7193],[0,-65]],[[5137,7128],[-13,0]],[[5124,7128],[0,65]],[[5287,7161],[0,32]],[[5324,7193],[0,-65]],[[5324,7128],[-62,0],[0,33],[-25,0]],[[5237,7161],[0,32],[37,0],[0,-32],[13,0]],[[7574,7257],[25,0]],[[7599,7257],[0,-96]],[[7599,7161],[-12,0],[0,-33],[-25,0]],[[7562,7128],[0,65],[-13,0],[0,-32],[-25,0],[0,32],[13,0],[0,32]],[[7537,7225],[37,0]],[[1550,7128],[-13,0]],[[1537,7128],[0,33],[13,0],[0,-33]],[[1787,7128],[-12,0]],[[1775,7128],[0,33]],[[1900,7161],[12,0]],[[1912,7161],[0,-33]],[[1912,7128],[-12,0]],[[1900,7128],[0,33]],[[2037,7161],[0,-33],[-12,0],[0,33]],[[2862,7128],[0,33],[13,0],[0,-33],[-13,0]],[[2912,7161],[13,0],[0,-33],[-13,0],[0,33]],[[4775,7161],[0,-33]],[[4775,7128],[-13,0],[0,33],[13,0]],[[4775,7161],[25,0],[0,-33]],[[4800,7128],[-25,0]],[[4837,7161],[0,-33]],[[4837,7128],[-12,0]],[[4825,7128],[0,33],[12,0]],[[4837,7161],[13,0],[0,-33],[-13,0]],[[4962,7128],[-12,0]],[[4950,7128],[0,33],[12,0],[0,-33]],[[5237,7161],[0,-33],[-25,0]],[[5212,7128],[0,33],[25,0]],[[5349,7161],[13,0]],[[5362,7161],[0,-33]],[[5362,7128],[-13,0],[0,33]],[[5374,7161],[13,0],[0,-33]],[[5387,7128],[-13,0]],[[5374,7128],[0,33]],[[6324,7161],[0,-33]],[[6324,7128],[-12,0]],[[6312,7128],[0,33]],[[6324,7161],[13,0],[0,-33],[-13,0]],[[6412,7161],[0,-33]],[[6412,7128],[-13,0],[0,33],[13,0]],[[6912,7161],[25,0]],[[6937,7161],[0,-33]],[[6937,7128],[-25,0]],[[6912,7128],[0,33]],[[7324,7161],[38,0]],[[7362,7161],[0,-33]],[[7362,7128],[-38,0]],[[7324,7128],[0,33]],[[7624,7161],[13,0]],[[7637,7161],[0,-33]],[[7637,7128],[-13,0]],[[7624,7128],[0,33]],[[7637,7161],[25,0]],[[7662,7161],[0,-33]],[[7662,7128],[-25,0]],[[8749,7128],[-12,0],[0,33],[12,0],[0,-33]],[[8937,7161],[0,-33],[-13,0]],[[8924,7128],[0,33]],[[9037,7161],[12,0],[0,-33]],[[9049,7128],[-12,0],[0,33]],[[6149,7096],[-12,0]],[[6137,7096],[0,32],[-25,0],[0,-32]],[[6112,7096],[-13,0]],[[6099,7096],[0,32]],[[6099,7128],[-25,0],[0,33],[-25,0],[0,32],[-12,0]],[[6037,7193],[0,32],[87,0],[0,-32],[25,0],[0,-32],[25,0],[0,-33],[-25,0],[0,-32]],[[6987,7290],[62,0]],[[7049,7290],[0,-65]],[[7049,7225],[-50,0]],[[6999,7225],[0,-64]],[[6999,7161],[38,0]],[[7037,7161],[0,-33],[-13,0],[0,-32]],[[7024,7096],[-37,0]],[[6987,7096],[0,32]],[[6987,7128],[-50,0]],[[6937,7161],[-38,0]],[[6899,7193],[50,0]],[[6949,7225],[38,0]],[[2575,7161],[0,-65],[-13,0]],[[2562,7096],[0,65],[13,0]],[[5000,7161],[24,0],[0,-33],[13,0]],[[5037,7128],[0,-32]],[[5037,7096],[-37,0]],[[5000,7096],[0,65]],[[5362,7161],[12,0]],[[5374,7161],[0,-65]],[[5374,7096],[-12,0]],[[5362,7096],[0,65]],[[6199,7161],[13,0],[0,-65],[-13,0],[0,65]],[[7299,7161],[25,0]],[[7324,7128],[13,0]],[[7337,7128],[0,-32],[-25,0],[0,32],[-13,0],[0,33]],[[7762,7161],[75,0]],[[7837,7161],[0,-33]],[[7837,7128],[-13,0]],[[7824,7128],[0,-32],[-25,0],[0,32],[-37,0],[0,33]],[[7837,7161],[50,0]],[[7887,7161],[0,-33],[-25,0],[0,-32],[-13,0],[0,32]],[[7849,7128],[-12,0]],[[1687,7128],[25,0]],[[1712,7128],[0,-32]],[[1712,7096],[-25,0],[0,32]],[[1800,7128],[12,0]],[[1812,7128],[0,-32],[-12,0],[0,32]],[[1950,7128],[37,0]],[[1987,7128],[0,-32]],[[1987,7096],[-37,0]],[[1950,7096],[0,32]],[[2725,7096],[-13,0]],[[2712,7096],[0,32],[13,0],[0,-32]],[[2787,7128],[13,0],[0,-32],[-13,0],[0,32]],[[2862,7128],[0,-32],[-12,0],[0,32],[12,0]],[[3062,7161],[25,0],[0,-33],[-25,0],[0,-32],[-25,0]],[[3037,7096],[0,32]],[[3037,7128],[13,0],[0,97],[25,0],[0,-32],[-13,0],[0,-32]],[[4837,7128],[0,-32],[-12,0]],[[4825,7096],[0,32]],[[4962,7128],[25,0]],[[4987,7128],[0,-32]],[[4987,7096],[-25,0]],[[4962,7096],[0,32]],[[4987,7128],[13,0]],[[5000,7128],[0,-32]],[[5000,7096],[-13,0]],[[5049,7128],[13,0]],[[5062,7128],[0,-32]],[[5062,7096],[-13,0]],[[5049,7096],[0,32]],[[5099,7128],[13,0]],[[5112,7128],[0,-32]],[[5112,7096],[-13,0],[0,32]],[[5187,7128],[12,0],[0,-32],[-12,0]],[[5187,7096],[0,32]],[[5287,7128],[0,-32]],[[5287,7096],[-13,0]],[[5274,7096],[0,32],[13,0]],[[5387,7128],[0,-32],[-13,0]],[[5374,7096],[0,32]],[[5462,7096],[-13,0]],[[5449,7096],[0,32],[13,0],[0,-32]],[[5724,7161],[0,-65],[-62,0],[0,32],[12,0],[0,33],[50,0]],[[6099,7096],[-12,0],[0,32],[12,0]],[[6324,7128],[0,-32]],[[6324,7096],[-12,0]],[[6312,7096],[0,32]],[[6412,7128],[12,0]],[[6424,7128],[0,-32]],[[6424,7096],[-12,0]],[[6412,7096],[0,32]],[[6962,7128],[25,0]],[[6987,7096],[-25,0]],[[6962,7096],[0,32]],[[7049,7257],[13,0],[0,-32]],[[7062,7225],[12,0]],[[7074,7193],[50,0]],[[7124,7193],[0,-65],[-12,0],[0,-32],[-13,0],[0,32],[-12,0],[0,33],[-25,0],[0,-33],[-13,0],[0,-32]],[[7049,7096],[-25,0]],[[7037,7161],[-13,0]],[[7012,7225],[37,0]],[[7049,7225],[0,32]],[[7187,7128],[12,0],[0,-32],[-12,0],[0,32]],[[7524,7128],[13,0],[0,-32],[-13,0],[0,32]],[[8749,7128],[13,0],[0,-32],[-13,0],[0,32]],[[8912,7128],[12,0]],[[8924,7128],[0,-32]],[[8924,7096],[-12,0],[0,32]],[[9049,7128],[13,0],[0,-32],[-13,0],[0,32]],[[1775,7354],[0,-97]],[[1775,7257],[-13,0]],[[1737,7290],[0,32]],[[1712,7225],[0,32]],[[1675,7193],[0,-32]],[[1675,7161],[-25,0],[0,-97]],[[1650,7064],[-13,0],[0,64],[-12,0]],[[1625,7128],[0,162]],[[1625,7290],[12,0]],[[1637,7290],[0,96]],[[1662,7451],[13,0],[0,64],[12,0],[0,-64],[50,0],[0,-32],[13,0],[0,-65],[25,0]],[[5000,7225],[12,0]],[[5012,7225],[0,-32],[25,0]],[[5037,7161],[25,0]],[[5062,7161],[0,-33]],[[5049,7128],[0,-64]],[[5049,7064],[-12,0]],[[5037,7064],[0,64]],[[5000,7161],[0,64]],[[1837,7193],[38,0]],[[1875,7193],[0,-32],[-13,0],[0,-33],[13,0],[0,-32],[-13,0],[0,-32],[-25,0],[0,64]],[[1837,7128],[-12,0]],[[1825,7128],[0,33]],[[1837,7161],[0,32]],[[5112,7161],[12,0]],[[5124,7161],[0,-33]],[[5137,7128],[0,33]],[[5137,7161],[25,0],[0,-65]],[[5162,7096],[12,0]],[[5174,7096],[0,-32]],[[5174,7064],[-25,0]],[[5149,7064],[0,32]],[[5149,7096],[-37,0]],[[5112,7096],[0,65]],[[5424,7193],[13,0]],[[5437,7193],[0,-32],[50,0],[0,-33],[25,0]],[[5512,7128],[0,-32]],[[5512,7096],[-13,0],[0,-32]],[[5499,7064],[-25,0]],[[5474,7064],[0,32],[-12,0]],[[5449,7096],[-12,0]],[[5437,7096],[0,32],[-25,0],[0,33],[12,0]],[[6837,7161],[37,0],[0,-97]],[[6874,7064],[-12,0],[0,64],[-25,0]],[[6837,7128],[0,33]],[[1912,7128],[0,-64]],[[1912,7064],[-12,0]],[[1900,7064],[0,64]],[[1912,7128],[13,0],[0,-64],[-13,0]],[[4800,7128],[25,0]],[[4825,7128],[0,-64]],[[4825,7064],[-13,0],[0,32],[-12,0],[0,32]],[[4912,7128],[38,0]],[[4950,7128],[0,-32],[-13,0]],[[4937,7096],[0,-32]],[[4937,7064],[-12,0],[0,32],[-13,0]],[[4912,7096],[0,32]],[[8299,7193],[13,0],[0,-65],[-13,0],[0,-32],[-12,0],[0,-32],[-13,0],[0,64],[13,0],[0,33],[12,0],[0,32]],[[8949,7193],[13,0],[0,-65],[-13,0],[0,-32],[-12,0],[0,-32]],[[8937,7064],[-13,0]],[[8924,7064],[0,64]],[[1900,7096],[0,-32]],[[1900,7064],[-13,0],[0,32],[13,0]],[[1950,7096],[25,0]],[[1975,7096],[0,-32]],[[1975,7064],[-25,0]],[[1950,7064],[0,32]],[[1975,7096],[12,0]],[[1987,7096],[0,-32]],[[1987,7064],[-12,0]],[[5149,7064],[-12,0],[0,32],[12,0]],[[5174,7096],[13,0]],[[5187,7096],[0,-32],[-13,0]],[[5249,7096],[0,-32],[-12,0]],[[5237,7064],[0,32],[12,0]],[[5287,7096],[12,0],[0,-32]],[[5299,7064],[-12,0],[0,32]],[[5374,7096],[25,0],[0,-32],[-25,0]],[[5374,7064],[0,32]],[[5437,7096],[25,0]],[[5462,7096],[0,-32]],[[5462,7064],[-25,0],[0,32]],[[5474,7064],[-12,0]],[[5512,7096],[0,-32]],[[5512,7064],[-13,0]],[[5774,7096],[13,0]],[[5787,7096],[0,-32]],[[5787,7064],[-13,0]],[[5774,7064],[0,32]],[[6112,7096],[12,0],[0,-32]],[[6124,7064],[-12,0],[0,32]],[[6324,7096],[13,0],[0,-32]],[[6337,7064],[-13,0]],[[6324,7064],[0,32]],[[6424,7096],[0,-32]],[[6424,7064],[-12,0],[0,32]],[[6499,7096],[13,0],[0,-32],[-13,0],[0,32]],[[6749,7064],[0,32],[13,0],[0,-32],[-13,0]],[[8887,7064],[-13,0]],[[8874,7064],[0,32],[13,0],[0,-32]],[[8949,7225],[25,0]],[[8974,7193],[38,0],[0,-32],[12,0]],[[9024,7161],[0,-33],[-25,0],[0,-32],[-12,0],[0,32],[-13,0],[0,-32],[-12,0],[0,-32]],[[8962,7064],[-25,0]],[[1625,7257],[0,-129]],[[1650,7064],[0,-32]],[[1650,7032],[-25,0]],[[1625,7032],[0,32],[-13,0],[0,-32]],[[1612,7032],[-12,0],[0,32],[-13,0],[0,64],[13,0],[0,97],[12,0],[0,32],[13,0]],[[1950,7064],[12,0]],[[1962,7064],[0,-32],[-25,0]],[[1937,7032],[0,64],[13,0]],[[2587,7096],[13,0]],[[2600,7096],[0,-64]],[[2600,7032],[-13,0]],[[2587,7032],[0,64]],[[3037,7096],[13,0],[0,-64]],[[3050,7032],[-13,0]],[[3037,7032],[0,64]],[[5087,7128],[12,0]],[[5099,7128],[0,-96]],[[5099,7032],[-12,0]],[[5087,7032],[0,32],[-13,0],[0,32],[13,0],[0,32]],[[5299,7064],[0,-32]],[[5299,7032],[-25,0]],[[5274,7032],[0,64]],[[8487,7096],[25,0],[0,-64],[-25,0],[0,64]],[[8399,8128],[0,-97]],[[8562,7741],[0,-64]],[[8537,7548],[50,0]],[[8587,7515],[25,0]],[[8737,7483],[25,0]],[[8774,7451],[0,-32]],[[8799,7225],[0,-32],[-12,0],[0,-32],[-13,0],[0,-33],[-25,0]],[[8749,7128],[0,-64],[-100,0],[0,-32],[-25,0]],[[8624,7032],[0,64]],[[8624,7096],[-12,0],[0,32],[-25,0],[0,-64],[-13,0],[0,-32],[-12,0],[0,64],[12,0],[0,32],[-25,0],[0,33],[-12,0],[0,32]],[[8574,7257],[13,0]],[[8587,7290],[-13,0]],[[8549,7322],[0,32]],[[8562,7419],[-13,0]],[[8549,7419],[0,96]],[[8524,7548],[-37,0]],[[8487,7548],[0,32],[12,0],[0,32],[-37,0]],[[8462,7612],[0,-97]],[[8449,7483],[-25,0]],[[8424,7483],[0,-32],[-12,0],[0,-32],[-13,0],[0,-33],[-12,0]],[[8387,7386],[0,-64]],[[8374,7257],[-12,0]],[[8362,7257],[0,65],[-13,0],[0,32],[-12,0],[0,32],[25,0],[0,33],[12,0],[0,96],[13,0],[0,33]],[[8387,7548],[37,0]],[[8424,7580],[-37,0]],[[8387,7580],[0,32],[-13,0],[0,32]],[[8374,7644],[-12,0],[0,-32],[-13,0],[0,32]],[[8349,7644],[-12,0]],[[8324,8096],[13,0]],[[8624,7419],[0,-33]],[[8612,7386],[0,-32]],[[8599,7354],[0,-64]],[[8624,7290],[0,64]],[[8662,7354],[0,32]],[[8662,7386],[37,0]],[[8699,7419],[-75,0]],[[8674,7322],[0,-65]],[[8674,7257],[-25,0]],[[8649,7225],[38,0]],[[9024,7161],[13,0]],[[9049,7128],[0,-64],[-50,0],[0,-32],[-25,0]],[[8974,7032],[0,32],[-12,0]],[[1550,7064],[12,0],[0,-32],[-12,0],[0,32]],[[1625,7032],[-13,0]],[[1900,7257],[50,0]],[[1962,7225],[0,-64]],[[1962,7161],[13,0]],[[1975,7161],[0,-33]],[[1975,7128],[-25,0]],[[1937,7032],[-25,0]],[[1912,7032],[0,32]],[[1912,7161],[-25,0]],[[1887,7161],[0,32],[-12,0]],[[1875,7225],[25,0]],[[1900,7225],[0,32]],[[2762,7032],[0,32],[25,0],[0,-32],[-25,0]],[[5337,7064],[12,0]],[[5349,7064],[0,-32]],[[5349,7032],[-12,0]],[[5337,7032],[0,32]],[[5374,7064],[13,0]],[[5387,7064],[0,-32]],[[5387,7032],[-13,0]],[[5374,7032],[0,32]],[[5499,7064],[0,-32]],[[5499,7032],[-12,0],[0,32],[12,0]],[[5512,7064],[0,-32]],[[5512,7032],[-13,0]],[[5512,7064],[12,0]],[[5524,7064],[0,-32]],[[5524,7032],[-12,0]],[[5524,7064],[13,0]],[[5537,7064],[0,-32],[-13,0]],[[5562,7064],[12,0],[0,-32],[-12,0],[0,32]],[[5787,7064],[0,-32]],[[5787,7032],[-13,0]],[[5774,7032],[0,32]],[[6162,7064],[0,-32],[-13,0]],[[6149,7032],[0,32],[13,0]],[[6212,7064],[12,0]],[[6224,7064],[0,-32]],[[6224,7032],[-12,0]],[[6212,7032],[0,32]],[[6224,7064],[13,0]],[[6237,7064],[0,-32]],[[6237,7032],[-13,0]],[[6249,7064],[13,0]],[[6262,7064],[0,-32]],[[6262,7032],[-13,0],[0,32]],[[6337,7064],[12,0],[0,-32]],[[6349,7032],[-12,0]],[[6337,7032],[0,32]],[[6462,7064],[0,-32],[-13,0]],[[6449,7032],[0,32],[13,0]],[[7174,7064],[13,0],[0,-32]],[[7187,7032],[-13,0]],[[7174,7032],[0,32]],[[7924,7064],[13,0]],[[7937,7064],[0,-32]],[[7937,7032],[-13,0]],[[7924,7032],[0,32]],[[7937,7064],[25,0]],[[7962,7064],[0,-32]],[[7962,7032],[-25,0]],[[7987,7064],[25,0]],[[8012,7064],[0,-32]],[[8012,7032],[-25,0]],[[7987,7032],[0,32]],[[8462,7064],[0,-32]],[[8462,7032],[-13,0]],[[8449,7032],[0,32],[13,0]],[[8687,7064],[25,0],[0,-32],[-25,0],[0,32]],[[8937,7064],[0,-32]],[[8937,7032],[-13,0]],[[8924,7032],[0,32]],[[8974,7032],[-12,0],[0,32]],[[2437,7161],[13,0],[0,-33],[25,0],[0,-32],[12,0],[0,-64],[13,0],[0,-33],[-25,0],[0,33],[-13,0],[0,32],[-12,0],[0,32],[-13,0],[0,65]],[[6312,7128],[0,-64]],[[6312,7064],[-13,0],[0,-32],[-12,0],[0,-33]],[[6287,6999],[-25,0]],[[6262,6999],[0,65]],[[6262,7064],[-25,0]],[[6237,7064],[0,64],[12,0],[0,-32],[50,0],[0,32],[13,0]],[[7724,7677],[25,0]],[[7912,7612],[25,0]],[[7949,7548],[0,32]],[[7949,7580],[25,0]],[[7962,7515],[12,0]],[[7974,7515],[0,-64]],[[7974,7451],[75,0]],[[8062,7515],[12,0]],[[8137,7580],[25,0],[0,32],[25,0],[0,-32]],[[8187,7580],[50,0]],[[8237,7580],[0,-65]],[[8237,7515],[-13,0]],[[8224,7515],[0,-32]],[[8237,7451],[12,0]],[[8249,7451],[0,-32],[25,0],[0,32],[13,0],[0,-32],[25,0],[0,-65]],[[8312,7354],[-75,0]],[[8237,7322],[-13,0]],[[8224,7322],[0,-65],[-50,0],[0,-32],[-75,0],[0,-97],[-12,0],[0,-32],[-13,0],[0,-32]],[[8074,7064],[-87,0]],[[7987,7032],[-25,0]],[[7962,7064],[-38,0]],[[7924,7032],[-12,0]],[[7912,7032],[0,-33]],[[7912,6999],[-63,0],[0,33],[-25,0],[0,32],[-62,0],[0,32],[-13,0],[0,32],[-25,0],[0,33],[-12,0],[0,32],[-50,0]],[[7662,7193],[0,-32]],[[7662,7161],[-38,0]],[[7624,7161],[0,32]],[[7624,7193],[-25,0]],[[7599,7193],[0,64]],[[7599,7257],[-50,0]],[[7549,7225],[-25,0]],[[7524,7225],[0,161],[-12,0],[0,33],[-25,0],[0,32],[-13,0],[0,32],[-12,0],[0,32],[-13,0],[0,33]],[[7537,7644],[37,0]],[[7599,7612],[0,32]],[[7599,7644],[13,0]],[[7624,7580],[100,0]],[[7724,7644],[0,33]],[[7712,7419],[25,0]],[[7737,7451],[-25,0]],[[7824,7128],[25,0]],[[7887,7161],[-125,0]],[[5237,7064],[0,-65]],[[5237,6999],[-13,0],[0,65],[13,0]],[[5299,7064],[25,0]],[[5324,7064],[0,-65],[-12,0],[0,33],[-13,0]],[[5387,7064],[25,0],[0,-32],[25,0]],[[5437,7032],[0,-33]],[[5437,6999],[-38,0]],[[5399,6999],[0,33],[-12,0]],[[6874,7064],[13,0],[0,-65],[-13,0]],[[6874,6999],[0,65]],[[8974,7032],[0,-33]],[[8974,6999],[-25,0],[0,33],[-12,0]],[[1612,7032],[25,0]],[[1637,7032],[0,-33]],[[1637,6999],[-25,0]],[[1612,6999],[0,33]],[[1925,7032],[12,0]],[[1937,7032],[0,-33],[-12,0],[0,33]],[[2562,6999],[0,33],[13,0],[0,-33],[-13,0]],[[2762,7032],[0,-33],[-37,0],[0,33],[37,0]],[[3050,7032],[12,0],[0,-33]],[[3062,6999],[-12,0],[0,33]],[[5049,7032],[13,0]],[[5062,7032],[0,-33],[-13,0],[0,33]],[[5099,7032],[0,-33]],[[5099,6999],[-12,0]],[[5087,6999],[0,33]],[[5262,7032],[12,0]],[[5274,7032],[0,-33],[-12,0],[0,33]],[[5349,7032],[0,-33]],[[5349,6999],[-12,0]],[[5337,6999],[0,33]],[[5399,6999],[-12,0]],[[5387,6999],[0,33]],[[5524,7032],[0,-33]],[[5524,6999],[-12,0],[0,33]],[[5962,7032],[25,0],[0,-33]],[[5987,6999],[-25,0]],[[5962,6999],[0,33]],[[6337,7064],[0,-65]],[[6337,6999],[-25,0],[0,33],[12,0]],[[6324,7032],[0,32]],[[6349,7032],[0,-33]],[[6349,6999],[-12,0]],[[6337,6999],[0,33]],[[7187,7032],[0,-33]],[[7187,6999],[-13,0]],[[7174,6999],[0,33]],[[7187,7032],[25,0]],[[7212,7032],[0,-33]],[[7212,6999],[-25,0]],[[7212,7032],[25,0]],[[7237,7032],[0,-33]],[[7237,6999],[-25,0]],[[7799,6999],[0,33],[13,0],[0,-33],[-13,0]],[[7912,7032],[25,0]],[[7937,7032],[0,-33],[-25,0]],[[8624,7032],[13,0],[0,-33],[-13,0]],[[8624,6999],[0,33]],[[8874,7032],[0,-33],[-12,0],[0,33],[12,0]],[[8924,7032],[0,-33]],[[8924,6999],[-12,0],[0,33],[12,0]],[[8974,7032],[13,0],[0,-33],[-13,0]],[[1725,7225],[37,0]],[[1775,7193],[0,-65]],[[1775,7128],[25,0]],[[1812,7128],[25,0]],[[1887,7161],[13,0]],[[1900,7161],[0,-65]],[[1900,7064],[0,-65],[-13,0]],[[1887,6999],[0,-32]],[[1887,6967],[-12,0],[0,32],[-38,0],[0,33],[-25,0],[0,32],[-37,0],[0,32],[-25,0],[0,32],[-13,0],[0,33],[-12,0]],[[1725,7161],[0,64]],[[5324,7064],[13,0]],[[5337,7064],[0,-97]],[[5337,6967],[-13,0],[0,97]],[[8924,7096],[0,-32]],[[8924,7064],[-25,0],[0,-97],[-12,0]],[[8887,6967],[0,65],[-13,0]],[[8874,7032],[0,32]],[[8887,7064],[0,64],[25,0]],[[5437,7032],[25,0],[0,-65],[-13,0]],[[5449,6967],[0,32]],[[5449,6999],[-12,0]],[[8887,6967],[-13,0],[0,65]],[[1562,6999],[13,0],[0,-32],[-13,0],[0,32]],[[1637,7032],[13,0]],[[1650,7032],[0,-65]],[[1650,6967],[-25,0]],[[1625,6967],[0,32]],[[1625,6999],[12,0]],[[2700,6999],[12,0],[0,-32],[-12,0],[0,32]],[[5099,6999],[0,-32],[-12,0]],[[5087,6967],[0,32]],[[5237,6999],[12,0],[0,-32],[-12,0]],[[5237,6967],[0,32]],[[5349,6999],[0,-32]],[[5349,6967],[-12,0]],[[5337,6967],[0,32]],[[5524,6999],[13,0]],[[5537,6999],[0,-32],[-13,0],[0,32]],[[5737,6999],[25,0],[0,-32],[-25,0],[0,32]],[[6024,6999],[13,0],[0,-32],[-13,0]],[[6024,6967],[0,32]],[[6149,6967],[-12,0],[0,32],[12,0],[0,-32]],[[6262,6999],[12,0]],[[6274,6999],[0,-32]],[[6274,6967],[-12,0]],[[6262,6967],[0,32]],[[6274,6999],[13,0]],[[6287,6999],[0,-32]],[[6287,6967],[-13,0]],[[6362,6999],[12,0],[0,-32]],[[6374,6967],[-12,0],[0,32]],[[7149,6999],[13,0],[0,-32]],[[7162,6967],[-13,0]],[[7149,6967],[0,32]],[[7362,6999],[12,0],[0,-32],[-12,0],[0,32]],[[7537,6999],[12,0],[0,-32],[-12,0],[0,32]],[[7799,6999],[0,-32],[-12,0],[0,32],[12,0]],[[8299,7032],[13,0]],[[8312,7032],[0,-65],[-25,0]],[[8287,6967],[0,32]],[[8287,6999],[12,0],[0,33]],[[8362,6967],[-13,0]],[[8349,6967],[0,32],[13,0],[0,-32]],[[3037,7064],[0,-32]],[[3062,6999],[0,-64],[-100,0]],[[2962,6935],[0,290],[50,0],[0,-32],[-12,0],[0,-65],[-13,0],[0,-64],[50,0]],[[5362,7128],[0,-32]],[[5374,7096],[0,-64]],[[5387,6999],[62,0]],[[5449,6967],[-25,0],[0,-32]],[[5424,6935],[-12,0]],[[5412,6935],[0,32],[-38,0],[0,32],[-25,0]],[[5349,6999],[0,65]],[[5349,7064],[-50,0]],[[5287,7128],[37,0]],[[5324,7128],[0,33]],[[4975,7032],[25,0]],[[5000,7032],[0,-33]],[[5000,6999],[12,0],[0,-32],[-12,0],[0,-32],[-13,0],[0,64],[-12,0]],[[4975,6999],[0,33]],[[1612,6999],[13,0]],[[1625,6999],[0,-64]],[[1625,6935],[-13,0]],[[1612,6935],[0,64]],[[5412,6935],[-50,0]],[[5362,6935],[0,32],[-13,0]],[[5537,6999],[12,0]],[[5549,6999],[0,-32],[13,0],[0,-32]],[[5562,6935],[-25,0]],[[5537,6935],[0,64]],[[5887,6999],[0,-32]],[[5887,6967],[-13,0],[0,-32]],[[5874,6935],[-12,0]],[[5862,6935],[0,64],[25,0]],[[5912,7032],[0,-97]],[[5912,6935],[-25,0]],[[5887,6935],[0,64]],[[5887,6999],[12,0],[0,33],[13,0]],[[5987,6999],[37,0]],[[6024,6999],[0,-64]],[[6024,6935],[-12,0]],[[6012,6935],[0,32],[-13,0],[0,-32]],[[5999,6935],[-12,0]],[[5987,6935],[0,64]],[[6212,6999],[12,0]],[[6224,6999],[0,-64]],[[6224,6935],[-12,0]],[[6212,6935],[0,64]],[[6287,6999],[12,0],[0,-32],[13,0],[0,-32],[-25,0]],[[6287,6935],[0,64]],[[6349,6999],[13,0]],[[6374,6967],[0,-32],[-25,0]],[[6349,6935],[0,64]],[[7624,7193],[0,-65]],[[7637,7128],[0,-32],[25,0],[0,-32],[12,0],[0,-129],[-37,0],[0,32],[-13,0],[0,-32],[-12,0],[0,32],[-13,0],[0,32],[13,0],[0,33],[-25,0],[0,32],[-25,0],[0,64]],[[7599,7161],[0,32]],[[1725,6967],[12,0],[0,-32],[-12,0],[0,32]],[[1825,6967],[12,0],[0,-32],[-12,0],[0,32]],[[1912,6967],[25,0],[0,-32]],[[1937,6935],[-25,0]],[[1912,6935],[0,32]],[[2037,6999],[13,0]],[[2050,6999],[0,-64]],[[2050,6935],[-25,0]],[[2025,6935],[0,32],[12,0],[0,32]],[[5274,6935],[-12,0]],[[5262,6935],[0,32],[12,0],[0,-32]],[[5362,6935],[-13,0],[0,32]],[[5449,6967],[0,-32]],[[5449,6935],[-25,0]],[[5837,6967],[12,0]],[[5849,6967],[0,-32]],[[5849,6935],[-12,0]],[[5837,6935],[0,32]],[[5849,6967],[13,0],[0,-32]],[[5862,6935],[-13,0]],[[5887,6967],[0,-32]],[[5887,6935],[-13,0]],[[6012,6935],[-13,0]],[[6049,6967],[13,0]],[[6062,6967],[0,-32]],[[6062,6935],[-13,0]],[[6049,6935],[0,32]],[[6062,6967],[12,0]],[[6074,6967],[0,-32]],[[6074,6935],[-12,0]],[[6099,6967],[25,0]],[[6124,6967],[0,-32],[-25,0],[0,32]],[[7149,6967],[25,0]],[[7174,6967],[0,-32],[-25,0]],[[7149,6935],[0,32]],[[7249,6967],[13,0],[0,-32],[-13,0],[0,32]],[[7462,6967],[25,0],[0,-32],[-25,0],[0,32]],[[7887,6967],[12,0],[0,-32],[-12,0],[0,32]],[[8262,6967],[12,0],[0,-32],[-12,0],[0,32]],[[8362,6967],[12,0]],[[8374,6967],[0,-32]],[[8374,6935],[-12,0],[0,32]],[[4812,7032],[25,0],[0,-97],[-12,0],[0,-32],[-25,0],[0,32],[-13,0],[0,64],[25,0],[0,33]],[[6349,6999],[0,-96]],[[6349,6903],[-12,0],[0,96]],[[5449,6967],[25,0]],[[5474,6967],[0,-64]],[[5474,6903],[-12,0]],[[5462,6903],[0,32]],[[5462,6935],[-13,0]],[[5699,6903],[-25,0]],[[5674,6903],[0,32],[-12,0],[0,32],[12,0],[0,32],[13,0],[0,-32],[12,0],[0,-64]],[[5974,6999],[13,0]],[[5987,6935],[-13,0]],[[5974,6935],[0,-32],[-12,0],[0,32],[-13,0],[0,32],[25,0],[0,32]],[[1787,6967],[25,0],[0,-32],[-12,0],[0,-32],[-38,0],[0,32],[25,0],[0,32]],[[2000,6935],[12,0]],[[2012,6935],[0,-32]],[[2012,6903],[-12,0]],[[2000,6903],[0,32]],[[2012,6935],[13,0]],[[2025,6935],[0,-32]],[[2025,6903],[-13,0]],[[4887,6935],[13,0],[0,-32]],[[4900,6903],[-13,0]],[[4887,6903],[0,32]],[[5224,6935],[0,-32]],[[5224,6903],[-12,0],[0,32],[12,0]],[[5224,6935],[13,0],[0,-32]],[[5237,6903],[-13,0]],[[5412,6935],[0,-32],[-25,0],[0,32],[25,0]],[[5499,6935],[13,0],[0,-32],[-13,0]],[[5499,6903],[0,32]],[[5537,6935],[0,-32]],[[5537,6903],[-13,0]],[[5524,6903],[0,32],[13,0]],[[5624,6935],[25,0],[0,-32],[-25,0],[0,32]],[[5724,6935],[13,0]],[[5737,6935],[0,-32],[-13,0]],[[5724,6903],[0,32]],[[5787,6935],[0,-32]],[[5787,6903],[-13,0]],[[5774,6903],[0,32],[13,0]],[[5837,6935],[0,-32]],[[5837,6903],[-13,0]],[[5824,6903],[0,32],[13,0]],[[5849,6935],[0,-32],[-12,0]],[[5912,6935],[12,0],[0,-32]],[[5924,6903],[-12,0],[0,32]],[[6262,6935],[12,0]],[[6274,6935],[0,-32],[-12,0]],[[6262,6903],[0,32]],[[6912,6935],[12,0],[0,-32],[-12,0],[0,32]],[[7049,6935],[13,0],[0,-32],[-13,0],[0,32]],[[4962,7096],[13,0]],[[4975,7096],[0,-97]],[[5000,6999],[0,65]],[[5000,7064],[12,0],[0,-32]],[[5012,7032],[37,0]],[[5062,7032],[25,0]],[[5087,7032],[0,-65]],[[5087,6967],[-25,0],[0,-32],[-25,0],[0,-32],[-50,0]],[[4987,6903],[0,-33]],[[4987,6870],[-12,0],[0,33],[-13,0],[0,-33],[-25,0]],[[4937,6870],[0,226]],[[5912,7032],[50,0]],[[5962,6999],[12,0]],[[5974,6935],[38,0]],[[6012,6935],[0,-32]],[[6012,6903],[-13,0],[0,-33]],[[5999,6870],[-50,0]],[[5949,6870],[0,33]],[[5949,6903],[-25,0]],[[6137,7096],[37,0]],[[6174,7096],[0,-32]],[[6174,7064],[38,0]],[[6212,7032],[25,0]],[[6237,7064],[12,0]],[[6262,7032],[0,-33]],[[6262,6999],[-13,0],[0,-64]],[[6249,6935],[13,0]],[[6262,6935],[0,-65]],[[6262,6870],[-13,0],[0,33],[-12,0],[0,64],[-13,0]],[[6224,6967],[0,32]],[[6212,6999],[0,-32]],[[6212,6967],[-13,0],[0,32],[-12,0],[0,-32],[-25,0],[0,-32]],[[6162,6935],[-13,0]],[[6149,6935],[0,97]],[[6162,7064],[-38,0]],[[1650,7064],[12,0],[0,-194]],[[1662,6870],[-12,0]],[[1650,6870],[0,65]],[[1650,6935],[-25,0]],[[1625,6935],[0,32]],[[1650,6967],[0,97]],[[5249,7096],[25,0]],[[5262,7032],[0,-97]],[[5274,6935],[0,-65]],[[5274,6870],[-25,0]],[[5249,6870],[0,33],[-12,0]],[[5237,6903],[0,64]],[[5474,6967],[13,0],[0,-32],[12,0]],[[5499,6935],[0,-65]],[[5499,6870],[-12,0]],[[5487,6870],[0,33],[-13,0]],[[1650,6935],[0,-32]],[[1650,6903],[-13,0],[0,-33],[-12,0]],[[1625,6870],[0,65]],[[1912,6935],[38,0]],[[1950,6935],[0,-32],[-25,0],[0,-33]],[[1925,6870],[-13,0]],[[1912,6870],[0,65]],[[5424,6935],[0,-32],[13,0],[0,-33]],[[5437,6870],[-25,0]],[[5412,6870],[0,65]],[[6024,6967],[25,0]],[[6049,6935],[25,0]],[[6074,6967],[25,0]],[[6124,6967],[25,0]],[[6149,6967],[0,-32]],[[6149,6935],[-12,0]],[[6137,6935],[0,-32]],[[6137,6903],[-100,0]],[[6037,6903],[0,-33]],[[6037,6870],[-25,0]],[[6012,6870],[0,65]],[[6024,6935],[0,32]],[[6399,6935],[13,0],[0,-65],[-13,0]],[[6399,6870],[0,65]],[[8924,6999],[13,0],[0,-129]],[[8937,6870],[-13,0],[0,33],[-12,0],[0,32],[12,0],[0,64]],[[1950,6935],[12,0]],[[1962,6935],[0,-32],[13,0],[0,-33],[-50,0]],[[4987,6903],[13,0]],[[5000,6903],[0,-33]],[[5000,6870],[-13,0]],[[5000,6903],[12,0]],[[5012,6903],[0,-33]],[[5012,6870],[-12,0]],[[5012,6903],[12,0],[0,-33],[-12,0]],[[5237,6903],[0,-33]],[[5237,6870],[-13,0]],[[5224,6870],[0,33]],[[5249,6870],[-12,0]],[[5474,6903],[0,-33]],[[5474,6870],[-12,0]],[[5462,6870],[0,33]],[[5487,6870],[-13,0]],[[5537,6903],[0,-33]],[[5537,6870],[-13,0],[0,33]],[[5612,6903],[0,-33]],[[5612,6870],[-13,0],[0,33],[13,0]],[[5662,6903],[25,0],[0,-33]],[[5687,6870],[-25,0]],[[5662,6870],[0,33]],[[5699,6903],[13,0],[0,-33]],[[5712,6870],[-13,0]],[[5699,6870],[0,33]],[[5824,6903],[0,-33]],[[5824,6870],[-12,0],[0,33],[12,0]],[[5837,6903],[0,-33]],[[5837,6870],[-13,0]],[[5849,6935],[63,0]],[[5924,6903],[0,-33],[-87,0]],[[5937,6903],[12,0]],[[5949,6870],[-12,0]],[[5937,6870],[0,33]],[[6012,6903],[0,-33]],[[6012,6870],[-13,0]],[[6062,6903],[12,0]],[[6074,6903],[0,-33],[-12,0],[0,33]],[[6099,6903],[75,0]],[[6174,6903],[0,32],[13,0],[0,-65],[-88,0],[0,33]],[[7174,6903],[13,0],[0,-33],[-13,0],[0,33]],[[7587,6903],[25,0],[0,-33],[-25,0],[0,33]],[[7624,6903],[13,0],[0,-33],[-13,0],[0,33]],[[7999,6903],[25,0],[0,-33],[-25,0],[0,33]],[[8574,6903],[13,0],[0,-33],[-13,0]],[[8574,6870],[0,33]],[[1912,7064],[0,-226]],[[1912,6838],[-12,0],[0,97]],[[1900,6935],[-13,0]],[[1887,6935],[0,64]],[[4937,7064],[0,-194]],[[4987,6870],[0,-32]],[[4987,6838],[-62,0],[0,32],[-13,0],[0,33]],[[4912,6903],[-12,0]],[[4887,6935],[0,32]],[[4887,6967],[25,0],[0,32],[13,0],[0,33],[-13,0]],[[4912,7032],[0,64]],[[6712,7225],[37,0]],[[6749,7257],[25,0]],[[6774,7193],[63,0]],[[6837,7193],[0,-65]],[[6874,7064],[0,-97]],[[6874,6967],[-25,0],[0,32],[-12,0],[0,-32],[-25,0],[0,32],[-38,0],[0,-32],[13,0],[0,-97],[-13,0],[0,-32],[-25,0],[0,97],[13,0],[0,64],[-13,0],[0,65]],[[6749,7064],[-12,0],[0,-32],[-13,0],[0,64],[-12,0],[0,65],[-13,0],[0,-33],[-37,0],[0,33]],[[6662,7161],[12,0],[0,32],[13,0],[0,97],[-13,0],[0,-33],[-25,0],[0,-64],[-12,0],[0,97]],[[2675,6935],[12,0],[0,-97],[-25,0],[0,65],[13,0],[0,32]],[[5762,6903],[37,0]],[[5799,6903],[0,-33],[-12,0]],[[5787,6870],[0,-32]],[[5787,6838],[-13,0]],[[5774,6838],[0,32]],[[5774,6870],[-12,0],[0,33]],[[6499,6903],[25,0],[0,-65],[-12,0],[0,32],[-13,0],[0,33]],[[8499,6870],[0,-32]],[[8499,6838],[-50,0]],[[8449,6838],[0,65],[13,0],[0,-33],[37,0]],[[8874,6903],[13,0],[0,-65],[-13,0]],[[8874,6838],[0,65]],[[1587,6870],[0,-32]],[[1587,6838],[-12,0],[0,32],[12,0]],[[2012,6870],[13,0]],[[2025,6870],[0,-32]],[[2025,6838],[-13,0]],[[2012,6838],[0,32]],[[2025,6870],[12,0]],[[2037,6870],[0,-32]],[[2037,6838],[-12,0]],[[5000,6870],[0,-32]],[[5000,6838],[-13,0]],[[5012,6870],[0,-32],[-12,0]],[[5237,6870],[0,-32],[-13,0]],[[5224,6838],[0,32]],[[5412,6870],[12,0]],[[5424,6870],[0,-32]],[[5424,6838],[-12,0],[0,32]],[[5474,6870],[0,-32]],[[5474,6838],[-12,0]],[[5462,6838],[0,32]],[[5499,6903],[25,0]],[[5524,6903],[0,-65],[-37,0]],[[5487,6838],[0,32]],[[5499,6870],[0,33]],[[5537,6870],[12,0]],[[5549,6870],[0,-32]],[[5549,6838],[-12,0]],[[5537,6838],[0,32]],[[5637,6870],[12,0]],[[5649,6870],[0,-32]],[[5649,6838],[-12,0]],[[5637,6838],[0,32]],[[5649,6870],[25,0],[0,-32],[-25,0]],[[5687,6870],[12,0]],[[5699,6870],[0,-32]],[[5699,6838],[-12,0],[0,32]],[[5699,6870],[25,0]],[[5724,6870],[0,-32]],[[5724,6838],[-25,0]],[[5837,6870],[0,-32]],[[5837,6838],[-13,0]],[[5824,6838],[0,32]],[[7949,6870],[13,0],[0,-32],[-13,0],[0,32]],[[8137,6870],[25,0]],[[8162,6870],[0,-32],[-25,0]],[[8137,6838],[0,32]],[[8362,6870],[12,0],[0,-32]],[[8374,6838],[-12,0]],[[8362,6838],[0,32]],[[8424,6838],[-12,0]],[[8412,6838],[0,32],[12,0],[0,-32]],[[8574,6870],[0,-32],[-25,0]],[[8549,6838],[0,32],[25,0]],[[5537,6903],[25,0],[0,-65],[12,0],[0,-32]],[[5574,6806],[-25,0]],[[5549,6806],[0,64]],[[6287,6903],[12,0],[0,-33],[13,0],[0,-64]],[[6312,6806],[-13,0]],[[6299,6806],[0,32],[-12,0]],[[6287,6838],[0,65]],[[5062,6870],[62,0],[0,-32],[-25,0],[0,-32],[-37,0],[0,64]],[[5274,6870],[0,-64]],[[5274,6806],[-12,0]],[[5262,6806],[0,32],[-13,0],[0,32]],[[5787,6967],[50,0]],[[5824,6838],[-12,0]],[[5812,6838],[0,-32]],[[5812,6806],[-25,0]],[[5787,6806],[0,64]],[[5799,6903],[-12,0]],[[5787,6903],[0,64]],[[8287,6870],[37,0]],[[8324,6870],[0,-64],[-12,0]],[[8312,6806],[0,32],[-25,0],[0,32]],[[1587,6838],[13,0]],[[1600,6838],[0,-32]],[[1600,6806],[-13,0],[0,32]],[[5000,6838],[0,-32],[-13,0]],[[4987,6806],[0,32]],[[5549,6838],[0,-32]],[[5549,6806],[-12,0],[0,32]],[[5649,6838],[0,-32],[-12,0]],[[5637,6806],[0,32]],[[5737,6838],[12,0]],[[5749,6838],[0,-32]],[[5749,6806],[-12,0]],[[5737,6806],[0,32]],[[5787,6838],[0,-32]],[[5787,6806],[-13,0]],[[5774,6806],[0,32]],[[5812,6838],[25,0]],[[5837,6838],[0,-32]],[[5837,6806],[-25,0]],[[6299,6806],[-12,0]],[[6287,6806],[0,32]],[[8262,6838],[12,0],[0,-32]],[[8274,6806],[-12,0]],[[8262,6806],[0,32]],[[8424,6838],[0,-32],[-12,0]],[[8412,6806],[0,32]],[[8549,6838],[0,-32]],[[8549,6806],[-12,0],[0,32],[12,0]],[[8549,6838],[13,0],[0,-32],[-13,0]],[[1650,6903],[0,-33]],[[1662,6870],[0,-64]],[[1662,6806],[-12,0],[0,-32]],[[1650,6774],[-13,0],[0,32],[-12,0],[0,64]],[[2000,6870],[0,-96]],[[2000,6774],[-25,0]],[[1975,6774],[0,64],[12,0],[0,32],[13,0]],[[5262,6806],[-13,0]],[[5249,6806],[0,-32]],[[5249,6774],[-12,0]],[[5237,6774],[0,32],[-13,0]],[[5224,6806],[0,32]],[[5312,7999],[25,0]],[[5387,7838],[0,32]],[[5399,7902],[50,0],[0,33],[75,0],[0,-33],[38,0]],[[5662,7741],[12,0]],[[5674,7741],[0,-32]],[[5737,7580],[-13,0]],[[5799,7580],[-12,0]],[[5874,7612],[0,-32]],[[5874,7580],[-50,0]],[[5849,7515],[0,-32],[-12,0],[0,-64],[-25,0]],[[5812,7419],[0,-65],[-13,0],[0,-32],[-25,0],[0,-32],[-25,0],[0,-65],[-25,0],[0,-64]],[[5724,7161],[50,0],[0,-33],[13,0],[0,-32]],[[5787,7096],[-50,0]],[[5737,7096],[0,-32],[-13,0]],[[5724,7064],[0,-161]],[[5737,6935],[12,0]],[[5749,6935],[0,-65]],[[5749,6870],[-37,0]],[[5674,6903],[-12,0]],[[5662,6870],[-25,0]],[[5637,6870],[0,-64]],[[5637,6806],[-38,0]],[[5599,6806],[0,-32],[-12,0]],[[5587,6774],[0,64],[25,0]],[[5612,6838],[0,97]],[[5612,6935],[-50,0]],[[5549,6999],[-25,0]],[[5537,7064],[-25,0]],[[5512,7064],[0,64]],[[5437,7193],[-25,0]],[[5399,7193],[-25,0],[0,64]],[[5387,7290],[-100,0]],[[5287,7322],[12,0]],[[5274,7354],[0,-64]],[[5249,7225],[38,0]],[[5287,7225],[0,-64]],[[5212,7128],[-25,0]],[[5187,7096],[-25,0]],[[5137,7161],[0,32]],[[5124,7193],[0,-32]],[[5112,7161],[0,-33]],[[5112,7128],[-25,0]],[[5087,7032],[-75,0]],[[5000,7064],[0,-32]],[[4975,7032],[0,64]],[[4975,7096],[62,0]],[[5037,7096],[0,-32]],[[5049,7064],[0,32]],[[5062,7096],[0,65]],[[5062,7161],[25,0]],[[5087,7193],[-38,0]],[[5049,7193],[0,64]],[[5037,7257],[0,-64]],[[5012,7225],[-25,0]],[[5000,7193],[0,-65]],[[5000,7128],[-38,0]],[[4962,7128],[0,129]],[[5012,7290],[62,0]],[[5074,7257],[25,0]],[[5099,7290],[13,0]],[[5112,7290],[0,-33]],[[5137,7225],[0,32]],[[5149,7257],[0,97]],[[5149,7354],[-25,0]],[[5124,7322],[-12,0]],[[5112,7322],[0,32]],[[5112,7354],[-25,0]],[[5074,7354],[-25,0]],[[5037,7354],[-13,0]],[[5000,7386],[0,33]],[[5024,7419],[0,64]],[[5012,7515],[75,0]],[[5087,7515],[0,65]],[[5087,7580],[12,0]],[[5112,7548],[0,-65]],[[5124,7483],[0,65]],[[5212,7386],[50,0]],[[5312,7451],[-75,0]],[[5299,7612],[0,32]],[[5324,7677],[0,-33]],[[5324,7644],[13,0]],[[5399,7580],[0,64]],[[5399,7644],[13,0]],[[5412,7677],[-50,0]],[[5337,7773],[12,0]],[[5349,7902],[-50,0]],[[5299,7902],[0,65]],[[5474,7580],[0,-65]],[[5474,7515],[25,0]],[[5499,7515],[0,33]],[[5499,7548],[25,0]],[[5524,7580],[-50,0]],[[5549,7322],[0,-65]],[[5549,7257],[-12,0]],[[5537,7225],[25,0]],[[5587,7225],[25,0]],[[5437,7322],[-38,0]],[[5399,7290],[38,0]],[[5437,7290],[0,-33]],[[5462,7322],[-13,0]],[[5187,7225],[37,0]],[[8449,6838],[25,0]],[[8474,6838],[0,-64]],[[8474,6774],[-12,0]],[[8462,6774],[0,32],[-13,0],[0,32]],[[8474,6838],[25,0]],[[8499,6838],[0,-64]],[[8499,6774],[-25,0]],[[1662,6806],[0,-32]],[[1662,6774],[-12,0]],[[1662,6806],[13,0]],[[1675,6806],[0,-32]],[[1675,6774],[-13,0]],[[1900,6806],[12,0]],[[1912,6806],[0,-32],[-12,0]],[[1900,6774],[0,32]],[[2075,6806],[12,0],[0,-32],[-12,0],[0,32]],[[4875,6774],[0,32],[12,0],[0,-32],[-12,0]],[[5237,6774],[-13,0],[0,32]],[[5249,6806],[25,0]],[[5274,6806],[0,-32],[-25,0]],[[5474,6838],[13,0]],[[5487,6838],[0,-64],[-25,0],[0,32]],[[5462,6806],[12,0],[0,32]],[[5537,6935],[75,0]],[[5612,6935],[0,-32]],[[5612,6870],[0,-32]],[[5587,6774],[-25,0]],[[5562,6774],[0,32],[12,0]],[[5674,6806],[13,0],[0,-32]],[[5687,6774],[-13,0],[0,32]],[[5749,6806],[0,-32]],[[5749,6774],[-12,0]],[[5737,6774],[0,32]],[[5799,6806],[13,0]],[[5812,6806],[0,-32],[-13,0]],[[5799,6774],[0,32]],[[5949,6806],[13,0],[0,-32],[-13,0],[0,32]],[[5974,6806],[13,0],[0,-32],[-13,0],[0,32]],[[6074,6806],[13,0],[0,-32],[-13,0],[0,32]],[[6162,6806],[12,0],[0,-32],[-12,0],[0,32]],[[6199,6806],[13,0],[0,-32],[-13,0],[0,32]],[[6362,6806],[12,0]],[[6374,6806],[0,-32],[-12,0],[0,32]],[[6462,6806],[12,0],[0,-32],[-12,0],[0,32]],[[6999,6806],[13,0],[0,-32],[-13,0],[0,32]],[[7899,6806],[13,0],[0,-32],[-13,0],[0,32]],[[8299,6806],[13,0]],[[8312,6806],[0,-32],[-13,0]],[[8299,6774],[0,32]],[[8549,6806],[25,0],[0,-32]],[[8574,6774],[-25,0],[0,32]],[[8874,6806],[13,0],[0,-32],[-13,0]],[[8874,6774],[0,32]],[[1775,7386],[0,-32]],[[1637,7386],[0,-64]],[[1600,7290],[25,0]],[[1625,7290],[0,-33]],[[1612,7032],[0,-97]],[[1625,6870],[-13,0],[0,33],[-25,0]],[[1587,6903],[0,-33]],[[1600,6806],[0,-65]],[[1600,6741],[-38,0],[0,33],[-12,0],[0,96],[-13,0],[0,65],[13,0],[0,32],[-13,0],[0,161]],[[1550,7128],[0,258]],[[1475,7677],[25,0]],[[1500,7644],[25,0]],[[1525,7644],[0,33]],[[1525,7677],[12,0]],[[1550,7612],[50,0]],[[1662,6870],[25,0],[0,-32],[13,0],[0,-32],[-13,0]],[[1687,6806],[0,-65]],[[1687,6741],[-12,0]],[[1675,6741],[0,65]],[[5424,6935],[38,0]],[[5462,6935],[0,-97]],[[5462,6806],[0,-65]],[[5462,6741],[-13,0]],[[5449,6741],[0,65]],[[5449,6806],[-12,0]],[[5437,6806],[0,32],[-13,0]],[[5424,6870],[13,0]],[[2912,6774],[13,0],[0,-33],[-38,0]],[[2887,6741],[0,65],[-12,0],[0,-65]],[[2875,6741],[-13,0],[0,33],[-12,0],[0,32],[-13,0],[0,32],[63,0],[0,-32],[12,0],[0,-32]],[[8412,6999],[0,-64],[-13,0],[0,-65],[-12,0],[0,-32],[25,0]],[[8412,6806],[-13,0],[0,-32],[-25,0],[0,-33],[-12,0]],[[8362,6741],[0,97]],[[8374,6838],[0,65],[13,0]],[[8387,6903],[0,64],[12,0],[0,32],[13,0]],[[2887,6741],[-12,0]],[[5037,6838],[12,0],[0,-97],[-25,0],[0,65],[13,0],[0,32]],[[5774,6806],[25,0]],[[5799,6806],[0,-65]],[[5799,6741],[-25,0]],[[5774,6741],[0,65]],[[6349,6806],[13,0]],[[6362,6806],[0,-65]],[[6362,6741],[-13,0],[0,65]],[[7124,6806],[13,0],[0,-65],[-13,0],[0,65]],[[1662,6774],[0,-33]],[[1662,6741],[-12,0],[0,33]],[[1675,6774],[0,-33]],[[1675,6741],[-13,0]],[[1875,6774],[12,0],[0,-33],[-12,0],[0,33]],[[2000,6774],[0,-33]],[[2000,6741],[-25,0]],[[1975,6741],[0,33]],[[2025,6774],[12,0],[0,-33]],[[2037,6741],[-12,0]],[[2025,6741],[0,33]],[[2125,6774],[12,0],[0,-33],[-12,0],[0,33]],[[4725,6774],[12,0],[0,-33]],[[4737,6741],[-12,0],[0,33]],[[4875,6774],[0,-33],[-13,0],[0,33],[13,0]],[[5412,6774],[0,-33]],[[5412,6741],[-13,0],[0,33],[13,0]],[[5412,6774],[25,0],[0,-33]],[[5437,6741],[-25,0]],[[6787,6741],[0,33],[12,0],[0,-33],[-12,0]],[[7374,6774],[13,0],[0,-33],[-13,0],[0,33]],[[6624,7290],[0,-323]],[[6624,6967],[13,0],[0,32],[12,0],[0,-32],[38,0],[0,-32],[37,0],[0,-65],[13,0],[0,-64],[25,0],[0,-32],[12,0],[0,-33],[13,0]],[[6787,6741],[0,-32],[-50,0],[0,32],[-38,0],[0,-32],[-12,0],[0,32],[-25,0],[0,-32],[-13,0],[0,32],[-50,0],[0,33],[-25,0],[0,32],[-12,0],[0,-32],[-13,0],[0,-33],[-25,0],[0,-32],[-37,0]],[[6487,6709],[0,97],[-25,0]],[[6462,6806],[0,161],[-13,0],[0,32]],[[6449,6999],[25,0],[0,33],[38,0],[0,-33],[12,0],[0,-32],[25,0],[0,161],[-12,0],[0,33],[-13,0],[0,64]],[[6524,7225],[13,0],[0,-32],[12,0],[0,64],[25,0],[0,33],[50,0]],[[5712,6806],[12,0],[0,-65],[13,0],[0,-32]],[[5737,6709],[-25,0],[0,97]],[[8262,6806],[37,0]],[[8299,6774],[-12,0],[0,-65]],[[8287,6709],[-13,0],[0,32],[-12,0]],[[8262,6741],[0,65]],[[5374,6709],[-12,0]],[[5362,6709],[0,65],[12,0],[0,-65]],[[8099,6709],[-12,0],[0,65],[12,0],[0,-65]],[[8462,6774],[37,0]],[[8499,6774],[0,-33]],[[8499,6741],[-25,0]],[[8474,6741],[0,-32]],[[8474,6709],[-12,0]],[[8462,6709],[0,65]],[[8849,6709],[-12,0]],[[8837,6709],[0,65],[12,0],[0,-65]],[[1712,6709],[0,32],[13,0],[0,-32],[-13,0]],[[1975,6741],[12,0]],[[1987,6741],[0,-32]],[[1987,6709],[-12,0]],[[1975,6709],[0,32]],[[2050,6741],[12,0]],[[2062,6741],[0,-32]],[[2062,6709],[-12,0]],[[2050,6709],[0,32]],[[2887,6741],[0,-32],[-12,0],[0,32]],[[4787,6741],[13,0],[0,-32],[-13,0],[0,32]],[[5349,6741],[13,0],[0,-32]],[[5362,6709],[-13,0],[0,32]],[[5387,6741],[0,-32]],[[5387,6709],[-13,0]],[[5374,6709],[0,32],[13,0]],[[5449,6806],[0,-97]],[[5449,6709],[-62,0]],[[5387,6741],[50,0]],[[5437,6741],[0,65]],[[5462,6741],[0,-32],[-13,0]],[[5449,6709],[0,32]],[[5649,6838],[13,0],[0,-32],[12,0]],[[5687,6774],[0,-33],[-25,0]],[[5662,6741],[0,-32]],[[5662,6709],[-25,0]],[[5637,6709],[0,32],[12,0],[0,33],[-12,0],[0,32]],[[5799,6741],[0,-32]],[[5799,6709],[-25,0]],[[5774,6709],[0,32]],[[5812,6741],[25,0],[0,-32]],[[5837,6709],[-25,0]],[[5812,6709],[0,32]],[[6137,6741],[25,0],[0,-32],[-25,0],[0,32]],[[6299,6741],[13,0],[0,-32],[-13,0],[0,32]],[[7874,6741],[13,0],[0,-32],[-13,0],[0,32]],[[8312,6709],[-25,0]],[[8287,6709],[0,32],[25,0],[0,-32]],[[2025,6806],[0,-65]],[[2025,6741],[25,0]],[[2050,6709],[-25,0]],[[2025,6709],[0,-32],[-13,0],[0,129],[13,0]],[[1875,6935],[25,0]],[[1912,6838],[0,32]],[[1925,6870],[0,-64]],[[1925,6806],[-25,0]],[[1900,6806],[0,-65]],[[1900,6741],[12,0],[0,-32],[-25,0],[0,-32],[-12,0]],[[1875,6677],[0,32],[-13,0]],[[1862,6709],[0,65],[13,0]],[[1875,6774],[0,32],[-13,0],[0,32],[25,0],[0,32],[-12,0],[0,65]],[[5587,6774],[0,-97],[-25,0],[0,97]],[[1675,6741],[0,-64]],[[1675,6677],[-13,0],[0,64]],[[4975,6741],[12,0],[0,-64],[-12,0]],[[4975,6677],[0,64]],[[5362,6709],[0,-32]],[[5362,6677],[-25,0],[0,64],[12,0]],[[8874,6774],[0,-65],[-12,0],[0,-32]],[[8862,6677],[-13,0]],[[8849,6677],[0,64],[13,0],[0,33],[12,0]],[[1600,6709],[0,-32]],[[1600,6677],[-13,0]],[[1587,6677],[0,32],[13,0]],[[1700,6709],[12,0]],[[1712,6709],[0,-32],[-12,0]],[[1700,6677],[0,32]],[[1812,6709],[13,0],[0,-32],[-13,0],[0,32]],[[1875,6677],[-13,0],[0,32]],[[2137,6709],[13,0],[0,-32],[-13,0],[0,32]],[[5374,6709],[0,-32]],[[5374,6677],[-12,0]],[[5374,6709],[38,0]],[[5412,6709],[0,-32]],[[5412,6677],[-38,0]],[[5412,6709],[25,0],[0,-32]],[[5437,6677],[-25,0]],[[8362,6741],[0,-32]],[[8362,6709],[-13,0],[0,-32]],[[8349,6677],[-25,0]],[[8324,6677],[0,32],[13,0],[0,32],[25,0]],[[8362,6709],[25,0]],[[8387,6709],[0,-32],[-25,0],[0,32]],[[8474,6709],[0,-32]],[[8474,6677],[-12,0],[0,32]],[[8499,6677],[-12,0]],[[8487,6677],[0,32],[12,0],[0,-32]],[[8537,6677],[-13,0],[0,32],[13,0],[0,-32]],[[8599,6677],[-12,0]],[[8587,6677],[0,32],[12,0],[0,-32]],[[8849,6709],[0,-32]],[[8849,6677],[-12,0],[0,32]],[[5599,6806],[25,0]],[[5624,6806],[0,-97],[-12,0]],[[5612,6709],[0,-65]],[[5612,6644],[-25,0],[0,130]],[[1687,6741],[0,-32]],[[1687,6709],[13,0]],[[1700,6709],[0,-65]],[[1700,6644],[-13,0]],[[1687,6644],[0,33],[-12,0]],[[2062,6741],[25,0],[0,-64],[13,0]],[[2100,6677],[0,-33]],[[2100,6644],[-25,0]],[[2075,6644],[0,65],[-13,0]],[[1875,6677],[0,-33],[-38,0],[0,65],[25,0]],[[5649,6709],[25,0]],[[5674,6709],[0,-32],[-12,0],[0,-33]],[[5662,6644],[-13,0],[0,65]],[[5999,6709],[25,0]],[[6024,6709],[0,-65]],[[6024,6644],[-25,0]],[[5999,6644],[0,65]],[[6399,6677],[-12,0],[0,-33]],[[6387,6644],[-13,0]],[[6374,6644],[0,33],[-12,0]],[[6362,6677],[0,32],[37,0],[0,-32]],[[8312,6709],[0,-32],[12,0]],[[8324,6677],[0,-33],[-25,0],[0,33],[-12,0],[0,32]],[[1600,6677],[0,-33]],[[1600,6644],[-13,0],[0,33]],[[1600,6677],[12,0]],[[1612,6677],[0,-33]],[[1612,6644],[-12,0]],[[1687,6644],[-12,0]],[[1675,6644],[0,33]],[[2037,6677],[13,0]],[[2050,6677],[0,-33]],[[2050,6644],[-13,0],[0,33]],[[2100,6677],[12,0],[0,-33],[-12,0]],[[2750,6677],[50,0],[0,-33],[-50,0],[0,33]],[[2875,6677],[12,0],[0,-33],[-12,0],[0,33]],[[4750,6644],[-13,0],[0,33],[13,0],[0,-33]],[[4837,6644],[-25,0]],[[4812,6644],[0,33],[25,0],[0,-33]],[[5137,6677],[12,0],[0,-33],[-12,0]],[[5137,6644],[0,33]],[[5287,6677],[12,0]],[[5299,6677],[0,-33],[-12,0],[0,33]],[[5362,6677],[25,0]],[[5387,6677],[0,-33]],[[5387,6644],[-25,0],[0,33]],[[5387,6677],[12,0]],[[5399,6677],[0,-33]],[[5399,6644],[-12,0]],[[5399,6677],[13,0]],[[5412,6677],[0,-33]],[[5412,6644],[-13,0]],[[5412,6677],[12,0]],[[5424,6677],[0,-33]],[[5424,6644],[-12,0]],[[5424,6677],[13,0]],[[5437,6677],[0,-33],[-13,0]],[[5712,6677],[12,0],[0,-33]],[[5724,6644],[-12,0],[0,33]],[[5749,6677],[0,-33]],[[5749,6644],[-12,0],[0,33],[12,0]],[[5837,6644],[-13,0],[0,33],[13,0],[0,-33]],[[5874,6644],[-25,0]],[[5849,6644],[0,33],[25,0],[0,-33]],[[6174,6644],[-12,0]],[[6162,6644],[0,33],[12,0],[0,-33]],[[6399,6677],[0,-33]],[[6399,6644],[-12,0]],[[6399,6677],[25,0],[0,-33],[-25,0]],[[6487,6644],[-13,0],[0,33],[13,0],[0,-33]],[[6712,6677],[12,0],[0,-33],[-12,0],[0,33]],[[6824,6677],[13,0],[0,-33],[-13,0],[0,33]],[[7262,6644],[-13,0],[0,33],[13,0],[0,-33]],[[7499,6709],[0,-65]],[[7499,6644],[-62,0],[0,33],[-13,0],[0,-33]],[[7424,6644],[-37,0]],[[7387,6644],[0,33],[12,0],[0,32],[38,0],[0,32],[50,0],[0,-32],[12,0]],[[8537,6677],[12,0],[0,-33],[-12,0]],[[8537,6644],[0,33]],[[2025,6935],[50,0]],[[2075,6935],[0,-32],[-13,0],[0,-33],[13,0],[0,-32],[-13,0],[0,-32],[-12,0],[0,-32],[12,0],[0,-33]],[[2062,6741],[-25,0]],[[2025,6774],[0,32]],[[2025,6709],[37,0]],[[2062,6709],[0,-32]],[[2062,6677],[-25,0]],[[2050,6644],[0,-32]],[[2050,6612],[-25,0]],[[2025,6612],[0,32]],[[2025,6644],[-25,0]],[[2000,6644],[0,33],[-13,0]],[[1987,6677],[0,64]],[[1987,6741],[13,0]],[[2000,6741],[0,162]],[[2000,6903],[25,0]],[[2012,6838],[25,0]],[[2037,6870],[-25,0]],[[5662,6741],[37,0],[0,-64]],[[5699,6677],[13,0]],[[5712,6677],[0,-65]],[[5712,6612],[-13,0]],[[5699,6612],[0,32],[-12,0],[0,-32]],[[5687,6612],[-13,0]],[[5674,6612],[0,97]],[[5674,6709],[-12,0]],[[5624,6806],[13,0]],[[5637,6709],[12,0]],[[5649,6709],[0,-97]],[[5649,6612],[-37,0]],[[5612,6612],[0,97]],[[5274,6677],[13,0]],[[5299,6677],[13,0],[0,-65]],[[5312,6612],[-38,0]],[[5274,6612],[0,65]],[[2012,6644],[13,0]],[[2025,6612],[-13,0]],[[2012,6612],[0,32]],[[2075,6644],[12,0]],[[2087,6644],[0,-32]],[[2087,6612],[-12,0],[0,32]],[[2712,6644],[13,0],[0,-32],[-13,0],[0,32]],[[4812,6644],[13,0]],[[4825,6644],[0,-32]],[[4825,6612],[-13,0]],[[4812,6612],[0,32]],[[5324,6644],[13,0],[0,-32],[-13,0],[0,32]],[[5399,6644],[25,0]],[[5424,6644],[0,-32],[-25,0],[0,32]],[[5612,6644],[0,-32]],[[5612,6612],[-13,0],[0,32],[13,0]],[[5662,6644],[12,0],[0,-32]],[[5674,6612],[-12,0],[0,32]],[[5699,6612],[-12,0]],[[5724,6644],[25,0]],[[5749,6644],[0,-32]],[[5749,6612],[-25,0],[0,32]],[[5749,6644],[13,0]],[[5762,6644],[0,-32]],[[5762,6612],[-13,0]],[[5762,6644],[12,0]],[[5774,6644],[0,-32]],[[5774,6612],[-12,0]],[[5774,6644],[13,0]],[[5787,6644],[0,-32]],[[5787,6612],[-13,0]],[[5874,6644],[0,-32]],[[5874,6612],[-25,0],[0,32]],[[5999,6677],[0,-65]],[[5999,6612],[-37,0]],[[5962,6612],[0,32],[25,0],[0,33],[12,0]],[[6162,6644],[0,-32],[-13,0],[0,32],[13,0]],[[6199,6644],[13,0]],[[6212,6644],[0,-32]],[[6212,6612],[-13,0]],[[6199,6612],[0,32]],[[6412,6644],[37,0]],[[6449,6644],[0,-32]],[[6449,6612],[-37,0]],[[6412,6612],[0,32]],[[6449,6644],[38,0]],[[6487,6644],[0,-32]],[[6487,6612],[-38,0]],[[6487,6644],[12,0],[0,-32],[-12,0]],[[7187,6644],[37,0],[0,-32],[-37,0],[0,32]],[[7599,6644],[13,0],[0,-32],[-13,0],[0,32]],[[8124,6644],[13,0],[0,-32],[-13,0],[0,32]],[[8374,6644],[13,0]],[[8387,6644],[0,-32]],[[8387,6612],[-13,0]],[[8374,6612],[0,32]],[[8387,6644],[25,0]],[[8412,6644],[0,-32],[-25,0]],[[8887,6644],[0,-32]],[[8887,6612],[-13,0]],[[8874,6612],[0,32],[13,0]],[[8887,6644],[12,0],[0,-32]],[[8899,6612],[-12,0]],[[6024,6709],[13,0]],[[6037,6709],[0,-32],[12,0],[0,-33]],[[6049,6644],[-12,0],[0,-64]],[[6037,6580],[-13,0]],[[6024,6580],[0,129]],[[8387,6709],[25,0],[0,-65]],[[8412,6644],[-38,0]],[[8374,6612],[-12,0],[0,-32],[-13,0],[0,32]],[[8349,6612],[-12,0]],[[8337,6612],[0,65]],[[8337,6677],[12,0]],[[8499,6677],[13,0]],[[8512,6677],[0,-97]],[[8512,6580],[-13,0],[0,97]],[[1612,6644],[0,-64],[-12,0],[0,64]],[[5837,6644],[12,0]],[[5849,6644],[0,-64],[-12,0]],[[5837,6580],[0,64]],[[6049,6644],[0,-64]],[[6049,6580],[-12,0]],[[6049,6644],[13,0],[0,-64]],[[6062,6580],[-13,0]],[[6174,6644],[25,0]],[[6199,6612],[25,0]],[[6224,6612],[0,-32]],[[6224,6580],[-37,0]],[[6187,6580],[0,32],[-13,0],[0,32]],[[8512,6644],[25,0]],[[8537,6644],[0,-64]],[[8537,6580],[-25,0]],[[8512,6580],[0,64]],[[8837,6644],[12,0],[0,-64],[-12,0],[0,64]],[[1700,6612],[12,0],[0,-32]],[[1712,6580],[-12,0]],[[1700,6580],[0,32]],[[1775,6612],[37,0],[0,-32],[-37,0],[0,32]],[[4825,6612],[0,-32],[-13,0],[0,32]],[[4862,6612],[13,0],[0,-32],[-13,0],[0,32]],[[5299,6612],[13,0]],[[5312,6612],[0,-32]],[[5312,6580],[-13,0]],[[5299,6580],[0,32]],[[5612,6612],[12,0]],[[5624,6612],[0,-32]],[[5624,6580],[-12,0],[0,32]],[[5624,6612],[13,0]],[[5637,6612],[0,-32]],[[5637,6580],[-13,0]],[[5637,6612],[12,0]],[[5649,6612],[0,-32]],[[5649,6580],[-12,0]],[[5712,6612],[0,-32],[-13,0],[0,32]],[[5762,6612],[25,0]],[[5787,6612],[0,-32]],[[5787,6580],[-25,0],[0,32]],[[5837,6580],[-38,0],[0,32],[13,0]],[[5812,6612],[0,97]],[[5812,6709],[62,0]],[[5874,6709],[0,65],[13,0],[0,-130],[-13,0]],[[5949,6612],[13,0]],[[5962,6612],[0,-32]],[[5962,6580],[-13,0],[0,32]],[[6224,6612],[25,0]],[[6249,6612],[0,-32]],[[6249,6580],[-25,0]],[[6324,6612],[13,0],[0,-32],[-13,0],[0,32]],[[6412,6612],[12,0]],[[6424,6612],[0,-32]],[[6424,6580],[-12,0]],[[6412,6580],[0,32]],[[6474,6612],[13,0]],[[6487,6612],[0,-32],[-13,0]],[[6474,6580],[0,32]],[[6849,6612],[0,-32]],[[6849,6580],[-62,0]],[[6787,6580],[0,32],[12,0],[0,32],[13,0],[0,-32],[37,0]],[[7124,6580],[-37,0],[0,32],[37,0],[0,-32]],[[7424,6612],[13,0]],[[7437,6612],[0,-32]],[[7437,6580],[-13,0],[0,32]],[[7437,6612],[12,0]],[[7449,6612],[0,-32],[-12,0]],[[7512,6612],[25,0],[0,-32]],[[7537,6580],[-25,0]],[[7512,6580],[0,32]],[[8249,6644],[0,-64]],[[8249,6580],[-25,0]],[[8224,6580],[0,32],[13,0],[0,32],[12,0]],[[8299,6612],[13,0]],[[8312,6612],[0,-32]],[[8312,6580],[-13,0]],[[8299,6580],[0,32]],[[8712,6580],[-25,0]],[[8687,6580],[0,32],[25,0],[0,-32]],[[2087,6612],[0,-32]],[[2087,6580],[-12,0],[0,-32],[-13,0],[0,96],[13,0]],[[2112,6548],[0,64],[-12,0],[0,32]],[[2100,6677],[0,32],[25,0],[0,-65],[12,0],[0,-32],[-12,0],[0,-64],[-13,0]],[[1612,6612],[13,0],[0,-64]],[[1625,6548],[-13,0],[0,64]],[[4825,6612],[12,0],[0,-64],[-12,0]],[[4825,6548],[0,64]],[[5387,6612],[25,0],[0,-64],[-25,0],[0,64]],[[8324,6612],[25,0]],[[8349,6612],[0,-64],[-12,0]],[[8337,6548],[0,32]],[[8337,6580],[-13,0]],[[8324,6580],[0,32]],[[5662,6580],[12,0],[0,-32],[-12,0]],[[5662,6548],[0,32]],[[5749,6580],[0,-32]],[[5749,6548],[-12,0]],[[5737,6548],[0,32],[12,0]],[[6062,6580],[12,0]],[[6074,6580],[0,-32],[-12,0],[0,32]],[[6424,6580],[13,0]],[[6437,6580],[0,-32]],[[6437,6548],[-13,0],[0,32]],[[6474,6580],[0,-32]],[[6474,6548],[-25,0],[0,32],[25,0]],[[6824,6580],[25,0]],[[6849,6580],[0,-32]],[[6849,6548],[-25,0]],[[6824,6548],[0,32]],[[7124,6580],[13,0],[0,-32]],[[7137,6548],[-13,0],[0,32]],[[7199,6580],[25,0]],[[7224,6580],[0,-32]],[[7224,6548],[-25,0]],[[7199,6548],[0,32]],[[7462,6580],[12,0],[0,-32],[-12,0],[0,32]],[[7574,6580],[13,0]],[[7587,6580],[0,-32]],[[7587,6548],[-13,0]],[[7574,6548],[0,32]],[[8049,6580],[13,0],[0,-32],[-13,0],[0,32]],[[8512,6580],[12,0]],[[8524,6580],[0,-32]],[[8524,6548],[-12,0],[0,32]],[[8699,6580],[13,0]],[[8712,6580],[0,-32],[-13,0],[0,32]],[[8912,6580],[0,-32]],[[8912,6548],[-25,0]],[[8887,6548],[0,32],[25,0]],[[8912,6580],[12,0],[0,-32],[-12,0]],[[5962,6580],[0,-65],[-25,0]],[[5937,6515],[0,65],[-50,0],[0,32],[62,0]],[[6424,6612],[50,0]],[[6474,6548],[0,-33]],[[6474,6515],[-37,0]],[[6437,6515],[0,65]],[[2137,6580],[13,0],[0,-65],[-13,0],[0,65]],[[5749,6580],[38,0]],[[5787,6580],[0,-32],[-25,0],[0,-33],[-13,0]],[[5749,6515],[0,65]],[[6399,6580],[25,0]],[[6437,6548],[0,-33]],[[6437,6515],[-25,0]],[[6412,6515],[0,33],[-13,0],[0,32]],[[7412,6612],[12,0]],[[7437,6580],[0,-65],[-50,0],[0,65],[25,0],[0,32]],[[7912,6999],[0,-32],[12,0],[0,-64],[13,0],[0,-33],[-13,0],[0,-32],[-12,0],[0,32],[-13,0],[0,-64]],[[7899,6806],[-100,0],[0,32],[-37,0],[0,32],[12,0],[0,65],[-12,0],[0,-32],[-75,0],[0,-33],[-13,0],[0,33],[-25,0],[0,-33],[13,0],[0,-64],[-50,0],[0,-32],[12,0],[0,-33],[-12,0],[0,-32],[37,0],[0,-65],[-25,0],[0,-32],[25,0],[0,-64],[-12,0],[0,32],[-25,0],[0,-32],[-13,0],[0,32]],[[7599,6580],[-25,0]],[[7574,6548],[-25,0]],[[7549,6548],[0,-33],[-62,0]],[[7487,6515],[0,65],[12,0],[0,-32],[13,0]],[[7512,6548],[0,32]],[[7512,6580],[37,0]],[[7549,6580],[0,32],[13,0],[0,32],[37,0]],[[7599,6644],[0,33],[-25,0],[0,32],[13,0],[0,32],[-25,0],[0,33],[-38,0],[0,-33],[-12,0],[0,-32],[12,0],[0,-32],[-25,0]],[[7499,6677],[0,32]],[[7387,6644],[-13,0]],[[7374,6644],[0,33],[-25,0],[0,-33],[-12,0],[0,-32],[-63,0],[0,32],[-12,0]],[[7262,6644],[0,-32],[-25,0],[0,129],[-13,0],[0,-32],[-12,0],[0,-32],[-38,0],[0,32],[-12,0],[0,32],[-13,0],[0,33],[13,0],[0,32],[12,0],[0,32],[38,0],[0,32],[37,0],[0,33],[25,0],[0,32],[138,0],[0,-32],[25,0],[0,32],[-13,0],[0,32],[-25,0],[0,32],[50,0],[0,33],[-12,0],[0,64],[12,0],[0,-32],[75,0],[0,-32],[13,0],[0,32],[12,0],[0,64],[13,0]],[[7662,7128],[0,65]],[[8299,6580],[0,-65]],[[8299,6515],[-12,0]],[[8287,6515],[0,65],[12,0]],[[8299,6580],[38,0]],[[8337,6548],[-25,0]],[[8312,6548],[0,-33]],[[8312,6515],[-13,0]],[[8937,6870],[0,33],[12,0],[0,-129],[-25,0]],[[8924,6774],[0,32],[-12,0],[0,-97],[-13,0],[0,-32],[-12,0],[0,-33]],[[8874,6612],[-12,0]],[[8862,6612],[0,-64],[-13,0],[0,-33],[-37,0],[0,33],[-25,0],[0,32],[12,0],[0,32],[25,0]],[[8824,6612],[0,65],[38,0]],[[8874,6806],[0,32]],[[8874,6903],[0,32],[13,0],[0,32]],[[1625,6548],[12,0]],[[1637,6548],[0,-33],[-12,0],[0,33]],[[1887,6548],[13,0]],[[1900,6548],[0,-33]],[[1900,6515],[-13,0],[0,33]],[[5074,6548],[13,0],[0,-33],[-13,0],[0,33]],[[5749,6548],[0,-33]],[[5749,6515],[-12,0],[0,33]],[[6012,6548],[12,0],[0,-33],[-12,0],[0,33]],[[6087,6548],[12,0]],[[6099,6548],[0,-33]],[[6099,6515],[-12,0]],[[6087,6515],[0,33]],[[6512,6548],[12,0],[0,-33],[-12,0],[0,33]],[[6812,6548],[50,0]],[[6862,6548],[0,-33],[-50,0]],[[6812,6515],[0,33]],[[7137,6548],[12,0],[0,-33],[-12,0],[0,33]],[[7212,6548],[12,0]],[[7224,6548],[0,-33]],[[7224,6515],[-12,0],[0,33]],[[7224,6548],[25,0],[0,-33]],[[7249,6515],[-25,0]],[[7274,6548],[13,0]],[[7287,6548],[0,-33]],[[7287,6515],[-13,0]],[[7274,6515],[0,33]],[[8237,6548],[12,0],[0,-33]],[[8249,6515],[-12,0]],[[8237,6515],[0,33]],[[8312,6548],[12,0],[0,-33]],[[8324,6515],[-12,0]],[[8899,6548],[13,0]],[[8912,6548],[0,-33],[-13,0],[0,33]],[[5649,6580],[13,0]],[[5662,6548],[25,0]],[[5687,6548],[0,-65]],[[5687,6483],[-13,0],[0,32],[-25,0],[0,65]],[[8249,6612],[50,0]],[[8287,6515],[-13,0]],[[8274,6515],[0,-32]],[[8274,6483],[-12,0]],[[8262,6483],[0,32],[-13,0]],[[8237,6548],[0,32]],[[8237,6580],[12,0]],[[8249,6580],[0,32]],[[2112,6548],[0,-65],[-12,0]],[[2100,6483],[0,32],[-13,0]],[[2087,6515],[0,33],[25,0]],[[5687,6548],[12,0]],[[5699,6548],[0,-65]],[[5699,6483],[-12,0]],[[5699,6548],[38,0]],[[5737,6548],[0,-65],[-38,0]],[[5924,6548],[13,0],[0,-33]],[[5937,6515],[12,0],[0,-32],[-25,0]],[[5924,6483],[0,65]],[[6787,6580],[37,0]],[[6824,6548],[-12,0]],[[6812,6548],[0,-65]],[[6812,6483],[-50,0]],[[6762,6483],[0,65],[25,0],[0,32]],[[7187,6580],[12,0]],[[7199,6580],[0,-65]],[[7199,6515],[-12,0],[0,-32]],[[7187,6483],[-13,0],[0,65],[13,0],[0,32]],[[7299,6483],[0,65],[13,0],[0,-33],[12,0],[0,-32],[-25,0]],[[1900,6515],[37,0],[0,-32]],[[1937,6483],[-37,0]],[[1900,6483],[0,32]],[[1962,6515],[13,0],[0,-32],[-13,0],[0,32]],[[2100,6483],[-13,0],[0,32]],[[5924,6483],[-37,0],[0,32],[12,0],[0,33],[25,0]],[[6037,6515],[12,0],[0,-32]],[[6049,6483],[-12,0]],[[6037,6483],[0,32]],[[6099,6515],[0,-32]],[[6099,6483],[-12,0]],[[6087,6483],[0,32]],[[6762,6483],[-38,0]],[[6724,6483],[0,32],[25,0],[0,65],[38,0]],[[7224,6515],[13,0]],[[7237,6515],[0,-32],[-13,0],[0,32]],[[7287,6515],[0,-32]],[[7287,6483],[-13,0]],[[7274,6483],[0,32]],[[7487,6515],[0,-32],[-13,0],[0,32],[13,0]],[[8162,6515],[25,0],[0,-32],[-25,0],[0,32]],[[8262,6483],[-13,0]],[[8249,6483],[0,32]],[[8274,6515],[38,0]],[[8312,6515],[0,-32]],[[8312,6483],[-38,0]],[[8499,6483],[-12,0]],[[8487,6483],[0,32],[12,0],[0,-32]],[[8587,6548],[0,-65]],[[8587,6483],[-50,0]],[[8537,6483],[0,32],[25,0],[0,97],[12,0],[0,-64],[13,0]],[[8587,6515],[12,0]],[[8599,6515],[0,-32]],[[8599,6483],[-12,0]],[[8587,6483],[0,32]],[[5287,6548],[0,-33]],[[5287,6515],[12,0],[0,-32],[-12,0],[0,-32]],[[5287,6451],[-13,0],[0,97],[13,0]],[[6149,6580],[0,-97]],[[6149,6483],[-12,0]],[[6137,6483],[0,-32]],[[6137,6451],[-25,0]],[[6112,6451],[0,32]],[[6112,6483],[-13,0]],[[6099,6483],[0,65]],[[6099,6548],[38,0],[0,32],[12,0]],[[7337,6548],[25,0],[0,-33],[-13,0],[0,-64],[-12,0],[0,97]],[[8512,7193],[25,0]],[[8624,7096],[0,-97]],[[8624,6999],[-12,0],[0,-96],[-38,0]],[[8574,6774],[0,-33],[13,0],[0,-64]],[[8599,6677],[0,-162]],[[8587,6515],[0,33]],[[8537,6483],[-13,0],[0,-32]],[[8524,6451],[-25,0]],[[8499,6451],[0,97],[25,0]],[[8524,6580],[13,0]],[[8512,6644],[0,33]],[[8487,6677],[-13,0]],[[8474,6677],[0,64]],[[8499,6741],[0,129]],[[8449,6838],[-25,0]],[[8412,6999],[25,0],[0,33]],[[8437,7032],[25,0]],[[8462,7032],[0,96]],[[8462,7128],[25,0],[0,33],[25,0],[0,32]],[[4837,6515],[0,-32],[-12,0],[0,-32]],[[4825,6451],[-13,0]],[[4812,6451],[0,64],[25,0]],[[6149,6515],[38,0],[0,-64]],[[6187,6451],[-13,0],[0,32]],[[6174,6483],[-25,0]],[[6149,6483],[0,32]],[[6937,6483],[0,-32]],[[6937,6451],[-25,0],[0,32],[-13,0]],[[6899,6483],[0,32],[25,0],[0,-32],[13,0]],[[8699,6451],[-12,0],[0,64],[12,0],[0,-64]],[[1687,6451],[-25,0]],[[1662,6451],[0,32],[25,0],[0,-32]],[[1900,6483],[25,0]],[[1925,6483],[0,-32]],[[1925,6451],[-25,0]],[[1900,6451],[0,32]],[[4812,6451],[-12,0],[0,32],[12,0],[0,-32]],[[4850,6483],[12,0],[0,-32],[-12,0],[0,32]],[[4887,6483],[0,-32]],[[4887,6451],[-12,0],[0,32],[12,0]],[[5287,6580],[25,0]],[[5312,6580],[0,-65],[12,0],[0,-32],[-12,0],[0,-32]],[[5312,6451],[-25,0]],[[5287,6515],[0,65]],[[5924,6483],[0,-32],[-25,0],[0,32],[25,0]],[[6087,6483],[25,0]],[[6112,6451],[-25,0],[0,32]],[[6899,6483],[0,-32],[-12,0],[0,32],[12,0]],[[6937,6483],[12,0],[0,-32],[-12,0]],[[7074,6451],[-12,0],[0,32],[12,0],[0,-32]],[[7287,6483],[12,0]],[[7299,6483],[0,-32],[-12,0],[0,32]],[[7362,6483],[50,0],[0,-32],[-50,0],[0,32]],[[8499,6483],[0,-32]],[[8499,6451],[-12,0],[0,32]],[[8537,6483],[0,-32]],[[8537,6451],[-13,0]],[[8537,6483],[25,0],[0,-32],[-25,0]],[[8637,6483],[0,-32],[-13,0]],[[8624,6451],[0,32],[13,0]],[[8774,6451],[0,32],[13,0],[0,-32],[-13,0]],[[8812,6483],[25,0]],[[8837,6483],[0,-32]],[[8837,6451],[-25,0]],[[8812,6451],[0,32]],[[8837,6483],[12,0]],[[8849,6483],[0,-32]],[[8849,6451],[-12,0]],[[8849,6483],[13,0],[0,-32],[-13,0]],[[6024,6644],[0,-64]],[[6037,6580],[0,-97]],[[6037,6483],[-13,0]],[[6024,6483],[0,-32],[-12,0],[0,-32]],[[6012,6419],[-13,0]],[[5999,6419],[0,161],[-12,0]],[[5987,6580],[0,32],[12,0]],[[5999,6612],[0,32]],[[5999,6419],[-12,0]],[[5987,6419],[0,161]],[[1975,6774],[0,-65]],[[1987,6709],[0,-32]],[[2000,6644],[12,0]],[[2012,6612],[38,0]],[[2050,6612],[0,65]],[[2050,6677],[12,0]],[[2087,6580],[0,64]],[[2087,6644],[13,0]],[[2087,6515],[-25,0],[0,-32],[-12,0],[0,-32],[-13,0],[0,-32],[-12,0],[0,129],[-13,0],[0,-33],[-12,0],[0,-64],[-13,0]],[[1987,6451],[0,-32]],[[1987,6419],[-25,0]],[[1962,6419],[0,32]],[[1962,6451],[-37,0]],[[1925,6483],[12,0]],[[1900,6515],[0,129]],[[1900,6644],[37,0],[0,33],[25,0],[0,64],[-12,0],[0,33],[25,0]],[[6137,6483],[37,0]],[[6187,6451],[0,-32]],[[6187,6419],[-25,0],[0,32],[-13,0],[0,-32],[-12,0]],[[6137,6419],[0,64]],[[1675,6451],[0,-32]],[[1675,6419],[-25,0],[0,32],[25,0]],[[1912,6451],[25,0]],[[1937,6451],[0,-32]],[[1937,6419],[-25,0]],[[1912,6419],[0,32]],[[1937,6451],[13,0]],[[1950,6451],[0,-32]],[[1950,6419],[-13,0]],[[5287,6451],[12,0]],[[5299,6451],[0,-32]],[[5299,6419],[-12,0]],[[5287,6419],[0,32]],[[5299,6451],[13,0]],[[5312,6451],[0,-32]],[[5312,6419],[-13,0]],[[5987,6419],[-13,0]],[[5974,6419],[0,32],[13,0],[0,-32]],[[6187,6451],[12,0],[0,-32],[-12,0]],[[6799,6419],[0,32],[13,0],[0,-32],[-13,0]],[[7012,6419],[-25,0],[0,32],[25,0],[0,-32]],[[7074,6451],[13,0],[0,-32],[-13,0],[0,32]],[[7462,6451],[12,0],[0,-32],[-12,0],[0,32]],[[7487,6451],[12,0],[0,-32],[-12,0],[0,32]],[[7512,6451],[12,0],[0,-32],[-12,0],[0,32]],[[7937,6451],[12,0],[0,-32],[-12,0],[0,32]],[[7999,6451],[13,0],[0,-32],[-13,0],[0,32]],[[8624,6451],[0,-32],[-25,0]],[[8599,6419],[0,32],[25,0]],[[8699,6451],[25,0],[0,-32],[-25,0]],[[8699,6419],[0,32]],[[8774,6451],[0,-32],[-12,0],[0,32],[12,0]],[[4887,6515],[25,0],[0,-32],[38,0],[0,-64]],[[4950,6419],[-50,0],[0,-33],[-13,0]],[[4887,6386],[0,129]],[[7424,6483],[13,0],[0,-97],[-13,0],[0,97]],[[1812,6451],[25,0],[0,-32],[-12,0],[0,-33],[-13,0],[0,65]],[[1950,6451],[12,0]],[[1962,6451],[0,-65]],[[1962,6386],[-12,0]],[[1950,6386],[0,65]],[[6512,6451],[12,0],[0,-32],[13,0],[0,-33],[-25,0],[0,65]],[[6762,6386],[-25,0],[0,65],[25,0],[0,-65]],[[7974,6451],[13,0],[0,-65],[-13,0],[0,65]],[[8137,6451],[12,0]],[[8149,6451],[0,-65]],[[8149,6386],[-12,0]],[[8137,6386],[0,65]],[[1750,6419],[12,0],[0,-33],[-12,0],[0,33]],[[1962,6419],[13,0]],[[1975,6419],[0,-33]],[[1975,6386],[-13,0]],[[1962,6386],[0,33]],[[1975,6419],[12,0]],[[1987,6419],[0,-33]],[[1987,6386],[-12,0]],[[4775,6419],[0,-33]],[[4775,6386],[-13,0],[0,33],[13,0]],[[4950,6419],[12,0],[0,-33]],[[4962,6386],[-12,0],[0,33]],[[5312,6419],[12,0],[0,-33],[-12,0]],[[5312,6386],[0,33]],[[5999,6419],[0,-33],[-12,0],[0,33]],[[6037,6419],[12,0]],[[6049,6419],[0,-33]],[[6049,6386],[-12,0]],[[6037,6386],[0,33]],[[6337,6419],[12,0],[0,-33],[-12,0],[0,33]],[[6687,6419],[12,0]],[[6699,6419],[0,-33]],[[6699,6386],[-12,0]],[[6687,6386],[0,33]],[[6799,6419],[0,-33]],[[6799,6386],[-12,0]],[[6787,6386],[0,33],[12,0]],[[6937,6419],[12,0],[0,-33],[-12,0],[0,33]],[[7312,6419],[12,0],[0,-33],[-12,0],[0,33]],[[7387,6419],[12,0],[0,-33],[-12,0],[0,33]],[[8524,6419],[13,0],[0,-33],[-13,0]],[[8524,6386],[0,33]],[[8637,6419],[12,0],[0,-33],[-12,0],[0,33]],[[8662,6419],[12,0],[0,-33],[-12,0],[0,33]],[[8699,6419],[0,-33],[-12,0],[0,33],[12,0]],[[5274,6612],[25,0]],[[5299,6580],[-12,0]],[[5287,6580],[0,-32]],[[5287,6419],[25,0]],[[5312,6419],[0,-65]],[[5312,6354],[-13,0],[0,32]],[[5299,6386],[-62,0]],[[5237,6386],[0,33],[-13,0]],[[5224,6419],[0,96]],[[5224,6515],[13,0],[0,33],[-13,0],[0,32],[50,0]],[[5274,6580],[0,32]],[[7187,6483],[25,0],[0,-32],[12,0],[0,-32],[-12,0],[0,-65],[-13,0],[0,32],[-12,0],[0,97]],[[4775,6419],[25,0]],[[4800,6419],[0,-65],[-13,0],[0,32]],[[4787,6386],[-12,0]],[[7012,6419],[12,0]],[[7024,6419],[0,-65]],[[7024,6354],[-12,0]],[[7012,6354],[0,65]],[[8524,6386],[-12,0],[0,-32]],[[8512,6354],[-13,0],[0,65],[25,0]],[[1962,6386],[25,0]],[[1987,6386],[0,-32]],[[1987,6354],[-25,0],[0,32]],[[1987,6386],[25,0]],[[2012,6386],[0,-32],[-25,0]],[[2062,6386],[0,-32]],[[2062,6354],[-12,0]],[[2050,6354],[0,32],[12,0]],[[2062,6386],[13,0]],[[2075,6386],[0,-32]],[[2075,6354],[-13,0]],[[2812,6386],[0,-32],[-12,0]],[[2800,6354],[0,32],[12,0]],[[4525,6386],[0,-32],[-13,0]],[[4512,6354],[0,32],[13,0]],[[4962,6386],[13,0],[0,-32],[-13,0]],[[4962,6354],[0,32]],[[5187,6386],[0,-32],[-13,0],[0,32],[13,0]],[[5337,6386],[12,0]],[[5349,6386],[0,-32]],[[5349,6354],[-12,0],[0,32]],[[5349,6386],[25,0],[0,-32]],[[5374,6354],[-25,0]],[[5599,6386],[0,-32]],[[5599,6354],[-12,0],[0,32],[12,0]],[[6099,6386],[13,0],[0,-32],[-13,0],[0,32]],[[6699,6386],[0,-32]],[[6699,6354],[-12,0]],[[6687,6354],[0,32]],[[7924,6386],[13,0]],[[7937,6386],[0,-32]],[[7937,6354],[-13,0]],[[7924,6354],[0,32]],[[8287,6354],[0,32],[12,0],[0,-32],[-12,0]],[[8524,6386],[0,-32],[-12,0]],[[8599,6386],[13,0],[0,-32],[-13,0],[0,32]],[[8712,6386],[25,0],[0,-32],[-25,0]],[[8712,6354],[0,32]],[[8874,6386],[13,0],[0,-32],[-13,0],[0,32]],[[1925,6419],[25,0]],[[1950,6419],[0,-33]],[[1987,6354],[0,-32]],[[1987,6322],[-37,0],[0,32],[-25,0],[0,65]],[[6912,6419],[12,0]],[[6924,6419],[0,-97]],[[6924,6322],[-12,0]],[[6912,6322],[0,97]],[[6037,6580],[25,0]],[[6074,6580],[25,0]],[[6099,6580],[0,-32]],[[6087,6548],[0,-65]],[[6087,6483],[-13,0],[0,-32],[-37,0]],[[6037,6451],[0,-65]],[[6049,6386],[0,-32]],[[6049,6354],[-12,0],[0,-32]],[[6037,6322],[-13,0],[0,32],[-12,0]],[[6012,6354],[0,32]],[[6012,6386],[12,0],[0,33]],[[6024,6419],[-12,0]],[[6024,6483],[25,0]],[[6037,6515],[0,65]],[[6249,6322],[-25,0]],[[6224,6322],[0,32]],[[6224,6354],[-12,0],[0,32]],[[6212,6386],[12,0]],[[6224,6386],[0,33],[13,0],[0,-33],[12,0],[0,-64]],[[6762,6386],[50,0]],[[6812,6386],[0,-32],[-25,0]],[[6787,6354],[0,-32]],[[6787,6322],[-25,0]],[[6762,6322],[0,64]],[[1700,6354],[12,0],[0,-32],[-12,0],[0,32]],[[4525,6386],[12,0],[0,-64],[-25,0],[0,32]],[[4875,6386],[0,-64]],[[4875,6322],[-25,0]],[[4850,6322],[0,32],[12,0],[0,32],[13,0]],[[5374,6354],[0,-32],[-25,0],[0,32]],[[5412,6354],[12,0],[0,-32],[-12,0]],[[5412,6322],[0,32]],[[5562,6354],[0,-32],[-13,0]],[[5549,6322],[0,32],[13,0]],[[6974,6354],[13,0],[0,-32],[-13,0],[0,32]],[[7237,6354],[12,0],[0,-32],[-12,0],[0,32]],[[6937,6451],[0,-32]],[[6937,6419],[-38,0]],[[6899,6419],[0,-33],[-12,0],[0,-32],[-13,0],[0,-32],[-25,0],[0,-32],[-12,0],[0,64],[-13,0],[0,32]],[[6824,6386],[-25,0]],[[6787,6386],[-25,0]],[[6762,6322],[-25,0],[0,32]],[[6737,6354],[-38,0]],[[6699,6354],[0,129]],[[6699,6483],[113,0]],[[6812,6483],[0,32]],[[6862,6548],[25,0]],[[6887,6548],[0,32],[37,0],[0,32],[13,0],[0,65],[12,0],[0,64],[38,0],[0,-129],[-13,0],[0,-32],[13,0],[0,-32],[-13,0],[0,-33],[-37,0],[0,-32]],[[5274,6386],[25,0]],[[5312,6354],[0,-32]],[[5312,6322],[-13,0]],[[5299,6322],[0,-32]],[[5299,6290],[-25,0],[0,96]],[[5999,6419],[25,0]],[[6012,6386],[0,-64]],[[6012,6322],[-13,0],[0,32],[-25,0],[0,-64]],[[5974,6290],[-12,0],[0,96],[12,0],[0,33]],[[5199,6354],[25,0],[0,-32],[13,0],[0,-32],[-38,0],[0,64]],[[1775,6322],[12,0],[0,-32],[-12,0],[0,32]],[[1987,6322],[13,0],[0,-32],[-13,0]],[[1987,6290],[0,32]],[[2012,6322],[13,0],[0,-32],[-13,0],[0,32]],[[4737,6290],[-12,0]],[[4725,6290],[0,32],[12,0],[0,-32]],[[4787,6322],[13,0],[0,-32],[-13,0],[0,32]],[[4850,6322],[0,-32],[-13,0]],[[4837,6290],[0,32],[13,0]],[[5687,6322],[12,0],[0,-32],[-12,0]],[[5687,6290],[0,32]],[[6224,6322],[13,0]],[[6237,6322],[0,-32]],[[6237,6290],[-13,0]],[[6224,6290],[0,32]],[[6249,6322],[13,0],[0,-32],[-13,0]],[[6249,6290],[0,32]],[[6787,6322],[0,-32]],[[6787,6290],[-25,0],[0,32]],[[6799,6322],[13,0],[0,-32],[-13,0],[0,32]],[[6924,6322],[0,-32]],[[6924,6290],[-12,0]],[[6912,6290],[0,32]],[[8612,6322],[0,-32],[-13,0],[0,32],[13,0]],[[8662,6322],[0,-32]],[[8662,6290],[-13,0],[0,32],[13,0]],[[6037,6322],[25,0],[0,-32],[-13,0],[0,-33]],[[6049,6257],[-12,0],[0,65]],[[6237,6322],[12,0]],[[6249,6322],[0,-65]],[[6249,6257],[-12,0]],[[6237,6257],[0,65]],[[6462,6322],[12,0],[0,-32],[13,0],[0,-33],[-25,0],[0,65]],[[6962,6322],[0,-65]],[[6962,6257],[-13,0],[0,65],[13,0]],[[1987,6290],[0,-33],[-25,0],[0,33],[25,0]],[[4750,6290],[25,0],[0,-33],[-25,0],[0,33]],[[4837,6290],[0,-33]],[[4837,6257],[-12,0]],[[4825,6257],[0,33],[12,0]],[[5162,6290],[12,0],[0,-33],[-12,0],[0,33]],[[5387,6257],[-13,0],[0,33],[13,0],[0,-33]],[[5849,6290],[13,0]],[[5862,6290],[0,-33],[-13,0],[0,33]],[[6287,6257],[-13,0],[0,33],[13,0],[0,-33]],[[7037,6257],[0,33],[12,0],[0,-33],[-12,0]],[[7074,6290],[13,0],[0,-33],[-13,0],[0,33]],[[7187,6290],[12,0],[0,-33],[-12,0],[0,33]],[[8924,6774],[13,0],[0,-33],[-13,0],[0,-97],[-12,0],[0,-64]],[[8887,6548],[12,0]],[[8899,6548],[0,-65],[-87,0]],[[8812,6451],[-13,0],[0,-32],[-12,0],[0,-33],[-75,0]],[[8712,6354],[-13,0],[0,-32],[-37,0]],[[8662,6322],[0,32],[-25,0],[0,-32],[-13,0],[0,-32],[13,0],[0,-33],[-13,0]],[[8624,6257],[0,-32],[-12,0],[0,97]],[[8612,6322],[-50,0],[0,32],[12,0],[0,32],[13,0],[0,97]],[[8599,6483],[0,-64]],[[8637,6483],[12,0],[0,32],[25,0],[0,33],[13,0],[0,32]],[[8687,6580],[12,0]],[[8712,6580],[62,0],[0,32],[13,0],[0,97],[37,0],[0,-97]],[[8862,6612],[37,0]],[[1725,7193],[0,-32]],[[1887,6967],[0,-32]],[[1887,6935],[-12,0]],[[1900,6741],[0,33]],[[1912,6806],[13,0]],[[1962,6935],[-25,0]],[[1912,6967],[0,65]],[[1912,7032],[13,0]],[[1962,7064],[25,0]],[[1987,7096],[13,0],[0,65]],[[2000,7161],[25,0]],[[2037,7161],[25,0],[0,-33],[13,0],[0,33],[12,0],[0,-33],[13,0],[0,-32],[-63,0],[0,-32],[25,0],[0,-32],[13,0],[0,-33]],[[2075,6999],[-38,0]],[[2025,6935],[-25,0]],[[2000,6935],[0,-65]],[[1900,6644],[0,-96]],[[1900,6548],[-88,0]],[[1812,6548],[0,-65],[38,0],[0,32],[12,0],[0,-96],[-12,0],[0,-33],[12,0],[0,-32],[25,0],[0,-64],[-25,0],[0,-65]],[[1862,6225],[-25,0],[0,32],[-25,0],[0,65]],[[1812,6322],[13,0],[0,32],[-25,0],[0,32],[-13,0],[0,33],[-12,0],[0,32],[-13,0],[0,64],[-37,0],[0,33],[12,0],[0,32]],[[1737,6580],[-25,0]],[[1700,6612],[0,65]],[[1712,6709],[-25,0]],[[1687,6709],[0,97]],[[1675,7161],[0,-33]],[[1675,7128],[12,0]],[[1712,7096],[0,97]],[[4962,6290],[0,-33],[-25,0],[0,-32],[-12,0],[0,32],[-13,0]],[[4912,6257],[0,33],[50,0]],[[6299,6257],[0,33],[25,0],[0,-65],[-12,0],[0,32],[-13,0]],[[6962,6290],[12,0],[0,-65],[-12,0]],[[6962,6225],[0,65]],[[1750,6257],[12,0]],[[1762,6257],[0,-32],[-12,0],[0,32]],[[2125,6257],[0,-32],[-13,0]],[[2112,6225],[0,32],[13,0]],[[4900,6257],[12,0]],[[4912,6257],[0,-32]],[[4912,6225],[-12,0]],[[4900,6225],[0,32]],[[5387,6257],[12,0],[0,-32],[-12,0],[0,32]],[[5449,6257],[38,0],[0,-32],[-38,0]],[[5449,6225],[0,32]],[[5774,6257],[25,0],[0,-32],[-25,0]],[[5774,6225],[0,32]],[[5824,6257],[0,-32],[-12,0]],[[5812,6225],[0,32],[12,0]],[[6287,6257],[12,0]],[[6299,6257],[0,-32]],[[6299,6225],[-12,0]],[[6287,6225],[0,32]],[[7037,6257],[0,-32]],[[7037,6225],[-25,0],[0,32],[25,0]],[[7962,6225],[-38,0],[0,32],[38,0],[0,-32]],[[8387,6257],[0,-32]],[[8387,6225],[-38,0]],[[8349,6225],[0,32],[38,0]],[[6112,6451],[0,-32],[-25,0],[0,-97],[12,0],[0,-32],[25,0],[0,-33],[25,0],[0,-32],[13,0],[0,-32],[-38,0],[0,32],[-50,0],[0,32],[-25,0]],[[6049,6354],[0,65]],[[6037,6419],[0,32]],[[6787,6257],[37,0],[0,-32],[13,0],[0,-32],[-50,0],[0,64]],[[8662,6290],[0,-65],[-25,0]],[[8637,6225],[0,-32]],[[8637,6193],[-13,0],[0,64]],[[1787,6225],[13,0],[0,-32],[-13,0],[0,32]],[[4750,6225],[12,0],[0,-32]],[[4762,6193],[-12,0]],[[4750,6193],[0,32]],[[4812,6225],[13,0],[0,-32]],[[4825,6193],[-13,0]],[[4812,6193],[0,32]],[[6299,6225],[0,-32]],[[6299,6193],[-12,0]],[[6287,6193],[0,32]],[[6499,6225],[13,0],[0,-32],[-13,0],[0,32]],[[7037,6225],[12,0],[0,-32],[-12,0]],[[7037,6193],[0,32]],[[8337,6225],[12,0]],[[8349,6225],[0,-32]],[[8349,6193],[-12,0]],[[8337,6193],[0,32]],[[4825,7064],[0,32]],[[4837,7128],[75,0]],[[4912,7128],[0,-96]],[[4887,6967],[0,-64]],[[4887,6903],[25,0]],[[4987,6806],[25,0],[0,-65],[-37,0]],[[4975,6677],[-13,0],[0,-33],[-12,0],[0,-32],[-88,0]],[[4862,6612],[0,-64],[100,0],[0,32],[38,0],[0,32],[24,0],[0,32],[75,0],[0,33],[38,0]],[[5137,6644],[25,0],[0,33],[112,0]],[[5274,6677],[0,-97]],[[5224,6515],[0,-64]],[[5224,6451],[-12,0],[0,-32],[-13,0],[0,-33],[-12,0]],[[5187,6386],[0,33],[-50,0],[0,-65],[-13,0],[0,-32],[-12,0],[0,-32],[-13,0],[0,-33],[-12,0],[0,97],[-75,0],[0,-32],[-25,0],[0,-32],[-25,0]],[[4962,6290],[0,64]],[[4887,6515],[0,-32]],[[4887,6451],[0,-32]],[[4887,6419],[-12,0]],[[4875,6419],[0,-33]],[[4825,6257],[-38,0]],[[4787,6257],[0,-32],[-12,0]],[[4775,6225],[0,-32]],[[4775,6193],[-13,0]],[[4750,6225],[0,-64]],[[4750,6161],[-25,0]],[[4725,6161],[0,129]],[[4737,6290],[0,64],[13,0],[0,32],[37,0]],[[4800,6419],[-13,0],[0,32],[38,0]],[[4837,6515],[-12,0],[0,33]],[[4825,6644],[12,0]],[[4812,6644],[-62,0]],[[4750,6644],[0,97],[-13,0]],[[4725,6774],[0,32],[12,0],[0,64],[13,0],[0,162],[-13,0],[0,96],[63,0]],[[4725,6161],[-13,0]],[[4712,6161],[0,96],[13,0],[0,-96]],[[5449,6225],[63,0],[0,-32],[12,0]],[[5524,6193],[0,-32]],[[5524,6161],[-37,0]],[[5487,6161],[0,32],[-50,0]],[[5437,6193],[0,64],[12,0]],[[5599,6386],[25,0],[0,-32],[25,0],[0,-32],[38,0]],[[5687,6290],[62,0],[0,-33],[-62,0]],[[5687,6257],[0,-96],[-13,0],[0,32],[-12,0],[0,-32],[-25,0],[0,96],[12,0],[0,33],[-37,0],[0,-33],[-13,0],[0,65],[-12,0],[0,-32],[-13,0],[0,-65],[-25,0]],[[5549,6225],[0,97]],[[5562,6354],[37,0]],[[2112,6225],[0,-32],[13,0],[0,-32],[-25,0],[0,64],[12,0]],[[5862,6225],[12,0],[0,-64],[-12,0],[0,64]],[[5924,6161],[-12,0],[0,64],[25,0],[0,-32],[-13,0],[0,-32]],[[6174,6193],[13,0],[0,-32],[-13,0],[0,32]],[[7037,6193],[0,-32]],[[7037,6161],[-38,0]],[[6999,6161],[0,32],[38,0]],[[7899,6193],[13,0]],[[7912,6193],[0,-32]],[[7912,6161],[-13,0]],[[7899,6161],[0,32]],[[7937,6161],[-13,0],[0,32],[13,0],[0,-32]],[[8112,6193],[0,-32]],[[8112,6161],[-13,0]],[[8099,6161],[0,32],[13,0]],[[8162,6193],[25,0],[0,-32]],[[8187,6161],[-25,0],[0,32]],[[8349,6193],[0,-32]],[[8349,6161],[-12,0]],[[8337,6161],[0,32]],[[8362,6193],[12,0],[0,-32],[-12,0],[0,32]],[[8399,6161],[-12,0]],[[8387,6161],[0,32],[12,0],[0,-32]],[[8637,6225],[12,0],[0,-64],[-37,0],[0,32],[25,0]],[[8162,6193],[0,64],[37,0],[0,-32],[13,0],[0,-97],[-13,0],[0,33],[-12,0]],[[5312,6386],[25,0]],[[5374,6354],[38,0]],[[5412,6322],[25,0],[0,-129]],[[5487,6161],[-88,0]],[[5399,6161],[0,-33],[-12,0],[0,33],[-50,0]],[[5337,6161],[0,64],[12,0],[0,32],[-50,0]],[[5299,6257],[0,65]],[[5312,6322],[0,64]],[[4900,6290],[0,-65]],[[4900,6225],[-13,0]],[[4887,6225],[0,-32],[-25,0],[0,-32],[-12,0],[0,-33]],[[4850,6128],[-25,0]],[[4825,6128],[0,65]],[[4825,6193],[12,0],[0,32],[13,0],[0,32],[12,0],[0,33],[38,0]],[[7974,6128],[-12,0],[0,33],[-13,0]],[[7949,6161],[0,32],[13,0],[0,32]],[[7962,6225],[12,0],[0,32],[13,0],[0,-32],[12,0],[0,-32],[-12,0],[0,-32],[-13,0],[0,-33]],[[2187,6161],[13,0],[0,-33],[-13,0],[0,33]],[[2512,6161],[13,0],[0,-33]],[[2525,6128],[-13,0]],[[2512,6128],[0,33]],[[4825,6128],[-25,0]],[[4800,6128],[0,33],[12,0]],[[4812,6161],[0,32]],[[6999,6161],[0,-33]],[[6999,6128],[-12,0],[0,33],[12,0]],[[7037,6161],[0,-33],[-38,0]],[[7162,6161],[12,0]],[[7174,6161],[0,-33],[-12,0]],[[7162,6128],[0,33]],[[7862,6161],[0,-33],[-13,0],[0,33],[13,0]],[[8399,6161],[13,0],[0,-33],[-13,0]],[[8399,6128],[0,33]],[[2450,6193],[0,-65]],[[2450,6128],[-25,0]],[[2425,6128],[0,-32]],[[2425,6096],[-13,0],[0,65]],[[2412,6161],[13,0],[0,32],[25,0]],[[4725,6161],[0,-65]],[[4725,6096],[-13,0]],[[4712,6096],[0,65]],[[4750,6193],[25,0]],[[4775,6193],[0,-32]],[[4775,6161],[-13,0],[0,-33],[-12,0],[0,-32]],[[4750,6096],[-25,0]],[[4750,6161],[0,32]],[[6087,6161],[37,0],[0,-33],[-12,0],[0,-32],[-13,0],[0,32],[-12,0],[0,33]],[[6224,6161],[38,0],[0,-33],[-13,0],[0,-32]],[[6249,6096],[-25,0],[0,65]],[[6387,6161],[0,-33],[-38,0],[0,-32]],[[6349,6096],[-12,0],[0,65],[50,0]],[[8187,6161],[0,-33],[-13,0],[0,-32],[-12,0],[0,32],[-13,0],[0,33],[-25,0],[0,-33],[-12,0]],[[8112,6128],[0,65]],[[8099,6161],[-12,0]],[[8087,6161],[0,32]],[[8087,6193],[-75,0]],[[8012,6193],[0,-32],[-13,0]],[[7999,6161],[0,-65]],[[7999,6096],[-12,0],[0,32],[-13,0]],[[7949,6161],[-12,0]],[[7937,6161],[0,-65]],[[7937,6096],[-13,0],[0,32],[-12,0]],[[7912,6128],[0,65]],[[7899,6193],[0,64]],[[7899,6257],[13,0],[0,33],[12,0],[0,32],[25,0],[0,-32],[50,0],[0,-33],[13,0],[0,-32],[37,0],[0,32],[25,0],[0,-32],[63,0],[0,-32],[25,0]],[[8012,6193],[37,0]],[[8049,6193],[0,-32],[25,0],[0,-33],[-37,0],[0,-32],[-13,0]],[[8024,6096],[0,32],[-25,0]],[[7999,6128],[0,33]],[[1775,6128],[12,0],[0,-32]],[[1787,6096],[-12,0],[0,32]],[[1862,6128],[13,0]],[[1875,6128],[0,-32],[-13,0]],[[1862,6096],[0,32]],[[2425,6128],[12,0]],[[2437,6128],[0,-32]],[[2437,6096],[-12,0]],[[2437,6128],[13,0]],[[2450,6128],[0,-32]],[[2450,6096],[-13,0]],[[2500,6128],[25,0]],[[2525,6128],[0,-32]],[[2525,6096],[-25,0]],[[2500,6096],[0,32]],[[4637,6096],[-25,0]],[[4612,6096],[0,32],[25,0],[0,-32]],[[4712,6096],[-12,0],[0,32],[12,0],[0,-32]],[[4800,6128],[0,-32]],[[4800,6096],[-13,0]],[[4787,6096],[0,32],[13,0]],[[6712,6128],[12,0],[0,-32],[-12,0],[0,32]],[[8399,6128],[0,-32]],[[8399,6096],[-12,0],[0,32],[12,0]],[[6424,6515],[50,0]],[[6474,6548],[25,0],[0,32],[63,0],[0,32],[12,0],[0,-97],[13,0],[0,-32],[-13,0],[0,-97],[13,0],[0,-32],[25,0],[0,-32],[12,0],[0,-32],[13,0],[0,-65],[37,0],[0,-161],[-12,0],[0,32],[-50,0],[0,97],[-25,0],[0,97],[-50,0],[0,-65],[-13,0],[0,65],[-12,0],[0,32],[-13,0],[0,32],[-12,0],[0,32],[-25,0],[0,33],[-13,0],[0,32],[-25,0],[0,64]],[[2100,6483],[0,-32],[12,0],[0,-32],[13,0],[0,-33],[-25,0],[0,33],[-38,0],[0,-33]],[[2050,6354],[25,0]],[[2075,6386],[12,0]],[[2087,6386],[0,-64],[13,0],[0,-32],[12,0],[0,64],[13,0],[0,-32],[12,0],[0,-32],[-12,0],[0,-33]],[[2125,6257],[12,0],[0,-64],[13,0],[0,32],[12,0],[0,-64],[-12,0],[0,-33],[-13,0],[0,-64],[-12,0],[0,32],[-13,0],[0,32],[-50,0],[0,33],[25,0],[0,32],[-12,0],[0,64],[-13,0],[0,33],[-25,0],[0,64],[-12,0],[0,32]],[[2025,6386],[-38,0]],[[1987,6386],[0,65]],[[7137,6161],[12,0]],[[7149,6161],[0,-97],[-12,0]],[[7137,6064],[0,97]],[[7974,6128],[0,-32],[-12,0],[0,-32],[-13,0],[0,97]],[[2462,6128],[13,0]],[[2475,6128],[0,-64],[-13,0],[0,64]],[[7874,6128],[25,0],[0,-32],[-12,0],[0,-32],[-13,0]],[[7874,6064],[0,64]],[[7937,6096],[0,-32]],[[7937,6064],[-25,0]],[[7912,6064],[0,64]],[[2300,6064],[0,32],[12,0],[0,-32],[-12,0]],[[2500,6096],[0,-32],[-13,0],[0,32],[13,0]],[[2525,6128],[12,0],[0,-64],[-25,0],[0,32],[13,0]],[[4500,6096],[0,-32],[-13,0]],[[4487,6064],[0,32],[13,0]],[[5437,6064],[0,32],[12,0],[0,-32],[-12,0]],[[7024,6419],[13,0]],[[7037,6419],[0,-33],[12,0],[0,-32],[25,0],[0,-32],[25,0],[0,-97],[13,0]],[[7112,6225],[0,-32],[-25,0],[0,32],[-13,0],[0,-32],[-12,0],[0,-32],[-25,0]],[[6999,6128],[0,-32],[-25,0],[0,-32],[-25,0]],[[6949,6064],[0,32],[13,0],[0,65],[12,0],[0,32],[13,0],[0,32],[12,0],[0,97],[13,0],[0,-32],[12,0],[0,32],[13,0],[0,32]],[[7037,6354],[-13,0]],[[7874,6096],[0,-32]],[[7874,6064],[-12,0],[0,32],[12,0]],[[8024,6096],[0,-32],[-12,0],[0,32],[12,0]],[[8087,6096],[37,0]],[[8124,6096],[0,-32]],[[8124,6064],[-37,0],[0,32]],[[8124,6096],[13,0]],[[8137,6096],[0,-32]],[[8137,6064],[-13,0]],[[8224,6096],[13,0],[0,-32],[-13,0],[0,32]],[[1925,6161],[37,0]],[[1962,6161],[0,-33],[-12,0],[0,-96],[-13,0]],[[1937,6032],[0,64]],[[1937,6096],[-12,0],[0,65]],[[5912,6096],[12,0],[0,-64]],[[5924,6032],[-12,0],[0,64]],[[6737,6096],[12,0],[0,-64],[-12,0],[0,64]],[[2300,6064],[0,-32],[-13,0],[0,32],[13,0]],[[2775,6032],[-13,0]],[[2762,6032],[0,32],[13,0],[0,-32]],[[4500,6096],[12,0],[0,-64]],[[4512,6032],[-25,0]],[[4487,6032],[0,32]],[[5437,6064],[0,-32],[-13,0]],[[5424,6032],[0,32],[13,0]],[[6037,6032],[0,32],[12,0],[0,-32],[-12,0]],[[6399,6064],[13,0]],[[6412,6064],[0,-32],[-13,0],[0,32]],[[6949,6064],[0,-32],[-12,0]],[[6937,6032],[0,32],[12,0]],[[7799,6064],[13,0],[0,-32],[-13,0],[0,32]],[[7899,6064],[25,0]],[[7924,6064],[0,-32],[-25,0],[0,32]],[[8062,6064],[12,0],[0,-32],[-12,0],[0,32]],[[5924,6161],[38,0],[0,-65],[37,0]],[[5999,6096],[0,-32],[-12,0],[0,-65]],[[5987,5999],[-13,0]],[[5974,5999],[0,33],[-12,0],[0,-33]],[[5962,5999],[-25,0]],[[5937,5999],[0,33],[-13,0]],[[5912,6096],[0,32],[12,0],[0,33]],[[7224,6128],[50,0]],[[7274,6128],[0,-32],[25,0],[0,-32],[13,0]],[[7312,6064],[0,-65]],[[7312,5999],[-50,0]],[[7262,5999],[0,33]],[[7262,6032],[-25,0]],[[7237,6032],[0,32],[-13,0],[0,64]],[[4887,6419],[0,-33]],[[4962,6386],[0,-96]],[[4900,6257],[0,33]],[[4812,6225],[0,-64]],[[4787,6096],[-12,0]],[[4775,6096],[0,-32]],[[4775,6064],[-38,0]],[[4737,6064],[0,-32],[-12,0],[0,-33]],[[4725,5999],[-25,0]],[[4700,5999],[0,33]],[[4700,6032],[-13,0]],[[4687,6032],[0,64],[63,0]],[[4775,6161],[0,64]],[[4787,6257],[50,0]],[[4875,6322],[0,97]],[[4637,6096],[0,-32],[-12,0],[0,-65]],[[4625,5999],[-25,0]],[[4600,5999],[0,65],[12,0],[0,32]],[[8374,6064],[13,0],[0,-65],[-13,0]],[[8374,5999],[0,65]],[[1812,6032],[13,0],[0,-33]],[[1825,5999],[-13,0],[0,33]],[[4512,6032],[0,-33]],[[4512,5999],[-25,0]],[[4487,5999],[0,33]],[[4600,5999],[-13,0],[0,33],[13,0],[0,-33]],[[5937,5999],[-13,0],[0,33]],[[5974,5999],[-12,0]],[[6237,5999],[-13,0],[0,33],[13,0],[0,-33]],[[6262,5999],[0,33],[12,0],[0,-33],[-12,0]],[[6937,6032],[0,-33],[-25,0]],[[6912,5999],[0,33],[25,0]],[[7649,5999],[-12,0]],[[7637,5999],[0,33],[12,0],[0,-33]],[[8612,6032],[0,-33],[-13,0]],[[8599,5999],[0,33],[13,0]],[[6012,6322],[0,32]],[[6049,6257],[0,-32],[-12,0],[0,-64],[12,0],[0,32],[25,0],[0,-65],[-75,0],[0,-32]],[[5912,6096],[-13,0],[0,65],[-12,0],[0,-33],[-13,0],[0,-32],[-12,0],[0,-129],[-13,0],[0,194],[-25,0],[0,32],[-12,0],[0,32]],[[5824,6257],[13,0],[0,33],[12,0]],[[5862,6290],[25,0],[0,-33],[62,0],[0,33],[25,0]],[[5337,6161],[0,-65],[62,0],[0,-32],[-12,0],[0,-32],[-13,0],[0,-65],[-12,0],[0,65],[-13,0],[0,32],[-12,0],[0,-32],[-13,0],[0,32],[-12,0],[0,-32],[-13,0],[0,-33],[-25,0],[0,129],[-12,0],[0,33],[75,0]],[[4700,6032],[0,-65]],[[4700,5967],[-13,0],[0,32],[-12,0]],[[4675,5999],[0,65],[12,0],[0,-32]],[[5999,6096],[13,0],[0,-32],[12,0],[0,-32],[13,0]],[[6037,6032],[0,-65],[-25,0]],[[6012,5967],[0,32],[-25,0]],[[4512,6032],[13,0],[0,32],[37,0],[0,-32],[13,0],[0,-65],[-25,0],[0,32],[-38,0]],[[8599,5999],[-12,0],[0,-32]],[[8587,5967],[-13,0]],[[8574,5967],[0,65],[13,0],[0,32],[25,0],[0,-32]],[[1875,5967],[0,32],[12,0],[0,-32],[-12,0]],[[1925,5999],[0,-32],[-13,0],[0,32],[13,0]],[[2300,5999],[12,0],[0,-32],[-12,0]],[[2300,5967],[0,32]],[[4512,5999],[0,-32],[-25,0],[0,32]],[[5987,5999],[0,-32]],[[5987,5967],[-13,0]],[[5974,5967],[0,32]],[[6012,5967],[-25,0]],[[6062,5999],[12,0],[0,-32],[-12,0],[0,32]],[[6249,5999],[13,0]],[[6262,5999],[0,-32],[-13,0],[0,32]],[[6912,5999],[0,-32],[-13,0]],[[6899,5967],[0,32],[13,0]],[[7662,5999],[12,0]],[[7674,5999],[0,-32]],[[7674,5967],[-12,0]],[[7662,5967],[0,32]],[[7874,5999],[13,0],[0,-32],[-13,0]],[[7874,5967],[0,32]],[[8199,5999],[13,0],[0,-32],[-13,0],[0,32]],[[5012,6225],[12,0],[0,-64],[-12,0],[0,-33],[50,0],[0,33],[37,0],[0,-33],[13,0],[0,-96],[12,0],[0,-33],[-12,0],[0,-32],[-13,0],[0,32],[-50,0],[0,-64],[-12,0],[0,32],[-50,0],[0,97],[13,0],[0,129],[12,0],[0,32]],[[8249,6870],[38,0]],[[8312,6806],[-38,0]],[[8262,6838],[0,-97]],[[8324,6677],[13,0]],[[8337,6612],[-13,0]],[[8324,6580],[-12,0]],[[8312,6612],[-63,0]],[[8249,6612],[0,32]],[[8224,6580],[13,0]],[[8237,6580],[0,-65]],[[8249,6483],[63,0]],[[8324,6515],[0,-32],[25,0],[0,-64],[13,0],[0,-65],[12,0],[0,-32],[13,0],[0,-65]],[[8387,6225],[0,-64]],[[8399,6096],[0,-32],[-25,0]],[[8374,5999],[-12,0],[0,-64],[-13,0],[0,32]],[[8349,5967],[-37,0],[0,32],[-13,0],[0,33],[13,0],[0,32],[-25,0],[0,64],[-38,0],[0,33],[-25,0],[0,32],[13,0],[0,32],[12,0],[0,65],[38,0],[0,64]],[[8287,6354],[-25,0],[0,-32],[-25,0],[0,-32],[-75,0],[0,64],[-13,0],[0,-32],[-37,0],[0,-32],[-13,0],[0,96]],[[8099,6386],[50,0]],[[8149,6451],[-50,0]],[[8099,6451],[0,64],[25,0],[0,33],[13,0],[0,-33],[12,0],[0,33],[13,0],[0,32],[12,0],[0,161],[13,0],[0,33],[12,0],[0,32],[13,0],[0,32],[12,0],[0,32],[13,0],[0,33],[12,0],[0,-33]],[[8337,6225],[0,-64]],[[8349,6161],[0,64]],[[4737,6064],[25,0]],[[4762,6064],[0,-97],[-12,0],[0,-32],[-13,0],[0,32],[-25,0],[0,32]],[[4712,5999],[13,0]],[[5962,5999],[0,-32],[-13,0],[0,-32]],[[5949,5935],[-12,0],[0,64]],[[8587,5967],[0,-32],[-25,0],[0,64],[12,0],[0,-32]],[[2762,5967],[25,0],[0,-32]],[[2787,5935],[-25,0]],[[2762,5935],[0,32]],[[4637,5967],[0,-32],[-25,0]],[[4612,5935],[0,32],[25,0]],[[5987,5967],[0,-32],[-13,0],[0,32]],[[6899,5967],[0,-32],[-12,0]],[[6887,5935],[0,32],[12,0]],[[7112,5967],[12,0]],[[7124,5967],[0,-32],[-12,0]],[[7112,5935],[0,32]],[[7224,5935],[-12,0],[0,32],[12,0],[0,-32]],[[7649,5967],[25,0]],[[7674,5967],[0,-32]],[[7674,5935],[-25,0]],[[7649,5935],[0,32]],[[7674,5967],[13,0],[0,-32],[-13,0]],[[8124,5967],[0,-32]],[[8124,5935],[-12,0]],[[8112,5935],[0,32],[12,0]],[[7249,6032],[13,0]],[[7262,6032],[0,-65]],[[7262,5967],[12,0],[0,-32],[25,0],[0,-32]],[[7299,5903],[-37,0],[0,32],[-13,0],[0,97]],[[1975,5935],[0,-32]],[[1975,5903],[-13,0],[0,64],[-12,0],[0,32]],[[1950,5999],[12,0]],[[1962,5999],[0,97],[13,0],[0,32],[12,0],[0,-193],[-12,0]],[[2300,5967],[0,-64]],[[2300,5903],[-13,0],[0,64],[13,0]],[[6012,5967],[0,-32],[-13,0],[0,-32]],[[5999,5903],[-12,0],[0,64]],[[7762,5967],[12,0],[0,-64],[-12,0],[0,64]],[[1912,5903],[-12,0]],[[1900,5903],[0,32],[12,0],[0,-32]],[[2775,5935],[12,0]],[[2787,5935],[0,-32]],[[2787,5903],[-12,0],[0,32]],[[5599,5935],[13,0],[0,-32],[-13,0],[0,32]],[[6574,5935],[0,-32]],[[6574,5903],[-12,0]],[[6562,5903],[0,32],[12,0]],[[6887,5935],[0,-32]],[[6887,5903],[-13,0],[0,32],[13,0]],[[7162,5935],[12,0]],[[7174,5935],[0,-32]],[[7174,5903],[-12,0]],[[7162,5903],[0,32]],[[7174,5935],[25,0]],[[7199,5935],[0,-32]],[[7199,5903],[-25,0]],[[7474,5935],[13,0]],[[7487,5935],[0,-32]],[[7487,5903],[-13,0]],[[7474,5903],[0,32]],[[8199,5935],[13,0],[0,-32],[-13,0],[0,32]],[[1862,5903],[0,-33]],[[1862,5870],[-12,0],[0,33],[12,0]],[[2300,5903],[12,0],[0,-33]],[[2312,5870],[-12,0],[0,33]],[[5124,5903],[13,0],[0,-33],[-13,0],[0,33]],[[5962,5870],[-13,0]],[[5949,5870],[0,33],[13,0],[0,-33]],[[5999,5903],[13,0],[0,-33]],[[6012,5870],[-13,0]],[[5999,5870],[0,33]],[[6412,5903],[12,0]],[[6424,5903],[0,-33],[-12,0]],[[6412,5870],[0,33]],[[6512,5903],[0,-33]],[[6512,5870],[-25,0],[0,33],[25,0]],[[6524,5903],[13,0],[0,-33]],[[6537,5870],[-13,0]],[[6524,5870],[0,33]],[[7087,5903],[12,0]],[[7099,5903],[0,-33],[-12,0]],[[7087,5870],[0,33]],[[7124,5903],[25,0]],[[7149,5903],[0,-33]],[[7149,5870],[-25,0]],[[7124,5870],[0,33]],[[7149,5903],[13,0]],[[7162,5903],[0,-33]],[[7162,5870],[-13,0]],[[7299,5903],[25,0],[0,-33]],[[7324,5870],[-25,0],[0,33]],[[7487,5903],[0,-33],[-13,0],[0,33]],[[8137,6064],[0,-32]],[[8137,6032],[12,0]],[[8149,6032],[0,-65]],[[8149,5967],[-12,0],[0,-64],[-13,0],[0,-33]],[[8124,5870],[-37,0]],[[8087,5870],[0,33],[12,0],[0,32]],[[8099,5935],[25,0]],[[8124,5935],[0,129]],[[8149,5967],[0,-97]],[[8149,5870],[-25,0]],[[8349,5903],[0,-33],[-12,0]],[[8337,5870],[0,33],[12,0]],[[2512,7419],[-25,0]],[[2512,7386],[25,0]],[[2537,7354],[100,0],[0,-32]],[[2662,7257],[25,0],[0,-96],[25,0],[0,-65]],[[2725,7096],[0,97]],[[2725,7225],[0,32],[25,0]],[[2750,7257],[0,65]],[[3200,7548],[12,0],[0,-33],[13,0]],[[3225,7515],[0,-64],[-13,0],[0,-65]],[[3212,7386],[13,0],[0,-32],[75,0],[0,32],[25,0],[0,-64],[25,0],[0,-32],[-13,0],[0,-33],[-25,0],[0,-32],[-37,0]],[[3275,7193],[-38,0],[0,-32],[-25,0],[0,-33],[-25,0],[0,-32],[-25,0],[0,32],[-12,0],[0,65]],[[3150,7193],[-25,0],[0,-32],[-13,0]],[[3100,7161],[-38,0]],[[3037,7128],[0,-64]],[[2962,6935],[38,0],[0,-32],[-50,0],[0,-97],[-13,0],[0,-32],[-25,0]],[[2887,6741],[25,0],[0,-64],[-12,0],[0,-162],[-13,0],[0,-32],[-25,0],[0,-32],[-12,0],[0,-32],[-38,0],[0,-33]],[[2800,6354],[-13,0],[0,-32],[-12,0],[0,-32],[-25,0],[0,-194],[12,0],[0,-97]],[[2762,5999],[-25,0]],[[2737,5999],[0,-161]],[[2737,5838],[-12,0],[0,32],[-13,0],[0,33],[-12,0],[0,64],[-13,0],[0,65],[13,0],[0,32],[-13,0],[0,32],[-12,0],[0,32],[-25,0],[0,-32],[-25,0],[0,32],[-13,0],[0,33],[-100,0]],[[2512,6128],[-12,0]],[[2500,6096],[-25,0],[0,32]],[[2462,6128],[0,-32],[-12,0]],[[2450,6096],[0,97]],[[2412,6161],[0,-33],[-12,0],[0,-32],[-13,0]],[[2387,6096],[0,65],[-75,0],[0,-33],[-25,0],[0,33],[13,0],[0,32],[12,0],[0,97],[25,0],[0,96],[13,0],[0,33],[-25,0],[0,32],[12,0],[0,32],[13,0],[0,32],[25,0],[0,33],[-25,0],[0,64],[12,0],[0,32],[13,0],[0,65],[12,0],[0,32],[13,0],[0,33],[12,0],[0,32],[38,0],[0,-32],[25,0],[0,64],[12,0],[0,-32],[13,0],[0,-65],[12,0],[0,-32],[13,0],[0,32],[12,0],[0,-32],[13,0],[0,32],[12,0],[0,33],[25,0],[0,32],[-12,0],[0,64],[25,0],[0,97],[12,0],[0,32],[-12,0]],[[2600,6999],[0,97]],[[2587,7096],[0,65]],[[2600,7161],[0,64],[25,0]],[[2575,7257],[0,-96]],[[2562,7096],[-25,0],[0,65],[-12,0],[0,32],[-13,0],[0,-32],[-37,0],[0,64],[-25,0],[0,-32],[-25,0],[0,64],[-25,0],[0,-96],[-13,0],[0,64],[-12,0],[0,32],[-13,0],[0,65],[-25,0],[0,97],[13,0]],[[2350,7419],[0,32]],[[2387,7483],[-50,0]],[[2337,7483],[0,32],[-25,0],[0,97]],[[2312,7612],[-37,0]],[[2262,7612],[-12,0]],[[2250,7612],[0,32]],[[2250,7644],[-25,0]],[[3212,7386],[-12,0],[0,-32],[12,0],[0,32]],[[3150,7193],[12,0],[0,32],[-12,0],[0,-32]],[[7312,6032],[50,0],[0,-33],[37,0],[0,-32]],[[7399,5967],[63,0]],[[7462,5967],[0,-32]],[[7462,5935],[-13,0]],[[7449,5935],[0,-32]],[[7449,5903],[-75,0]],[[7374,5903],[0,32],[-25,0],[0,32],[-12,0],[0,-64],[12,0],[0,-65]],[[7349,5838],[-12,0]],[[7337,5838],[0,32],[-13,0]],[[7262,5967],[0,32]],[[7312,5999],[0,33]],[[2850,5838],[0,65],[-25,0],[0,-33],[-25,0],[0,65],[62,0],[0,-97],[-12,0]],[[2050,5903],[12,0]],[[2062,5903],[0,-65]],[[2062,5838],[-12,0],[0,65]],[[4762,5903],[13,0],[0,-65],[-13,0],[0,65]],[[6412,5903],[0,-65]],[[6412,5838],[-13,0]],[[6399,5838],[0,65],[13,0]],[[6574,5903],[0,-65]],[[6574,5838],[-12,0],[0,32]],[[6562,5870],[-13,0],[0,33],[25,0]],[[6887,5903],[12,0],[0,-65],[-12,0],[0,65]],[[7399,5903],[13,0]],[[7412,5903],[0,-65],[-13,0],[0,65]],[[8549,5935],[25,0],[0,-32],[-12,0],[0,-65],[-25,0],[0,65],[12,0],[0,32]],[[2850,5838],[-13,0]],[[2837,5838],[0,32],[13,0],[0,-32]],[[4687,5838],[0,32],[38,0],[0,-32],[-38,0]],[[5574,5870],[13,0],[0,-32],[-13,0],[0,32]],[[5649,5870],[13,0],[0,-32],[-13,0],[0,32]],[[5899,5870],[13,0],[0,-32],[-13,0],[0,32]],[[5962,5870],[12,0],[0,-32]],[[5974,5838],[-12,0],[0,32]],[[6012,5870],[0,-32],[-13,0],[0,32]],[[7337,5838],[-13,0]],[[7324,5838],[0,32]],[[7374,5870],[13,0],[0,-32],[-13,0],[0,32]],[[7787,5838],[0,32],[25,0],[0,-32],[-25,0]],[[8337,5870],[0,-32]],[[8337,5838],[-13,0]],[[8324,5838],[0,32],[13,0]],[[7224,5935],[13,0],[0,-32],[12,0],[0,-33],[13,0],[0,-32],[12,0],[0,-32],[-25,0],[0,32],[-37,0],[0,32],[-13,0],[0,33]],[[7199,5903],[25,0],[0,32]],[[7099,5903],[25,0]],[[7124,5870],[13,0]],[[7137,5870],[0,-32],[-13,0],[0,-32]],[[7124,5806],[-25,0],[0,32],[-12,0]],[[7087,5838],[0,32]],[[6062,5838],[12,0],[0,-32],[-12,0],[0,32]],[[6137,5838],[12,0],[0,-32],[-12,0]],[[6137,5806],[0,32]],[[7437,5806],[-13,0]],[[7424,5806],[0,32],[13,0],[0,-32]],[[7499,5870],[25,0],[0,-32],[13,0],[0,32],[25,0],[0,-32],[12,0],[0,-32],[-87,0],[0,32],[12,0],[0,32]],[[7787,5838],[0,-32],[-13,0]],[[7774,5806],[0,32],[13,0]],[[7874,5838],[13,0],[0,-32],[-13,0],[0,32]],[[2775,6032],[0,-65],[-13,0]],[[2762,5935],[13,0]],[[2787,5903],[0,-65],[-12,0],[0,-64],[-13,0]],[[2762,5774],[0,96],[-25,0]],[[2737,5870],[0,129]],[[2762,5999],[0,33]],[[2762,5774],[-12,0]],[[2750,5774],[0,64],[-13,0]],[[2737,5838],[0,32]],[[6349,6032],[13,0],[0,-33],[12,0],[0,-32],[13,0],[0,-32],[12,0],[0,-97]],[[6399,5838],[-12,0],[0,-32],[-13,0],[0,-32],[-12,0],[0,96],[12,0],[0,65],[-37,0],[0,32],[-13,0],[0,-32],[-25,0],[0,64],[50,0],[0,33]],[[8149,6032],[25,0]],[[8174,6032],[0,-194]],[[8174,5838],[-37,0]],[[8137,5838],[0,-64],[-25,0]],[[8112,5774],[0,64]],[[8112,5838],[-13,0],[0,32]],[[8099,5870],[50,0]],[[8149,5870],[0,162]],[[2750,5774],[-13,0],[0,64]],[[6424,5903],[13,0],[0,-129]],[[6437,5774],[-25,0],[0,32],[-13,0],[0,32]],[[6412,5838],[0,32]],[[7374,5903],[25,0]],[[7412,5903],[37,0]],[[7449,5935],[25,0]],[[7474,5903],[-12,0],[0,-33],[-13,0]],[[7449,5870],[0,-64]],[[7449,5806],[-12,0]],[[7424,5806],[-12,0]],[[7412,5806],[0,-32],[-13,0],[0,32],[-50,0],[0,-32],[-12,0],[0,32],[-13,0]],[[7324,5806],[0,32]],[[7324,5838],[25,0]],[[1987,5806],[0,-32],[-12,0],[0,32],[12,0]],[[2225,5774],[-13,0],[0,32],[13,0],[0,-32]],[[2850,5806],[12,0],[0,-32],[-12,0],[0,32]],[[6137,5806],[0,-32],[-25,0]],[[6112,5774],[0,32],[25,0]],[[6737,5806],[62,0],[0,-32],[-62,0]],[[6737,5774],[0,32]],[[6849,5806],[0,-32]],[[6849,5774],[-12,0],[0,32],[12,0]],[[7087,5838],[0,-32],[-13,0],[0,-32],[-25,0]],[[7049,5774],[0,32],[13,0],[0,32],[25,0]],[[7124,5806],[13,0],[0,-32]],[[7137,5774],[-13,0],[0,32]],[[7449,5806],[0,-32]],[[7449,5774],[-12,0]],[[7437,5774],[0,32]],[[7987,5806],[12,0],[0,-32],[-12,0],[0,32]],[[8312,5838],[25,0]],[[8337,5838],[0,-32],[-13,0],[0,-32],[-25,0]],[[8299,5774],[0,32],[13,0],[0,32]],[[8387,5774],[0,32],[12,0],[0,-32],[-12,0]],[[8487,5774],[-13,0]],[[8474,5774],[0,32],[13,0],[0,-32]],[[6137,6451],[0,-32]],[[6187,6419],[0,-33]],[[6187,6386],[25,0]],[[6224,6354],[0,-64]],[[6237,6290],[0,-97]],[[6237,6193],[-13,0],[0,-32]],[[6224,6161],[-25,0],[0,-65],[13,0],[0,-64],[-13,0],[0,32],[-12,0],[0,-32],[-13,0],[0,32],[-37,0],[0,-97],[-13,0],[0,-32],[-12,0],[0,-32],[-25,0],[0,32],[-50,0],[0,-32],[12,0],[0,-33],[38,0],[0,-32],[12,0],[0,32],[25,0],[0,-32],[13,0]],[[6112,5774],[-25,0],[0,-33],[-38,0],[0,65],[-12,0],[0,32],[-13,0],[0,32],[-12,0]],[[5424,6032],[0,-33],[13,0],[0,-32],[-13,0],[0,-32],[13,0],[0,-65],[-13,0],[0,-32],[-12,0],[0,-97],[-13,0],[0,97],[-12,0],[0,32],[25,0],[0,65],[-13,0],[0,-32],[-12,0],[0,96],[12,0],[0,33],[25,0]],[[2837,5838],[0,-32],[13,0]],[[2850,5806],[0,-65]],[[2850,5741],[-25,0]],[[2825,5741],[0,97],[12,0]],[[2825,5741],[-13,0],[0,65],[13,0],[0,-65]],[[1875,5774],[12,0],[0,-33]],[[1887,5741],[-12,0],[0,33]],[[2075,5774],[12,0]],[[2087,5774],[0,-33]],[[2087,5741],[-12,0],[0,33]],[[2225,5774],[12,0],[0,-33]],[[2237,5741],[-12,0]],[[2225,5741],[0,33]],[[5912,5774],[12,0],[0,-33],[-12,0],[0,33]],[[6449,5741],[0,33],[25,0],[0,-33],[-25,0]],[[6562,5774],[12,0]],[[6574,5774],[0,-33]],[[6574,5741],[-12,0]],[[6562,5741],[0,33]],[[6574,5774],[13,0],[0,-33]],[[6587,5741],[-13,0]],[[6887,5806],[12,0],[0,-65],[-25,0],[0,33],[13,0],[0,32]],[[7024,5774],[25,0]],[[7049,5774],[0,-33],[-25,0]],[[7024,5741],[0,33]],[[7137,5774],[12,0]],[[7149,5774],[0,-33]],[[7149,5741],[-12,0]],[[7137,5741],[0,33]],[[7449,5774],[0,-33]],[[7449,5741],[-12,0]],[[7437,5741],[0,33]],[[8287,5774],[12,0]],[[8299,5774],[0,-33]],[[8299,5741],[-12,0],[0,33]],[[8299,5774],[13,0],[0,-33],[-13,0]],[[8449,5774],[13,0],[0,-33],[-13,0],[0,33]],[[8487,5774],[0,-33],[-13,0],[0,33]],[[4687,5838],[0,-32],[13,0],[0,-32],[12,0],[0,-33],[-12,0],[0,-32],[-13,0],[0,32],[-25,0],[0,65],[13,0],[0,32],[12,0]],[[4837,5774],[38,0],[0,-33],[-25,0],[0,-32],[-13,0],[0,65]],[[5599,5774],[13,0],[0,-65],[-13,0],[0,65]],[[7162,5774],[12,0],[0,-65],[-12,0],[0,65]],[[8449,5774],[0,-65],[-25,0],[0,65],[25,0]],[[2012,5741],[13,0]],[[2025,5741],[0,-32],[-13,0],[0,32]],[[2925,5709],[0,32],[12,0],[0,-32],[-12,0]],[[4562,5709],[-12,0]],[[4550,5709],[0,32],[12,0],[0,-32]],[[5637,5741],[12,0],[0,-32],[-12,0],[0,32]],[[6112,5741],[0,-32],[-13,0],[0,32],[13,0]],[[6449,5741],[38,0]],[[6487,5741],[0,-32]],[[6487,5709],[-38,0],[0,32]],[[6574,5741],[0,-32],[-12,0]],[[6562,5709],[0,32]],[[6587,5741],[12,0],[0,-32],[-12,0]],[[6587,5709],[0,32]],[[6949,5741],[13,0],[0,-32],[-13,0],[0,32]],[[7149,5741],[0,-32]],[[7149,5709],[-12,0]],[[7137,5709],[0,32]],[[7462,5741],[12,0],[0,-32],[-12,0],[0,32]],[[7524,5741],[13,0]],[[7537,5741],[0,-32]],[[7537,5709],[-13,0]],[[7524,5709],[0,32]],[[2225,5741],[37,0]],[[2262,5741],[0,-32]],[[2262,5709],[-25,0]],[[2237,5709],[0,-32]],[[2237,5677],[-12,0]],[[2225,5677],[0,64]],[[2850,5741],[0,-64],[-13,0],[0,32],[-12,0],[0,32]],[[7249,5677],[0,64],[13,0],[0,-64],[-13,0]],[[2237,5709],[13,0]],[[2250,5709],[0,-32]],[[2250,5677],[-13,0]],[[2887,5709],[13,0],[0,-32],[-13,0],[0,32]],[[2925,5709],[0,-32]],[[2925,5677],[-13,0]],[[2912,5677],[0,32],[13,0]],[[6062,5709],[0,-32],[-13,0],[0,32],[13,0]],[[6487,5709],[12,0],[0,-32],[-12,0],[0,32]],[[7074,5677],[-25,0]],[[7049,5677],[0,32],[25,0],[0,-32]],[[7274,5709],[25,0]],[[7299,5709],[0,-32]],[[7299,5677],[-25,0]],[[7274,5677],[0,32]],[[7524,5709],[0,-32],[-25,0],[0,32],[25,0]],[[8262,5709],[12,0],[0,-32],[-12,0]],[[8262,5677],[0,32]],[[6249,6096],[0,-97]],[[6249,5999],[-12,0]],[[6237,5999],[0,-96],[12,0],[0,32],[13,0],[0,-65],[12,0],[0,-32],[38,0],[0,-32],[-13,0],[0,-32],[13,0],[0,-33],[12,0],[0,-32],[-12,0],[0,-64],[-13,0],[0,96],[-12,0],[0,-32],[-13,0],[0,32],[-12,0],[0,-32],[-13,0],[0,32],[-12,0],[0,33],[-13,0],[0,-33],[-25,0],[0,33],[13,0],[0,32],[-38,0],[0,64],[-12,0],[0,33],[-13,0],[0,-33],[-12,0],[0,-32]],[[1937,5645],[0,64],[13,0],[0,-64],[-13,0]],[[7324,5709],[25,0]],[[7349,5709],[0,-32],[-12,0]],[[7337,5677],[0,-32]],[[7337,5645],[-13,0],[0,64]],[[2250,5677],[0,-32]],[[2250,5645],[-13,0],[0,32]],[[6599,5677],[13,0],[0,-32],[-13,0],[0,32]],[[7049,5677],[0,-32],[-12,0]],[[7037,5645],[0,32],[12,0]],[[7149,5709],[0,-64]],[[7149,5645],[-25,0]],[[7124,5645],[0,32]],[[7124,5677],[13,0]],[[7137,5677],[0,32]],[[7249,5677],[0,-32]],[[7249,5645],[-12,0],[0,32],[12,0]],[[7637,5677],[25,0],[0,-32],[-25,0],[0,32]],[[8249,5677],[13,0]],[[8262,5677],[0,-32],[-13,0]],[[8249,5645],[0,32]],[[7737,5806],[-25,0]],[[7712,5806],[0,-129],[-13,0],[0,-65],[-25,0]],[[7674,5612],[0,97],[13,0],[0,32],[-13,0],[0,33],[-12,0],[0,64],[12,0],[0,97]],[[7674,5999],[-25,0]],[[7637,5999],[-13,0]],[[7624,5999],[0,-32],[-12,0],[0,-32],[-75,0],[0,-32],[-13,0],[0,32],[-25,0],[0,-32],[-12,0]],[[7487,5935],[-25,0]],[[7462,5967],[25,0]],[[7487,5967],[0,32],[100,0],[0,33],[37,0],[0,32],[13,0],[0,32],[12,0],[0,-32],[25,0],[0,-32],[13,0],[0,-33],[50,0],[0,-64],[12,0],[0,-97],[-12,0],[0,-32]],[[8387,5774],[0,-97],[-13,0],[0,-65],[-25,0]],[[8349,5612],[0,97],[13,0],[0,65],[25,0]],[[2712,5677],[75,0],[0,-32]],[[2787,5645],[-12,0],[0,-33],[-13,0],[0,33],[-12,0],[0,-33],[-13,0],[0,33],[-25,0],[0,32]],[[7099,5677],[25,0]],[[7124,5645],[-12,0]],[[7112,5645],[0,-33]],[[7112,5612],[-13,0]],[[7099,5612],[0,65]],[[7424,5677],[25,0]],[[7449,5677],[0,-65]],[[7449,5612],[-12,0]],[[7437,5612],[0,33],[-13,0],[0,32]],[[7449,5677],[13,0]],[[7462,5677],[0,-65]],[[7462,5612],[-13,0]],[[1675,6644],[25,0]],[[1700,6644],[0,-64]],[[1700,6580],[37,0]],[[1812,6322],[0,-97],[13,0],[0,-64],[12,0],[0,-33],[13,0],[0,-32],[12,0]],[[1862,6096],[0,-32],[13,0]],[[1875,6064],[0,-97]],[[1875,5967],[25,0],[0,-64]],[[1912,5903],[0,-65],[13,0],[0,-32],[12,0],[0,-32],[13,0],[0,-33],[12,0],[0,-129],[-25,0],[0,33]],[[1937,5645],[-12,0],[0,32],[-13,0],[0,32],[-12,0],[0,32],[-13,0]],[[1875,5774],[0,96],[-13,0]],[[1862,5903],[-37,0],[0,32],[-13,0],[0,32],[-12,0],[0,32],[25,0]],[[1812,6032],[0,32],[-12,0],[0,32],[-13,0]],[[1775,6128],[0,65],[-13,0],[0,64]],[[1750,6257],[0,33],[-13,0],[0,64],[-37,0]],[[1700,6354],[0,65],[-25,0]],[[1675,6451],[12,0]],[[1662,6451],[-25,0],[0,97]],[[1612,6612],[0,65]],[[1600,6709],[-25,0],[0,32],[25,0]],[[1600,6741],[0,97]],[[1587,6838],[0,65]],[[2037,5645],[13,0],[0,-33]],[[2050,5612],[-13,0],[0,33]],[[2287,5645],[0,-33]],[[2287,5612],[-12,0],[0,33],[12,0]],[[2787,5645],[13,0]],[[2800,5645],[0,-33],[-13,0],[0,33]],[[2825,5645],[12,0],[0,-33],[-12,0]],[[2825,5612],[0,33]],[[7249,5645],[63,0]],[[7312,5645],[0,-33],[-63,0]],[[7249,5612],[0,33]],[[7712,5645],[12,0],[0,-33],[-12,0],[0,33]],[[7749,5645],[13,0],[0,-33],[-13,0],[0,33]],[[8324,5645],[13,0]],[[8337,5645],[0,-33],[-13,0],[0,33]],[[2925,5677],[0,-32],[25,0],[0,-65],[-25,0],[0,32],[-13,0],[0,33],[-12,0],[0,96],[-25,0],[0,65],[25,0],[0,-32],[12,0],[0,-97]],[[7099,5741],[0,-129]],[[7099,5612],[25,0]],[[7124,5612],[0,-32],[-37,0],[0,65],[-13,0],[0,32]],[[7074,5677],[13,0],[0,64],[12,0]],[[2975,5580],[-13,0],[0,65],[13,0],[0,-65]],[[7362,5645],[12,0],[0,-65],[-12,0],[0,65]],[[2050,5612],[12,0],[0,-32]],[[2062,5580],[-12,0],[0,32]],[[2687,5612],[0,-32],[-12,0]],[[2675,5580],[0,32],[12,0]],[[2725,5612],[0,-32]],[[2725,5580],[-13,0]],[[2712,5580],[0,32],[13,0]],[[2987,5580],[-12,0]],[[2975,5580],[0,32],[12,0],[0,-32]],[[4537,5580],[-12,0]],[[4525,5580],[0,32],[12,0],[0,-32]],[[6024,5612],[13,0],[0,-32]],[[6037,5580],[-13,0],[0,32]],[[6974,5612],[13,0]],[[6987,5612],[0,-32],[-13,0]],[[6974,5580],[0,32]],[[7162,5612],[12,0],[0,-32],[-12,0],[0,32]],[[7212,5612],[12,0]],[[7224,5612],[0,-32]],[[7224,5580],[-12,0]],[[7212,5580],[0,32]],[[7224,5612],[13,0]],[[7237,5612],[0,-32]],[[7237,5580],[-13,0]],[[7412,5612],[12,0],[0,-32],[-12,0],[0,32]],[[8162,5612],[25,0],[0,-32],[-25,0],[0,32]],[[7137,5774],[0,-97]],[[7137,5677],[-38,0]],[[7099,5677],[0,64]],[[7037,5645],[-13,0],[0,-97],[-12,0]],[[7012,5548],[0,64],[-13,0]],[[6999,5612],[0,162],[13,0],[0,32],[12,0]],[[7024,5806],[0,-65]],[[8349,5612],[13,0]],[[8362,5612],[0,-64]],[[8362,5548],[-13,0],[0,32],[-12,0],[0,65]],[[8324,5645],[0,64],[13,0],[0,65],[12,0],[0,32],[13,0],[0,32],[25,0],[0,-64]],[[4787,5709],[38,0],[0,-64],[-13,0],[0,-65],[-12,0],[0,-32],[-25,0],[0,32],[-25,0],[0,65],[25,0],[0,32],[12,0],[0,32]],[[575,5612],[12,0],[0,-64],[-12,0]],[[575,5548],[0,64]],[[2250,5612],[0,-64]],[[2250,5548],[-13,0]],[[2237,5548],[0,64],[13,0]],[[6287,5612],[12,0],[0,-64],[-12,0],[0,64]],[[7012,5548],[-13,0],[0,64]],[[7299,5709],[25,0]],[[7337,5645],[0,-33]],[[7337,5612],[-13,0]],[[7324,5612],[0,-32]],[[7324,5580],[-62,0],[0,-32],[-13,0]],[[7249,5548],[0,64]],[[7312,5645],[-25,0]],[[7287,5645],[0,32]],[[7287,5677],[12,0]],[[8149,5548],[-12,0]],[[8137,5548],[0,32],[-13,0],[0,32],[25,0],[0,-64]],[[8362,5612],[25,0],[0,-64],[-25,0]],[[575,5548],[-38,0],[0,32],[13,0],[0,32],[25,0]],[[2100,5580],[25,0]],[[2125,5580],[0,-32]],[[2125,5548],[-25,0]],[[2100,5548],[0,32]],[[2250,5580],[12,0],[0,-32]],[[2262,5548],[-12,0]],[[2250,5548],[0,32]],[[2287,5580],[13,0],[0,-32]],[[2300,5548],[-13,0],[0,32]],[[2550,5580],[12,0],[0,-32],[-12,0],[0,32]],[[2575,5548],[0,32],[12,0],[0,-32],[-12,0]],[[2675,5580],[0,-32],[-13,0]],[[2662,5548],[0,32],[13,0]],[[2750,5580],[0,-32]],[[2750,5548],[-13,0],[0,32],[13,0]],[[2750,5580],[12,0]],[[2762,5580],[0,-32]],[[2762,5548],[-12,0]],[[2987,5580],[25,0],[0,-32],[-25,0],[0,32]],[[5712,5580],[12,0],[0,-32],[-12,0],[0,32]],[[5737,5580],[12,0],[0,-32],[-12,0],[0,32]],[[7199,5580],[25,0]],[[7224,5580],[0,-32]],[[7224,5548],[-25,0]],[[7199,5548],[0,32]],[[7237,5580],[0,-32]],[[7237,5548],[-13,0]],[[7237,5580],[12,0]],[[7249,5580],[0,-32]],[[7249,5548],[-12,0]],[[7549,5580],[0,-32],[-12,0],[0,32],[12,0]],[[7924,5580],[25,0]],[[7949,5580],[0,-32]],[[7949,5548],[-50,0]],[[7899,5548],[0,32],[13,0],[0,32],[12,0],[0,-32]],[[7987,5580],[12,0],[0,-32],[-12,0],[0,32]],[[6537,5870],[25,0]],[[6574,5838],[0,-64]],[[6562,5774],[0,-65]],[[6587,5709],[50,0],[0,-32],[12,0],[0,-32],[13,0],[0,-129],[-13,0]],[[6649,5516],[0,64],[-12,0],[0,32],[-13,0],[0,-32],[-25,0],[0,-32],[-12,0],[0,32],[-13,0],[0,65],[-12,0],[0,32],[-13,0],[0,-32],[-12,0],[0,64],[-13,0],[0,32],[-12,0]],[[6512,5741],[0,65],[12,0],[0,32],[13,0],[0,32]],[[7124,8064],[13,0]],[[7162,8031],[37,0]],[[7199,7999],[50,0]],[[7312,7548],[0,-97]],[[7312,7451],[-13,0]],[[7287,7419],[87,0]],[[7374,7451],[-25,0]],[[7324,7483],[0,65]],[[7387,7483],[0,65]],[[7399,7548],[0,-33]],[[7399,7515],[13,0]],[[7424,7483],[0,65]],[[7524,7225],[13,0]],[[7374,6644],[50,0]],[[7499,6644],[0,33]],[[7549,6580],[-12,0]],[[7512,6612],[0,-64]],[[7549,6548],[38,0]],[[7587,6580],[12,0]],[[7937,7032],[75,0]],[[8012,7064],[62,0]],[[8224,7322],[25,0]],[[8274,7354],[38,0]],[[8249,7451],[-25,0]],[[8224,7451],[0,64]],[[8237,7515],[0,33]],[[8249,7580],[-62,0]],[[8137,7580],[0,32]],[[8174,7677],[-62,0]],[[8112,7677],[0,32]],[[8124,7709],[0,64]],[[8124,7773],[50,0]],[[8174,7773],[0,-32]],[[8174,7741],[25,0]],[[8199,7741],[0,-32]],[[8212,7709],[0,32]],[[8274,7773],[0,-32]],[[8262,7741],[0,-32]],[[8237,7709],[0,-65]],[[8249,7677],[38,0]],[[8324,7644],[25,0]],[[8387,7580],[12,0]],[[8399,7548],[-12,0]],[[8362,7257],[25,0]],[[8387,7257],[0,129]],[[8424,7483],[38,0]],[[8462,7483],[0,129]],[[8487,7548],[12,0]],[[8524,7451],[13,0]],[[8537,7451],[0,-65]],[[8549,7386],[0,-96]],[[8549,7290],[-12,0]],[[8537,7290],[0,-97]],[[8462,7128],[0,-64]],[[8449,7032],[-12,0]],[[8412,6999],[0,33],[-13,0],[0,32],[-25,0]],[[8374,7064],[0,-97]],[[8349,6967],[-25,0]],[[8324,6967],[0,65]],[[8324,7032],[-25,0]],[[8287,6999],[0,33]],[[8287,7032],[-38,0],[0,-33],[-12,0],[0,-32],[-25,0],[0,-97]],[[8212,6870],[-75,0]],[[8137,6870],[0,-129]],[[8137,6741],[-13,0],[0,33],[-12,0],[0,-65],[-13,0]],[[8099,6709],[0,-32],[-12,0],[0,-33],[-25,0],[0,-32],[-13,0],[0,32],[-12,0],[0,-32],[-13,0],[0,-32],[-12,0],[0,-32],[12,0],[0,-33],[-12,0],[0,-32],[-25,0],[0,32],[-13,0],[0,-32],[-62,0],[0,-32],[-13,0],[0,-32],[13,0],[0,-33]],[[7912,6386],[12,0]],[[7924,6354],[-12,0]],[[7912,6354],[0,-32],[-25,0],[0,-32],[12,0],[0,-33]],[[7899,6257],[-12,0],[0,-32],[-13,0],[0,-32],[-12,0],[0,-32]],[[7862,6161],[12,0]],[[7874,6161],[0,-65]],[[7874,6064],[0,-129]],[[7874,5935],[-12,0],[0,-32],[25,0],[0,-33],[12,0],[0,-96],[-12,0],[0,-97],[-13,0],[0,32],[-25,0],[0,-32],[-12,0],[0,32],[-13,0],[0,32],[-12,0],[0,33],[-25,0],[0,-65],[-13,0],[0,97]],[[7774,5806],[-12,0],[0,-32],[-13,0],[0,32]],[[7749,5806],[-12,0]],[[7487,5967],[-88,0]],[[7312,6032],[0,32]],[[7274,6128],[-62,0]],[[7212,6128],[0,33],[-25,0],[0,32],[-13,0],[0,32],[-12,0],[0,32],[-13,0],[0,33],[-37,0],[0,-65]],[[7112,6225],[25,0]],[[7137,6225],[0,-161]],[[7149,6161],[13,0]],[[7162,6161],[0,-162]],[[7162,5999],[-25,0],[0,-32]],[[7137,5967],[-25,0]],[[7112,5967],[0,-64]],[[7112,5903],[-25,0]],[[7087,5903],[0,-65]],[[7024,5774],[0,32]],[[6999,5612],[-25,0]],[[6974,5612],[0,-64]],[[6974,5548],[-25,0],[0,-32]],[[6949,5516],[-25,0],[0,32],[-12,0],[0,97],[-13,0],[0,32],[-37,0],[0,97],[-13,0]],[[6849,5806],[-112,0]],[[6737,5774],[-50,0],[0,32],[-88,0],[0,32],[-12,0],[0,32],[-13,0],[0,65]],[[6562,5903],[-38,0]],[[6524,5870],[-12,0]],[[6512,5903],[-38,0],[0,32],[-25,0],[0,32],[-25,0],[0,32],[-12,0],[0,65]],[[6399,6064],[0,32],[-12,0],[0,65]],[[6349,6096],[0,-64]],[[6349,6032],[-12,0],[0,32],[-13,0],[0,97],[-12,0],[0,32],[-13,0]],[[6299,6193],[0,-129],[-12,0],[0,32],[-38,0]],[[6237,6193],[0,64]],[[6249,6257],[0,33]],[[6224,6386],[-37,0]],[[6149,6515],[0,65]],[[6099,6580],[-37,0]],[[6037,6709],[-38,0]],[[5999,6709],[0,-32]],[[5962,6612],[-88,0]],[[5874,6709],[-37,0]],[[5812,6741],[0,-129]],[[5812,6612],[-25,0]],[[5787,6644],[-38,0]],[[5749,6677],[-50,0]],[[5699,6677],[0,32],[38,0]],[[5712,6806],[0,32],[12,0]],[[5724,6870],[25,0]],[[5749,6935],[-25,0]],[[5724,6935],[0,129]],[[5737,7096],[37,0]],[[5774,7096],[0,-64]],[[5787,7032],[0,-33],[12,0],[0,-32],[-12,0]],[[5787,6967],[0,-32]],[[5774,6903],[-12,0]],[[5774,6870],[0,-161]],[[5799,6709],[0,65]],[[5837,6806],[0,64]],[[5924,6903],[13,0]],[[5937,6870],[100,0]],[[6037,6903],[25,0]],[[6074,6903],[25,0]],[[6174,6903],[-37,0]],[[6137,6935],[25,0]],[[6212,6967],[0,-32]],[[6224,6935],[0,32]],[[6262,6870],[0,33]],[[6274,6935],[-25,0]],[[6262,6967],[25,0]],[[6287,6967],[0,-32]],[[6312,7064],[0,32]],[[6324,7096],[0,-64]],[[6349,6903],[0,32]],[[6349,6935],[50,0]],[[6399,6870],[-25,0],[0,-64]],[[6374,6806],[-25,0]],[[6362,6741],[0,-64]],[[6374,6644],[38,0]],[[6412,6644],[0,-64]],[[6412,6580],[-13,0]],[[6412,6515],[12,0]],[[6487,6644],[0,65]],[[6624,6967],[0,194],[38,0]],[[6874,6967],[0,32]],[[6837,7161],[0,32]],[[6849,7257],[13,0]],[[6862,7290],[-38,0]],[[6824,7322],[-12,0]],[[6762,7354],[-13,0]],[[6637,7322],[0,-65]],[[6624,7257],[0,33]],[[6449,6999],[0,33]],[[6462,7064],[-38,0]],[[6424,7064],[0,64]],[[6412,7161],[-25,0],[0,32],[37,0]],[[6474,7354],[-75,0]],[[6399,7322],[-37,0]],[[6324,7225],[-12,0],[0,-97]],[[6237,7064],[-63,0]],[[6174,7096],[-25,0]],[[6037,7193],[-13,0],[0,32],[-37,0],[0,-32],[-13,0]],[[5962,7225],[-63,0],[0,65],[-12,0]],[[5887,7322],[-25,0],[0,-32],[-13,0],[0,-33],[-25,0]],[[5812,7225],[0,-64],[-13,0],[0,-65],[-12,0]],[[5849,7515],[38,0]],[[5899,7483],[0,65]],[[5899,7548],[-25,0]],[[5874,7548],[0,96]],[[5924,7677],[25,0]],[[5962,7644],[0,65]],[[5987,7709],[0,-32]],[[5999,7806],[38,0]],[[6037,7806],[0,32]],[[6087,7838],[37,0]],[[6212,7838],[25,0]],[[6249,7870],[0,32]],[[6249,7902],[13,0]],[[6262,7902],[0,-64]],[[6274,7870],[13,0]],[[6287,7902],[37,0]],[[6324,7935],[25,0]],[[6387,7902],[37,0]],[[6424,7935],[13,0]],[[6437,7902],[25,0]],[[6462,7902],[0,65]],[[6462,7967],[12,0]],[[6487,7935],[0,-65]],[[6499,7902],[0,97]],[[6499,7999],[13,0]],[[6674,7935],[0,32]],[[6687,7999],[62,0]],[[6924,7967],[-25,0]],[[6824,7838],[0,-32]],[[6837,7806],[0,-194]],[[6849,7644],[13,0]],[[6937,7935],[0,129]],[[7137,7644],[0,33]],[[7137,7677],[25,0]],[[7162,7644],[-13,0]],[[7149,7612],[38,0]],[[7149,7386],[0,-64]],[[7087,7257],[12,0]],[[7099,7225],[-37,0]],[[7049,7257],[0,33]],[[7049,7290],[-100,0]],[[6899,7290],[-25,0]],[[6862,7193],[25,0]],[[6887,7161],[25,0]],[[6912,7128],[50,0]],[[6962,7096],[87,0]],[[7124,7193],[13,0]],[[7162,7193],[0,64]],[[7187,7290],[50,0]],[[7224,7386],[13,0]],[[7262,7548],[0,32]],[[7262,7644],[-13,0]],[[7237,7677],[0,-97]],[[7199,7612],[25,0]],[[6987,7677],[-13,0]],[[6962,7644],[12,0]],[[6987,7644],[12,0]],[[7012,7644],[0,97]],[[6037,7644],[-25,0]],[[6024,7580],[0,32]],[[5949,7580],[38,0]],[[5974,7612],[0,32]],[[6899,7644],[0,-64]],[[6924,7644],[-25,0]],[[6574,7451],[13,0]],[[6612,7451],[12,0]],[[6712,7580],[-75,0]],[[5987,7548],[25,0]],[[6012,7580],[-25,0]],[[6349,7580],[0,-32]],[[6349,7548],[-25,0]],[[6312,7515],[0,-64]],[[6312,7451],[37,0]],[[6374,7483],[0,97]],[[6849,7483],[0,97]],[[6412,7515],[0,-32]],[[6424,7548],[-25,0]],[[7274,7354],[0,-32]],[[7262,7290],[25,0]],[[5999,7290],[50,0],[0,32],[-62,0],[0,-65]],[[7337,7128],[25,0]],[[7362,7161],[-63,0]],[[7174,7064],[0,-65]],[[7174,6999],[63,0]],[[7237,7032],[-50,0]],[[7149,6999],[0,-64]],[[7174,6967],[-12,0]],[[6287,6903],[0,-97]],[[6287,6806],[25,0]],[[5737,6838],[0,-64]],[[5749,6774],[0,64]],[[6887,6548],[-38,0]],[[6849,6548],[0,64]],[[6724,6483],[-25,0]],[[6699,6483],[0,-64]],[[6687,6419],[0,-65]],[[6687,6354],[50,0]],[[6787,6290],[0,64]],[[6812,6386],[12,0]],[[6899,6419],[13,0]],[[6912,6419],[0,-129]],[[6924,6290],[0,129]],[[6924,6419],[13,0]],[[6187,6580],[62,0]],[[6249,6612],[-37,0]],[[6212,6644],[-38,0]],[[7449,6612],[-37,0]],[[7199,6515],[0,33]],[[7199,6548],[13,0]],[[7237,6515],[12,0]],[[7224,6580],[-37,0]],[[7274,6548],[0,-65]],[[7287,6483],[0,65]],[[7012,6354],[25,0]],[[7037,6419],[-25,0]],[[6962,6257],[0,-32]],[[6962,6290],[0,32]],[[6287,6257],[0,-64]],[[6299,6193],[0,64]],[[5424,5677],[38,0],[0,-32],[25,0],[0,-33],[12,0],[0,-96],[-25,0],[0,32],[-12,0],[0,32],[-13,0],[0,32],[-12,0],[0,33],[-13,0],[0,32]],[[625,5516],[-25,0],[0,64],[25,0],[0,-64]],[[2062,5580],[13,0],[0,-64],[-13,0]],[[2062,5516],[0,64]],[[6074,5580],[13,0]],[[6087,5580],[0,-64],[-13,0],[0,64]],[[7387,5580],[12,0],[0,-64],[-12,0],[0,64]],[[7499,5548],[-12,0],[0,-32],[-13,0]],[[7474,5516],[0,64],[25,0],[0,-32]],[[8137,5838],[25,0]],[[8162,5838],[0,-32],[12,0],[0,-32],[25,0],[0,-33],[-37,0],[0,-32],[-13,0],[0,-32],[63,0],[0,97],[12,0],[0,-65],[25,0]],[[8249,5709],[0,-64]],[[8249,5645],[-12,0],[0,-33],[-75,0]],[[8162,5612],[0,-64],[-13,0]],[[8137,5548],[-38,0]],[[8099,5548],[0,-32]],[[8099,5516],[-37,0]],[[8062,5516],[0,64]],[[8062,5580],[12,0],[0,32],[13,0],[0,-32],[12,0],[0,65],[13,0],[0,32],[25,0],[0,32],[-13,0],[0,32],[-12,0]],[[8112,5741],[0,33]],[[637,5548],[0,-32]],[[637,5516],[-12,0]],[[625,5516],[0,32],[12,0]],[[637,5548],[13,0],[0,-32]],[[650,5516],[-13,0]],[[2962,5548],[0,-32],[-12,0]],[[2950,5516],[0,32],[12,0]],[[5274,5548],[25,0],[0,-32],[-25,0],[0,32]],[[7237,5548],[0,-32]],[[7237,5516],[-13,0]],[[7224,5516],[0,32]],[[7249,5548],[0,-32]],[[7249,5516],[-12,0]],[[7324,5580],[0,-32]],[[7324,5548],[-50,0]],[[7274,5548],[0,-32],[-25,0]],[[7674,5612],[0,-96]],[[7674,5516],[-37,0]],[[7637,5516],[0,32],[25,0],[0,64],[12,0]],[[8099,5548],[13,0],[0,-32],[-13,0]],[[8137,5548],[0,-32],[-13,0],[0,32],[13,0]],[[4862,5612],[38,0],[0,-32],[12,0],[0,32],[13,0],[0,-64],[-50,0],[0,-32],[-13,0],[0,-33],[-12,0],[0,33],[-13,0],[0,64],[13,0],[0,-32],[12,0],[0,64]],[[7599,5709],[13,0],[0,-226],[-25,0],[0,33],[-13,0],[0,64],[13,0],[0,97],[12,0],[0,32]],[[7037,5645],[0,-65],[12,0],[0,-32],[25,0],[0,-32],[-50,0],[0,-33]],[[7024,5483],[-12,0]],[[7012,5483],[0,65]],[[637,5516],[0,-33],[-12,0],[0,33]],[[1962,6161],[38,0]],[[2000,6161],[0,-33],[12,0],[0,-64],[-12,0],[0,-32],[25,0],[0,-97],[12,0],[0,-32]],[[2037,5903],[13,0]],[[2062,5838],[0,-64]],[[2062,5774],[13,0]],[[2087,5741],[0,-32]],[[2087,5709],[13,0],[0,-32],[12,0],[0,-97]],[[2112,5580],[-12,0]],[[2100,5548],[12,0]],[[2112,5548],[0,-32]],[[2112,5516],[-12,0]],[[2100,5516],[0,-33],[-38,0]],[[2062,5483],[0,33]],[[2037,5645],[0,32],[-12,0],[0,64]],[[2012,5741],[0,65],[-12,0],[0,32],[-25,0]],[[1975,5838],[0,97]],[[1962,5999],[-25,0]],[[1937,5999],[0,33]],[[2262,5516],[0,-33]],[[2262,5483],[-25,0],[0,33],[25,0]],[[2487,5516],[0,-33],[-12,0]],[[2475,5483],[0,33],[12,0]],[[2550,5516],[12,0]],[[2562,5516],[0,-33],[-12,0]],[[2550,5483],[0,33]],[[2837,5516],[0,-33]],[[2837,5483],[-25,0]],[[2812,5483],[0,33],[25,0]],[[2962,5548],[13,0],[0,-65],[-25,0]],[[2950,5483],[0,33]],[[4525,5516],[0,-33],[-13,0],[0,33],[13,0]],[[4612,5516],[0,-33]],[[4612,5483],[-50,0]],[[4562,5483],[0,33],[50,0]],[[5574,5483],[0,33],[13,0],[0,-33],[-13,0]],[[6987,5612],[12,0]],[[7012,5548],[0,-32]],[[7012,5516],[-13,0],[0,-33]],[[6999,5483],[-25,0]],[[6974,5483],[0,33],[-12,0],[0,-33]],[[6962,5483],[-25,0],[0,33],[12,0]],[[6974,5548],[0,32]],[[6974,5483],[-12,0]],[[7012,5516],[0,-33]],[[7012,5483],[-13,0]],[[7099,5516],[13,0],[0,-33],[-13,0],[0,33]],[[7174,5516],[13,0],[0,-33],[-13,0],[0,33]],[[7249,5516],[0,-33]],[[7249,5483],[-12,0]],[[7237,5483],[0,33]],[[7324,5516],[13,0],[0,-33],[-13,0],[0,33]],[[2300,5548],[0,-32],[12,0],[0,-65]],[[2312,5451],[-12,0]],[[2300,5451],[0,32]],[[2300,5483],[-25,0]],[[2275,5483],[0,-32],[-13,0]],[[2262,5451],[0,97]],[[2262,5548],[13,0],[0,32],[12,0]],[[7712,5451],[0,32],[-13,0]],[[7699,5483],[0,33]],[[7699,5516],[-25,0]],[[7674,5516],[0,32]],[[7674,5548],[13,0],[0,32],[25,0],[0,-64],[12,0],[0,-65],[-12,0]],[[650,5516],[0,-65]],[[650,5451],[-13,0],[0,65]],[[2525,5451],[-13,0],[0,65],[13,0],[0,-65]],[[6624,5516],[0,-65],[-12,0]],[[6612,5451],[0,65],[12,0]],[[7274,5548],[13,0]],[[7287,5548],[0,-65]],[[7287,5483],[-13,0]],[[7274,5483],[0,-32],[-12,0],[0,32]],[[7262,5483],[-13,0]],[[7824,5516],[0,-65],[-37,0]],[[7787,5451],[0,65]],[[7787,5516],[12,0],[0,32],[13,0],[0,-32],[12,0]],[[8062,5548],[0,-32]],[[8062,5516],[12,0],[0,-65],[-37,0],[0,65],[12,0]],[[8049,5516],[0,32],[13,0]],[[2062,5483],[0,-32],[-12,0],[0,32],[12,0]],[[2125,5483],[12,0]],[[2137,5483],[0,-32],[-12,0]],[[2125,5451],[0,32]],[[2200,5451],[-38,0]],[[2162,5451],[0,32],[38,0],[0,-32]],[[2287,5483],[13,0]],[[2300,5451],[-13,0],[0,32]],[[2325,5451],[-13,0]],[[2312,5451],[0,32],[13,0],[0,-32]],[[2487,5516],[13,0],[0,-65],[-25,0]],[[2475,5451],[0,32]],[[2550,5483],[0,-32]],[[2550,5451],[-13,0]],[[2537,5451],[0,32],[13,0]],[[2812,5483],[13,0]],[[2825,5483],[0,-32]],[[2825,5451],[-13,0],[0,32]],[[5574,5483],[0,-32],[-12,0]],[[5562,5451],[0,32],[12,0]],[[5974,5483],[13,0],[0,-32],[-13,0],[0,32]],[[6112,5451],[0,32],[12,0],[0,-32],[-12,0]],[[6187,5451],[0,32],[12,0],[0,-32],[-12,0]],[[6974,5483],[0,-32],[-12,0],[0,32]],[[7199,5483],[13,0]],[[7212,5483],[0,-32]],[[7212,5451],[-13,0]],[[7199,5451],[0,32]],[[7349,5483],[13,0],[0,-32],[-13,0],[0,32]],[[7437,5516],[-13,0],[0,-65],[-25,0]],[[7399,5451],[0,32],[13,0],[0,65],[25,0],[0,-32]],[[7549,5483],[13,0],[0,-32]],[[7562,5451],[-13,0],[0,32]],[[7712,5451],[-13,0]],[[7699,5451],[0,32]],[[7212,5548],[12,0]],[[7224,5548],[0,-129]],[[7224,5419],[-12,0]],[[7212,5419],[0,129]],[[7762,5516],[25,0]],[[7787,5451],[-13,0],[0,-32],[-12,0]],[[7762,5419],[0,97]],[[2800,5645],[25,0]],[[2825,5612],[25,0],[0,-32],[12,0],[0,-32],[38,0],[0,-32],[25,0],[0,-33],[25,0]],[[2950,5483],[0,-32]],[[2950,5451],[-13,0],[0,-32]],[[2937,5419],[-100,0]],[[2837,5419],[0,32],[-12,0]],[[2825,5483],[12,0]],[[2837,5516],[-50,0],[0,32],[-25,0]],[[2762,5580],[-37,0]],[[2725,5612],[-25,0],[0,-32],[12,0]],[[2712,5580],[0,-64],[-25,0],[0,96]],[[2662,5548],[-25,0],[0,32],[13,0],[0,65],[25,0],[0,32],[37,0]],[[4762,5483],[13,0],[0,-64],[-13,0],[0,64]],[[6237,5483],[37,0],[0,-32],[-25,0],[0,-32],[-12,0],[0,64]],[[6624,5483],[25,0],[0,-32],[-12,0],[0,-32],[-13,0],[0,64]],[[7687,5483],[12,0]],[[7699,5483],[0,-64]],[[7699,5419],[-12,0]],[[7687,5419],[0,64]],[[2075,5451],[12,0],[0,-32],[-12,0],[0,32]],[[2950,5451],[0,-32]],[[2950,5419],[-13,0]],[[3025,5451],[25,0],[0,-32],[-25,0]],[[3025,5419],[0,32]],[[6112,5451],[0,-32]],[[6112,5419],[-13,0],[0,32],[13,0]],[[7049,5451],[25,0],[0,-32]],[[7074,5419],[-25,0]],[[7049,5419],[0,32]],[[7212,5451],[0,-32]],[[7212,5419],[-13,0]],[[7199,5419],[0,32]],[[8387,6903],[-25,0],[0,-33]],[[8362,6870],[-25,0],[0,-32],[-13,0],[0,32]],[[8324,6870],[-75,0]],[[8099,6451],[38,0]],[[8137,6386],[-38,0]],[[8349,5967],[0,-64]],[[8324,5838],[-12,0]],[[8287,5774],[0,-65],[-25,0]],[[8249,5677],[0,32]],[[8162,5838],[12,0]],[[8174,6032],[-37,0]],[[8137,6032],[0,64]],[[8137,6096],[-50,0]],[[8124,6064],[0,-97]],[[8112,5935],[-13,0]],[[8087,5870],[12,0]],[[8112,5838],[0,-97]],[[8062,5580],[0,-32]],[[8049,5516],[-50,0],[0,-33],[-25,0],[0,97]],[[7974,5580],[-12,0]],[[7962,5580],[0,65],[-25,0],[0,64],[12,0],[0,32],[-25,0],[0,-64],[-12,0],[0,-32],[-13,0],[0,-33],[-25,0],[0,33],[-12,0],[0,-33],[-50,0],[0,-32],[12,0],[0,-64]],[[7787,5516],[0,32],[-13,0],[0,32],[-25,0],[0,-161],[-37,0],[0,32]],[[7674,5548],[0,64]],[[7712,5806],[37,0]],[[7874,5935],[0,32]],[[7874,5999],[0,65]],[[7874,6128],[0,33]],[[7912,6354],[25,0]],[[7937,6386],[-25,0]],[[8137,6741],[0,97]],[[8162,6870],[50,0]],[[8287,7032],[0,-65]],[[8312,7032],[12,0]],[[8324,6967],[38,0]],[[8374,6935],[0,129]],[[7899,6257],[0,-96]],[[7912,6161],[0,-97]],[[7912,6064],[-13,0]],[[7924,6064],[13,0]],[[7937,6064],[0,97]],[[7999,6096],[0,32]],[[8049,6193],[38,0]],[[8087,6161],[25,0]],[[8112,6161],[0,-33]],[[4525,5516],[12,0],[0,-33]],[[4537,5483],[13,0]],[[4550,5483],[0,-96],[-13,0]],[[4537,5387],[0,64],[-12,0],[0,65]],[[7012,5483],[25,0]],[[7037,5483],[0,-32],[-13,0]],[[7024,5451],[0,-64]],[[7024,5387],[-12,0]],[[7012,5387],[0,96]],[[2275,5483],[12,0]],[[2300,5451],[0,-32],[-13,0],[0,-32],[-12,0],[0,32],[-13,0]],[[2262,5419],[0,32]],[[4662,5387],[-37,0]],[[4625,5387],[0,64]],[[4625,5451],[12,0]],[[4637,5451],[0,65],[13,0],[0,-97],[12,0],[0,-32]],[[5899,5451],[13,0],[0,-64],[-13,0]],[[5899,5387],[0,64]],[[7824,5516],[13,0],[0,-33],[12,0],[0,-64],[-12,0],[0,-32],[-13,0],[0,32],[-37,0]],[[7787,5419],[0,32]],[[675,5419],[12,0],[0,-32],[-12,0],[0,32]],[[700,5419],[12,0],[0,-32],[-12,0],[0,32]],[[2175,5419],[0,-32],[-13,0],[0,32],[13,0]],[[2225,5419],[12,0]],[[2237,5419],[0,-32]],[[2237,5387],[-12,0]],[[2225,5387],[0,32]],[[2337,5387],[-12,0]],[[2325,5387],[0,32],[12,0],[0,-32]],[[2837,5419],[13,0],[0,-32],[-13,0],[0,32]],[[3075,5387],[0,32],[12,0],[0,-32],[-12,0]],[[4687,5387],[0,32],[13,0],[0,-32],[-13,0]],[[5187,5419],[0,-32]],[[5187,5387],[-13,0]],[[5174,5387],[0,32],[13,0]],[[5187,5419],[12,0],[0,-32],[-12,0]],[[7299,5419],[13,0],[0,-32],[-13,0],[0,32]],[[7387,5419],[12,0],[0,-32],[-12,0]],[[7387,5387],[0,32]],[[7787,5451],[0,-64]],[[7787,5387],[-25,0]],[[7762,5387],[0,32]],[[8374,5419],[0,-32],[-12,0]],[[8362,5387],[0,32],[12,0]],[[650,5516],[25,0],[0,-33],[12,0],[0,-32],[13,0],[0,-97],[-38,0],[0,97],[-12,0]],[[5599,5354],[0,97],[25,0],[0,-64],[-12,0],[0,-33],[-13,0]],[[7624,5451],[13,0],[0,-32],[12,0],[0,-65],[-12,0],[0,33],[-13,0],[0,64]],[[2575,5419],[0,-65]],[[2575,5354],[-13,0],[0,65],[13,0]],[[5899,5387],[0,-33],[-25,0]],[[5874,5354],[0,65],[13,0],[0,-32],[12,0]],[[7074,5419],[38,0],[0,-32],[37,0],[0,-33],[-50,0]],[[7099,5354],[0,33]],[[7099,5387],[-25,0],[0,32]],[[7224,5419],[0,-65]],[[7224,5354],[-12,0],[0,65]],[[7224,5419],[13,0]],[[7237,5419],[0,-65]],[[7237,5354],[-13,0]],[[7237,5419],[25,0]],[[7262,5419],[0,-32],[-13,0],[0,-33]],[[7249,5354],[-12,0]],[[7912,5451],[12,0],[0,-64],[-12,0]],[[7912,5387],[0,-33]],[[7912,5354],[-13,0],[0,65],[13,0]],[[7912,5419],[0,32]],[[2137,5387],[13,0]],[[2150,5387],[0,-33],[-13,0]],[[2137,5354],[0,33]],[[3000,5387],[12,0],[0,-33],[-12,0],[0,33]],[[5174,5387],[0,-33]],[[5174,5354],[-12,0],[0,33],[12,0]],[[5187,5387],[0,-33]],[[5187,5354],[-13,0]],[[5849,5354],[-12,0],[0,33],[12,0],[0,-33]],[[6612,5451],[0,-97],[-50,0]],[[6562,5354],[0,33],[25,0],[0,32],[12,0],[0,32],[13,0]],[[7024,5387],[0,-33]],[[7024,5354],[-12,0]],[[7012,5354],[0,33]],[[7187,5387],[12,0],[0,-33],[-12,0],[0,33]],[[7287,5387],[0,-33]],[[7287,5354],[-13,0],[0,33],[13,0]],[[8074,5387],[13,0]],[[8087,5387],[0,-33],[-13,0],[0,33]],[[3075,5387],[25,0],[0,-33],[-13,0]],[[3087,5354],[0,-32],[-12,0]],[[3075,5322],[0,65]],[[7949,5580],[25,0]],[[7974,5580],[0,-129],[-12,0],[0,-32],[-13,0],[0,-65]],[[7949,5354],[-12,0],[0,-32]],[[7937,5322],[-25,0]],[[7912,5322],[0,65]],[[7912,5451],[0,97]],[[7912,5548],[37,0]],[[8037,5387],[12,0]],[[8049,5387],[0,-65]],[[8049,5322],[-12,0]],[[8037,5322],[0,65]],[[8049,5387],[25,0]],[[8074,5387],[0,-65],[-25,0]],[[2112,5354],[0,-32],[-12,0],[0,32],[12,0]],[[2300,5354],[12,0],[0,-32],[-12,0],[0,32]],[[2325,5354],[12,0]],[[2337,5354],[0,-32]],[[2337,5322],[-12,0]],[[2325,5322],[0,32]],[[2337,5354],[13,0]],[[2350,5354],[0,-32]],[[2350,5322],[-13,0]],[[2350,5354],[12,0]],[[2362,5354],[0,-32]],[[2362,5322],[-12,0]],[[2362,5354],[13,0],[0,-32]],[[2375,5322],[-13,0]],[[2437,5354],[13,0],[0,-32]],[[2450,5322],[-13,0],[0,32]],[[3025,5354],[12,0]],[[3037,5354],[0,-32]],[[3037,5322],[-12,0],[0,32]],[[3137,5354],[0,-32],[-12,0]],[[3125,5322],[0,32],[12,0]],[[5087,5354],[0,-32],[-13,0],[0,32],[13,0]],[[5187,5354],[12,0],[0,-32],[-12,0],[0,32]],[[5599,5354],[0,-32],[-12,0]],[[5587,5322],[0,32],[12,0]],[[5849,5354],[25,0]],[[5874,5354],[0,-32],[-25,0]],[[5849,5322],[0,32]],[[6149,5354],[0,-32],[-12,0],[0,32],[12,0]],[[7049,5354],[25,0]],[[7074,5354],[0,-32]],[[7074,5322],[-25,0]],[[7049,5322],[0,32]],[[7349,5354],[13,0],[0,-32],[-13,0],[0,32]],[[7587,5354],[25,0]],[[7612,5354],[0,-32],[-25,0],[0,32]],[[7749,5354],[13,0],[0,-32],[-13,0],[0,32]],[[7787,5354],[0,-32]],[[7787,5322],[-13,0],[0,32],[13,0]],[[8012,5354],[12,0]],[[8024,5354],[0,-32]],[[8024,5322],[-12,0]],[[8012,5322],[0,32]],[[8349,5354],[0,-32],[-12,0]],[[8337,5322],[0,32],[12,0]],[[8399,5354],[0,-32]],[[8399,5322],[-12,0],[0,32],[12,0]],[[2950,5419],[25,0],[0,-65],[12,0],[0,-32],[-12,0],[0,-32]],[[2975,5290],[-13,0]],[[2962,5290],[0,97],[-12,0],[0,32]],[[8087,5387],[-50,0]],[[8037,5322],[25,0],[0,-32],[-38,0]],[[8024,5290],[0,64]],[[8012,5354],[0,65],[12,0],[0,32],[63,0],[0,-64]],[[2125,5387],[12,0]],[[2137,5387],[0,-65]],[[2137,5322],[25,0]],[[2162,5322],[0,-32]],[[2162,5290],[-37,0]],[[2125,5290],[0,97]],[[2100,5516],[25,0]],[[2125,5516],[0,-65]],[[2137,5483],[13,0]],[[2150,5483],[0,-32]],[[2150,5451],[25,0]],[[2175,5451],[0,-32]],[[2175,5419],[50,0]],[[2225,5387],[25,0]],[[2250,5387],[0,-33],[-25,0],[0,-32],[-13,0],[0,65],[-25,0],[0,-33],[-25,0]],[[2162,5354],[0,-32]],[[2137,5322],[0,32]],[[2150,5387],[-25,0]],[[2125,5290],[-13,0],[0,64]],[[2112,5354],[-37,0],[0,33],[-13,0],[0,96]],[[2962,5290],[-37,0],[0,64],[37,0],[0,-64]],[[3037,5354],[13,0]],[[3050,5354],[0,-64]],[[3050,5290],[-13,0]],[[3037,5290],[0,64]],[[2262,5322],[13,0],[0,-32],[-13,0],[0,32]],[[2337,5322],[0,-32],[-12,0]],[[2325,5290],[0,32]],[[2362,5322],[0,-32]],[[2362,5290],[-12,0],[0,32]],[[2375,5322],[0,-32],[-13,0]],[[2825,5290],[-13,0],[0,32],[13,0],[0,-32]],[[3050,5322],[25,0]],[[3075,5322],[0,-32]],[[3075,5290],[-25,0]],[[3050,5290],[0,32]],[[3087,5354],[25,0],[0,-64],[-37,0]],[[3237,5322],[13,0],[0,-32],[-13,0],[0,32]],[[5287,5322],[12,0],[0,-32],[-12,0],[0,32]],[[5849,5322],[0,-32],[-37,0],[0,32],[37,0]],[[6562,5322],[12,0],[0,-32]],[[6574,5290],[-12,0]],[[6562,5290],[0,32]],[[7074,5322],[13,0],[0,-32]],[[7087,5290],[-13,0],[0,32]],[[8024,5322],[0,-32]],[[8024,5290],[-12,0],[0,32]],[[8349,5354],[13,0],[0,-64]],[[8362,5290],[-25,0]],[[8337,5290],[0,32]],[[7099,5387],[0,-65]],[[7099,5322],[13,0]],[[7112,5322],[0,-64]],[[7112,5258],[-13,0]],[[7099,5258],[0,32],[-12,0]],[[7074,5354],[-12,0]],[[7062,5354],[0,33],[-13,0]],[[7049,5387],[0,32]],[[2850,5258],[0,32]],[[2850,5290],[-25,0]],[[2825,5290],[0,64],[37,0],[0,-32],[25,0],[0,-64],[-37,0]],[[2487,5322],[13,0]],[[2500,5322],[0,-64]],[[2500,5258],[-13,0]],[[2487,5258],[0,64]],[[2950,5451],[75,0]],[[3025,5419],[37,0],[0,-32],[13,0]],[[3050,5322],[0,32]],[[3050,5354],[-25,0]],[[3037,5322],[0,-32]],[[3037,5290],[-12,0],[0,-32]],[[3025,5258],[-25,0],[0,32],[-25,0]],[[3137,5354],[38,0],[0,-32],[12,0],[0,-32]],[[3187,5290],[-12,0],[0,-32],[-13,0]],[[3162,5258],[0,32]],[[3162,5290],[-37,0],[0,32]],[[7949,5354],[0,-32],[13,0],[0,-64]],[[7962,5258],[-25,0],[0,32],[-13,0],[0,32]],[[7924,5322],[13,0]],[[2162,5290],[0,-32]],[[2162,5258],[-12,0],[0,32],[12,0]],[[2300,5290],[12,0],[0,-32],[-12,0],[0,32]],[[2850,5258],[-13,0],[0,32],[13,0]],[[3037,5290],[0,-32],[-12,0]],[[3162,5258],[-12,0],[0,32],[12,0]],[[3187,5290],[25,0],[0,-32],[-25,0],[0,32]],[[3287,5258],[-12,0]],[[3275,5258],[0,32],[12,0],[0,-32]],[[5449,5290],[13,0],[0,-32],[-13,0],[0,32]],[[5587,5290],[0,-32],[-38,0]],[[5549,5258],[0,32],[38,0]],[[6562,5290],[0,-32]],[[6562,5258],[-13,0]],[[6549,5258],[0,32],[13,0]],[[6574,5290],[0,-32],[-12,0]],[[7099,5258],[-12,0],[0,32]],[[7799,5290],[38,0]],[[7837,5290],[0,-32]],[[7837,5258],[-38,0]],[[7799,5258],[0,32]],[[7974,5258],[-12,0]],[[7962,5258],[0,32],[12,0],[0,-32]],[[3262,5225],[-12,0],[0,33],[12,0],[0,-33]],[[4950,5258],[12,0],[0,-33],[-12,0],[0,33]],[[5549,5258],[0,-33],[-12,0]],[[5537,5225],[0,33],[12,0]],[[5824,5258],[13,0],[0,-33],[-13,0],[0,33]],[[7112,5258],[0,-33]],[[7112,5225],[-13,0]],[[7099,5225],[0,33]],[[7974,5258],[13,0],[0,-33],[-13,0]],[[7974,5225],[0,33]],[[7237,5483],[25,0]],[[7274,5483],[25,0]],[[7299,5483],[0,-32],[-12,0]],[[7287,5451],[0,-64]],[[7287,5354],[0,-96]],[[7287,5258],[12,0]],[[7299,5258],[0,-65],[-12,0]],[[7287,5193],[0,32],[-38,0],[0,33],[-25,0],[0,96]],[[7224,5354],[25,0]],[[7262,5419],[-38,0]],[[7224,5419],[0,97]],[[2550,5258],[12,0]],[[2562,5258],[0,-65],[-12,0],[0,65]],[[6087,5258],[0,-65]],[[6087,5193],[-13,0],[0,65],[13,0]],[[6224,5258],[0,-65]],[[6224,5193],[-25,0]],[[6199,5193],[0,65],[25,0]],[[2212,5225],[0,-32]],[[2212,5193],[-12,0],[0,32],[12,0]],[[2325,5225],[12,0]],[[2337,5225],[0,-32],[-12,0]],[[2325,5193],[0,32]],[[3262,5225],[13,0],[0,-32],[-13,0],[0,32]],[[5537,5225],[0,-32],[-13,0],[0,32],[13,0]],[[6537,5225],[0,-32],[-13,0]],[[6524,5193],[0,32],[13,0]],[[7049,5193],[-12,0],[0,32],[12,0],[0,-32]],[[7062,5225],[12,0]],[[7074,5225],[0,-32]],[[7074,5193],[-12,0]],[[7062,5193],[0,32]],[[6112,5774],[0,-33]],[[6112,5741],[37,0],[0,-32],[-12,0],[0,-97],[12,0],[0,65],[13,0],[0,-32],[12,0],[0,-33],[-12,0],[0,-32],[12,0],[0,-32],[-37,0],[0,-32],[25,0],[0,-33],[12,0],[0,-32],[13,0]],[[6187,5451],[0,-32],[25,0],[0,32],[12,0],[0,-64],[13,0],[0,-162]],[[6237,5225],[-13,0]],[[6224,5225],[0,33]],[[6199,5193],[-12,0]],[[6187,5193],[0,-32],[-13,0]],[[6174,5161],[0,64]],[[6174,5225],[-12,0],[0,33],[-13,0],[0,96]],[[6149,5354],[-25,0],[0,65],[-12,0]],[[6112,5451],[-25,0],[0,129]],[[6074,5580],[0,65],[-12,0],[0,64]],[[6062,5709],[-25,0],[0,32],[-13,0],[0,65],[-12,0],[0,64]],[[1812,7902],[25,0]],[[1837,7902],[0,-32]],[[1950,7838],[37,0]],[[2112,7741],[50,0]],[[2200,7612],[37,0]],[[2237,7644],[13,0]],[[2250,7612],[62,0]],[[2337,7483],[13,0]],[[2350,7483],[0,-64]],[[2562,7096],[0,-97]],[[2562,6999],[25,0],[0,33]],[[2600,7032],[0,-33]],[[2387,6096],[-12,0],[0,-32],[-25,0],[0,-32],[-25,0],[0,-33],[-25,0]],[[2312,5870],[0,-64],[-25,0],[0,-161]],[[2287,5612],[0,-32]],[[2262,5548],[0,-32]],[[2262,5483],[0,-64]],[[2300,5451],[25,0]],[[2325,5451],[0,-64]],[[2337,5387],[0,-33]],[[2325,5354],[0,-64]],[[2362,5290],[0,-32]],[[2362,5258],[-12,0]],[[2350,5258],[0,-33]],[[2350,5225],[-25,0]],[[2325,5225],[0,-64]],[[2325,5161],[-13,0]],[[2312,5161],[0,32]],[[2312,5193],[-12,0]],[[2300,5193],[0,32],[-38,0],[0,33],[-37,0],[0,32],[-38,0],[0,32],[-12,0],[0,-32],[-13,0]],[[2162,5290],[0,64]],[[2250,5387],[-13,0]],[[2237,5419],[-62,0]],[[2175,5451],[25,0]],[[2162,5451],[-12,0]],[[2150,5483],[-25,0]],[[2125,5483],[0,33]],[[2125,5516],[-13,0]],[[2112,5548],[13,0]],[[2125,5580],[-13,0]],[[2087,5709],[0,65]],[[2087,5774],[-25,0]],[[2062,5774],[0,129]],[[2062,5903],[-25,0]],[[2000,6161],[-75,0]],[[1937,6096],[0,-97]],[[1937,5999],[13,0]],[[1975,5903],[0,-65]],[[2012,5741],[-25,0],[0,65]],[[1987,5806],[-25,0],[0,32],[-12,0],[0,65],[-13,0],[0,32],[-12,0],[0,64]],[[1925,5999],[-25,0],[0,33],[-13,0],[0,32],[-12,0]],[[1875,6064],[0,64]],[[1862,6128],[0,33],[-12,0],[0,64],[12,0]],[[1812,6548],[75,0]],[[1900,6515],[0,-64]],[[1900,6451],[12,0]],[[1912,6419],[13,0]],[[2012,6386],[13,0]],[[2087,6386],[-25,0]],[[2075,6935],[-25,0]],[[2050,6999],[25,0]],[[2025,7193],[0,32]],[[2012,7161],[-12,0]],[[1987,7128],[-12,0]],[[1962,7161],[0,96]],[[1962,7257],[-37,0]],[[1925,7257],[0,33]],[[1937,7386],[-37,0]],[[1900,7354],[25,0]],[[1925,7354],[0,-32]],[[1912,7257],[-12,0]],[[1900,7225],[-38,0]],[[1862,7257],[13,0]],[[1875,7290],[12,0]],[[1875,7354],[0,97]],[[1837,7548],[25,0]],[[2225,5774],[0,-97]],[[2250,5645],[0,64]],[[2250,5709],[12,0]],[[2262,5741],[-25,0]],[[2237,5548],[25,0]],[[2250,5580],[0,32]],[[7099,5225],[63,0]],[[7162,5225],[0,-64],[-88,0]],[[7074,5161],[0,64]],[[7062,5225],[0,33]],[[7062,5258],[-38,0]],[[7024,5258],[0,32],[25,0]],[[7049,5290],[0,32]],[[7674,5161],[-12,0],[0,32],[-13,0],[0,-32],[-12,0],[0,129],[12,0],[0,-32],[25,0],[0,-97]],[[4287,5258],[25,0],[0,-33],[25,0],[0,-64],[-25,0],[0,32],[-25,0],[0,65]],[[7062,5258],[0,-65]],[[7062,5193],[-13,0]],[[7049,5193],[0,-32]],[[7049,5161],[-25,0],[0,97]],[[6174,5161],[-12,0],[0,32],[-13,0],[0,32],[25,0]],[[2250,5193],[0,-32]],[[2250,5161],[-13,0],[0,32],[13,0]],[[2337,5225],[13,0]],[[2350,5225],[0,-64]],[[2350,5161],[-25,0]],[[2325,5161],[0,32]],[[2400,5193],[25,0],[0,-32],[-25,0],[0,32]],[[4537,5193],[13,0]],[[4550,5193],[0,-32],[-13,0]],[[4537,5161],[0,32]],[[5487,5193],[12,0],[0,-32],[-12,0],[0,32]],[[6324,5193],[13,0]],[[6337,5193],[0,-32],[-13,0]],[[6324,5161],[0,32]],[[7074,5193],[0,-32]],[[7074,5161],[-12,0],[0,32]],[[7262,5193],[25,0]],[[7287,5193],[0,-32],[-25,0],[0,32]],[[7712,5193],[0,-32],[-13,0]],[[7699,5161],[0,32],[13,0]],[[8399,5193],[13,0]],[[8412,5193],[0,-32],[-13,0],[0,32]],[[2300,5193],[-25,0]],[[2275,5193],[0,-32],[12,0],[0,-32]],[[2287,5129],[-25,0],[0,32],[-12,0]],[[2250,5193],[-38,0]],[[2212,5225],[-37,0],[0,33],[-13,0]],[[3287,5258],[0,-65],[25,0],[0,-32]],[[3312,5161],[-12,0],[0,-32]],[[3300,5129],[-25,0],[0,129]],[[6237,5225],[25,0],[0,-32],[12,0],[0,-64]],[[6274,5129],[-12,0]],[[6262,5129],[0,32],[-13,0],[0,32],[-12,0]],[[6237,5193],[0,32]],[[2275,5193],[37,0]],[[2312,5193],[0,-64]],[[2312,5129],[-25,0]],[[4625,5193],[12,0],[0,-64]],[[4637,5129],[-12,0]],[[4625,5129],[0,64]],[[2325,5161],[0,-32]],[[2325,5129],[-13,0]],[[2312,5129],[0,32]],[[2362,5258],[0,-129]],[[2362,5129],[-37,0]],[[2350,5161],[0,97]],[[2362,5161],[13,0],[0,-32]],[[2375,5129],[-13,0]],[[2362,5129],[0,32]],[[2562,5161],[0,-32]],[[2562,5129],[-12,0]],[[2550,5129],[0,32],[12,0]],[[2662,5161],[13,0],[0,-32],[-13,0]],[[2662,5129],[0,32]],[[3312,5161],[0,-32],[-12,0]],[[4975,5161],[25,0],[0,-32],[-25,0],[0,32]],[[7187,5161],[12,0],[0,-32],[-12,0],[0,32]],[[8024,5129],[-12,0]],[[8012,5129],[0,32],[12,0],[0,-32]],[[6437,5774],[0,-33],[12,0]],[[6487,5741],[12,0],[0,33],[13,0],[0,-33]],[[6649,5516],[-12,0],[0,-33],[-13,0]],[[6624,5483],[0,33]],[[6562,5354],[25,0],[0,-32],[-25,0]],[[6549,5258],[-25,0]],[[6524,5258],[0,32],[-12,0],[0,-65],[-13,0],[0,33],[-75,0],[0,32],[-25,0],[0,-32],[-25,0]],[[6374,5258],[0,-65]],[[6374,5193],[-50,0]],[[6324,5161],[-12,0],[0,-65]],[[6312,5096],[-25,0]],[[6287,5096],[0,33]],[[6287,5129],[-13,0]],[[2575,5548],[25,0],[0,-65],[-13,0],[0,-32],[-12,0],[0,-32]],[[2575,5354],[0,-32],[-13,0],[0,-64]],[[2550,5258],[0,-129]],[[2550,5129],[-13,0]],[[2537,5129],[0,-33],[-25,0],[0,33],[-12,0],[0,32],[-13,0],[0,32],[-12,0],[0,97],[12,0]],[[2487,5290],[0,-32]],[[2500,5258],[0,32]],[[2500,5290],[12,0],[0,129],[13,0],[0,32]],[[2525,5451],[25,0]],[[2562,5516],[13,0]],[[2575,5516],[0,32]],[[7787,5258],[50,0]],[[7837,5258],[0,-65]],[[7837,5193],[-13,0],[0,-32],[-12,0],[0,-65],[-13,0],[0,97],[-12,0],[0,65]],[[6324,5161],[0,-65],[-12,0]],[[7074,5161],[0,-32],[13,0],[0,-33]],[[7087,5096],[-50,0],[0,65],[12,0]],[[2300,5129],[37,0],[0,-33],[-37,0],[0,33]],[[2662,5129],[25,0],[0,-33]],[[2687,5096],[-25,0]],[[2662,5096],[0,33]],[[4637,5129],[13,0]],[[4650,5129],[0,-33]],[[4650,5096],[-13,0],[0,33]],[[5899,5129],[25,0]],[[5924,5129],[0,-33]],[[5924,5096],[-25,0]],[[5899,5096],[0,33]],[[7237,5129],[12,0],[0,-33],[-12,0]],[[7237,5096],[0,33]],[[7624,5129],[38,0],[0,-33],[-38,0],[0,33]],[[8024,5129],[13,0],[0,-33]],[[8037,5096],[-13,0]],[[8024,5096],[0,33]],[[4550,5483],[62,0]],[[4612,5483],[0,-32]],[[4612,5451],[13,0]],[[4625,5387],[62,0]],[[4687,5387],[0,-33],[50,0],[0,-32],[100,0],[0,-97]],[[4837,5225],[13,0]],[[4850,5225],[0,-64],[12,0]],[[4862,5161],[0,-97]],[[4862,5064],[-12,0]],[[4850,5064],[0,32]],[[4850,5096],[-100,0],[0,33],[-13,0],[0,-33],[-50,0],[0,33],[-12,0],[0,-65],[-25,0]],[[4650,5064],[0,65]],[[4625,5193],[0,-32]],[[4625,5161],[-13,0],[0,32]],[[4612,5193],[-75,0]],[[4537,5193],[0,65],[13,0],[0,96],[-13,0],[0,33]],[[6524,5258],[13,0],[0,-33]],[[6524,5193],[-50,0]],[[6474,5193],[0,32],[-25,0],[0,-32],[-12,0],[0,-32],[-38,0]],[[6399,5161],[0,-32]],[[6399,5129],[-12,0],[0,-65],[-13,0]],[[6374,5064],[0,194]],[[7974,5225],[25,0],[0,-32],[13,0],[0,-64]],[[8024,5129],[0,-65]],[[8024,5064],[-25,0]],[[7999,5064],[0,32],[-12,0],[0,33],[-13,0],[0,32],[-12,0],[0,97]],[[5224,6451],[0,-32]],[[5237,6386],[37,0]],[[5299,6290],[0,-33]],[[5399,6161],[125,0]],[[5524,6193],[25,0],[0,32]],[[5687,6257],[87,0]],[[5774,6225],[38,0]],[[5949,5935],[0,-65]],[[5974,5838],[0,-32],[13,0],[0,-65],[12,0],[0,-64]],[[5999,5677],[-12,0],[0,-32],[-13,0],[0,-33],[-25,0],[0,-32],[-12,0],[0,-32],[-13,0],[0,-65],[-12,0],[0,33],[-13,0],[0,-65]],[[5899,5451],[-12,0],[0,32],[-13,0],[0,65],[13,0],[0,32],[-25,0],[0,-32],[-25,0],[0,-32],[-13,0],[0,-33],[-12,0],[0,97],[-50,0],[0,-32],[12,0],[0,-65],[-25,0],[0,33],[-50,0],[0,-97],[25,0],[0,32],[38,0],[0,-64],[12,0],[0,32],[13,0],[0,32],[12,0],[0,-64],[25,0],[0,-33],[-50,0],[0,-32],[-12,0],[0,-64],[25,0],[0,-33],[-13,0],[0,-32],[88,0],[0,-32],[-13,0],[0,-32],[-50,0],[0,-33],[-50,0],[0,33],[-25,0],[0,-33],[-12,0],[0,33],[-13,0],[0,-33],[-25,0],[0,65],[-12,0],[0,97],[-13,0],[0,64],[13,0],[0,65],[-25,0],[0,-33],[-13,0],[0,-32],[13,0],[0,-32],[-50,0]],[[5587,5290],[0,32]],[[5587,5322],[-13,0],[0,65],[-12,0],[0,64]],[[5562,5451],[-13,0],[0,-97],[-12,0],[0,-32],[-25,0],[0,-32],[-13,0],[0,64],[25,0],[0,33],[-12,0],[0,32],[-38,0],[0,64],[-37,0],[0,-32],[25,0],[0,-97],[-25,0],[0,-32],[12,0],[0,-32]],[[5449,5290],[-25,0],[0,-65],[13,0],[0,-32],[12,0],[0,-32],[25,0],[0,-32],[25,0],[0,-33],[-125,0],[0,-32],[-25,0],[0,32],[-50,0],[0,33],[-50,0],[0,32],[-12,0],[0,64],[25,0],[0,33],[-13,0],[0,32],[13,0],[0,97],[-38,0],[0,32],[-12,0],[0,32],[12,0],[0,32],[-25,0],[0,-32],[-12,0],[0,-32]],[[5174,5354],[0,-32],[-12,0],[0,-32],[-25,0],[0,-32],[-25,0],[0,-33],[-25,0],[0,65],[25,0],[0,64],[-25,0]],[[5087,5354],[0,65],[-13,0],[0,32],[-25,0],[0,32],[-12,0],[0,33],[-50,0],[0,64],[-25,0],[0,-64],[13,0],[0,-33],[-13,0],[0,-32],[-25,0],[0,-32],[-37,0],[0,-65],[12,0],[0,-32],[-12,0],[0,-97]],[[4900,5225],[-63,0]],[[4687,5387],[-25,0]],[[4637,5451],[-25,0]],[[4612,5451],[0,65]],[[4562,5483],[-25,0]],[[4525,5516],[0,64]],[[4537,5580],[0,97],[13,0],[0,32]],[[4562,5709],[0,65],[13,0],[0,32],[12,0],[0,97],[25,0],[0,32]],[[4637,5967],[-12,0],[0,32]],[[4625,5999],[12,0],[0,33],[38,0],[0,-33]],[[4700,5967],[0,32]],[[4700,5999],[12,0]],[[4762,6064],[13,0]],[[4775,6096],[25,0]],[[4800,6128],[50,0]],[[4887,6225],[25,0]],[[6474,5193],[13,0],[0,-32],[-25,0],[0,-65],[-25,0],[0,-32],[-38,0],[0,97]],[[5024,5064],[-12,0],[0,65],[12,0],[0,-65]],[[2687,5096],[13,0],[0,-32]],[[2700,5064],[-13,0]],[[2687,5064],[0,32]],[[6299,5096],[13,0]],[[6312,5096],[0,-32],[-13,0]],[[6299,5064],[0,32]],[[7062,5096],[12,0]],[[7074,5096],[0,-32],[-12,0],[0,32]],[[7149,5064],[0,32],[13,0],[0,-32],[-13,0]],[[7237,5096],[0,-32]],[[7237,5064],[-13,0]],[[7224,5064],[0,32],[13,0]],[[3300,5129],[0,-33],[12,0],[0,-64]],[[3312,5032],[-25,0],[0,97],[13,0]],[[4350,5225],[25,0],[0,-96],[-13,0],[0,-65],[-12,0],[0,-32],[-50,0],[0,64],[37,0],[0,33],[13,0],[0,96]],[[7099,5096],[13,0],[0,-64],[-13,0],[0,64]],[[2475,5064],[12,0],[0,-32],[-12,0],[0,32]],[[5024,5064],[13,0],[0,-32],[-13,0],[0,32]],[[6274,5096],[25,0]],[[6299,5096],[0,-64]],[[6299,5032],[-37,0],[0,32],[12,0],[0,32]],[[7149,5064],[0,-32],[-12,0],[0,32],[12,0]],[[7174,5064],[13,0]],[[7187,5064],[0,-32]],[[7187,5032],[-13,0],[0,32]],[[7212,5064],[12,0]],[[7224,5064],[0,-32]],[[7224,5032],[-12,0]],[[7212,5032],[0,32]],[[7237,5064],[0,-32]],[[7237,5032],[-13,0]],[[7762,5064],[12,0]],[[7774,5064],[0,-32]],[[7774,5032],[-12,0]],[[7762,5032],[0,32]],[[8037,5096],[0,-64]],[[8037,5032],[-25,0]],[[8012,5032],[0,32]],[[8012,5064],[12,0]],[[8024,5064],[0,32]],[[8399,5032],[0,32],[13,0],[0,-32],[-13,0]],[[4912,5000],[0,161],[13,0],[0,32],[12,0],[0,-64],[13,0],[0,-33],[25,0],[0,-32],[-25,0],[0,-32],[-25,0],[0,-32],[-13,0]],[[7762,5516],[0,-129]],[[7762,5387],[-25,0]],[[7737,5387],[0,-129],[25,0],[0,-65],[12,0],[0,-64],[-12,0]],[[7762,5129],[0,-97]],[[7774,5032],[0,-32]],[[7774,5000],[-25,0],[0,32],[-12,0],[0,32],[-13,0],[0,32],[13,0],[0,129],[-13,0],[0,33],[-12,0],[0,64],[-13,0],[0,32],[-12,0]],[[7687,5354],[0,65]],[[7699,5419],[0,32]],[[8349,5096],[13,0],[0,-32],[12,0],[0,-64],[-25,0],[0,96]],[[2500,5064],[12,0],[0,-32],[13,0],[0,-32],[-25,0],[0,64]],[[2700,5064],[0,-64],[-13,0],[0,64]],[[4862,5096],[25,0]],[[4887,5096],[0,-96]],[[4887,5000],[-37,0]],[[4850,5000],[0,64]],[[4862,5064],[0,32]],[[2450,5032],[0,-32]],[[2450,5000],[-13,0],[0,32],[13,0]],[[4812,5032],[13,0],[0,-32],[-13,0],[0,32]],[[5124,5032],[13,0],[0,-32],[-13,0],[0,32]],[[6299,5032],[13,0],[0,-32],[-13,0],[0,32]],[[6362,5064],[0,-64],[-25,0],[0,32]],[[6337,5032],[12,0],[0,32],[13,0]],[[3312,5032],[0,-65]],[[3312,4967],[-12,0],[0,65],[12,0]],[[4887,5032],[13,0]],[[4900,5032],[0,-65]],[[4900,4967],[-13,0]],[[4887,4967],[0,65]],[[2450,5000],[12,0],[0,-33]],[[2462,4967],[-12,0],[0,33]],[[4900,5000],[12,0]],[[4912,5000],[0,-33]],[[4912,4967],[-12,0]],[[4900,4967],[0,33]],[[5399,5000],[13,0],[0,-33],[-13,0],[0,33]],[[5887,5000],[12,0],[0,-33],[-12,0],[0,33]],[[6174,5000],[13,0]],[[6187,5000],[0,-33]],[[6187,4967],[-13,0],[0,33]],[[6187,5000],[12,0]],[[6199,5000],[0,-33]],[[6199,4967],[-12,0]],[[7787,5000],[12,0]],[[7799,5000],[0,-33]],[[7799,4967],[-12,0]],[[7787,4967],[0,33]],[[7799,5000],[13,0]],[[7812,5000],[0,-33],[-13,0]],[[2575,5516],[-25,0]],[[2537,5451],[-12,0]],[[2500,5290],[0,32]],[[2487,5322],[0,-32]],[[2537,5129],[25,0]],[[2562,5161],[13,0]],[[2575,5161],[0,-65],[-13,0],[0,-32],[25,0],[0,-32],[25,0],[0,-65],[-12,0]],[[2600,4967],[0,33]],[[2600,5000],[-13,0],[0,-65],[-12,0]],[[2575,4935],[0,32],[-25,0],[0,33],[-13,0],[0,-65]],[[2537,4935],[-25,0],[0,32],[-50,0]],[[2450,5032],[-25,0],[0,32],[-13,0],[0,32],[-12,0],[0,33],[-25,0]],[[2362,5161],[0,129]],[[2375,5322],[25,0],[0,32],[37,0]],[[2450,5322],[0,65],[25,0],[0,64]],[[2487,5516],[0,32],[88,0]],[[6124,5064],[38,0],[0,-64],[12,0]],[[6187,4967],[0,-32]],[[6187,4935],[-25,0]],[[6162,4935],[0,32],[-13,0],[0,33],[-12,0],[0,32],[-13,0],[0,32]],[[5962,4967],[-25,0]],[[5937,4967],[0,65]],[[5937,5032],[12,0],[0,32],[-12,0],[0,32]],[[5937,5096],[-13,0]],[[5924,5129],[13,0]],[[5937,5129],[0,32],[37,0],[0,-32],[25,0],[0,64],[13,0],[0,-32],[12,0],[0,-32],[-12,0],[0,-162],[-25,0],[0,-32],[-25,0],[0,32]],[[2575,4935],[-38,0]],[[3312,4967],[0,-32],[-25,0],[0,32],[25,0]],[[5937,4967],[12,0]],[[5949,4967],[0,-32],[-12,0]],[[5937,4935],[0,32]],[[6199,4967],[0,-32]],[[6199,4935],[-12,0]],[[6299,4967],[13,0],[0,-32],[-13,0]],[[6299,4935],[0,32]],[[7799,4967],[0,-32]],[[7799,4935],[-12,0]],[[7787,4935],[0,32]],[[7937,4967],[12,0]],[[7949,4967],[0,-32]],[[7949,4935],[-12,0],[0,32]],[[6262,5129],[25,0]],[[6287,5096],[-13,0]],[[6299,5032],[0,32]],[[6337,5193],[37,0]],[[6374,5193],[0,-129]],[[6399,5129],[0,-97],[-37,0],[0,32]],[[6337,5032],[0,-65],[-38,0]],[[6299,4935],[-37,0],[0,-32],[-13,0]],[[6249,4903],[0,32],[-12,0]],[[6237,4935],[0,258]],[[7187,5064],[25,0]],[[7212,5032],[25,0]],[[7237,5032],[0,-65]],[[7237,4967],[-13,0]],[[7224,4967],[0,-32]],[[7224,4935],[-25,0],[0,-32]],[[7199,4903],[-12,0],[0,32],[-13,0]],[[7174,4935],[0,32]],[[7174,4967],[-12,0]],[[7162,4967],[0,33]],[[7162,5000],[25,0]],[[7187,5000],[0,64]],[[3337,4967],[13,0],[0,-64],[-13,0],[0,64]],[[7174,4967],[0,-64]],[[7174,4903],[-12,0]],[[7162,4903],[0,64]],[[8462,4967],[0,-32],[12,0]],[[8474,4935],[0,-32],[-25,0],[0,64],[13,0]],[[2575,4935],[0,-32]],[[2575,4903],[-25,0],[0,32],[25,0]],[[6487,4935],[0,-32]],[[6487,4903],[-13,0]],[[6474,4903],[0,32],[13,0]],[[7224,4935],[0,-32]],[[7224,4903],[-25,0]],[[7724,4935],[13,0],[0,-32],[-13,0]],[[7724,4903],[0,32]],[[7799,4935],[0,-32],[-12,0],[0,32]],[[7949,4935],[13,0]],[[7962,4935],[0,-32]],[[7962,4903],[-13,0],[0,32]],[[7987,4935],[12,0],[0,-32],[-12,0],[0,32]],[[8374,4935],[13,0],[0,-32],[-13,0],[0,32]],[[6237,5225],[0,-290]],[[6249,4903],[-25,0]],[[6224,4903],[0,-33]],[[6224,4870],[-12,0],[0,33]],[[6212,4903],[-13,0]],[[6199,4903],[0,97]],[[6187,5000],[0,64],[-13,0],[0,97]],[[6187,5193],[37,0]],[[6224,5193],[0,32]],[[4525,5000],[25,0],[0,-130]],[[4550,4870],[-25,0],[0,130]],[[5487,4967],[12,0],[0,-32],[13,0],[0,-32],[-13,0],[0,-33],[-12,0],[0,97]],[[7237,4967],[0,-97],[-13,0],[0,97]],[[6487,4935],[25,0],[0,-65]],[[6512,4870],[-13,0]],[[6499,4870],[0,33]],[[6499,4903],[-12,0]],[[3050,4903],[12,0],[0,-33]],[[3062,4870],[-12,0]],[[3050,4870],[0,33]],[[5974,4903],[13,0],[0,-33],[-13,0],[0,33]],[[6224,4903],[13,0],[0,-33],[-13,0]],[[6474,4903],[25,0]],[[6499,4870],[-25,0],[0,33]],[[6512,4870],[0,33],[12,0],[0,-33],[-12,0]],[[7112,4903],[25,0],[0,-33],[-25,0],[0,33]],[[7774,4870],[-12,0],[0,33],[12,0],[0,-33]],[[3025,4903],[25,0]],[[3050,4870],[-13,0]],[[3037,4870],[0,-32],[-12,0],[0,65]],[[3300,4838],[-25,0],[0,65],[25,0],[0,-65]],[[7724,4903],[0,-65]],[[7724,4838],[-12,0]],[[7712,4838],[0,65],[12,0]],[[7849,4935],[0,-97],[-12,0],[0,32],[-13,0]],[[7824,4870],[0,33],[13,0],[0,32],[12,0]],[[2612,4935],[25,0]],[[2637,4935],[0,-65],[13,0],[0,-32]],[[2650,4838],[-38,0]],[[2612,4838],[0,32],[13,0],[0,33],[-13,0],[0,32]],[[7074,4870],[13,0]],[[7087,4870],[0,-32],[-13,0],[0,32]],[[7199,4870],[0,-32]],[[7199,4838],[-12,0],[0,32],[12,0]],[[7774,4870],[13,0]],[[7787,4870],[0,-32],[-13,0],[0,32]],[[7962,5580],[-38,0]],[[7899,5548],[13,0]],[[7912,5548],[0,-129]],[[7912,5354],[0,-32]],[[7912,5322],[12,0]],[[7999,5064],[13,0]],[[8012,5032],[12,0]],[[8024,5032],[0,-162],[-25,0],[0,-64],[-12,0],[0,32],[-25,0]],[[7962,4838],[0,97]],[[7949,4967],[-25,0]],[[7924,4967],[0,-32],[-12,0],[0,32],[-13,0],[0,65],[-12,0],[0,64],[25,0],[0,-64],[12,0],[0,32],[13,0],[0,129],[-13,0],[0,65],[-12,0],[0,32],[-25,0],[0,32],[-25,0],[0,32],[-13,0],[0,-32],[-25,0],[0,-32]],[[7824,5290],[-37,0]],[[7787,5290],[0,129]],[[7224,4903],[0,-65]],[[7224,4838],[-12,0],[0,-32]],[[7212,4806],[-13,0]],[[7199,4806],[0,97]],[[5624,4870],[0,-64]],[[5624,4806],[-12,0],[0,32],[-38,0],[0,32]],[[5574,4870],[13,0]],[[5587,4870],[0,33],[12,0],[0,-33],[25,0]],[[7912,4903],[0,-97]],[[7912,4806],[-13,0]],[[7899,4806],[0,32]],[[7899,4838],[-12,0]],[[7887,4838],[0,32],[12,0],[0,33],[13,0]],[[2587,4838],[13,0],[0,-32]],[[2600,4806],[-13,0],[0,32]],[[2625,4838],[12,0]],[[2637,4838],[0,-32]],[[2637,4806],[-12,0]],[[2625,4806],[0,32]],[[2937,4838],[0,-32]],[[2937,4806],[-12,0],[0,32],[12,0]],[[2937,4838],[38,0],[0,-32]],[[2975,4806],[-38,0]],[[3112,4838],[0,-32]],[[3112,4806],[-12,0],[0,32],[12,0]],[[6349,4838],[13,0]],[[6362,4838],[0,-32],[-13,0],[0,32]],[[6424,4838],[13,0]],[[6437,4838],[0,-32],[-13,0],[0,32]],[[7162,4806],[-13,0],[0,32],[13,0],[0,-32]],[[7724,4838],[0,-32],[-12,0],[0,32]],[[7949,4838],[0,-32],[-12,0]],[[7937,4806],[0,32],[12,0]],[[8424,4838],[25,0],[0,-32],[-25,0],[0,32]],[[2600,5000],[0,-65]],[[2600,4935],[12,0]],[[2612,4838],[13,0]],[[2625,4838],[0,-64]],[[2625,4774],[-13,0]],[[2612,4774],[0,32],[-12,0]],[[2587,4838],[0,32],[-25,0],[0,33],[13,0]],[[7887,4838],[0,-64]],[[7887,4774],[-25,0]],[[7862,4774],[0,96],[12,0],[0,-32],[13,0]],[[3112,4806],[0,-32]],[[3112,4774],[-50,0]],[[3062,4774],[0,64],[13,0],[0,65],[37,0],[0,-65]],[[4537,4838],[25,0],[0,-64]],[[4562,4774],[-25,0],[0,64]],[[4712,4838],[25,0],[0,-64],[-25,0],[0,64]],[[2912,4806],[25,0]],[[2937,4806],[0,-32]],[[2937,4774],[-25,0]],[[2912,4774],[0,32]],[[2962,4806],[13,0]],[[2975,4806],[0,-32]],[[2975,4774],[-13,0]],[[2962,4774],[0,32]],[[2975,4806],[12,0]],[[2987,4806],[0,-32]],[[2987,4774],[-12,0]],[[2987,4806],[13,0]],[[3000,4806],[0,-32],[-13,0]],[[3200,4806],[0,-32]],[[3200,4774],[-25,0]],[[3175,4774],[0,32],[25,0]],[[3200,4806],[12,0]],[[3212,4806],[0,-32],[-12,0]],[[3250,4774],[0,32],[12,0],[0,-32],[-12,0]],[[5624,4806],[13,0],[0,-32],[-13,0]],[[5624,4774],[0,32]],[[6274,4806],[0,-32]],[[6274,4774],[-12,0],[0,32],[12,0]],[[7162,4806],[12,0],[0,-32],[-12,0],[0,32]],[[7937,4806],[-13,0],[0,-32],[-25,0]],[[7899,4774],[0,32]],[[7912,4806],[0,64]],[[7912,4870],[12,0],[0,33],[13,0],[0,-33],[12,0],[0,-32]],[[8012,4806],[12,0],[0,-32],[-12,0]],[[8012,4774],[0,32]],[[7574,5000],[13,0],[0,-194],[-13,0],[0,-65],[-12,0],[0,194],[12,0],[0,65]],[[2937,4806],[25,0]],[[2962,4774],[-12,0],[0,-33]],[[2950,4741],[-13,0]],[[2937,4741],[0,65]],[[3300,4838],[25,0],[0,-64],[-13,0],[0,-33]],[[3312,4741],[-12,0],[0,33],[-13,0]],[[3287,4774],[0,32],[13,0],[0,32]],[[7224,4838],[0,-64]],[[7224,4774],[-12,0],[0,-33],[-13,0],[0,33],[-12,0]],[[7187,4774],[0,32]],[[7187,4806],[25,0]],[[7949,4838],[13,0]],[[7962,4838],[0,-32],[12,0],[0,-65],[-25,0],[0,33],[-12,0],[0,32]],[[2662,4774],[13,0]],[[2675,4774],[0,-33]],[[2675,4741],[-13,0]],[[2662,4741],[0,33]],[[2962,4774],[0,-33],[-12,0]],[[3212,4806],[25,0],[0,-32],[13,0]],[[3250,4774],[0,-33]],[[3250,4741],[-50,0],[0,33]],[[3275,4774],[12,0]],[[3287,4774],[0,-33],[-12,0],[0,33]],[[4600,4741],[-13,0]],[[4587,4741],[0,33],[13,0],[0,-33]],[[4775,4774],[37,0]],[[4812,4774],[0,-33]],[[4812,4741],[-37,0]],[[4775,4741],[0,33]],[[5624,4774],[0,-33],[-12,0],[0,33],[12,0]],[[7099,4774],[13,0]],[[7112,4774],[0,-33],[-13,0],[0,33]],[[7862,4774],[12,0]],[[7874,4774],[0,-33],[-12,0],[0,33]],[[8012,4774],[0,-33],[-13,0]],[[7999,4741],[0,33],[13,0]],[[2912,4774],[13,0]],[[2925,4774],[0,-33],[-13,0]],[[2912,4741],[0,-32]],[[2912,4709],[-12,0]],[[2900,4709],[0,97],[12,0]],[[4637,4709],[0,32],[-12,0],[0,33],[-13,0],[0,32],[50,0],[0,-97],[-25,0]],[[3037,4870],[25,0]],[[3062,4870],[0,-129]],[[3062,4741],[13,0]],[[3075,4741],[0,-32]],[[3075,4709],[-25,0]],[[3050,4709],[0,32]],[[3050,4741],[-25,0]],[[3025,4741],[0,-32]],[[3025,4709],[-38,0]],[[2987,4709],[0,65]],[[3000,4806],[-25,0]],[[2975,4806],[0,64],[12,0],[0,33],[38,0]],[[3137,4774],[38,0]],[[3175,4774],[0,-65]],[[3175,4709],[-38,0]],[[3137,4709],[0,65]],[[6424,4709],[0,65],[13,0],[0,-65],[-13,0]],[[2900,4709],[-13,0]],[[2887,4709],[0,32],[13,0],[0,-32]],[[2975,4774],[0,-65]],[[2975,4709],[-25,0],[0,32]],[[3025,4741],[12,0]],[[3037,4741],[0,-32],[-12,0]],[[3187,4741],[0,-32]],[[3187,4709],[-12,0]],[[3175,4709],[0,32],[12,0]],[[4600,4741],[0,-32]],[[4600,4709],[-13,0],[0,32]],[[4600,4741],[12,0],[0,-32]],[[4612,4709],[-12,0]],[[5724,4709],[-25,0]],[[5699,4709],[0,32],[25,0],[0,-32]],[[7624,5935],[50,0]],[[7637,5516],[62,0]],[[7687,5483],[0,-129]],[[7774,5000],[0,64]],[[7762,5064],[0,65]],[[7737,5387],[50,0]],[[7787,5387],[0,-33]],[[7787,5322],[0,-32]],[[7787,5290],[12,0]],[[7799,5258],[-12,0]],[[7837,5193],[0,97]],[[7837,5290],[-13,0]],[[7924,4967],[13,0]],[[7962,4903],[0,-65]],[[7912,4870],[0,33]],[[7862,4774],[-13,0],[0,161]],[[7824,4870],[-25,0],[0,97]],[[7812,5000],[-25,0]],[[7787,5000],[0,-130]],[[7774,4870],[0,-96],[-12,0],[0,-33]],[[7762,4741],[-25,0],[0,-32]],[[7737,4709],[-25,0]],[[7712,4709],[0,32],[12,0],[0,162]],[[7724,4935],[0,32],[-12,0],[0,162],[-13,0],[0,32]],[[7712,5193],[-25,0],[0,-32],[-13,0]],[[7674,5161],[0,-32],[-62,0],[0,225]],[[7587,5354],[0,65],[-13,0],[0,32],[-12,0]],[[7549,5483],[0,33]],[[7549,5516],[13,0],[0,96],[-13,0],[0,33],[-12,0]],[[7537,5645],[0,96]],[[7537,5741],[50,0]],[[7587,5741],[0,65],[12,0],[0,32],[13,0],[0,65],[12,0],[0,32]],[[2625,4806],[25,0]],[[2650,4806],[0,-32]],[[2650,4774],[12,0]],[[2662,4774],[0,-65]],[[2662,4709],[-12,0]],[[2650,4709],[0,32]],[[2650,4741],[-13,0],[0,-32],[-12,0],[0,-32]],[[2625,4677],[-13,0],[0,97]],[[2625,4774],[0,32]],[[3112,4774],[0,-65],[-25,0],[0,-32]],[[3087,4677],[-12,0]],[[3075,4677],[0,64]],[[3062,4741],[0,33]],[[5449,4774],[38,0]],[[5487,4774],[0,-33],[12,0],[0,-64]],[[5499,4677],[-12,0]],[[5487,4677],[0,32],[-25,0],[0,32],[-13,0],[0,33]],[[7224,4774],[0,-65]],[[7224,4709],[-25,0],[0,-32]],[[7199,4677],[-25,0],[0,32],[-12,0],[0,32],[25,0]],[[7187,4741],[0,33]],[[2650,4741],[0,-64]],[[2650,4677],[-25,0]],[[2675,4741],[0,-32]],[[2675,4709],[12,0],[0,-32],[-37,0]],[[2650,4677],[0,32]],[[2662,4709],[0,32]],[[2800,4709],[25,0],[0,-32]],[[2825,4677],[-25,0],[0,32]],[[2900,4709],[0,-32]],[[2900,4677],[-13,0],[0,32]],[[2912,4709],[0,-32]],[[2912,4677],[-12,0]],[[3000,4709],[12,0]],[[3012,4709],[0,-32]],[[3012,4677],[-12,0]],[[3000,4677],[0,32]],[[3012,4709],[13,0]],[[3025,4709],[0,-32]],[[3025,4677],[-13,0]],[[3262,4709],[0,-32]],[[3262,4677],[-12,0]],[[3250,4677],[0,32],[12,0]],[[4612,4709],[25,0]],[[4637,4709],[0,-32]],[[4637,4677],[-25,0]],[[4612,4677],[0,32]],[[5637,4741],[12,0],[0,-64],[-50,0],[0,32],[38,0],[0,32]],[[7224,4709],[0,-32]],[[7224,4677],[-12,0]],[[7212,4677],[0,32],[12,0]],[[7224,4709],[25,0],[0,-32]],[[7249,4677],[-25,0]],[[7712,4709],[12,0]],[[7724,4709],[0,-32],[-12,0],[0,32]],[[7762,4709],[0,-32],[-13,0]],[[7749,4677],[0,32],[13,0]],[[7787,4677],[-13,0]],[[7774,4677],[0,32],[13,0],[0,-32]],[[8299,4709],[13,0],[0,-32],[-13,0],[0,32]],[[8462,4677],[0,32],[12,0],[0,-32],[-12,0]],[[5624,4903],[0,-33]],[[5587,4870],[-50,0]],[[5537,4870],[0,-32],[-13,0],[0,-32],[13,0],[0,-65],[12,0],[0,-96],[-25,0]],[[5524,4645],[0,32]],[[5524,4677],[-25,0]],[[5487,4774],[-50,0]],[[5437,4774],[0,32],[-13,0],[0,64],[-12,0],[0,65],[-25,0],[0,32],[-13,0],[0,65],[13,0],[0,32],[37,0],[0,-32],[25,0],[0,32],[13,0],[0,-32],[12,0],[0,32],[50,0],[0,32],[13,0],[0,-32],[25,0],[0,65],[12,0],[0,-33],[38,0],[0,33],[12,0],[0,-33],[13,0],[0,-32],[-13,0],[0,-64],[-12,0],[0,-97],[12,0]],[[3037,4741],[13,0]],[[3050,4741],[0,-64]],[[3050,4677],[-13,0]],[[3037,4677],[0,-32]],[[3037,4645],[-12,0]],[[3025,4645],[0,64]],[[5687,4709],[50,0]],[[5737,4709],[0,-32],[25,0],[0,-32],[-38,0],[0,32],[-37,0],[0,32]],[[6412,4709],[12,0]],[[6424,4709],[0,-64],[-12,0],[0,64]],[[2762,4677],[13,0],[0,-32]],[[2775,4645],[-13,0],[0,32]],[[3162,4677],[13,0],[0,-32],[-13,0],[0,32]],[[5012,4677],[12,0]],[[5024,4677],[0,-32],[-12,0]],[[5012,4645],[0,32]],[[7199,4677],[13,0]],[[7212,4677],[0,-32],[-13,0]],[[7199,4645],[0,32]],[[7562,4677],[25,0],[0,-32],[-25,0],[0,32]],[[8462,4677],[0,-32],[-13,0]],[[8449,4645],[0,32],[13,0]],[[4737,4741],[25,0]],[[4762,4741],[0,-32],[13,0]],[[4775,4709],[0,-97]],[[4775,4612],[-13,0]],[[4762,4612],[0,65],[-12,0]],[[4750,4677],[0,32],[-13,0],[0,32]],[[3075,4709],[0,-32]],[[3075,4677],[-13,0]],[[3062,4677],[0,-32],[-12,0],[0,-33],[-13,0]],[[3037,4612],[0,65]],[[3050,4677],[0,32]],[[4762,4612],[-12,0]],[[4750,4612],[0,65]],[[5487,4677],[0,-65],[-13,0],[0,65],[13,0]],[[5524,4677],[0,-65]],[[5524,4612],[-12,0],[0,33],[-13,0],[0,32]],[[3012,4645],[25,0]],[[3037,4645],[0,-33]],[[3037,4612],[-25,0],[0,33]],[[3262,4645],[0,-33]],[[3262,4612],[-12,0],[0,33],[12,0]],[[3262,4645],[13,0],[0,-33],[-13,0]],[[4775,4645],[12,0],[0,-33],[-12,0]],[[4775,4612],[0,33]],[[5424,4645],[25,0],[0,-33],[-25,0],[0,33]],[[7112,4645],[12,0],[0,-33]],[[7124,4612],[-12,0],[0,33]],[[7899,4645],[13,0],[0,-33],[-13,0]],[[7899,4612],[0,33]],[[8449,4645],[0,-33],[-12,0]],[[8437,4612],[0,33],[12,0]],[[2575,5161],[87,0]],[[2662,5161],[0,-65]],[[2687,5096],[0,-355],[13,0],[0,-32],[25,0],[0,-32],[12,0],[0,-65]],[[2737,4612],[-12,0],[0,33],[-25,0],[0,-65]],[[2700,4580],[-25,0]],[[2675,4580],[0,65]],[[2675,4645],[-25,0],[0,32]],[[2675,4709],[0,65]],[[2675,4774],[-25,0]],[[2650,4806],[-13,0]],[[2637,4838],[13,0]],[[2637,4935],[-37,0]],[[2600,4935],[0,32]],[[4612,4677],[75,0]],[[4687,4677],[0,-65]],[[4687,4612],[-12,0],[0,-32],[-13,0]],[[4662,4580],[0,65]],[[4662,4645],[-50,0],[0,32]],[[2675,4580],[-13,0],[0,65],[13,0]],[[4750,4677],[0,-97]],[[4750,4580],[-13,0]],[[4737,4580],[0,32],[-25,0]],[[4712,4612],[0,33]],[[4712,4645],[13,0],[0,32],[25,0]],[[5024,4677],[13,0]],[[5037,4677],[0,-32],[12,0],[0,-33],[-12,0]],[[5037,4612],[0,-32]],[[5037,4580],[-25,0]],[[5012,4580],[0,65]],[[3062,4612],[13,0],[0,-32],[-13,0],[0,32]],[[4662,4612],[0,-32]],[[4662,4580],[-12,0],[0,32],[12,0]],[[4887,4580],[-12,0]],[[4875,4580],[0,32],[12,0],[0,-32]],[[5012,4580],[-25,0]],[[4987,4580],[0,32],[13,0],[0,33],[12,0]],[[5537,4612],[12,0],[0,-32],[-12,0],[0,32]],[[7124,4612],[13,0]],[[7137,4612],[0,-32],[-13,0],[0,32]],[[7274,4580],[-12,0]],[[7262,4580],[0,32],[12,0],[0,-32]],[[8024,5032],[13,0]],[[8037,5032],[0,-65],[12,0],[0,-64],[-12,0],[0,-97],[-25,0]],[[7999,4741],[-12,0],[0,-32],[-13,0],[0,-32],[-12,0],[0,-32],[-25,0],[0,-33],[-13,0],[0,-32],[-25,0],[0,32]],[[7899,4645],[0,64],[-25,0],[0,65]],[[7874,4774],[13,0]],[[7899,4838],[0,-64]],[[7212,6128],[12,0]],[[7237,6032],[12,0]],[[7324,5870],[0,-64]],[[7412,5806],[25,0]],[[7437,5806],[0,-65]],[[7449,5741],[0,129]],[[7624,5999],[38,0]],[[7662,5967],[-13,0]],[[7649,5935],[-25,0]],[[7587,5741],[-63,0]],[[7537,5709],[0,-64]],[[7549,5516],[0,64]],[[7549,5580],[-25,0],[0,-32],[-25,0]],[[7474,5516],[-37,0]],[[7399,5451],[13,0],[0,-32],[-25,0]],[[7387,5387],[-13,0],[0,-33],[-25,0]],[[7349,5354],[0,-64],[-25,0],[0,-32],[-12,0],[0,-33],[-13,0],[0,33]],[[7287,5258],[0,193]],[[7299,5483],[-12,0]],[[7287,5548],[37,0]],[[7324,5548],[0,64]],[[7337,5612],[0,65]],[[7349,5709],[-75,0]],[[7274,5677],[13,0]],[[7287,5645],[-38,0]],[[7249,5645],[0,-65]],[[7237,5612],[-25,0]],[[7212,5580],[-13,0]],[[7199,5548],[13,0]],[[7212,5548],[0,-65]],[[7199,5483],[0,-64]],[[7262,5193],[0,-64],[-25,0]],[[7224,5064],[-50,0]],[[7187,5032],[0,-32]],[[7162,5000],[0,-97]],[[7174,4903],[0,32]],[[7199,4903],[0,-33]],[[7199,4838],[0,-32]],[[7199,4806],[-12,0]],[[7187,4806],[0,-65]],[[7199,4645],[-25,0],[0,-65],[-12,0],[0,-32],[-25,0],[0,64]],[[7112,4645],[0,129]],[[7099,4774],[0,32],[-12,0],[0,64]],[[7074,4870],[0,65],[-12,0],[0,97],[-13,0],[0,64],[13,0]],[[7074,5096],[13,0]],[[7162,5225],[-50,0]],[[7112,5225],[0,97]],[[7099,5322],[0,32]],[[7049,5451],[0,-64]],[[7062,5354],[-13,0]],[[7049,5354],[0,-64]],[[7049,5290],[-37,0],[0,64]],[[7024,5354],[0,97]],[[7037,5483],[-13,0]],[[7124,5612],[-12,0]],[[7112,5645],[37,0]],[[7149,5645],[0,129]],[[7137,5870],[25,0]],[[7162,5903],[-50,0]],[[7112,5903],[0,32]],[[7124,5967],[13,0]],[[7162,5999],[0,129]],[[7174,6161],[-37,0]],[[7137,6161],[0,64]],[[7162,5903],[37,0]],[[7199,5935],[-37,0]],[[7437,5612],[25,0]],[[7462,5677],[-38,0]],[[5112,4612],[0,-64]],[[5112,4548],[-13,0]],[[5099,4548],[0,64],[13,0]],[[7724,4612],[13,0]],[[7737,4612],[0,-64],[-13,0],[0,64]],[[2725,4580],[0,-32]],[[2725,4548],[-13,0],[0,32],[13,0]],[[5012,4580],[0,-32],[-25,0],[0,32]],[[5024,4580],[13,0]],[[5037,4580],[0,-32]],[[5037,4548],[-13,0],[0,32]],[[5112,4580],[12,0]],[[5124,4580],[0,-32],[-12,0]],[[5112,4548],[0,32]],[[7762,4741],[0,-32]],[[7749,4677],[25,0]],[[7774,4677],[0,-32],[-25,0],[0,-65],[13,0],[0,-32],[-13,0],[0,-32]],[[7749,4516],[-12,0],[0,96]],[[7724,4612],[0,97]],[[7724,4709],[13,0]],[[2825,4677],[0,-65],[-13,0]],[[2812,4612],[0,-32],[-12,0],[0,32],[-13,0],[0,-96],[-37,0]],[[2750,4516],[0,32]],[[2750,4548],[-25,0]],[[2725,4580],[-25,0]],[[2737,4612],[0,33],[13,0],[0,32],[12,0]],[[2775,4645],[0,64],[25,0]],[[4662,4645],[0,-33]],[[4662,4580],[0,-64]],[[4662,4516],[-25,0],[0,64],[-12,0],[0,65],[37,0]],[[5074,4612],[0,-96]],[[5074,4516],[-12,0]],[[5062,4516],[0,96],[12,0]],[[8249,4580],[13,0],[0,-64]],[[8262,4516],[-13,0]],[[8249,4516],[0,32],[-12,0]],[[8237,4548],[0,64],[12,0],[0,-32]],[[4687,4612],[0,-64]],[[4687,4548],[-12,0],[0,-32],[-13,0]],[[4875,4580],[37,0]],[[4912,4580],[0,-32]],[[4912,4548],[25,0]],[[4937,4548],[0,-32]],[[4937,4516],[-62,0]],[[4875,4516],[0,64]],[[2725,4548],[12,0]],[[2737,4548],[0,-32]],[[2737,4516],[-12,0],[0,32]],[[2737,4548],[13,0]],[[2750,4516],[-13,0]],[[3137,4548],[13,0],[0,-32],[-13,0],[0,32]],[[3200,4516],[-13,0]],[[3187,4516],[0,32],[13,0],[0,-32]],[[3225,4516],[-13,0]],[[3212,4516],[0,32],[13,0],[0,-32]],[[4750,4548],[12,0]],[[4762,4548],[0,-32]],[[4762,4516],[-12,0]],[[4750,4516],[0,32]],[[4762,4548],[13,0]],[[4775,4548],[0,-32]],[[4775,4516],[-13,0]],[[4750,4774],[25,0]],[[4775,4741],[75,0]],[[4850,4741],[0,-64],[-13,0],[0,-65],[13,0],[0,33],[12,0],[0,32],[13,0],[0,-32],[25,0],[0,32],[12,0],[0,-32],[25,0],[0,32],[25,0],[0,-32],[-12,0],[0,-33]],[[4950,4612],[-25,0]],[[4925,4612],[0,-64]],[[4925,4548],[-13,0]],[[4912,4580],[-25,0]],[[4875,4580],[-38,0]],[[4837,4580],[0,-32]],[[4837,4548],[-37,0]],[[4800,4548],[0,-32]],[[4800,4516],[-25,0]],[[4775,4548],[12,0]],[[4787,4548],[0,32],[-12,0],[0,32]],[[4775,4645],[0,64]],[[4762,4741],[-12,0]],[[4750,4741],[0,33]],[[5124,4580],[13,0]],[[5137,4580],[0,-32],[25,0]],[[5162,4548],[0,-32]],[[5162,4516],[-50,0],[0,32]],[[5362,4580],[12,0],[0,-32],[13,0],[0,-32],[-50,0],[0,32],[25,0],[0,32]],[[5699,4548],[13,0],[0,-32],[-13,0],[0,32]],[[7212,4548],[12,0],[0,-32],[-12,0]],[[7212,4516],[0,32]],[[7287,4516],[-13,0]],[[7274,4516],[0,32],[13,0],[0,-32]],[[7799,4548],[0,-32],[-12,0]],[[7787,4516],[0,32],[12,0]],[[8249,4516],[-12,0]],[[8237,4516],[0,32]],[[4837,4580],[13,0]],[[4850,4580],[0,-97],[-13,0]],[[4837,4483],[0,97]],[[5837,4483],[-13,0],[0,33],[-12,0],[0,64],[12,0],[0,-32],[13,0],[0,-65]],[[5987,4612],[25,0],[0,-32],[12,0],[0,-97],[-50,0],[0,33],[-12,0],[0,64],[25,0],[0,32]],[[7599,4483],[0,33],[-12,0]],[[7587,4516],[0,64],[12,0],[0,-32],[13,0],[0,-65],[-13,0]],[[5087,4548],[12,0]],[[5099,4548],[0,-65]],[[5099,4483],[-12,0]],[[5087,4483],[0,65]],[[2750,4516],[12,0],[0,-33],[-12,0],[0,33]],[[2962,4516],[13,0],[0,-33],[-13,0],[0,33]],[[3225,4516],[12,0],[0,-33]],[[3237,4483],[-12,0],[0,33]],[[3387,4516],[13,0],[0,-33],[-13,0]],[[3387,4483],[0,33]],[[4875,4516],[12,0]],[[4887,4516],[0,-33],[-12,0]],[[4875,4483],[0,33]],[[5037,4516],[12,0]],[[5049,4516],[0,-33]],[[5049,4483],[-12,0],[0,33]],[[5074,4516],[0,-33]],[[5074,4483],[-12,0]],[[5062,4483],[0,33]],[[5624,4516],[13,0],[0,-33],[-13,0],[0,33]],[[7287,4516],[0,-33],[-13,0],[0,33]],[[7599,4483],[-12,0],[0,33]],[[7749,4516],[13,0]],[[7762,4516],[0,-33],[-13,0],[0,33]],[[8262,4516],[12,0],[0,-33]],[[8274,4483],[-12,0],[0,33]],[[2987,4709],[13,0]],[[3000,4677],[25,0]],[[3025,4677],[0,-32]],[[3025,4645],[-13,0]],[[3037,4612],[0,-32],[-12,0],[0,-32],[12,0],[0,-32],[-12,0],[0,-65],[-25,0]],[[3000,4451],[0,161]],[[3000,4612],[-13,0],[0,33],[-25,0],[0,32],[13,0]],[[2975,4677],[0,97]],[[4750,4612],[25,0]],[[4787,4548],[-37,0]],[[4750,4516],[50,0]],[[4800,4516],[0,-33]],[[4800,4483],[-13,0],[0,-32],[-25,0],[0,32],[-25,0],[0,65],[-12,0],[0,32]],[[4725,4580],[25,0]],[[4750,4580],[0,32]],[[3162,4516],[13,0]],[[3175,4516],[0,-65],[-13,0]],[[3162,4451],[0,65]],[[4687,4548],[0,-32]],[[4687,4516],[13,0]],[[4700,4516],[0,-65]],[[4700,4451],[-25,0],[0,32],[-13,0],[0,33]],[[5049,4516],[13,0]],[[5062,4516],[0,-65]],[[5062,4451],[-13,0]],[[5049,4451],[0,65]],[[2875,4483],[0,-32]],[[2875,4451],[-13,0],[0,32],[13,0]],[[2987,4483],[13,0]],[[3000,4483],[0,-32]],[[3000,4451],[-13,0]],[[2987,4451],[0,32]],[[3137,4483],[13,0]],[[3150,4483],[0,-32],[-13,0]],[[3137,4451],[0,32]],[[3387,4483],[25,0],[0,-32],[-25,0]],[[3387,4451],[0,32]],[[4700,4483],[12,0]],[[4712,4483],[0,-32],[-12,0]],[[4700,4451],[0,32]],[[5074,4483],[0,-32]],[[5074,4451],[-12,0]],[[5062,4451],[0,32]],[[5099,4483],[0,-32]],[[5099,4451],[-12,0]],[[5087,4451],[0,32]],[[5099,4483],[13,0],[0,-32]],[[5112,4451],[-13,0]],[[5412,4483],[12,0],[0,-32],[-12,0],[0,32]],[[5837,4483],[25,0],[0,-32]],[[5862,4451],[-25,0],[0,32]],[[7212,4677],[37,0]],[[7249,4677],[0,-32],[13,0],[0,-65]],[[7274,4580],[0,-161],[-25,0]],[[7249,4419],[0,129],[-12,0],[0,32],[-25,0]],[[7212,4580],[0,97]],[[7249,4419],[-37,0],[0,97]],[[7212,4548],[0,32]],[[5274,4419],[0,32],[-12,0]],[[5262,4451],[0,32],[37,0],[0,33],[25,0],[0,-33],[-12,0],[0,-32],[-25,0],[0,-32],[-13,0]],[[6062,4483],[25,0]],[[6087,4483],[0,-64]],[[6087,4419],[-13,0]],[[6074,4419],[0,32],[-12,0]],[[6062,4451],[0,32]],[[6087,4483],[12,0]],[[6099,4483],[0,-64]],[[6099,4419],[-12,0]],[[2837,4451],[13,0],[0,-32],[-13,0]],[[2837,4419],[0,32]],[[2962,4451],[13,0]],[[2975,4451],[0,-32]],[[2975,4419],[-13,0]],[[2962,4419],[0,32]],[[3237,4483],[13,0]],[[3250,4483],[0,-32]],[[3250,4451],[12,0],[0,-32],[-37,0],[0,32],[12,0],[0,32]],[[4700,4451],[0,-32]],[[4700,4419],[-13,0],[0,32],[13,0]],[[5012,4451],[12,0]],[[5024,4451],[0,-32],[-12,0]],[[5012,4419],[0,32]],[[5062,4451],[0,-32],[-13,0]],[[5049,4419],[0,32]],[[5112,4451],[12,0],[0,-32]],[[5124,4419],[-12,0],[0,32]],[[5274,4419],[-12,0],[0,32]],[[5862,4451],[12,0],[0,-32],[-12,0],[0,32]],[[6012,4451],[12,0],[0,-32],[-12,0],[0,32]],[[6074,4419],[-12,0]],[[6062,4419],[0,32]],[[7637,4419],[0,32],[25,0],[0,-32],[-25,0]],[[8374,5419],[25,0],[0,-65]],[[8399,5322],[0,-64],[13,0],[0,-65]],[[8399,5193],[0,-64],[-12,0],[0,-33],[12,0],[0,-64]],[[8399,5032],[63,0],[0,-65]],[[8474,4935],[13,0],[0,-97],[12,0],[0,-97],[13,0],[0,-129],[12,0],[0,-129],[-12,0],[0,-32],[-13,0],[0,-64],[-37,0],[0,32],[-25,0],[0,97],[-25,0],[0,-65],[-38,0]],[[8374,4451],[0,97],[13,0],[0,32],[12,0],[0,32],[13,0],[0,33],[-13,0],[0,32],[-12,0],[0,64],[-13,0],[0,65],[13,0],[0,32],[-13,0],[0,32],[-25,0],[0,-32],[-12,0],[0,-32],[-13,0],[0,-32],[13,0],[0,-33],[-13,0],[0,-32],[-25,0]],[[8299,4709],[0,-64],[-12,0],[0,-33],[-13,0],[0,-32],[-25,0]],[[8249,4580],[0,65],[13,0],[0,32],[12,0],[0,32],[13,0],[0,32],[12,0],[0,65],[13,0],[0,32],[12,0],[0,65],[25,0],[0,32],[-12,0],[0,32],[-13,0],[0,33],[13,0],[0,32],[-13,0],[0,161],[13,0],[0,97]],[[8362,5290],[0,97]],[[8399,4935],[0,-32],[13,0],[0,32],[-13,0]],[[8462,4677],[-25,0],[0,-65]],[[5000,4483],[12,0]],[[5012,4483],[0,-64]],[[5024,4451],[25,0]],[[5049,4419],[-12,0],[0,-32],[-37,0]],[[5000,4387],[0,96]],[[3000,4451],[0,-64],[-13,0]],[[2987,4387],[0,64]],[[3287,4451],[25,0]],[[3312,4451],[0,-64]],[[3312,4387],[-12,0],[0,32],[-13,0]],[[3287,4419],[0,32]],[[4712,4483],[13,0]],[[4725,4483],[0,-32],[12,0],[0,-32],[-12,0]],[[4725,4419],[0,-32],[-13,0],[0,32],[-12,0]],[[2975,4419],[0,-32]],[[2975,4387],[-13,0]],[[2962,4387],[0,32]],[[3062,4419],[25,0],[0,-32],[-25,0],[0,32]],[[3150,4419],[25,0],[0,-32],[-25,0],[0,32]],[[4987,4419],[13,0]],[[5000,4419],[0,-32]],[[5000,4387],[-13,0]],[[4987,4387],[0,32]],[[5887,4419],[12,0]],[[5899,4419],[0,-32],[-12,0]],[[5887,4387],[0,32]],[[5162,4516],[0,-33]],[[5162,4483],[12,0]],[[5174,4483],[0,-96]],[[5174,4387],[-12,0],[0,-33]],[[5162,4354],[-25,0],[0,65],[-13,0]],[[2925,4419],[12,0],[0,-32],[13,0],[0,-33],[-25,0],[0,65]],[[5174,4419],[38,0],[0,-32]],[[5212,4387],[-13,0],[0,-33]],[[5199,4354],[-25,0]],[[5174,4354],[0,65]],[[5349,4419],[25,0],[0,-65],[-25,0],[0,65]],[[3287,4387],[0,-33]],[[3287,4354],[-12,0],[0,33],[12,0]],[[3437,4354],[-25,0],[0,33],[25,0],[0,-33]],[[5000,4387],[0,-33],[-13,0]],[[4987,4354],[0,33]],[[5212,4387],[0,-33],[-13,0]],[[5274,4387],[0,-33],[-12,0],[0,33],[12,0]],[[7774,4387],[13,0]],[[7787,4387],[0,-33],[-13,0],[0,33]],[[8199,4419],[0,-65]],[[8199,4354],[-25,0],[0,33],[13,0],[0,32],[12,0]],[[2875,4548],[12,0],[0,-32],[13,0],[0,-33],[-13,0]],[[2887,4483],[0,-161]],[[2887,4322],[-12,0]],[[2875,4322],[0,226]],[[5162,4612],[0,-64]],[[5137,4580],[-25,0]],[[5112,4580],[0,32]],[[5087,4548],[0,-97]],[[5087,4451],[-13,0]],[[5074,4451],[0,161]],[[5062,4516],[-25,0]],[[5049,4483],[0,-32]],[[5049,4451],[-37,0]],[[5012,4451],[0,32]],[[5000,4483],[0,-64]],[[4987,4419],[0,-65]],[[4987,4354],[-25,0],[0,-32],[-37,0],[0,32],[-88,0],[0,-32],[-25,0],[0,97]],[[4812,4419],[-12,0]],[[4800,4419],[0,129]],[[4837,4548],[0,-65]],[[4850,4580],[25,0]],[[4875,4580],[0,-97]],[[4887,4516],[50,0]],[[4937,4548],[-12,0]],[[4925,4612],[37,0]],[[4962,4612],[0,-32],[25,0]],[[5012,4580],[12,0]],[[5037,4548],[0,64]],[[5037,4677],[12,0]],[[5049,4677],[0,32],[-12,0],[0,65],[25,0],[0,-33],[37,0],[0,-64],[50,0],[0,-65],[13,0]],[[7637,4419],[37,0],[0,-32]],[[7674,4387],[-25,0],[0,-65]],[[7649,4322],[-12,0],[0,97]],[[2837,4387],[13,0],[0,-65],[-13,0]],[[2837,4322],[0,65]],[[3375,4419],[12,0],[0,-32],[13,0],[0,-33],[-13,0],[0,-32],[-25,0],[0,65],[13,0],[0,32]],[[2887,4354],[13,0],[0,-32]],[[2900,4322],[-13,0]],[[2887,4322],[0,32]],[[3175,4354],[12,0],[0,-32],[-12,0],[0,32]],[[3287,4354],[13,0]],[[3300,4354],[0,-32]],[[3300,4322],[-13,0],[0,32]],[[3437,4354],[13,0],[0,-32],[-13,0]],[[3437,4322],[0,32]],[[3562,4354],[13,0],[0,-32]],[[3575,4322],[-13,0],[0,32]],[[5212,4387],[12,0]],[[5224,4387],[0,-33]],[[5224,4354],[13,0],[0,-32]],[[5237,4322],[-38,0]],[[5199,4322],[0,32]],[[5974,4354],[13,0]],[[5987,4354],[0,-32]],[[5987,4322],[-13,0],[0,32]],[[8299,4354],[13,0],[0,-32],[-13,0],[0,32]],[[8524,4354],[13,0],[0,-32]],[[8537,4322],[-13,0],[0,32]],[[4687,4612],[13,0],[0,-32],[12,0]],[[4712,4580],[0,32]],[[4737,4580],[-12,0]],[[4800,4483],[0,-64]],[[4812,4419],[0,-129],[-12,0]],[[4800,4290],[0,64],[-25,0]],[[4775,4354],[0,-32],[-38,0],[0,32],[-12,0],[0,65]],[[4725,4483],[-25,0]],[[4700,4483],[0,33]],[[4687,4516],[0,96]],[[4800,4290],[-25,0],[0,64]],[[5174,4387],[0,-33]],[[5199,4322],[-25,0],[0,-32]],[[5174,4290],[-25,0],[0,64],[13,0]],[[5899,4419],[38,0]],[[5937,4419],[0,-32],[12,0],[0,32],[25,0],[0,-32],[13,0]],[[5987,4387],[0,-33]],[[5987,4354],[-25,0]],[[5962,4354],[0,-32],[-38,0],[0,-32],[-12,0],[0,32],[-13,0],[0,-32],[-25,0],[0,64],[13,0]],[[5887,4354],[0,33]],[[2825,4677],[25,0],[0,-32],[12,0]],[[2862,4645],[0,-129],[13,0]],[[2875,4516],[0,-33]],[[2875,4451],[0,-129]],[[2875,4322],[-13,0]],[[2862,4322],[0,-32]],[[2862,4290],[-25,0]],[[2837,4290],[0,32]],[[2837,4387],[0,32]],[[2837,4451],[0,32],[-12,0],[0,65],[-13,0],[0,64]],[[2937,4322],[13,0]],[[2950,4322],[0,-32]],[[2950,4290],[-13,0]],[[2937,4290],[0,32]],[[3050,4322],[12,0]],[[3062,4322],[0,-32]],[[3062,4290],[-12,0]],[[3050,4290],[0,32]],[[5199,4322],[0,-32]],[[5199,4290],[-25,0]],[[5199,4322],[25,0]],[[5224,4322],[0,-32]],[[5224,4290],[-25,0]],[[5224,4322],[13,0]],[[5237,4322],[0,-32]],[[5237,4290],[-13,0]],[[5237,4322],[12,0]],[[5249,4322],[0,-32]],[[5249,4290],[-12,0]],[[7999,4322],[0,-32],[-12,0]],[[7987,4290],[0,32],[12,0]],[[3525,4419],[12,0],[0,-32],[13,0],[0,-33],[12,0]],[[3575,4322],[0,-32]],[[3575,4290],[-13,0],[0,-32],[-12,0]],[[3550,4258],[0,32],[-13,0],[0,64],[-12,0],[0,65]],[[7674,4387],[0,-33],[13,0],[0,-32],[12,0],[0,32],[13,0],[0,-32],[12,0],[0,-32],[-25,0],[0,-32]],[[7699,4258],[-12,0]],[[7687,4258],[0,32],[-13,0],[0,32],[-25,0]],[[8537,4322],[0,-64],[-25,0],[0,96],[12,0]],[[2875,4322],[25,0]],[[2900,4322],[0,-64]],[[2900,4258],[-25,0]],[[2875,4258],[0,64]],[[2900,4322],[12,0],[0,-64],[-12,0]],[[3437,4322],[0,-64],[-37,0],[0,64],[37,0]],[[3575,4322],[12,0],[0,-64]],[[3587,4258],[-12,0]],[[3575,4258],[0,64]],[[7687,4258],[-25,0],[0,32],[-13,0],[0,32]],[[2850,4290],[12,0]],[[2862,4290],[0,-32]],[[2862,4258],[-12,0]],[[2850,4258],[0,32]],[[5249,4290],[0,-32]],[[5249,4258],[-12,0]],[[5237,4258],[0,32]],[[5487,4290],[12,0]],[[5499,4290],[0,-32]],[[5499,4258],[-12,0],[0,32]],[[5499,4290],[13,0]],[[5512,4290],[0,-32]],[[5512,4258],[-13,0]],[[5512,4290],[25,0]],[[5537,4290],[0,-32],[-25,0]],[[5612,4290],[12,0],[0,32],[13,0],[0,-32],[25,0],[0,-32],[-50,0],[0,32]],[[8149,4258],[-12,0],[0,32],[12,0],[0,-32]],[[5274,4419],[0,-32]],[[5274,4387],[13,0],[0,-33],[12,0],[0,-64],[38,0],[0,32]],[[5337,4322],[12,0]],[[5349,4322],[0,-64],[-25,0],[0,-33],[-37,0],[0,33]],[[5287,4258],[-38,0]],[[5249,4258],[0,64]],[[5224,4354],[0,65]],[[5224,4419],[13,0],[0,32],[25,0]],[[3225,4290],[12,0]],[[3237,4290],[0,-65]],[[3237,4225],[-12,0]],[[3225,4225],[0,65]],[[7999,4322],[13,0],[0,-97]],[[8012,4225],[-13,0]],[[7999,4225],[0,33],[-12,0]],[[7987,4258],[0,32]],[[8274,4290],[13,0],[0,-65],[-13,0],[0,65]],[[8474,4290],[25,0],[0,-65],[-25,0],[0,65]],[[2875,4258],[12,0]],[[2887,4258],[0,-33],[-12,0]],[[2875,4225],[0,33]],[[3112,4774],[25,0]],[[3137,4709],[50,0]],[[3187,4741],[38,0]],[[3225,4741],[0,-32],[12,0],[0,-32]],[[3237,4677],[25,0]],[[3262,4677],[0,-32]],[[3262,4612],[0,-32],[13,0],[0,-64]],[[3275,4516],[-25,0]],[[3250,4516],[0,-33]],[[3212,4516],[-12,0]],[[3187,4516],[-25,0]],[[3162,4516],[0,-33]],[[3162,4483],[-25,0]],[[3137,4483],[0,-64]],[[3137,4419],[-12,0],[0,-32]],[[3125,4387],[-13,0]],[[3112,4387],[0,-33],[-12,0],[0,-32]],[[3100,4322],[-50,0]],[[3050,4290],[-13,0]],[[3037,4290],[0,-32],[-25,0]],[[3012,4258],[0,-33]],[[3012,4225],[-50,0],[0,33],[13,0],[0,64],[12,0],[0,65]],[[3062,4677],[25,0]],[[3187,4258],[13,0],[0,-33],[-13,0],[0,33]],[[5237,4258],[0,-33]],[[5237,4225],[-13,0],[0,33],[13,0]],[[5249,4258],[0,-33],[-12,0]],[[5274,4258],[0,-33],[-12,0]],[[5262,4225],[0,33],[12,0]],[[5674,4258],[50,0]],[[5724,4258],[0,-33],[-50,0],[0,33]],[[5774,4258],[0,-33]],[[5774,4225],[-12,0]],[[5762,4225],[0,33],[12,0]],[[5799,4225],[-12,0],[0,33],[12,0],[0,-33]],[[7699,4258],[0,-33]],[[7699,4225],[-12,0],[0,33]],[[7699,4258],[13,0],[0,-33],[-13,0]],[[7999,4225],[-12,0],[0,33]],[[3575,4290],[0,-32]],[[3587,4258],[0,-33],[-25,0]],[[3562,4225],[0,-32],[-12,0]],[[3550,4193],[0,65]],[[5512,4258],[0,-65]],[[5512,4193],[-13,0]],[[5499,4193],[0,65]],[[5937,4258],[12,0],[0,-65],[-12,0],[0,65]],[[7949,4193],[0,32]],[[7949,4225],[-12,0],[0,33],[25,0],[0,-65],[-13,0]],[[2837,4193],[-12,0],[0,32],[12,0],[0,-32]],[[5462,4225],[12,0],[0,-32],[-12,0],[0,32]],[[5512,4225],[12,0]],[[5524,4225],[0,-32]],[[5524,4193],[-12,0]],[[5512,4193],[0,32]],[[7949,4193],[-25,0],[0,32],[25,0]],[[8012,4225],[25,0],[0,-32],[-25,0],[0,32]],[[3312,4387],[0,-33]],[[3312,4354],[25,0]],[[3337,4354],[0,-64],[13,0]],[[3350,4290],[0,-129]],[[3350,4161],[-25,0]],[[3325,4161],[0,32],[-25,0],[0,32]],[[3300,4225],[-13,0]],[[3287,4225],[0,65],[13,0]],[[3300,4290],[0,64]],[[3287,4354],[0,65]],[[2875,4322],[0,-97]],[[2887,4258],[13,0]],[[2900,4258],[0,-65]],[[2900,4193],[-13,0],[0,-32]],[[2887,4161],[-12,0]],[[2875,4161],[0,32],[-13,0],[0,-32]],[[2862,4161],[-12,0]],[[2850,4161],[0,97]],[[2862,4258],[0,64]],[[2925,4774],[12,0]],[[2937,4774],[0,-33]],[[2975,4709],[0,-32]],[[3000,4612],[0,-129]],[[2987,4483],[0,-96]],[[2987,4387],[-12,0]],[[2975,4387],[0,-33],[-13,0],[0,-32]],[[2962,4322],[-25,0]],[[2937,4290],[-12,0]],[[2925,4290],[0,-65],[-13,0],[0,-64],[-12,0]],[[2900,4161],[0,97]],[[2887,4354],[0,129]],[[2875,4548],[0,-32]],[[2862,4645],[13,0],[0,32],[37,0]],[[2912,4677],[0,64]],[[2962,4451],[0,-64]],[[2975,4387],[0,64]],[[3212,4290],[13,0]],[[3225,4225],[25,0]],[[3250,4225],[0,-64]],[[3250,4161],[-63,0],[0,32],[-25,0],[0,65],[25,0]],[[3187,4258],[0,32],[13,0],[0,32],[12,0],[0,-32]],[[3550,4193],[-13,0],[0,-32]],[[3537,4161],[-12,0]],[[3525,4161],[0,64],[12,0],[0,33],[13,0]],[[5574,4258],[25,0]],[[5599,4258],[0,-33],[-12,0],[0,-64],[-25,0],[0,64]],[[5562,4225],[12,0]],[[5574,4225],[0,33]],[[7649,4225],[25,0],[0,-64],[-25,0],[0,64]],[[2812,4193],[0,-32],[-12,0]],[[2800,4161],[0,32],[12,0]],[[2875,4161],[-13,0]],[[2900,4193],[0,-32]],[[2900,4161],[-13,0]],[[3550,4193],[0,-32]],[[3550,4161],[-13,0]],[[3587,4193],[13,0]],[[3600,4193],[0,-32]],[[3600,4161],[-13,0]],[[3587,4161],[0,32]],[[5662,4193],[12,0],[0,-32],[-12,0],[0,32]],[[8574,4193],[13,0],[0,-32],[-13,0],[0,32]],[[7787,4677],[0,-97],[12,0],[0,-32]],[[7787,4516],[37,0],[0,-33],[13,0],[0,-129]],[[7837,4354],[-13,0],[0,-32],[-12,0],[0,-32],[12,0],[0,-65],[13,0],[0,-32],[12,0],[0,-64]],[[7849,4129],[-12,0]],[[7837,4129],[0,32],[-13,0]],[[7824,4161],[0,32]],[[7824,4193],[-25,0],[0,65],[-12,0],[0,129]],[[7774,4387],[0,32],[-12,0],[0,97]],[[3062,4322],[50,0]],[[3112,4322],[0,-32],[-12,0],[0,-65],[-13,0],[0,-32],[-12,0],[0,-32],[-13,0],[0,-32],[-12,0],[0,32],[-50,0],[0,32],[12,0]],[[3012,4193],[0,65]],[[3037,4290],[25,0]],[[2875,4161],[0,-32]],[[2875,4129],[-13,0]],[[2862,4129],[0,32]],[[2875,4161],[25,0]],[[2900,4161],[0,-32],[-25,0]],[[3262,4161],[13,0],[0,-32],[-13,0],[0,32]],[[3600,4161],[12,0],[0,-32]],[[3612,4129],[-12,0],[0,32]],[[7837,4129],[-13,0]],[[7824,4129],[0,32]],[[8049,4161],[38,0],[0,-32]],[[8087,4129],[-38,0],[0,32]],[[8224,4161],[13,0],[0,-32],[-13,0],[0,32]],[[3250,4774],[25,0]],[[3312,4741],[0,-64],[13,0],[0,-32],[12,0],[0,-33],[25,0],[0,-32],[13,0],[0,-64],[12,0]],[[3387,4516],[0,-65]],[[3387,4451],[113,0],[0,-32],[12,0]],[[3512,4419],[0,-32],[-12,0],[0,-97],[12,0],[0,-32],[-12,0],[0,-65],[-13,0],[0,-32],[-25,0],[0,-65],[-25,0],[0,33],[-12,0],[0,32],[-25,0],[0,-32],[-13,0]],[[3387,4129],[0,161],[-25,0],[0,-32],[-12,0]],[[3350,4258],[0,32]],[[3337,4354],[-12,0]],[[3325,4354],[0,97],[12,0],[0,-64],[13,0],[0,32],[12,0],[0,32],[-12,0],[0,32],[-25,0],[0,33],[-13,0],[0,64],[-25,0],[0,-32],[13,0],[0,-32]],[[3300,4516],[-25,0]],[[3262,4645],[0,64]],[[3250,4677],[-13,0]],[[3225,4741],[25,0]],[[2837,4290],[13,0]],[[2850,4290],[0,-129]],[[2850,4161],[-13,0],[0,-65]],[[2837,4096],[-37,0],[0,65]],[[2812,4193],[25,0]],[[2837,4193],[0,97]],[[2850,4161],[0,-65],[-13,0]],[[3112,4161],[13,0]],[[3125,4161],[0,-65]],[[3125,4096],[-13,0]],[[3112,4096],[0,65]],[[5274,4161],[38,0],[0,-65],[-38,0],[0,65]],[[5474,4161],[13,0],[0,-65],[-13,0],[0,65]],[[5799,4225],[25,0],[0,-32]],[[5824,4193],[13,0]],[[5837,4193],[0,-32],[-13,0],[0,-65],[-50,0]],[[5774,4096],[0,65],[13,0],[0,32]],[[5787,4193],[12,0]],[[5799,4193],[0,32]],[[2875,4129],[0,-33],[-13,0]],[[2862,4096],[0,33]],[[3000,4129],[12,0],[0,-33],[-12,0],[0,33]],[[3387,4129],[0,-33],[-12,0],[0,33],[12,0]],[[5199,4129],[13,0],[0,-33],[-13,0],[0,33]],[[5737,4129],[-25,0],[0,-33],[-25,0]],[[5687,4096],[0,33],[12,0],[0,32],[38,0],[0,-32]],[[5774,4225],[0,-32]],[[5774,4193],[13,0]],[[5774,4096],[-37,0],[0,33]],[[5737,4129],[25,0],[0,96]],[[8349,4129],[13,0],[0,-33],[-13,0],[0,33]],[[8462,4129],[0,-33]],[[8462,4096],[-13,0],[0,33],[13,0]],[[8549,4129],[13,0],[0,-33],[-13,0],[0,-32],[-12,0]],[[8537,4064],[0,97],[12,0],[0,-32]],[[3612,4129],[13,0],[0,-65],[-13,0]],[[3612,4064],[0,65]],[[5262,4064],[-13,0]],[[5249,4064],[0,65],[13,0],[0,-65]],[[3250,4064],[0,32],[12,0],[0,-32],[-12,0]],[[8024,4064],[-12,0]],[[8012,4064],[0,32],[12,0],[0,-32]],[[2862,4161],[0,-97]],[[2862,4064],[-12,0],[0,-32],[-13,0]],[[2837,4032],[0,64]],[[3062,4096],[25,0]],[[3087,4096],[0,-32],[-12,0],[0,-32]],[[3075,4032],[-13,0]],[[3062,4032],[0,64]],[[8537,4032],[-13,0]],[[8524,4032],[0,64],[13,0],[0,-64]],[[3087,4096],[13,0],[0,-64],[-25,0]],[[3162,4064],[13,0],[0,-32]],[[3175,4032],[-13,0]],[[3162,4032],[0,32]],[[3612,4064],[0,-32]],[[3612,4032],[-12,0]],[[3600,4032],[0,32],[12,0]],[[5912,4032],[-13,0],[0,32],[13,0],[0,-32]],[[6212,4032],[-13,0],[0,32],[13,0],[0,-32]],[[7887,4032],[-13,0],[0,32],[13,0],[0,-32]],[[8362,4064],[12,0]],[[8374,4064],[0,-32],[-12,0]],[[8362,4032],[0,32]],[[8587,4064],[0,-32]],[[8587,4032],[-13,0],[0,32],[13,0]],[[2812,4096],[0,-64],[-12,0]],[[2800,4032],[0,-32]],[[2800,4000],[-13,0],[0,32],[-12,0]],[[2775,4032],[0,64],[37,0]],[[8462,4129],[25,0],[0,-65],[-13,0],[0,-32],[-12,0],[0,-32],[-75,0]],[[8387,4000],[0,64],[-13,0]],[[8374,4064],[0,32]],[[8374,4096],[88,0]],[[2775,4000],[-13,0]],[[2762,4000],[0,64],[13,0],[0,-64]],[[3250,4032],[12,0]],[[3262,4032],[0,-32]],[[3262,4000],[-12,0]],[[3250,4000],[0,32]],[[3437,4032],[13,0],[0,-32],[-13,0],[0,32]],[[3587,4032],[25,0]],[[3612,4032],[0,-32],[-25,0]],[[3587,4000],[0,32]],[[5174,4032],[25,0],[0,-32],[-25,0],[0,32]],[[5912,4032],[12,0]],[[5924,4032],[0,-32]],[[5924,4000],[-12,0]],[[5912,4000],[0,32]],[[5924,4032],[13,0]],[[5937,4032],[0,-32]],[[5937,4000],[-13,0]],[[7749,4032],[13,0],[0,-32]],[[7762,4000],[-13,0],[0,32]],[[8012,4032],[12,0]],[[8024,4032],[0,-32],[-12,0],[0,32]],[[8387,4000],[-25,0]],[[8362,4000],[0,32]],[[5687,4096],[0,-32],[12,0],[0,-32]],[[5699,4032],[-25,0],[0,-65]],[[5674,3967],[-12,0],[0,97],[-13,0],[0,32],[38,0]],[[3012,3967],[-12,0],[0,65],[-13,0],[0,32],[38,0],[0,-32],[-13,0],[0,-65]],[[3187,4032],[13,0],[0,-65]],[[3200,3967],[-13,0],[0,65]],[[3250,4000],[0,-33],[-13,0],[0,33],[13,0]],[[3587,4000],[0,-33]],[[3587,3967],[-12,0]],[[3575,3967],[0,33],[12,0]],[[5599,3967],[-37,0],[0,33],[37,0],[0,-33]],[[6037,4000],[12,0],[0,-33],[-12,0],[0,33]],[[7762,4000],[12,0]],[[7774,4000],[0,-33],[-12,0],[0,33]],[[2962,4161],[13,0],[0,-129],[-13,0],[0,-32],[13,0],[0,-33],[-25,0],[0,-32],[-13,0],[0,97],[13,0],[0,32],[-13,0],[0,32],[13,0],[0,33],[12,0],[0,32]],[[3112,4129],[0,-33]],[[3125,4096],[0,33]],[[3125,4129],[12,0]],[[3137,4129],[0,-129]],[[3137,4000],[25,0]],[[3162,4000],[0,32]],[[3162,4032],[25,0]],[[3200,3967],[0,-32],[-25,0]],[[3175,3935],[0,32],[-50,0],[0,33],[-50,0],[0,32]],[[3087,4096],[0,33],[25,0]],[[5699,4032],[0,-97]],[[5699,3935],[-12,0],[0,32],[-13,0]],[[5699,4032],[13,0],[0,-97]],[[5712,3935],[-13,0]],[[3625,4000],[37,0],[0,-33],[-12,0]],[[3650,3967],[0,-32],[-13,0],[0,32],[-12,0],[0,33]],[[5462,4000],[12,0],[0,-65],[-12,0],[0,65]],[[5887,4000],[25,0]],[[5912,4000],[0,-65],[-25,0],[0,65]],[[5937,4000],[12,0],[0,-65],[-12,0]],[[5937,3935],[0,65]],[[2825,3935],[-13,0],[0,32],[13,0],[0,-32]],[[3012,3967],[25,0],[0,-32],[-25,0],[0,32]],[[5249,4000],[13,0],[0,-65],[-25,0]],[[5237,3935],[0,32],[12,0],[0,33]],[[5599,3967],[25,0],[0,-32]],[[5624,3935],[-25,0],[0,32]],[[5962,3967],[12,0],[0,-32],[-12,0],[0,32]],[[7874,3967],[13,0],[0,-32],[-13,0],[0,32]],[[3250,4064],[0,-64]],[[3262,4000],[0,-65]],[[3262,3935],[13,0]],[[3275,3935],[0,-32]],[[3275,3903],[-25,0],[0,32],[-25,0],[0,32],[-25,0]],[[3187,4032],[0,32],[13,0],[0,32],[25,0],[0,-32],[25,0]],[[3325,4354],[-13,0]],[[3312,4354],[0,97]],[[3287,4451],[0,-64]],[[3300,4322],[0,-32]],[[3287,4225],[-50,0]],[[3237,4290],[-25,0]],[[3250,4161],[0,32]],[[3250,4193],[37,0],[0,-64],[13,0],[0,-33],[12,0],[0,-96],[-12,0],[0,-33],[12,0],[0,-64]],[[3312,3903],[-25,0]],[[3287,3903],[0,32]],[[3287,3935],[-25,0]],[[3262,3935],[0,97]],[[3250,4032],[0,32]],[[3187,4032],[-12,0]],[[3162,4064],[0,-64]],[[3137,4000],[0,96]],[[3137,4096],[13,0],[0,33],[12,0],[0,32],[-25,0],[0,32],[-12,0],[0,32],[12,0],[0,33],[13,0],[0,96],[-13,0],[0,33]],[[3137,4387],[-12,0]],[[3137,4419],[0,32]],[[3150,4483],[12,0]],[[3162,4483],[0,-32]],[[3175,4516],[50,0]],[[3250,4451],[0,65]],[[3250,4516],[50,0]],[[3600,4032],[-13,0]],[[3575,3967],[-13,0]],[[3562,3967],[0,-64],[-12,0],[0,32],[-13,0]],[[3537,3935],[0,65]],[[3537,4000],[13,0],[0,32],[-13,0],[0,64],[25,0],[0,-32],[13,0],[0,32],[12,0]],[[3587,4096],[0,65]],[[5787,3903],[-13,0]],[[5774,3903],[0,64]],[[5774,3967],[13,0],[0,33],[12,0],[0,-65],[-12,0],[0,-32]],[[3150,3903],[-13,0]],[[3137,3903],[0,32],[13,0],[0,-32]],[[3275,3935],[12,0]],[[3287,3903],[-12,0]],[[5624,3935],[38,0],[0,-32]],[[5662,3903],[-38,0],[0,32]],[[5712,3935],[12,0],[0,-32],[-12,0],[0,32]],[[5837,4193],[25,0]],[[5862,4193],[0,-97],[-25,0],[0,-64],[-13,0],[0,-65],[-12,0],[0,-32],[12,0],[0,-32],[-37,0]],[[5774,3967],[0,65]],[[5774,4032],[13,0],[0,32],[-13,0],[0,32]],[[7812,3935],[12,0]],[[7824,3935],[0,-32]],[[7824,3903],[-12,0]],[[7812,3903],[0,32]],[[8099,3903],[0,32],[13,0],[0,-32],[-13,0]],[[8274,3935],[0,-32],[-12,0]],[[8262,3903],[0,32],[12,0]],[[8524,3935],[13,0],[0,-32],[-13,0]],[[8524,3903],[0,32]],[[8699,3935],[25,0],[0,-32],[-25,0],[0,32]],[[8749,3935],[0,-32]],[[8749,3903],[-12,0],[0,32],[12,0]],[[8787,3903],[0,32],[12,0],[0,-32],[-12,0]],[[2475,4064],[12,0],[0,-32],[13,0],[0,-32],[-13,0],[0,-33],[38,0],[0,-64],[-13,0],[0,-32],[-12,0],[0,32],[-50,0],[0,129],[25,0],[0,32]],[[5699,3935],[0,-64],[-12,0],[0,32],[-13,0]],[[5674,3903],[0,64]],[[5762,3935],[12,0]],[[5774,3935],[0,-32]],[[5787,3903],[0,-32]],[[5787,3871],[-25,0]],[[5762,3871],[0,64]],[[9149,3935],[13,0],[0,-64],[-13,0],[0,64]],[[3137,3903],[0,-32]],[[3137,3871],[-12,0],[0,32],[12,0]],[[3150,3903],[0,-32],[-13,0]],[[3762,3903],[13,0],[0,-32]],[[3775,3871],[-13,0],[0,32]],[[5237,3903],[12,0]],[[5249,3903],[0,-32],[-12,0],[0,32]],[[5949,3903],[13,0],[0,-32],[-13,0],[0,32]],[[7824,3903],[13,0],[0,-32]],[[7837,3871],[-13,0],[0,32]],[[8099,3903],[0,-32],[-12,0],[0,32],[12,0]],[[8574,4193],[0,-64],[13,0],[0,-65]],[[8587,4032],[0,-32],[-25,0],[0,-33],[12,0],[0,-64],[-12,0],[0,-32],[-38,0],[0,32]],[[8524,3935],[0,97]],[[8537,4032],[0,32]],[[8549,4129],[0,64],[25,0]],[[8749,3903],[13,0],[0,-32],[-13,0],[0,32]],[[7912,3871],[-13,0],[0,-33]],[[7899,3838],[-25,0]],[[7874,3838],[0,33],[-37,0]],[[7824,3903],[0,64]],[[7824,3967],[-25,0],[0,65],[-12,0]],[[7787,4032],[0,161],[37,0]],[[7824,4193],[0,-64]],[[7824,4129],[25,0]],[[7837,4354],[0,97],[12,0],[0,-32],[25,0],[0,-194],[25,0],[0,-129],[13,0],[0,-96],[12,0],[0,-33],[-12,0],[0,-96]],[[7887,4032],[0,-32],[12,0],[0,32],[-12,0]],[[3512,4419],[13,0]],[[3525,4161],[25,0]],[[3562,4225],[38,0],[0,-32]],[[3587,4193],[0,-97]],[[3537,4000],[0,-33]],[[3537,3967],[-12,0],[0,97],[-38,0],[0,32],[-12,0],[0,-64],[12,0],[0,-32],[-12,0],[0,-65],[12,0],[0,-32],[-25,0],[0,32],[-25,0],[0,-32],[-12,0],[0,32],[-25,0],[0,32],[-13,0],[0,-64],[25,0],[0,-32]],[[3412,3871],[-12,0]],[[3400,3871],[0,-33],[-13,0],[0,33],[-12,0],[0,32],[-50,0],[0,129],[37,0],[0,32],[-25,0],[0,97]],[[3337,4161],[13,0]],[[3350,4161],[0,97]],[[2800,4000],[0,-97]],[[2800,3903],[-13,0],[0,-32],[13,0],[0,-33],[-25,0],[0,65],[-13,0],[0,-32],[-12,0]],[[2750,3871],[0,96],[12,0],[0,33]],[[2775,4000],[0,32]],[[5874,3903],[0,-65]],[[5874,3838],[-12,0],[0,33],[-13,0],[0,32],[25,0]],[[2750,3871],[0,-33]],[[2750,3838],[-13,0]],[[2737,3838],[0,33],[13,0]],[[3712,3871],[13,0],[0,-33],[-13,0],[0,33]],[[5412,3838],[-13,0],[0,33],[13,0],[0,-33]],[[5787,3871],[0,-33]],[[5787,3838],[-25,0]],[[5762,3838],[0,33]],[[7737,3871],[12,0],[0,-33]],[[7749,3838],[-12,0],[0,33]],[[7787,3871],[12,0]],[[7799,3871],[0,-33],[-12,0]],[[7787,3838],[0,33]],[[7912,3871],[0,-33]],[[7912,3838],[-13,0]],[[8424,3871],[0,-33]],[[8424,3838],[-12,0],[0,33],[12,0]],[[8424,3871],[13,0]],[[8437,3871],[0,-33]],[[8437,3838],[-13,0]],[[8537,3871],[12,0],[0,-33],[-12,0],[0,33]],[[8887,3871],[12,0],[0,-33],[-12,0]],[[8887,3838],[0,33]],[[9099,3871],[0,-33]],[[9099,3838],[-37,0],[0,33],[37,0]],[[9099,3871],[13,0],[0,-33]],[[9112,3838],[-13,0]],[[7674,4387],[50,0],[0,-33],[13,0],[0,-64],[25,0],[0,-32],[12,0],[0,-33],[13,0],[0,-193]],[[7824,3967],[0,-32]],[[7812,3935],[0,-64]],[[7812,3871],[-25,0]],[[7787,3871],[0,32],[-13,0],[0,97]],[[7749,4032],[0,-97],[13,0],[0,-64],[12,0],[0,-65],[-12,0],[0,32],[-13,0]],[[7737,3871],[0,64],[-13,0],[0,97]],[[7724,4032],[-25,0],[0,32],[-12,0],[0,129],[12,0],[0,32]],[[7724,4032],[13,0],[0,97],[-25,0],[0,-33],[12,0],[0,-64]],[[5412,3838],[0,-32],[-25,0],[0,129],[25,0],[0,-32],[12,0],[0,-65],[-12,0]],[[3175,3935],[-13,0],[0,-32],[-12,0]],[[3137,3871],[0,-33],[-12,0],[0,-32]],[[3125,3806],[-75,0]],[[3050,3806],[0,32],[-13,0],[0,33],[25,0],[0,32],[13,0],[0,64],[-13,0]],[[3062,3967],[0,65]],[[3312,3871],[13,0],[0,-65],[-13,0],[0,65]],[[5937,3935],[0,-64],[-13,0],[0,-33],[-37,0],[0,-32],[-13,0]],[[5874,3806],[0,65]],[[5874,3871],[38,0],[0,32],[12,0],[0,32],[13,0]],[[7874,3838],[-12,0]],[[7862,3838],[0,-32]],[[7862,3806],[-25,0]],[[7837,3806],[0,65]],[[2750,3838],[0,-32]],[[2750,3806],[-13,0],[0,32]],[[3362,3838],[13,0],[0,-32],[-13,0],[0,32]],[[3837,3838],[13,0],[0,-32],[-13,0]],[[3837,3806],[0,32]],[[5674,3838],[13,0],[0,-32]],[[5687,3806],[-13,0]],[[5674,3806],[0,32]],[[6137,3838],[12,0],[0,-32],[-12,0]],[[6137,3806],[0,32]],[[8299,3806],[-12,0]],[[8287,3806],[0,32],[12,0],[0,-32]],[[9112,3838],[0,-32],[-13,0],[0,32]],[[9187,3838],[0,-32]],[[9187,3806],[-25,0]],[[9162,3806],[0,32],[25,0]],[[9224,3806],[-12,0],[0,32],[12,0],[0,-32]],[[3275,3903],[0,-32],[-25,0],[0,-33],[25,0],[0,-64],[-25,0],[0,32],[-25,0],[0,65],[-13,0],[0,-33],[-25,0],[0,33],[-12,0],[0,64]],[[3812,3838],[13,0]],[[3825,3838],[0,-64],[-13,0],[0,64]],[[5287,3838],[0,-64]],[[5287,3774],[-13,0],[0,32],[-12,0],[0,32],[25,0]],[[3725,3806],[12,0],[0,-32],[-12,0],[0,32]],[[3750,3806],[12,0],[0,-32],[-12,0],[0,32]],[[8487,3806],[12,0],[0,-32],[-12,0]],[[8487,3774],[0,32]],[[8524,3806],[13,0]],[[8537,3806],[0,-32]],[[8537,3774],[-13,0]],[[8524,3774],[0,32]],[[8537,3806],[12,0]],[[8549,3806],[0,-32]],[[8549,3774],[-12,0]],[[9187,3806],[0,-32]],[[9187,3774],[-25,0],[0,32]],[[9224,3806],[25,0],[0,-32]],[[9249,3774],[-25,0]],[[9224,3774],[0,32]],[[8237,4516],[25,0]],[[8274,4483],[0,-32],[13,0],[0,-32],[25,0],[0,-32],[25,0],[0,96],[25,0],[0,-32],[12,0]],[[8374,4451],[0,-64],[-25,0],[0,-33],[-50,0]],[[8299,4354],[0,-64],[-25,0]],[[8274,4290],[0,-97],[13,0],[0,-64],[12,0],[0,-33],[13,0],[0,-64]],[[8312,4032],[-38,0],[0,-97]],[[8262,3903],[-13,0],[0,-97],[-25,0]],[[8224,3806],[0,65],[-25,0],[0,-65],[-12,0],[0,-64]],[[8187,3742],[-88,0],[0,32],[-50,0],[0,129],[-12,0],[0,-32],[-25,0],[0,32],[12,0],[0,129]],[[8012,4032],[0,32]],[[8024,4064],[0,97],[25,0]],[[8087,4129],[0,96],[37,0],[0,33],[25,0]],[[8149,4258],[0,64],[13,0],[0,32],[37,0]],[[8199,4419],[13,0],[0,32],[12,0],[0,32],[13,0],[0,33]],[[3112,3774],[13,0],[0,-32],[-13,0],[0,32]],[[7937,3774],[12,0]],[[7949,3774],[0,-32]],[[7949,3742],[-12,0]],[[7937,3742],[0,32]],[[7949,3774],[13,0]],[[7962,3774],[0,-32]],[[7962,3742],[-13,0]],[[7962,3774],[12,0]],[[7974,3774],[0,-32]],[[7974,3742],[-12,0]],[[7974,3774],[13,0]],[[7987,3774],[0,-32]],[[7987,3742],[-13,0]],[[8012,3774],[0,-32],[-13,0]],[[7999,3742],[0,32],[13,0]],[[8287,3774],[12,0],[0,-32]],[[8299,3742],[-12,0],[0,32]],[[8799,3742],[-12,0],[0,32],[12,0],[0,-32]],[[8987,3774],[12,0],[0,-32]],[[8999,3742],[-12,0],[0,32]],[[9237,3774],[12,0]],[[9249,3774],[0,-32]],[[9249,3742],[-12,0],[0,32]],[[5787,3871],[12,0],[0,-65],[-25,0],[0,-32],[13,0],[0,-32]],[[5787,3742],[-13,0],[0,-33]],[[5774,3709],[-25,0]],[[5749,3709],[0,129]],[[5749,3838],[38,0]],[[8524,3774],[25,0]],[[8549,3806],[88,0],[0,-97],[-25,0],[0,33],[-25,0],[0,-33],[-38,0],[0,33],[-12,0],[0,-33],[-38,0],[0,33],[-12,0],[0,32]],[[8487,3806],[0,32],[-50,0]],[[8437,3871],[12,0],[0,32],[63,0],[0,-97],[12,0]],[[3462,3742],[13,0],[0,-33],[-13,0],[0,33]],[[3800,3742],[0,-33],[-13,0],[0,33],[13,0]],[[3937,3709],[0,33],[13,0],[0,-33],[-13,0]],[[5787,3742],[0,-33]],[[5787,3709],[-13,0]],[[6062,3742],[12,0],[0,-33],[-12,0],[0,33]],[[7949,3742],[0,-33]],[[7949,3709],[-12,0]],[[7937,3709],[0,33]],[[8224,3806],[13,0],[0,-97]],[[8237,3709],[-63,0]],[[8174,3709],[0,33],[13,0]],[[9024,3742],[13,0],[0,-33],[-13,0]],[[9024,3709],[0,33]],[[7837,3806],[12,0]],[[7849,3806],[0,-97],[25,0],[0,-32]],[[7874,3677],[-37,0],[0,32],[-13,0],[0,33],[-12,0],[0,32],[-13,0],[0,-32],[-25,0],[0,96],[13,0]],[[7787,3838],[0,-32],[12,0],[0,65]],[[7799,3871],[13,0]],[[7812,3871],[0,32]],[[5337,3742],[0,-65]],[[5337,3677],[-25,0]],[[5312,3677],[0,32],[-13,0]],[[5299,3709],[0,33],[-12,0],[0,32]],[[5287,3774],[25,0],[0,32],[12,0],[0,-64],[13,0]],[[5399,3774],[38,0]],[[5437,3774],[0,-97]],[[5437,3677],[-25,0]],[[5412,3677],[0,32]],[[5412,3709],[-13,0]],[[5399,3709],[0,65]],[[3737,3742],[38,0],[0,-33],[-13,0],[0,-32],[-25,0],[0,65]],[[8774,3742],[0,-65],[-12,0]],[[8762,3677],[0,65],[12,0]],[[5312,3677],[-13,0],[0,32]],[[5337,3709],[12,0],[0,-32]],[[5349,3677],[-12,0]],[[5337,3677],[0,32]],[[5449,3709],[13,0]],[[5462,3709],[0,-32],[-13,0]],[[5449,3677],[0,32]],[[5662,3677],[-13,0],[0,32],[13,0],[0,-32]],[[7937,3774],[0,-65]],[[7949,3709],[0,-32]],[[7949,3677],[-37,0],[0,32],[12,0],[0,33],[-12,0],[0,64],[12,0],[0,32],[13,0],[0,-32],[12,0],[0,-32]],[[8174,3709],[25,0],[0,-32],[-25,0],[0,32]],[[8237,3709],[0,-32],[-25,0],[0,32],[25,0]],[[9262,3677],[-13,0]],[[9249,3677],[0,32],[13,0],[0,-32]],[[9187,3838],[12,0],[0,-32],[25,0]],[[9224,3774],[13,0]],[[9249,3742],[0,-65]],[[9262,3677],[0,-32],[-25,0]],[[9237,3645],[0,64]],[[9237,3709],[-13,0],[0,33],[-25,0],[0,32],[-12,0]],[[9187,3774],[0,64]],[[5337,3774],[12,0],[0,-32],[13,0],[0,-33],[25,0],[0,33],[12,0]],[[5399,3742],[0,-33]],[[5412,3709],[0,-64]],[[5412,3645],[-13,0]],[[5399,3645],[0,32]],[[5399,3677],[-50,0]],[[5337,3709],[0,65]],[[5787,3742],[25,0]],[[5812,3742],[0,-97]],[[5812,3645],[-13,0]],[[5799,3645],[0,32],[-12,0]],[[5787,3677],[0,65]],[[5437,3709],[12,0]],[[5449,3709],[0,-64]],[[5449,3645],[-12,0]],[[5437,3645],[0,64]],[[8799,3742],[50,0],[0,-33],[50,0],[0,-32],[13,0],[0,-32]],[[8912,3645],[-38,0],[0,32],[-87,0],[0,32],[12,0],[0,33]],[[2800,3677],[0,-32]],[[2800,3645],[-13,0]],[[2787,3645],[0,32],[13,0]],[[3137,3677],[13,0],[0,-32],[-13,0]],[[3137,3645],[0,32]],[[3312,3677],[13,0],[0,-32],[-13,0],[0,32]],[[3487,3645],[-12,0]],[[3475,3645],[0,32],[12,0],[0,-32]],[[3550,3645],[-25,0],[0,32],[25,0],[0,-32]],[[3787,3677],[13,0],[0,-32],[-13,0],[0,32]],[[3975,3677],[12,0],[0,-32],[-12,0]],[[3975,3645],[0,32]],[[5337,3677],[0,-32]],[[5337,3645],[-13,0]],[[5324,3645],[0,32],[13,0]],[[5349,3677],[0,-32]],[[5349,3645],[-12,0]],[[5362,3677],[12,0]],[[5374,3677],[0,-32],[-12,0],[0,32]],[[5662,3677],[12,0]],[[5674,3677],[0,-32]],[[5674,3645],[-12,0]],[[5662,3645],[0,32]],[[5674,3677],[13,0]],[[5687,3677],[0,-32]],[[5687,3645],[-13,0]],[[5799,3645],[-12,0]],[[5787,3645],[0,32]],[[5812,3677],[12,0],[0,-32]],[[5824,3645],[-12,0]],[[5812,3645],[0,32]],[[5862,3677],[12,0],[0,-32],[-12,0],[0,32]],[[7874,3677],[0,-32]],[[7874,3645],[-25,0]],[[7849,3645],[0,32],[25,0]],[[7874,3677],[13,0],[0,-32],[-13,0]],[[9199,3645],[-12,0]],[[9187,3645],[0,32],[12,0],[0,-32]],[[5387,3677],[12,0]],[[5399,3677],[0,-64]],[[5399,3613],[-12,0],[0,64]],[[7874,3645],[0,-32]],[[7874,3613],[-12,0],[0,32],[12,0]],[[8712,3613],[-25,0],[0,32],[25,0],[0,-32]],[[8737,3645],[0,-32],[-13,0]],[[8724,3613],[0,32],[13,0]],[[8849,3645],[13,0],[0,-32],[-13,0],[0,32]],[[8912,3645],[25,0],[0,-32]],[[8937,3613],[-25,0],[0,32]],[[9162,3645],[0,-32]],[[9162,3613],[-13,0],[0,32],[13,0]],[[8362,4064],[0,-64]],[[8362,4000],[-25,0],[0,-33],[12,0],[0,-32],[13,0],[0,32],[12,0],[0,33],[25,0],[0,-33],[38,0],[0,-96]],[[8437,3871],[-50,0],[0,-33],[12,0],[0,-32],[13,0],[0,-64],[12,0],[0,-162]],[[8424,3580],[-50,0],[0,65],[-12,0],[0,64],[-13,0],[0,65]],[[8349,3774],[25,0],[0,64],[-25,0],[0,33],[-25,0],[0,32],[-12,0]],[[8312,3903],[0,129]],[[8312,4032],[12,0],[0,32],[13,0],[0,32],[37,0]],[[5349,3677],[13,0]],[[5374,3677],[13,0]],[[5399,3613],[0,32]],[[5412,3645],[0,32]],[[5412,3677],[12,0]],[[5424,3677],[0,-64]],[[5424,3613],[-12,0]],[[5412,3613],[0,-33]],[[5412,3580],[-63,0]],[[5349,3580],[0,97]],[[7849,3645],[0,-65],[-25,0],[0,65],[25,0]],[[8424,3580],[0,65],[13,0],[0,-65],[-13,0]],[[8949,3645],[13,0]],[[8962,3645],[0,-65]],[[8962,3580],[-13,0]],[[8949,3580],[0,65]],[[9237,3645],[0,-65],[-13,0]],[[9224,3580],[0,65],[13,0]],[[2737,3613],[13,0],[0,-33],[-13,0]],[[2737,3580],[0,33]],[[6087,3613],[12,0]],[[6099,3613],[0,-33]],[[6099,3580],[-12,0]],[[6087,3580],[0,33]],[[8974,3645],[25,0]],[[8999,3645],[0,-32],[-12,0],[0,-33],[-25,0]],[[8962,3580],[0,33]],[[8962,3613],[12,0],[0,32]],[[9074,3580],[-12,0]],[[9062,3580],[0,33],[12,0],[0,-33]],[[3487,3645],[0,-97],[-12,0]],[[3475,3548],[0,97]],[[5824,3645],[0,-97],[-12,0],[0,97]],[[7999,3742],[-12,0]],[[7987,3774],[-38,0]],[[7949,3677],[0,-97],[-12,0]],[[7937,3580],[0,-32],[-13,0]],[[7924,3548],[0,32],[-12,0],[0,-32]],[[7912,3548],[-13,0],[0,32],[-12,0],[0,33],[-13,0]],[[7849,3806],[13,0]],[[7862,3838],[50,0]],[[7912,3871],[12,0],[0,32],[25,0],[0,-32],[13,0],[0,-33],[12,0],[0,-32],[13,0],[0,32],[25,0],[0,-64]],[[3287,3709],[13,0],[0,-96],[-13,0],[0,-33],[-25,0],[0,-32],[-12,0],[0,65],[12,0],[0,32],[13,0],[0,32],[12,0],[0,32]],[[3400,3548],[0,65],[12,0],[0,-65],[-12,0]],[[8137,3580],[-13,0],[0,-32]],[[8124,3548],[-12,0],[0,65],[25,0],[0,-33]],[[8712,3613],[0,-33]],[[8712,3580],[-13,0],[0,-32],[-25,0],[0,65],[38,0]],[[6049,3580],[13,0]],[[6062,3580],[0,-32]],[[6062,3548],[-13,0]],[[6049,3548],[0,32]],[[6062,3580],[12,0]],[[6074,3580],[0,-32]],[[6074,3548],[-12,0]],[[8137,3580],[0,-32],[-13,0]],[[8962,3580],[0,-32]],[[8962,3548],[-13,0]],[[8949,3548],[0,32]],[[9037,3580],[12,0]],[[9049,3580],[0,-32]],[[9049,3548],[-12,0]],[[9037,3548],[0,32]],[[9074,3580],[25,0],[0,-32],[-25,0],[0,32]],[[9337,3548],[-13,0]],[[9324,3548],[0,32],[13,0],[0,-32]],[[8349,3774],[0,-258],[-12,0]],[[8337,3516],[0,64],[-25,0],[0,162],[-13,0]],[[8287,3774],[0,32]],[[8299,3806],[0,129],[13,0],[0,-32]],[[3137,3645],[0,-65],[-12,0],[0,-32],[-13,0],[0,-32],[-12,0],[0,64],[12,0],[0,33],[13,0],[0,32],[12,0]],[[5374,3580],[25,0]],[[5399,3580],[0,-64]],[[5399,3516],[-12,0],[0,32],[-13,0],[0,32]],[[5412,3613],[25,0]],[[5437,3613],[0,-33],[-13,0]],[[5424,3580],[0,-64]],[[5424,3516],[-25,0]],[[5399,3580],[13,0]],[[6099,3580],[0,-64]],[[6099,3516],[-12,0]],[[6087,3516],[0,64]],[[3062,3516],[0,32],[13,0],[0,-32],[-13,0]],[[8024,3548],[25,0],[0,-32],[-25,0]],[[8024,3516],[0,32]],[[8837,3548],[12,0],[0,-32],[-12,0]],[[8837,3516],[0,32]],[[9049,3548],[0,-32]],[[9049,3516],[-12,0]],[[9037,3516],[0,32]],[[9162,3548],[25,0],[0,-32],[-25,0]],[[9162,3516],[0,32]],[[9337,3548],[0,-32],[-13,0],[0,-32]],[[9324,3484],[-12,0]],[[9312,3484],[0,32],[-13,0],[0,32],[-12,0],[0,97],[12,0],[0,-32],[25,0],[0,-65]],[[8737,3645],[12,0],[0,-129]],[[8749,3516],[-12,0],[0,-32]],[[8737,3484],[-13,0]],[[8724,3484],[0,64],[-12,0]],[[8712,3548],[0,32]],[[8712,3580],[12,0],[0,33]],[[3212,3548],[25,0],[0,-64],[-25,0],[0,64]],[[3387,3548],[13,0]],[[3400,3548],[0,-32],[25,0]],[[3425,3516],[0,-32],[-38,0]],[[3387,3484],[0,64]],[[6037,3613],[50,0]],[[6087,3613],[0,-97]],[[6087,3516],[-13,0],[0,-32],[-25,0],[0,64]],[[6049,3548],[-12,0],[0,65]],[[6049,3548],[25,0]],[[6074,3580],[-25,0]],[[7912,3548],[12,0]],[[7924,3548],[0,-64]],[[7924,3484],[-12,0],[0,64]],[[8724,3484],[-12,0],[0,64]],[[3000,3677],[25,0]],[[3025,3677],[0,-32],[-13,0],[0,-32],[-12,0],[0,-65],[25,0],[0,-32],[-50,0],[0,-32],[-25,0]],[[2950,3484],[0,32]],[[2950,3516],[12,0],[0,64],[13,0],[0,65],[25,0],[0,32]],[[3350,3516],[12,0],[0,-32]],[[3362,3484],[-12,0]],[[3350,3484],[0,32]],[[5337,3516],[12,0]],[[5349,3516],[0,-32],[-12,0],[0,32]],[[5362,3516],[12,0],[0,-32],[-12,0],[0,32]],[[8137,3516],[25,0]],[[8162,3516],[0,-32]],[[8162,3484],[-25,0]],[[8137,3484],[0,32]],[[8162,3516],[12,0]],[[8174,3516],[0,-32]],[[8174,3484],[-12,0]],[[8187,3516],[25,0],[0,-32],[-25,0],[0,32]],[[8337,3516],[25,0],[0,-32],[-25,0],[0,32]],[[8574,3516],[13,0],[0,-32]],[[8587,3484],[-13,0],[0,32]],[[8649,3516],[0,-32],[-12,0]],[[8637,3484],[0,32],[12,0]],[[8749,3516],[0,-32],[-12,0]],[[9012,3484],[-13,0],[0,32],[13,0],[0,-32]],[[9049,3516],[0,-32]],[[9049,3484],[-12,0]],[[9037,3484],[0,32]],[[3387,3516],[0,-65]],[[3387,3451],[-12,0],[0,65],[12,0]],[[5424,3516],[0,-65]],[[5424,3451],[-25,0]],[[5399,3451],[0,65]],[[8174,3516],[13,0]],[[8187,3516],[0,-65],[-13,0]],[[8174,3451],[0,65]],[[8587,3484],[0,-33]],[[8587,3451],[-25,0]],[[8562,3451],[0,65],[12,0]],[[9337,3548],[25,0],[0,-64]],[[9362,3484],[-13,0],[0,-33],[-12,0]],[[9337,3451],[0,33],[-13,0]],[[3800,3516],[12,0],[0,-65],[-25,0],[0,33]],[[3787,3484],[13,0]],[[3800,3484],[0,32]],[[8149,3484],[25,0]],[[8174,3484],[0,-33]],[[8174,3451],[-25,0]],[[8149,3451],[0,33]],[[8374,3484],[13,0],[0,-33],[-13,0],[0,33]],[[8924,3484],[0,-33]],[[8924,3451],[-12,0],[0,33],[12,0]],[[8924,3484],[13,0]],[[8937,3484],[0,-33]],[[8937,3451],[-13,0]],[[9049,3484],[0,-33]],[[9049,3451],[-12,0]],[[9037,3451],[0,33]],[[9324,3484],[0,-33],[-12,0],[0,33]],[[9399,3451],[0,33],[13,0],[0,-33],[-13,0]],[[2800,3774],[0,-97]],[[2787,3645],[25,0]],[[2812,3645],[0,-32]],[[2812,3613],[-12,0]],[[2800,3613],[0,-65],[25,0],[0,-97],[12,0],[0,-32],[-25,0],[0,65],[-12,0],[0,32],[-13,0],[0,97],[-12,0],[0,96],[12,0],[0,65],[13,0]],[[3537,3967],[0,-32]],[[3562,3967],[25,0]],[[3587,4000],[38,0]],[[3650,3967],[62,0],[0,-32],[38,0],[0,-32],[12,0]],[[3775,3871],[0,-33],[25,0]],[[3800,3838],[0,-96]],[[3800,3742],[12,0],[0,-162],[-25,0],[0,-32],[13,0]],[[3800,3548],[0,-64]],[[3800,3484],[-25,0]],[[3775,3484],[0,32],[-13,0],[0,32],[-12,0],[0,65],[12,0],[0,32],[-50,0],[0,-65],[-12,0],[0,33],[-13,0],[0,64],[-12,0],[0,-32],[-38,0],[0,32],[-12,0],[0,-64],[-25,0],[0,-33],[12,0],[0,-32],[-50,0],[0,-32]],[[3562,3516],[-12,0],[0,-97],[-13,0],[0,65],[-12,0],[0,32],[-13,0],[0,32],[-12,0],[0,32],[37,0],[0,33],[13,0],[0,32]],[[3550,3645],[25,0],[0,32],[-13,0],[0,32],[-50,0],[0,-32],[-12,0],[0,-32],[-13,0]],[[3475,3645],[-13,0],[0,-32],[-12,0],[0,-33],[-13,0],[0,33],[-12,0],[0,96]],[[3425,3709],[-13,0]],[[3412,3709],[0,33],[13,0],[0,129]],[[3425,3871],[-13,0]],[[5662,3903],[12,0]],[[5674,3903],[0,-97]],[[5674,3806],[25,0]],[[5699,3806],[0,-32],[-12,0]],[[5687,3774],[0,-97]],[[5687,3677],[-25,0]],[[5662,3645],[62,0]],[[5724,3645],[0,-97],[-12,0],[0,-64],[-13,0],[0,32],[-12,0],[0,-32],[-13,0]],[[5674,3484],[0,-65]],[[5674,3419],[-37,0]],[[5637,3419],[0,32],[-38,0],[0,65],[-25,0],[0,32],[-25,0],[0,32],[25,0],[0,226],[13,0],[0,-32],[12,0],[0,32],[25,0],[0,65],[13,0],[0,-65],[25,0],[0,97]],[[5862,3484],[0,-65]],[[5862,3419],[-13,0]],[[5849,3419],[0,32],[-12,0],[0,65],[12,0],[0,-32],[13,0]],[[6099,3516],[0,-32],[13,0],[0,-65],[-25,0]],[[6087,3419],[0,97]],[[8749,3935],[0,32],[38,0],[0,-64]],[[8787,3903],[75,0],[0,-32],[25,0]],[[8887,3838],[50,0],[0,-32],[25,0],[0,-32],[25,0]],[[8999,3742],[0,-33],[-62,0],[0,-32],[75,0],[0,-32]],[[9012,3645],[-38,0]],[[8962,3613],[0,32]],[[8949,3645],[0,-32]],[[8949,3613],[-12,0]],[[8937,3613],[0,-33],[-13,0],[0,-32],[-12,0],[0,-32],[12,0],[0,-32]],[[8924,3451],[0,-32],[-25,0],[0,32],[-37,0],[0,33]],[[8862,3484],[-25,0],[0,32]],[[8837,3548],[0,32],[-13,0],[0,33],[-25,0],[0,32],[-25,0],[0,97]],[[8762,3677],[-25,0],[0,32],[-25,0],[0,-32],[-25,0],[0,32],[-13,0],[0,65],[-12,0],[0,97],[-38,0],[0,-33],[-25,0],[0,97],[13,0],[0,97],[37,0],[0,-65],[13,0],[0,33],[37,0],[0,-33],[38,0],[0,-129],[12,0],[0,-64],[13,0],[0,32],[12,0],[0,32],[-12,0],[0,97],[-13,0]],[[8024,3419],[-37,0],[0,32],[-13,0]],[[7974,3451],[0,33],[38,0],[0,-33],[12,0],[0,-32]],[[8637,3484],[0,-65],[-13,0]],[[8624,3419],[0,65],[13,0]],[[5699,3419],[-12,0],[0,32],[12,0],[0,-32]],[[5824,3419],[-25,0],[0,32],[25,0],[0,-32]],[[5887,3451],[12,0],[0,-32],[-12,0],[0,32]],[[5999,3451],[13,0],[0,-32],[-13,0],[0,32]],[[8299,3451],[13,0],[0,-32],[-13,0],[0,32]],[[8412,3451],[12,0],[0,-32],[-12,0]],[[8412,3419],[0,32]],[[8474,3419],[-25,0],[0,32],[25,0],[0,-32]],[[8587,3451],[25,0],[0,-32],[-25,0]],[[8587,3419],[0,32]],[[8824,3451],[13,0],[0,-32]],[[8837,3419],[-13,0]],[[8824,3419],[0,32]],[[9012,3484],[12,0],[0,-65]],[[9024,3419],[-25,0],[0,32]],[[8999,3451],[13,0]],[[9012,3451],[0,33]],[[9087,3419],[-25,0],[0,32],[25,0],[0,-32]],[[3637,3484],[13,0],[0,-97]],[[3650,3387],[-13,0]],[[3637,3387],[0,97]],[[2950,3451],[0,-64]],[[2950,3387],[-13,0],[0,64],[13,0]],[[3162,3451],[0,33],[-25,0],[0,-33],[-50,0],[0,-32],[25,0],[0,-32],[-37,0],[0,32],[-13,0],[0,32],[13,0],[0,33],[-13,0],[0,32]],[[3062,3516],[-12,0],[0,-65],[-13,0],[0,129],[13,0],[0,33],[-13,0],[0,32],[25,0],[0,32],[75,0]],[[3137,3677],[0,97],[13,0],[0,-65],[12,0],[0,33],[13,0],[0,-33],[37,0],[0,-32],[-12,0],[0,-32],[12,0],[0,-65],[-25,0],[0,-32],[13,0],[0,-32],[-13,0],[0,-32],[-12,0],[0,-33],[-13,0]],[[3637,3451],[0,-64]],[[3637,3387],[-12,0]],[[3625,3387],[0,64],[12,0]],[[8949,3451],[13,0],[0,-64]],[[8962,3387],[-13,0]],[[8949,3387],[0,64]],[[9399,3451],[38,0],[0,-64]],[[9437,3387],[-13,0]],[[9424,3387],[0,32]],[[9424,3419],[-25,0]],[[9399,3419],[0,32]],[[3337,3419],[13,0],[0,-32],[-13,0],[0,32]],[[5662,3419],[12,0]],[[5674,3419],[0,-32]],[[5674,3387],[-12,0],[0,32]],[[5699,3419],[13,0],[0,-32],[-13,0],[0,32]],[[5862,3419],[0,-32]],[[5862,3387],[-13,0],[0,32]],[[6024,3419],[13,0],[0,-32],[-13,0],[0,32]],[[8149,3387],[-75,0]],[[8074,3387],[0,32],[75,0],[0,-32]],[[8324,3419],[13,0]],[[8337,3419],[0,-32],[-13,0],[0,32]],[[8349,3419],[13,0]],[[8362,3419],[0,-32],[-13,0],[0,32]],[[8387,3419],[12,0],[0,-32]],[[8399,3387],[-12,0],[0,32]],[[8474,3419],[13,0],[0,-32]],[[8487,3387],[-13,0],[0,32]],[[8499,3419],[25,0],[0,-32],[-25,0],[0,32]],[[8562,3451],[0,-64],[-25,0],[0,32]],[[8537,3419],[12,0]],[[8549,3419],[0,32],[13,0]],[[8587,3419],[0,-32],[-13,0],[0,32],[13,0]],[[8649,3516],[25,0],[0,-65],[-12,0],[0,-32],[-13,0],[0,-32],[-25,0],[0,32]],[[8824,3419],[0,-32]],[[8824,3387],[-12,0],[0,32],[12,0]],[[8837,3419],[0,-32]],[[8837,3387],[-13,0]],[[8837,3419],[25,0],[0,-32]],[[8862,3387],[-25,0]],[[9337,3419],[12,0],[0,-32]],[[9349,3387],[-12,0],[0,32]],[[9424,3387],[-12,0]],[[9412,3387],[0,32],[12,0]],[[9449,3419],[0,-32],[-12,0]],[[9437,3387],[0,32],[12,0]],[[8999,3742],[25,0]],[[9024,3709],[38,0],[0,-129]],[[9074,3580],[0,65],[25,0],[0,-32],[63,0]],[[9162,3645],[12,0],[0,-32],[13,0],[0,32]],[[9199,3645],[0,64],[38,0]],[[9224,3580],[-12,0],[0,-32],[-50,0]],[[9162,3516],[-13,0],[0,32],[-25,0],[0,32],[-12,0],[0,-64],[-13,0],[0,-65],[25,0],[0,-96]],[[9124,3355],[-12,0]],[[9112,3355],[0,32],[-13,0]],[[9099,3387],[0,32]],[[9099,3419],[-12,0]],[[9087,3419],[0,-64],[-13,0]],[[9074,3355],[0,32]],[[9074,3387],[-25,0]],[[9049,3387],[0,32],[-25,0]],[[9012,3451],[-25,0]],[[8987,3451],[0,33],[-13,0],[0,32],[-12,0]],[[8962,3516],[0,64]],[[8999,3645],[13,0]],[[9037,3580],[0,-129]],[[9049,3451],[0,129]],[[7937,3580],[75,0],[0,-32],[12,0]],[[8024,3516],[38,0],[0,32],[62,0]],[[8124,3548],[0,-32],[13,0]],[[8137,3484],[12,0]],[[8149,3451],[63,0],[0,-96]],[[8212,3355],[-25,0]],[[8187,3355],[0,32],[-13,0],[0,-32]],[[8174,3355],[-12,0]],[[8162,3355],[0,32],[-13,0]],[[8074,3387],[-12,0],[0,32],[-38,0]],[[7974,3451],[-25,0],[0,33],[-25,0]],[[8949,3613],[0,-65]],[[8962,3548],[0,-32]],[[8987,3451],[12,0]],[[8999,3451],[0,-96],[-12,0]],[[8987,3355],[0,32]],[[8987,3387],[-25,0]],[[8949,3451],[0,-32]],[[8949,3419],[-12,0]],[[8937,3419],[0,65]],[[9399,3419],[0,-64],[-37,0],[0,32],[-13,0]],[[9337,3419],[0,32]],[[9362,3484],[0,32],[12,0],[0,-32],[13,0],[0,-65],[12,0]],[[9199,3355],[-12,0]],[[9187,3355],[0,64],[12,0],[0,-64]],[[3250,3387],[12,0]],[[3262,3387],[0,-32]],[[3262,3355],[-12,0]],[[3250,3355],[0,32]],[[3750,3387],[12,0]],[[3762,3387],[0,-32]],[[3762,3355],[-12,0],[0,32]],[[3787,3387],[13,0],[0,-32],[-13,0],[0,32]],[[5474,3355],[-12,0],[0,32],[12,0],[0,-32]],[[6049,3387],[13,0],[0,-32],[-13,0],[0,32]],[[6099,3387],[0,-32]],[[6099,3355],[-12,0]],[[6087,3355],[0,32],[12,0]],[[6099,3387],[13,0],[0,-32]],[[6112,3355],[-13,0]],[[8162,3355],[-13,0],[0,32]],[[8187,3355],[-13,0]],[[8424,3387],[25,0],[0,-32]],[[8449,3355],[-25,0]],[[8424,3355],[0,32]],[[9049,3387],[13,0]],[[9062,3387],[0,-32]],[[9062,3355],[-13,0],[0,32]],[[9062,3387],[12,0]],[[9074,3355],[-12,0]],[[9112,3355],[-13,0]],[[9099,3355],[0,32]],[[9149,3355],[-25,0]],[[9124,3355],[0,32],[25,0],[0,-32]],[[8937,3451],[0,-32]],[[8949,3419],[0,-32]],[[8949,3387],[38,0]],[[8987,3355],[-13,0],[0,-33]],[[8974,3322],[-62,0]],[[8912,3322],[0,33]],[[8912,3355],[-25,0],[0,32],[-25,0]],[[8824,3451],[0,33],[38,0]],[[3762,3387],[13,0]],[[3775,3387],[0,-65],[-13,0]],[[3762,3322],[0,65]],[[9237,3322],[0,33],[-13,0]],[[9224,3355],[0,32],[25,0],[0,-65],[-12,0]],[[2962,3355],[0,-33],[-25,0],[0,33],[25,0]],[[3162,3451],[0,-32],[38,0],[0,-97]],[[3200,3322],[-63,0]],[[3137,3322],[0,33],[13,0],[0,96],[12,0]],[[3287,3355],[13,0],[0,-33],[-13,0]],[[3287,3322],[0,33]],[[3462,3355],[13,0],[0,-33],[-13,0],[0,33]],[[3662,3355],[13,0],[0,-33],[-13,0],[0,33]],[[5474,3355],[13,0],[0,-33],[-13,0],[0,33]],[[5999,3355],[13,0],[0,-33],[-13,0],[0,33]],[[8262,3355],[12,0],[0,-33],[-37,0],[0,33],[12,0]],[[8249,3355],[0,32],[13,0],[0,-32]],[[8437,3355],[12,0]],[[8449,3355],[0,-33]],[[8449,3322],[-12,0],[0,33]],[[8449,3355],[13,0],[0,-33]],[[8462,3322],[-13,0]],[[8537,3419],[0,-64],[-38,0]],[[8499,3355],[0,-33]],[[8499,3322],[-25,0]],[[8474,3322],[0,33],[13,0]],[[8487,3355],[0,129],[62,0],[0,-65]],[[8499,3355],[13,0],[0,-33],[-13,0]],[[8912,3322],[-13,0],[0,33],[13,0]],[[8987,3355],[0,-33],[-13,0]],[[9074,3355],[0,-33]],[[9074,3322],[-12,0],[0,33]],[[9149,3355],[0,-33]],[[9149,3322],[-25,0],[0,33]],[[9199,3355],[0,-33]],[[9199,3322],[-12,0],[0,33]],[[9237,3322],[-13,0],[0,33]],[[3562,3516],[0,-32],[13,0],[0,-65],[-13,0],[0,-32],[13,0],[0,-32],[-13,0],[0,-33]],[[3562,3322],[-12,0],[0,-32],[-50,0],[0,32],[-13,0],[0,194],[-12,0],[0,32]],[[2875,3387],[12,0],[0,-32],[13,0],[0,-33],[12,0],[0,33],[13,0],[0,-65]],[[2925,3290],[-38,0]],[[2887,3290],[0,32],[-12,0]],[[2875,3322],[0,65]],[[5424,3290],[-25,0]],[[5399,3290],[0,97]],[[5399,3387],[13,0]],[[5412,3387],[0,32],[25,0],[0,-32],[12,0],[0,-97],[-12,0],[0,32],[-13,0],[0,-32]],[[8324,3355],[0,-33],[-12,0]],[[8312,3322],[0,-32],[-13,0],[0,65],[25,0]],[[8424,3355],[13,0]],[[8449,3322],[0,-32]],[[8449,3290],[-25,0],[0,65]],[[9149,3322],[0,-32]],[[9149,3290],[-37,0]],[[9112,3290],[0,65]],[[3037,3322],[13,0]],[[3050,3322],[0,-32]],[[3050,3290],[-13,0],[0,32]],[[3050,3322],[12,0]],[[3062,3322],[0,-32]],[[3062,3290],[-12,0]],[[3562,3322],[13,0],[0,-32],[-13,0],[0,32]],[[9074,3322],[13,0]],[[9087,3322],[0,-32],[-13,0],[0,32]],[[9149,3322],[13,0],[0,-32]],[[9162,3290],[-13,0]],[[9449,3419],[25,0],[0,-32],[13,0],[0,-65],[12,0],[0,-32]],[[9499,3290],[-25,0]],[[9474,3290],[0,-32],[-25,0],[0,32],[-25,0],[0,32],[-12,0],[0,65]],[[9424,3387],[0,-32],[13,0],[0,32]],[[9099,3419],[0,-64]],[[9112,3290],[12,0]],[[9124,3290],[0,-32]],[[9124,3258],[-37,0],[0,64]],[[3400,3709],[25,0]],[[3475,3548],[-50,0],[0,-32]],[[3425,3516],[12,0],[0,-32],[25,0],[0,-33],[-12,0],[0,-32],[-13,0],[0,-32],[13,0],[0,-32],[-13,0],[0,-33],[-12,0],[0,33],[-13,0],[0,32],[-12,0],[0,-65],[-13,0],[0,33],[-75,0],[0,-97],[-12,0],[0,32],[-13,0]],[[3287,3290],[0,32]],[[3287,3355],[0,32]],[[3287,3387],[-25,0]],[[3262,3387],[0,32],[-12,0],[0,32],[37,0],[0,-32],[13,0],[0,32],[37,0],[0,33]],[[3337,3484],[25,0]],[[3350,3516],[0,32]],[[3350,3548],[-13,0],[0,65],[13,0],[0,32],[12,0],[0,32],[38,0],[0,32]],[[3387,3548],[0,-32]],[[3387,3451],[0,33]],[[6037,3322],[12,0],[0,-64],[-12,0],[0,64]],[[6074,3322],[13,0],[0,-32],[12,0],[0,-32],[-25,0],[0,64]],[[8337,3419],[12,0]],[[8362,3419],[25,0]],[[8399,3387],[0,64],[13,0]],[[8412,3419],[62,0]],[[8487,3387],[0,-32]],[[8474,3322],[13,0],[0,-32],[-38,0]],[[8462,3322],[0,65],[-38,0]],[[8424,3355],[-75,0],[0,-65]],[[8349,3290],[-12,0],[0,-32]],[[8337,3258],[-25,0],[0,64]],[[8324,3355],[-62,0]],[[8249,3355],[-37,0]],[[8212,3355],[0,64],[50,0],[0,32],[25,0],[0,-32],[37,0]],[[3062,3290],[0,-32]],[[3062,3258],[-12,0],[0,32]],[[3162,3290],[25,0],[0,-32],[-25,0],[0,32]],[[3600,3290],[12,0],[0,-32],[-12,0]],[[3600,3258],[0,32]],[[8349,3290],[0,32],[13,0],[0,-64],[-25,0]],[[8449,3290],[25,0],[0,-32],[-25,0],[0,32]],[[5949,3225],[-25,0],[0,194],[-12,0],[0,65],[25,0],[0,-33],[12,0],[0,-32],[-12,0],[0,-97],[12,0],[0,-32],[-12,0],[0,-32],[12,0],[0,-33]],[[5774,3258],[0,-33],[-25,0],[0,130],[-25,0],[0,32],[13,0],[0,64],[12,0],[0,-64],[25,0],[0,-32],[-12,0],[0,-97],[12,0]],[[5799,3225],[-12,0],[0,33],[-13,0]],[[5774,3258],[0,64],[13,0],[0,33],[12,0],[0,-130]],[[8449,3290],[0,-65],[-12,0]],[[8437,3225],[0,33]],[[8437,3258],[-25,0],[0,32],[37,0]],[[9199,3322],[0,-32],[13,0],[0,-32],[-38,0]],[[9174,3258],[0,-33]],[[9174,3225],[-12,0]],[[9162,3225],[0,33]],[[9162,3258],[-38,0]],[[9124,3290],[38,0]],[[9162,3290],[0,65],[25,0]],[[9499,3290],[0,-32],[-12,0]],[[9487,3258],[0,-33]],[[9487,3225],[-13,0],[0,65]],[[3250,3258],[0,-33]],[[3250,3225],[-13,0]],[[3237,3225],[0,33],[13,0]],[[3400,3258],[25,0],[0,-33],[-25,0],[0,33]],[[3875,3258],[12,0],[0,-33],[-12,0],[0,33]],[[5699,3258],[13,0],[0,-33],[-13,0],[0,33]],[[8399,3258],[0,-33],[-25,0],[0,33],[25,0]],[[9162,3225],[-13,0],[0,33],[13,0]],[[9174,3258],[25,0],[0,-33],[-25,0]],[[9249,3225],[-12,0],[0,33],[12,0],[0,-33]],[[3250,4225],[50,0]],[[3325,4161],[12,0]],[[3400,3871],[25,0]],[[3412,3709],[-12,0]],[[3350,3548],[0,-64]],[[3350,3484],[-13,0]],[[3262,3387],[-25,0]],[[3237,3387],[0,-32],[-25,0],[0,-33]],[[3212,3322],[-12,0]],[[3137,3322],[13,0]],[[3150,3322],[0,-64],[-25,0],[0,-33],[-25,0],[0,-32],[-13,0],[0,32],[-25,0]],[[3062,3225],[0,97]],[[3062,3322],[-37,0]],[[3025,3322],[0,33],[-13,0],[0,32],[-12,0],[0,32],[-13,0],[0,-97],[-12,0],[0,33],[-13,0]],[[2962,3355],[0,64],[-12,0]],[[2950,3419],[0,65]],[[3025,3677],[12,0]],[[3037,3677],[0,32],[25,0],[0,97]],[[3062,3806],[63,0]],[[3275,3903],[37,0]],[[3250,4193],[0,32]],[[8974,3225],[-12,0],[0,-32],[-25,0]],[[8937,3193],[0,97],[25,0],[0,-32],[12,0],[0,-33]],[[8399,3258],[38,0]],[[8437,3225],[-13,0],[0,-32],[-25,0],[0,65]],[[9487,3258],[25,0],[0,-65],[-13,0]],[[9499,3193],[0,32],[-12,0]],[[9624,3225],[-12,0],[0,-32]],[[9612,3193],[-13,0],[0,65],[25,0],[0,-33]],[[3062,3225],[0,-32],[-25,0]],[[3037,3193],[0,32],[25,0]],[[3600,3225],[0,-32]],[[3600,3193],[-13,0]],[[3587,3193],[0,32],[13,0]],[[3600,3225],[12,0],[0,-32]],[[3612,3193],[-12,0]],[[3700,3225],[12,0],[0,-32],[-12,0],[0,32]],[[5949,3225],[13,0],[0,-32]],[[5962,3193],[-13,0]],[[5949,3193],[0,32]],[[8674,3225],[13,0],[0,-32]],[[8687,3193],[-13,0],[0,32]],[[9249,3225],[13,0],[0,-32],[-13,0]],[[9249,3193],[0,32]],[[9499,3193],[-12,0],[0,32]],[[9624,3225],[0,-32]],[[9624,3193],[-12,0]],[[3212,3258],[13,0],[0,-33]],[[3225,3225],[25,0]],[[3250,3225],[0,-32]],[[3250,3193],[12,0]],[[3262,3193],[0,-32]],[[3262,3161],[-62,0]],[[3200,3161],[0,32],[12,0]],[[3212,3193],[0,65]],[[3262,3193],[13,0]],[[3275,3193],[0,-32]],[[3275,3161],[-13,0]],[[3537,3193],[13,0],[0,-32],[-13,0],[0,32]],[[5549,3193],[13,0],[0,-32],[-13,0],[0,32]],[[5887,3193],[12,0],[0,-32],[-12,0],[0,32]],[[8649,3193],[13,0],[0,-32]],[[8662,3161],[-13,0],[0,32]],[[8687,3193],[12,0],[0,-32],[-12,0]],[[8687,3161],[0,32]],[[8787,3161],[-13,0],[0,32],[13,0],[0,-32]],[[9249,3193],[25,0],[0,32],[13,0],[0,-64],[-38,0],[0,32]],[[9449,3193],[0,-32],[-12,0],[0,32],[12,0]],[[3037,3193],[0,-64],[-12,0],[0,32],[-25,0],[0,64],[12,0],[0,-32],[25,0]],[[5399,3193],[13,0]],[[5412,3193],[0,-64]],[[5412,3129],[-13,0]],[[5399,3129],[0,64]],[[5487,3129],[0,32]],[[5487,3161],[-38,0]],[[5449,3161],[0,32]],[[5449,3193],[13,0],[0,32],[12,0],[0,33],[13,0],[0,-65],[12,0],[0,-64],[-12,0]],[[9449,3193],[13,0],[0,-64],[-13,0],[0,64]],[[9624,3193],[25,0],[0,-64],[-25,0],[0,64]],[[3287,3387],[0,-162]],[[3287,3225],[13,0],[0,-32],[12,0],[0,-32],[-25,0],[0,-32]],[[3287,3129],[-37,0]],[[3250,3129],[0,32]],[[3250,3161],[25,0]],[[3275,3193],[-25,0]],[[3250,3193],[0,65]],[[3237,3225],[-12,0]],[[3212,3258],[0,32]],[[3212,3290],[25,0],[0,32],[13,0],[0,-32],[12,0],[0,32],[13,0],[0,33]],[[3275,3355],[-13,0]],[[3862,3161],[0,-32]],[[3862,3129],[-12,0]],[[3850,3129],[0,32],[12,0]],[[5449,3161],[0,-32],[-12,0],[0,32],[12,0]],[[5949,3161],[13,0]],[[5962,3161],[0,-32]],[[5962,3129],[-13,0]],[[5949,3129],[0,32]],[[6362,3161],[12,0],[0,-32],[-12,0],[0,32]],[[3112,3161],[13,0]],[[3125,3161],[0,-65]],[[3125,3096],[-13,0]],[[3112,3096],[0,65]],[[5987,3161],[12,0],[0,-65]],[[5999,3096],[-12,0],[0,65]],[[8937,3129],[12,0],[0,-33],[-25,0]],[[8924,3096],[0,65],[13,0],[0,-32]],[[2850,3129],[12,0]],[[2862,3129],[0,-33],[-12,0],[0,33]],[[3050,3129],[12,0],[0,-33],[-12,0],[0,33]],[[3125,3129],[12,0]],[[3137,3129],[0,-33]],[[3137,3096],[-12,0]],[[3125,3096],[0,33]],[[3400,3129],[12,0],[0,-33],[-12,0],[0,33]],[[3587,3129],[13,0],[0,-33],[-13,0],[0,33]],[[5762,3129],[12,0],[0,-33],[-12,0],[0,33]],[[5862,3129],[12,0],[0,-33],[-12,0],[0,33]],[[5912,3129],[12,0],[0,-33],[-12,0],[0,33]],[[8687,3096],[0,33],[12,0],[0,-33],[-12,0]],[[8774,3129],[13,0],[0,-33],[-13,0],[0,33]],[[3012,4225],[0,-32]],[[3112,4322],[-12,0]],[[3112,4387],[25,0]],[[3137,4096],[0,33]],[[3125,4129],[0,32]],[[3112,4161],[0,-32]],[[3062,4096],[0,-129]],[[3050,3806],[12,0]],[[3037,3677],[-37,0]],[[2950,3516],[0,-65]],[[2950,3387],[0,32]],[[3025,3322],[12,0]],[[3062,3258],[0,-33]],[[3150,3322],[62,0]],[[3237,3387],[13,0]],[[3250,3355],[25,0]],[[3212,3290],[0,-97]],[[3200,3161],[50,0]],[[3250,3161],[0,-65]],[[3250,3096],[-25,0],[0,-32]],[[3225,3064],[-13,0]],[[3212,3064],[0,32],[-25,0],[0,33],[-12,0],[0,-33],[-25,0],[0,-32],[-13,0]],[[3137,3064],[0,65]],[[3125,3129],[0,32]],[[3112,3161],[0,-32]],[[3112,3129],[-12,0],[0,-33]],[[3100,3096],[-25,0]],[[3075,3096],[0,-32]],[[3075,3064],[-63,0]],[[3012,3064],[0,32],[-12,0]],[[3000,3096],[0,33]],[[3000,3129],[-13,0],[0,64],[-37,0],[0,32],[-50,0]],[[2900,3225],[0,65]],[[2900,3290],[25,0]],[[2875,3387],[0,-32]],[[2875,3355],[-13,0],[0,64],[-12,0],[0,65],[-13,0],[0,64],[13,0],[0,32],[-13,0],[0,33]],[[2837,3613],[-25,0]],[[2812,3645],[-12,0]],[[2800,3645],[0,97]],[[2800,3742],[12,0],[0,64],[13,0],[0,129]],[[2825,3935],[12,0]],[[2837,3935],[0,97]],[[2862,4064],[0,32]],[[2925,4290],[25,0]],[[2950,4322],[12,0]],[[5987,3161],[-38,0]],[[5949,3161],[0,-97]],[[5949,3064],[-12,0]],[[5937,3064],[0,129]],[[5937,3193],[37,0]],[[5974,3193],[0,32],[25,0],[0,65],[25,0],[0,-97],[-37,0],[0,-32]],[[6187,3193],[25,0],[0,-64],[12,0],[0,32],[13,0],[0,-32],[25,0],[0,-65],[-25,0],[0,32],[-38,0],[0,33],[-12,0],[0,64]],[[8724,3161],[13,0]],[[8737,3161],[0,-65],[12,0],[0,-32],[-25,0],[0,97]],[[5412,3129],[0,-33]],[[5412,3096],[12,0],[0,-32],[-25,0]],[[5399,3064],[0,65]],[[5962,3129],[0,-65]],[[5962,3064],[-13,0]],[[5949,3064],[0,65]],[[3112,3096],[25,0]],[[3137,3096],[0,-32]],[[3137,3064],[-25,0]],[[3112,3064],[0,32]],[[3700,3096],[12,0],[0,-32],[-12,0],[0,32]],[[5487,3096],[0,-32]],[[5487,3064],[-13,0]],[[5474,3064],[0,32],[13,0]],[[6399,3064],[-12,0]],[[6387,3064],[0,32],[12,0],[0,-32]],[[3000,3129],[0,-65]],[[3000,3064],[-25,0],[0,-32],[-13,0],[0,32],[-12,0],[0,32],[-13,0],[0,33],[-12,0],[0,64],[-25,0]],[[2900,3193],[0,32]],[[3375,3064],[-13,0]],[[3362,3064],[0,-32]],[[3362,3032],[-25,0]],[[3337,3032],[0,129],[-12,0],[0,64],[25,0],[0,-64],[12,0],[0,-32],[13,0],[0,-65]],[[8624,3129],[50,0],[0,-33]],[[8674,3096],[13,0]],[[8687,3096],[0,-32],[-13,0],[0,-32],[-12,0],[0,32],[-13,0],[0,-32],[-12,0],[0,32],[-13,0],[0,65]],[[8987,3129],[0,-65],[12,0],[0,-32]],[[8999,3032],[-25,0],[0,97],[13,0]],[[3525,3064],[-13,0],[0,-32]],[[3512,3032],[-12,0]],[[3500,3032],[0,32]],[[3500,3064],[-13,0],[0,32],[13,0],[0,33],[12,0],[0,-33],[13,0],[0,-32]],[[3825,3096],[25,0]],[[3850,3096],[0,-64]],[[3850,3032],[-13,0],[0,32],[-12,0]],[[3825,3064],[0,32]],[[5962,3096],[12,0],[0,-64],[-12,0]],[[5962,3032],[0,64]],[[3037,3064],[13,0]],[[3050,3064],[0,-32]],[[3050,3032],[-13,0]],[[3037,3032],[0,32]],[[3050,3064],[12,0]],[[3062,3064],[0,-32]],[[3062,3032],[-12,0]],[[3437,3064],[13,0],[0,-32],[-13,0],[0,32]],[[3525,3064],[0,-32]],[[3525,3032],[-13,0]],[[3525,3064],[12,0]],[[3537,3064],[0,-32]],[[3537,3032],[-12,0]],[[5787,3064],[12,0],[0,-32],[-12,0],[0,32]],[[6337,3064],[0,-32],[-13,0]],[[6324,3032],[0,32],[13,0]],[[8812,3000],[-25,0],[0,32],[-13,0],[0,32],[-12,0],[0,65],[-13,0],[0,32]],[[8749,3161],[38,0]],[[8787,3161],[0,64],[12,0],[0,-96],[13,0],[0,-33],[-13,0],[0,-64],[13,0],[0,-32]],[[3075,3096],[12,0]],[[3087,3096],[0,-32],[13,0],[0,-64]],[[3100,3000],[-13,0]],[[3087,3000],[0,32]],[[3087,3032],[-12,0]],[[3075,3032],[0,64]],[[3250,3129],[12,0]],[[3262,3129],[0,-33],[13,0],[0,-32],[12,0],[0,-32]],[[3287,3032],[-12,0],[0,-32]],[[3275,3000],[-13,0]],[[3262,3000],[0,32],[-12,0],[0,32]],[[3250,3064],[-25,0]],[[3250,3096],[0,33]],[[3850,3096],[50,0]],[[3900,3096],[0,-32],[-25,0],[0,-64]],[[3875,3000],[-13,0],[0,64],[-12,0]],[[3850,3064],[0,32]],[[5999,3096],[13,0],[0,33],[12,0],[0,32],[13,0],[0,-65],[-13,0],[0,-32],[25,0],[0,-64],[-37,0],[0,64],[-13,0],[0,32]],[[3287,3032],[0,-32],[-12,0]],[[3487,3000],[-12,0]],[[3475,3000],[0,32],[12,0],[0,-32]],[[5987,3032],[12,0],[0,-32],[-12,0],[0,32]],[[8724,3032],[13,0],[0,-32],[-13,0],[0,32]],[[3112,3129],[0,-65]],[[3112,3064],[13,0]],[[3125,3064],[0,-97]],[[3125,2967],[-13,0]],[[3112,2967],[0,33],[-12,0]],[[3087,3096],[13,0]],[[3062,3064],[13,0]],[[3075,3064],[0,-32]],[[3087,3032],[0,-65]],[[3087,2967],[-25,0]],[[3062,2967],[0,97]],[[8924,3064],[13,0],[0,-32],[12,0],[0,-32],[-12,0],[0,-33],[-13,0]],[[8924,2967],[0,97]],[[3612,3064],[0,-64]],[[3612,3000],[-12,0],[0,-33]],[[3600,2967],[-13,0]],[[3587,2967],[0,65],[13,0],[0,32],[12,0]],[[5449,3064],[13,0]],[[5462,3064],[0,-97]],[[5462,2967],[-25,0],[0,65],[12,0],[0,32]],[[3112,2967],[-12,0],[0,33]],[[3612,3000],[0,-33]],[[3612,2967],[-12,0]],[[3875,3000],[12,0],[0,-33],[-12,0],[0,33]],[[9637,3000],[12,0]],[[9649,3000],[0,-33],[-12,0]],[[9637,2967],[0,33]],[[6112,3129],[25,0],[0,-65]],[[6137,3064],[-13,0],[0,-129],[-12,0]],[[6112,2935],[0,129],[-13,0],[0,32],[13,0],[0,33]],[[187,3064],[38,0],[0,-32],[12,0],[0,-32],[25,0],[0,-65],[-12,0],[0,32],[-38,0],[0,33],[-25,0],[0,64]],[[3212,3064],[38,0]],[[3262,3000],[-50,0]],[[3212,3000],[0,-33],[-12,0],[0,-32],[-13,0],[0,32],[-12,0],[0,33],[-13,0],[0,-33],[-12,0],[0,65],[-13,0],[0,32]],[[3362,3064],[38,0]],[[3400,3064],[0,-32],[12,0],[0,-32],[-12,0],[0,-65],[-38,0],[0,32],[-12,0],[0,65]],[[3350,3032],[12,0]],[[3812,3032],[13,0]],[[3825,3032],[0,-97]],[[3825,2935],[-13,0]],[[3812,2935],[0,97]],[[2875,2967],[12,0],[0,-32]],[[2887,2935],[-12,0],[0,32]],[[3125,2967],[0,-32]],[[3125,2935],[-13,0],[0,32]],[[3512,2967],[13,0],[0,-32],[-13,0],[0,32]],[[3550,2967],[12,0],[0,-32],[-12,0],[0,32]],[[5337,2967],[12,0],[0,-32]],[[5349,2935],[-12,0],[0,32]],[[5462,2967],[12,0],[0,-32]],[[5474,2935],[-12,0]],[[5462,2935],[0,32]],[[5949,2967],[13,0],[0,-32],[-13,0],[0,32]],[[8662,2967],[12,0],[0,-32],[-12,0],[0,32]],[[8737,2935],[0,32],[25,0],[0,-32],[-25,0]],[[8987,2967],[12,0],[0,-32],[-12,0],[0,32]],[[3287,3032],[25,0],[0,-65],[-12,0],[0,-64],[-13,0],[0,32],[-12,0],[0,65]],[[3850,2967],[12,0],[0,-64],[-12,0],[0,64]],[[6399,2967],[0,-32],[13,0],[0,-32]],[[6412,2903],[-25,0],[0,64],[12,0]],[[3325,2903],[-13,0],[0,32],[13,0],[0,-32]],[[5737,2935],[25,0],[0,-32],[-25,0],[0,32]],[[5912,2935],[25,0],[0,-32],[-25,0],[0,32]],[[8487,2935],[12,0],[0,-32],[-12,0],[0,32]],[[8737,2935],[0,-32],[-13,0],[0,32],[13,0]],[[6112,2935],[0,-64],[-13,0],[0,64],[13,0]],[[8924,2935],[13,0],[0,-32],[12,0],[0,-32],[-25,0]],[[8924,2871],[0,64]],[[3325,2903],[12,0],[0,-32],[-12,0]],[[3325,2871],[0,32]],[[6124,2903],[13,0]],[[6137,2903],[0,-32],[-13,0],[0,32]],[[6274,2903],[0,-32],[-12,0]],[[6262,2871],[0,32],[12,0]],[[3137,2903],[38,0],[0,-65]],[[3175,2838],[-25,0]],[[3150,2838],[0,33]],[[3150,2871],[-13,0]],[[3137,2871],[0,32]],[[3662,2903],[13,0],[0,-32],[12,0],[0,-33],[-25,0],[0,65]],[[8587,2838],[-25,0],[0,33],[-13,0],[0,32],[13,0]],[[8562,2903],[0,64],[25,0],[0,-129]],[[8649,2903],[13,0],[0,-65],[-13,0],[0,65]],[[3325,2871],[0,-33]],[[3325,2838],[-25,0]],[[3300,2838],[0,33],[25,0]],[[6037,2838],[-13,0],[0,33],[13,0],[0,-33]],[[6237,2871],[0,-33]],[[6237,2838],[-13,0]],[[6224,2838],[0,33],[13,0]],[[6237,2871],[25,0]],[[6262,2871],[0,-33]],[[6262,2838],[-25,0]],[[6324,2871],[13,0],[0,-33],[-13,0],[0,33]],[[9687,2838],[-13,0]],[[9674,2838],[0,33],[13,0],[0,-33]],[[3875,2935],[12,0],[0,-129],[-12,0],[0,129]],[[3150,2871],[0,-65]],[[3150,2806],[-13,0]],[[3137,2806],[0,65]],[[5699,4258],[-25,0]],[[5724,4258],[13,0]],[[5737,4258],[0,-33],[25,0]],[[5774,4032],[0,-97]],[[5762,3935],[0,-97]],[[5762,3838],[-13,0]],[[5749,3709],[38,0]],[[5787,3709],[0,-64]],[[5787,3645],[25,0]],[[5824,3645],[13,0],[0,97],[12,0],[0,32],[38,0],[0,-32],[12,0],[0,-33],[13,0],[0,-64],[-25,0],[0,-32],[12,0],[0,-33],[-12,0],[0,-32],[12,0],[0,-64],[-12,0],[0,-33]],[[5887,3451],[-13,0],[0,-96],[-12,0]],[[5862,3355],[0,129]],[[5849,3419],[-25,0]],[[5824,3419],[0,-32],[-12,0],[0,-32],[12,0],[0,-33],[13,0],[0,-32],[-13,0],[0,-32],[25,0],[0,-33],[-50,0]],[[5799,3225],[0,-96],[13,0],[0,-33],[12,0],[0,-32],[13,0],[0,-64],[-88,0],[0,-33],[-37,0],[0,-32],[-13,0],[0,-32],[-12,0],[0,-32],[12,0],[0,-33],[-12,0],[0,-32],[-38,0],[0,32],[-12,0],[0,33],[12,0],[0,64],[13,0],[0,32],[-13,0],[0,65],[-12,0],[0,32],[-13,0],[0,65],[13,0],[0,32],[-13,0],[0,32],[-12,0],[0,32],[-13,0],[0,-32],[-25,0],[0,-129],[25,0],[0,-97],[13,0],[0,-32],[-13,0],[0,-64],[-37,0],[0,32],[-13,0],[0,32],[-25,0],[0,-32],[-37,0],[0,32]],[[5487,2935],[-13,0]],[[5462,3064],[25,0]],[[5487,3064],[0,65]],[[5449,3193],[0,32]],[[5449,3225],[-37,0],[0,65]],[[5412,3290],[12,0]],[[5412,3387],[-25,0]],[[5387,3387],[0,64]],[[5387,3451],[37,0]],[[5424,3451],[0,129]],[[5437,3613],[-13,0]],[[5424,3677],[13,0]],[[5437,3677],[0,-32]],[[5449,3645],[0,32]],[[5462,3709],[-25,0]],[[5437,3709],[0,65]],[[5399,3774],[0,-32]],[[5337,3774],[0,-32]],[[5287,3838],[-38,0],[0,65]],[[5237,3903],[0,32]],[[5249,4000],[0,64]],[[5262,4064],[0,161]],[[5274,4258],[13,0]],[[5349,4322],[25,0]],[[5374,4322],[0,-32],[38,0],[0,-32],[12,0],[0,32],[13,0],[0,32],[37,0],[0,-32]],[[5474,4290],[13,0]],[[5499,4193],[25,0]],[[5524,4225],[38,0]],[[5599,4258],[-37,0]],[[5562,4258],[0,32],[50,0]],[[5612,4290],[0,64],[12,0],[0,33],[13,0],[0,32],[25,0],[0,-65],[-13,0],[0,-32],[38,0],[0,32],[12,0],[0,-32],[13,0],[0,-32],[-13,0],[0,-32]],[[5637,3419],[25,0]],[[5674,3387],[0,97]],[[5724,3645],[-37,0]],[[5687,3645],[0,129]],[[5699,3806],[-12,0]],[[5674,3838],[0,65]],[[9049,2806],[-12,0]],[[9037,2806],[0,65],[12,0],[0,-65]],[[12,2806],[-12,0]],[[0,2806],[0,32],[12,0],[0,-32]],[[2950,2838],[0,-32]],[[2950,2806],[-13,0],[0,32],[13,0]],[[3275,2806],[-25,0],[0,32],[25,0],[0,-32]],[[3312,2838],[13,0]],[[3325,2838],[0,-32]],[[3325,2806],[-13,0]],[[3312,2806],[0,32]],[[3325,2838],[12,0],[0,-32]],[[3337,2806],[-12,0]],[[3375,2838],[12,0],[0,-32]],[[3387,2806],[-12,0]],[[3375,2806],[0,32]],[[5574,2838],[13,0],[0,-32],[-13,0],[0,32]],[[6037,2838],[25,0]],[[6062,2838],[0,-32],[-25,0]],[[6037,2806],[0,32]],[[6124,2838],[0,-32],[-12,0]],[[6112,2806],[0,32],[12,0]],[[6287,2838],[12,0],[0,-32],[-12,0],[0,32]],[[8874,2838],[13,0],[0,-32],[-13,0],[0,32]],[[9962,2838],[0,-32],[-13,0]],[[9949,2806],[0,32],[13,0]],[[3175,2838],[0,-64]],[[3175,2774],[-13,0],[0,32]],[[3162,2806],[-12,0]],[[3150,2806],[0,32]],[[3175,2838],[12,0],[0,33],[13,0],[0,-97],[-25,0]],[[8874,2838],[0,-64],[-12,0]],[[8862,2774],[0,64],[12,0]],[[12,2806],[0,-32],[-12,0],[0,32]],[[3325,2806],[0,-32]],[[3325,2774],[-13,0]],[[3312,2774],[0,32]],[[3337,2806],[13,0],[0,-32]],[[3350,2774],[-13,0],[0,32]],[[3837,2838],[13,0],[0,-64],[-25,0],[0,32],[12,0],[0,32]],[[6037,2806],[0,-32],[-25,0],[0,32],[25,0]],[[6112,2806],[0,-32],[-13,0]],[[6099,2774],[0,32],[13,0]],[[6224,2774],[-12,0]],[[6212,2774],[0,32],[12,0],[0,-32]],[[6387,2774],[0,32],[12,0],[0,-32],[-12,0]],[[9962,2838],[25,0],[0,33],[12,0],[0,-97],[-50,0],[0,32]],[[3800,2871],[0,-33]],[[3800,2838],[12,0],[0,-32],[-12,0],[0,-64],[-13,0]],[[3787,2742],[0,129],[13,0]],[[6062,2838],[12,0],[0,-32],[13,0],[0,-32]],[[6087,2774],[-13,0],[0,-32],[-75,0]],[[5999,2742],[0,96],[13,0],[0,65],[50,0],[0,32],[25,0],[0,-32],[-13,0],[0,-32],[-12,0],[0,-33]],[[3350,2774],[0,-32]],[[3350,2742],[-25,0]],[[3325,2742],[0,64]],[[3375,2806],[50,0]],[[3425,2806],[0,-32]],[[3425,2774],[-13,0],[0,-32]],[[3412,2742],[-25,0]],[[3387,2742],[0,32],[-12,0]],[[3375,2774],[0,32]],[[3587,2871],[0,-33]],[[3587,2838],[13,0],[0,-64]],[[3600,2774],[-13,0],[0,-32]],[[3587,2742],[-62,0]],[[3525,2742],[0,64],[25,0],[0,32],[12,0],[0,65],[13,0],[0,-32],[12,0]],[[25,2774],[12,0],[0,-32],[-12,0],[0,32]],[[3325,2774],[0,-32]],[[3325,2742],[-13,0]],[[3312,2742],[0,32]],[[3425,2774],[0,-32]],[[3425,2742],[-13,0]],[[3475,2774],[0,-32]],[[3475,2742],[-13,0],[0,32],[13,0]],[[3600,2774],[0,-32]],[[3600,2742],[-13,0]],[[3600,2774],[12,0],[0,-32]],[[3612,2742],[-12,0]],[[6374,2774],[13,0]],[[6387,2774],[0,-32],[-13,0],[0,32]],[[8574,2774],[13,0],[0,-32],[-13,0],[0,32]],[[8712,2742],[-13,0],[0,32],[13,0],[0,-32]],[[9687,2838],[0,-129],[-25,0],[0,97],[-25,0],[0,65],[-13,0],[0,32],[-12,0],[0,64],[25,0]],[[9637,2967],[0,-32],[12,0],[0,65]],[[9637,3000],[0,32],[25,0],[0,-97],[12,0],[0,-97]],[[9012,2774],[-13,0],[0,-32],[-37,0],[0,-33],[-13,0],[0,65],[13,0],[0,64],[12,0],[0,33],[13,0],[0,-33],[12,0],[0,-32],[13,0],[0,-32]],[[3337,2742],[25,0]],[[3362,2742],[0,-33]],[[3362,2709],[-25,0]],[[3337,2709],[0,33]],[[3400,2742],[12,0]],[[3412,2742],[0,-33],[-12,0],[0,33]],[[3612,2742],[13,0],[0,-33],[-13,0]],[[3612,2709],[0,33]],[[3787,2742],[0,-33]],[[3787,2709],[-12,0]],[[3775,2709],[0,33],[12,0]],[[3912,2742],[13,0],[0,-33],[-13,0],[0,33]],[[5849,2709],[0,33],[13,0],[0,-33],[-13,0]],[[8387,2742],[25,0],[0,-33]],[[8412,2709],[-25,0],[0,33]],[[8712,2742],[12,0],[0,-33]],[[8724,2709],[-12,0],[0,33]],[[8849,2742],[13,0],[0,-33],[-13,0],[0,33]],[[5849,2709],[0,-32],[-25,0],[0,129],[25,0],[0,-32],[-12,0],[0,-65],[12,0]],[[9962,2677],[-50,0],[0,65],[12,0],[0,32],[38,0],[0,-97]],[[9962,2677],[0,65],[12,0],[0,32],[13,0],[0,-97],[-25,0]],[[3337,2709],[0,-32],[-25,0],[0,32],[25,0]],[[3350,2709],[12,0]],[[3362,2709],[0,-32]],[[3362,2677],[-12,0]],[[3350,2677],[0,32]],[[3362,2709],[25,0],[0,-32]],[[3387,2677],[-25,0]],[[3775,2709],[0,-32],[-13,0],[0,32],[13,0]],[[5912,2709],[12,0],[0,-32],[-12,0],[0,32]],[[5987,2677],[-13,0]],[[5974,2677],[0,32],[13,0],[0,-32]],[[8612,2709],[12,0],[0,-32],[-12,0],[0,32]],[[9074,2677],[-12,0]],[[9062,2677],[0,32],[12,0],[0,-32]],[[8449,2806],[13,0],[0,-32],[12,0],[0,-32],[13,0],[0,-33],[12,0],[0,-64],[-25,0],[0,32],[-25,0],[0,32],[-25,0],[0,97],[-12,0],[0,-32],[-13,0]],[[8399,2774],[0,64],[25,0],[0,33],[25,0],[0,-65]],[[9049,2806],[13,0],[0,-129]],[[9074,2677],[0,-32],[-25,0]],[[9049,2645],[0,64],[-12,0]],[[9037,2709],[0,65]],[[9037,2774],[12,0],[0,32]],[[3787,2709],[13,0]],[[3800,2709],[0,-64]],[[3800,2645],[-13,0]],[[3787,2645],[0,64]],[[8537,2709],[50,0],[0,-32],[-13,0],[0,-32],[-12,0],[0,32],[-25,0],[0,32]],[[9049,2645],[-12,0]],[[9037,2645],[0,64]],[[162,2677],[13,0],[0,-32],[-13,0],[0,32]],[[3125,2677],[12,0],[0,-32],[-12,0],[0,32]],[[3387,2677],[13,0],[0,-32],[-13,0],[0,32]],[[3587,2677],[13,0]],[[3600,2677],[0,-32]],[[3600,2645],[-13,0]],[[3587,2645],[0,32]],[[3587,2903],[13,0],[0,-32],[37,0],[0,-65],[25,0],[0,-97],[25,0]],[[3687,2709],[0,-32]],[[3687,2677],[-50,0],[0,-32],[-37,0]],[[3600,2677],[12,0]],[[3612,2677],[0,32]],[[3587,2838],[0,65]],[[5449,2677],[13,0],[0,-32],[-13,0],[0,32]],[[5987,2677],[12,0],[0,-32],[-12,0],[0,32]],[[5974,2677],[0,-64],[-12,0],[0,64],[12,0]],[[3187,2645],[13,0],[0,-32],[-13,0],[0,32]],[[3212,2645],[13,0],[0,-32],[-13,0]],[[3212,2613],[0,32]],[[3600,2645],[0,-32]],[[3600,2613],[-13,0]],[[3587,2613],[0,32]],[[3687,2645],[13,0],[0,-32],[-13,0],[0,32]],[[5712,2645],[50,0],[0,-32],[-50,0],[0,32]],[[9962,2677],[0,-64],[-25,0],[0,32],[12,0],[0,32],[13,0]],[[8724,2709],[13,0],[0,-32],[25,0],[0,65],[12,0],[0,-65],[13,0],[0,-97],[-13,0],[0,65],[-12,0],[0,-32],[-13,0],[0,32],[-25,0],[0,64]],[[9712,2580],[-25,0],[0,97],[25,0],[0,-97]],[[8387,2645],[0,-32],[25,0],[0,-33],[-50,0]],[[8362,2580],[0,65],[25,0]],[[3037,2613],[13,0]],[[3050,2613],[0,-33],[-13,0],[0,33]],[[3112,2580],[-12,0],[0,33],[12,0],[0,-33]],[[3887,2580],[-25,0],[0,33],[25,0],[0,-33]],[[5774,2613],[13,0],[0,-33],[-13,0],[0,33]],[[5824,2613],[13,0],[0,-33],[-13,0],[0,33]],[[5924,2580],[0,33],[13,0],[0,-33],[-13,0]],[[8799,2613],[13,0],[0,-33],[-13,0],[0,33]],[[9099,2580],[0,33],[13,0],[0,-33],[-13,0]],[[6212,2742],[12,0],[0,-65],[13,0],[0,-64],[12,0],[0,-65],[-12,0],[0,32],[-13,0]],[[6224,2580],[0,65],[-12,0],[0,97]],[[3687,2742],[25,0]],[[3712,2742],[0,-97]],[[3712,2645],[13,0],[0,-65],[-13,0],[0,-32]],[[3712,2548],[-12,0]],[[3700,2548],[0,32]],[[3700,2580],[-38,0]],[[3662,2580],[0,33]],[[3662,2613],[-62,0]],[[3687,2677],[0,65]],[[3250,2548],[0,32],[12,0],[0,-32],[-12,0]],[[3662,2580],[25,0]],[[3687,2580],[0,-32]],[[3687,2548],[-25,0]],[[3662,2548],[0,32]],[[3687,2580],[13,0]],[[3700,2548],[-13,0]],[[3887,2580],[13,0]],[[3900,2580],[0,-32],[-13,0]],[[3887,2548],[0,32]],[[5924,2580],[0,-32],[-12,0],[0,32],[12,0]],[[8299,2580],[0,-32]],[[8299,2548],[-12,0],[0,32],[12,0]],[[9137,2580],[12,0],[0,-32]],[[9149,2548],[-12,0],[0,32]],[[9712,2580],[12,0],[0,-32],[-12,0],[0,32]],[[3800,2645],[0,-129]],[[3800,2516],[-13,0],[0,129]],[[8887,2645],[25,0],[0,-129],[-13,0],[0,64],[-12,0],[0,65]],[[3112,2580],[25,0],[0,-64],[-12,0],[0,32],[-13,0],[0,32]],[[3187,2580],[13,0]],[[3200,2580],[0,-64]],[[3200,2516],[-13,0]],[[3187,2516],[0,64]],[[3200,2580],[12,0]],[[3212,2580],[0,-64]],[[3212,2516],[-12,0]],[[6587,2580],[12,0],[0,-64],[-12,0],[0,64]],[[3600,2548],[12,0]],[[3612,2548],[0,-32],[-12,0],[0,32]],[[8924,2548],[13,0],[0,-32],[-13,0],[0,32]],[[8962,2516],[-13,0],[0,32],[13,0],[0,-32]],[[8824,2645],[38,0],[0,-32],[12,0],[0,-33],[-12,0],[0,-96],[-38,0],[0,161]],[[3475,2806],[12,0],[0,-32],[13,0],[0,-32],[12,0],[0,-33],[-12,0],[0,-96],[-13,0],[0,-97],[-12,0],[0,-32],[-25,0],[0,32],[-13,0],[0,-32],[-12,0]],[[3425,2484],[0,32],[-13,0]],[[3412,2516],[0,64],[13,0],[0,-32],[25,0],[0,32],[12,0],[0,33],[13,0]],[[3475,2613],[0,193]],[[3312,2613],[38,0],[0,-97],[-13,0]],[[3337,2516],[0,-32]],[[3337,2484],[-37,0],[0,64],[12,0]],[[3312,2548],[0,65]],[[3687,2548],[0,-64],[-12,0]],[[3675,2484],[0,32],[-13,0],[0,32]],[[3875,2516],[0,-32]],[[3875,2484],[-38,0]],[[3837,2484],[0,64],[25,0],[0,-32],[13,0]],[[3875,2548],[12,0]],[[3887,2548],[0,-64],[-12,0]],[[3875,2484],[0,64]],[[5674,2484],[-12,0],[0,64],[12,0],[0,-64]],[[8724,2548],[13,0],[0,-64],[-13,0],[0,64]],[[3212,2516],[13,0],[0,-32],[-13,0]],[[3212,2484],[0,32]],[[3412,2516],[0,-32]],[[3412,2484],[-12,0],[0,32],[12,0]],[[3425,2484],[-13,0]],[[3512,2484],[-12,0],[0,32],[12,0],[0,-32]],[[3637,2516],[13,0],[0,-32],[-13,0],[0,32]],[[3700,2516],[12,0],[0,-32],[-12,0],[0,32]],[[5987,2484],[-13,0]],[[5974,2484],[0,32],[13,0],[0,-32]],[[8962,2516],[25,0],[0,-32],[-25,0],[0,32]],[[8999,2516],[13,0],[0,-32],[-13,0],[0,32]],[[9124,2580],[13,0]],[[9149,2548],[0,-97]],[[9149,2451],[-12,0],[0,33],[-13,0],[0,96]],[[3250,2548],[0,-97],[-13,0],[0,97],[13,0]],[[137,2516],[0,-65]],[[137,2451],[-12,0],[0,65],[12,0]],[[137,2516],[13,0],[0,-65],[-13,0]],[[6524,2516],[38,0],[0,-65],[-38,0],[0,65]],[[3675,2484],[0,-33]],[[3675,2451],[-13,0]],[[3662,2451],[0,33],[13,0]],[[8199,2451],[-12,0],[0,33],[12,0],[0,-33]],[[8749,2484],[13,0],[0,-33],[-13,0],[0,33]],[[9162,2451],[-13,0]],[[9149,2451],[0,33],[13,0],[0,-33]],[[9662,2451],[-25,0]],[[9637,2451],[0,97],[12,0],[0,-32],[13,0],[0,-32],[12,0],[0,-65],[-12,0],[0,32]],[[3350,2484],[37,0],[0,-65],[-37,0],[0,65]],[[3425,2484],[0,-65],[-13,0],[0,65]],[[5674,2484],[25,0],[0,64],[13,0],[0,-32],[12,0],[0,-65],[-12,0],[0,-32],[-25,0],[0,32],[-13,0],[0,33]],[[8274,2419],[-25,0],[0,65],[13,0],[0,-33],[12,0],[0,-32]],[[3337,2451],[0,-32]],[[3337,2419],[-12,0]],[[3325,2419],[0,32],[12,0]],[[3687,2451],[13,0]],[[3700,2451],[0,-32]],[[3700,2419],[-13,0]],[[3687,2419],[0,32]],[[3825,2451],[0,-32]],[[3825,2419],[-13,0]],[[3812,2419],[0,32],[13,0]],[[8162,2451],[0,-32],[-13,0]],[[8149,2419],[0,32],[13,0]],[[9162,2451],[0,-32],[-13,0],[0,32]],[[5324,2903],[25,0],[0,-194],[13,0],[0,-96],[12,0],[0,-33],[13,0],[0,-32],[12,0],[0,-32],[13,0],[0,-97],[12,0],[0,-32],[-25,0]],[[5399,2387],[0,97]],[[5399,2484],[-37,0],[0,64],[-13,0],[0,65],[-12,0],[0,32],[-13,0],[0,258]],[[9637,2451],[0,-32],[12,0],[0,-32],[-50,0],[0,32],[-12,0],[0,32],[-13,0],[0,33],[-12,0],[0,32],[-13,0],[0,64],[25,0],[0,-32],[13,0],[0,-32],[12,0],[0,-32],[25,0],[0,-33],[13,0]],[[3625,2548],[37,0]],[[3662,2451],[-12,0]],[[3650,2451],[0,-64],[-13,0],[0,32],[-12,0],[0,129]],[[5399,2387],[-12,0],[0,32],[-13,0],[0,65],[25,0]],[[3287,2580],[25,0]],[[3312,2580],[0,-32]],[[3337,2484],[0,-33]],[[3325,2419],[-13,0]],[[3312,2419],[0,-32]],[[3312,2387],[-12,0]],[[3300,2387],[0,32]],[[3300,2419],[-38,0]],[[3262,2419],[0,32],[13,0],[0,97],[12,0]],[[3287,2548],[0,32]],[[3762,2451],[0,-64]],[[3762,2387],[-12,0],[0,64],[12,0]],[[3275,2419],[25,0]],[[3300,2387],[-25,0],[0,32]],[[3862,2419],[0,-32],[-12,0]],[[3850,2387],[0,32],[12,0]],[[6337,2419],[12,0]],[[6349,2419],[0,-32],[-12,0],[0,32]],[[8274,2419],[25,0],[0,-32],[-25,0]],[[8274,2387],[0,32]],[[3037,2419],[0,32],[13,0],[0,33],[-13,0],[0,64],[13,0],[0,-32]],[[3050,2516],[25,0],[0,32],[-13,0],[0,65],[25,0],[0,-226],[-12,0],[0,-32],[-25,0],[0,64],[-13,0]],[[9662,2451],[0,-96],[-13,0],[0,96],[13,0]],[[9187,2419],[12,0],[0,-64]],[[9199,2355],[-12,0]],[[9187,2355],[0,64]],[[3850,2387],[0,-32],[-13,0]],[[3837,2355],[0,32],[13,0]],[[8274,2387],[0,-32],[-12,0],[0,32],[12,0]],[[8737,2387],[25,0],[0,-32],[-25,0],[0,32]],[[3250,2419],[25,0]],[[3300,2387],[0,-32]],[[3300,2355],[-25,0]],[[3275,2355],[0,-33],[-13,0]],[[3262,2322],[0,33],[-12,0],[0,64]],[[8212,2451],[12,0],[0,-64],[13,0],[0,-32],[-38,0],[0,-33],[-12,0],[0,33],[-38,0]],[[8149,2355],[0,64]],[[8162,2451],[37,0]],[[8199,2451],[0,97],[13,0],[0,-97]],[[3312,2387],[0,-65]],[[3312,2322],[-25,0]],[[3287,2322],[0,33]],[[3287,2355],[13,0]],[[3562,2355],[25,0],[0,-33],[-25,0],[0,33]],[[3837,2355],[0,-33],[-12,0]],[[3825,2322],[0,33],[12,0]],[[8299,2580],[25,0]],[[8324,2580],[0,-32],[13,0],[0,-32],[12,0],[0,-32],[13,0],[0,-33],[-13,0],[0,-32],[-12,0],[0,-97],[-38,0],[0,33],[25,0],[0,32],[-12,0],[0,64],[-13,0],[0,65],[-25,0],[0,32]],[[8274,2548],[25,0]],[[9199,2355],[0,-33],[-12,0]],[[9187,2322],[0,33]],[[3025,2355],[12,0],[0,-65],[-12,0],[0,65]],[[3475,2290],[-13,0],[0,65],[13,0],[0,-65]],[[3825,2484],[50,0]],[[3875,2484],[0,-33],[-13,0],[0,-32]],[[3825,2322],[-63,0]],[[3762,2322],[0,-32]],[[3762,2290],[-12,0],[0,65]],[[3750,2355],[12,0]],[[3762,2355],[0,64]],[[3762,2419],[63,0]],[[3825,2419],[0,65]],[[8712,2355],[12,0],[0,-65],[-12,0],[0,65]],[[3112,2290],[-25,0],[0,32],[25,0],[0,-32]],[[3662,2322],[13,0],[0,-32]],[[3675,2290],[-13,0],[0,32]],[[3737,2322],[0,-32]],[[3737,2290],[-12,0]],[[3725,2290],[0,32],[12,0]],[[3762,2322],[13,0],[0,-32],[-13,0]],[[5862,2322],[12,0],[0,-32],[-12,0],[0,32]],[[5999,2322],[0,-32]],[[5999,2290],[-12,0],[0,32],[12,0]],[[8987,2387],[25,0],[0,-32],[12,0],[0,-97],[-12,0],[0,32],[-13,0],[0,65],[-12,0],[0,32]],[[3862,3193],[13,0],[0,-32],[25,0],[0,-32],[12,0],[0,-33],[13,0],[0,33],[12,0],[0,32],[13,0],[0,32],[12,0]],[[3962,3193],[0,-97],[-12,0],[0,-32],[-13,0],[0,-32],[-12,0],[0,-258],[-13,0],[0,-97],[-12,0],[0,-97]],[[3875,2548],[0,-32]],[[3837,2484],[-12,0]],[[3825,2484],[0,-33]],[[3812,2419],[-50,0]],[[3762,2419],[0,32]],[[3762,2387],[0,-32]],[[3750,2355],[0,-97],[-13,0]],[[3737,2258],[0,64]],[[3725,2290],[-13,0],[0,65],[-12,0],[0,-33],[-13,0]],[[3687,2322],[0,-32]],[[3687,2290],[-12,0]],[[3662,2322],[0,33],[13,0],[0,64]],[[3675,2419],[25,0]],[[3700,2451],[-25,0]],[[3687,2548],[25,0]],[[3712,2645],[0,32]],[[3712,2677],[25,0],[0,-32],[13,0],[0,-32],[25,0],[0,32],[12,0]],[[3800,2516],[0,193]],[[3800,2838],[0,65]],[[3800,2903],[12,0]],[[3812,2903],[0,32]],[[3825,2935],[0,129]],[[3850,3032],[0,32]],[[3900,3096],[-63,0]],[[3837,3096],[0,33]],[[3837,3129],[25,0]],[[3862,3129],[0,64]],[[3275,2355],[12,0]],[[3287,2322],[13,0]],[[3300,2322],[0,-64]],[[3300,2258],[-25,0]],[[3275,2258],[0,32]],[[3275,2290],[-13,0],[0,32]],[[3562,2548],[38,0]],[[3612,2548],[13,0]],[[3650,2451],[37,0]],[[3687,2419],[-12,0]],[[3662,2322],[-12,0],[0,-32],[-13,0],[0,-32],[-12,0],[0,64],[12,0],[0,33],[-25,0],[0,32],[-37,0],[0,32],[-13,0],[0,-32],[-12,0]],[[3550,2387],[0,129]],[[3550,2516],[12,0],[0,32]],[[3725,2290],[0,-32]],[[3725,2258],[-38,0]],[[3687,2258],[0,64]],[[6199,2322],[13,0]],[[6212,2322],[0,-64],[-13,0],[0,64]],[[3475,2290],[12,0]],[[3487,2290],[0,-32]],[[3487,2258],[-12,0],[0,32]],[[3687,2290],[0,-32]],[[3687,2258],[-12,0],[0,32]],[[3737,2290],[0,-32]],[[3737,2258],[-12,0]],[[9137,2290],[12,0],[0,-32],[-12,0],[0,32]],[[3250,2258],[12,0],[0,-32],[-12,0],[0,32]],[[3300,2258],[25,0],[0,-32],[-25,0]],[[3300,2226],[0,32]],[[3687,2258],[13,0],[0,-32],[-13,0]],[[3687,2226],[0,32]],[[5637,2226],[0,32],[12,0],[0,-32],[-12,0]],[[5662,2258],[12,0],[0,-32],[-12,0],[0,32]],[[9262,2226],[-13,0]],[[9249,2226],[0,32],[13,0],[0,-32]],[[3512,2484],[25,0]],[[3537,2484],[0,-65]],[[3537,2419],[-25,0],[0,-64],[-12,0],[0,-65]],[[3500,2290],[-25,0]],[[3487,2258],[0,-65]],[[3487,2193],[-12,0],[0,33],[-38,0],[0,64],[-25,0],[0,32],[13,0],[0,33],[12,0],[0,96],[13,0],[0,-64],[50,0],[0,32],[-13,0],[0,32],[25,0],[0,33]],[[3300,2258],[0,-65]],[[3300,2193],[-13,0],[0,33],[-12,0]],[[3275,2226],[0,32]],[[3537,2193],[-12,0]],[[3525,2193],[0,65],[12,0],[0,-65]],[[3562,2193],[0,33],[-12,0],[0,32],[25,0],[0,-65],[-13,0]],[[3662,2226],[13,0]],[[3675,2226],[0,-33]],[[3675,2193],[-13,0],[0,33]],[[3675,2226],[12,0]],[[3687,2226],[0,-33],[-12,0]],[[5962,2193],[-13,0]],[[5949,2193],[0,33],[13,0],[0,-33]],[[6399,3064],[0,-97]],[[6412,2903],[0,-65],[-25,0],[0,-64]],[[6374,2774],[0,-161],[-12,0],[0,-97],[-13,0],[0,-97]],[[6337,2419],[0,-129],[-13,0],[0,-64],[-12,0],[0,-33],[-25,0]],[[6287,2193],[0,33],[12,0],[0,32],[13,0],[0,32],[-13,0],[0,65],[13,0],[0,32],[-13,0],[0,32],[13,0],[0,97],[12,0],[0,64],[-12,0],[0,33],[12,0],[0,64],[13,0],[0,32],[12,0],[0,129],[13,0],[0,97],[-25,0],[0,32]],[[6337,2967],[-25,0],[0,33],[12,0],[0,32]],[[6337,3064],[12,0],[0,65],[38,0],[0,-65]],[[5849,2226],[13,0],[0,-65],[-13,0],[0,65]],[[9137,2226],[12,0],[0,-65],[-12,0],[0,65]],[[3337,2193],[13,0],[0,-32],[-13,0],[0,32]],[[3362,2193],[13,0],[0,-32],[-13,0],[0,32]],[[3537,2193],[0,-32],[-12,0],[0,32]],[[8462,2193],[25,0],[0,-32],[-25,0],[0,32]],[[8637,2193],[12,0],[0,-32],[-12,0],[0,32]],[[6287,2193],[12,0],[0,-32],[-37,0],[0,-32],[-13,0],[0,32],[-25,0],[0,32],[-12,0],[0,129]],[[6199,2322],[0,65],[-12,0],[0,32],[12,0],[0,65],[13,0],[0,64],[12,0],[0,32]],[[6212,2742],[0,32]],[[6224,2774],[0,64]],[[6224,2838],[38,0]],[[6274,2903],[13,0],[0,32],[12,0],[0,32],[38,0]],[[3562,3516],[25,0],[0,-65],[13,0],[0,-64],[12,0],[0,-65],[-12,0]],[[3600,3322],[0,-97]],[[3587,3193],[-12,0]],[[3575,3193],[0,32],[-13,0],[0,-96],[13,0],[0,-33],[-13,0],[0,-32]],[[3562,3064],[-37,0]],[[3500,3064],[0,-64]],[[3500,3000],[-13,0]],[[3475,3000],[-25,0]],[[3450,3000],[0,-33],[-25,0],[0,-64],[-13,0],[0,-97]],[[3412,2806],[-12,0]],[[3400,2806],[0,65],[-38,0],[0,-97],[-12,0]],[[3300,2838],[12,0]],[[3312,2838],[0,-64]],[[3312,2774],[-25,0],[0,32],[-12,0]],[[3275,2806],[0,-32],[-25,0],[0,-32],[12,0],[0,-33],[13,0],[0,-32],[12,0]],[[3287,2677],[0,-129]],[[3262,2419],[-12,0]],[[3262,2322],[-25,0],[0,-32],[-12,0],[0,-32],[12,0],[0,-65],[-37,0],[0,-64],[-13,0],[0,32],[-12,0],[0,97],[12,0],[0,64],[13,0],[0,97],[12,0]],[[3212,2419],[0,65]],[[3212,2516],[0,97]],[[3212,2645],[0,64]],[[3212,2709],[-12,0],[0,33],[-25,0],[0,32]],[[3137,2903],[0,-97]],[[3137,2806],[-25,0]],[[3112,2806],[0,65],[-12,0],[0,32],[-13,0]],[[3087,2903],[0,97]],[[3125,2935],[0,129]],[[3125,3064],[12,0]],[[3212,3000],[63,0]],[[3262,3129],[25,0]],[[3287,3225],[0,65]],[[3337,3032],[13,0]],[[3400,3064],[-25,0]],[[5599,2129],[-12,0],[0,32],[12,0],[0,-32]],[[5912,2161],[12,0],[0,-32]],[[5924,2129],[-12,0],[0,32]],[[3600,2226],[12,0],[0,-33],[13,0],[0,-32],[-25,0],[0,-64],[-13,0],[0,96],[13,0],[0,33]],[[3287,2161],[25,0],[0,-32],[-12,0],[0,-32],[-13,0],[0,64]],[[8487,2129],[12,0],[0,-32],[-12,0],[0,32]],[[8587,2129],[12,0],[0,-32],[-12,0],[0,32]],[[8662,2129],[12,0],[0,-32],[-12,0],[0,32]],[[3112,2290],[25,0],[0,-129],[-12,0],[0,-97]],[[3125,2064],[-13,0]],[[3112,2064],[0,65]],[[3112,2129],[-12,0]],[[3100,2129],[0,32],[-25,0],[0,97],[37,0],[0,32]],[[5637,2226],[0,-65],[-13,0],[0,-32],[-25,0]],[[5599,2129],[0,-65],[-12,0],[0,33],[-13,0],[0,32],[-25,0],[0,64],[13,0],[0,33],[-13,0],[0,32],[13,0],[0,32],[12,0],[0,-64],[25,0],[0,32],[25,0],[0,-32],[13,0]],[[3087,2129],[25,0]],[[3112,2064],[-12,0]],[[3100,2064],[0,33],[-13,0],[0,32]],[[5849,2129],[13,0],[0,-65],[-13,0],[0,65]],[[9262,2226],[0,-194]],[[9262,2032],[-25,0]],[[9237,2032],[0,65],[-13,0],[0,32],[13,0],[0,32],[12,0],[0,65]],[[8162,2097],[0,-65],[-13,0],[0,65],[13,0]],[[9274,2032],[-12,0]],[[9262,2032],[0,65],[12,0],[0,-65]],[[3512,2064],[0,-32]],[[3512,2032],[-12,0]],[[3500,2032],[0,32],[12,0]],[[3100,2064],[0,-64]],[[3100,2000],[-13,0]],[[3087,2000],[0,64],[13,0]],[[3025,2000],[-13,0]],[[3012,2000],[0,32],[13,0],[0,-32]],[[3462,2161],[38,0]],[[3500,2161],[0,-32],[12,0]],[[3512,2129],[0,-65]],[[3500,2032],[-25,0]],[[3475,2032],[0,-32]],[[3475,2000],[-25,0],[0,32],[12,0],[0,32],[-12,0],[0,97],[-13,0],[0,32],[25,0],[0,-32]],[[3162,2064],[25,0],[0,-96],[-12,0],[0,64],[-13,0],[0,32]],[[3500,2032],[0,-64],[-25,0]],[[3475,1968],[0,64]],[[3087,2000],[0,-32]],[[3087,1968],[-12,0]],[[3075,1968],[0,32],[12,0]],[[3412,2000],[13,0],[0,-32],[-13,0],[0,32]],[[5424,2000],[13,0],[0,-32]],[[5437,1968],[-13,0],[0,32]],[[5912,2000],[0,-32]],[[5912,1968],[-13,0]],[[5899,1968],[0,32],[13,0]],[[5424,2000],[0,32],[-12,0],[0,97],[-13,0],[0,193]],[[5399,2322],[13,0],[0,33],[12,0],[0,-65],[13,0],[0,-64],[12,0],[0,-162],[38,0],[0,-32],[12,0],[0,-64],[13,0],[0,-33],[-38,0],[0,33],[-37,0]],[[3537,2451],[13,0]],[[3550,2451],[0,-64]],[[3687,2226],[-25,0]],[[3675,2193],[0,-32],[-13,0],[0,-193],[-12,0],[0,-33],[-13,0],[0,33]],[[3637,1968],[-12,0],[0,32],[-13,0],[0,32],[-12,0],[0,32],[-50,0],[0,97],[12,0],[0,32]],[[3562,2193],[-25,0]],[[3525,2193],[-13,0],[0,-32]],[[3512,2161],[-25,0]],[[3487,2161],[0,129]],[[3487,2290],[13,0]],[[3537,2419],[0,32]],[[3100,2000],[0,-65]],[[3100,1935],[-13,0]],[[3087,1935],[0,65]],[[9087,2000],[0,-65],[-13,0],[0,65],[13,0]],[[3075,1968],[0,-33],[-13,0],[0,33],[13,0]],[[8362,1968],[12,0],[0,-33],[-12,0],[0,33]],[[9224,1935],[13,0],[0,-64]],[[9237,1871],[-13,0]],[[9224,1871],[0,64]],[[3200,1935],[12,0],[0,-64],[-12,0],[0,-32],[-13,0],[0,64],[13,0],[0,32]],[[3625,1871],[0,-32],[-25,0]],[[3600,1839],[0,32],[-13,0],[0,-32],[-12,0],[0,32],[-13,0],[0,32],[13,0],[0,32],[12,0],[0,-32],[13,0],[0,32],[12,0],[0,-64],[13,0]],[[3500,1871],[12,0],[0,-32],[-12,0],[0,32]],[[3525,1871],[12,0],[0,-32],[-12,0],[0,32]],[[3250,1839],[25,0],[0,-33],[-25,0],[0,33]],[[3337,1871],[13,0],[0,-97],[-13,0],[0,97]],[[8374,1806],[-12,0],[0,-32],[-25,0],[0,65],[37,0],[0,-33]],[[3575,1806],[12,0]],[[3587,1806],[0,-32]],[[3587,1774],[-12,0]],[[3575,1774],[0,32]],[[3587,1806],[13,0]],[[3600,1806],[0,-32]],[[3600,1774],[-13,0]],[[3600,1806],[12,0]],[[3612,1806],[0,-32],[-12,0]],[[8187,1806],[12,0]],[[8199,1806],[0,-32],[-12,0],[0,32]],[[8374,1806],[13,0],[0,-32],[-13,0],[0,32]],[[9137,1806],[12,0],[0,-32],[-12,0],[0,32]],[[3025,1774],[0,-32]],[[3025,1742],[-13,0],[0,32],[13,0]],[[3050,1774],[12,0],[0,-32],[-12,0],[0,32]],[[3012,1871],[13,0]],[[3025,1871],[0,-97]],[[3025,1742],[0,-32]],[[3025,1710],[-25,0]],[[3000,1710],[0,129],[12,0],[0,32]],[[3137,1742],[13,0],[0,-32],[-13,0],[0,32]],[[8224,1742],[13,0]],[[8237,1742],[0,-32]],[[8237,1710],[-13,0]],[[8224,1710],[0,32]],[[9199,1742],[13,0]],[[9212,1742],[0,-65]],[[9212,1677],[-13,0]],[[9199,1677],[0,65]],[[3000,1710],[12,0]],[[3012,1710],[0,-33]],[[3012,1677],[-12,0]],[[3000,1677],[0,33]],[[3025,1710],[12,0],[0,-33],[-12,0],[0,33]],[[8237,1710],[0,-33]],[[8237,1677],[-13,0]],[[8224,1677],[0,33]],[[9049,1710],[-12,0],[0,-33],[-25,0],[0,33],[12,0],[0,32],[25,0],[0,-32]],[[9049,1710],[13,0],[0,-33]],[[9062,1677],[-13,0],[0,33]],[[9274,2000],[0,-97],[-12,0],[0,-97],[-13,0],[0,-129],[-12,0],[0,-32],[-25,0]],[[9212,1645],[0,97]],[[9199,1742],[0,32]],[[9199,1774],[25,0],[0,65],[-25,0],[0,32]],[[9199,1871],[38,0]],[[9224,1935],[0,33]],[[9224,1968],[25,0],[0,32],[25,0]],[[3012,1677],[0,-32]],[[3012,1645],[-12,0]],[[3000,1645],[0,32]],[[5574,1677],[13,0],[0,-32],[-13,0],[0,32]],[[5812,1677],[0,-32],[-13,0]],[[5799,1645],[0,32],[13,0]],[[5887,1968],[25,0]],[[5912,1968],[0,-33],[-13,0],[0,-32],[-25,0],[0,-64],[-12,0],[0,-33],[-13,0],[0,-64],[-12,0],[0,-32],[-25,0],[0,-33]],[[5799,1645],[-12,0],[0,-32],[-13,0],[0,64]],[[5774,1677],[13,0],[0,33],[12,0],[0,32],[13,0],[0,32],[12,0],[0,32],[13,0],[0,33],[-13,0],[0,32],[13,0],[0,32],[25,0],[0,32],[25,0],[0,33]],[[9174,1677],[13,0]],[[9187,1677],[0,-64]],[[9187,1613],[-13,0]],[[9174,1613],[0,64]],[[3537,1645],[13,0]],[[3550,1645],[0,-32],[-13,0],[0,32]],[[8199,1645],[13,0],[0,-32]],[[8212,1613],[-13,0],[0,32]],[[9187,1645],[25,0]],[[9212,1645],[0,-32]],[[9212,1613],[-25,0]],[[9187,1613],[0,32]],[[9212,1645],[12,0],[0,-32],[-12,0]],[[8749,1580],[0,33],[13,0],[0,-33],[-13,0]],[[8812,1613],[12,0],[0,-33],[-12,0],[0,33]],[[3000,1548],[-13,0]],[[2987,1548],[0,32],[13,0],[0,-32]],[[5724,1580],[13,0],[0,-32],[-13,0]],[[5724,1548],[0,32]],[[8224,1580],[13,0],[0,-32],[-13,0],[0,32]],[[8337,1548],[-25,0]],[[8312,1548],[0,32],[25,0],[0,-32]],[[8412,1580],[0,-32]],[[8412,1548],[-13,0]],[[8399,1548],[0,32],[13,0]],[[9199,1580],[13,0]],[[9212,1580],[0,-32],[-13,0],[0,32]],[[8687,3161],[37,0]],[[8737,3161],[12,0]],[[8812,3000],[0,-33],[-38,0],[0,-32],[13,0],[0,-32],[25,0],[0,-32],[12,0],[0,-33],[13,0],[0,-32],[25,0],[0,-32]],[[8862,2774],[25,0],[0,-32],[12,0],[0,32],[13,0],[0,64],[12,0],[0,33]],[[8924,2935],[0,32]],[[8924,3064],[0,32]],[[8937,3129],[0,64]],[[8974,3225],[0,-64],[13,0],[0,-32]],[[8999,3032],[0,-32],[25,0],[0,-97]],[[9024,2903],[-25,0],[0,-32],[25,0],[0,-97],[-12,0]],[[9012,2774],[0,-32],[12,0],[0,-65],[-12,0],[0,-32],[12,0],[0,-32],[13,0],[0,-33],[-13,0],[0,-32],[13,0],[0,-64],[12,0],[0,-33],[25,0],[0,-96],[-25,0],[0,-65],[13,0],[0,-32],[-13,0],[0,-32],[13,0],[0,-33],[12,0],[0,97],[25,0],[0,-32],[-12,0],[0,-32],[37,0],[0,-65],[-12,0],[0,-64],[-25,0],[0,32],[-13,0],[0,32],[-12,0],[0,-32],[-13,0],[0,32],[-12,0],[0,-97],[12,0],[0,33],[13,0],[0,-33],[12,0],[0,-32],[13,0],[0,-32]],[[9087,2000],[25,0],[0,-32],[-13,0],[0,-97],[-25,0],[0,32],[-37,0],[0,-64],[-13,0],[0,-33],[13,0],[0,-32],[12,0],[0,32],[63,0],[0,-32],[-13,0],[0,-32],[-12,0],[0,32],[-13,0],[0,-97],[-12,0]],[[9062,1677],[0,-64],[-25,0],[0,-65],[-25,0],[0,-32]],[[9012,1516],[-63,0]],[[8949,1516],[0,32],[-62,0],[0,32],[-25,0],[0,97],[-13,0],[0,65],[-12,0],[0,-65],[-13,0],[0,-32],[-12,0],[0,-32]],[[8812,1613],[-13,0],[0,32],[-50,0],[0,32],[-12,0],[0,33],[-50,0],[0,-33]],[[8687,1677],[-25,0],[0,33],[-88,0],[0,-33],[-75,0],[0,-32],[-25,0],[0,-32],[-25,0],[0,-33],[-12,0],[0,-32],[-25,0]],[[8412,1548],[0,65]],[[8412,1613],[-25,0],[0,32],[-13,0],[0,-32],[-37,0],[0,32],[-13,0],[0,32],[-12,0],[0,65],[-13,0],[0,32],[-12,0],[0,32],[-13,0],[0,33],[-25,0],[0,32],[-12,0],[0,32],[-13,0],[0,32],[-12,0],[0,33],[-13,0],[0,32],[-37,0]],[[8162,2000],[0,97]],[[8162,2097],[-25,0],[0,32],[-13,0],[0,64],[25,0],[0,33],[-12,0],[0,64],[12,0],[0,65]],[[8212,2451],[0,65],[25,0],[0,32],[37,0]],[[8324,2580],[13,0],[0,33],[25,0],[0,-33]],[[8387,2645],[-13,0],[0,64],[38,0]],[[8387,2742],[0,64],[12,0],[0,-32]],[[8449,2806],[0,129],[13,0],[0,32],[25,0],[0,33],[12,0],[0,32],[50,0],[0,-32],[13,0],[0,-97]],[[8587,2838],[0,162],[12,0],[0,64],[13,0],[0,65],[-13,0],[0,32],[13,0],[0,64],[12,0],[0,-32],[13,0],[0,32],[37,0]],[[8649,3193],[0,-64],[-25,0]],[[8674,3096],[0,65],[-12,0]],[[3300,1742],[25,0],[0,-97],[25,0],[0,-32],[25,0],[0,-65],[12,0],[0,-32],[-25,0],[0,32],[-12,0],[0,32],[-13,0],[0,33],[-25,0],[0,32],[-12,0],[0,32],[12,0],[0,33],[-12,0],[0,32]],[[8224,1613],[0,-33]],[[8224,1580],[-25,0]],[[8199,1580],[0,-64]],[[8199,1516],[-12,0],[0,97],[37,0]],[[9212,1613],[0,-33]],[[9199,1580],[0,-64]],[[9199,1516],[-12,0],[0,97]],[[8199,1548],[13,0]],[[8212,1548],[0,-32],[-13,0]],[[8199,1516],[0,32]],[[5999,5677],[0,-32],[13,0],[0,-33],[12,0]],[[6037,5580],[0,-193],[12,0],[0,-33],[13,0],[0,-32],[12,0],[0,-32],[13,0],[0,-32]],[[6087,5193],[0,32],[12,0],[0,-64],[25,0],[0,-65],[13,0],[0,-32],[-13,0]],[[6162,4935],[37,0]],[[6199,4935],[0,-32]],[[6212,4903],[0,-97],[12,0],[0,-32],[50,0]],[[6274,4806],[38,0],[0,32],[12,0],[0,-32],[13,0],[0,32],[12,0]],[[6362,4838],[37,0],[0,32],[38,0],[0,-32]],[[6424,4838],[0,-129]],[[6412,4709],[0,-97],[-13,0],[0,-64],[-12,0],[0,-65],[-13,0],[0,-64],[-12,0],[0,-32],[-13,0],[0,-65],[-12,0],[0,-32],[-13,0],[0,-32],[-12,0],[0,-65],[-25,0],[0,-32],[-13,0],[0,-32],[-25,0],[0,-33],[-12,0],[0,-32],[-13,0],[0,-32],[-12,0]],[[6212,4032],[0,-32],[-13,0],[0,-33],[-12,0],[0,-32],[-13,0],[0,-32],[-12,0],[0,-65],[-25,0]],[[6137,3806],[-13,0],[0,-64],[-12,0],[0,-162],[-13,0]],[[6099,3613],[-62,0]],[[6087,3419],[12,0],[0,-32]],[[6087,3355],[25,0]],[[6112,3355],[0,-65],[12,0],[0,-32],[13,0],[0,-65],[-13,0],[0,-64],[-12,0]],[[6137,3064],[0,-161]],[[6124,2903],[0,-65]],[[6099,2774],[-12,0]],[[5999,2742],[50,0],[0,-33],[-12,0],[0,-32],[-13,0],[0,-32],[-12,0],[0,-32],[-25,0],[0,-33],[-13,0],[0,-96]],[[5987,2484],[0,-65],[12,0],[0,-97]],[[5999,2290],[0,-32],[-12,0],[0,-32],[-13,0],[0,-33],[-12,0]],[[5949,2193],[-12,0],[0,-32],[-25,0]],[[5924,2129],[0,-97],[-12,0],[0,-32]],[[5899,1968],[-12,0]],[[5774,1677],[0,-97],[-50,0]],[[5724,1548],[-25,0],[0,-32],[-25,0],[0,32],[-50,0],[0,-32],[-50,0],[0,-32],[-37,0]],[[5537,1484],[0,32]],[[5537,1516],[-38,0],[0,97],[-12,0],[0,64],[12,0],[0,33],[-12,0],[0,64],[-13,0],[0,65],[-12,0],[0,64],[-13,0],[0,32],[-12,0],[0,33]],[[5399,2322],[0,65]],[[5324,2903],[0,32],[25,0]],[[5337,2967],[0,97],[12,0],[0,32],[13,0],[0,33],[12,0],[0,96],[-12,0],[0,97],[-13,0],[0,65],[13,0],[0,32],[-13,0],[0,97]],[[5337,3516],[0,97],[-13,0],[0,32]],[[5324,3645],[25,0]],[[5349,3645],[0,-65]],[[5349,3580],[25,0]],[[5399,3451],[-12,0]],[[5387,3387],[12,0]],[[5399,3290],[13,0]],[[5449,3225],[0,-64]],[[5487,3161],[0,-65]],[[5474,3064],[-25,0]],[[5462,2935],[25,0]],[[5862,3387],[0,-32]],[[5812,3677],[0,65]],[[5862,4193],[-38,0]],[[5799,4193],[-25,0]],[[5774,4193],[0,65]],[[5737,4258],[-38,0]],[[5562,4258],[12,0]],[[5574,4225],[-62,0]],[[5512,4225],[0,33]],[[5537,4290],[-63,0]],[[5374,4322],[-37,0]],[[5224,4419],[0,-32]],[[5174,4419],[0,64]],[[5162,4483],[0,129]],[[5049,4677],[-37,0]],[[4962,4612],[-12,0]],[[4850,4741],[-38,0]],[[4812,4774],[-62,0]],[[4750,4741],[-13,0]],[[4712,4645],[0,-65]],[[4687,4677],[-50,0]],[[4587,4741],[-12,0],[0,33],[-13,0]],[[4537,4838],[0,32],[13,0]],[[4525,5000],[0,32],[-13,0],[0,64],[13,0],[0,33],[12,0],[0,32]],[[4550,5193],[62,0]],[[4625,5161],[0,-32]],[[4650,5096],[0,-32]],[[4850,5096],[0,-96]],[[4887,5000],[0,-33]],[[4887,4967],[25,0]],[[4900,5000],[0,32]],[[4887,5032],[0,64]],[[4862,5096],[0,65]],[[4850,5225],[50,0]],[[5937,5129],[-38,0]],[[5899,5096],[38,0]],[[5937,5032],[0,-97]],[[5949,4967],[13,0]],[[5437,4774],[12,0]],[[5524,4612],[0,33]],[[5537,4870],[37,0]],[[5624,4806],[0,97]],[[5699,4709],[-12,0]],[[5737,4709],[-13,0]],[[6062,4483],[0,-64]],[[6062,4419],[37,0]],[[6099,4483],[-37,0]],[[5887,4419],[0,-65]],[[5962,4354],[12,0]],[[5987,4322],[0,65]],[[5937,4419],[-50,0]],[[5887,4000],[0,-129],[-13,0]],[[5874,3871],[0,32]],[[5874,3838],[0,-32]],[[5937,4032],[-25,0]],[[5974,3193],[-12,0]],[[5949,3193],[-12,0]],[[5937,3064],[25,0]],[[5962,3064],[0,-32]],[[5962,3096],[0,65]],[[5962,3161],[25,0]],[[5399,3193],[0,-129]],[[5412,3096],[0,97]],[[8412,1613],[0,-33]],[[8399,1548],[-62,0]],[[8312,1548],[12,0],[0,-32],[-25,0]],[[8299,1516],[0,-32]],[[8299,1484],[-25,0]],[[8274,1484],[0,32],[-12,0],[0,-32]],[[8262,1484],[-50,0],[0,64]],[[8199,1548],[0,32]],[[8224,1613],[-12,0]],[[8199,1645],[0,32],[13,0],[0,33],[-13,0],[0,96]],[[8187,1806],[0,97],[-13,0],[0,65],[-12,0],[0,32]],[[8224,1742],[0,-65]],[[8237,1677],[0,65]],[[9137,1484],[0,64],[12,0],[0,-64],[-12,0]],[[5537,1484],[-13,0],[0,32],[13,0]],[[8274,1484],[-12,0]],[[8299,1516],[13,0],[0,-32],[-13,0]],[[8949,1516],[0,-32],[-25,0],[0,32],[25,0]],[[9012,1516],[25,0],[0,-32],[-25,0],[0,32]],[[2987,1451],[-12,0]],[[2975,1451],[0,33],[12,0],[0,-33]],[[3412,1484],[13,0],[0,-33],[-13,0],[0,33]],[[8824,1484],[13,0]],[[8837,1484],[0,-33]],[[8837,1451],[-13,0],[0,33]],[[9187,1484],[12,0]],[[9199,1484],[0,-33],[-12,0],[0,33]],[[8837,1484],[25,0]],[[8862,1484],[0,-65]],[[8862,1419],[-25,0]],[[8837,1419],[0,65]],[[9124,1484],[13,0]],[[9137,1484],[0,-65]],[[9137,1419],[-13,0]],[[9124,1419],[0,65]],[[3012,1451],[13,0]],[[3025,1451],[0,-32]],[[3025,1419],[-13,0],[0,32]],[[8799,1419],[-12,0],[0,32],[12,0],[0,-32]],[[8899,1451],[38,0],[0,-32],[-38,0],[0,32]],[[3025,1451],[12,0]],[[3037,1451],[0,-64]],[[3037,1387],[-12,0]],[[3025,1387],[0,64]],[[2975,1387],[-13,0]],[[2962,1387],[0,32],[13,0],[0,-32]],[[8799,1419],[25,0],[0,-32],[-25,0],[0,32]],[[3037,1387],[0,-32]],[[3037,1355],[-12,0]],[[3025,1355],[0,32]],[[3062,1322],[-12,0],[0,33],[-13,0]],[[3037,1355],[0,64]],[[3037,1419],[13,0],[0,65],[12,0],[0,-162]],[[9887,1322],[-13,0],[0,65],[-25,0]],[[9849,1387],[0,32],[13,0],[0,32],[12,0],[0,-32],[13,0],[0,-97]],[[9062,1355],[12,0],[0,-33],[13,0],[0,-32],[-25,0],[0,65]],[[8874,1322],[13,0]],[[8887,1322],[0,-32],[-13,0],[0,32]],[[3000,1387],[25,0]],[[3025,1387],[0,-129]],[[3025,1258],[-25,0]],[[3000,1258],[0,129]],[[3062,1322],[0,-64]],[[3062,1258],[-12,0],[0,32],[-13,0]],[[3037,1290],[0,65]],[[3062,1322],[25,0],[0,33],[-12,0],[0,96],[12,0],[0,-32],[38,0],[0,-64],[-13,0],[0,-33],[-12,0],[0,-32],[-13,0],[0,-32],[-25,0]],[[3162,1258],[-37,0],[0,32],[12,0],[0,65],[25,0],[0,-97]],[[3175,1258],[0,32],[25,0],[0,-32],[-25,0]],[[8912,1258],[-13,0]],[[8899,1258],[0,32],[13,0],[0,-32]],[[9137,1290],[12,0],[0,-32],[-12,0]],[[9137,1258],[0,32]],[[9037,2774],[0,-129]],[[9037,2645],[62,0],[0,-65]],[[9099,2580],[25,0]],[[9162,2451],[12,0],[0,-32],[13,0]],[[9187,2419],[0,-97]],[[9187,2322],[25,0],[0,-32],[12,0],[0,-32],[13,0],[0,-32],[12,0]],[[9237,2032],[37,0]],[[9274,2032],[0,-32]],[[9224,1968],[0,-97]],[[9224,1871],[-25,0]],[[9199,1774],[0,-97]],[[9212,1677],[0,-32]],[[9187,1645],[0,32]],[[9174,1677],[0,-97]],[[9174,1580],[-12,0],[0,-32],[12,0],[0,-64],[-12,0],[0,-33],[-13,0],[0,-96],[-25,0],[0,32],[-12,0],[0,32]],[[9112,1419],[25,0]],[[9137,1484],[-38,0]],[[9099,1484],[0,-33],[-12,0],[0,-64],[-38,0],[0,-32],[-12,0],[0,-97]],[[9037,1258],[-25,0]],[[9012,1258],[0,97]],[[9012,1355],[-38,0],[0,-33],[13,0],[0,-32],[12,0],[0,-32],[-37,0],[0,32],[-25,0],[0,-64]],[[8937,1226],[-13,0],[0,32],[-12,0]],[[8899,1258],[-12,0],[0,64]],[[8874,1322],[0,97],[-12,0]],[[8862,1484],[-38,0]],[[8837,1451],[0,-32]],[[8837,1419],[-38,0]],[[8799,1419],[0,97],[13,0],[0,32],[-25,0],[0,-64],[-38,0],[0,96]],[[8749,1580],[-12,0],[0,33],[-13,0],[0,32],[-12,0],[0,32],[-25,0]],[[9024,2903],[0,64],[13,0],[0,-161]],[[2975,1355],[0,-65]],[[2975,1290],[-13,0]],[[2962,1290],[0,-64],[-12,0]],[[2950,1226],[0,129],[25,0]],[[3162,1258],[13,0]],[[3175,1258],[0,-32]],[[3175,1226],[-13,0],[0,32]],[[9012,1258],[12,0]],[[9024,1258],[0,-32]],[[9024,1226],[-12,0]],[[9012,1226],[0,32]],[[9087,1258],[12,0],[0,-32],[-12,0]],[[9087,1226],[0,32]],[[9012,1355],[0,-129]],[[9012,1226],[-13,0],[0,-33]],[[8999,1193],[-25,0]],[[8974,1193],[0,33]],[[8974,1226],[-37,0]],[[3175,1226],[12,0]],[[3187,1226],[0,-33]],[[3187,1193],[-12,0],[0,33]],[[8974,1193],[-12,0],[0,33],[12,0]],[[9049,1226],[0,-33]],[[9049,1193],[-12,0],[0,33],[12,0]],[[9074,1226],[13,0]],[[9087,1226],[0,-33],[-13,0],[0,33]],[[9962,1290],[-13,0],[0,-32],[-12,0],[0,-32],[-13,0],[0,-33],[-25,0],[0,-32],[-12,0],[0,129]],[[9887,1290],[37,0],[0,32],[38,0],[0,-32]],[[9199,1516],[0,-32]],[[9187,1484],[0,-65],[-13,0],[0,-129],[-37,0]],[[9137,1258],[-50,0]],[[9074,1226],[0,-65],[-12,0],[0,32],[-13,0]],[[9049,1226],[-25,0]],[[9024,1258],[13,0]],[[9099,1484],[25,0]],[[9124,1419],[-12,0]],[[9174,1580],[0,33]],[[2950,1193],[12,0],[0,-32]],[[2962,1161],[-12,0]],[[2950,1161],[0,32]],[[3000,1161],[0,32],[12,0],[0,-32],[-12,0]],[[8999,1193],[13,0],[0,-32]],[[9012,1161],[-13,0]],[[8999,1161],[0,32]],[[3187,1226],[13,0]],[[3200,1226],[0,-33],[12,0]],[[3212,1193],[0,-64]],[[3212,1129],[-12,0],[0,32],[-13,0]],[[3187,1161],[0,65]],[[8999,1193],[0,-64]],[[8999,1129],[-12,0]],[[8987,1129],[0,64],[12,0]],[[3087,1161],[0,-32],[-37,0],[0,32],[37,0]],[[9112,1161],[0,-32]],[[9112,1129],[-13,0]],[[9099,1129],[0,32],[13,0]],[[9112,1161],[12,0],[0,-32]],[[9124,1129],[-12,0]],[[2962,1161],[38,0]],[[3000,1161],[0,-64],[-13,0],[0,32],[-25,0],[0,32]],[[3037,1161],[0,-64]],[[3037,1097],[-12,0],[0,64],[12,0]],[[2950,1097],[-13,0]],[[2937,1097],[0,32],[13,0],[0,-32]],[[8999,1129],[0,-32]],[[8999,1097],[-12,0],[0,32]],[[3212,1129],[0,-32]],[[3212,1097],[13,0],[0,-33]],[[3225,1064],[-25,0]],[[3200,1064],[0,33],[-13,0]],[[3187,1097],[0,64]],[[9124,1129],[0,-65]],[[9124,1064],[-12,0]],[[9112,1064],[0,65]],[[9037,1097],[12,0],[0,-33],[-12,0]],[[9037,1064],[0,33]],[[9087,1097],[0,-33]],[[9087,1064],[-13,0]],[[9074,1064],[0,33],[13,0]],[[9087,1097],[12,0],[0,-33]],[[9099,1064],[-12,0]],[[3037,1097],[13,0],[0,-65],[-13,0]],[[3037,1032],[0,65]],[[3200,1064],[0,-32]],[[3200,1032],[-13,0],[0,32],[13,0]],[[3200,1064],[12,0]],[[3212,1064],[0,-32]],[[3212,1032],[-12,0]],[[3212,1064],[13,0]],[[3225,1064],[0,-32]],[[3225,1032],[-13,0]],[[3225,1064],[25,0],[0,-32]],[[3250,1032],[-25,0]],[[3275,1064],[0,-32],[-13,0]],[[3262,1032],[0,32],[13,0]],[[9062,1064],[12,0]],[[9074,1064],[0,-32],[-12,0],[0,32]],[[9112,1129],[0,-97]],[[9112,1032],[-25,0],[0,32]],[[9099,1064],[0,65]],[[9824,1032],[-12,0]],[[9812,1032],[0,32],[12,0],[0,-32]],[[9887,1322],[0,33],[12,0],[0,-33],[13,0],[0,-32],[-25,0]],[[9962,1290],[0,-64],[-13,0],[0,-65],[-25,0],[0,-64],[-12,0],[0,-33],[-13,0],[0,-32],[-12,0],[0,-32],[-38,0],[0,129],[-12,0],[0,32],[-13,0],[0,65],[13,0],[0,32],[12,0],[0,64],[-12,0],[0,33],[-13,0],[0,64],[-12,0],[0,32],[-13,0],[0,33],[-12,0],[0,64],[25,0],[0,-32],[37,0],[0,-129]],[[3025,1032],[12,0]],[[3037,1032],[0,-32]],[[3037,1000],[-12,0]],[[3025,1000],[0,32]],[[9762,1032],[0,-32],[-13,0]],[[9749,1000],[0,32],[13,0]],[[9037,1064],[25,0]],[[9112,1032],[0,32]],[[9124,1064],[0,-64]],[[9124,1000],[-25,0],[0,-32]],[[9099,968],[-12,0],[0,32]],[[9087,1000],[-38,0]],[[9049,1000],[0,-32],[-12,0]],[[9037,968],[0,64]],[[9037,1032],[-13,0]],[[9024,1032],[0,65],[13,0]],[[9062,1000],[12,0]],[[9074,1000],[0,-32]],[[9074,968],[-12,0]],[[9062,968],[0,32]],[[9124,1000],[0,-32]],[[9124,968],[-25,0]],[[9012,1161],[0,-32],[12,0],[0,-97]],[[9037,1032],[0,-97],[-13,0],[0,65],[-12,0],[0,97],[-13,0]],[[8999,1097],[0,64]],[[3212,1000],[0,-65],[-12,0]],[[3200,935],[0,65],[12,0]],[[2937,935],[-12,0]],[[2925,935],[0,33],[12,0],[0,-33]],[[2987,968],[25,0],[0,-33],[-25,0],[0,33]],[[3025,968],[12,0],[0,-33],[-12,0]],[[3025,935],[0,33]],[[3175,968],[12,0],[0,-33],[-12,0],[0,33]],[[9074,968],[0,-33]],[[9074,935],[-12,0]],[[9062,935],[0,33]],[[9099,968],[13,0]],[[9112,968],[0,-33]],[[9112,935],[-13,0],[0,33]],[[9112,968],[12,0]],[[9124,968],[0,-33],[-12,0]],[[2962,935],[13,0],[0,-32],[-13,0],[0,32]],[[3025,1000],[50,0]],[[3075,1000],[0,-32],[12,0],[0,-33],[-37,0],[0,-32]],[[3050,903],[-25,0]],[[3025,903],[0,32]],[[3025,968],[0,32]],[[9824,1032],[0,65],[13,0],[0,-33],[12,0],[0,-96],[-12,0],[0,32]],[[9837,1000],[-50,0],[0,-32],[-13,0],[0,-33],[-25,0],[0,-32],[-25,0],[0,-32],[-12,0]],[[9712,871],[0,64],[25,0],[0,33],[12,0],[0,32]],[[9762,1032],[12,0],[0,65],[13,0],[0,32],[25,0],[0,-97]],[[9037,903],[12,0],[0,-32]],[[9049,871],[-12,0],[0,32]],[[9049,1000],[13,0]],[[9062,1000],[0,-65]],[[9074,935],[0,65]],[[9074,1000],[13,0]],[[9112,935],[0,-64],[-25,0],[0,-32],[-13,0]],[[9074,839],[0,32]],[[9074,871],[-25,0]],[[9037,903],[0,65]],[[9074,839],[-12,0],[0,32],[12,0]],[[2812,4096],[25,0]],[[2837,4096],[0,-161]],[[2800,3742],[0,32]],[[2800,3613],[37,0]],[[2875,3355],[0,-33]],[[2887,3290],[13,0]],[[2900,3290],[0,-97]],[[3000,3064],[0,32]],[[3012,3064],[25,0]],[[3037,3032],[25,0]],[[3062,3032],[0,-65]],[[3087,2967],[0,-64]],[[3112,2806],[50,0]],[[3212,2709],[0,-129]],[[3212,2580],[-25,0]],[[3187,2516],[25,0]],[[3212,2516],[0,-97]],[[3275,2290],[0,-64]],[[3300,2193],[0,33]],[[3300,2322],[12,0]],[[3312,2322],[0,97]],[[3312,2419],[25,0]],[[3337,2419],[0,97]],[[3312,2613],[0,-33]],[[3287,2580],[0,97]],[[3312,2742],[25,0]],[[3337,2709],[13,0]],[[3350,2677],[37,0]],[[3362,2742],[-12,0]],[[3400,2806],[-13,0]],[[3375,2838],[0,-64]],[[3387,2742],[13,0]],[[3425,2742],[0,64]],[[3425,2806],[-13,0]],[[3450,3000],[50,0]],[[3500,3000],[0,32]],[[3500,3032],[37,0]],[[3537,3064],[25,0]],[[3575,3193],[37,0]],[[3600,3225],[0,33]],[[3600,3290],[0,32]],[[3775,3484],[12,0]],[[3800,3516],[0,32]],[[3800,3838],[12,0]],[[3825,3838],[12,0]],[[3837,3806],[75,0],[0,-32],[25,0],[0,-65]],[[3937,3709],[25,0],[0,-32],[13,0]],[[3975,3645],[50,0],[0,-32],[12,0],[0,-258],[-12,0],[0,-65],[-13,0],[0,-32],[-12,0],[0,-33],[-13,0],[0,-32],[-12,0],[0,-32],[-13,0],[0,32]],[[3862,3193],[0,-32]],[[3850,3129],[-13,0]],[[3837,3096],[-12,0]],[[3825,3096],[0,-64]],[[3812,3032],[0,-129]],[[3800,2903],[0,-32]],[[3712,2677],[0,65]],[[3687,2742],[0,-33]],[[3587,2903],[0,-32]],[[3525,2742],[87,0]],[[3612,2742],[0,-65]],[[3612,2677],[-25,0]],[[3587,2677],[0,-64]],[[3587,2613],[75,0]],[[3662,2613],[0,-65]],[[3662,2548],[-100,0]],[[3550,2516],[0,-65]],[[3537,2451],[0,33]],[[3487,2193],[0,-32]],[[3487,2161],[-25,0]],[[3475,2000],[0,-32]],[[3512,2032],[0,97]],[[3500,2161],[12,0]],[[3637,1968],[0,-65],[-12,0],[0,-32]],[[3600,1839],[12,0],[0,-33]],[[3612,1806],[-37,0]],[[3575,1774],[25,0]],[[3600,1774],[0,-32],[-13,0],[0,-32],[-25,0],[0,-33],[-12,0],[0,-32]],[[3537,1645],[0,-65],[-12,0],[0,-32],[-13,0],[0,-32],[-12,0],[0,-32],[-88,0]],[[3412,1484],[0,-65],[25,0],[0,-97],[-12,0],[0,-32],[-13,0],[0,-32],[-12,0],[0,-32],[-38,0],[0,-33],[-75,0],[0,-64],[-12,0],[0,-65]],[[3262,1032],[-12,0]],[[3212,1097],[0,96]],[[3200,1226],[-25,0]],[[3187,1193],[0,-96]],[[3200,1032],[0,-97]],[[3212,1000],[25,0],[0,-97],[-37,0],[0,-32],[-13,0],[0,-65]],[[3187,806],[-25,0]],[[3162,806],[0,33],[-12,0],[0,32],[-25,0],[0,32],[12,0],[0,32],[13,0],[0,65],[12,0],[0,32],[13,0],[0,65],[-13,0],[0,32],[-37,0],[0,64],[-25,0],[0,-32],[-13,0]],[[3087,1161],[0,32],[-12,0],[0,33],[-13,0],[0,32]],[[3037,1419],[0,32]],[[3037,1451],[-25,0]],[[3025,1419],[0,-32]],[[3000,1387],[0,-97]],[[3000,1290],[-25,0]],[[2975,1355],[-13,0],[0,32]],[[2975,1387],[0,64]],[[2987,1451],[0,97]],[[3000,1548],[0,97]],[[3012,1645],[0,65]],[[3012,1710],[13,0]],[[3025,1710],[0,161]],[[3012,1871],[0,129]],[[3025,2000],[0,193],[12,0],[0,226]],[[3050,2516],[0,97]],[[3037,2613],[0,64],[-12,0],[0,32],[-13,0],[0,33],[-12,0],[0,32],[-25,0],[0,32],[-25,0]],[[2950,2838],[-25,0],[0,33],[-25,0],[0,64],[-13,0]],[[2875,2967],[0,65],[-13,0],[0,97]],[[2850,3129],[0,32],[-13,0],[0,64],[-12,0],[0,65],[-13,0],[0,65],[-12,0],[0,64],[-13,0],[0,32],[-12,0],[0,65],[-25,0],[0,32],[-13,0],[0,32]],[[2737,3613],[0,129],[13,0],[0,32],[12,0],[0,32],[-12,0]],[[2750,3806],[0,65]],[[2800,3903],[0,129]],[[3637,3484],[0,-33]],[[3625,3387],[25,0]],[[3762,3355],[0,-33]],[[3775,3387],[-25,0]],[[3587,2967],[25,0]],[[3612,2967],[0,97]],[[3475,2806],[0,-32]],[[3475,2742],[0,-129]],[[3100,2129],[-13,0]],[[3100,2064],[25,0]],[[3087,1968],[0,-33]],[[3100,1935],[0,129]],[[87,871],[25,0],[0,-65],[-12,0],[0,33],[-13,0],[0,32]],[[3037,871],[0,-65]],[[3037,806],[-12,0]],[[3025,806],[0,33]],[[3025,839],[-13,0],[0,32],[25,0]],[[3187,806],[0,33],[13,0],[0,-33],[-13,0]],[[9699,839],[-25,0],[0,-33],[-25,0]],[[9649,806],[0,33],[13,0],[0,32],[37,0],[0,-32]],[[3187,806],[0,-32],[-25,0],[0,32]],[[3162,806],[-12,0],[0,-32],[-13,0],[0,32],[-25,0],[0,-32],[-12,0],[0,-32],[-38,0],[0,32],[-37,0]],[[3025,774],[0,32]],[[3037,806],[0,97]],[[3037,903],[13,0]],[[3075,1000],[-38,0]],[[3037,1097],[0,193]],[[3012,742],[13,0]],[[3025,742],[0,-32]],[[3025,710],[-13,0]],[[3012,710],[0,32]],[[9649,806],[0,-129]],[[9649,677],[-37,0],[0,65],[12,0],[0,32],[13,0],[0,32],[12,0]],[[3125,742],[12,0],[0,-65]],[[3137,677],[-25,0],[0,33],[13,0],[0,32]],[[9837,1000],[0,-65],[-13,0],[0,-32],[-12,0],[0,-64],[-38,0],[0,-33],[-12,0],[0,-64],[-13,0],[0,-65],[-25,0],[0,-32],[-62,0]],[[9662,645],[0,32],[-13,0]],[[9699,839],[0,64],[13,0],[0,-32]],[[3000,677],[12,0]],[[3012,677],[0,-32]],[[3012,645],[-12,0]],[[3000,645],[0,32]],[[2950,677],[25,0],[0,-64],[-13,0],[0,-32],[-12,0],[0,96]],[[9662,645],[12,0],[0,-32],[-12,0],[0,-32],[-13,0],[0,96]],[[3175,645],[12,0],[0,-64],[-12,0],[0,64]],[[3025,613],[25,0],[0,-65],[-13,0],[0,33],[-12,0],[0,32]],[[3100,613],[25,0],[0,-32],[-13,0],[0,-33],[-12,0],[0,65]],[[3000,581],[12,0],[0,-33],[-12,0],[0,33]],[[3150,581],[12,0],[0,-33],[-12,0],[0,33]],[[2900,516],[-13,0]],[[2887,516],[0,32],[13,0],[0,-32]],[[3037,1355],[0,-194]],[[3025,1032],[0,-129]],[[3025,903],[12,0]],[[3037,903],[0,-32]],[[3025,839],[0,-97]],[[3012,742],[0,-65]],[[3000,677],[0,-96]],[[3000,581],[-13,0],[0,-97],[-12,0]],[[2975,484],[0,64],[-25,0],[0,-64]],[[2950,484],[-50,0]],[[2900,484],[0,129],[-13,0],[0,64],[13,0],[0,33],[12,0],[0,32],[13,0],[0,32],[-13,0],[0,129],[13,0],[0,32]],[[2937,935],[0,162]],[[2950,1097],[0,64]],[[2950,1193],[0,33]],[[2962,1290],[38,0]],[[3000,1290],[0,-32]],[[3025,1258],[0,97]],[[2975,484],[-25,0]],[[2900,516],[0,-64]],[[2900,452],[-13,0],[0,64]],[[2950,484],[0,-65],[-13,0],[0,-32]],[[2937,387],[-12,0],[0,32],[-13,0],[0,33],[-12,0]],[[2900,452],[0,32]],[[3012,710],[25,0]],[[3037,710],[0,-33],[-12,0],[0,-32],[25,0],[0,32],[12,0],[0,-64],[13,0],[0,32],[25,0],[0,-32]],[[3100,613],[-13,0],[0,-65],[-12,0],[0,-32],[12,0],[0,-32],[13,0],[0,-32],[-13,0],[0,-33],[-25,0],[0,65],[-12,0],[0,32],[-13,0],[0,-97],[-12,0],[0,33],[-13,0],[0,32],[-12,0],[0,-97]],[[3000,387],[-13,0]],[[2987,387],[0,32]],[[2987,419],[-12,0]],[[2975,419],[0,65]],[[3000,581],[0,64]],[[3012,645],[0,65]],[[3112,387],[-12,0]],[[3100,387],[0,32],[12,0],[0,-32]],[[2962,419],[25,0]],[[2987,419],[0,-64]],[[2987,355],[-12,0]],[[2975,355],[0,32],[-13,0],[0,32]],[[2937,387],[13,0]],[[2950,387],[0,-32]],[[2950,355],[-13,0],[0,32]],[[3000,387],[12,0],[0,-32],[-12,0]],[[3000,355],[0,32]],[[3100,387],[0,-32],[-13,0]],[[3087,355],[0,32],[13,0]],[[2975,419],[-13,0]],[[2975,355],[-13,0],[0,-32]],[[2962,323],[-12,0]],[[2950,323],[0,64]],[[2975,355],[0,-32]],[[2975,323],[-13,0]],[[3000,387],[0,-64]],[[3000,323],[-25,0]],[[2987,355],[0,32]],[[3087,355],[0,-32]],[[3087,323],[-12,0],[0,32],[12,0]],[[2900,323],[12,0]],[[2912,323],[0,-33]],[[2912,290],[-12,0]],[[2900,290],[0,33]],[[2962,323],[0,-33],[-12,0]],[[2950,290],[0,33]],[[3087,323],[13,0],[0,-33]],[[3100,290],[-13,0],[0,33]],[[2950,355],[0,-97]],[[2950,258],[-13,0]],[[2937,258],[0,65]],[[2937,323],[-12,0],[0,32],[-25,0]],[[2900,355],[0,97]],[[2912,290],[0,-32],[-12,0],[0,32]],[[3062,290],[13,0],[0,-32],[-13,0],[0,32]],[[2937,323],[0,-97]],[[2937,226],[-25,0]],[[2912,226],[0,97]],[[2900,323],[0,32]],[[3312,355],[38,0],[0,-32],[12,0],[0,32],[13,0],[0,-32],[25,0],[0,-33],[-13,0],[0,-32],[-25,0],[0,-32],[-25,0],[0,32],[-12,0],[0,-32],[-25,0],[0,97],[12,0],[0,32]],[[3112,226],[-12,0]],[[3100,226],[0,32],[12,0],[0,-32]],[[2912,226],[38,0]],[[2950,226],[0,-32],[-13,0]],[[2937,194],[0,-33],[-12,0],[0,33],[-13,0],[0,32]],[[2975,323],[0,-65]],[[2975,258],[12,0]],[[2987,258],[0,-32],[-25,0],[0,-65],[-12,0],[0,-32]],[[2950,129],[-13,0],[0,65]],[[2950,226],[-13,0]],[[2937,226],[0,32]],[[2950,258],[0,32]],[[2950,129],[75,0],[0,-32]],[[3025,97],[-75,0],[0,32]],[[3012,97],[0,-32]],[[3012,65],[-25,0],[0,32],[25,0]],[[3012,97],[13,0]],[[3025,97],[0,-32]],[[3025,65],[-13,0]],[[3075,65],[-25,0]],[[3050,65],[0,32],[25,0],[0,-32]],[[3212,97],[13,0],[0,-32],[-13,0],[0,32]],[[3162,806],[0,-64],[-37,0]],[[3137,677],[0,-32],[38,0]],[[3175,645],[0,-129],[-25,0],[0,-32],[-25,0],[0,-97],[-13,0]],[[3100,290],[0,-64]],[[3112,226],[0,-65],[25,0],[0,-32],[25,0],[0,-32],[25,0]],[[3187,97],[0,-65],[-12,0]],[[3175,32],[0,33],[-13,0],[0,-33]],[[3162,32],[-37,0]],[[3125,32],[0,65],[-25,0],[0,32],[-13,0],[0,32],[-25,0],[0,33],[25,0],[0,32],[-37,0],[0,-32],[-13,0],[0,-33],[-12,0],[0,33],[-13,0],[0,64]],[[3012,258],[-37,0]],[[3000,323],[0,32]],[[3037,710],[-12,0]],[[3025,710],[0,64]],[[2987,258],[25,0]],[[3125,32],[-13,0],[0,33]],[[3112,65],[-37,0]],[[3050,65],[-13,0]],[[3037,65],[0,32]],[[3037,97],[-12,0]],[[3037,97],[0,-65]],[[3037,32],[-12,0]],[[3025,32],[0,65]],[[3187,97],[25,0]],[[3212,97],[0,-65],[-12,0],[0,33],[-13,0],[0,32]],[[3025,65],[0,-33]],[[3025,32],[-13,0],[0,33]],[[3175,32],[-13,0]],[[3037,65],[75,0]],[[3125,32],[0,-32],[-63,0]],[[3062,0],[0,32]],[[3062,32],[-25,0]],[[3037,32],[0,33]],[[3062,0],[-12,0],[0,32],[12,0]]]}